/opt/sglang/lib/python3.12/site-packages/transformer_engine/__init__.py:103: RuntimeWarning: Detected a Jax installation but could not find the shared object file for the Transformer Engine Jax extension library. If this is not intentional, please reinstall Transformer Engine with `pip install transformer_engine[jax]` or build from source with `NVTE_FRAMEWORK=jax`.
  warnings.warn(
Flax classes are deprecated and will be removed in Diffusers v1.0.0. We recommend migrating to PyTorch classes or pinning your version of Diffusers.
Flax classes are deprecated and will be removed in Diffusers v1.0.0. We recommend migrating to PyTorch classes or pinning your version of Diffusers.
WARNING:megatron.bridge.models.muse_glimmer:Muse Glimmer Hugging Face classes are unavailable with transformers 5.12.1. Upgrade transformers to a version that supports Muse Glimmer.
WARNING:miles_plugins.models.qwen3_vl:megatron-bridge Qwen3VLModel lacks native CP-local vision-embed selection; CP runs with vision tokens will mis-place vision embeddings. Apply the matching Megatron-Bridge patch (radixark/Megatron-Bridge PR #9).
/opt/sglang/lib/python3.12/site-packages/megatron/bridge/models/qwen/qwen3_bridge.py:45: FutureWarning: Qwen3Bridge.provider_bridge() and AutoBridge.to_megatron_provider() are deprecated for builder-backed models. Use AutoBridge.get_model_config() for training recipes or AutoBridge.get_model() to construct a model. Legacy provider support will be removed in a future release.
  provider = super().provider_bridge(hf_pretrained)
[transformers] `torch_dtype` is deprecated! Use `dtype` instead!
/root/Megatron-LM/megatron/core/transformer/transformer_config.py:3249: UserWarning: full scope is deprecated. Use empty cuda_graph_modules to capture the whole layer.
  warnings.warn(
[2026-09-29 17:58:58.308 main] arguments.py:49 - --tokenizer-model not set, use --hf-checkpoint as tokenizer model.
[2026-09-29 17:58:58.361 main] arguments.py:152 - MoE-expert LoRA layout: per-expert (--experts-shared-outer-loras).
[2026-09-29 17:58:58.361 main] arguments.py:3616 - Colocate mode: defaulting --sglang-cuda-graph-backend-prefill=disabled to avoid NVLS OOM. Set --sglang-cuda-graph-backend-prefill explicitly to override.
[2026-09-29 17:58:58.361 main] arguments.py:3626 - rollout_num_gpus None != actor_num_gpus_per_node 1 * actor_num_nodes 1, overriding rollout_num_gpus to match actor_num_gpus_per_node * actor_num_nodes.
[2026-09-29 17:58:58.361 main] arguments.py:3858 - args.eval_max_context_len is not set. Use args.rollout_max_context_len 1024 as default value.
[2026-09-29 17:58:58.362 main] arguments.py:3866 - args.rollout_max_prompt_len is not set. Use args.rollout_max_context_len - 1 (1024 - 1) as default value so that there is at least one generated token to compute loss.
/root/Megatron-LM/megatron/core/_rank_utils.py:39: UserWarning: Could not determine rank from torch.distributed, RANK, or SLURM_PROCID. Defaulting to rank 0.
  warnings.warn(
WARNING: Inferring the appropriate argparse argument type from <class 'megatron.core.transformer.transformer_config.TransformerConfig'> failed for pad_packed_seq_alignment: typing.Union[int, typing.Literal['max'], NoneType].
Deferring to attribute metadata. If the metadata is incomplete, 'parser.add_argument()' may fail.
Original failure: Unions not supported by argparse: typing.Union[int, typing.Literal['max'], NoneType]
using world size: 1, data-parallel size: 1, context-parallel size: 1, hierarchical context-parallel sizes: None, tensor-model-parallel size: 1, pipeline-model-parallel size: 1
Number of virtual stages per pipeline stage: None
using torch.bfloat16 for parameters ...
------------------------ arguments ------------------------
  _is_global_batch_size_explicitly_specified ...... True
  account_for_embedding_in_pipeline_split ......... False
  account_for_loss_in_pipeline_split .............. False
  accumulate_allreduce_grads_in_fp32 .............. True
  activation_func_clamp_shared_expert ............. True
  activation_func_clamp_value ..................... None
  activation_offload_fraction ..................... 1.0
  actor_num_gpus_per_node ......................... 1
  actor_num_nodes ................................. 1
  adam_beta1 ...................................... 0.9
  adam_beta2 ...................................... 0.999
  adam_eps ........................................ 1e-08
  add_bias_linear ................................. False
  add_position_embedding .......................... True
  add_qkv_bias .................................... False
  adlr_autoresume ................................. False
  adlr_autoresume_interval ........................ 1000
  advantage_estimator ............................. grpo
  align_grad_reduce ............................... True
  align_param_gather .............................. False
  allgather_cp .................................... False
  allow_ambiguous_pad_tokens ...................... False
  allow_partial_train_step ........................ False
  api_server_host ................................. 127.0.0.1
  api_server_port ................................. 0
  app_tag_run_name ................................ None
  app_tag_run_version ............................. 0.0.0
  apply_chat_template ............................. True
  apply_chat_template_kwargs ...................... {'enable_thinking': False}
  apply_dsa_kernel_fusion ......................... None
  apply_query_key_layer_scaling ................... False
  apply_residual_connection_post_layernorm ........ False
  apply_rope_fusion ............................... True
  apply_wd_to_qk_layernorm ........................ False
  async_ckpt_cpu_priority ......................... 10
  async_ckpt_io_priority .......................... 3
  async_ckpt_use_cpu_shm .......................... False
  async_data_buffer_capacity_factor ............... 2.0
  async_max_concurrent_samples .................... None
  async_save ...................................... False
  async_strategy .................................. mcore
  async_unused_samples_handler .................... drop
  attention_backend ............................... AttnBackend.unfused
  attention_dropout ............................... 0.1
  attention_output_gate ........................... False
  attention_softmax_in_fp32 ....................... True
  auto_detect_ckpt_format ......................... False
  balance_by_flops ................................ False
  balance_data .................................... True
  barrier_with_L1_time ............................ True
  batch_invariant_mode ............................ False
  bert_binary_head ................................ True
  bert_embedder_type .............................. megatron
  bert_load ....................................... None
  beta_fast ....................................... 32
  beta_slow ....................................... 1
  bf16 ............................................ True
  bias_dropout_fusion ............................. True
  bias_gelu_fusion ................................ False
  bias_swiglu_fusion .............................. True
  biencoder_projection_dim ........................ 0
  biencoder_shared_query_context_model ............ False
  block_data_path ................................. None
  buffer_filter_path .............................. yeto.rl.engine.miles_adapter.rollout_meta_hook.policy_buffer_filter
  cache_mla_latents ............................... False
  calc_ft_timeouts ................................ False
  calculate_per_token_loss ........................ False
  chat_template ................................... None
  chat_template_path .............................. None
  check_for_large_grads ........................... False
  check_for_nan_in_loss_and_grad .................. True
  check_for_spiky_loss ............................ False
  check_lora_weight_equal ......................... False
  check_rematerialize_param_from_master_weight .... False
  check_weight_hash_across_dp_replicas_interval ... None
  check_weight_update_allow_quant_error ........... False
  check_weight_update_equal ....................... False
  check_weight_update_selector .................... all
  check_weight_update_skip_list ................... None
  chunked_optimizer_state_offload ................. False
  ci_check_model_hash ............................. False
  ci_disable_kl_checker ........................... False
  ci_disable_logprobs_checker ..................... False
  ci_disable_weight_update_checker ................ False
  ci_enable_metrics_capture ....................... False
  ci_ft_test_actions .............................. None
  ci_ft_test_actions_path ......................... None
  ci_inject_rollout_data_min_match_ratio .......... 0.9
  ci_inject_rollout_data_path ..................... None
  ci_inject_rollout_data_start_rollout_id ......... None
  ci_load_grad_norm ............................... None
  ci_metric_checker_expect_num .................... None
  ci_metric_checker_key ........................... None
  ci_metric_checker_threshold ..................... None
  ci_save_grad_norm ............................... None
  ci_save_model_hash .............................. False
  ci_test ......................................... False
  ci_tito_special_token_count_threshold ........... 0.0
  ckpt_assume_constant_structure .................. False
  ckpt_convert_format ............................. None
  ckpt_convert_save ............................... None
  ckpt_convert_update_legacy_dist_opt_format ...... False
  ckpt_format ..................................... torch_dist
  ckpt_fully_parallel_load ........................ False
  ckpt_fully_parallel_load_exchange_algo .......... broadcast
  ckpt_fully_parallel_load_process_group .......... dp
  ckpt_fully_parallel_save ........................ True
  ckpt_fully_parallel_save_deprecated ............. False
  ckpt_fully_parallel_save_process_group .......... dp
  ckpt_load_validate_sharding_integrity ........... True
  ckpt_step ....................................... None
  classes_fraction ................................ 1.0
  clear_quantized_weight_workspaces_on_offload .... True
  clip_grad ....................................... 1.0
  clone_scatter_output_in_embedding ............... True
  cluster_backend ................................. ray
  colocate ........................................ True
  colocate_memory_peak_device ..................... cpu
  compress_ratios ................................. None
  compute_advantages_and_returns .................. True
  config_logger_dir ............................... 
  consumed_train_samples .......................... 0
  consumed_valid_samples .......................... 0
  context_parallel_size ........................... 1
  cp_comm_type .................................... ['p2p']
  cp_partition_mode ............................... zigzag
  cpu_offloading_num_layers ....................... 0
  cpu_offloading_retain_pinned_cpu_buffers ........ False
  create_all_gather_group ......................... False
  create_attention_mask_in_dataloader ............. True
  critic_load ..................................... /root/.cache/huggingface/hub/models--Qwen--Qwen3-0.6B/snapshots/c1899de289a04d12100db370d81485cdf75e47ca
  critic_lr ....................................... 1e-05
  critic_lr_warmup_iters .......................... 0
  critic_num_gpus_per_node ........................ None
  critic_num_nodes ................................ None
  critic_save ..................................... /work/out/entropy/native-checkpoint_critic
  cross_entropy_fusion_impl ....................... native
  cross_entropy_loss_fusion ....................... False
  csa_compress_ratios ............................. None
  csa_compress_rotary_base ........................ 40000.0
  csa_dense_mode .................................. False
  csa_window_size ................................. 128
  cuda_graph_dynamic_microbatches ................. False
  cuda_graph_impl ................................. none
  cuda_graph_modules .............................. []
  cuda_graph_warmup_steps ......................... 3
  custom_async_data_buffer_path ................... None
  custom_config_path .............................. None
  custom_convert_samples_to_train_data_path ....... None
  custom_eval_rollout_log_function_path ........... None
  custom_generate_function_path ................... None
  custom_inference_engine_provider_path ........... miles.ray.specs.inference.backend_inference_engine_provider
  custom_loss_function_path ....................... None
  custom_megatron_before_log_prob_hook_path ....... None
  custom_megatron_before_train_step_hook_path ..... None
  custom_megatron_init_path ....................... None
  custom_megatron_post_save_hook_path ............. None
  custom_model_provider_path ...................... None
  custom_pg_loss_reducer_function_path ............ None
  custom_reward_post_process_path ................. None
  custom_rm_path .................................. gsm8k_reward.score
  custom_rollout_log_function_path ................ None
  custom_tis_function_path ........................ None
  custom_update_weight_post_write_path ............ None
  dashboard_flush_interval ........................ 5.0
  dashboard_forward_prometheus .................... False
  dashboard_gpu_sample_interval ................... 1.0
  dashboard_sglang_metrics ........................ None
  dashboard_sglang_scrape_interval ................ 2.0
  dashboard_sglang_scrape_mode .................... auto
  data_args_path .................................. None
  data_cache_path ................................. None
  data_pad_size_multiplier ........................ 128
  data_parallel_random_init ....................... False
  data_parallel_sharding_strategy ................. optim_grads_params
  data_parallel_size .............................. 1
  data_path ....................................... None
  data_per_class_fraction ......................... 1.0
  data_sharding ................................... True
  data_source_path ................................ miles.rollout.data_source.RolloutDataSourceWithBuffer
  dataloader_defer_npy_index_mmap ................. False
  dataloader_fast_cache_load ...................... False
  dataloader_inter_document_masking ............... False
  dataloader_type ................................. single
  ddp_average_in_collective ....................... False
  ddp_bucket_size ................................. None
  ddp_num_buckets ................................. None
  ddp_pad_buckets_for_high_nccl_busbw ............. False
  ddp_param_name_patterns_for_fp32_local_accumulation  []
  ddp_reduce_scatter_with_fp32_accumulation ....... False
  debug_deterministic_collective .................. False
  debug_disable_optimizer ......................... False
  debug_exit_after_rollout ........................ None
  debug_rollout_only .............................. False
  debug_skip_weight_update ........................ False
  debug_train_only ................................ False
  debug_unified_grad_fused_logprob ................ False
  decode_only_cuda_graphs ......................... False
  decoder_first_pipeline_num_layers ............... None
  decoder_last_pipeline_num_layers ................ None
  decoder_num_layers .............................. None
  decoder_seq_length .............................. None
  decoupled_lr .................................... None
  decoupled_min_lr ................................ None
  decrease_batch_size_if_needed ................... False
  defer_embedding_wgrad_compute ................... False
  delay_offload_until_cuda_graph .................. False
  delay_split_train_data_by_dp .................... False
  delay_wgrad_compute ............................. False
  delta_offload_bytes_across_pp_ranks ............. 0
  dense_grouped_gemm .............................. False
  deploy_component ................................ all
  deploy_instance_id .............................. None
  deprecated_use_mcore_models ..................... False
  deterministic_mode .............................. False
  dino_bottleneck_size ............................ 256
  dino_freeze_last_layer .......................... 1
  dino_head_hidden_size ........................... 2048
  dino_local_crops_number ......................... 10
  dino_local_img_size ............................. 96
  dino_norm_last_layer ............................ False
  dino_teacher_temp ............................... 0.07
  dino_warmup_teacher_temp ........................ 0.04
  dino_warmup_teacher_temp_epochs ................. 30
  disable_bf16_reduced_precision_matmul ........... False
  disable_grad_buffers_cpu_backup ................. True
  disable_jit_fuser ............................... False
  disable_msc_deprecated .......................... False
  disable_param_buffers_cpu_backup ................ True
  disable_rollout_trim_samples .................... False
  disable_straggler_on_startup .................... False
  disable_symmetric_registration .................. False
  dist_ckpt_format_deprecated ..................... None
  dist_ckpt_optim_fully_reshardable ............... False
  dist_ckpt_save_pre_mcore_014 .................... False
  dist_ckpt_strictness ............................ assume_ok_unexpected
  dist_ckpt_workers ............................... 1
  distrib_optim_fully_reshardable_mem_efficient ... False
  distribute_saved_activations .................... False
  distributed_backend ............................. nccl
  distributed_timeout_minutes ..................... 10
  distributed_timeout_seconds_after_init .......... None
  dsa_attention_backend ........................... tilelang
  dsa_cp_balance_indexer .......................... False
  dsa_indexer_head_dim ............................ None
  dsa_indexer_k_norm_epsilon ...................... None
  dsa_indexer_k_norm_fp32 ......................... False
  dsa_indexer_loss_coeff .......................... None
  dsa_indexer_n_heads ............................. None
  dsa_indexer_precision ........................... bf16
  dsa_indexer_rope_interleaved .................... False
  dsa_indexer_rotate_activation ................... True
  dsa_indexer_scoring_relu ........................ True
  dsa_indexer_skip_topk_offset .................... 0
  dsa_indexer_topk ................................ None
  dsa_indexer_topk_freq ........................... 1
  dsa_indexer_use_sparse_loss ..................... False
  dsa_indexer_weights_proj_output_dtype ........... bf16
  dsa_indexer_weights_proj_use_quantization ....... True
  dsa_kernel_backend .............................. None
  dsv4_impl ....................................... megatron
  dump_details .................................... None
  dump_param_to_param_group_map ................... None
  dumper_dir ...................................... /tmp/dumper
  dumper_enable ................................... False
  dumper_fwd_bwd .................................. None
  dumper_fwd_only ................................. None
  dumper_inference ................................ None
  dumper_source_patcher_config_inference .......... None
  dumper_source_patcher_config_train .............. None
  dynamic_context_parallel ........................ False
  dynamic_sampling_filter_path .................... None
  embedding_init_method_std ....................... None
  embedding_path .................................. None
  empty_unused_memory_level ....................... 0
  enable_chunked_prefill .......................... False
  enable_cuda_graph ............................... False
  enable_event_analyzer ........................... False
  enable_experimental ............................. False
  enable_ft_package ............................... False
  enable_full_sharding_in_hsdp .................... False
  enable_hyper_connections ........................ False
  enable_msc ...................................... False
  enable_mtp_training ............................. False
  enable_one_logger ............................... True
  enable_witness .................................. False
  encoder_num_layers .............................. 28
  encoder_seq_length .............................. 1024
  end_weight_decay ................................ 0.01
  entropy_coef .................................... 0.001
  entry ........................................... train
  env_report ...................................... 
  env_report_interval_seconds ..................... 3600.0
  eod_mask_loss ................................... False
  ep_overlap_early_attn_memory_release ............ False
  eps_clip ........................................ 0.2
  eps_clip_c ...................................... None
  eps_clip_high ................................... 0.2
  error_injection_rate ............................ 0
  error_injection_type ............................ transient_error
  eval_config ..................................... None
  eval_datasets ................................... []
  eval_function_path .............................. miles.rollout.inference_rollout.inference_rollout_common.InferenceRolloutFn
  eval_global_batch_size .......................... 32
  eval_hf_dir ..................................... None
  eval_input_key .................................. None
  eval_interval ................................... None
  eval_iters ...................................... 100
  eval_keep_snapshots ............................. 2
  eval_label_key .................................. None
  eval_max_context_len ............................ 1024
  eval_max_in_flight .............................. 2
  eval_max_prompt_len ............................. None
  eval_max_response_len ........................... None
  eval_micro_batch_size ........................... 1
  eval_min_new_tokens ............................. None
  eval_num_gpus ................................... 0
  eval_num_gpus_per_engine ........................ 1
  eval_overflow_policy ............................ backpressure
  eval_prompt_data ................................ None
  eval_reward_key ................................. None
  eval_temperature ................................ None
  eval_tool_key ................................... None
  eval_top_k ...................................... None
  eval_top_p ...................................... None
  eval_uses_snapshots ............................. False
  evidence_data_path .............................. None
  exclude_modules ................................. None
  exit_duration_in_mins ........................... None
  exit_interval ................................... None
  exit_on_missing_checkpoint ...................... False
  exit_signal ..................................... 15
  exit_signal_handler ............................. False
  exit_signal_handler_for_dataloader .............. False
  exit_signal_handler_for_training ................ False
  exp_avg_dtype ................................... torch.float32
  exp_avg_sq_dtype ................................ torch.float32
  experimental_attention_variant .................. None
  expert_model_parallel_size ...................... 1
  expert_tensor_parallel_size ..................... 1
  experts_shared_outer_loras ...................... False
  external_cuda_graph ............................. False
  extra_high_precision_layers_hf .................. ()
  extra_high_precision_layers_megatron ............ ()
  fake_process_group .............................. False
  fallback_to_eager_attn .......................... False
  fault_injector_delay_start_iteration ............ None
  fault_injector_fault_delay ...................... None
  fault_injector_fault_probabilities .............. None
  fault_injector_fault_types ...................... None
  fault_injector_mtti_seconds ..................... None
  fault_injector_num_ranks ........................ None
  fault_injector_offset_seconds ................... None
  fault_injector_ranks ............................ None
  fault_injector_seed ............................. None
  fetch_trajectory_retry_times .................... -1
  ffn_hidden_size ................................. 3072
  fim_data ........................................ False
  fim_eod_token ................................... <|endoftext|>
  fim_fragment_rate ............................... None
  fim_middle_token ................................ <fim_middle>
  fim_no_prefix ................................... None
  fim_pad_token ................................... <fim_pad>
  fim_prefix_token ................................ <fim_prefix>
  fim_rate ........................................ 0.5
  fim_split_sample ................................ None
  fim_spm_rate .................................... 0.5
  fim_suffix_token ................................ <fim_suffix>
  fine_grained_activation_offloading .............. False
  fine_grained_offloading_max_inflight_offloads ... None
  finetune ........................................ True
  first_last_layers_bf16 .......................... False
  flash_decode .................................... False
  flight_recorder_dump_on_timeout ................. True
  flight_recorder_dump_path ....................... None
  flight_recorder_extra_dump_on_exec .............. True
  flight_recorder_include_only_active ............. True
  flight_recorder_include_stack_trace ............. False
  flight_recorder_trace_buffer_size ............... 2000
  fp16 ............................................ False
  fp16_lm_cross_entropy ........................... False
  fp32_residual_connection ........................ False
  fp4 ............................................. None
  fp4_param_gather ................................ False
  fp4_quantizer_factory ........................... None
  fp4_recipe ...................................... nvfp4
  fp8 ............................................. None
  fp8_amax_compute_algo ........................... most_recent
  fp8_amax_history_len ............................ 1
  fp8_interval .................................... 1
  fp8_margin ...................................... 0
  fp8_output_proj ................................. False
  fp8_param_gather ................................ False
  fp8_quantizer_factory ........................... None
  fp8_recipe ...................................... delayed
  fp8_wgrad ....................................... True
  freeze_all_layers ............................... False
  freeze_e_score_correction_bias .................. False
  freeze_indexer .................................. False
  fsdp_db_use_persist_buf_on_alloc_fail ........... False
  fsdp_double_buffer .............................. False
  fsdp_manual_registration ........................ False
  ft_components ................................... []
  ft_num_warmup_iters ............................. 5
  full_validation ................................. False
  fully_async ..................................... False
  fused_residual_rmsnorm .......................... False
  gamma ........................................... 1.0
  gdn_conv_pad_alignment .......................... None
  gdn_pre_gated_delta_rule_fusion ................. False
  get_mismatch_metrics ............................ False
  global_batch_size ............................... 32
  glu_linear_offset ............................... 0.0
  gpu_sniff_test_interval ......................... None
  grad_reduce_in_bf16 ............................. False
  gradient_accumulation_fusion .................... False
  gradient_reduce_div_fusion ...................... True
  group_query_attention ........................... True
  group_rm ........................................ False
  grpo_clamp_eps_lower ............................ 0.01
  grpo_clamp_eps_upper ............................ 0.01
  grpo_entropy_term_weight ........................ 0.0
  grpo_filter_groups_with_same_reward ............. False
  grpo_group_size ................................. 2
  grpo_iterations ................................. 2
  grpo_kl_beta .................................... 0.001
  grpo_prompts_per_step ........................... 32
  grpo_std_normalization .......................... True
  head_lr_mult .................................... 1.0
  head_wise_attn_gate ............................. False
  heterogeneous_layers_config_encoded_json ........ None
  heterogeneous_layers_config_path ................ None
  hf_checkpoint ................................... /root/.cache/huggingface/hub/models--Qwen--Qwen3-0.6B/snapshots/c1899de289a04d12100db370d81485cdf75e47ca
  hf_lora_targets ................................. ['down_proj', 'gate_proj', 'k_proj', 'o_proj', 'q_proj', 'up_proj', 'v_proj']
  hidden_dropout .................................. 0.1
  hidden_size ..................................... 1024
  hierarchical_context_parallel_sizes ............. None
  high_priority_a2a_comm_stream ................... False
  high_priority_stream_groups ..................... []
  http_proxy ...................................... None
  hybrid_context_parallel ......................... False
  hybrid_layer_pattern ............................ None
  hybrid_override_pattern ......................... None
  hysteresis ...................................... 2
  ict_head_size ................................... None
  ict_load ........................................ None
  img_h ........................................... 224
  img_w ........................................... 224
  indep_dp ........................................ False
  indexer_batch_size .............................. 128
  indexer_log_interval ............................ 1000
  inference_batch_times_seqlen_threshold .......... -1
  inference_controller_addr ....................... None
  inference_coordinator_port ...................... None
  inference_cuda_graph_all_prefills ............... False
  inference_cuda_graph_scope ...................... InferenceCudaGraphScope.none
  inference_disable_ep_consensus .................. False
  inference_disable_triton_nvls_kernels ........... False
  inference_dynamic_batching ...................... False
  inference_dynamic_batching_async_sched_mode ..... legacy
  inference_dynamic_batching_block_size ........... 256
  inference_dynamic_batching_buffer_size_gb ....... 40.0
  inference_dynamic_batching_cuda_graph_max_tokens  16384
  inference_dynamic_batching_cuda_graph_mixed_prefill_count  16
  inference_dynamic_batching_cuda_graph_sizing_distribution  exponential
  inference_dynamic_batching_enable_prefix_caching  False
  inference_dynamic_batching_logprobs_mode ........ raw_logprobs
  inference_dynamic_batching_mamba_memory_ratio ... None
  inference_dynamic_batching_max_requests ......... None
  inference_dynamic_batching_max_tokens ........... None
  inference_dynamic_batching_num_cuda_graphs ...... 16
  inference_dynamic_batching_paused_buffer_size_gb  None
  inference_dynamic_batching_prefix_caching_coordinator_policy  first_prefix_block
  inference_dynamic_batching_prefix_caching_eviction_policy  ref_zero
  inference_dynamic_batching_prefix_caching_mamba_gb  None
  inference_dynamic_batching_prefix_caching_routing_alpha  0.5
  inference_dynamic_batching_sampling_backend ..... torch
  inference_dynamic_batching_track_generated_token_events  False
  inference_dynamic_batching_track_paused_request_events  False
  inference_dynamic_batching_unified_memory_level . 0
  inference_fuse_tp_communication ................. False
  inference_grouped_gemm_backend .................. vllm
  inference_logging_step_interval ................. 0
  inference_max_requests .......................... 8
  inference_max_seq_length ........................ 2560
  inference_moe_disable_fused_quant_kernels ....... False
  inference_moe_token_dispatcher_type ............. nvls
  inference_rng_tracker ........................... False
  inference_shards ................................ None
  inference_text_gen_server_logging ............... False
  inference_use_synchronous_zmq_collectives ....... False
  inference_wandb_logging ......................... False
  init_expected_num_cells ......................... None
  init_method_std ................................. 0.02
  init_method_xavier_uniform ...................... False
  init_model_with_meta_device ..................... False
  initial_loss_scale .............................. 4294967296
  inprocess_active_world_size ..................... 1
  inprocess_barrier_timeout ....................... 120
  inprocess_completion_timeout .................... 120
  inprocess_empty_cuda_cache ...................... False
  inprocess_granularity ........................... node
  inprocess_hard_timeout .......................... 90
  inprocess_heartbeat_interval .................... 30
  inprocess_heartbeat_timeout ..................... 60
  inprocess_last_call_wait ........................ 1
  inprocess_max_iterations ........................ None
  inprocess_monitor_process_interval .............. 1.0
  inprocess_monitor_thread_interval ............... 1.0
  inprocess_progress_watchdog_interval ............ 1.0
  inprocess_restart ............................... False
  inprocess_soft_timeout .......................... 60
  inprocess_termination_grace_time ................ 1
  input_key ....................................... messages
  is_hybrid_model ................................. False
  iter_per_epoch .................................. 1250
  iterations_to_skip .............................. []
  keep_fp8_transpose_cache ........................ False
  keep_old_actor .................................. False
  kitchen_attention_backend ....................... sdpa
  kl_coef ......................................... 0.0
  kl_loss_coef .................................... 0.0
  kl_loss_type .................................... k1
  kv_channels ..................................... 128
  kv_lora_rank .................................... 32
  label_key ....................................... label
  lambd ........................................... 1.0
  langrl_env_config ............................... None
  layernorm_epsilon ............................... 1e-06
  layernorm_zero_centered_gamma ................... False
  lazy_mpu_init ................................... False
  linear_attention_backend ........................ fla
  linear_attention_freq ........................... None
  linear_attention_type ........................... None
  linear_conv_kernel_dim .......................... 4
  linear_cp_mode .................................. chunkwise
  linear_key_head_dim ............................. 128
  linear_num_key_heads ............................ 16
  linear_num_value_heads .......................... 32
  linear_value_head_dim ........................... 128
  lion_beta1 ...................................... 0.95
  lion_beta2 ...................................... 0.98
  load ............................................ /root/.cache/huggingface/hub/models--Qwen--Qwen3-0.6B/snapshots/c1899de289a04d12100db370d81485cdf75e47ca
  load_debug_rollout_data ......................... None
  load_debug_rollout_data_subsample ............... None
  load_main_params_from_ckpt ...................... False
  local_rank ...................................... 0
  log_correct_samples ............................. False
  log_device_memory_used .......................... False
  log_energy ...................................... False
  log_interval .................................... 100
  log_loss_scale_to_tensorboard ................... True
  log_max_attention_logit ......................... False
  log_memory_interval ............................. None
  log_memory_to_tensorboard ....................... False
  log_moe_overload_factor ......................... False
  log_multi_turn .................................. False
  log_num_zeros_in_grad ........................... False
  log_params_norm ................................. False
  log_passrate .................................... False
  log_probs_chunk_size ............................ -1
  log_probs_max_tokens_per_gpu .................... None
  log_progress .................................... False
  log_reward_category ............................. None
  log_straggler ................................... False
  log_throughput .................................. False
  log_timers_to_tensorboard ....................... False
  log_validation_ppl_to_tensorboard ............... False
  log_world_size_to_tensorboard ................... False
  logging_level ................................... None
  logits_load_decode_threads ...................... 4
  logits_load_dir ................................. None
  logits_load_ignore_errors ....................... False
  logits_load_kd_loss_alpha ....................... 1.0
  logits_load_msc_prefetch_depth .................. 2
  logits_load_prefetch_factor ..................... 3
  logits_save_dir ................................. None
  logits_save_dtype ............................... fp16
  logits_save_top_k ............................... None
  logits_save_top_p ............................... None
  logits_save_top_p_min_k ......................... 1
  lora_adapter_path ............................... None
  lora_adapter_targets ............................ ['down_proj', 'gate_proj', 'k_proj', 'o_proj', 'q_proj', 'up_proj', 'v_proj']
  lora_alpha ...................................... 16
  lora_base_cpu_backup ............................ True
  lora_dropout .................................... 0.0
  lora_rank ....................................... 16
  lora_sync_from_tensor ........................... False
  lora_train_only ................................. False
  lora_type ....................................... canonical_lora
  loss_mask_type .................................. qwen
  loss_scale ...................................... None
  loss_scale_window ............................... 1000
  loss_type ....................................... policy_loss
  low_memory_resume ............................... False
  lr .............................................. 1e-05
  lr_decay_iters .................................. 3
  lr_decay_samples ................................ None
  lr_decay_style .................................. linear
  lr_warmup_fraction .............................. None
  lr_warmup_init .................................. 0.0
  lr_warmup_iters ................................. 0
  lr_warmup_samples ............................... 0
  lr_wsd_decay_iters .............................. None
  lr_wsd_decay_samples ............................ None
  lr_wsd_decay_style .............................. exponential
  main_grads_dtype ................................ torch.float32
  main_params_dtype ............................... torch.float32
  make_vocab_size_divisible_by .................... 128
  mamba_head_dim .................................. 64
  mamba_inference_conv_states_dtype ............... torch.bfloat16
  mamba_inference_ssm_states_dtype ................ torch.bfloat16
  mamba_num_groups ................................ 8
  mamba_num_heads ................................. None
  mamba_state_dim ................................. 128
  mamba_training_ssm_states_dtype ................. None
  manual_gc ....................................... False
  manual_gc_eval .................................. True
  manual_gc_interval .............................. 0
  mask_factor ..................................... 1.0
  mask_offpolicy_in_partial_rollout ............... False
  mask_prob ....................................... 0.15
  mask_type ....................................... random
  masked_softmax_fusion ........................... True
  max_position_embeddings ......................... 1024
  max_seqlen_per_dp_cp_rank ....................... None
  max_tokens_per_gpu .............................. None
  max_tokens_to_oom ............................... 12000
  max_weight_staleness ............................ None
  megatron_config ................................. None
  megatron_fsdp_cache_param_bucket_views .......... False
  megatron_fsdp_enable_fine_grained_param_gather .. False
  megatron_fsdp_grad_comm_dtype ................... None
  megatron_fsdp_main_grads_dtype .................. None
  megatron_fsdp_main_params_dtype ................. torch.float32
  megatron_fsdp_max_pool_double_buffer ............ False
  megatron_fsdp_prefetch_recompute_forward_weights  False
  megatron_to_hf_mode ............................. bridge
  memory_recorder ................................. torch
  memory_snapshot_dir ............................. .
  memory_snapshot_num_steps ....................... None
  memory_snapshot_path ............................ snapshot.pickle
  merge_file ...................................... None
  metadata_key .................................... metadata
  metadata_path ................................... None
  mfu_peak_tflops ................................. None
  mhc_init_gating_factor .......................... 0.01
  mhc_recompute_layer_num ......................... None
  mhc_sinkhorn_iterations ......................... 20
  micro_batch_size ................................ 1
  microbatch_group_size_per_vp_stage .............. None
  mid_level_dataset_surplus ....................... 0.005
  miles_dsa_topk_backend .......................... torch
  miles_router_health_check_failure_threshold ..... 3
  miles_router_max_connections .................... None
  miles_router_timeout ............................ None
  min_batch_collection_ratio ...................... 1
  min_dynamic_context_parallel_size ............... 1
  min_loss_scale .................................. 1.0
  min_lr .......................................... 0.0
  min_offloaded_tensor_size ....................... 1048576
  mini_ft_controller_enable ....................... False
  mini_ft_controller_poll_interval ................ 10.0
  mini_ft_controller_resume_delay ................. 10.0
  mla_down_proj_fusion ............................ False
  mlflow_experiment_name .......................... miles
  mlflow_run_id ................................... None
  mlflow_run_name ................................. None
  mlflow_tracking_uri ............................. None
  mlp_chunks_for_prefill .......................... 1
  mlp_chunks_for_training ......................... 1
  mmap_bin_files .................................. True
  mock_data ....................................... False
  model_name ...................................... GPTModelProvider
  moe_activation_in_fp32 .......................... False
  moe_apply_probs_on_input ........................ False
  moe_aux_loss_coeff .............................. 0.0
  moe_combine_in_fp32 ............................. False
  moe_deepep_num_sms .............................. None
  moe_enable_deepep ............................... False
  moe_enable_routing_replay ....................... False
  moe_expert_capacity_factor ...................... None
  moe_expert_rank_capacity_factor ................. None
  moe_ffn_hidden_size ............................. None
  moe_flex_dispatcher_backend ..................... deepep
  moe_flex_dispatcher_num_sms ..................... None
  moe_grouped_gemm ................................ False
  moe_hybridep_num_blocks_permute ................. None
  moe_hybridep_num_blocks_unpermute ............... None
  moe_hybridep_num_sms ............................ None
  moe_hybridep_num_sms_preprocessing .............. 108
  moe_hybridep_pad_variable_tokens ................ False
  moe_input_jitter_eps ............................ None
  moe_latent_size ................................. None
  moe_latent_use_norm ............................. False
  moe_layer_freq .................................. 1
  moe_layer_recompute ............................. False
  moe_mlp_glu_interleave_size ..................... None
  moe_n_hash_layers ............................... 0
  moe_ncclep_static_shape ......................... False
  moe_ncclep_use_symm_mem ......................... False
  moe_pad_expert_input_to_capacity ................ False
  moe_pad_experts_for_cuda_graph_inference ........ False
  moe_paged_stash ................................. False
  moe_paged_stash_buffer_size_factor_cpu .......... 0.0
  moe_paged_stash_buffer_size_factor_cuda ......... 1.1
  moe_paged_stash_page_size ....................... 64
  moe_per_layer_logging ........................... False
  moe_permute_fusion .............................. False
  moe_permute_fusion_into_hybridep ................ False
  moe_router_bias_update_rate ..................... 0.001
  moe_router_dtype ................................ None
  moe_router_enable_expert_bias ................... False
  moe_router_force_biased ......................... None
  moe_router_force_load_balancing ................. False
  moe_router_freeze_gate .......................... False
  moe_router_fusion ............................... False
  moe_router_group_topk ........................... None
  moe_router_load_balancing_type .................. aux_loss
  moe_router_num_groups ........................... None
  moe_router_padding_for_fp8 ...................... False
  moe_router_padding_for_quantization ............. False
  moe_router_pre_softmax .......................... False
  moe_router_score_function ....................... softmax
  moe_router_topk ................................. 2
  moe_router_topk_scaling_factor .................. None
  moe_router_use_torch_mm ......................... True
  moe_routing_trace_capture_hidden_states ......... False
  moe_routing_trace_capture_logits ................ False
  moe_routing_trace_dump_weights .................. False
  moe_routing_trace_max_training_iters ............ None
  moe_routing_trace_path .......................... None
  moe_shared_expert_gate .......................... False
  moe_shared_expert_glu_interleave_size ........... None
  moe_shared_expert_intermediate_size ............. None
  moe_shared_expert_overlap ....................... False
  moe_single_grouped_bias ......................... False
  moe_single_grouped_weight ....................... False
  moe_token_dispatcher_type ....................... allgather
  moe_token_drop_policy ........................... probs
  moe_upcycling_granularity ....................... 1
  moe_use_upcycling ............................... False
  moe_z_loss_coeff ................................ None
  mooncake_replica_num ............................ 1
  mooncake_store_init_kwargs ...................... None
  mrope_interleaved ............................... False
  mrope_section ................................... None
  mscale .......................................... 1.0
  mscale_all_dim .................................. 0.0
  mtp_detach_heads ................................ False
  mtp_hybrid_override_pattern ..................... None
  mtp_loss_scaling_factor ......................... 0.2
  mtp_num_layers .................................. None
  mtp_standalone .................................. False
  mtp_use_repeated_layer .......................... False
  multi_latent_attention .......................... False
  multi_lora ...................................... False
  multi_lora_n_adapters ........................... 0
  multimodal_keys ................................. None
  multiple_validation_sets ........................ False
  muon_coefficient_type ........................... quintic
  muon_extra_scale_factor ......................... 1.0
  muon_fp32_matmul_prec ........................... medium
  muon_momentum ................................... 0.9
  muon_nesterov ................................... False
  muon_num_ns_steps ............................... 5
  muon_scalar_optimizer ........................... adam
  muon_scale_mode ................................. spectral
  muon_split_qkv .................................. True
  muon_tp_mode .................................... blockwise
  mup_attn_scale_power ............................ 1.0
  mup_base_head_dim ............................... None
  mup_base_hidden_size ............................ None
  mup_embedding_mult .............................. 1.0
  mup_output_mult ................................. 1.0
  mup_width_mult .................................. 1.0
  n_samples_per_eval_prompt ....................... 1
  n_samples_per_prompt ............................ 8
  nccl_all_reduce_for_prefill ..................... False
  nccl_communicator_config_path ................... None
  nccl_ub ......................................... False
  no_load_optim ................................... True
  no_load_rng ..................................... True
  no_persist_layer_norm ........................... False
  no_rope_freq .................................... None
  no_save_optim ................................... True
  no_save_rng ..................................... True
  no_weight_decay_cond_type ....................... None
  non_persistent_ckpt_type ........................ None
  non_persistent_global_ckpt_dir .................. None
  non_persistent_local_ckpt_algo .................. fully_parallel
  non_persistent_local_ckpt_dir ................... None
  non_persistent_save_interval .................... None
  normalization ................................... RMSNorm
  normalize_advantages ............................ False
  null_tokenizer_eod_id ........................... None
  null_tokenizer_pad_id ........................... -1
  num_attention_heads ............................. 16
  num_channels .................................... 3
  num_classes ..................................... 1000
  num_critic_only_steps ........................... 0
  num_dataset_builder_threads ..................... 1
  num_distributed_optimizer_instances ............. 1
  num_epoch ....................................... None
  num_experts ..................................... None
  num_gpus_per_node ............................... 1
  num_layers ...................................... 28
  num_layers_at_end_in_bf16 ....................... 1
  num_layers_at_start_in_bf16 ..................... 1
  num_layers_per_virtual_pipeline_stage ........... None
  num_query_groups ................................ 8
  num_residual_streams ............................ 4
  num_rollout ..................................... 3
  num_speculative_tokens .......................... 0
  num_steps_per_rollout ........................... 1
  num_virtual_stages_per_pipeline_rank ............ None
  num_workers ..................................... 2
  nvtx_ranges ..................................... False
  o_groups ........................................ 8
  o_lora_rank ..................................... 1024
  object_storage_cache_path ....................... None
  object_store_backend ............................ ray
  observe_training_entropy ........................ False
  offload_modules ................................. []
  offload_optimizer_states ........................ False
  offload_rollout ................................. True
  offload_rollout_level ........................... ['kv_cache', 'weight']
  offload_train ................................... True
  offload_train_disk_chunk_mb ..................... 256
  offload_train_disk_dir .......................... None
  offload_train_target ............................ cpu
  one_logger_async ................................ False
  one_logger_project .............................. megatron-lm
  one_logger_run_name ............................. None
  onnx_safe ....................................... None
  opd_kl_coef ..................................... 1.0
  opd_log_prob_top_k .............................. 0
  opd_reward_weight_mode .......................... student_p
  opd_teacher_ckpt_step ........................... None
  opd_teacher_key ................................. opd_teacher
  opd_teacher_load ................................ None
  opd_teacher_urls ................................ None
  opd_top_k_strategy .............................. only-student
  opd_topk_per_position ........................... False
  opd_type ........................................ None
  openai_gelu ..................................... False
  opsm_delta ...................................... 0.0001
  optimizer ....................................... adam
  optimizer_cpu_offload ........................... False
  optimizer_cuda_graph ............................ False
  optimizer_offload_fraction ...................... 1.0
  optimizer_state_offload_chunk_size_mb ........... 0
  optimizer_state_offload_fraction ................ 1.0
  original_max_position_embeddings ................ 4096
  outer_dp_sharding_strategy ...................... no_shard
  output_bert_embeddings .......................... False
  over_sampling_batch_size ........................ 4
  overlap_cpu_optimizer_d2h_h2d ................... False
  overlap_dispatch_backward_with_experts_wgrad .... False
  overlap_grad_reduce ............................. False
  overlap_moe_expert_parallel_comm ................ False
  overlap_p2p_comm ................................ False
  overlap_p2p_comm_warmup_flush ................... False
  overlap_param_gather ............................ False
  overlap_param_gather_with_optimizer_step ........ False
  override_opt_param_scheduler .................... False
  p2p_transfer_num_workers ........................ 4
  p2p_transfer_timeout ............................ 30.0
  pad_packed_seq_alignment ........................ None
  pad_vocab_size .................................. True
  padded_vocab_size ............................... 151936
  params_dtype .................................... torch.bfloat16
  partial_rollout ................................. False
  patch_dim ....................................... 16
  pause_generation_mode ........................... retract
  per_dataset_sequences_path ...................... None
  per_split_data_args_path ........................ None
  perform_initialization .......................... True
  perform_rl_step ................................. False
  phase_transition_iterations ..................... None
  pin_cpu_grads ................................... True
  pin_cpu_params .................................. True
  pin_rollout_manager_to_head ..................... True
  pipeline_model_parallel_comm_backend ............ None
  pipeline_model_parallel_layout .................. None
  pipeline_model_parallel_size .................... 1
  position_embedding_type ......................... rope
  post_mlp_layernorm .............................. False
  post_self_attn_layernorm ........................ False
  prefill_num_servers ............................. None
  pretrained_checkpoint ........................... None
  profile ......................................... False
  profile_ranks ................................... []
  profile_step_end ................................ 12
  profile_step_start .............................. 10
  profile_target .................................. ['train_overall']
  prometheus_port ................................. 9090
  prometheus_run_name ............................. None
  prompt_data ..................................... /work/out/entropy/prompts.jsonl
  pytorch_profiler_collect_callstack .............. False
  pytorch_profiler_collect_chakra ................. False
  pytorch_profiler_collect_shapes ................. False
  q_lora_rank ..................................... None
  qk_clip ......................................... False
  qk_clip_alpha ................................... 0.5
  qk_clip_threshold ............................... 100
  qk_head_dim ..................................... 128
  qk_l2_norm ...................................... False
  qk_layernorm .................................... True
  qk_pos_emb_head_dim ............................. 64
  qkv_format ...................................... thd
  query_in_block_prob ............................. 0.1
  quick_geglu ..................................... False
  rampup_batch_size ............................... None
  rank ............................................ 0
  recompute_granularity ........................... None
  recompute_logprobs_via_prefill .................. False
  recompute_loss_function ......................... False
  recompute_method ................................ None
  recompute_modules ............................... None
  recompute_num_layers ............................ None
  record_memory_history ........................... False
  record_shapes ................................... False
  ref_ckpt_step ................................... None
  ref_load ........................................ /root/.cache/huggingface/hub/models--Qwen--Qwen3-0.6B/snapshots/c1899de289a04d12100db370d81485cdf75e47ca
  ref_update_interval ............................. None
  refit_method .................................... gloo
  relative_attention_max_distance ................. 128
  relative_attention_num_buckets .................. 32
  rematerialize_param_from_master_weight .......... False
  replication ..................................... False
  replication_factor .............................. 2
  replication_jump ................................ None
  requested_load .................................. None
  rerun_mode ...................................... validate_results
  reset_attention_mask ............................ False
  reset_optimizer_states .......................... False
  reset_position_ids .............................. False
  result_rejected_tracker_filename ................ None
  retriever_report_topk_accuracies ................ []
  retriever_score_scaling ......................... False
  reuse_grad_buf_for_mxfp8_param_ag ............... False
  reward_key ...................................... None
  rewards_normalization ........................... True
  rl_consumption_granularity ...................... B
  rl_default_temperature .......................... 1.0
  rl_default_top_k ................................ -1
  rl_default_top_p ................................ 0
  rl_generation_lag ............................... 0
  rl_importance_sampling_truncation_coef .......... None
  rl_inference_expert_model_parallel_size ......... None
  rl_inference_expert_tensor_model_parallel_size .. None
  rl_inference_logprobs_is_correction ............. False
  rl_inference_model_unified_memory_level ......... 0
  rl_inference_parsers ............................ []
  rl_inference_pipeline_model_parallel_size ....... None
  rl_inference_tensor_model_parallel_size ......... None
  rl_kv_cache_management_mode ..................... persist
  rl_offload_inference_model_weights_when_idle .... False
  rl_offload_optimizer_during_inference ........... False
  rl_partial_rollouts ............................. False
  rl_persist_cuda_graphs .......................... False
  rl_profile ...................................... False
  rl_profile_dir .................................. None
  rl_prompts_per_eval ............................. 32
  rl_sequence_packing_algo ........................ fifo
  rl_sequence_packing_max_sequences_per_bin ....... 50
  rl_skip_bos_token ............................... False
  rl_submission_granularity ....................... B
  rl_training_cuda_graphs ......................... False
  rl_use_sequence_packing ......................... False
  rl_verify_model_weights_swap .................... False
  rm_type ......................................... None
  rm_url .......................................... None
  rollout_all_samples_process_path ................ yeto.rl.engine.miles_adapter.rollout_meta_hook.extract_rollout_metadata
  rollout_batch_size .............................. 4
  rollout_buffer_url .............................. None
  rollout_data_postprocess_path ................... None
  rollout_external ................................ False
  rollout_external_engine_addrs ................... None
  rollout_external_router_pd ...................... False
  rollout_function_path ........................... miles.rollout.inference_rollout.inference_rollout_common.InferenceRolloutFn
  rollout_global_dataset .......................... True
  rollout_health_check_failure_threshold .......... 1
  rollout_health_check_first_wait ................. 0.0
  rollout_health_check_interval ................... 30.0
  rollout_health_check_timeout .................... 30.0
  rollout_indexer_topk_num_streams ................ None
  rollout_max_context_len ......................... 1024
  rollout_max_prompt_len .......................... 1023
  rollout_max_response_len ........................ 384
  rollout_num_gpus ................................ 1
  rollout_num_gpus_per_engine ..................... 1
  rollout_sample_filter_path ...................... yeto.rl.engine.miles_adapter.rollout_meta_hook.record_trained_groups
  rollout_seed .................................... 17
  rollout_shuffle ................................. False
  rollout_skip_special_tokens ..................... False
  rollout_stop .................................... None
  rollout_stop_token_ids .......................... None
  rollout_submission_granularity .................. None
  rollout_task_type ............................... math
  rollout_temperature ............................. 1.0
  rollout_top_k ................................... -1
  rollout_top_p ................................... 1.0
  rope_scaling_factor ............................. 8.0
  rope_type ....................................... rope
  rotary_base ..................................... 1000000
  rotary_base_per_layer ........................... None
  rotary_interleaved .............................. False
  rotary_percent .................................. 1.0
  rotary_scaling_factor ........................... 1.0
  rotary_seq_len_interpolation_factor ............. None
  router_allow_requests_without_routing_key ....... False
  router_api_key .................................. None
  router_assignment_mode .......................... random
  router_backend .................................. sglang
  router_balance_abs_threshold .................... 64
  router_balance_rel_threshold .................... 1.5
  router_bucket_adjust_interval_secs .............. 5
  router_ca_cert_paths ............................ []
  router_cache_threshold .......................... 0.3
  router_cb_failure_threshold ..................... 10
  router_cb_success_threshold ..................... 3
  router_cb_timeout_duration_secs ................. 60
  router_cb_window_duration_secs .................. 120
  router_chat_template ............................ None
  router_client_cert_path ......................... None
  router_client_key_path .......................... None
  router_control_plane_api_keys ................... []
  router_control_plane_audit_enabled .............. False
  router_cors_allowed_origins ..................... []
  router_decode ................................... None
  router_decode_policy ............................ None
  router_decode_selector .......................... {}
  router_disable_circuit_breaker .................. False
  router_disable_health_check ..................... False
  router_disable_retries .......................... False
  router_dp_aware ................................. False
  router_enable_igw ............................... False
  router_enable_trace ............................. False
  router_eviction_interval_secs ................... 60
  router_health_check_endpoint .................... /health
  router_health_check_interval_secs ............... 60
  router_health_check_timeout_secs ................ 5
  router_health_failure_threshold ................. 3
  router_health_success_threshold ................. 2
  router_history_backend .......................... memory
  router_json_log ................................. False
  router_jwt_audience ............................. None
  router_jwt_issuer ............................... None
  router_jwt_jwks_uri ............................. None
  router_jwt_role_mapping ......................... []
  router_log_dir .................................. None
  router_log_level ................................ info
  router_max_concurrent_requests .................. -1
  router_max_idle_secs ............................ 14400
  router_max_payload_size ......................... 536870912
  router_max_tree_size ............................ 67108864
  router_mcp_config_path .......................... None
  router_mini_lb .................................. False
  router_model_path ............................... None
  router_oracle_connect_descriptor ................ None
  router_oracle_password .......................... None
  router_oracle_pool_max .......................... 16
  router_oracle_pool_min .......................... 1
  router_oracle_pool_timeout_secs ................. 30
  router_oracle_tns_alias ......................... None
  router_oracle_username .......................... None
  router_oracle_wallet_path ....................... None
  router_otlp_traces_endpoint ..................... localhost:4317
  router_pd_disaggregation ........................ False
  router_policy ................................... cache_aware
  router_postgres_db_url .......................... None
  router_postgres_pool_max ........................ 16
  router_prefill .................................. None
  router_prefill_policy ........................... None
  router_prefill_selector ......................... {}
  router_prometheus_duration_buckets .............. None
  router_prometheus_host .......................... 0.0.0.0
  router_prometheus_port .......................... 20001
  router_queue_size ............................... 100
  router_queue_timeout_secs ....................... 60
  router_rate_limit_tokens_per_second ............. None
  router_reasoning_parser ......................... None
  router_redis_pool_max ........................... 16
  router_redis_retention_days ..................... 30
  router_redis_url ................................ None
  router_request_id_headers ....................... None
  router_request_timeout_secs ..................... 1800
  router_retry_backoff_multiplier ................. 1.5
  router_retry_initial_backoff_ms ................. 50
  router_retry_jitter_factor ...................... 0.2
  router_retry_max_backoff_ms ..................... 30000
  router_retry_max_retries ........................ 5
  router_selector ................................. {}
  router_service_discovery ........................ False
  router_service_discovery_namespace .............. None
  router_service_discovery_port ................... 80
  router_shutdown_grace_period_secs ............... 180
  router_test_external_dp_routing ................. False
  router_tls_cert_path ............................ None
  router_tls_key_path ............................. None
  router_tokenizer_cache_enable_l0 ................ False
  router_tokenizer_cache_enable_l1 ................ False
  router_tokenizer_cache_l0_max_entries ........... 10000
  router_tokenizer_cache_l1_max_memory ............ 52428800
  router_tokenizer_path ........................... None
  router_tool_call_parser ......................... None
  router_worker_startup_check_interval ............ 30
  router_worker_startup_timeout_secs .............. 1800
  run_uuid ........................................ 85f5c22b44a34d31
  run_workload_inspector_server ................... False
  sample_rate ..................................... 1.0
  save ............................................ /work/out/entropy/native-checkpoint
  save_activations_interval ....................... None
  save_debug_event_data ........................... /work/out/entropy/native-checkpoint/events
  save_debug_rollout_data ......................... /work/out/entropy/rollouts/island-0/dumps/{rollout_id}.pt
  save_debug_train_data ........................... None
  save_debug_trajectory_data ...................... None
  save_dgrads_interval ............................ None
  save_hf ......................................... None
  save_interval ................................... 3
  save_local_weight_checksum ...................... False
  save_params_interval ............................ None
  save_retain_interval ............................ None
  save_tokens_per_expert_interval ................. None
  save_trigger_sentinel ........................... None
  save_wgrads_interval ............................ None
  seed ............................................ 17
  seq_length ...................................... 1024
  sequence_packing_scheduler ...................... None
  sequence_parallel ............................... False
  session_message_matcher ......................... strict
  session_sample_picker_path ...................... miles.rollout.session.v2.picker_hub.drop_same_prompt_retries
  session_sample_postprocessor_path ............... miles.rollout.session.v2.postprocessor_hub.default_postprocess
  session_server_external_host .................... None
  session_server_ip ............................... None
  session_server_port ............................. None
  session_server_workers .......................... 32
  sft ............................................. False
  sft_mock_dataset_config_json .................... None
  sft_tokenizer_prompt_format ..................... nemotron-h-aligned
  sgd_momentum .................................... 0.9
  sglang_abort_on_priority_when_disabled .......... False
  sglang_admin_api_key ............................ None
  sglang_allow_auto_truncate ...................... False
  sglang_allowed_media_domains .................... []
  sglang_api_key .................................. None
  sglang_asr_max_buffer_seconds ................... 60
  sglang_asr_max_concurrent_sessions .............. 32
  sglang_attention_backend ........................ None
  sglang_attn_cp_size ............................. 1
  sglang_batch_notify_size ........................ 16
  sglang_bf16_gemm_backend ........................ auto
  sglang_bucket_e2e_request_latency ............... None
  sglang_bucket_inter_token_latency ............... None
  sglang_bucket_time_to_first_token ............... None
  sglang_c128_page_size ........................... 16
  sglang_chat_template ............................ None
  sglang_checkpoint_engine_wait_weights_before_ready  False
  sglang_chunked_prefill_size ..................... None
  sglang_completion_template ...................... None
  sglang_config ................................... None
  sglang_constrained_json_disable_any_whitespace .. False
  sglang_constrained_json_whitespace_pattern ...... None
  sglang_context_length ........................... None
  sglang_cp_strategy .............................. None
  sglang_cpu_offload_gb ........................... 0
  sglang_crash_dump_folder ........................ None
  sglang_cuda_graph_backend_decode ................ None
  sglang_cuda_graph_backend_prefill ............... disabled
  sglang_cuda_graph_bs_decode ..................... None
  sglang_cuda_graph_bs_prefill .................... None
  sglang_cuda_graph_config ........................ None
  sglang_cuda_graph_max_bs_decode ................. None
  sglang_cuda_graph_max_bs_prefill ................ None
  sglang_cuda_graph_tc_compiler ................... None
  sglang_custom_pull_weights_pre_read_hook ........ None
  sglang_custom_weight_loader ..................... None
  sglang_dcp_comm_backend ......................... None
  sglang_dcp_replicate_q_proj ..................... None
  sglang_dcp_size ................................. 1
  sglang_debug_cuda_graph ......................... False
  sglang_debug_tensor_dump_input_file ............. None
  sglang_debug_tensor_dump_layers ................. None
  sglang_debug_tensor_dump_output_folder .......... None
  sglang_decode_attention_backend ................. None
  sglang_decode_log_interval ...................... 40
  sglang_decoupled_spec_bind_endpoint ............. None
  sglang_decoupled_spec_connect_endpoints ......... None
  sglang_decoupled_spec_rank ...................... None
  sglang_decoupled_spec_role ...................... null
  sglang_decrypted_config_file .................... None
  sglang_decrypted_draft_config_file .............. None
  sglang_deepep_config ............................ None
  sglang_deepep_dispatcher_output_dtype ........... auto
  sglang_deepep_mode .............................. auto
  sglang_deepep_v2_mode ........................... direct
  sglang_default_chat_template_kwargs ............. None
  sglang_default_priority_value ................... None
  sglang_delete_ckpt_after_loading ................ False
  sglang_detokenizer_worker_num ................... 1
  sglang_device ................................... None
  sglang_disable_attn_tp_gather ................... False
  sglang_disable_chunked_prefix_cache ............. False
  sglang_disable_cuda_graph ....................... False
  sglang_disable_cuda_graph_padding ............... False
  sglang_disable_custom_all_reduce ................ False
  sglang_disable_decode_cuda_graph ................ False
  sglang_disable_draft_cuda_graph ................. False
  sglang_disable_fast_image_processor ............. False
  sglang_disable_flashinfer_autotune .............. False
  sglang_disable_flashinfer_cutlass_moe_fp4_allgather  False
  sglang_disable_hybrid_swa_memory ................ False
  sglang_disable_outlines_disk_cache .............. False
  sglang_disable_overlap_schedule ................. False
  sglang_disable_prefill_cuda_graph ............... False
  sglang_disable_priority_preemption .............. False
  sglang_disable_radix_cache ...................... False
  sglang_disable_shared_experts_fusion ............ False
  sglang_disable_tokenizer_batch_decode ........... False
  sglang_disaggregation_bootstrap_port ............ 8998
  sglang_disaggregation_decode_enable_offload_kvcache  False
  sglang_disaggregation_decode_enable_radix_cache . False
  sglang_disaggregation_decode_extra_slots ........ None
  sglang_disaggregation_decode_polling_interval ... 1
  sglang_disaggregation_decode_retraction_backup .. None
  sglang_disaggregation_ib_device ................. None
  sglang_disaggregation_mode ...................... null
  sglang_disaggregation_transfer_backend .......... mooncake
  sglang_dist_timeout ............................. None
  sglang_dllm_algorithm ........................... None
  sglang_dllm_algorithm_config .................... None
  sglang_dllm_fdfo ................................ True
  sglang_download_dir ............................. None
  sglang_dp_size .................................. 1
  sglang_dsa_decode_backend ....................... None
  sglang_dsa_paged_mqa_logits_backend ............. auto
  sglang_dsa_prefill_backend ...................... None
  sglang_dsa_topk_backend ......................... sgl-kernel
  sglang_dsv4_attn_backend ........................ auto
  sglang_dsv4_prefill_backend ..................... auto
  sglang_dtype .................................... auto
  sglang_dwdp_size ................................ 1
  sglang_dynamic_batch_tokenizer_batch_size ....... 32
  sglang_dynamic_batch_tokenizer_batch_timeout .... 0.002
  sglang_elastic_ep_backend ....................... None
  sglang_elastic_ep_initial_size .................. None
  sglang_elastic_ep_rejoin ........................ False
  sglang_elastic_ep_scale_timeout ................. 600
  sglang_enable_adaptive_dispatch_to_encoder ...... False
  sglang_enable_aiter_allreduce_fusion ............ False
  sglang_enable_attn_tp_input_scattered ........... False
  sglang_enable_broadcast_mm_inputs_process ....... False
  sglang_enable_cache_report ...................... False
  sglang_enable_cp_decode_attn_tp ................. False
  sglang_enable_cudagraph_gc ...................... False
  sglang_enable_custom_logit_processor ............ False
  sglang_enable_deepseek_v4_fp4_indexer ........... False
  sglang_enable_dense_mlp_attn_tp ................. False
  sglang_enable_deterministic_inference ........... True
  sglang_enable_dp_attention ...................... False
  sglang_enable_dp_attention_local_control_broadcast  False
  sglang_enable_dp_lm_head ........................ False
  sglang_enable_draft_weights_cpu_backup .......... False
  sglang_enable_dsa_cache_layer_split ............. False
  sglang_enable_dynamic_batch_tokenizer ........... False
  sglang_enable_dynamic_chunking .................. False
  sglang_enable_elastic_expert_backup ............. False
  sglang_enable_engine_info_bootstrap ............. False
  sglang_enable_eplb .............................. False
  sglang_enable_flashinfer_allreduce_fusion ....... False
  sglang_enable_flexkv ............................ False
  sglang_enable_forward_pass_metrics .............. False
  sglang_enable_fp32_lm_head ...................... False
  sglang_enable_fused_moe_sum_all_reduce .......... False
  sglang_enable_fused_qk_norm_rope ................ False
  sglang_enable_hierarchical_cache ................ False
  sglang_enable_hisparse .......................... False
  sglang_enable_http2 ............................. False
  sglang_enable_int8_mamba_checkpoint ............. False
  sglang_enable_layernorm_sp ...................... False
  sglang_enable_layerwise_nvtx_marker ............. False
  sglang_enable_lean_attention .................... None
  sglang_enable_linear_replayssm .................. False
  sglang_enable_linear_replayssm_spec ............. False
  sglang_enable_lmcache ........................... False
  sglang_enable_lora .............................. None
  sglang_enable_lora_overlap_loading .............. None
  sglang_enable_mamba_cache_stochastic_rounding ... False
  sglang_enable_metrics ........................... False
  sglang_enable_metrics_for_all_schedulers ........ False
  sglang_enable_mfu_metrics ....................... False
  sglang_enable_mis ............................... False
  sglang_enable_mixed_chunk ....................... False
  sglang_enable_mm_global_cache ................... False
  sglang_enable_mscclpp ........................... False
  sglang_enable_multi_layer_eagle ................. False
  sglang_enable_multimodal ........................ None
  sglang_enable_nccl_nvls ......................... False
  sglang_enable_p2p_check ......................... False
  sglang_enable_page_major_kv_layout .............. False
  sglang_enable_pdmux ............................. False
  sglang_enable_precise_embedding_interpolation ... False
  sglang_enable_prefill_cp ........................ False
  sglang_enable_prefill_delayer ................... False
  sglang_enable_prefill_only_deterministic_inference  False
  sglang_enable_prefix_mm_cache ................... False
  sglang_enable_priority_scheduling ............... False
  sglang_enable_profile_cuda_graph ................ False
  sglang_enable_quant_communications .............. False
  sglang_enable_rdt_weight_sync ................... False
  sglang_enable_request_time_stats_logging ........ False
  sglang_enable_response_store .................... False
  sglang_enable_return_hidden_states .............. False
  sglang_enable_scattered_sconv ................... False
  sglang_enable_session_radix_cache ............... False
  sglang_enable_shared_experts_attn_tp ............ False
  sglang_enable_single_batch_overlap .............. False
  sglang_enable_ssl_refresh ....................... False
  sglang_enable_streaming_session ................. False
  sglang_enable_strict_thinking ................... False
  sglang_enable_symm_mem .......................... False
  sglang_enable_tf32_matmul ....................... False
  sglang_enable_tokenizer_batch_encode ............ False
  sglang_enable_torch_compile ..................... False
  sglang_enable_torch_compile_debug_mode .......... False
  sglang_enable_torch_symm_mem .................... False
  sglang_enable_tp_lm_head_all_to_all ............. None
  sglang_enable_trace ............................. False
  sglang_enable_two_batch_overlap ................. False
  sglang_enable_unified_cache_external_linker ..... False
  sglang_enable_unified_memory .................... False
  sglang_enable_w4a4_mxfp4_megamoe ................ False
  sglang_enable_waterfill ......................... False
  sglang_enable_weights_cpu_backup ................ False
  sglang_enable_weights_disk_backup ............... False
  sglang_encoder_bootstrap_port ................... 8997
  sglang_encoder_only ............................. False
  sglang_encoder_register_urls .................... []
  sglang_encoder_transfer_backend ................. auto
  sglang_encoder_urls ............................. []
  sglang_enforce_disable_flashinfer_allreduce_fusion  False
  sglang_enforce_shared_experts_fusion ............ False
  sglang_engine_info_bootstrap_port ............... 6789
  sglang_ep_dispatch_algorithm .................... None
  sglang_ep_join_mode ............................. None
  sglang_ep_join_rank_offset ...................... 0
  sglang_ep_num_redundant_experts ................. 0
  sglang_ep_size .................................. 1
  sglang_eplb_algorithm ........................... auto
  sglang_eplb_min_rebalancing_utilization_threshold  1.0
  sglang_eplb_rebalance_layers_per_chunk .......... None
  sglang_eplb_rebalance_num_iterations ............ 1000
  sglang_expert_balancedness_report_mode .......... off
  sglang_expert_distribution_recorder_buffer_size . None
  sglang_expert_distribution_recorder_mode ........ None
  sglang_experts_shared_outer_loras ............... None
  sglang_export_metrics_to_file ................... False
  sglang_export_metrics_to_file_dir ............... None
  sglang_extra_metric_labels ...................... None
  sglang_fastapi_root_path ........................ 
  sglang_file_storage_path ........................ sglang_storage
  sglang_flashinfer_a2a_dispatch_type ............. None
  sglang_flashinfer_allreduce_fusion_backend ...... None
  sglang_flashinfer_autotune_skip_ops ............. None
  sglang_flashinfer_mla_disable_ragged ............ False
  sglang_flashinfer_mxfp4_moe_precision ........... default
  sglang_flexkv_config_file ....................... None
  sglang_forward_hooks ............................ None
  sglang_forward_pass_metrics_ipc_name ............ None
  sglang_forward_pass_metrics_worker_id ........... 
  sglang_fp4_gemm_runner_backend .................. auto
  sglang_fp8_gemm_runner_backend .................. auto
  sglang_fuseep_mode .............................. 2
  sglang_gc_threshold ............................. None
  sglang_gc_warning_threshold_secs ................ 0.0
  sglang_generation_tokens_buckets ................ None
  sglang_grammar_backend .......................... None
  sglang_grpc_mode ................................ False
  sglang_grpc_port ................................ None
  sglang_hf_chat_template_name .................... None
  sglang_hicache_host_memory_mode ................. cache
  sglang_hicache_io_backend ....................... kernel
  sglang_hicache_mem_layout ....................... page_first
  sglang_hicache_ratio ............................ None
  sglang_hicache_size ............................. 0
  sglang_hicache_storage_backend .................. None
  sglang_hicache_storage_backend_extra_config ..... None
  sglang_hicache_storage_prefetch_policy .......... timeout
  sglang_hicache_storage_prefetch_retry_max_attempts  8
  sglang_hicache_storage_prefetch_retry_poll_interval  8
  sglang_hicache_write_policy ..................... write_through
  sglang_hisparse_config .......................... None
  sglang_host ..................................... 127.0.0.1
  sglang_http2_initial_connection_window_size ..... 1048576
  sglang_http2_max_concurrent_streams ............. 200
  sglang_image_processor_backend .................. auto
  sglang_incremental_streaming_output ............. False
  sglang_init_expert_location ..................... trivial
  sglang_int8_mamba_ckpt_size ..................... None
  sglang_is_embedding ............................. False
  sglang_json_model_override_args ................. {}
  sglang_keep_mm_feature_on_device ................ False
  sglang_kt_cpuinfer .............................. None
  sglang_kt_max_deferred_experts_per_token ........ None
  sglang_kt_method ................................ AMXINT4
  sglang_kt_num_gpu_experts ....................... None
  sglang_kt_threadpool_count ...................... 2
  sglang_kt_weight_path ........................... None
  sglang_kv_cache_dtype ........................... auto
  sglang_kv_canary ................................ none
  sglang_kv_canary_real_data ...................... none
  sglang_kv_canary_sweep_interval ................. 0
  sglang_kv_events_config ......................... None
  sglang_language_model_only ...................... False
  sglang_language_only ............................ False
  sglang_limit_mm_data_per_request ................ None
  sglang_linear_attn_backend ...................... triton
  sglang_linear_attn_decode_backend ............... None
  sglang_linear_attn_prefill_backend .............. None
  sglang_linear_attn_verify_backend ............... None
  sglang_linear_replayssm_cache_len ............... 16
  sglang_lmcache_config_file ...................... None
  sglang_load_balance_method ...................... auto
  sglang_load_format .............................. auto
  sglang_load_publish_endpoint .................... None
  sglang_load_snapshot_publish_interval ........... 15
  sglang_log_level ................................ info
  sglang_log_level_http ........................... None
  sglang_log_requests ............................. False
  sglang_log_requests_format ...................... text
  sglang_log_requests_level ....................... 2
  sglang_log_requests_target ...................... None
  sglang_lora_backend ............................. csgmv
  sglang_lora_drain_wait_threshold ................ 0.0
  sglang_lora_eviction_policy ..................... lru
  sglang_lora_no_cpu_backup ....................... False
  sglang_lora_paths ............................... None
  sglang_lora_strict_loading ...................... False
  sglang_lora_target_modules ...................... None
  sglang_lora_use_virtual_experts ................. True
  sglang_mamba_backend ............................ triton
  sglang_mamba_cache_philox_rounds ................ 0
  sglang_mamba_full_memory_ratio .................. None
  sglang_mamba_max_states_per_path ................ -1
  sglang_mamba_radix_cache_strategy ............... auto
  sglang_mamba_ssm_dtype .......................... None
  sglang_mamba_track_interval ..................... 256
  sglang_max_ep_size .............................. None
  sglang_max_loaded_loras ......................... None
  sglang_max_lora_chunk_size ...................... 16
  sglang_max_lora_rank ............................ 16
  sglang_max_loras_per_batch ...................... 8
  sglang_max_mamba_cache_size ..................... None
  sglang_max_prefill_tokens ....................... 16384
  sglang_max_queued_requests ...................... None
  sglang_max_running_requests ..................... None
  sglang_max_total_tokens ......................... None
  sglang_media_url_max_file_size_mb ............... 64
  sglang_mem_fraction_static ...................... 0.4
  sglang_min_free_slots_delay ..................... None
  sglang_mlx_enable_sampling ...................... False
  sglang_mm_attention_backend ..................... None
  sglang_mm_enable_dp_encoder ..................... False
  sglang_mm_feature_transport ..................... None
  sglang_mm_global_cache_backend .................. mooncake
  sglang_mm_io_worker_num ......................... 0
  sglang_mm_preprocess_cache_size_mb .............. None
  sglang_mm_process_config ........................ None
  sglang_mm_processor_worker_num .................. 0
  sglang_model_checksum ........................... None
  sglang_model_config_parser ...................... auto
  sglang_model_impl ............................... auto
  sglang_model_loader_extra_config ................ {}
  sglang_model_routers ............................ None
  sglang_modelexpress_config ...................... None
  sglang_modelopt_checkpoint_restore_path ......... None
  sglang_modelopt_checkpoint_save_path ............ None
  sglang_modelopt_export_path ..................... None
  sglang_modelopt_quant ........................... None
  sglang_moe_a2a_backend .......................... none
  sglang_moe_dense_tp_size ........................ None
  sglang_moe_dp_size .............................. 1
  sglang_moe_runner_backend ....................... auto
  sglang_mooncake_ib_device ....................... None
  sglang_msprobe_dump_config ...................... None
  sglang_num_continuous_decode_steps .............. 1
  sglang_num_reserved_decode_tokens ............... 512
  sglang_numa_node ................................ None
  sglang_offload_group_size ....................... -1
  sglang_offload_mode ............................. cpu
  sglang_offload_num_in_group ..................... 1
  sglang_offload_prefetch_step .................... 1
  sglang_optimistic_prefill_attempts .............. 0
  sglang_otlp_traces_endpoint ..................... localhost:4317
  sglang_page_size ................................ None
  sglang_pdmux_config_path ........................ None
  sglang_ple_offload_backend ...................... pinned
  sglang_ple_offload_dir .......................... None
  sglang_ple_offload_embedding .................... None
  sglang_pp_async_batch_depth ..................... 0
  sglang_pp_max_micro_batch_size .................. None
  sglang_pp_size .................................. 1
  sglang_pre_warm_nccl ............................ False
  sglang_preferred_sampling_params ................ None
  sglang_prefill_attention_backend ................ None
  sglang_prefill_decode_interval .................. None
  sglang_prefill_delayer_forward_passes_buckets ... None
  sglang_prefill_delayer_max_delay_ms ............. None
  sglang_prefill_delayer_max_delay_passes ......... 30
  sglang_prefill_delayer_queue_min_ratio .......... None
  sglang_prefill_delayer_token_usage_low_watermark  None
  sglang_prefill_delayer_wait_seconds_buckets ..... None
  sglang_prefill_max_requests ..................... None
  sglang_prefill_only_disable_kv_cache ............ False
  sglang_priority_scheduling_preemption_threshold . 10
  sglang_prompt_tokens_buckets .................... None
  sglang_quantization ............................. None
  sglang_quantization_param_path .................. None
  sglang_quantize_and_serve ....................... False
  sglang_radix_cache_backend ...................... None
  sglang_radix_eviction_policy .................... lru
  sglang_radix_eviction_policy_config ............. None
  sglang_reasoning_parser ......................... None
  sglang_remote_instance_weight_loader_backend .... nccl
  sglang_remote_instance_weight_loader_seed_instance_ip  None
  sglang_remote_instance_weight_loader_seed_instance_service_port  None
  sglang_remote_instance_weight_loader_send_weights_group_ports  None
  sglang_remote_instance_weight_loader_start_seed_via_transfer_engine  False
  sglang_retraction_policy ........................ length
  sglang_return_hidden_states_mode ................ None
  sglang_return_input_ids ......................... False
  sglang_return_output_ids ........................ False
  sglang_revision ................................. None
  sglang_rl_on_policy_target ...................... None
  sglang_rl_quant_profile ......................... None
  sglang_router_ip ................................ None
  sglang_router_policy ............................ None
  sglang_router_port .............................. 20000
  sglang_router_request_timeout_secs .............. 14400
  sglang_sampling_backend ......................... None
  sglang_sampling_defaults ........................ model
  sglang_sampling_mask_max_tokens ................. 4096
  sglang_schedule_conservativeness ................ 1.0
  sglang_schedule_low_priority_values_first ....... False
  sglang_schedule_policy .......................... fcfs
  sglang_scheduler_recv_interval .................. 1
  sglang_served_model_name ........................ None
  sglang_server_concurrency ....................... 512
  sglang_show_time_cost ........................... False
  sglang_sidecar .................................. None
  sglang_sidecar_args ............................. None
  sglang_skip_tokenizer_init ...................... False
  sglang_sleep_on_idle ............................ False
  sglang_sm_group_num ............................. 8
  sglang_smg_grpc_mode ............................ False
  sglang_smg_http_sidecar_port .................... None
  sglang_soft_watchdog_timeout .................... None
  sglang_spec_trace_dir ........................... None
  sglang_speculative_accept_threshold_acc ......... 1.0
  sglang_speculative_accept_threshold_single ...... 1.0
  sglang_speculative_adaptive ..................... False
  sglang_speculative_adaptive_config .............. None
  sglang_speculative_algorithm .................... None
  sglang_speculative_attention_mode ............... prefill
  sglang_speculative_dflash_block_size ............ None
  sglang_speculative_domino_candidate_pool_size ... 2048
  sglang_speculative_draft_attention_backend ...... None
  sglang_speculative_draft_kv_cache_dtype ......... None
  sglang_speculative_draft_load_format ............ None
  sglang_speculative_draft_model_path ............. None
  sglang_speculative_draft_model_quantization ..... None
  sglang_speculative_draft_model_revision ......... None
  sglang_speculative_draft_window_size ............ None
  sglang_speculative_dsa_topk_backend ............. sgl-kernel
  sglang_speculative_dspark_align_verify_tokens_to_graph_tier  False
  sglang_speculative_dspark_block_size ............ None
  sglang_speculative_dspark_confidence_sts_path ... None
  sglang_speculative_dspark_sps_table_path ........ None
  sglang_speculative_eagle_topk ................... None
  sglang_speculative_moe_a2a_backend .............. None
  sglang_speculative_moe_runner_backend ........... None
  sglang_speculative_ngram_capacity ............... 10000000
  sglang_speculative_ngram_external_corpus_max_tokens  10000000
  sglang_speculative_ngram_external_corpus_path ... None
  sglang_speculative_ngram_external_sam_budget .... 0
  sglang_speculative_ngram_match_type ............. BFS
  sglang_speculative_ngram_max_bfs_breadth ........ 10
  sglang_speculative_ngram_max_trie_depth ......... 18
  sglang_speculative_ngram_min_bfs_breadth ........ 1
  sglang_speculative_num_draft_tokens ............. None
  sglang_speculative_num_steps .................... None
  sglang_speculative_skip_dp_mlp_sync ............. False
  sglang_speculative_token_map .................... None
  sglang_speculative_use_rejection_sampling ....... False
  sglang_ssl_ca_certs ............................. None
  sglang_ssl_certfile ............................. None
  sglang_ssl_keyfile .............................. None
  sglang_ssl_keyfile_password ..................... None
  sglang_startup_weight_load_mode ................. serial
  sglang_stream_interval .......................... 1
  sglang_stream_response_default_include_usage .... False
  sglang_strip_thinking_cache ..................... False
  sglang_swa_full_tokens_ratio .................... None
  sglang_tbo_token_distribution_threshold ......... 0.48
  sglang_tokenizer_backend ........................ huggingface
  sglang_tokenizer_metrics_allowed_custom_labels .. None
  sglang_tokenizer_metrics_custom_labels_header ... x-custom-labels
  sglang_tokenizer_mode ........................... auto
  sglang_tokenizer_path ........................... None
  sglang_tokenizer_worker_num ..................... 1
  sglang_tool_call_parser ......................... None
  sglang_tool_server .............................. None
  sglang_torch_compile_max_bs ..................... 32
  sglang_tp_size .................................. 1
  sglang_trace_modules ............................ request
  sglang_triton_attention_num_kv_splits ........... 8
  sglang_triton_attention_reduce_in_fp32 .......... False
  sglang_triton_attention_split_tile_size ......... None
  sglang_true_on_policy_contract .................. None
  sglang_trust_mm_content_hashes .................. False
  sglang_unified_cache_external_linker_backend .... mooncake
  sglang_uno_lora_path ............................ None
  sglang_use_ray .................................. False
  sglang_uvicorn_access_log_exclude_prefixes ...... []
  sglang_warmups .................................. None
  sglang_watchdog_timeout ......................... 300
  sglang_weight_cache_mode ........................ off
  sglang_weight_cache_socket ...................... None
  sglang_weight_cache_timeout ..................... 1800
  sglang_weight_loader_disable_mmap ............... False
  sglang_weight_loader_drop_cache_after_load ...... False
  sglang_weight_loader_prefetch_checkpoints ....... False
  sglang_weight_loader_prefetch_num_threads ....... 4
  sglang_weight_version ........................... default
  sharp_enabled_group ............................. None
  short_seq_prob .................................. 0.1
  skip_actor_forward_only ......................... False
  skip_eval_before_train .......................... False
  skip_train ...................................... False
  skipped_train_samples ........................... 0
  softmax_type .................................... vanilla
  spec ............................................ None
  special_tokens .................................. None
  split ........................................... None
  squared_relu .................................... False
  start_eval_at_iter .............................. None
  start_rollout_id ................................ 0
  start_weight_decay .............................. 0.01
  starts_inference_engines ........................ True
  step_batch_size_schedule ........................ None
  straggler_ctrlr_port ............................ 65535
  straggler_minmax_count .......................... 1
  stream_optimizer_state_moment_dtype ............. fp32
  stream_optimizer_state_to_disk .................. False
  strict_fsdp_dtensor_load ........................ True
  suggested_communication_unit_size ............... None
  swiglu .......................................... True
  swin_backbone_type .............................. tiny
  symmetric_ar_type ............................... None
  target_modules .................................. down_proj,gate_proj,k_proj,o_proj,q_proj,up_proj,v_proj
  tb_experiment_name .............................. None
  tb_project_name ................................. None
  te_precision_config_file ........................ None
  te_rng_tracker .................................. False
  tensor_model_parallel_size ...................... 1
  tensorboard_dir ................................. None
  tensorboard_log_interval ........................ 1
  tensorboard_queue_size .......................... 1000
  test_data_path .................................. None
  test_mode ....................................... False
  thd_max_packed_sequences ........................ None
  thd_tail_padding_policy ......................... None
  tiktoken_num_special_tokens ..................... 1000
  tiktoken_pattern ................................ None
  timing_log_level ................................ 0
  timing_log_option ............................... minmax
  tis_clip ........................................ 2.0
  tis_clip_low .................................... 0
  titles_data_path ................................ None
  tito_model ...................................... default
  tokenizer_hf_no_include_special_tokens .......... False
  tokenizer_hf_no_use_fast ........................ False
  tokenizer_model ................................. /root/.cache/huggingface/hub/models--Qwen--Qwen3-0.6B/snapshots/c1899de289a04d12100db370d81485cdf75e47ca
  tokenizer_sentencepiece_ignore_extra_whitespaces  True
  tokenizer_sentencepiece_legacy .................. False
  tokenizer_type .................................. HuggingFaceTokenizer
  tool_key ........................................ tools
  torch_fsdp2_reshard_after_forward ............... True
  tp_comm_bootstrap_backend ....................... nccl
  tp_comm_bulk_dgrad .............................. True
  tp_comm_bulk_wgrad .............................. True
  tp_comm_overlap ................................. False
  tp_comm_overlap_ag .............................. True
  tp_comm_overlap_cfg ............................. None
  tp_comm_overlap_rs .............................. True
  tp_comm_overlap_rs_dgrad ........................ False
  tp_comm_split_ag ................................ True
  tp_comm_split_rs ................................ True
  train_backend ................................... megatron
  train_data_path ................................. None
  train_env_vars .................................. {}
  train_iters ..................................... None
  train_memory_margin_bytes ....................... 1073741824
  train_samples ................................... None
  train_sync_interval ............................. None
  trainer_controller_addrs ........................ None
  trainer_heartbeat_checker_failure_threshold ..... 3
  trainer_heartbeat_checker_first_wait ............ 300.0
  trainer_heartbeat_checker_interval .............. 10.0
  trainer_heartbeat_checker_timeout ............... 10.0
  trainer_id ...................................... actor
  trainer_model_id ................................ None
  transformer_impl ................................ transformer_engine
  transformer_pipeline_model_parallel_size ........ 1
  true_on_policy_mode ............................. False
  trust_remote_code ............................... True
  untie_embeddings_and_output_weights ............. False
  update_weight_buffer_size ....................... 536870912
  update_weight_delta_checksum .................... xxh3-128
  update_weight_delta_encoding .................... xor
  update_weight_disk_dir .......................... None
  update_weight_local_checkpoint_dir .............. None
  update_weight_transfer_mode ..................... broadcast
  update_weights_interval ......................... 1
  use_checkpoint_args ............................. False
  use_checkpoint_opt_param_scheduler .............. False
  use_cpu_initialization .......................... None
  use_critic ...................................... False
  use_dist_ckpt ................................... True
  use_dist_ckpt_deprecated ........................ False
  use_distributed_optimizer ....................... True
  use_distributed_post ............................ False
  use_dynamic_batch_size .......................... False
  use_dynamic_global_batch_size ................... False
  use_fault_tolerance ............................. False
  use_flash_attn .................................. False
  use_fused_mhc ................................... False
  use_fused_weighted_squared_relu ................. False
  use_gloo_process_groups ......................... True
  use_grouped_gemm_for_dense_mlp .................. False
  use_grouped_gemm_for_shared_expert .............. False
  use_indexer_replay .............................. False
  use_kitchen_attention ........................... False
  use_kl_loss ..................................... False
  use_layer_wise_distributed_optimizer ............ False
  use_layer_wise_param_layout ..................... False
  use_legacy_static_engine ........................ False
  use_mamba_mem_eff_path .......................... True
  use_megatron_fsdp ............................... False
  use_miles_dashboard ............................. False
  use_miles_router ................................ False
  use_mlflow ...................................... False
  use_mp_args_from_checkpoint_args ................ False
  use_mup ......................................... False
  use_one_sent_docs ............................... False
  use_opd ......................................... False
  use_opsm ........................................ False
  use_persistent_ckpt_worker ...................... False
  use_precision_aware_optimizer ................... False
  use_prometheus .................................. False
  use_pytorch_profiler ............................ False
  use_ring_exchange_p2p ........................... False
  use_rollout_entropy ............................. False
  use_rollout_indexer_replay ...................... False
  use_rollout_logprobs ............................ False
  use_rollout_routing_replay ...................... False
  use_rope_scaling ................................ False
  use_rotary_position_embeddings .................. False
  use_routing_replay .............................. False
  use_sampling_support_replay ..................... False
  use_session_server .............................. False
  use_sharp ....................................... False
  use_te_activation_func .......................... False
  use_tensorboard ................................. False
  use_tis ......................................... False
  use_tokenizer_model_from_checkpoint_args ........ True
  use_torch_fsdp2 ................................. False
  use_torch_optimizer_for_cpu_offload ............. False
  use_tp_pp_dp_mapping ............................ False
  use_transformer_engine_op_fuser ................. False
  use_unbiased_kl ................................. False
  use_varlen_dataset .............................. False
  use_wandb ....................................... False
  v_head_dim ...................................... 128
  valid_data_path ................................. None
  validation_set_names ............................ None
  value_clip ...................................... 0.2
  varlen_mock_dataset_config_json ................. None
  varlen_sbhd_validation .......................... False
  verify_integrity ................................ False
  virtual_pipeline_model_parallel_size ............ None
  vision_backbone_type ............................ vit
  vision_pretraining .............................. False
  vision_pretraining_type ......................... classify
  vocab_extra_ids ................................. 0
  vocab_file ...................................... None
  vocab_size ...................................... 151936
  wandb_always_use_train_step ..................... False
  wandb_dir ....................................... None
  wandb_entity .................................... None
  wandb_exp_name .................................. None
  wandb_group ..................................... None
  wandb_host ...................................... None
  wandb_key ....................................... None
  wandb_mode ...................................... None
  wandb_project ................................... None
  wandb_random_suffix ............................. True
  wandb_run_id .................................... None
  wandb_save_dir .................................. None
  wandb_team ...................................... None
  weight_decay .................................... 0.01
  weight_decay_incr_style ......................... constant
  wgrad_deferral_limit ............................ 0
  window_attn_skip_freq ........................... None
  window_size ..................................... None
  witness_buffer_size ............................. 1048576
  worker_comm_backend ............................. ray
  worker_dynamic_port_start ....................... 20100
  worker_urls ..................................... []
  world_size ...................................... 1
  yaml_cfg ........................................ None
  yarn_beta_fast .................................. None
  yarn_beta_slow .................................. None
  yarn_correction_range_round_to_int .............. None
  yarn_original_max_position_embeddings ........... None
  yeto_rl_dynamic_sampling_max_replacements ....... None
-------------------- end of arguments ---------------------
[2026-09-29 17:58:58.400 main] arguments.py:2843 - --moe-token-dispatcher-type allgather does not support variable sequence length, please use alltoall dispatcher instead.
2026-09-29 17:58:58,412	INFO worker.py:1833 -- Connecting to existing Ray cluster at address: 172.20.10.205:17942...
2026-09-29 17:58:58,436	INFO worker.py:2015 -- Connected to Ray cluster. View the dashboard at [1m[32mhttp://127.0.0.1:8265 [39m[22m
[2026-09-29 17:58:58.589 main] reporter.py:90 - audit op=env_report_summary hostname=modal versions="{\"python\":\"3.12.3\",\"platform\":\"Linux-4.19.0-gvisor-x86_64-with-glibc2.39\",\"torch\":\"2.13.0+cu130\",\"torch_cuda\":\"13.0\"}" repos="{}" num_packages=0 num_env_vars=95 packages_probed=false stored=true
[2026-09-29 17:58:58.593 main] placement_group.py:151 - Creating placement group with 1 GPUs...
[2026-09-29 17:59:00.175 main] placement_group.py:114 -   bundle    0, actual_bundle_index:    0, node: 172.20.10.205, gpu: 0
[2026-09-29 17:59:02.359 main] reporter.py:90 - audit op=env_report_summary hostname=modal versions="{\"python\":\"3.12.3\",\"platform\":\"Linux-4.19.0-gvisor-x86_64-with-glibc2.39\",\"miles\":\"0.1.1\",\"sglang\":\"0.0.0.dev18354+g9f29303be\",\"sglang-router\":\"0.3.2\",\"megatron-core\":\"0.19.0+a84b10547\",\"transformers\":\"5.12.1\",\"ray\":\"2.58.0\",\"flashinfer-python\":\"0.6.18\",\"torch\":\"2.13.0+cu130\",\"torch_cuda\":\"13.0\"}" repos="{\"sglang\":\"9f29303bef1eea38eb613e5f454a52db1326422d\",\"miles\":\"0394715083c91182b5eb0c526eeee4196ac694b9\",\"megatron-core\":\"a84b105473eca9c9c6e49dbf1c8aa460c5cf796e\"}" num_packages=425 num_env_vars=95 packages_probed=true stored=true
[36m(pid=47696)[0m /opt/sglang/lib/python3.12/site-packages/transformer_engine/__init__.py:103: RuntimeWarning: Detected a Jax installation but could not find the shared object file for the Transformer Engine Jax extension library. If this is not intentional, please reinstall Transformer Engine with `pip install transformer_engine[jax]` or build from source with `NVTE_FRAMEWORK=jax`.
[36m(pid=47696)[0m   warnings.warn(
[36m(pid=47696)[0m Flax classes are deprecated and will be removed in Diffusers v1.0.0. We recommend migrating to PyTorch classes or pinning your version of Diffusers.
[36m(pid=47696)[0m Flax classes are deprecated and will be removed in Diffusers v1.0.0. We recommend migrating to PyTorch classes or pinning your version of Diffusers.
[36m(pid=47696)[0m WARNING:megatron.bridge.models.muse_glimmer:Muse Glimmer Hugging Face classes are unavailable with transformers 5.12.1. Upgrade transformers to a version that supports Muse Glimmer.
[36m(pid=47696)[0m WARNING:miles_plugins.models.qwen3_vl:megatron-bridge Qwen3VLModel lacks native CP-local vision-embed selection; CP runs with vision tokens will mis-place vision embeddings. Apply the matching Megatron-Bridge patch (radixark/Megatron-Bridge PR #9).
[36m(RayWorkerManager pid=47696)[0m [2026-09-29 17:59:28.440 worker_manager] reporter.py:90 - audit op=env_report_summary hostname=modal versions="{\"python\":\"3.12.3\",\"platform\":\"Linux-4.19.0-gvisor-x86_64-with-glibc2.39\",\"torch\":\"2.13.0+cu130\",\"torch_cuda\":\"13.0\"}" repos="{}" num_packages=0 num_env_vars=96 packages_probed=false stored=true
[36m(RayWorkerManager pid=47696)[0m [2026-09-29 17:59:33.207 worker_manager] reporter.py:90 - audit op=env_report_summary hostname=modal versions="{\"python\":\"3.12.3\",\"platform\":\"Linux-4.19.0-gvisor-x86_64-with-glibc2.39\",\"miles\":\"0.1.1\",\"sglang\":\"0.0.0.dev18354+g9f29303be\",\"sglang-router\":\"0.3.2\",\"megatron-core\":\"0.19.0+a84b10547\",\"transformers\":\"5.12.1\",\"ray\":\"2.58.0\",\"flashinfer-python\":\"0.6.18\",\"torch\":\"2.13.0+cu130\",\"torch_cuda\":\"13.0\"}" repos="{\"sglang\":\"9f29303bef1eea38eb613e5f454a52db1326422d\",\"miles\":\"0394715083c91182b5eb0c526eeee4196ac694b9\",\"megatron-core\":\"a84b105473eca9c9c6e49dbf1c8aa460c5cf796e\"}" num_packages=425 num_env_vars=96 packages_probed=true stored=true
[36m(pid=48042)[0m /opt/sglang/lib/python3.12/site-packages/transformer_engine/__init__.py:103: RuntimeWarning: Detected a Jax installation but could not find the shared object file for the Transformer Engine Jax extension library. If this is not intentional, please reinstall Transformer Engine with `pip install transformer_engine[jax]` or build from source with `NVTE_FRAMEWORK=jax`.
[36m(pid=48042)[0m   warnings.warn(
[36m(pid=48038)[0m /opt/sglang/lib/python3.12/site-packages/transformer_engine/__init__.py:103: RuntimeWarning: Detected a Jax installation but could not find the shared object file for the Transformer Engine Jax extension library. If this is not intentional, please reinstall Transformer Engine with `pip install transformer_engine[jax]` or build from source with `NVTE_FRAMEWORK=jax`.[32m [repeated 5x across cluster] (Ray deduplicates logs by default. Set RAY_DEDUP_LOGS=0 to disable log deduplication, or see https://docs.ray.io/en/master/ray-observability/user-guides/configure-logging.html#log-deduplication for more options.)[0m
[36m(pid=48038)[0m   warnings.warn([32m [repeated 5x across cluster][0m
[36m(pid=48038)[0m Flax classes are deprecated and will be removed in Diffusers v1.0.0. We recommend migrating to PyTorch classes or pinning your version of Diffusers.
[36m(pid=48038)[0m Flax classes are deprecated and will be removed in Diffusers v1.0.0. We recommend migrating to PyTorch classes or pinning your version of Diffusers.
[36m(pid=48038)[0m WARNING:megatron.bridge.models.muse_glimmer:Muse Glimmer Hugging Face classes are unavailable with transformers 5.12.1. Upgrade transformers to a version that supports Muse Glimmer.
[36m(pid=48038)[0m WARNING:miles_plugins.models.qwen3_vl:megatron-bridge Qwen3VLModel lacks native CP-local vision-embed selection; CP runs with vision tokens will mis-place vision embeddings. Apply the matching Megatron-Bridge patch (radixark/Megatron-Bridge PR #9).
[36m(pid=48043)[0m Flax classes are deprecated and will be removed in Diffusers v1.0.0. We recommend migrating to PyTorch classes or pinning your version of Diffusers.[32m [repeated 8x across cluster][0m
[36m(RolloutExecutor pid=48036)[0m [2026-09-29 18:00:24.362 rollout_executor] reporter.py:90 - audit op=env_report_summary hostname=modal versions="{\"python\":\"3.12.3\",\"platform\":\"Linux-4.19.0-gvisor-x86_64-with-glibc2.39\",\"torch\":\"2.13.0+cu130\",\"torch_cuda\":\"13.0\"}" repos="{}" num_packages=0 num_env_vars=96 packages_probed=false stored=true
[36m(pid=48043)[0m WARNING:megatron.bridge.models.muse_glimmer:Muse Glimmer Hugging Face classes are unavailable with transformers 5.12.1. Upgrade transformers to a version that supports Muse Glimmer.[32m [repeated 4x across cluster][0m
[36m(pid=48043)[0m WARNING:miles_plugins.models.qwen3_vl:megatron-bridge Qwen3VLModel lacks native CP-local vision-embed selection; CP runs with vision tokens will mis-place vision embeddings. Apply the matching Megatron-Bridge patch (radixark/Megatron-Bridge PR #9).[32m [repeated 4x across cluster][0m
[36m(MegatronTrainRayActor pid=48395)[0m [2026-09-29 18:00:25.875 actor_cell00000_rank00000] reporter.py:90 - audit op=env_report_summary hostname=modal versions="{\"python\":\"3.12.3\",\"platform\":\"Linux-4.19.0-gvisor-x86_64-with-glibc2.39\",\"torch\":\"2.13.0+cu130\",\"torch_cuda\":\"13.0\"}" repos="{}" num_packages=0 num_env_vars=115 packages_probed=false stored=true
[36m(RolloutExecutor pid=48036)[0m [2026-09-29 18:00:28.474 rollout_executor] reporter.py:90 - audit op=env_report_summary hostname=modal versions="{\"python\":\"3.12.3\",\"platform\":\"Linux-4.19.0-gvisor-x86_64-with-glibc2.39\",\"miles\":\"0.1.1\",\"sglang\":\"0.0.0.dev18354+g9f29303be\",\"sglang-router\":\"0.3.2\",\"megatron-core\":\"0.19.0+a84b10547\",\"transformers\":\"5.12.1\",\"ray\":\"2.58.0\",\"flashinfer-python\":\"0.6.18\",\"torch\":\"2.13.0+cu130\",\"torch_cuda\":\"13.0\"}" repos="{\"sglang\":\"9f29303bef1eea38eb613e5f454a52db1326422d\",\"miles\":\"0394715083c91182b5eb0c526eeee4196ac694b9\",\"megatron-core\":\"a84b105473eca9c9c6e49dbf1c8aa460c5cf796e\"}" num_packages=425 num_env_vars=96 packages_probed=true stored=true
[36m(MegatronTrainRayActor pid=48395)[0m [2026-09-29 18:00:29.941 actor_cell00000_rank00000] reporter.py:90 - audit op=env_report_summary hostname=modal versions="{\"python\":\"3.12.3\",\"platform\":\"Linux-4.19.0-gvisor-x86_64-with-glibc2.39\",\"miles\":\"0.1.1\",\"sglang\":\"0.0.0.dev18354+g9f29303be\",\"sglang-router\":\"0.3.2\",\"megatron-core\":\"0.19.0+a84b10547\",\"transformers\":\"5.12.1\",\"ray\":\"2.58.0\",\"flashinfer-python\":\"0.6.18\",\"torch\":\"2.13.0+cu130\",\"torch_cuda\":\"13.0\"}" repos="{\"sglang\":\"9f29303bef1eea38eb613e5f454a52db1326422d\",\"miles\":\"0394715083c91182b5eb0c526eeee4196ac694b9\",\"megatron-core\":\"a84b105473eca9c9c6e49dbf1c8aa460c5cf796e\"}" num_packages=425 num_env_vars=115 packages_probed=true stored=true
[36m(pid=48044)[0m Flax classes are deprecated and will be removed in Diffusers v1.0.0. We recommend migrating to PyTorch classes or pinning your version of Diffusers.
[36m(pid=48044)[0m Flax classes are deprecated and will be removed in Diffusers v1.0.0. We recommend migrating to PyTorch classes or pinning your version of Diffusers.
[36m(pid=48044)[0m WARNING:megatron.bridge.models.muse_glimmer:Muse Glimmer Hugging Face classes are unavailable with transformers 5.12.1. Upgrade transformers to a version that supports Muse Glimmer.
[36m(pid=48044)[0m WARNING:miles_plugins.models.qwen3_vl:megatron-bridge Qwen3VLModel lacks native CP-local vision-embed selection; CP runs with vision tokens will mis-place vision embeddings. Apply the matching Megatron-Bridge patch (radixark/Megatron-Bridge PR #9).
[36m(RayWorkerManager pid=47696)[0m [2026-09-29 18:00:39.631 worker_manager] inference.py:186 - Launch router with args: {'worker_urls': [], 'policy': 'cache_aware', 'prefill_policy': None, 'decode_policy': None, 'cache_threshold': 0.3, 'balance_abs_threshold': 64, 'balance_rel_threshold': 1.5, 'bucket_adjust_interval_secs': 5, 'eviction_interval_secs': 60, 'max_tree_size': 67108864, 'max_idle_secs': 14400, 'assignment_mode': 'random', 'max_payload_size': 536870912, 'dp_aware': False, 'enable_igw': False, 'allow_requests_without_routing_key': False, 'mini_lb': False, 'test_external_dp_routing': False, 'pd_disaggregation': False, 'prefill': None, 'decode': None, 'worker_startup_timeout_secs': 1800, 'worker_startup_check_interval': 30, 'log_dir': None, 'log_level': 'warn', 'json_log': False, 'service_discovery': False, 'selector': {}, 'service_discovery_port': 80, 'service_discovery_namespace': None, 'prefill_selector': {}, 'decode_selector': {}, 'prometheus_port': 20102, 'prometheus_host': '0.0.0.0', 'prometheus_duration_buckets': None, 'request_id_headers': None, 'request_timeout_secs': 14400, 'shutdown_grace_period_secs': 180, 'cors_allowed_origins': [], 'max_concurrent_requests': -1, 'queue_size': 100, 'queue_timeout_secs': 60, 'rate_limit_tokens_per_second': None, 'retry_max_retries': 5, 'retry_initial_backoff_ms': 50, 'retry_max_backoff_ms': 30000, 'retry_backoff_multiplier': 1.5, 'retry_jitter_factor': 0.2, 'disable_retries': False, 'cb_failure_threshold': 10, 'cb_success_threshold': 3, 'cb_timeout_duration_secs': 60, 'cb_window_duration_secs': 120, 'disable_circuit_breaker': False, 'health_failure_threshold': 3, 'health_success_threshold': 2, 'health_check_timeout_secs': 5, 'health_check_interval_secs': 60, 'health_check_endpoint': '/health', 'disable_health_check': False, 'model_path': None, 'tokenizer_path': None, 'chat_template': None, 'tokenizer_cache_enable_l0': False, 'tokenizer_cache_l0_max_entries': 10000, 'tokenizer_cache_enable_l1': False, 'tokenizer_cache_l1_max_memory': 52428800, 'reasoning_parser': None, 'tool_call_parser': None, 'mcp_config_path': None, 'backend': 'sglang', 'history_backend': 'memory', 'oracle_wallet_path': None, 'oracle_tns_alias': None, 'oracle_connect_descriptor': None, 'oracle_username': None, 'oracle_password': None, 'oracle_pool_min': 1, 'oracle_pool_max': 16, 'oracle_pool_timeout_secs': 30, 'postgres_db_url': None, 'postgres_pool_max': 16, 'redis_url': None, 'redis_pool_max': 16, 'redis_retention_days': 30, 'client_cert_path': None, 'client_key_path': None, 'ca_cert_paths': [], 'tls_cert_path': None, 'tls_key_path': None, 'enable_trace': False, 'otlp_traces_endpoint': 'localhost:4317', 'api_key': None, 'control_plane_api_keys': [], 'control_plane_audit_enabled': False, 'jwt_issuer': None, 'jwt_audience': None, 'jwt_jwks_uri': None, 'jwt_role_mapping': [], 'host': '172.20.10.205', 'port': 20000}
[36m(RayWorkerManager pid=47696)[0m [2026-09-29 18:00:39.635 worker_manager] sglang_engine.py:169 - No pre-trained LoRA adapter_path provided, will use random initial weights
[36m(RayWorkerManager pid=47696)[0m [2026-09-29 18:00:39.635 worker_manager] sglang_engine.py:178 - LoRA + colocate: enabling SGLang enable_weights_cpu_backup=True; the trainer will skip per-step base weight sync.
[36m(CommandActor pid=48042)[0m [process_trampoline pid=49263] bound to parent 48042; exec ['/bin/sh', '-c', 'exec /opt/sglang/bin/python -m sglang_router.launch_router --log-level warn --prometheus-port 20102 --request-timeout-secs 14400 --host 172.20.10.205 --port 20000']
[36m(CommandActor pid=48043)[0m [process_trampoline pid=49265] bound to parent 48043; exec ['/bin/sh', '-c', 'exec /opt/sglang/bin/python -m sglang.launch_server --trust-remote-code --model-path /root/.cache/huggingface/hub/models--Qwen--Qwen3-0.6B/snapshots/c1899de289a04d12100db370d81485cdf75e47ca --host 172.20.10.205 --port 20101 --device cuda --random-seed 17 --enable-memory-saver --nccl-port 20134 --dist-init-addr 172.20.10.205:20103 --gated-launch-port 20136 --skip-server-warmup --enable-draft-weights-cpu-backup --enable-metrics --engine-info-bootstrap-port 20135 --enable-lora --max-loras-per-batch 1 --max-lora-rank 16 --lora-target-modules down_proj gate_proj k_proj o_proj q_proj up_proj v_proj --enable-weights-cpu-backup --mem-fraction-static 0.4 --cuda-graph-backend-prefill disabled --lora-use-virtual-experts --enable-deterministic-inference']
[2026-09-29 18:00:40.694 main] router_manager.py:64 - Router ready at host='172.20.10.205' port=20000 external_host=None
[36m(InferenceController pid=48038)[0m [2026-09-29 18:00:40.746 inference_controller] reporter.py:90 - audit op=env_report_summary hostname=modal versions="{\"python\":\"3.12.3\",\"platform\":\"Linux-4.19.0-gvisor-x86_64-with-glibc2.39\",\"torch\":\"2.13.0+cu130\",\"torch_cuda\":\"13.0\"}" repos="{}" num_packages=0 num_env_vars=96 packages_probed=false stored=true
[36m(InferenceController pid=48038)[0m [2026-09-29 18:00:40.761 inference_controller] router_manager.py:64 - Router ready at host='172.20.10.205' port=20000 external_host=None
[36m(RolloutExecutor pid=48036)[0m [2026-09-29 18:00:40.776 rollout_executor] router_manager.py:64 - Router ready at host='172.20.10.205' port=20000 external_host=None
[36m(RolloutExecutor pid=48036)[0m [2026-09-29 18:00:43.298 rollout_executor] data.py:133 - Filtered 0 samples longer than max_length=1023.
[36m(RolloutExecutor pid=48036)[0m [2026-09-29 18:00:43.696 rollout_executor] rollout_executor.py:117 - import miles.rollout.inference_rollout.inference_rollout_common.InferenceRolloutFn as generate_rollout function.
[36m(RolloutExecutor pid=48036)[0m [2026-09-29 18:00:43.696 rollout_executor] rollout_executor.py:118 - import miles.rollout.inference_rollout.inference_rollout_common.InferenceRolloutFn as eval_generate_rollout function.
[36m(TrainerController pid=48044)[0m [2026-09-29 18:00:43.762 trainer_controller_actor] reporter.py:90 - audit op=env_report_summary hostname=modal versions="{\"python\":\"3.12.3\",\"platform\":\"Linux-4.19.0-gvisor-x86_64-with-glibc2.39\",\"torch\":\"2.13.0+cu130\",\"torch_cuda\":\"13.0\"}" repos="{}" num_packages=0 num_env_vars=96 packages_probed=false stored=true
[36m(TrainerController pid=48044)[0m Using blocking ray.get inside async actor. This blocks the event loop. Please use `await` on object ref with asyncio.gather if you want to yield execution to the event loop instead.
[36m(InferenceController pid=48038)[0m [2026-09-29 18:00:44.896 inference_controller] reporter.py:90 - audit op=env_report_summary hostname=modal versions="{\"python\":\"3.12.3\",\"platform\":\"Linux-4.19.0-gvisor-x86_64-with-glibc2.39\",\"miles\":\"0.1.1\",\"sglang\":\"0.0.0.dev18354+g9f29303be\",\"sglang-router\":\"0.3.2\",\"megatron-core\":\"0.19.0+a84b10547\",\"transformers\":\"5.12.1\",\"ray\":\"2.58.0\",\"flashinfer-python\":\"0.6.18\",\"torch\":\"2.13.0+cu130\",\"torch_cuda\":\"13.0\"}" repos="{\"sglang\":\"9f29303bef1eea38eb613e5f454a52db1326422d\",\"miles\":\"0394715083c91182b5eb0c526eeee4196ac694b9\",\"megatron-core\":\"a84b105473eca9c9c6e49dbf1c8aa460c5cf796e\"}" num_packages=425 num_env_vars=96 packages_probed=true stored=true
[36m(TrainerController pid=48044)[0m [2026-09-29 18:00:46.492 trainer_controller_actor] cell.py:231 - ft op=execute phase=start cell=trainer-engine-actor-00000 fn=configure_master_addr_and_port n_actors=1
[36m(TrainerController pid=48044)[0m [2026-09-29 18:00:46.499 trainer_controller_actor] cell.py:239 - ft op=execute phase=end cell=trainer-engine-actor-00000 fn=configure_master_addr_and_port ok=true elapsed_s=0.0
[36m(TrainerController pid=48044)[0m [2026-09-29 18:00:46.499 trainer_controller_actor] cell.py:231 - ft op=execute phase=start cell=trainer-engine-actor-00000 fn=init n_actors=1
[36m(MegatronTrainRayActor pid=48395)[0m [2026-09-29 18:00:46.504 actor_cell00000_rank00000] structured_log.py:24 - actor cls=MegatronTrainRayActor fn=init phase=start
[36m(MegatronTrainRayActor pid=48395)[0m [2026-09-29 18:00:46.504 actor_cell00000_rank00000] reloadable_process_group.py:21 - Applying monkey patch to torch.distributed
[36m(MegatronTrainRayActor pid=48395)[0m [2026-09-29 18:00:46.706 actor_cell00000_rank00000] reporter.py:90 - audit op=env_report_summary hostname=modal versions="{\"python\":\"3.12.3\",\"platform\":\"Linux-4.19.0-gvisor-x86_64-with-glibc2.39\",\"torch\":\"2.13.0+cu130\",\"torch_cuda\":\"13.0\"}" repos="{}" num_packages=0 num_env_vars=117 packages_probed=false stored=true
[36m(MegatronTrainRayActor pid=48395)[0m [2026-09-29 18:00:46.814 actor_cell00000_rank00000] train_actor.py:161 - Warning: Failed to set NUMA affinity: Unknown Error
[36m(MegatronTrainRayActor pid=48395)[0m [2026-09-29 18:00:46.831 actor_cell00000_rank00000] initialize.py:46 - > setting random seeds to 17 ...
[36m(MegatronTrainRayActor pid=48395)[0m [2026-09-29 18:00:48.221 actor_cell00000_rank00000] actor.py:183 - Set torch_memory_saver.memory_margin_bytes to 1073741824
[36m(MegatronTrainRayActor pid=48395)[0m /root/Megatron-LM/megatron/core/models/mimo/config/base_configs.py:12: UserWarning: MimoModelConfig is experimental and still under active development. The API may change without notice in future releases.
[36m(MegatronTrainRayActor pid=48395)[0m   class MimoModelConfig:
[36m(TrainerController pid=48044)[0m [2026-09-29 18:00:48.431 trainer_controller_actor] reporter.py:90 - audit op=env_report_summary hostname=modal versions="{\"python\":\"3.12.3\",\"platform\":\"Linux-4.19.0-gvisor-x86_64-with-glibc2.39\",\"miles\":\"0.1.1\",\"sglang\":\"0.0.0.dev18354+g9f29303be\",\"sglang-router\":\"0.3.2\",\"megatron-core\":\"0.19.0+a84b10547\",\"transformers\":\"5.12.1\",\"ray\":\"2.58.0\",\"flashinfer-python\":\"0.6.18\",\"torch\":\"2.13.0+cu130\",\"torch_cuda\":\"13.0\"}" repos="{\"sglang\":\"9f29303bef1eea38eb613e5f454a52db1326422d\",\"miles\":\"0394715083c91182b5eb0c526eeee4196ac694b9\",\"megatron-core\":\"a84b105473eca9c9c6e49dbf1c8aa460c5cf796e\"}" num_packages=425 num_env_vars=96 packages_probed=true stored=true
[36m(MegatronTrainRayActor pid=48395)[0m [2026-09-29 18:00:48.366 actor_cell00000_rank00000] auto_bridge.py:600 - Loading a model with trust_remote_code=True allows arbitrary code execution from the model repository. Only use this with models you trust.
[36m(MegatronTrainRayActor pid=48395)[0m /opt/sglang/lib/python3.12/site-packages/megatron/bridge/models/qwen/qwen3_bridge.py:45: FutureWarning: Qwen3Bridge.provider_bridge() and AutoBridge.to_megatron_provider() are deprecated for builder-backed models. Use AutoBridge.get_model_config() for training recipes or AutoBridge.get_model() to construct a model. Legacy provider support will be removed in a future release.
[36m(MegatronTrainRayActor pid=48395)[0m   provider = super().provider_bridge(hf_pretrained)
[36m(MegatronTrainRayActor pid=48395)[0m [transformers] `torch_dtype` is deprecated! Use `dtype` instead!
[36m(MegatronTrainRayActor pid=48395)[0m /root/Megatron-LM/megatron/core/transformer/transformer_config.py:3249: UserWarning: full scope is deprecated. Use empty cuda_graph_modules to capture the whole layer.
[36m(MegatronTrainRayActor pid=48395)[0m   warnings.warn(
[36m(MegatronTrainRayActor pid=48395)[0m [2026-09-29 18:00:48.425 actor_cell00000_rank00000] utils.py:121 - Patched _ParamAndGradBuffer.__init__ for LoRA colocate mode (disable cpu backup)
[36m(MegatronTrainRayActor pid=48395)[0m /root/Megatron-LM/megatron/core/models/gpt/gpt_layer_specs.py:225: UserWarning: The fp8 argument in "get_gpt_layer_with_transformer_engine_spec" has been deprecated and will be removed soon. Please update your code accordingly.
[36m(MegatronTrainRayActor pid=48395)[0m   warnings.warn(
[36m(MegatronTrainRayActor pid=48395)[0m [2026-09-29 18:00:49.074 actor_cell00000_rank00000] utils.py:158 - Created CanonicalLoRA: rank=16, alpha=16, dropout=0.0, target_modules=['decoder.layers.*.self_attention.linear_proj', 'decoder.layers.*.mlp.linear_fc2', 'decoder.layers.*.self_attention.linear_k', 'decoder.layers.*.self_attention.linear_q', 'decoder.layers.*.self_attention.linear_v', 'decoder.layers.*.mlp.linear_fc1_up', 'decoder.layers.*.mlp.linear_fc1_gate']
[36m(MegatronTrainRayActor pid=48395)[0m [2026-09-29 18:00:50.518 actor_cell00000_rank00000] checkpoint.py:215 - Load checkpoint from HuggingFace model into Megatron (path=/root/.cache/huggingface/hub/models--Qwen--Qwen3-0.6B/snapshots/c1899de289a04d12100db370d81485cdf75e47ca)
[36m(MegatronTrainRayActor pid=48395)[0m [2026-09-29 18:00:50.523 actor_cell00000_rank00000] auto_bridge.py:600 - Loading a model with trust_remote_code=True allows arbitrary code execution from the model repository. Only use this with models you trust.
[36m(CommandActor pid=48043)[0m /opt/sglang-next/python/sglang/launch_server.py:71: UserWarning: 'python -m sglang.launch_server' is still supported, but 'sglang serve' is the recommended entrypoint.
[36m(CommandActor pid=48043)[0m   Example: sglang serve --model-path <model> [options]
[36m(MegatronTrainRayActor pid=48395)[0m [2026-09-29 18:00:52.193 actor_cell00000_rank00000] auto_bridge.py:600 - Loading a model with trust_remote_code=True allows arbitrary code execution from the model repository. Only use this with models you trust.
[36m(MegatronTrainRayActor pid=48395)[0m [2026-09-29 18:00:52.196 actor_cell00000_rank00000] auto_bridge.py:600 - Loading a model with trust_remote_code=True allows arbitrary code execution from the model repository. Only use this with models you trust.
[36m(MegatronTrainRayActor pid=48395)[0m [2026-09-29 18:00:52.198 actor_cell00000_rank00000] structured_log.py:24 - actor cls=MegatronTrainRayActor fn=sleep phase=start
[36m(MegatronTrainRayActor pid=48395)[0m [2026-09-29 18:00:52.198 actor_cell00000_rank00000] timer.py:31 - Timer sleep start
[36m(MegatronTrainRayActor pid=48395)[0m [2026-09-29 18:00:52.798 actor_cell00000_rank00000] memory_utils.py:41 - [Rank 0] Memory-Usage before offload model: {'gpu': '0', 'total_GB': 79.18, 'free_GB': 76.13, 'used_GB': 3.05, 'allocated_GB': 1.2, 'reserved_GB': 1.27}
[2026-09-29 18:00:53.132 main] placement_group.py:206 - trainer 'actor' restored rollout 1, and --start-rollout-id 0 was asked for, so it starts at 0
[36m(TrainerController pid=48044)[0m [2026-09-29 18:00:53.130 trainer_controller_actor] cell.py:239 - ft op=execute phase=end cell=trainer-engine-actor-00000 fn=init ok=true elapsed_s=6.6
[36m(TrainerController pid=48044)[0m [2026-09-29 18:00:53.130 trainer_controller_actor] cell.py:194 - ft op=state phase=start name=_mark_as_alive cell=trainer-engine-actor-00000 from_state=StateAllocatedUninitialized
[36m(TrainerController pid=48044)[0m [2026-09-29 18:00:53.130 trainer_controller_actor] cell.py:205 - ft op=state phase=end name=_mark_as_alive cell=trainer-engine-actor-00000 to_state=StateAllocatedAlive
[36m(TrainerController pid=48044)[0m [2026-09-29 18:00:53.134 trainer_controller_actor] cell.py:231 - ft op=execute phase=start cell=trainer-engine-actor-00000 fn=get_train_parallel_config n_actors=1
[36m(TrainerController pid=48044)[0m [2026-09-29 18:00:53.136 trainer_controller_actor] cell.py:239 - ft op=execute phase=end cell=trainer-engine-actor-00000 fn=get_train_parallel_config ok=true elapsed_s=0.0
[36m(MegatronTrainRayActor pid=48395)[0m [2026-09-29 18:00:53.128 actor_cell00000_rank00000] memory_utils.py:41 - [Rank 0] Memory-Usage after offload model: {'gpu': '0', 'total_GB': 79.18, 'free_GB': 77.38, 'used_GB': 1.8, 'allocated_GB': 1.2, 'reserved_GB': 1.27}
[36m(MegatronTrainRayActor pid=48395)[0m [2026-09-29 18:00:53.128 actor_cell00000_rank00000] timer.py:42 - Timer sleep end (elapsed: 0.9s)
[36m(MegatronTrainRayActor pid=48395)[0m [2026-09-29 18:00:53.128 actor_cell00000_rank00000] structured_log.py:28 - actor cls=MegatronTrainRayActor fn=sleep phase=end ok=true elapsed_s=0.9
[36m(MegatronTrainRayActor pid=48395)[0m [2026-09-29 18:00:53.128 actor_cell00000_rank00000] timer.py:31 - Timer train_wait start
[36m(MegatronTrainRayActor pid=48395)[0m [2026-09-29 18:00:53.129 actor_cell00000_rank00000] structured_log.py:28 - actor cls=MegatronTrainRayActor fn=init phase=end ok=true elapsed_s=6.6
[36m(RolloutExecutor pid=48036)[0m [2026-09-29 18:00:53.142 rollout_executor] data_source.py:154 - no dataset state under /root/.cache/huggingface/hub/models--Qwen--Qwen3-0.6B/snapshots/c1899de289a04d12100db370d81485cdf75e47ca/rollout/global_dataset_state_dict_-1.pt: the dataset starts where a fresh run's would
[36m(TrainerController pid=48044)[0m [2026-09-29 18:00:53.166 trainer_controller_actor] cell.py:231 - ft op=execute phase=start cell=trainer-engine-actor-00000 fn=run_plugin n_actors=1
[36m(MegatronTrainRayActor pid=48395)[0m [2026-09-29 18:00:53.172 actor_cell00000_rank00000] structured_log.py:24 - actor cls=MegatronTrainRayActor fn=wake_up phase=start
[36m(MegatronTrainRayActor pid=48395)[0m [2026-09-29 18:00:53.172 actor_cell00000_rank00000] timer.py:31 - Timer wake_up start
[36m(MegatronTrainRayActor pid=48395)[0m [2026-09-29 18:00:53.173 actor_cell00000_rank00000] memory_utils.py:41 - [Rank 0] Memory-Usage before wake_up model: {'gpu': '0', 'total_GB': 79.18, 'free_GB': 77.38, 'used_GB': 1.8, 'allocated_GB': 1.2, 'reserved_GB': 1.27}
[36m(MegatronTrainRayActor pid=48395)[0m [2026-09-29 18:00:53.876 actor_cell00000_rank00000] reloadable_process_group.py:151 - Reloading 0 process groups in pid 48395
[36m(MegatronTrainRayActor pid=48395)[0m [2026-09-29 18:00:53.877 actor_cell00000_rank00000] memory_utils.py:41 - [Rank 0] Memory-Usage after wake_up model: {'gpu': '0', 'total_GB': 79.18, 'free_GB': 76.13, 'used_GB': 3.05, 'allocated_GB': 1.2, 'reserved_GB': 1.27}
[36m(MegatronTrainRayActor pid=48395)[0m [2026-09-29 18:00:53.877 actor_cell00000_rank00000] timer.py:42 - Timer wake_up end (elapsed: 0.7s)
[36m(MegatronTrainRayActor pid=48395)[0m [2026-09-29 18:00:53.877 actor_cell00000_rank00000] structured_log.py:28 - actor cls=MegatronTrainRayActor fn=wake_up phase=end ok=true elapsed_s=0.7
[36m(MegatronTrainRayActor pid=48395)[0m [2026-09-29 18:00:53.878 actor_cell00000_rank00000] auto_bridge.py:600 - Loading a model with trust_remote_code=True allows arbitrary code execution from the model repository. Only use this with models you trust.
[36m(CommandActor pid=48043)[0m   warnings.warn(
[36m(MegatronTrainRayActor pid=48395)[0m [2026-09-29 18:00:54.043 actor_cell00000_rank00000] structured_log.py:24 - actor cls=MegatronTrainRayActor fn=sleep phase=start
[36m(MegatronTrainRayActor pid=48395)[0m [2026-09-29 18:00:54.043 actor_cell00000_rank00000] timer.py:31 - Timer sleep start
[36m(MegatronTrainRayActor pid=48395)[0m [2026-09-29 18:00:54.569 actor_cell00000_rank00000] memory_utils.py:41 - [Rank 0] Memory-Usage before offload model: {'gpu': '0', 'total_GB': 79.18, 'free_GB': 76.13, 'used_GB': 3.05, 'allocated_GB': 1.2, 'reserved_GB': 1.27}
[36m(MegatronTrainRayActor pid=48395)[0m [2026-09-29 18:00:54.887 actor_cell00000_rank00000] memory_utils.py:41 - [Rank 0] Memory-Usage after offload model: {'gpu': '0', 'total_GB': 79.18, 'free_GB': 77.38, 'used_GB': 1.8, 'allocated_GB': 1.2, 'reserved_GB': 1.27}
[36m(MegatronTrainRayActor pid=48395)[0m [2026-09-29 18:00:54.887 actor_cell00000_rank00000] timer.py:42 - Timer sleep end (elapsed: 0.8s)
[36m(MegatronTrainRayActor pid=48395)[0m [2026-09-29 18:00:54.887 actor_cell00000_rank00000] structured_log.py:28 - actor cls=MegatronTrainRayActor fn=sleep phase=end ok=true elapsed_s=0.8
[36m(TrainerController pid=48044)[0m [2026-09-29 18:00:55.209 trainer_controller_actor] cell.py:239 - ft op=execute phase=end cell=trainer-engine-actor-00000 fn=run_plugin ok=true elapsed_s=2.0
[36m(TrainerController pid=48044)[0m [2026-09-29 18:00:55.798 trainer_controller_actor] cell.py:231 - ft op=execute phase=start cell=trainer-engine-actor-00000 fn=run_plugin n_actors=1
[36m(MegatronTrainRayActor pid=48395)[0m [2026-09-29 18:00:55.799 actor_cell00000_rank00000] structured_log.py:24 - actor cls=MegatronTrainRayActor fn=wake_up phase=start
[36m(MegatronTrainRayActor pid=48395)[0m [2026-09-29 18:00:55.800 actor_cell00000_rank00000] timer.py:31 - Timer wake_up start
[36m(MegatronTrainRayActor pid=48395)[0m [2026-09-29 18:00:55.801 actor_cell00000_rank00000] memory_utils.py:41 - [Rank 0] Memory-Usage before wake_up model: {'gpu': '0', 'total_GB': 79.18, 'free_GB': 77.38, 'used_GB': 1.8, 'allocated_GB': 1.2, 'reserved_GB': 1.27}
[36m(MegatronTrainRayActor pid=48395)[0m [2026-09-29 18:00:56.404 actor_cell00000_rank00000] reloadable_process_group.py:151 - Reloading 0 process groups in pid 48395
[36m(MegatronTrainRayActor pid=48395)[0m [2026-09-29 18:00:56.405 actor_cell00000_rank00000] memory_utils.py:41 - [Rank 0] Memory-Usage after wake_up model: {'gpu': '0', 'total_GB': 79.18, 'free_GB': 76.13, 'used_GB': 3.05, 'allocated_GB': 1.2, 'reserved_GB': 1.27}
[36m(MegatronTrainRayActor pid=48395)[0m [2026-09-29 18:00:56.405 actor_cell00000_rank00000] timer.py:42 - Timer wake_up end (elapsed: 0.6s)
[36m(MegatronTrainRayActor pid=48395)[0m [2026-09-29 18:00:56.405 actor_cell00000_rank00000] structured_log.py:28 - actor cls=MegatronTrainRayActor fn=wake_up phase=end ok=true elapsed_s=0.6
[36m(MegatronTrainRayActor pid=48395)[0m [2026-09-29 18:00:56.504 actor_cell00000_rank00000] structured_log.py:24 - actor cls=MegatronTrainRayActor fn=sleep phase=start
[36m(MegatronTrainRayActor pid=48395)[0m [2026-09-29 18:00:56.505 actor_cell00000_rank00000] timer.py:31 - Timer sleep start
[36m(CommandActor pid=48043)[0m [2026-09-29 18:00:56] FlashInfer allreduce fusion is forcibly disabled via --enforce-disable-flashinfer-allreduce-fusion.
[36m(CommandActor pid=48043)[0m [2026-09-29 18:00:56] Sampling backend is set to pytorch for deterministic inference.
[36m(CommandActor pid=48043)[0m [2026-09-29 18:00:56] Attention backend not specified. Falling back to 'fa3' for deterministic inference. You can explicitly set --attention-backend to one of ['ascend', 'fa3', 'fa4', 'flashinfer', 'intel_xpu', 'triton'].
[36m(MegatronTrainRayActor pid=48395)[0m [2026-09-29 18:00:57.018 actor_cell00000_rank00000] memory_utils.py:41 - [Rank 0] Memory-Usage before offload model: {'gpu': '0', 'total_GB': 79.18, 'free_GB': 76.13, 'used_GB': 3.05, 'allocated_GB': 1.2, 'reserved_GB': 1.27}
[36m(MegatronTrainRayActor pid=48395)[0m [2026-09-29 18:00:57.330 actor_cell00000_rank00000] memory_utils.py:41 - [Rank 0] Memory-Usage after offload model: {'gpu': '0', 'total_GB': 79.18, 'free_GB': 77.38, 'used_GB': 1.8, 'allocated_GB': 1.2, 'reserved_GB': 1.27}
[36m(MegatronTrainRayActor pid=48395)[0m [2026-09-29 18:00:57.331 actor_cell00000_rank00000] timer.py:42 - Timer sleep end (elapsed: 0.8s)
[36m(MegatronTrainRayActor pid=48395)[0m [2026-09-29 18:00:57.331 actor_cell00000_rank00000] structured_log.py:28 - actor cls=MegatronTrainRayActor fn=sleep phase=end ok=true elapsed_s=0.8
[36m(TrainerController pid=48044)[0m [2026-09-29 18:00:57.500 trainer_controller_actor] cell.py:239 - ft op=execute phase=end cell=trainer-engine-actor-00000 fn=run_plugin ok=true elapsed_s=1.7
[36m(InferenceController pid=48038)[0m [2026-09-29 18:00:57.819 inference_controller] retry_utils.py:85 - op=retry_until_deadline gate_url=http://172.20.10.205:20136 phase=retrying attempt=1 sleep_s=1.019 remaining_s=1799.981 error="ConnectError('All connection attempts failed')"
[36m(InferenceController pid=48038)[0m [2026-09-29 18:00:58.840 inference_controller] retry_utils.py:85 - op=retry_until_deadline gate_url=http://172.20.10.205:20136 phase=retrying attempt=2 sleep_s=2.027 remaining_s=1798.96 error="ConnectError('All connection attempts failed')"
[36m(CommandActor pid=48043)[0m [2026-09-29 18:00:59] Compiled-kernel caches now live under SGLANG_CACHE_DIR (/root/.cache/sglang). These older directories are no longer used by sglang, but may still be used by other frameworks on this machine, so they were left alone: /root/.triton, /root/.cache/flashinfer. Remove them yourself if nothing else needs them.
[36m(CommandActor pid=48043)[0m [2026-09-29 18:00:59] Virtual expert computation enabled.
[36m(CommandActor pid=48043)[0m [2026-09-29 18:00:59] server_args={'model_path': '/root/.cache/huggingface/hub/models--Qwen--Qwen3-0.6B/snapshots/c1899de289a04d12100db370d81485cdf75e47ca', 'tokenizer_path': '/root/.cache/huggingface/hub/models--Qwen--Qwen3-0.6B/snapshots/c1899de289a04d12100db370d81485cdf75e47ca', 'tokenizer_mode': 'auto', 'tokenizer_backend': 'huggingface', 'tokenizer_worker_num': 1, 'detokenizer_worker_num': 1, 'skip_tokenizer_init': False, 'load_format': 'auto', 'model_loader_extra_config': '{}', 'trust_remote_code': True, 'context_length': None, 'is_embedding': False, 'enable_multimodal': None, 'revision': None, 'model_impl': 'auto', 'model_config_parser': 'auto', 'json_model_override_args': '{}', 'dtype': 'auto', 'quantization': None, 'quantization_param_path': None, 'kv_cache_dtype': 'auto', 'enable_fp32_lm_head': False, 'modelopt_quant': None, 'modelopt_checkpoint_restore_path': None, 'modelopt_checkpoint_save_path': None, 'modelopt_export_path': None, 'quantize_and_serve': False, 'rl_quant_profile': None, 'enable_tf32_matmul': False, 'mem_fraction_static': 0.4, 'max_running_requests': None, 'max_queued_requests': None, 'max_total_tokens': None, 'chunked_prefill_size': 8192, 'prefill_decode_interval': 0, 'enable_dynamic_chunking': False, 'max_prefill_tokens': 16384, 'prefill_max_requests': None, 'schedule_policy': 'fcfs', 'enable_priority_scheduling': False, 'disable_priority_preemption': False, 'default_priority_value': None, 'abort_on_priority_when_disabled': False, 'schedule_low_priority_values_first': False, 'priority_scheduling_preemption_threshold': 10, 'retraction_policy': 'length', 'schedule_conservativeness': 1.0, 'page_size': 1, 'c128_page_size': 16, 'swa_full_tokens_ratio': 0.8, 'disable_hybrid_swa_memory': False, 'radix_eviction_policy': 'lru', 'radix_eviction_policy_config': None, 'prefill_only_disable_kv_cache': False, 'disable_radix_cache': False, 'enable_page_major_kv_layout': False, 'enable_unified_memory': False, 'disable_chunked_prefix_cache': False, 'disable_overlap_schedule': False, 'num_continuous_decode_steps': 1, 'scheduler_recv_interval': 1, 'enable_mixed_chunk': False, 'nccl_port': 20134, 'dist_timeout': None, 'dist_init_addr': '172.20.10.205:20103', 'gated_launch_port': 20136, 'nnodes': 1, 'node_rank': 0, 'tp_size': 1, 'dcp_size': 1, 'pp_size': 1, 'pp_max_micro_batch_size': None, 'pp_async_batch_depth': 0, 'dp_size': 1, 'load_balance_method': 'round_robin', 'attn_cp_size': 1, 'moe_dp_size': 1, 'dwdp_size': 1, 'dcp_comm_backend': 'ag_rs', 'dcp_replicate_q_proj': None, 'enable_prefill_cp': False, 'cp_strategy': None, 'enable_dsa_cache_layer_split': False, 'enable_cp_decode_attn_tp': False, 'enable_dp_attention': False, 'enable_dp_attention_local_control_broadcast': False, 'enable_dp_lm_head': False, 'enable_tp_lm_head_all_to_all': False, 'enable_attn_tp_input_scattered': False, 'enable_shared_experts_attn_tp': False, 'enable_dense_mlp_attn_tp': False, 'enable_layernorm_sp': False, 'disable_attn_tp_gather': False, 'enable_p2p_check': False, 'device': 'cuda', 'base_gpu_id': 0, 'gpu_id_step': 1, 'random_seed': 17, 'mlx_enable_sampling': False, 'watchdog_timeout': 300, 'soft_watchdog_timeout': None, 'sleep_on_idle': False, 'use_ray': False, 'custom_sigquit_handler': None, 'numa_node': None, 'gc_threshold': None, 'host': '172.20.10.205', 'port': 20101, 'fastapi_root_path': '', 'smg_grpc_mode': False, 'grpc_mode': False, 'grpc_port': None, 'grpc_worker_threads': 4, 'sidecar': None, 'sidecar_args': None, 'skip_server_warmup': True, 'warmups': None, 'enable_http2': False, 'http2_max_concurrent_streams': 200, 'http2_initial_connection_window_size': 1048576, 'ssl_keyfile': None, 'ssl_certfile': None, 'ssl_ca_certs': None, 'ssl_keyfile_password': None, 'enable_ssl_refresh': False, 'api_key': None, 'admin_api_key': None, 'served_model_name': '/root/.cache/huggingface/hub/models--Qwen--Qwen3-0.6B/snapshots/c1899de289a04d12100db370d81485cdf75e47ca', 'weight_version': 'default', 'chat_template': None, 'hf_chat_template_name': None, 'completion_template': None, 'file_storage_path': 'sglang_storage', 'enable_cache_report': False, 'return_input_ids': False, 'return_output_ids': False, 'reasoning_parser': None, 'default_chat_template_kwargs': None, 'strip_thinking_cache': False, 'enable_strict_thinking': False, 'tool_call_parser': None, 'tool_server': None, 'sampling_defaults': 'model', 'asr_max_buffer_seconds': 60, 'asr_max_concurrent_sessions': 32, 'preferred_sampling_params': None, 'allow_auto_truncate': False, 'stream_interval': 1, 'batch_notify_size': 16, 'stream_response_default_include_usage': False, 'incremental_streaming_output': False, 'enable_streaming_session': False, 'enable_session_radix_cache': False, 'log_level': 'info', 'log_level_http': None, 'log_requests': False, 'log_requests_level': 2, 'log_requests_format': 'text', 'log_requests_target': None, 'uvicorn_access_log_exclude_prefixes': [], 'crash_dump_folder': None, 'show_time_cost': False, 'enable_metrics': True, 'smg_http_sidecar_port': None, 'enable_mfu_metrics': False, 'enable_metrics_for_all_schedulers': False, 'load_snapshot_publish_interval': 15, 'tokenizer_metrics_custom_labels_header': 'x-custom-labels', 'tokenizer_metrics_allowed_custom_labels': None, 'extra_metric_labels': None, 'bucket_time_to_first_token': None, 'bucket_inter_token_latency': None, 'bucket_e2e_request_latency': None, 'prompt_tokens_buckets': None, 'generation_tokens_buckets': None, 'gc_warning_threshold_secs': 0.0, 'decode_log_interval': 40, 'enable_request_time_stats_logging': False, 'kv_events_config': None, 'load_publish_endpoint': None, 'enable_forward_pass_metrics': False, 'forward_pass_metrics_worker_id': '', 'forward_pass_metrics_ipc_name': None, 'enable_trace': False, 'trace_modules': 'request', 'otlp_traces_endpoint': 'localhost:4317', 'export_metrics_to_file': False, 'export_metrics_to_file_dir': None, 'stat_loggers': None, 'constrained_json_whitespace_pattern': None, 'constrained_json_disable_any_whitespace': False, 'attention_backend': 'fa3', 'decode_attention_backend': None, 'enable_lean_attention': None, 'prefill_attention_backend': None, 'sampling_backend': 'pytorch', 'grammar_backend': 'xgrammar', 'radix_cache_backend': None, 'mm_attention_backend': None, 'fp8_gemm_runner_backend': 'auto', 'fp4_gemm_runner_backend': 'auto', 'bf16_gemm_backend': 'auto', 'dsa_prefill_backend': None, 'dsv4_prefill_backend': 'auto', 'dsa_decode_backend': None, 'dsa_paged_mqa_logits_backend': 'auto', 'dsa_topk_backend': 'sgl-kernel', 'disable_flashinfer_autotune': False, 'flashinfer_autotune_skip_ops': None, 'mamba_backend': 'triton', 'cuda_graph_config': {'decode': {'backend': 'full', 'max_bs': 256, 'bs': [1, 2, 4, 8, 12, 16, 24, 32, 40, 48, 56, 64, 72, 80, 88, 96, 104, 112, 120, 128, 136, 144, 152, 160, 168, 176, 184, 192, 200, 208, 216, 224, 232, 240, 248, 256], 'tc_compiler': 'eager', 'full_prefill_max_req': None, 'full_prefill_prefix_chunk_tokens': None}, 'prefill': {'backend': 'disabled', 'max_bs': 8192, 'bs': [4, 8, 12, 16, 20, 24, 28, 32, 48, 64, 80, 96, 112, 128, 144, 160, 176, 192, 208, 224, 240, 256, 288, 320, 352, 384, 416, 448, 480, 512, 576, 640, 704, 768, 832, 896, 960, 1024, 1280, 1536, 1792, 2048, 2304, 2560, 2816, 3072, 3328, 3584, 3840, 4096, 4608, 5120, 5632, 6144, 6656, 7168, 7680, 8192], 'tc_compiler': 'eager', 'full_prefill_max_req': None, 'full_prefill_prefix_chunk_tokens': None}}, 'cuda_graph_backend_decode': None, 'cuda_graph_backend_prefill': 'disabled', 'cuda_graph_max_bs_decode': None, 'cuda_graph_max_bs_prefill': None, 'cuda_graph_bs_decode': None, 'cuda_graph_bs_prefill': None, 'cuda_graph_tc_compiler': None, 'disable_prefill_cuda_graph': False, 'disable_decode_cuda_graph': False, 'disable_cuda_graph': False, 'disable_cuda_graph_padding': False, 'enable_profile_cuda_graph': False, 'enable_cudagraph_gc': False, 'debug_cuda_graph': False, 'enable_layerwise_nvtx_marker': False, 'enable_nccl_nvls': False, 'enable_symm_mem': False, 'triton_attention_reduce_in_fp32': False, 'triton_attention_num_kv_splits': 8, 'triton_attention_split_tile_size': None, 'flashinfer_mla_disable_ragged': False, 'enable_fused_qk_norm_rope': False, 'enable_precise_embedding_interpolation': False, 'enable_fused_moe_sum_all_reduce': False, 'enable_deepseek_v4_fp4_indexer': False, 'disable_custom_all_reduce': False, 'enable_mscclpp': False, 'enable_torch_symm_mem': False, 'enable_scattered_sconv': False, 'pre_warm_nccl': False, 'enable_quant_communications': False, 'enable_flashinfer_allreduce_fusion': False, 'enforce_disable_flashinfer_allreduce_fusion': True, 'flashinfer_allreduce_fusion_backend': None, 'enable_aiter_allreduce_fusion': False, 'enable_torch_compile': False, 'enable_torch_compile_debug_mode': False, 'torch_compile_max_bs': 32, 'speculative_algorithm': None, 'uno_lora_path': None, 'speculative_draft_model_path': None, 'speculative_draft_model_revision': None, 'speculative_draft_load_format': None, 'speculative_num_steps': None, 'speculative_eagle_topk': None, 'speculative_num_draft_tokens': None, 'speculative_dflash_block_size': None, 'speculative_dspark_block_size': None, 'speculative_dspark_sps_table_path': None, 'speculative_dspark_confidence_sts_path': None, 'speculative_dspark_align_verify_tokens_to_graph_tier': False, 'speculative_accept_threshold_single': 1.0, 'speculative_accept_threshold_acc': 1.0, 'speculative_use_rejection_sampling': False, 'speculative_token_map': None, 'speculative_attention_mode': 'prefill', 'speculative_draft_attention_backend': None, 'speculative_dsa_topk_backend': 'sgl-kernel', 'speculative_draft_kv_cache_dtype': None, 'speculative_draft_window_size': None, 'speculative_moe_runner_backend': 'auto', 'speculative_moe_a2a_backend': None, 'speculative_draft_model_quantization': None, '_speculative_draft_quantization_explicitly_set': False, 'speculative_skip_dp_mlp_sync': False, 'enable_multi_layer_eagle': False, 'speculative_adaptive': False, 'speculative_adaptive_config': None, 'decoupled_spec_bind_endpoint': None, 'decoupled_spec_connect_endpoints': None, 'decoupled_spec_rank': None, 'decoupled_spec_role': 'null', 'spec_trace_dir': None, 'speculative_ngram_min_bfs_breadth': 1, 'speculative_ngram_max_bfs_breadth': 10, 'speculative_ngram_match_type': 'BFS', 'speculative_ngram_max_trie_depth': 18, 'speculative_ngram_capacity': 10000000, 'speculative_ngram_external_corpus_path': None, 'speculative_ngram_external_sam_budget': 0, 'speculative_ngram_external_corpus_max_tokens': 10000000, 'ep_size': 1, 'moe_a2a_backend': 'none', 'enable_w4a4_mxfp4_megamoe': False, 'deepep_v2_mode': 'direct', 'moe_runner_backend': 'auto', 'flashinfer_mxfp4_moe_precision': 'default', 'deepep_mode': 'auto', 'fuseep_mode': 2, 'deepep_dispatcher_output_dtype': 'auto', 'ep_num_redundant_experts': 0, 'ep_dispatch_algorithm': None, 'init_expert_location': 'trivial', 'enable_eplb': False, 'eplb_algorithm': 'auto', 'eplb_rebalance_num_iterations': 1000, 'eplb_rebalance_layers_per_chunk': None, 'eplb_min_rebalancing_utilization_threshold': 1.0, 'expert_distribution_recorder_mode': None, 'expert_distribution_recorder_buffer_size': 1000, 'expert_balancedness_report_mode': 'off', 'deepep_config': None, 'moe_dense_tp_size': None, 'elastic_ep_backend': None, 'enable_elastic_expert_backup': False, 'mooncake_ib_device': None, 'enable_waterfill': False, 'ep_join_mode': None, 'ep_join_rank_offset': 0, 'elastic_ep_initial_size': None, 'max_ep_size': None, 'elastic_ep_scale_timeout': 600, 'elastic_ep_rejoin': False, 'disable_flashinfer_cutlass_moe_fp4_allgather': False, 'disable_shared_experts_fusion': False, 'enforce_shared_experts_fusion': False, 'max_mamba_cache_size': None, 'mamba_ssm_dtype': None, 'mamba_max_states_per_path': -1, 'enable_mamba_cache_stochastic_rounding': False, 'mamba_cache_philox_rounds': 0, 'mamba_full_memory_ratio': 0.9, 'mamba_radix_cache_strategy': 'auto', 'uses_mamba_radix_cache': False, 'mamba_track_interval': 256, 'enable_int8_mamba_checkpoint': False, 'int8_mamba_ckpt_size': None, 'linear_attn_backend': 'triton', 'linear_attn_decode_backend': None, 'linear_attn_prefill_backend': None, 'linear_attn_verify_backend': None, 'enable_linear_replayssm': False, 'linear_replayssm_cache_len': 16, 'enable_linear_replayssm_spec': False, 'enable_hierarchical_cache': False, 'hicache_host_memory_mode': 'cache', 'hicache_ratio': 2.0, 'hicache_size': 0, 'hicache_write_policy': 'write_through', 'hicache_io_backend': 'kernel', 'hicache_mem_layout': 'page_first', 'hicache_storage_backend': None, 'hicache_storage_prefetch_policy': 'timeout', 'hicache_storage_backend_extra_config': None, 'hicache_storage_prefetch_retry_poll_interval': 8, 'hicache_storage_prefetch_retry_max_attempts': 8, 'enable_unified_cache_external_linker': False, 'unified_cache_external_linker_backend': 'mooncake', 'enable_hisparse': False, 'hisparse_config': None, 'enable_broadcast_mm_inputs_process': False, 'enable_prefix_mm_cache': False, 'mm_enable_dp_encoder': False, 'mm_process_config': {}, 'mm_processor_worker_num': 0, 'mm_io_worker_num': 0, 'allowed_media_domains': [], 'media_url_max_file_size_mb': 64, 'mm_preprocess_cache_size_mb': None, 'trust_mm_content_hashes': False, 'limit_mm_data_per_request': None, 'enable_mm_global_cache': False, 'image_processor_backend': 'auto', 'mm_global_cache_backend': 'mooncake', 'disable_fast_image_processor': False, 'mm_feature_transport': 'cpu', 'keep_mm_feature_on_device': False, 'enable_lora': True, 'enable_lora_overlap_loading': False, 'max_lora_rank': 16, 'lora_target_modules': {'gate_proj', 'v_proj', 'o_proj', 'k_proj', 'up_proj', 'down_proj', 'q_proj'}, 'lora_paths': [], 'max_loaded_loras': None, 'max_loras_per_batch': 1, 'lora_eviction_policy': 'lru', 'lora_backend': 'csgmv', 'max_lora_chunk_size': 16, 'experts_shared_outer_loras': None, 'lora_use_virtual_experts': True, 'lora_strict_loading': False, 'lora_no_cpu_backup': False, 'lora_drain_wait_threshold': 0.0, 'enable_two_batch_overlap': False, 'enable_single_batch_overlap': False, 'tbo_token_distribution_threshold': 0.48, 'cpu_offload_gb': 0, 'offload_group_size': -1, 'offload_num_in_group': 1, 'offload_prefetch_step': 1, 'offload_mode': 'cpu', 'enable_lmcache': False, 'lmcache_config_file': None, 'enable_flexkv': False, 'flexkv_config_file': None, 'kt_weight_path': None, 'kt_method': 'AMXINT4', 'kt_cpuinfer': None, 'kt_threadpool_count': 2, 'kt_num_gpu_experts': None, 'kt_max_deferred_experts_per_token': None, 'dllm_algorithm': None, 'dllm_algorithm_config': None, 'dllm_fdfo': True, 'disaggregation_mode': 'null', 'disaggregation_transfer_backend': 'mooncake', 'disaggregation_bootstrap_port': 8998, 'disaggregation_ib_device': None, 'disaggregation_decode_enable_radix_cache': False, 'disaggregation_decode_enable_offload_kvcache': False, 'disaggregation_decode_retraction_backup': None, 'num_reserved_decode_tokens': 512, 'disaggregation_decode_extra_slots': None, 'disaggregation_decode_polling_interval': 1, 'optimistic_prefill_attempts': 0, 'encoder_only': False, 'language_only': False, 'language_model_only': False, 'encoder_transfer_backend': 'zmq_to_scheduler', 'encoder_urls': [], 'encoder_bootstrap_port': 8997, 'encoder_register_urls': [], 'enable_adaptive_dispatch_to_encoder': False, 'enable_pdmux': False, 'pdmux_config_path': None, 'sm_group_num': 8, 'startup_weight_load_mode': 'serial', 'custom_weight_loader': [], 'weight_loader_disable_mmap': False, 'weight_loader_prefetch_checkpoints': False, 'weight_loader_prefetch_num_threads': 4, 'weight_loader_drop_cache_after_load': False, 'remote_instance_weight_loader_seed_instance_ip': None, 'remote_instance_weight_loader_seed_instance_service_port': None, 'remote_instance_weight_loader_send_weights_group_ports': None, 'remote_instance_weight_loader_backend': 'nccl', 'remote_instance_weight_loader_start_seed_via_transfer_engine': False, 'engine_info_bootstrap_port': 20135, 'modelexpress_config': None, 'download_dir': None, 'model_checksum': None, 'delete_ckpt_after_loading': False, 'decrypted_config_file': None, 'decrypted_draft_config_file': None, 'checkpoint_engine_wait_weights_before_ready': False, 'enable_prefill_delayer': False, 'prefill_delayer_max_delay_passes': 30, 'prefill_delayer_token_usage_low_watermark': None, 'prefill_delayer_forward_passes_buckets': None, 'prefill_delayer_wait_seconds_buckets': None, 'prefill_delayer_queue_min_ratio': None, 'prefill_delayer_max_delay_ms': None, 'min_free_slots_delay': None, 'enable_deterministic_inference': True, 'rl_on_policy_target': None, 'kv_canary': 'none', 'kv_canary_real_data': 'none', 'kv_canary_sweep_interval': 0, 'enable_dynamic_batch_tokenizer': False, 'dynamic_batch_tokenizer_batch_size': 32, 'dynamic_batch_tokenizer_batch_timeout': 0.002, 'enable_tokenizer_batch_encode': False, 'disable_tokenizer_batch_decode': False, 'debug_tensor_dump_output_folder': None, 'debug_tensor_dump_layers': None, 'debug_tensor_dump_input_file': None, 'enable_memory_saver': True, 'enable_weights_cpu_backup': True, 'enable_weights_disk_backup': False, 'enable_draft_weights_cpu_backup': True, 'enable_custom_logit_processor': False, 'enable_return_hidden_states': False, 'return_hidden_states_mode': None, 'enable_return_routed_experts': False, 'enable_return_indexer_topk': False, 'sampling_mask_max_tokens': 4096, 'disable_outlines_disk_cache': False, 'enable_mis': False, 'weight_cache_mode': 'off', 'weight_cache_socket': None, 'weight_cache_timeout': 1800, 'forward_hooks': None, 'msprobe_dump_config': None, 'custom_pull_weights_pre_read_hook': None, 'enable_engine_info_bootstrap': False, 'enable_rdt_weight_sync': False, 'enable_prefill_only_deterministic_inference': False, 'true_on_policy_contract': None, 'ple_offload_embedding': None, 'ple_offload_backend': 'pinned', 'ple_offload_dir': None, 'speculative_domino_candidate_pool_size': 2048, 'flashinfer_a2a_dispatch_type': None, 'disable_draft_cuda_graph': False, 'dsv4_attn_backend': 'auto', '_radix_eviction_policy_explicitly_set': False, 'enable_response_store': False}
[36m(InferenceController pid=48038)[0m [2026-09-29 18:01:00.869 inference_controller] retry_utils.py:85 - op=retry_until_deadline gate_url=http://172.20.10.205:20136 phase=retrying attempt=3 sleep_s=4.03 remaining_s=1796.931 error="ConnectError('All connection attempts failed')"
[36m(CommandActor pid=48043)[0m [2026-09-29 18:01:00] Using default HuggingFace chat template with detected content format: string
[36m(CommandActor pid=48043)[0m [2026-09-29 18:01:01] Auto-detected template features: reasoning_config=ReasoningToggleConfig(toggle_param='enable_thinking', default_enabled=True, special_case=None, effort_kwarg=None), reasoning_parser=qwen3, tool_call_parser=qwen
[36m(InferenceController pid=48038)[0m [2026-09-29 18:01:04.902 inference_controller] retry_utils.py:85 - op=retry_until_deadline gate_url=http://172.20.10.205:20136 phase=retrying attempt=4 sleep_s=5.181 remaining_s=1792.898 error="ConnectError('All connection attempts failed')"
[36m(InferenceController pid=48038)[0m [2026-09-29 18:01:05.767 inference_controller] context_lock.py:131 - Still waiting for lock 'InferenceController' after 5s
[36m(InferenceController pid=48038)[0m [2026-09-29 18:01:10.085 inference_controller] retry_utils.py:85 - op=retry_until_deadline gate_url=http://172.20.10.205:20136 phase=retrying attempt=5 sleep_s=5.131 remaining_s=1787.715 error="ConnectError('All connection attempts failed')"
[36m(InferenceController pid=48038)[0m [2026-09-29 18:01:10.767 inference_controller] context_lock.py:131 - Still waiting for lock 'InferenceController' after 10s
[36m(InferenceController pid=48038)[0m [2026-09-29 18:01:15.219 inference_controller] retry_utils.py:85 - op=retry_until_deadline gate_url=http://172.20.10.205:20136 phase=retrying attempt=6 sleep_s=5.23 remaining_s=1782.581 error="ConnectError('All connection attempts failed')"
[36m(InferenceController pid=48038)[0m [2026-09-29 18:01:15.767 inference_controller] context_lock.py:131 - Still waiting for lock 'InferenceController' after 15s
[36m(InferenceController pid=48038)[0m [2026-09-29 18:01:20.450 inference_controller] retry_utils.py:85 - op=retry_until_deadline gate_url=http://172.20.10.205:20136 phase=retrying attempt=7 sleep_s=5.483 remaining_s=1777.35 error="ConnectError('All connection attempts failed')"
[36m(InferenceController pid=48038)[0m [2026-09-29 18:01:20.769 inference_controller] context_lock.py:131 - Still waiting for lock 'InferenceController' after 20s
[36m(CommandActor pid=48043)[0m /opt/sglang/lib/python3.12/site-packages/transformer_engine/__init__.py:103: RuntimeWarning: Detected a Jax installation but could not find the shared object file for the Transformer Engine Jax extension library. If this is not intentional, please reinstall Transformer Engine with `pip install transformer_engine[jax]` or build from source with `NVTE_FRAMEWORK=jax`.
[36m(CommandActor pid=48043)[0m   warnings.warn(
[36m(CommandActor pid=48043)[0m [2026-09-29 18:01:21] Detected Megatron Core, using Megatron-FSDP with Megatron.
[36m(CommandActor pid=48043)[0m [2026-09-29 18:01:21] Detected Megatron Core, using Megatron-FSDP with Megatron.
[36m(CommandActor pid=48043)[0m [2026-09-29 18:01:25] Init torch distributed begin.
[36m(CommandActor pid=48043)[0m [2026-09-29 18:01:25] Gated launch control server started on 172.20.10.205:20136
[36m(CommandActor pid=48043)[0m [2026-09-29 18:01:25] Gated launch waiting for activation. rank=0
[36m(InferenceController pid=48038)[0m [2026-09-29 18:01:25.769 inference_controller] context_lock.py:131 - Still waiting for lock 'InferenceController' after 25s
[36m(InferenceController pid=48038)[0m [2026-09-29 18:01:25.955 inference_controller] _client.py:1740 - HTTP Request: POST http://172.20.10.205:20136/gate/activate "HTTP/1.1 200 OK"
[36m(InferenceController pid=48038)[0m [2026-09-29 18:01:25.956 inference_controller] server_cell.py:268 - Cell inference-engine-all-0-0-00000 init start old=
[36m(InferenceController pid=48038)[0m [2026-09-29 18:01:25.956 inference_controller] server_cell.py:271 - Cell inference-engine-all-0-0-00000 init end new=addr_info=CellAddrInfo(server_url='http://172.20.10.205:20101', bootstrap_port=None, gate_url='http://172.20.10.205:20136') start_time=2471.512215476
[36m(InferenceController pid=48038)[0m [2026-09-29 18:01:25.956 inference_controller] inference_controller.py:272 - Waiting for 1/1 cells to become ready...
[36m(CommandActor pid=48043)[0m [2026-09-29 18:01:26] Gated launch activated. elapsed=1.00 s
[36m(CommandActor pid=48043)[0m [2026-09-29 18:01:26] Init torch distributed ends. elapsed=1.04 s, mem usage=0.09 GB
[36m(CommandActor pid=48043)[0m [2026-09-29 18:01:27] Load weight begin. avail mem=76.70 GB
[36m(CommandActor pid=48043)[0m Multi-thread loading shards:   0% Completed | 0/1 [00:00<?, ?it/s][2026-09-29 18:01:27] Parameter lm_head.weight not found in params_dict
[36m(InferenceController pid=48038)[0m [2026-09-29 18:01:27.957 inference_controller] inference_controller.py:272 - Waiting for 1/1 cells to become ready...
[36m(CommandActor pid=48043)[0m Multi-thread loading shards: 100% Completed | 1/1 [00:00<00:00,  4.31it/s]Multi-thread loading shards: 100% Completed | 1/1 [00:00<00:00,  4.31it/s]
[36m(CommandActor pid=48043)[0m [2026-09-29 18:01:28] Load weight end. elapsed=0.40 s, type=Qwen3ForCausalLM, avail mem=75.52 GB, mem usage=1.19 GB.
[36m(CommandActor pid=48043)[0m [2026-09-29 18:01:28] Using csgmv as backend of LoRA kernels.
[36m(InferenceController pid=48038)[0m [2026-09-29 18:01:29.957 inference_controller] inference_controller.py:272 - Waiting for 1/1 cells to become ready...
[36m(CommandActor pid=48043)[0m [2026-09-29 18:01:29] KV Cache is allocated. dtype: torch.bfloat16, #tokens: 275404, K size: 14.71 GB, V size: 14.71 GB
[36m(CommandActor pid=48043)[0m [2026-09-29 18:01:29] Memory pool end. avail mem=45.51 GB
[36m(CommandActor pid=48043)[0m [2026-09-29 18:01:30] Disable prefill CUDA graph because cuda_graph_config resolved prefill.backend='disabled' (e.g. via --cuda-graph-backend-prefill=disabled or auto-disable rules).
[36m(CommandActor pid=48043)[0m [2026-09-29 18:01:30] Capture target decode CUDA graph begin. backend=full, num_tokens_per_req=1, bs=[1, 2, 4, 8, 12, 16, 24, 32, 40, 48, 56, 64, 72, 80, 88, 96, 104, 112, 120, 128, 136, 144, 152, 160, 168, 176, 184, 192, 200, 208, 216, 224, 232, 240, 248, 256], avail mem=45.51 GB
[36m(CommandActor pid=48043)[0m   0%|          | 0/36 [00:00<?, ?it/s]Capturing batches (bs=256 avail_mem=45.32 GB):   0%|          | 0/36 [00:00<?, ?it/s]
[36m(InferenceController pid=48038)[0m [2026-09-29 18:01:31.957 inference_controller] inference_controller.py:272 - Waiting for 1/1 cells to become ready...
[36m(CommandActor pid=48043)[0m [2026-09-29 18:01:33] LoRA shrink (K=1024, R=16): no tuned config, using defaults {'BLOCK_N': 16, 'BLOCK_K': 256}
[36m(CommandActor pid=48043)[0m [2026-09-29 18:01:33] LoRA expand (K=4096, R=16): no tuned config, using defaults {'BLOCK_N': 64, 'BLOCK_K': 16}
[36m(InferenceController pid=48038)[0m [2026-09-29 18:01:33.957 inference_controller] inference_controller.py:272 - Waiting for 1/1 cells to become ready...
[36m(CommandActor pid=48043)[0m [2026-09-29 18:01:35] LoRA shrink (K=2048, R=16): no tuned config, using defaults {'BLOCK_N': 16, 'BLOCK_K': 256}
[36m(CommandActor pid=48043)[0m [2026-09-29 18:01:35] LoRA expand (K=1024, R=16): no tuned config, using defaults {'BLOCK_N': 64, 'BLOCK_K': 16}
[36m(InferenceController pid=48038)[0m [2026-09-29 18:01:35.959 inference_controller] inference_controller.py:272 - Waiting for 1/1 cells to become ready...
[36m(CommandActor pid=48043)[0m [2026-09-29 18:01:37] LoRA shrink (K=1024, R=16): no tuned config, using defaults {'BLOCK_N': 16, 'BLOCK_K': 256}
[36m(CommandActor pid=48043)[0m [2026-09-29 18:01:37] LoRA expand (K=6144, R=16): no tuned config, using defaults {'BLOCK_N': 64, 'BLOCK_K': 16}
[36m(CommandActor pid=48043)[0m [2026-09-29 18:01:37] LoRA shrink (K=3072, R=16): no tuned config, using defaults {'BLOCK_N': 16, 'BLOCK_K': 256}
[36m(InferenceController pid=48038)[0m [2026-09-29 18:01:37.960 inference_controller] inference_controller.py:272 - Waiting for 1/1 cells to become ready...
[36m(InferenceController pid=48038)[0m [2026-09-29 18:01:39.960 inference_controller] inference_controller.py:272 - Waiting for 1/1 cells to become ready...
[36m(CommandActor pid=48043)[0m Capturing batches (bs=256 avail_mem=45.32 GB):   3%|▎         | 1/36 [00:09<05:26,  9.32s/it]Capturing batches (bs=248 avail_mem=45.21 GB):   3%|▎         | 1/36 [00:09<05:26,  9.32s/it]
[36m(CommandActor pid=48043)[0m Capturing batches (bs=248 avail_mem=45.21 GB):   6%|▌         | 2/36 [00:09<02:13,  3.92s/it]Capturing batches (bs=240 avail_mem=45.21 GB):   6%|▌         | 2/36 [00:09<02:13,  3.92s/it]
[36m(CommandActor pid=48043)[0m Capturing batches (bs=240 avail_mem=45.21 GB):   8%|▊         | 3/36 [00:09<01:12,  2.19s/it]Capturing batches (bs=232 avail_mem=45.21 GB):   8%|▊         | 3/36 [00:09<01:12,  2.19s/it]
[36m(CommandActor pid=48043)[0m Capturing batches (bs=232 avail_mem=45.21 GB):  11%|█         | 4/36 [00:09<00:44,  1.38s/it]Capturing batches (bs=224 avail_mem=45.20 GB):  11%|█         | 4/36 [00:09<00:44,  1.38s/it]
[36m(CommandActor pid=48043)[0m Capturing batches (bs=224 avail_mem=45.20 GB):  14%|█▍        | 5/36 [00:09<00:29,  1.07it/s]Capturing batches (bs=216 avail_mem=45.20 GB):  14%|█▍        | 5/36 [00:09<00:29,  1.07it/s]
[36m(CommandActor pid=48043)[0m Capturing batches (bs=216 avail_mem=45.20 GB):  17%|█▋        | 6/36 [00:10<00:19,  1.50it/s]Capturing batches (bs=208 avail_mem=45.19 GB):  17%|█▋        | 6/36 [00:10<00:19,  1.50it/s]
[36m(CommandActor pid=48043)[0m Capturing batches (bs=208 avail_mem=45.19 GB):  19%|█▉        | 7/36 [00:10<00:14,  2.03it/s]Capturing batches (bs=200 avail_mem=45.19 GB):  19%|█▉        | 7/36 [00:10<00:14,  2.03it/s]
[36m(CommandActor pid=48043)[0m Capturing batches (bs=200 avail_mem=45.19 GB):  22%|██▏       | 8/36 [00:10<00:10,  2.63it/s]Capturing batches (bs=192 avail_mem=45.18 GB):  22%|██▏       | 8/36 [00:10<00:10,  2.63it/s]
[36m(InferenceController pid=48038)[0m [2026-09-29 18:01:41.961 inference_controller] inference_controller.py:272 - Waiting for 1/1 cells to become ready...
[36m(InferenceController pid=48038)[0m [2026-09-29 18:01:43.962 inference_controller] inference_controller.py:272 - Waiting for 1/1 cells to become ready...
[36m(CommandActor pid=48043)[0m Capturing batches (bs=192 avail_mem=45.18 GB):  25%|██▌       | 9/36 [00:14<00:45,  1.69s/it]Capturing batches (bs=184 avail_mem=45.18 GB):  25%|██▌       | 9/36 [00:14<00:45,  1.69s/it]
[36m(InferenceController pid=48038)[0m [2026-09-29 18:01:45.963 inference_controller] inference_controller.py:272 - Waiting for 1/1 cells to become ready...
[36m(CommandActor pid=48043)[0m Capturing batches (bs=184 avail_mem=45.18 GB):  28%|██▊       | 10/36 [00:15<00:31,  1.21s/it]Capturing batches (bs=176 avail_mem=45.17 GB):  28%|██▊       | 10/36 [00:15<00:31,  1.21s/it]
[36m(CommandActor pid=48043)[0m Capturing batches (bs=176 avail_mem=45.17 GB):  31%|███       | 11/36 [00:15<00:22,  1.09it/s]Capturing batches (bs=168 avail_mem=45.17 GB):  31%|███       | 11/36 [00:15<00:22,  1.09it/s]
[36m(CommandActor pid=48043)[0m Capturing batches (bs=168 avail_mem=45.17 GB):  33%|███▎      | 12/36 [00:15<00:16,  1.47it/s]Capturing batches (bs=160 avail_mem=45.16 GB):  33%|███▎      | 12/36 [00:15<00:16,  1.47it/s]
[36m(CommandActor pid=48043)[0m Capturing batches (bs=160 avail_mem=45.16 GB):  36%|███▌      | 13/36 [00:15<00:11,  1.94it/s]Capturing batches (bs=152 avail_mem=45.16 GB):  36%|███▌      | 13/36 [00:15<00:11,  1.94it/s]
[36m(CommandActor pid=48043)[0m Capturing batches (bs=152 avail_mem=45.16 GB):  39%|███▉      | 14/36 [00:15<00:08,  2.49it/s]Capturing batches (bs=144 avail_mem=45.15 GB):  39%|███▉      | 14/36 [00:15<00:08,  2.49it/s]
[36m(CommandActor pid=48043)[0m Capturing batches (bs=144 avail_mem=45.15 GB):  42%|████▏     | 15/36 [00:15<00:06,  3.10it/s]Capturing batches (bs=136 avail_mem=45.15 GB):  42%|████▏     | 15/36 [00:15<00:06,  3.10it/s]
[36m(CommandActor pid=48043)[0m Capturing batches (bs=136 avail_mem=45.15 GB):  44%|████▍     | 16/36 [00:15<00:05,  3.76it/s]Capturing batches (bs=128 avail_mem=45.15 GB):  44%|████▍     | 16/36 [00:15<00:05,  3.76it/s]
[36m(InferenceController pid=48038)[0m [2026-09-29 18:01:47.964 inference_controller] inference_controller.py:272 - Waiting for 1/1 cells to become ready...
[36m(InferenceController pid=48038)[0m [2026-09-29 18:01:49.964 inference_controller] inference_controller.py:272 - Waiting for 1/1 cells to become ready...
[36m(InferenceController pid=48038)[0m [2026-09-29 18:01:51.965 inference_controller] inference_controller.py:272 - Waiting for 1/1 cells to become ready...
[36m(CommandActor pid=48043)[0m Capturing batches (bs=128 avail_mem=45.15 GB):  47%|████▋     | 17/36 [00:22<00:42,  2.26s/it]Capturing batches (bs=120 avail_mem=45.14 GB):  47%|████▋     | 17/36 [00:22<00:42,  2.26s/it]
[36m(InferenceController pid=48038)[0m [2026-09-29 18:01:53.966 inference_controller] inference_controller.py:272 - Waiting for 1/1 cells to become ready...
[36m(CommandActor pid=48043)[0m Capturing batches (bs=120 avail_mem=45.14 GB):  50%|█████     | 18/36 [00:22<00:29,  1.62s/it]Capturing batches (bs=112 avail_mem=45.13 GB):  50%|█████     | 18/36 [00:22<00:29,  1.62s/it]
[36m(CommandActor pid=48043)[0m Capturing batches (bs=112 avail_mem=45.13 GB):  53%|█████▎    | 19/36 [00:23<00:20,  1.20s/it]Capturing batches (bs=104 avail_mem=45.13 GB):  53%|█████▎    | 19/36 [00:23<00:20,  1.20s/it]
[36m(CommandActor pid=48043)[0m Capturing batches (bs=104 avail_mem=45.13 GB):  56%|█████▌    | 20/36 [00:23<00:14,  1.11it/s]Capturing batches (bs=96 avail_mem=45.13 GB):  56%|█████▌    | 20/36 [00:23<00:14,  1.11it/s] 
[36m(CommandActor pid=48043)[0m Capturing batches (bs=96 avail_mem=45.13 GB):  58%|█████▊    | 21/36 [00:23<00:10,  1.48it/s]Capturing batches (bs=88 avail_mem=45.12 GB):  58%|█████▊    | 21/36 [00:23<00:10,  1.48it/s]
[36m(CommandActor pid=48043)[0m Capturing batches (bs=88 avail_mem=45.12 GB):  61%|██████    | 22/36 [00:23<00:07,  1.95it/s]Capturing batches (bs=80 avail_mem=45.12 GB):  61%|██████    | 22/36 [00:23<00:07,  1.95it/s]
[36m(CommandActor pid=48043)[0m Capturing batches (bs=80 avail_mem=45.12 GB):  64%|██████▍   | 23/36 [00:23<00:05,  2.50it/s]Capturing batches (bs=72 avail_mem=45.11 GB):  64%|██████▍   | 23/36 [00:23<00:05,  2.50it/s]
[36m(CommandActor pid=48043)[0m Capturing batches (bs=72 avail_mem=45.11 GB):  67%|██████▋   | 24/36 [00:23<00:03,  3.11it/s]Capturing batches (bs=64 avail_mem=45.11 GB):  67%|██████▋   | 24/36 [00:23<00:03,  3.11it/s]
[36m(InferenceController pid=48038)[0m [2026-09-29 18:01:55.966 inference_controller] inference_controller.py:272 - Waiting for 1/1 cells to become ready...
[36m(InferenceController pid=48038)[0m [2026-09-29 18:01:57.967 inference_controller] inference_controller.py:272 - Waiting for 1/1 cells to become ready...
[36m(CommandActor pid=48043)[0m Capturing batches (bs=64 avail_mem=45.11 GB):  69%|██████▉   | 25/36 [00:28<00:18,  1.64s/it]Capturing batches (bs=56 avail_mem=45.10 GB):  69%|██████▉   | 25/36 [00:28<00:18,  1.64s/it]
[36m(CommandActor pid=48043)[0m Capturing batches (bs=56 avail_mem=45.10 GB):  72%|███████▏  | 26/36 [00:28<00:11,  1.19s/it]Capturing batches (bs=48 avail_mem=45.10 GB):  72%|███████▏  | 26/36 [00:28<00:11,  1.19s/it]
[36m(InferenceController pid=48038)[0m [2026-09-29 18:01:59.967 inference_controller] inference_controller.py:272 - Waiting for 1/1 cells to become ready...
[36m(CommandActor pid=48043)[0m Capturing batches (bs=48 avail_mem=45.10 GB):  75%|███████▌  | 27/36 [00:28<00:07,  1.14it/s]Capturing batches (bs=40 avail_mem=45.09 GB):  75%|███████▌  | 27/36 [00:28<00:07,  1.14it/s]
[36m(CommandActor pid=48043)[0m Capturing batches (bs=40 avail_mem=45.09 GB):  78%|███████▊  | 28/36 [00:29<00:05,  1.49it/s]Capturing batches (bs=32 avail_mem=45.09 GB):  78%|███████▊  | 28/36 [00:29<00:05,  1.49it/s]
[36m(InferenceController pid=48038)[0m [2026-09-29 18:02:01.968 inference_controller] inference_controller.py:272 - Waiting for 1/1 cells to become ready...
[36m(InferenceController pid=48038)[0m [2026-09-29 18:02:03.969 inference_controller] inference_controller.py:272 - Waiting for 1/1 cells to become ready...
[36m(InferenceController pid=48038)[0m [2026-09-29 18:02:05.970 inference_controller] inference_controller.py:272 - Waiting for 1/1 cells to become ready...
[36m(InferenceController pid=48038)[0m [2026-09-29 18:02:07.971 inference_controller] inference_controller.py:272 - Waiting for 1/1 cells to become ready...
[36m(CommandActor pid=48043)[0m Capturing batches (bs=32 avail_mem=45.09 GB):  81%|████████  | 29/36 [00:38<00:22,  3.16s/it]Capturing batches (bs=24 avail_mem=45.08 GB):  81%|████████  | 29/36 [00:38<00:22,  3.16s/it]
[36m(CommandActor pid=48043)[0m Capturing batches (bs=24 avail_mem=45.08 GB):  83%|████████▎ | 30/36 [00:38<00:13,  2.25s/it]Capturing batches (bs=16 avail_mem=45.08 GB):  83%|████████▎ | 30/36 [00:38<00:13,  2.25s/it]
[36m(InferenceController pid=48038)[0m [2026-09-29 18:02:09.971 inference_controller] inference_controller.py:272 - Waiting for 1/1 cells to become ready...
[36m(InferenceController pid=48038)[0m [2026-09-29 18:02:11.972 inference_controller] inference_controller.py:272 - Waiting for 1/1 cells to become ready...
[36m(InferenceController pid=48038)[0m [2026-09-29 18:02:13.973 inference_controller] inference_controller.py:272 - Waiting for 1/1 cells to become ready...
[36m(InferenceController pid=48038)[0m [2026-09-29 18:02:15.974 inference_controller] inference_controller.py:272 - Waiting for 1/1 cells to become ready...
[36m(InferenceController pid=48038)[0m [2026-09-29 18:02:17.975 inference_controller] inference_controller.py:272 - Waiting for 1/1 cells to become ready...
[36m(CommandActor pid=48043)[0m Capturing batches (bs=16 avail_mem=45.08 GB):  86%|████████▌ | 31/36 [00:47<00:21,  4.21s/it]Capturing batches (bs=12 avail_mem=45.07 GB):  86%|████████▌ | 31/36 [00:47<00:21,  4.21s/it]
[36m(CommandActor pid=48043)[0m Capturing batches (bs=12 avail_mem=45.07 GB):  89%|████████▉ | 32/36 [00:47<00:12,  3.01s/it]Capturing batches (bs=8 avail_mem=45.07 GB):  89%|████████▉ | 32/36 [00:47<00:12,  3.01s/it] 
[36m(CommandActor pid=48043)[0m Capturing batches (bs=8 avail_mem=45.07 GB):  92%|█████████▏| 33/36 [00:47<00:06,  2.15s/it]Capturing batches (bs=4 avail_mem=45.07 GB):  92%|█████████▏| 33/36 [00:47<00:06,  2.15s/it]
[36m(CommandActor pid=48043)[0m Capturing batches (bs=4 avail_mem=45.07 GB):  94%|█████████▍| 34/36 [00:47<00:03,  1.54s/it]Capturing batches (bs=2 avail_mem=45.06 GB):  94%|█████████▍| 34/36 [00:47<00:03,  1.54s/it]
[36m(CommandActor pid=48043)[0m Capturing batches (bs=2 avail_mem=45.06 GB):  97%|█████████▋| 35/36 [00:47<00:01,  1.12s/it]Capturing batches (bs=1 avail_mem=45.06 GB):  97%|█████████▋| 35/36 [00:47<00:01,  1.12s/it]
[36m(CommandActor pid=48043)[0m Capturing batches (bs=1 avail_mem=45.06 GB): 100%|██████████| 36/36 [00:47<00:00,  1.21it/s]Capturing batches (bs=1 avail_mem=45.06 GB): 100%|██████████| 36/36 [00:47<00:00,  1.33s/it]
[36m(CommandActor pid=48043)[0m [2026-09-29 18:02:19] Capture target decode CUDA graph end. elapsed=48.77 s, mem usage=0.46 GB, avail mem=45.05 GB.
[36m(CommandActor pid=48043)[0m [2026-09-29 18:02:19] max_total_num_tokens=275404, chunked_prefill_size=8192, max_prefill_tokens=16384, max_running_requests=3442, context_len=40960, available_gpu_mem=45.05 GB
[36m(CommandActor pid=48043)[0m [2026-09-29 18:02:19] Init Unified Radix Cache. Components: (<ComponentType.FULL: 0>,). Tree Core: UnifiedTreeCore
[36m(CommandActor pid=48043)[0m [2026-09-29 18:02:19] Tree cache initialized: source=default impl=UnifiedRadixCache hybrid_swa=False hybrid_ssm=False hicache_attached=False streaming_wrapped=False
[36m(CommandActor pid=48043)[0m [2026-09-29 18:02:19] Engine startup timings (s): load_weight=0.40, kv_cache_allocation=0.51, scheduler_e2e=62.15, cuda_graph={prefill=0.00, decode=48.77, target_verify=0.00, draft_prefill=0.00, draft_decode=0.00, draft_extend=0.00}, tokenizer_e2e=80.29
[36m(CommandActor pid=48043)[0m [2026-09-29 18:02:19] INFO:     Started server process [49265]
[36m(CommandActor pid=48043)[0m [2026-09-29 18:02:19] INFO:     Waiting for application startup.
[36m(CommandActor pid=48043)[0m [2026-09-29 18:02:19] Using default chat sampling params from model generation config: {'temperature': 0.6, 'top_k': 20, 'top_p': 0.95}
[36m(InferenceController pid=48038)[0m [2026-09-29 18:02:19.976 inference_controller] inference_controller.py:272 - Waiting for 1/1 cells to become ready...
[36m(CommandActor pid=48043)[0m [2026-09-29 18:02:20] INFO:     Application startup complete.
[36m(CommandActor pid=48043)[0m [2026-09-29 18:02:20] INFO:     Uvicorn running on http://172.20.10.205:20101 (Press CTRL+C to quit)
[36m(CommandActor pid=48043)[0m [2026-09-29 18:02:20] post-warmup freeze_gc failed
[36m(CommandActor pid=48043)[0m Traceback (most recent call last):
[36m(CommandActor pid=48043)[0m   File "/opt/sglang/lib/python3.12/site-packages/urllib3/connection.py", line 239, in _new_conn
[36m(CommandActor pid=48043)[0m     sock = connection.create_connection(
[36m(CommandActor pid=48043)[0m            ^^^^^^^^^^^^^^^^^^^^^^^^^^^^^
[36m(CommandActor pid=48043)[0m   File "/opt/sglang/lib/python3.12/site-packages/urllib3/util/connection.py", line 85, in create_connection
[36m(CommandActor pid=48043)[0m     raise err
[36m(CommandActor pid=48043)[0m   File "/opt/sglang/lib/python3.12/site-packages/urllib3/util/connection.py", line 73, in create_connection
[36m(CommandActor pid=48043)[0m     sock.connect(sa)
[36m(CommandActor pid=48043)[0m ConnectionRefusedError: [Errno 111] Connection refused
[36m(CommandActor pid=48043)[0m 
[36m(CommandActor pid=48043)[0m The above exception was the direct cause of the following exception:
[36m(CommandActor pid=48043)[0m 
[36m(CommandActor pid=48043)[0m Traceback (most recent call last):
[36m(CommandActor pid=48043)[0m   File "/opt/sglang/lib/python3.12/site-packages/urllib3/connectionpool.py", line 793, in urlopen
[36m(CommandActor pid=48043)[0m     response = self._make_request(
[36m(CommandActor pid=48043)[0m                ^^^^^^^^^^^^^^^^^^^
[36m(CommandActor pid=48043)[0m   File "/opt/sglang/lib/python3.12/site-packages/urllib3/connectionpool.py", line 499, in _make_request
[36m(CommandActor pid=48043)[0m     conn.request(
[36m(CommandActor pid=48043)[0m   File "/opt/sglang/lib/python3.12/site-packages/urllib3/connection.py", line 567, in request
[36m(CommandActor pid=48043)[0m     self.endheaders()
[36m(CommandActor pid=48043)[0m   File "/usr/lib/python3.12/http/client.py", line 1360, in endheaders
[36m(CommandActor pid=48043)[0m     self._send_output(message_body, encode_chunked=encode_chunked)
[36m(CommandActor pid=48043)[0m   File "/usr/lib/python3.12/http/client.py", line 1120, in _send_output
[36m(CommandActor pid=48043)[0m     self.send(msg)
[36m(CommandActor pid=48043)[0m   File "/usr/lib/python3.12/http/client.py", line 1064, in send
[36m(CommandActor pid=48043)[0m     self.connect()
[36m(CommandActor pid=48043)[0m   File "/opt/sglang/lib/python3.12/site-packages/urllib3/connection.py", line 398, in connect
[36m(CommandActor pid=48043)[0m     self.sock = self._new_conn()
[36m(CommandActor pid=48043)[0m                 ^^^^^^^^^^^^^^^^
[36m(CommandActor pid=48043)[0m   File "/opt/sglang/lib/python3.12/site-packages/urllib3/connection.py", line 254, in _new_conn
[36m(CommandActor pid=48043)[0m     raise NewConnectionError(
[36m(CommandActor pid=48043)[0m urllib3.exceptions.NewConnectionError: HTTPConnection(host='172.20.10.205', port=20101): Failed to establish a new connection: [Errno 111] Connection refused
[36m(CommandActor pid=48043)[0m 
[36m(CommandActor pid=48043)[0m The above exception was the direct cause of the following exception:
[36m(CommandActor pid=48043)[0m 
[36m(CommandActor pid=48043)[0m Traceback (most recent call last):
[36m(CommandActor pid=48043)[0m   File "/opt/sglang/lib/python3.12/site-packages/requests/adapters.py", line 696, in send
[36m(CommandActor pid=48043)[0m     resp = conn.urlopen(
[36m(CommandActor pid=48043)[0m            ^^^^^^^^^^^^^
[36m(CommandActor pid=48043)[0m   File "/opt/sglang/lib/python3.12/site-packages/urllib3/connectionpool.py", line 847, in urlopen
[36m(CommandActor pid=48043)[0m     retries = retries.increment(
[36m(CommandActor pid=48043)[0m               ^^^^^^^^^^^^^^^^^^
[36m(CommandActor pid=48043)[0m   File "/opt/sglang/lib/python3.12/site-packages/urllib3/util/retry.py", line 555, in increment
[36m(CommandActor pid=48043)[0m     raise MaxRetryError(_pool, url, reason) from reason  # type: ignore[arg-type]
[36m(CommandActor pid=48043)[0m     ^^^^^^^^^^^^^^^^^^^^^^^^^^^^^^^^^^^^^^^^^^^^^^^^^^^
[36m(CommandActor pid=48043)[0m urllib3.exceptions.MaxRetryError: HTTPConnectionPool(host='172.20.10.205', port=20101): Max retries exceeded with url: /freeze_gc (Caused by NewConnectionError("HTTPConnection(host='172.20.10.205', port=20101): Failed to establish a new connection: [Errno 111] Connection refused"))
[36m(CommandActor pid=48043)[0m 
[36m(CommandActor pid=48043)[0m During handling of the above exception, another exception occurred:
[36m(CommandActor pid=48043)[0m 
[36m(CommandActor pid=48043)[0m Traceback (most recent call last):
[36m(CommandActor pid=48043)[0m   File "/opt/sglang-next/python/sglang/srt/entrypoints/http_server.py", line 2469, in _freeze_gc_after_server_warmup
[36m(CommandActor pid=48043)[0m     res = requests.post(
[36m(CommandActor pid=48043)[0m           ^^^^^^^^^^^^^^
[36m(CommandActor pid=48043)[0m   File "/opt/sglang/lib/python3.12/site-packages/requests/api.py", line 134, in post
[36m(CommandActor pid=48043)[0m     return request("post", url, data=data, json=json, **kwargs)
[36m(CommandActor pid=48043)[0m            ^^^^^^^^^^^^^^^^^^^^^^^^^^^^^^^^^^^^^^^^^^^^^^^^^^^^
[36m(CommandActor pid=48043)[0m   File "/opt/sglang/lib/python3.12/site-packages/requests/api.py", line 71, in request
[36m(CommandActor pid=48043)[0m     return session.request(method=method, url=url, **kwargs)
[36m(CommandActor pid=48043)[0m            ^^^^^^^^^^^^^^^^^^^^^^^^^^^^^^^^^^^^^^^^^^^^^^^^^
[36m(CommandActor pid=48043)[0m   File "/opt/sglang/lib/python3.12/site-packages/requests/sessions.py", line 651, in request
[36m(CommandActor pid=48043)[0m     resp = self.send(prep, **send_kwargs)
[36m(CommandActor pid=48043)[0m            ^^^^^^^^^^^^^^^^^^^^^^^^^^^^^^
[36m(CommandActor pid=48043)[0m   File "/opt/sglang/lib/python3.12/site-packages/requests/sessions.py", line 784, in send
[36m(CommandActor pid=48043)[0m     r = adapter.send(request, **kwargs)
[36m(CommandActor pid=48043)[0m         ^^^^^^^^^^^^^^^^^^^^^^^^^^^^^^^
[36m(CommandActor pid=48043)[0m   File "/opt/sglang/lib/python3.12/site-packages/requests/adapters.py", line 729, in send
[36m(CommandActor pid=48043)[0m     raise ConnectionError(e, request=request)
[36m(CommandActor pid=48043)[0m requests.exceptions.ConnectionError: HTTPConnectionPool(host='172.20.10.205', port=20101): Max retries exceeded with url: /freeze_gc (Caused by NewConnectionError("HTTPConnection(host='172.20.10.205', port=20101): Failed to establish a new connection: [Errno 111] Connection refused"))
[36m(CommandActor pid=48043)[0m [2026-09-29 18:02:20] The server is fired up and ready to roll!
[36m(CommandActor pid=48043)[0m [2026-09-29 18:02:21] Prefill batch, #new-seq: 1, #new-token: 1, #cached-token: 0, token usage: 0.00, #running-req: 0, #queue-req: 0, #pending-token: 0, cuda graph: False, input throughput (token/s): 0.56
[36m(InferenceController pid=48038)[0m [2026-09-29 18:02:21.986 inference_controller] _client.py:1740 - HTTP Request: GET http://172.20.10.205:20101/health_generate "HTTP/1.1 200 OK"
[36m(InferenceController pid=48038)[0m [2026-09-29 18:02:21.995 inference_controller] _client.py:1740 - HTTP Request: GET http://172.20.10.205:20101/flush_cache "HTTP/1.1 200 OK"
[36m(CommandActor pid=48043)[0m [2026-09-29 18:02:21] Cache flushed successfully!
[36m(CommandActor pid=48043)[0m [2026-09-29 18:02:21] Cache flushed successfully!
[36m(InferenceController pid=48038)[0m [2026-09-29 18:02:22.519 inference_controller] _client.py:1740 - HTTP Request: POST http://172.20.10.205:20101/release_memory_occupation "HTTP/1.1 200 OK"
[36m(InferenceController pid=48038)[0m [2026-09-29 18:02:22.599 inference_controller] _client.py:1740 - HTTP Request: POST http://172.20.10.205:20101/resume_memory_occupation "HTTP/1.1 200 OK"
[36m(InferenceController pid=48038)[0m [2026-09-29 18:02:22.599 inference_controller] server_cell.py:268 - Cell inference-engine-all-0-0-00000 mark_pending_weights start old=addr_info=CellAddrInfo(server_url='http://172.20.10.205:20101', bootstrap_port=None, gate_url='http://172.20.10.205:20136') start_time=2471.512215476
[36m(InferenceController pid=48038)[0m [2026-09-29 18:02:22.600 inference_controller] server_cell.py:271 - Cell inference-engine-all-0-0-00000 mark_pending_weights end new=addr_info=CellAddrInfo(server_url='http://172.20.10.205:20101', bootstrap_port=None, gate_url='http://172.20.10.205:20136')
[36m(InferenceController pid=48038)[0m [2026-09-29 18:02:22.612 inference_controller] _client.py:1740 - HTTP Request: GET http://172.20.10.205:20101/server_info "HTTP/1.1 200 OK"
[36m(CommandActor pid=48043)[0m /opt/sglang/lib/python3.12/site-packages/fastapi/routing.py:352: FastAPIDeprecationWarning: ORJSONResponse is deprecated, FastAPI now serializes data directly to JSON bytes via Pydantic when a return type or response model is set, which is faster and doesn't need a custom response class. Read more in the FastAPI docs: https://fastapi.tiangolo.com/advanced/custom-response/#orjson-or-response-model and https://fastapi.tiangolo.com/tutorial/response-model/
[36m(CommandActor pid=48043)[0m   return await dependant.call(**values)
[36m(CommandActor pid=48043)[0m [2026-09-29 18:02:22] Cache flush skipped: KV cache memory is released.
[36m(CommandActor pid=48043)[0m [2026-09-29 18:02:22] LoRA adapter registration: LoRARef(lora_id=e9fb972a7076468a9063870296d45dc3, lora_name=miles_lora, lora_path=__stream__, pinned=False, reloadable=False).
[36m(CommandActor pid=48043)[0m [2026-09-29 18:02:22] LoRA adapter loading from tensors starts: LoRARef(lora_id=e9fb972a7076468a9063870296d45dc3, lora_name=miles_lora, lora_path=__stream__, pinned=False, reloadable=False).
[36m(CommandActor pid=48043)[0m [2026-09-29 18:02:22] LoRA adapter loading from tensors completes: LoRARef(lora_id=e9fb972a7076468a9063870296d45dc3, lora_name=miles_lora, lora_path=__stream__, pinned=False, reloadable=False).
[36m(TrainerController pid=48044)[0m [2026-09-29 18:02:22.618 trainer_controller_actor] group.py:392 - ft op=update_weights phase=start rollout=
[36m(TrainerController pid=48044)[0m [2026-09-29 18:02:22.618 trainer_controller_actor] cell.py:231 - ft op=execute phase=start cell=trainer-engine-actor-00000 fn=update_weights n_actors=1
[36m(MegatronTrainRayActor pid=48395)[0m [2026-09-29 18:02:22.620 actor_cell00000_rank00000] structured_log.py:24 - actor cls=MegatronTrainRayActor fn=update_weights phase=start
[36m(MegatronTrainRayActor pid=48395)[0m [2026-09-29 18:02:22.620 actor_cell00000_rank00000] timer.py:31 - Timer update_weights start
[36m(MegatronTrainRayActor pid=48395)[0m [2026-09-29 18:02:22.620 actor_cell00000_rank00000] reloadable_process_group.py:151 - Reloading 0 process groups in pid 48395
[36m(MegatronTrainRayActor pid=48395)[0m [2026-09-29 18:02:22.621 actor_cell00000_rank00000] memory_utils.py:41 - [Rank 0] Memory-Usage before update_weights: {'gpu': '0', 'total_GB': 79.18, 'free_GB': 75.06, 'used_GB': 4.12, 'allocated_GB': 1.2, 'reserved_GB': 1.27}
[36m(MegatronTrainRayActor pid=48395)[0m [2026-09-29 18:02:22.648 actor_cell00000_rank00000] _client.py:1740 - HTTP Request: POST http://172.20.10.205:20101/pause_generation "HTTP/1.1 200 OK"
[36m(MegatronTrainRayActor pid=48395)[0m [2026-09-29 18:02:22.651 actor_cell00000_rank00000] _client.py:1740 - HTTP Request: GET http://172.20.10.205:20101/flush_cache "HTTP/1.1 200 OK"
[36m(MegatronTrainRayActor pid=48395)[0m [2026-09-29 18:02:22.658 actor_cell00000_rank00000] _client.py:1740 - HTTP Request: POST http://172.20.10.205:20101/register_lora_adapter "HTTP/1.1 200 OK"
[36m(MegatronTrainRayActor pid=48395)[0m [2026-09-29 18:02:22.662 actor_cell00000_rank00000] _client.py:1740 - HTTP Request: POST http://172.20.10.205:20101/begin_weight_update "HTTP/1.1 200 OK"
[36m(MegatronTrainRayActor pid=48395)[0m [2026-09-29 18:02:22.663 actor_cell00000_rank00000] timer.py:31 - Timer update_weights_implementation start
[36m(MegatronTrainRayActor pid=48395)[0m [miles-colocate] Update weights: 0it [00:00, ?it/s]
[36m(CommandActor pid=48043)[0m [2026-09-29 18:02:22] LoRA adapter loading from tensors starts: LoRARef(lora_id=e9fb972a7076468a9063870296d45dc3, lora_name=miles_lora, lora_path=__stream__, pinned=False, reloadable=False).
[36m(MegatronTrainRayActor pid=48395)[0m [2026-09-29 18:02:22.747 actor_cell00000_rank00000] _client.py:1740 - HTTP Request: POST http://172.20.10.205:20101/update_weights_from_tensor "HTTP/1.1 200 OK"
[36m(MegatronTrainRayActor pid=48395)[0m [2026-09-29 18:02:22.748 actor_cell00000_rank00000] timer.py:42 - Timer update_weights_implementation end (elapsed: 0.1s)
[36m(MegatronTrainRayActor pid=48395)[0m [2026-09-29 18:02:22.748 actor_cell00000_rank00000] timer.py:31 - Timer finalize_and_resume_engines start
[36m(CommandActor pid=48043)[0m [2026-09-29 18:02:22] LoRA adapter loading from tensors completes: LoRARef(lora_id=e9fb972a7076468a9063870296d45dc3, lora_name=miles_lora, lora_path=__stream__, pinned=False, reloadable=False).
[36m(MegatronTrainRayActor pid=48395)[0m [2026-09-29 18:02:22.793 actor_cell00000_rank00000] _client.py:1740 - HTTP Request: POST http://172.20.10.205:20101/end_weight_update "HTTP/1.1 200 OK"
[36m(CommandActor pid=48043)[0m [2026-09-29 18:02:22] Weight version changed. old_version='default' new_version='1' num_recorded=0
[36m(MegatronTrainRayActor pid=48395)[0m [2026-09-29 18:02:22.797 actor_cell00000_rank00000] _client.py:1740 - HTTP Request: POST http://172.20.10.205:20101/update_weight_version "HTTP/1.1 200 OK"
[36m(CommandActor pid=48043)[0m [2026-09-29 18:02:22] [continue_generation] torch.cuda.empty_cache() called: reserved 32306.0 MB -> 32266.0 MB (freed 40.0 MB)
[36m(TrainerController pid=48044)[0m [2026-09-29 18:02:22.804 trainer_controller_actor] cell.py:239 - ft op=execute phase=end cell=trainer-engine-actor-00000 fn=update_weights ok=true elapsed_s=0.2
[36m(MegatronTrainRayActor pid=48395)[0m [2026-09-29 18:02:22.800 actor_cell00000_rank00000] _client.py:1740 - HTTP Request: POST http://172.20.10.205:20101/continue_generation "HTTP/1.1 200 OK"
[36m(MegatronTrainRayActor pid=48395)[0m [2026-09-29 18:02:22.801 actor_cell00000_rank00000] timer.py:42 - Timer finalize_and_resume_engines end (elapsed: 0.1s)
[36m(MegatronTrainRayActor pid=48395)[0m [miles-colocate] Update weights: 1it [00:00,  7.30it/s]
[36m(MegatronTrainRayActor pid=48395)[0m [2026-09-29 18:02:22.802 actor_cell00000_rank00000] memory_utils.py:41 - [Rank 0] Memory-Usage after update_weights: {'gpu': '0', 'total_GB': 79.18, 'free_GB': 75.05, 'used_GB': 4.13, 'allocated_GB': 1.2, 'reserved_GB': 1.29}
[36m(MegatronTrainRayActor pid=48395)[0m [2026-09-29 18:02:22.803 actor_cell00000_rank00000] timer.py:42 - Timer update_weights end (elapsed: 0.2s)
[36m(MegatronTrainRayActor pid=48395)[0m [2026-09-29 18:02:22.803 actor_cell00000_rank00000] structured_log.py:28 - actor cls=MegatronTrainRayActor fn=update_weights phase=end ok=true elapsed_s=0.2
[2026-09-29 18:02:22.854 main] logger.py:72 - audit op=event event=InferenceEngineWeightChecksumEvent type=inference_engine_weight_checksum rollout_id=-1 trainer_model_id= engine_checksums="<list len=1>"
[36m(InferenceController pid=48038)[0m [2026-09-29 18:02:22.810 inference_controller] _client.py:1740 - HTTP Request: POST http://172.20.10.205:20000/workers "HTTP/1.1 202 Accepted"
[36m(InferenceController pid=48038)[0m [2026-09-29 18:02:22.810 inference_controller] server_cell.py:268 - Cell inference-engine-all-0-0-00000 mark_serving start old=addr_info=CellAddrInfo(server_url='http://172.20.10.205:20101', bootstrap_port=None, gate_url='http://172.20.10.205:20136')
[36m(InferenceController pid=48038)[0m [2026-09-29 18:02:22.811 inference_controller] server_cell.py:271 - Cell inference-engine-all-0-0-00000 mark_serving end new=addr_info=CellAddrInfo(server_url='http://172.20.10.205:20101', bootstrap_port=None, gate_url='http://172.20.10.205:20136')
[36m(InferenceController pid=48038)[0m [2026-09-29 18:02:22.852 inference_controller] _client.py:1740 - HTTP Request: POST http://172.20.10.205:20101/weights_checker "HTTP/1.1 200 OK"
[36m(CommandActor pid=48043)[0m [2026-09-29 18:02:22] WARNING:  Invalid HTTP request received.
[36m(CommandActor pid=48043)[0m [2026-09-29 18:02:22] WARNING:  Invalid HTTP request received.
[36m(CommandActor pid=48043)[0m [2026-09-29 18:02:22] [WeightChecker] handle action=checksum allow_quant_error=False skip_tensor_list=None
[36m(CommandActor pid=48043)[0m [2026-09-29 18:02:22] [WeightChecker] checksum computed for 226 tensors in 0.033s
[36m(InferenceController pid=48038)[0m [2026-09-29 18:02:22.927 inference_controller] _client.py:1740 - HTTP Request: POST http://172.20.10.205:20101/resume_memory_occupation "HTTP/1.1 200 OK"
[36m(InferenceController pid=48038)[0m [2026-09-29 18:02:22.983 inference_controller] _client.py:1740 - HTTP Request: POST http://172.20.10.205:20101/weights_checker "HTTP/1.1 200 OK"
[36m(CommandActor pid=48043)[0m [2026-09-29 18:02:22] Weight version changed. old_version='1' new_version='yeto:0:a34cd30f37ee5ffaad784b92defd77b3b6ce68095faf29288d5ea460912617c4' num_recorded=0
[36m(CommandActor pid=48043)[0m [2026-09-29 18:02:22] [WeightChecker] handle action=checksum allow_quant_error=False skip_tensor_list=None
[36m(CommandActor pid=48043)[0m [2026-09-29 18:02:22] [WeightChecker] checksum computed for 226 tensors in 0.020s
[36m(TrainerController pid=48044)[0m [2026-09-29 18:02:22.989 trainer_controller_actor] cell.py:231 - ft op=execute phase=start cell=trainer-engine-actor-00000 fn=sleep n_actors=1
[36m(TrainerController pid=48044)[0m [2026-09-29 18:02:22.991 trainer_controller_actor] cell.py:239 - ft op=execute phase=end cell=trainer-engine-actor-00000 fn=sleep ok=true elapsed_s=0.0
[36m(MegatronTrainRayActor pid=48395)[0m [2026-09-29 18:02:22.990 actor_cell00000_rank00000] structured_log.py:24 - actor cls=MegatronTrainRayActor fn=sleep phase=start
[36m(MegatronTrainRayActor pid=48395)[0m [2026-09-29 18:02:22.990 actor_cell00000_rank00000] timer.py:31 - Timer sleep start
[36m(MegatronTrainRayActor pid=48395)[0m [2026-09-29 18:02:22.990 actor_cell00000_rank00000] actor.py:451 - sleep() called while already offloaded; skipping
[36m(MegatronTrainRayActor pid=48395)[0m [2026-09-29 18:02:22.990 actor_cell00000_rank00000] timer.py:42 - Timer sleep end (elapsed: 0.0s)
[36m(MegatronTrainRayActor pid=48395)[0m [2026-09-29 18:02:22.991 actor_cell00000_rank00000] structured_log.py:28 - actor cls=MegatronTrainRayActor fn=sleep phase=end ok=true elapsed_s=0.0
[36m(RolloutExecutor pid=48036)[0m Rollout generation:   0%|          | 0/32 [00:00<?, ?it/s]
[36m(CommandActor pid=48043)[0m [2026-09-29 18:02:24] LoRA adapter 'e9fb972a7076468a9063870296d45dc3': loaded weights for target modules ['down_proj', 'gate_up_proj', 'o_proj', 'qkv_proj'].
[36m(CommandActor pid=48043)[0m [2026-09-29 18:02:32] Prefill batch, #new-seq: 1, #new-token: 60, #cached-token: 0, token usage: 0.01, #running-req: 0, #queue-req: 0, #pending-token: 0, cuda graph: False, input throughput (token/s): 5.06
[36m(CommandActor pid=48043)[0m [2026-09-29 18:02:32] Prefill batch, #new-seq: 31, #new-token: 2092, #cached-token: 0, token usage: 0.00, #running-req: 1, #queue-req: 0, #pending-token: 0, cuda graph: False, input throughput (token/s): 141204.37
[36m(CommandActor pid=48043)[0m [2026-09-29 18:02:33] Decode batch, #running-req: 32, #token: 1572, token usage: 0.01, cuda graph: True, gen throughput (token/s): 92.24, #queue-req: 0
[36m(CommandActor pid=48043)[0m [2026-09-29 18:02:33] Decode batch, #running-req: 31, #token: 2771, token usage: 0.01, cuda graph: True, gen throughput (token/s): 6182.74, #queue-req: 0
[36m(CommandActor pid=48043)[0m [2026-09-29 18:02:33] Decode batch, #running-req: 20, #token: 2559, token usage: 0.01, cuda graph: True, gen throughput (token/s): 4934.42, #queue-req: 0
[36m(RolloutExecutor pid=48036)[0m [2026-09-29 18:02:33.618 rollout_executor] inference_rollout_train.py:137 - First rollout sample: text_preview=<|im_start|>user\nNatalia sold clips to 48 of her friends in April, and then she sold half as many clips in May. How many clips did Natalia sell altogether in April and May?\nPut the final numeric answer in \boxed{}.<|im_end|>\n<|im_start|>assistant\n<think>\n\n</think>\n\nNatalia sold 48 clips to her friends in April.\n\nIn May, she sold half as many clips as in April.  \nSo, she sold $ \frac{1}{2} \times 48 = 24 $ clips in May.\n\nNow, to find the total number of clips sold in April and May:\n\n$$\n48 + 2...<truncated chars=56>, label=72, reward_summary=1.0
[36m(RolloutExecutor pid=48036)[0m Rollout generation:  25%|██▌       | 8/32 [00:09<00:28,  1.20s/it]
[36m(CommandActor pid=48043)[0m [2026-09-29 18:02:33] Decode batch, #running-req: 16, #token: 2730, token usage: 0.01, cuda graph: True, gen throughput (token/s): 3330.70, #queue-req: 0
[36m(CommandActor pid=48043)[0m [2026-09-29 18:02:33] Decode batch, #running-req: 8, #token: 1561, token usage: 0.01, cuda graph: True, gen throughput (token/s): 2408.99, #queue-req: 0
[36m(RolloutExecutor pid=48036)[0m Rollout generation:  75%|███████▌  | 24/32 [00:10<00:02,  3.00it/s]
[36m(CommandActor pid=48043)[0m [2026-09-29 18:02:34] Decode batch, #running-req: 4, #token: 1046, token usage: 0.00, cuda graph: True, gen throughput (token/s): 1020.77, #queue-req: 0
[36m(CommandActor pid=48043)[0m [2026-09-29 18:02:34] Decode batch, #running-req: 2, #token: 644, token usage: 0.00, cuda graph: True, gen throughput (token/s): 731.44, #queue-req: 0
[36m(CommandActor pid=48043)[0m [2026-09-29 18:02:34] Decode batch, #running-req: 2, #token: 724, token usage: 0.00, cuda graph: True, gen throughput (token/s): 416.63, #queue-req: 0
[36m(CommandActor pid=48043)[0m [2026-09-29 18:02:34] Decode batch, #running-req: 1, #token: 443, token usage: 0.00, cuda graph: True, gen throughput (token/s): 366.94, #queue-req: 0
[36m(RolloutExecutor pid=48036)[0m Rollout generation: 100%|██████████| 32/32 [00:10<00:00,  4.00it/s]Rollout generation: 100%|██████████| 32/32 [00:10<00:00,  2.96it/s]
[36m(RolloutExecutor pid=48036)[0m [2026-09-29 18:02:34.868 rollout_executor] inference_rollout_train.py:161 - Finish rollout: text_preview=<|im_start|>user\nBetty is saving money for a new wallet which costs $100. Betty has only half of the money she needs. Her parents decided to give her $15 for that purpose, and her grandparents twice as much as her parents. How much more money does Betty need to buy the wallet?\nPut the final numeric answer in \boxed{}.<|im_end|>\n<|im_start|>assistant\n<think>\n\n</think>\n\nWe are given:\n\n- The total cost of the wallet is **$100**.\n- Betty has **only half** of the money she needs.\n- Her **parents** gi...<truncated chars=773>, label=5, reward_summary=1.0
[36m(RolloutExecutor pid=48036)[0m [2026-09-29 18:02:34.870 rollout_executor] inference_rollout_train.py:33 - Abort request for ['http://172.20.10.205:20101']
[36m(RolloutExecutor pid=48036)[0m Using blocking ray.get inside async actor. This blocks the event loop. Please use `await` on object ref with asyncio.gather if you want to yield execution to the event loop instead.
[36m(RolloutExecutor pid=48036)[0m [2026-09-29 18:02:34.885 rollout_executor] rollout_data_conversion.py:39 - Final collected 32 samples from rollout to train
[36m(RolloutExecutor pid=48036)[0m [2026-09-29 18:02:34.885 rollout_executor] debug_data.py:124 - Save debug rollout data to /work/out/entropy/rollouts/island-0/dumps/0.pt
[36m(RolloutExecutor pid=48036)[0m [2026-09-29 18:02:34.969 rollout_executor] metrics.py:93 - perf 0: {'rollout/raw_reward_unfiltered': 0.8125, 'rollout/num_training_samples': 32, 'rollout/episode_raw_reward': 0.8125, 'rollout/episode_response_length/mean': 163.34375, 'rollout/episode_response_length/median': 152.5, 'rollout/episode_response_length/max': 384, 'rollout/episode_response_length/min': 74, 'rollout/episode_total_response_length/mean': 163.34375, 'rollout/response_len/mean': 163.34375, 'rollout/response_len/median': 152.5, 'rollout/response_len/max': 384, 'rollout/response_len/min': 74, 'rollout/zero_std/count_1.0': 1, 'rollout/zero_std/all_zero_percentage': 0.0, 'rollout/zero_std/all_one_percentage': 0.25, 'rollout/prefix_cache_hit_rate': 0.0, 'rollout/avg_cached_tokens_per_sample': 0.0, 'rollout/repetition_frac': 0.0, 'rollout/truncated_ratio': 0.03125, 'perf/rollout_time': 11.73387598991394, 'perf/tokens_per_gpu_per_sec': 445.46235229458364, 'perf/longest_sample_tokens_per_sec': 32.72575918904154, 'perf/effective_tokens_per_gpu_per_sec': 445.46235229458364, 'perf/longest_effective_sample_tokens_per_sec': 32.72575918904154}
[36m(RolloutExecutor pid=48036)[0m [2026-09-29 18:02:34.971 rollout_executor] train_data_conversion.py:334 - Rollout-side DP schedule: num_samples=32, num_rollouts=[32], num_microbatches=[32]
[36m(InferenceController pid=48038)[0m [2026-09-29 18:02:34.986 inference_controller] _client.py:1740 - HTTP Request: GET http://172.20.10.205:20101/flush_cache "HTTP/1.1 200 OK"
[36m(CommandActor pid=48043)[0m [2026-09-29 18:02:34] Cache flushed successfully!
[36m(CommandActor pid=48043)[0m [2026-09-29 18:02:34] Cache flushed successfully!
[36m(InferenceController pid=48038)[0m [2026-09-29 18:02:35.347 inference_controller] _client.py:1740 - HTTP Request: POST http://172.20.10.205:20101/release_memory_occupation "HTTP/1.1 200 OK"
[36m(TrainerController pid=48044)[0m [2026-09-29 18:02:35.352 trainer_controller_actor] cell.py:231 - ft op=execute phase=start cell=trainer-engine-actor-00000 fn=wake_up n_actors=1
[36m(MegatronTrainRayActor pid=48395)[0m [2026-09-29 18:02:35.353 actor_cell00000_rank00000] structured_log.py:24 - actor cls=MegatronTrainRayActor fn=wake_up phase=start
[36m(MegatronTrainRayActor pid=48395)[0m [2026-09-29 18:02:35.353 actor_cell00000_rank00000] timer.py:31 - Timer wake_up start
[36m(MegatronTrainRayActor pid=48395)[0m [2026-09-29 18:02:35.354 actor_cell00000_rank00000] memory_utils.py:41 - [Rank 0] Memory-Usage before wake_up model: {'gpu': '0', 'total_GB': 79.18, 'free_GB': 76.25, 'used_GB': 2.93, 'allocated_GB': 1.2, 'reserved_GB': 1.27}
[36m(TrainerController pid=48044)[0m [2026-09-29 18:02:36.021 trainer_controller_actor] cell.py:239 - ft op=execute phase=end cell=trainer-engine-actor-00000 fn=wake_up ok=true elapsed_s=0.7
[36m(TrainerController pid=48044)[0m [2026-09-29 18:02:36.026 trainer_controller_actor] group.py:190 - ft op=train phase=start rollout=0 attempt=0
[36m(TrainerController pid=48044)[0m [2026-09-29 18:02:36.026 trainer_controller_actor] group.py:534 - ft op=refresh phase=start rollout=0 alive=0 healing= all_states="(0, 'StateAllocatedAlive')" quorum=0
[36m(TrainerController pid=48044)[0m [2026-09-29 18:02:36.026 trainer_controller_actor] group.py:557 - ft op=refresh phase=decision rollout=0 needs_reconfigure=false reason=alive_config_unchanged,no_healing quorum=0
[36m(TrainerController pid=48044)[0m [2026-09-29 18:02:36.026 trainer_controller_actor] cell.py:231 - ft op=execute phase=start cell=trainer-engine-actor-00000 fn=train n_actors=1
[36m(MegatronTrainRayActor pid=48395)[0m [2026-09-29 18:02:36.019 actor_cell00000_rank00000] reloadable_process_group.py:151 - Reloading 0 process groups in pid 48395
[36m(MegatronTrainRayActor pid=48395)[0m [2026-09-29 18:02:36.020 actor_cell00000_rank00000] memory_utils.py:41 - [Rank 0] Memory-Usage after wake_up model: {'gpu': '0', 'total_GB': 79.18, 'free_GB': 75.0, 'used_GB': 4.18, 'allocated_GB': 1.2, 'reserved_GB': 1.27}
[36m(MegatronTrainRayActor pid=48395)[0m [2026-09-29 18:02:36.020 actor_cell00000_rank00000] timer.py:42 - Timer wake_up end (elapsed: 0.7s)
[36m(MegatronTrainRayActor pid=48395)[0m [2026-09-29 18:02:36.020 actor_cell00000_rank00000] structured_log.py:28 - actor cls=MegatronTrainRayActor fn=wake_up phase=end ok=true elapsed_s=0.7
[36m(MegatronTrainRayActor pid=48395)[0m [2026-09-29 18:02:36.028 actor_cell00000_rank00000] structured_log.py:24 - actor cls=MegatronTrainRayActor fn=train phase=start
[36m(MegatronTrainRayActor pid=48395)[0m [2026-09-29 18:02:36.028 actor_cell00000_rank00000] timer.py:31 - Timer data_preprocess start
[36m(MegatronTrainRayActor pid=48395)[0m [2026-09-29 18:02:36.032 actor_cell00000_rank00000] timer.py:42 - Timer data_preprocess end (elapsed: 0.0s)
[36m(MegatronTrainRayActor pid=48395)[0m [2026-09-29 18:02:36.032 actor_cell00000_rank00000] structured_log.py:24 - actor cls=MegatronTrainRayActor fn=_train_actor phase=start
[36m(MegatronTrainRayActor pid=48395)[0m [2026-09-29 18:02:36.032 actor_cell00000_rank00000] timer.py:42 - Timer train_wait end (elapsed: 102.9s)
[36m(MegatronTrainRayActor pid=48395)[0m [2026-09-29 18:02:36.033 actor_cell00000_rank00000] timer.py:31 - Timer train start
[36m(MegatronTrainRayActor pid=48395)[0m [2026-09-29 18:02:36.033 actor_cell00000_rank00000] structured_log.py:24 - actor cls=MegatronTrainRayActor fn=_compute_log_prob phase=start
[36m(MegatronTrainRayActor pid=48395)[0m [2026-09-29 18:02:36.033 actor_cell00000_rank00000] timer.py:31 - Timer log_probs start
[36m(MegatronTrainRayActor pid=48395)[0m [2026-09-29 18:02:43.869 actor_cell00000_rank00000] timer.py:42 - Timer log_probs end (elapsed: 7.8s)
[36m(MegatronTrainRayActor pid=48395)[0m [2026-09-29 18:02:43.870 actor_cell00000_rank00000] structured_log.py:28 - actor cls=MegatronTrainRayActor fn=_compute_log_prob phase=end ok=true elapsed_s=7.8
[36m(MegatronTrainRayActor pid=48395)[0m [2026-09-29 18:02:43.895 actor_cell00000_rank00000] log_utils.py:100 - ft op=cross_cell phase=start kind=log_gather rank=0
[36m(MegatronTrainRayActor pid=48395)[0m [2026-09-29 18:02:43.896 actor_cell00000_rank00000] log_utils.py:106 - ft op=cross_cell phase=end kind=log_gather rank=0 success=true
[36m(MegatronTrainRayActor pid=48395)[0m [2026-09-29 18:02:43.896 actor_cell00000_rank00000] log_utils.py:126 - rollout 0: {'rollout/response_lengths': 163.34375, 'rollout/rewards': -1.862645149230957e-09, 'rollout/truncated': 0.03125, 'rollout/rollout_log_probs': -0.297331303358078, 'rollout/raw_reward': 0.8125, 'rollout/total_lengths': 230.59375, 'rollout/log_probs': -0.29792752861976624, 'rollout/advantages': -1.210719347000122e-08, 'rollout/returns': -1.210719347000122e-08}
[36m(MegatronTrainRayActor pid=48395)[0m [2026-09-29 18:02:43.897 actor_cell00000_rank00000] timer.py:31 - Timer actor_train start
[36m(MegatronTrainRayActor pid=48395)[0m /root/Megatron-LM/megatron/core/pipeline_parallel/schedules.py:220: UserWarning: The AccumulateGrad node's stream does not match the stream of the node that produced the incoming gradient. This may incur unnecessary synchronization and break CUDA graph capture if the AccumulateGrad node's stream is the default stream. This mismatch is caused by an AccumulateGrad node created prior to the current iteration being kept alive. This can happen if the autograd graph is still being kept alive by tensors such as the loss, or if you are using DDP, which will stash a reference to the node. To resolve the mismatch, delete all references to the autograd graph or ensure that DDP initialization is performed under the same stream as subsequent forwards. If the mismatch is intentional, you can use torch.autograd.graph.set_warn_on_accumulate_grad_stream_mismatch(False) to suppress this warning. (Triggered internally at /__w/pytorch/pytorch/torch/csrc/autograd/input_buffer.cpp:310.)
[36m(MegatronTrainRayActor pid=48395)[0m   Variable._execution_engine.run_backward(
[36m(MegatronTrainRayActor pid=48395)[0m /opt/sglang/lib/python3.12/site-packages/torch/distributed/c10d_logger.py:83: FutureWarning: `torch.distributed.reduce_scatter_tensor` is deprecated. Please use `torch.distributed.reduce_scatter_single` instead.
[36m(MegatronTrainRayActor pid=48395)[0m   return func(*args, **kwargs)
[36m(TrainerController pid=48044)[0m [2026-09-29 18:02:56.606 trainer_controller_actor] cell.py:239 - ft op=execute phase=end cell=trainer-engine-actor-00000 fn=train ok=true elapsed_s=20.6
[36m(TrainerController pid=48044)[0m [2026-09-29 18:02:56.606 trainer_controller_actor] group.py:290 - ft op=check errored= discarded= normal=0 decision=no_retry reason="survivors normal, gradients valid"
[36m(TrainerController pid=48044)[0m [2026-09-29 18:02:56.607 trainer_controller_actor] logger.py:72 - audit op=event event=TrainGroupStepEndEvent type=train_group_step_end rollout_id=0 cell_outcomes="{\"0\":[\"normal\"]}"
[36m(TrainerController pid=48044)[0m [2026-09-29 18:02:56.610 trainer_controller_actor] cell.py:231 - ft op=execute phase=start cell=trainer-engine-actor-00000 fn=run_plugin n_actors=1
[36m(TrainerController pid=48044)[0m [2026-09-29 18:02:56.612 trainer_controller_actor] cell.py:239 - ft op=execute phase=end cell=trainer-engine-actor-00000 fn=run_plugin ok=true elapsed_s=0.0
[36m(TrainerController pid=48044)[0m [2026-09-29 18:02:56.615 trainer_controller_actor] cell.py:231 - ft op=execute phase=start cell=trainer-engine-actor-00000 fn=run_plugin n_actors=1
[36m(TrainerController pid=48044)[0m [2026-09-29 18:02:56.617 trainer_controller_actor] cell.py:239 - ft op=execute phase=end cell=trainer-engine-actor-00000 fn=run_plugin ok=true elapsed_s=0.0
[36m(TrainerController pid=48044)[0m [2026-09-29 18:02:56.620 trainer_controller_actor] cell.py:231 - ft op=execute phase=start cell=trainer-engine-actor-00000 fn=run_plugin n_actors=1
[36m(MegatronTrainRayActor pid=48395)[0m /opt/sglang/lib/python3.12/site-packages/torch/distributed/c10d_logger.py:83: FutureWarning: `torch.distributed.all_gather_into_tensor` is deprecated. Please use `torch.distributed.all_gather_single` instead.
[36m(MegatronTrainRayActor pid=48395)[0m   return func(*args, **kwargs)
[36m(MegatronTrainRayActor pid=48395)[0m [2026-09-29 18:02:56.601 actor_cell00000_rank00000] model.py:637 - train op=train_step rollout=0 step=0 attempt=0 outcome=NORMAL valid_step=true
[36m(MegatronTrainRayActor pid=48395)[0m [2026-09-29 18:02:56.602 actor_cell00000_rank00000] log_utils.py:554 - step 0: {'train/loss': -0.00029812566936016083, 'train/pg_loss': 1.210719347000122e-08, 'train/entropy_loss': 0.2981306314468384, 'train/pg_clipfrac': 0.0, 'train/ppo_kl': 0.0, 'train/ess_ratio': 1.0, 'train/train_rollout_logprob_abs_diff': 0.012201795354485512, 'train/train_rollout_kl': 0.0005710568511858582, 'train/grad_norm': 0.6354036331176758, 'train/lr-pg_0': 6.666666666666668e-06, 'train/step': 0}
[36m(MegatronTrainRayActor pid=48395)[0m [2026-09-29 18:02:56.603 actor_cell00000_rank00000] model.py:847 - step 0: {'train/loss': -0.00029812566936016083, 'train/pg_loss': 1.210719347000122e-08, 'train/entropy_loss': 0.2981306314468384, 'train/pg_clipfrac': 0.0, 'train/ppo_kl': 0.0, 'train/ess_ratio': 1.0, 'train/train_rollout_logprob_abs_diff': 0.012201795354485512, 'train/train_rollout_kl': 0.0005710568511858582, 'train/grad_norm': 0.6354036331176758, 'train/lr-pg_0': 6.666666666666668e-06, 'train/step': 0}
[36m(MegatronTrainRayActor pid=48395)[0m [2026-09-29 18:02:56.603 actor_cell00000_rank00000] timer.py:42 - Timer actor_train end (elapsed: 12.7s)
[36m(MegatronTrainRayActor pid=48395)[0m [2026-09-29 18:02:56.603 actor_cell00000_rank00000] timer.py:42 - Timer train end (elapsed: 20.6s)
[36m(MegatronTrainRayActor pid=48395)[0m [2026-09-29 18:02:56.603 actor_cell00000_rank00000] timer.py:31 - Timer train_wait start
[36m(MegatronTrainRayActor pid=48395)[0m [2026-09-29 18:02:56.603 actor_cell00000_rank00000] train_metric_utils.py:56 - perf 0: {'perf/sleep_time': 2.6007113456726074, 'perf/wake_up_time': 1.9772021770477295, 'perf/update_weights_implementation_time': 0.08516955375671387, 'perf/finalize_and_resume_engines_time': 0.052457332611083984, 'perf/update_weights_time': 0.18257427215576172, 'perf/data_preprocess_time': 0.004367351531982422, 'perf/train_wait_time': 102.90396642684937, 'perf/log_probs_time': 7.836735725402832, 'perf/actor_train_time': 12.705888509750366, 'perf/train_time': 20.57021999359131, 'perf/log_probs_tflops': 1.0038200295875908, 'perf/actor_train_tflops': 1.857407834573835, 'perf/actor_train_tok_per_s': 580.7543482171619, 'perf/mfu_peak_tflops': 989.0, 'perf/actor_train_mfu': 0.001878066566808731, 'perf/step_time': 123.47418642044067, 'perf/wait_time_ratio': 0.8334046929975479}
[36m(MegatronTrainRayActor pid=48395)[0m [2026-09-29 18:02:56.604 actor_cell00000_rank00000] structured_log.py:28 - actor cls=MegatronTrainRayActor fn=_train_actor phase=end ok=true elapsed_s=20.6
[36m(MegatronTrainRayActor pid=48395)[0m [2026-09-29 18:02:56.604 actor_cell00000_rank00000] structured_log.py:28 - actor cls=MegatronTrainRayActor fn=train phase=end ok=true elapsed_s=20.6
[36m(TrainerController pid=48044)[0m [2026-09-29 18:02:56.897 trainer_controller_actor] cell.py:239 - ft op=execute phase=end cell=trainer-engine-actor-00000 fn=run_plugin ok=true elapsed_s=0.3
[36m(TrainerController pid=48044)[0m [2026-09-29 18:02:57.306 trainer_controller_actor] cell.py:231 - ft op=execute phase=start cell=trainer-engine-actor-00000 fn=run_plugin n_actors=1
[36m(TrainerController pid=48044)[0m [2026-09-29 18:02:57.638 trainer_controller_actor] cell.py:239 - ft op=execute phase=end cell=trainer-engine-actor-00000 fn=run_plugin ok=true elapsed_s=0.3
[36m(InferenceController pid=48038)[0m [2026-09-29 18:02:58.279 inference_controller] _client.py:1740 - HTTP Request: POST http://172.20.10.205:20101/resume_memory_occupation "HTTP/1.1 200 OK"
[36m(CommandActor pid=48043)[0m [2026-09-29 18:02:58] Cache flush skipped: KV cache memory is released.
[36m(TrainerController pid=48044)[0m [2026-09-29 18:02:58.287 trainer_controller_actor] group.py:392 - ft op=update_weights phase=start rollout=
[36m(TrainerController pid=48044)[0m [2026-09-29 18:02:58.287 trainer_controller_actor] cell.py:231 - ft op=execute phase=start cell=trainer-engine-actor-00000 fn=update_weights n_actors=1
[36m(MegatronTrainRayActor pid=48395)[0m [2026-09-29 18:02:58.289 actor_cell00000_rank00000] structured_log.py:24 - actor cls=MegatronTrainRayActor fn=update_weights phase=start
[36m(MegatronTrainRayActor pid=48395)[0m [2026-09-29 18:02:58.289 actor_cell00000_rank00000] timer.py:31 - Timer update_weights start
[36m(MegatronTrainRayActor pid=48395)[0m [2026-09-29 18:02:58.290 actor_cell00000_rank00000] memory_utils.py:41 - [Rank 0] Memory-Usage before update_weights: {'gpu': '0', 'total_GB': 79.18, 'free_GB': 69.05, 'used_GB': 10.13, 'allocated_GB': 1.38, 'reserved_GB': 4.4}
[36m(MegatronTrainRayActor pid=48395)[0m [2026-09-29 18:02:58.294 actor_cell00000_rank00000] _client.py:1740 - HTTP Request: POST http://172.20.10.205:20101/pause_generation "HTTP/1.1 200 OK"
[36m(MegatronTrainRayActor pid=48395)[0m [2026-09-29 18:02:58.297 actor_cell00000_rank00000] _client.py:1740 - HTTP Request: GET http://172.20.10.205:20101/flush_cache "HTTP/1.1 200 OK"
[36m(MegatronTrainRayActor pid=48395)[0m [2026-09-29 18:02:58.301 actor_cell00000_rank00000] _client.py:1740 - HTTP Request: POST http://172.20.10.205:20101/begin_weight_update "HTTP/1.1 200 OK"
[36m(MegatronTrainRayActor pid=48395)[0m [2026-09-29 18:02:58.301 actor_cell00000_rank00000] timer.py:31 - Timer update_weights_implementation start
[36m(MegatronTrainRayActor pid=48395)[0m [miles-colocate] Update weights: 0it [00:00, ?it/s]
[36m(MegatronTrainRayActor pid=48395)[0m  > number of parameters on (tensor, pipeline) model parallel rank (0, 0): 606142464
[36m(MegatronTrainRayActor pid=48395)[0m Loading from /root/.cache/huggingface/hub/models--Qwen--Qwen3-0.6B/snaps… … Qwe…
[36m(CommandActor pid=48043)[0m [2026-09-29 18:02:21] INFO:     172.20.10.205:55017 - "GET /health_generate HTTP/1.1" 200 OK
[36m(CommandActor pid=48043)[0m [2026-09-29 18:02:21] INFO:     172.20.10.205:55017 - "GET /flush_cache HTTP/1.1" 200 OK
[36m(CommandActor pid=48043)[0m [2026-09-29 18:02:22] INFO:     172.20.10.205:55017 - "POST /release_memory_occupation HTTP/1.1" 200 OK
[36m(CommandActor pid=48043)[0m [2026-09-29 18:02:22] INFO:     172.20.10.205:55017 - "POST /resume_memory_occupation HTTP/1.1" 200 OK
[36m(CommandActor pid=48043)[0m [2026-09-29 18:02:22] INFO:     172.20.10.205:55017 - "GET /server_info HTTP/1.1" 200 OK
[36m(CommandActor pid=48043)[0m [2026-09-29 18:02:22] INFO:     172.20.10.205:47921 - "POST /pause_generation HTTP/1.1" 200 OK
[36m(CommandActor pid=48043)[0m [2026-09-29 18:02:22] INFO:     172.20.10.205:47921 - "GET /flush_cache HTTP/1.1" 200 OK
[36m(CommandActor pid=48043)[0m [2026-09-29 18:02:22] INFO:     172.20.10.205:47921 - "POST /register_lora_adapter HTTP/1.1" 200 OK
[36m(CommandActor pid=48043)[0m [2026-09-29 18:02:22] INFO:     172.20.10.205:47921 - "POST /begin_weight_update HTTP/1.1" 200 OK
[36m(CommandActor pid=48043)[0m [2026-09-29 18:02:22] INFO:     172.20.10.205:47921 - "POST /update_weights_from_tensor HTTP/1.1" 200 OK
[36m(CommandActor pid=48043)[0m [2026-09-29 18:02:22] INFO:     172.20.10.205:47921 - "POST /end_weight_update HTTP/1.1" 200 OK
[36m(CommandActor pid=48043)[0m [2026-09-29 18:02:22] INFO:     172.20.10.205:47921 - "POST /update_weight_version HTTP/1.1" 200 OK
[36m(CommandActor pid=48043)[0m [2026-09-29 18:02:22] INFO:     172.20.10.205:47921 - "POST /continue_generation HTTP/1.1" 200 OK
[36m(CommandActor pid=48043)[0m [2026-09-29 18:02:22] INFO:     172.20.10.205:53200 - "PRI %2A HTTP/2.0" 404 Not Found
[36m(CommandActor pid=48043)[0m [2026-09-29 18:02:22] INFO:     172.20.10.205:35462 - "GET /health HTTP/1.1" 200 OK
[36m(CommandActor pid=48043)[0m [2026-09-29 18:02:22] INFO:     172.20.10.205:40995 - "PRI %2A HTTP/2.0" 404 Not Found
[36m(CommandActor pid=48043)[0m [2026-09-29 18:02:22] INFO:     172.20.10.205:55017 - "POST /weights_checker HTTP/1.1" 200 OK
[36m(CommandActor pid=48043)[0m [2026-09-29 18:02:22] INFO:     172.20.10.205:18349 - "GET /server_info HTTP/1.1" 200 OK
[36m(CommandActor pid=48043)[0m [2026-09-29 18:02:22] INFO:     172.20.10.205:18349 - "GET /model_info HTTP/1.1" 200 OK
[36m(CommandActor pid=48043)[0m [2026-09-29 18:02:22] INFO:     172.20.10.205:55017 - "POST /resume_memory_occupation HTTP/1.1" 200 OK
[36m(CommandActor pid=48043)[0m [2026-09-29 18:02:22] INFO:     172.20.10.205:50694 - "POST /update_weight_version HTTP/1.1" 200 OK
[36m(CommandActor pid=48043)[0m [2026-09-29 18:02:22] INFO:     172.20.10.205:50694 - "GET /model_info HTTP/1.1" 200 OK
[36m(CommandActor pid=48043)[0m [2026-09-29 18:02:22] INFO:     172.20.10.205:55017 - "POST /weights_checker HTTP/1.1" 200 OK
[36m(CommandActor pid=48043)[0m [2026-09-29 18:02:33] INFO:     172.20.10.205:33881 - "POST /generate HTTP/1.1" 200 OK
[36m(CommandActor pid=48043)[0m [2026-09-29 18:02:33] INFO:     172.20.10.205:63871 - "POST /generate HTTP/1.1" 200 OK
[36m(CommandActor pid=48043)[0m [2026-09-29 18:02:33] INFO:     172.20.10.205:38719 - "POST /generate HTTP/1.1" 200 OK
[36m(CommandActor pid=48043)[0m [2026-09-29 18:02:33] INFO:     172.20.10.205:37378 - "POST /generate HTTP/1.1" 200 OK
[36m(CommandActor pid=48043)[0m [2026-09-29 18:02:33] INFO:     172.20.10.205:38755 - "POST /generate HTTP/1.1" 200 OK
[36m(CommandActor pid=48043)[0m [2026-09-29 18:02:33] INFO:     172.20.10.205:35462 - "POST /generate HTTP/1.1" 200 OK
[36m(CommandActor pid=48043)[0m [2026-09-29 18:02:33] INFO:     172.20.10.205:61353 - "POST /generate HTTP/1.1" 200 OK
[36m(CommandActor pid=48043)[0m [2026-09-29 18:02:33] INFO:     172.20.10.205:53986 - "POST /generate HTTP/1.1" 200 OK
[36m(CommandActor pid=48043)[0m [2026-09-29 18:02:33] INFO:     172.20.10.205:39688 - "POST /generate HTTP/1.1" 200 OK
[36m(CommandActor pid=48043)[0m [2026-09-29 18:02:33] INFO:     172.20.10.205:58628 - "POST /generate HTTP/1.1" 200 OK
[36m(CommandActor pid=48043)[0m [2026-09-29 18:02:33] INFO:     172.20.10.205:56720 - "POST /generate HTTP/1.1" 200 OK
[36m(CommandActor pid=48043)[0m [2026-09-29 18:02:33] INFO:     172.20.10.205:21742 - "POST /generate HTTP/1.1" 200 OK
[36m(CommandActor pid=48043)[0m [2026-09-29 18:02:33] INFO:     172.20.10.205:27151 - "POST /generate HTTP/1.1" 200 OK
[36m(CommandActor pid=48043)[0m [2026-09-29 18:02:33] INFO:     172.20.10.205:33336 - "POST /generate HTTP/1.1" 200 OK
[36m(CommandActor pid=48043)[0m [2026-09-29 18:02:33] INFO:     172.20.10.205:57717 - "POST /generate HTTP/1.1" 200 OK
[36m(CommandActor pid=48043)[0m [2026-09-29 18:02:33] INFO:     172.20.10.205:17385 - "POST /generate HTTP/1.1" 200 OK
[36m(CommandActor pid=48043)[0m [2026-09-29 18:02:33] INFO:     172.20.10.205:63627 - "POST /generate HTTP/1.1" 200 OK
[36m(CommandActor pid=48043)[0m [2026-09-29 18:02:33] INFO:     172.20.10.205:58799 - "POST /generate HTTP/1.1" 200 OK
[36m(CommandActor pid=48043)[0m [2026-09-29 18:02:33] INFO:     172.20.10.205:49347 - "POST /generate HTTP/1.1" 200 OK
[36m(CommandActor pid=48043)[0m [2026-09-29 18:02:33] INFO:     172.20.10.205:61803 - "POST /generate HTTP/1.1" 200 OK
[36m(CommandActor pid=48043)[0m [2026-09-29 18:02:33] INFO:     172.20.10.205:53616 - "POST /generate HTTP/1.1" 200 OK
[36m(CommandActor pid=48043)[0m [2026-09-29 18:02:33] INFO:     172.20.10.205:60837 - "POST /generate HTTP/1.1" 200 OK
[36m(CommandActor pid=48043)[0m [2026-09-29 18:02:33] INFO:     172.20.10.205:55411 - "POST /generate HTTP/1.1" 200 OK
[36m(CommandActor pid=48043)[0m [2026-09-29 18:02:33] INFO:     172.20.10.205:21667 - "POST /generate HTTP/1.1" 200 OK
[36m(CommandActor pid=48043)[0m [2026-09-29 18:02:33] INFO:     172.20.10.205:52190 - "POST /generate HTTP/1.1" 200 OK
[36m(CommandActor pid=48043)[0m [2026-09-29 18:02:34] INFO:     172.20.10.205:31209 - "POST /generate HTTP/1.1" 200 OK
[36m(CommandActor pid=48043)[0m [2026-09-29 18:02:34] INFO:     172.20.10.205:61422 - "POST /generate HTTP/1.1" 200 OK
[36m(CommandActor pid=48043)[0m [2026-09-29 18:02:34] INFO:     172.20.10.205:43420 - "POST /generate HTTP/1.1" 200 OK
[36m(CommandActor pid=48043)[0m [2026-09-29 18:02:34] INFO:     172.20.10.205:16209 - "POST /generate HTTP/1.1" 200 OK
[36m(CommandActor pid=48043)[0m [2026-09-29 18:02:34] INFO:     172.20.10.205:37082 - "POST /generate HTTP/1.1" 200 OK
[36m(CommandActor pid=48043)[0m [2026-09-29 18:02:34] INFO:     172.20.10.205:55736 - "POST /generate HTTP/1.1" 200 OK
[36m(CommandActor pid=48043)[0m [2026-09-29 18:02:34] INFO:     172.20.10.205:23116 - "POST /generate HTTP/1.1" 200 OK
[36m(CommandActor pid=48043)[0m [2026-09-29 18:02:34] INFO:     172.20.10.205:48833 - "POST /abort_request HTTP/1.1" 200 OK
[36m(CommandActor pid=48043)[0m [2026-09-29 18:02:34] INFO:     172.20.10.205:52366 - "GET /flush_cache HTTP/1.1" 200 OK
[36m(CommandActor pid=48043)[0m [2026-09-29 18:02:35] INFO:     172.20.10.205:52366 - "POST /release_memory_occupation HTTP/1.1" 200 OK
[36m(CommandActor pid=48043)[0m [2026-09-29 18:02:40] INFO:     172.20.10.205:16275 - "GET /health HTTP/1.1" 200 OK
[36m(CommandActor pid=48043)[0m [2026-09-29 18:02:58] INFO:     172.20.10.205:48469 - "POST /resume_memory_occupation HTTP/1.1" 200 OK
[36m(CommandActor pid=48043)[0m [2026-09-29 18:02:58] INFO:     172.20.10.205:43205 - "POST /pause_generation HTTP/1.1" 200 OK
[36m(CommandActor pid=48043)[0m [2026-09-29 18:02:58] INFO:     172.20.10.205:43205 - "GET /flush_cache HTTP/1.1" 200 OK
[36m(CommandActor pid=48043)[0m [2026-09-29 18:02:58] INFO:     172.20.10.205:43205 - "POST /begin_weight_update HTTP/1.1" 200 OK
[36m(CommandActor pid=48043)[0m [2026-09-29 18:02:58] INFO:     172.20.10.205:43205 - "POST /update_weights_from_tensor HTTP/1.1" 200 OK[36m(CommandActor pid=48043)[0m [2026-09-29 18:02:58] LoRA adapter loading from tensors starts: LoRARef(lora_id=e9fb972a7076468a9063870296d45dc3, lora_name=miles_lora, lora_path=__stream__, pinned=False, reloadable=False).
[36m(CommandActor pid=48043)[0m [2026-09-29 18:02:58] LoRA adapter 'e9fb972a7076468a9063870296d45dc3': loaded weights for target modules ['down_proj', 'gate_up_proj', 'o_proj', 'qkv_proj'].
[36m(CommandActor pid=48043)[0m [2026-09-29 18:02:58] LoRA adapter loading from tensors completes: LoRARef(lora_id=e9fb972a7076468a9063870296d45dc3, lora_name=miles_lora, lora_path=__stream__, pinned=False, reloadable=False).
[36m(CommandActor pid=48043)[0m [2026-09-29 18:02:58] Weight version changed. old_version='yeto:0:a34cd30f37ee5ffaad784b92defd77b3b6ce68095faf29288d5ea460912617c4' new_version='2' num_recorded=0
[36m(MegatronTrainRayActor pid=48395)[0m [2026-09-29 18:02:58.384 actor_cell00000_rank00000] _client.py:1740 - HTTP Request: POST http://172.20.10.205:20101/update_weights_from_tensor "HTTP/1.1 200 OK"
[36m(MegatronTrainRayActor pid=48395)[0m [2026-09-29 18:02:58.385 actor_cell00000_rank00000] timer.py:42 - Timer update_weights_implementation end (elapsed: 0.1s)
[36m(MegatronTrainRayActor pid=48395)[0m [2026-09-29 18:02:58.385 actor_cell00000_rank00000] timer.py:31 - Timer finalize_and_resume_engines start
[36m(MegatronTrainRayActor pid=48395)[0m [2026-09-29 18:02:58.450 actor_cell00000_rank00000] _client.py:1740 - HTTP Request: POST http://172.20.10.205:20101/end_weight_update "HTTP/1.1 200 OK"
[36m(CommandActor pid=48043)[0m [2026-09-29 18:02:58] [continue_generation] torch.cuda.empty_cache() called: reserved 32306.0 MB -> 32266.0 MB (freed 40.0 MB)
[36m(MegatronTrainRayActor pid=48395)[0m [2026-09-29 18:02:58.454 actor_cell00000_rank00000] _client.py:1740 - HTTP Request: POST http://172.20.10.205:20101/update_weight_version "HTTP/1.1 200 OK"
[36m(MegatronTrainRayActor pid=48395)[0m [2026-09-29 18:02:58.457 actor_cell00000_rank00000] _client.py:1740 - HTTP Request: POST http://172.20.10.205:20101/continue_generation "HTTP/1.1 200 OK"
[36m(MegatronTrainRayActor pid=48395)[0m [2026-09-29 18:02:58.457 actor_cell00000_rank00000] timer.py:42 - Timer finalize_and_resume_engines end (elapsed: 0.1s)
[2026-09-29 18:02:58.516 main] logger.py:72 - audit op=event event=InferenceEngineWeightChecksumEvent type=inference_engine_weight_checksum rollout_id=-1 trainer_model_id= engine_checksums="<list len=1>"
[36m(InferenceController pid=48038)[0m [2026-09-29 18:02:58.514 inference_controller] _client.py:1740 - HTTP Request: POST http://172.20.10.205:20101/weights_checker "HTTP/1.1 200 OK"
[36m(InferenceController pid=48038)[0m [2026-09-29 18:02:58.549 inference_controller] _client.py:1740 - HTTP Request: POST http://172.20.10.205:20101/resume_memory_occupation "HTTP/1.1 200 OK"
[36m(CommandActor pid=48043)[0m [2026-09-29 18:02:58] [WeightChecker] handle action=checksum allow_quant_error=False skip_tensor_list=None
[36m(CommandActor pid=48043)[0m [2026-09-29 18:02:58] [WeightChecker] checksum computed for 226 tensors in 0.020s
[36m(CommandActor pid=48043)[0m [2026-09-29 18:02:58] Weight version changed. old_version='2' new_version='yeto:1:862c769056e8070ec118de0d0fe9e61c5badaa4ffab243b2d4f6d17fc72c03ae' num_recorded=0
[36m(CommandActor pid=48043)[0m [2026-09-29 18:02:58] [WeightChecker] handle action=checksum allow_quant_error=False skip_tensor_list=None
[36m(TrainerController pid=48044)[0m [2026-09-29 18:02:58.484 trainer_controller_actor] cell.py:239 - ft op=execute phase=end cell=trainer-engine-actor-00000 fn=update_weights ok=true elapsed_s=0.2
[36m(MegatronTrainRayActor pid=48395)[0m [miles-colocate] Update weights: 1it [00:00,  5.58it/s]
[36m(MegatronTrainRayActor pid=48395)[0m [2026-09-29 18:02:58.482 actor_cell00000_rank00000] memory_utils.py:41 - [Rank 0] Memory-Usage after update_weights: {'gpu': '0', 'total_GB': 79.18, 'free_GB': 71.93, 'used_GB': 7.25, 'allocated_GB': 1.38, 'reserved_GB': 1.54}
[36m(MegatronTrainRayActor pid=48395)[0m [2026-09-29 18:02:58.483 actor_cell00000_rank00000] timer.py:42 - Timer update_weights end (elapsed: 0.2s)
[36m(MegatronTrainRayActor pid=48395)[0m [2026-09-29 18:02:58.483 actor_cell00000_rank00000] structured_log.py:28 - actor cls=MegatronTrainRayActor fn=update_weights phase=end ok=true elapsed_s=0.2
[36m(InferenceController pid=48038)[0m [2026-09-29 18:02:58.590 inference_controller] _client.py:1740 - HTTP Request: POST http://172.20.10.205:20101/weights_checker "HTTP/1.1 200 OK"
[36m(CommandActor pid=48043)[0m [2026-09-29 18:02:58] [WeightChecker] checksum computed for 226 tensors in 0.020s
[36m(TrainerController pid=48044)[0m [2026-09-29 18:02:58.597 trainer_controller_actor] cell.py:231 - ft op=execute phase=start cell=trainer-engine-actor-00000 fn=sleep n_actors=1
[36m(MegatronTrainRayActor pid=48395)[0m [2026-09-29 18:02:58.598 actor_cell00000_rank00000] structured_log.py:24 - actor cls=MegatronTrainRayActor fn=sleep phase=start
[36m(MegatronTrainRayActor pid=48395)[0m [2026-09-29 18:02:58.598 actor_cell00000_rank00000] timer.py:31 - Timer sleep start
[36m(MegatronTrainRayActor pid=48395)[0m [2026-09-29 18:02:59.263 actor_cell00000_rank00000] memory_utils.py:41 - [Rank 0] Memory-Usage before offload model: {'gpu': '0', 'total_GB': 79.18, 'free_GB': 41.9, 'used_GB': 37.28, 'allocated_GB': 1.38, 'reserved_GB': 1.52}
[36m(RolloutExecutor pid=48036)[0m Rollout generation:   0%|          | 0/32 [00:00<?, ?it/s]
[36m(TrainerController pid=48044)[0m [2026-09-29 18:02:59.698 trainer_controller_actor] cell.py:239 - ft op=execute phase=end cell=trainer-engine-actor-00000 fn=sleep ok=true elapsed_s=1.1
[36m(MegatronTrainRayActor pid=48395)[0m [2026-09-29 18:02:59.695 actor_cell00000_rank00000] memory_utils.py:41 - [Rank 0] Memory-Usage after offload model: {'gpu': '0', 'total_GB': 79.18, 'free_GB': 43.4, 'used_GB': 35.78, 'allocated_GB': 1.38, 'reserved_GB': 1.52}
[36m(MegatronTrainRayActor pid=48395)[0m [2026-09-29 18:02:59.696 actor_cell00000_rank00000] log_utils.py:436 - [CPU memory] after_offload_train: 39.63 GB (rollout_id=0, step=0)
[36m(MegatronTrainRayActor pid=48395)[0m [2026-09-29 18:02:59.696 actor_cell00000_rank00000] timer.py:42 - Timer sleep end (elapsed: 1.1s)
[36m(MegatronTrainRayActor pid=48395)[0m [2026-09-29 18:02:59.697 actor_cell00000_rank00000] structured_log.py:28 - actor cls=MegatronTrainRayActor fn=sleep phase=end ok=true elapsed_s=1.1
[36m(CommandActor pid=48043)[0m [2026-09-29 18:03:04] Prefill batch, #new-seq: 1, #new-token: 47, #cached-token: 0, token usage: 0.01, #running-req: 0, #queue-req: 0, #pending-token: 0, cuda graph: False, input throughput (token/s): 1.50
[36m(CommandActor pid=48043)[0m [2026-09-29 18:03:04] Prefill batch, #new-seq: 31, #new-token: 2657, #cached-token: 0, token usage: 0.00, #running-req: 1, #queue-req: 0, #pending-token: 0, cuda graph: False, input throughput (token/s): 241114.28
[36m(CommandActor pid=48043)[0m [2026-09-29 18:03:04] Decode batch, #running-req: 32, #token: 1641, token usage: 0.01, cuda graph: True, gen throughput (token/s): 43.13, #queue-req: 0
[36m(CommandActor pid=48043)[0m [2026-09-29 18:03:04] Decode batch, #running-req: 31, #token: 2759, token usage: 0.01, cuda graph: True, gen throughput (token/s): 6110.99, #queue-req: 0
[36m(CommandActor pid=48043)[0m [2026-09-29 18:03:04] Decode batch, #running-req: 22, #token: 2870, token usage: 0.01, cuda graph: True, gen throughput (token/s): 5099.19, #queue-req: 0
[36m(RolloutExecutor pid=48036)[0m [2026-09-29 18:03:04.885 rollout_executor] inference_rollout_train.py:137 - First rollout sample: text_preview=<|im_start|>user\nAlbert is wondering how much pizza he can eat in one day. He buys 2 large pizzas and 2 small pizzas. A large pizza has 16 slices and a small pizza has 8 slices. If he eats it all, how many pieces does he eat that day?\nPut the final numeric answer in \boxed{}.<|im_end|>\n<|im_start|>assistant\n<think>\n\n</think>\n\nAlbert buys:\n\n- 2 large pizzas × 16 slices = $2 \times 16 = 32$ slices  \n- 2 small pizzas × 8 slices = $2 \times 8 = 16$ slices\n\nTotal slices eaten **in one day** = 32 + 1...<truncated chars=59>, label=48, reward_summary=1.0
[36m(RolloutExecutor pid=48036)[0m Rollout generation:  25%|██▌       | 8/32 [00:05<00:15,  1.55it/s]
[36m(CommandActor pid=48043)[0m [2026-09-29 18:03:05] Decode batch, #running-req: 13, #token: 2347, token usage: 0.01, cuda graph: True, gen throughput (token/s): 3293.92, #queue-req: 0
[36m(RolloutExecutor pid=48036)[0m Rollout generation:  50%|█████     | 16/32 [00:05<00:04,  3.44it/s]
[36m(CommandActor pid=48043)[0m [2026-09-29 18:03:05] Decode batch, #running-req: 10, #token: 2220, token usage: 0.01, cuda graph: True, gen throughput (token/s): 2215.11, #queue-req: 0
[36m(CommandActor pid=48043)[0m [2026-09-29 18:03:05] Decode batch, #running-req: 8, #token: 2138, token usage: 0.01, cuda graph: True, gen throughput (token/s): 1850.18, #queue-req: 0
[36m(RolloutExecutor pid=48036)[0m Rollout generation:  75%|███████▌  | 24/32 [00:05<00:01,  5.52it/s]
[36m(CommandActor pid=48043)[0m [2026-09-29 18:03:05] Decode batch, #running-req: 3, #token: 929, token usage: 0.00, cuda graph: True, gen throughput (token/s): 1080.57, #queue-req: 0
[36m(CommandActor pid=48043)[0m [2026-09-29 18:03:05] Decode batch, #running-req: 2, #token: 728, token usage: 0.00, cuda graph: True, gen throughput (token/s): 511.94, #queue-req: 0
[36m(CommandActor pid=48043)[0m [2026-09-29 18:03:06] Decode batch, #running-req: 1, #token: 447, token usage: 0.00, cuda graph: True, gen throughput (token/s): 361.38, #queue-req: 0
[36m(RolloutExecutor pid=48036)[0m Rollout generation: 100%|██████████| 32/32 [00:06<00:00,  7.40it/s]Rollout generation: 100%|██████████| 32/32 [00:06<00:00,  4.98it/s]
[36m(RolloutExecutor pid=48036)[0m [2026-09-29 18:03:06.137 rollout_executor] inference_rollout_train.py:161 - Finish rollout: text_preview=<|im_start|>user\nMark has a garden with flowers. He planted plants of three different colors in it. Ten of them are yellow, and there are 80% more of those in purple. There are only 25% as many green flowers as there are yellow and purple flowers. How many flowers does Mark have in his garden?\nPut the final numeric answer in \boxed{}.<|im_end|>\n<|im_start|>assistant\n<think>\n\n</think>\n\nLet's solve the problem step by step.\n\n---\n\n### Step 1: Represent the number of yellow, purple, and green flower...<truncated chars=506>, label=35, reward_summary=0.0
[36m(RolloutExecutor pid=48036)[0m [2026-09-29 18:03:06.139 rollout_executor] inference_rollout_train.py:33 - Abort request for ['http://172.20.10.205:20101']
[36m(RolloutExecutor pid=48036)[0m [2026-09-29 18:03:06.147 rollout_executor] rollout_data_conversion.py:39 - Final collected 32 samples from rollout to train
[36m(RolloutExecutor pid=48036)[0m [2026-09-29 18:03:06.147 rollout_executor] debug_data.py:124 - Save debug rollout data to /work/out/entropy/rollouts/island-0/dumps/1.pt
[36m(RolloutExecutor pid=48036)[0m [2026-09-29 18:03:06.157 rollout_executor] metrics.py:93 - perf 1: {'rollout/raw_reward_unfiltered': 0.34375, 'rollout/num_training_samples': 32, 'rollout/episode_raw_reward': 0.34375, 'rollout/episode_response_length/mean': 171.3125, 'rollout/episode_response_length/median': 142.0, 'rollout/episode_response_length/max': 384, 'rollout/episode_response_length/min': 71, 'rollout/episode_total_response_length/mean': 171.3125, 'rollout/response_len/mean': 171.3125, 'rollout/response_len/median': 142.0, 'rollout/response_len/max': 384, 'rollout/response_len/min': 71, 'rollout/zero_std/count_0.0': 1, 'rollout/zero_std/count_1.0': 1, 'rollout/zero_std/all_zero_percentage': 0.25, 'rollout/zero_std/all_one_percentage': 0.25, 'rollout/prefix_cache_hit_rate': 0.0, 'rollout/avg_cached_tokens_per_sample': 0.0, 'rollout/repetition_frac': 0.0, 'rollout/truncated_ratio': 0.03125, 'perf/rollout_time': 6.450149774551392, 'perf/tokens_per_gpu_per_sec': 849.9027451469177, 'perf/longest_sample_tokens_per_sec': 59.53350130179066, 'perf/effective_tokens_per_gpu_per_sec': 849.9027451469177, 'perf/longest_effective_sample_tokens_per_sec': 59.53350130179066}
[36m(RolloutExecutor pid=48036)[0m [2026-09-29 18:03:06.159 rollout_executor] train_data_conversion.py:334 - Rollout-side DP schedule: num_samples=32, num_rollouts=[32], num_microbatches=[32]
[36m(CommandActor pid=48043)[0m [2026-09-29 18:03:06] Cache flushed successfully!
[36m(InferenceController pid=48038)[0m [2026-09-29 18:03:06.264 inference_controller] _client.py:1740 - HTTP Request: GET http://172.20.10.205:20101/flush_cache "HTTP/1.1 200 OK"
[36m(CommandActor pid=48043)[0m [2026-09-29 18:03:06] Cache flushed successfully!
[36m(InferenceController pid=48038)[0m [2026-09-29 18:03:06.846 inference_controller] _client.py:1740 - HTTP Request: POST http://172.20.10.205:20101/release_memory_occupation "HTTP/1.1 200 OK"
[36m(TrainerController pid=48044)[0m [2026-09-29 18:03:06.852 trainer_controller_actor] cell.py:231 - ft op=execute phase=start cell=trainer-engine-actor-00000 fn=wake_up n_actors=1
[36m(MegatronTrainRayActor pid=48395)[0m [2026-09-29 18:03:06.853 actor_cell00000_rank00000] structured_log.py:24 - actor cls=MegatronTrainRayActor fn=wake_up phase=start
[36m(MegatronTrainRayActor pid=48395)[0m [2026-09-29 18:03:06.854 actor_cell00000_rank00000] timer.py:31 - Timer wake_up start
[36m(MegatronTrainRayActor pid=48395)[0m [2026-09-29 18:03:06.854 actor_cell00000_rank00000] memory_utils.py:41 - [Rank 0] Memory-Usage before wake_up model: {'gpu': '0', 'total_GB': 79.18, 'free_GB': 74.61, 'used_GB': 4.57, 'allocated_GB': 1.38, 'reserved_GB': 1.52}
[36m(TrainerController pid=48044)[0m [2026-09-29 18:03:07.581 trainer_controller_actor] cell.py:239 - ft op=execute phase=end cell=trainer-engine-actor-00000 fn=wake_up ok=true elapsed_s=0.7
[36m(TrainerController pid=48044)[0m [2026-09-29 18:03:07.586 trainer_controller_actor] group.py:190 - ft op=train phase=start rollout=1 attempt=0
[36m(TrainerController pid=48044)[0m [2026-09-29 18:03:07.586 trainer_controller_actor] group.py:534 - ft op=refresh phase=start rollout=1 alive=0 healing= all_states="(0, 'StateAllocatedAlive')" quorum=0
[36m(TrainerController pid=48044)[0m [2026-09-29 18:03:07.586 trainer_controller_actor] group.py:557 - ft op=refresh phase=decision rollout=1 needs_reconfigure=false reason=alive_config_unchanged,no_healing quorum=0
[36m(TrainerController pid=48044)[0m [2026-09-29 18:03:07.586 trainer_controller_actor] cell.py:231 - ft op=execute phase=start cell=trainer-engine-actor-00000 fn=train n_actors=1
[36m(MegatronTrainRayActor pid=48395)[0m [2026-09-29 18:03:07.578 actor_cell00000_rank00000] reloadable_process_group.py:151 - Reloading 0 process groups in pid 48395
[36m(MegatronTrainRayActor pid=48395)[0m [2026-09-29 18:03:07.580 actor_cell00000_rank00000] memory_utils.py:41 - [Rank 0] Memory-Usage after wake_up model: {'gpu': '0', 'total_GB': 79.18, 'free_GB': 73.11, 'used_GB': 6.06, 'allocated_GB': 1.38, 'reserved_GB': 1.52}
[36m(MegatronTrainRayActor pid=48395)[0m [2026-09-29 18:03:07.580 actor_cell00000_rank00000] timer.py:42 - Timer wake_up end (elapsed: 0.7s)
[36m(MegatronTrainRayActor pid=48395)[0m [2026-09-29 18:03:07.580 actor_cell00000_rank00000] structured_log.py:28 - actor cls=MegatronTrainRayActor fn=wake_up phase=end ok=true elapsed_s=0.7
[36m(MegatronTrainRayActor pid=48395)[0m [2026-09-29 18:03:07.588 actor_cell00000_rank00000] structured_log.py:24 - actor cls=MegatronTrainRayActor fn=train phase=start
[36m(MegatronTrainRayActor pid=48395)[0m [2026-09-29 18:03:07.588 actor_cell00000_rank00000] timer.py:31 - Timer data_preprocess start
[36m(MegatronTrainRayActor pid=48395)[0m [2026-09-29 18:03:07.593 actor_cell00000_rank00000] timer.py:42 - Timer data_preprocess end (elapsed: 0.0s)
[36m(MegatronTrainRayActor pid=48395)[0m [2026-09-29 18:03:07.593 actor_cell00000_rank00000] structured_log.py:24 - actor cls=MegatronTrainRayActor fn=_train_actor phase=start
[36m(MegatronTrainRayActor pid=48395)[0m [2026-09-29 18:03:07.593 actor_cell00000_rank00000] timer.py:42 - Timer train_wait end (elapsed: 11.0s)
[36m(MegatronTrainRayActor pid=48395)[0m [2026-09-29 18:03:07.593 actor_cell00000_rank00000] timer.py:31 - Timer train start
[36m(MegatronTrainRayActor pid=48395)[0m [2026-09-29 18:03:07.593 actor_cell00000_rank00000] structured_log.py:24 - actor cls=MegatronTrainRayActor fn=_compute_log_prob phase=start
[36m(MegatronTrainRayActor pid=48395)[0m [2026-09-29 18:03:07.593 actor_cell00000_rank00000] timer.py:31 - Timer log_probs start
[36m(MegatronTrainRayActor pid=48395)[0m [2026-09-29 18:03:12.232 actor_cell00000_rank00000] timer.py:42 - Timer log_probs end (elapsed: 4.6s)
[36m(MegatronTrainRayActor pid=48395)[0m [2026-09-29 18:03:12.232 actor_cell00000_rank00000] structured_log.py:28 - actor cls=MegatronTrainRayActor fn=_compute_log_prob phase=end ok=true elapsed_s=4.6
[36m(MegatronTrainRayActor pid=48395)[0m [2026-09-29 18:03:12.238 actor_cell00000_rank00000] log_utils.py:100 - ft op=cross_cell phase=start kind=log_gather rank=0
[36m(MegatronTrainRayActor pid=48395)[0m [2026-09-29 18:03:12.239 actor_cell00000_rank00000] log_utils.py:106 - ft op=cross_cell phase=end kind=log_gather rank=0 success=true
[36m(MegatronTrainRayActor pid=48395)[0m [2026-09-29 18:03:12.239 actor_cell00000_rank00000] log_utils.py:126 - rollout 1: {'rollout/response_lengths': 171.3125, 'rollout/rewards': 9.313225746154785e-10, 'rollout/truncated': 0.03125, 'rollout/rollout_log_probs': -0.3813724219799042, 'rollout/raw_reward': 0.34375, 'rollout/total_lengths': 255.8125, 'rollout/log_probs': -0.3827061653137207, 'rollout/advantages': 5.587935447692871e-09, 'rollout/returns': 5.587935447692871e-09}
[36m(MegatronTrainRayActor pid=48395)[0m [2026-09-29 18:03:12.240 actor_cell00000_rank00000] timer.py:31 - Timer actor_train start
[36m(TrainerController pid=48044)[0m [2026-09-29 18:03:21.036 trainer_controller_actor] cell.py:239 - ft op=execute phase=end cell=trainer-engine-actor-00000 fn=train ok=true elapsed_s=13.4
[36m(TrainerController pid=48044)[0m [2026-09-29 18:03:21.036 trainer_controller_actor] group.py:290 - ft op=check errored= discarded= normal=0 decision=no_retry reason="survivors normal, gradients valid"
[36m(TrainerController pid=48044)[0m [2026-09-29 18:03:21.036 trainer_controller_actor] logger.py:72 - audit op=event event=TrainGroupStepEndEvent type=train_group_step_end rollout_id=1 cell_outcomes="{\"0\":[\"normal\"]}"
[36m(TrainerController pid=48044)[0m [2026-09-29 18:03:21.040 trainer_controller_actor] cell.py:231 - ft op=execute phase=start cell=trainer-engine-actor-00000 fn=run_plugin n_actors=1
[36m(TrainerController pid=48044)[0m [2026-09-29 18:03:21.042 trainer_controller_actor] cell.py:239 - ft op=execute phase=end cell=trainer-engine-actor-00000 fn=run_plugin ok=true elapsed_s=0.0
[36m(TrainerController pid=48044)[0m [2026-09-29 18:03:21.045 trainer_controller_actor] cell.py:231 - ft op=execute phase=start cell=trainer-engine-actor-00000 fn=run_plugin n_actors=1
[36m(TrainerController pid=48044)[0m [2026-09-29 18:03:21.047 trainer_controller_actor] cell.py:239 - ft op=execute phase=end cell=trainer-engine-actor-00000 fn=run_plugin ok=true elapsed_s=0.0
[36m(TrainerController pid=48044)[0m [2026-09-29 18:03:21.050 trainer_controller_actor] cell.py:231 - ft op=execute phase=start cell=trainer-engine-actor-00000 fn=run_plugin n_actors=1
[36m(MegatronTrainRayActor pid=48395)[0m [2026-09-29 18:03:21.031 actor_cell00000_rank00000] model.py:637 - train op=train_step rollout=1 step=0 attempt=0 outcome=NORMAL valid_step=true
[36m(MegatronTrainRayActor pid=48395)[0m [2026-09-29 18:03:21.032 actor_cell00000_rank00000] log_utils.py:554 - step 1: {'train/loss': -0.000382421538233757, 'train/pg_loss': -5.587935447692871e-09, 'train/entropy_loss': 0.38242486119270325, 'train/pg_clipfrac': 0.0, 'train/ppo_kl': 0.0, 'train/ess_ratio': 1.0, 'train/train_rollout_logprob_abs_diff': 0.014901882968842983, 'train/train_rollout_kl': 0.0007140677771531045, 'train/grad_norm': 0.37888777256011963, 'train/lr-pg_0': 3.333333333333334e-06, 'train/step': 1}
[36m(MegatronTrainRayActor pid=48395)[0m [2026-09-29 18:03:21.032 actor_cell00000_rank00000] model.py:847 - step 1: {'train/loss': -0.000382421538233757, 'train/pg_loss': -5.587935447692871e-09, 'train/entropy_loss': 0.38242486119270325, 'train/pg_clipfrac': 0.0, 'train/ppo_kl': 0.0, 'train/ess_ratio': 1.0, 'train/train_rollout_logprob_abs_diff': 0.014901882968842983, 'train/train_rollout_kl': 0.0007140677771531045, 'train/grad_norm': 0.37888777256011963, 'train/lr-pg_0': 3.333333333333334e-06, 'train/step': 1}
[36m(MegatronTrainRayActor pid=48395)[0m [2026-09-29 18:03:21.032 actor_cell00000_rank00000] timer.py:42 - Timer actor_train end (elapsed: 8.8s)
[36m(MegatronTrainRayActor pid=48395)[0m [2026-09-29 18:03:21.033 actor_cell00000_rank00000] timer.py:42 - Timer train end (elapsed: 13.4s)
[36m(MegatronTrainRayActor pid=48395)[0m [2026-09-29 18:03:21.033 actor_cell00000_rank00000] timer.py:31 - Timer train_wait start
[36m(MegatronTrainRayActor pid=48395)[0m [2026-09-29 18:03:21.033 actor_cell00000_rank00000] train_metric_utils.py:56 - perf 1: {'perf/update_weights_implementation_time': 0.08356022834777832, 'perf/finalize_and_resume_engines_time': 0.0721890926361084, 'perf/update_weights_time': 0.19361519813537598, 'perf/sleep_time': 1.0982880592346191, 'perf/wake_up_time': 0.7261505126953125, 'perf/data_preprocess_time': 0.0046732425689697266, 'perf/train_wait_time': 10.990163087844849, 'perf/log_probs_time': 4.6388444900512695, 'perf/actor_train_time': 8.792459726333618, 'perf/train_time': 13.439419746398926, 'perf/log_probs_tflops': 1.888813138325135, 'perf/actor_train_tflops': 2.9895765322235857, 'perf/actor_train_tok_per_s': 931.0250208462988, 'perf/mfu_peak_tflops': 989.0, 'perf/actor_train_mfu': 0.003022827636222028, 'perf/step_time': 24.429582834243774, 'perf/wait_time_ratio': 0.4498710912263129}
[36m(MegatronTrainRayActor pid=48395)[0m [2026-09-29 18:03:21.033 actor_cell00000_rank00000] structured_log.py:28 - actor cls=MegatronTrainRayActor fn=_train_actor phase=end ok=true elapsed_s=13.4
[36m(MegatronTrainRayActor pid=48395)[0m [2026-09-29 18:03:21.034 actor_cell00000_rank00000] structured_log.py:28 - actor cls=MegatronTrainRayActor fn=train phase=end ok=true elapsed_s=13.4
[36m(TrainerController pid=48044)[0m [2026-09-29 18:03:21.336 trainer_controller_actor] cell.py:239 - ft op=execute phase=end cell=trainer-engine-actor-00000 fn=run_plugin ok=true elapsed_s=0.3
[36m(TrainerController pid=48044)[0m [2026-09-29 18:03:21.715 trainer_controller_actor] cell.py:231 - ft op=execute phase=start cell=trainer-engine-actor-00000 fn=run_plugin n_actors=1
[36m(TrainerController pid=48044)[0m [2026-09-29 18:03:21.995 trainer_controller_actor] cell.py:239 - ft op=execute phase=end cell=trainer-engine-actor-00000 fn=run_plugin ok=true elapsed_s=0.3
[36m(InferenceController pid=48038)[0m [2026-09-29 18:03:22.432 inference_controller] _client.py:1740 - HTTP Request: POST http://172.20.10.205:20101/resume_memory_occupation "HTTP/1.1 200 OK"
[36m(TrainerController pid=48044)[0m [2026-09-29 18:03:22.439 trainer_controller_actor] group.py:392 - ft op=update_weights phase=start rollout=
[36m(TrainerController pid=48044)[0m [2026-09-29 18:03:22.439 trainer_controller_actor] cell.py:231 - ft op=execute phase=start cell=trainer-engine-actor-00000 fn=update_weights n_actors=1
[36m(MegatronTrainRayActor pid=48395)[0m [2026-09-29 18:03:22.440 actor_cell00000_rank00000] structured_log.py:24 - actor cls=MegatronTrainRayActor fn=update_weights phase=start
[36m(MegatronTrainRayActor pid=48395)[0m [2026-09-29 18:03:22.441 actor_cell00000_rank00000] timer.py:31 - Timer update_weights start
[36m(MegatronTrainRayActor pid=48395)[0m [2026-09-29 18:03:22.441 actor_cell00000_rank00000] memory_utils.py:41 - [Rank 0] Memory-Usage before update_weights: {'gpu': '0', 'total_GB': 79.18, 'free_GB': 69.09, 'used_GB': 10.09, 'allocated_GB': 1.38, 'reserved_GB': 4.36}
[36m(CommandActor pid=48043)[0m [2026-09-29 18:03:22] Cache flush skipped: KV cache memory is released.
[36m(CommandActor pid=48043)[0m [2026-09-29 18:03:22] LoRA adapter loading from tensors starts: LoRARef(lora_id=e9fb972a7076468a9063870296d45dc3, lora_name=miles_lora, lora_path=__stream__, pinned=False, reloadable=False).
[36m(MegatronTrainRayActor pid=48395)[0m [2026-09-29 18:03:22.445 actor_cell00000_rank00000] _client.py:1740 - HTTP Request: POST http://172.20.10.205:20101/pause_generation "HTTP/1.1 200 OK"
[36m(MegatronTrainRayActor pid=48395)[0m [2026-09-29 18:03:22.449 actor_cell00000_rank00000] _client.py:1740 - HTTP Request: GET http://172.20.10.205:20101/flush_cache "HTTP/1.1 200 OK"
[36m(MegatronTrainRayActor pid=48395)[0m [2026-09-29 18:03:22.452 actor_cell00000_rank00000] _client.py:1740 - HTTP Request: POST http://172.20.10.205:20101/begin_weight_update "HTTP/1.1 200 OK"
[36m(MegatronTrainRayActor pid=48395)[0m [2026-09-29 18:03:22.453 actor_cell00000_rank00000] timer.py:31 - Timer update_weights_implementation start
[36m(MegatronTrainRayActor pid=48395)[0m [miles-colocate] Update weights: 0it [00:00, ?it/s][2026-09-29 18:03:22.523 actor_cell00000_rank00000] _client.py:1740 - HTTP Request: POST http://172.20.10.205:20101/update_weights_from_tensor "HTTP/1.1 200 OK"
[36m(MegatronTrainRayActor pid=48395)[0m [2026-09-29 18:03:22.524 actor_cell00000_rank00000] timer.py:42 - Timer update_weights_implementation end (elapsed: 0.1s)
[36m(MegatronTrainRayActor pid=48395)[0m [2026-09-29 18:03:22.524 actor_cell00000_rank00000] timer.py:31 - Timer finalize_and_resume_engines start
[2026-09-29 18:03:22.642 main] logger.py:72 - audit op=event event=InferenceEngineWeightChecksumEvent type=inference_engine_weight_checksum rollout_id=-1 trainer_model_id= engine_checksums="<list len=1>"
[36m(InferenceController pid=48038)[0m [2026-09-29 18:03:22.639 inference_controller] _client.py:1740 - HTTP Request: POST http://172.20.10.205:20101/weights_checker "HTTP/1.1 200 OK"
[36m(CommandActor pid=48043)[0m [2026-09-29 18:03:22] LoRA adapter 'e9fb972a7076468a9063870296d45dc3': loaded weights for target modules ['down_proj', 'gate_up_proj', 'o_proj', 'qkv_proj'].
[36m(CommandActor pid=48043)[0m [2026-09-29 18:03:22] LoRA adapter loading from tensors completes: LoRARef(lora_id=e9fb972a7076468a9063870296d45dc3, lora_name=miles_lora, lora_path=__stream__, pinned=False, reloadable=False).
[36m(CommandActor pid=48043)[0m [2026-09-29 18:03:22] Weight version changed. old_version='yeto:1:862c769056e8070ec118de0d0fe9e61c5badaa4ffab243b2d4f6d17fc72c03ae' new_version='3' num_recorded=0
[36m(CommandActor pid=48043)[0m [2026-09-29 18:03:22] [continue_generation] torch.cuda.empty_cache() called: reserved 32306.0 MB -> 32266.0 MB (freed 40.0 MB)
[36m(CommandActor pid=48043)[0m [2026-09-29 18:03:22] [WeightChecker] handle action=checksum allow_quant_error=False skip_tensor_list=None
[36m(CommandActor pid=48043)[0m [2026-09-29 18:03:22] [WeightChecker] checksum computed for 226 tensors in 0.020s
[36m(TrainerController pid=48044)[0m [2026-09-29 18:03:22.611 trainer_controller_actor] cell.py:239 - ft op=execute phase=end cell=trainer-engine-actor-00000 fn=update_weights ok=true elapsed_s=0.2
[36m(MegatronTrainRayActor pid=48395)[0m [2026-09-29 18:03:22.579 actor_cell00000_rank00000] _client.py:1740 - HTTP Request: POST http://172.20.10.205:20101/end_weight_update "HTTP/1.1 200 OK"
[36m(MegatronTrainRayActor pid=48395)[0m [2026-09-29 18:03:22.582 actor_cell00000_rank00000] _client.py:1740 - HTTP Request: POST http://172.20.10.205:20101/update_weight_version "HTTP/1.1 200 OK"
[36m(MegatronTrainRayActor pid=48395)[0m [2026-09-29 18:03:22.585 actor_cell00000_rank00000] _client.py:1740 - HTTP Request: POST http://172.20.10.205:20101/continue_generation "HTTP/1.1 200 OK"
[36m(MegatronTrainRayActor pid=48395)[0m [2026-09-29 18:03:22.585 actor_cell00000_rank00000] timer.py:42 - Timer finalize_and_resume_engines end (elapsed: 0.1s)
[36m(MegatronTrainRayActor pid=48395)[0m [miles-colocate] Update weights: 1it [00:00,  6.45it/s]
[36m(MegatronTrainRayActor pid=48395)[0m [2026-09-29 18:03:22.609 actor_cell00000_rank00000] memory_utils.py:41 - [Rank 0] Memory-Usage after update_weights: {'gpu': '0', 'total_GB': 79.18, 'free_GB': 71.93, 'used_GB': 7.25, 'allocated_GB': 1.38, 'reserved_GB': 1.54}
[36m(MegatronTrainRayActor pid=48395)[0m [2026-09-29 18:03:22.609 actor_cell00000_rank00000] timer.py:42 - Timer update_weights end (elapsed: 0.2s)
[36m(MegatronTrainRayActor pid=48395)[0m [2026-09-29 18:03:22.609 actor_cell00000_rank00000] structured_log.py:28 - actor cls=MegatronTrainRayActor fn=update_weights phase=end ok=true elapsed_s=0.2
[36m(InferenceController pid=48038)[0m [2026-09-29 18:03:22.676 inference_controller] _client.py:1740 - HTTP Request: POST http://172.20.10.205:20101/resume_memory_occupation "HTTP/1.1 200 OK"
[36m(InferenceController pid=48038)[0m [2026-09-29 18:03:22.716 inference_controller] _client.py:1740 - HTTP Request: POST http://172.20.10.205:20101/weights_checker "HTTP/1.1 200 OK"
[36m(CommandActor pid=48043)[0m [2026-09-29 18:03:22] Weight version changed. old_version='3' new_version='yeto:2:1ca587e1994d9559e6c2397025d5f6d8375d69cc4cfe170afc12e0133c37c079' num_recorded=0
[36m(CommandActor pid=48043)[0m [2026-09-29 18:03:22] [WeightChecker] handle action=checksum allow_quant_error=False skip_tensor_list=None
[36m(CommandActor pid=48043)[0m [2026-09-29 18:03:22] [WeightChecker] checksum computed for 226 tensors in 0.019s
[36m(TrainerController pid=48044)[0m [2026-09-29 18:03:22.723 trainer_controller_actor] cell.py:231 - ft op=execute phase=start cell=trainer-engine-actor-00000 fn=sleep n_actors=1
[36m(MegatronTrainRayActor pid=48395)[0m [2026-09-29 18:03:22.724 actor_cell00000_rank00000] structured_log.py:24 - actor cls=MegatronTrainRayActor fn=sleep phase=start
[36m(MegatronTrainRayActor pid=48395)[0m [2026-09-29 18:03:22.724 actor_cell00000_rank00000] timer.py:31 - Timer sleep start
[36m(MegatronTrainRayActor pid=48395)[0m [2026-09-29 18:03:23.315 actor_cell00000_rank00000] memory_utils.py:41 - [Rank 0] Memory-Usage before offload model: {'gpu': '0', 'total_GB': 79.18, 'free_GB': 41.9, 'used_GB': 37.28, 'allocated_GB': 1.38, 'reserved_GB': 1.52}
[36m(RolloutExecutor pid=48036)[0m Rollout generation:   0%|          | 0/32 [00:00<?, ?it/s]
[36m(TrainerController pid=48044)[0m [2026-09-29 18:03:23.761 trainer_controller_actor] cell.py:239 - ft op=execute phase=end cell=trainer-engine-actor-00000 fn=sleep ok=true elapsed_s=1.0
[36m(MegatronTrainRayActor pid=48395)[0m [2026-09-29 18:03:23.759 actor_cell00000_rank00000] memory_utils.py:41 - [Rank 0] Memory-Usage after offload model: {'gpu': '0', 'total_GB': 79.18, 'free_GB': 43.4, 'used_GB': 35.78, 'allocated_GB': 1.38, 'reserved_GB': 1.52}
[36m(MegatronTrainRayActor pid=48395)[0m [2026-09-29 18:03:23.759 actor_cell00000_rank00000] log_utils.py:436 - [CPU memory] after_offload_train: 40.61 GB (rollout_id=1, step=1)
[36m(MegatronTrainRayActor pid=48395)[0m [2026-09-29 18:03:23.760 actor_cell00000_rank00000] timer.py:42 - Timer sleep end (elapsed: 1.0s)
[36m(MegatronTrainRayActor pid=48395)[0m [2026-09-29 18:03:23.760 actor_cell00000_rank00000] structured_log.py:28 - actor cls=MegatronTrainRayActor fn=sleep phase=end ok=true elapsed_s=1.0
[36m(CommandActor pid=48043)[0m [2026-09-29 18:03:28] Prefill batch, #new-seq: 1, #new-token: 131, #cached-token: 0, token usage: 0.01, #running-req: 0, #queue-req: 0, #pending-token: 0, cuda graph: False, input throughput (token/s): 5.43
[36m(CommandActor pid=48043)[0m [2026-09-29 18:03:28] Prefill batch, #new-seq: 31, #new-token: 3365, #cached-token: 0, token usage: 0.00, #running-req: 1, #queue-req: 0, #pending-token: 0, cuda graph: False, input throughput (token/s): 282216.55
[36m(CommandActor pid=48043)[0m [2026-09-29 18:03:28] Decode batch, #running-req: 32, #token: 1739, token usage: 0.01, cuda graph: True, gen throughput (token/s): 56.84, #queue-req: 0
[36m(CommandActor pid=48043)[0m [2026-09-29 18:03:28] Decode batch, #running-req: 32, #token: 3019, token usage: 0.01, cuda graph: True, gen throughput (token/s): 6170.89, #queue-req: 0
[36m(CommandActor pid=48043)[0m [2026-09-29 18:03:28] Decode batch, #running-req: 32, #token: 4299, token usage: 0.02, cuda graph: True, gen throughput (token/s): 5853.69, #queue-req: 0
[36m(CommandActor pid=48043)[0m [2026-09-29 18:03:29] Decode batch, #running-req: 32, #token: 5579, token usage: 0.02, cuda graph: True, gen throughput (token/s): 6076.60, #queue-req: 0
[36m(CommandActor pid=48043)[0m [2026-09-29 18:03:29] Decode batch, #running-req: 26, #token: 5653, token usage: 0.02, cuda graph: True, gen throughput (token/s): 5557.46, #queue-req: 0
[36m(RolloutExecutor pid=48036)[0m [2026-09-29 18:03:29.603 rollout_executor] inference_rollout_train.py:137 - First rollout sample: text_preview=<|im_start|>user\nAlexis is applying for a new job and bought a new set of business clothes to wear to the interview. She went to a department store with a budget of $200 and spent $30 on a button-up shirt, $46 on suit pants, $38 on a suit coat, $11 on socks, and $18 on a belt. She also purchased a pair of shoes, but lost the receipt for them. She has $16 left from her budget. How much did Alexis pay for the shoes?\nPut the final numeric answer in \boxed{}.<|im_end|>\n<|im_start|>assistant\n<think>\n\n</thi...<truncated chars=517>, label=41, reward_summary=0.0
[36m(RolloutExecutor pid=48036)[0m Rollout generation:  25%|██▌       | 8/32 [00:05<00:17,  1.37it/s]
[36m(CommandActor pid=48043)[0m [2026-09-29 18:03:29] Decode batch, #running-req: 25, #token: 6083, token usage: 0.02, cuda graph: True, gen throughput (token/s): 4982.42, #queue-req: 0

[36m(CommandActor pid=48043)[0m [2026-09-29 18:02:58] INFO:     172.20.10.205:43205 - "POST /end_weight_update HTTP/1.1" 200 OK
[36m(CommandActor pid=48043)[0m [2026-09-29 18:02:58] INFO:     172.20.10.205:43205 - "POST /update_weight_version HTTP/1.1" 200 OK
[36m(CommandActor pid=48043)[0m [2026-09-29 18:02:58] INFO:     172.20.10.205:43205 - "POST /continue_generation HTTP/1.1" 200 OK
[36m(CommandActor pid=48043)[0m [2026-09-29 18:02:58] INFO:     172.20.10.205:48469 - "POST /weights_checker HTTP/1.1" 200 OK
[36m(CommandActor pid=48043)[0m [2026-09-29 18:02:58] INFO:     172.20.10.205:48469 - "POST /resume_memory_occupation HTTP/1.1" 200 OK
[36m(CommandActor pid=48043)[0m [2026-09-29 18:02:58] INFO:     172.20.10.205:38018 - "POST /update_weight_version HTTP/1.1" 200 OK
[36m(CommandActor pid=48043)[0m [2026-09-29 18:02:58] INFO:     172.20.10.205:38018 - "GET /model_info HTTP/1.1" 200 OK
[36m(CommandActor pid=48043)[0m [2026-09-29 18:02:58] INFO:     172.20.10.205:48469 - "POST /weights_checker HTTP/1.1" 200 OK
[36m(CommandActor pid=48043)[0m [2026-09-29 18:03:04] INFO:     172.20.10.205:18770 - "POST /generate HTTP/1.1" 200 OK
[36m(CommandActor pid=48043)[0m [2026-09-29 18:03:04] INFO:     172.20.10.205:36969 - "POST /generate HTTP/1.1" 200 OK
[36m(CommandActor pid=48043)[0m [2026-09-29 18:03:04] INFO:     172.20.10.205:62402 - "POST /generate HTTP/1.1" 200 OK
[36m(CommandActor pid=48043)[0m [2026-09-29 18:03:04] INFO:     172.20.10.205:61933 - "POST /generate HTTP/1.1" 200 OK
[36m(CommandActor pid=48043)[0m [2026-09-29 18:03:04] INFO:     172.20.10.205:25933 - "POST /generate HTTP/1.1" 200 OK
[36m(CommandActor pid=48043)[0m [2026-09-29 18:03:04] INFO:     172.20.10.205:49289 - "POST /generate HTTP/1.1" 200 OK
[36m(CommandActor pid=48043)[0m [2026-09-29 18:03:04] INFO:     172.20.10.205:43216 - "POST /generate HTTP/1.1" 200 OK
[36m(CommandActor pid=48043)[0m [2026-09-29 18:03:04] INFO:     172.20.10.205:34652 - "POST /generate HTTP/1.1" 200 OK
[36m(CommandActor pid=48043)[0m [2026-09-29 18:03:04] INFO:     172.20.10.205:59880 - "POST /generate HTTP/1.1" 200 OK
[36m(CommandActor pid=48043)[0m [2026-09-29 18:03:04] INFO:     172.20.10.205:18773 - "POST /generate HTTP/1.1" 200 OK
[36m(CommandActor pid=48043)[0m [2026-09-29 18:03:04] INFO:     172.20.10.205:40894 - "POST /generate HTTP/1.1" 200 OK
[36m(CommandActor pid=48043)[0m [2026-09-29 18:03:04] INFO:     172.20.10.205:50382 - "POST /generate HTTP/1.1" 200 OK
[36m(CommandActor pid=48043)[0m [2026-09-29 18:03:04] INFO:     172.20.10.205:29033 - "POST /generate HTTP/1.1" 200 OK
[36m(CommandActor pid=48043)[0m [2026-09-29 18:03:04] INFO:     172.20.10.205:33785 - "POST /generate HTTP/1.1" 200 OK
[36m(CommandActor pid=48043)[0m [2026-09-29 18:03:04] INFO:     172.20.10.205:29795 - "POST /generate HTTP/1.1" 200 OK
[36m(CommandActor pid=48043)[0m [2026-09-29 18:03:04] INFO:     172.20.10.205:59150 - "POST /generate HTTP/1.1" 200 OK
[36m(CommandActor pid=48043)[0m [2026-09-29 18:03:04] INFO:     172.20.10.205:26806 - "POST /generate HTTP/1.1" 200 OK
[36m(CommandActor pid=48043)[0m [2026-09-29 18:03:04] INFO:     172.20.10.205:59755 - "POST /generate HTTP/1.1" 200 OK
[36m(CommandActor pid=48043)[0m [2026-09-29 18:03:05] INFO:     172.20.10.205:26134 - "POST /generate HTTP/1.1" 200 OK
[36m(CommandActor pid=48043)[0m [2026-09-29 18:03:05] INFO:     172.20.10.205:60420 - "POST /generate HTTP/1.1" 200 OK
[36m(CommandActor pid=48043)[0m [2026-09-29 18:03:05] INFO:     172.20.10.205:55018 - "POST /generate HTTP/1.1" 200 OK
[36m(CommandActor pid=48043)[0m [2026-09-29 18:03:05] INFO:     172.20.10.205:17867 - "POST /generate HTTP/1.1" 200 OK
[36m(CommandActor pid=48043)[0m [2026-09-29 18:03:05] INFO:     172.20.10.205:36583 - "POST /generate HTTP/1.1" 200 OK
[36m(CommandActor pid=48043)[0m [2026-09-29 18:03:05] INFO:     172.20.10.205:39423 - "POST /generate HTTP/1.1" 200 OK
[36m(CommandActor pid=48043)[0m [2026-09-29 18:03:05] INFO:     172.20.10.205:64130 - "POST /generate HTTP/1.1" 200 OK
[36m(CommandActor pid=48043)[0m [2026-09-29 18:03:05] INFO:     172.20.10.205:34382 - "POST /generate HTTP/1.1" 200 OK
[36m(CommandActor pid=48043)[0m [2026-09-29 18:03:05] INFO:     172.20.10.205:40436 - "POST /generate HTTP/1.1" 200 OK
[36m(CommandActor pid=48043)[0m [2026-09-29 18:03:05] INFO:     172.20.10.205:31541 - "POST /generate HTTP/1.1" 200 OK
[36m(CommandActor pid=48043)[0m [2026-09-29 18:03:05] INFO:     172.20.10.205:29244 - "POST /generate HTTP/1.1" 200 OK
[36m(CommandActor pid=48043)[0m [2026-09-29 18:03:05] INFO:     172.20.10.205:36130 - "POST /generate HTTP/1.1" 200 OK
[36m(CommandActor pid=48043)[0m [2026-09-29 18:03:05] INFO:     172.20.10.205:59549 - "POST /generate HTTP/1.1" 200 OK
[36m(CommandActor pid=48043)[0m [2026-09-29 18:03:06] INFO:     172.20.10.205:50035 - "POST /generate HTTP/1.1" 200 OK
[36m(CommandActor pid=48043)[0m [2026-09-29 18:03:06] INFO:     172.20.10.205:38308 - "POST /abort_request HTTP/1.1" 200 OK
[36m(CommandActor pid=48043)[0m [2026-09-29 18:03:06] INFO:     172.20.10.205:46029 - "GET /flush_cache HTTP/1.1" 200 OK
[36m(CommandActor pid=48043)[0m [2026-09-29 18:03:06] INFO:     172.20.10.205:46029 - "POST /release_memory_occupation HTTP/1.1" 200 OK
[36m(CommandActor pid=48043)[0m [2026-09-29 18:03:22] INFO:     172.20.10.205:65103 - "POST /resume_memory_occupation HTTP/1.1" 200 OK
[36m(CommandActor pid=48043)[0m [2026-09-29 18:03:22] INFO:     172.20.10.205:16574 - "POST /pause_generation HTTP/1.1" 200 OK
[36m(CommandActor pid=48043)[0m [2026-09-29 18:03:22] INFO:     172.20.10.205:16574 - "GET /flush_cache HTTP/1.1" 200 OK
[36m(CommandActor pid=48043)[0m [2026-09-29 18:03:22] INFO:     172.20.10.205:16574 - "POST /begin_weight_update HTTP/1.1" 200 OK
[36m(CommandActor pid=48043)[0m [2026-09-29 18:03:22] INFO:     172.20.10.205:16574 - "POST /update_weights_from_tensor HTTP/1.1" 200 OK
[36m(CommandActor pid=48043)[0m [2026-09-29 18:03:22] INFO:     172.20.10.205:16574 - "POST /end_weight_update HTTP/1.1" 200 OK
[36m(CommandActor pid=48043)[0m [2026-09-29 18:03:22] INFO:     172.20.10.205:16574 - "POST /update_weight_version HTTP/1.1" 200 OK
[36m(CommandActor pid=48043)[0m [2026-09-29 18:03:22] INFO:     172.20.10.205:16574 - "POST /continue_generation HTTP/1.1" 200 OK
[36m(CommandActor pid=48043)[0m [2026-09-29 18:03:22] INFO:     172.20.10.205:65103 - "POST /weights_checker HTTP/1.1" 200 OK
[36m(CommandActor pid=48043)[0m [2026-09-29 18:03:22] INFO:     172.20.10.205:65103 - "POST /resume_memory_occupation HTTP/1.1" 200 OK
[36m(CommandActor pid=48043)[0m [2026-09-29 18:03:22] INFO:     172.20.10.205:19731 - "POST /update_weight_version HTTP/1.1" 200 OK
[36m(CommandActor pid=48043)[0m [2026-09-29 18:03:22] INFO:     172.20.10.205:19731 - "GET /model_info HTTP/1.1" 200 OK
[36m(CommandActor pid=48043)[0m [2026-09-29 18:03:22] INFO:     172.20.10.205:65103 - "POST /weights_checker HTTP/1.1" 200 OK
[36m(CommandActor pid=48043)[0m [2026-09-29 18:03:29] INFO:     172.20.10.205:44806 - "POST /generate HTTP/1.1" 200 OK
[36m(CommandActor pid=48043)[0m [2026-09-29 18:03:29] INFO:     172.20.10.205:59796 - "POST /generate HTTP/1.1" 200 OK
[36m(CommandActor pid=48043)[0m [2026-09-29 18:03:29] INFO:     172.20.10.205:23077 - "POST /generate HTTP/1.1" 200 OK
[36m(CommandActor pid=48043)[0m [2026-09-29 18:03:29] INFO:     172.20.10.205:63194 - "POST /generate HTTP/1.1" 200 OK
[36m(CommandActor pid=48043)[0m [2026-09-29 18:03:29] INFO:     172.20.10.205:50272 - "POST /generate HTTP/1.1" 200 OK
[36m(CommandActor pid=48043)[0m [2026-09-29 18:03:29] INFO:     172.20.10.205:18956 - "POST /generate HTTP/1.1" 200 OK
[36m(CommandActor pid=48043)[0m [2026-09-29 18:03:29] INFO:     172.20.10.205:40844 - "POST /generate HTTP/1.1" 200 OK
[36m(CommandActor pid=48043)[0m [2026-09-29 18:03:29] INFO:     172.20.10.205:30888 - "POST /generate HTTP/1.1" 200 OK
[36m(CommandActor pid=48043)[0m [2026-09-29 18:03:29] INFO:     172.20.10.205:63128 - "POST /generate HTTP/1.1" 200 OK
[36m(CommandActor pid=48043)[0m [2026-09-29 18:03:29] INFO:     172.20.10.205:23142 - "POST /generate HTTP/1.1" 200 OK[36m(CommandActor pid=48043)[0m [2026-09-29 18:03:29] Decode batch, #running-req: 22, #token: 6200, token usage: 0.02, cuda graph: True, gen throughput (token/s): 4425.53, #queue-req: 0
[36m(CommandActor pid=48043)[0m [2026-09-29 18:03:30] Decode batch, #running-req: 18, #token: 6077, token usage: 0.02, cuda graph: True, gen throughput (token/s): 3800.59, #queue-req: 0
[36m(RolloutExecutor pid=48036)[0m Rollout generation:  50%|█████     | 16/32 [00:06<00:05,  2.82it/s]
[36m(CommandActor pid=48043)[0m [2026-09-29 18:03:30] Decode batch, #running-req: 15, #token: 5353, token usage: 0.02, cuda graph: True, gen throughput (token/s): 2973.22, #queue-req: 0
[36m(RolloutExecutor pid=48036)[0m Rollout generation: 100%|██████████| 32/32 [00:06<00:00,  4.82it/s]
[36m(RolloutExecutor pid=48036)[0m [2026-09-29 18:03:30.403 rollout_executor] inference_rollout_train.py:161 - Finish rollout: text_preview=<|im_start|>user\nA deep-sea monster rises from the waters once every hundred years to feast on a ship and sate its hunger. Over three hundred years, it has consumed 847 people. Ships have been built larger over time, so each new ship has twice as many people as the last ship. How many people were on the ship the monster ate in the first hundred years?\nPut the final numeric answer in \boxed{}.<|im_end|>\n<|im_start|>assistant\n<think>\n\n</think>\n\nWe are told:\n\n- The monster **consumes 847 people in 30...<truncated chars=1107>, label=121, reward_summary=0.0
[36m(RolloutExecutor pid=48036)[0m [2026-09-29 18:03:30.405 rollout_executor] inference_rollout_train.py:33 - Abort request for ['http://172.20.10.205:20101']
[36m(RolloutExecutor pid=48036)[0m [2026-09-29 18:03:30.412 rollout_executor] rollout_data_conversion.py:39 - Final collected 32 samples from rollout to train
[36m(RolloutExecutor pid=48036)[0m [2026-09-29 18:03:30.413 rollout_executor] debug_data.py:124 - Save debug rollout data to /work/out/entropy/rollouts/island-0/dumps/2.pt
[36m(RolloutExecutor pid=48036)[0m [2026-09-29 18:03:30.426 rollout_executor] metrics.py:93 - perf 2: {'rollout/raw_reward_unfiltered': 0.15625, 'rollout/num_training_samples': 32, 'rollout/episode_raw_reward': 0.15625, 'rollout/episode_response_length/mean': 315.34375, 'rollout/episode_response_length/median': 355.0, 'rollout/episode_response_length/max': 384, 'rollout/episode_response_length/min': 176, 'rollout/episode_total_response_length/mean': 315.34375, 'rollout/response_len/mean': 315.34375, 'rollout/response_len/median': 355.0, 'rollout/response_len/max': 384, 'rollout/response_len/min': 176, 'rollout/zero_std/count_0.0': 2, 'rollout/zero_std/all_zero_percentage': 0.5, 'rollout/zero_std/all_one_percentage': 0.0, 'rollout/prefix_cache_hit_rate': 0.0, 'rollout/avg_cached_tokens_per_sample': 0.0, 'rollout/repetition_frac': 0.0, 'rollout/truncated_ratio': 0.40625, 'perf/rollout_time': 6.655395030975342, 'perf/tokens_per_gpu_per_sec': 1516.2135309827243, 'perf/longest_sample_tokens_per_sec': 57.697551867740174, 'perf/effective_tokens_per_gpu_per_sec': 1516.2135309827243, 'perf/longest_effective_sample_tokens_per_sec': 57.697551867740174}
[36m(RolloutExecutor pid=48036)[0m [2026-09-29 18:03:30.427 rollout_executor] train_data_conversion.py:334 - Rollout-side DP schedule: num_samples=32, num_rollouts=[32], num_microbatches=[32]
[36m(InferenceController pid=48038)[0m [2026-09-29 18:03:30.441 inference_controller] _client.py:1740 - HTTP Request: GET http://172.20.10.205:20101/flush_cache "HTTP/1.1 200 OK"
[36m(CommandActor pid=48043)[0m [2026-09-29 18:03:30] Cache flushed successfully!
[36m(CommandActor pid=48043)[0m [2026-09-29 18:03:30] Cache flushed successfully!
[36m(InferenceController pid=48038)[0m [2026-09-29 18:03:30.783 inference_controller] _client.py:1740 - HTTP Request: POST http://172.20.10.205:20101/release_memory_occupation "HTTP/1.1 200 OK"
[36m(TrainerController pid=48044)[0m [2026-09-29 18:03:30.789 trainer_controller_actor] cell.py:231 - ft op=execute phase=start cell=trainer-engine-actor-00000 fn=wake_up n_actors=1
[36m(MegatronTrainRayActor pid=48395)[0m [2026-09-29 18:03:30.790 actor_cell00000_rank00000] structured_log.py:24 - actor cls=MegatronTrainRayActor fn=wake_up phase=start
[36m(MegatronTrainRayActor pid=48395)[0m [2026-09-29 18:03:30.790 actor_cell00000_rank00000] timer.py:31 - Timer wake_up start
[36m(MegatronTrainRayActor pid=48395)[0m [2026-09-29 18:03:30.791 actor_cell00000_rank00000] memory_utils.py:41 - [Rank 0] Memory-Usage before wake_up model: {'gpu': '0', 'total_GB': 79.18, 'free_GB': 74.61, 'used_GB': 4.57, 'allocated_GB': 1.38, 'reserved_GB': 1.52}
[36m(TrainerController pid=48044)[0m [2026-09-29 18:03:31.530 trainer_controller_actor] cell.py:239 - ft op=execute phase=end cell=trainer-engine-actor-00000 fn=wake_up ok=true elapsed_s=0.7
[36m(TrainerController pid=48044)[0m [2026-09-29 18:03:31.534 trainer_controller_actor] group.py:190 - ft op=train phase=start rollout=2 attempt=0
[36m(TrainerController pid=48044)[0m [2026-09-29 18:03:31.534 trainer_controller_actor] group.py:534 - ft op=refresh phase=start rollout=2 alive=0 healing= all_states="(0, 'StateAllocatedAlive')" quorum=0
[36m(TrainerController pid=48044)[0m [2026-09-29 18:03:31.534 trainer_controller_actor] group.py:557 - ft op=refresh phase=decision rollout=2 needs_reconfigure=false reason=alive_config_unchanged,no_healing quorum=0
[36m(TrainerController pid=48044)[0m [2026-09-29 18:03:31.534 trainer_controller_actor] cell.py:231 - ft op=execute phase=start cell=trainer-engine-actor-00000 fn=train n_actors=1
[36m(MegatronTrainRayActor pid=48395)[0m [2026-09-29 18:03:31.527 actor_cell00000_rank00000] reloadable_process_group.py:151 - Reloading 0 process groups in pid 48395
[36m(MegatronTrainRayActor pid=48395)[0m [2026-09-29 18:03:31.528 actor_cell00000_rank00000] memory_utils.py:41 - [Rank 0] Memory-Usage after wake_up model: {'gpu': '0', 'total_GB': 79.18, 'free_GB': 73.11, 'used_GB': 6.07, 'allocated_GB': 1.38, 'reserved_GB': 1.52}
[36m(MegatronTrainRayActor pid=48395)[0m [2026-09-29 18:03:31.528 actor_cell00000_rank00000] timer.py:42 - Timer wake_up end (elapsed: 0.7s)
[36m(MegatronTrainRayActor pid=48395)[0m [2026-09-29 18:03:31.528 actor_cell00000_rank00000] structured_log.py:28 - actor cls=MegatronTrainRayActor fn=wake_up phase=end ok=true elapsed_s=0.7
[36m(MegatronTrainRayActor pid=48395)[0m [2026-09-29 18:03:31.536 actor_cell00000_rank00000] structured_log.py:24 - actor cls=MegatronTrainRayActor fn=train phase=start
[36m(MegatronTrainRayActor pid=48395)[0m [2026-09-29 18:03:31.536 actor_cell00000_rank00000] timer.py:31 - Timer data_preprocess start
[36m(MegatronTrainRayActor pid=48395)[0m [2026-09-29 18:03:31.542 actor_cell00000_rank00000] timer.py:42 - Timer data_preprocess end (elapsed: 0.0s)
[36m(MegatronTrainRayActor pid=48395)[0m [2026-09-29 18:03:31.542 actor_cell00000_rank00000] structured_log.py:24 - actor cls=MegatronTrainRayActor fn=_train_actor phase=start
[36m(MegatronTrainRayActor pid=48395)[0m [2026-09-29 18:03:31.542 actor_cell00000_rank00000] timer.py:42 - Timer train_wait end (elapsed: 10.5s)
[36m(MegatronTrainRayActor pid=48395)[0m [2026-09-29 18:03:31.542 actor_cell00000_rank00000] timer.py:31 - Timer train start
[36m(MegatronTrainRayActor pid=48395)[0m [2026-09-29 18:03:31.542 actor_cell00000_rank00000] structured_log.py:24 - actor cls=MegatronTrainRayActor fn=_compute_log_prob phase=start
[36m(MegatronTrainRayActor pid=48395)[0m [2026-09-29 18:03:31.542 actor_cell00000_rank00000] timer.py:31 - Timer log_probs start
[36m(MegatronTrainRayActor pid=48395)[0m [2026-09-29 18:03:36.632 actor_cell00000_rank00000] timer.py:42 - Timer log_probs end (elapsed: 5.1s)
[36m(MegatronTrainRayActor pid=48395)[0m [2026-09-29 18:03:36.632 actor_cell00000_rank00000] structured_log.py:28 - actor cls=MegatronTrainRayActor fn=_compute_log_prob phase=end ok=true elapsed_s=5.1
[36m(MegatronTrainRayActor pid=48395)[0m [2026-09-29 18:03:36.638 actor_cell00000_rank00000] log_utils.py:100 - ft op=cross_cell phase=start kind=log_gather rank=0
[36m(MegatronTrainRayActor pid=48395)[0m [2026-09-29 18:03:36.639 actor_cell00000_rank00000] log_utils.py:106 - ft op=cross_cell phase=end kind=log_gather rank=0 success=true
[36m(MegatronTrainRayActor pid=48395)[0m [2026-09-29 18:03:36.639 actor_cell00000_rank00000] log_utils.py:126 - rollout 2: {'rollout/response_lengths': 315.34375, 'rollout/rewards': 9.313225746154785e-10, 'rollout/truncated': 0.40625, 'rollout/rollout_log_probs': -0.44306883215904236, 'rollout/raw_reward': 0.15625, 'rollout/total_lengths': 424.59375, 'rollout/log_probs': -0.4435620605945587, 'rollout/advantages': -1.1175870895385742e-08, 'rollout/returns': -1.1175870895385742e-08}
[36m(MegatronTrainRayActor pid=48395)[0m [2026-09-29 18:03:36.639 actor_cell00000_rank00000] timer.py:31 - Timer actor_train start
[36m(TrainerController pid=48044)[0m [2026-09-29 18:03:45.797 trainer_controller_actor] cell.py:239 - ft op=execute phase=end cell=trainer-engine-actor-00000 fn=train ok=true elapsed_s=14.3
[36m(TrainerController pid=48044)[0m [2026-09-29 18:03:45.797 trainer_controller_actor] group.py:290 - ft op=check errored= discarded= normal=0 decision=no_retry reason="survivors normal, gradients valid"
[36m(TrainerController pid=48044)[0m [2026-09-29 18:03:45.798 trainer_controller_actor] logger.py:72 - audit op=event event=TrainGroupStepEndEvent type=train_group_step_end rollout_id=2 cell_outcomes="{\"0\":[\"normal\"]}"
[36m(TrainerController pid=48044)[0m [2026-09-29 18:03:45.801 trainer_controller_actor] cell.py:231 - ft op=execute phase=start cell=trainer-engine-actor-00000 fn=run_plugin n_actors=1
[36m(TrainerController pid=48044)[0m [2026-09-29 18:03:45.803 trainer_controller_actor] cell.py:239 - ft op=execute phase=end cell=trainer-engine-actor-00000 fn=run_plugin ok=true elapsed_s=0.0
[36m(MegatronTrainRayActor pid=48395)[0m [2026-09-29 18:03:45.793 actor_cell00000_rank00000] model.py:637 - train op=train_step rollout=2 step=0 attempt=0 outcome=NORMAL valid_step=true
[36m(MegatronTrainRayActor pid=48395)[0m [2026-09-29 18:03:45.794 actor_cell00000_rank00000] log_utils.py:554 - step 2: {'train/loss': -0.00044765882194042206, 'train/pg_loss': 1.1175870895385742e-08, 'train/entropy_loss': 0.44766783714294434, 'train/pg_clipfrac': 0.0, 'train/ppo_kl': 0.0, 'train/ess_ratio': 1.0, 'train/train_rollout_logprob_abs_diff': 0.015981478616595268, 'train/train_rollout_kl': 0.000767440942581743, 'train/grad_norm': 0.2602531611919403, 'train/lr-pg_0': 0.0, 'train/step': 2}
[36m(MegatronTrainRayActor pid=48395)[0m [2026-09-29 18:03:45.794 actor_cell00000_rank00000] model.py:847 - step 2: {'train/loss': -0.00044765882194042206, 'train/pg_loss': 1.1175870895385742e-08, 'train/entropy_loss': 0.44766783714294434, 'train/pg_clipfrac': 0.0, 'train/ppo_kl': 0.0, 'train/ess_ratio': 1.0, 'train/train_rollout_logprob_abs_diff': 0.015981478616595268, 'train/train_rollout_kl': 0.000767440942581743, 'train/grad_norm': 0.2602531611919403, 'train/lr-pg_0': 0.0, 'train/step': 2}
[36m(MegatronTrainRayActor pid=48395)[0m [2026-09-29 18:03:45.794 actor_cell00000_rank00000] timer.py:42 - Timer actor_train end (elapsed: 9.2s)
[36m(MegatronTrainRayActor pid=48395)[0m [2026-09-29 18:03:45.794 actor_cell00000_rank00000] timer.py:42 - Timer train end (elapsed: 14.3s)
[36m(MegatronTrainRayActor pid=48395)[0m [2026-09-29 18:03:45.794 actor_cell00000_rank00000] timer.py:31 - Timer train_wait start
[36m(MegatronTrainRayActor pid=48395)[0m [2026-09-29 18:03:45.794 actor_cell00000_rank00000] train_metric_utils.py:56 - perf 2: {'perf/update_weights_implementation_time': 0.0709998607635498, 'perf/finalize_and_resume_engines_time': 0.06134653091430664, 'perf/update_weights_time': 0.16870856285095215, 'perf/sleep_time': 1.0357575416564941, 'perf/wake_up_time': 0.7384846210479736, 'perf/data_preprocess_time': 0.005843400955200195, 'perf/train_wait_time': 10.50937795639038, 'perf/log_probs_time': 5.08943510055542, 'perf/actor_train_time': 9.15449333190918, 'perf/train_time': 14.251890420913696, 'perf/log_probs_tflops': 2.913156745591269, 'perf/actor_train_tflops': 4.858703258678311, 'perf/actor_train_tok_per_s': 1484.1891852868296, 'perf/mfu_peak_tflops': 989.0, 'perf/actor_train_mfu': 0.004912743436479587, 'perf/step_time': 24.761268377304077, 'perf/wait_time_ratio': 0.42442809456494435}
[36m(MegatronTrainRayActor pid=48395)[0m [2026-09-29 18:03:45.795 actor_cell00000_rank00000] structured_log.py:28 - actor cls=MegatronTrainRayActor fn=_train_actor phase=end ok=true elapsed_s=14.3
[36m(MegatronTrainRayActor pid=48395)[0m [2026-09-29 18:03:45.795 actor_cell00000_rank00000] structured_log.py:28 - actor cls=MegatronTrainRayActor fn=train phase=end ok=true elapsed_s=14.3
[36m(TrainerController pid=48044)[0m [2026-09-29 18:03:45.806 trainer_controller_actor] cell.py:231 - ft op=execute phase=start cell=trainer-engine-actor-00000 fn=run_plugin n_actors=1
[36m(TrainerController pid=48044)[0m [2026-09-29 18:03:45.809 trainer_controller_actor] cell.py:239 - ft op=execute phase=end cell=trainer-engine-actor-00000 fn=run_plugin ok=true elapsed_s=0.0
[36m(TrainerController pid=48044)[0m [2026-09-29 18:03:45.812 trainer_controller_actor] cell.py:231 - ft op=execute phase=start cell=trainer-engine-actor-00000 fn=run_plugin n_actors=1
[36m(TrainerController pid=48044)[0m [2026-09-29 18:03:46.083 trainer_controller_actor] cell.py:239 - ft op=execute phase=end cell=trainer-engine-actor-00000 fn=run_plugin ok=true elapsed_s=0.3
[36m(TrainerController pid=48044)[0m [2026-09-29 18:03:46.426 trainer_controller_actor] cell.py:231 - ft op=execute phase=start cell=trainer-engine-actor-00000 fn=run_plugin n_actors=1
[36m(TrainerController pid=48044)[0m [2026-09-29 18:03:46.706 trainer_controller_actor] cell.py:239 - ft op=execute phase=end cell=trainer-engine-actor-00000 fn=run_plugin ok=true elapsed_s=0.3
[36m(InferenceController pid=48038)[0m [2026-09-29 18:03:47.064 inference_controller] _client.py:1740 - HTTP Request: POST http://172.20.10.205:20101/resume_memory_occupation "HTTP/1.1 200 OK"
[36m(CommandActor pid=48043)[0m [2026-09-29 18:03:47] Cache flush skipped: KV cache memory is released.
[36m(CommandActor pid=48043)[0m [2026-09-29 18:03:47] LoRA adapter loading from tensors starts: LoRARef(lora_id=e9fb972a7076468a9063870296d45dc3, lora_name=miles_lora, lora_path=__stream__, pinned=False, reloadable=False).
[36m(TrainerController pid=48044)[0m [2026-09-29 18:03:47.070 trainer_controller_actor] group.py:392 - ft op=update_weights phase=start rollout=
[36m(TrainerController pid=48044)[0m [2026-09-29 18:03:47.070 trainer_controller_actor] cell.py:231 - ft op=execute phase=start cell=trainer-engine-actor-00000 fn=update_weights n_actors=1
[36m(MegatronTrainRayActor pid=48395)[0m [2026-09-29 18:03:47.071 actor_cell00000_rank00000] structured_log.py:24 - actor cls=MegatronTrainRayActor fn=update_weights phase=start
[36m(MegatronTrainRayActor pid=48395)[0m [2026-09-29 18:03:47.072 actor_cell00000_rank00000] timer.py:31 - Timer update_weights start
[36m(MegatronTrainRayActor pid=48395)[0m [2026-09-29 18:03:47.072 actor_cell00000_rank00000] memory_utils.py:41 - [Rank 0] Memory-Usage before update_weights: {'gpu': '0', 'total_GB': 79.18, 'free_GB': 68.52, 'used_GB': 10.66, 'allocated_GB': 1.38, 'reserved_GB': 4.93}
[36m(MegatronTrainRayActor pid=48395)[0m [2026-09-29 18:03:47.076 actor_cell00000_rank00000] _client.py:1740 - HTTP Request: POST http://172.20.10.205:20101/pause_generation "HTTP/1.1 200 OK"
[36m(MegatronTrainRayActor pid=48395)[0m [2026-09-29 18:03:47.079 actor_cell00000_rank00000] _client.py:1740 - HTTP Request: GET http://172.20.10.205:20101/flush_cache "HTTP/1.1 200 OK"
[36m(MegatronTrainRayActor pid=48395)[0m [2026-09-29 18:03:47.082 actor_cell00000_rank00000] _client.py:1740 - HTTP Request: POST http://172.20.10.205:20101/begin_weight_update "HTTP/1.1 200 OK"
[36m(MegatronTrainRayActor pid=48395)[0m [2026-09-29 18:03:47.083 actor_cell00000_rank00000] timer.py:31 - Timer update_weights_implementation start
[36m(MegatronTrainRayActor pid=48395)[0m [miles-colocate] Update weights: 0it [00:00, ?it/s][2026-09-29 18:03:47.148 actor_cell00000_rank00000] _client.py:1740 - HTTP Request: POST http://172.20.10.205:20101/update_weights_from_tensor "HTTP/1.1 200 OK"
[36m(MegatronTrainRayActor pid=48395)[0m [2026-09-29 18:03:47.149 actor_cell00000_rank00000] timer.py:42 - Timer update_weights_implementation end (elapsed: 0.1s)
[36m(MegatronTrainRayActor pid=48395)[0m [2026-09-29 18:03:47.149 actor_cell00000_rank00000] timer.py:31 - Timer finalize_and_resume_engines start
[36m(CommandActor pid=48043)[0m [2026-09-29 18:03:47] LoRA adapter 'e9fb972a7076468a9063870296d45dc3': loaded weights for target modules ['down_proj', 'gate_up_proj', 'o_proj', 'qkv_proj'].
[36m(CommandActor pid=48043)[0m [2026-09-29 18:03:47] LoRA adapter loading from tensors completes: LoRARef(lora_id=e9fb972a7076468a9063870296d45dc3, lora_name=miles_lora, lora_path=__stream__, pinned=False, reloadable=False).
[36m(CommandActor pid=48043)[0m [2026-09-29 18:03:47] Weight version changed. old_version='yeto:2:1ca587e1994d9559e6c2397025d5f6d8375d69cc4cfe170afc12e0133c37c079' new_version='4' num_recorded=0
[36m(MegatronTrainRayActor pid=48395)[0m [2026-09-29 18:03:47.190 actor_cell00000_rank00000] _client.py:1740 - HTTP Request: POST http://172.20.10.205:20101/end_weight_update "HTTP/1.1 200 OK"
[36m(MegatronTrainRayActor pid=48395)[0m [2026-09-29 18:03:47.193 actor_cell00000_rank00000] _client.py:1740 - HTTP Request: POST http://172.20.10.205:20101/update_weight_version "HTTP/1.1 200 OK"
[36m(MegatronTrainRayActor pid=48395)[0m [2026-09-29 18:03:47.195 actor_cell00000_rank00000] _client.py:1740 - HTTP Request: POST http://172.20.10.205:20101/continue_generation "HTTP/1.1 200 OK"
[36m(MegatronTrainRayActor pid=48395)[0m [2026-09-29 18:03:47.195 actor_cell00000_rank00000] timer.py:42 - Timer finalize_and_resume_engines end (elapsed: 0.0s)
[36m(CommandActor pid=48043)[0m [2026-09-29 18:03:47] [continue_generation] torch.cuda.empty_cache() called: reserved 32306.0 MB -> 32266.0 MB (freed 40.0 MB)
[2026-09-29 18:03:47.446 main] logger.py:72 - audit op=event event=InferenceEngineWeightChecksumEvent type=inference_engine_weight_checksum rollout_id=-1 trainer_model_id= engine_checksums="<list len=1>"
[36m(InferenceController pid=48038)[0m [2026-09-29 18:03:47.443 inference_controller] _client.py:1740 - HTTP Request: POST http://172.20.10.205:20101/weights_checker "HTTP/1.1 200 OK"
[36m(InferenceController pid=48038)[0m [2026-09-29 18:03:47.477 inference_controller] _client.py:1740 - HTTP Request: POST http://172.20.10.205:20101/resume_memory_occupation "HTTP/1.1 200 OK"
[36m(CommandActor pid=48043)[0m [2026-09-29 18:03:47] [WeightChecker] handle action=checksum allow_quant_error=False skip_tensor_list=None
[36m(CommandActor pid=48043)[0m [2026-09-29 18:03:47] [WeightChecker] checksum computed for 226 tensors in 0.020s
[36m(CommandActor pid=48043)[0m [2026-09-29 18:03:47] Weight version changed. old_version='4' new_version='yeto:3:fa6f19ceb4baebb4814df6582f9c0b18bfba1a582567de129dff30c842f62bb8' num_recorded=0
[36m(TrainerController pid=48044)[0m [2026-09-29 18:03:47.415 trainer_controller_actor] cell.py:239 - ft op=execute phase=end cell=trainer-engine-actor-00000 fn=update_weights ok=true elapsed_s=0.3
[36m(MegatronTrainRayActor pid=48395)[0m [miles-colocate] Update weights: 1it [00:00,  3.03it/s]
[36m(MegatronTrainRayActor pid=48395)[0m [2026-09-29 18:03:47.414 actor_cell00000_rank00000] memory_utils.py:41 - [Rank 0] Memory-Usage after update_weights: {'gpu': '0', 'total_GB': 79.18, 'free_GB': 71.93, 'used_GB': 7.25, 'allocated_GB': 1.38, 'reserved_GB': 1.54}
[36m(MegatronTrainRayActor pid=48395)[0m [2026-09-29 18:03:47.414 actor_cell00000_rank00000] timer.py:42 - Timer update_weights end (elapsed: 0.3s)
[36m(MegatronTrainRayActor pid=48395)[0m [2026-09-29 18:03:47.414 actor_cell00000_rank00000] structured_log.py:28 - actor cls=MegatronTrainRayActor fn=update_weights phase=end ok=true elapsed_s=0.3
[36m(RayWorkerManager pid=47696)[0m [2026-09-29 18:03:47.533 worker_manager] ray_worker_manager.py:409 - Killed actor at self=_ServeActorRayCommManager(manager=<miles.utils.workers.ray_worker_manager.RayWorkerManager object at 0x2b735a61b530>, parent=_CellManager(manager=<miles.utils.workers.ray_worker_manager.RayWorkerManager object at 0x2b735a61b530>, cell_index=0, spec=ServeWorkerSpec(name='rollout-executor', category=None, port_infos=[PortInfo(name='rpc', static_port=8000, mode='per_worker', allow_dynamic=True, num_consecutive=1, offset_by_cell=False)], env_var=<function spec_rollout_executor.<locals>.<lambda> at 0x2b735ab44680>, scheduling=SchedulingSpec(num_cells=1, num_workers_per_cell=1, num_gpus_per_worker=0.0, num_cpus_per_worker=1.0, num_gpu_slots_per_worker=0, num_gpus_per_node=0, pg_name=None, pg_slot_offset=0, pin_to_head=True), meta=None, deploy_component=<DeployComponent.PRIMARY: 'primary'>, platform_access=<PlatformAccess.NONE: 'none'>, worker_class='miles.ray.rollout.rollout_executor.RolloutExecutor', ctor_kwargs=<function spec_rollout_executor.<locals>.<lambda> at 0x2b735ab44720>, concurrency_groups=None), actors=[...], generation=1, liveness_scan_task=<Task pending name='Task-16' coro=<_CellManager._scan_liveness_forever() running at /opt/miles-next/miles/utils/workers/ray_worker_manager.py:258> wait_for=<Future pending cb=[Task.task_wakeup()]>>), worker_in_cell_index=0, spec=ServeWorkerSpec(name='rollout-executor', category=None, port_infos=[PortInfo(name='rpc', static_port=8000, mode='per_worker', allow_dynamic=True, num_consecutive=1, offset_by_cell=False)], env_var=<function spec_rollout_executor.<locals>.<lambda> at 0x2b735ab44680>, scheduling=SchedulingSpec(num_cells=1, num_workers_per_cell=1, num_gpus_per_worker=0.0, num_cpus_per_worker=1.0, num_gpu_slots_per_worker=0, num_gpus_per_node=0, pg_name=None, pg_slot_offset=0, pin_to_head=True), meta=None, deploy_component=<DeployComponent.PRIMARY: 'primary'>, platform_access=<PlatformAccess.NONE: 'none'>, worker_class='miles.ray.rollout.rollout_executor.RolloutExecutor', ctor_kwargs=<function spec_rollout_executor.<locals>.<lambda> at 0x2b735ab44720>, concurrency_groups=None), actor_handle=Actor(RolloutExecutor, 8b58e37c573caa3856e84a2c02000000), self_addrs={'rpc': HostAndPort(host='172.20.10.205', port=20137, external_host=None)}, local_gpu_ids=[], gpu_slot_index=None)
[36m(RayWorkerManager pid=47696)[0m [2026-09-29 18:03:47.534 worker_manager] ray_worker_manager.py:409 - Killed actor at self=_ServeActorRayCommManager(manager=<miles.utils.workers.ray_worker_manager.RayWorkerManager object at 0x2b735a61b530>, parent=_CellManager(manager=<miles.utils.workers.ray_worker_manager.RayWorkerManager object at 0x2b735a61b530>, cell_index=0, spec=ServeWorkerSpec(name='inference-controller', category=None, port_infos=[PortInfo(name='rpc', static_port=8000, mode='per_worker', allow_dynamic=True, num_consecutive=1, offset_by_cell=False)], env_var=<function spec_inference_controller.<locals>.<lambda> at 0x2b735ab44860>, scheduling=SchedulingSpec(num_cells=1, num_workers_per_cell=1, num_gpus_per_worker=0.0, num_cpus_per_worker=1.0, num_gpu_slots_per_worker=0, num_gpus_per_node=0, pg_name=None, pg_slot_offset=0, pin_to_head=True), meta=None, deploy_component=<DeployComponent.PRIMARY: 'primary'>, platform_access=<PlatformAccess.READ: 'read'>, worker_class='miles.ray.rollout.inference_controller.InferenceController', ctor_kwargs=<function spec_inference_controller.<locals>.<lambda> at 0x2b738c704cc0>, concurrency_groups=None), actors=[...], generation=1, liveness_scan_task=<Task pending name='Task-17' coro=<_CellManager._scan_liveness_forever() running at /opt/miles-next/miles/utils/workers/ray_worker_manager.py:258> wait_for=<Future pending cb=[Task.task_wakeup()]>>), worker_in_cell_index=0, spec=ServeWorkerSpec(name='inference-controller', category=None, port_infos=[PortInfo(name='rpc', static_port=8000, mode='per_worker', allow_dynamic=True, num_consecutive=1, offset_by_cell=False)], env_var=<function spec_inference_controller.<locals>.<lambda> at 0x2b735ab44860>, scheduling=SchedulingSpec(num_cells=1, num_workers_per_cell=1, num_gpus_per_worker=0.0, num_cpus_per_worker=1.0, num_gpu_slots_per_worker=0, num_gpus_per_node=0, pg_name=None, pg_slot_offset=0, pin_to_head=True), meta=None, deploy_component=<DeployComponent.PRIMARY: 'primary'>, platform_access=<PlatformAccess.READ: 'read'>, worker_class='miles.ray.rollout.inference_controller.InferenceController', ctor_kwargs=<function spec_inference_controller.<locals>.<lambda> at 0x2b738c704cc0>, concurrency_groups=None), actor_handle=Actor(InferenceController, 71e2243cecb8fa9cecb22d3402000000), self_addrs={'rpc': HostAndPort(host='172.20.10.205', port=20100, external_host=None)}, local_gpu_ids=[], gpu_slot_index=None)
[36m(RayWorkerManager pid=47696)[0m [2026-09-29 18:03:47.535 worker_manager] ray_worker_manager.py:409 - Killed actor at self=_ServeActorRayCommManager(manager=<miles.utils.workers.ray_worker_manager.RayWorkerManager object at 0x2b735a61b530>, parent=_CellManager(manager=<miles.utils.workers.ray_worker_manager.RayWorkerManager object at 0x2b735a61b530>, cell_index=0, spec=ServeWorkerSpec(name='trainer-controller-actor', category=None, port_infos=[PortInfo(name='rpc', static_port=8000, mode='per_worker', allow_dynamic=True, num_consecutive=1, offset_by_cell=False)], env_var=<function _compute_spec_trainer_controller.<locals>.<lambda> at 0x2b738c705300>, scheduling=SchedulingSpec(num_cells=1, num_workers_per_cell=1, num_gpus_per_worker=0.0, num_cpus_per_worker=1.0, num_gpu_slots_per_worker=0, num_gpus_per_node=0, pg_name=None, pg_slot_offset=0, pin_to_head=False), meta=None, deploy_component=<DeployComponent.TRAINER: 'trainer'>, platform_access=<PlatformAccess.READ_DELETE: 'read-delete'>, worker_class='miles.ray.train.group.TrainerController', ctor_kwargs=<function _compute_spec_trainer_controller.<locals>.<lambda> at 0x2b738c705440>, concurrency_groups=None), actors=[...], generation=1, liveness_scan_task=<Task pending name='Task-20' coro=<_CellManager._scan_liveness_forever() running at /opt/miles-next/miles/utils/workers/ray_worker_manager.py:258> wait_for=<Future pending cb=[Task.task_wakeup()]>>), worker_in_cell_index=0, spec=ServeWorkerSpec(name='trainer-controller-actor', category=None, port_infos=[PortInfo(name='rpc', static_port=8000, mode='per_worker', allow_dynamic=True, num_consecutive=1, offset_by_cell=False)], env_var=<function _compute_spec_trainer_controller.<locals>.<lambda> at 0x2b738c705300>, scheduling=SchedulingSpec(num_cells=1, num_workers_per_cell=1, num_gpus_per_worker=0.0, num_cpus_per_worker=1.0, num_gpu_slots_per_worker=0, num_gpus_per_node=0, pg_name=None, pg_slot_offset=0, pin_to_head=False), meta=None, deploy_component=<DeployComponent.TRAINER: 'trainer'>, platform_access=<PlatformAccess.READ_DELETE: 'read-delete'>, worker_class='miles.ray.train.group.TrainerController', ctor_kwargs=<function _compute_spec_trainer_controller.<locals>.<lambda> at 0x2b738c705440>, concurrency_groups=None), actor_handle=Actor(TrainerController, 49316acd6f27ee47e9a74f4a02000000), self_addrs={'rpc': HostAndPort(host='172.20.10.205', port=20140, external_host=None)}, local_gpu_ids=[], gpu_slot_index=None)
[36m(RayWorkerManager pid=47696)[0m [2026-09-29 18:03:47.536 worker_manager] ray_worker_manager.py:409 - Killed actor at self=_ServeActorRayCommManager(manager=<miles.utils.workers.ray_worker_manager.RayWorkerManager object at 0x2b735a61b530>, parent=_CellManager(manager=<miles.utils.workers.ray_worker_manager.RayWorkerManager object at 0x2b735a61b530>, cell_index=0, spec=ServeWorkerSpec(name='trainer-engine-actor', category='trainer_engine', port_infos=[PortInfo(name='master', static_port=9000, mode='master', allow_dynamic=True, num_consecutive=1, offset_by_cell=False), PortInfo(name='rpc', static_port=8000, mode='per_worker', allow_dynamic=True, num_consecutive=1, offset_by_cell=False)], env_var=<function _compute_spec_trainer.<locals>.<lambda> at 0x2b738c7054e0>, scheduling=SchedulingSpec(num_cells=1, num_workers_per_cell=1, num_gpus_per_worker=0.4, num_cpus_per_worker=0.4, num_gpu_slots_per_worker=1, num_gpus_per_node=1, pg_name='actor', pg_slot_offset=0, pin_to_head=False), meta=<function _compute_spec_trainer.<locals>.<lambda> at 0x2b738c706980>, deploy_component=<DeployComponent.TRAINER: 'trainer'>, platform_access=<PlatformAccess.NONE: 'none'>, worker_class='miles.backends.megatron_utils.actor.MegatronTrainRayActor', ctor_kwargs=<function _compute_spec_trainer.<locals>.<lambda> at 0x2b738c707560>, concurrency_groups=None), actors=[...], generation=1, liveness_scan_task=<Task pending name='Task-21' coro=<_CellManager._scan_liveness_forever() running at /opt/miles-next/miles/utils/workers/ray_worker_manager.py:258> wait_for=<Future pending cb=[Task.task_wakeup()]>>), worker_in_cell_index=0, spec=ServeWorkerSpec(name='trainer-engine-actor', category='trainer_engine', port_infos=[PortInfo(name='master', static_port=9000, mode='master', allow_dynamic=True, num_consecutive=1, offset_by_cell=False), PortInfo(name='rpc', static_port=8000, mode='per_worker', allow_dynamic=True, num_consecutive=1, offset_by_cell=False)], env_var=<function _compute_spec_trainer.<locals>.<lambda> at 0x2b738c7054e0>, scheduling=SchedulingSpec(num_cells=1, num_workers_per_cell=1, num_gpus_per_worker=0.4, num_cpus_per_worker=0.4, num_gpu_slots_per_worker=1, num_gpus_per_node=1, pg_name='actor', pg_slot_offset=0, pin_to_head=False), meta=<function _compute_spec_trainer.<locals>.<lambda> at 0x2b738c706980>, deploy_component=<DeployComponent.TRAINER: 'trainer'>, platform_access=<PlatformAccess.NONE: 'none'>, worker_class='miles.backends.megatron_utils.actor.MegatronTrainRayActor', ctor_kwargs=<function _compute_spec_trainer.<locals>.<lambda> at 0x2b738c707560>, concurrency_groups=None), actor_handle=Actor(MegatronTrainRayActor, 435ec9f66a609b82e303dd0102000000), self_addrs={'master': HostAndPort(host='172.20.10.205', port=20138, external_host=None), 'rpc': HostAndPort(host='172.20.10.205', port=20139, external_host=None)}, local_gpu_ids=[0], gpu_slot_index=0)
[36m(InferenceController pid=48038)[0m [2026-09-29 18:03:47.516 inference_controller] _client.py:1740 - HTTP Request: POST http://172.20.10.205:20101/weights_checker "HTTP/1.1 200 OK"
[36m(InferenceController pid=48038)[0m [2026-09-29 18:03:47.526 inference_controller] rollout_server.py:132 - Killing server cell_id='inference-engine-all-0-0-00000'...
[36m(InferenceController pid=48038)[0m [2026-09-29 18:03:47.528 inference_controller] _client.py:1740 - HTTP Request: GET http://172.20.10.205:20000/workers "HTTP/1.1 200 OK"
[36m(InferenceController pid=48038)[0m [2026-09-29 18:03:47.530 inference_controller] _client.py:1740 - HTTP Request: DELETE http://172.20.10.205:20000/workers/d270b74f-f83b-4839-9a9d-98c0e204d6cf "HTTP/1.1 202 Accepted"
[36m(InferenceController pid=48038)[0m [2026-09-29 18:03:47.530 inference_controller] server_cell.py:268 - Cell inference-engine-all-0-0-00000 dispose start old=addr_info=CellAddrInfo(server_url='http://172.20.10.205:20101', bootstrap_port=None, gate_url='http://172.20.10.205:20136')
[36m(InferenceController pid=48038)[0m [2026-09-29 18:03:47.530 inference_controller] server_cell.py:271 - Cell inference-engine-all-0-0-00000 dispose end new=
[36m(CommandActor pid=48043)[0m [2026-09-29 18:03:47] [WeightChecker] handle action=checksum allow_quant_error=False skip_tensor_list=None
[36m(CommandActor pid=48043)[0m [2026-09-29 18:03:47] [WeightChecker] checksum computed for 226 tensors in 0.019s
[36m(CommandActor pid=48043)[0m [2026-09-29 18:03:47] SIGTERM received. signum=None frame=None. Draining requests and shutting down...
[36m(RayWorkerManager pid=47696)[0m [2026-09-29 18:03:47.716 worker_manager] ray_worker_manager.py:409 - Killed actor at self=_CommandActorManager(manager=<miles.utils.workers.ray_worker_manager.RayWorkerManager object at 0x2b735a61b530>, parent=_CellManager(manager=<miles.utils.workers.ray_worker_manager.RayWorkerManager object at 0x2b735a61b530>, cell_index=0, spec=CommandWorkerSpec(name='inference-router-0', category=None, port_infos=[PortInfo(name='primary', static_port=20000, mode='per_worker', allow_dynamic=False, num_consecutive=1, offset_by_cell=False), PortInfo(name='prometheus', static_port=9000, mode='per_worker', allow_dynamic=True, num_consecutive=1, offset_by_cell=False)], env_var=<function _compute_spec_router.<locals>.<lambda> at 0x2b738c704d60>, scheduling=SchedulingSpec(num_cells=1, num_workers_per_cell=1, num_gpus_per_worker=0.0, num_cpus_per_worker=0.2, num_gpu_slots_per_worker=0, num_gpus_per_node=0, pg_name=None, pg_slot_offset=0, pin_to_head=True), meta=None, deploy_component=<DeployComponent.PRIMARY: 'primary'>, platform_access=<PlatformAccess.NONE: 'none'>, launch_command=<function _compute_spec_router.<locals>._compute_launch_command at 0x2b738c704e00>), actors=[...], generation=1, liveness_scan_task=<Task pending name='Task-18' coro=<_CellManager._scan_liveness_forever() running at /opt/miles-next/miles/utils/workers/ray_worker_manager.py:258> wait_for=<Future pending cb=[Task.task_wakeup()]>>), worker_in_cell_index=0, spec=CommandWorkerSpec(name='inference-router-0', category=None, port_infos=[PortInfo(name='primary', static_port=20000, mode='per_worker', allow_dynamic=False, num_consecutive=1, offset_by_cell=False), PortInfo(name='prometheus', static_port=9000, mode='per_worker', allow_dynamic=True, num_consecutive=1, offset_by_cell=False)], env_var=<function _compute_spec_router.<locals>.<lambda> at 0x2b738c704d60>, scheduling=SchedulingSpec(num_cells=1, num_workers_per_cell=1, num_gpus_per_worker=0.0, num_cpus_per_worker=0.2, num_gpu_slots_per_worker=0, num_gpus_per_node=0, pg_name=None, pg_slot_offset=0, pin_to_head=True), meta=None, deploy_component=<DeployComponent.PRIMARY: 'primary'>, platform_access=<PlatformAccess.NONE: 'none'>, launch_command=<function _compute_spec_router.<locals>._compute_launch_command at 0x2b738c704e00>), actor_handle=Actor(CommandActor, 7fe46947fc844aececf2d6dd02000000), self_addrs={'primary': HostAndPort(host='172.20.10.205', port=20000, external_host=None), 'prometheus': HostAndPort(host='172.20.10.205', port=20102, external_host=None)}, local_gpu_ids=[], gpu_slot_index=None)
[36m(CommandActor pid=48043)[0m [2026-09-29 18:03:47] Subprocess detokenizer (pid=49784) crashed with exit code -15. Triggering SIGQUIT for cleanup...
[36m(CommandActor pid=48043)[0m [2026-09-29 18:03:47] SIGQUIT received. signum=None, frame=None. It usually means one child failed.
[36m(CommandActor pid=48043)[0m [2026-09-29 18:03:47] Sleeping 5 seconds before crash diagnostics to let GPU activity settle.
[36m(CommandActor pid=48043)[0m WARNING:miles.utils.workers.process_utils:Process 49265 did not exit within 5.0s after SIGTERM; escalating to SIGKILL

[36m(CommandActor pid=48043)[0m [2026-09-29 18:03:29] INFO:     172.20.10.205:24182 - "POST /generate HTTP/1.1" 200 OK
[36m(CommandActor pid=48043)[0m [2026-09-29 18:03:29] INFO:     172.20.10.205:22846 - "POST /generate HTTP/1.1" 200 OK
[36m(CommandActor pid=48043)[0m [2026-09-29 18:03:29] INFO:     172.20.10.205:19301 - "POST /generate HTTP/1.1" 200 OK
[36m(CommandActor pid=48043)[0m [2026-09-29 18:03:30] INFO:     172.20.10.205:21778 - "POST /generate HTTP/1.1" 200 OK
[36m(CommandActor pid=48043)[0m [2026-09-29 18:03:30] INFO:     172.20.10.205:54873 - "POST /generate HTTP/1.1" 200 OK
[36m(CommandActor pid=48043)[0m [2026-09-29 18:03:30] INFO:     172.20.10.205:30694 - "POST /generate HTTP/1.1" 200 OK
[36m(CommandActor pid=48043)[0m [2026-09-29 18:03:30] INFO:     172.20.10.205:19261 - "POST /generate HTTP/1.1" 200 OK
[36m(CommandActor pid=48043)[0m [2026-09-29 18:03:30] INFO:     172.20.10.205:60704 - "POST /generate HTTP/1.1" 200 OK
[36m(CommandActor pid=48043)[0m [2026-09-29 18:03:30] INFO:     172.20.10.205:52870 - "POST /generate HTTP/1.1" 200 OK
[36m(CommandActor pid=48043)[0m [2026-09-29 18:03:30] INFO:     172.20.10.205:52394 - "POST /generate HTTP/1.1" 200 OK
[36m(CommandActor pid=48043)[0m [2026-09-29 18:03:30] INFO:     172.20.10.205:25367 - "POST /generate HTTP/1.1" 200 OK
[36m(CommandActor pid=48043)[0m [2026-09-29 18:03:30] INFO:     172.20.10.205:20243 - "POST /generate HTTP/1.1" 200 OK
[36m(CommandActor pid=48043)[0m [2026-09-29 18:03:30] INFO:     172.20.10.205:47393 - "POST /generate HTTP/1.1" 200 OK
[36m(CommandActor pid=48043)[0m [2026-09-29 18:03:30] INFO:     172.20.10.205:54260 - "POST /generate HTTP/1.1" 200 OK
[36m(CommandActor pid=48043)[0m [2026-09-29 18:03:30] INFO:     172.20.10.205:59108 - "POST /generate HTTP/1.1" 200 OK
[36m(CommandActor pid=48043)[0m [2026-09-29 18:03:30] INFO:     172.20.10.205:25310 - "POST /generate HTTP/1.1" 200 OK
[36m(CommandActor pid=48043)[0m [2026-09-29 18:03:30] INFO:     172.20.10.205:20516 - "POST /generate HTTP/1.1" 200 OK
[36m(CommandActor pid=48043)[0m [2026-09-29 18:03:30] INFO:     172.20.10.205:41162 - "POST /generate HTTP/1.1" 200 OK
[36m(CommandActor pid=48043)[0m [2026-09-29 18:03:30] INFO:     172.20.10.205:42685 - "POST /generate HTTP/1.1" 200 OK
[36m(CommandActor pid=48043)[0m [2026-09-29 18:03:30] INFO:     172.20.10.205:52613 - "POST /generate HTTP/1.1" 200 OK
[36m(CommandActor pid=48043)[0m [2026-09-29 18:03:30] INFO:     172.20.10.205:55102 - "POST /generate HTTP/1.1" 200 OK
[36m(CommandActor pid=48043)[0m [2026-09-29 18:03:30] INFO:     172.20.10.205:49615 - "POST /generate HTTP/1.1" 200 OK
[36m(CommandActor pid=48043)[0m [2026-09-29 18:03:30] INFO:     172.20.10.205:65431 - "POST /abort_request HTTP/1.1" 200 OK
[36m(CommandActor pid=48043)[0m [2026-09-29 18:03:30] INFO:     172.20.10.205:63513 - "GET /flush_cache HTTP/1.1" 200 OK
[36m(CommandActor pid=48043)[0m [2026-09-29 18:03:30] INFO:     172.20.10.205:63513 - "POST /release_memory_occupation HTTP/1.1" 200 OK
[36m(CommandActor pid=48043)[0m [2026-09-29 18:03:40] INFO:     172.20.10.205:49204 - "GET /health HTTP/1.1" 200 OK
[36m(CommandActor pid=48043)[0m [2026-09-29 18:03:47] INFO:     172.20.10.205:33451 - "POST /resume_memory_occupation HTTP/1.1" 200 OK
[36m(CommandActor pid=48043)[0m [2026-09-29 18:03:47] INFO:     172.20.10.205:39202 - "POST /pause_generation HTTP/1.1" 200 OK
[36m(CommandActor pid=48043)[0m [2026-09-29 18:03:47] INFO:     172.20.10.205:39202 - "GET /flush_cache HTTP/1.1" 200 OK
[36m(CommandActor pid=48043)[0m [2026-09-29 18:03:47] INFO:     172.20.10.205:39202 - "POST /begin_weight_update HTTP/1.1" 200 OK
[36m(CommandActor pid=48043)[0m [2026-09-29 18:03:47] INFO:     172.20.10.205:39202 - "POST /update_weights_from_tensor HTTP/1.1" 200 OK
[36m(CommandActor pid=48043)[0m [2026-09-29 18:03:47] INFO:     172.20.10.205:39202 - "POST /end_weight_update HTTP/1.1" 200 OK
[36m(CommandActor pid=48043)[0m [2026-09-29 18:03:47] INFO:     172.20.10.205:39202 - "POST /update_weight_version HTTP/1.1" 200 OK
[36m(CommandActor pid=48043)[0m [2026-09-29 18:03:47] INFO:     172.20.10.205:39202 - "POST /continue_generation HTTP/1.1" 200 OK
[36m(CommandActor pid=48043)[0m [2026-09-29 18:03:47] INFO:     172.20.10.205:33451 - "POST /weights_checker HTTP/1.1" 200 OK
[36m(CommandActor pid=48043)[0m [2026-09-29 18:03:47] INFO:     172.20.10.205:33451 - "POST /resume_memory_occupation HTTP/1.1" 200 OK
[36m(CommandActor pid=48043)[0m [2026-09-29 18:03:47] INFO:     172.20.10.205:45162 - "POST /update_weight_version HTTP/1.1" 200 OK
[36m(CommandActor pid=48043)[0m [2026-09-29 18:03:47] INFO:     172.20.10.205:45162 - "GET /model_info HTTP/1.1" 200 OK
[36m(CommandActor pid=48043)[0m [2026-09-29 18:03:47] INFO:     172.20.10.205:33451 - "POST /weights_checker HTTP/1.1" 200 OK
[rl] learner 0 finalized (rl_engine=ports)
[36m(RayWorkerManager pid=47696)[0m [2026-09-29 18:03:52.616 worker_manager] ray_worker_manager.py:409 - Killed actor at self=_CommandActorManager(manager=<miles.utils.workers.ray_worker_manager.RayWorkerManager object at 0x2b735a61b530>, parent=_CellManager(manager=<miles.utils.workers.ray_worker_manager.RayWorkerManager object at 0x2b735a61b530>, cell_index=0, spec=CommandWorkerSpec(name='inference-engine-all-0-0', category='inference_engine', port_infos=[PortInfo(name='primary', static_port=8000, mode='per_worker', allow_dynamic=True, num_consecutive=1, offset_by_cell=False), PortInfo(name='dist_init', static_port=9000, mode='master', allow_dynamic=True, num_consecutive=31, offset_by_cell=False), PortInfo(name='nccl', static_port=10000, mode='per_worker', allow_dynamic=True, num_consecutive=1, offset_by_cell=False), PortInfo(name='engine_info_bootstrap', static_port=12000, mode='per_worker', allow_dynamic=True, num_consecutive=1, offset_by_cell=False), PortInfo(name='gate', static_port=13000, mode='master', allow_dynamic=True, num_consecutive=1, offset_by_cell=False)], env_var=<function _compute_spec_inference_engine.<locals>.<lambda> at 0x2b738c704fe0>, scheduling=SchedulingSpec(num_cells=1, num_workers_per_cell=1, num_gpus_per_worker=0.2, num_cpus_per_worker=0.2, num_gpu_slots_per_worker=1, num_gpus_per_node=1, pg_name='rollout', pg_slot_offset=0, pin_to_head=False), meta=<function _compute_spec_inference_engine.<locals>.<lambda> at 0x2b738c705120>, deploy_component=<DeployComponent.INFERENCE: 'inference'>, platform_access=<PlatformAccess.NONE: 'none'>, launch_command=<function _compute_spec_inference_engine.<locals>._compute_launch_command at 0x2b738c705260>), actors=[...], generation=1, liveness_scan_task=<Task pending name='Task-19' coro=<_CellManager._scan_liveness_forever() running at /opt/miles-next/miles/utils/workers/ray_worker_manager.py:258> wait_for=<Future pending cb=[Task.task_wakeup()]>>), worker_in_cell_index=0, spec=CommandWorkerSpec(name='inference-engine-all-0-0', category='inference_engine', port_infos=[PortInfo(name='primary', static_port=8000, mode='per_worker', allow_dynamic=True, num_consecutive=1, offset_by_cell=False), PortInfo(name='dist_init', static_port=9000, mode='master', allow_dynamic=True, num_consecutive=31, offset_by_cell=False), PortInfo(name='nccl', static_port=10000, mode='per_worker', allow_dynamic=True, num_consecutive=1, offset_by_cell=False), PortInfo(name='engine_info_bootstrap', static_port=12000, mode='per_worker', allow_dynamic=True, num_consecutive=1, offset_by_cell=False), PortInfo(name='gate', static_port=13000, mode='master', allow_dynamic=True, num_consecutive=1, offset_by_cell=False)], env_var=<function _compute_spec_inference_engine.<locals>.<lambda> at 0x2b738c704fe0>, scheduling=SchedulingSpec(num_cells=1, num_workers_per_cell=1, num_gpus_per_worker=0.2, num_cpus_per_worker=0.2, num_gpu_slots_per_worker=1, num_gpus_per_node=1, pg_name='rollout', pg_slot_offset=0, pin_to_head=False), meta=<function _compute_spec_inference_engine.<locals>.<lambda> at 0x2b738c705120>, deploy_component=<DeployComponent.INFERENCE: 'inference'>, platform_access=<PlatformAccess.NONE: 'none'>, launch_command=<function _compute_spec_inference_engine.<locals>._compute_launch_command at 0x2b738c705260>), actor_handle=Actor(CommandActor, 3410e6cb8701a3938ab0874d02000000), self_addrs={'primary': HostAndPort(host='172.20.10.205', port=20101, external_host=None), 'dist_init': HostAndPort(host='172.20.10.205', port=20103, external_host=None), 'nccl': HostAndPort(host='172.20.10.205', port=20134, external_host=None), 'engine_info_bootstrap': HostAndPort(host='172.20.10.205', port=20135, external_host=None), 'gate': HostAndPort(host='172.20.10.205', port=20136, external_host=None)}, local_gpu_ids=[0], gpu_slot_index=0)
