[33mTailing logs of job 1 on cluster 'yeto-hp929c-l0-eu-north1'...[0m
[2m├── [0m[2mWaiting for task resources on 1 node.[0m
[2m└── [0mJob started. Streaming logs... [2m(Ctrl-C to exit log streaming; job will not be killed)[0m
[36m(setup pid=2047)[0m From https://github.com/michaellchung/miles
[36m(setup pid=2047)[0m  * branch                0394715083c91182b5eb0c526eeee4196ac694b9 -> FETCH_HEAD
[36m(setup pid=2047)[0m HEAD is now at 039471508 Add --worker-dynamic-port-start for port isolation
[36m(setup pid=2047)[0m Cloning into '/root/sglang'...
[36m(setup pid=2047)[0m From https://github.com/michaellchung/sglang
[36m(setup pid=2047)[0m  * branch                  9f29303bef1eea38eb613e5f454a52db1326422d -> FETCH_HEAD
[36m(setup pid=2047)[0m HEAD is now at 9f29303bef Support disk-backed weight memory saver
[36m(yeto-rl-island-0, pid=2047)[0m 2026-09-29 06:48:59,063	INFO usage_lib.py:448 -- Usage stats collection is disabled.
[36m(yeto-rl-island-0, pid=2047)[0m 2026-09-29 06:48:59,064	INFO scripts.py:1042 -- [37mLocal node IP[39m: [1m10.0.0.7[22m
[36m(yeto-rl-island-0, pid=2047)[0m 2026-09-29 06:49:07,281	SUCC scripts.py:1081 -- [32m--------------------[39m
[36m(yeto-rl-island-0, pid=2047)[0m 2026-09-29 06:49:07,281	SUCC scripts.py:1082 -- [32mRay runtime started.[39m
[36m(yeto-rl-island-0, pid=2047)[0m 2026-09-29 06:49:07,281	SUCC scripts.py:1083 -- [32m--------------------[39m
[36m(yeto-rl-island-0, pid=2047)[0m 2026-09-29 06:49:07,282	INFO scripts.py:1085 -- [36mNext steps[39m
[36m(yeto-rl-island-0, pid=2047)[0m 2026-09-29 06:49:07,282	INFO cli_output_helpers.py:16 -- [2mNote: The following commands are intended for use on[22m
[36m(yeto-rl-island-0, pid=2047)[0m 2026-09-29 06:49:07,282	INFO cli_output_helpers.py:17 -- [2mthe head node or within the cluster network.[22m
[36m(yeto-rl-island-0, pid=2047)[0m 2026-09-29 06:49:07,282	INFO scripts.py:1089 -- To add another node to this Ray cluster, run
[36m(yeto-rl-island-0, pid=2047)[0m 2026-09-29 06:49:07,282	INFO scripts.py:1092 -- [1m  ray start --address='10.0.0.7:6379'[22m
[36m(yeto-rl-island-0, pid=2047)[0m 2026-09-29 06:49:07,282	INFO scripts.py:1103 -- To connect to this Ray cluster:
[36m(yeto-rl-island-0, pid=2047)[0m 2026-09-29 06:49:07,282	INFO scripts.py:1105 -- [35mimport[39m[26m ray
[36m(yeto-rl-island-0, pid=2047)[0m 2026-09-29 06:49:07,282	INFO scripts.py:1106 -- ray[35m.[39m[26minit(_node_ip_address[35m=[39m[26m[33m'10.0.0.7'[39m[26m)
[36m(yeto-rl-island-0, pid=2047)[0m 2026-09-29 06:49:07,282	INFO scripts.py:1120 -- To submit a Ray job using the Ray Jobs CLI:
[36m(yeto-rl-island-0, pid=2047)[0m 2026-09-29 06:49:07,282	INFO scripts.py:1121 -- [1m  RAY_API_SERVER_ADDRESS='http://127.0.0.1:8265' ray job submit --working-dir . -- python my_script.py[22m
[36m(yeto-rl-island-0, pid=2047)[0m 2026-09-29 06:49:07,282	INFO scripts.py:1130 -- See https://docs.ray.io/en/latest/cluster/running-applications/job-submission/index.html 
[36m(yeto-rl-island-0, pid=2047)[0m 2026-09-29 06:49:07,282	INFO scripts.py:1134 -- for more information on submitting Ray jobs to the Ray cluster.
[36m(yeto-rl-island-0, pid=2047)[0m 2026-09-29 06:49:07,282	INFO scripts.py:1139 -- To terminate the Ray runtime, run
[36m(yeto-rl-island-0, pid=2047)[0m 2026-09-29 06:49:07,282	INFO scripts.py:1140 -- [1m  ray stop[22m
[36m(yeto-rl-island-0, pid=2047)[0m 2026-09-29 06:49:07,282	INFO scripts.py:1143 -- To view the status of the cluster, use
[36m(yeto-rl-island-0, pid=2047)[0m 2026-09-29 06:49:07,282	INFO scripts.py:1144 --   [1mray status[22m[26m
[36m(yeto-rl-island-0, pid=2047)[0m 2026-09-29 06:49:07,282	INFO scripts.py:1148 -- To monitor and debug Ray, view the dashboard at 
[36m(yeto-rl-island-0, pid=2047)[0m 2026-09-29 06:49:07,282	INFO scripts.py:1149 --   [1m127.0.0.1:8265[22m[26m
[36m(yeto-rl-island-0, pid=2047)[0m 2026-09-29 06:49:07,282	INFO scripts.py:1156 -- [4mIf connection to the dashboard fails, check your firewall settings and network configuration.[24m
[36m(yeto-rl-island-0, pid=2047)[0m Flax classes are deprecated and will be removed in Diffusers v1.0.0. We recommend migrating to PyTorch classes or pinning your version of Diffusers.
[36m(yeto-rl-island-0, pid=2047)[0m Flax classes are deprecated and will be removed in Diffusers v1.0.0. We recommend migrating to PyTorch classes or pinning your version of Diffusers.
[36m(yeto-rl-island-0, pid=2047)[0m WARNING:megatron.bridge.models.muse_glimmer:Muse Glimmer Hugging Face classes are unavailable with transformers 5.12.1. Upgrade transformers to a version that supports Muse Glimmer.
[36m(yeto-rl-island-0, pid=2047)[0m WARNING:miles_plugins.models.qwen3_vl:megatron-bridge Qwen3VLModel lacks native CP-local vision-embed selection; CP runs with vision tokens will mis-place vision embeddings. Apply the matching Megatron-Bridge patch (radixark/Megatron-Bridge PR #9).
[36m(yeto-rl-island-0, pid=2047)[0m 
[36m(yeto-rl-island-0, pid=2047)[0m Fetching 10 files:   0%|          | 0/10 [00:00<?, ?it/s]Warning: You are sending unauthenticated requests to the HF Hub. Please set a HF_TOKEN to enable higher rate limits and faster downloads.
[36m(yeto-rl-island-0, pid=2047)[0m WARNING:huggingface_hub.utils._http:Warning: You are sending unauthenticated requests to the HF Hub. Please set a HF_TOKEN to enable higher rate limits and faster downloads.
[36m(yeto-rl-island-0, pid=2047)[0m 
[36m(yeto-rl-island-0, pid=2047)[0m Fetching 10 files:  10%|█         | 1/10 [00:00<00:01,  6.57it/s]
[36m(yeto-rl-island-0, pid=2047)[0m Fetching 10 files:  70%|███████   | 7/10 [00:00<00:00, 26.22it/s]
Fetching 10 files: 100%|██████████| 10/10 [00:09<00:00,  1.21s/it]
Fetching 10 files: 100%|██████████| 10/10 [00:09<00:00,  1.06it/s]
[36m(yeto-rl-island-0, pid=2047)[0m 
Generating train split: 0 examples [00:00, ? examples/s]
Generating train split: 7473 examples [00:00, 260393.06 examples/s]
[36m(yeto-rl-island-0, pid=2047)[0m 
Generating test split: 0 examples [00:00, ? examples/s]
Generating test split: 1319 examples [00:00, 254019.33 examples/s]
[36m(yeto-rl-island-0, pid=2047)[0m WARNING:megatron.bridge.models.conversion.auto_bridge:Loading a model with trust_remote_code=True allows arbitrary code execution from the model repository. Only use this with models you trust.
[36m(yeto-rl-island-0, pid=2047)[0m [transformers] `torch_dtype` is deprecated! Use `dtype` instead!
[36m(yeto-rl-island-0, pid=2047)[0m WARNING: Inferring the appropriate argparse argument type from <class 'megatron.core.transformer.transformer_config.TransformerConfig'> failed for pad_packed_seq_alignment: typing.Union[int, typing.Literal['max'], NoneType].
[36m(yeto-rl-island-0, pid=2047)[0m Deferring to attribute metadata. If the metadata is incomplete, 'parser.add_argument()' may fail.
[36m(yeto-rl-island-0, pid=2047)[0m Original failure: Unions not supported by argparse: typing.Union[int, typing.Literal['max'], NoneType]
[36m(yeto-rl-island-0, pid=2047)[0m [2026-09-29 06:49:56.847 main] arguments.py:49 - --tokenizer-model not set, use --hf-checkpoint as tokenizer model.
[36m(yeto-rl-island-0, pid=2047)[0m [2026-09-29 06:49:56.871 main] arguments.py:152 - MoE-expert LoRA layout: per-expert (--experts-shared-outer-loras).
[36m(yeto-rl-island-0, pid=2047)[0m [2026-09-29 06:49:56.871 main] arguments.py:3616 - Colocate mode: defaulting --sglang-cuda-graph-backend-prefill=disabled to avoid NVLS OOM. Set --sglang-cuda-graph-backend-prefill explicitly to override.
[36m(yeto-rl-island-0, pid=2047)[0m [2026-09-29 06:49:56.872 main] arguments.py:3626 - rollout_num_gpus None != actor_num_gpus_per_node 1 * actor_num_nodes 1, overriding rollout_num_gpus to match actor_num_gpus_per_node * actor_num_nodes.
[36m(yeto-rl-island-0, pid=2047)[0m [2026-09-29 06:49:56.872 main] arguments.py:3858 - args.eval_max_context_len is not set. Use args.rollout_max_context_len 1024 as default value.
[36m(yeto-rl-island-0, pid=2047)[0m [2026-09-29 06:49:56.872 main] arguments.py:3866 - args.rollout_max_prompt_len is not set. Use args.rollout_max_context_len - 1 (1024 - 1) as default value so that there is at least one generated token to compute loss.
[36m(yeto-rl-island-0, pid=2047)[0m using world size: 1, data-parallel size: 1, context-parallel size: 1, hierarchical context-parallel sizes: None, tensor-model-parallel size: 1, pipeline-model-parallel size: 1
[36m(yeto-rl-island-0, pid=2047)[0m Number of virtual stages per pipeline stage: None
[36m(yeto-rl-island-0, pid=2047)[0m using torch.bfloat16 for parameters ...
[36m(yeto-rl-island-0, pid=2047)[0m ------------------------ arguments ------------------------
[36m(yeto-rl-island-0, pid=2047)[0m   _is_global_batch_size_explicitly_specified ...... True
[36m(yeto-rl-island-0, pid=2047)[0m   account_for_embedding_in_pipeline_split ......... False
[36m(yeto-rl-island-0, pid=2047)[0m   account_for_loss_in_pipeline_split .............. False
[36m(yeto-rl-island-0, pid=2047)[0m   accumulate_allreduce_grads_in_fp32 .............. True
[36m(yeto-rl-island-0, pid=2047)[0m   activation_func_clamp_shared_expert ............. True
[36m(yeto-rl-island-0, pid=2047)[0m   activation_func_clamp_value ..................... None
[36m(yeto-rl-island-0, pid=2047)[0m   activation_offload_fraction ..................... 1.0
[36m(yeto-rl-island-0, pid=2047)[0m   actor_num_gpus_per_node ......................... 1
[36m(yeto-rl-island-0, pid=2047)[0m   actor_num_nodes ................................. 1
[36m(yeto-rl-island-0, pid=2047)[0m   adam_beta1 ...................................... 0.9
[36m(yeto-rl-island-0, pid=2047)[0m   adam_beta2 ...................................... 0.999
[36m(yeto-rl-island-0, pid=2047)[0m   adam_eps ........................................ 1e-08
[36m(yeto-rl-island-0, pid=2047)[0m   add_bias_linear ................................. False
[36m(yeto-rl-island-0, pid=2047)[0m   add_position_embedding .......................... True
[36m(yeto-rl-island-0, pid=2047)[0m   add_qkv_bias .................................... False
[36m(yeto-rl-island-0, pid=2047)[0m   adlr_autoresume ................................. False
[36m(yeto-rl-island-0, pid=2047)[0m   adlr_autoresume_interval ........................ 1000
[36m(yeto-rl-island-0, pid=2047)[0m   advantage_estimator ............................. grpo
[36m(yeto-rl-island-0, pid=2047)[0m   align_grad_reduce ............................... True
[36m(yeto-rl-island-0, pid=2047)[0m   align_param_gather .............................. False
[36m(yeto-rl-island-0, pid=2047)[0m   allgather_cp .................................... False
[36m(yeto-rl-island-0, pid=2047)[0m   allow_ambiguous_pad_tokens ...................... False
[36m(yeto-rl-island-0, pid=2047)[0m   allow_partial_train_step ........................ False
[36m(yeto-rl-island-0, pid=2047)[0m   api_server_host ................................. 127.0.0.1
[36m(yeto-rl-island-0, pid=2047)[0m   api_server_port ................................. 0
[36m(yeto-rl-island-0, pid=2047)[0m   app_tag_run_name ................................ None
[36m(yeto-rl-island-0, pid=2047)[0m   app_tag_run_version ............................. 0.0.0
[36m(yeto-rl-island-0, pid=2047)[0m   apply_chat_template ............................. True
[36m(yeto-rl-island-0, pid=2047)[0m   apply_chat_template_kwargs ...................... {'enable_thinking': False}
[36m(yeto-rl-island-0, pid=2047)[0m   apply_dsa_kernel_fusion ......................... None
[36m(yeto-rl-island-0, pid=2047)[0m   apply_query_key_layer_scaling ................... False
[36m(yeto-rl-island-0, pid=2047)[0m   apply_residual_connection_post_layernorm ........ False
[36m(yeto-rl-island-0, pid=2047)[0m   apply_rope_fusion ............................... True
[36m(yeto-rl-island-0, pid=2047)[0m   apply_wd_to_qk_layernorm ........................ False
[36m(yeto-rl-island-0, pid=2047)[0m   async_ckpt_cpu_priority ......................... 10
[36m(yeto-rl-island-0, pid=2047)[0m   async_ckpt_io_priority .......................... 3
[36m(yeto-rl-island-0, pid=2047)[0m   async_ckpt_use_cpu_shm .......................... False
[36m(yeto-rl-island-0, pid=2047)[0m   async_data_buffer_capacity_factor ............... 2.0
[36m(yeto-rl-island-0, pid=2047)[0m   async_max_concurrent_samples .................... None
[36m(yeto-rl-island-0, pid=2047)[0m   async_save ...................................... False
[36m(yeto-rl-island-0, pid=2047)[0m   async_strategy .................................. mcore
[36m(yeto-rl-island-0, pid=2047)[0m   async_unused_samples_handler .................... drop
[36m(yeto-rl-island-0, pid=2047)[0m   attention_backend ............................... AttnBackend.unfused
[36m(yeto-rl-island-0, pid=2047)[0m   attention_dropout ............................... 0.1
[36m(yeto-rl-island-0, pid=2047)[0m   attention_output_gate ........................... False
[36m(yeto-rl-island-0, pid=2047)[0m   attention_softmax_in_fp32 ....................... True
[36m(yeto-rl-island-0, pid=2047)[0m   auto_detect_ckpt_format ......................... False
[36m(yeto-rl-island-0, pid=2047)[0m   balance_by_flops ................................ False
[36m(yeto-rl-island-0, pid=2047)[0m   balance_data .................................... True
[36m(yeto-rl-island-0, pid=2047)[0m   barrier_with_L1_time ............................ True
[36m(yeto-rl-island-0, pid=2047)[0m   batch_invariant_mode ............................ False
[36m(yeto-rl-island-0, pid=2047)[0m   bert_binary_head ................................ True
[36m(yeto-rl-island-0, pid=2047)[0m   bert_embedder_type .............................. megatron
[36m(yeto-rl-island-0, pid=2047)[0m   bert_load ....................................... None
[36m(yeto-rl-island-0, pid=2047)[0m   beta_fast ....................................... 32
[36m(yeto-rl-island-0, pid=2047)[0m   beta_slow ....................................... 1
[36m(yeto-rl-island-0, pid=2047)[0m   bf16 ............................................ True
[36m(yeto-rl-island-0, pid=2047)[0m   bias_dropout_fusion ............................. True
[36m(yeto-rl-island-0, pid=2047)[0m   bias_gelu_fusion ................................ False
[36m(yeto-rl-island-0, pid=2047)[0m   bias_swiglu_fusion .............................. True
[36m(yeto-rl-island-0, pid=2047)[0m   biencoder_projection_dim ........................ 0
[36m(yeto-rl-island-0, pid=2047)[0m   biencoder_shared_query_context_model ............ False
[36m(yeto-rl-island-0, pid=2047)[0m   block_data_path ................................. None
[36m(yeto-rl-island-0, pid=2047)[0m   buffer_filter_path .............................. yeto.rl.engine.miles_adapter.rollout_meta_hook.policy_buffer_filter
[36m(yeto-rl-island-0, pid=2047)[0m   cache_mla_latents ............................... False
[36m(yeto-rl-island-0, pid=2047)[0m   calc_ft_timeouts ................................ False
[36m(yeto-rl-island-0, pid=2047)[0m   calculate_per_token_loss ........................ False
[36m(yeto-rl-island-0, pid=2047)[0m   chat_template ................................... None
[36m(yeto-rl-island-0, pid=2047)[0m   chat_template_path .............................. None
[36m(yeto-rl-island-0, pid=2047)[0m   check_for_large_grads ........................... False
[36m(yeto-rl-island-0, pid=2047)[0m   check_for_nan_in_loss_and_grad .................. True
[36m(yeto-rl-island-0, pid=2047)[0m   check_for_spiky_loss ............................ False
[36m(yeto-rl-island-0, pid=2047)[0m   check_lora_weight_equal ......................... False
[36m(yeto-rl-island-0, pid=2047)[0m   check_rematerialize_param_from_master_weight .... False
[36m(yeto-rl-island-0, pid=2047)[0m   check_weight_hash_across_dp_replicas_interval ... None
[36m(yeto-rl-island-0, pid=2047)[0m   check_weight_update_allow_quant_error ........... False
[36m(yeto-rl-island-0, pid=2047)[0m   check_weight_update_equal ....................... False
[36m(yeto-rl-island-0, pid=2047)[0m   check_weight_update_selector .................... all
[36m(yeto-rl-island-0, pid=2047)[0m   check_weight_update_skip_list ................... None
[36m(yeto-rl-island-0, pid=2047)[0m   chunked_optimizer_state_offload ................. False
[36m(yeto-rl-island-0, pid=2047)[0m   ci_check_model_hash ............................. False
[36m(yeto-rl-island-0, pid=2047)[0m   ci_disable_kl_checker ........................... False
[36m(yeto-rl-island-0, pid=2047)[0m   ci_disable_logprobs_checker ..................... False
[36m(yeto-rl-island-0, pid=2047)[0m   ci_disable_weight_update_checker ................ False
[36m(yeto-rl-island-0, pid=2047)[0m   ci_enable_metrics_capture ....................... False
[36m(yeto-rl-island-0, pid=2047)[0m   ci_ft_test_actions .............................. None
[36m(yeto-rl-island-0, pid=2047)[0m   ci_ft_test_actions_path ......................... None
[36m(yeto-rl-island-0, pid=2047)[0m   ci_inject_rollout_data_min_match_ratio .......... 0.9
[36m(yeto-rl-island-0, pid=2047)[0m   ci_inject_rollout_data_path ..................... None
[36m(yeto-rl-island-0, pid=2047)[0m   ci_inject_rollout_data_start_rollout_id ......... None
[36m(yeto-rl-island-0, pid=2047)[0m   ci_load_grad_norm ............................... None
[36m(yeto-rl-island-0, pid=2047)[0m   ci_metric_checker_expect_num .................... None
[36m(yeto-rl-island-0, pid=2047)[0m   ci_metric_checker_key ........................... None
[36m(yeto-rl-island-0, pid=2047)[0m   ci_metric_checker_threshold ..................... None
[36m(yeto-rl-island-0, pid=2047)[0m   ci_save_grad_norm ............................... None
[36m(yeto-rl-island-0, pid=2047)[0m   ci_save_model_hash .............................. False
[36m(yeto-rl-island-0, pid=2047)[0m   ci_test ......................................... False
[36m(yeto-rl-island-0, pid=2047)[0m   ci_tito_special_token_count_threshold ........... 0.0
[36m(yeto-rl-island-0, pid=2047)[0m   ckpt_assume_constant_structure .................. False
[36m(yeto-rl-island-0, pid=2047)[0m   ckpt_convert_format ............................. None
[36m(yeto-rl-island-0, pid=2047)[0m   ckpt_convert_save ............................... None
[36m(yeto-rl-island-0, pid=2047)[0m   ckpt_convert_update_legacy_dist_opt_format ...... False
[36m(yeto-rl-island-0, pid=2047)[0m   ckpt_format ..................................... torch_dist
[36m(yeto-rl-island-0, pid=2047)[0m   ckpt_fully_parallel_load ........................ False
[36m(yeto-rl-island-0, pid=2047)[0m   ckpt_fully_parallel_load_exchange_algo .......... broadcast
[36m(yeto-rl-island-0, pid=2047)[0m   ckpt_fully_parallel_load_process_group .......... dp
[36m(yeto-rl-island-0, pid=2047)[0m   ckpt_fully_parallel_save ........................ True
[36m(yeto-rl-island-0, pid=2047)[0m   ckpt_fully_parallel_save_deprecated ............. False
[36m(yeto-rl-island-0, pid=2047)[0m   ckpt_fully_parallel_save_process_group .......... dp
[36m(yeto-rl-island-0, pid=2047)[0m   ckpt_load_validate_sharding_integrity ........... True
[36m(yeto-rl-island-0, pid=2047)[0m   ckpt_step ....................................... None
[36m(yeto-rl-island-0, pid=2047)[0m   classes_fraction ................................ 1.0
[36m(yeto-rl-island-0, pid=2047)[0m   clear_quantized_weight_workspaces_on_offload .... True
[36m(yeto-rl-island-0, pid=2047)[0m   clip_grad ....................................... 1.0
[36m(yeto-rl-island-0, pid=2047)[0m   clone_scatter_output_in_embedding ............... True
[36m(yeto-rl-island-0, pid=2047)[0m   cluster_backend ................................. ray
[36m(yeto-rl-island-0, pid=2047)[0m   colocate ........................................ True
[36m(yeto-rl-island-0, pid=2047)[0m   colocate_memory_peak_device ..................... cpu
[36m(yeto-rl-island-0, pid=2047)[0m   compress_ratios ................................. None
[36m(yeto-rl-island-0, pid=2047)[0m   compute_advantages_and_returns .................. True
[36m(yeto-rl-island-0, pid=2047)[0m   config_logger_dir ............................... 
[36m(yeto-rl-island-0, pid=2047)[0m   consumed_train_samples .......................... 0
[36m(yeto-rl-island-0, pid=2047)[0m   consumed_valid_samples .......................... 0
[36m(yeto-rl-island-0, pid=2047)[0m   context_parallel_size ........................... 1
[36m(yeto-rl-island-0, pid=2047)[0m   cp_comm_type .................................... ['p2p']
[36m(yeto-rl-island-0, pid=2047)[0m   cp_partition_mode ............................... zigzag
[36m(yeto-rl-island-0, pid=2047)[0m   cpu_offloading_num_layers ....................... 0
[36m(yeto-rl-island-0, pid=2047)[0m   cpu_offloading_retain_pinned_cpu_buffers ........ False
[36m(yeto-rl-island-0, pid=2047)[0m   create_all_gather_group ......................... False
[36m(yeto-rl-island-0, pid=2047)[0m   create_attention_mask_in_dataloader ............. True
[36m(yeto-rl-island-0, pid=2047)[0m   critic_load ..................................... /root/.cache/huggingface/hub/models--Qwen--Qwen3-0.6B/snapshots/c1899de289a04d12100db370d81485cdf75e47ca
[36m(yeto-rl-island-0, pid=2047)[0m   critic_lr ....................................... 1e-05
[36m(yeto-rl-island-0, pid=2047)[0m   critic_lr_warmup_iters .......................... 0
[36m(yeto-rl-island-0, pid=2047)[0m   critic_num_gpus_per_node ........................ None
[36m(yeto-rl-island-0, pid=2047)[0m   critic_num_nodes ................................ None
[36m(yeto-rl-island-0, pid=2047)[0m   critic_save ..................................... None
[36m(yeto-rl-island-0, pid=2047)[0m   cross_entropy_fusion_impl ....................... native
[36m(yeto-rl-island-0, pid=2047)[0m   cross_entropy_loss_fusion ....................... False
[36m(yeto-rl-island-0, pid=2047)[0m   csa_compress_ratios ............................. None
[36m(yeto-rl-island-0, pid=2047)[0m   csa_compress_rotary_base ........................ 40000.0
[36m(yeto-rl-island-0, pid=2047)[0m   csa_dense_mode .................................. False
[36m(yeto-rl-island-0, pid=2047)[0m   csa_window_size ................................. 128
[36m(yeto-rl-island-0, pid=2047)[0m   cuda_graph_dynamic_microbatches ................. False
[36m(yeto-rl-island-0, pid=2047)[0m   cuda_graph_impl ................................. none
[36m(yeto-rl-island-0, pid=2047)[0m   cuda_graph_modules .............................. []
[36m(yeto-rl-island-0, pid=2047)[0m   cuda_graph_warmup_steps ......................... 3
[36m(yeto-rl-island-0, pid=2047)[0m   custom_async_data_buffer_path ................... None
[36m(yeto-rl-island-0, pid=2047)[0m   custom_config_path .............................. None
[36m(yeto-rl-island-0, pid=2047)[0m   custom_convert_samples_to_train_data_path ....... None
[36m(yeto-rl-island-0, pid=2047)[0m   custom_eval_rollout_log_function_path ........... None
[36m(yeto-rl-island-0, pid=2047)[0m   custom_generate_function_path ................... None
[36m(yeto-rl-island-0, pid=2047)[0m   custom_inference_engine_provider_path ........... miles.ray.specs.inference.backend_inference_engine_provider
[36m(yeto-rl-island-0, pid=2047)[0m   custom_loss_function_path ....................... None
[36m(yeto-rl-island-0, pid=2047)[0m   custom_megatron_before_log_prob_hook_path ....... None
[36m(yeto-rl-island-0, pid=2047)[0m   custom_megatron_before_train_step_hook_path ..... None
[36m(yeto-rl-island-0, pid=2047)[0m   custom_megatron_init_path ....................... None
[36m(yeto-rl-island-0, pid=2047)[0m   custom_megatron_post_save_hook_path ............. None
[36m(yeto-rl-island-0, pid=2047)[0m   custom_model_provider_path ...................... None
[36m(yeto-rl-island-0, pid=2047)[0m   custom_pg_loss_reducer_function_path ............ None
[36m(yeto-rl-island-0, pid=2047)[0m   custom_reward_post_process_path ................. None
[36m(yeto-rl-island-0, pid=2047)[0m   custom_rm_path .................................. gsm8k_reward.score
[36m(yeto-rl-island-0, pid=2047)[0m   custom_rollout_log_function_path ................ None
[36m(yeto-rl-island-0, pid=2047)[0m   custom_tis_function_path ........................ None
[36m(yeto-rl-island-0, pid=2047)[0m   custom_update_weight_post_write_path ............ None
[36m(yeto-rl-island-0, pid=2047)[0m   dashboard_flush_interval ........................ 5.0
[36m(yeto-rl-island-0, pid=2047)[0m   dashboard_forward_prometheus .................... False
[36m(yeto-rl-island-0, pid=2047)[0m   dashboard_gpu_sample_interval ................... 1.0
[36m(yeto-rl-island-0, pid=2047)[0m   dashboard_sglang_metrics ........................ None
[36m(yeto-rl-island-0, pid=2047)[0m   dashboard_sglang_scrape_interval ................ 2.0
[36m(yeto-rl-island-0, pid=2047)[0m   dashboard_sglang_scrape_mode .................... auto
[36m(yeto-rl-island-0, pid=2047)[0m   data_args_path .................................. None
[36m(yeto-rl-island-0, pid=2047)[0m   data_cache_path ................................. None
[36m(yeto-rl-island-0, pid=2047)[0m   data_pad_size_multiplier ........................ 128
[36m(yeto-rl-island-0, pid=2047)[0m   data_parallel_random_init ....................... False
[36m(yeto-rl-island-0, pid=2047)[0m   data_parallel_sharding_strategy ................. optim_grads_params
[36m(yeto-rl-island-0, pid=2047)[0m   data_parallel_size .............................. 1
[36m(yeto-rl-island-0, pid=2047)[0m   data_path ....................................... None
[36m(yeto-rl-island-0, pid=2047)[0m   data_per_class_fraction ......................... 1.0
[36m(yeto-rl-island-0, pid=2047)[0m   data_sharding ................................... True
[36m(yeto-rl-island-0, pid=2047)[0m   data_source_path ................................ miles.rollout.data_source.RolloutDataSourceWithBuffer
[36m(yeto-rl-island-0, pid=2047)[0m   dataloader_defer_npy_index_mmap ................. False
[36m(yeto-rl-island-0, pid=2047)[0m   dataloader_fast_cache_load ...................... False
[36m(yeto-rl-island-0, pid=2047)[0m   dataloader_inter_document_masking ............... False
[36m(yeto-rl-island-0, pid=2047)[0m   dataloader_type ................................. single
[36m(yeto-rl-island-0, pid=2047)[0m   ddp_average_in_collective ....................... False
[36m(yeto-rl-island-0, pid=2047)[0m   ddp_bucket_size ................................. None
[36m(yeto-rl-island-0, pid=2047)[0m   ddp_num_buckets ................................. None
[36m(yeto-rl-island-0, pid=2047)[0m   ddp_pad_buckets_for_high_nccl_busbw ............. False
[36m(yeto-rl-island-0, pid=2047)[0m   ddp_param_name_patterns_for_fp32_local_accumulation  []
[36m(yeto-rl-island-0, pid=2047)[0m   ddp_reduce_scatter_with_fp32_accumulation ....... False
[36m(yeto-rl-island-0, pid=2047)[0m   debug_deterministic_collective .................. False
[36m(yeto-rl-island-0, pid=2047)[0m   debug_disable_optimizer ......................... False
[36m(yeto-rl-island-0, pid=2047)[0m   debug_exit_after_rollout ........................ None
[36m(yeto-rl-island-0, pid=2047)[0m   debug_rollout_only .............................. False
[36m(yeto-rl-island-0, pid=2047)[0m   debug_skip_weight_update ........................ False
[36m(yeto-rl-island-0, pid=2047)[0m   debug_train_only ................................ False
[36m(yeto-rl-island-0, pid=2047)[0m   debug_unified_grad_fused_logprob ................ False
[36m(yeto-rl-island-0, pid=2047)[0m   decode_only_cuda_graphs ......................... False
[36m(yeto-rl-island-0, pid=2047)[0m   decoder_first_pipeline_num_layers ............... None
[36m(yeto-rl-island-0, pid=2047)[0m   decoder_last_pipeline_num_layers ................ None
[36m(yeto-rl-island-0, pid=2047)[0m   decoder_num_layers .............................. None
[36m(yeto-rl-island-0, pid=2047)[0m   decoder_seq_length .............................. None
[36m(yeto-rl-island-0, pid=2047)[0m   decoupled_lr .................................... None
[36m(yeto-rl-island-0, pid=2047)[0m   decoupled_min_lr ................................ None
[36m(yeto-rl-island-0, pid=2047)[0m   decrease_batch_size_if_needed ................... False
[36m(yeto-rl-island-0, pid=2047)[0m   defer_embedding_wgrad_compute ................... False
[36m(yeto-rl-island-0, pid=2047)[0m   delay_offload_until_cuda_graph .................. False
[36m(yeto-rl-island-0, pid=2047)[0m   delay_split_train_data_by_dp .................... False
[36m(yeto-rl-island-0, pid=2047)[0m   delay_wgrad_compute ............................. False
[36m(yeto-rl-island-0, pid=2047)[0m   delta_offload_bytes_across_pp_ranks ............. 0
[36m(yeto-rl-island-0, pid=2047)[0m   dense_grouped_gemm .............................. False
[36m(yeto-rl-island-0, pid=2047)[0m   deploy_component ................................ all
[36m(yeto-rl-island-0, pid=2047)[0m   deploy_instance_id .............................. None
[36m(yeto-rl-island-0, pid=2047)[0m   deprecated_use_mcore_models ..................... False
[36m(yeto-rl-island-0, pid=2047)[0m   deterministic_mode .............................. False
[36m(yeto-rl-island-0, pid=2047)[0m   dino_bottleneck_size ............................ 256
[36m(yeto-rl-island-0, pid=2047)[0m   dino_freeze_last_layer .......................... 1
[36m(yeto-rl-island-0, pid=2047)[0m   dino_head_hidden_size ........................... 2048
[36m(yeto-rl-island-0, pid=2047)[0m   dino_local_crops_number ......................... 10
[36m(yeto-rl-island-0, pid=2047)[0m   dino_local_img_size ............................. 96
[36m(yeto-rl-island-0, pid=2047)[0m   dino_norm_last_layer ............................ False
[36m(yeto-rl-island-0, pid=2047)[0m   dino_teacher_temp ............................... 0.07
[36m(yeto-rl-island-0, pid=2047)[0m   dino_warmup_teacher_temp ........................ 0.04
[36m(yeto-rl-island-0, pid=2047)[0m   dino_warmup_teacher_temp_epochs ................. 30
[36m(yeto-rl-island-0, pid=2047)[0m   disable_bf16_reduced_precision_matmul ........... False
[36m(yeto-rl-island-0, pid=2047)[0m   disable_grad_buffers_cpu_backup ................. True
[36m(yeto-rl-island-0, pid=2047)[0m   disable_jit_fuser ............................... False
[36m(yeto-rl-island-0, pid=2047)[0m   disable_msc_deprecated .......................... False
[36m(yeto-rl-island-0, pid=2047)[0m   disable_param_buffers_cpu_backup ................ True
[36m(yeto-rl-island-0, pid=2047)[0m   disable_rollout_trim_samples .................... False
[36m(yeto-rl-island-0, pid=2047)[0m   disable_straggler_on_startup .................... False
[36m(yeto-rl-island-0, pid=2047)[0m   disable_symmetric_registration .................. False
[36m(yeto-rl-island-0, pid=2047)[0m   dist_ckpt_format_deprecated ..................... None
[36m(yeto-rl-island-0, pid=2047)[0m   dist_ckpt_optim_fully_reshardable ............... False
[36m(yeto-rl-island-0, pid=2047)[0m   dist_ckpt_save_pre_mcore_014 .................... False
[36m(yeto-rl-island-0, pid=2047)[0m   dist_ckpt_strictness ............................ assume_ok_unexpected
[36m(yeto-rl-island-0, pid=2047)[0m   dist_ckpt_workers ............................... 1
[36m(yeto-rl-island-0, pid=2047)[0m   distrib_optim_fully_reshardable_mem_efficient ... False
[36m(yeto-rl-island-0, pid=2047)[0m   distribute_saved_activations .................... False
[36m(yeto-rl-island-0, pid=2047)[0m   distributed_backend ............................. nccl
[36m(yeto-rl-island-0, pid=2047)[0m   distributed_timeout_minutes ..................... 10
[36m(yeto-rl-island-0, pid=2047)[0m   distributed_timeout_seconds_after_init .......... None
[36m(yeto-rl-island-0, pid=2047)[0m   dsa_attention_backend ........................... tilelang
[36m(yeto-rl-island-0, pid=2047)[0m   dsa_cp_balance_indexer .......................... False
[36m(yeto-rl-island-0, pid=2047)[0m   dsa_indexer_head_dim ............................ None
[36m(yeto-rl-island-0, pid=2047)[0m   dsa_indexer_k_norm_epsilon ...................... None
[36m(yeto-rl-island-0, pid=2047)[0m   dsa_indexer_k_norm_fp32 ......................... False
[36m(yeto-rl-island-0, pid=2047)[0m   dsa_indexer_loss_coeff .......................... None
[36m(yeto-rl-island-0, pid=2047)[0m   dsa_indexer_n_heads ............................. None
[36m(yeto-rl-island-0, pid=2047)[0m   dsa_indexer_precision ........................... bf16
[36m(yeto-rl-island-0, pid=2047)[0m   dsa_indexer_rope_interleaved .................... False
[36m(yeto-rl-island-0, pid=2047)[0m   dsa_indexer_rotate_activation ................... True
[36m(yeto-rl-island-0, pid=2047)[0m   dsa_indexer_scoring_relu ........................ True
[36m(yeto-rl-island-0, pid=2047)[0m   dsa_indexer_skip_topk_offset .................... 0
[36m(yeto-rl-island-0, pid=2047)[0m   dsa_indexer_topk ................................ None
[36m(yeto-rl-island-0, pid=2047)[0m   dsa_indexer_topk_freq ........................... 1
[36m(yeto-rl-island-0, pid=2047)[0m   dsa_indexer_use_sparse_loss ..................... False
[36m(yeto-rl-island-0, pid=2047)[0m   dsa_indexer_weights_proj_output_dtype ........... bf16
[36m(yeto-rl-island-0, pid=2047)[0m   dsa_indexer_weights_proj_use_quantization ....... True
[36m(yeto-rl-island-0, pid=2047)[0m   dsa_kernel_backend .............................. None
[36m(yeto-rl-island-0, pid=2047)[0m   dsv4_impl ....................................... megatron
[36m(yeto-rl-island-0, pid=2047)[0m   dump_details .................................... None
[36m(yeto-rl-island-0, pid=2047)[0m   dump_param_to_param_group_map ................... None
[36m(yeto-rl-island-0, pid=2047)[0m   dumper_dir ...................................... /tmp/dumper
[36m(yeto-rl-island-0, pid=2047)[0m   dumper_enable ................................... False
[36m(yeto-rl-island-0, pid=2047)[0m   dumper_fwd_bwd .................................. None
[36m(yeto-rl-island-0, pid=2047)[0m   dumper_fwd_only ................................. None
[36m(yeto-rl-island-0, pid=2047)[0m   dumper_inference ................................ None
[36m(yeto-rl-island-0, pid=2047)[0m   dumper_source_patcher_config_inference .......... None
[36m(yeto-rl-island-0, pid=2047)[0m   dumper_source_patcher_config_train .............. None
[36m(yeto-rl-island-0, pid=2047)[0m   dynamic_context_parallel ........................ False
[36m(yeto-rl-island-0, pid=2047)[0m   dynamic_sampling_filter_path .................... None
[36m(yeto-rl-island-0, pid=2047)[0m   embedding_init_method_std ....................... None
[36m(yeto-rl-island-0, pid=2047)[0m   embedding_path .................................. None
[36m(yeto-rl-island-0, pid=2047)[0m   empty_unused_memory_level ....................... 0
[36m(yeto-rl-island-0, pid=2047)[0m   enable_chunked_prefill .......................... False
[36m(yeto-rl-island-0, pid=2047)[0m   enable_cuda_graph ............................... False
[36m(yeto-rl-island-0, pid=2047)[0m   enable_event_analyzer ........................... False
[36m(yeto-rl-island-0, pid=2047)[0m   enable_experimental ............................. False
[36m(yeto-rl-island-0, pid=2047)[0m   enable_ft_package ............................... False
[36m(yeto-rl-island-0, pid=2047)[0m   enable_full_sharding_in_hsdp .................... False
[36m(yeto-rl-island-0, pid=2047)[0m   enable_hyper_connections ........................ False
[36m(yeto-rl-island-0, pid=2047)[0m   enable_msc ...................................... False
[36m(yeto-rl-island-0, pid=2047)[0m   enable_mtp_training ............................. False
[36m(yeto-rl-island-0, pid=2047)[0m   enable_one_logger ............................... True
[36m(yeto-rl-island-0, pid=2047)[0m   enable_witness .................................. False
[36m(yeto-rl-island-0, pid=2047)[0m   encoder_num_layers .............................. 28
[36m(yeto-rl-island-0, pid=2047)[0m   encoder_seq_length .............................. 1024
[36m(yeto-rl-island-0, pid=2047)[0m   end_weight_decay ................................ 0.01
[36m(yeto-rl-island-0, pid=2047)[0m   entropy_coef .................................... 0.0
[36m(yeto-rl-island-0, pid=2047)[0m   entry ........................................... train
[36m(yeto-rl-island-0, pid=2047)[0m   env_report ...................................... 
[36m(yeto-rl-island-0, pid=2047)[0m   env_report_interval_seconds ..................... 3600.0
[36m(yeto-rl-island-0, pid=2047)[0m   eod_mask_loss ................................... False
[36m(yeto-rl-island-0, pid=2047)[0m   ep_overlap_early_attn_memory_release ............ False
[36m(yeto-rl-island-0, pid=2047)[0m   eps_clip ........................................ 0.2
[36m(yeto-rl-island-0, pid=2047)[0m   eps_clip_c ...................................... None
[36m(yeto-rl-island-0, pid=2047)[0m   eps_clip_high ................................... 0.2
[36m(yeto-rl-island-0, pid=2047)[0m   error_injection_rate ............................ 0
[36m(yeto-rl-island-0, pid=2047)[0m   error_injection_type ............................ transient_error
[36m(yeto-rl-island-0, pid=2047)[0m   eval_config ..................................... None
[36m(yeto-rl-island-0, pid=2047)[0m   eval_datasets ................................... []
[36m(yeto-rl-island-0, pid=2047)[0m   eval_function_path .............................. miles.rollout.inference_rollout.inference_rollout_common.InferenceRolloutFn
[36m(yeto-rl-island-0, pid=2047)[0m   eval_global_batch_size .......................... 32
[36m(yeto-rl-island-0, pid=2047)[0m   eval_hf_dir ..................................... None
[36m(yeto-rl-island-0, pid=2047)[0m   eval_input_key .................................. None
[36m(yeto-rl-island-0, pid=2047)[0m   eval_interval ................................... None
[36m(yeto-rl-island-0, pid=2047)[0m   eval_iters ...................................... 100
[36m(yeto-rl-island-0, pid=2047)[0m   eval_keep_snapshots ............................. 2
[36m(yeto-rl-island-0, pid=2047)[0m   eval_label_key .................................. None
[36m(yeto-rl-island-0, pid=2047)[0m   eval_max_context_len ............................ 1024
[36m(yeto-rl-island-0, pid=2047)[0m   eval_max_in_flight .............................. 2
[36m(yeto-rl-island-0, pid=2047)[0m   eval_max_prompt_len ............................. None
[36m(yeto-rl-island-0, pid=2047)[0m   eval_max_response_len ........................... None
[36m(yeto-rl-island-0, pid=2047)[0m   eval_micro_batch_size ........................... 1
[36m(yeto-rl-island-0, pid=2047)[0m   eval_min_new_tokens ............................. None
[36m(yeto-rl-island-0, pid=2047)[0m   eval_num_gpus ................................... 0
[36m(yeto-rl-island-0, pid=2047)[0m   eval_num_gpus_per_engine ........................ 1
[36m(yeto-rl-island-0, pid=2047)[0m   eval_overflow_policy ............................ backpressure
[36m(yeto-rl-island-0, pid=2047)[0m   eval_prompt_data ................................ None
[36m(yeto-rl-island-0, pid=2047)[0m   eval_reward_key ................................. None
[36m(yeto-rl-island-0, pid=2047)[0m   eval_temperature ................................ None
[36m(yeto-rl-island-0, pid=2047)[0m   eval_tool_key ................................... None
[36m(yeto-rl-island-0, pid=2047)[0m   eval_top_k ...................................... None
[36m(yeto-rl-island-0, pid=2047)[0m   eval_top_p ...................................... None
[36m(yeto-rl-island-0, pid=2047)[0m   eval_uses_snapshots ............................. False
[36m(yeto-rl-island-0, pid=2047)[0m   evidence_data_path .............................. None
[36m(yeto-rl-island-0, pid=2047)[0m   exclude_modules ................................. None
[36m(yeto-rl-island-0, pid=2047)[0m   exit_duration_in_mins ........................... None
[36m(yeto-rl-island-0, pid=2047)[0m   exit_interval ................................... None
[36m(yeto-rl-island-0, pid=2047)[0m   exit_on_missing_checkpoint ...................... False
[36m(yeto-rl-island-0, pid=2047)[0m   exit_signal ..................................... 15
[36m(yeto-rl-island-0, pid=2047)[0m   exit_signal_handler ............................. False
[36m(yeto-rl-island-0, pid=2047)[0m   exit_signal_handler_for_dataloader .............. False
[36m(yeto-rl-island-0, pid=2047)[0m   exit_signal_handler_for_training ................ False
[36m(yeto-rl-island-0, pid=2047)[0m   exp_avg_dtype ................................... torch.float32
[36m(yeto-rl-island-0, pid=2047)[0m   exp_avg_sq_dtype ................................ torch.float32
[36m(yeto-rl-island-0, pid=2047)[0m   experimental_attention_variant .................. None
[36m(yeto-rl-island-0, pid=2047)[0m   expert_model_parallel_size ...................... 1
[36m(yeto-rl-island-0, pid=2047)[0m   expert_tensor_parallel_size ..................... 1
[36m(yeto-rl-island-0, pid=2047)[0m   experts_shared_outer_loras ...................... False
[36m(yeto-rl-island-0, pid=2047)[0m   external_cuda_graph ............................. False
[36m(yeto-rl-island-0, pid=2047)[0m   extra_high_precision_layers_hf .................. ()
[36m(yeto-rl-island-0, pid=2047)[0m   extra_high_precision_layers_megatron ............ ()
[36m(yeto-rl-island-0, pid=2047)[0m   fake_process_group .............................. False
[36m(yeto-rl-island-0, pid=2047)[0m   fallback_to_eager_attn .......................... False
[36m(yeto-rl-island-0, pid=2047)[0m   fault_injector_delay_start_iteration ............ None
[36m(yeto-rl-island-0, pid=2047)[0m   fault_injector_fault_delay ...................... None
[36m(yeto-rl-island-0, pid=2047)[0m   fault_injector_fault_probabilities .............. None
[36m(yeto-rl-island-0, pid=2047)[0m   fault_injector_fault_types ...................... None
[36m(yeto-rl-island-0, pid=2047)[0m   fault_injector_mtti_seconds ..................... None
[36m(yeto-rl-island-0, pid=2047)[0m   fault_injector_num_ranks ........................ None
[36m(yeto-rl-island-0, pid=2047)[0m   fault_injector_offset_seconds ................... None
[36m(yeto-rl-island-0, pid=2047)[0m   fault_injector_ranks ............................ None
[36m(yeto-rl-island-0, pid=2047)[0m   fault_injector_seed ............................. None
[36m(yeto-rl-island-0, pid=2047)[0m   fetch_trajectory_retry_times .................... -1
[36m(yeto-rl-island-0, pid=2047)[0m   ffn_hidden_size ................................. 3072
[36m(yeto-rl-island-0, pid=2047)[0m   fim_data ........................................ False
[36m(yeto-rl-island-0, pid=2047)[0m   fim_eod_token ................................... <|endoftext|>
[36m(yeto-rl-island-0, pid=2047)[0m   fim_fragment_rate ............................... None
[36m(yeto-rl-island-0, pid=2047)[0m   fim_middle_token ................................ <fim_middle>
[36m(yeto-rl-island-0, pid=2047)[0m   fim_no_prefix ................................... None
[36m(yeto-rl-island-0, pid=2047)[0m   fim_pad_token ................................... <fim_pad>
[36m(yeto-rl-island-0, pid=2047)[0m   fim_prefix_token ................................ <fim_prefix>
[36m(yeto-rl-island-0, pid=2047)[0m   fim_rate ........................................ 0.5
[36m(yeto-rl-island-0, pid=2047)[0m   fim_split_sample ................................ None
[36m(yeto-rl-island-0, pid=2047)[0m   fim_spm_rate .................................... 0.5
[36m(yeto-rl-island-0, pid=2047)[0m   fim_suffix_token ................................ <fim_suffix>
[36m(yeto-rl-island-0, pid=2047)[0m   fine_grained_activation_offloading .............. False
[36m(yeto-rl-island-0, pid=2047)[0m   fine_grained_offloading_max_inflight_offloads ... None
[36m(yeto-rl-island-0, pid=2047)[0m   finetune ........................................ True
[36m(yeto-rl-island-0, pid=2047)[0m   first_last_layers_bf16 .......................... False
[36m(yeto-rl-island-0, pid=2047)[0m   flash_decode .................................... False
[36m(yeto-rl-island-0, pid=2047)[0m   flight_recorder_dump_on_timeout ................. True
[36m(yeto-rl-island-0, pid=2047)[0m   flight_recorder_dump_path ....................... None
[36m(yeto-rl-island-0, pid=2047)[0m   flight_recorder_extra_dump_on_exec .............. True
[36m(yeto-rl-island-0, pid=2047)[0m   flight_recorder_include_only_active ............. True
[36m(yeto-rl-island-0, pid=2047)[0m   flight_recorder_include_stack_trace ............. False
[36m(yeto-rl-island-0, pid=2047)[0m   flight_recorder_trace_buffer_size ............... 2000
[36m(yeto-rl-island-0, pid=2047)[0m   fp16 ............................................ False
[36m(yeto-rl-island-0, pid=2047)[0m   fp16_lm_cross_entropy ........................... False
[36m(yeto-rl-island-0, pid=2047)[0m   fp32_residual_connection ........................ False
[36m(yeto-rl-island-0, pid=2047)[0m   fp4 ............................................. None
[36m(yeto-rl-island-0, pid=2047)[0m   fp4_param_gather ................................ False
[36m(yeto-rl-island-0, pid=2047)[0m   fp4_quantizer_factory ........................... None
[36m(yeto-rl-island-0, pid=2047)[0m   fp4_recipe ...................................... nvfp4
[36m(yeto-rl-island-0, pid=2047)[0m   fp8 ............................................. None
[36m(yeto-rl-island-0, pid=2047)[0m   fp8_amax_compute_algo ........................... most_recent
[36m(yeto-rl-island-0, pid=2047)[0m   fp8_amax_history_len ............................ 1
[36m(yeto-rl-island-0, pid=2047)[0m   fp8_interval .................................... 1
[36m(yeto-rl-island-0, pid=2047)[0m   fp8_margin ...................................... 0
[36m(yeto-rl-island-0, pid=2047)[0m   fp8_output_proj ................................. False
[36m(yeto-rl-island-0, pid=2047)[0m   fp8_param_gather ................................ False
[36m(yeto-rl-island-0, pid=2047)[0m   fp8_quantizer_factory ........................... None
[36m(yeto-rl-island-0, pid=2047)[0m   fp8_recipe ...................................... delayed
[36m(yeto-rl-island-0, pid=2047)[0m   fp8_wgrad ....................................... True
[36m(yeto-rl-island-0, pid=2047)[0m   freeze_all_layers ............................... False
[36m(yeto-rl-island-0, pid=2047)[0m   freeze_e_score_correction_bias .................. False
[36m(yeto-rl-island-0, pid=2047)[0m   freeze_indexer .................................. False
[36m(yeto-rl-island-0, pid=2047)[0m   fsdp_db_use_persist_buf_on_alloc_fail ........... False
[36m(yeto-rl-island-0, pid=2047)[0m   fsdp_double_buffer .............................. False
[36m(yeto-rl-island-0, pid=2047)[0m   fsdp_manual_registration ........................ False
[36m(yeto-rl-island-0, pid=2047)[0m   ft_components ................................... []
[36m(yeto-rl-island-0, pid=2047)[0m   ft_num_warmup_iters ............................. 5
[36m(yeto-rl-island-0, pid=2047)[0m   full_validation ................................. False
[36m(yeto-rl-island-0, pid=2047)[0m   fully_async ..................................... False
[36m(yeto-rl-island-0, pid=2047)[0m   fused_residual_rmsnorm .......................... False
[36m(yeto-rl-island-0, pid=2047)[0m   gamma ........................................... 1.0
[36m(yeto-rl-island-0, pid=2047)[0m   gdn_conv_pad_alignment .......................... None
[36m(yeto-rl-island-0, pid=2047)[0m   gdn_pre_gated_delta_rule_fusion ................. False
[36m(yeto-rl-island-0, pid=2047)[0m   get_mismatch_metrics ............................ False
[36m(yeto-rl-island-0, pid=2047)[0m   global_batch_size ............................... 32
[36m(yeto-rl-island-0, pid=2047)[0m   glu_linear_offset ............................... 0.0
[36m(yeto-rl-island-0, pid=2047)[0m   gpu_sniff_test_interval ......................... None
[36m(yeto-rl-island-0, pid=2047)[0m   grad_reduce_in_bf16 ............................. False
[36m(yeto-rl-island-0, pid=2047)[0m   gradient_accumulation_fusion .................... False
[36m(yeto-rl-island-0, pid=2047)[0m   gradient_reduce_div_fusion ...................... True
[36m(yeto-rl-island-0, pid=2047)[0m   group_query_attention ........................... True
[36m(yeto-rl-island-0, pid=2047)[0m   group_rm ........................................ False
[36m(yeto-rl-island-0, pid=2047)[0m   grpo_clamp_eps_lower ............................ 0.01
[36m(yeto-rl-island-0, pid=2047)[0m   grpo_clamp_eps_upper ............................ 0.01
[36m(yeto-rl-island-0, pid=2047)[0m   grpo_entropy_term_weight ........................ 0.0
[36m(yeto-rl-island-0, pid=2047)[0m   grpo_filter_groups_with_same_reward ............. False
[36m(yeto-rl-island-0, pid=2047)[0m   grpo_group_size ................................. 2
[36m(yeto-rl-island-0, pid=2047)[0m   grpo_iterations ................................. 2
[36m(yeto-rl-island-0, pid=2047)[0m   grpo_kl_beta .................................... 0.001
[36m(yeto-rl-island-0, pid=2047)[0m   grpo_prompts_per_step ........................... 32
[36m(yeto-rl-island-0, pid=2047)[0m   grpo_std_normalization .......................... True
[36m(yeto-rl-island-0, pid=2047)[0m   head_lr_mult .................................... 1.0
[36m(yeto-rl-island-0, pid=2047)[0m   head_wise_attn_gate ............................. False
[36m(yeto-rl-island-0, pid=2047)[0m   heterogeneous_layers_config_encoded_json ........ None
[36m(yeto-rl-island-0, pid=2047)[0m   heterogeneous_layers_config_path ................ None
[36m(yeto-rl-island-0, pid=2047)[0m   hf_checkpoint ................................... /root/.cache/huggingface/hub/models--Qwen--Qwen3-0.6B/snapshots/c1899de289a04d12100db370d81485cdf75e47ca
[36m(yeto-rl-island-0, pid=2047)[0m   hf_lora_targets ................................. ['down_proj', 'gate_proj', 'k_proj', 'o_proj', 'q_proj', 'up_proj', 'v_proj']
[36m(yeto-rl-island-0, pid=2047)[0m   hidden_dropout .................................. 0.1
[36m(yeto-rl-island-0, pid=2047)[0m   hidden_size ..................................... 1024
[36m(yeto-rl-island-0, pid=2047)[0m   hierarchical_context_parallel_sizes ............. None
[36m(yeto-rl-island-0, pid=2047)[0m   high_priority_a2a_comm_stream ................... False
[36m(yeto-rl-island-0, pid=2047)[0m   high_priority_stream_groups ..................... []
[36m(yeto-rl-island-0, pid=2047)[0m   http_proxy ...................................... None
[36m(yeto-rl-island-0, pid=2047)[0m   hybrid_context_parallel ......................... False
[36m(yeto-rl-island-0, pid=2047)[0m   hybrid_layer_pattern ............................ None
[36m(yeto-rl-island-0, pid=2047)[0m   hybrid_override_pattern ......................... None
[36m(yeto-rl-island-0, pid=2047)[0m   hysteresis ...................................... 2
[36m(yeto-rl-island-0, pid=2047)[0m   ict_head_size ................................... None
[36m(yeto-rl-island-0, pid=2047)[0m   ict_load ........................................ None
[36m(yeto-rl-island-0, pid=2047)[0m   img_h ........................................... 224
[36m(yeto-rl-island-0, pid=2047)[0m   img_w ........................................... 224
[36m(yeto-rl-island-0, pid=2047)[0m   indep_dp ........................................ False
[36m(yeto-rl-island-0, pid=2047)[0m   indexer_batch_size .............................. 128
[36m(yeto-rl-island-0, pid=2047)[0m   indexer_log_interval ............................ 1000
[36m(yeto-rl-island-0, pid=2047)[0m   inference_batch_times_seqlen_threshold .......... -1
[36m(yeto-rl-island-0, pid=2047)[0m   inference_controller_addr ....................... None
[36m(yeto-rl-island-0, pid=2047)[0m   inference_coordinator_port ...................... None
[36m(yeto-rl-island-0, pid=2047)[0m   inference_cuda_graph_all_prefills ............... False
[36m(yeto-rl-island-0, pid=2047)[0m   inference_cuda_graph_scope ...................... InferenceCudaGraphScope.none
[36m(yeto-rl-island-0, pid=2047)[0m   inference_disable_ep_consensus .................. False
[36m(yeto-rl-island-0, pid=2047)[0m   inference_disable_triton_nvls_kernels ........... False
[36m(yeto-rl-island-0, pid=2047)[0m   inference_dynamic_batching ...................... False
[36m(yeto-rl-island-0, pid=2047)[0m   inference_dynamic_batching_async_sched_mode ..... legacy
[36m(yeto-rl-island-0, pid=2047)[0m   inference_dynamic_batching_block_size ........... 256
[36m(yeto-rl-island-0, pid=2047)[0m   inference_dynamic_batching_buffer_size_gb ....... 40.0
[36m(yeto-rl-island-0, pid=2047)[0m   inference_dynamic_batching_cuda_graph_max_tokens  16384
[36m(yeto-rl-island-0, pid=2047)[0m   inference_dynamic_batching_cuda_graph_mixed_prefill_count  16
[36m(yeto-rl-island-0, pid=2047)[0m   inference_dynamic_batching_cuda_graph_sizing_distribution  exponential
[36m(yeto-rl-island-0, pid=2047)[0m   inference_dynamic_batching_enable_prefix_caching  False
[36m(yeto-rl-island-0, pid=2047)[0m   inference_dynamic_batching_logprobs_mode ........ raw_logprobs
[36m(yeto-rl-island-0, pid=2047)[0m   inference_dynamic_batching_mamba_memory_ratio ... None
[36m(yeto-rl-island-0, pid=2047)[0m   inference_dynamic_batching_max_requests ......... None
[36m(yeto-rl-island-0, pid=2047)[0m   inference_dynamic_batching_max_tokens ........... None
[36m(yeto-rl-island-0, pid=2047)[0m   inference_dynamic_batching_num_cuda_graphs ...... 16
[36m(yeto-rl-island-0, pid=2047)[0m   inference_dynamic_batching_paused_buffer_size_gb  None
[36m(yeto-rl-island-0, pid=2047)[0m   inference_dynamic_batching_prefix_caching_coordinator_policy  first_prefix_block
[36m(yeto-rl-island-0, pid=2047)[0m   inference_dynamic_batching_prefix_caching_eviction_policy  ref_zero
[36m(yeto-rl-island-0, pid=2047)[0m   inference_dynamic_batching_prefix_caching_mamba_gb  None
[36m(yeto-rl-island-0, pid=2047)[0m   inference_dynamic_batching_prefix_caching_routing_alpha  0.5
[36m(yeto-rl-island-0, pid=2047)[0m   inference_dynamic_batching_sampling_backend ..... torch
[36m(yeto-rl-island-0, pid=2047)[0m   inference_dynamic_batching_track_generated_token_events  False
[36m(yeto-rl-island-0, pid=2047)[0m   inference_dynamic_batching_track_paused_request_events  False
[36m(yeto-rl-island-0, pid=2047)[0m   inference_dynamic_batching_unified_memory_level . 0
[36m(yeto-rl-island-0, pid=2047)[0m   inference_fuse_tp_communication ................. False
[36m(yeto-rl-island-0, pid=2047)[0m   inference_grouped_gemm_backend .................. vllm
[36m(yeto-rl-island-0, pid=2047)[0m   inference_logging_step_interval ................. 0
[36m(yeto-rl-island-0, pid=2047)[0m   inference_max_requests .......................... 8
[36m(yeto-rl-island-0, pid=2047)[0m   inference_max_seq_length ........................ 2560
[36m(yeto-rl-island-0, pid=2047)[0m   inference_moe_disable_fused_quant_kernels ....... False
[36m(yeto-rl-island-0, pid=2047)[0m   inference_moe_token_dispatcher_type ............. nvls
[36m(yeto-rl-island-0, pid=2047)[0m   inference_rng_tracker ........................... False
[36m(yeto-rl-island-0, pid=2047)[0m   inference_shards ................................ None
[36m(yeto-rl-island-0, pid=2047)[0m   inference_text_gen_server_logging ............... False
[36m(yeto-rl-island-0, pid=2047)[0m   inference_use_synchronous_zmq_collectives ....... False
[36m(yeto-rl-island-0, pid=2047)[0m   inference_wandb_logging ......................... False
[36m(yeto-rl-island-0, pid=2047)[0m   init_expected_num_cells ......................... None
[36m(yeto-rl-island-0, pid=2047)[0m   init_method_std ................................. 0.02
[36m(yeto-rl-island-0, pid=2047)[0m   init_method_xavier_uniform ...................... False
[36m(yeto-rl-island-0, pid=2047)[0m   init_model_with_meta_device ..................... False
[36m(yeto-rl-island-0, pid=2047)[0m   initial_loss_scale .............................. 4294967296
[36m(yeto-rl-island-0, pid=2047)[0m   inprocess_active_world_size ..................... 1
[36m(yeto-rl-island-0, pid=2047)[0m   inprocess_barrier_timeout ....................... 120
[36m(yeto-rl-island-0, pid=2047)[0m   inprocess_completion_timeout .................... 120
[36m(yeto-rl-island-0, pid=2047)[0m   inprocess_empty_cuda_cache ...................... False
[36m(yeto-rl-island-0, pid=2047)[0m   inprocess_granularity ........................... node
[36m(yeto-rl-island-0, pid=2047)[0m   inprocess_hard_timeout .......................... 90
[36m(yeto-rl-island-0, pid=2047)[0m   inprocess_heartbeat_interval .................... 30
[36m(yeto-rl-island-0, pid=2047)[0m   inprocess_heartbeat_timeout ..................... 60
[36m(yeto-rl-island-0, pid=2047)[0m   inprocess_last_call_wait ........................ 1
[36m(yeto-rl-island-0, pid=2047)[0m   inprocess_max_iterations ........................ None
[36m(yeto-rl-island-0, pid=2047)[0m   inprocess_monitor_process_interval .............. 1.0
[36m(yeto-rl-island-0, pid=2047)[0m   inprocess_monitor_thread_interval ............... 1.0
[36m(yeto-rl-island-0, pid=2047)[0m   inprocess_progress_watchdog_interval ............ 1.0
[36m(yeto-rl-island-0, pid=2047)[0m   inprocess_restart ............................... False
[36m(yeto-rl-island-0, pid=2047)[0m   inprocess_soft_timeout .......................... 60
[36m(yeto-rl-island-0, pid=2047)[0m   inprocess_termination_grace_time ................ 1
[36m(yeto-rl-island-0, pid=2047)[0m   input_key ....................................... messages
[36m(yeto-rl-island-0, pid=2047)[0m   is_hybrid_model ................................. False
[36m(yeto-rl-island-0, pid=2047)[0m   iter_per_epoch .................................. 1250
[36m(yeto-rl-island-0, pid=2047)[0m   iterations_to_skip .............................. []
[36m(yeto-rl-island-0, pid=2047)[0m   keep_fp8_transpose_cache ........................ False
[36m(yeto-rl-island-0, pid=2047)[0m   keep_old_actor .................................. False
[36m(yeto-rl-island-0, pid=2047)[0m   kitchen_attention_backend ....................... sdpa
[36m(yeto-rl-island-0, pid=2047)[0m   kl_coef ......................................... 0.0
[36m(yeto-rl-island-0, pid=2047)[0m   kl_loss_coef .................................... 0.0
[36m(yeto-rl-island-0, pid=2047)[0m   kl_loss_type .................................... k1
[36m(yeto-rl-island-0, pid=2047)[0m   kv_channels ..................................... 128
[36m(yeto-rl-island-0, pid=2047)[0m   kv_lora_rank .................................... 32
[36m(yeto-rl-island-0, pid=2047)[0m   label_key ....................................... label
[36m(yeto-rl-island-0, pid=2047)[0m   lambd ........................................... 1.0
[36m(yeto-rl-island-0, pid=2047)[0m   langrl_env_config ............................... None
[36m(yeto-rl-island-0, pid=2047)[0m   layernorm_epsilon ............................... 1e-06
[36m(yeto-rl-island-0, pid=2047)[0m   layernorm_zero_centered_gamma ................... False
[36m(yeto-rl-island-0, pid=2047)[0m   lazy_mpu_init ................................... False
[36m(yeto-rl-island-0, pid=2047)[0m   linear_attention_backend ........................ fla
[36m(yeto-rl-island-0, pid=2047)[0m   linear_attention_freq ........................... None
[36m(yeto-rl-island-0, pid=2047)[0m   linear_attention_type ........................... None
[36m(yeto-rl-island-0, pid=2047)[0m   linear_conv_kernel_dim .......................... 4
[36m(yeto-rl-island-0, pid=2047)[0m   linear_cp_mode .................................. chunkwise
[36m(yeto-rl-island-0, pid=2047)[0m   linear_key_head_dim ............................. 128
[36m(yeto-rl-island-0, pid=2047)[0m   linear_num_key_heads ............................ 16
[36m(yeto-rl-island-0, pid=2047)[0m   linear_num_value_heads .......................... 32
[36m(yeto-rl-island-0, pid=2047)[0m   linear_value_head_dim ........................... 128
[36m(yeto-rl-island-0, pid=2047)[0m   lion_beta1 ...................................... 0.95
[36m(yeto-rl-island-0, pid=2047)[0m   lion_beta2 ...................................... 0.98
[36m(yeto-rl-island-0, pid=2047)[0m   load ............................................ /root/.cache/huggingface/hub/models--Qwen--Qwen3-0.6B/snapshots/c1899de289a04d12100db370d81485cdf75e47ca
[36m(yeto-rl-island-0, pid=2047)[0m   load_debug_rollout_data ......................... None
[36m(yeto-rl-island-0, pid=2047)[0m   load_debug_rollout_data_subsample ............... None
[36m(yeto-rl-island-0, pid=2047)[0m   load_main_params_from_ckpt ...................... False
[36m(yeto-rl-island-0, pid=2047)[0m   local_rank ...................................... 0
[36m(yeto-rl-island-0, pid=2047)[0m   log_correct_samples ............................. False
[36m(yeto-rl-island-0, pid=2047)[0m   log_device_memory_used .......................... False
[36m(yeto-rl-island-0, pid=2047)[0m   log_energy ...................................... False
[36m(yeto-rl-island-0, pid=2047)[0m   log_interval .................................... 100
[36m(yeto-rl-island-0, pid=2047)[0m   log_loss_scale_to_tensorboard ................... True
[36m(yeto-rl-island-0, pid=2047)[0m   log_max_attention_logit ......................... False
[36m(yeto-rl-island-0, pid=2047)[0m   log_memory_interval ............................. None
[36m(yeto-rl-island-0, pid=2047)[0m   log_memory_to_tensorboard ....................... False
[36m(yeto-rl-island-0, pid=2047)[0m   log_moe_overload_factor ......................... False
[36m(yeto-rl-island-0, pid=2047)[0m   log_multi_turn .................................. False
[36m(yeto-rl-island-0, pid=2047)[0m   log_num_zeros_in_grad ........................... False
[36m(yeto-rl-island-0, pid=2047)[0m   log_params_norm ................................. False
[36m(yeto-rl-island-0, pid=2047)[0m   log_passrate .................................... False
[36m(yeto-rl-island-0, pid=2047)[0m   log_probs_chunk_size ............................ -1
[36m(yeto-rl-island-0, pid=2047)[0m   log_probs_max_tokens_per_gpu .................... None
[36m(yeto-rl-island-0, pid=2047)[0m   log_progress .................................... False
[36m(yeto-rl-island-0, pid=2047)[0m   log_reward_category ............................. None
[36m(yeto-rl-island-0, pid=2047)[0m   log_straggler ................................... False
[36m(yeto-rl-island-0, pid=2047)[0m   log_throughput .................................. False
[36m(yeto-rl-island-0, pid=2047)[0m   log_timers_to_tensorboard ....................... False
[36m(yeto-rl-island-0, pid=2047)[0m   log_validation_ppl_to_tensorboard ............... False
[36m(yeto-rl-island-0, pid=2047)[0m   log_world_size_to_tensorboard ................... False
[36m(yeto-rl-island-0, pid=2047)[0m   logging_level ................................... None
[36m(yeto-rl-island-0, pid=2047)[0m   logits_load_decode_threads ...................... 4
[36m(yeto-rl-island-0, pid=2047)[0m   logits_load_dir ................................. None
[36m(yeto-rl-island-0, pid=2047)[0m   logits_load_ignore_errors ....................... False
[36m(yeto-rl-island-0, pid=2047)[0m   logits_load_kd_loss_alpha ....................... 1.0
[36m(yeto-rl-island-0, pid=2047)[0m   logits_load_msc_prefetch_depth .................. 2
[36m(yeto-rl-island-0, pid=2047)[0m   logits_load_prefetch_factor ..................... 3
[36m(yeto-rl-island-0, pid=2047)[0m   logits_save_dir ................................. None
[36m(yeto-rl-island-0, pid=2047)[0m   logits_save_dtype ............................... fp16
[36m(yeto-rl-island-0, pid=2047)[0m   logits_save_top_k ............................... None
[36m(yeto-rl-island-0, pid=2047)[0m   logits_save_top_p ............................... None
[36m(yeto-rl-island-0, pid=2047)[0m   logits_save_top_p_min_k ......................... 1
[36m(yeto-rl-island-0, pid=2047)[0m   lora_adapter_path ............................... None
[36m(yeto-rl-island-0, pid=2047)[0m   lora_adapter_targets ............................ ['down_proj', 'gate_proj', 'k_proj', 'o_proj', 'q_proj', 'up_proj', 'v_proj']
[36m(yeto-rl-island-0, pid=2047)[0m   lora_alpha ...................................... 16
[36m(yeto-rl-island-0, pid=2047)[0m   lora_base_cpu_backup ............................ True
[36m(yeto-rl-island-0, pid=2047)[0m   lora_dropout .................................... 0.0
[36m(yeto-rl-island-0, pid=2047)[0m   lora_rank ....................................... 16
[36m(yeto-rl-island-0, pid=2047)[0m   lora_sync_from_tensor ........................... False
[36m(yeto-rl-island-0, pid=2047)[0m   lora_train_only ................................. False
[36m(yeto-rl-island-0, pid=2047)[0m   lora_type ....................................... canonical_lora
[36m(yeto-rl-island-0, pid=2047)[0m   loss_mask_type .................................. qwen
[36m(yeto-rl-island-0, pid=2047)[0m   loss_scale ...................................... None
[36m(yeto-rl-island-0, pid=2047)[0m   loss_scale_window ............................... 1000
[36m(yeto-rl-island-0, pid=2047)[0m   loss_type ....................................... policy_loss
[36m(yeto-rl-island-0, pid=2047)[0m   low_memory_resume ............................... False
[36m(yeto-rl-island-0, pid=2047)[0m   lr .............................................. 1e-05
[36m(yeto-rl-island-0, pid=2047)[0m   lr_decay_iters .................................. None
[36m(yeto-rl-island-0, pid=2047)[0m   lr_decay_samples ................................ None
[36m(yeto-rl-island-0, pid=2047)[0m   lr_decay_style .................................. linear
[36m(yeto-rl-island-0, pid=2047)[0m   lr_warmup_fraction .............................. None
[36m(yeto-rl-island-0, pid=2047)[0m   lr_warmup_init .................................. 0.0
[36m(yeto-rl-island-0, pid=2047)[0m   lr_warmup_iters ................................. 0
[36m(yeto-rl-island-0, pid=2047)[0m   lr_warmup_samples ............................... 0
[36m(yeto-rl-island-0, pid=2047)[0m   lr_wsd_decay_iters .............................. None
[36m(yeto-rl-island-0, pid=2047)[0m   lr_wsd_decay_samples ............................ None
[36m(yeto-rl-island-0, pid=2047)[0m   lr_wsd_decay_style .............................. exponential
[36m(yeto-rl-island-0, pid=2047)[0m   main_grads_dtype ................................ torch.float32
[36m(yeto-rl-island-0, pid=2047)[0m   main_params_dtype ............................... torch.float32
[36m(yeto-rl-island-0, pid=2047)[0m   make_vocab_size_divisible_by .................... 128
[36m(yeto-rl-island-0, pid=2047)[0m   mamba_head_dim .................................. 64
[36m(yeto-rl-island-0, pid=2047)[0m   mamba_inference_conv_states_dtype ............... torch.bfloat16
[36m(yeto-rl-island-0, pid=2047)[0m   mamba_inference_ssm_states_dtype ................ torch.bfloat16
[36m(yeto-rl-island-0, pid=2047)[0m   mamba_num_groups ................................ 8
[36m(yeto-rl-island-0, pid=2047)[0m   mamba_num_heads ................................. None
[36m(yeto-rl-island-0, pid=2047)[0m   mamba_state_dim ................................. 128
[36m(yeto-rl-island-0, pid=2047)[0m   mamba_training_ssm_states_dtype ................. None
[36m(yeto-rl-island-0, pid=2047)[0m   manual_gc ....................................... False
[36m(yeto-rl-island-0, pid=2047)[0m   manual_gc_eval .................................. True
[36m(yeto-rl-island-0, pid=2047)[0m   manual_gc_interval .............................. 0
[36m(yeto-rl-island-0, pid=2047)[0m   mask_factor ..................................... 1.0
[36m(yeto-rl-island-0, pid=2047)[0m   mask_offpolicy_in_partial_rollout ............... False
[36m(yeto-rl-island-0, pid=2047)[0m   mask_prob ....................................... 0.15
[36m(yeto-rl-island-0, pid=2047)[0m   mask_type ....................................... random
[36m(yeto-rl-island-0, pid=2047)[0m   masked_softmax_fusion ........................... True
[36m(yeto-rl-island-0, pid=2047)[0m   max_position_embeddings ......................... 1024
[36m(yeto-rl-island-0, pid=2047)[0m   max_seqlen_per_dp_cp_rank ....................... None
[36m(yeto-rl-island-0, pid=2047)[0m   max_tokens_per_gpu .............................. None
[36m(yeto-rl-island-0, pid=2047)[0m   max_tokens_to_oom ............................... 12000
[36m(yeto-rl-island-0, pid=2047)[0m   max_weight_staleness ............................ None
[36m(yeto-rl-island-0, pid=2047)[0m   megatron_config ................................. None
[36m(yeto-rl-island-0, pid=2047)[0m   megatron_fsdp_cache_param_bucket_views .......... False
[36m(yeto-rl-island-0, pid=2047)[0m   megatron_fsdp_enable_fine_grained_param_gather .. False
[36m(yeto-rl-island-0, pid=2047)[0m   megatron_fsdp_grad_comm_dtype ................... None
[36m(yeto-rl-island-0, pid=2047)[0m   megatron_fsdp_main_grads_dtype .................. None
[36m(yeto-rl-island-0, pid=2047)[0m   megatron_fsdp_main_params_dtype ................. torch.float32
[36m(yeto-rl-island-0, pid=2047)[0m   megatron_fsdp_max_pool_double_buffer ............ False
[36m(yeto-rl-island-0, pid=2047)[0m   megatron_fsdp_prefetch_recompute_forward_weights  False
[36m(yeto-rl-island-0, pid=2047)[0m   megatron_to_hf_mode ............................. bridge
[36m(yeto-rl-island-0, pid=2047)[0m   memory_recorder ................................. torch
[36m(yeto-rl-island-0, pid=2047)[0m   memory_snapshot_dir ............................. .
[36m(yeto-rl-island-0, pid=2047)[0m   memory_snapshot_num_steps ....................... None
[36m(yeto-rl-island-0, pid=2047)[0m   memory_snapshot_path ............................ snapshot.pickle
[36m(yeto-rl-island-0, pid=2047)[0m   merge_file ...................................... None
[36m(yeto-rl-island-0, pid=2047)[0m   metadata_key .................................... metadata
[36m(yeto-rl-island-0, pid=2047)[0m   metadata_path ................................... None
[36m(yeto-rl-island-0, pid=2047)[0m   mfu_peak_tflops ................................. None
[36m(yeto-rl-island-0, pid=2047)[0m   mhc_init_gating_factor .......................... 0.01
[36m(yeto-rl-island-0, pid=2047)[0m   mhc_recompute_layer_num ......................... None
[36m(yeto-rl-island-0, pid=2047)[0m   mhc_sinkhorn_iterations ......................... 20
[36m(yeto-rl-island-0, pid=2047)[0m   micro_batch_size ................................ 1
[36m(yeto-rl-island-0, pid=2047)[0m   microbatch_group_size_per_vp_stage .............. None
[36m(yeto-rl-island-0, pid=2047)[0m   mid_level_dataset_surplus ....................... 0.005
[36m(yeto-rl-island-0, pid=2047)[0m   miles_dsa_topk_backend .......................... torch
[36m(yeto-rl-island-0, pid=2047)[0m   miles_router_health_check_failure_threshold ..... 3
[36m(yeto-rl-island-0, pid=2047)[0m   miles_router_max_connections .................... None
[36m(yeto-rl-island-0, pid=2047)[0m   miles_router_timeout ............................ None
[36m(yeto-rl-island-0, pid=2047)[0m   min_batch_collection_ratio ...................... 1
[36m(yeto-rl-island-0, pid=2047)[0m   min_dynamic_context_parallel_size ............... 1
[36m(yeto-rl-island-0, pid=2047)[0m   min_loss_scale .................................. 1.0
[36m(yeto-rl-island-0, pid=2047)[0m   min_lr .......................................... 0.0
[36m(yeto-rl-island-0, pid=2047)[0m   min_offloaded_tensor_size ....................... 1048576
[36m(yeto-rl-island-0, pid=2047)[0m   mini_ft_controller_enable ....................... False
[36m(yeto-rl-island-0, pid=2047)[0m   mini_ft_controller_poll_interval ................ 10.0
[36m(yeto-rl-island-0, pid=2047)[0m   mini_ft_controller_resume_delay ................. 10.0
[36m(yeto-rl-island-0, pid=2047)[0m   mla_down_proj_fusion ............................ False
[36m(yeto-rl-island-0, pid=2047)[0m   mlflow_experiment_name .......................... miles
[36m(yeto-rl-island-0, pid=2047)[0m   mlflow_run_id ................................... None
[36m(yeto-rl-island-0, pid=2047)[0m   mlflow_run_name ................................. None
[36m(yeto-rl-island-0, pid=2047)[0m   mlflow_tracking_uri ............................. None
[36m(yeto-rl-island-0, pid=2047)[0m   mlp_chunks_for_prefill .......................... 1
[36m(yeto-rl-island-0, pid=2047)[0m   mlp_chunks_for_training ......................... 1
[36m(yeto-rl-island-0, pid=2047)[0m   mmap_bin_files .................................. True
[36m(yeto-rl-island-0, pid=2047)[0m   mock_data ....................................... False
[36m(yeto-rl-island-0, pid=2047)[0m   model_name ...................................... GPTModelProvider
[36m(yeto-rl-island-0, pid=2047)[0m   moe_activation_in_fp32 .......................... False
[36m(yeto-rl-island-0, pid=2047)[0m   moe_apply_probs_on_input ........................ False
[36m(yeto-rl-island-0, pid=2047)[0m   moe_aux_loss_coeff .............................. 0.0
[36m(yeto-rl-island-0, pid=2047)[0m   moe_combine_in_fp32 ............................. False
[36m(yeto-rl-island-0, pid=2047)[0m   moe_deepep_num_sms .............................. None
[36m(yeto-rl-island-0, pid=2047)[0m   moe_enable_deepep ............................... False
[36m(yeto-rl-island-0, pid=2047)[0m   moe_enable_routing_replay ....................... False
[36m(yeto-rl-island-0, pid=2047)[0m   moe_expert_capacity_factor ...................... None
[36m(yeto-rl-island-0, pid=2047)[0m   moe_expert_rank_capacity_factor ................. None
[36m(yeto-rl-island-0, pid=2047)[0m   moe_ffn_hidden_size ............................. None
[36m(yeto-rl-island-0, pid=2047)[0m   moe_flex_dispatcher_backend ..................... deepep
[36m(yeto-rl-island-0, pid=2047)[0m   moe_flex_dispatcher_num_sms ..................... None
[36m(yeto-rl-island-0, pid=2047)[0m   moe_grouped_gemm ................................ False
[36m(yeto-rl-island-0, pid=2047)[0m   moe_hybridep_num_blocks_permute ................. None
[36m(yeto-rl-island-0, pid=2047)[0m   moe_hybridep_num_blocks_unpermute ............... None
[36m(yeto-rl-island-0, pid=2047)[0m   moe_hybridep_num_sms ............................ None
[36m(yeto-rl-island-0, pid=2047)[0m   moe_hybridep_num_sms_preprocessing .............. 108
[36m(yeto-rl-island-0, pid=2047)[0m   moe_hybridep_pad_variable_tokens ................ False
[36m(yeto-rl-island-0, pid=2047)[0m   moe_input_jitter_eps ............................ None
[36m(yeto-rl-island-0, pid=2047)[0m   moe_latent_size ................................. None
[36m(yeto-rl-island-0, pid=2047)[0m   moe_latent_use_norm ............................. False
[36m(yeto-rl-island-0, pid=2047)[0m   moe_layer_freq .................................. 1
[36m(yeto-rl-island-0, pid=2047)[0m   moe_layer_recompute ............................. False
[36m(yeto-rl-island-0, pid=2047)[0m   moe_mlp_glu_interleave_size ..................... None
[36m(yeto-rl-island-0, pid=2047)[0m   moe_n_hash_layers ............................... 0
[36m(yeto-rl-island-0, pid=2047)[0m   moe_ncclep_static_shape ......................... False
[36m(yeto-rl-island-0, pid=2047)[0m   moe_ncclep_use_symm_mem ......................... False
[36m(yeto-rl-island-0, pid=2047)[0m   moe_pad_expert_input_to_capacity ................ False
[36m(yeto-rl-island-0, pid=2047)[0m   moe_pad_experts_for_cuda_graph_inference ........ False
[36m(yeto-rl-island-0, pid=2047)[0m   moe_paged_stash ................................. False
[36m(yeto-rl-island-0, pid=2047)[0m   moe_paged_stash_buffer_size_factor_cpu .......... 0.0
[36m(yeto-rl-island-0, pid=2047)[0m   moe_paged_stash_buffer_size_factor_cuda ......... 1.1
[36m(yeto-rl-island-0, pid=2047)[0m   moe_paged_stash_page_size ....................... 64
[36m(yeto-rl-island-0, pid=2047)[0m   moe_per_layer_logging ........................... False
[36m(yeto-rl-island-0, pid=2047)[0m   moe_permute_fusion .............................. False
[36m(yeto-rl-island-0, pid=2047)[0m   moe_permute_fusion_into_hybridep ................ False
[36m(yeto-rl-island-0, pid=2047)[0m   moe_router_bias_update_rate ..................... 0.001
[36m(yeto-rl-island-0, pid=2047)[0m   moe_router_dtype ................................ None
[36m(yeto-rl-island-0, pid=2047)[0m   moe_router_enable_expert_bias ................... False
[36m(yeto-rl-island-0, pid=2047)[0m   moe_router_force_biased ......................... None
[36m(yeto-rl-island-0, pid=2047)[0m   moe_router_force_load_balancing ................. False
[36m(yeto-rl-island-0, pid=2047)[0m   moe_router_freeze_gate .......................... False
[36m(yeto-rl-island-0, pid=2047)[0m   moe_router_fusion ............................... False
[36m(yeto-rl-island-0, pid=2047)[0m   moe_router_group_topk ........................... None
[36m(yeto-rl-island-0, pid=2047)[0m   moe_router_load_balancing_type .................. aux_loss
[36m(yeto-rl-island-0, pid=2047)[0m   moe_router_num_groups ........................... None
[36m(yeto-rl-island-0, pid=2047)[0m   moe_router_padding_for_fp8 ...................... False
[36m(yeto-rl-island-0, pid=2047)[0m   moe_router_padding_for_quantization ............. False
[36m(yeto-rl-island-0, pid=2047)[0m   moe_router_pre_softmax .......................... False
[36m(yeto-rl-island-0, pid=2047)[0m   moe_router_score_function ....................... softmax
[36m(yeto-rl-island-0, pid=2047)[0m   moe_router_topk ................................. 2
[36m(yeto-rl-island-0, pid=2047)[0m   moe_router_topk_scaling_factor .................. None
[36m(yeto-rl-island-0, pid=2047)[0m   moe_router_use_torch_mm ......................... True
[36m(yeto-rl-island-0, pid=2047)[0m   moe_routing_trace_capture_hidden_states ......... False
[36m(yeto-rl-island-0, pid=2047)[0m   moe_routing_trace_capture_logits ................ False
[36m(yeto-rl-island-0, pid=2047)[0m   moe_routing_trace_dump_weights .................. False
[36m(yeto-rl-island-0, pid=2047)[0m   moe_routing_trace_max_training_iters ............ None
[36m(yeto-rl-island-0, pid=2047)[0m   moe_routing_trace_path .......................... None
[36m(yeto-rl-island-0, pid=2047)[0m   moe_shared_expert_gate .......................... False
[36m(yeto-rl-island-0, pid=2047)[0m   moe_shared_expert_glu_interleave_size ........... None
[36m(yeto-rl-island-0, pid=2047)[0m   moe_shared_expert_intermediate_size ............. None
[36m(yeto-rl-island-0, pid=2047)[0m   moe_shared_expert_overlap ....................... False
[36m(yeto-rl-island-0, pid=2047)[0m   moe_single_grouped_bias ......................... False
[36m(yeto-rl-island-0, pid=2047)[0m   moe_single_grouped_weight ....................... False
[36m(yeto-rl-island-0, pid=2047)[0m   moe_token_dispatcher_type ....................... allgather
[36m(yeto-rl-island-0, pid=2047)[0m   moe_token_drop_policy ........................... probs
[36m(yeto-rl-island-0, pid=2047)[0m   moe_upcycling_granularity ....................... 1
[36m(yeto-rl-island-0, pid=2047)[0m   moe_use_upcycling ............................... False
[36m(yeto-rl-island-0, pid=2047)[0m   moe_z_loss_coeff ................................ None
[36m(yeto-rl-island-0, pid=2047)[0m   mooncake_replica_num ............................ 1
[36m(yeto-rl-island-0, pid=2047)[0m   mooncake_store_init_kwargs ...................... None
[36m(yeto-rl-island-0, pid=2047)[0m   mrope_interleaved ............................... False
[36m(yeto-rl-island-0, pid=2047)[0m   mrope_section ................................... None
[36m(yeto-rl-island-0, pid=2047)[0m   mscale .......................................... 1.0
[36m(yeto-rl-island-0, pid=2047)[0m   mscale_all_dim .................................. 0.0
[36m(yeto-rl-island-0, pid=2047)[0m   mtp_detach_heads ................................ False
[36m(yeto-rl-island-0, pid=2047)[0m   mtp_hybrid_override_pattern ..................... None
[36m(yeto-rl-island-0, pid=2047)[0m   mtp_loss_scaling_factor ......................... 0.2
[36m(yeto-rl-island-0, pid=2047)[0m   mtp_num_layers .................................. None
[36m(yeto-rl-island-0, pid=2047)[0m   mtp_standalone .................................. False
[36m(yeto-rl-island-0, pid=2047)[0m   mtp_use_repeated_layer .......................... False
[36m(yeto-rl-island-0, pid=2047)[0m   multi_latent_attention .......................... False
[36m(yeto-rl-island-0, pid=2047)[0m   multi_lora ...................................... False
[36m(yeto-rl-island-0, pid=2047)[0m   multi_lora_n_adapters ........................... 0
[36m(yeto-rl-island-0, pid=2047)[0m   multimodal_keys ................................. None
[36m(yeto-rl-island-0, pid=2047)[0m   multiple_validation_sets ........................ False
[36m(yeto-rl-island-0, pid=2047)[0m   muon_coefficient_type ........................... quintic
[36m(yeto-rl-island-0, pid=2047)[0m   muon_extra_scale_factor ......................... 1.0
[36m(yeto-rl-island-0, pid=2047)[0m   muon_fp32_matmul_prec ........................... medium
[36m(yeto-rl-island-0, pid=2047)[0m   muon_momentum ................................... 0.9
[36m(yeto-rl-island-0, pid=2047)[0m   muon_nesterov ................................... False
[36m(yeto-rl-island-0, pid=2047)[0m   muon_num_ns_steps ............................... 5
[36m(yeto-rl-island-0, pid=2047)[0m   muon_scalar_optimizer ........................... adam
[36m(yeto-rl-island-0, pid=2047)[0m   muon_scale_mode ................................. spectral
[36m(yeto-rl-island-0, pid=2047)[0m   muon_split_qkv .................................. True
[36m(yeto-rl-island-0, pid=2047)[0m   muon_tp_mode .................................... blockwise
[36m(yeto-rl-island-0, pid=2047)[0m   mup_attn_scale_power ............................ 1.0
[36m(yeto-rl-island-0, pid=2047)[0m   mup_base_head_dim ............................... None
[36m(yeto-rl-island-0, pid=2047)[0m   mup_base_hidden_size ............................ None
[36m(yeto-rl-island-0, pid=2047)[0m   mup_embedding_mult .............................. 1.0
[36m(yeto-rl-island-0, pid=2047)[0m   mup_output_mult ................................. 1.0
[36m(yeto-rl-island-0, pid=2047)[0m   mup_width_mult .................................. 1.0
[36m(yeto-rl-island-0, pid=2047)[0m   n_samples_per_eval_prompt ....................... 1
[36m(yeto-rl-island-0, pid=2047)[0m   n_samples_per_prompt ............................ 8
[36m(yeto-rl-island-0, pid=2047)[0m   nccl_all_reduce_for_prefill ..................... False
[36m(yeto-rl-island-0, pid=2047)[0m   nccl_communicator_config_path ................... None
[36m(yeto-rl-island-0, pid=2047)[0m   nccl_ub ......................................... False
[36m(yeto-rl-island-0, pid=2047)[0m   no_load_optim ................................... True
[36m(yeto-rl-island-0, pid=2047)[0m   no_load_rng ..................................... True
[36m(yeto-rl-island-0, pid=2047)[0m   no_persist_layer_norm ........................... False
[36m(yeto-rl-island-0, pid=2047)[0m   no_rope_freq .................................... None
[36m(yeto-rl-island-0, pid=2047)[0m   no_save_optim ................................... True
[36m(yeto-rl-island-0, pid=2047)[0m   no_save_rng ..................................... True
[36m(yeto-rl-island-0, pid=2047)[0m   no_weight_decay_cond_type ....................... None
[36m(yeto-rl-island-0, pid=2047)[0m   non_persistent_ckpt_type ........................ None
[36m(yeto-rl-island-0, pid=2047)[0m   non_persistent_global_ckpt_dir .................. None
[36m(yeto-rl-island-0, pid=2047)[0m   non_persistent_local_ckpt_algo .................. fully_parallel
[36m(yeto-rl-island-0, pid=2047)[0m   non_persistent_local_ckpt_dir ................... None
[36m(yeto-rl-island-0, pid=2047)[0m   non_persistent_save_interval .................... None
[36m(yeto-rl-island-0, pid=2047)[0m   normalization ................................... RMSNorm
[36m(yeto-rl-island-0, pid=2047)[0m   normalize_advantages ............................ False
[36m(yeto-rl-island-0, pid=2047)[0m   null_tokenizer_eod_id ........................... None
[36m(yeto-rl-island-0, pid=2047)[0m   null_tokenizer_pad_id ........................... -1
[36m(yeto-rl-island-0, pid=2047)[0m   num_attention_heads ............................. 16
[36m(yeto-rl-island-0, pid=2047)[0m   num_channels .................................... 3
[36m(yeto-rl-island-0, pid=2047)[0m   num_classes ..................................... 1000
[36m(yeto-rl-island-0, pid=2047)[0m   num_critic_only_steps ........................... 0
[36m(yeto-rl-island-0, pid=2047)[0m   num_dataset_builder_threads ..................... 1
[36m(yeto-rl-island-0, pid=2047)[0m   num_distributed_optimizer_instances ............. 1
[36m(yeto-rl-island-0, pid=2047)[0m   num_epoch ....................................... None
[36m(yeto-rl-island-0, pid=2047)[0m   num_experts ..................................... None
[36m(yeto-rl-island-0, pid=2047)[0m   num_gpus_per_node ............................... 1
[36m(yeto-rl-island-0, pid=2047)[0m   num_layers ...................................... 28
[36m(yeto-rl-island-0, pid=2047)[0m   num_layers_at_end_in_bf16 ....................... 1
[36m(yeto-rl-island-0, pid=2047)[0m   num_layers_at_start_in_bf16 ..................... 1
[36m(yeto-rl-island-0, pid=2047)[0m   num_layers_per_virtual_pipeline_stage ........... None
[36m(yeto-rl-island-0, pid=2047)[0m   num_query_groups ................................ 8
[36m(yeto-rl-island-0, pid=2047)[0m   num_residual_streams ............................ 4
[36m(yeto-rl-island-0, pid=2047)[0m   num_rollout ..................................... 4
[36m(yeto-rl-island-0, pid=2047)[0m   num_speculative_tokens .......................... 0
[36m(yeto-rl-island-0, pid=2047)[0m   num_steps_per_rollout ........................... 1
[36m(yeto-rl-island-0, pid=2047)[0m   num_virtual_stages_per_pipeline_rank ............ None
[36m(yeto-rl-island-0, pid=2047)[0m   num_workers ..................................... 2
[36m(yeto-rl-island-0, pid=2047)[0m   nvtx_ranges ..................................... False
[36m(yeto-rl-island-0, pid=2047)[0m   o_groups ........................................ 8
[36m(yeto-rl-island-0, pid=2047)[0m   o_lora_rank ..................................... 1024
[36m(yeto-rl-island-0, pid=2047)[0m   object_storage_cache_path ....................... None
[36m(yeto-rl-island-0, pid=2047)[0m   object_store_backend ............................ ray
[36m(yeto-rl-island-0, pid=2047)[0m   observe_training_entropy ........................ False
[36m(yeto-rl-island-0, pid=2047)[0m   offload_modules ................................. []
[36m(yeto-rl-island-0, pid=2047)[0m   offload_optimizer_states ........................ False
[36m(yeto-rl-island-0, pid=2047)[0m   offload_rollout ................................. True
[36m(yeto-rl-island-0, pid=2047)[0m   offload_rollout_level ........................... ['kv_cache', 'weight']
[36m(yeto-rl-island-0, pid=2047)[0m   offload_train ................................... True
[36m(yeto-rl-island-0, pid=2047)[0m   offload_train_disk_chunk_mb ..................... 256
[36m(yeto-rl-island-0, pid=2047)[0m   offload_train_disk_dir .......................... None
[36m(yeto-rl-island-0, pid=2047)[0m   offload_train_target ............................ cpu
[36m(yeto-rl-island-0, pid=2047)[0m   one_logger_async ................................ False
[36m(yeto-rl-island-0, pid=2047)[0m   one_logger_project .............................. megatron-lm
[36m(yeto-rl-island-0, pid=2047)[0m   one_logger_run_name ............................. None
[36m(yeto-rl-island-0, pid=2047)[0m   onnx_safe ....................................... None
[36m(yeto-rl-island-0, pid=2047)[0m   opd_kl_coef ..................................... 1.0
[36m(yeto-rl-island-0, pid=2047)[0m   opd_log_prob_top_k .............................. 0
[36m(yeto-rl-island-0, pid=2047)[0m   opd_reward_weight_mode .......................... student_p
[36m(yeto-rl-island-0, pid=2047)[0m   opd_teacher_ckpt_step ........................... None
[36m(yeto-rl-island-0, pid=2047)[0m   opd_teacher_key ................................. opd_teacher
[36m(yeto-rl-island-0, pid=2047)[0m   opd_teacher_load ................................ None
[36m(yeto-rl-island-0, pid=2047)[0m   opd_teacher_urls ................................ None
[36m(yeto-rl-island-0, pid=2047)[0m   opd_top_k_strategy .............................. only-student
[36m(yeto-rl-island-0, pid=2047)[0m   opd_topk_per_position ........................... False
[36m(yeto-rl-island-0, pid=2047)[0m   opd_type ........................................ None
[36m(yeto-rl-island-0, pid=2047)[0m   openai_gelu ..................................... False
[36m(yeto-rl-island-0, pid=2047)[0m   opsm_delta ...................................... 0.0001
[36m(yeto-rl-island-0, pid=2047)[0m   optimizer ....................................... adam
[36m(yeto-rl-island-0, pid=2047)[0m   optimizer_cpu_offload ........................... False
[36m(yeto-rl-island-0, pid=2047)[0m   optimizer_cuda_graph ............................ False
[36m(yeto-rl-island-0, pid=2047)[0m   optimizer_offload_fraction ...................... 1.0
[36m(yeto-rl-island-0, pid=2047)[0m   optimizer_state_offload_chunk_size_mb ........... 0
[36m(yeto-rl-island-0, pid=2047)[0m   optimizer_state_offload_fraction ................ 1.0
[36m(yeto-rl-island-0, pid=2047)[0m   original_max_position_embeddings ................ 4096
[36m(yeto-rl-island-0, pid=2047)[0m   outer_dp_sharding_strategy ...................... no_shard
[36m(yeto-rl-island-0, pid=2047)[0m   output_bert_embeddings .......................... False
[36m(yeto-rl-island-0, pid=2047)[0m   over_sampling_batch_size ........................ 4
[36m(yeto-rl-island-0, pid=2047)[0m   overlap_cpu_optimizer_d2h_h2d ................... False
[36m(yeto-rl-island-0, pid=2047)[0m   overlap_dispatch_backward_with_experts_wgrad .... False
[36m(yeto-rl-island-0, pid=2047)[0m   overlap_grad_reduce ............................. False
[36m(yeto-rl-island-0, pid=2047)[0m   overlap_moe_expert_parallel_comm ................ False
[36m(yeto-rl-island-0, pid=2047)[0m   overlap_p2p_comm ................................ False
[36m(yeto-rl-island-0, pid=2047)[0m   overlap_p2p_comm_warmup_flush ................... False
[36m(yeto-rl-island-0, pid=2047)[0m   overlap_param_gather ............................ False
[36m(yeto-rl-island-0, pid=2047)[0m   overlap_param_gather_with_optimizer_step ........ False
[36m(yeto-rl-island-0, pid=2047)[0m   override_opt_param_scheduler .................... False
[36m(yeto-rl-island-0, pid=2047)[0m   p2p_transfer_num_workers ........................ 4
[36m(yeto-rl-island-0, pid=2047)[0m   p2p_transfer_timeout ............................ 30.0
[36m(yeto-rl-island-0, pid=2047)[0m   pad_packed_seq_alignment ........................ None
[36m(yeto-rl-island-0, pid=2047)[0m   pad_vocab_size .................................. True
[36m(yeto-rl-island-0, pid=2047)[0m   padded_vocab_size ............................... 151936
[36m(yeto-rl-island-0, pid=2047)[0m   params_dtype .................................... torch.bfloat16
[36m(yeto-rl-island-0, pid=2047)[0m   partial_rollout ................................. False
[36m(yeto-rl-island-0, pid=2047)[0m   patch_dim ....................................... 16
[36m(yeto-rl-island-0, pid=2047)[0m   pause_generation_mode ........................... retract
[36m(yeto-rl-island-0, pid=2047)[0m   per_dataset_sequences_path ...................... None
[36m(yeto-rl-island-0, pid=2047)[0m   per_split_data_args_path ........................ None
[36m(yeto-rl-island-0, pid=2047)[0m   perform_initialization .......................... True
[36m(yeto-rl-island-0, pid=2047)[0m   perform_rl_step ................................. False
[36m(yeto-rl-island-0, pid=2047)[0m   phase_transition_iterations ..................... None
[36m(yeto-rl-island-0, pid=2047)[0m   pin_cpu_grads ................................... True
[36m(yeto-rl-island-0, pid=2047)[0m   pin_cpu_params .................................. True
[36m(yeto-rl-island-0, pid=2047)[0m   pin_rollout_manager_to_head ..................... True
[36m(yeto-rl-island-0, pid=2047)[0m   pipeline_model_parallel_comm_backend ............ None
[36m(yeto-rl-island-0, pid=2047)[0m   pipeline_model_parallel_layout .................. None
[36m(yeto-rl-island-0, pid=2047)[0m   pipeline_model_parallel_size .................... 1
[36m(yeto-rl-island-0, pid=2047)[0m   position_embedding_type ......................... rope
[36m(yeto-rl-island-0, pid=2047)[0m   post_mlp_layernorm .............................. False
[36m(yeto-rl-island-0, pid=2047)[0m   post_self_attn_layernorm ........................ False
[36m(yeto-rl-island-0, pid=2047)[0m   prefill_num_servers ............................. None
[36m(yeto-rl-island-0, pid=2047)[0m   pretrained_checkpoint ........................... None
[36m(yeto-rl-island-0, pid=2047)[0m   profile ......................................... False
[36m(yeto-rl-island-0, pid=2047)[0m   profile_ranks ................................... []
[36m(yeto-rl-island-0, pid=2047)[0m   profile_step_end ................................ 12
[36m(yeto-rl-island-0, pid=2047)[0m   profile_step_start .............................. 10
[36m(yeto-rl-island-0, pid=2047)[0m   profile_target .................................. ['train_overall']
[36m(yeto-rl-island-0, pid=2047)[0m   prometheus_port ................................. 9090
[36m(yeto-rl-island-0, pid=2047)[0m   prometheus_run_name ............................. None
[36m(yeto-rl-island-0, pid=2047)[0m   prompt_data ..................................... /root/yeto-rl/prompts.jsonl
[36m(yeto-rl-island-0, pid=2047)[0m   pytorch_profiler_collect_callstack .............. False
[36m(yeto-rl-island-0, pid=2047)[0m   pytorch_profiler_collect_chakra ................. False
[36m(yeto-rl-island-0, pid=2047)[0m   pytorch_profiler_collect_shapes ................. False
[36m(yeto-rl-island-0, pid=2047)[0m   q_lora_rank ..................................... None
[36m(yeto-rl-island-0, pid=2047)[0m   qk_clip ......................................... False
[36m(yeto-rl-island-0, pid=2047)[0m   qk_clip_alpha ................................... 0.5
[36m(yeto-rl-island-0, pid=2047)[0m   qk_clip_threshold ............................... 100
[36m(yeto-rl-island-0, pid=2047)[0m   qk_head_dim ..................................... 128
[36m(yeto-rl-island-0, pid=2047)[0m   qk_l2_norm ...................................... False
[36m(yeto-rl-island-0, pid=2047)[0m   qk_layernorm .................................... True
[36m(yeto-rl-island-0, pid=2047)[0m   qk_pos_emb_head_dim ............................. 64
[36m(yeto-rl-island-0, pid=2047)[0m   qkv_format ...................................... thd
[36m(yeto-rl-island-0, pid=2047)[0m   query_in_block_prob ............................. 0.1
[36m(yeto-rl-island-0, pid=2047)[0m   quick_geglu ..................................... False
[36m(yeto-rl-island-0, pid=2047)[0m   rampup_batch_size ............................... None
[36m(yeto-rl-island-0, pid=2047)[0m   rank ............................................ 0
[36m(yeto-rl-island-0, pid=2047)[0m   recompute_granularity ........................... None
[36m(yeto-rl-island-0, pid=2047)[0m   recompute_logprobs_via_prefill .................. False
[36m(yeto-rl-island-0, pid=2047)[0m   recompute_loss_function ......................... False
[36m(yeto-rl-island-0, pid=2047)[0m   recompute_method ................................ None
[36m(yeto-rl-island-0, pid=2047)[0m   recompute_modules ............................... None
[36m(yeto-rl-island-0, pid=2047)[0m   recompute_num_layers ............................ None
[36m(yeto-rl-island-0, pid=2047)[0m   record_memory_history ........................... False
[36m(yeto-rl-island-0, pid=2047)[0m   record_shapes ................................... False
[36m(yeto-rl-island-0, pid=2047)[0m   ref_ckpt_step ................................... None
[36m(yeto-rl-island-0, pid=2047)[0m   ref_load ........................................ /root/.cache/huggingface/hub/models--Qwen--Qwen3-0.6B/snapshots/c1899de289a04d12100db370d81485cdf75e47ca
[36m(yeto-rl-island-0, pid=2047)[0m   ref_update_interval ............................. None
[36m(yeto-rl-island-0, pid=2047)[0m   refit_method .................................... gloo
[36m(yeto-rl-island-0, pid=2047)[0m   relative_attention_max_distance ................. 128
[36m(yeto-rl-island-0, pid=2047)[0m   relative_attention_num_buckets .................. 32
[36m(yeto-rl-island-0, pid=2047)[0m   rematerialize_param_from_master_weight .......... False
[36m(yeto-rl-island-0, pid=2047)[0m   replication ..................................... False
[36m(yeto-rl-island-0, pid=2047)[0m   replication_factor .............................. 2
[36m(yeto-rl-island-0, pid=2047)[0m   replication_jump ................................ None
[36m(yeto-rl-island-0, pid=2047)[0m   requested_load .................................. None
[36m(yeto-rl-island-0, pid=2047)[0m   rerun_mode ...................................... validate_results
[36m(yeto-rl-island-0, pid=2047)[0m   reset_attention_mask ............................ False
[36m(yeto-rl-island-0, pid=2047)[0m   reset_optimizer_states .......................... False
[36m(yeto-rl-island-0, pid=2047)[0m   reset_position_ids .............................. False
[36m(yeto-rl-island-0, pid=2047)[0m   result_rejected_tracker_filename ................ None
[36m(yeto-rl-island-0, pid=2047)[0m   retriever_report_topk_accuracies ................ []
[36m(yeto-rl-island-0, pid=2047)[0m   retriever_score_scaling ......................... False
[36m(yeto-rl-island-0, pid=2047)[0m   reuse_grad_buf_for_mxfp8_param_ag ............... False
[36m(yeto-rl-island-0, pid=2047)[0m   reward_key ...................................... None
[36m(yeto-rl-island-0, pid=2047)[0m   rewards_normalization ........................... True
[36m(yeto-rl-island-0, pid=2047)[0m   rl_consumption_granularity ...................... B
[36m(yeto-rl-island-0, pid=2047)[0m   rl_default_temperature .......................... 1.0
[36m(yeto-rl-island-0, pid=2047)[0m   rl_default_top_k ................................ -1
[36m(yeto-rl-island-0, pid=2047)[0m   rl_default_top_p ................................ 0
[36m(yeto-rl-island-0, pid=2047)[0m   rl_generation_lag ............................... 0
[36m(yeto-rl-island-0, pid=2047)[0m   rl_importance_sampling_truncation_coef .......... None
[36m(yeto-rl-island-0, pid=2047)[0m   rl_inference_expert_model_parallel_size ......... None
[36m(yeto-rl-island-0, pid=2047)[0m   rl_inference_expert_tensor_model_parallel_size .. None
[36m(yeto-rl-island-0, pid=2047)[0m   rl_inference_logprobs_is_correction ............. False
[36m(yeto-rl-island-0, pid=2047)[0m   rl_inference_model_unified_memory_level ......... 0
[36m(yeto-rl-island-0, pid=2047)[0m   rl_inference_parsers ............................ []
[36m(yeto-rl-island-0, pid=2047)[0m   rl_inference_pipeline_model_parallel_size ....... None
[36m(yeto-rl-island-0, pid=2047)[0m   rl_inference_tensor_model_parallel_size ......... None
[36m(yeto-rl-island-0, pid=2047)[0m   rl_kv_cache_management_mode ..................... persist
[36m(yeto-rl-island-0, pid=2047)[0m   rl_offload_inference_model_weights_when_idle .... False
[36m(yeto-rl-island-0, pid=2047)[0m   rl_offload_optimizer_during_inference ........... False
[36m(yeto-rl-island-0, pid=2047)[0m   rl_partial_rollouts ............................. False
[36m(yeto-rl-island-0, pid=2047)[0m   rl_persist_cuda_graphs .......................... False
[36m(yeto-rl-island-0, pid=2047)[0m   rl_profile ...................................... False
[36m(yeto-rl-island-0, pid=2047)[0m   rl_profile_dir .................................. None
[36m(yeto-rl-island-0, pid=2047)[0m   rl_prompts_per_eval ............................. 32
[36m(yeto-rl-island-0, pid=2047)[0m   rl_sequence_packing_algo ........................ fifo
[36m(yeto-rl-island-0, pid=2047)[0m   rl_sequence_packing_max_sequences_per_bin ....... 50
[36m(yeto-rl-island-0, pid=2047)[0m   rl_skip_bos_token ............................... False
[36m(yeto-rl-island-0, pid=2047)[0m   rl_submission_granularity ....................... B
[36m(yeto-rl-island-0, pid=2047)[0m   rl_training_cuda_graphs ......................... False
[36m(yeto-rl-island-0, pid=2047)[0m   rl_use_sequence_packing ......................... False
[36m(yeto-rl-island-0, pid=2047)[0m   rl_verify_model_weights_swap .................... False
[36m(yeto-rl-island-0, pid=2047)[0m   rm_type ......................................... None
[36m(yeto-rl-island-0, pid=2047)[0m   rm_url .......................................... None
[36m(yeto-rl-island-0, pid=2047)[0m   rollout_all_samples_process_path ................ yeto.rl.engine.miles_adapter.rollout_meta_hook.extract_rollout_metadata
[36m(yeto-rl-island-0, pid=2047)[0m   rollout_batch_size .............................. 4
[36m(yeto-rl-island-0, pid=2047)[0m   rollout_buffer_url .............................. None
[36m(yeto-rl-island-0, pid=2047)[0m   rollout_data_postprocess_path ................... None
[36m(yeto-rl-island-0, pid=2047)[0m   rollout_external ................................ False
[36m(yeto-rl-island-0, pid=2047)[0m   rollout_external_engine_addrs ................... None
[36m(yeto-rl-island-0, pid=2047)[0m   rollout_external_router_pd ...................... False
[36m(yeto-rl-island-0, pid=2047)[0m   rollout_function_path ........................... miles.rollout.inference_rollout.inference_rollout_common.InferenceRolloutFn
[36m(yeto-rl-island-0, pid=2047)[0m   rollout_global_dataset .......................... True
[36m(yeto-rl-island-0, pid=2047)[0m   rollout_health_check_failure_threshold .......... 1
[36m(yeto-rl-island-0, pid=2047)[0m   rollout_health_check_first_wait ................. 0.0
[36m(yeto-rl-island-0, pid=2047)[0m   rollout_health_check_interval ................... 30.0
[36m(yeto-rl-island-0, pid=2047)[0m   rollout_health_check_timeout .................... 30.0
[36m(yeto-rl-island-0, pid=2047)[0m   rollout_indexer_topk_num_streams ................ None
[36m(yeto-rl-island-0, pid=2047)[0m   rollout_max_context_len ......................... 1024
[36m(yeto-rl-island-0, pid=2047)[0m   rollout_max_prompt_len .......................... 1023
[36m(yeto-rl-island-0, pid=2047)[0m   rollout_max_response_len ........................ 384
[36m(yeto-rl-island-0, pid=2047)[0m   rollout_num_gpus ................................ 1
[36m(yeto-rl-island-0, pid=2047)[0m   rollout_num_gpus_per_engine ..................... 1
[36m(yeto-rl-island-0, pid=2047)[0m   rollout_sample_filter_path ...................... yeto.rl.engine.miles_adapter.rollout_meta_hook.record_trained_groups
[36m(yeto-rl-island-0, pid=2047)[0m   rollout_seed .................................... 17
[36m(yeto-rl-island-0, pid=2047)[0m   rollout_shuffle ................................. False
[36m(yeto-rl-island-0, pid=2047)[0m   rollout_skip_special_tokens ..................... False
[36m(yeto-rl-island-0, pid=2047)[0m   rollout_stop .................................... None
[36m(yeto-rl-island-0, pid=2047)[0m   rollout_stop_token_ids .......................... None
[36m(yeto-rl-island-0, pid=2047)[0m   rollout_submission_granularity .................. None
[36m(yeto-rl-island-0, pid=2047)[0m   rollout_task_type ............................... math
[36m(yeto-rl-island-0, pid=2047)[0m   rollout_temperature ............................. 1.0
[36m(yeto-rl-island-0, pid=2047)[0m   rollout_top_k ................................... -1
[36m(yeto-rl-island-0, pid=2047)[0m   rollout_top_p ................................... 1.0
[36m(yeto-rl-island-0, pid=2047)[0m   rope_scaling_factor ............................. 8.0
[36m(yeto-rl-island-0, pid=2047)[0m   rope_type ....................................... rope
[36m(yeto-rl-island-0, pid=2047)[0m   rotary_base ..................................... 1000000
[36m(yeto-rl-island-0, pid=2047)[0m   rotary_base_per_layer ........................... None
[36m(yeto-rl-island-0, pid=2047)[0m   rotary_interleaved .............................. False
[36m(yeto-rl-island-0, pid=2047)[0m   rotary_percent .................................. 1.0
[36m(yeto-rl-island-0, pid=2047)[0m   rotary_scaling_factor ........................... 1.0
[36m(yeto-rl-island-0, pid=2047)[0m   rotary_seq_len_interpolation_factor ............. None
[36m(yeto-rl-island-0, pid=2047)[0m   router_allow_requests_without_routing_key ....... False
[36m(yeto-rl-island-0, pid=2047)[0m   router_api_key .................................. None
[36m(yeto-rl-island-0, pid=2047)[0m   router_assignment_mode .......................... random
[36m(yeto-rl-island-0, pid=2047)[0m   router_backend .................................. sglang
[36m(yeto-rl-island-0, pid=2047)[0m   router_balance_abs_threshold .................... 64
[36m(yeto-rl-island-0, pid=2047)[0m   router_balance_rel_threshold .................... 1.5
[36m(yeto-rl-island-0, pid=2047)[0m   router_bucket_adjust_interval_secs .............. 5
[36m(yeto-rl-island-0, pid=2047)[0m   router_ca_cert_paths ............................ []
[36m(yeto-rl-island-0, pid=2047)[0m   router_cache_threshold .......................... 0.3
[36m(yeto-rl-island-0, pid=2047)[0m   router_cb_failure_threshold ..................... 10
[36m(yeto-rl-island-0, pid=2047)[0m   router_cb_success_threshold ..................... 3
[36m(yeto-rl-island-0, pid=2047)[0m   router_cb_timeout_duration_secs ................. 60
[36m(yeto-rl-island-0, pid=2047)[0m   router_cb_window_duration_secs .................. 120
[36m(yeto-rl-island-0, pid=2047)[0m   router_chat_template ............................ None
[36m(yeto-rl-island-0, pid=2047)[0m   router_client_cert_path ......................... None
[36m(yeto-rl-island-0, pid=2047)[0m   router_client_key_path .......................... None
[36m(yeto-rl-island-0, pid=2047)[0m   router_control_plane_api_keys ................... []
[36m(yeto-rl-island-0, pid=2047)[0m   router_control_plane_audit_enabled .............. False
[36m(yeto-rl-island-0, pid=2047)[0m   router_cors_allowed_origins ..................... []
[36m(yeto-rl-island-0, pid=2047)[0m   router_decode ................................... None
[36m(yeto-rl-island-0, pid=2047)[0m   router_decode_policy ............................ None
[36m(yeto-rl-island-0, pid=2047)[0m   router_decode_selector .......................... {}
[36m(yeto-rl-island-0, pid=2047)[0m   router_disable_circuit_breaker .................. False
[36m(yeto-rl-island-0, pid=2047)[0m   router_disable_health_check ..................... False
[36m(yeto-rl-island-0, pid=2047)[0m   router_disable_retries .......................... False
[36m(yeto-rl-island-0, pid=2047)[0m   router_dp_aware ................................. False
[36m(yeto-rl-island-0, pid=2047)[0m   router_enable_igw ............................... False
[36m(yeto-rl-island-0, pid=2047)[0m   router_enable_trace ............................. False
[36m(yeto-rl-island-0, pid=2047)[0m   router_eviction_interval_secs ................... 60
[36m(yeto-rl-island-0, pid=2047)[0m   router_health_check_endpoint .................... /health
[36m(yeto-rl-island-0, pid=2047)[0m   router_health_check_interval_secs ............... 60
[36m(yeto-rl-island-0, pid=2047)[0m   router_health_check_timeout_secs ................ 5
[36m(yeto-rl-island-0, pid=2047)[0m   router_health_failure_threshold ................. 3
[36m(yeto-rl-island-0, pid=2047)[0m   router_health_success_threshold ................. 2
[36m(yeto-rl-island-0, pid=2047)[0m   router_history_backend .......................... memory
[36m(yeto-rl-island-0, pid=2047)[0m   router_json_log ................................. False
[36m(yeto-rl-island-0, pid=2047)[0m   router_jwt_audience ............................. None
[36m(yeto-rl-island-0, pid=2047)[0m   router_jwt_issuer ............................... None
[36m(yeto-rl-island-0, pid=2047)[0m   router_jwt_jwks_uri ............................. None
[36m(yeto-rl-island-0, pid=2047)[0m   router_jwt_role_mapping ......................... []
[36m(yeto-rl-island-0, pid=2047)[0m   router_log_dir .................................. None
[36m(yeto-rl-island-0, pid=2047)[0m   router_log_level ................................ info
[36m(yeto-rl-island-0, pid=2047)[0m   router_max_concurrent_requests .................. -1
[36m(yeto-rl-island-0, pid=2047)[0m   router_max_idle_secs ............................ 14400
[36m(yeto-rl-island-0, pid=2047)[0m   router_max_payload_size ......................... 536870912
[36m(yeto-rl-island-0, pid=2047)[0m   router_max_tree_size ............................ 67108864
[36m(yeto-rl-island-0, pid=2047)[0m   router_mcp_config_path .......................... None
[36m(yeto-rl-island-0, pid=2047)[0m   router_mini_lb .................................. False
[36m(yeto-rl-island-0, pid=2047)[0m   router_model_path ............................... None
[36m(yeto-rl-island-0, pid=2047)[0m   router_oracle_connect_descriptor ................ None
[36m(yeto-rl-island-0, pid=2047)[0m   router_oracle_password .......................... None
[36m(yeto-rl-island-0, pid=2047)[0m   router_oracle_pool_max .......................... 16
[36m(yeto-rl-island-0, pid=2047)[0m   router_oracle_pool_min .......................... 1
[36m(yeto-rl-island-0, pid=2047)[0m   router_oracle_pool_timeout_secs ................. 30
[36m(yeto-rl-island-0, pid=2047)[0m   router_oracle_tns_alias ......................... None
[36m(yeto-rl-island-0, pid=2047)[0m   router_oracle_username .......................... None
[36m(yeto-rl-island-0, pid=2047)[0m   router_oracle_wallet_path ....................... None
[36m(yeto-rl-island-0, pid=2047)[0m   router_otlp_traces_endpoint ..................... localhost:4317
[36m(yeto-rl-island-0, pid=2047)[0m   router_pd_disaggregation ........................ False
[36m(yeto-rl-island-0, pid=2047)[0m   router_policy ................................... cache_aware
[36m(yeto-rl-island-0, pid=2047)[0m   router_postgres_db_url .......................... None
[36m(yeto-rl-island-0, pid=2047)[0m   router_postgres_pool_max ........................ 16
[36m(yeto-rl-island-0, pid=2047)[0m   router_prefill .................................. None
[36m(yeto-rl-island-0, pid=2047)[0m   router_prefill_policy ........................... None
[36m(yeto-rl-island-0, pid=2047)[0m   router_prefill_selector ......................... {}
[36m(yeto-rl-island-0, pid=2047)[0m   router_prometheus_duration_buckets .............. None
[36m(yeto-rl-island-0, pid=2047)[0m   router_prometheus_host .......................... 0.0.0.0
[36m(yeto-rl-island-0, pid=2047)[0m   router_prometheus_port .......................... 29000
[36m(yeto-rl-island-0, pid=2047)[0m   router_queue_size ............................... 100
[36m(yeto-rl-island-0, pid=2047)[0m   router_queue_timeout_secs ....................... 60
[36m(yeto-rl-island-0, pid=2047)[0m   router_rate_limit_tokens_per_second ............. None
[36m(yeto-rl-island-0, pid=2047)[0m   router_reasoning_parser ......................... None
[36m(yeto-rl-island-0, pid=2047)[0m   router_redis_pool_max ........................... 16
[36m(yeto-rl-island-0, pid=2047)[0m   router_redis_retention_days ..................... 30
[36m(yeto-rl-island-0, pid=2047)[0m   router_redis_url ................................ None
[36m(yeto-rl-island-0, pid=2047)[0m   router_request_id_headers ....................... None
[36m(yeto-rl-island-0, pid=2047)[0m   router_request_timeout_secs ..................... 1800
[36m(yeto-rl-island-0, pid=2047)[0m   router_retry_backoff_multiplier ................. 1.5
[36m(yeto-rl-island-0, pid=2047)[0m   router_retry_initial_backoff_ms ................. 50
[36m(yeto-rl-island-0, pid=2047)[0m   router_retry_jitter_factor ...................... 0.2
[36m(yeto-rl-island-0, pid=2047)[0m   router_retry_max_backoff_ms ..................... 30000
[36m(yeto-rl-island-0, pid=2047)[0m   router_retry_max_retries ........................ 5
[36m(yeto-rl-island-0, pid=2047)[0m   router_selector ................................. {}
[36m(yeto-rl-island-0, pid=2047)[0m   router_service_discovery ........................ False
[36m(yeto-rl-island-0, pid=2047)[0m   router_service_discovery_namespace .............. None
[36m(yeto-rl-island-0, pid=2047)[0m   router_service_discovery_port ................... 80
[36m(yeto-rl-island-0, pid=2047)[0m   router_shutdown_grace_period_secs ............... 180
[36m(yeto-rl-island-0, pid=2047)[0m   router_test_external_dp_routing ................. False
[36m(yeto-rl-island-0, pid=2047)[0m   router_tls_cert_path ............................ None
[36m(yeto-rl-island-0, pid=2047)[0m   router_tls_key_path ............................. None
[36m(yeto-rl-island-0, pid=2047)[0m   router_tokenizer_cache_enable_l0 ................ False
[36m(yeto-rl-island-0, pid=2047)[0m   router_tokenizer_cache_enable_l1 ................ False
[36m(yeto-rl-island-0, pid=2047)[0m   router_tokenizer_cache_l0_max_entries ........... 10000
[36m(yeto-rl-island-0, pid=2047)[0m   router_tokenizer_cache_l1_max_memory ............ 52428800
[36m(yeto-rl-island-0, pid=2047)[0m   router_tokenizer_path ........................... None
[36m(yeto-rl-island-0, pid=2047)[0m   router_tool_call_parser ......................... None
[36m(yeto-rl-island-0, pid=2047)[0m   router_worker_startup_check_interval ............ 30
[36m(yeto-rl-island-0, pid=2047)[0m   router_worker_startup_timeout_secs .............. 1800
[36m(yeto-rl-island-0, pid=2047)[0m   run_uuid ........................................ 17aed297b72d4d47
[36m(yeto-rl-island-0, pid=2047)[0m   run_workload_inspector_server ................... False
[36m(yeto-rl-island-0, pid=2047)[0m   sample_rate ..................................... 1.0
[36m(yeto-rl-island-0, pid=2047)[0m   save ............................................ None
[36m(yeto-rl-island-0, pid=2047)[0m   save_activations_interval ....................... None
[36m(yeto-rl-island-0, pid=2047)[0m   save_debug_event_data ........................... None
[36m(yeto-rl-island-0, pid=2047)[0m   save_debug_rollout_data ......................... None
[36m(yeto-rl-island-0, pid=2047)[0m   save_debug_train_data ........................... None
[36m(yeto-rl-island-0, pid=2047)[0m   save_debug_trajectory_data ...................... None
[36m(yeto-rl-island-0, pid=2047)[0m   save_dgrads_interval ............................ None
[36m(yeto-rl-island-0, pid=2047)[0m   save_hf ......................................... None
[36m(yeto-rl-island-0, pid=2047)[0m   save_interval ................................... None
[36m(yeto-rl-island-0, pid=2047)[0m   save_local_weight_checksum ...................... False
[36m(yeto-rl-island-0, pid=2047)[0m   save_params_interval ............................ None
[36m(yeto-rl-island-0, pid=2047)[0m   save_retain_interval ............................ None
[36m(yeto-rl-island-0, pid=2047)[0m   save_tokens_per_expert_interval ................. None
[36m(yeto-rl-island-0, pid=2047)[0m   save_trigger_sentinel ........................... None
[36m(yeto-rl-island-0, pid=2047)[0m   save_wgrads_interval ............................ None
[36m(yeto-rl-island-0, pid=2047)[0m   seed ............................................ 17
[36m(yeto-rl-island-0, pid=2047)[0m   seq_length ...................................... 1024
[36m(yeto-rl-island-0, pid=2047)[0m   sequence_packing_scheduler ...................... None
[36m(yeto-rl-island-0, pid=2047)[0m   sequence_parallel ............................... False
[36m(yeto-rl-island-0, pid=2047)[0m   session_message_matcher ......................... strict
[36m(yeto-rl-island-0, pid=2047)[0m   session_sample_picker_path ...................... miles.rollout.session.v2.picker_hub.drop_same_prompt_retries
[36m(yeto-rl-island-0, pid=2047)[0m   session_sample_postprocessor_path ............... miles.rollout.session.v2.postprocessor_hub.default_postprocess
[36m(yeto-rl-island-0, pid=2047)[0m   session_server_external_host .................... None
[36m(yeto-rl-island-0, pid=2047)[0m   session_server_ip ............................... None
[36m(yeto-rl-island-0, pid=2047)[0m   session_server_port ............................. None
[36m(yeto-rl-island-0, pid=2047)[0m   session_server_workers .......................... 32
[36m(yeto-rl-island-0, pid=2047)[0m   sft ............................................. False
[36m(yeto-rl-island-0, pid=2047)[0m   sft_mock_dataset_config_json .................... None
[36m(yeto-rl-island-0, pid=2047)[0m   sft_tokenizer_prompt_format ..................... nemotron-h-aligned
[36m(yeto-rl-island-0, pid=2047)[0m   sgd_momentum .................................... 0.9
[36m(yeto-rl-island-0, pid=2047)[0m   sglang_abort_on_priority_when_disabled .......... False
[36m(yeto-rl-island-0, pid=2047)[0m   sglang_admin_api_key ............................ None
[36m(yeto-rl-island-0, pid=2047)[0m   sglang_allow_auto_truncate ...................... False
[36m(yeto-rl-island-0, pid=2047)[0m   sglang_allowed_media_domains .................... []
[36m(yeto-rl-island-0, pid=2047)[0m   sglang_api_key .................................. None
[36m(yeto-rl-island-0, pid=2047)[0m   sglang_asr_max_buffer_seconds ................... 60
[36m(yeto-rl-island-0, pid=2047)[0m   sglang_asr_max_concurrent_sessions .............. 32
[36m(yeto-rl-island-0, pid=2047)[0m   sglang_attention_backend ........................ None
[36m(yeto-rl-island-0, pid=2047)[0m   sglang_attn_cp_size ............................. 1
[36m(yeto-rl-island-0, pid=2047)[0m   sglang_batch_notify_size ........................ 16
[36m(yeto-rl-island-0, pid=2047)[0m   sglang_bf16_gemm_backend ........................ auto
[36m(yeto-rl-island-0, pid=2047)[0m   sglang_bucket_e2e_request_latency ............... None
[36m(yeto-rl-island-0, pid=2047)[0m   sglang_bucket_inter_token_latency ............... None
[36m(yeto-rl-island-0, pid=2047)[0m   sglang_bucket_time_to_first_token ............... None
[36m(yeto-rl-island-0, pid=2047)[0m   sglang_c128_page_size ........................... 16
[36m(yeto-rl-island-0, pid=2047)[0m   sglang_chat_template ............................ None
[36m(yeto-rl-island-0, pid=2047)[0m   sglang_checkpoint_engine_wait_weights_before_ready  False
[36m(yeto-rl-island-0, pid=2047)[0m   sglang_chunked_prefill_size ..................... None
[36m(yeto-rl-island-0, pid=2047)[0m   sglang_completion_template ...................... None
[36m(yeto-rl-island-0, pid=2047)[0m   sglang_config ................................... None
[36m(yeto-rl-island-0, pid=2047)[0m   sglang_constrained_json_disable_any_whitespace .. False
[36m(yeto-rl-island-0, pid=2047)[0m   sglang_constrained_json_whitespace_pattern ...... None
[36m(yeto-rl-island-0, pid=2047)[0m   sglang_context_length ........................... None
[36m(yeto-rl-island-0, pid=2047)[0m   sglang_cp_strategy .............................. None
[36m(yeto-rl-island-0, pid=2047)[0m   sglang_cpu_offload_gb ........................... 0
[36m(yeto-rl-island-0, pid=2047)[0m   sglang_crash_dump_folder ........................ None
[36m(yeto-rl-island-0, pid=2047)[0m   sglang_cuda_graph_backend_decode ................ None
[36m(yeto-rl-island-0, pid=2047)[0m   sglang_cuda_graph_backend_prefill ............... disabled
[36m(yeto-rl-island-0, pid=2047)[0m   sglang_cuda_graph_bs_decode ..................... None
[36m(yeto-rl-island-0, pid=2047)[0m   sglang_cuda_graph_bs_prefill .................... None
[36m(yeto-rl-island-0, pid=2047)[0m   sglang_cuda_graph_config ........................ None
[36m(yeto-rl-island-0, pid=2047)[0m   sglang_cuda_graph_max_bs_decode ................. None
[36m(yeto-rl-island-0, pid=2047)[0m   sglang_cuda_graph_max_bs_prefill ................ None
[36m(yeto-rl-island-0, pid=2047)[0m   sglang_cuda_graph_tc_compiler ................... None
[36m(yeto-rl-island-0, pid=2047)[0m   sglang_custom_pull_weights_pre_read_hook ........ None
[36m(yeto-rl-island-0, pid=2047)[0m   sglang_custom_weight_loader ..................... None
[36m(yeto-rl-island-0, pid=2047)[0m   sglang_dcp_comm_backend ......................... None
[36m(yeto-rl-island-0, pid=2047)[0m   sglang_dcp_replicate_q_proj ..................... None
[36m(yeto-rl-island-0, pid=2047)[0m   sglang_dcp_size ................................. 1
[36m(yeto-rl-island-0, pid=2047)[0m   sglang_debug_cuda_graph ......................... False
[36m(yeto-rl-island-0, pid=2047)[0m   sglang_debug_tensor_dump_input_file ............. None
[36m(yeto-rl-island-0, pid=2047)[0m   sglang_debug_tensor_dump_layers ................. None
[36m(yeto-rl-island-0, pid=2047)[0m   sglang_debug_tensor_dump_output_folder .......... None
[36m(yeto-rl-island-0, pid=2047)[0m   sglang_decode_attention_backend ................. None
[36m(yeto-rl-island-0, pid=2047)[0m   sglang_decode_log_interval ...................... 40
[36m(yeto-rl-island-0, pid=2047)[0m   sglang_decoupled_spec_bind_endpoint ............. None
[36m(yeto-rl-island-0, pid=2047)[0m   sglang_decoupled_spec_connect_endpoints ......... None
[36m(yeto-rl-island-0, pid=2047)[0m   sglang_decoupled_spec_rank ...................... None
[36m(yeto-rl-island-0, pid=2047)[0m   sglang_decoupled_spec_role ...................... null
[36m(yeto-rl-island-0, pid=2047)[0m   sglang_decrypted_config_file .................... None
[36m(yeto-rl-island-0, pid=2047)[0m   sglang_decrypted_draft_config_file .............. None
[36m(yeto-rl-island-0, pid=2047)[0m   sglang_deepep_config ............................ None
[36m(yeto-rl-island-0, pid=2047)[0m   sglang_deepep_dispatcher_output_dtype ........... auto
[36m(yeto-rl-island-0, pid=2047)[0m   sglang_deepep_mode .............................. auto
[36m(yeto-rl-island-0, pid=2047)[0m   sglang_deepep_v2_mode ........................... direct
[36m(yeto-rl-island-0, pid=2047)[0m   sglang_default_chat_template_kwargs ............. None
[36m(yeto-rl-island-0, pid=2047)[0m   sglang_default_priority_value ................... None
[36m(yeto-rl-island-0, pid=2047)[0m   sglang_delete_ckpt_after_loading ................ False
[36m(yeto-rl-island-0, pid=2047)[0m   sglang_detokenizer_worker_num ................... 1
[36m(yeto-rl-island-0, pid=2047)[0m   sglang_device ................................... None
[36m(yeto-rl-island-0, pid=2047)[0m   sglang_disable_attn_tp_gather ................... False
[36m(yeto-rl-island-0, pid=2047)[0m   sglang_disable_chunked_prefix_cache ............. False
[36m(yeto-rl-island-0, pid=2047)[0m   sglang_disable_cuda_graph ....................... False
[36m(yeto-rl-island-0, pid=2047)[0m   sglang_disable_cuda_graph_padding ............... False
[36m(yeto-rl-island-0, pid=2047)[0m   sglang_disable_custom_all_reduce ................ False
[36m(yeto-rl-island-0, pid=2047)[0m   sglang_disable_decode_cuda_graph ................ False
[36m(yeto-rl-island-0, pid=2047)[0m   sglang_disable_draft_cuda_graph ................. False
[36m(yeto-rl-island-0, pid=2047)[0m   sglang_disable_fast_image_processor ............. False
[36m(yeto-rl-island-0, pid=2047)[0m   sglang_disable_flashinfer_autotune .............. False
[36m(yeto-rl-island-0, pid=2047)[0m   sglang_disable_flashinfer_cutlass_moe_fp4_allgather  False
[36m(yeto-rl-island-0, pid=2047)[0m   sglang_disable_hybrid_swa_memory ................ False
[36m(yeto-rl-island-0, pid=2047)[0m   sglang_disable_outlines_disk_cache .............. False
[36m(yeto-rl-island-0, pid=2047)[0m   sglang_disable_overlap_schedule ................. False
[36m(yeto-rl-island-0, pid=2047)[0m   sglang_disable_prefill_cuda_graph ............... False
[36m(yeto-rl-island-0, pid=2047)[0m   sglang_disable_priority_preemption .............. False
[36m(yeto-rl-island-0, pid=2047)[0m   sglang_disable_radix_cache ...................... False
[36m(yeto-rl-island-0, pid=2047)[0m   sglang_disable_shared_experts_fusion ............ False
[36m(yeto-rl-island-0, pid=2047)[0m   sglang_disable_tokenizer_batch_decode ........... False
[36m(yeto-rl-island-0, pid=2047)[0m   sglang_disaggregation_bootstrap_port ............ 8998
[36m(yeto-rl-island-0, pid=2047)[0m   sglang_disaggregation_decode_enable_offload_kvcache  False
[36m(yeto-rl-island-0, pid=2047)[0m   sglang_disaggregation_decode_enable_radix_cache . False
[36m(yeto-rl-island-0, pid=2047)[0m   sglang_disaggregation_decode_extra_slots ........ None
[36m(yeto-rl-island-0, pid=2047)[0m   sglang_disaggregation_decode_polling_interval ... 1
[36m(yeto-rl-island-0, pid=2047)[0m   sglang_disaggregation_decode_retraction_backup .. None
[36m(yeto-rl-island-0, pid=2047)[0m   sglang_disaggregation_ib_device ................. None
[36m(yeto-rl-island-0, pid=2047)[0m   sglang_disaggregation_mode ...................... null
[36m(yeto-rl-island-0, pid=2047)[0m   sglang_disaggregation_transfer_backend .......... mooncake
[36m(yeto-rl-island-0, pid=2047)[0m   sglang_dist_timeout ............................. None
[36m(yeto-rl-island-0, pid=2047)[0m   sglang_dllm_algorithm ........................... None
[36m(yeto-rl-island-0, pid=2047)[0m   sglang_dllm_algorithm_config .................... None
[36m(yeto-rl-island-0, pid=2047)[0m   sglang_dllm_fdfo ................................ True
[36m(yeto-rl-island-0, pid=2047)[0m   sglang_download_dir ............................. None
[36m(yeto-rl-island-0, pid=2047)[0m   sglang_dp_size .................................. 1
[36m(yeto-rl-island-0, pid=2047)[0m   sglang_dsa_decode_backend ....................... None
[36m(yeto-rl-island-0, pid=2047)[0m   sglang_dsa_paged_mqa_logits_backend ............. auto
[36m(yeto-rl-island-0, pid=2047)[0m   sglang_dsa_prefill_backend ...................... None
[36m(yeto-rl-island-0, pid=2047)[0m   sglang_dsa_topk_backend ......................... sgl-kernel
[36m(yeto-rl-island-0, pid=2047)[0m   sglang_dsv4_attn_backend ........................ auto
[36m(yeto-rl-island-0, pid=2047)[0m   sglang_dsv4_prefill_backend ..................... auto
[36m(yeto-rl-island-0, pid=2047)[0m   sglang_dtype .................................... auto
[36m(yeto-rl-island-0, pid=2047)[0m   sglang_dwdp_size ................................ 1
[36m(yeto-rl-island-0, pid=2047)[0m   sglang_dynamic_batch_tokenizer_batch_size ....... 32
[36m(yeto-rl-island-0, pid=2047)[0m   sglang_dynamic_batch_tokenizer_batch_timeout .... 0.002
[36m(yeto-rl-island-0, pid=2047)[0m   sglang_elastic_ep_backend ....................... None
[36m(yeto-rl-island-0, pid=2047)[0m   sglang_elastic_ep_initial_size .................. None
[36m(yeto-rl-island-0, pid=2047)[0m   sglang_elastic_ep_rejoin ........................ False
[36m(yeto-rl-island-0, pid=2047)[0m   sglang_elastic_ep_scale_timeout ................. 600
[36m(yeto-rl-island-0, pid=2047)[0m   sglang_enable_adaptive_dispatch_to_encoder ...... False
[36m(yeto-rl-island-0, pid=2047)[0m   sglang_enable_aiter_allreduce_fusion ............ False
[36m(yeto-rl-island-0, pid=2047)[0m   sglang_enable_attn_tp_input_scattered ........... False
[36m(yeto-rl-island-0, pid=2047)[0m   sglang_enable_broadcast_mm_inputs_process ....... False
[36m(yeto-rl-island-0, pid=2047)[0m   sglang_enable_cache_report ...................... False
[36m(yeto-rl-island-0, pid=2047)[0m   sglang_enable_cp_decode_attn_tp ................. False
[36m(yeto-rl-island-0, pid=2047)[0m   sglang_enable_cudagraph_gc ...................... False
[36m(yeto-rl-island-0, pid=2047)[0m   sglang_enable_custom_logit_processor ............ False
[36m(yeto-rl-island-0, pid=2047)[0m   sglang_enable_deepseek_v4_fp4_indexer ........... False
[36m(yeto-rl-island-0, pid=2047)[0m   sglang_enable_dense_mlp_attn_tp ................. False
[36m(yeto-rl-island-0, pid=2047)[0m   sglang_enable_deterministic_inference ........... True
[36m(yeto-rl-island-0, pid=2047)[0m   sglang_enable_dp_attention ...................... False
[36m(yeto-rl-island-0, pid=2047)[0m   sglang_enable_dp_attention_local_control_broadcast  False
[36m(yeto-rl-island-0, pid=2047)[0m   sglang_enable_dp_lm_head ........................ False
[36m(yeto-rl-island-0, pid=2047)[0m   sglang_enable_draft_weights_cpu_backup .......... False
[36m(yeto-rl-island-0, pid=2047)[0m   sglang_enable_dsa_cache_layer_split ............. False
[36m(yeto-rl-island-0, pid=2047)[0m   sglang_enable_dynamic_batch_tokenizer ........... False
[36m(yeto-rl-island-0, pid=2047)[0m   sglang_enable_dynamic_chunking .................. False
[36m(yeto-rl-island-0, pid=2047)[0m   sglang_enable_elastic_expert_backup ............. False
[36m(yeto-rl-island-0, pid=2047)[0m   sglang_enable_engine_info_bootstrap ............. False
[36m(yeto-rl-island-0, pid=2047)[0m   sglang_enable_eplb .............................. False
[36m(yeto-rl-island-0, pid=2047)[0m   sglang_enable_flashinfer_allreduce_fusion ....... False
[36m(yeto-rl-island-0, pid=2047)[0m   sglang_enable_flexkv ............................ False
[36m(yeto-rl-island-0, pid=2047)[0m   sglang_enable_forward_pass_metrics .............. False
[36m(yeto-rl-island-0, pid=2047)[0m   sglang_enable_fp32_lm_head ...................... False
[36m(yeto-rl-island-0, pid=2047)[0m   sglang_enable_fused_moe_sum_all_reduce .......... False
[36m(yeto-rl-island-0, pid=2047)[0m   sglang_enable_fused_qk_norm_rope ................ False
[36m(yeto-rl-island-0, pid=2047)[0m   sglang_enable_hierarchical_cache ................ False
[36m(yeto-rl-island-0, pid=2047)[0m   sglang_enable_hisparse .......................... False
[36m(yeto-rl-island-0, pid=2047)[0m   sglang_enable_http2 ............................. False
[36m(yeto-rl-island-0, pid=2047)[0m   sglang_enable_int8_mamba_checkpoint ............. False
[36m(yeto-rl-island-0, pid=2047)[0m   sglang_enable_layernorm_sp ...................... False
[36m(yeto-rl-island-0, pid=2047)[0m   sglang_enable_layerwise_nvtx_marker ............. False
[36m(yeto-rl-island-0, pid=2047)[0m   sglang_enable_lean_attention .................... None
[36m(yeto-rl-island-0, pid=2047)[0m   sglang_enable_linear_replayssm .................. False
[36m(yeto-rl-island-0, pid=2047)[0m   sglang_enable_linear_replayssm_spec ............. False
[36m(yeto-rl-island-0, pid=2047)[0m   sglang_enable_lmcache ........................... False
[36m(yeto-rl-island-0, pid=2047)[0m   sglang_enable_lora .............................. None
[36m(yeto-rl-island-0, pid=2047)[0m   sglang_enable_lora_overlap_loading .............. None
[36m(yeto-rl-island-0, pid=2047)[0m   sglang_enable_mamba_cache_stochastic_rounding ... False
[36m(yeto-rl-island-0, pid=2047)[0m   sglang_enable_metrics ........................... False
[36m(yeto-rl-island-0, pid=2047)[0m   sglang_enable_metrics_for_all_schedulers ........ False
[36m(yeto-rl-island-0, pid=2047)[0m   sglang_enable_mfu_metrics ....................... False
[36m(yeto-rl-island-0, pid=2047)[0m   sglang_enable_mis ............................... False
[36m(yeto-rl-island-0, pid=2047)[0m   sglang_enable_mixed_chunk ....................... False
[36m(yeto-rl-island-0, pid=2047)[0m   sglang_enable_mm_global_cache ................... False
[36m(yeto-rl-island-0, pid=2047)[0m   sglang_enable_mscclpp ........................... False
[36m(yeto-rl-island-0, pid=2047)[0m   sglang_enable_multi_layer_eagle ................. False
[36m(yeto-rl-island-0, pid=2047)[0m   sglang_enable_multimodal ........................ None
[36m(yeto-rl-island-0, pid=2047)[0m   sglang_enable_nccl_nvls ......................... False
[36m(yeto-rl-island-0, pid=2047)[0m   sglang_enable_p2p_check ......................... False
[36m(yeto-rl-island-0, pid=2047)[0m   sglang_enable_page_major_kv_layout .............. False
[36m(yeto-rl-island-0, pid=2047)[0m   sglang_enable_pdmux ............................. False
[36m(yeto-rl-island-0, pid=2047)[0m   sglang_enable_precise_embedding_interpolation ... False
[36m(yeto-rl-island-0, pid=2047)[0m   sglang_enable_prefill_cp ........................ False
[36m(yeto-rl-island-0, pid=2047)[0m   sglang_enable_prefill_delayer ................... False
[36m(yeto-rl-island-0, pid=2047)[0m   sglang_enable_prefill_only_deterministic_inference  False
[36m(yeto-rl-island-0, pid=2047)[0m   sglang_enable_prefix_mm_cache ................... False
[36m(yeto-rl-island-0, pid=2047)[0m   sglang_enable_priority_scheduling ............... False
[36m(yeto-rl-island-0, pid=2047)[0m   sglang_enable_profile_cuda_graph ................ False
[36m(yeto-rl-island-0, pid=2047)[0m   sglang_enable_quant_communications .............. False
[36m(yeto-rl-island-0, pid=2047)[0m   sglang_enable_rdt_weight_sync ................... False
[36m(yeto-rl-island-0, pid=2047)[0m   sglang_enable_request_time_stats_logging ........ False
[36m(yeto-rl-island-0, pid=2047)[0m   sglang_enable_response_store .................... False
[36m(yeto-rl-island-0, pid=2047)[0m   sglang_enable_return_hidden_states .............. False
[36m(yeto-rl-island-0, pid=2047)[0m   sglang_enable_scattered_sconv ................... False
[36m(yeto-rl-island-0, pid=2047)[0m   sglang_enable_session_radix_cache ............... False
[36m(yeto-rl-island-0, pid=2047)[0m   sglang_enable_shared_experts_attn_tp ............ False
[36m(yeto-rl-island-0, pid=2047)[0m   sglang_enable_single_batch_overlap .............. False
[36m(yeto-rl-island-0, pid=2047)[0m   sglang_enable_ssl_refresh ....................... False
[36m(yeto-rl-island-0, pid=2047)[0m   sglang_enable_streaming_session ................. False
[36m(yeto-rl-island-0, pid=2047)[0m   sglang_enable_strict_thinking ................... False
[36m(yeto-rl-island-0, pid=2047)[0m   sglang_enable_symm_mem .......................... False
[36m(yeto-rl-island-0, pid=2047)[0m   sglang_enable_tf32_matmul ....................... False
[36m(yeto-rl-island-0, pid=2047)[0m   sglang_enable_tokenizer_batch_encode ............ False
[36m(yeto-rl-island-0, pid=2047)[0m   sglang_enable_torch_compile ..................... False
[36m(yeto-rl-island-0, pid=2047)[0m   sglang_enable_torch_compile_debug_mode .......... False
[36m(yeto-rl-island-0, pid=2047)[0m   sglang_enable_torch_symm_mem .................... False
[36m(yeto-rl-island-0, pid=2047)[0m   sglang_enable_tp_lm_head_all_to_all ............. None
[36m(yeto-rl-island-0, pid=2047)[0m   sglang_enable_trace ............................. False
[36m(yeto-rl-island-0, pid=2047)[0m   sglang_enable_two_batch_overlap ................. False
[36m(yeto-rl-island-0, pid=2047)[0m   sglang_enable_unified_cache_external_linker ..... False
[36m(yeto-rl-island-0, pid=2047)[0m   sglang_enable_unified_memory .................... False
[36m(yeto-rl-island-0, pid=2047)[0m   sglang_enable_w4a4_mxfp4_megamoe ................ False
[36m(yeto-rl-island-0, pid=2047)[0m   sglang_enable_waterfill ......................... False
[36m(yeto-rl-island-0, pid=2047)[0m   sglang_enable_weights_cpu_backup ................ False
[36m(yeto-rl-island-0, pid=2047)[0m   sglang_enable_weights_disk_backup ............... False
[36m(yeto-rl-island-0, pid=2047)[0m   sglang_encoder_bootstrap_port ................... 8997
[36m(yeto-rl-island-0, pid=2047)[0m   sglang_encoder_only ............................. False
[36m(yeto-rl-island-0, pid=2047)[0m   sglang_encoder_register_urls .................... []
[36m(yeto-rl-island-0, pid=2047)[0m   sglang_encoder_transfer_backend ................. auto
[36m(yeto-rl-island-0, pid=2047)[0m   sglang_encoder_urls ............................. []
[36m(yeto-rl-island-0, pid=2047)[0m   sglang_enforce_disable_flashinfer_allreduce_fusion  False
[36m(yeto-rl-island-0, pid=2047)[0m   sglang_enforce_shared_experts_fusion ............ False
[36m(yeto-rl-island-0, pid=2047)[0m   sglang_engine_info_bootstrap_port ............... 6789
[36m(yeto-rl-island-0, pid=2047)[0m   sglang_ep_dispatch_algorithm .................... None
[36m(yeto-rl-island-0, pid=2047)[0m   sglang_ep_join_mode ............................. None
[36m(yeto-rl-island-0, pid=2047)[0m   sglang_ep_join_rank_offset ...................... 0
[36m(yeto-rl-island-0, pid=2047)[0m   sglang_ep_num_redundant_experts ................. 0
[36m(yeto-rl-island-0, pid=2047)[0m   sglang_ep_size .................................. 1
[36m(yeto-rl-island-0, pid=2047)[0m   sglang_eplb_algorithm ........................... auto
[36m(yeto-rl-island-0, pid=2047)[0m   sglang_eplb_min_rebalancing_utilization_threshold  1.0
[36m(yeto-rl-island-0, pid=2047)[0m   sglang_eplb_rebalance_layers_per_chunk .......... None
[36m(yeto-rl-island-0, pid=2047)[0m   sglang_eplb_rebalance_num_iterations ............ 1000
[36m(yeto-rl-island-0, pid=2047)[0m   sglang_expert_balancedness_report_mode .......... off
[36m(yeto-rl-island-0, pid=2047)[0m   sglang_expert_distribution_recorder_buffer_size . None
[36m(yeto-rl-island-0, pid=2047)[0m   sglang_expert_distribution_recorder_mode ........ None
[36m(yeto-rl-island-0, pid=2047)[0m   sglang_experts_shared_outer_loras ............... None
[36m(yeto-rl-island-0, pid=2047)[0m   sglang_export_metrics_to_file ................... False
[36m(yeto-rl-island-0, pid=2047)[0m   sglang_export_metrics_to_file_dir ............... None
[36m(yeto-rl-island-0, pid=2047)[0m   sglang_extra_metric_labels ...................... None
[36m(yeto-rl-island-0, pid=2047)[0m   sglang_fastapi_root_path ........................ 
[36m(yeto-rl-island-0, pid=2047)[0m   sglang_file_storage_path ........................ sglang_storage
[36m(yeto-rl-island-0, pid=2047)[0m   sglang_flashinfer_a2a_dispatch_type ............. None
[36m(yeto-rl-island-0, pid=2047)[0m   sglang_flashinfer_allreduce_fusion_backend ...... None
[36m(yeto-rl-island-0, pid=2047)[0m   sglang_flashinfer_autotune_skip_ops ............. None
[36m(yeto-rl-island-0, pid=2047)[0m   sglang_flashinfer_mla_disable_ragged ............ False
[36m(yeto-rl-island-0, pid=2047)[0m   sglang_flashinfer_mxfp4_moe_precision ........... default
[36m(yeto-rl-island-0, pid=2047)[0m   sglang_flexkv_config_file ....................... None
[36m(yeto-rl-island-0, pid=2047)[0m   sglang_forward_hooks ............................ None
[36m(yeto-rl-island-0, pid=2047)[0m   sglang_forward_pass_metrics_ipc_name ............ None
[36m(yeto-rl-island-0, pid=2047)[0m   sglang_forward_pass_metrics_worker_id ........... 
[36m(yeto-rl-island-0, pid=2047)[0m   sglang_fp4_gemm_runner_backend .................. auto
[36m(yeto-rl-island-0, pid=2047)[0m   sglang_fp8_gemm_runner_backend .................. auto
[36m(yeto-rl-island-0, pid=2047)[0m   sglang_fuseep_mode .............................. 2
[36m(yeto-rl-island-0, pid=2047)[0m   sglang_gc_threshold ............................. None
[36m(yeto-rl-island-0, pid=2047)[0m   sglang_gc_warning_threshold_secs ................ 0.0
[36m(yeto-rl-island-0, pid=2047)[0m   sglang_generation_tokens_buckets ................ None
[36m(yeto-rl-island-0, pid=2047)[0m   sglang_grammar_backend .......................... None
[36m(yeto-rl-island-0, pid=2047)[0m   sglang_grpc_mode ................................ False
[36m(yeto-rl-island-0, pid=2047)[0m   sglang_grpc_port ................................ None
[36m(yeto-rl-island-0, pid=2047)[0m   sglang_hf_chat_template_name .................... None
[36m(yeto-rl-island-0, pid=2047)[0m   sglang_hicache_host_memory_mode ................. cache
[36m(yeto-rl-island-0, pid=2047)[0m   sglang_hicache_io_backend ....................... kernel
[36m(yeto-rl-island-0, pid=2047)[0m   sglang_hicache_mem_layout ....................... page_first
[36m(yeto-rl-island-0, pid=2047)[0m   sglang_hicache_ratio ............................ None
[36m(yeto-rl-island-0, pid=2047)[0m   sglang_hicache_size ............................. 0
[36m(yeto-rl-island-0, pid=2047)[0m   sglang_hicache_storage_backend .................. None
[36m(yeto-rl-island-0, pid=2047)[0m   sglang_hicache_storage_backend_extra_config ..... None
[36m(yeto-rl-island-0, pid=2047)[0m   sglang_hicache_storage_prefetch_policy .......... timeout
[36m(yeto-rl-island-0, pid=2047)[0m   sglang_hicache_storage_prefetch_retry_max_attempts  8
[36m(yeto-rl-island-0, pid=2047)[0m   sglang_hicache_storage_prefetch_retry_poll_interval  8
[36m(yeto-rl-island-0, pid=2047)[0m   sglang_hicache_write_policy ..................... write_through
[36m(yeto-rl-island-0, pid=2047)[0m   sglang_hisparse_config .......................... None
[36m(yeto-rl-island-0, pid=2047)[0m   sglang_host ..................................... 127.0.0.1
[36m(yeto-rl-island-0, pid=2047)[0m   sglang_http2_initial_connection_window_size ..... 1048576
[36m(yeto-rl-island-0, pid=2047)[0m   sglang_http2_max_concurrent_streams ............. 200
[36m(yeto-rl-island-0, pid=2047)[0m   sglang_image_processor_backend .................. auto
[36m(yeto-rl-island-0, pid=2047)[0m   sglang_incremental_streaming_output ............. False
[36m(yeto-rl-island-0, pid=2047)[0m   sglang_init_expert_location ..................... trivial
[36m(yeto-rl-island-0, pid=2047)[0m   sglang_int8_mamba_ckpt_size ..................... None
[36m(yeto-rl-island-0, pid=2047)[0m   sglang_is_embedding ............................. False
[36m(yeto-rl-island-0, pid=2047)[0m   sglang_json_model_override_args ................. {}
[36m(yeto-rl-island-0, pid=2047)[0m   sglang_keep_mm_feature_on_device ................ False
[36m(yeto-rl-island-0, pid=2047)[0m   sglang_kt_cpuinfer .............................. None
[36m(yeto-rl-island-0, pid=2047)[0m   sglang_kt_max_deferred_experts_per_token ........ None
[36m(yeto-rl-island-0, pid=2047)[0m   sglang_kt_method ................................ AMXINT4
[36m(yeto-rl-island-0, pid=2047)[0m   sglang_kt_num_gpu_experts ....................... None
[36m(yeto-rl-island-0, pid=2047)[0m   sglang_kt_threadpool_count ...................... 2
[36m(yeto-rl-island-0, pid=2047)[0m   sglang_kt_weight_path ........................... None
[36m(yeto-rl-island-0, pid=2047)[0m   sglang_kv_cache_dtype ........................... auto
[36m(yeto-rl-island-0, pid=2047)[0m   sglang_kv_canary ................................ none
[36m(yeto-rl-island-0, pid=2047)[0m   sglang_kv_canary_real_data ...................... none
[36m(yeto-rl-island-0, pid=2047)[0m   sglang_kv_canary_sweep_interval ................. 0
[36m(yeto-rl-island-0, pid=2047)[0m   sglang_kv_events_config ......................... None
[36m(yeto-rl-island-0, pid=2047)[0m   sglang_language_model_only ...................... False
[36m(yeto-rl-island-0, pid=2047)[0m   sglang_language_only ............................ False
[36m(yeto-rl-island-0, pid=2047)[0m   sglang_limit_mm_data_per_request ................ None
[36m(yeto-rl-island-0, pid=2047)[0m   sglang_linear_attn_backend ...................... triton
[36m(yeto-rl-island-0, pid=2047)[0m   sglang_linear_attn_decode_backend ............... None
[36m(yeto-rl-island-0, pid=2047)[0m   sglang_linear_attn_prefill_backend .............. None
[36m(yeto-rl-island-0, pid=2047)[0m   sglang_linear_attn_verify_backend ............... None
[36m(yeto-rl-island-0, pid=2047)[0m   sglang_linear_replayssm_cache_len ............... 16
[36m(yeto-rl-island-0, pid=2047)[0m   sglang_lmcache_config_file ...................... None
[36m(yeto-rl-island-0, pid=2047)[0m   sglang_load_balance_method ...................... auto
[36m(yeto-rl-island-0, pid=2047)[0m   sglang_load_format .............................. auto
[36m(yeto-rl-island-0, pid=2047)[0m   sglang_load_publish_endpoint .................... None
[36m(yeto-rl-island-0, pid=2047)[0m   sglang_load_snapshot_publish_interval ........... 15
[36m(yeto-rl-island-0, pid=2047)[0m   sglang_log_level ................................ info
[36m(yeto-rl-island-0, pid=2047)[0m   sglang_log_level_http ........................... None
[36m(yeto-rl-island-0, pid=2047)[0m   sglang_log_requests ............................. False
[36m(yeto-rl-island-0, pid=2047)[0m   sglang_log_requests_format ...................... text
[36m(yeto-rl-island-0, pid=2047)[0m   sglang_log_requests_level ....................... 2
[36m(yeto-rl-island-0, pid=2047)[0m   sglang_log_requests_target ...................... None
[36m(yeto-rl-island-0, pid=2047)[0m   sglang_lora_backend ............................. csgmv
[36m(yeto-rl-island-0, pid=2047)[0m   sglang_lora_drain_wait_threshold ................ 0.0
[36m(yeto-rl-island-0, pid=2047)[0m   sglang_lora_eviction_policy ..................... lru
[36m(yeto-rl-island-0, pid=2047)[0m   sglang_lora_no_cpu_backup ....................... False
[36m(yeto-rl-island-0, pid=2047)[0m   sglang_lora_paths ............................... None
[36m(yeto-rl-island-0, pid=2047)[0m   sglang_lora_strict_loading ...................... False
[36m(yeto-rl-island-0, pid=2047)[0m   sglang_lora_target_modules ...................... None
[36m(yeto-rl-island-0, pid=2047)[0m   sglang_lora_use_virtual_experts ................. True
[36m(yeto-rl-island-0, pid=2047)[0m   sglang_mamba_backend ............................ triton
[36m(yeto-rl-island-0, pid=2047)[0m   sglang_mamba_cache_philox_rounds ................ 0
[36m(yeto-rl-island-0, pid=2047)[0m   sglang_mamba_full_memory_ratio .................. None
[36m(yeto-rl-island-0, pid=2047)[0m   sglang_mamba_max_states_per_path ................ -1
[36m(yeto-rl-island-0, pid=2047)[0m   sglang_mamba_radix_cache_strategy ............... auto
[36m(yeto-rl-island-0, pid=2047)[0m   sglang_mamba_ssm_dtype .......................... None
[36m(yeto-rl-island-0, pid=2047)[0m   sglang_mamba_track_interval ..................... 256
[36m(yeto-rl-island-0, pid=2047)[0m   sglang_max_ep_size .............................. None
[36m(yeto-rl-island-0, pid=2047)[0m   sglang_max_loaded_loras ......................... None
[36m(yeto-rl-island-0, pid=2047)[0m   sglang_max_lora_chunk_size ...................... 16
[36m(yeto-rl-island-0, pid=2047)[0m   sglang_max_lora_rank ............................ 16
[36m(yeto-rl-island-0, pid=2047)[0m   sglang_max_loras_per_batch ...................... 8
[36m(yeto-rl-island-0, pid=2047)[0m   sglang_max_mamba_cache_size ..................... None
[36m(yeto-rl-island-0, pid=2047)[0m   sglang_max_prefill_tokens ....................... 16384
[36m(yeto-rl-island-0, pid=2047)[0m   sglang_max_queued_requests ...................... None
[36m(yeto-rl-island-0, pid=2047)[0m   sglang_max_running_requests ..................... None
[36m(yeto-rl-island-0, pid=2047)[0m   sglang_max_total_tokens ......................... None
[36m(yeto-rl-island-0, pid=2047)[0m   sglang_media_url_max_file_size_mb ............... 64
[36m(yeto-rl-island-0, pid=2047)[0m   sglang_mem_fraction_static ...................... 0.4
[36m(yeto-rl-island-0, pid=2047)[0m   sglang_min_free_slots_delay ..................... None
[36m(yeto-rl-island-0, pid=2047)[0m   sglang_mlx_enable_sampling ...................... False
[36m(yeto-rl-island-0, pid=2047)[0m   sglang_mm_attention_backend ..................... None
[36m(yeto-rl-island-0, pid=2047)[0m   sglang_mm_enable_dp_encoder ..................... False
[36m(yeto-rl-island-0, pid=2047)[0m   sglang_mm_feature_transport ..................... None
[36m(yeto-rl-island-0, pid=2047)[0m   sglang_mm_global_cache_backend .................. mooncake
[36m(yeto-rl-island-0, pid=2047)[0m   sglang_mm_io_worker_num ......................... 0
[36m(yeto-rl-island-0, pid=2047)[0m   sglang_mm_preprocess_cache_size_mb .............. None
[36m(yeto-rl-island-0, pid=2047)[0m   sglang_mm_process_config ........................ None
[36m(yeto-rl-island-0, pid=2047)[0m   sglang_mm_processor_worker_num .................. 0
[36m(yeto-rl-island-0, pid=2047)[0m   sglang_model_checksum ........................... None
[36m(yeto-rl-island-0, pid=2047)[0m   sglang_model_config_parser ...................... auto
[36m(yeto-rl-island-0, pid=2047)[0m   sglang_model_impl ............................... auto
[36m(yeto-rl-island-0, pid=2047)[0m   sglang_model_loader_extra_config ................ {}
[36m(yeto-rl-island-0, pid=2047)[0m   sglang_model_routers ............................ None
[36m(yeto-rl-island-0, pid=2047)[0m   sglang_modelexpress_config ...................... None
[36m(yeto-rl-island-0, pid=2047)[0m   sglang_modelopt_checkpoint_restore_path ......... None
[36m(yeto-rl-island-0, pid=2047)[0m   sglang_modelopt_checkpoint_save_path ............ None
[36m(yeto-rl-island-0, pid=2047)[0m   sglang_modelopt_export_path ..................... None
[36m(yeto-rl-island-0, pid=2047)[0m   sglang_modelopt_quant ........................... None
[36m(yeto-rl-island-0, pid=2047)[0m   sglang_moe_a2a_backend .......................... none
[36m(yeto-rl-island-0, pid=2047)[0m   sglang_moe_dense_tp_size ........................ None
[36m(yeto-rl-island-0, pid=2047)[0m   sglang_moe_dp_size .............................. 1
[36m(yeto-rl-island-0, pid=2047)[0m   sglang_moe_runner_backend ....................... auto
[36m(yeto-rl-island-0, pid=2047)[0m   sglang_mooncake_ib_device ....................... None
[36m(yeto-rl-island-0, pid=2047)[0m   sglang_msprobe_dump_config ...................... None
[36m(yeto-rl-island-0, pid=2047)[0m   sglang_num_continuous_decode_steps .............. 1
[36m(yeto-rl-island-0, pid=2047)[0m   sglang_num_reserved_decode_tokens ............... 512
[36m(yeto-rl-island-0, pid=2047)[0m   sglang_numa_node ................................ None
[36m(yeto-rl-island-0, pid=2047)[0m   sglang_offload_group_size ....................... -1
[36m(yeto-rl-island-0, pid=2047)[0m   sglang_offload_mode ............................. cpu
[36m(yeto-rl-island-0, pid=2047)[0m   sglang_offload_num_in_group ..................... 1
[36m(yeto-rl-island-0, pid=2047)[0m   sglang_offload_prefetch_step .................... 1
[36m(yeto-rl-island-0, pid=2047)[0m   sglang_optimistic_prefill_attempts .............. 0
[36m(yeto-rl-island-0, pid=2047)[0m   sglang_otlp_traces_endpoint ..................... localhost:4317
[36m(yeto-rl-island-0, pid=2047)[0m   sglang_page_size ................................ None
[36m(yeto-rl-island-0, pid=2047)[0m   sglang_pdmux_config_path ........................ None
[36m(yeto-rl-island-0, pid=2047)[0m   sglang_ple_offload_backend ...................... pinned
[36m(yeto-rl-island-0, pid=2047)[0m   sglang_ple_offload_dir .......................... None
[36m(yeto-rl-island-0, pid=2047)[0m   sglang_ple_offload_embedding .................... None
[36m(yeto-rl-island-0, pid=2047)[0m   sglang_pp_async_batch_depth ..................... 0
[36m(yeto-rl-island-0, pid=2047)[0m   sglang_pp_max_micro_batch_size .................. None
[36m(yeto-rl-island-0, pid=2047)[0m   sglang_pp_size .................................. 1
[36m(yeto-rl-island-0, pid=2047)[0m   sglang_pre_warm_nccl ............................ False
[36m(yeto-rl-island-0, pid=2047)[0m   sglang_preferred_sampling_params ................ None
[36m(yeto-rl-island-0, pid=2047)[0m   sglang_prefill_attention_backend ................ None
[36m(yeto-rl-island-0, pid=2047)[0m   sglang_prefill_decode_interval .................. None
[36m(yeto-rl-island-0, pid=2047)[0m   sglang_prefill_delayer_forward_passes_buckets ... None
[36m(yeto-rl-island-0, pid=2047)[0m   sglang_prefill_delayer_max_delay_ms ............. None
[36m(yeto-rl-island-0, pid=2047)[0m   sglang_prefill_delayer_max_delay_passes ......... 30
[36m(yeto-rl-island-0, pid=2047)[0m   sglang_prefill_delayer_queue_min_ratio .......... None
[36m(yeto-rl-island-0, pid=2047)[0m   sglang_prefill_delayer_token_usage_low_watermark  None
[36m(yeto-rl-island-0, pid=2047)[0m   sglang_prefill_delayer_wait_seconds_buckets ..... None
[36m(yeto-rl-island-0, pid=2047)[0m   sglang_prefill_max_requests ..................... None
[36m(yeto-rl-island-0, pid=2047)[0m   sglang_prefill_only_disable_kv_cache ............ False
[36m(yeto-rl-island-0, pid=2047)[0m   sglang_priority_scheduling_preemption_threshold . 10
[36m(yeto-rl-island-0, pid=2047)[0m   sglang_prompt_tokens_buckets .................... None
[36m(yeto-rl-island-0, pid=2047)[0m   sglang_quantization ............................. None
[36m(yeto-rl-island-0, pid=2047)[0m   sglang_quantization_param_path .................. None
[36m(yeto-rl-island-0, pid=2047)[0m   sglang_quantize_and_serve ....................... False
[36m(yeto-rl-island-0, pid=2047)[0m   sglang_radix_cache_backend ...................... None
[36m(yeto-rl-island-0, pid=2047)[0m   sglang_radix_eviction_policy .................... lru
[36m(yeto-rl-island-0, pid=2047)[0m   sglang_radix_eviction_policy_config ............. None
[36m(yeto-rl-island-0, pid=2047)[0m   sglang_reasoning_parser ......................... None
[36m(yeto-rl-island-0, pid=2047)[0m   sglang_remote_instance_weight_loader_backend .... nccl
[36m(yeto-rl-island-0, pid=2047)[0m   sglang_remote_instance_weight_loader_seed_instance_ip  None
[36m(yeto-rl-island-0, pid=2047)[0m   sglang_remote_instance_weight_loader_seed_instance_service_port  None
[36m(yeto-rl-island-0, pid=2047)[0m   sglang_remote_instance_weight_loader_send_weights_group_ports  None
[36m(yeto-rl-island-0, pid=2047)[0m   sglang_remote_instance_weight_loader_start_seed_via_transfer_engine  False
[36m(yeto-rl-island-0, pid=2047)[0m   sglang_retraction_policy ........................ length
[36m(yeto-rl-island-0, pid=2047)[0m   sglang_return_hidden_states_mode ................ None
[36m(yeto-rl-island-0, pid=2047)[0m   sglang_return_input_ids ......................... False
[36m(yeto-rl-island-0, pid=2047)[0m   sglang_return_output_ids ........................ False
[36m(yeto-rl-island-0, pid=2047)[0m   sglang_revision ................................. None
[36m(yeto-rl-island-0, pid=2047)[0m   sglang_rl_on_policy_target ...................... None
[36m(yeto-rl-island-0, pid=2047)[0m   sglang_rl_quant_profile ......................... None
[36m(yeto-rl-island-0, pid=2047)[0m   sglang_router_ip ................................ None
[36m(yeto-rl-island-0, pid=2047)[0m   sglang_router_policy ............................ None
[36m(yeto-rl-island-0, pid=2047)[0m   sglang_router_port .............................. None
[36m(yeto-rl-island-0, pid=2047)[0m   sglang_router_request_timeout_secs .............. 14400
[36m(yeto-rl-island-0, pid=2047)[0m   sglang_sampling_backend ......................... None
[36m(yeto-rl-island-0, pid=2047)[0m   sglang_sampling_defaults ........................ model
[36m(yeto-rl-island-0, pid=2047)[0m   sglang_sampling_mask_max_tokens ................. 4096
[36m(yeto-rl-island-0, pid=2047)[0m   sglang_schedule_conservativeness ................ 1.0
[36m(yeto-rl-island-0, pid=2047)[0m   sglang_schedule_low_priority_values_first ....... False
[36m(yeto-rl-island-0, pid=2047)[0m   sglang_schedule_policy .......................... fcfs
[36m(yeto-rl-island-0, pid=2047)[0m   sglang_scheduler_recv_interval .................. 1
[36m(yeto-rl-island-0, pid=2047)[0m   sglang_served_model_name ........................ None
[36m(yeto-rl-island-0, pid=2047)[0m   sglang_server_concurrency ....................... 512
[36m(yeto-rl-island-0, pid=2047)[0m   sglang_show_time_cost ........................... False
[36m(yeto-rl-island-0, pid=2047)[0m   sglang_sidecar .................................. None
[36m(yeto-rl-island-0, pid=2047)[0m   sglang_sidecar_args ............................. None
[36m(yeto-rl-island-0, pid=2047)[0m   sglang_skip_tokenizer_init ...................... False
[36m(yeto-rl-island-0, pid=2047)[0m   sglang_sleep_on_idle ............................ False
[36m(yeto-rl-island-0, pid=2047)[0m   sglang_sm_group_num ............................. 8
[36m(yeto-rl-island-0, pid=2047)[0m   sglang_smg_grpc_mode ............................ False
[36m(yeto-rl-island-0, pid=2047)[0m   sglang_smg_http_sidecar_port .................... None
[36m(yeto-rl-island-0, pid=2047)[0m   sglang_soft_watchdog_timeout .................... None
[36m(yeto-rl-island-0, pid=2047)[0m   sglang_spec_trace_dir ........................... None
[36m(yeto-rl-island-0, pid=2047)[0m   sglang_speculative_accept_threshold_acc ......... 1.0
[36m(yeto-rl-island-0, pid=2047)[0m   sglang_speculative_accept_threshold_single ...... 1.0
[36m(yeto-rl-island-0, pid=2047)[0m   sglang_speculative_adaptive ..................... False
[36m(yeto-rl-island-0, pid=2047)[0m   sglang_speculative_adaptive_config .............. None
[36m(yeto-rl-island-0, pid=2047)[0m   sglang_speculative_algorithm .................... None
[36m(yeto-rl-island-0, pid=2047)[0m   sglang_speculative_attention_mode ............... prefill
[36m(yeto-rl-island-0, pid=2047)[0m   sglang_speculative_dflash_block_size ............ None
[36m(yeto-rl-island-0, pid=2047)[0m   sglang_speculative_domino_candidate_pool_size ... 2048
[36m(yeto-rl-island-0, pid=2047)[0m   sglang_speculative_draft_attention_backend ...... None
[36m(yeto-rl-island-0, pid=2047)[0m   sglang_speculative_draft_kv_cache_dtype ......... None
[36m(yeto-rl-island-0, pid=2047)[0m   sglang_speculative_draft_load_format ............ None
[36m(yeto-rl-island-0, pid=2047)[0m   sglang_speculative_draft_model_path ............. None
[36m(yeto-rl-island-0, pid=2047)[0m   sglang_speculative_draft_model_quantization ..... None
[36m(yeto-rl-island-0, pid=2047)[0m   sglang_speculative_draft_model_revision ......... None
[36m(yeto-rl-island-0, pid=2047)[0m   sglang_speculative_draft_window_size ............ None
[36m(yeto-rl-island-0, pid=2047)[0m   sglang_speculative_dsa_topk_backend ............. sgl-kernel
[36m(yeto-rl-island-0, pid=2047)[0m   sglang_speculative_dspark_align_verify_tokens_to_graph_tier  False
[36m(yeto-rl-island-0, pid=2047)[0m   sglang_speculative_dspark_block_size ............ None
[36m(yeto-rl-island-0, pid=2047)[0m   sglang_speculative_dspark_confidence_sts_path ... None
[36m(yeto-rl-island-0, pid=2047)[0m   sglang_speculative_dspark_sps_table_path ........ None
[36m(yeto-rl-island-0, pid=2047)[0m   sglang_speculative_eagle_topk ................... None
[36m(yeto-rl-island-0, pid=2047)[0m   sglang_speculative_moe_a2a_backend .............. None
[36m(yeto-rl-island-0, pid=2047)[0m   sglang_speculative_moe_runner_backend ........... None
[36m(yeto-rl-island-0, pid=2047)[0m   sglang_speculative_ngram_capacity ............... 10000000
[36m(yeto-rl-island-0, pid=2047)[0m   sglang_speculative_ngram_external_corpus_max_tokens  10000000
[36m(yeto-rl-island-0, pid=2047)[0m   sglang_speculative_ngram_external_corpus_path ... None
[36m(yeto-rl-island-0, pid=2047)[0m   sglang_speculative_ngram_external_sam_budget .... 0
[36m(yeto-rl-island-0, pid=2047)[0m   sglang_speculative_ngram_match_type ............. BFS
[36m(yeto-rl-island-0, pid=2047)[0m   sglang_speculative_ngram_max_bfs_breadth ........ 10
[36m(yeto-rl-island-0, pid=2047)[0m   sglang_speculative_ngram_max_trie_depth ......... 18
[36m(yeto-rl-island-0, pid=2047)[0m   sglang_speculative_ngram_min_bfs_breadth ........ 1
[36m(yeto-rl-island-0, pid=2047)[0m   sglang_speculative_num_draft_tokens ............. None
[36m(yeto-rl-island-0, pid=2047)[0m   sglang_speculative_num_steps .................... None
[36m(yeto-rl-island-0, pid=2047)[0m   sglang_speculative_skip_dp_mlp_sync ............. False
[36m(yeto-rl-island-0, pid=2047)[0m   sglang_speculative_token_map .................... None
[36m(yeto-rl-island-0, pid=2047)[0m   sglang_speculative_use_rejection_sampling ....... False
[36m(yeto-rl-island-0, pid=2047)[0m   sglang_ssl_ca_certs ............................. None
[36m(yeto-rl-island-0, pid=2047)[0m   sglang_ssl_certfile ............................. None
[36m(yeto-rl-island-0, pid=2047)[0m   sglang_ssl_keyfile .............................. None
[36m(yeto-rl-island-0, pid=2047)[0m   sglang_ssl_keyfile_password ..................... None
[36m(yeto-rl-island-0, pid=2047)[0m   sglang_startup_weight_load_mode ................. serial
[36m(yeto-rl-island-0, pid=2047)[0m   sglang_stream_interval .......................... 1
[36m(yeto-rl-island-0, pid=2047)[0m   sglang_stream_response_default_include_usage .... False
[36m(yeto-rl-island-0, pid=2047)[0m   sglang_strip_thinking_cache ..................... False
[36m(yeto-rl-island-0, pid=2047)[0m   sglang_swa_full_tokens_ratio .................... None
[36m(yeto-rl-island-0, pid=2047)[0m   sglang_tbo_token_distribution_threshold ......... 0.48
[36m(yeto-rl-island-0, pid=2047)[0m   sglang_tokenizer_backend ........................ huggingface
[36m(yeto-rl-island-0, pid=2047)[0m   sglang_tokenizer_metrics_allowed_custom_labels .. None
[36m(yeto-rl-island-0, pid=2047)[0m   sglang_tokenizer_metrics_custom_labels_header ... x-custom-labels
[36m(yeto-rl-island-0, pid=2047)[0m   sglang_tokenizer_mode ........................... auto
[36m(yeto-rl-island-0, pid=2047)[0m   sglang_tokenizer_path ........................... None
[36m(yeto-rl-island-0, pid=2047)[0m   sglang_tokenizer_worker_num ..................... 1
[36m(yeto-rl-island-0, pid=2047)[0m   sglang_tool_call_parser ......................... None
[36m(yeto-rl-island-0, pid=2047)[0m   sglang_tool_server .............................. None
[36m(yeto-rl-island-0, pid=2047)[0m   sglang_torch_compile_max_bs ..................... 32
[36m(yeto-rl-island-0, pid=2047)[0m   sglang_tp_size .................................. 1
[36m(yeto-rl-island-0, pid=2047)[0m   sglang_trace_modules ............................ request
[36m(yeto-rl-island-0, pid=2047)[0m   sglang_triton_attention_num_kv_splits ........... 8
[36m(yeto-rl-island-0, pid=2047)[0m   sglang_triton_attention_reduce_in_fp32 .......... False
[36m(yeto-rl-island-0, pid=2047)[0m   sglang_triton_attention_split_tile_size ......... None
[36m(yeto-rl-island-0, pid=2047)[0m   sglang_true_on_policy_contract .................. None
[36m(yeto-rl-island-0, pid=2047)[0m   sglang_trust_mm_content_hashes .................. False
[36m(yeto-rl-island-0, pid=2047)[0m   sglang_unified_cache_external_linker_backend .... mooncake
[36m(yeto-rl-island-0, pid=2047)[0m   sglang_uno_lora_path ............................ None
[36m(yeto-rl-island-0, pid=2047)[0m   sglang_use_ray .................................. False
[36m(yeto-rl-island-0, pid=2047)[0m   sglang_uvicorn_access_log_exclude_prefixes ...... []
[36m(yeto-rl-island-0, pid=2047)[0m   sglang_warmups .................................. None
[36m(yeto-rl-island-0, pid=2047)[0m   sglang_watchdog_timeout ......................... 300
[36m(yeto-rl-island-0, pid=2047)[0m   sglang_weight_cache_mode ........................ off
[36m(yeto-rl-island-0, pid=2047)[0m   sglang_weight_cache_socket ...................... None
[36m(yeto-rl-island-0, pid=2047)[0m   sglang_weight_cache_timeout ..................... 1800
[36m(yeto-rl-island-0, pid=2047)[0m   sglang_weight_loader_disable_mmap ............... False
[36m(yeto-rl-island-0, pid=2047)[0m   sglang_weight_loader_drop_cache_after_load ...... False
[36m(yeto-rl-island-0, pid=2047)[0m   sglang_weight_loader_prefetch_checkpoints ....... False
[36m(yeto-rl-island-0, pid=2047)[0m   sglang_weight_loader_prefetch_num_threads ....... 4
[36m(yeto-rl-island-0, pid=2047)[0m   sglang_weight_version ........................... default
[36m(yeto-rl-island-0, pid=2047)[0m   sharp_enabled_group ............................. None
[36m(yeto-rl-island-0, pid=2047)[0m   short_seq_prob .................................. 0.1
[36m(yeto-rl-island-0, pid=2047)[0m   skip_actor_forward_only ......................... False
[36m(yeto-rl-island-0, pid=2047)[0m   skip_eval_before_train .......................... False
[36m(yeto-rl-island-0, pid=2047)[0m   skip_train ...................................... False
[36m(yeto-rl-island-0, pid=2047)[0m   skipped_train_samples ........................... 0
[36m(yeto-rl-island-0, pid=2047)[0m   softmax_type .................................... vanilla
[36m(yeto-rl-island-0, pid=2047)[0m   spec ............................................ None
[36m(yeto-rl-island-0, pid=2047)[0m   special_tokens .................................. None
[36m(yeto-rl-island-0, pid=2047)[0m   split ........................................... None
[36m(yeto-rl-island-0, pid=2047)[0m   squared_relu .................................... False
[36m(yeto-rl-island-0, pid=2047)[0m   start_eval_at_iter .............................. None
[36m(yeto-rl-island-0, pid=2047)[0m   start_rollout_id ................................ 0
[36m(yeto-rl-island-0, pid=2047)[0m   start_weight_decay .............................. 0.01
[36m(yeto-rl-island-0, pid=2047)[0m   starts_inference_engines ........................ True
[36m(yeto-rl-island-0, pid=2047)[0m   step_batch_size_schedule ........................ None
[36m(yeto-rl-island-0, pid=2047)[0m   straggler_ctrlr_port ............................ 65535
[36m(yeto-rl-island-0, pid=2047)[0m   straggler_minmax_count .......................... 1
[36m(yeto-rl-island-0, pid=2047)[0m   stream_optimizer_state_moment_dtype ............. fp32
[36m(yeto-rl-island-0, pid=2047)[0m   stream_optimizer_state_to_disk .................. False
[36m(yeto-rl-island-0, pid=2047)[0m   strict_fsdp_dtensor_load ........................ True
[36m(yeto-rl-island-0, pid=2047)[0m   suggested_communication_unit_size ............... None
[36m(yeto-rl-island-0, pid=2047)[0m   swiglu .......................................... True
[36m(yeto-rl-island-0, pid=2047)[0m   swin_backbone_type .............................. tiny
[36m(yeto-rl-island-0, pid=2047)[0m   symmetric_ar_type ............................... None
[36m(yeto-rl-island-0, pid=2047)[0m   target_modules .................................. down_proj,gate_proj,k_proj,o_proj,q_proj,up_proj,v_proj
[36m(yeto-rl-island-0, pid=2047)[0m   tb_experiment_name .............................. None
[36m(yeto-rl-island-0, pid=2047)[0m   tb_project_name ................................. None
[36m(yeto-rl-island-0, pid=2047)[0m   te_precision_config_file ........................ None
[36m(yeto-rl-island-0, pid=2047)[0m   te_rng_tracker .................................. False
[36m(yeto-rl-island-0, pid=2047)[0m   tensor_model_parallel_size ...................... 1
[36m(yeto-rl-island-0, pid=2047)[0m   tensorboard_dir ................................. None
[36m(yeto-rl-island-0, pid=2047)[0m   tensorboard_log_interval ........................ 1
[36m(yeto-rl-island-0, pid=2047)[0m   tensorboard_queue_size .......................... 1000
[36m(yeto-rl-island-0, pid=2047)[0m   test_data_path .................................. None
[36m(yeto-rl-island-0, pid=2047)[0m   test_mode ....................................... False
[36m(yeto-rl-island-0, pid=2047)[0m   thd_max_packed_sequences ........................ None
[36m(yeto-rl-island-0, pid=2047)[0m   thd_tail_padding_policy ......................... None
[36m(yeto-rl-island-0, pid=2047)[0m   tiktoken_num_special_tokens ..................... 1000
[36m(yeto-rl-island-0, pid=2047)[0m   tiktoken_pattern ................................ None
[36m(yeto-rl-island-0, pid=2047)[0m   timing_log_level ................................ 0
[36m(yeto-rl-island-0, pid=2047)[0m   timing_log_option ............................... minmax
[36m(yeto-rl-island-0, pid=2047)[0m   tis_clip ........................................ 2.0
[36m(yeto-rl-island-0, pid=2047)[0m   tis_clip_low .................................... 0
[36m(yeto-rl-island-0, pid=2047)[0m   titles_data_path ................................ None
[36m(yeto-rl-island-0, pid=2047)[0m   tito_model ...................................... default
[36m(yeto-rl-island-0, pid=2047)[0m   tokenizer_hf_no_include_special_tokens .......... False
[36m(yeto-rl-island-0, pid=2047)[0m   tokenizer_hf_no_use_fast ........................ False
[36m(yeto-rl-island-0, pid=2047)[0m   tokenizer_model ................................. /root/.cache/huggingface/hub/models--Qwen--Qwen3-0.6B/snapshots/c1899de289a04d12100db370d81485cdf75e47ca
[36m(yeto-rl-island-0, pid=2047)[0m   tokenizer_sentencepiece_ignore_extra_whitespaces  True
[36m(yeto-rl-island-0, pid=2047)[0m   tokenizer_sentencepiece_legacy .................. False
[36m(yeto-rl-island-0, pid=2047)[0m   tokenizer_type .................................. HuggingFaceTokenizer
[36m(yeto-rl-island-0, pid=2047)[0m   tool_key ........................................ tools
[36m(yeto-rl-island-0, pid=2047)[0m   torch_fsdp2_reshard_after_forward ............... True
[36m(yeto-rl-island-0, pid=2047)[0m   tp_comm_bootstrap_backend ....................... nccl
[36m(yeto-rl-island-0, pid=2047)[0m   tp_comm_bulk_dgrad .............................. True
[36m(yeto-rl-island-0, pid=2047)[0m   tp_comm_bulk_wgrad .............................. True
[36m(yeto-rl-island-0, pid=2047)[0m   tp_comm_overlap ................................. False
[36m(yeto-rl-island-0, pid=2047)[0m   tp_comm_overlap_ag .............................. True
[36m(yeto-rl-island-0, pid=2047)[0m   tp_comm_overlap_cfg ............................. None
[36m(yeto-rl-island-0, pid=2047)[0m   tp_comm_overlap_rs .............................. True
[36m(yeto-rl-island-0, pid=2047)[0m   tp_comm_overlap_rs_dgrad ........................ False
[36m(yeto-rl-island-0, pid=2047)[0m   tp_comm_split_ag ................................ True
[36m(yeto-rl-island-0, pid=2047)[0m   tp_comm_split_rs ................................ True
[36m(yeto-rl-island-0, pid=2047)[0m   train_backend ................................... megatron
[36m(yeto-rl-island-0, pid=2047)[0m   train_data_path ................................. None
[36m(yeto-rl-island-0, pid=2047)[0m   train_env_vars .................................. {}
[36m(yeto-rl-island-0, pid=2047)[0m   train_iters ..................................... None
[36m(yeto-rl-island-0, pid=2047)[0m   train_memory_margin_bytes ....................... 1073741824
[36m(yeto-rl-island-0, pid=2047)[0m   train_samples ................................... None
[36m(yeto-rl-island-0, pid=2047)[0m   train_sync_interval ............................. None
[36m(yeto-rl-island-0, pid=2047)[0m   trainer_controller_addrs ........................ None
[36m(yeto-rl-island-0, pid=2047)[0m   trainer_heartbeat_checker_failure_threshold ..... 3
[36m(yeto-rl-island-0, pid=2047)[0m   trainer_heartbeat_checker_first_wait ............ 300.0
[36m(yeto-rl-island-0, pid=2047)[0m   trainer_heartbeat_checker_interval .............. 10.0
[36m(yeto-rl-island-0, pid=2047)[0m   trainer_heartbeat_checker_timeout ............... 10.0
[36m(yeto-rl-island-0, pid=2047)[0m   trainer_id ...................................... actor
[36m(yeto-rl-island-0, pid=2047)[0m   trainer_model_id ................................ None
[36m(yeto-rl-island-0, pid=2047)[0m   transformer_impl ................................ transformer_engine
[36m(yeto-rl-island-0, pid=2047)[0m   transformer_pipeline_model_parallel_size ........ 1
[36m(yeto-rl-island-0, pid=2047)[0m   true_on_policy_mode ............................. False
[36m(yeto-rl-island-0, pid=2047)[0m   trust_remote_code ............................... True
[36m(yeto-rl-island-0, pid=2047)[0m   untie_embeddings_and_output_weights ............. False
[36m(yeto-rl-island-0, pid=2047)[0m   update_weight_buffer_size ....................... 536870912
[36m(yeto-rl-island-0, pid=2047)[0m   update_weight_delta_checksum .................... xxh3-128
[36m(yeto-rl-island-0, pid=2047)[0m   update_weight_delta_encoding .................... xor
[36m(yeto-rl-island-0, pid=2047)[0m   update_weight_disk_dir .......................... None
[36m(yeto-rl-island-0, pid=2047)[0m   update_weight_local_checkpoint_dir .............. None
[36m(yeto-rl-island-0, pid=2047)[0m   update_weight_transfer_mode ..................... broadcast
[36m(yeto-rl-island-0, pid=2047)[0m   update_weights_interval ......................... 1
[36m(yeto-rl-island-0, pid=2047)[0m   use_checkpoint_args ............................. False
[36m(yeto-rl-island-0, pid=2047)[0m   use_checkpoint_opt_param_scheduler .............. False
[36m(yeto-rl-island-0, pid=2047)[0m   use_cpu_initialization .......................... None
[36m(yeto-rl-island-0, pid=2047)[0m   use_critic ...................................... False
[36m(yeto-rl-island-0, pid=2047)[0m   use_dist_ckpt ................................... True
[36m(yeto-rl-island-0, pid=2047)[0m   use_dist_ckpt_deprecated ........................ False
[36m(yeto-rl-island-0, pid=2047)[0m   use_distributed_optimizer ....................... True
[36m(yeto-rl-island-0, pid=2047)[0m   use_distributed_post ............................ False
[36m(yeto-rl-island-0, pid=2047)[0m   use_dynamic_batch_size .......................... False
[36m(yeto-rl-island-0, pid=2047)[0m   use_dynamic_global_batch_size ................... False
[36m(yeto-rl-island-0, pid=2047)[0m   use_fault_tolerance ............................. False
[36m(yeto-rl-island-0, pid=2047)[0m   use_flash_attn .................................. False
[36m(yeto-rl-island-0, pid=2047)[0m   use_fused_mhc ................................... False
[36m(yeto-rl-island-0, pid=2047)[0m   use_fused_weighted_squared_relu ................. False
[36m(yeto-rl-island-0, pid=2047)[0m   use_gloo_process_groups ......................... True
[36m(yeto-rl-island-0, pid=2047)[0m   use_grouped_gemm_for_dense_mlp .................. False
[36m(yeto-rl-island-0, pid=2047)[0m   use_grouped_gemm_for_shared_expert .............. False
[36m(yeto-rl-island-0, pid=2047)[0m   use_indexer_replay .............................. False
[36m(yeto-rl-island-0, pid=2047)[0m   use_kitchen_attention ........................... False
[36m(yeto-rl-island-0, pid=2047)[0m   use_kl_loss ..................................... False
[36m(yeto-rl-island-0, pid=2047)[0m   use_layer_wise_distributed_optimizer ............ False
[36m(yeto-rl-island-0, pid=2047)[0m   use_layer_wise_param_layout ..................... False
[36m(yeto-rl-island-0, pid=2047)[0m   use_legacy_static_engine ........................ False
[36m(yeto-rl-island-0, pid=2047)[0m   use_mamba_mem_eff_path .......................... True
[36m(yeto-rl-island-0, pid=2047)[0m   use_megatron_fsdp ............................... False
[36m(yeto-rl-island-0, pid=2047)[0m   use_miles_dashboard ............................. False
[36m(yeto-rl-island-0, pid=2047)[0m   use_miles_router ................................ False
[36m(yeto-rl-island-0, pid=2047)[0m   use_mlflow ...................................... False
[36m(yeto-rl-island-0, pid=2047)[0m   use_mp_args_from_checkpoint_args ................ False
[36m(yeto-rl-island-0, pid=2047)[0m   use_mup ......................................... False
[36m(yeto-rl-island-0, pid=2047)[0m   use_one_sent_docs ............................... False
[36m(yeto-rl-island-0, pid=2047)[0m   use_opd ......................................... False
[36m(yeto-rl-island-0, pid=2047)[0m   use_opsm ........................................ False
[36m(yeto-rl-island-0, pid=2047)[0m   use_persistent_ckpt_worker ...................... False
[36m(yeto-rl-island-0, pid=2047)[0m   use_precision_aware_optimizer ................... False
[36m(yeto-rl-island-0, pid=2047)[0m   use_prometheus .................................. False
[36m(yeto-rl-island-0, pid=2047)[0m   use_pytorch_profiler ............................ False
[36m(yeto-rl-island-0, pid=2047)[0m   use_ring_exchange_p2p ........................... False
[36m(yeto-rl-island-0, pid=2047)[0m   use_rollout_entropy ............................. False
[36m(yeto-rl-island-0, pid=2047)[0m   use_rollout_indexer_replay ...................... False
[36m(yeto-rl-island-0, pid=2047)[0m   use_rollout_logprobs ............................ False
[36m(yeto-rl-island-0, pid=2047)[0m   use_rollout_routing_replay ...................... False
[36m(yeto-rl-island-0, pid=2047)[0m   use_rope_scaling ................................ False
[36m(yeto-rl-island-0, pid=2047)[0m   use_rotary_position_embeddings .................. False
[36m(yeto-rl-island-0, pid=2047)[0m   use_routing_replay .............................. False
[36m(yeto-rl-island-0, pid=2047)[0m   use_sampling_support_replay ..................... False
[36m(yeto-rl-island-0, pid=2047)[0m   use_session_server .............................. False
[36m(yeto-rl-island-0, pid=2047)[0m   use_sharp ....................................... False
[36m(yeto-rl-island-0, pid=2047)[0m   use_te_activation_func .......................... False
[36m(yeto-rl-island-0, pid=2047)[0m   use_tensorboard ................................. False
[36m(yeto-rl-island-0, pid=2047)[0m   use_tis ......................................... False
[36m(yeto-rl-island-0, pid=2047)[0m   use_tokenizer_model_from_checkpoint_args ........ True
[36m(yeto-rl-island-0, pid=2047)[0m   use_torch_fsdp2 ................................. False
[36m(yeto-rl-island-0, pid=2047)[0m   use_torch_optimizer_for_cpu_offload ............. False
[36m(yeto-rl-island-0, pid=2047)[0m   use_tp_pp_dp_mapping ............................ False
[36m(yeto-rl-island-0, pid=2047)[0m   use_transformer_engine_op_fuser ................. False
[36m(yeto-rl-island-0, pid=2047)[0m   use_unbiased_kl ................................. False
[36m(yeto-rl-island-0, pid=2047)[0m   use_varlen_dataset .............................. False
[36m(yeto-rl-island-0, pid=2047)[0m   use_wandb ....................................... False
[36m(yeto-rl-island-0, pid=2047)[0m   v_head_dim ...................................... 128
[36m(yeto-rl-island-0, pid=2047)[0m   valid_data_path ................................. None
[36m(yeto-rl-island-0, pid=2047)[0m   validation_set_names ............................ None
[36m(yeto-rl-island-0, pid=2047)[0m   value_clip ...................................... 0.2
[36m(yeto-rl-island-0, pid=2047)[0m   varlen_mock_dataset_config_json ................. None
[36m(yeto-rl-island-0, pid=2047)[0m   varlen_sbhd_validation .......................... False
[36m(yeto-rl-island-0, pid=2047)[0m   verify_integrity ................................ False
[36m(yeto-rl-island-0, pid=2047)[0m   virtual_pipeline_model_parallel_size ............ None
[36m(yeto-rl-island-0, pid=2047)[0m   vision_backbone_type ............................ vit
[36m(yeto-rl-island-0, pid=2047)[0m   vision_pretraining .............................. False
[36m(yeto-rl-island-0, pid=2047)[0m   vision_pretraining_type ......................... classify
[36m(yeto-rl-island-0, pid=2047)[0m   vocab_extra_ids ................................. 0
[36m(yeto-rl-island-0, pid=2047)[0m   vocab_file ...................................... None
[36m(yeto-rl-island-0, pid=2047)[0m   vocab_size ...................................... 151936
[36m(yeto-rl-island-0, pid=2047)[0m   wandb_always_use_train_step ..................... False
[36m(yeto-rl-island-0, pid=2047)[0m   wandb_dir ....................................... None
[36m(yeto-rl-island-0, pid=2047)[0m   wandb_entity .................................... None
[36m(yeto-rl-island-0, pid=2047)[0m   wandb_exp_name .................................. None
[36m(yeto-rl-island-0, pid=2047)[0m   wandb_group ..................................... None
[36m(yeto-rl-island-0, pid=2047)[0m   wandb_host ...................................... None
[36m(yeto-rl-island-0, pid=2047)[0m   wandb_key ....................................... None
[36m(yeto-rl-island-0, pid=2047)[0m   wandb_mode ...................................... None
[36m(yeto-rl-island-0, pid=2047)[0m   wandb_project ................................... None
[36m(yeto-rl-island-0, pid=2047)[0m   wandb_random_suffix ............................. True
[36m(yeto-rl-island-0, pid=2047)[0m   wandb_run_id .................................... None
[36m(yeto-rl-island-0, pid=2047)[0m   wandb_save_dir .................................. None
[36m(yeto-rl-island-0, pid=2047)[0m   wandb_team ...................................... None
[36m(yeto-rl-island-0, pid=2047)[0m   weight_decay .................................... 0.01
[36m(yeto-rl-island-0, pid=2047)[0m   weight_decay_incr_style ......................... constant
[36m(yeto-rl-island-0, pid=2047)[0m   wgrad_deferral_limit ............................ 0
[36m(yeto-rl-island-0, pid=2047)[0m   window_attn_skip_freq ........................... None
[36m(yeto-rl-island-0, pid=2047)[0m   window_size ..................................... None
[36m(yeto-rl-island-0, pid=2047)[0m   witness_buffer_size ............................. 1048576
[36m(yeto-rl-island-0, pid=2047)[0m   worker_comm_backend ............................. ray
[36m(yeto-rl-island-0, pid=2047)[0m   worker_dynamic_port_start ....................... 20000
[36m(yeto-rl-island-0, pid=2047)[0m   worker_urls ..................................... []
[36m(yeto-rl-island-0, pid=2047)[0m   world_size ...................................... 1
[36m(yeto-rl-island-0, pid=2047)[0m   yaml_cfg ........................................ None
[36m(yeto-rl-island-0, pid=2047)[0m   yarn_beta_fast .................................. None
[36m(yeto-rl-island-0, pid=2047)[0m   yarn_beta_slow .................................. None
[36m(yeto-rl-island-0, pid=2047)[0m   yarn_correction_range_round_to_int .............. None
[36m(yeto-rl-island-0, pid=2047)[0m   yarn_original_max_position_embeddings ........... None
[36m(yeto-rl-island-0, pid=2047)[0m   yeto_rl_dynamic_sampling_max_replacements ....... None
[36m(yeto-rl-island-0, pid=2047)[0m -------------------- end of arguments ---------------------
[36m(yeto-rl-island-0, pid=2047)[0m [2026-09-29 06:49:56.903 main] arguments.py:2843 - --moe-token-dispatcher-type allgather does not support variable sequence length, please use alltoall dispatcher instead.
[36m(yeto-rl-island-0, pid=2047)[0m [2026-09-29 06:49:57.057 main] reporter.py:90 - audit op=env_report_summary hostname=computeinstance-e00zh6pn13tgfb5z38 versions="{\"python\":\"3.12.3\",\"platform\":\"Linux-6.11.0-1016-nvidia-x86_64-with-glibc2.39\",\"torch\":\"2.13.0+cu130\",\"torch_cuda\":\"13.0\"}" repos="{}" num_packages=0 num_env_vars=118 packages_probed=false stored=false
[36m(yeto-rl-island-0, pid=2047)[0m [2026-09-29 06:49:57.077 main] placement_group.py:151 - Creating placement group with 1 GPUs...
[36m(yeto-rl-island-0, pid=2047)[0m 2026-09-29 06:49:57,078	INFO worker.py:1683 -- Using address 10.0.0.7:6379 set in the environment variable RAY_ADDRESS
[36m(yeto-rl-island-0, pid=2047)[0m 2026-09-29 06:49:57,081	INFO worker.py:1833 -- Connecting to existing Ray cluster at address: 10.0.0.7:6379...
[36m(yeto-rl-island-0, pid=2047)[0m 2026-09-29 06:49:57,092	INFO worker.py:2015 -- Connected to Ray cluster. View the dashboard at [1m[32mhttp://127.0.0.1:8265 [39m[22m
[36m(yeto-rl-island-0, pid=2047)[0m [2026-09-29 06:49:57.914 main] placement_group.py:114 -   bundle    0, actual_bundle_index:    0, node: 10.0.0.7, gpu: 0
[36m(yeto-rl-island-0, pid=2047)[0m [2026-09-29 06:50:00.082 main] reporter.py:90 - audit op=env_report_summary hostname=computeinstance-e00zh6pn13tgfb5z38 versions="{\"python\":\"3.12.3\",\"platform\":\"Linux-6.11.0-1016-nvidia-x86_64-with-glibc2.39\",\"miles\":\"0.1.1\",\"sglang\":\"0.0.0.dev1+g9f29303be\",\"sglang-router\":\"0.3.2\",\"megatron-core\":\"0.19.0+a84b10547\",\"transformers\":\"5.12.1\",\"ray\":\"2.58.0\",\"flashinfer-python\":\"0.6.18\",\"torch\":\"2.13.0+cu130\",\"torch_cuda\":\"13.0\"}" repos="{\"miles\":\"0394715083c91182b5eb0c526eeee4196ac694b9\",\"sglang\":\"9f29303bef1eea38eb613e5f454a52db1326422d\",\"megatron-core\":\"a84b105473eca9c9c6e49dbf1c8aa460c5cf796e\"}" num_packages=425 num_env_vars=118 packages_probed=true stored=false
[36m(yeto-rl-island-0, pid=2047)[0m [36m(pid=17545)[0m Flax classes are deprecated and will be removed in Diffusers v1.0.0. We recommend migrating to PyTorch classes or pinning your version of Diffusers.
[36m(yeto-rl-island-0, pid=2047)[0m [36m(pid=17545)[0m Flax classes are deprecated and will be removed in Diffusers v1.0.0. We recommend migrating to PyTorch classes or pinning your version of Diffusers.
[36m(yeto-rl-island-0, pid=2047)[0m [36m(pid=17545)[0m WARNING:megatron.bridge.models.muse_glimmer:Muse Glimmer Hugging Face classes are unavailable with transformers 5.12.1. Upgrade transformers to a version that supports Muse Glimmer.
[36m(yeto-rl-island-0, pid=2047)[0m [36m(pid=17545)[0m WARNING:miles_plugins.models.qwen3_vl:megatron-bridge Qwen3VLModel lacks native CP-local vision-embed selection; CP runs with vision tokens will mis-place vision embeddings. Apply the matching Megatron-Bridge patch (radixark/Megatron-Bridge PR #9).
[36m(yeto-rl-island-0, pid=2047)[0m [36m(RayWorkerManager pid=17545)[0m [2026-09-29 06:50:13.586 worker_manager] reporter.py:90 - audit op=env_report_summary hostname=computeinstance-e00zh6pn13tgfb5z38 versions="{\"python\":\"3.12.3\",\"platform\":\"Linux-6.11.0-1016-nvidia-x86_64-with-glibc2.39\",\"torch\":\"2.13.0+cu130\",\"torch_cuda\":\"13.0\"}" repos="{}" num_packages=0 num_env_vars=118 packages_probed=false stored=false
[36m(yeto-rl-island-0, pid=2047)[0m [36m(RayWorkerManager pid=17545)[0m [2026-09-29 06:50:15.638 worker_manager] ray_worker_manager.py:96 - Starting cells ['rollout-executor-00000', 'inference-controller-00000', 'inference-router-0-00000', 'inference-engine-all-0-0-00000', 'trainer-controller-actor-00000', 'trainer-engine-actor-00000'] failed, rolling back
[36m(yeto-rl-island-0, pid=2047)[0m [36m(RayWorkerManager pid=17545)[0m Traceback (most recent call last):
[36m(yeto-rl-island-0, pid=2047)[0m [36m(RayWorkerManager pid=17545)[0m   File "/root/miles/miles/utils/workers/ray_worker_manager.py", line 92, in start_cells
[36m(yeto-rl-island-0, pid=2047)[0m [36m(RayWorkerManager pid=17545)[0m     await _gather_or_raise([c.launch_actors() for c in cells])
[36m(yeto-rl-island-0, pid=2047)[0m [36m(RayWorkerManager pid=17545)[0m   File "/root/miles/miles/utils/workers/ray_worker_manager.py", line 577, in _gather_or_raise
[36m(yeto-rl-island-0, pid=2047)[0m [36m(RayWorkerManager pid=17545)[0m     raise result
[36m(yeto-rl-island-0, pid=2047)[0m [36m(RayWorkerManager pid=17545)[0m   File "/root/miles/miles/utils/workers/ray_worker_manager.py", line 241, in launch_actors
[36m(yeto-rl-island-0, pid=2047)[0m [36m(RayWorkerManager pid=17545)[0m     await self._for_all_actors(lambda a: a.launch_actor())
[36m(yeto-rl-island-0, pid=2047)[0m [36m(RayWorkerManager pid=17545)[0m   File "/root/miles/miles/utils/workers/ray_worker_manager.py", line 286, in _for_all_actors
[36m(yeto-rl-island-0, pid=2047)[0m [36m(RayWorkerManager pid=17545)[0m     await asyncio.gather(*[fn(a) for a in self.actors])
[36m(yeto-rl-island-0, pid=2047)[0m [36m(RayWorkerManager pid=17545)[0m   File "/root/miles/miles/utils/workers/ray_worker_manager.py", line 475, in launch_actor
[36m(yeto-rl-island-0, pid=2047)[0m [36m(RayWorkerManager pid=17545)[0m     self.actor_handle = self._create_actor(
[36m(yeto-rl-island-0, pid=2047)[0m [36m(RayWorkerManager pid=17545)[0m                         ^^^^^^^^^^^^^^^^^^^
[36m(yeto-rl-island-0, pid=2047)[0m [36m(RayWorkerManager pid=17545)[0m   File "/root/miles/miles/utils/workers/ray_worker_manager.py", line 393, in _create_actor
[36m(yeto-rl-island-0, pid=2047)[0m [36m(RayWorkerManager pid=17545)[0m     **(compute_ray_pin_head_options() if self.spec.scheduling.pin_to_head else {}),
[36m(yeto-rl-island-0, pid=2047)[0m [36m(RayWorkerManager pid=17545)[0m        ^^^^^^^^^^^^^^^^^^^^^^^^^^^^^^
[36m(yeto-rl-island-0, pid=2047)[0m [36m(RayWorkerManager pid=17545)[0m   File "/root/miles/miles/utils/ray_utils.py", line 15, in compute_ray_pin_head_options
[36m(yeto-rl-island-0, pid=2047)[0m [36m(RayWorkerManager pid=17545)[0m     head_node_id = _get_head_node_id()
[36m(yeto-rl-island-0, pid=2047)[0m [36m(RayWorkerManager pid=17545)[0m                    ^^^^^^^^^^^^^^^^^^^
[36m(yeto-rl-island-0, pid=2047)[0m [36m(RayWorkerManager pid=17545)[0m   File "/root/miles/miles/utils/ray_utils.py", line 25, in _get_head_node_id
[36m(yeto-rl-island-0, pid=2047)[0m [36m(RayWorkerManager pid=17545)[0m     for node in list_nodes():
[36m(yeto-rl-island-0, pid=2047)[0m [36m(RayWorkerManager pid=17545)[0m                 ^^^^^^^^^^^^
[36m(yeto-rl-island-0, pid=2047)[0m [36m(RayWorkerManager pid=17545)[0m   File "/opt/sglang/lib/python3.12/site-packages/ray/util/state/api.py", line 919, in list_nodes
[36m(yeto-rl-island-0, pid=2047)[0m [36m(RayWorkerManager pid=17545)[0m     return StateApiClient(address=address).list(
[36m(yeto-rl-island-0, pid=2047)[0m [36m(RayWorkerManager pid=17545)[0m            ^^^^^^^^^^^^^^^^^^^^^^^^^^^^^^^
[36m(yeto-rl-island-0, pid=2047)[0m [36m(RayWorkerManager pid=17545)[0m   File "/opt/sglang/lib/python3.12/site-packages/ray/util/state/api.py", line 144, in __init__
[36m(yeto-rl-island-0, pid=2047)[0m [36m(RayWorkerManager pid=17545)[0m     api_server_url = get_address_for_submission_client(address)
[36m(yeto-rl-island-0, pid=2047)[0m [36m(RayWorkerManager pid=17545)[0m                      ^^^^^^^^^^^^^^^^^^^^^^^^^^^^^^^^^^^^^^^^^^
[36m(yeto-rl-island-0, pid=2047)[0m [36m(RayWorkerManager pid=17545)[0m   File "/opt/sglang/lib/python3.12/site-packages/ray/dashboard/utils.py", line 745, in get_address_for_submission_client
[36m(yeto-rl-island-0, pid=2047)[0m [36m(RayWorkerManager pid=17545)[0m     address = ray_address_to_api_server_url(address)
[36m(yeto-rl-island-0, pid=2047)[0m [36m(RayWorkerManager pid=17545)[0m               ^^^^^^^^^^^^^^^^^^^^^^^^^^^^^^^^^^^^^^
[36m(yeto-rl-island-0, pid=2047)[0m [36m(RayWorkerManager pid=17545)[0m   File "/opt/sglang/lib/python3.12/site-packages/ray/dashboard/utils.py", line 687, in ray_address_to_api_server_url
[36m(yeto-rl-island-0, pid=2047)[0m [36m(RayWorkerManager pid=17545)[0m     address = services.canonicalize_bootstrap_address_or_die(address)
[36m(yeto-rl-island-0, pid=2047)[0m [36m(RayWorkerManager pid=17545)[0m               ^^^^^^^^^^^^^^^^^^^^^^^^^^^^^^^^^^^^^^^^^^^^^^^^^^^^^^^
[36m(yeto-rl-island-0, pid=2047)[0m [36m(RayWorkerManager pid=17545)[0m   File "/opt/sglang/lib/python3.12/site-packages/ray/_private/services.py", line 759, in canonicalize_bootstrap_address_or_die
[36m(yeto-rl-island-0, pid=2047)[0m [36m(RayWorkerManager pid=17545)[0m     raise ConnectionError(
[36m(yeto-rl-island-0, pid=2047)[0m [36m(RayWorkerManager pid=17545)[0m ConnectionError: Found multiple active Ray instances: {'10.0.0.7:6380', '10.0.0.7:6379'}. Please specify the one to connect to by setting the `--address` flag or `RAY_ADDRESS` environment variable.
[36m(yeto-rl-island-0, pid=2047)[0m [36m(RayWorkerManager pid=17545)[0m [2026-09-29 06:50:15.641 worker_manager] ray_worker_manager.py:409 - Killed actor at self=_ServeActorRayCommManager(manager=<miles.utils.workers.ray_worker_manager.RayWorkerManager object at 0x75634038f5c0>, parent=_CellManager(manager=<miles.utils.workers.ray_worker_manager.RayWorkerManager object at 0x75634038f5c0>, cell_index=0, spec=ServeWorkerSpec(name='trainer-controller-actor', category=None, port_infos=[PortInfo(name='rpc', static_port=8000, mode='per_worker', allow_dynamic=True, num_consecutive=1, offset_by_cell=False)], env_var=<function _compute_spec_trainer_controller.<locals>.<lambda> at 0x7562c3268720>, scheduling=SchedulingSpec(num_cells=1, num_workers_per_cell=1, num_gpus_per_worker=0.0, num_cpus_per_worker=1.0, num_gpu_slots_per_worker=0, num_gpus_per_node=0, pg_name=None, pg_slot_offset=0, pin_to_head=False), meta=None, deploy_component=<DeployComponent.TRAINER: 'trainer'>, platform_access=<PlatformAccess.READ_DELETE: 'read-delete'>, worker_class='miles.ray.train.group.TrainerController', ctor_kwargs=<function _compute_spec_trainer_controller.<locals>.<lambda> at 0x7562c3268860>, concurrency_groups=None), actors=[...], generation=1, liveness_scan_task=<Task pending name='Task-17' coro=<_CellManager._scan_liveness_forever() running at /root/miles/miles/utils/workers/ray_worker_manager.py:258> wait_for=<Future pending cb=[Task.task_wakeup()]>>), worker_in_cell_index=0, spec=ServeWorkerSpec(name='trainer-controller-actor', category=None, port_infos=[PortInfo(name='rpc', static_port=8000, mode='per_worker', allow_dynamic=True, num_consecutive=1, offset_by_cell=False)], env_var=<function _compute_spec_trainer_controller.<locals>.<lambda> at 0x7562c3268720>, scheduling=SchedulingSpec(num_cells=1, num_workers_per_cell=1, num_gpus_per_worker=0.0, num_cpus_per_worker=1.0, num_gpu_slots_per_worker=0, num_gpus_per_node=0, pg_name=None, pg_slot_offset=0, pin_to_head=False), meta=None, deploy_component=<DeployComponent.TRAINER: 'trainer'>, platform_access=<PlatformAccess.READ_DELETE: 'read-delete'>, worker_class='miles.ray.train.group.TrainerController', ctor_kwargs=<function _compute_spec_trainer_controller.<locals>.<lambda> at 0x7562c3268860>, concurrency_groups=None), actor_handle=Actor(TrainerController, 30148bea5bbcea8789d639b401000000), self_addrs=None, local_gpu_ids=None, gpu_slot_index=None)
[36m(yeto-rl-island-0, pid=2047)[0m [36m(RayWorkerManager pid=17545)[0m [2026-09-29 06:50:15.641 worker_manager] ray_worker_manager.py:409 - Killed actor at self=_ServeActorRayCommManager(manager=<miles.utils.workers.ray_worker_manager.RayWorkerManager object at 0x75634038f5c0>, parent=_CellManager(manager=<miles.utils.workers.ray_worker_manager.RayWorkerManager object at 0x75634038f5c0>, cell_index=0, spec=ServeWorkerSpec(name='trainer-engine-actor', category='trainer_engine', port_infos=[PortInfo(name='master', static_port=9000, mode='master', allow_dynamic=True, num_consecutive=1, offset_by_cell=False), PortInfo(name='rpc', static_port=8000, mode='per_worker', allow_dynamic=True, num_consecutive=1, offset_by_cell=False)], env_var=<function _compute_spec_trainer.<locals>.<lambda> at 0x7562c3268900>, scheduling=SchedulingSpec(num_cells=1, num_workers_per_cell=1, num_gpus_per_worker=0.4, num_cpus_per_worker=0.4, num_gpu_slots_per_worker=1, num_gpus_per_node=1, pg_name='actor', pg_slot_offset=0, pin_to_head=False), meta=<function _compute_spec_trainer.<locals>.<lambda> at 0x7562c3269da0>, deploy_component=<DeployComponent.TRAINER: 'trainer'>, platform_access=<PlatformAccess.NONE: 'none'>, worker_class='miles.backends.megatron_utils.actor.MegatronTrainRayActor', ctor_kwargs=<function _compute_spec_trainer.<locals>.<lambda> at 0x7562c326a980>, concurrency_groups=None), actors=[...], generation=1, liveness_scan_task=<Task pending name='Task-18' coro=<_CellManager._scan_liveness_forever() running at /root/miles/miles/utils/workers/ray_worker_manager.py:258> wait_for=<Future pending cb=[Task.task_wakeup()]>>), worker_in_cell_index=0, spec=ServeWorkerSpec(name='trainer-engine-actor', category='trainer_engine', port_infos=[PortInfo(name='master', static_port=9000, mode='master', allow_dynamic=True, num_consecutive=1, offset_by_cell=False), PortInfo(name='rpc', static_port=8000, mode='per_worker', allow_dynamic=True, num_consecutive=1, offset_by_cell=False)], env_var=<function _compute_spec_trainer.<locals>.<lambda> at 0x7562c3268900>, scheduling=SchedulingSpec(num_cells=1, num_workers_per_cell=1, num_gpus_per_worker=0.4, num_cpus_per_worker=0.4, num_gpu_slots_per_worker=1, num_gpus_per_node=1, pg_name='actor', pg_slot_offset=0, pin_to_head=False), meta=<function _compute_spec_trainer.<locals>.<lambda> at 0x7562c3269da0>, deploy_component=<DeployComponent.TRAINER: 'trainer'>, platform_access=<PlatformAccess.NONE: 'none'>, worker_class='miles.backends.megatron_utils.actor.MegatronTrainRayActor', ctor_kwargs=<function _compute_spec_trainer.<locals>.<lambda> at 0x7562c326a980>, concurrency_groups=None), actor_handle=Actor(MegatronTrainRayActor, a032cfb4d944c9d5bfaa4e3901000000), self_addrs=None, local_gpu_ids=None, gpu_slot_index=0)
[36m(yeto-rl-island-0, pid=2047)[0m [36m(RayWorkerManager pid=17545)[0m [2026-09-29 06:50:15.788 worker_manager] reporter.py:90 - audit op=env_report_summary hostname=computeinstance-e00zh6pn13tgfb5z38 versions="{\"python\":\"3.12.3\",\"platform\":\"Linux-6.11.0-1016-nvidia-x86_64-with-glibc2.39\",\"miles\":\"0.1.1\",\"sglang\":\"0.0.0.dev1+g9f29303be\",\"sglang-router\":\"0.3.2\",\"megatron-core\":\"0.19.0+a84b10547\",\"transformers\":\"5.12.1\",\"ray\":\"2.58.0\",\"flashinfer-python\":\"0.6.18\",\"torch\":\"2.13.0+cu130\",\"torch_cuda\":\"13.0\"}" repos="{\"miles\":\"0394715083c91182b5eb0c526eeee4196ac694b9\",\"sglang\":\"9f29303bef1eea38eb613e5f454a52db1326422d\",\"megatron-core\":\"a84b105473eca9c9c6e49dbf1c8aa460c5cf796e\"}" num_packages=425 num_env_vars=118 packages_probed=true stored=false
[36m(yeto-rl-island-0, pid=2047)[0m [36m(pid=18461)[0m Flax classes are deprecated and will be removed in Diffusers v1.0.0. We recommend migrating to PyTorch classes or pinning your version of Diffusers.
[36m(yeto-rl-island-0, pid=2047)[0m [36m(pid=18461)[0m Flax classes are deprecated and will be removed in Diffusers v1.0.0. We recommend migrating to PyTorch classes or pinning your version of Diffusers.
[36m(yeto-rl-island-0, pid=2047)[0m [36m(pid=18461)[0m WARNING:megatron.bridge.models.muse_glimmer:Muse Glimmer Hugging Face classes are unavailable with transformers 5.12.1. Upgrade transformers to a version that supports Muse Glimmer.
[36m(yeto-rl-island-0, pid=2047)[0m [36m(pid=18461)[0m WARNING:miles_plugins.models.qwen3_vl:megatron-bridge Qwen3VLModel lacks native CP-local vision-embed selection; CP runs with vision tokens will mis-place vision embeddings. Apply the matching Megatron-Bridge patch (radixark/Megatron-Bridge PR #9).
[36m(yeto-rl-island-0, pid=2047)[0m Traceback (most recent call last):
[36m(yeto-rl-island-0, pid=2047)[0m   File "<frozen runpy>", line 198, in _run_module_as_main
[36m(yeto-rl-island-0, pid=2047)[0m   File "<frozen runpy>", line 88, in _run_code
[36m(yeto-rl-island-0, pid=2047)[0m   File "/root/sky_workdir/yeto/rl/learner.py", line 2075, in <module>
[36m(yeto-rl-island-0, pid=2047)[0m     main()
[36m(yeto-rl-island-0, pid=2047)[0m   File "/root/sky_workdir/yeto/rl/learner.py", line 2065, in main
[36m(yeto-rl-island-0, pid=2047)[0m     run_miles(
[36m(yeto-rl-island-0, pid=2047)[0m   File "/root/sky_workdir/yeto/rl/learner.py", line 1912, in run_miles
[36m(yeto-rl-island-0, pid=2047)[0m     _run_ports(
[36m(yeto-rl-island-0, pid=2047)[0m   File "/root/sky_workdir/yeto/rl/learner.py", line 1953, in _run_ports
[36m(yeto-rl-island-0, pid=2047)[0m     run_ports_island(
[36m(yeto-rl-island-0, pid=2047)[0m   File "/root/sky_workdir/yeto/rl/engine/miles_adapter/entry.py", line 231, in run_ports_island
[36m(yeto-rl-island-0, pid=2047)[0m     controller, executor, actor, dispatcher = runner.run(init())
[36m(yeto-rl-island-0, pid=2047)[0m                                               ^^^^^^^^^^^^^^^^^^
[36m(yeto-rl-island-0, pid=2047)[0m   File "/root/sky_workdir/yeto/rl/engine/miles_adapter/__init__.py", line 48, in run
[36m(yeto-rl-island-0, pid=2047)[0m     return self.loop.run_until_complete(_await(value))
[36m(yeto-rl-island-0, pid=2047)[0m            ^^^^^^^^^^^^^^^^^^^^^^^^^^^^^^^^^^^^^^^^^^^
[36m(yeto-rl-island-0, pid=2047)[0m   File "/usr/lib/python3.12/asyncio/base_events.py", line 687, in run_until_complete
[36m(yeto-rl-island-0, pid=2047)[0m     return future.result()
[36m(yeto-rl-island-0, pid=2047)[0m            ^^^^^^^^^^^^^^^
[36m(yeto-rl-island-0, pid=2047)[0m   File "/root/sky_workdir/yeto/rl/engine/miles_adapter/__init__.py", line 57, in _await
[36m(yeto-rl-island-0, pid=2047)[0m     return await value
[36m(yeto-rl-island-0, pid=2047)[0m            ^^^^^^^^^^^
[36m(yeto-rl-island-0, pid=2047)[0m   File "/root/sky_workdir/yeto/rl/engine/miles_adapter/entry.py", line 218, in init
[36m(yeto-rl-island-0, pid=2047)[0m     init_orchestration_script(miles_args, disposer=disposer)
[36m(yeto-rl-island-0, pid=2047)[0m   File "/root/miles/miles/utils/orchestration_utils.py", line 22, in init_orchestration_script
[36m(yeto-rl-island-0, pid=2047)[0m     worker_manager = launch_worker_manager(args)
[36m(yeto-rl-island-0, pid=2047)[0m                      ^^^^^^^^^^^^^^^^^^^^^^^^^^^
[36m(yeto-rl-island-0, pid=2047)[0m   File "/root/miles/miles/ray/wiring.py", line 18, in launch_worker_manager
[36m(yeto-rl-island-0, pid=2047)[0m     return _launch_ray_worker_manager(args)
[36m(yeto-rl-island-0, pid=2047)[0m            ^^^^^^^^^^^^^^^^^^^^^^^^^^^^^^^^
[36m(yeto-rl-island-0, pid=2047)[0m   File "/root/miles/miles/ray/wiring.py", line 42, in _launch_ray_worker_manager
[36m(yeto-rl-island-0, pid=2047)[0m     return RayWorkerManager.launch(args, specs, pgs, comm_backend=WorkerCommBackend(args.worker_comm_backend))
[36m(yeto-rl-island-0, pid=2047)[0m            ^^^^^^^^^^^^^^^^^^^^^^^^^^^^^^^^^^^^^^^^^^^^^^^^^^^^^^^^^^^^^^^^^^^^^^^^^^^^^^^^^^^^^^^^^^^^^^^^^^^
[36m(yeto-rl-island-0, pid=2047)[0m   File "/root/miles/miles/utils/workers/ray_worker_manager.py", line 65, in launch
[36m(yeto-rl-island-0, pid=2047)[0m     ray.get(obj.init.remote(args, specs, pgs, comm_backend=comm_backend))
[36m(yeto-rl-island-0, pid=2047)[0m   File "/opt/sglang/lib/python3.12/site-packages/ray/_private/auto_init_hook.py", line 22, in auto_init_wrapper
[36m(yeto-rl-island-0, pid=2047)[0m     return fn(*args, **kwargs)
[36m(yeto-rl-island-0, pid=2047)[0m            ^^^^^^^^^^^^^^^^^^^
[36m(yeto-rl-island-0, pid=2047)[0m   File "/opt/sglang/lib/python3.12/site-packages/ray/_private/client_mode_hook.py", line 134, in wrapper
[36m(yeto-rl-island-0, pid=2047)[0m     return func(*args, **kwargs)
[36m(yeto-rl-island-0, pid=2047)[0m            ^^^^^^^^^^^^^^^^^^^^^
[36m(yeto-rl-island-0, pid=2047)[0m   File "/opt/sglang/lib/python3.12/site-packages/ray/_private/worker.py", line 2986, in get
[36m(yeto-rl-island-0, pid=2047)[0m     values, debugger_breakpoint = worker.get_objects(
[36m(yeto-rl-island-0, pid=2047)[0m                                   ^^^^^^^^^^^^^^^^^^^
[36m(yeto-rl-island-0, pid=2047)[0m   File "/opt/sglang/lib/python3.12/site-packages/ray/_private/worker.py", line 1050, in get_objects
[36m(yeto-rl-island-0, pid=2047)[0m     raise value.as_instanceof_cause()
[36m(yeto-rl-island-0, pid=2047)[0m ray.exceptions.RayTaskError(ConnectionError): [36mray::RayWorkerManager.init()[39m (pid=17545, ip=10.0.0.7, actor_id=e78bfd80a333ccd35365a4f701000000, repr=<miles.utils.workers.ray_worker_manager.RayWorkerManager object at 0x75634038f5c0>)
[36m(yeto-rl-island-0, pid=2047)[0m   File "/usr/lib/python3.12/concurrent/futures/_base.py", line 449, in result
[36m(yeto-rl-island-0, pid=2047)[0m     return self.__get_result()
[36m(yeto-rl-island-0, pid=2047)[0m            ^^^^^^^^^^^^^^^^^^^
[36m(yeto-rl-island-0, pid=2047)[0m   File "/usr/lib/python3.12/concurrent/futures/_base.py", line 401, in __get_result
[36m(yeto-rl-island-0, pid=2047)[0m     raise self._exception
[36m(yeto-rl-island-0, pid=2047)[0m            ^^^^^^^^^^^^^^^^^^^^^^^^^^^^^^^^^^^^^
[36m(yeto-rl-island-0, pid=2047)[0m   File "/root/miles/miles/utils/workers/ray_worker_manager.py", line 86, in init
[36m(yeto-rl-island-0, pid=2047)[0m     await self.start_cells([c.cell_id for c in self._all_cells()])
[36m(yeto-rl-island-0, pid=2047)[0m            ^^^^^^^^^^^^^^^^^^^^^^^^^^^^^^^^^^^^^
[36m(yeto-rl-island-0, pid=2047)[0m   File "/root/miles/miles/utils/workers/ray_worker_manager.py", line 92, in start_cells
[36m(yeto-rl-island-0, pid=2047)[0m     await _gather_or_raise([c.launch_actors() for c in cells])
[36m(yeto-rl-island-0, pid=2047)[0m   File "/root/miles/miles/utils/workers/ray_worker_manager.py", line 577, in _gather_or_raise
[36m(yeto-rl-island-0, pid=2047)[0m     raise result
[36m(yeto-rl-island-0, pid=2047)[0m   File "/root/miles/miles/utils/workers/ray_worker_manager.py", line 241, in launch_actors
[36m(yeto-rl-island-0, pid=2047)[0m     await self._for_all_actors(lambda a: a.launch_actor())
[36m(yeto-rl-island-0, pid=2047)[0m   File "/root/miles/miles/utils/workers/ray_worker_manager.py", line 286, in _for_all_actors
[36m(yeto-rl-island-0, pid=2047)[0m     await asyncio.gather(*[fn(a) for a in self.actors])
[36m(yeto-rl-island-0, pid=2047)[0m   File "/root/miles/miles/utils/workers/ray_worker_manager.py", line 475, in launch_actor
[36m(yeto-rl-island-0, pid=2047)[0m     self.actor_handle = self._create_actor(
[36m(yeto-rl-island-0, pid=2047)[0m                         ^^^^^^^^^^^^^^^^^^^
[36m(yeto-rl-island-0, pid=2047)[0m   File "/root/miles/miles/utils/workers/ray_worker_manager.py", line 393, in _create_actor
[36m(yeto-rl-island-0, pid=2047)[0m     **(compute_ray_pin_head_options() if self.spec.scheduling.pin_to_head else {}),
[36m(yeto-rl-island-0, pid=2047)[0m        ^^^^^^^^^^^^^^^^^^^^^^^^^^^^^^
[36m(yeto-rl-island-0, pid=2047)[0m   File "/root/miles/miles/utils/ray_utils.py", line 15, in compute_ray_pin_head_options
[36m(yeto-rl-island-0, pid=2047)[0m     head_node_id = _get_head_node_id()
[36m(yeto-rl-island-0, pid=2047)[0m                    ^^^^^^^^^^^^^^^^^^^
[36m(yeto-rl-island-0, pid=2047)[0m   File "/root/miles/miles/utils/ray_utils.py", line 25, in _get_head_node_id
[36m(yeto-rl-island-0, pid=2047)[0m     for node in list_nodes():
[36m(yeto-rl-island-0, pid=2047)[0m                 ^^^^^^^^^^^^
[36m(yeto-rl-island-0, pid=2047)[0m   File "/opt/sglang/lib/python3.12/site-packages/ray/util/state/api.py", line 919, in list_nodes
[36m(yeto-rl-island-0, pid=2047)[0m     return StateApiClient(address=address).list(
[36m(yeto-rl-island-0, pid=2047)[0m            ^^^^^^^^^^^^^^^^^^^^^^^^^^^^^^^
[36m(yeto-rl-island-0, pid=2047)[0m   File "/opt/sglang/lib/python3.12/site-packages/ray/util/state/api.py", line 144, in __init__
[36m(yeto-rl-island-0, pid=2047)[0m     api_server_url = get_address_for_submission_client(address)
[36m(yeto-rl-island-0, pid=2047)[0m                      ^^^^^^^^^^^^^^^^^^^^^^^^^^^^^^^^^^^^^^^^^^
[36m(yeto-rl-island-0, pid=2047)[0m   File "/opt/sglang/lib/python3.12/site-packages/ray/dashboard/utils.py", line 745, in get_address_for_submission_client
[36m(yeto-rl-island-0, pid=2047)[0m     address = ray_address_to_api_server_url(address)
[36m(yeto-rl-island-0, pid=2047)[0m               ^^^^^^^^^^^^^^^^^^^^^^^^^^^^^^^^^^^^^^
[36m(yeto-rl-island-0, pid=2047)[0m   File "/opt/sglang/lib/python3.12/site-packages/ray/dashboard/utils.py", line 687, in ray_address_to_api_server_url
[36m(yeto-rl-island-0, pid=2047)[0m     address = services.canonicalize_bootstrap_address_or_die(address)
[36m(yeto-rl-island-0, pid=2047)[0m               ^^^^^^^^^^^^^^^^^^^^^^^^^^^^^^^^^^^^^^^^^^^^^^^^^^^^^^^
[36m(yeto-rl-island-0, pid=2047)[0m ConnectionError: Found multiple active Ray instances: {'10.0.0.7:6380', '10.0.0.7:6379'}. Please specify the one to connect to by setting the `--address` flag or `RAY_ADDRESS` environment variable.
[36m(yeto-rl-island-0, pid=2047)[0m [36m(RayWorkerManager pid=17545)[0m [2026-09-29 06:50:29.198 worker_manager] ray_worker_manager.py:409 - Killed actor at self=_CommandActorManager(manager=<miles.utils.workers.ray_worker_manager.RayWorkerManager object at 0x75634038f5c0>, parent=_CellManager(manager=<miles.utils.workers.ray_worker_manager.RayWorkerManager object at 0x75634038f5c0>, cell_index=0, spec=CommandWorkerSpec(name='inference-engine-all-0-0', category='inference_engine', port_infos=[PortInfo(name='primary', static_port=8000, mode='per_worker', allow_dynamic=True, num_consecutive=1, offset_by_cell=False), PortInfo(name='dist_init', static_port=9000, mode='master', allow_dynamic=True, num_consecutive=31, offset_by_cell=False), PortInfo(name='nccl', static_port=10000, mode='per_worker', allow_dynamic=True, num_consecutive=1, offset_by_cell=False), PortInfo(name='engine_info_bootstrap', static_port=12000, mode='per_worker', allow_dynamic=True, num_consecutive=1, offset_by_cell=False), PortInfo(name='gate', static_port=13000, mode='master', allow_dynamic=True, num_consecutive=1, offset_by_cell=False)], env_var=<function _compute_spec_inference_engine.<locals>.<lambda> at 0x7562c3268400>, scheduling=SchedulingSpec(num_cells=1, num_workers_per_cell=1, num_gpus_per_worker=0.2, num_cpus_per_worker=0.2, num_gpu_slots_per_worker=1, num_gpus_per_node=1, pg_name='rollout', pg_slot_offset=0, pin_to_head=False), meta=<function _compute_spec_inference_engine.<locals>.<lambda> at 0x7562c3268540>, deploy_component=<DeployComponent.INFERENCE: 'inference'>, platform_access=<PlatformAccess.NONE: 'none'>, launch_command=<function _compute_spec_inference_engine.<locals>._compute_launch_command at 0x7562c3268680>), actors=[...], generation=1, liveness_scan_task=<Task pending name='Task-16' coro=<_CellManager._scan_liveness_forever() running at /root/miles/miles/utils/workers/ray_worker_manager.py:258> wait_for=<Future pending cb=[Task.task_wakeup()]>>), worker_in_cell_index=0, spec=CommandWorkerSpec(name='inference-engine-all-0-0', category='inference_engine', port_infos=[PortInfo(name='primary', static_port=8000, mode='per_worker', allow_dynamic=True, num_consecutive=1, offset_by_cell=False), PortInfo(name='dist_init', static_port=9000, mode='master', allow_dynamic=True, num_consecutive=31, offset_by_cell=False), PortInfo(name='nccl', static_port=10000, mode='per_worker', allow_dynamic=True, num_consecutive=1, offset_by_cell=False), PortInfo(name='engine_info_bootstrap', static_port=12000, mode='per_worker', allow_dynamic=True, num_consecutive=1, offset_by_cell=False), PortInfo(name='gate', static_port=13000, mode='master', allow_dynamic=True, num_consecutive=1, offset_by_cell=False)], env_var=<function _compute_spec_inference_engine.<locals>.<lambda> at 0x7562c3268400>, scheduling=SchedulingSpec(num_cells=1, num_workers_per_cell=1, num_gpus_per_worker=0.2, num_cpus_per_worker=0.2, num_gpu_slots_per_worker=1, num_gpus_per_node=1, pg_name='rollout', pg_slot_offset=0, pin_to_head=False), meta=<function _compute_spec_inference_engine.<locals>.<lambda> at 0x7562c3268540>, deploy_component=<DeployComponent.INFERENCE: 'inference'>, platform_access=<PlatformAccess.NONE: 'none'>, launch_command=<function _compute_spec_inference_engine.<locals>._compute_launch_command at 0x7562c3268680>), actor_handle=Actor(CommandActor, dbc7a32d0780d83c5f35e41501000000), self_addrs=None, local_gpu_ids=None, gpu_slot_index=0)
ERROR: [31mJob 1 failed with return code list:[0m [1] 
[0m[32m✓ Job finished (status: FAILED).[0m[0m
