[local-head] syncer port 29410
[launcher] syncer subprocess started (pid 3398016)
[launcher] syncer runs on this head node at 185.189.44.160:29410
[launcher] deploying Modal app yeto-algo1a-g3c-tis (2 island(s))
[syncer] 2026-09-29T19:54:45.200667Z  INFO yeto_syncer::server: syncer listening port=29410 semantic_profile_sha256="1e3a092fbeb8c06c79dcc3d771088ab76debcdc692d0507904484411c0864cd6" require_profile_binding=false
[syncer] 2026-09-29T19:54:45.200743Z  INFO yeto_syncer::server: waiting for learners and INIT_PARAMS expected=2
✓ Created objects.
├── ✓ Uploaded PythonPackage:yeto
├── ✓ Uploaded /tmp/algo1a/tree-g3
├── ✓ Created Function island-1.
└── ✓ Created Function island-0.
✓ App deployed in 3.483s! 🎉

View Deployment: 
https://modal.com/apps/yetalabs/main/deployed/yeto-algo1a-g3c-tis
[launcher] launching learner 0 on Modal as algo1a-g3c-tis-l0-modal
[launcher] launching learner 1 on Modal as algo1a-g3c-tis-l1-modal
[algo1a-g3c-tis-l1-modal] [modal-island 1] rank 0/1 starting
[algo1a-g3c-tis-l1-modal] 
[algo1a-g3c-tis-l1-modal] [modal-island 1] requested H100!:1, got ['NVIDIA H100 80GB HBM3']
[algo1a-g3c-tis-l1-modal] 
[algo1a-g3c-tis-l0-modal] [modal-island 0] rank 0/1 starting
[algo1a-g3c-tis-l0-modal] [modal-island 0] requested H100!:1, got ['NVIDIA H100 80GB HBM3']
[algo1a-g3c-tis-l0-modal] 
[algo1a-g3c-tis-l1-modal] /opt/sglang/lib/python3.12/site-packages/huggingface_hub/constants.py:301: FutureWarning: The `HF_HUB_ENABLE_HF_TRANSFER` environment variable is deprecated as 'hf_transfer' is not used anymore. Please use `HF_XET_HIGH_PERFORMANCE` instead to enable high performance transfer with Xet. Visit https://huggingface.co/docs/huggingface_hub/package_reference/environment_variables#hfxethighperformance for more details.
  warnings.warn(
[algo1a-g3c-tis-l1-modal] [yeto-setup] image provides sglang 9f29303bef1eea38eb613e5f454a52db1326422d
[algo1a-g3c-tis-l0-modal] /opt/sglang/lib/python3.12/site-packages/huggingface_hub/constants.py:301: FutureWarning: The `HF_HUB_ENABLE_HF_TRANSFER` environment variable is deprecated as 'hf_transfer' is not used anymore. Please use `HF_XET_HIGH_PERFORMANCE` instead to enable high performance transfer with Xet. Visit https://huggingface.co/docs/huggingface_hub/package_reference/environment_variables#hfxethighperformance for more details.
  warnings.warn(
[algo1a-g3c-tis-l1-modal] 2026-09-29 19:55:33,063	INFO usage_lib.py:474 -- Usage stats collection is enabled by default without user confirmation because this terminal is detected to be non-interactive. To disable this, add `--disable-usage-stats` to the command that starts the cluster, or run the following command: `ray disable-usage-stats` before starting the cluster. See https://docs.ray.io/en/master/cluster/usage-stats.html for more details.
[algo1a-g3c-tis-l1-modal] 2026-09-29 19:55:33,063	INFO scripts.py:1042 -- [37mLocal node IP[39m: [1m172.20.22.83[22m
[algo1a-g3c-tis-l1-modal] 2026-09-29 19:55:40,370	SUCC scripts.py:1081 -- [32m--------------------[39m
[algo1a-g3c-tis-l1-modal] 2026-09-29 19:55:40,370	SUCC scripts.py:1082 -- [32mRay runtime started.[39m
[algo1a-g3c-tis-l1-modal] 2026-09-29 19:55:40,370	SUCC scripts.py:1083 -- [32m--------------------[39m
[algo1a-g3c-tis-l1-modal] 2026-09-29 19:55:40,370	INFO scripts.py:1085 -- [36mNext steps[39m
[algo1a-g3c-tis-l1-modal] 2026-09-29 19:55:40,371	INFO cli_output_helpers.py:16 -- [2mNote: The following commands are intended for use on[22m
[algo1a-g3c-tis-l1-modal] 2026-09-29 19:55:40,371	INFO cli_output_helpers.py:17 -- [2mthe head node or within the cluster network.[22m
[algo1a-g3c-tis-l1-modal] 2026-09-29 19:55:40,371	INFO scripts.py:1089 -- To add another node to this Ray cluster, run
[algo1a-g3c-tis-l1-modal] 2026-09-29 19:55:40,371	INFO scripts.py:1092 -- [1m  ray start --address='172.20.22.83:6379'[22m
[algo1a-g3c-tis-l1-modal] 2026-09-29 19:55:40,371	INFO scripts.py:1103 -- To connect to this Ray cluster:
[algo1a-g3c-tis-l1-modal] 
[algo1a-g3c-tis-l1-modal] 2026-09-29 19:55:40,371	INFO scripts.py:1105 -- [35mimport[39m[26m ray
[algo1a-g3c-tis-l1-modal] 2026-09-29 19:55:40,371	INFO scripts.py:1106 -- ray[35m.[39m[26minit(_node_ip_address[35m=[39m[26m[33m'172.20.22.83'[39m[26m)
[algo1a-g3c-tis-l1-modal] 2026-09-29 19:55:40,371	INFO scripts.py:1120 -- To submit a Ray job using the Ray Jobs CLI:
[algo1a-g3c-tis-l1-modal] 2026-09-29 19:55:40,371	INFO scripts.py:1121 -- [1m  RAY_API_SERVER_ADDRESS='http://127.0.0.1:8265' ray job submit --working-dir . -- python my_script.py[22m
[algo1a-g3c-tis-l1-modal] 2026-09-29 19:55:40,371	INFO scripts.py:1130 -- See https://docs.ray.io/en/latest/cluster/running-applications/job-submission/index.html
[algo1a-g3c-tis-l1-modal] 2026-09-29 19:55:40,371	INFO scripts.py:1134 -- for more information on submitting Ray jobs to the Ray cluster.
[algo1a-g3c-tis-l1-modal] 2026-09-29 19:55:40,371	INFO scripts.py:1139 -- To terminate the Ray runtime, run
[algo1a-g3c-tis-l1-modal] 2026-09-29 19:55:40,371	INFO scripts.py:1140 -- [1m  ray stop[22m
[algo1a-g3c-tis-l1-modal] 2026-09-29 19:55:40,371	INFO scripts.py:1143 -- To view the status of the cluster, use
[algo1a-g3c-tis-l1-modal] 2026-09-29 19:55:40,371	INFO scripts.py:1144 --   [1mray status[22m[26m
[algo1a-g3c-tis-l1-modal] 2026-09-29 19:55:40,371	INFO scripts.py:1148 -- To monitor and debug Ray, view the dashboard at
[algo1a-g3c-tis-l1-modal] 2026-09-29 19:55:40,371	INFO scripts.py:1149 --   [1m127.0.0.1:8265[22m[26m
[algo1a-g3c-tis-l1-modal] 2026-09-29 19:55:40,371	INFO scripts.py:1156 -- [4mIf connection to the dashboard fails, check your firewall settings and network configuration.[24m
[algo1a-g3c-tis-l0-modal] [yeto-setup] image provides sglang 9f29303bef1eea38eb613e5f454a52db1326422d
[algo1a-g3c-tis-l0-modal] 2026-09-29 19:55:46,422	INFO usage_lib.py:474 -- Usage stats collection is enabled by default without user confirmation because this terminal is detected to be non-interactive. To disable this, add `--disable-usage-stats` to the command that starts the cluster, or run the following command: `ray disable-usage-stats` before starting the cluster. See https://docs.ray.io/en/master/cluster/usage-stats.html for more details.
[algo1a-g3c-tis-l0-modal] 2026-09-29 19:55:46,422	INFO scripts.py:1042 -- [37mLocal node IP[39m: [1m172.20.9.131[22m
[algo1a-g3c-tis-l0-modal] 
[algo1a-g3c-tis-l1-modal] /opt/sglang/lib/python3.12/site-packages/huggingface_hub/constants.py:301: FutureWarning: The `HF_HUB_ENABLE_HF_TRANSFER` environment variable is deprecated as 'hf_transfer' is not used anymore. Please use `HF_XET_HIGH_PERFORMANCE` instead to enable high performance transfer with Xet. Visit https://huggingface.co/docs/huggingface_hub/package_reference/environment_variables#hfxethighperformance for more details.
  warnings.warn(
[algo1a-g3c-tis-l1-modal] /opt/sglang/lib/python3.12/site-packages/transformer_engine/__init__.py:103: RuntimeWarning: Detected a Jax installation but could not find the shared object file for the Transformer Engine Jax extension library. If this is not intentional, please reinstall Transformer Engine with `pip install transformer_engine[jax]` or build from source with `NVTE_FRAMEWORK=jax`.
  warnings.warn(
[algo1a-g3c-tis-l0-modal] 2026-09-29 19:55:56,256	SUCC scripts.py:1081 -- [32m--------------------[39m
[algo1a-g3c-tis-l0-modal] 2026-09-29 19:55:56,257	SUCC scripts.py:1082 -- [32mRay runtime started.[39m
[algo1a-g3c-tis-l0-modal] 2026-09-29 19:55:56,257	SUCC scripts.py:1083 -- [32m--------------------[39m
[algo1a-g3c-tis-l0-modal] 2026-09-29 19:55:56,257	INFO scripts.py:1085 -- [36mNext steps[39m
[algo1a-g3c-tis-l0-modal] 2026-09-29 19:55:56,257	INFO cli_output_helpers.py:16 -- [2mNote: The following commands are intended for use on[22m
[algo1a-g3c-tis-l0-modal] 
[algo1a-g3c-tis-l0-modal] 2026-09-29 19:55:56,257	INFO cli_output_helpers.py:17 -- [2mthe head node or within the cluster network.[22m
[algo1a-g3c-tis-l0-modal] 2026-09-29 19:55:56,257	INFO scripts.py:1089 -- To add another node to this Ray cluster, run
[algo1a-g3c-tis-l0-modal] 2026-09-29 19:55:56,257	INFO scripts.py:1092 -- [1m  ray start --address='172.20.9.131:6379'[22m
[algo1a-g3c-tis-l0-modal] 2026-09-29 19:55:56,257	INFO scripts.py:1103 -- To connect to this Ray cluster:
[algo1a-g3c-tis-l0-modal] 2026-09-29 19:55:56,257	INFO scripts.py:1105 -- [35mimport[39m[26m ray
[algo1a-g3c-tis-l0-modal] 2026-09-29 19:55:56,258	INFO scripts.py:1106 -- ray[35m.[39m[26minit(_node_ip_address[35m=[39m[26m[33m'172.20.9.131'[39m[26m)
[algo1a-g3c-tis-l0-modal] 2026-09-29 19:55:56,258	INFO scripts.py:1120 -- To submit a Ray job using the Ray Jobs CLI:
[algo1a-g3c-tis-l0-modal] 2026-09-29 19:55:56,258	INFO scripts.py:1121 -- [1m  RAY_API_SERVER_ADDRESS='http://127.0.0.1:8265' ray job submit --working-dir . -- python my_script.py[22m
[algo1a-g3c-tis-l0-modal] 2026-09-29 19:55:56,258	INFO scripts.py:1130 -- See https://docs.ray.io/en/latest/cluster/running-applications/job-submission/index.html
[algo1a-g3c-tis-l0-modal] 2026-09-29 19:55:56,258	INFO scripts.py:1134 -- for more information on submitting Ray jobs to the Ray cluster.
[algo1a-g3c-tis-l0-modal] 2026-09-29 19:55:56,258	INFO scripts.py:1139 -- To terminate the Ray runtime, run
[algo1a-g3c-tis-l0-modal] 2026-09-29 19:55:56,258	INFO scripts.py:1140 -- [1m  ray stop[22m
[algo1a-g3c-tis-l0-modal] 2026-09-29 19:55:56,258	INFO scripts.py:1143 -- To view the status of the cluster, use
[algo1a-g3c-tis-l0-modal] 2026-09-29 19:55:56,258	INFO scripts.py:1144 --   [1mray status[22m[26m
[algo1a-g3c-tis-l0-modal] 2026-09-29 19:55:56,258	INFO scripts.py:1148 -- To monitor and debug Ray, view the dashboard at
[algo1a-g3c-tis-l0-modal] 2026-09-29 19:55:56,258	INFO scripts.py:1149 --   [1m127.0.0.1:8265[22m[26m
[algo1a-g3c-tis-l0-modal] 2026-09-29 19:55:56,258	INFO scripts.py:1156 -- [4mIf connection to the dashboard fails, check your firewall settings and network configuration.[24m
[algo1a-g3c-tis-l0-modal] /opt/sglang/lib/python3.12/site-packages/huggingface_hub/constants.py:301: FutureWarning: The `HF_HUB_ENABLE_HF_TRANSFER` environment variable is deprecated as 'hf_transfer' is not used anymore. Please use `HF_XET_HIGH_PERFORMANCE` instead to enable high performance transfer with Xet. Visit https://huggingface.co/docs/huggingface_hub/package_reference/environment_variables#hfxethighperformance for more details.
  warnings.warn(
[algo1a-g3c-tis-l0-modal] /opt/sglang/lib/python3.12/site-packages/transformer_engine/__init__.py:103: RuntimeWarning: Detected a Jax installation but could not find the shared object file for the Transformer Engine Jax extension library. If this is not intentional, please reinstall Transformer Engine with `pip install transformer_engine[jax]` or build from source with `NVTE_FRAMEWORK=jax`.
  warnings.warn(
[algo1a-g3c-tis-l1-modal] Flax classes are deprecated and will be removed in Diffusers v1.0.0. We recommend migrating to PyTorch classes or pinning your version of Diffusers.
[algo1a-g3c-tis-l1-modal] Flax classes are deprecated and will be removed in Diffusers v1.0.0. We recommend migrating to PyTorch classes or pinning your version of Diffusers.
[algo1a-g3c-tis-l1-modal] WARNING:megatron.bridge.models.muse_glimmer:Muse Glimmer Hugging Face classes are unavailable with transformers 5.12.1. Upgrade transformers to a version that supports Muse Glimmer.
[algo1a-g3c-tis-l1-modal] WARNING:miles_plugins.models.qwen3_vl:megatron-bridge Qwen3VLModel lacks native CP-local vision-embed selection; CP runs with vision tokens will mis-place vision embeddings. Apply the matching Megatron-Bridge patch (radixark/Megatron-Bridge PR #9).
[algo1a-g3c-tis-l1-modal] Fetching 10 files:   0%|          | 0/10 [00:00<?, ?it/s]
[algo1a-g3c-tis-l1-modal] Warning: You are sending unauthenticated requests to the HF Hub. Please set a HF_TOKEN to enable higher rate limits and faster downloads.
[algo1a-g3c-tis-l1-modal] WARNING:huggingface_hub.utils._http:Warning: You are sending unauthenticated requests to the HF Hub. Please set a HF_TOKEN to enable higher rate limits and faster downloads.
[algo1a-g3c-tis-l1-modal] Fetching 10 files:  20%|██        | 2/10 [00:00<00:00, 17.77it/s]
[algo1a-g3c-tis-l1-modal] Fetching 10 files:  80%|████████  | 8/10 [00:00<00:00, 35.85it/s]
[algo1a-g3c-tis-l1-modal] Fetching 10 files: 100%|██████████| 10/10 [00:05<00:00,  1.73it/s]
[algo1a-g3c-tis-l1-modal] 
[algo1a-g3c-tis-l1-modal] Generating train split: 0 examples [00:00, ? examples/s]
[algo1a-g3c-tis-l1-modal] Generating train split: 7473 examples [00:00, 383802.93 examples/s]
[algo1a-g3c-tis-l1-modal] 
[algo1a-g3c-tis-l1-modal] Generating test split: 0 examples [00:00, ? examples/s]
[algo1a-g3c-tis-l1-modal] Generating test split: 1319 examples [00:00, 202759.28 examples/s]
[algo1a-g3c-tis-l1-modal] 
[algo1a-g3c-tis-l1-modal] WARNING:megatron.bridge.models.conversion.auto_bridge:Loading a model with trust_remote_code=True allows arbitrary code execution from the model repository. Only use this with models you trust.
[algo1a-g3c-tis-l1-modal] /opt/sglang/lib/python3.12/site-packages/megatron/bridge/models/qwen/qwen3_bridge.py:45: FutureWarning: Qwen3Bridge.provider_bridge() and AutoBridge.to_megatron_provider() are deprecated for builder-backed models. Use AutoBridge.get_model_config() for training recipes or AutoBridge.get_model() to construct a model. Legacy provider support will be removed in a future release.
  provider = super().provider_bridge(hf_pretrained)
[algo1a-g3c-tis-l1-modal] [transformers] `torch_dtype` is deprecated! Use `dtype` instead!
[algo1a-g3c-tis-l1-modal] /root/Megatron-LM/megatron/core/transformer/transformer_config.py:3249: UserWarning: full scope is deprecated. Use empty cuda_graph_modules to capture the whole layer.
  warnings.warn(
[algo1a-g3c-tis-l1-modal] WARNING: Inferring the appropriate argparse argument type from <class 'megatron.core.transformer.transformer_config.TransformerConfig'> failed for pad_packed_seq_alignment: typing.Union[int, typing.Literal['max'], NoneType].
Deferring to attribute metadata. If the metadata is incomplete, 'parser.add_argument()' may fail.
Original failure: Unions not supported by argparse: typing.Union[int, typing.Literal['max'], NoneType]
[algo1a-g3c-tis-l1-modal] 
[algo1a-g3c-tis-l1-modal] [2026-09-29 19:56:35.971 main] arguments.py:49 - --tokenizer-model not set, use --hf-checkpoint as tokenizer model.
[algo1a-g3c-tis-l1-modal] [2026-09-29 19:56:35.996 main] arguments.py:222 - MoE-expert LoRA layout: per-expert (--experts-shared-outer-loras).
[algo1a-g3c-tis-l1-modal] [2026-09-29 19:56:35.997 main] arguments.py:3627 - Colocate mode: defaulting --sglang-cuda-graph-backend-prefill=disabled to avoid NVLS OOM. Set --sglang-cuda-graph-backend-prefill explicitly to override.
[algo1a-g3c-tis-l1-modal] [2026-09-29 19:56:35.997 main] arguments.py:3637 - rollout_num_gpus None != actor_num_gpus_per_node 1 * actor_num_nodes 1, overriding rollout_num_gpus to match actor_num_gpus_per_node * actor_num_nodes.
[algo1a-g3c-tis-l1-modal] [2026-09-29 19:56:35.998 main] arguments.py:3869 - args.eval_max_context_len is not set. Use args.rollout_max_context_len 1024 as default value.
[algo1a-g3c-tis-l1-modal] [2026-09-29 19:56:35.998 main] arguments.py:3877 - args.rollout_max_prompt_len is not set. Use args.rollout_max_context_len - 1 (1024 - 1) as default value so that there is at least one generated token to compute loss.
[algo1a-g3c-tis-l1-modal] /root/Megatron-LM/megatron/core/_rank_utils.py:39: UserWarning: Could not determine rank from torch.distributed, RANK, or SLURM_PROCID. Defaulting to rank 0.
  warnings.warn(
[algo1a-g3c-tis-l1-modal] using world size: 1, data-parallel size: 1, context-parallel size: 1, hierarchical context-parallel sizes: None, tensor-model-parallel size: 1, pipeline-model-parallel size: 1
[algo1a-g3c-tis-l1-modal] 
[algo1a-g3c-tis-l1-modal] Number of virtual stages per pipeline stage: None
[algo1a-g3c-tis-l1-modal] 
[algo1a-g3c-tis-l1-modal] using torch.bfloat16 for parameters ...
[algo1a-g3c-tis-l1-modal] 
[algo1a-g3c-tis-l1-modal] ------------------------ arguments ------------------------
[algo1a-g3c-tis-l1-modal] 
[algo1a-g3c-tis-l1-modal]   _is_global_batch_size_explicitly_specified ...... True
[algo1a-g3c-tis-l1-modal] 
[algo1a-g3c-tis-l1-modal]   account_for_embedding_in_pipeline_split ......... False
[algo1a-g3c-tis-l1-modal] 
[algo1a-g3c-tis-l1-modal]   account_for_loss_in_pipeline_split .............. False
[algo1a-g3c-tis-l1-modal] 
[algo1a-g3c-tis-l1-modal]   accumulate_allreduce_grads_in_fp32 .............. True
[algo1a-g3c-tis-l1-modal] 
[algo1a-g3c-tis-l1-modal]   activation_func_clamp_shared_expert ............. True
[algo1a-g3c-tis-l1-modal] 
[algo1a-g3c-tis-l1-modal]   activation_func_clamp_value ..................... None
[algo1a-g3c-tis-l1-modal] 
[algo1a-g3c-tis-l1-modal]   activation_offload_fraction ..................... 1.0
[algo1a-g3c-tis-l1-modal] 
[algo1a-g3c-tis-l1-modal]   actor_num_gpus_per_node ......................... 1
[algo1a-g3c-tis-l1-modal] 
[algo1a-g3c-tis-l1-modal]   actor_num_nodes ................................. 1
[algo1a-g3c-tis-l1-modal] 
[algo1a-g3c-tis-l1-modal]   adam_beta1 ...................................... 0.9
[algo1a-g3c-tis-l1-modal] 
[algo1a-g3c-tis-l1-modal]   adam_beta2 ...................................... 0.999
[algo1a-g3c-tis-l1-modal] 
[algo1a-g3c-tis-l1-modal]   adam_eps ........................................ 1e-08
[algo1a-g3c-tis-l1-modal] 
[algo1a-g3c-tis-l1-modal]   add_bias_linear ................................. False
[algo1a-g3c-tis-l1-modal] 
[algo1a-g3c-tis-l1-modal]   add_position_embedding .......................... True
[algo1a-g3c-tis-l1-modal] 
[algo1a-g3c-tis-l1-modal]   add_qkv_bias .................................... False
[algo1a-g3c-tis-l1-modal] 
[algo1a-g3c-tis-l1-modal]   adlr_autoresume ................................. False
[algo1a-g3c-tis-l1-modal] 
[algo1a-g3c-tis-l1-modal]   adlr_autoresume_interval ........................ 1000
[algo1a-g3c-tis-l1-modal] 
[algo1a-g3c-tis-l1-modal]   advantage_estimator ............................. grpo
[algo1a-g3c-tis-l1-modal] 
[algo1a-g3c-tis-l1-modal]   align_grad_reduce ............................... True
[algo1a-g3c-tis-l1-modal] 
[algo1a-g3c-tis-l1-modal]   align_param_gather .............................. False
[algo1a-g3c-tis-l1-modal] 
[algo1a-g3c-tis-l1-modal]   allgather_cp .................................... False
[algo1a-g3c-tis-l1-modal] 
[algo1a-g3c-tis-l1-modal]   allow_ambiguous_pad_tokens ...................... False
[algo1a-g3c-tis-l1-modal] 
[algo1a-g3c-tis-l1-modal]   allow_partial_train_step ........................ False
[algo1a-g3c-tis-l1-modal] 
[algo1a-g3c-tis-l1-modal]   api_server_host ................................. 127.0.0.1
[algo1a-g3c-tis-l1-modal] 
[algo1a-g3c-tis-l1-modal]   api_server_port ................................. 0
[algo1a-g3c-tis-l1-modal] 
[algo1a-g3c-tis-l1-modal]   app_tag_run_name ................................ None
[algo1a-g3c-tis-l1-modal] 
[algo1a-g3c-tis-l1-modal]   app_tag_run_version ............................. 0.0.0
[algo1a-g3c-tis-l1-modal] 
[algo1a-g3c-tis-l1-modal]   apply_chat_template ............................. True
[algo1a-g3c-tis-l1-modal] 
[algo1a-g3c-tis-l1-modal]   apply_chat_template_kwargs ...................... {'enable_thinking': False}
[algo1a-g3c-tis-l1-modal] 
[algo1a-g3c-tis-l1-modal]   apply_dsa_kernel_fusion ......................... None
[algo1a-g3c-tis-l1-modal] 
[algo1a-g3c-tis-l1-modal]   apply_query_key_layer_scaling ................... False
[algo1a-g3c-tis-l1-modal] 
[algo1a-g3c-tis-l1-modal]   apply_residual_connection_post_layernorm ........ False
[algo1a-g3c-tis-l1-modal] 
[algo1a-g3c-tis-l1-modal]   apply_rope_fusion ............................... True
[algo1a-g3c-tis-l1-modal] 
[algo1a-g3c-tis-l1-modal]   apply_wd_to_qk_layernorm ........................ False
[algo1a-g3c-tis-l1-modal] 
[algo1a-g3c-tis-l1-modal]   async_ckpt_cpu_priority ......................... 10
[algo1a-g3c-tis-l1-modal] 
[algo1a-g3c-tis-l1-modal]   async_ckpt_io_priority .......................... 3
[algo1a-g3c-tis-l1-modal] 
[algo1a-g3c-tis-l1-modal]   async_ckpt_use_cpu_shm .......................... False
[algo1a-g3c-tis-l1-modal] 
[algo1a-g3c-tis-l1-modal]   async_data_buffer_capacity_factor ............... 2.0
[algo1a-g3c-tis-l1-modal] 
[algo1a-g3c-tis-l1-modal]   async_max_concurrent_samples .................... None
[algo1a-g3c-tis-l1-modal] 
[algo1a-g3c-tis-l1-modal]   async_save ...................................... False
[algo1a-g3c-tis-l1-modal] 
[algo1a-g3c-tis-l1-modal]   async_strategy .................................. mcore
[algo1a-g3c-tis-l1-modal] 
[algo1a-g3c-tis-l1-modal]   async_unused_samples_handler .................... drop
[algo1a-g3c-tis-l1-modal] 
[algo1a-g3c-tis-l1-modal]   attention_backend ............................... AttnBackend.unfused
[algo1a-g3c-tis-l1-modal] 
[algo1a-g3c-tis-l1-modal]   attention_dropout ............................... 0.1
[algo1a-g3c-tis-l1-modal] 
[algo1a-g3c-tis-l1-modal]   attention_output_gate ........................... False
[algo1a-g3c-tis-l1-modal] 
[algo1a-g3c-tis-l1-modal]   attention_softmax_in_fp32 ....................... True
[algo1a-g3c-tis-l1-modal] 
[algo1a-g3c-tis-l1-modal]   auto_detect_ckpt_format ......................... False
[algo1a-g3c-tis-l1-modal] 
[algo1a-g3c-tis-l1-modal]   balance_by_flops ................................ False
[algo1a-g3c-tis-l1-modal] 
[algo1a-g3c-tis-l1-modal]   balance_data .................................... True
[algo1a-g3c-tis-l1-modal] 
[algo1a-g3c-tis-l1-modal]   barrier_with_L1_time ............................ True
[algo1a-g3c-tis-l1-modal] 
[algo1a-g3c-tis-l1-modal]   batch_invariant_mode ............................ False
[algo1a-g3c-tis-l1-modal] 
[algo1a-g3c-tis-l1-modal]   bert_binary_head ................................ True
[algo1a-g3c-tis-l1-modal] 
[algo1a-g3c-tis-l1-modal]   bert_embedder_type .............................. megatron
[algo1a-g3c-tis-l1-modal] 
[algo1a-g3c-tis-l1-modal]   bert_load ....................................... None
[algo1a-g3c-tis-l1-modal] 
[algo1a-g3c-tis-l1-modal]   beta_fast ....................................... 32
[algo1a-g3c-tis-l1-modal] 
[algo1a-g3c-tis-l1-modal]   beta_slow ....................................... 1
[algo1a-g3c-tis-l1-modal] 
[algo1a-g3c-tis-l1-modal]   bf16 ............................................ True
[algo1a-g3c-tis-l1-modal] 
  bias_dropout_fusion ............................. True
[algo1a-g3c-tis-l1-modal] 
[algo1a-g3c-tis-l1-modal]   bias_gelu_fusion ................................ False
[algo1a-g3c-tis-l1-modal] 
[algo1a-g3c-tis-l1-modal]   bias_swiglu_fusion .............................. True
[algo1a-g3c-tis-l1-modal] 
[algo1a-g3c-tis-l1-modal]   biencoder_projection_dim ........................ 0
[algo1a-g3c-tis-l1-modal] 
[algo1a-g3c-tis-l1-modal]   biencoder_shared_query_context_model ............ False
[algo1a-g3c-tis-l1-modal] 
[algo1a-g3c-tis-l1-modal]   block_data_path ................................. None
[algo1a-g3c-tis-l1-modal] 
[algo1a-g3c-tis-l1-modal]   buffer_filter_path .............................. yeto.rl.engine.miles_adapter.rollout_meta_hook.policy_buffer_filter
[algo1a-g3c-tis-l1-modal] 
[algo1a-g3c-tis-l1-modal]   cache_mla_latents ............................... False
[algo1a-g3c-tis-l1-modal] 
[algo1a-g3c-tis-l1-modal]   calc_ft_timeouts ................................ False
[algo1a-g3c-tis-l1-modal] 
[algo1a-g3c-tis-l1-modal]   calculate_per_token_loss ........................ False
[algo1a-g3c-tis-l1-modal] 
[algo1a-g3c-tis-l1-modal]   chat_template ................................... None
[algo1a-g3c-tis-l1-modal] 
[algo1a-g3c-tis-l1-modal]   chat_template_path .............................. None
[algo1a-g3c-tis-l1-modal] 
[algo1a-g3c-tis-l1-modal]   check_for_large_grads ........................... False
[algo1a-g3c-tis-l1-modal] 
[algo1a-g3c-tis-l1-modal]   check_for_nan_in_loss_and_grad .................. True
[algo1a-g3c-tis-l1-modal] 
[algo1a-g3c-tis-l1-modal]   check_for_spiky_loss ............................ False
[algo1a-g3c-tis-l1-modal] 
[algo1a-g3c-tis-l1-modal]   check_lora_weight_equal ......................... False
[algo1a-g3c-tis-l1-modal] 
[algo1a-g3c-tis-l1-modal]   check_rematerialize_param_from_master_weight .... False
[algo1a-g3c-tis-l1-modal] 
[algo1a-g3c-tis-l1-modal]   check_weight_hash_across_dp_replicas_interval ... None
[algo1a-g3c-tis-l1-modal] 
[algo1a-g3c-tis-l1-modal]   check_weight_update_allow_quant_error ........... False
[algo1a-g3c-tis-l1-modal] 
[algo1a-g3c-tis-l1-modal]   check_weight_update_equal ....................... False
[algo1a-g3c-tis-l1-modal] 
[algo1a-g3c-tis-l1-modal]   check_weight_update_selector .................... all
[algo1a-g3c-tis-l1-modal] 
[algo1a-g3c-tis-l1-modal]   check_weight_update_skip_list ................... None
[algo1a-g3c-tis-l1-modal] 
[algo1a-g3c-tis-l1-modal]   chunked_optimizer_state_offload ................. False
[algo1a-g3c-tis-l1-modal] 
[algo1a-g3c-tis-l1-modal]   ci_check_model_hash ............................. False
[algo1a-g3c-tis-l1-modal] 
[algo1a-g3c-tis-l1-modal]   ci_disable_kl_checker ........................... False
[algo1a-g3c-tis-l1-modal] 
[algo1a-g3c-tis-l1-modal]   ci_disable_logprobs_checker ..................... False
[algo1a-g3c-tis-l1-modal] 
[algo1a-g3c-tis-l1-modal]   ci_disable_weight_update_checker ................ False
[algo1a-g3c-tis-l1-modal] 
[algo1a-g3c-tis-l1-modal]   ci_enable_metrics_capture ....................... False
[algo1a-g3c-tis-l1-modal] 
[algo1a-g3c-tis-l1-modal]   ci_ft_test_actions .............................. None
[algo1a-g3c-tis-l1-modal] 
[algo1a-g3c-tis-l1-modal]   ci_ft_test_actions_path ......................... None
[algo1a-g3c-tis-l1-modal] 
[algo1a-g3c-tis-l1-modal]   ci_inject_rollout_data_min_match_ratio .......... 0.9
[algo1a-g3c-tis-l1-modal] 
[algo1a-g3c-tis-l1-modal]   ci_inject_rollout_data_path ..................... None
[algo1a-g3c-tis-l1-modal] 
[algo1a-g3c-tis-l1-modal]   ci_inject_rollout_data_start_rollout_id ......... None
[algo1a-g3c-tis-l1-modal] 
[algo1a-g3c-tis-l1-modal]   ci_load_grad_norm ............................... None
[algo1a-g3c-tis-l1-modal] 
[algo1a-g3c-tis-l1-modal]   ci_metric_checker_expect_num .................... None
[algo1a-g3c-tis-l1-modal] 
[algo1a-g3c-tis-l1-modal]   ci_metric_checker_key ........................... None
[algo1a-g3c-tis-l1-modal] 
[algo1a-g3c-tis-l1-modal]   ci_metric_checker_threshold ..................... None
[algo1a-g3c-tis-l1-modal] 
[algo1a-g3c-tis-l1-modal]   ci_save_grad_norm ............................... None
[algo1a-g3c-tis-l1-modal] 
[algo1a-g3c-tis-l1-modal]   ci_save_model_hash .............................. False
[algo1a-g3c-tis-l1-modal] 
[algo1a-g3c-tis-l1-modal]   ci_test ......................................... False
[algo1a-g3c-tis-l1-modal] 
[algo1a-g3c-tis-l1-modal]   ci_tito_special_token_count_threshold ........... 0.0
[algo1a-g3c-tis-l1-modal] 
[algo1a-g3c-tis-l1-modal]   ckpt_assume_constant_structure .................. False
[algo1a-g3c-tis-l1-modal] 
[algo1a-g3c-tis-l1-modal]   ckpt_convert_format ............................. None
[algo1a-g3c-tis-l1-modal] 
[algo1a-g3c-tis-l1-modal]   ckpt_convert_save ............................... None
[algo1a-g3c-tis-l1-modal] 
[algo1a-g3c-tis-l1-modal]   ckpt_convert_update_legacy_dist_opt_format ...... False
[algo1a-g3c-tis-l1-modal] 
[algo1a-g3c-tis-l1-modal]   ckpt_format ..................................... torch_dist
[algo1a-g3c-tis-l1-modal] 
[algo1a-g3c-tis-l1-modal]   ckpt_fully_parallel_load ........................ False
[algo1a-g3c-tis-l1-modal] 
[algo1a-g3c-tis-l1-modal]   ckpt_fully_parallel_load_exchange_algo .......... broadcast
[algo1a-g3c-tis-l1-modal] 
[algo1a-g3c-tis-l1-modal]   ckpt_fully_parallel_load_process_group .......... dp
[algo1a-g3c-tis-l1-modal] 
[algo1a-g3c-tis-l1-modal]   ckpt_fully_parallel_save ........................ True
[algo1a-g3c-tis-l1-modal] 
[algo1a-g3c-tis-l1-modal]   ckpt_fully_parallel_save_deprecated ............. False
[algo1a-g3c-tis-l1-modal] 
[algo1a-g3c-tis-l1-modal]   ckpt_fully_parallel_save_process_group .......... dp
[algo1a-g3c-tis-l1-modal] 
[algo1a-g3c-tis-l1-modal]   ckpt_load_validate_sharding_integrity ........... True
[algo1a-g3c-tis-l1-modal] 
[algo1a-g3c-tis-l1-modal]   ckpt_step ....................................... None
[algo1a-g3c-tis-l1-modal] 
[algo1a-g3c-tis-l1-modal]   classes_fraction ................................ 1.0
[algo1a-g3c-tis-l1-modal] 
[algo1a-g3c-tis-l1-modal]   clear_quantized_weight_workspaces_on_offload .... True
[algo1a-g3c-tis-l1-modal] 
[algo1a-g3c-tis-l1-modal]   clip_grad ....................................... 1.0
[algo1a-g3c-tis-l1-modal] 
[algo1a-g3c-tis-l1-modal]   clone_scatter_output_in_embedding ............... True
[algo1a-g3c-tis-l1-modal] 
[algo1a-g3c-tis-l1-modal]   cluster_backend ................................. ray
[algo1a-g3c-tis-l1-modal] 
[algo1a-g3c-tis-l1-modal]   colocate ........................................ True
[algo1a-g3c-tis-l1-modal] 
[algo1a-g3c-tis-l1-modal]   colocate_memory_peak_device ..................... cpu
[algo1a-g3c-tis-l1-modal] 
  compress_ratios ................................. None
[algo1a-g3c-tis-l1-modal] 
[algo1a-g3c-tis-l1-modal]   compute_advantages_and_returns .................. True
[algo1a-g3c-tis-l1-modal] 
[algo1a-g3c-tis-l1-modal]   config_logger_dir ...............................
[algo1a-g3c-tis-l1-modal] 
[algo1a-g3c-tis-l1-modal]   consumed_train_samples .......................... 0
[algo1a-g3c-tis-l1-modal] 
[algo1a-g3c-tis-l1-modal]   consumed_valid_samples .......................... 0
[algo1a-g3c-tis-l1-modal] 
[algo1a-g3c-tis-l1-modal]   context_parallel_size ........................... 1
[algo1a-g3c-tis-l1-modal] 
[algo1a-g3c-tis-l1-modal]   cp_comm_type .................................... ['p2p']
[algo1a-g3c-tis-l1-modal] 
[algo1a-g3c-tis-l1-modal]   cp_partition_mode ............................... zigzag
[algo1a-g3c-tis-l1-modal] 
[algo1a-g3c-tis-l1-modal]   cpu_offloading_num_layers ....................... 0
[algo1a-g3c-tis-l1-modal] 
[algo1a-g3c-tis-l1-modal]   cpu_offloading_retain_pinned_cpu_buffers ........ False
[algo1a-g3c-tis-l1-modal] 
[algo1a-g3c-tis-l1-modal]   create_all_gather_group ......................... False
[algo1a-g3c-tis-l1-modal] 
[algo1a-g3c-tis-l1-modal]   create_attention_mask_in_dataloader ............. True
[algo1a-g3c-tis-l1-modal] 
[algo1a-g3c-tis-l1-modal]   critic_load ..................................... /root/.cache/huggingface/hub/models--Qwen--Qwen3-0.6B/snapshots/c1899de289a04d12100db370d81485cdf75e47ca
[algo1a-g3c-tis-l1-modal] 
[algo1a-g3c-tis-l1-modal]   critic_lr ....................................... 1e-05
[algo1a-g3c-tis-l1-modal] 
[algo1a-g3c-tis-l1-modal]   critic_lr_warmup_iters .......................... 0
[algo1a-g3c-tis-l1-modal] 
[algo1a-g3c-tis-l1-modal]   critic_num_gpus_per_node ........................ None
[algo1a-g3c-tis-l1-modal] 
[algo1a-g3c-tis-l1-modal]   critic_num_nodes ................................ None
[algo1a-g3c-tis-l1-modal] 
[algo1a-g3c-tis-l1-modal]   critic_save ..................................... None
[algo1a-g3c-tis-l1-modal] 
[algo1a-g3c-tis-l1-modal]   cross_entropy_fusion_impl ....................... native
[algo1a-g3c-tis-l1-modal] 
[algo1a-g3c-tis-l1-modal]   cross_entropy_loss_fusion ....................... False
[algo1a-g3c-tis-l1-modal] 
[algo1a-g3c-tis-l1-modal]   csa_compress_ratios ............................. None
[algo1a-g3c-tis-l1-modal] 
[algo1a-g3c-tis-l1-modal]   csa_compress_rotary_base ........................ 40000.0
[algo1a-g3c-tis-l1-modal] 
[algo1a-g3c-tis-l1-modal]   csa_dense_mode .................................. False
[algo1a-g3c-tis-l1-modal] 
[algo1a-g3c-tis-l1-modal]   csa_window_size ................................. 128
[algo1a-g3c-tis-l1-modal] 
[algo1a-g3c-tis-l1-modal]   cuda_graph_dynamic_microbatches ................. False
[algo1a-g3c-tis-l1-modal] 
  cuda_graph_impl ................................. none
[algo1a-g3c-tis-l1-modal] 
[algo1a-g3c-tis-l1-modal]   cuda_graph_modules .............................. []
[algo1a-g3c-tis-l1-modal] 
[algo1a-g3c-tis-l1-modal]   cuda_graph_warmup_steps ......................... 3
[algo1a-g3c-tis-l1-modal] 
[algo1a-g3c-tis-l1-modal]   custom_async_data_buffer_path ................... None
[algo1a-g3c-tis-l1-modal] 
[algo1a-g3c-tis-l1-modal]   custom_config_path .............................. None
[algo1a-g3c-tis-l1-modal] 
[algo1a-g3c-tis-l1-modal]   custom_convert_samples_to_train_data_path ....... None
[algo1a-g3c-tis-l1-modal] 
[algo1a-g3c-tis-l1-modal]   custom_eval_rollout_log_function_path ........... None
[algo1a-g3c-tis-l1-modal] 
[algo1a-g3c-tis-l1-modal]   custom_generate_function_path ................... None
[algo1a-g3c-tis-l1-modal] 
[algo1a-g3c-tis-l1-modal]   custom_inference_engine_provider_path ........... miles.ray.specs.inference.backend_inference_engine_provider
[algo1a-g3c-tis-l1-modal] 
[algo1a-g3c-tis-l1-modal]   custom_loss_function_path ....................... None
[algo1a-g3c-tis-l1-modal] 
[algo1a-g3c-tis-l1-modal]   custom_megatron_before_log_prob_hook_path ....... None
[algo1a-g3c-tis-l1-modal] 
[algo1a-g3c-tis-l1-modal]   custom_megatron_before_train_step_hook_path ..... None
[algo1a-g3c-tis-l1-modal] 
[algo1a-g3c-tis-l1-modal]   custom_megatron_init_path ....................... None
[algo1a-g3c-tis-l1-modal] 
[algo1a-g3c-tis-l1-modal]   custom_megatron_post_save_hook_path ............. None
[algo1a-g3c-tis-l1-modal] 
[algo1a-g3c-tis-l1-modal]   custom_model_provider_path ...................... None
[algo1a-g3c-tis-l1-modal] 
[algo1a-g3c-tis-l1-modal]   custom_pg_loss_reducer_function_path ............ None
[algo1a-g3c-tis-l1-modal] 
[algo1a-g3c-tis-l1-modal]   custom_reward_post_process_path ................. None
[algo1a-g3c-tis-l1-modal] 
[algo1a-g3c-tis-l1-modal]   custom_rm_path .................................. gsm8k_reward.score
[algo1a-g3c-tis-l1-modal] 
[algo1a-g3c-tis-l1-modal]   custom_rollout_log_function_path ................ None
[algo1a-g3c-tis-l1-modal] 
[algo1a-g3c-tis-l1-modal]   custom_tis_function_path ........................ None
[algo1a-g3c-tis-l1-modal] 
[algo1a-g3c-tis-l1-modal]   custom_update_weight_post_write_path ............ None
[algo1a-g3c-tis-l1-modal] 
[algo1a-g3c-tis-l1-modal]   dashboard_flush_interval ........................ 5.0
[algo1a-g3c-tis-l1-modal] 
[algo1a-g3c-tis-l1-modal]   dashboard_forward_prometheus .................... False
[algo1a-g3c-tis-l1-modal] 
[algo1a-g3c-tis-l1-modal]   dashboard_gpu_sample_interval ................... 1.0
[algo1a-g3c-tis-l1-modal] 
[algo1a-g3c-tis-l1-modal]   dashboard_sglang_metrics ........................ None
[algo1a-g3c-tis-l1-modal] 
[algo1a-g3c-tis-l1-modal]   dashboard_sglang_scrape_interval ................ 2.0
[algo1a-g3c-tis-l1-modal] 
[algo1a-g3c-tis-l1-modal]   dashboard_sglang_scrape_mode .................... auto
[algo1a-g3c-tis-l1-modal] 
[algo1a-g3c-tis-l1-modal]   data_args_path .................................. None
[algo1a-g3c-tis-l1-modal] 
[algo1a-g3c-tis-l1-modal]   data_cache_path ................................. None
[algo1a-g3c-tis-l1-modal] 
[algo1a-g3c-tis-l1-modal]   data_pad_size_multiplier ........................ 128
[algo1a-g3c-tis-l1-modal] 
[algo1a-g3c-tis-l1-modal]   data_parallel_random_init ....................... False
[algo1a-g3c-tis-l1-modal] 
[algo1a-g3c-tis-l1-modal]   data_parallel_sharding_strategy ................. optim_grads_params
[algo1a-g3c-tis-l1-modal] 
[algo1a-g3c-tis-l1-modal]   data_parallel_size .............................. 1
[algo1a-g3c-tis-l1-modal] 
[algo1a-g3c-tis-l1-modal]   data_path ....................................... None
[algo1a-g3c-tis-l1-modal] 
[algo1a-g3c-tis-l1-modal]   data_per_class_fraction ......................... 1.0
[algo1a-g3c-tis-l1-modal] 
[algo1a-g3c-tis-l1-modal]   data_sharding ................................... True
[algo1a-g3c-tis-l1-modal] 
[algo1a-g3c-tis-l1-modal]   data_source_path ................................ miles.rollout.data_source.RolloutDataSourceWithBuffer
[algo1a-g3c-tis-l1-modal] 
[algo1a-g3c-tis-l1-modal]   dataloader_defer_npy_index_mmap ................. False
[algo1a-g3c-tis-l1-modal] 
[algo1a-g3c-tis-l1-modal]   dataloader_fast_cache_load ...................... False
[algo1a-g3c-tis-l1-modal] 
[algo1a-g3c-tis-l1-modal]   dataloader_inter_document_masking ............... False
[algo1a-g3c-tis-l1-modal] 
[algo1a-g3c-tis-l1-modal]   dataloader_type ................................. single
[algo1a-g3c-tis-l1-modal] 
[algo1a-g3c-tis-l1-modal]   ddp_average_in_collective ....................... False
[algo1a-g3c-tis-l1-modal] 
[algo1a-g3c-tis-l1-modal]   ddp_bucket_size ................................. None
[algo1a-g3c-tis-l1-modal] 
[algo1a-g3c-tis-l1-modal]   ddp_num_buckets ................................. None
[algo1a-g3c-tis-l1-modal] 
[algo1a-g3c-tis-l1-modal]   ddp_pad_buckets_for_high_nccl_busbw ............. False
[algo1a-g3c-tis-l1-modal] 
[algo1a-g3c-tis-l1-modal]   ddp_param_name_patterns_for_fp32_local_accumulation  []
[algo1a-g3c-tis-l1-modal] 
[algo1a-g3c-tis-l1-modal]   ddp_reduce_scatter_with_fp32_accumulation ....... False
[algo1a-g3c-tis-l1-modal] 
[algo1a-g3c-tis-l1-modal]   debug_deterministic_collective .................. False
[algo1a-g3c-tis-l1-modal] 
[algo1a-g3c-tis-l1-modal]   debug_disable_optimizer ......................... False
[algo1a-g3c-tis-l1-modal] 
[algo1a-g3c-tis-l1-modal]   debug_exit_after_rollout ........................ None
[algo1a-g3c-tis-l1-modal] 
[algo1a-g3c-tis-l1-modal]   debug_rollout_only .............................. False
[algo1a-g3c-tis-l1-modal] 
[algo1a-g3c-tis-l1-modal]   debug_skip_weight_update ........................ False
[algo1a-g3c-tis-l1-modal] 
[algo1a-g3c-tis-l1-modal]   debug_train_only ................................ False
[algo1a-g3c-tis-l1-modal] 
[algo1a-g3c-tis-l1-modal]   debug_unified_grad_fused_logprob ................ False
[algo1a-g3c-tis-l1-modal] 
[algo1a-g3c-tis-l1-modal]   decode_only_cuda_graphs ......................... False
[algo1a-g3c-tis-l1-modal] 
[algo1a-g3c-tis-l1-modal]   decoder_first_pipeline_num_layers ............... None
[algo1a-g3c-tis-l1-modal] 
[algo1a-g3c-tis-l1-modal]   decoder_last_pipeline_num_layers ................ None
[algo1a-g3c-tis-l1-modal] 
[algo1a-g3c-tis-l1-modal]   decoder_num_layers .............................. None
[algo1a-g3c-tis-l1-modal] 
[algo1a-g3c-tis-l1-modal]   decoder_seq_length .............................. None
[algo1a-g3c-tis-l1-modal] 
[algo1a-g3c-tis-l1-modal]   decoupled_lr .................................... None
[algo1a-g3c-tis-l1-modal] 
[algo1a-g3c-tis-l1-modal]   decoupled_min_lr ................................ None
[algo1a-g3c-tis-l1-modal] 
[algo1a-g3c-tis-l1-modal]   decrease_batch_size_if_needed ................... False
[algo1a-g3c-tis-l1-modal] 
[algo1a-g3c-tis-l1-modal]   defer_embedding_wgrad_compute ................... False
[algo1a-g3c-tis-l1-modal] 
[algo1a-g3c-tis-l1-modal]   delay_offload_until_cuda_graph .................. False
[algo1a-g3c-tis-l1-modal] 
[algo1a-g3c-tis-l1-modal]   delay_split_train_data_by_dp .................... False
[algo1a-g3c-tis-l1-modal] 
[algo1a-g3c-tis-l1-modal]   delay_wgrad_compute ............................. False
[algo1a-g3c-tis-l1-modal] 
[algo1a-g3c-tis-l1-modal]   delta_offload_bytes_across_pp_ranks ............. 0
[algo1a-g3c-tis-l1-modal] 
[algo1a-g3c-tis-l1-modal]   dense_grouped_gemm .............................. False
[algo1a-g3c-tis-l1-modal] 
[algo1a-g3c-tis-l1-modal]   deploy_component ................................ all
[algo1a-g3c-tis-l1-modal] 
[algo1a-g3c-tis-l1-modal]   deploy_instance_id .............................. None
[algo1a-g3c-tis-l1-modal] 
[algo1a-g3c-tis-l1-modal]   deprecated_use_mcore_models ..................... False
[algo1a-g3c-tis-l1-modal] 
[algo1a-g3c-tis-l1-modal]   deterministic_mode .............................. False
[algo1a-g3c-tis-l1-modal] 
[algo1a-g3c-tis-l1-modal]   dino_bottleneck_size ............................ 256
[algo1a-g3c-tis-l1-modal] 
[algo1a-g3c-tis-l1-modal]   dino_freeze_last_layer .......................... 1
[algo1a-g3c-tis-l1-modal] 
[algo1a-g3c-tis-l1-modal]   dino_head_hidden_size ........................... 2048
[algo1a-g3c-tis-l1-modal] 
[algo1a-g3c-tis-l1-modal]   dino_local_crops_number ......................... 10
[algo1a-g3c-tis-l1-modal] 
[algo1a-g3c-tis-l1-modal]   dino_local_img_size ............................. 96
[algo1a-g3c-tis-l1-modal] 
[algo1a-g3c-tis-l1-modal]   dino_norm_last_layer ............................ False
[algo1a-g3c-tis-l1-modal] 
[algo1a-g3c-tis-l1-modal]   dino_teacher_temp ............................... 0.07
[algo1a-g3c-tis-l1-modal] 
[algo1a-g3c-tis-l1-modal]   dino_warmup_teacher_temp ........................ 0.04
[algo1a-g3c-tis-l1-modal] 
[algo1a-g3c-tis-l1-modal]   dino_warmup_teacher_temp_epochs ................. 30
[algo1a-g3c-tis-l1-modal] 
[algo1a-g3c-tis-l1-modal]   disable_bf16_reduced_precision_matmul ........... False
[algo1a-g3c-tis-l1-modal] 
[algo1a-g3c-tis-l1-modal]   disable_grad_buffers_cpu_backup ................. True
[algo1a-g3c-tis-l1-modal] 
[algo1a-g3c-tis-l1-modal]   disable_jit_fuser ............................... False
[algo1a-g3c-tis-l1-modal] 
[algo1a-g3c-tis-l1-modal]   disable_msc_deprecated .......................... False
[algo1a-g3c-tis-l1-modal] 
[algo1a-g3c-tis-l1-modal]   disable_param_buffers_cpu_backup ................ True
[algo1a-g3c-tis-l1-modal] 
[algo1a-g3c-tis-l1-modal]   disable_rollout_trim_samples .................... False
[algo1a-g3c-tis-l1-modal] 
[algo1a-g3c-tis-l1-modal]   disable_straggler_on_startup .................... False
[algo1a-g3c-tis-l1-modal] 
[algo1a-g3c-tis-l1-modal]   disable_symmetric_registration .................. False
[algo1a-g3c-tis-l1-modal] 
[algo1a-g3c-tis-l1-modal]   dist_ckpt_format_deprecated ..................... None
[algo1a-g3c-tis-l1-modal] 
[algo1a-g3c-tis-l1-modal]   dist_ckpt_optim_fully_reshardable ............... False
[algo1a-g3c-tis-l1-modal] 
[algo1a-g3c-tis-l1-modal]   dist_ckpt_save_pre_mcore_014 .................... False
[algo1a-g3c-tis-l1-modal] 
[algo1a-g3c-tis-l1-modal]   dist_ckpt_strictness ............................ assume_ok_unexpected
[algo1a-g3c-tis-l1-modal] 
[algo1a-g3c-tis-l1-modal]   dist_ckpt_workers ............................... 1
[algo1a-g3c-tis-l1-modal] 
[algo1a-g3c-tis-l1-modal]   distrib_optim_fully_reshardable_mem_efficient ... False
[algo1a-g3c-tis-l1-modal] 
[algo1a-g3c-tis-l1-modal]   distribute_saved_activations .................... False
[algo1a-g3c-tis-l1-modal] 
[algo1a-g3c-tis-l1-modal]   distributed_backend ............................. nccl
[algo1a-g3c-tis-l1-modal] 
[algo1a-g3c-tis-l1-modal]   distributed_timeout_minutes ..................... 10
[algo1a-g3c-tis-l1-modal] 
[algo1a-g3c-tis-l1-modal]   distributed_timeout_seconds_after_init .......... None
[algo1a-g3c-tis-l1-modal] 
[algo1a-g3c-tis-l1-modal]   dsa_attention_backend ........................... tilelang
[algo1a-g3c-tis-l1-modal] 
[algo1a-g3c-tis-l1-modal]   dsa_cp_balance_indexer .......................... False
[algo1a-g3c-tis-l1-modal] 
[algo1a-g3c-tis-l1-modal]   dsa_indexer_head_dim ............................ None
[algo1a-g3c-tis-l1-modal] 
[algo1a-g3c-tis-l1-modal]   dsa_indexer_k_norm_epsilon ...................... None
[algo1a-g3c-tis-l1-modal] 
[algo1a-g3c-tis-l1-modal]   dsa_indexer_k_norm_fp32 ......................... False
[algo1a-g3c-tis-l1-modal] 
[algo1a-g3c-tis-l1-modal]   dsa_indexer_loss_coeff .......................... None
[algo1a-g3c-tis-l1-modal] 
[algo1a-g3c-tis-l1-modal]   dsa_indexer_n_heads ............................. None
[algo1a-g3c-tis-l1-modal] 
[algo1a-g3c-tis-l1-modal]   dsa_indexer_precision ........................... bf16
[algo1a-g3c-tis-l1-modal] 
[algo1a-g3c-tis-l1-modal]   dsa_indexer_rope_interleaved .................... False
[algo1a-g3c-tis-l1-modal] 
[algo1a-g3c-tis-l1-modal]   dsa_indexer_rotate_activation ................... True
[algo1a-g3c-tis-l1-modal] 
[algo1a-g3c-tis-l1-modal]   dsa_indexer_scoring_relu ........................ True
[algo1a-g3c-tis-l1-modal] 
[algo1a-g3c-tis-l1-modal]   dsa_indexer_skip_topk_offset .................... 0
[algo1a-g3c-tis-l1-modal] 
[algo1a-g3c-tis-l1-modal]   dsa_indexer_topk ................................ None
[algo1a-g3c-tis-l1-modal] 
[algo1a-g3c-tis-l1-modal]   dsa_indexer_topk_freq ........................... 1
[algo1a-g3c-tis-l1-modal] 
[algo1a-g3c-tis-l1-modal]   dsa_indexer_use_sparse_loss ..................... False
[algo1a-g3c-tis-l1-modal] 
[algo1a-g3c-tis-l1-modal]   dsa_indexer_weights_proj_output_dtype ........... bf16
[algo1a-g3c-tis-l1-modal] 
[algo1a-g3c-tis-l1-modal]   dsa_indexer_weights_proj_use_quantization ....... True
[algo1a-g3c-tis-l1-modal] 
[algo1a-g3c-tis-l1-modal]   dsa_kernel_backend .............................. None
[algo1a-g3c-tis-l1-modal] 
[algo1a-g3c-tis-l1-modal]   dsv4_impl ....................................... megatron
[algo1a-g3c-tis-l1-modal] 
[algo1a-g3c-tis-l1-modal]   dump_details .................................... None
[algo1a-g3c-tis-l1-modal] 
[algo1a-g3c-tis-l1-modal]   dump_param_to_param_group_map ................... None
[algo1a-g3c-tis-l1-modal] 
[algo1a-g3c-tis-l1-modal]   dumper_dir ...................................... /tmp/dumper
[algo1a-g3c-tis-l1-modal] 
[algo1a-g3c-tis-l1-modal]   dumper_enable ................................... False
[algo1a-g3c-tis-l1-modal] 
[algo1a-g3c-tis-l1-modal]   dumper_fwd_bwd .................................. None
[algo1a-g3c-tis-l1-modal] 
[algo1a-g3c-tis-l1-modal]   dumper_fwd_only ................................. None
[algo1a-g3c-tis-l1-modal] 
[algo1a-g3c-tis-l1-modal]   dumper_inference ................................ None
[algo1a-g3c-tis-l1-modal] 
[algo1a-g3c-tis-l1-modal]   dumper_source_patcher_config_inference .......... None
[algo1a-g3c-tis-l1-modal] 
[algo1a-g3c-tis-l1-modal]   dumper_source_patcher_config_train .............. None
[algo1a-g3c-tis-l1-modal] 
[algo1a-g3c-tis-l1-modal]   dynamic_context_parallel ........................ False
[algo1a-g3c-tis-l1-modal] 
[algo1a-g3c-tis-l1-modal]   dynamic_sampling_filter_path .................... None
[algo1a-g3c-tis-l1-modal] 
[algo1a-g3c-tis-l1-modal]   embedding_init_method_std ....................... None
[algo1a-g3c-tis-l1-modal] 
[algo1a-g3c-tis-l1-modal]   embedding_path .................................. None
[algo1a-g3c-tis-l1-modal] 
[algo1a-g3c-tis-l1-modal]   empty_unused_memory_level ....................... 0
[algo1a-g3c-tis-l1-modal] 
[algo1a-g3c-tis-l1-modal]   enable_chunked_prefill .......................... False
[algo1a-g3c-tis-l1-modal] 
[algo1a-g3c-tis-l1-modal]   enable_cuda_graph ............................... False
[algo1a-g3c-tis-l1-modal] 
[algo1a-g3c-tis-l1-modal]   enable_event_analyzer ........................... False
[algo1a-g3c-tis-l1-modal] 
[algo1a-g3c-tis-l1-modal]   enable_experimental ............................. False
[algo1a-g3c-tis-l1-modal] 
[algo1a-g3c-tis-l1-modal]   enable_ft_package ............................... False
[algo1a-g3c-tis-l1-modal] 
[algo1a-g3c-tis-l1-modal]   enable_full_sharding_in_hsdp .................... False
[algo1a-g3c-tis-l1-modal] 
[algo1a-g3c-tis-l1-modal]   enable_hyper_connections ........................ False
[algo1a-g3c-tis-l1-modal] 
[algo1a-g3c-tis-l1-modal]   enable_msc ...................................... False
[algo1a-g3c-tis-l1-modal] 
[algo1a-g3c-tis-l1-modal]   enable_mtp_training ............................. False
[algo1a-g3c-tis-l1-modal] 
[algo1a-g3c-tis-l1-modal]   enable_one_logger ............................... True
[algo1a-g3c-tis-l1-modal] 
[algo1a-g3c-tis-l1-modal]   enable_witness .................................. False
[algo1a-g3c-tis-l1-modal] 
[algo1a-g3c-tis-l1-modal]   encoder_num_layers .............................. 28
[algo1a-g3c-tis-l1-modal]   encoder_seq_length .............................. 1024
[algo1a-g3c-tis-l1-modal] 
[algo1a-g3c-tis-l1-modal]   end_weight_decay ................................ 0.01
[algo1a-g3c-tis-l1-modal] 
[algo1a-g3c-tis-l1-modal]   entropy_coef .................................... 0.0
[algo1a-g3c-tis-l1-modal] 
[algo1a-g3c-tis-l1-modal]   entry ........................................... train
[algo1a-g3c-tis-l1-modal] 
[algo1a-g3c-tis-l1-modal]   env_report ......................................
[algo1a-g3c-tis-l1-modal] 
[algo1a-g3c-tis-l1-modal]   env_report_interval_seconds ..................... 3600.0
[algo1a-g3c-tis-l1-modal] 
[algo1a-g3c-tis-l1-modal]   eod_mask_loss ................................... False
[algo1a-g3c-tis-l1-modal] 
[algo1a-g3c-tis-l1-modal]   ep_overlap_early_attn_memory_release ............ False
[algo1a-g3c-tis-l1-modal] 
[algo1a-g3c-tis-l1-modal]   eps_clip ........................................ 0.2
[algo1a-g3c-tis-l1-modal] 
[algo1a-g3c-tis-l1-modal]   eps_clip_c ...................................... None
[algo1a-g3c-tis-l1-modal] 
[algo1a-g3c-tis-l1-modal]   eps_clip_high ................................... 0.2
[algo1a-g3c-tis-l1-modal] 
[algo1a-g3c-tis-l1-modal]   error_injection_rate ............................ 0
[algo1a-g3c-tis-l1-modal] 
[algo1a-g3c-tis-l1-modal]   error_injection_type ............................ transient_error
[algo1a-g3c-tis-l1-modal] 
[algo1a-g3c-tis-l1-modal]   eval_config ..................................... None
[algo1a-g3c-tis-l1-modal] 
[algo1a-g3c-tis-l1-modal]   eval_datasets ................................... []
[algo1a-g3c-tis-l1-modal] 
[algo1a-g3c-tis-l1-modal]   eval_function_path .............................. miles.rollout.inference_rollout.inference_rollout_common.InferenceRolloutFn
[algo1a-g3c-tis-l1-modal] 
[algo1a-g3c-tis-l1-modal]   eval_global_batch_size .......................... 32
[algo1a-g3c-tis-l1-modal] 
[algo1a-g3c-tis-l1-modal]   eval_hf_dir ..................................... None
[algo1a-g3c-tis-l1-modal] 
[algo1a-g3c-tis-l1-modal]   eval_input_key .................................. None
[algo1a-g3c-tis-l1-modal] 
[algo1a-g3c-tis-l1-modal]   eval_interval ................................... None
[algo1a-g3c-tis-l1-modal] 
[algo1a-g3c-tis-l1-modal]   eval_iters ...................................... 100
[algo1a-g3c-tis-l1-modal] 
[algo1a-g3c-tis-l1-modal]   eval_keep_snapshots ............................. 2
[algo1a-g3c-tis-l1-modal] 
[algo1a-g3c-tis-l1-modal]   eval_label_key .................................. None
[algo1a-g3c-tis-l1-modal] 
[algo1a-g3c-tis-l1-modal]   eval_max_context_len ............................ 1024
[algo1a-g3c-tis-l1-modal] 
[algo1a-g3c-tis-l1-modal]   eval_max_in_flight .............................. 2
[algo1a-g3c-tis-l1-modal] 
[algo1a-g3c-tis-l1-modal]   eval_max_prompt_len ............................. None
[algo1a-g3c-tis-l1-modal] 
[algo1a-g3c-tis-l1-modal]   eval_max_response_len ........................... None
[algo1a-g3c-tis-l1-modal] 
[algo1a-g3c-tis-l1-modal]   eval_micro_batch_size ........................... 1
[algo1a-g3c-tis-l1-modal] 
[algo1a-g3c-tis-l1-modal]   eval_min_new_tokens ............................. None
[algo1a-g3c-tis-l1-modal] 
[algo1a-g3c-tis-l1-modal]   eval_num_gpus ................................... 0
[algo1a-g3c-tis-l1-modal] 
[algo1a-g3c-tis-l1-modal]   eval_num_gpus_per_engine ........................ 1
[algo1a-g3c-tis-l1-modal] 
[algo1a-g3c-tis-l1-modal]   eval_overflow_policy ............................ backpressure
[algo1a-g3c-tis-l1-modal] 
[algo1a-g3c-tis-l1-modal]   eval_prompt_data ................................ None
[algo1a-g3c-tis-l1-modal] 
[algo1a-g3c-tis-l1-modal]   eval_reward_key ................................. None
[algo1a-g3c-tis-l1-modal] 
[algo1a-g3c-tis-l1-modal]   eval_temperature ................................ None
[algo1a-g3c-tis-l1-modal] 
[algo1a-g3c-tis-l1-modal]   eval_tool_key ................................... None
[algo1a-g3c-tis-l1-modal] 
[algo1a-g3c-tis-l1-modal]   eval_top_k ...................................... None
[algo1a-g3c-tis-l1-modal] 
[algo1a-g3c-tis-l1-modal]   eval_top_p ...................................... None
[algo1a-g3c-tis-l1-modal] 
[algo1a-g3c-tis-l1-modal]   eval_uses_snapshots ............................. False
[algo1a-g3c-tis-l1-modal] 
[algo1a-g3c-tis-l1-modal]   evidence_data_path .............................. None
[algo1a-g3c-tis-l1-modal] 
[algo1a-g3c-tis-l1-modal]   exclude_modules ................................. None
[algo1a-g3c-tis-l1-modal] 
[algo1a-g3c-tis-l1-modal]   exit_duration_in_mins ........................... None
[algo1a-g3c-tis-l1-modal] 
[algo1a-g3c-tis-l1-modal]   exit_interval ................................... None
[algo1a-g3c-tis-l1-modal] 
[algo1a-g3c-tis-l1-modal]   exit_on_missing_checkpoint ...................... False
[algo1a-g3c-tis-l1-modal] 
[algo1a-g3c-tis-l1-modal]   exit_signal ..................................... 15
[algo1a-g3c-tis-l1-modal] 
[algo1a-g3c-tis-l1-modal]   exit_signal_handler ............................. False
[algo1a-g3c-tis-l1-modal] 
[algo1a-g3c-tis-l1-modal]   exit_signal_handler_for_dataloader .............. False
[algo1a-g3c-tis-l1-modal] 
[algo1a-g3c-tis-l1-modal]   exit_signal_handler_for_training ................ False
[algo1a-g3c-tis-l1-modal] 
[algo1a-g3c-tis-l1-modal]   exp_avg_dtype ................................... torch.float32
[algo1a-g3c-tis-l1-modal] 
[algo1a-g3c-tis-l1-modal]   exp_avg_sq_dtype ................................ torch.float32
[algo1a-g3c-tis-l1-modal] 
[algo1a-g3c-tis-l1-modal]   experimental_attention_variant .................. None
[algo1a-g3c-tis-l1-modal] 
[algo1a-g3c-tis-l1-modal]   expert_model_parallel_size ...................... 1
[algo1a-g3c-tis-l1-modal] 
[algo1a-g3c-tis-l1-modal]   expert_tensor_parallel_size ..................... 1
[algo1a-g3c-tis-l1-modal] 
[algo1a-g3c-tis-l1-modal]   experts_shared_outer_loras ...................... False
[algo1a-g3c-tis-l1-modal] 
[algo1a-g3c-tis-l1-modal]   external_cuda_graph ............................. False
[algo1a-g3c-tis-l1-modal] 
[algo1a-g3c-tis-l1-modal]   extra_high_precision_layers_hf .................. ()
[algo1a-g3c-tis-l1-modal] 
[algo1a-g3c-tis-l1-modal]   extra_high_precision_layers_megatron ............ ()
[algo1a-g3c-tis-l1-modal] 
[algo1a-g3c-tis-l1-modal]   fake_process_group .............................. False
[algo1a-g3c-tis-l1-modal] 
[algo1a-g3c-tis-l1-modal]   fallback_to_eager_attn .......................... False
[algo1a-g3c-tis-l1-modal] 
[algo1a-g3c-tis-l1-modal]   fault_injector_delay_start_iteration ............ None
[algo1a-g3c-tis-l1-modal] 
[algo1a-g3c-tis-l1-modal]   fault_injector_fault_delay ...................... None
[algo1a-g3c-tis-l1-modal] 
[algo1a-g3c-tis-l1-modal]   fault_injector_fault_probabilities .............. None
[algo1a-g3c-tis-l1-modal] 
[algo1a-g3c-tis-l1-modal]   fault_injector_fault_types ...................... None
[algo1a-g3c-tis-l1-modal] 
[algo1a-g3c-tis-l1-modal]   fault_injector_mtti_seconds ..................... None
[algo1a-g3c-tis-l1-modal] 
[algo1a-g3c-tis-l1-modal]   fault_injector_num_ranks ........................ None
[algo1a-g3c-tis-l1-modal] 
[algo1a-g3c-tis-l1-modal]   fault_injector_offset_seconds ................... None
[algo1a-g3c-tis-l1-modal] 
[algo1a-g3c-tis-l1-modal]   fault_injector_ranks ............................ None
[algo1a-g3c-tis-l1-modal] 
[algo1a-g3c-tis-l1-modal]   fault_injector_seed ............................. None
[algo1a-g3c-tis-l1-modal] 
[algo1a-g3c-tis-l1-modal]   fetch_trajectory_retry_times .................... -1
[algo1a-g3c-tis-l1-modal] 
[algo1a-g3c-tis-l1-modal]   ffn_hidden_size ................................. 3072
[algo1a-g3c-tis-l1-modal] 
[algo1a-g3c-tis-l1-modal]   fim_data ........................................ False
[algo1a-g3c-tis-l1-modal] 
[algo1a-g3c-tis-l1-modal]   fim_eod_token ................................... <|endoftext|>
[algo1a-g3c-tis-l1-modal] 
[algo1a-g3c-tis-l1-modal]   fim_fragment_rate ............................... None
[algo1a-g3c-tis-l1-modal] 
[algo1a-g3c-tis-l1-modal]   fim_middle_token ................................ <fim_middle>
[algo1a-g3c-tis-l1-modal] 
[algo1a-g3c-tis-l1-modal]   fim_no_prefix ................................... None
[algo1a-g3c-tis-l1-modal] 
[algo1a-g3c-tis-l1-modal]   fim_pad_token ................................... <fim_pad>
[algo1a-g3c-tis-l1-modal] 
[algo1a-g3c-tis-l1-modal]   fim_prefix_token ................................ <fim_prefix>
[algo1a-g3c-tis-l1-modal] 
[algo1a-g3c-tis-l1-modal]   fim_rate ........................................ 0.5
[algo1a-g3c-tis-l1-modal] 
[algo1a-g3c-tis-l1-modal]   fim_split_sample ................................ None
[algo1a-g3c-tis-l1-modal] 
[algo1a-g3c-tis-l1-modal]   fim_spm_rate .................................... 0.5
[algo1a-g3c-tis-l1-modal] 
[algo1a-g3c-tis-l1-modal]   fim_suffix_token ................................ <fim_suffix>
[algo1a-g3c-tis-l1-modal] 
[algo1a-g3c-tis-l1-modal]   fine_grained_activation_offloading .............. False
[algo1a-g3c-tis-l1-modal] 
[algo1a-g3c-tis-l1-modal]   fine_grained_offloading_max_inflight_offloads ... None
[algo1a-g3c-tis-l1-modal] 
[algo1a-g3c-tis-l1-modal]   finetune ........................................ True
[algo1a-g3c-tis-l1-modal] 
[algo1a-g3c-tis-l1-modal]   first_last_layers_bf16 .......................... False
[algo1a-g3c-tis-l1-modal] 
[algo1a-g3c-tis-l1-modal]   flash_decode .................................... False
[algo1a-g3c-tis-l1-modal] 
[algo1a-g3c-tis-l1-modal]   flight_recorder_dump_on_timeout ................. True
[algo1a-g3c-tis-l1-modal] 
[algo1a-g3c-tis-l1-modal]   flight_recorder_dump_path ....................... None
[algo1a-g3c-tis-l1-modal] 
[algo1a-g3c-tis-l1-modal]   flight_recorder_extra_dump_on_exec .............. True
[algo1a-g3c-tis-l1-modal] 
[algo1a-g3c-tis-l1-modal]   flight_recorder_include_only_active ............. True
[algo1a-g3c-tis-l1-modal] 
[algo1a-g3c-tis-l1-modal]   flight_recorder_include_stack_trace ............. False
[algo1a-g3c-tis-l1-modal] 
[algo1a-g3c-tis-l1-modal]   flight_recorder_trace_buffer_size ............... 2000
[algo1a-g3c-tis-l1-modal] 
[algo1a-g3c-tis-l1-modal]   fp16 ............................................ False
[algo1a-g3c-tis-l1-modal] 
[algo1a-g3c-tis-l1-modal]   fp16_lm_cross_entropy ........................... False
[algo1a-g3c-tis-l1-modal] 
[algo1a-g3c-tis-l1-modal]   fp32_residual_connection ........................ False
[algo1a-g3c-tis-l1-modal] 
[algo1a-g3c-tis-l1-modal]   fp4 ............................................. None
[algo1a-g3c-tis-l1-modal] 
[algo1a-g3c-tis-l1-modal]   fp4_param_gather ................................ False
[algo1a-g3c-tis-l1-modal] 
[algo1a-g3c-tis-l1-modal]   fp4_quantizer_factory ........................... None
[algo1a-g3c-tis-l1-modal]   fp4_recipe ...................................... nvfp4
[algo1a-g3c-tis-l1-modal] 
[algo1a-g3c-tis-l1-modal]   fp8 ............................................. None
[algo1a-g3c-tis-l1-modal] 
[algo1a-g3c-tis-l1-modal]   fp8_amax_compute_algo ........................... most_recent
[algo1a-g3c-tis-l1-modal] 
[algo1a-g3c-tis-l1-modal]   fp8_amax_history_len ............................ 1
[algo1a-g3c-tis-l1-modal] 
[algo1a-g3c-tis-l1-modal]   fp8_interval .................................... 1
[algo1a-g3c-tis-l1-modal] 
[algo1a-g3c-tis-l1-modal]   fp8_margin ...................................... 0
[algo1a-g3c-tis-l1-modal] 
[algo1a-g3c-tis-l1-modal]   fp8_output_proj ................................. False
[algo1a-g3c-tis-l1-modal] 
[algo1a-g3c-tis-l1-modal]   fp8_param_gather ................................ False
[algo1a-g3c-tis-l1-modal] 
[algo1a-g3c-tis-l1-modal]   fp8_quantizer_factory ........................... None
[algo1a-g3c-tis-l1-modal] 
[algo1a-g3c-tis-l1-modal]   fp8_recipe ...................................... delayed
[algo1a-g3c-tis-l1-modal] 
[algo1a-g3c-tis-l1-modal]   fp8_wgrad ....................................... True
[algo1a-g3c-tis-l1-modal] 
[algo1a-g3c-tis-l1-modal]   freeze_all_layers ............................... False
[algo1a-g3c-tis-l1-modal] 
[algo1a-g3c-tis-l1-modal]   freeze_e_score_correction_bias .................. False
[algo1a-g3c-tis-l1-modal] 
[algo1a-g3c-tis-l1-modal]   freeze_indexer .................................. False
[algo1a-g3c-tis-l1-modal] 
[algo1a-g3c-tis-l1-modal]   fsdp_db_use_persist_buf_on_alloc_fail ........... False
[algo1a-g3c-tis-l1-modal] 
[algo1a-g3c-tis-l1-modal]   fsdp_double_buffer .............................. False
[algo1a-g3c-tis-l1-modal] 
[algo1a-g3c-tis-l1-modal]   fsdp_manual_registration ........................ False
[algo1a-g3c-tis-l1-modal] 
[algo1a-g3c-tis-l1-modal]   ft_components ................................... []
[algo1a-g3c-tis-l1-modal] 
[algo1a-g3c-tis-l1-modal]   ft_num_warmup_iters ............................. 5
[algo1a-g3c-tis-l1-modal] 
[algo1a-g3c-tis-l1-modal]   full_validation ................................. False
[algo1a-g3c-tis-l1-modal] 
[algo1a-g3c-tis-l1-modal]   fully_async ..................................... False
[algo1a-g3c-tis-l1-modal] 
[algo1a-g3c-tis-l1-modal]   fused_residual_rmsnorm .......................... False
[algo1a-g3c-tis-l1-modal] 
[algo1a-g3c-tis-l1-modal]   gamma ........................................... 1.0
[algo1a-g3c-tis-l1-modal] 
[algo1a-g3c-tis-l1-modal]   gdn_conv_pad_alignment .......................... None
[algo1a-g3c-tis-l1-modal] 
[algo1a-g3c-tis-l1-modal]   gdn_pre_gated_delta_rule_fusion ................. False
[algo1a-g3c-tis-l1-modal] 
[algo1a-g3c-tis-l1-modal]   get_mismatch_metrics ............................ False
[algo1a-g3c-tis-l1-modal] 
[algo1a-g3c-tis-l1-modal]   global_batch_size ............................... 32
[algo1a-g3c-tis-l1-modal] 
[algo1a-g3c-tis-l1-modal]   glu_linear_offset ............................... 0.0
[algo1a-g3c-tis-l1-modal] 
[algo1a-g3c-tis-l1-modal]   gpu_sniff_test_interval ......................... None
[algo1a-g3c-tis-l1-modal] 
[algo1a-g3c-tis-l1-modal]   grad_reduce_in_bf16 ............................. False
[algo1a-g3c-tis-l1-modal] 
[algo1a-g3c-tis-l1-modal]   gradient_accumulation_fusion .................... False
[algo1a-g3c-tis-l1-modal] 
[algo1a-g3c-tis-l1-modal]   gradient_reduce_div_fusion ...................... True
[algo1a-g3c-tis-l1-modal] 
[algo1a-g3c-tis-l1-modal]   group_query_attention ........................... True
[algo1a-g3c-tis-l1-modal] 
[algo1a-g3c-tis-l1-modal]   group_rm ........................................ False
[algo1a-g3c-tis-l1-modal] 
[algo1a-g3c-tis-l1-modal]   grpo_clamp_eps_lower ............................ 0.01
[algo1a-g3c-tis-l1-modal] 
[algo1a-g3c-tis-l1-modal]   grpo_clamp_eps_upper ............................ 0.01
[algo1a-g3c-tis-l1-modal] 
[algo1a-g3c-tis-l1-modal]   grpo_entropy_term_weight ........................ 0.0
[algo1a-g3c-tis-l1-modal] 
[algo1a-g3c-tis-l1-modal]   grpo_filter_groups_with_same_reward ............. False
[algo1a-g3c-tis-l1-modal] 
[algo1a-g3c-tis-l1-modal]   grpo_group_size ................................. 2
[algo1a-g3c-tis-l1-modal] 
[algo1a-g3c-tis-l1-modal]   grpo_iterations ................................. 2
[algo1a-g3c-tis-l1-modal] 
[algo1a-g3c-tis-l1-modal]   grpo_kl_beta .................................... 0.001
[algo1a-g3c-tis-l1-modal] 
[algo1a-g3c-tis-l1-modal]   grpo_prompts_per_step ........................... 32
[algo1a-g3c-tis-l1-modal] 
[algo1a-g3c-tis-l1-modal]   grpo_std_normalization .......................... True
[algo1a-g3c-tis-l1-modal] 
[algo1a-g3c-tis-l1-modal]   head_lr_mult .................................... 1.0
[algo1a-g3c-tis-l1-modal] 
[algo1a-g3c-tis-l1-modal]   head_wise_attn_gate ............................. False
[algo1a-g3c-tis-l1-modal] 
[algo1a-g3c-tis-l1-modal]   heterogeneous_layers_config_encoded_json ........ None
[algo1a-g3c-tis-l1-modal] 
[algo1a-g3c-tis-l1-modal]   heterogeneous_layers_config_path ................ None
[algo1a-g3c-tis-l1-modal] 
[algo1a-g3c-tis-l1-modal]   hf_checkpoint ................................... /root/.cache/huggingface/hub/models--Qwen--Qwen3-0.6B/snapshots/c1899de289a04d12100db370d81485cdf75e47ca
[algo1a-g3c-tis-l1-modal] 
[algo1a-g3c-tis-l1-modal]   hf_lora_targets ................................. ['down_proj', 'gate_proj', 'k_proj', 'o_proj', 'q_proj', 'up_proj', 'v_proj']
[algo1a-g3c-tis-l1-modal] 
[algo1a-g3c-tis-l1-modal]   hidden_dropout .................................. 0.1
[algo1a-g3c-tis-l1-modal] 
[algo1a-g3c-tis-l1-modal]   hidden_size ..................................... 1024
[algo1a-g3c-tis-l1-modal] 
[algo1a-g3c-tis-l1-modal]   hierarchical_context_parallel_sizes ............. None
[algo1a-g3c-tis-l1-modal] 
[algo1a-g3c-tis-l1-modal]   high_priority_a2a_comm_stream ................... False
[algo1a-g3c-tis-l1-modal] 
[algo1a-g3c-tis-l1-modal]   high_priority_stream_groups ..................... []
[algo1a-g3c-tis-l1-modal] 
[algo1a-g3c-tis-l1-modal]   http_proxy ...................................... None
[algo1a-g3c-tis-l1-modal] 
[algo1a-g3c-tis-l1-modal]   hybrid_context_parallel ......................... False
[algo1a-g3c-tis-l1-modal] 
[algo1a-g3c-tis-l1-modal]   hybrid_layer_pattern ............................ None
[algo1a-g3c-tis-l1-modal] 
[algo1a-g3c-tis-l1-modal]   hybrid_override_pattern ......................... None
[algo1a-g3c-tis-l1-modal] 
[algo1a-g3c-tis-l1-modal]   hysteresis ...................................... 2
[algo1a-g3c-tis-l1-modal] 
[algo1a-g3c-tis-l1-modal]   ict_head_size ................................... None
[algo1a-g3c-tis-l1-modal] 
[algo1a-g3c-tis-l1-modal]   ict_load ........................................ None
[algo1a-g3c-tis-l1-modal] 
[algo1a-g3c-tis-l1-modal]   img_h ........................................... 224
[algo1a-g3c-tis-l1-modal] 
[algo1a-g3c-tis-l1-modal]   img_w ........................................... 224
[algo1a-g3c-tis-l1-modal] 
[algo1a-g3c-tis-l1-modal]   indep_dp ........................................ False
[algo1a-g3c-tis-l1-modal] 
[algo1a-g3c-tis-l1-modal]   indexer_batch_size .............................. 128
[algo1a-g3c-tis-l1-modal] 
[algo1a-g3c-tis-l1-modal]   indexer_log_interval ............................ 1000
[algo1a-g3c-tis-l1-modal] 
[algo1a-g3c-tis-l1-modal]   inference_batch_times_seqlen_threshold .......... -1
[algo1a-g3c-tis-l1-modal] 
[algo1a-g3c-tis-l1-modal]   inference_controller_addr ....................... None
[algo1a-g3c-tis-l1-modal] 
[algo1a-g3c-tis-l1-modal]   inference_coordinator_port ...................... None
[algo1a-g3c-tis-l1-modal] 
[algo1a-g3c-tis-l1-modal]   inference_cuda_graph_all_prefills ............... False
[algo1a-g3c-tis-l1-modal] 
[algo1a-g3c-tis-l1-modal]   inference_cuda_graph_scope ...................... InferenceCudaGraphScope.none
[algo1a-g3c-tis-l1-modal] 
[algo1a-g3c-tis-l1-modal]   inference_disable_ep_consensus .................. False
[algo1a-g3c-tis-l1-modal] 
[algo1a-g3c-tis-l1-modal]   inference_disable_triton_nvls_kernels ........... False
[algo1a-g3c-tis-l1-modal] 
[algo1a-g3c-tis-l1-modal]   inference_dynamic_batching ...................... False
[algo1a-g3c-tis-l1-modal] 
  inference_dynamic_batching_async_sched_mode ..... legacy
[algo1a-g3c-tis-l1-modal]   inference_dynamic_batching_block_size ........... 256
[algo1a-g3c-tis-l1-modal] 
[algo1a-g3c-tis-l1-modal]   inference_dynamic_batching_buffer_size_gb ....... 40.0
[algo1a-g3c-tis-l1-modal] 
[algo1a-g3c-tis-l1-modal]   inference_dynamic_batching_cuda_graph_max_tokens  16384
[algo1a-g3c-tis-l1-modal] 
[algo1a-g3c-tis-l1-modal]   inference_dynamic_batching_cuda_graph_mixed_prefill_count  16
[algo1a-g3c-tis-l1-modal] 
[algo1a-g3c-tis-l1-modal]   inference_dynamic_batching_cuda_graph_sizing_distribution  exponential
[algo1a-g3c-tis-l1-modal] 
[algo1a-g3c-tis-l1-modal]   inference_dynamic_batching_enable_prefix_caching  False
[algo1a-g3c-tis-l1-modal] 
[algo1a-g3c-tis-l1-modal]   inference_dynamic_batching_logprobs_mode ........ raw_logprobs
[algo1a-g3c-tis-l1-modal] 
[algo1a-g3c-tis-l1-modal]   inference_dynamic_batching_mamba_memory_ratio ... None
[algo1a-g3c-tis-l1-modal] 
[algo1a-g3c-tis-l1-modal]   inference_dynamic_batching_max_requests ......... None
[algo1a-g3c-tis-l1-modal] 
[algo1a-g3c-tis-l1-modal]   inference_dynamic_batching_max_tokens ........... None
[algo1a-g3c-tis-l1-modal] 
[algo1a-g3c-tis-l1-modal]   inference_dynamic_batching_num_cuda_graphs ...... 16
[algo1a-g3c-tis-l1-modal] 
[algo1a-g3c-tis-l1-modal]   inference_dynamic_batching_paused_buffer_size_gb  None
[algo1a-g3c-tis-l1-modal] 
[algo1a-g3c-tis-l1-modal]   inference_dynamic_batching_prefix_caching_coordinator_policy  first_prefix_block
[algo1a-g3c-tis-l1-modal] 
[algo1a-g3c-tis-l1-modal]   inference_dynamic_batching_prefix_caching_eviction_policy  ref_zero
[algo1a-g3c-tis-l1-modal] 
[algo1a-g3c-tis-l1-modal]   inference_dynamic_batching_prefix_caching_mamba_gb  None
[algo1a-g3c-tis-l1-modal] 
  inference_dynamic_batching_prefix_caching_routing_alpha  0.5
[algo1a-g3c-tis-l1-modal]   inference_dynamic_batching_sampling_backend ..... torch
[algo1a-g3c-tis-l1-modal] 
[algo1a-g3c-tis-l1-modal]   inference_dynamic_batching_track_generated_token_events  False
[algo1a-g3c-tis-l1-modal] 
[algo1a-g3c-tis-l1-modal]   inference_dynamic_batching_track_paused_request_events  False
[algo1a-g3c-tis-l1-modal] 
[algo1a-g3c-tis-l1-modal]   inference_dynamic_batching_unified_memory_level . 0
[algo1a-g3c-tis-l1-modal] 
[algo1a-g3c-tis-l1-modal]   inference_fuse_tp_communication ................. False
[algo1a-g3c-tis-l1-modal] 
[algo1a-g3c-tis-l1-modal]   inference_grouped_gemm_backend .................. vllm
[algo1a-g3c-tis-l1-modal] 
  inference_logging_step_interval ................. 0
[algo1a-g3c-tis-l1-modal] 
[algo1a-g3c-tis-l1-modal]   inference_max_requests .......................... 8
[algo1a-g3c-tis-l1-modal] 
[algo1a-g3c-tis-l1-modal]   inference_max_seq_length ........................ 2560
[algo1a-g3c-tis-l1-modal] 
[algo1a-g3c-tis-l1-modal]   inference_moe_disable_fused_quant_kernels ....... False
[algo1a-g3c-tis-l1-modal] 
[algo1a-g3c-tis-l1-modal]   inference_moe_token_dispatcher_type ............. nvls
[algo1a-g3c-tis-l1-modal] 
[algo1a-g3c-tis-l1-modal]   inference_rng_tracker ........................... False
[algo1a-g3c-tis-l1-modal]   inference_shards ................................ None
[algo1a-g3c-tis-l1-modal] 
[algo1a-g3c-tis-l1-modal]   inference_text_gen_server_logging ............... False
[algo1a-g3c-tis-l1-modal] 
[algo1a-g3c-tis-l1-modal]   inference_use_synchronous_zmq_collectives ....... False
[algo1a-g3c-tis-l1-modal] 
[algo1a-g3c-tis-l1-modal]   inference_wandb_logging ......................... False
[algo1a-g3c-tis-l1-modal] 
[algo1a-g3c-tis-l1-modal]   init_expected_num_cells ......................... None
[algo1a-g3c-tis-l1-modal] 
[algo1a-g3c-tis-l1-modal]   init_method_std ................................. 0.02
[algo1a-g3c-tis-l1-modal] 
[algo1a-g3c-tis-l1-modal]   init_method_xavier_uniform ...................... False
[algo1a-g3c-tis-l1-modal] 
[algo1a-g3c-tis-l1-modal]   init_model_with_meta_device ..................... False
[algo1a-g3c-tis-l1-modal] 
[algo1a-g3c-tis-l1-modal]   initial_loss_scale .............................. 4294967296
[algo1a-g3c-tis-l1-modal] 
[algo1a-g3c-tis-l1-modal]   inprocess_active_world_size ..................... 1
[algo1a-g3c-tis-l1-modal] 
[algo1a-g3c-tis-l1-modal]   inprocess_barrier_timeout ....................... 120
[algo1a-g3c-tis-l1-modal] 
[algo1a-g3c-tis-l1-modal]   inprocess_completion_timeout .................... 120
[algo1a-g3c-tis-l1-modal] 
[algo1a-g3c-tis-l1-modal]   inprocess_empty_cuda_cache ...................... False
[algo1a-g3c-tis-l1-modal] 
[algo1a-g3c-tis-l1-modal]   inprocess_granularity ........................... node
[algo1a-g3c-tis-l1-modal] 
[algo1a-g3c-tis-l1-modal]   inprocess_hard_timeout .......................... 90
[algo1a-g3c-tis-l1-modal] 
[algo1a-g3c-tis-l1-modal]   inprocess_heartbeat_interval .................... 30
[algo1a-g3c-tis-l1-modal] 
[algo1a-g3c-tis-l1-modal]   inprocess_heartbeat_timeout ..................... 60
[algo1a-g3c-tis-l1-modal] 
[algo1a-g3c-tis-l1-modal]   inprocess_last_call_wait ........................ 1
[algo1a-g3c-tis-l1-modal] 
[algo1a-g3c-tis-l1-modal]   inprocess_max_iterations ........................ None
[algo1a-g3c-tis-l1-modal] 
[algo1a-g3c-tis-l1-modal]   inprocess_monitor_process_interval .............. 1.0
[algo1a-g3c-tis-l1-modal] 
[algo1a-g3c-tis-l1-modal]   inprocess_monitor_thread_interval ............... 1.0
[algo1a-g3c-tis-l1-modal] 
[algo1a-g3c-tis-l1-modal]   inprocess_progress_watchdog_interval ............ 1.0
[algo1a-g3c-tis-l1-modal] 
[algo1a-g3c-tis-l1-modal]   inprocess_restart ............................... False
[algo1a-g3c-tis-l1-modal] 
[algo1a-g3c-tis-l1-modal]   inprocess_soft_timeout .......................... 60
[algo1a-g3c-tis-l1-modal] 
[algo1a-g3c-tis-l1-modal]   inprocess_termination_grace_time ................ 1
[algo1a-g3c-tis-l1-modal] 
[algo1a-g3c-tis-l1-modal]   input_key ....................................... messages
[algo1a-g3c-tis-l1-modal] 
[algo1a-g3c-tis-l1-modal]   is_hybrid_model ................................. False
[algo1a-g3c-tis-l1-modal] 
[algo1a-g3c-tis-l1-modal]   iter_per_epoch .................................. 1250
[algo1a-g3c-tis-l1-modal] 
[algo1a-g3c-tis-l1-modal]   iterations_to_skip .............................. []
[algo1a-g3c-tis-l1-modal] 
[algo1a-g3c-tis-l1-modal]   keep_fp8_transpose_cache ........................ False
[algo1a-g3c-tis-l1-modal] 
[algo1a-g3c-tis-l1-modal]   keep_old_actor .................................. False
[algo1a-g3c-tis-l1-modal] 
[algo1a-g3c-tis-l1-modal]   kitchen_attention_backend ....................... sdpa
[algo1a-g3c-tis-l1-modal] 
[algo1a-g3c-tis-l1-modal]   kl_coef ......................................... 0.0
[algo1a-g3c-tis-l1-modal] 
[algo1a-g3c-tis-l1-modal]   kl_loss_coef .................................... 0.0
[algo1a-g3c-tis-l1-modal] 
[algo1a-g3c-tis-l1-modal]   kl_loss_type .................................... k1
[algo1a-g3c-tis-l1-modal] 
[algo1a-g3c-tis-l1-modal]   kv_channels ..................................... 128
[algo1a-g3c-tis-l1-modal] 
[algo1a-g3c-tis-l1-modal]   kv_lora_rank .................................... 32
[algo1a-g3c-tis-l1-modal] 
[algo1a-g3c-tis-l1-modal]   label_key ....................................... label
[algo1a-g3c-tis-l1-modal] 
[algo1a-g3c-tis-l1-modal]   lambd ........................................... 1.0
[algo1a-g3c-tis-l1-modal] 
[algo1a-g3c-tis-l1-modal]   langrl_env_config ............................... None
[algo1a-g3c-tis-l1-modal] 
[algo1a-g3c-tis-l1-modal]   layernorm_epsilon ............................... 1e-06
[algo1a-g3c-tis-l1-modal] 
[algo1a-g3c-tis-l1-modal]   layernorm_zero_centered_gamma ................... False
[algo1a-g3c-tis-l1-modal] 
[algo1a-g3c-tis-l1-modal]   lazy_mpu_init ................................... False
[algo1a-g3c-tis-l1-modal] 
[algo1a-g3c-tis-l1-modal]   linear_attention_backend ........................ fla
[algo1a-g3c-tis-l1-modal] 
[algo1a-g3c-tis-l1-modal]   linear_attention_freq ........................... None
[algo1a-g3c-tis-l1-modal] 
[algo1a-g3c-tis-l1-modal]   linear_attention_type ........................... None
[algo1a-g3c-tis-l1-modal] 
[algo1a-g3c-tis-l1-modal]   linear_conv_kernel_dim .......................... 4
[algo1a-g3c-tis-l1-modal] 
[algo1a-g3c-tis-l1-modal]   linear_cp_mode .................................. chunkwise
[algo1a-g3c-tis-l1-modal] 
[algo1a-g3c-tis-l1-modal]   linear_key_head_dim ............................. 128
[algo1a-g3c-tis-l1-modal] 
[algo1a-g3c-tis-l1-modal]   linear_num_key_heads ............................ 16
[algo1a-g3c-tis-l1-modal] 
[algo1a-g3c-tis-l1-modal]   linear_num_value_heads .......................... 32
[algo1a-g3c-tis-l1-modal] 
[algo1a-g3c-tis-l1-modal]   linear_value_head_dim ........................... 128
[algo1a-g3c-tis-l1-modal] 
[algo1a-g3c-tis-l1-modal]   lion_beta1 ...................................... 0.95
[algo1a-g3c-tis-l1-modal] 
[algo1a-g3c-tis-l1-modal]   lion_beta2 ...................................... 0.98
[algo1a-g3c-tis-l1-modal] 
[algo1a-g3c-tis-l1-modal]   load ............................................ /root/.cache/huggingface/hub/models--Qwen--Qwen3-0.6B/snapshots/c1899de289a04d12100db370d81485cdf75e47ca
[algo1a-g3c-tis-l1-modal] 
[algo1a-g3c-tis-l1-modal]   load_debug_rollout_data ......................... None
[algo1a-g3c-tis-l1-modal] 
[algo1a-g3c-tis-l1-modal]   load_debug_rollout_data_subsample ............... None
[algo1a-g3c-tis-l1-modal] 
[algo1a-g3c-tis-l1-modal]   load_main_params_from_ckpt ...................... False
[algo1a-g3c-tis-l1-modal] 
[algo1a-g3c-tis-l1-modal]   local_rank ...................................... 0
[algo1a-g3c-tis-l1-modal] 
[algo1a-g3c-tis-l1-modal]   log_correct_samples ............................. False
[algo1a-g3c-tis-l1-modal] 
[algo1a-g3c-tis-l1-modal]   log_device_memory_used .......................... False
[algo1a-g3c-tis-l1-modal] 
[algo1a-g3c-tis-l1-modal]   log_energy ...................................... False
[algo1a-g3c-tis-l1-modal] 
[algo1a-g3c-tis-l1-modal]   log_interval .................................... 100
[algo1a-g3c-tis-l1-modal] 
[algo1a-g3c-tis-l1-modal]   log_loss_scale_to_tensorboard ................... True
[algo1a-g3c-tis-l1-modal] 
[algo1a-g3c-tis-l1-modal]   log_max_attention_logit ......................... False
[algo1a-g3c-tis-l1-modal] 
[algo1a-g3c-tis-l1-modal]   log_memory_interval ............................. None
[algo1a-g3c-tis-l1-modal] 
[algo1a-g3c-tis-l1-modal]   log_memory_to_tensorboard ....................... False
[algo1a-g3c-tis-l1-modal] 
[algo1a-g3c-tis-l1-modal]   log_moe_overload_factor ......................... False
[algo1a-g3c-tis-l1-modal] 
[algo1a-g3c-tis-l1-modal]   log_multi_turn .................................. False
[algo1a-g3c-tis-l1-modal] 
[algo1a-g3c-tis-l1-modal]   log_num_zeros_in_grad ........................... False
[algo1a-g3c-tis-l1-modal] 
[algo1a-g3c-tis-l1-modal]   log_params_norm ................................. False
[algo1a-g3c-tis-l1-modal] 
[algo1a-g3c-tis-l1-modal]   log_passrate .................................... False
[algo1a-g3c-tis-l1-modal] 
[algo1a-g3c-tis-l1-modal]   log_probs_chunk_size ............................ -1
[algo1a-g3c-tis-l1-modal] 
[algo1a-g3c-tis-l1-modal]   log_probs_max_tokens_per_gpu .................... None
[algo1a-g3c-tis-l1-modal] 
[algo1a-g3c-tis-l1-modal]   log_progress .................................... False
[algo1a-g3c-tis-l1-modal] 
[algo1a-g3c-tis-l1-modal]   log_reward_category ............................. None
[algo1a-g3c-tis-l1-modal] 
[algo1a-g3c-tis-l1-modal]   log_straggler ................................... False
[algo1a-g3c-tis-l1-modal] 
[algo1a-g3c-tis-l1-modal]   log_throughput .................................. False
[algo1a-g3c-tis-l1-modal] 
[algo1a-g3c-tis-l1-modal]   log_timers_to_tensorboard ....................... False
[algo1a-g3c-tis-l1-modal] 
[algo1a-g3c-tis-l1-modal]   log_validation_ppl_to_tensorboard ............... False
[algo1a-g3c-tis-l1-modal] 
[algo1a-g3c-tis-l1-modal]   log_world_size_to_tensorboard ................... False
[algo1a-g3c-tis-l1-modal] 
[algo1a-g3c-tis-l1-modal]   logging_level ................................... None
[algo1a-g3c-tis-l1-modal] 
[algo1a-g3c-tis-l1-modal]   logits_load_decode_threads ...................... 4
[algo1a-g3c-tis-l1-modal] 
[algo1a-g3c-tis-l1-modal]   logits_load_dir ................................. None
[algo1a-g3c-tis-l1-modal] 
[algo1a-g3c-tis-l1-modal]   logits_load_ignore_errors ....................... False
[algo1a-g3c-tis-l1-modal] 
[algo1a-g3c-tis-l1-modal]   logits_load_kd_loss_alpha ....................... 1.0
[algo1a-g3c-tis-l1-modal] 
[algo1a-g3c-tis-l1-modal]   logits_load_msc_prefetch_depth .................. 2
[algo1a-g3c-tis-l1-modal] 
[algo1a-g3c-tis-l1-modal]   logits_load_prefetch_factor ..................... 3
[algo1a-g3c-tis-l1-modal] 
[algo1a-g3c-tis-l1-modal]   logits_save_dir ................................. None
[algo1a-g3c-tis-l1-modal] 
[algo1a-g3c-tis-l1-modal]   logits_save_dtype ............................... fp16
[algo1a-g3c-tis-l1-modal] 
[algo1a-g3c-tis-l1-modal]   logits_save_top_k ............................... None
[algo1a-g3c-tis-l1-modal] 
[algo1a-g3c-tis-l1-modal]   logits_save_top_p ............................... None
[algo1a-g3c-tis-l1-modal] 
[algo1a-g3c-tis-l1-modal]   logits_save_top_p_min_k ......................... 1
[algo1a-g3c-tis-l1-modal] 
[algo1a-g3c-tis-l1-modal]   lora_adapter_path ............................... None
[algo1a-g3c-tis-l1-modal] 
[algo1a-g3c-tis-l1-modal]   lora_adapter_targets ............................ ['down_proj', 'gate_proj', 'k_proj', 'o_proj', 'q_proj', 'up_proj', 'v_proj']
[algo1a-g3c-tis-l1-modal] 
[algo1a-g3c-tis-l1-modal]   lora_alpha ...................................... 16
[algo1a-g3c-tis-l1-modal] 
[algo1a-g3c-tis-l1-modal]   lora_base_cpu_backup ............................ True
[algo1a-g3c-tis-l1-modal] 
[algo1a-g3c-tis-l1-modal]   lora_dp_invariant_rng ........................... exact
[algo1a-g3c-tis-l1-modal] 
[algo1a-g3c-tis-l1-modal]   lora_dp_invariant_state ......................... False
[algo1a-g3c-tis-l1-modal] 
[algo1a-g3c-tis-l1-modal]   lora_dropout .................................... 0.0
[algo1a-g3c-tis-l1-modal] 
[algo1a-g3c-tis-l1-modal]   lora_rank ....................................... 16
[algo1a-g3c-tis-l1-modal] 
[algo1a-g3c-tis-l1-modal]   lora_sync_from_tensor ........................... False
[algo1a-g3c-tis-l1-modal] 
[algo1a-g3c-tis-l1-modal]   lora_train_only ................................. False
[algo1a-g3c-tis-l1-modal] 
[algo1a-g3c-tis-l1-modal]   lora_type ....................................... canonical_lora
[algo1a-g3c-tis-l1-modal] 
[algo1a-g3c-tis-l1-modal]   loss_mask_type .................................. qwen
[algo1a-g3c-tis-l1-modal] 
[algo1a-g3c-tis-l1-modal]   loss_scale ...................................... None
[algo1a-g3c-tis-l1-modal] 
[algo1a-g3c-tis-l1-modal]   loss_scale_window ............................... 1000
[algo1a-g3c-tis-l1-modal] 
[algo1a-g3c-tis-l1-modal]   loss_type ....................................... policy_loss
[algo1a-g3c-tis-l1-modal] 
[algo1a-g3c-tis-l1-modal]   low_memory_resume ............................... False
[algo1a-g3c-tis-l1-modal] 
[algo1a-g3c-tis-l1-modal]   lr .............................................. 1e-05
[algo1a-g3c-tis-l1-modal] 
[algo1a-g3c-tis-l1-modal]   lr_decay_iters .................................. 3
[algo1a-g3c-tis-l1-modal] 
[algo1a-g3c-tis-l1-modal]   lr_decay_samples ................................ None
[algo1a-g3c-tis-l1-modal] 
[algo1a-g3c-tis-l1-modal]   lr_decay_style .................................. linear
[algo1a-g3c-tis-l1-modal] 
[algo1a-g3c-tis-l1-modal]   lr_warmup_fraction .............................. None
[algo1a-g3c-tis-l1-modal] 
[algo1a-g3c-tis-l1-modal]   lr_warmup_init .................................. 0.0
[algo1a-g3c-tis-l1-modal] 
[algo1a-g3c-tis-l1-modal]   lr_warmup_iters ................................. 0
[algo1a-g3c-tis-l1-modal] 
[algo1a-g3c-tis-l1-modal]   lr_warmup_samples ............................... 0
[algo1a-g3c-tis-l1-modal] 
[algo1a-g3c-tis-l1-modal]   lr_wsd_decay_iters .............................. None
[algo1a-g3c-tis-l1-modal] 
[algo1a-g3c-tis-l1-modal]   lr_wsd_decay_samples ............................ None
[algo1a-g3c-tis-l1-modal] 
[algo1a-g3c-tis-l1-modal]   lr_wsd_decay_style .............................. exponential
[algo1a-g3c-tis-l1-modal] 
[algo1a-g3c-tis-l1-modal]   main_grads_dtype ................................ torch.float32
[algo1a-g3c-tis-l1-modal] 
[algo1a-g3c-tis-l1-modal]   main_params_dtype ............................... torch.float32
[algo1a-g3c-tis-l1-modal] 
[algo1a-g3c-tis-l1-modal]   make_vocab_size_divisible_by .................... 128
[algo1a-g3c-tis-l1-modal] 
[algo1a-g3c-tis-l1-modal]   mamba_head_dim .................................. 64
[algo1a-g3c-tis-l1-modal] 
[algo1a-g3c-tis-l1-modal]   mamba_inference_conv_states_dtype ............... torch.bfloat16
[algo1a-g3c-tis-l1-modal] 
[algo1a-g3c-tis-l1-modal]   mamba_inference_ssm_states_dtype ................ torch.bfloat16
[algo1a-g3c-tis-l1-modal] 
[algo1a-g3c-tis-l1-modal]   mamba_num_groups ................................ 8
[algo1a-g3c-tis-l1-modal] 
[algo1a-g3c-tis-l1-modal]   mamba_num_heads ................................. None
[algo1a-g3c-tis-l1-modal] 
[algo1a-g3c-tis-l1-modal]   mamba_state_dim ................................. 128
[algo1a-g3c-tis-l1-modal] 
[algo1a-g3c-tis-l1-modal]   mamba_training_ssm_states_dtype ................. None
[algo1a-g3c-tis-l1-modal] 
[algo1a-g3c-tis-l1-modal]   manual_gc ....................................... False
[algo1a-g3c-tis-l1-modal] 
[algo1a-g3c-tis-l1-modal]   manual_gc_eval .................................. True
[algo1a-g3c-tis-l1-modal] 
[algo1a-g3c-tis-l1-modal]   manual_gc_interval .............................. 0
[algo1a-g3c-tis-l1-modal] 
[algo1a-g3c-tis-l1-modal]   mask_factor ..................................... 1.0
[algo1a-g3c-tis-l1-modal] 
[algo1a-g3c-tis-l1-modal]   mask_offpolicy_in_partial_rollout ............... False
[algo1a-g3c-tis-l1-modal] 
[algo1a-g3c-tis-l1-modal]   mask_prob ....................................... 0.15
[algo1a-g3c-tis-l1-modal] 
[algo1a-g3c-tis-l1-modal]   mask_type ....................................... random
[algo1a-g3c-tis-l1-modal] 
[algo1a-g3c-tis-l1-modal]   masked_softmax_fusion ........................... True
[algo1a-g3c-tis-l1-modal] 
[algo1a-g3c-tis-l1-modal]   max_position_embeddings ......................... 1024
[algo1a-g3c-tis-l1-modal] 
[algo1a-g3c-tis-l1-modal]   max_seqlen_per_dp_cp_rank ....................... None
[algo1a-g3c-tis-l1-modal] 
[algo1a-g3c-tis-l1-modal]   max_tokens_per_gpu .............................. None
[algo1a-g3c-tis-l1-modal] 
[algo1a-g3c-tis-l1-modal]   max_tokens_to_oom ............................... 12000
[algo1a-g3c-tis-l1-modal] 
[algo1a-g3c-tis-l1-modal]   max_weight_staleness ............................ None
[algo1a-g3c-tis-l1-modal] 
[algo1a-g3c-tis-l1-modal]   megatron_config ................................. None
[algo1a-g3c-tis-l1-modal] 
[algo1a-g3c-tis-l1-modal]   megatron_fsdp_cache_param_bucket_views .......... False
[algo1a-g3c-tis-l1-modal] 
[algo1a-g3c-tis-l1-modal]   megatron_fsdp_enable_fine_grained_param_gather .. False
[algo1a-g3c-tis-l1-modal] 
[algo1a-g3c-tis-l1-modal]   megatron_fsdp_grad_comm_dtype ................... None
[algo1a-g3c-tis-l1-modal] 
[algo1a-g3c-tis-l1-modal]   megatron_fsdp_main_grads_dtype .................. None
[algo1a-g3c-tis-l1-modal] 
[algo1a-g3c-tis-l1-modal]   megatron_fsdp_main_params_dtype ................. torch.float32
[algo1a-g3c-tis-l1-modal] 
[algo1a-g3c-tis-l1-modal]   megatron_fsdp_max_pool_double_buffer ............ False
[algo1a-g3c-tis-l1-modal] 
[algo1a-g3c-tis-l1-modal]   megatron_fsdp_prefetch_recompute_forward_weights  False
[algo1a-g3c-tis-l1-modal] 
[algo1a-g3c-tis-l1-modal]   megatron_to_hf_mode ............................. bridge
[algo1a-g3c-tis-l1-modal] 
[algo1a-g3c-tis-l1-modal]   memory_recorder ................................. torch
[algo1a-g3c-tis-l1-modal] 
[algo1a-g3c-tis-l1-modal]   memory_snapshot_dir ............................. .
[algo1a-g3c-tis-l1-modal] 
[algo1a-g3c-tis-l1-modal]   memory_snapshot_num_steps ....................... None
[algo1a-g3c-tis-l1-modal] 
[algo1a-g3c-tis-l1-modal]   memory_snapshot_path ............................ snapshot.pickle
[algo1a-g3c-tis-l1-modal] 
[algo1a-g3c-tis-l1-modal]   merge_file ...................................... None
[algo1a-g3c-tis-l1-modal] 
[algo1a-g3c-tis-l1-modal]   metadata_key .................................... metadata
[algo1a-g3c-tis-l1-modal] 
[algo1a-g3c-tis-l1-modal]   metadata_path ................................... None
[algo1a-g3c-tis-l1-modal] 
[algo1a-g3c-tis-l1-modal]   mfu_peak_tflops ................................. None
[algo1a-g3c-tis-l1-modal] 
[algo1a-g3c-tis-l1-modal]   mhc_init_gating_factor .......................... 0.01
[algo1a-g3c-tis-l1-modal] 
[algo1a-g3c-tis-l1-modal]   mhc_recompute_layer_num ......................... None
[algo1a-g3c-tis-l1-modal] 
[algo1a-g3c-tis-l1-modal]   mhc_sinkhorn_iterations ......................... 20
[algo1a-g3c-tis-l1-modal] 
[algo1a-g3c-tis-l1-modal]   micro_batch_size ................................ 1
[algo1a-g3c-tis-l1-modal] 
[algo1a-g3c-tis-l1-modal]   microbatch_group_size_per_vp_stage .............. None
[algo1a-g3c-tis-l1-modal] 
[algo1a-g3c-tis-l1-modal]   mid_level_dataset_surplus ....................... 0.005
[algo1a-g3c-tis-l1-modal] 
[algo1a-g3c-tis-l1-modal]   miles_dsa_topk_backend .......................... torch
[algo1a-g3c-tis-l1-modal] 
[algo1a-g3c-tis-l1-modal]   miles_router_health_check_failure_threshold ..... 3
[algo1a-g3c-tis-l1-modal] 
[algo1a-g3c-tis-l1-modal]   miles_router_max_connections .................... None
[algo1a-g3c-tis-l1-modal] 
[algo1a-g3c-tis-l1-modal]   miles_router_timeout ............................ None
[algo1a-g3c-tis-l1-modal] 
[algo1a-g3c-tis-l1-modal]   min_batch_collection_ratio ...................... 1
[algo1a-g3c-tis-l1-modal] 
[algo1a-g3c-tis-l1-modal]   min_dynamic_context_parallel_size ............... 1
[algo1a-g3c-tis-l1-modal] 
[algo1a-g3c-tis-l1-modal]   min_loss_scale .................................. 1.0
[algo1a-g3c-tis-l1-modal] 
[algo1a-g3c-tis-l1-modal]   min_lr .......................................... 0.0
[algo1a-g3c-tis-l1-modal] 
[algo1a-g3c-tis-l1-modal]   min_offloaded_tensor_size ....................... 1048576
[algo1a-g3c-tis-l1-modal] 
[algo1a-g3c-tis-l1-modal]   mini_ft_controller_enable ....................... False
[algo1a-g3c-tis-l1-modal] 
[algo1a-g3c-tis-l1-modal]   mini_ft_controller_poll_interval ................ 10.0
[algo1a-g3c-tis-l1-modal] 
[algo1a-g3c-tis-l1-modal]   mini_ft_controller_resume_delay ................. 10.0
[algo1a-g3c-tis-l1-modal] 
[algo1a-g3c-tis-l1-modal]   mla_down_proj_fusion ............................ False
[algo1a-g3c-tis-l1-modal] 
[algo1a-g3c-tis-l1-modal]   mlflow_experiment_name .......................... miles
[algo1a-g3c-tis-l1-modal] 
[algo1a-g3c-tis-l1-modal]   mlflow_run_id ................................... None
[algo1a-g3c-tis-l1-modal] 
[algo1a-g3c-tis-l1-modal]   mlflow_run_name ................................. None
[algo1a-g3c-tis-l1-modal] 
  mlflow_tracking_uri ............................. None
[algo1a-g3c-tis-l1-modal] 
[algo1a-g3c-tis-l1-modal]   mlp_chunks_for_prefill .......................... 1
[algo1a-g3c-tis-l1-modal] 
[algo1a-g3c-tis-l1-modal]   mlp_chunks_for_training ......................... 1
[algo1a-g3c-tis-l1-modal] 
[algo1a-g3c-tis-l1-modal]   mmap_bin_files .................................. True
[algo1a-g3c-tis-l1-modal] 
[algo1a-g3c-tis-l1-modal]   mock_data ....................................... False
[algo1a-g3c-tis-l1-modal] 
[algo1a-g3c-tis-l1-modal]   model_name ...................................... GPTModelProvider
[algo1a-g3c-tis-l1-modal] 
[algo1a-g3c-tis-l1-modal]   moe_activation_in_fp32 .......................... False
[algo1a-g3c-tis-l1-modal] 
[algo1a-g3c-tis-l1-modal]   moe_apply_probs_on_input ........................ False
[algo1a-g3c-tis-l1-modal] 
[algo1a-g3c-tis-l1-modal]   moe_aux_loss_coeff .............................. 0.0
[algo1a-g3c-tis-l1-modal] 
[algo1a-g3c-tis-l1-modal]   moe_combine_in_fp32 ............................. False
[algo1a-g3c-tis-l1-modal] 
[algo1a-g3c-tis-l1-modal]   moe_deepep_num_sms .............................. None
[algo1a-g3c-tis-l1-modal] 
[algo1a-g3c-tis-l1-modal]   moe_enable_deepep ............................... False
[algo1a-g3c-tis-l1-modal] 
[algo1a-g3c-tis-l1-modal]   moe_enable_routing_replay ....................... False
[algo1a-g3c-tis-l1-modal] 
[algo1a-g3c-tis-l1-modal]   moe_expert_capacity_factor ...................... None
[algo1a-g3c-tis-l1-modal] 
[algo1a-g3c-tis-l1-modal]   moe_expert_rank_capacity_factor ................. None
[algo1a-g3c-tis-l1-modal] 
[algo1a-g3c-tis-l1-modal]   moe_ffn_hidden_size ............................. None
[algo1a-g3c-tis-l1-modal] 
[algo1a-g3c-tis-l1-modal]   moe_flex_dispatcher_backend ..................... deepep
[algo1a-g3c-tis-l1-modal] 
[algo1a-g3c-tis-l1-modal]   moe_flex_dispatcher_num_sms ..................... None
[algo1a-g3c-tis-l1-modal] 
[algo1a-g3c-tis-l1-modal]   moe_grouped_gemm ................................ False
[algo1a-g3c-tis-l1-modal] 
[algo1a-g3c-tis-l1-modal]   moe_hybridep_num_blocks_permute ................. None
[algo1a-g3c-tis-l1-modal] 
[algo1a-g3c-tis-l1-modal]   moe_hybridep_num_blocks_unpermute ............... None
[algo1a-g3c-tis-l1-modal] 
[algo1a-g3c-tis-l1-modal]   moe_hybridep_num_sms ............................ None
[algo1a-g3c-tis-l1-modal] 
[algo1a-g3c-tis-l1-modal]   moe_hybridep_num_sms_preprocessing .............. 108
[algo1a-g3c-tis-l1-modal] 
[algo1a-g3c-tis-l1-modal]   moe_hybridep_pad_variable_tokens ................ False
[algo1a-g3c-tis-l1-modal] 
[algo1a-g3c-tis-l1-modal]   moe_input_jitter_eps ............................ None
[algo1a-g3c-tis-l1-modal] 
[algo1a-g3c-tis-l1-modal]   moe_latent_size ................................. None
[algo1a-g3c-tis-l1-modal] 
[algo1a-g3c-tis-l1-modal]   moe_latent_use_norm ............................. False
[algo1a-g3c-tis-l1-modal] 
[algo1a-g3c-tis-l1-modal]   moe_layer_freq .................................. 1
[algo1a-g3c-tis-l1-modal] 
[algo1a-g3c-tis-l1-modal]   moe_layer_recompute ............................. False
[algo1a-g3c-tis-l1-modal] 
[algo1a-g3c-tis-l1-modal]   moe_mlp_glu_interleave_size ..................... None
[algo1a-g3c-tis-l1-modal] 
[algo1a-g3c-tis-l1-modal]   moe_n_hash_layers ............................... 0
[algo1a-g3c-tis-l1-modal] 
[algo1a-g3c-tis-l1-modal]   moe_ncclep_static_shape ......................... False
[algo1a-g3c-tis-l1-modal] 
[algo1a-g3c-tis-l1-modal]   moe_ncclep_use_symm_mem ......................... False
[algo1a-g3c-tis-l1-modal] 
[algo1a-g3c-tis-l1-modal]   moe_pad_expert_input_to_capacity ................ False
[algo1a-g3c-tis-l1-modal] 
[algo1a-g3c-tis-l1-modal]   moe_pad_experts_for_cuda_graph_inference ........ False
[algo1a-g3c-tis-l1-modal] 
[algo1a-g3c-tis-l1-modal]   moe_paged_stash ................................. False
[algo1a-g3c-tis-l1-modal] 
[algo1a-g3c-tis-l1-modal]   moe_paged_stash_buffer_size_factor_cpu .......... 0.0
[algo1a-g3c-tis-l1-modal] 
[algo1a-g3c-tis-l1-modal]   moe_paged_stash_buffer_size_factor_cuda ......... 1.1
[algo1a-g3c-tis-l1-modal] 
[algo1a-g3c-tis-l1-modal]   moe_paged_stash_page_size ....................... 64
[algo1a-g3c-tis-l1-modal] 
[algo1a-g3c-tis-l1-modal]   moe_per_layer_logging ........................... False
[algo1a-g3c-tis-l1-modal] 
[algo1a-g3c-tis-l1-modal]   moe_permute_fusion .............................. False
[algo1a-g3c-tis-l1-modal] 
[algo1a-g3c-tis-l1-modal]   moe_permute_fusion_into_hybridep ................ False
[algo1a-g3c-tis-l1-modal] 
[algo1a-g3c-tis-l1-modal]   moe_router_bias_update_rate ..................... 0.001
[algo1a-g3c-tis-l1-modal] 
[algo1a-g3c-tis-l1-modal]   moe_router_dtype ................................ None
[algo1a-g3c-tis-l1-modal] 
[algo1a-g3c-tis-l1-modal]   moe_router_enable_expert_bias ................... False
[algo1a-g3c-tis-l1-modal] 
[algo1a-g3c-tis-l1-modal]   moe_router_force_biased ......................... None
[algo1a-g3c-tis-l1-modal] 
[algo1a-g3c-tis-l1-modal]   moe_router_force_load_balancing ................. False
[algo1a-g3c-tis-l1-modal] 
[algo1a-g3c-tis-l1-modal]   moe_router_freeze_gate .......................... False
[algo1a-g3c-tis-l1-modal] 
[algo1a-g3c-tis-l1-modal]   moe_router_fusion ............................... False
[algo1a-g3c-tis-l1-modal] 
[algo1a-g3c-tis-l1-modal]   moe_router_group_topk ........................... None
[algo1a-g3c-tis-l1-modal] 
[algo1a-g3c-tis-l1-modal]   moe_router_load_balancing_type .................. aux_loss
[algo1a-g3c-tis-l1-modal] 
[algo1a-g3c-tis-l1-modal]   moe_router_num_groups ........................... None
[algo1a-g3c-tis-l1-modal] 
  moe_router_padding_for_fp8 ...................... False
  moe_router_padding_for_quantization ............. False
[algo1a-g3c-tis-l1-modal]   moe_router_pre_softmax .......................... False
[algo1a-g3c-tis-l1-modal] 
[algo1a-g3c-tis-l1-modal]   moe_router_score_function ....................... softmax
[algo1a-g3c-tis-l1-modal] 
[algo1a-g3c-tis-l1-modal]   moe_router_topk ................................. 2
[algo1a-g3c-tis-l1-modal] 
[algo1a-g3c-tis-l1-modal]   moe_router_topk_scaling_factor .................. None
[algo1a-g3c-tis-l1-modal] 
[algo1a-g3c-tis-l1-modal]   moe_router_use_torch_mm ......................... True
[algo1a-g3c-tis-l1-modal] 
[algo1a-g3c-tis-l1-modal]   moe_routing_trace_capture_hidden_states ......... False
[algo1a-g3c-tis-l1-modal]   moe_routing_trace_capture_logits ................ False
[algo1a-g3c-tis-l1-modal] 
[algo1a-g3c-tis-l1-modal]   moe_routing_trace_dump_weights .................. False
[algo1a-g3c-tis-l1-modal] 
[algo1a-g3c-tis-l1-modal]   moe_routing_trace_max_training_iters ............ None
[algo1a-g3c-tis-l1-modal] 
[algo1a-g3c-tis-l1-modal]   moe_routing_trace_path .......................... None
[algo1a-g3c-tis-l1-modal] 
[algo1a-g3c-tis-l1-modal]   moe_shared_expert_gate .......................... False
[algo1a-g3c-tis-l1-modal] 
[algo1a-g3c-tis-l1-modal]   moe_shared_expert_glu_interleave_size ........... None
[algo1a-g3c-tis-l1-modal] 
[algo1a-g3c-tis-l1-modal]   moe_shared_expert_intermediate_size ............. None
[algo1a-g3c-tis-l1-modal] 
[algo1a-g3c-tis-l1-modal]   moe_shared_expert_overlap ....................... False
[algo1a-g3c-tis-l1-modal] 
[algo1a-g3c-tis-l1-modal]   moe_single_grouped_bias ......................... False
[algo1a-g3c-tis-l1-modal] 
[algo1a-g3c-tis-l1-modal]   moe_single_grouped_weight ....................... False
[algo1a-g3c-tis-l1-modal] 
[algo1a-g3c-tis-l1-modal]   moe_token_dispatcher_type ....................... allgather
[algo1a-g3c-tis-l1-modal] 
[algo1a-g3c-tis-l1-modal]   moe_token_drop_policy ........................... probs
[algo1a-g3c-tis-l1-modal] 
[algo1a-g3c-tis-l1-modal]   moe_upcycling_granularity ....................... 1
[algo1a-g3c-tis-l1-modal] 
[algo1a-g3c-tis-l1-modal]   moe_use_upcycling ............................... False
[algo1a-g3c-tis-l1-modal] 
[algo1a-g3c-tis-l1-modal]   moe_z_loss_coeff ................................ None
[algo1a-g3c-tis-l1-modal] 
[algo1a-g3c-tis-l1-modal]   mooncake_replica_num ............................ 1
[algo1a-g3c-tis-l1-modal] 
[algo1a-g3c-tis-l1-modal]   mooncake_store_init_kwargs ...................... None
[algo1a-g3c-tis-l1-modal] 
[algo1a-g3c-tis-l1-modal]   mrope_interleaved ............................... False
[algo1a-g3c-tis-l1-modal] 
[algo1a-g3c-tis-l1-modal]   mrope_section ................................... None
[algo1a-g3c-tis-l1-modal] 
[algo1a-g3c-tis-l1-modal]   mscale .......................................... 1.0
[algo1a-g3c-tis-l1-modal] 
[algo1a-g3c-tis-l1-modal]   mscale_all_dim .................................. 0.0
[algo1a-g3c-tis-l1-modal] 
[algo1a-g3c-tis-l1-modal]   mtp_detach_heads ................................ False
[algo1a-g3c-tis-l1-modal] 
[algo1a-g3c-tis-l1-modal]   mtp_hybrid_override_pattern ..................... None
[algo1a-g3c-tis-l1-modal] 
[algo1a-g3c-tis-l1-modal]   mtp_loss_scaling_factor ......................... 0.2
[algo1a-g3c-tis-l1-modal] 
[algo1a-g3c-tis-l1-modal]   mtp_num_layers .................................. None
[algo1a-g3c-tis-l1-modal] 
[algo1a-g3c-tis-l1-modal]   mtp_standalone .................................. False
[algo1a-g3c-tis-l1-modal] 
[algo1a-g3c-tis-l1-modal]   mtp_use_repeated_layer .......................... False
[algo1a-g3c-tis-l1-modal] 
[algo1a-g3c-tis-l1-modal]   multi_latent_attention .......................... False
[algo1a-g3c-tis-l1-modal] 
[algo1a-g3c-tis-l1-modal]   multi_lora ...................................... False
[algo1a-g3c-tis-l1-modal] 
[algo1a-g3c-tis-l1-modal]   multi_lora_n_adapters ........................... 0
[algo1a-g3c-tis-l1-modal] 
[algo1a-g3c-tis-l1-modal]   multimodal_keys ................................. None
[algo1a-g3c-tis-l1-modal] 
[algo1a-g3c-tis-l1-modal]   multiple_validation_sets ........................ False
[algo1a-g3c-tis-l1-modal] 
[algo1a-g3c-tis-l1-modal]   muon_coefficient_type ........................... quintic
[algo1a-g3c-tis-l1-modal] 
[algo1a-g3c-tis-l1-modal]   muon_extra_scale_factor ......................... 1.0
[algo1a-g3c-tis-l1-modal] 
[algo1a-g3c-tis-l1-modal]   muon_fp32_matmul_prec ........................... medium
[algo1a-g3c-tis-l1-modal] 
[algo1a-g3c-tis-l1-modal]   muon_momentum ................................... 0.9
[algo1a-g3c-tis-l1-modal] 
[algo1a-g3c-tis-l1-modal]   muon_nesterov ................................... False
[algo1a-g3c-tis-l1-modal] 
[algo1a-g3c-tis-l1-modal]   muon_num_ns_steps ............................... 5
[algo1a-g3c-tis-l1-modal] 
[algo1a-g3c-tis-l1-modal]   muon_scalar_optimizer ........................... adam
[algo1a-g3c-tis-l1-modal] 
[algo1a-g3c-tis-l1-modal]   muon_scale_mode ................................. spectral
[algo1a-g3c-tis-l1-modal] 
[algo1a-g3c-tis-l1-modal]   muon_split_qkv .................................. True
[algo1a-g3c-tis-l1-modal] 
[algo1a-g3c-tis-l1-modal]   muon_tp_mode .................................... blockwise
[algo1a-g3c-tis-l1-modal] 
[algo1a-g3c-tis-l1-modal]   mup_attn_scale_power ............................ 1.0
[algo1a-g3c-tis-l1-modal] 
[algo1a-g3c-tis-l1-modal]   mup_base_head_dim ............................... None
[algo1a-g3c-tis-l1-modal] 
[algo1a-g3c-tis-l1-modal]   mup_base_hidden_size ............................ None
[algo1a-g3c-tis-l1-modal] 
[algo1a-g3c-tis-l1-modal]   mup_embedding_mult .............................. 1.0
[algo1a-g3c-tis-l1-modal] 
[algo1a-g3c-tis-l1-modal]   mup_output_mult ................................. 1.0
[algo1a-g3c-tis-l1-modal] 
[algo1a-g3c-tis-l1-modal]   mup_width_mult .................................. 1.0
[algo1a-g3c-tis-l1-modal] 
[algo1a-g3c-tis-l1-modal]   n_samples_per_eval_prompt ....................... 1
[algo1a-g3c-tis-l1-modal] 
[algo1a-g3c-tis-l1-modal]   n_samples_per_prompt ............................ 8
[algo1a-g3c-tis-l1-modal] 
[algo1a-g3c-tis-l1-modal]   nccl_all_reduce_for_prefill ..................... False
[algo1a-g3c-tis-l1-modal] 
[algo1a-g3c-tis-l1-modal]   nccl_communicator_config_path ................... None
[algo1a-g3c-tis-l1-modal] 
[algo1a-g3c-tis-l1-modal]   nccl_ub ......................................... False
[algo1a-g3c-tis-l1-modal] 
[algo1a-g3c-tis-l1-modal]   no_load_optim ................................... True
[algo1a-g3c-tis-l1-modal] 
[algo1a-g3c-tis-l1-modal]   no_load_rng ..................................... True
[algo1a-g3c-tis-l1-modal] 
[algo1a-g3c-tis-l1-modal]   no_persist_layer_norm ........................... False
[algo1a-g3c-tis-l1-modal] 
[algo1a-g3c-tis-l1-modal]   no_rope_freq .................................... None
[algo1a-g3c-tis-l1-modal] 
[algo1a-g3c-tis-l1-modal]   no_save_optim ................................... True
[algo1a-g3c-tis-l1-modal] 
[algo1a-g3c-tis-l1-modal]   no_save_rng ..................................... True
[algo1a-g3c-tis-l1-modal] 
[algo1a-g3c-tis-l1-modal]   no_weight_decay_cond_type ....................... None
[algo1a-g3c-tis-l1-modal] 
[algo1a-g3c-tis-l1-modal]   non_persistent_ckpt_type ........................ None
[algo1a-g3c-tis-l1-modal] 
[algo1a-g3c-tis-l1-modal]   non_persistent_global_ckpt_dir .................. None
[algo1a-g3c-tis-l1-modal] 
[algo1a-g3c-tis-l1-modal]   non_persistent_local_ckpt_algo .................. fully_parallel
[algo1a-g3c-tis-l1-modal] 
[algo1a-g3c-tis-l1-modal]   non_persistent_local_ckpt_dir ................... None
[algo1a-g3c-tis-l1-modal] 
[algo1a-g3c-tis-l1-modal]   non_persistent_save_interval .................... None
[algo1a-g3c-tis-l1-modal] 
[algo1a-g3c-tis-l1-modal]   normalization ................................... RMSNorm
[algo1a-g3c-tis-l1-modal] 
[algo1a-g3c-tis-l1-modal]   normalize_advantages ............................ False
[algo1a-g3c-tis-l1-modal] 
[algo1a-g3c-tis-l1-modal]   null_tokenizer_eod_id ........................... None
[algo1a-g3c-tis-l1-modal] 
[algo1a-g3c-tis-l1-modal]   null_tokenizer_pad_id ........................... -1
[algo1a-g3c-tis-l1-modal] 
[algo1a-g3c-tis-l1-modal]   num_attention_heads ............................. 16
[algo1a-g3c-tis-l1-modal] 
[algo1a-g3c-tis-l1-modal]   num_channels .................................... 3
[algo1a-g3c-tis-l1-modal] 
[algo1a-g3c-tis-l1-modal]   num_classes ..................................... 1000
[algo1a-g3c-tis-l1-modal] 
[algo1a-g3c-tis-l1-modal]   num_critic_only_steps ........................... 0
[algo1a-g3c-tis-l1-modal] 
[algo1a-g3c-tis-l1-modal]   num_dataset_builder_threads ..................... 1
[algo1a-g3c-tis-l1-modal] 
[algo1a-g3c-tis-l1-modal]   num_distributed_optimizer_instances ............. 1
[algo1a-g3c-tis-l1-modal] 
[algo1a-g3c-tis-l1-modal]   num_epoch ....................................... None
[algo1a-g3c-tis-l1-modal] 
[algo1a-g3c-tis-l1-modal]   num_experts ..................................... None
[algo1a-g3c-tis-l1-modal] 
[algo1a-g3c-tis-l1-modal]   num_gpus_per_node ............................... 1
[algo1a-g3c-tis-l1-modal] 
[algo1a-g3c-tis-l1-modal]   num_layers ...................................... 28
[algo1a-g3c-tis-l1-modal] 
[algo1a-g3c-tis-l1-modal]   num_layers_at_end_in_bf16 ....................... 1
[algo1a-g3c-tis-l1-modal] 
[algo1a-g3c-tis-l1-modal]   num_layers_at_start_in_bf16 ..................... 1
[algo1a-g3c-tis-l1-modal] 
[algo1a-g3c-tis-l1-modal]   num_layers_per_virtual_pipeline_stage ........... None
[algo1a-g3c-tis-l1-modal] 
[algo1a-g3c-tis-l1-modal]   num_query_groups ................................ 8
[algo1a-g3c-tis-l1-modal] 
[algo1a-g3c-tis-l1-modal]   num_residual_streams ............................ 4
[algo1a-g3c-tis-l1-modal] 
[algo1a-g3c-tis-l1-modal]   num_rollout ..................................... 3
[algo1a-g3c-tis-l1-modal] 
[algo1a-g3c-tis-l1-modal]   num_speculative_tokens .......................... 0
[algo1a-g3c-tis-l1-modal] 
[algo1a-g3c-tis-l1-modal]   num_steps_per_rollout ........................... 1
[algo1a-g3c-tis-l1-modal] 
  num_virtual_stages_per_pipeline_rank ............ None
[algo1a-g3c-tis-l1-modal] 
[algo1a-g3c-tis-l1-modal]   num_workers ..................................... 2
[algo1a-g3c-tis-l1-modal] 
[algo1a-g3c-tis-l1-modal]   nvtx_ranges ..................................... False
[algo1a-g3c-tis-l1-modal] 
[algo1a-g3c-tis-l1-modal]   o_groups ........................................ 8
[algo1a-g3c-tis-l1-modal] 
[algo1a-g3c-tis-l1-modal]   o_lora_rank ..................................... 1024
[algo1a-g3c-tis-l1-modal] 
[algo1a-g3c-tis-l1-modal]   object_storage_cache_path ....................... None
[algo1a-g3c-tis-l1-modal] 
[algo1a-g3c-tis-l1-modal]   object_store_backend ............................ ray
[algo1a-g3c-tis-l1-modal] 
[algo1a-g3c-tis-l1-modal]   observe_training_entropy ........................ False
[algo1a-g3c-tis-l1-modal] 
[algo1a-g3c-tis-l1-modal]   offload_modules ................................. []
[algo1a-g3c-tis-l1-modal] 
[algo1a-g3c-tis-l1-modal]   offload_optimizer_states ........................ False
[algo1a-g3c-tis-l1-modal] 
[algo1a-g3c-tis-l1-modal]   offload_rollout ................................. True
[algo1a-g3c-tis-l1-modal] 
[algo1a-g3c-tis-l1-modal]   offload_rollout_level ........................... ['kv_cache', 'weight']
[algo1a-g3c-tis-l1-modal] 
[algo1a-g3c-tis-l1-modal]   offload_train ................................... True
[algo1a-g3c-tis-l1-modal] 
[algo1a-g3c-tis-l1-modal]   offload_train_disk_chunk_mb ..................... 256
[algo1a-g3c-tis-l1-modal] 
[algo1a-g3c-tis-l1-modal]   offload_train_disk_dir .......................... None
[algo1a-g3c-tis-l1-modal] 
[algo1a-g3c-tis-l1-modal]   offload_train_target ............................ cpu
[algo1a-g3c-tis-l1-modal] 
[algo1a-g3c-tis-l1-modal]   one_logger_async ................................ False
[algo1a-g3c-tis-l1-modal] 
[algo1a-g3c-tis-l1-modal]   one_logger_project .............................. megatron-lm
[algo1a-g3c-tis-l1-modal] 
[algo1a-g3c-tis-l1-modal]   one_logger_run_name ............................. None
[algo1a-g3c-tis-l1-modal] 
[algo1a-g3c-tis-l1-modal]   onnx_safe ....................................... None
[algo1a-g3c-tis-l1-modal] 
[algo1a-g3c-tis-l1-modal]   opd_kl_coef ..................................... 1.0
[algo1a-g3c-tis-l1-modal] 
[algo1a-g3c-tis-l1-modal]   opd_log_prob_top_k .............................. 0
[algo1a-g3c-tis-l1-modal] 
[algo1a-g3c-tis-l1-modal]   opd_reward_weight_mode .......................... student_p
[algo1a-g3c-tis-l1-modal] 
[algo1a-g3c-tis-l1-modal]   opd_teacher_ckpt_step ........................... None
[algo1a-g3c-tis-l1-modal] 
[algo1a-g3c-tis-l1-modal]   opd_teacher_key ................................. opd_teacher
[algo1a-g3c-tis-l1-modal] 
[algo1a-g3c-tis-l1-modal]   opd_teacher_load ................................ None
[algo1a-g3c-tis-l1-modal] 
[algo1a-g3c-tis-l1-modal]   opd_teacher_urls ................................ None
[algo1a-g3c-tis-l1-modal] 
[algo1a-g3c-tis-l1-modal]   opd_top_k_strategy .............................. only-student
[algo1a-g3c-tis-l1-modal] 
[algo1a-g3c-tis-l1-modal]   opd_topk_per_position ........................... False
[algo1a-g3c-tis-l1-modal] 
[algo1a-g3c-tis-l1-modal]   opd_type ........................................ None
[algo1a-g3c-tis-l1-modal] 
[algo1a-g3c-tis-l1-modal]   openai_gelu ..................................... False
[algo1a-g3c-tis-l1-modal] 
[algo1a-g3c-tis-l1-modal]   opsm_delta ...................................... 0.0001
[algo1a-g3c-tis-l1-modal] 
[algo1a-g3c-tis-l1-modal]   optimizer ....................................... adam
[algo1a-g3c-tis-l1-modal] 
[algo1a-g3c-tis-l1-modal]   optimizer_cpu_offload ........................... False
[algo1a-g3c-tis-l1-modal] 
[algo1a-g3c-tis-l1-modal]   optimizer_cuda_graph ............................ False
[algo1a-g3c-tis-l1-modal] 
[algo1a-g3c-tis-l1-modal]   optimizer_offload_fraction ...................... 1.0
[algo1a-g3c-tis-l1-modal] 
[algo1a-g3c-tis-l1-modal]   optimizer_state_offload_chunk_size_mb ........... 0
[algo1a-g3c-tis-l1-modal] 
[algo1a-g3c-tis-l1-modal]   optimizer_state_offload_fraction ................ 1.0
[algo1a-g3c-tis-l1-modal] 
[algo1a-g3c-tis-l1-modal]   original_max_position_embeddings ................ 4096
[algo1a-g3c-tis-l1-modal] 
[algo1a-g3c-tis-l1-modal]   outer_dp_sharding_strategy ...................... no_shard
[algo1a-g3c-tis-l1-modal] 
[algo1a-g3c-tis-l1-modal]   output_bert_embeddings .......................... False
[algo1a-g3c-tis-l1-modal] 
[algo1a-g3c-tis-l1-modal]   over_sampling_batch_size ........................ 4
[algo1a-g3c-tis-l1-modal] 
[algo1a-g3c-tis-l1-modal]   overlap_cpu_optimizer_d2h_h2d ................... False
[algo1a-g3c-tis-l1-modal] 
[algo1a-g3c-tis-l1-modal]   overlap_dispatch_backward_with_experts_wgrad .... False
[algo1a-g3c-tis-l1-modal] 
[algo1a-g3c-tis-l1-modal]   overlap_grad_reduce ............................. False
[algo1a-g3c-tis-l1-modal] 
[algo1a-g3c-tis-l1-modal]   overlap_moe_expert_parallel_comm ................ False
[algo1a-g3c-tis-l1-modal] 
[algo1a-g3c-tis-l1-modal]   overlap_p2p_comm ................................ False
[algo1a-g3c-tis-l1-modal] 
[algo1a-g3c-tis-l1-modal]   overlap_p2p_comm_warmup_flush ................... False
[algo1a-g3c-tis-l1-modal] 
[algo1a-g3c-tis-l1-modal]   overlap_param_gather ............................ False
[algo1a-g3c-tis-l1-modal] 
[algo1a-g3c-tis-l1-modal]   overlap_param_gather_with_optimizer_step ........ False
[algo1a-g3c-tis-l1-modal] 
[algo1a-g3c-tis-l1-modal]   override_opt_param_scheduler .................... False
[algo1a-g3c-tis-l1-modal] 
[algo1a-g3c-tis-l1-modal]   p2p_transfer_num_workers ........................ 4
[algo1a-g3c-tis-l1-modal] 
[algo1a-g3c-tis-l1-modal]   p2p_transfer_timeout ............................ 30.0
[algo1a-g3c-tis-l1-modal] 
[algo1a-g3c-tis-l1-modal]   pad_packed_seq_alignment ........................ None
[algo1a-g3c-tis-l1-modal] 
[algo1a-g3c-tis-l1-modal]   pad_vocab_size .................................. True
[algo1a-g3c-tis-l1-modal] 
[algo1a-g3c-tis-l1-modal]   padded_vocab_size ............................... 151936
[algo1a-g3c-tis-l1-modal] 
[algo1a-g3c-tis-l1-modal]   params_dtype .................................... torch.bfloat16
[algo1a-g3c-tis-l1-modal] 
[algo1a-g3c-tis-l1-modal]   partial_rollout ................................. False
[algo1a-g3c-tis-l1-modal] 
[algo1a-g3c-tis-l1-modal]   patch_dim ....................................... 16
[algo1a-g3c-tis-l1-modal] 
[algo1a-g3c-tis-l1-modal]   pause_generation_mode ........................... retract
[algo1a-g3c-tis-l1-modal] 
[algo1a-g3c-tis-l1-modal]   per_dataset_sequences_path ...................... None
[algo1a-g3c-tis-l1-modal] 
[algo1a-g3c-tis-l1-modal]   per_split_data_args_path ........................ None
[algo1a-g3c-tis-l1-modal] 
[algo1a-g3c-tis-l1-modal]   perform_initialization .......................... True
[algo1a-g3c-tis-l1-modal] 
[algo1a-g3c-tis-l1-modal]   perform_rl_step ................................. False
[algo1a-g3c-tis-l1-modal] 
[algo1a-g3c-tis-l1-modal]   phase_transition_iterations ..................... None
[algo1a-g3c-tis-l1-modal] 
[algo1a-g3c-tis-l1-modal]   pin_cpu_grads ................................... True
[algo1a-g3c-tis-l1-modal] 
[algo1a-g3c-tis-l1-modal]   pin_cpu_params .................................. True
[algo1a-g3c-tis-l1-modal] 
[algo1a-g3c-tis-l1-modal]   pin_rollout_manager_to_head ..................... True
[algo1a-g3c-tis-l1-modal] 
[algo1a-g3c-tis-l1-modal]   pipeline_model_parallel_comm_backend ............ None
[algo1a-g3c-tis-l1-modal] 
[algo1a-g3c-tis-l1-modal]   pipeline_model_parallel_layout .................. None
[algo1a-g3c-tis-l1-modal] 
[algo1a-g3c-tis-l1-modal]   pipeline_model_parallel_size .................... 1
[algo1a-g3c-tis-l1-modal] 
[algo1a-g3c-tis-l1-modal]   position_embedding_type ......................... rope
[algo1a-g3c-tis-l1-modal] 
[algo1a-g3c-tis-l1-modal]   post_mlp_layernorm .............................. False
[algo1a-g3c-tis-l1-modal] 
[algo1a-g3c-tis-l1-modal]   post_self_attn_layernorm ........................ False
[algo1a-g3c-tis-l1-modal] 
[algo1a-g3c-tis-l1-modal]   prefill_num_servers ............................. None
[algo1a-g3c-tis-l1-modal] 
[algo1a-g3c-tis-l1-modal]   pretrained_checkpoint ........................... None
[algo1a-g3c-tis-l1-modal] 
[algo1a-g3c-tis-l1-modal]   profile ......................................... False
[algo1a-g3c-tis-l1-modal] 
[algo1a-g3c-tis-l1-modal]   profile_ranks ................................... []
[algo1a-g3c-tis-l1-modal] 
[algo1a-g3c-tis-l1-modal]   profile_step_end ................................ 12
[algo1a-g3c-tis-l1-modal] 
[algo1a-g3c-tis-l1-modal]   profile_step_start .............................. 10
[algo1a-g3c-tis-l1-modal] 
[algo1a-g3c-tis-l1-modal]   profile_target .................................. ['train_overall']
[algo1a-g3c-tis-l1-modal] 
[algo1a-g3c-tis-l1-modal]   prometheus_port ................................. 9090
[algo1a-g3c-tis-l1-modal] 
[algo1a-g3c-tis-l1-modal]   prometheus_run_name ............................. None
[algo1a-g3c-tis-l1-modal] 
[algo1a-g3c-tis-l1-modal]   prompt_data ..................................... /root/yeto-rl/prompts.jsonl
[algo1a-g3c-tis-l1-modal] 
[algo1a-g3c-tis-l1-modal]   pytorch_profiler_collect_callstack .............. False
[algo1a-g3c-tis-l1-modal] 
[algo1a-g3c-tis-l1-modal]   pytorch_profiler_collect_chakra ................. False
[algo1a-g3c-tis-l1-modal] 
[algo1a-g3c-tis-l1-modal]   pytorch_profiler_collect_shapes ................. False
[algo1a-g3c-tis-l1-modal] 
[algo1a-g3c-tis-l1-modal]   q_lora_rank ..................................... None
[algo1a-g3c-tis-l1-modal] 
[algo1a-g3c-tis-l1-modal]   qk_clip ......................................... False
[algo1a-g3c-tis-l1-modal] 
[algo1a-g3c-tis-l1-modal]   qk_clip_alpha ................................... 0.5
[algo1a-g3c-tis-l1-modal] 
[algo1a-g3c-tis-l1-modal]   qk_clip_threshold ............................... 100
[algo1a-g3c-tis-l1-modal] 
[algo1a-g3c-tis-l1-modal]   qk_head_dim ..................................... 128
[algo1a-g3c-tis-l1-modal] 
[algo1a-g3c-tis-l1-modal]   qk_l2_norm ...................................... False
[algo1a-g3c-tis-l1-modal] 
[algo1a-g3c-tis-l1-modal]   qk_layernorm .................................... True
[algo1a-g3c-tis-l1-modal] 
[algo1a-g3c-tis-l1-modal]   qk_pos_emb_head_dim ............................. 64
[algo1a-g3c-tis-l1-modal] 
[algo1a-g3c-tis-l1-modal]   qkv_format ...................................... thd
[algo1a-g3c-tis-l1-modal] 
[algo1a-g3c-tis-l1-modal]   query_in_block_prob ............................. 0.1
[algo1a-g3c-tis-l1-modal] 
[algo1a-g3c-tis-l1-modal]   quick_geglu ..................................... False
[algo1a-g3c-tis-l1-modal] 
[algo1a-g3c-tis-l1-modal]   rampup_batch_size ............................... None
[algo1a-g3c-tis-l1-modal] 
[algo1a-g3c-tis-l1-modal]   rank ............................................ 0
[algo1a-g3c-tis-l1-modal] 
[algo1a-g3c-tis-l1-modal]   recompute_granularity ........................... None
[algo1a-g3c-tis-l1-modal] 
[algo1a-g3c-tis-l1-modal]   recompute_logprobs_via_prefill .................. False
[algo1a-g3c-tis-l1-modal] 
[algo1a-g3c-tis-l1-modal]   recompute_loss_function ......................... False
[algo1a-g3c-tis-l1-modal] 
[algo1a-g3c-tis-l1-modal]   recompute_method ................................ None
[algo1a-g3c-tis-l1-modal] 
[algo1a-g3c-tis-l1-modal]   recompute_modules ............................... None
[algo1a-g3c-tis-l1-modal] 
[algo1a-g3c-tis-l1-modal]   recompute_num_layers ............................ None
[algo1a-g3c-tis-l1-modal] 
[algo1a-g3c-tis-l1-modal]   record_memory_history ........................... False
[algo1a-g3c-tis-l1-modal] 
[algo1a-g3c-tis-l1-modal]   record_shapes ................................... False
[algo1a-g3c-tis-l1-modal] 
[algo1a-g3c-tis-l1-modal]   ref_ckpt_step ................................... None
[algo1a-g3c-tis-l1-modal] 
[algo1a-g3c-tis-l1-modal]   ref_load ........................................ /root/.cache/huggingface/hub/models--Qwen--Qwen3-0.6B/snapshots/c1899de289a04d12100db370d81485cdf75e47ca
[algo1a-g3c-tis-l1-modal] 
[algo1a-g3c-tis-l1-modal]   ref_update_interval ............................. None
[algo1a-g3c-tis-l1-modal] 
[algo1a-g3c-tis-l1-modal]   refit_method .................................... gloo
[algo1a-g3c-tis-l1-modal] 
[algo1a-g3c-tis-l1-modal]   relative_attention_max_distance ................. 128
[algo1a-g3c-tis-l1-modal] 
[algo1a-g3c-tis-l1-modal]   relative_attention_num_buckets .................. 32
[algo1a-g3c-tis-l1-modal] 
[algo1a-g3c-tis-l1-modal]   rematerialize_param_from_master_weight .......... False
[algo1a-g3c-tis-l1-modal] 
[algo1a-g3c-tis-l1-modal]   replication ..................................... False
[algo1a-g3c-tis-l1-modal] 
[algo1a-g3c-tis-l1-modal]   replication_factor .............................. 2
[algo1a-g3c-tis-l1-modal] 
[algo1a-g3c-tis-l1-modal]   replication_jump ................................ None
[algo1a-g3c-tis-l1-modal] 
[algo1a-g3c-tis-l1-modal]   requested_load .................................. None
[algo1a-g3c-tis-l1-modal] 
[algo1a-g3c-tis-l1-modal]   rerun_mode ...................................... validate_results
[algo1a-g3c-tis-l1-modal] 
[algo1a-g3c-tis-l1-modal]   reset_attention_mask ............................ False
[algo1a-g3c-tis-l1-modal] 
[algo1a-g3c-tis-l1-modal]   reset_optimizer_states .......................... False
[algo1a-g3c-tis-l1-modal] 
[algo1a-g3c-tis-l1-modal]   reset_position_ids .............................. False
[algo1a-g3c-tis-l1-modal] 
[algo1a-g3c-tis-l1-modal]   result_rejected_tracker_filename ................ None
[algo1a-g3c-tis-l1-modal] 
[algo1a-g3c-tis-l1-modal]   retriever_report_topk_accuracies ................ []
[algo1a-g3c-tis-l1-modal] 
[algo1a-g3c-tis-l1-modal]   retriever_score_scaling ......................... False
[algo1a-g3c-tis-l1-modal] 
[algo1a-g3c-tis-l1-modal]   reuse_grad_buf_for_mxfp8_param_ag ............... False
[algo1a-g3c-tis-l1-modal] 
[algo1a-g3c-tis-l1-modal]   reward_key ...................................... None
[algo1a-g3c-tis-l1-modal] 
[algo1a-g3c-tis-l1-modal]   rewards_normalization ........................... True
[algo1a-g3c-tis-l1-modal] 
[algo1a-g3c-tis-l1-modal]   rl_consumption_granularity ...................... B
[algo1a-g3c-tis-l1-modal] 
[algo1a-g3c-tis-l1-modal]   rl_default_temperature .......................... 1.0
[algo1a-g3c-tis-l1-modal] 
[algo1a-g3c-tis-l1-modal]   rl_default_top_k ................................ -1
[algo1a-g3c-tis-l1-modal] 
[algo1a-g3c-tis-l1-modal]   rl_default_top_p ................................ 0
[algo1a-g3c-tis-l1-modal] 
[algo1a-g3c-tis-l1-modal]   rl_generation_lag ............................... 0
[algo1a-g3c-tis-l1-modal] 
[algo1a-g3c-tis-l1-modal]   rl_importance_sampling_truncation_coef .......... None
[algo1a-g3c-tis-l1-modal] 
[algo1a-g3c-tis-l1-modal]   rl_inference_expert_model_parallel_size ......... None
[algo1a-g3c-tis-l1-modal] 
[algo1a-g3c-tis-l1-modal]   rl_inference_expert_tensor_model_parallel_size .. None
[algo1a-g3c-tis-l1-modal] 
[algo1a-g3c-tis-l1-modal]   rl_inference_logprobs_is_correction ............. False
[algo1a-g3c-tis-l1-modal] 
[algo1a-g3c-tis-l1-modal]   rl_inference_model_unified_memory_level ......... 0
[algo1a-g3c-tis-l1-modal] 
[algo1a-g3c-tis-l1-modal]   rl_inference_parsers ............................ []
[algo1a-g3c-tis-l1-modal] 
[algo1a-g3c-tis-l1-modal]   rl_inference_pipeline_model_parallel_size ....... None
[algo1a-g3c-tis-l1-modal] 
[algo1a-g3c-tis-l1-modal]   rl_inference_tensor_model_parallel_size ......... None
[algo1a-g3c-tis-l1-modal] 
[algo1a-g3c-tis-l1-modal]   rl_kv_cache_management_mode ..................... persist
[algo1a-g3c-tis-l1-modal] 
[algo1a-g3c-tis-l1-modal]   rl_offload_inference_model_weights_when_idle .... False
[algo1a-g3c-tis-l1-modal] 
[algo1a-g3c-tis-l1-modal]   rl_offload_optimizer_during_inference ........... False
[algo1a-g3c-tis-l1-modal] 
[algo1a-g3c-tis-l1-modal]   rl_partial_rollouts ............................. False
[algo1a-g3c-tis-l1-modal] 
[algo1a-g3c-tis-l1-modal]   rl_persist_cuda_graphs .......................... False
[algo1a-g3c-tis-l1-modal] 
[algo1a-g3c-tis-l1-modal]   rl_profile ...................................... False
[algo1a-g3c-tis-l1-modal] 
[algo1a-g3c-tis-l1-modal]   rl_profile_dir .................................. None
[algo1a-g3c-tis-l1-modal] 
[algo1a-g3c-tis-l1-modal]   rl_prompts_per_eval ............................. 32
[algo1a-g3c-tis-l1-modal] 
[algo1a-g3c-tis-l1-modal]   rl_sequence_packing_algo ........................ fifo
[algo1a-g3c-tis-l1-modal] 
[algo1a-g3c-tis-l1-modal]   rl_sequence_packing_max_sequences_per_bin ....... 50
[algo1a-g3c-tis-l1-modal] 
[algo1a-g3c-tis-l1-modal]   rl_skip_bos_token ............................... False
[algo1a-g3c-tis-l1-modal] 
[algo1a-g3c-tis-l1-modal]   rl_submission_granularity ....................... B
[algo1a-g3c-tis-l1-modal] 
[algo1a-g3c-tis-l1-modal]   rl_training_cuda_graphs ......................... False
[algo1a-g3c-tis-l1-modal] 
[algo1a-g3c-tis-l1-modal]   rl_use_sequence_packing ......................... False
[algo1a-g3c-tis-l1-modal] 
[algo1a-g3c-tis-l1-modal]   rl_verify_model_weights_swap .................... False
[algo1a-g3c-tis-l1-modal] 
[algo1a-g3c-tis-l1-modal]   rm_type ......................................... None
[algo1a-g3c-tis-l1-modal] 
[algo1a-g3c-tis-l1-modal]   rm_url .......................................... None
[algo1a-g3c-tis-l1-modal] 
[algo1a-g3c-tis-l1-modal]   rollout_all_samples_process_path ................ yeto.rl.engine.miles_adapter.rollout_meta_hook.extract_rollout_metadata
[algo1a-g3c-tis-l1-modal] 
[algo1a-g3c-tis-l1-modal]   rollout_batch_size .............................. 4
[algo1a-g3c-tis-l1-modal] 
[algo1a-g3c-tis-l1-modal]   rollout_buffer_url .............................. None
[algo1a-g3c-tis-l1-modal] 
[algo1a-g3c-tis-l1-modal]   rollout_data_postprocess_path ................... None
[algo1a-g3c-tis-l1-modal] 
[algo1a-g3c-tis-l1-modal]   rollout_external ................................ False
[algo1a-g3c-tis-l1-modal] 
[algo1a-g3c-tis-l1-modal]   rollout_external_engine_addrs ................... None
[algo1a-g3c-tis-l1-modal] 
[algo1a-g3c-tis-l1-modal]   rollout_external_router_pd ...................... False
[algo1a-g3c-tis-l1-modal] 
[algo1a-g3c-tis-l1-modal]   rollout_function_path ........................... miles.rollout.inference_rollout.inference_rollout_common.InferenceRolloutFn
[algo1a-g3c-tis-l1-modal] 
[algo1a-g3c-tis-l1-modal]   rollout_global_dataset .......................... True
[algo1a-g3c-tis-l1-modal] 
[algo1a-g3c-tis-l1-modal]   rollout_health_check_failure_threshold .......... 1
[algo1a-g3c-tis-l1-modal] 
[algo1a-g3c-tis-l1-modal]   rollout_health_check_first_wait ................. 0.0
[algo1a-g3c-tis-l1-modal] 
[algo1a-g3c-tis-l1-modal]   rollout_health_check_interval ................... 30.0
[algo1a-g3c-tis-l1-modal] 
[algo1a-g3c-tis-l1-modal]   rollout_health_check_timeout .................... 30.0
[algo1a-g3c-tis-l1-modal] 
[algo1a-g3c-tis-l1-modal]   rollout_indexer_topk_num_streams ................ None
[algo1a-g3c-tis-l1-modal] 
[algo1a-g3c-tis-l1-modal]   rollout_max_context_len ......................... 1024
[algo1a-g3c-tis-l1-modal] 
[algo1a-g3c-tis-l1-modal]   rollout_max_prompt_len .......................... 1023
[algo1a-g3c-tis-l1-modal] 
[algo1a-g3c-tis-l1-modal]   rollout_max_response_len ........................ 384
[algo1a-g3c-tis-l1-modal] 
[algo1a-g3c-tis-l1-modal]   rollout_num_gpus ................................ 1
[algo1a-g3c-tis-l1-modal] 
[algo1a-g3c-tis-l1-modal]   rollout_num_gpus_per_engine ..................... 1
[algo1a-g3c-tis-l1-modal] 
[algo1a-g3c-tis-l1-modal]   rollout_sample_filter_path ...................... yeto.rl.engine.miles_adapter.rollout_meta_hook.record_trained_groups
[algo1a-g3c-tis-l1-modal] 
[algo1a-g3c-tis-l1-modal]   rollout_seed .................................... 18
[algo1a-g3c-tis-l1-modal] 
[algo1a-g3c-tis-l1-modal]   rollout_shuffle ................................. False
[algo1a-g3c-tis-l1-modal] 
[algo1a-g3c-tis-l1-modal]   rollout_skip_special_tokens ..................... False
[algo1a-g3c-tis-l1-modal] 
[algo1a-g3c-tis-l1-modal]   rollout_stop .................................... None
[algo1a-g3c-tis-l1-modal] 
[algo1a-g3c-tis-l1-modal]   rollout_stop_token_ids .......................... None
[algo1a-g3c-tis-l1-modal] 
[algo1a-g3c-tis-l1-modal]   rollout_submission_granularity .................. None
[algo1a-g3c-tis-l1-modal] 
[algo1a-g3c-tis-l1-modal]   rollout_task_type ............................... math
[algo1a-g3c-tis-l1-modal] 
[algo1a-g3c-tis-l1-modal]   rollout_temperature ............................. 1.0
[algo1a-g3c-tis-l1-modal] 
[algo1a-g3c-tis-l1-modal]   rollout_top_k ................................... -1
[algo1a-g3c-tis-l1-modal] 
[algo1a-g3c-tis-l1-modal]   rollout_top_p ................................... 1.0
[algo1a-g3c-tis-l1-modal] 
[algo1a-g3c-tis-l1-modal]   rope_scaling_factor ............................. 8.0
[algo1a-g3c-tis-l1-modal] 
[algo1a-g3c-tis-l1-modal]   rope_type ....................................... rope
[algo1a-g3c-tis-l1-modal] 
[algo1a-g3c-tis-l1-modal]   rotary_base ..................................... 1000000
[algo1a-g3c-tis-l1-modal] 
[algo1a-g3c-tis-l1-modal]   rotary_base_per_layer ........................... None
[algo1a-g3c-tis-l1-modal] 
[algo1a-g3c-tis-l1-modal]   rotary_interleaved .............................. False
[algo1a-g3c-tis-l1-modal] 
[algo1a-g3c-tis-l1-modal]   rotary_percent .................................. 1.0
[algo1a-g3c-tis-l1-modal] 
[algo1a-g3c-tis-l1-modal]   rotary_scaling_factor ........................... 1.0
[algo1a-g3c-tis-l1-modal] 
[algo1a-g3c-tis-l1-modal]   rotary_seq_len_interpolation_factor ............. None
[algo1a-g3c-tis-l1-modal] 
[algo1a-g3c-tis-l1-modal]   router_allow_requests_without_routing_key ....... False
[algo1a-g3c-tis-l1-modal] 
[algo1a-g3c-tis-l1-modal]   router_api_key .................................. None
[algo1a-g3c-tis-l1-modal] 
[algo1a-g3c-tis-l1-modal]   router_assignment_mode .......................... random
[algo1a-g3c-tis-l1-modal] 
[algo1a-g3c-tis-l1-modal]   router_backend .................................. sglang
[algo1a-g3c-tis-l1-modal]   router_balance_abs_threshold .................... 64
[algo1a-g3c-tis-l1-modal] 
[algo1a-g3c-tis-l1-modal]   router_balance_rel_threshold .................... 1.5
[algo1a-g3c-tis-l1-modal] 
[algo1a-g3c-tis-l1-modal]   router_bucket_adjust_interval_secs .............. 5
[algo1a-g3c-tis-l1-modal] 
[algo1a-g3c-tis-l1-modal]   router_ca_cert_paths ............................ []
[algo1a-g3c-tis-l1-modal] 
[algo1a-g3c-tis-l1-modal]   router_cache_threshold .......................... 0.3
[algo1a-g3c-tis-l1-modal] 
[algo1a-g3c-tis-l1-modal]   router_cb_failure_threshold ..................... 10
[algo1a-g3c-tis-l1-modal] 
[algo1a-g3c-tis-l1-modal]   router_cb_success_threshold ..................... 3
[algo1a-g3c-tis-l1-modal] 
[algo1a-g3c-tis-l1-modal]   router_cb_timeout_duration_secs ................. 60
[algo1a-g3c-tis-l1-modal] 
[algo1a-g3c-tis-l1-modal]   router_cb_window_duration_secs .................. 120
[algo1a-g3c-tis-l1-modal] 
[algo1a-g3c-tis-l1-modal]   router_chat_template ............................ None
[algo1a-g3c-tis-l1-modal] 
[algo1a-g3c-tis-l1-modal]   router_client_cert_path ......................... None
[algo1a-g3c-tis-l1-modal] 
[algo1a-g3c-tis-l1-modal]   router_client_key_path .......................... None
[algo1a-g3c-tis-l1-modal] 
[algo1a-g3c-tis-l1-modal]   router_control_plane_api_keys ................... []
[algo1a-g3c-tis-l1-modal] 
[algo1a-g3c-tis-l1-modal]   router_control_plane_audit_enabled .............. False
[algo1a-g3c-tis-l1-modal] 
[algo1a-g3c-tis-l1-modal]   router_cors_allowed_origins ..................... []
[algo1a-g3c-tis-l1-modal] 
[algo1a-g3c-tis-l1-modal]   router_decode ................................... None
[algo1a-g3c-tis-l1-modal] 
[algo1a-g3c-tis-l1-modal]   router_decode_policy ............................ None
[algo1a-g3c-tis-l1-modal] 
[algo1a-g3c-tis-l1-modal]   router_decode_selector .......................... {}
[algo1a-g3c-tis-l1-modal] 
[algo1a-g3c-tis-l1-modal]   router_disable_circuit_breaker .................. False
[algo1a-g3c-tis-l1-modal] 
[algo1a-g3c-tis-l1-modal]   router_disable_health_check ..................... False
[algo1a-g3c-tis-l1-modal] 
[algo1a-g3c-tis-l1-modal]   router_disable_retries .......................... False
[algo1a-g3c-tis-l1-modal] 
[algo1a-g3c-tis-l1-modal]   router_dp_aware ................................. False
[algo1a-g3c-tis-l1-modal] 
[algo1a-g3c-tis-l1-modal]   router_enable_igw ............................... False
[algo1a-g3c-tis-l1-modal] 
[algo1a-g3c-tis-l1-modal]   router_enable_trace ............................. False
[algo1a-g3c-tis-l1-modal] 
[algo1a-g3c-tis-l1-modal]   router_eviction_interval_secs ................... 60
[algo1a-g3c-tis-l1-modal] 
[algo1a-g3c-tis-l1-modal]   router_health_check_endpoint .................... /health
[algo1a-g3c-tis-l1-modal] 
[algo1a-g3c-tis-l1-modal]   router_health_check_interval_secs ............... 60
[algo1a-g3c-tis-l1-modal] 
[algo1a-g3c-tis-l1-modal]   router_health_check_timeout_secs ................ 5
[algo1a-g3c-tis-l1-modal] 
[algo1a-g3c-tis-l1-modal]   router_health_failure_threshold ................. 3
[algo1a-g3c-tis-l1-modal] 
[algo1a-g3c-tis-l1-modal]   router_health_success_threshold ................. 2
[algo1a-g3c-tis-l1-modal] 
[algo1a-g3c-tis-l1-modal]   router_history_backend .......................... memory
[algo1a-g3c-tis-l1-modal] 
[algo1a-g3c-tis-l1-modal]   router_json_log ................................. False
[algo1a-g3c-tis-l1-modal] 
[algo1a-g3c-tis-l1-modal]   router_jwt_audience ............................. None
[algo1a-g3c-tis-l1-modal] 
[algo1a-g3c-tis-l1-modal]   router_jwt_issuer ............................... None
[algo1a-g3c-tis-l1-modal] 
[algo1a-g3c-tis-l1-modal]   router_jwt_jwks_uri ............................. None
[algo1a-g3c-tis-l1-modal] 
[algo1a-g3c-tis-l1-modal]   router_jwt_role_mapping ......................... []
[algo1a-g3c-tis-l1-modal] 
[algo1a-g3c-tis-l1-modal]   router_log_dir .................................. None
[algo1a-g3c-tis-l1-modal] 
[algo1a-g3c-tis-l1-modal]   router_log_level ................................ info
[algo1a-g3c-tis-l1-modal] 
[algo1a-g3c-tis-l1-modal]   router_max_concurrent_requests .................. -1
[algo1a-g3c-tis-l1-modal] 
[algo1a-g3c-tis-l1-modal]   router_max_idle_secs ............................ 14400
[algo1a-g3c-tis-l1-modal] 
[algo1a-g3c-tis-l1-modal]   router_max_payload_size ......................... 536870912
[algo1a-g3c-tis-l1-modal] 
[algo1a-g3c-tis-l1-modal]   router_max_tree_size ............................ 67108864
[algo1a-g3c-tis-l1-modal] 
[algo1a-g3c-tis-l1-modal]   router_mcp_config_path .......................... None
[algo1a-g3c-tis-l1-modal] 
[algo1a-g3c-tis-l1-modal]   router_mini_lb .................................. False
[algo1a-g3c-tis-l1-modal] 
[algo1a-g3c-tis-l1-modal]   router_model_path ............................... None
[algo1a-g3c-tis-l1-modal] 
[algo1a-g3c-tis-l1-modal]   router_oracle_connect_descriptor ................ None
[algo1a-g3c-tis-l1-modal] 
[algo1a-g3c-tis-l1-modal]   router_oracle_password .......................... None
[algo1a-g3c-tis-l1-modal] 
[algo1a-g3c-tis-l1-modal]   router_oracle_pool_max .......................... 16
[algo1a-g3c-tis-l1-modal] 
[algo1a-g3c-tis-l1-modal]   router_oracle_pool_min .......................... 1
[algo1a-g3c-tis-l1-modal] 
[algo1a-g3c-tis-l1-modal]   router_oracle_pool_timeout_secs ................. 30
[algo1a-g3c-tis-l1-modal] 
[algo1a-g3c-tis-l1-modal]   router_oracle_tns_alias ......................... None
[algo1a-g3c-tis-l1-modal] 
[algo1a-g3c-tis-l1-modal]   router_oracle_username .......................... None
[algo1a-g3c-tis-l1-modal] 
[algo1a-g3c-tis-l1-modal]   router_oracle_wallet_path ....................... None
[algo1a-g3c-tis-l1-modal] 
[algo1a-g3c-tis-l1-modal]   router_otlp_traces_endpoint ..................... localhost:4317
[algo1a-g3c-tis-l1-modal] 
[algo1a-g3c-tis-l1-modal]   router_pd_disaggregation ........................ False
[algo1a-g3c-tis-l1-modal] 
[algo1a-g3c-tis-l1-modal]   router_policy ................................... cache_aware
[algo1a-g3c-tis-l1-modal]   router_postgres_db_url .......................... None
[algo1a-g3c-tis-l1-modal] 
[algo1a-g3c-tis-l1-modal]   router_postgres_pool_max ........................ 16
[algo1a-g3c-tis-l1-modal] 
[algo1a-g3c-tis-l1-modal]   router_prefill .................................. None
[algo1a-g3c-tis-l1-modal] 
[algo1a-g3c-tis-l1-modal]   router_prefill_policy ........................... None
[algo1a-g3c-tis-l1-modal] 
[algo1a-g3c-tis-l1-modal]   router_prefill_selector ......................... {}
[algo1a-g3c-tis-l1-modal] 
  router_prometheus_duration_buckets .............. None
  router_prometheus_host .......................... 0.0.0.0
  router_prometheus_port .......................... 29000
[algo1a-g3c-tis-l1-modal]   router_queue_size ............................... 100
[algo1a-g3c-tis-l1-modal] 
  router_queue_timeout_secs ....................... 60
[algo1a-g3c-tis-l1-modal] 
[algo1a-g3c-tis-l1-modal]   router_rate_limit_tokens_per_second ............. None
[algo1a-g3c-tis-l1-modal] 
[algo1a-g3c-tis-l1-modal]   router_reasoning_parser ......................... None
[algo1a-g3c-tis-l1-modal] 
[algo1a-g3c-tis-l1-modal]   router_redis_pool_max ........................... 16
[algo1a-g3c-tis-l1-modal] 
[algo1a-g3c-tis-l1-modal]   router_redis_retention_days ..................... 30
[algo1a-g3c-tis-l1-modal] 
[algo1a-g3c-tis-l1-modal]   router_redis_url ................................ None
[algo1a-g3c-tis-l1-modal] 
[algo1a-g3c-tis-l1-modal]   router_request_id_headers ....................... None
[algo1a-g3c-tis-l1-modal] 
[algo1a-g3c-tis-l1-modal]   router_request_timeout_secs ..................... 1800
[algo1a-g3c-tis-l1-modal] 
[algo1a-g3c-tis-l1-modal]   router_retry_backoff_multiplier ................. 1.5
[algo1a-g3c-tis-l1-modal] 
[algo1a-g3c-tis-l1-modal]   router_retry_initial_backoff_ms ................. 50
[algo1a-g3c-tis-l1-modal] 
[algo1a-g3c-tis-l1-modal]   router_retry_jitter_factor ...................... 0.2
[algo1a-g3c-tis-l1-modal] 
[algo1a-g3c-tis-l1-modal]   router_retry_max_backoff_ms ..................... 30000
[algo1a-g3c-tis-l1-modal] 
[algo1a-g3c-tis-l1-modal]   router_retry_max_retries ........................ 5
[algo1a-g3c-tis-l1-modal] 
[algo1a-g3c-tis-l1-modal]   router_selector ................................. {}
[algo1a-g3c-tis-l1-modal] 
[algo1a-g3c-tis-l1-modal]   router_service_discovery ........................ False
[algo1a-g3c-tis-l1-modal] 
[algo1a-g3c-tis-l1-modal]   router_service_discovery_namespace .............. None
[algo1a-g3c-tis-l1-modal] 
[algo1a-g3c-tis-l1-modal]   router_service_discovery_port ................... 80
[algo1a-g3c-tis-l1-modal] 
[algo1a-g3c-tis-l1-modal]   router_shutdown_grace_period_secs ............... 180
[algo1a-g3c-tis-l1-modal] 
[algo1a-g3c-tis-l1-modal]   router_test_external_dp_routing ................. False
[algo1a-g3c-tis-l1-modal] 
[algo1a-g3c-tis-l1-modal]   router_tls_cert_path ............................ None
[algo1a-g3c-tis-l1-modal] 
[algo1a-g3c-tis-l1-modal]   router_tls_key_path ............................. None
[algo1a-g3c-tis-l1-modal] 
[algo1a-g3c-tis-l1-modal]   router_tokenizer_cache_enable_l0 ................ False
[algo1a-g3c-tis-l1-modal] 
[algo1a-g3c-tis-l1-modal]   router_tokenizer_cache_enable_l1 ................ False
[algo1a-g3c-tis-l1-modal] 
[algo1a-g3c-tis-l1-modal]   router_tokenizer_cache_l0_max_entries ........... 10000
[algo1a-g3c-tis-l1-modal] 
[algo1a-g3c-tis-l1-modal]   router_tokenizer_cache_l1_max_memory ............ 52428800
[algo1a-g3c-tis-l1-modal] 
[algo1a-g3c-tis-l1-modal]   router_tokenizer_path ........................... None
[algo1a-g3c-tis-l1-modal] 
[algo1a-g3c-tis-l1-modal]   router_tool_call_parser ......................... None
[algo1a-g3c-tis-l1-modal] 
[algo1a-g3c-tis-l1-modal]   router_worker_startup_check_interval ............ 30
[algo1a-g3c-tis-l1-modal] 
[algo1a-g3c-tis-l1-modal]   router_worker_startup_timeout_secs .............. 1800
[algo1a-g3c-tis-l1-modal] 
[algo1a-g3c-tis-l1-modal]   run_uuid ........................................ e04326fb8bc246c0
[algo1a-g3c-tis-l1-modal] 
[algo1a-g3c-tis-l1-modal]   run_workload_inspector_server ................... False
[algo1a-g3c-tis-l1-modal] 
[algo1a-g3c-tis-l1-modal]   sample_rate ..................................... 1.0
[algo1a-g3c-tis-l1-modal] 
[algo1a-g3c-tis-l1-modal]   save ............................................ None
[algo1a-g3c-tis-l1-modal] 
[algo1a-g3c-tis-l1-modal]   save_activations_interval ....................... None
[algo1a-g3c-tis-l1-modal] 
[algo1a-g3c-tis-l1-modal]   save_debug_event_data ........................... None
[algo1a-g3c-tis-l1-modal] 
[algo1a-g3c-tis-l1-modal]   save_debug_rollout_data ......................... None
[algo1a-g3c-tis-l1-modal] 
[algo1a-g3c-tis-l1-modal]   save_debug_train_data ........................... None
[algo1a-g3c-tis-l1-modal] 
[algo1a-g3c-tis-l1-modal]   save_debug_trajectory_data ...................... None
[algo1a-g3c-tis-l1-modal] 
[algo1a-g3c-tis-l1-modal]   save_dgrads_interval ............................ None
[algo1a-g3c-tis-l1-modal] 
[algo1a-g3c-tis-l1-modal]   save_hf ......................................... None
[algo1a-g3c-tis-l1-modal] 
[algo1a-g3c-tis-l1-modal]   save_interval ................................... None
[algo1a-g3c-tis-l1-modal] 
[algo1a-g3c-tis-l1-modal]   save_local_weight_checksum ...................... False
[algo1a-g3c-tis-l1-modal] 
[algo1a-g3c-tis-l1-modal]   save_params_interval ............................ None
[algo1a-g3c-tis-l1-modal] 
[algo1a-g3c-tis-l1-modal]   save_retain_interval ............................ None
[algo1a-g3c-tis-l1-modal] 
[algo1a-g3c-tis-l1-modal]   save_tokens_per_expert_interval ................. None
[algo1a-g3c-tis-l1-modal] 
[algo1a-g3c-tis-l1-modal]   save_trigger_sentinel ........................... None
[algo1a-g3c-tis-l1-modal] 
[algo1a-g3c-tis-l1-modal]   save_wgrads_interval ............................ None
[algo1a-g3c-tis-l1-modal] 
[algo1a-g3c-tis-l1-modal]   seed ............................................ 17
[algo1a-g3c-tis-l1-modal] 
[algo1a-g3c-tis-l1-modal]   seq_length ...................................... 1024
[algo1a-g3c-tis-l1-modal] 
[algo1a-g3c-tis-l1-modal]   sequence_packing_scheduler ...................... None
[algo1a-g3c-tis-l1-modal] 
[algo1a-g3c-tis-l1-modal]   sequence_parallel ............................... False
[algo1a-g3c-tis-l1-modal] 
[algo1a-g3c-tis-l1-modal]   session_message_matcher ......................... strict
[algo1a-g3c-tis-l1-modal] 
[algo1a-g3c-tis-l1-modal]   session_sample_picker_path ...................... miles.rollout.session.v2.picker_hub.drop_same_prompt_retries
[algo1a-g3c-tis-l1-modal] 
[algo1a-g3c-tis-l1-modal] 
  session_server_external_host .................... None
[algo1a-g3c-tis-l1-modal] 
[algo1a-g3c-tis-l1-modal]   session_server_ip ............................... None
[algo1a-g3c-tis-l1-modal] 
[algo1a-g3c-tis-l1-modal]   session_server_port ............................. None
[algo1a-g3c-tis-l1-modal] 
[algo1a-g3c-tis-l1-modal]   session_server_workers .......................... 32
[algo1a-g3c-tis-l1-modal] 
[algo1a-g3c-tis-l1-modal] 
[algo1a-g3c-tis-l1-modal]   sft_mock_dataset_config_json .................... None
[algo1a-g3c-tis-l1-modal] 
[algo1a-g3c-tis-l1-modal]   sft_tokenizer_prompt_format ..................... nemotron-h-aligned
[algo1a-g3c-tis-l1-modal]   sgd_momentum .................................... 0.9
[algo1a-g3c-tis-l1-modal] 
[algo1a-g3c-tis-l1-modal]   sglang_abort_on_priority_when_disabled .......... False
[algo1a-g3c-tis-l1-modal] 
[algo1a-g3c-tis-l1-modal] 
[algo1a-g3c-tis-l1-modal]   sglang_allow_auto_truncate ...................... False
[algo1a-g3c-tis-l1-modal] 
[algo1a-g3c-tis-l1-modal]   sglang_allowed_media_domains .................... []
[algo1a-g3c-tis-l1-modal]   sglang_api_key .................................. None
[algo1a-g3c-tis-l1-modal] 
[algo1a-g3c-tis-l1-modal]   sglang_asr_max_concurrent_sessions .............. 32
[algo1a-g3c-tis-l1-modal] 
[algo1a-g3c-tis-l1-modal] 
[algo1a-g3c-tis-l1-modal]   sglang_attn_cp_size ............................. 1
[algo1a-g3c-tis-l1-modal] 
[algo1a-g3c-tis-l1-modal]   sglang_bf16_gemm_backend ........................ auto
[algo1a-g3c-tis-l1-modal] 
[algo1a-g3c-tis-l1-modal] 
[algo1a-g3c-tis-l1-modal]   sglang_bucket_inter_token_latency ............... None
[algo1a-g3c-tis-l1-modal]   sglang_bucket_time_to_first_token ............... None
[algo1a-g3c-tis-l1-modal] 
[algo1a-g3c-tis-l1-modal]   sglang_c128_page_size ........................... 16
[algo1a-g3c-tis-l1-modal] 
  sglang_chat_template ............................ None
[algo1a-g3c-tis-l1-modal] 
[algo1a-g3c-tis-l1-modal]   sglang_checkpoint_engine_wait_weights_before_ready  False
[algo1a-g3c-tis-l1-modal] 
[algo1a-g3c-tis-l1-modal]   sglang_chunked_prefill_size ..................... None
[algo1a-g3c-tis-l1-modal] 
[algo1a-g3c-tis-l1-modal] 
[algo1a-g3c-tis-l1-modal]   sglang_config ................................... None
[algo1a-g3c-tis-l1-modal] 
[algo1a-g3c-tis-l1-modal]   sglang_constrained_json_disable_any_whitespace .. False
[algo1a-g3c-tis-l1-modal]   sglang_constrained_json_whitespace_pattern ...... None
[algo1a-g3c-tis-l1-modal] 
[algo1a-g3c-tis-l1-modal] 
[algo1a-g3c-tis-l1-modal]   sglang_cp_strategy .............................. None
[algo1a-g3c-tis-l1-modal] 
[algo1a-g3c-tis-l1-modal]   sglang_cpu_offload_gb ........................... 0
[algo1a-g3c-tis-l1-modal] 
[algo1a-g3c-tis-l1-modal]   sglang_crash_dump_folder ........................ None
[algo1a-g3c-tis-l1-modal] 
[algo1a-g3c-tis-l1-modal]   sglang_cuda_graph_backend_decode ................ None
[algo1a-g3c-tis-l1-modal] 
[algo1a-g3c-tis-l1-modal]   sglang_cuda_graph_backend_prefill ............... disabled
[algo1a-g3c-tis-l1-modal] 
[algo1a-g3c-tis-l1-modal]   sglang_cuda_graph_bs_decode ..................... None
[algo1a-g3c-tis-l1-modal] 
[algo1a-g3c-tis-l1-modal]   sglang_cuda_graph_bs_prefill .................... None
[algo1a-g3c-tis-l1-modal] 
[algo1a-g3c-tis-l1-modal]   sglang_cuda_graph_config ........................ None
[algo1a-g3c-tis-l1-modal] 
[algo1a-g3c-tis-l1-modal]   sglang_cuda_graph_max_bs_decode ................. None
[algo1a-g3c-tis-l1-modal] 
[algo1a-g3c-tis-l1-modal]   sglang_cuda_graph_max_bs_prefill ................ None
[algo1a-g3c-tis-l1-modal] 
[algo1a-g3c-tis-l1-modal]   sglang_cuda_graph_tc_compiler ................... None
[algo1a-g3c-tis-l1-modal] 
[algo1a-g3c-tis-l1-modal] 
[algo1a-g3c-tis-l1-modal]   sglang_custom_weight_loader ..................... None
[algo1a-g3c-tis-l1-modal] 
[algo1a-g3c-tis-l1-modal]   sglang_dcp_comm_backend ......................... None
[algo1a-g3c-tis-l1-modal] 
[algo1a-g3c-tis-l1-modal]   sglang_dcp_replicate_q_proj ..................... None
[algo1a-g3c-tis-l1-modal] 
[algo1a-g3c-tis-l1-modal]   sglang_dcp_size ................................. 1
[algo1a-g3c-tis-l1-modal] 
[algo1a-g3c-tis-l1-modal]   sglang_debug_cuda_graph ......................... False
[algo1a-g3c-tis-l1-modal] 
[algo1a-g3c-tis-l1-modal]   sglang_debug_tensor_dump_layers ................. None
[algo1a-g3c-tis-l1-modal]   sglang_debug_tensor_dump_output_folder .......... None
[algo1a-g3c-tis-l1-modal] 
[algo1a-g3c-tis-l1-modal] 
[algo1a-g3c-tis-l1-modal]   sglang_decode_log_interval ...................... 40
[algo1a-g3c-tis-l1-modal] 
[algo1a-g3c-tis-l1-modal]   sglang_decoupled_spec_bind_endpoint ............. None
[algo1a-g3c-tis-l1-modal]   sglang_decoupled_spec_connect_endpoints ......... None
[algo1a-g3c-tis-l1-modal] 
[algo1a-g3c-tis-l1-modal]   sglang_decoupled_spec_rank ...................... None
[algo1a-g3c-tis-l1-modal] 
[algo1a-g3c-tis-l1-modal]   sglang_decoupled_spec_role ...................... null
[algo1a-g3c-tis-l1-modal] 
[algo1a-g3c-tis-l1-modal]   sglang_decrypted_config_file .................... None
[algo1a-g3c-tis-l1-modal] 
[algo1a-g3c-tis-l1-modal]   sglang_decrypted_draft_config_file .............. None
[algo1a-g3c-tis-l1-modal] 
[algo1a-g3c-tis-l1-modal]   sglang_deepep_config ............................ None
[algo1a-g3c-tis-l1-modal] 
[algo1a-g3c-tis-l1-modal]   sglang_deepep_dispatcher_output_dtype ........... auto
[algo1a-g3c-tis-l1-modal] 
[algo1a-g3c-tis-l1-modal] 
[algo1a-g3c-tis-l1-modal]   sglang_deepep_v2_mode ........................... direct
[algo1a-g3c-tis-l1-modal] 
[algo1a-g3c-tis-l1-modal]   sglang_default_chat_template_kwargs ............. None
[algo1a-g3c-tis-l1-modal]   sglang_default_priority_value ................... None
[algo1a-g3c-tis-l1-modal] 
[algo1a-g3c-tis-l1-modal] 
[algo1a-g3c-tis-l1-modal]   sglang_detokenizer_worker_num ................... 1
[algo1a-g3c-tis-l1-modal] 
[algo1a-g3c-tis-l1-modal]   sglang_device ................................... None
[algo1a-g3c-tis-l1-modal]   sglang_disable_attn_tp_gather ................... False
[algo1a-g3c-tis-l1-modal] 
[algo1a-g3c-tis-l1-modal]   sglang_disable_chunked_prefix_cache ............. False
[algo1a-g3c-tis-l1-modal] 
[algo1a-g3c-tis-l1-modal] 
[algo1a-g3c-tis-l1-modal]   sglang_disable_cuda_graph_padding ............... False
[algo1a-g3c-tis-l1-modal] 
[algo1a-g3c-tis-l1-modal]   sglang_disable_custom_all_reduce ................ False
[algo1a-g3c-tis-l1-modal] 
[algo1a-g3c-tis-l1-modal]   sglang_disable_decode_cuda_graph ................ False
[algo1a-g3c-tis-l1-modal]   sglang_disable_draft_cuda_graph ................. False
[algo1a-g3c-tis-l1-modal] 
[algo1a-g3c-tis-l1-modal]   sglang_disable_fast_image_processor ............. False
[algo1a-g3c-tis-l1-modal] 
[algo1a-g3c-tis-l1-modal] 
[algo1a-g3c-tis-l1-modal]   sglang_disable_flashinfer_cutlass_moe_fp4_allgather  False
[algo1a-g3c-tis-l1-modal]   sglang_disable_hybrid_swa_memory ................ False
[algo1a-g3c-tis-l1-modal] 
[algo1a-g3c-tis-l1-modal]   sglang_disable_outlines_disk_cache .............. False
[algo1a-g3c-tis-l1-modal]   sglang_disable_overlap_schedule ................. False
[algo1a-g3c-tis-l1-modal] 
[algo1a-g3c-tis-l1-modal]   sglang_disable_prefill_cuda_graph ............... False
[algo1a-g3c-tis-l1-modal] 
[algo1a-g3c-tis-l1-modal]   sglang_disable_priority_preemption .............. False
[algo1a-g3c-tis-l1-modal]   sglang_disable_radix_cache ...................... False
[algo1a-g3c-tis-l1-modal] 
[algo1a-g3c-tis-l1-modal] 
[algo1a-g3c-tis-l1-modal]   sglang_disable_tokenizer_batch_decode ........... False
[algo1a-g3c-tis-l1-modal] 
[algo1a-g3c-tis-l1-modal]   sglang_disaggregation_bootstrap_port ............ 8998
[algo1a-g3c-tis-l1-modal]   sglang_disaggregation_decode_enable_offload_kvcache  False
[algo1a-g3c-tis-l1-modal] 
[algo1a-g3c-tis-l1-modal] 
[algo1a-g3c-tis-l1-modal]   sglang_disaggregation_decode_extra_slots ........ None
[algo1a-g3c-tis-l1-modal]   sglang_disaggregation_decode_polling_interval ... 1
[algo1a-g3c-tis-l1-modal] 
[algo1a-g3c-tis-l1-modal]   sglang_disaggregation_decode_retraction_backup .. None
[algo1a-g3c-tis-l1-modal] 
[algo1a-g3c-tis-l1-modal] 
[algo1a-g3c-tis-l1-modal]   sglang_disaggregation_mode ...................... null
[algo1a-g3c-tis-l1-modal] 
[algo1a-g3c-tis-l1-modal]   sglang_disaggregation_transfer_backend .......... mooncake
[algo1a-g3c-tis-l1-modal] 
[algo1a-g3c-tis-l1-modal]   sglang_dist_timeout ............................. None
[algo1a-g3c-tis-l1-modal]   sglang_dllm_algorithm ........................... None
[algo1a-g3c-tis-l1-modal] 
[algo1a-g3c-tis-l1-modal]   sglang_dllm_algorithm_config .................... None
[algo1a-g3c-tis-l1-modal] 
[algo1a-g3c-tis-l1-modal] 
[algo1a-g3c-tis-l1-modal]   sglang_download_dir ............................. None
[algo1a-g3c-tis-l1-modal]   sglang_dp_size .................................. 1
  sglang_dsa_decode_backend ....................... None
[algo1a-g3c-tis-l1-modal] 
[algo1a-g3c-tis-l1-modal]   sglang_dsa_paged_mqa_logits_backend ............. auto
[algo1a-g3c-tis-l1-modal] 
[algo1a-g3c-tis-l1-modal]   sglang_dsa_prefill_backend ...................... None
[algo1a-g3c-tis-l1-modal] 
[algo1a-g3c-tis-l1-modal]   sglang_dsa_topk_backend ......................... sgl-kernel
[algo1a-g3c-tis-l1-modal]   sglang_dsv4_attn_backend ........................ auto
[algo1a-g3c-tis-l1-modal] 
[algo1a-g3c-tis-l1-modal] 
[algo1a-g3c-tis-l1-modal]   sglang_dtype .................................... auto
[algo1a-g3c-tis-l1-modal] 
[algo1a-g3c-tis-l1-modal]   sglang_dwdp_size ................................ 1
[algo1a-g3c-tis-l1-modal] 
[algo1a-g3c-tis-l1-modal]   sglang_dynamic_batch_tokenizer_batch_timeout .... 0.002
[algo1a-g3c-tis-l1-modal] 
[algo1a-g3c-tis-l1-modal]   sglang_elastic_ep_backend ....................... None
[algo1a-g3c-tis-l1-modal] 
[algo1a-g3c-tis-l1-modal]   sglang_elastic_ep_initial_size .................. None
[algo1a-g3c-tis-l1-modal] 
[algo1a-g3c-tis-l1-modal]   sglang_elastic_ep_rejoin ........................ False
[algo1a-g3c-tis-l1-modal] 
[algo1a-g3c-tis-l1-modal]   sglang_elastic_ep_scale_timeout ................. 600
[algo1a-g3c-tis-l1-modal] 
[algo1a-g3c-tis-l1-modal]   sglang_enable_adaptive_dispatch_to_encoder ...... False
[algo1a-g3c-tis-l1-modal] 
[algo1a-g3c-tis-l1-modal]   sglang_enable_aiter_allreduce_fusion ............ False
[algo1a-g3c-tis-l1-modal] 
[algo1a-g3c-tis-l1-modal]   sglang_enable_attn_tp_input_scattered ........... False
[algo1a-g3c-tis-l1-modal] 
[algo1a-g3c-tis-l1-modal] 
[algo1a-g3c-tis-l1-modal]   sglang_enable_cache_report ...................... False
[algo1a-g3c-tis-l1-modal] 
[algo1a-g3c-tis-l1-modal]   sglang_enable_cp_decode_attn_tp ................. False
[algo1a-g3c-tis-l1-modal] 
[algo1a-g3c-tis-l1-modal]   sglang_enable_custom_logit_processor ............ False
[algo1a-g3c-tis-l1-modal] 
[algo1a-g3c-tis-l1-modal]   sglang_enable_deepseek_v4_fp4_indexer ........... False
[algo1a-g3c-tis-l1-modal] 
[algo1a-g3c-tis-l1-modal]   sglang_enable_dense_mlp_attn_tp ................. False
[algo1a-g3c-tis-l1-modal] 
[algo1a-g3c-tis-l1-modal]   sglang_enable_deterministic_inference ........... True
[algo1a-g3c-tis-l1-modal] 
[algo1a-g3c-tis-l1-modal]   sglang_enable_dp_attention ...................... False
[algo1a-g3c-tis-l1-modal] 
[algo1a-g3c-tis-l1-modal]   sglang_enable_dp_attention_local_control_broadcast  False
[algo1a-g3c-tis-l1-modal] 
[algo1a-g3c-tis-l1-modal] 
[algo1a-g3c-tis-l1-modal]   sglang_enable_draft_weights_cpu_backup .......... False
[algo1a-g3c-tis-l1-modal]   sglang_enable_dsa_cache_layer_split ............. False
[algo1a-g3c-tis-l1-modal] 
[algo1a-g3c-tis-l1-modal]   sglang_enable_dynamic_batch_tokenizer ........... False
[algo1a-g3c-tis-l1-modal] 
[algo1a-g3c-tis-l1-modal]   sglang_enable_dynamic_chunking .................. False
[algo1a-g3c-tis-l1-modal] 
[algo1a-g3c-tis-l1-modal]   sglang_enable_elastic_expert_backup ............. False
[algo1a-g3c-tis-l1-modal] 
[algo1a-g3c-tis-l1-modal]   sglang_enable_engine_info_bootstrap ............. False
[algo1a-g3c-tis-l1-modal] 
[algo1a-g3c-tis-l1-modal]   sglang_enable_eplb .............................. False
[algo1a-g3c-tis-l1-modal] 
[algo1a-g3c-tis-l1-modal]   sglang_enable_flashinfer_allreduce_fusion ....... False
[algo1a-g3c-tis-l1-modal] 
[algo1a-g3c-tis-l1-modal]   sglang_enable_flexkv ............................ False
[algo1a-g3c-tis-l1-modal] 
[algo1a-g3c-tis-l1-modal]   sglang_enable_forward_pass_metrics .............. False
[algo1a-g3c-tis-l1-modal] 
[algo1a-g3c-tis-l1-modal]   sglang_enable_fp32_lm_head ...................... False
[algo1a-g3c-tis-l1-modal] 
[algo1a-g3c-tis-l1-modal] 
[algo1a-g3c-tis-l1-modal]   sglang_enable_fused_qk_norm_rope ................ False
[algo1a-g3c-tis-l1-modal]   sglang_enable_hierarchical_cache ................ False
[algo1a-g3c-tis-l1-modal] 
[algo1a-g3c-tis-l1-modal] 
[algo1a-g3c-tis-l1-modal]   sglang_enable_http2 ............................. False
[algo1a-g3c-tis-l1-modal]   sglang_enable_int8_mamba_checkpoint ............. False
[algo1a-g3c-tis-l1-modal] 
[algo1a-g3c-tis-l1-modal]   sglang_enable_layernorm_sp ...................... False
[algo1a-g3c-tis-l1-modal] 
[algo1a-g3c-tis-l1-modal] 
[algo1a-g3c-tis-l1-modal]   sglang_enable_lean_attention .................... None
[algo1a-g3c-tis-l1-modal]   sglang_enable_linear_replayssm .................. False
[algo1a-g3c-tis-l1-modal] 
[algo1a-g3c-tis-l1-modal]   sglang_enable_linear_replayssm_spec ............. False
[algo1a-g3c-tis-l1-modal] 
[algo1a-g3c-tis-l1-modal]   sglang_enable_lmcache ........................... False
[algo1a-g3c-tis-l1-modal] 
[algo1a-g3c-tis-l1-modal] 
[algo1a-g3c-tis-l1-modal]   sglang_enable_lora_overlap_loading .............. None
[algo1a-g3c-tis-l1-modal] 
[algo1a-g3c-tis-l1-modal]   sglang_enable_mamba_cache_stochastic_rounding ... False
[algo1a-g3c-tis-l1-modal]   sglang_enable_metrics ........................... False
[algo1a-g3c-tis-l1-modal] 
[algo1a-g3c-tis-l1-modal] 
[algo1a-g3c-tis-l1-modal]   sglang_enable_mfu_metrics ....................... False
[algo1a-g3c-tis-l1-modal] 
[algo1a-g3c-tis-l1-modal]   sglang_enable_mis ............................... False
[algo1a-g3c-tis-l1-modal]   sglang_enable_mixed_chunk ....................... False
[algo1a-g3c-tis-l1-modal] 
[algo1a-g3c-tis-l1-modal] 
[algo1a-g3c-tis-l1-modal]   sglang_enable_mscclpp ........................... False
[algo1a-g3c-tis-l1-modal]   sglang_enable_multi_layer_eagle ................. False
[algo1a-g3c-tis-l1-modal] 
[algo1a-g3c-tis-l1-modal]   sglang_enable_multimodal ........................ None
[algo1a-g3c-tis-l1-modal] 
[algo1a-g3c-tis-l1-modal] 
[algo1a-g3c-tis-l1-modal]   sglang_enable_p2p_check ......................... False
[algo1a-g3c-tis-l1-modal]   sglang_enable_page_major_kv_layout .............. False
[algo1a-g3c-tis-l1-modal] 
[algo1a-g3c-tis-l1-modal] 
[algo1a-g3c-tis-l1-modal]   sglang_enable_precise_embedding_interpolation ... False
[algo1a-g3c-tis-l1-modal]   sglang_enable_prefill_cp ........................ False
[algo1a-g3c-tis-l1-modal] 
[algo1a-g3c-tis-l1-modal] 
[algo1a-g3c-tis-l1-modal]   sglang_enable_prefill_only_deterministic_inference  False
[algo1a-g3c-tis-l1-modal]   sglang_enable_prefix_mm_cache ................... False
[algo1a-g3c-tis-l1-modal] 
[algo1a-g3c-tis-l1-modal] 
[algo1a-g3c-tis-l1-modal]   sglang_enable_profile_cuda_graph ................ False
[algo1a-g3c-tis-l1-modal]   sglang_enable_quant_communications .............. False
[algo1a-g3c-tis-l1-modal] 
[algo1a-g3c-tis-l1-modal] 
[algo1a-g3c-tis-l1-modal]   sglang_enable_request_time_stats_logging ........ False
[algo1a-g3c-tis-l1-modal]   sglang_enable_response_store .................... False
[algo1a-g3c-tis-l1-modal] 
[algo1a-g3c-tis-l1-modal] 
[algo1a-g3c-tis-l1-modal]   sglang_enable_scattered_sconv ................... False
[algo1a-g3c-tis-l1-modal]   sglang_enable_session_radix_cache ............... False
[algo1a-g3c-tis-l1-modal] 
[algo1a-g3c-tis-l1-modal] 
[algo1a-g3c-tis-l1-modal]   sglang_enable_single_batch_overlap .............. False
[algo1a-g3c-tis-l1-modal] 
[algo1a-g3c-tis-l1-modal]   sglang_enable_streaming_session ................. False
[algo1a-g3c-tis-l1-modal] 
[algo1a-g3c-tis-l1-modal] 
[algo1a-g3c-tis-l1-modal]   sglang_enable_symm_mem .......................... False
[algo1a-g3c-tis-l1-modal]   sglang_enable_tf32_matmul ....................... False
[algo1a-g3c-tis-l1-modal] 
[algo1a-g3c-tis-l1-modal]   sglang_enable_tokenizer_batch_encode ............ False
[algo1a-g3c-tis-l1-modal] 
[algo1a-g3c-tis-l1-modal] 
[algo1a-g3c-tis-l1-modal]   sglang_enable_torch_compile_debug_mode .......... False
[algo1a-g3c-tis-l1-modal]   sglang_enable_torch_symm_mem .................... False
[algo1a-g3c-tis-l1-modal] 
[algo1a-g3c-tis-l1-modal] 
[algo1a-g3c-tis-l1-modal]   sglang_enable_trace ............................. False
[algo1a-g3c-tis-l1-modal] 
[algo1a-g3c-tis-l1-modal]   sglang_enable_two_batch_overlap ................. False
[algo1a-g3c-tis-l1-modal] 
[algo1a-g3c-tis-l1-modal]   sglang_enable_unified_cache_external_linker ..... False
[algo1a-g3c-tis-l1-modal] 
[algo1a-g3c-tis-l1-modal]   sglang_enable_unified_memory .................... False
[algo1a-g3c-tis-l1-modal] 
[algo1a-g3c-tis-l1-modal] 
[algo1a-g3c-tis-l1-modal]   sglang_enable_waterfill ......................... False
[algo1a-g3c-tis-l1-modal]   sglang_enable_weights_cpu_backup ................ False
[algo1a-g3c-tis-l1-modal] 
[algo1a-g3c-tis-l1-modal] 
[algo1a-g3c-tis-l1-modal]   sglang_encoder_bootstrap_port ................... 8997
[algo1a-g3c-tis-l1-modal] 
[algo1a-g3c-tis-l1-modal]   sglang_encoder_register_urls .................... []
[algo1a-g3c-tis-l1-modal]   sglang_encoder_transfer_backend ................. auto
[algo1a-g3c-tis-l1-modal] 
[algo1a-g3c-tis-l1-modal]   sglang_encoder_urls ............................. []
[algo1a-g3c-tis-l1-modal] 
[algo1a-g3c-tis-l1-modal]   sglang_enforce_disable_flashinfer_allreduce_fusion  False
[algo1a-g3c-tis-l1-modal] 
[algo1a-g3c-tis-l1-modal]   sglang_enforce_shared_experts_fusion ............ False
[algo1a-g3c-tis-l1-modal] 
[algo1a-g3c-tis-l1-modal]   sglang_engine_info_bootstrap_port ............... 6789
[algo1a-g3c-tis-l1-modal]   sglang_ep_dispatch_algorithm .................... None
[algo1a-g3c-tis-l1-modal] 
[algo1a-g3c-tis-l1-modal]   sglang_ep_join_mode ............................. None
[algo1a-g3c-tis-l1-modal] 
[algo1a-g3c-tis-l1-modal] 
[algo1a-g3c-tis-l1-modal]   sglang_ep_num_redundant_experts ................. 0
[algo1a-g3c-tis-l1-modal]   sglang_ep_size .................................. 1
[algo1a-g3c-tis-l1-modal] 
[algo1a-g3c-tis-l1-modal] 
[algo1a-g3c-tis-l1-modal]   sglang_eplb_min_rebalancing_utilization_threshold  1.0
[algo1a-g3c-tis-l0-modal] Flax classes are deprecated and will be removed in Diffusers v1.0.0. We recommend migrating to PyTorch classes or pinning your version of Diffusers.
[algo1a-g3c-tis-l1-modal]   sglang_eplb_rebalance_layers_per_chunk .......... None
[algo1a-g3c-tis-l1-modal] 
[algo1a-g3c-tis-l1-modal]   sglang_eplb_rebalance_num_iterations ............ 1000
[algo1a-g3c-tis-l1-modal] 
[algo1a-g3c-tis-l1-modal]   sglang_expert_distribution_recorder_buffer_size . None
[algo1a-g3c-tis-l1-modal] 
[algo1a-g3c-tis-l1-modal] 
[algo1a-g3c-tis-l1-modal]   sglang_experts_shared_outer_loras ............... None
[algo1a-g3c-tis-l1-modal]   sglang_export_metrics_to_file ................... False
[algo1a-g3c-tis-l1-modal] 
[algo1a-g3c-tis-l1-modal] 
[algo1a-g3c-tis-l1-modal]   sglang_extra_metric_labels ...................... None
[algo1a-g3c-tis-l1-modal]   sglang_fastapi_root_path ........................
[algo1a-g3c-tis-l1-modal] 
[algo1a-g3c-tis-l1-modal] 
[algo1a-g3c-tis-l1-modal]   sglang_flashinfer_a2a_dispatch_type ............. None
[algo1a-g3c-tis-l1-modal]   sglang_flashinfer_allreduce_fusion_backend ...... None
[algo1a-g3c-tis-l1-modal] 
[algo1a-g3c-tis-l1-modal] 
[algo1a-g3c-tis-l1-modal]   sglang_flashinfer_mla_disable_ragged ............ False
[algo1a-g3c-tis-l1-modal]   sglang_flashinfer_mxfp4_moe_precision ........... default
[algo1a-g3c-tis-l1-modal] 
[algo1a-g3c-tis-l1-modal]   sglang_forward_hooks ............................ None
[algo1a-g3c-tis-l1-modal] 
[algo1a-g3c-tis-l1-modal] 
[algo1a-g3c-tis-l1-modal]   sglang_forward_pass_metrics_worker_id ...........
[algo1a-g3c-tis-l1-modal] 
[algo1a-g3c-tis-l1-modal]   sglang_fp4_gemm_runner_backend .................. auto
[algo1a-g3c-tis-l1-modal] 
[algo1a-g3c-tis-l1-modal]   sglang_fuseep_mode .............................. 2
[algo1a-g3c-tis-l1-modal] 
[algo1a-g3c-tis-l1-modal]   sglang_gc_threshold ............................. None
[algo1a-g3c-tis-l1-modal] 
[algo1a-g3c-tis-l1-modal]   sglang_generation_tokens_buckets ................ None
[algo1a-g3c-tis-l1-modal] 
[algo1a-g3c-tis-l1-modal] 
[algo1a-g3c-tis-l1-modal]   sglang_grpc_mode ................................ False
[algo1a-g3c-tis-l1-modal]   sglang_grpc_port ................................ None
[algo1a-g3c-tis-l1-modal] 
[algo1a-g3c-tis-l1-modal]   sglang_hf_chat_template_name .................... None
[algo1a-g3c-tis-l1-modal] 
[algo1a-g3c-tis-l1-modal] 
[algo1a-g3c-tis-l1-modal]   sglang_hicache_io_backend ....................... kernel
[algo1a-g3c-tis-l1-modal] 
[algo1a-g3c-tis-l1-modal]   sglang_hicache_mem_layout ....................... page_first
[algo1a-g3c-tis-l1-modal] 
[algo1a-g3c-tis-l1-modal]   sglang_hicache_size ............................. 0
[algo1a-g3c-tis-l1-modal] 
[algo1a-g3c-tis-l1-modal] 
[algo1a-g3c-tis-l1-modal]   sglang_hicache_storage_backend_extra_config ..... None
[algo1a-g3c-tis-l1-modal]   sglang_hicache_storage_prefetch_policy .......... timeout
[algo1a-g3c-tis-l1-modal] 
[algo1a-g3c-tis-l1-modal] 
[algo1a-g3c-tis-l1-modal]   sglang_hicache_storage_prefetch_retry_poll_interval  8
[algo1a-g3c-tis-l1-modal]   sglang_hicache_write_policy ..................... write_through
[algo1a-g3c-tis-l1-modal] 
[algo1a-g3c-tis-l1-modal] 
[algo1a-g3c-tis-l1-modal]   sglang_host ..................................... 127.0.0.1
[algo1a-g3c-tis-l1-modal] 
[algo1a-g3c-tis-l1-modal]   sglang_http2_initial_connection_window_size ..... 1048576
[algo1a-g3c-tis-l1-modal] 
[algo1a-g3c-tis-l1-modal]   sglang_http2_max_concurrent_streams ............. 200
[algo1a-g3c-tis-l1-modal] 
[algo1a-g3c-tis-l1-modal]   sglang_image_processor_backend .................. auto
[algo1a-g3c-tis-l1-modal] 
[algo1a-g3c-tis-l1-modal]   sglang_incremental_streaming_output ............. False
[algo1a-g3c-tis-l1-modal] 
[algo1a-g3c-tis-l1-modal]   sglang_init_expert_location ..................... trivial
[algo1a-g3c-tis-l1-modal] 
[algo1a-g3c-tis-l1-modal]   sglang_int8_mamba_ckpt_size ..................... None
[algo1a-g3c-tis-l1-modal] 
[algo1a-g3c-tis-l1-modal]   sglang_is_embedding ............................. False
[algo1a-g3c-tis-l1-modal] 
[algo1a-g3c-tis-l1-modal]   sglang_json_model_override_args ................. {}
[algo1a-g3c-tis-l1-modal] 
[algo1a-g3c-tis-l1-modal]   sglang_keep_mm_feature_on_device ................ False
[algo1a-g3c-tis-l1-modal] 
[algo1a-g3c-tis-l1-modal]   sglang_kt_cpuinfer .............................. None
[algo1a-g3c-tis-l1-modal] 
[algo1a-g3c-tis-l1-modal]   sglang_kt_max_deferred_experts_per_token ........ None
[algo1a-g3c-tis-l1-modal] 
[algo1a-g3c-tis-l1-modal]   sglang_kt_method ................................ AMXINT4
[algo1a-g3c-tis-l1-modal] 
[algo1a-g3c-tis-l1-modal]   sglang_kt_num_gpu_experts ....................... None
[algo1a-g3c-tis-l1-modal] 
[algo1a-g3c-tis-l1-modal]   sglang_kt_threadpool_count ...................... 2
[algo1a-g3c-tis-l1-modal] 
[algo1a-g3c-tis-l1-modal]   sglang_kt_weight_path ........................... None
[algo1a-g3c-tis-l1-modal] 
[algo1a-g3c-tis-l1-modal]   sglang_kv_cache_dtype ........................... auto
[algo1a-g3c-tis-l1-modal] 
[algo1a-g3c-tis-l1-modal]   sglang_kv_canary ................................ none
[algo1a-g3c-tis-l1-modal] 
[algo1a-g3c-tis-l1-modal]   sglang_kv_canary_real_data ...................... none
[algo1a-g3c-tis-l1-modal] 
[algo1a-g3c-tis-l1-modal]   sglang_kv_canary_sweep_interval ................. 0
[algo1a-g3c-tis-l1-modal] 
[algo1a-g3c-tis-l1-modal]   sglang_kv_events_config ......................... None
[algo1a-g3c-tis-l1-modal] 
[algo1a-g3c-tis-l1-modal]   sglang_language_model_only ...................... False
[algo1a-g3c-tis-l0-modal] Flax classes are deprecated and will be removed in Diffusers v1.0.0. We recommend migrating to PyTorch classes or pinning your version of Diffusers.
[algo1a-g3c-tis-l1-modal] 
[algo1a-g3c-tis-l1-modal]   sglang_language_only ............................ False
[algo1a-g3c-tis-l1-modal] 
[algo1a-g3c-tis-l1-modal]   sglang_limit_mm_data_per_request ................ None
[algo1a-g3c-tis-l1-modal] 
[algo1a-g3c-tis-l1-modal]   sglang_linear_attn_backend ...................... triton
[algo1a-g3c-tis-l1-modal] 
[algo1a-g3c-tis-l1-modal]   sglang_linear_attn_decode_backend ............... None
[algo1a-g3c-tis-l1-modal] 
[algo1a-g3c-tis-l1-modal]   sglang_linear_attn_prefill_backend .............. None
[algo1a-g3c-tis-l1-modal] 
[algo1a-g3c-tis-l1-modal]   sglang_linear_attn_verify_backend ............... None
[algo1a-g3c-tis-l1-modal] 
[algo1a-g3c-tis-l1-modal]   sglang_linear_replayssm_cache_len ............... 16
[algo1a-g3c-tis-l1-modal] 
[algo1a-g3c-tis-l1-modal]   sglang_lmcache_config_file ...................... None
[algo1a-g3c-tis-l1-modal] 
[algo1a-g3c-tis-l1-modal]   sglang_load_balance_method ...................... auto
[algo1a-g3c-tis-l1-modal] 
[algo1a-g3c-tis-l1-modal]   sglang_load_format .............................. auto
[algo1a-g3c-tis-l1-modal] 
[algo1a-g3c-tis-l1-modal]   sglang_load_publish_endpoint .................... None
[algo1a-g3c-tis-l1-modal] 
[algo1a-g3c-tis-l1-modal]   sglang_load_snapshot_publish_interval ........... 15
[algo1a-g3c-tis-l1-modal] 
[algo1a-g3c-tis-l1-modal]   sglang_log_level ................................ info
[algo1a-g3c-tis-l1-modal] 
[algo1a-g3c-tis-l1-modal]   sglang_log_level_http ........................... None
[algo1a-g3c-tis-l1-modal] 
[algo1a-g3c-tis-l1-modal]   sglang_log_requests ............................. False
[algo1a-g3c-tis-l1-modal] 
[algo1a-g3c-tis-l1-modal]   sglang_log_requests_format ...................... text
[algo1a-g3c-tis-l1-modal] 
[algo1a-g3c-tis-l1-modal]   sglang_log_requests_level ....................... 2
[algo1a-g3c-tis-l1-modal] 
[algo1a-g3c-tis-l1-modal]   sglang_log_requests_target ...................... None
[algo1a-g3c-tis-l1-modal] 
[algo1a-g3c-tis-l1-modal]   sglang_lora_backend ............................. csgmv
[algo1a-g3c-tis-l1-modal] 
[algo1a-g3c-tis-l1-modal]   sglang_lora_drain_wait_threshold ................ 0.0
[algo1a-g3c-tis-l1-modal] 
[algo1a-g3c-tis-l1-modal]   sglang_lora_eviction_policy ..................... lru
[algo1a-g3c-tis-l1-modal] 
[algo1a-g3c-tis-l1-modal]   sglang_lora_no_cpu_backup ....................... False
[algo1a-g3c-tis-l1-modal] 
[algo1a-g3c-tis-l1-modal]   sglang_lora_paths ............................... None
[algo1a-g3c-tis-l1-modal] 
[algo1a-g3c-tis-l1-modal] 
[algo1a-g3c-tis-l1-modal]   sglang_lora_target_modules ...................... None
[algo1a-g3c-tis-l1-modal] 
[algo1a-g3c-tis-l1-modal]   sglang_lora_use_virtual_experts ................. True
[algo1a-g3c-tis-l1-modal] 
[algo1a-g3c-tis-l1-modal]   sglang_mamba_backend ............................ triton
[algo1a-g3c-tis-l1-modal]   sglang_mamba_cache_philox_rounds ................ 0
[algo1a-g3c-tis-l1-modal] 
[algo1a-g3c-tis-l1-modal]   sglang_mamba_full_memory_ratio .................. None
[algo1a-g3c-tis-l1-modal] 
[algo1a-g3c-tis-l1-modal] 
[algo1a-g3c-tis-l1-modal]   sglang_mamba_radix_cache_strategy ............... auto
[algo1a-g3c-tis-l1-modal] 
[algo1a-g3c-tis-l1-modal]   sglang_mamba_ssm_dtype .......................... None
[algo1a-g3c-tis-l1-modal]   sglang_mamba_track_interval ..................... 256
[algo1a-g3c-tis-l1-modal] 
[algo1a-g3c-tis-l1-modal] 
[algo1a-g3c-tis-l1-modal]   sglang_max_loaded_loras ......................... None
[algo1a-g3c-tis-l1-modal] 
[algo1a-g3c-tis-l1-modal]   sglang_max_lora_chunk_size ...................... 16
[algo1a-g3c-tis-l1-modal]   sglang_max_lora_rank ............................ 16
[algo1a-g3c-tis-l1-modal] 
[algo1a-g3c-tis-l1-modal] 
[algo1a-g3c-tis-l1-modal]   sglang_max_mamba_cache_size ..................... None
[algo1a-g3c-tis-l1-modal]   sglang_max_prefill_tokens ....................... 16384
[algo1a-g3c-tis-l1-modal] 
[algo1a-g3c-tis-l1-modal]   sglang_max_queued_requests ...................... None
[algo1a-g3c-tis-l1-modal] 
[algo1a-g3c-tis-l1-modal]   sglang_max_running_requests ..................... None
[algo1a-g3c-tis-l1-modal] 
[algo1a-g3c-tis-l1-modal]   sglang_max_total_tokens ......................... None
[algo1a-g3c-tis-l1-modal] 
[algo1a-g3c-tis-l1-modal] 
[algo1a-g3c-tis-l1-modal]   sglang_mem_fraction_static ...................... 0.4
[algo1a-g3c-tis-l1-modal] 
[algo1a-g3c-tis-l1-modal]   sglang_min_free_slots_delay ..................... None
[algo1a-g3c-tis-l1-modal]   sglang_mlx_enable_sampling ...................... False
[algo1a-g3c-tis-l1-modal] 
[algo1a-g3c-tis-l1-modal]   sglang_mm_attention_backend ..................... None
[algo1a-g3c-tis-l1-modal] 
[algo1a-g3c-tis-l1-modal]   sglang_mm_enable_dp_encoder ..................... False
[algo1a-g3c-tis-l1-modal] 
[algo1a-g3c-tis-l1-modal]   sglang_mm_feature_transport ..................... None
[algo1a-g3c-tis-l1-modal] 
[algo1a-g3c-tis-l1-modal] 
[algo1a-g3c-tis-l1-modal]   sglang_mm_io_worker_num ......................... 0
[algo1a-g3c-tis-l1-modal] 
[algo1a-g3c-tis-l1-modal]   sglang_mm_preprocess_cache_size_mb .............. None
[algo1a-g3c-tis-l1-modal]   sglang_mm_process_config ........................ None
[algo1a-g3c-tis-l1-modal] 
[algo1a-g3c-tis-l1-modal]   sglang_mm_processor_worker_num .................. 0
[algo1a-g3c-tis-l1-modal] 
[algo1a-g3c-tis-l1-modal] 
[algo1a-g3c-tis-l1-modal]   sglang_model_config_parser ...................... auto
[algo1a-g3c-tis-l1-modal]   sglang_model_impl ............................... auto
[algo1a-g3c-tis-l1-modal] 
[algo1a-g3c-tis-l1-modal]   sglang_model_loader_extra_config ................ {}
[algo1a-g3c-tis-l1-modal] 
[algo1a-g3c-tis-l1-modal]   sglang_model_routers ............................ None
[algo1a-g3c-tis-l1-modal] 
[algo1a-g3c-tis-l1-modal]   sglang_modelexpress_config ...................... None
[algo1a-g3c-tis-l1-modal] 
[algo1a-g3c-tis-l1-modal]   sglang_modelopt_checkpoint_restore_path ......... None
[algo1a-g3c-tis-l1-modal] 
[algo1a-g3c-tis-l1-modal]   sglang_modelopt_checkpoint_save_path ............ None
[algo1a-g3c-tis-l1-modal] 
[algo1a-g3c-tis-l1-modal]   sglang_modelopt_export_path ..................... None
[algo1a-g3c-tis-l1-modal] 
[algo1a-g3c-tis-l1-modal]   sglang_modelopt_quant ........................... None
[algo1a-g3c-tis-l1-modal] 
[algo1a-g3c-tis-l1-modal]   sglang_moe_a2a_backend .......................... none
[algo1a-g3c-tis-l1-modal] 
[algo1a-g3c-tis-l1-modal]   sglang_moe_dense_tp_size ........................ None
[algo1a-g3c-tis-l1-modal] 
[algo1a-g3c-tis-l1-modal]   sglang_moe_dp_size .............................. 1
[algo1a-g3c-tis-l1-modal] 
[algo1a-g3c-tis-l1-modal]   sglang_moe_runner_backend ....................... auto
[algo1a-g3c-tis-l1-modal] 
[algo1a-g3c-tis-l1-modal]   sglang_mooncake_ib_device ....................... None
[algo1a-g3c-tis-l1-modal] 
[algo1a-g3c-tis-l1-modal]   sglang_msprobe_dump_config ...................... None
[algo1a-g3c-tis-l1-modal] 
[algo1a-g3c-tis-l1-modal]   sglang_num_continuous_decode_steps .............. 1
[algo1a-g3c-tis-l1-modal] 
[algo1a-g3c-tis-l1-modal]   sglang_num_reserved_decode_tokens ............... 512
[algo1a-g3c-tis-l1-modal] 
[algo1a-g3c-tis-l1-modal]   sglang_numa_node ................................ None
[algo1a-g3c-tis-l1-modal] 
[algo1a-g3c-tis-l1-modal]   sglang_offload_group_size ....................... -1
[algo1a-g3c-tis-l1-modal] 
[algo1a-g3c-tis-l1-modal]   sglang_offload_mode ............................. cpu
[algo1a-g3c-tis-l1-modal] 
[algo1a-g3c-tis-l1-modal]   sglang_offload_num_in_group ..................... 1
[algo1a-g3c-tis-l1-modal] 
[algo1a-g3c-tis-l1-modal]   sglang_offload_prefetch_step .................... 1
[algo1a-g3c-tis-l1-modal] 
[algo1a-g3c-tis-l1-modal]   sglang_optimistic_prefill_attempts .............. 0
[algo1a-g3c-tis-l1-modal] 
[algo1a-g3c-tis-l1-modal]   sglang_otlp_traces_endpoint ..................... localhost:4317
[algo1a-g3c-tis-l1-modal] 
[algo1a-g3c-tis-l1-modal]   sglang_page_size ................................ None
[algo1a-g3c-tis-l1-modal] 
[algo1a-g3c-tis-l1-modal]   sglang_pdmux_config_path ........................ None
[algo1a-g3c-tis-l1-modal] 
[algo1a-g3c-tis-l1-modal]   sglang_ple_offload_backend ...................... pinned
[algo1a-g3c-tis-l1-modal] 
[algo1a-g3c-tis-l1-modal]   sglang_ple_offload_dir .......................... None
[algo1a-g3c-tis-l1-modal] 
[algo1a-g3c-tis-l1-modal]   sglang_ple_offload_embedding .................... None
[algo1a-g3c-tis-l1-modal] 
[algo1a-g3c-tis-l1-modal]   sglang_pp_async_batch_depth ..................... 0
[algo1a-g3c-tis-l1-modal] 
[algo1a-g3c-tis-l1-modal]   sglang_pp_max_micro_batch_size .................. None
[algo1a-g3c-tis-l1-modal] 
[algo1a-g3c-tis-l1-modal]   sglang_pp_size .................................. 1
[algo1a-g3c-tis-l1-modal] 
[algo1a-g3c-tis-l1-modal]   sglang_pre_warm_nccl ............................ False
[algo1a-g3c-tis-l1-modal] 
[algo1a-g3c-tis-l1-modal]   sglang_preferred_sampling_params ................ None
[algo1a-g3c-tis-l1-modal] 
[algo1a-g3c-tis-l1-modal]   sglang_prefill_attention_backend ................ None
[algo1a-g3c-tis-l1-modal] 
[algo1a-g3c-tis-l1-modal]   sglang_prefill_decode_interval .................. None
[algo1a-g3c-tis-l1-modal] 
[algo1a-g3c-tis-l1-modal]   sglang_prefill_delayer_forward_passes_buckets ... None
[algo1a-g3c-tis-l1-modal] 
[algo1a-g3c-tis-l1-modal]   sglang_prefill_delayer_max_delay_ms ............. None
[algo1a-g3c-tis-l1-modal] 
[algo1a-g3c-tis-l1-modal]   sglang_prefill_delayer_max_delay_passes ......... 30
[algo1a-g3c-tis-l1-modal] 
[algo1a-g3c-tis-l1-modal]   sglang_prefill_delayer_queue_min_ratio .......... None
[algo1a-g3c-tis-l1-modal] 
[algo1a-g3c-tis-l1-modal]   sglang_prefill_delayer_token_usage_low_watermark  None
[algo1a-g3c-tis-l1-modal] 
[algo1a-g3c-tis-l1-modal]   sglang_prefill_delayer_wait_seconds_buckets ..... None
[algo1a-g3c-tis-l1-modal] 
[algo1a-g3c-tis-l1-modal] 
[algo1a-g3c-tis-l1-modal]   sglang_prefill_only_disable_kv_cache ............ False
[algo1a-g3c-tis-l1-modal]   sglang_priority_scheduling_preemption_threshold . 10
[algo1a-g3c-tis-l1-modal] 
[algo1a-g3c-tis-l1-modal] 
[algo1a-g3c-tis-l1-modal]   sglang_quantization ............................. None
[algo1a-g3c-tis-l1-modal]   sglang_quantization_param_path .................. None
[algo1a-g3c-tis-l1-modal] 
[algo1a-g3c-tis-l1-modal] 
[algo1a-g3c-tis-l1-modal]   sglang_radix_cache_backend ...................... None
[algo1a-g3c-tis-l1-modal] 
[algo1a-g3c-tis-l1-modal]   sglang_radix_eviction_policy_config ............. None
[algo1a-g3c-tis-l1-modal]   sglang_reasoning_parser ......................... None
[algo1a-g3c-tis-l1-modal] 
[algo1a-g3c-tis-l1-modal] 
[algo1a-g3c-tis-l1-modal]   sglang_remote_instance_weight_loader_seed_instance_ip  None
[algo1a-g3c-tis-l1-modal]   sglang_remote_instance_weight_loader_seed_instance_service_port  None
[algo1a-g3c-tis-l1-modal] 
[algo1a-g3c-tis-l1-modal]   sglang_remote_instance_weight_loader_send_weights_group_ports  None
[algo1a-g3c-tis-l1-modal] 
[algo1a-g3c-tis-l1-modal]   sglang_remote_instance_weight_loader_start_seed_via_transfer_engine  False
[algo1a-g3c-tis-l1-modal] 
[algo1a-g3c-tis-l1-modal] 
[algo1a-g3c-tis-l1-modal]   sglang_return_hidden_states_mode ................ None
[algo1a-g3c-tis-l1-modal]   sglang_return_input_ids ......................... False
[algo1a-g3c-tis-l1-modal] 
[algo1a-g3c-tis-l1-modal] 
[algo1a-g3c-tis-l1-modal]   sglang_revision ................................. None
[algo1a-g3c-tis-l1-modal]   sglang_rl_on_policy_target ...................... None
[algo1a-g3c-tis-l1-modal] 
[algo1a-g3c-tis-l1-modal]   sglang_rl_quant_profile ......................... None
  sglang_router_ip ................................ None
[algo1a-g3c-tis-l1-modal] 
[algo1a-g3c-tis-l1-modal]   sglang_router_policy ............................ None
[algo1a-g3c-tis-l1-modal] 
[algo1a-g3c-tis-l1-modal]   sglang_router_port .............................. None
[algo1a-g3c-tis-l1-modal] 
[algo1a-g3c-tis-l1-modal]   sglang_router_request_timeout_secs .............. 14400
[algo1a-g3c-tis-l1-modal] 
[algo1a-g3c-tis-l1-modal]   sglang_sampling_backend ......................... None
[algo1a-g3c-tis-l1-modal] 
[algo1a-g3c-tis-l1-modal]   sglang_sampling_defaults ........................ model
[algo1a-g3c-tis-l1-modal] 
[algo1a-g3c-tis-l1-modal]   sglang_schedule_conservativeness ................ 1.0
[algo1a-g3c-tis-l1-modal] 
[algo1a-g3c-tis-l1-modal] 
[algo1a-g3c-tis-l1-modal]   sglang_schedule_policy .......................... fcfs
[algo1a-g3c-tis-l1-modal]   sglang_scheduler_recv_interval .................. 1
[algo1a-g3c-tis-l1-modal] 
[algo1a-g3c-tis-l1-modal] 
[algo1a-g3c-tis-l1-modal]   sglang_server_concurrency ....................... 512
[algo1a-g3c-tis-l1-modal]   sglang_show_time_cost ........................... False
[algo1a-g3c-tis-l1-modal] 
[algo1a-g3c-tis-l1-modal]   sglang_sidecar .................................. None
[algo1a-g3c-tis-l1-modal] 
[algo1a-g3c-tis-l1-modal] 
[algo1a-g3c-tis-l1-modal]   sglang_skip_tokenizer_init ...................... False
[algo1a-g3c-tis-l1-modal]   sglang_sleep_on_idle ............................ False
[algo1a-g3c-tis-l1-modal] 
[algo1a-g3c-tis-l1-modal] 
[algo1a-g3c-tis-l1-modal]   sglang_smg_grpc_mode ............................ False
[algo1a-g3c-tis-l1-modal]   sglang_smg_http_sidecar_port .................... None
[algo1a-g3c-tis-l1-modal] 
[algo1a-g3c-tis-l1-modal]   sglang_soft_watchdog_timeout .................... None
[algo1a-g3c-tis-l1-modal] 
[algo1a-g3c-tis-l1-modal] 
[algo1a-g3c-tis-l1-modal]   sglang_speculative_accept_threshold_acc ......... 1.0
[algo1a-g3c-tis-l1-modal] 
[algo1a-g3c-tis-l1-modal] 
[algo1a-g3c-tis-l1-modal]   sglang_speculative_adaptive ..................... False
[algo1a-g3c-tis-l1-modal]   sglang_speculative_adaptive_config .............. None
[algo1a-g3c-tis-l1-modal] 
[algo1a-g3c-tis-l1-modal] 
[algo1a-g3c-tis-l1-modal]   sglang_speculative_attention_mode ............... prefill
[algo1a-g3c-tis-l1-modal]   sglang_speculative_dflash_block_size ............ None
[algo1a-g3c-tis-l1-modal] 
[algo1a-g3c-tis-l1-modal] 
[algo1a-g3c-tis-l1-modal]   sglang_speculative_draft_attention_backend ...... None
[algo1a-g3c-tis-l1-modal] 
[algo1a-g3c-tis-l1-modal]   sglang_speculative_draft_kv_cache_dtype ......... None
[algo1a-g3c-tis-l1-modal]   sglang_speculative_draft_load_format ............ None
[algo1a-g3c-tis-l1-modal] 
[algo1a-g3c-tis-l1-modal] 
[algo1a-g3c-tis-l1-modal]   sglang_speculative_draft_model_quantization ..... None
[algo1a-g3c-tis-l1-modal] 
[algo1a-g3c-tis-l1-modal]   sglang_speculative_draft_model_revision ......... None
[algo1a-g3c-tis-l1-modal]   sglang_speculative_draft_window_size ............ None
[algo1a-g3c-tis-l1-modal] 
[algo1a-g3c-tis-l1-modal]   sglang_speculative_dsa_topk_backend ............. sgl-kernel
[algo1a-g3c-tis-l1-modal]   sglang_speculative_dspark_align_verify_tokens_to_graph_tier  False
[algo1a-g3c-tis-l1-modal] 
[algo1a-g3c-tis-l1-modal] 
[algo1a-g3c-tis-l1-modal]   sglang_speculative_dspark_confidence_sts_path ... None
[algo1a-g3c-tis-l1-modal]   sglang_speculative_dspark_sps_table_path ........ None
[algo1a-g3c-tis-l1-modal] 
[algo1a-g3c-tis-l1-modal]   sglang_speculative_eagle_topk ................... None
[algo1a-g3c-tis-l1-modal] 
[algo1a-g3c-tis-l1-modal] 
[algo1a-g3c-tis-l1-modal]   sglang_speculative_moe_runner_backend ........... None
[algo1a-g3c-tis-l1-modal]   sglang_speculative_ngram_capacity ............... 10000000
[algo1a-g3c-tis-l1-modal] 
[algo1a-g3c-tis-l1-modal] 
[algo1a-g3c-tis-l1-modal]   sglang_speculative_ngram_external_corpus_path ... None
[algo1a-g3c-tis-l1-modal]   sglang_speculative_ngram_external_sam_budget .... 0
[algo1a-g3c-tis-l1-modal] 
[algo1a-g3c-tis-l1-modal] 
[algo1a-g3c-tis-l1-modal]   sglang_speculative_ngram_max_bfs_breadth ........ 10
[algo1a-g3c-tis-l1-modal]   sglang_speculative_ngram_max_trie_depth ......... 18
[algo1a-g3c-tis-l1-modal] 
[algo1a-g3c-tis-l1-modal] 
[algo1a-g3c-tis-l1-modal]   sglang_speculative_num_draft_tokens ............. None
[algo1a-g3c-tis-l1-modal] 
[algo1a-g3c-tis-l1-modal]   sglang_speculative_num_steps .................... None
[algo1a-g3c-tis-l1-modal]   sglang_speculative_skip_dp_mlp_sync ............. False
[algo1a-g3c-tis-l1-modal] 
[algo1a-g3c-tis-l1-modal] 
[algo1a-g3c-tis-l1-modal]   sglang_speculative_use_rejection_sampling ....... False
[algo1a-g3c-tis-l1-modal]   sglang_ssl_ca_certs ............................. None
[algo1a-g3c-tis-l1-modal] 
[algo1a-g3c-tis-l1-modal]   sglang_ssl_keyfile .............................. None
[algo1a-g3c-tis-l1-modal] 
[algo1a-g3c-tis-l1-modal] 
[algo1a-g3c-tis-l1-modal]   sglang_startup_weight_load_mode ................. serial
[algo1a-g3c-tis-l1-modal]   sglang_stream_interval .......................... 1
[algo1a-g3c-tis-l1-modal] 
[algo1a-g3c-tis-l1-modal]   sglang_stream_response_default_include_usage .... False
[algo1a-g3c-tis-l1-modal] 
[algo1a-g3c-tis-l1-modal]   sglang_swa_full_tokens_ratio .................... None
[algo1a-g3c-tis-l1-modal] 
[algo1a-g3c-tis-l1-modal] 
[algo1a-g3c-tis-l1-modal]   sglang_tokenizer_backend ........................ huggingface
[algo1a-g3c-tis-l1-modal] 
[algo1a-g3c-tis-l1-modal]   sglang_tokenizer_metrics_allowed_custom_labels .. None
[algo1a-g3c-tis-l1-modal]   sglang_tokenizer_metrics_custom_labels_header ... x-custom-labels
[algo1a-g3c-tis-l1-modal] 
[algo1a-g3c-tis-l1-modal] 
[algo1a-g3c-tis-l1-modal]   sglang_tokenizer_path ........................... None
[algo1a-g3c-tis-l1-modal] 
[algo1a-g3c-tis-l1-modal]   sglang_tokenizer_worker_num ..................... 1
[algo1a-g3c-tis-l1-modal]   sglang_tool_call_parser ......................... None
[algo1a-g3c-tis-l1-modal] 
[algo1a-g3c-tis-l1-modal] 
[algo1a-g3c-tis-l1-modal]   sglang_torch_compile_max_bs ..................... 32
[algo1a-g3c-tis-l1-modal] 
[algo1a-g3c-tis-l1-modal]   sglang_tp_size .................................. 1
[algo1a-g3c-tis-l1-modal]   sglang_trace_modules ............................ request
[algo1a-g3c-tis-l1-modal] 
[algo1a-g3c-tis-l1-modal]   sglang_triton_attention_num_kv_splits ........... 8
[algo1a-g3c-tis-l1-modal] 
[algo1a-g3c-tis-l1-modal]   sglang_triton_attention_reduce_in_fp32 .......... False
[algo1a-g3c-tis-l1-modal]   sglang_triton_attention_split_tile_size ......... None
[algo1a-g3c-tis-l1-modal]   sglang_true_on_policy_contract .................. None
[algo1a-g3c-tis-l1-modal] 
[algo1a-g3c-tis-l1-modal] 
[algo1a-g3c-tis-l1-modal]   sglang_unified_cache_external_linker_backend .... mooncake
[algo1a-g3c-tis-l1-modal]   sglang_uno_lora_path ............................ None
[algo1a-g3c-tis-l1-modal] 
[algo1a-g3c-tis-l1-modal] 
[algo1a-g3c-tis-l1-modal]   sglang_uvicorn_access_log_exclude_prefixes ...... []
[algo1a-g3c-tis-l1-modal]   sglang_warmups .................................. None
[algo1a-g3c-tis-l1-modal] 
[algo1a-g3c-tis-l1-modal] 
[algo1a-g3c-tis-l1-modal]   sglang_weight_cache_mode ........................ off
[algo1a-g3c-tis-l1-modal]   sglang_weight_cache_socket ...................... None
[algo1a-g3c-tis-l1-modal] 
[algo1a-g3c-tis-l1-modal] 
[algo1a-g3c-tis-l1-modal]   sglang_weight_loader_disable_mmap ............... False
[algo1a-g3c-tis-l1-modal] 
[algo1a-g3c-tis-l1-modal]   sglang_weight_loader_drop_cache_after_load ...... False
[algo1a-g3c-tis-l1-modal]   sglang_weight_loader_prefetch_checkpoints ....... False
[algo1a-g3c-tis-l1-modal] 
[algo1a-g3c-tis-l1-modal] 
[algo1a-g3c-tis-l1-modal]   sglang_weight_version ........................... default
[algo1a-g3c-tis-l1-modal] 
[algo1a-g3c-tis-l1-modal]   short_seq_prob .................................. 0.1
[algo1a-g3c-tis-l1-modal]   skip_actor_forward_only ......................... False
[algo1a-g3c-tis-l1-modal] 
[algo1a-g3c-tis-l1-modal] 
[algo1a-g3c-tis-l1-modal]   skip_train ...................................... False
[algo1a-g3c-tis-l1-modal]   skipped_train_samples ........................... 0
[algo1a-g3c-tis-l1-modal] 
[algo1a-g3c-tis-l1-modal] 
[algo1a-g3c-tis-l1-modal]   spec ............................................ None
[algo1a-g3c-tis-l1-modal]   special_tokens .................................. None
[algo1a-g3c-tis-l1-modal] 
[algo1a-g3c-tis-l1-modal]   split ........................................... None
[algo1a-g3c-tis-l1-modal] 
[algo1a-g3c-tis-l1-modal] 
[algo1a-g3c-tis-l1-modal]   start_eval_at_iter .............................. None
[algo1a-g3c-tis-l1-modal]   start_rollout_id ................................ 0
[algo1a-g3c-tis-l1-modal] 
[algo1a-g3c-tis-l1-modal] 
[algo1a-g3c-tis-l1-modal]   starts_inference_engines ........................ True
[algo1a-g3c-tis-l1-modal] 
[algo1a-g3c-tis-l1-modal]   step_batch_size_schedule ........................ None
[algo1a-g3c-tis-l1-modal] 
[algo1a-g3c-tis-l1-modal]   straggler_ctrlr_port ............................ 65535
[algo1a-g3c-tis-l1-modal]   straggler_minmax_count .......................... 1
[algo1a-g3c-tis-l1-modal] 
[algo1a-g3c-tis-l1-modal] 
[algo1a-g3c-tis-l1-modal]   stream_optimizer_state_to_disk .................. False
[algo1a-g3c-tis-l1-modal]   strict_fsdp_dtensor_load ........................ True
[algo1a-g3c-tis-l1-modal] 
[algo1a-g3c-tis-l1-modal]   suggested_communication_unit_size ............... None
[algo1a-g3c-tis-l1-modal] 
[algo1a-g3c-tis-l1-modal]   swin_backbone_type .............................. tiny
[algo1a-g3c-tis-l1-modal] 
[algo1a-g3c-tis-l1-modal] 
[algo1a-g3c-tis-l1-modal]   target_modules .................................. down_proj,gate_proj,k_proj,o_proj,q_proj,up_proj,v_proj
[algo1a-g3c-tis-l1-modal] 
[algo1a-g3c-tis-l1-modal]   tb_experiment_name .............................. None
[algo1a-g3c-tis-l1-modal] 
[algo1a-g3c-tis-l1-modal]   tb_project_name ................................. None
[algo1a-g3c-tis-l1-modal] 
[algo1a-g3c-tis-l1-modal]   te_precision_config_file ........................ None
[algo1a-g3c-tis-l1-modal] 
[algo1a-g3c-tis-l1-modal]   tensor_model_parallel_size ...................... 1
[algo1a-g3c-tis-l1-modal] 
[algo1a-g3c-tis-l1-modal]   tensorboard_dir ................................. None
[algo1a-g3c-tis-l1-modal] 
[algo1a-g3c-tis-l1-modal]   tensorboard_log_interval ........................ 1
[algo1a-g3c-tis-l1-modal]   tensorboard_queue_size .......................... 1000
[algo1a-g3c-tis-l1-modal] 
[algo1a-g3c-tis-l1-modal]   test_data_path .................................. None
[algo1a-g3c-tis-l1-modal] 
[algo1a-g3c-tis-l1-modal]   thd_max_packed_sequences ........................ None
[algo1a-g3c-tis-l1-modal] 
[algo1a-g3c-tis-l1-modal]   thd_tail_padding_policy ......................... None
[algo1a-g3c-tis-l1-modal] 
[algo1a-g3c-tis-l1-modal] 
[algo1a-g3c-tis-l1-modal]   tiktoken_pattern ................................ None
[algo1a-g3c-tis-l1-modal] 
[algo1a-g3c-tis-l1-modal]   timing_log_level ................................ 0
[algo1a-g3c-tis-l1-modal] 
[algo1a-g3c-tis-l1-modal]   timing_log_option ............................... minmax
[algo1a-g3c-tis-l1-modal] 
[algo1a-g3c-tis-l1-modal]   tis_clip ........................................ 2.0
[algo1a-g3c-tis-l1-modal] 
[algo1a-g3c-tis-l1-modal]   tis_clip_low .................................... 0.0
[algo1a-g3c-tis-l1-modal] 
[algo1a-g3c-tis-l1-modal]   titles_data_path ................................ None
[algo1a-g3c-tis-l1-modal] 
[algo1a-g3c-tis-l1-modal]   tito_model ...................................... default
[algo1a-g3c-tis-l1-modal] 
[algo1a-g3c-tis-l1-modal]   tokenizer_hf_no_include_special_tokens .......... False
[algo1a-g3c-tis-l1-modal] 
[algo1a-g3c-tis-l1-modal]   tokenizer_hf_no_use_fast ........................ False
[algo1a-g3c-tis-l1-modal] 
[algo1a-g3c-tis-l1-modal]   tokenizer_model ................................. /root/.cache/huggingface/hub/models--Qwen--Qwen3-0.6B/snapshots/c1899de289a04d12100db370d81485cdf75e47ca
[algo1a-g3c-tis-l1-modal] 
[algo1a-g3c-tis-l1-modal]   tokenizer_sentencepiece_ignore_extra_whitespaces  True
[algo1a-g3c-tis-l1-modal] 
[algo1a-g3c-tis-l1-modal]   tokenizer_sentencepiece_legacy .................. False
[algo1a-g3c-tis-l1-modal] 
[algo1a-g3c-tis-l1-modal]   tokenizer_type .................................. HuggingFaceTokenizer
[algo1a-g3c-tis-l1-modal] 
[algo1a-g3c-tis-l1-modal]   tool_key ........................................ tools
[algo1a-g3c-tis-l1-modal] 
[algo1a-g3c-tis-l1-modal]   torch_fsdp2_reshard_after_forward ............... True
[algo1a-g3c-tis-l1-modal] 
[algo1a-g3c-tis-l1-modal]   tp_comm_bootstrap_backend ....................... nccl
[algo1a-g3c-tis-l1-modal] 
[algo1a-g3c-tis-l1-modal]   tp_comm_bulk_dgrad .............................. True
[algo1a-g3c-tis-l1-modal] 
[algo1a-g3c-tis-l1-modal]   tp_comm_bulk_wgrad .............................. True
[algo1a-g3c-tis-l1-modal] 
[algo1a-g3c-tis-l1-modal]   tp_comm_overlap ................................. False
[algo1a-g3c-tis-l1-modal] 
[algo1a-g3c-tis-l1-modal]   tp_comm_overlap_ag .............................. True
[algo1a-g3c-tis-l1-modal] 
[algo1a-g3c-tis-l1-modal]   tp_comm_overlap_cfg ............................. None
[algo1a-g3c-tis-l1-modal] 
[algo1a-g3c-tis-l1-modal]   tp_comm_overlap_rs .............................. True
[algo1a-g3c-tis-l1-modal] 
[algo1a-g3c-tis-l1-modal]   tp_comm_overlap_rs_dgrad ........................ False
[algo1a-g3c-tis-l1-modal] 
[algo1a-g3c-tis-l1-modal]   tp_comm_split_ag ................................ True
[algo1a-g3c-tis-l1-modal] 
[algo1a-g3c-tis-l1-modal]   tp_comm_split_rs ................................ True
[algo1a-g3c-tis-l1-modal] 
[algo1a-g3c-tis-l1-modal]   train_backend ................................... megatron
[algo1a-g3c-tis-l1-modal] 
[algo1a-g3c-tis-l1-modal]   train_data_path ................................. None
[algo1a-g3c-tis-l1-modal] 
[algo1a-g3c-tis-l1-modal]   train_env_vars .................................. {}
[algo1a-g3c-tis-l1-modal] 
[algo1a-g3c-tis-l1-modal]   train_iters ..................................... None
[algo1a-g3c-tis-l1-modal] 
[algo1a-g3c-tis-l1-modal]   train_memory_margin_bytes ....................... 1073741824
[algo1a-g3c-tis-l1-modal] 
[algo1a-g3c-tis-l1-modal]   train_samples ................................... None
[algo1a-g3c-tis-l1-modal] 
[algo1a-g3c-tis-l1-modal]   train_sync_interval ............................. None
[algo1a-g3c-tis-l1-modal] 
[algo1a-g3c-tis-l1-modal]   trainer_controller_addrs ........................ None
[algo1a-g3c-tis-l1-modal] 
[algo1a-g3c-tis-l1-modal]   trainer_heartbeat_checker_failure_threshold ..... 3
[algo1a-g3c-tis-l1-modal] 
[algo1a-g3c-tis-l1-modal]   trainer_heartbeat_checker_first_wait ............ 300.0
[algo1a-g3c-tis-l1-modal]   trainer_heartbeat_checker_interval .............. 10.0
[algo1a-g3c-tis-l1-modal] 
[algo1a-g3c-tis-l1-modal] 
[algo1a-g3c-tis-l1-modal]   trainer_id ...................................... actor
[algo1a-g3c-tis-l1-modal] 
[algo1a-g3c-tis-l1-modal]   trainer_model_id ................................ None
[algo1a-g3c-tis-l1-modal]   transformer_impl ................................ transformer_engine
[algo1a-g3c-tis-l1-modal] 
[algo1a-g3c-tis-l1-modal] 
[algo1a-g3c-tis-l1-modal]   true_on_policy_mode ............................. False
[algo1a-g3c-tis-l1-modal]   trust_remote_code ............................... True
[algo1a-g3c-tis-l1-modal] 
[algo1a-g3c-tis-l1-modal] 
[algo1a-g3c-tis-l1-modal]   update_weight_buffer_size ....................... 536870912
[algo1a-g3c-tis-l1-modal]   update_weight_delta_checksum .................... xxh3-128
[algo1a-g3c-tis-l1-modal] 
[algo1a-g3c-tis-l1-modal] 
[algo1a-g3c-tis-l1-modal]   update_weight_disk_dir .......................... None
[algo1a-g3c-tis-l1-modal]   update_weight_local_checkpoint_dir .............. None
[algo1a-g3c-tis-l1-modal] 
[algo1a-g3c-tis-l1-modal]   update_weight_transfer_mode ..................... broadcast
[algo1a-g3c-tis-l1-modal] 
[algo1a-g3c-tis-l1-modal]   update_weights_interval ......................... 1
[algo1a-g3c-tis-l1-modal]   use_checkpoint_args ............................. False
[algo1a-g3c-tis-l1-modal] 
[algo1a-g3c-tis-l1-modal] 
[algo1a-g3c-tis-l1-modal]   use_cpu_initialization .......................... None
[algo1a-g3c-tis-l1-modal]   use_critic ...................................... False
[algo1a-g3c-tis-l1-modal] 
[algo1a-g3c-tis-l1-modal]   use_dist_ckpt ................................... True
[algo1a-g3c-tis-l1-modal] 
[algo1a-g3c-tis-l1-modal] 
[algo1a-g3c-tis-l1-modal]   use_distributed_optimizer ....................... True
[algo1a-g3c-tis-l1-modal] 
[algo1a-g3c-tis-l1-modal]   use_distributed_post ............................ False
[algo1a-g3c-tis-l1-modal]   use_dynamic_batch_size .......................... False
[algo1a-g3c-tis-l1-modal] 
[algo1a-g3c-tis-l1-modal]   use_dynamic_global_batch_size ................... False
[algo1a-g3c-tis-l1-modal] 
[algo1a-g3c-tis-l1-modal]   use_fault_tolerance ............................. False
[algo1a-g3c-tis-l1-modal] 
[algo1a-g3c-tis-l1-modal] 
[algo1a-g3c-tis-l1-modal]   use_fused_mhc ................................... False
[algo1a-g3c-tis-l1-modal] 
[algo1a-g3c-tis-l1-modal]   use_fused_weighted_squared_relu ................. False
[algo1a-g3c-tis-l1-modal]   use_gloo_process_groups ......................... True
[algo1a-g3c-tis-l1-modal] 
[algo1a-g3c-tis-l1-modal] 
[algo1a-g3c-tis-l1-modal]   use_grouped_gemm_for_shared_expert .............. False
[algo1a-g3c-tis-l1-modal]   use_indexer_replay .............................. False
[algo1a-g3c-tis-l1-modal] 
[algo1a-g3c-tis-l1-modal]   use_kitchen_attention ........................... False
[algo1a-g3c-tis-l1-modal] 
[algo1a-g3c-tis-l1-modal] 
[algo1a-g3c-tis-l1-modal]   use_layer_wise_distributed_optimizer ............ False
[algo1a-g3c-tis-l1-modal]   use_layer_wise_param_layout ..................... False
[algo1a-g3c-tis-l1-modal] 
[algo1a-g3c-tis-l1-modal] 
[algo1a-g3c-tis-l1-modal]   use_mamba_mem_eff_path .......................... True
[algo1a-g3c-tis-l1-modal]   use_megatron_fsdp ............................... False
[algo1a-g3c-tis-l1-modal] 
[algo1a-g3c-tis-l1-modal] 
[algo1a-g3c-tis-l1-modal]   use_miles_router ................................ False
[algo1a-g3c-tis-l1-modal] 
[algo1a-g3c-tis-l1-modal]   use_mlflow ...................................... False
[algo1a-g3c-tis-l1-modal]   use_mp_args_from_checkpoint_args ................ False
[algo1a-g3c-tis-l1-modal] 
[algo1a-g3c-tis-l1-modal] 
[algo1a-g3c-tis-l1-modal]   use_one_sent_docs ............................... False
[algo1a-g3c-tis-l1-modal] 
[algo1a-g3c-tis-l1-modal]   use_opd ......................................... False
[algo1a-g3c-tis-l1-modal]   use_opsm ........................................ False
[algo1a-g3c-tis-l1-modal] 
[algo1a-g3c-tis-l1-modal] 
[algo1a-g3c-tis-l1-modal]   use_precision_aware_optimizer ................... False
[algo1a-g3c-tis-l1-modal] 
[algo1a-g3c-tis-l1-modal]   use_prometheus .................................. False
[algo1a-g3c-tis-l1-modal]   use_pytorch_profiler ............................ False
[algo1a-g3c-tis-l1-modal] 
[algo1a-g3c-tis-l1-modal] 
[algo1a-g3c-tis-l1-modal]   use_rollout_entropy ............................. False
[algo1a-g3c-tis-l1-modal]   use_rollout_indexer_replay ...................... False
[algo1a-g3c-tis-l1-modal] 
[algo1a-g3c-tis-l1-modal]   use_rollout_logprobs ............................ False
[algo1a-g3c-tis-l1-modal] 
[algo1a-g3c-tis-l1-modal]   use_rollout_routing_replay ...................... False
[algo1a-g3c-tis-l1-modal] 
[algo1a-g3c-tis-l1-modal] 
[algo1a-g3c-tis-l1-modal]   use_rotary_position_embeddings .................. False
[algo1a-g3c-tis-l1-modal] 
[algo1a-g3c-tis-l1-modal]   use_routing_replay .............................. False
[algo1a-g3c-tis-l1-modal]   use_sampling_support_replay ..................... False
[algo1a-g3c-tis-l1-modal] 
[algo1a-g3c-tis-l1-modal] 
[algo1a-g3c-tis-l1-modal]   use_sharp ....................................... False
[algo1a-g3c-tis-l1-modal] 
[algo1a-g3c-tis-l1-modal]   use_te_activation_func .......................... False
[algo1a-g3c-tis-l1-modal]   use_tensorboard ................................. False
[algo1a-g3c-tis-l1-modal] 
[algo1a-g3c-tis-l1-modal] 
[algo1a-g3c-tis-l1-modal]   use_tokenizer_model_from_checkpoint_args ........ True
[algo1a-g3c-tis-l1-modal] 
[algo1a-g3c-tis-l1-modal]   use_torch_fsdp2 ................................. False
[algo1a-g3c-tis-l1-modal] 
[algo1a-g3c-tis-l1-modal]   use_torch_optimizer_for_cpu_offload ............. False
[algo1a-g3c-tis-l1-modal]   use_tp_pp_dp_mapping ............................ False
[algo1a-g3c-tis-l1-modal] 
[algo1a-g3c-tis-l1-modal] 
[algo1a-g3c-tis-l1-modal]   use_unbiased_kl ................................. False
[algo1a-g3c-tis-l1-modal]   use_varlen_dataset .............................. False
[algo1a-g3c-tis-l1-modal] 
[algo1a-g3c-tis-l1-modal] 
[algo1a-g3c-tis-l1-modal]   v_head_dim ...................................... 128
[algo1a-g3c-tis-l1-modal] 
[algo1a-g3c-tis-l1-modal]   valid_data_path ................................. None
[algo1a-g3c-tis-l1-modal]   validation_set_names ............................ None
[algo1a-g3c-tis-l1-modal] 
[algo1a-g3c-tis-l1-modal] 
[algo1a-g3c-tis-l1-modal]   varlen_mock_dataset_config_json ................. None
[algo1a-g3c-tis-l1-modal]   varlen_sbhd_validation .......................... False
[algo1a-g3c-tis-l1-modal] 
[algo1a-g3c-tis-l1-modal] 
[algo1a-g3c-tis-l1-modal]   virtual_pipeline_model_parallel_size ............ None
[algo1a-g3c-tis-l1-modal] 
[algo1a-g3c-tis-l1-modal]   vision_backbone_type ............................ vit
[algo1a-g3c-tis-l1-modal]   vision_pretraining .............................. False
[algo1a-g3c-tis-l1-modal] 
[algo1a-g3c-tis-l1-modal]   vision_pretraining_type ......................... classify
[algo1a-g3c-tis-l1-modal] 
[algo1a-g3c-tis-l1-modal]   vocab_extra_ids ................................. 0
[algo1a-g3c-tis-l1-modal] 
[algo1a-g3c-tis-l1-modal] 
[algo1a-g3c-tis-l1-modal]   vocab_size ...................................... 151936
[algo1a-g3c-tis-l1-modal]   wandb_always_use_train_step ..................... False
[algo1a-g3c-tis-l1-modal] 
[algo1a-g3c-tis-l1-modal]   wandb_dir ....................................... None
[algo1a-g3c-tis-l1-modal] 
[algo1a-g3c-tis-l1-modal] 
[algo1a-g3c-tis-l1-modal]   wandb_exp_name .................................. None
[algo1a-g3c-tis-l1-modal]   wandb_group ..................................... None
[algo1a-g3c-tis-l1-modal] 
[algo1a-g3c-tis-l1-modal] 
[algo1a-g3c-tis-l1-modal]   wandb_key ....................................... None
[algo1a-g3c-tis-l1-modal] 
[algo1a-g3c-tis-l1-modal]   wandb_mode ...................................... None
[algo1a-g3c-tis-l1-modal]   wandb_project ................................... None
[algo1a-g3c-tis-l1-modal] 
[algo1a-g3c-tis-l1-modal]   wandb_random_suffix ............................. True
[algo1a-g3c-tis-l1-modal] 
[algo1a-g3c-tis-l1-modal] 
[algo1a-g3c-tis-l1-modal]   wandb_save_dir .................................. None
[algo1a-g3c-tis-l1-modal]   wandb_team ...................................... None
[algo1a-g3c-tis-l1-modal] 
[algo1a-g3c-tis-l1-modal]   weight_decay .................................... 0.01
[algo1a-g3c-tis-l1-modal] 
[algo1a-g3c-tis-l1-modal] 
[algo1a-g3c-tis-l1-modal]   wgrad_deferral_limit ............................ 0
[algo1a-g3c-tis-l1-modal]   window_attn_skip_freq ........................... None
[algo1a-g3c-tis-l1-modal] 
[algo1a-g3c-tis-l1-modal]   window_size ..................................... None
[algo1a-g3c-tis-l1-modal] 
[algo1a-g3c-tis-l1-modal] 
[algo1a-g3c-tis-l1-modal]   worker_comm_backend ............................. ray
[algo1a-g3c-tis-l1-modal]   worker_dynamic_port_start ....................... 20000
[algo1a-g3c-tis-l1-modal] 
[algo1a-g3c-tis-l1-modal] 
[algo1a-g3c-tis-l1-modal]   yarn_beta_fast .................................. None
[algo1a-g3c-tis-l1-modal]   yarn_beta_slow .................................. None
[algo1a-g3c-tis-l1-modal] 
[algo1a-g3c-tis-l1-modal]   yarn_correction_range_round_to_int .............. None
[algo1a-g3c-tis-l1-modal] 
[algo1a-g3c-tis-l1-modal]   yarn_original_max_position_embeddings ........... None
[algo1a-g3c-tis-l1-modal] 
[algo1a-g3c-tis-l1-modal]   yeto_placement_map .............................. None
[algo1a-g3c-tis-l1-modal] 
[algo1a-g3c-tis-l1-modal]   yeto_rl_dynamic_sampling_max_replacements ....... None
[algo1a-g3c-tis-l1-modal] 
[algo1a-g3c-tis-l1-modal] -------------------- end of arguments ---------------------
[algo1a-g3c-tis-l1-modal] 
[algo1a-g3c-tis-l1-modal] [2026-09-29 19:56:36.036 main] arguments.py:2854 - --moe-token-dispatcher-type allgather does not support variable sequence length, please use alltoall dispatcher instead.
[algo1a-g3c-tis-l1-modal] 2026-09-29 19:56:36,054	INFO worker.py:1833 -- Connecting to existing Ray cluster at address: 172.20.22.83:6379...
[algo1a-g3c-tis-l1-modal] 2026-09-29 19:56:36,072	INFO worker.py:2015 -- Connected to Ray cluster. View the dashboard at [1m[32mhttp://127.0.0.1:8265 [39m[22m
[algo1a-g3c-tis-l1-modal] YETO_RL_EVENT {"event":"rl_engine_selected","island_id":1,"miles_commit":"d002615f44816ae243169643dc093eb2c29029d8","placement":"colocated","rl/algorithm_absorbed_flags":{},"rl/algorithm_spec":"{\"advantage\":{\"estimator\":\"grpo\",\"reward_binary\":false,\"reward_postprocess\":null,\"rewards_normalization\":true,\"std_normalization\":true,\"whiten\":false},\"correction\":{\"function\":null,\"method\":\"tis\",\"mismatch_metrics\":false,\"opsm_delta\":null,\"tis_clip\":2.0,\"tis_clip_low\":0.0,\"use_rollout_logprobs\":false},\"entropy_coef\":0.0,\"execution\":{\"group_required\":true,\"max_policy_staleness\":0,\"needs_critic\":false,\"needs_rollout_logprobs\":false},\"kl\":{\"coef\":null,\"estimator\":null,\"placement\":\"none\",\"unbiased\":false},\"loss\":{\"aggregation\":\"default\",\"custom_loss\":null,\"eps_clip\":null,\"eps_clip_c\":null,\"eps_clip_high\":null,\"reducer\":null,\"variant\":\"policy_loss\"},\"plugins\":[],\"sampling\":{\"filter\":null,\"max_replacements\":null,\"over_sampling_batch_size\":null,\"overlong_filter\":false},\"schema\":\"yeto-rl-algorithm-spec-v2\"}","rl/algorithm_spec_sha256":"5a8a5a9ff5abb317fc8159ab56c07293dc3bc99e084542880b6d32cc5a02b441","rl/outer_sync":true,"rl_engine":"ports","time_unix":1790711797.9649289}
[algo1a-g3c-tis-l1-modal] 
[algo1a-g3c-tis-l1-modal] [2026-09-29 19:56:37.978 main] reporter.py:90 - audit op=env_report_summary hostname=modal versions="{\"python\":\"3.12.3\",\"platform\":\"Linux-4.19.0-gvisor-x86_64-with-glibc2.39\",\"torch\":\"2.13.0+cu130\",\"torch_cuda\":\"13.0\"}" repos="{}" num_packages=0 num_env_vars=106 packages_probed=false stored=false
[algo1a-g3c-tis-l1-modal] [2026-09-29 19:56:37.995 main] placement_group.py:227 - Creating placement group with 1 GPUs...
[algo1a-g3c-tis-l1-modal] [2026-09-29 19:56:39.452 main] placement_group.py:117 -   bundle    0, actual_bundle_index:    0, node: 172.20.22.83, gpu: 0
[algo1a-g3c-tis-l0-modal] WARNING:megatron.bridge.models.muse_glimmer:Muse Glimmer Hugging Face classes are unavailable with transformers 5.12.1. Upgrade transformers to a version that supports Muse Glimmer.
[algo1a-g3c-tis-l0-modal] WARNING:miles_plugins.models.qwen3_vl:megatron-bridge Qwen3VLModel lacks native CP-local vision-embed selection; CP runs with vision tokens will mis-place vision embeddings. Apply the matching Megatron-Bridge patch (radixark/Megatron-Bridge PR #9).
[algo1a-g3c-tis-l0-modal] Fetching 10 files:   0%|          | 0/10 [00:00<?, ?it/s]
[algo1a-g3c-tis-l0-modal] Warning: You are sending unauthenticated requests to the HF Hub. Please set a HF_TOKEN to enable higher rate limits and faster downloads.
[algo1a-g3c-tis-l0-modal] WARNING:huggingface_hub.utils._http:Warning: You are sending unauthenticated requests to the HF Hub. Please set a HF_TOKEN to enable higher rate limits and faster downloads.
[algo1a-g3c-tis-l0-modal] Fetching 10 files:  10%|█         | 1/10 [00:00<00:01,  5.66it/s]
[algo1a-g3c-tis-l0-modal] Fetching 10 files:  70%|███████   | 7/10 [00:00<00:00, 24.37it/s]
[algo1a-g3c-tis-l1-modal] [2026-09-29 19:56:43.697 main] reporter.py:90 - audit op=env_report_summary hostname=modal versions="{\"python\":\"3.12.3\",\"platform\":\"Linux-4.19.0-gvisor-x86_64-with-glibc2.39\",\"miles\":\"0.1.1\",\"sglang\":\"0.5.21.dev67+g9f29303\",\"sglang-router\":\"0.3.2\",\"megatron-core\":\"0.19.0+a84b10547\",\"transformers\":\"5.12.1\",\"ray\":\"2.58.0\",\"flashinfer-python\":\"0.6.18\",\"torch\":\"2.13.0+cu130\",\"torch_cuda\":\"13.0\"}" repos="{\"miles\":\"d002615f44816ae243169643dc093eb2c29029d8\",\"sglang\":\"9f29303bef1eea38eb613e5f454a52db1326422d\",\"megatron-core\":\"a84b105473eca9c9c6e49dbf1c8aa460c5cf796e\"}" num_packages=425 num_env_vars=106 packages_probed=true stored=false
[algo1a-g3c-tis-l1-modal] [36m(pid=2295)[0m /opt/sglang/lib/python3.12/site-packages/huggingface_hub/constants.py:301: FutureWarning: The `HF_HUB_ENABLE_HF_TRANSFER` environment variable is deprecated as 'hf_transfer' is not used anymore. Please use `HF_XET_HIGH_PERFORMANCE` instead to enable high performance transfer with Xet. Visit https://huggingface.co/docs/huggingface_hub/package_reference/environment_variables#hfxethighperformance for more details.
[algo1a-g3c-tis-l1-modal] 
[algo1a-g3c-tis-l1-modal] [36m(pid=2295)[0m   warnings.warn(
[algo1a-g3c-tis-l1-modal] 
[algo1a-g3c-tis-l1-modal] [36m(pid=2295)[0m /opt/sglang/lib/python3.12/site-packages/transformer_engine/__init__.py:103: RuntimeWarning: Detected a Jax installation but could not find the shared object file for the Transformer Engine Jax extension library. If this is not intentional, please reinstall Transformer Engine with `pip install transformer_engine[jax]` or build from source with `NVTE_FRAMEWORK=jax`.
[algo1a-g3c-tis-l1-modal] 
[algo1a-g3c-tis-l1-modal] [36m(pid=2295)[0m   warnings.warn(
[algo1a-g3c-tis-l1-modal] 
[algo1a-g3c-tis-l0-modal] Fetching 10 files: 100%|██████████| 10/10 [00:06<00:00,  1.24it/s]
[algo1a-g3c-tis-l0-modal] Fetching 10 files: 100%|██████████| 10/10 [00:06<00:00,  1.58it/s]
[algo1a-g3c-tis-l0-modal] 
[algo1a-g3c-tis-l0-modal] Generating train split: 0 examples [00:00, ? examples/s]
[algo1a-g3c-tis-l0-modal] Generating train split: 7473 examples [00:00, 423104.90 examples/s]
[algo1a-g3c-tis-l0-modal] 
[algo1a-g3c-tis-l0-modal] Generating test split: 0 examples [00:00, ? examples/s]
[algo1a-g3c-tis-l0-modal] Generating test split: 1319 examples [00:00, 219788.13 examples/s]
[algo1a-g3c-tis-l0-modal] 
[algo1a-g3c-tis-l0-modal] WARNING:megatron.bridge.models.conversion.auto_bridge:Loading a model with trust_remote_code=True allows arbitrary code execution from the model repository. Only use this with models you trust.
[algo1a-g3c-tis-l0-modal] /opt/sglang/lib/python3.12/site-packages/megatron/bridge/models/qwen/qwen3_bridge.py:45: FutureWarning: Qwen3Bridge.provider_bridge() and AutoBridge.to_megatron_provider() are deprecated for builder-backed models. Use AutoBridge.get_model_config() for training recipes or AutoBridge.get_model() to construct a model. Legacy provider support will be removed in a future release.
  provider = super().provider_bridge(hf_pretrained)
[algo1a-g3c-tis-l0-modal] [transformers] `torch_dtype` is deprecated! Use `dtype` instead!
[algo1a-g3c-tis-l0-modal] /root/Megatron-LM/megatron/core/transformer/transformer_config.py:3249: UserWarning: full scope is deprecated. Use empty cuda_graph_modules to capture the whole layer.
  warnings.warn(
[algo1a-g3c-tis-l0-modal] WARNING: Inferring the appropriate argparse argument type from <class 'megatron.core.transformer.transformer_config.TransformerConfig'> failed for pad_packed_seq_alignment: typing.Union[int, typing.Literal['max'], NoneType].
Deferring to attribute metadata. If the metadata is incomplete, 'parser.add_argument()' may fail.
Original failure: Unions not supported by argparse: typing.Union[int, typing.Literal['max'], NoneType]
[algo1a-g3c-tis-l0-modal] 
[algo1a-g3c-tis-l0-modal] [2026-09-29 19:57:00.893 main] arguments.py:49 - --tokenizer-model not set, use --hf-checkpoint as tokenizer model.
[algo1a-g3c-tis-l0-modal] [2026-09-29 19:57:00.928 main] arguments.py:222 - MoE-expert LoRA layout: per-expert (--experts-shared-outer-loras).
[algo1a-g3c-tis-l0-modal] [2026-09-29 19:57:00.928 main] arguments.py:3627 - Colocate mode: defaulting --sglang-cuda-graph-backend-prefill=disabled to avoid NVLS OOM. Set --sglang-cuda-graph-backend-prefill explicitly to override.
[algo1a-g3c-tis-l0-modal] [2026-09-29 19:57:00.928 main] arguments.py:3637 - rollout_num_gpus None != actor_num_gpus_per_node 1 * actor_num_nodes 1, overriding rollout_num_gpus to match actor_num_gpus_per_node * actor_num_nodes.
[algo1a-g3c-tis-l0-modal] [2026-09-29 19:57:00.929 main] arguments.py:3869 - args.eval_max_context_len is not set. Use args.rollout_max_context_len 1024 as default value.
[algo1a-g3c-tis-l0-modal] [2026-09-29 19:57:00.929 main] arguments.py:3877 - args.rollout_max_prompt_len is not set. Use args.rollout_max_context_len - 1 (1024 - 1) as default value so that there is at least one generated token to compute loss.
[algo1a-g3c-tis-l0-modal] /root/Megatron-LM/megatron/core/_rank_utils.py:39: UserWarning: Could not determine rank from torch.distributed, RANK, or SLURM_PROCID. Defaulting to rank 0.
  warnings.warn(
[algo1a-g3c-tis-l0-modal] using world size: 1, data-parallel size: 1, context-parallel size: 1, hierarchical context-parallel sizes: None, tensor-model-parallel size: 1, pipeline-model-parallel size: 1
[algo1a-g3c-tis-l0-modal] 
[algo1a-g3c-tis-l0-modal] Number of virtual stages per pipeline stage: None
[algo1a-g3c-tis-l0-modal] 
[algo1a-g3c-tis-l0-modal] using torch.bfloat16 for parameters ...
[algo1a-g3c-tis-l0-modal] 
[algo1a-g3c-tis-l0-modal] ------------------------ arguments ------------------------
[algo1a-g3c-tis-l0-modal] 
[algo1a-g3c-tis-l0-modal]   _is_global_batch_size_explicitly_specified ...... True
[algo1a-g3c-tis-l0-modal] 
[algo1a-g3c-tis-l0-modal]   account_for_embedding_in_pipeline_split ......... False
[algo1a-g3c-tis-l0-modal]   account_for_loss_in_pipeline_split .............. False
[algo1a-g3c-tis-l0-modal] 
[algo1a-g3c-tis-l0-modal]   accumulate_allreduce_grads_in_fp32 .............. True
[algo1a-g3c-tis-l0-modal] 
[algo1a-g3c-tis-l0-modal]   activation_func_clamp_shared_expert ............. True
[algo1a-g3c-tis-l0-modal] 
[algo1a-g3c-tis-l0-modal]   activation_func_clamp_value ..................... None
[algo1a-g3c-tis-l0-modal] 
[algo1a-g3c-tis-l0-modal]   activation_offload_fraction ..................... 1.0
[algo1a-g3c-tis-l0-modal] 
[algo1a-g3c-tis-l0-modal]   actor_num_gpus_per_node ......................... 1
[algo1a-g3c-tis-l0-modal] 
[algo1a-g3c-tis-l0-modal]   actor_num_nodes ................................. 1
[algo1a-g3c-tis-l0-modal] 
[algo1a-g3c-tis-l0-modal]   adam_beta1 ...................................... 0.9
[algo1a-g3c-tis-l0-modal] 
  adam_beta2 ...................................... 0.999
  adam_eps ........................................ 1e-08
  add_bias_linear ................................. False
  add_position_embedding .......................... True
  add_qkv_bias .................................... False
  adlr_autoresume ................................. False
  adlr_autoresume_interval ........................ 1000
  advantage_estimator ............................. grpo
  align_grad_reduce ............................... True
  align_param_gather .............................. False
  allgather_cp .................................... False
  allow_ambiguous_pad_tokens ...................... False
  allow_partial_train_step ........................ False
  api_server_host ................................. 127.0.0.1
  api_server_port ................................. 0
  app_tag_run_name ................................ None
  app_tag_run_version ............................. 0.0.0
  apply_chat_template ............................. True
  apply_chat_template_kwargs ...................... {'enable_thinking': False}
  apply_dsa_kernel_fusion ......................... None
  apply_query_key_layer_scaling ................... False
  apply_residual_connection_post_layernorm ........ False
  apply_rope_fusion ............................... True
  apply_wd_to_qk_layernorm ........................ False
  async_ckpt_cpu_priority ......................... 10
  async_ckpt_io_priority .......................... 3
  async_ckpt_use_cpu_shm .......................... False
[algo1a-g3c-tis-l0-modal] 
  async_data_buffer_capacity_factor ............... 2.0
[algo1a-g3c-tis-l0-modal] 
[algo1a-g3c-tis-l0-modal]   async_max_concurrent_samples .................... None
  async_save ...................................... False
  async_strategy .................................. mcore
  async_unused_samples_handler .................... drop
[algo1a-g3c-tis-l0-modal]   attention_backend ............................... AttnBackend.unfused
[algo1a-g3c-tis-l0-modal]   attention_dropout ............................... 0.1
[algo1a-g3c-tis-l0-modal] 
[algo1a-g3c-tis-l0-modal]   attention_output_gate ........................... False
[algo1a-g3c-tis-l0-modal] 
[algo1a-g3c-tis-l0-modal]   attention_softmax_in_fp32 ....................... True
[algo1a-g3c-tis-l0-modal] 
[algo1a-g3c-tis-l0-modal]   auto_detect_ckpt_format ......................... False
  balance_by_flops ................................ False
[algo1a-g3c-tis-l0-modal]   balance_data .................................... True
[algo1a-g3c-tis-l0-modal] 
[algo1a-g3c-tis-l0-modal]   barrier_with_L1_time ............................ True
[algo1a-g3c-tis-l0-modal]   batch_invariant_mode ............................ False
[algo1a-g3c-tis-l0-modal] 
[algo1a-g3c-tis-l0-modal]   bert_binary_head ................................ True
[algo1a-g3c-tis-l0-modal] 
[algo1a-g3c-tis-l0-modal]   bert_embedder_type .............................. megatron
[algo1a-g3c-tis-l0-modal] 
  bert_load ....................................... None
[algo1a-g3c-tis-l0-modal]   beta_fast ....................................... 32
[algo1a-g3c-tis-l0-modal] 
[algo1a-g3c-tis-l0-modal]   beta_slow ....................................... 1
[algo1a-g3c-tis-l0-modal] 
[algo1a-g3c-tis-l0-modal]   bf16 ............................................ True
[algo1a-g3c-tis-l0-modal] 
[algo1a-g3c-tis-l0-modal]   bias_dropout_fusion ............................. True
[algo1a-g3c-tis-l0-modal] 
[algo1a-g3c-tis-l0-modal]   bias_gelu_fusion ................................ False
[algo1a-g3c-tis-l0-modal] 
[algo1a-g3c-tis-l0-modal]   bias_swiglu_fusion .............................. True
[algo1a-g3c-tis-l0-modal] 
[algo1a-g3c-tis-l0-modal]   biencoder_projection_dim ........................ 0
[algo1a-g3c-tis-l0-modal] 
[algo1a-g3c-tis-l0-modal]   biencoder_shared_query_context_model ............ False
[algo1a-g3c-tis-l0-modal] 
[algo1a-g3c-tis-l0-modal]   block_data_path ................................. None
[algo1a-g3c-tis-l0-modal] 
[algo1a-g3c-tis-l0-modal]   buffer_filter_path .............................. yeto.rl.engine.miles_adapter.rollout_meta_hook.policy_buffer_filter
[algo1a-g3c-tis-l0-modal] 
[algo1a-g3c-tis-l0-modal]   cache_mla_latents ............................... False
[algo1a-g3c-tis-l0-modal] 
[algo1a-g3c-tis-l0-modal]   calc_ft_timeouts ................................ False
[algo1a-g3c-tis-l0-modal] 
[algo1a-g3c-tis-l0-modal]   calculate_per_token_loss ........................ False
[algo1a-g3c-tis-l0-modal] 
[algo1a-g3c-tis-l0-modal]   chat_template ................................... None
[algo1a-g3c-tis-l0-modal] 
[algo1a-g3c-tis-l0-modal]   chat_template_path .............................. None
[algo1a-g3c-tis-l0-modal] 
[algo1a-g3c-tis-l0-modal]   check_for_large_grads ........................... False
[algo1a-g3c-tis-l0-modal] 
[algo1a-g3c-tis-l0-modal]   check_for_nan_in_loss_and_grad .................. True
[algo1a-g3c-tis-l0-modal] 
[algo1a-g3c-tis-l0-modal]   check_for_spiky_loss ............................ False
[algo1a-g3c-tis-l0-modal] 
[algo1a-g3c-tis-l0-modal]   check_lora_weight_equal ......................... False
[algo1a-g3c-tis-l0-modal] 
[algo1a-g3c-tis-l0-modal]   check_rematerialize_param_from_master_weight .... False
[algo1a-g3c-tis-l0-modal] 
[algo1a-g3c-tis-l0-modal]   check_weight_hash_across_dp_replicas_interval ... None
[algo1a-g3c-tis-l0-modal] 
[algo1a-g3c-tis-l0-modal]   check_weight_update_allow_quant_error ........... False
[algo1a-g3c-tis-l0-modal] 
[algo1a-g3c-tis-l0-modal]   check_weight_update_equal ....................... False
[algo1a-g3c-tis-l0-modal] 
[algo1a-g3c-tis-l0-modal]   check_weight_update_selector .................... all
[algo1a-g3c-tis-l0-modal] 
[algo1a-g3c-tis-l0-modal]   check_weight_update_skip_list ................... None
[algo1a-g3c-tis-l0-modal] 
[algo1a-g3c-tis-l0-modal]   chunked_optimizer_state_offload ................. False
[algo1a-g3c-tis-l0-modal] 
[algo1a-g3c-tis-l0-modal]   ci_check_model_hash ............................. False
[algo1a-g3c-tis-l0-modal] 
[algo1a-g3c-tis-l0-modal]   ci_disable_kl_checker ........................... False
[algo1a-g3c-tis-l0-modal] 
[algo1a-g3c-tis-l0-modal]   ci_disable_logprobs_checker ..................... False
[algo1a-g3c-tis-l0-modal] 
[algo1a-g3c-tis-l0-modal]   ci_disable_weight_update_checker ................ False
[algo1a-g3c-tis-l0-modal] 
[algo1a-g3c-tis-l0-modal]   ci_enable_metrics_capture ....................... False
[algo1a-g3c-tis-l0-modal] 
  ci_ft_test_actions .............................. None
[algo1a-g3c-tis-l0-modal]   ci_ft_test_actions_path ......................... None
[algo1a-g3c-tis-l0-modal] 
[algo1a-g3c-tis-l0-modal]   ci_inject_rollout_data_min_match_ratio .......... 0.9
[algo1a-g3c-tis-l0-modal] 
[algo1a-g3c-tis-l0-modal]   ci_inject_rollout_data_path ..................... None
[algo1a-g3c-tis-l0-modal] 
[algo1a-g3c-tis-l0-modal]   ci_inject_rollout_data_start_rollout_id ......... None
[algo1a-g3c-tis-l0-modal] 
[algo1a-g3c-tis-l0-modal]   ci_load_grad_norm ............................... None
[algo1a-g3c-tis-l0-modal]   ci_metric_checker_expect_num .................... None
[algo1a-g3c-tis-l0-modal] 
[algo1a-g3c-tis-l0-modal]   ci_metric_checker_key ........................... None
[algo1a-g3c-tis-l0-modal] 
[algo1a-g3c-tis-l0-modal]   ci_metric_checker_threshold ..................... None
[algo1a-g3c-tis-l0-modal] 
[algo1a-g3c-tis-l0-modal]   ci_save_grad_norm ............................... None
[algo1a-g3c-tis-l0-modal] 
[algo1a-g3c-tis-l0-modal]   ci_save_model_hash .............................. False
[algo1a-g3c-tis-l0-modal] 
[algo1a-g3c-tis-l0-modal]   ci_test ......................................... False
[algo1a-g3c-tis-l0-modal] 
[algo1a-g3c-tis-l0-modal]   ci_tito_special_token_count_threshold ........... 0.0
[algo1a-g3c-tis-l0-modal] 
[algo1a-g3c-tis-l0-modal]   ckpt_assume_constant_structure .................. False
[algo1a-g3c-tis-l0-modal] 
  ckpt_convert_format ............................. None
[algo1a-g3c-tis-l0-modal] 
[algo1a-g3c-tis-l0-modal]   ckpt_convert_save ............................... None
[algo1a-g3c-tis-l0-modal] 
[algo1a-g3c-tis-l0-modal]   ckpt_convert_update_legacy_dist_opt_format ...... False
[algo1a-g3c-tis-l0-modal] 
[algo1a-g3c-tis-l0-modal]   ckpt_format ..................................... torch_dist
[algo1a-g3c-tis-l0-modal] 
[algo1a-g3c-tis-l0-modal]   ckpt_fully_parallel_load ........................ False
[algo1a-g3c-tis-l0-modal] 
[algo1a-g3c-tis-l0-modal]   ckpt_fully_parallel_load_exchange_algo .......... broadcast
[algo1a-g3c-tis-l0-modal] 
[algo1a-g3c-tis-l0-modal]   ckpt_fully_parallel_load_process_group .......... dp
[algo1a-g3c-tis-l0-modal] 
[algo1a-g3c-tis-l0-modal]   ckpt_fully_parallel_save ........................ True
[algo1a-g3c-tis-l0-modal] 
[algo1a-g3c-tis-l0-modal]   ckpt_fully_parallel_save_deprecated ............. False
[algo1a-g3c-tis-l0-modal] 
[algo1a-g3c-tis-l0-modal]   ckpt_fully_parallel_save_process_group .......... dp
[algo1a-g3c-tis-l0-modal] 
[algo1a-g3c-tis-l0-modal]   ckpt_load_validate_sharding_integrity ........... True
[algo1a-g3c-tis-l0-modal] 
[algo1a-g3c-tis-l0-modal]   ckpt_step ....................................... None
[algo1a-g3c-tis-l0-modal] 
[algo1a-g3c-tis-l0-modal]   classes_fraction ................................ 1.0
[algo1a-g3c-tis-l0-modal] 
[algo1a-g3c-tis-l0-modal]   clear_quantized_weight_workspaces_on_offload .... True
[algo1a-g3c-tis-l0-modal] 
[algo1a-g3c-tis-l0-modal]   clip_grad ....................................... 1.0
[algo1a-g3c-tis-l0-modal] 
[algo1a-g3c-tis-l0-modal]   clone_scatter_output_in_embedding ............... True
[algo1a-g3c-tis-l0-modal] 
[algo1a-g3c-tis-l0-modal]   cluster_backend ................................. ray
[algo1a-g3c-tis-l0-modal] 
[algo1a-g3c-tis-l0-modal]   colocate ........................................ True
[algo1a-g3c-tis-l0-modal] 
[algo1a-g3c-tis-l0-modal]   colocate_memory_peak_device ..................... cpu
[algo1a-g3c-tis-l0-modal] 
[algo1a-g3c-tis-l0-modal]   compress_ratios ................................. None
[algo1a-g3c-tis-l0-modal] 
[algo1a-g3c-tis-l0-modal]   compute_advantages_and_returns .................. True
[algo1a-g3c-tis-l0-modal] 
[algo1a-g3c-tis-l0-modal]   config_logger_dir ...............................
[algo1a-g3c-tis-l0-modal] 
[algo1a-g3c-tis-l0-modal]   consumed_train_samples .......................... 0
[algo1a-g3c-tis-l0-modal] 
[algo1a-g3c-tis-l0-modal]   consumed_valid_samples .......................... 0
[algo1a-g3c-tis-l0-modal] 
[algo1a-g3c-tis-l0-modal]   context_parallel_size ........................... 1
[algo1a-g3c-tis-l0-modal] 
[algo1a-g3c-tis-l0-modal]   cp_comm_type .................................... ['p2p']
[algo1a-g3c-tis-l0-modal] 
[algo1a-g3c-tis-l0-modal]   cp_partition_mode ............................... zigzag
[algo1a-g3c-tis-l0-modal] 
[algo1a-g3c-tis-l0-modal]   cpu_offloading_num_layers ....................... 0
[algo1a-g3c-tis-l0-modal] 
[algo1a-g3c-tis-l0-modal]   cpu_offloading_retain_pinned_cpu_buffers ........ False
[algo1a-g3c-tis-l0-modal] 
[algo1a-g3c-tis-l0-modal]   create_all_gather_group ......................... False
[algo1a-g3c-tis-l0-modal] 
[algo1a-g3c-tis-l0-modal]   create_attention_mask_in_dataloader ............. True
[algo1a-g3c-tis-l0-modal] 
[algo1a-g3c-tis-l0-modal]   critic_load ..................................... /root/.cache/huggingface/hub/models--Qwen--Qwen3-0.6B/snapshots/c1899de289a04d12100db370d81485cdf75e47ca
[algo1a-g3c-tis-l0-modal] 
[algo1a-g3c-tis-l0-modal]   critic_lr ....................................... 1e-05
[algo1a-g3c-tis-l0-modal] 
[algo1a-g3c-tis-l0-modal]   critic_lr_warmup_iters .......................... 0
[algo1a-g3c-tis-l0-modal] 
[algo1a-g3c-tis-l0-modal]   critic_num_gpus_per_node ........................ None
[algo1a-g3c-tis-l0-modal] 
[algo1a-g3c-tis-l0-modal]   critic_num_nodes ................................ None
[algo1a-g3c-tis-l0-modal] 
[algo1a-g3c-tis-l0-modal]   critic_save ..................................... None
[algo1a-g3c-tis-l0-modal] 
[algo1a-g3c-tis-l0-modal]   cross_entropy_fusion_impl ....................... native
[algo1a-g3c-tis-l0-modal] 
[algo1a-g3c-tis-l0-modal]   cross_entropy_loss_fusion ....................... False
[algo1a-g3c-tis-l0-modal] 
[algo1a-g3c-tis-l0-modal]   csa_compress_ratios ............................. None
[algo1a-g3c-tis-l0-modal] 
[algo1a-g3c-tis-l0-modal]   csa_compress_rotary_base ........................ 40000.0
[algo1a-g3c-tis-l0-modal] 
[algo1a-g3c-tis-l0-modal]   csa_dense_mode .................................. False
[algo1a-g3c-tis-l0-modal] 
[algo1a-g3c-tis-l0-modal]   csa_window_size ................................. 128
[algo1a-g3c-tis-l0-modal] 
[algo1a-g3c-tis-l0-modal]   cuda_graph_dynamic_microbatches ................. False
[algo1a-g3c-tis-l0-modal] 
[algo1a-g3c-tis-l0-modal]   cuda_graph_impl ................................. none
[algo1a-g3c-tis-l0-modal] 
[algo1a-g3c-tis-l0-modal]   cuda_graph_modules .............................. []
[algo1a-g3c-tis-l0-modal] 
[algo1a-g3c-tis-l0-modal]   cuda_graph_warmup_steps ......................... 3
[algo1a-g3c-tis-l0-modal] 
[algo1a-g3c-tis-l0-modal]   custom_async_data_buffer_path ................... None
[algo1a-g3c-tis-l0-modal] 
[algo1a-g3c-tis-l0-modal]   custom_config_path .............................. None
[algo1a-g3c-tis-l0-modal] 
[algo1a-g3c-tis-l0-modal]   custom_convert_samples_to_train_data_path ....... None
[algo1a-g3c-tis-l0-modal] 
[algo1a-g3c-tis-l0-modal]   custom_eval_rollout_log_function_path ........... None
[algo1a-g3c-tis-l0-modal] 
[algo1a-g3c-tis-l0-modal]   custom_generate_function_path ................... None
[algo1a-g3c-tis-l0-modal] 
[algo1a-g3c-tis-l0-modal]   custom_inference_engine_provider_path ........... miles.ray.specs.inference.backend_inference_engine_provider
[algo1a-g3c-tis-l0-modal] 
[algo1a-g3c-tis-l0-modal]   custom_loss_function_path ....................... None
[algo1a-g3c-tis-l0-modal] 
[algo1a-g3c-tis-l0-modal]   custom_megatron_before_log_prob_hook_path ....... None
[algo1a-g3c-tis-l0-modal] 
[algo1a-g3c-tis-l0-modal]   custom_megatron_before_train_step_hook_path ..... None
[algo1a-g3c-tis-l0-modal] 
[algo1a-g3c-tis-l0-modal]   custom_megatron_init_path ....................... None
[algo1a-g3c-tis-l0-modal] 
[algo1a-g3c-tis-l0-modal]   custom_megatron_post_save_hook_path ............. None
[algo1a-g3c-tis-l0-modal] 
[algo1a-g3c-tis-l0-modal]   custom_model_provider_path ...................... None
[algo1a-g3c-tis-l0-modal] 
[algo1a-g3c-tis-l0-modal]   custom_pg_loss_reducer_function_path ............ None
[algo1a-g3c-tis-l0-modal] 
[algo1a-g3c-tis-l0-modal]   custom_reward_post_process_path ................. None
[algo1a-g3c-tis-l0-modal] 
[algo1a-g3c-tis-l0-modal]   custom_rm_path .................................. gsm8k_reward.score
[algo1a-g3c-tis-l0-modal] 
[algo1a-g3c-tis-l0-modal]   custom_rollout_log_function_path ................ None
[algo1a-g3c-tis-l0-modal] 
[algo1a-g3c-tis-l0-modal]   custom_tis_function_path ........................ None
[algo1a-g3c-tis-l0-modal] 
[algo1a-g3c-tis-l0-modal]   custom_update_weight_post_write_path ............ None
[algo1a-g3c-tis-l0-modal] 
[algo1a-g3c-tis-l0-modal]   dashboard_flush_interval ........................ 5.0
[algo1a-g3c-tis-l0-modal] 
[algo1a-g3c-tis-l0-modal]   dashboard_forward_prometheus .................... False
[algo1a-g3c-tis-l0-modal] 
[algo1a-g3c-tis-l0-modal]   dashboard_gpu_sample_interval ................... 1.0
[algo1a-g3c-tis-l0-modal] 
[algo1a-g3c-tis-l0-modal]   dashboard_sglang_metrics ........................ None
[algo1a-g3c-tis-l0-modal] 
[algo1a-g3c-tis-l0-modal]   dashboard_sglang_scrape_interval ................ 2.0
[algo1a-g3c-tis-l0-modal] 
[algo1a-g3c-tis-l0-modal]   dashboard_sglang_scrape_mode .................... auto
[algo1a-g3c-tis-l0-modal] 
[algo1a-g3c-tis-l0-modal]   data_args_path .................................. None
[algo1a-g3c-tis-l0-modal] 
[algo1a-g3c-tis-l0-modal]   data_cache_path ................................. None
[algo1a-g3c-tis-l0-modal] 
[algo1a-g3c-tis-l0-modal]   data_pad_size_multiplier ........................ 128
[algo1a-g3c-tis-l0-modal] 
[algo1a-g3c-tis-l0-modal]   data_parallel_random_init ....................... False
[algo1a-g3c-tis-l0-modal] 
[algo1a-g3c-tis-l0-modal]   data_parallel_sharding_strategy ................. optim_grads_params
[algo1a-g3c-tis-l0-modal] 
[algo1a-g3c-tis-l0-modal]   data_parallel_size .............................. 1
[algo1a-g3c-tis-l0-modal] 
[algo1a-g3c-tis-l0-modal]   data_path ....................................... None
[algo1a-g3c-tis-l0-modal] 
[algo1a-g3c-tis-l0-modal]   data_per_class_fraction ......................... 1.0
[algo1a-g3c-tis-l0-modal] 
[algo1a-g3c-tis-l0-modal]   data_sharding ................................... True
[algo1a-g3c-tis-l0-modal] 
[algo1a-g3c-tis-l0-modal]   data_source_path ................................ miles.rollout.data_source.RolloutDataSourceWithBuffer
[algo1a-g3c-tis-l0-modal] 
[algo1a-g3c-tis-l0-modal]   dataloader_defer_npy_index_mmap ................. False
[algo1a-g3c-tis-l0-modal] 
[algo1a-g3c-tis-l0-modal]   dataloader_fast_cache_load ...................... False
[algo1a-g3c-tis-l0-modal] 
[algo1a-g3c-tis-l0-modal]   dataloader_inter_document_masking ............... False
[algo1a-g3c-tis-l0-modal] 
[algo1a-g3c-tis-l0-modal]   dataloader_type ................................. single
[algo1a-g3c-tis-l0-modal] 
[algo1a-g3c-tis-l0-modal]   ddp_average_in_collective ....................... False
[algo1a-g3c-tis-l0-modal] 
[algo1a-g3c-tis-l0-modal]   ddp_bucket_size ................................. None
[algo1a-g3c-tis-l0-modal] 
[algo1a-g3c-tis-l0-modal]   ddp_num_buckets ................................. None
[algo1a-g3c-tis-l0-modal] 
[algo1a-g3c-tis-l0-modal]   ddp_pad_buckets_for_high_nccl_busbw ............. False
[algo1a-g3c-tis-l0-modal] 
[algo1a-g3c-tis-l0-modal]   ddp_param_name_patterns_for_fp32_local_accumulation  []
[algo1a-g3c-tis-l0-modal] 
[algo1a-g3c-tis-l0-modal]   ddp_reduce_scatter_with_fp32_accumulation ....... False
[algo1a-g3c-tis-l0-modal] 
[algo1a-g3c-tis-l0-modal]   debug_deterministic_collective .................. False
[algo1a-g3c-tis-l0-modal] 
[algo1a-g3c-tis-l0-modal]   debug_disable_optimizer ......................... False
[algo1a-g3c-tis-l0-modal] 
[algo1a-g3c-tis-l0-modal]   debug_exit_after_rollout ........................ None
[algo1a-g3c-tis-l0-modal] 
[algo1a-g3c-tis-l0-modal]   debug_rollout_only .............................. False
[algo1a-g3c-tis-l0-modal] 
[algo1a-g3c-tis-l0-modal]   debug_skip_weight_update ........................ False
[algo1a-g3c-tis-l0-modal] 
[algo1a-g3c-tis-l0-modal]   debug_train_only ................................ False
[algo1a-g3c-tis-l0-modal] 
[algo1a-g3c-tis-l0-modal]   debug_unified_grad_fused_logprob ................ False
[algo1a-g3c-tis-l0-modal] 
[algo1a-g3c-tis-l0-modal]   decode_only_cuda_graphs ......................... False
[algo1a-g3c-tis-l0-modal] 
[algo1a-g3c-tis-l0-modal]   decoder_first_pipeline_num_layers ............... None
[algo1a-g3c-tis-l0-modal] 
[algo1a-g3c-tis-l0-modal]   decoder_last_pipeline_num_layers ................ None
[algo1a-g3c-tis-l0-modal] 
[algo1a-g3c-tis-l0-modal]   decoder_num_layers .............................. None
[algo1a-g3c-tis-l0-modal] 
[algo1a-g3c-tis-l0-modal]   decoder_seq_length .............................. None
[algo1a-g3c-tis-l0-modal] 
[algo1a-g3c-tis-l0-modal]   decoupled_lr .................................... None
[algo1a-g3c-tis-l0-modal] 
[algo1a-g3c-tis-l0-modal]   decoupled_min_lr ................................ None
[algo1a-g3c-tis-l0-modal] 
[algo1a-g3c-tis-l0-modal]   decrease_batch_size_if_needed ................... False
[algo1a-g3c-tis-l0-modal] 
[algo1a-g3c-tis-l0-modal]   defer_embedding_wgrad_compute ................... False
[algo1a-g3c-tis-l0-modal] 
[algo1a-g3c-tis-l0-modal]   delay_offload_until_cuda_graph .................. False
[algo1a-g3c-tis-l0-modal] 
[algo1a-g3c-tis-l0-modal]   delay_split_train_data_by_dp .................... False
[algo1a-g3c-tis-l0-modal] 
[algo1a-g3c-tis-l0-modal]   delay_wgrad_compute ............................. False
[algo1a-g3c-tis-l0-modal] 
[algo1a-g3c-tis-l0-modal]   delta_offload_bytes_across_pp_ranks ............. 0
[algo1a-g3c-tis-l0-modal] 
[algo1a-g3c-tis-l0-modal]   dense_grouped_gemm .............................. False
[algo1a-g3c-tis-l0-modal] 
[algo1a-g3c-tis-l0-modal]   deploy_component ................................ all
[algo1a-g3c-tis-l0-modal] 
[algo1a-g3c-tis-l0-modal]   deploy_instance_id .............................. None
[algo1a-g3c-tis-l0-modal] 
[algo1a-g3c-tis-l0-modal]   deprecated_use_mcore_models ..................... False
[algo1a-g3c-tis-l0-modal] 
[algo1a-g3c-tis-l0-modal]   deterministic_mode .............................. False
[algo1a-g3c-tis-l0-modal] 
[algo1a-g3c-tis-l0-modal]   dino_bottleneck_size ............................ 256
[algo1a-g3c-tis-l0-modal] 
[algo1a-g3c-tis-l0-modal]   dino_freeze_last_layer .......................... 1
[algo1a-g3c-tis-l0-modal] 
[algo1a-g3c-tis-l0-modal]   dino_head_hidden_size ........................... 2048
[algo1a-g3c-tis-l0-modal] 
[algo1a-g3c-tis-l0-modal]   dino_local_crops_number ......................... 10
[algo1a-g3c-tis-l0-modal] 
[algo1a-g3c-tis-l0-modal]   dino_local_img_size ............................. 96
[algo1a-g3c-tis-l0-modal] 
[algo1a-g3c-tis-l0-modal]   dino_norm_last_layer ............................ False
[algo1a-g3c-tis-l0-modal] 
[algo1a-g3c-tis-l0-modal]   dino_teacher_temp ............................... 0.07
[algo1a-g3c-tis-l0-modal] 
[algo1a-g3c-tis-l0-modal]   dino_warmup_teacher_temp ........................ 0.04
  dino_warmup_teacher_temp_epochs ................. 30
[algo1a-g3c-tis-l0-modal] 
[algo1a-g3c-tis-l0-modal]   disable_bf16_reduced_precision_matmul ........... False
[algo1a-g3c-tis-l0-modal] 
[algo1a-g3c-tis-l0-modal]   disable_grad_buffers_cpu_backup ................. True
[algo1a-g3c-tis-l0-modal] 
[algo1a-g3c-tis-l0-modal]   disable_jit_fuser ............................... False
[algo1a-g3c-tis-l0-modal] 
[algo1a-g3c-tis-l0-modal]   disable_msc_deprecated .......................... False
[algo1a-g3c-tis-l0-modal] 
[algo1a-g3c-tis-l0-modal]   disable_param_buffers_cpu_backup ................ True
[algo1a-g3c-tis-l0-modal] 
[algo1a-g3c-tis-l0-modal]   disable_rollout_trim_samples .................... False
[algo1a-g3c-tis-l0-modal] 
[algo1a-g3c-tis-l0-modal]   disable_straggler_on_startup .................... False
[algo1a-g3c-tis-l0-modal] 
[algo1a-g3c-tis-l0-modal]   disable_symmetric_registration .................. False
[algo1a-g3c-tis-l0-modal] 
[algo1a-g3c-tis-l0-modal]   dist_ckpt_format_deprecated ..................... None
[algo1a-g3c-tis-l0-modal] 
[algo1a-g3c-tis-l0-modal]   dist_ckpt_optim_fully_reshardable ............... False
[algo1a-g3c-tis-l0-modal] 
[algo1a-g3c-tis-l0-modal]   dist_ckpt_save_pre_mcore_014 .................... False
[algo1a-g3c-tis-l0-modal] 
[algo1a-g3c-tis-l0-modal]   dist_ckpt_strictness ............................ assume_ok_unexpected
[algo1a-g3c-tis-l0-modal] 
[algo1a-g3c-tis-l0-modal]   dist_ckpt_workers ............................... 1
[algo1a-g3c-tis-l0-modal] 
[algo1a-g3c-tis-l0-modal]   distrib_optim_fully_reshardable_mem_efficient ... False
[algo1a-g3c-tis-l0-modal] 
[algo1a-g3c-tis-l0-modal]   distribute_saved_activations .................... False
[algo1a-g3c-tis-l0-modal]   distributed_backend ............................. nccl
[algo1a-g3c-tis-l0-modal] 
[algo1a-g3c-tis-l0-modal]   distributed_timeout_minutes ..................... 10
[algo1a-g3c-tis-l0-modal] 
[algo1a-g3c-tis-l0-modal]   distributed_timeout_seconds_after_init .......... None
[algo1a-g3c-tis-l0-modal] 
[algo1a-g3c-tis-l0-modal]   dsa_attention_backend ........................... tilelang
[algo1a-g3c-tis-l0-modal] 
[algo1a-g3c-tis-l0-modal]   dsa_cp_balance_indexer .......................... False
[algo1a-g3c-tis-l0-modal] 
[algo1a-g3c-tis-l0-modal]   dsa_indexer_head_dim ............................ None
[algo1a-g3c-tis-l0-modal] 
[algo1a-g3c-tis-l0-modal]   dsa_indexer_k_norm_epsilon ...................... None
[algo1a-g3c-tis-l0-modal] 
[algo1a-g3c-tis-l0-modal]   dsa_indexer_k_norm_fp32 ......................... False
[algo1a-g3c-tis-l0-modal] 
[algo1a-g3c-tis-l0-modal]   dsa_indexer_loss_coeff .......................... None
[algo1a-g3c-tis-l0-modal] 
[algo1a-g3c-tis-l0-modal]   dsa_indexer_n_heads ............................. None
[algo1a-g3c-tis-l0-modal] 
[algo1a-g3c-tis-l0-modal]   dsa_indexer_precision ........................... bf16
[algo1a-g3c-tis-l0-modal] 
[algo1a-g3c-tis-l0-modal]   dsa_indexer_rope_interleaved .................... False
[algo1a-g3c-tis-l0-modal] 
[algo1a-g3c-tis-l0-modal]   dsa_indexer_rotate_activation ................... True
[algo1a-g3c-tis-l0-modal] 
[algo1a-g3c-tis-l0-modal]   dsa_indexer_scoring_relu ........................ True
[algo1a-g3c-tis-l0-modal] 
[algo1a-g3c-tis-l0-modal]   dsa_indexer_skip_topk_offset .................... 0
[algo1a-g3c-tis-l0-modal] 
[algo1a-g3c-tis-l0-modal]   dsa_indexer_topk ................................ None
[algo1a-g3c-tis-l0-modal] 
  dsa_indexer_topk_freq ........................... 1
[algo1a-g3c-tis-l0-modal] 
[algo1a-g3c-tis-l0-modal]   dsa_indexer_use_sparse_loss ..................... False
[algo1a-g3c-tis-l0-modal] 
[algo1a-g3c-tis-l0-modal]   dsa_indexer_weights_proj_output_dtype ........... bf16
[algo1a-g3c-tis-l0-modal] 
[algo1a-g3c-tis-l0-modal]   dsa_indexer_weights_proj_use_quantization ....... True
[algo1a-g3c-tis-l0-modal] 
[algo1a-g3c-tis-l0-modal]   dsa_kernel_backend .............................. None
[algo1a-g3c-tis-l0-modal] 
[algo1a-g3c-tis-l0-modal]   dsv4_impl ....................................... megatron
[algo1a-g3c-tis-l0-modal] 
[algo1a-g3c-tis-l0-modal]   dump_details .................................... None
[algo1a-g3c-tis-l0-modal] 
[algo1a-g3c-tis-l0-modal]   dump_param_to_param_group_map ................... None
[algo1a-g3c-tis-l0-modal] 
[algo1a-g3c-tis-l0-modal]   dumper_dir ...................................... /tmp/dumper
[algo1a-g3c-tis-l0-modal] 
[algo1a-g3c-tis-l0-modal]   dumper_enable ................................... False
[algo1a-g3c-tis-l0-modal] 
[algo1a-g3c-tis-l0-modal]   dumper_fwd_bwd .................................. None
[algo1a-g3c-tis-l0-modal] 
[algo1a-g3c-tis-l0-modal]   dumper_fwd_only ................................. None
[algo1a-g3c-tis-l0-modal] 
  dumper_inference ................................ None
[algo1a-g3c-tis-l0-modal] 
[algo1a-g3c-tis-l0-modal]   dumper_source_patcher_config_inference .......... None
  dumper_source_patcher_config_train .............. None
  dynamic_context_parallel ........................ False
  dynamic_sampling_filter_path .................... None
[algo1a-g3c-tis-l0-modal] 
[algo1a-g3c-tis-l0-modal]   embedding_init_method_std ....................... None
[algo1a-g3c-tis-l0-modal] 
[algo1a-g3c-tis-l0-modal]   embedding_path .................................. None
[algo1a-g3c-tis-l0-modal] 
[algo1a-g3c-tis-l0-modal]   empty_unused_memory_level ....................... 0
[algo1a-g3c-tis-l0-modal] 
[algo1a-g3c-tis-l0-modal]   enable_chunked_prefill .......................... False
[algo1a-g3c-tis-l0-modal] 
[algo1a-g3c-tis-l0-modal]   enable_cuda_graph ............................... False
[algo1a-g3c-tis-l0-modal] 
[algo1a-g3c-tis-l0-modal]   enable_event_analyzer ........................... False
[algo1a-g3c-tis-l0-modal] 
[algo1a-g3c-tis-l0-modal]   enable_experimental ............................. False
[algo1a-g3c-tis-l0-modal] 
[algo1a-g3c-tis-l0-modal]   enable_ft_package ............................... False
[algo1a-g3c-tis-l0-modal] 
[algo1a-g3c-tis-l0-modal]   enable_full_sharding_in_hsdp .................... False
[algo1a-g3c-tis-l0-modal] 
[algo1a-g3c-tis-l0-modal]   enable_hyper_connections ........................ False
[algo1a-g3c-tis-l0-modal] 
[algo1a-g3c-tis-l0-modal]   enable_msc ...................................... False
[algo1a-g3c-tis-l0-modal] 
[algo1a-g3c-tis-l0-modal]   enable_mtp_training ............................. False
[algo1a-g3c-tis-l0-modal] 
[algo1a-g3c-tis-l0-modal]   enable_one_logger ............................... True
[algo1a-g3c-tis-l0-modal] 
[algo1a-g3c-tis-l0-modal]   enable_witness .................................. False
[algo1a-g3c-tis-l0-modal] 
[algo1a-g3c-tis-l0-modal]   encoder_num_layers .............................. 28
[algo1a-g3c-tis-l0-modal] 
[algo1a-g3c-tis-l0-modal]   encoder_seq_length .............................. 1024
[algo1a-g3c-tis-l0-modal] 
[algo1a-g3c-tis-l0-modal]   end_weight_decay ................................ 0.01
[algo1a-g3c-tis-l0-modal] 
[algo1a-g3c-tis-l0-modal]   entropy_coef .................................... 0.0
[algo1a-g3c-tis-l0-modal] 
[algo1a-g3c-tis-l0-modal]   entry ........................................... train
[algo1a-g3c-tis-l0-modal] 
[algo1a-g3c-tis-l0-modal]   env_report ......................................
[algo1a-g3c-tis-l0-modal] 
[algo1a-g3c-tis-l0-modal]   env_report_interval_seconds ..................... 3600.0
[algo1a-g3c-tis-l0-modal] 
[algo1a-g3c-tis-l0-modal]   eod_mask_loss ................................... False
[algo1a-g3c-tis-l0-modal] 
[algo1a-g3c-tis-l0-modal]   ep_overlap_early_attn_memory_release ............ False
[algo1a-g3c-tis-l0-modal] 
[algo1a-g3c-tis-l0-modal]   eps_clip ........................................ 0.2
[algo1a-g3c-tis-l0-modal] 
[algo1a-g3c-tis-l0-modal]   eps_clip_c ...................................... None
[algo1a-g3c-tis-l0-modal] 
[algo1a-g3c-tis-l0-modal]   eps_clip_high ................................... 0.2
[algo1a-g3c-tis-l0-modal] 
[algo1a-g3c-tis-l0-modal]   error_injection_rate ............................ 0
[algo1a-g3c-tis-l0-modal] 
[algo1a-g3c-tis-l0-modal]   error_injection_type ............................ transient_error
[algo1a-g3c-tis-l0-modal] 
[algo1a-g3c-tis-l0-modal]   eval_config ..................................... None
[algo1a-g3c-tis-l0-modal] 
[algo1a-g3c-tis-l0-modal]   eval_datasets ................................... []
[algo1a-g3c-tis-l0-modal] 
[algo1a-g3c-tis-l0-modal]   eval_function_path .............................. miles.rollout.inference_rollout.inference_rollout_common.InferenceRolloutFn
[algo1a-g3c-tis-l0-modal] 
  eval_global_batch_size .......................... 32
  eval_hf_dir ..................................... None
  eval_input_key .................................. None
  eval_interval ................................... None
  eval_iters ...................................... 100
  eval_keep_snapshots ............................. 2
  eval_label_key .................................. None
  eval_max_context_len ............................ 1024
  eval_max_in_flight .............................. 2
  eval_max_prompt_len ............................. None
  eval_max_response_len ........................... None
  eval_micro_batch_size ........................... 1
  eval_min_new_tokens ............................. None
  eval_num_gpus ................................... 0
  eval_num_gpus_per_engine ........................ 1
  eval_overflow_policy ............................ backpressure
  eval_prompt_data ................................ None
  eval_reward_key ................................. None
  eval_temperature ................................ None
  eval_tool_key ................................... None
  eval_top_k ...................................... None
  eval_top_p ...................................... None
  eval_uses_snapshots ............................. False
[algo1a-g3c-tis-l0-modal] 
[algo1a-g3c-tis-l0-modal]   evidence_data_path .............................. None
[algo1a-g3c-tis-l0-modal] 
[algo1a-g3c-tis-l0-modal]   exclude_modules ................................. None
  exit_duration_in_mins ........................... None
  exit_interval ................................... None
  exit_on_missing_checkpoint ...................... False
  exit_signal ..................................... 15
  exit_signal_handler ............................. False
  exit_signal_handler_for_dataloader .............. False
  exit_signal_handler_for_training ................ False
  exp_avg_dtype ................................... torch.float32
  exp_avg_sq_dtype ................................ torch.float32
  experimental_attention_variant .................. None
  expert_model_parallel_size ...................... 1
  expert_tensor_parallel_size ..................... 1
  experts_shared_outer_loras ...................... False
  external_cuda_graph ............................. False
  extra_high_precision_layers_hf .................. ()
  extra_high_precision_layers_megatron ............ ()
  fake_process_group .............................. False
  fallback_to_eager_attn .......................... False
  fault_injector_delay_start_iteration ............ None
  fault_injector_fault_delay ...................... None
  fault_injector_fault_probabilities .............. None
  fault_injector_fault_types ...................... None
  fault_injector_mtti_seconds ..................... None
  fault_injector_num_ranks ........................ None
  fault_injector_offset_seconds ................... None
  fault_injector_ranks ............................ None
  fault_injector_seed ............................. None
  fetch_trajectory_retry_times .................... -1
  ffn_hidden_size ................................. 3072
  fim_data ........................................ False
  fim_eod_token ................................... <|endoftext|>
  fim_fragment_rate ............................... None
  fim_middle_token ................................ <fim_middle>
  fim_no_prefix ................................... None
  fim_pad_token ................................... <fim_pad>
  fim_prefix_token ................................ <fim_prefix>
  fim_rate ........................................ 0.5
  fim_split_sample ................................ None
  fim_spm_rate .................................... 0.5
  fim_suffix_token ................................ <fim_suffix>
[algo1a-g3c-tis-l0-modal]   fine_grained_activation_offloading .............. False
[algo1a-g3c-tis-l0-modal] 
[algo1a-g3c-tis-l0-modal]   fine_grained_offloading_max_inflight_offloads ... None
[algo1a-g3c-tis-l0-modal] 
[algo1a-g3c-tis-l0-modal]   finetune ........................................ True
[algo1a-g3c-tis-l0-modal] 
[algo1a-g3c-tis-l0-modal]   first_last_layers_bf16 .......................... False
[algo1a-g3c-tis-l0-modal] 
[algo1a-g3c-tis-l0-modal]   flash_decode .................................... False
[algo1a-g3c-tis-l0-modal] 
[algo1a-g3c-tis-l0-modal]   flight_recorder_dump_on_timeout ................. True
[algo1a-g3c-tis-l0-modal] 
[algo1a-g3c-tis-l0-modal]   flight_recorder_dump_path ....................... None
[algo1a-g3c-tis-l0-modal] 
[algo1a-g3c-tis-l0-modal]   flight_recorder_extra_dump_on_exec .............. True
[algo1a-g3c-tis-l0-modal] 
[algo1a-g3c-tis-l0-modal]   flight_recorder_include_only_active ............. True
[algo1a-g3c-tis-l0-modal] 
[algo1a-g3c-tis-l0-modal]   flight_recorder_include_stack_trace ............. False
[algo1a-g3c-tis-l0-modal] 
[algo1a-g3c-tis-l0-modal]   flight_recorder_trace_buffer_size ............... 2000
[algo1a-g3c-tis-l0-modal] 
[algo1a-g3c-tis-l0-modal]   fp16 ............................................ False
[algo1a-g3c-tis-l0-modal] 
[algo1a-g3c-tis-l0-modal]   fp16_lm_cross_entropy ........................... False
[algo1a-g3c-tis-l0-modal] 
[algo1a-g3c-tis-l0-modal]   fp32_residual_connection ........................ False
[algo1a-g3c-tis-l0-modal] 
[algo1a-g3c-tis-l0-modal]   fp4 ............................................. None
[algo1a-g3c-tis-l0-modal] 
[algo1a-g3c-tis-l0-modal]   fp4_param_gather ................................ False
[algo1a-g3c-tis-l0-modal] 
[algo1a-g3c-tis-l0-modal]   fp4_quantizer_factory ........................... None
[algo1a-g3c-tis-l0-modal] 
[algo1a-g3c-tis-l0-modal]   fp4_recipe ...................................... nvfp4
[algo1a-g3c-tis-l0-modal] 
[algo1a-g3c-tis-l0-modal]   fp8 ............................................. None
[algo1a-g3c-tis-l0-modal] 
[algo1a-g3c-tis-l0-modal]   fp8_amax_compute_algo ........................... most_recent
[algo1a-g3c-tis-l0-modal] 
[algo1a-g3c-tis-l0-modal]   fp8_amax_history_len ............................ 1
[algo1a-g3c-tis-l0-modal] 
[algo1a-g3c-tis-l0-modal]   fp8_interval .................................... 1
[algo1a-g3c-tis-l0-modal] 
[algo1a-g3c-tis-l0-modal]   fp8_margin ...................................... 0
[algo1a-g3c-tis-l0-modal] 
[algo1a-g3c-tis-l0-modal]   fp8_output_proj ................................. False
[algo1a-g3c-tis-l0-modal] 
[algo1a-g3c-tis-l0-modal]   fp8_param_gather ................................ False
[algo1a-g3c-tis-l0-modal] 
[algo1a-g3c-tis-l0-modal]   fp8_quantizer_factory ........................... None
[algo1a-g3c-tis-l0-modal] 
[algo1a-g3c-tis-l0-modal]   fp8_recipe ...................................... delayed
[algo1a-g3c-tis-l0-modal] 
[algo1a-g3c-tis-l0-modal]   fp8_wgrad ....................................... True
[algo1a-g3c-tis-l0-modal] 
[algo1a-g3c-tis-l0-modal]   freeze_all_layers ............................... False
[algo1a-g3c-tis-l0-modal] 
[algo1a-g3c-tis-l0-modal]   freeze_e_score_correction_bias .................. False
[algo1a-g3c-tis-l0-modal] 
[algo1a-g3c-tis-l0-modal]   freeze_indexer .................................. False
[algo1a-g3c-tis-l0-modal] 
[algo1a-g3c-tis-l0-modal]   fsdp_db_use_persist_buf_on_alloc_fail ........... False
[algo1a-g3c-tis-l0-modal] 
[algo1a-g3c-tis-l0-modal]   fsdp_double_buffer .............................. False
[algo1a-g3c-tis-l0-modal] 
[algo1a-g3c-tis-l0-modal]   fsdp_manual_registration ........................ False
[algo1a-g3c-tis-l0-modal] 
[algo1a-g3c-tis-l0-modal]   ft_components ................................... []
[algo1a-g3c-tis-l0-modal] 
[algo1a-g3c-tis-l0-modal]   ft_num_warmup_iters ............................. 5
[algo1a-g3c-tis-l0-modal] 
[algo1a-g3c-tis-l0-modal]   full_validation ................................. False
[algo1a-g3c-tis-l0-modal] 
[algo1a-g3c-tis-l0-modal]   fully_async ..................................... False
[algo1a-g3c-tis-l0-modal] 
[algo1a-g3c-tis-l0-modal]   fused_residual_rmsnorm .......................... False
[algo1a-g3c-tis-l0-modal] 
[algo1a-g3c-tis-l0-modal]   gamma ........................................... 1.0
[algo1a-g3c-tis-l0-modal] 
[algo1a-g3c-tis-l0-modal]   gdn_conv_pad_alignment .......................... None
[algo1a-g3c-tis-l0-modal] 
[algo1a-g3c-tis-l0-modal]   gdn_pre_gated_delta_rule_fusion ................. False
[algo1a-g3c-tis-l0-modal] 
[algo1a-g3c-tis-l0-modal]   get_mismatch_metrics ............................ False
[algo1a-g3c-tis-l0-modal] 
[algo1a-g3c-tis-l0-modal]   global_batch_size ............................... 32
[algo1a-g3c-tis-l0-modal] 
[algo1a-g3c-tis-l0-modal]   glu_linear_offset ............................... 0.0
[algo1a-g3c-tis-l0-modal] 
[algo1a-g3c-tis-l0-modal]   gpu_sniff_test_interval ......................... None
[algo1a-g3c-tis-l0-modal] 
[algo1a-g3c-tis-l0-modal]   grad_reduce_in_bf16 ............................. False
[algo1a-g3c-tis-l0-modal] 
[algo1a-g3c-tis-l0-modal]   gradient_accumulation_fusion .................... False
  gradient_reduce_div_fusion ...................... True
  group_query_attention ........................... True
  group_rm ........................................ False
  grpo_clamp_eps_lower ............................ 0.01
  grpo_clamp_eps_upper ............................ 0.01
  grpo_entropy_term_weight ........................ 0.0
  grpo_filter_groups_with_same_reward ............. False
  grpo_group_size ................................. 2
  grpo_iterations ................................. 2
  grpo_kl_beta .................................... 0.001
  grpo_prompts_per_step ........................... 32
  grpo_std_normalization .......................... True
  head_lr_mult .................................... 1.0
  head_wise_attn_gate ............................. False
  heterogeneous_layers_config_encoded_json ........ None
  heterogeneous_layers_config_path ................ None
  hf_checkpoint ................................... /root/.cache/huggingface/hub/models--Qwen--Qwen3-0.6B/snapshots/c1899de289a04d12100db370d81485cdf75e47ca
  hf_lora_targets ................................. ['down_proj', 'gate_proj', 'k_proj', 'o_proj', 'q_proj', 'up_proj', 'v_proj']
  hidden_dropout .................................. 0.1
  hidden_size ..................................... 1024
  hierarchical_context_parallel_sizes ............. None
  high_priority_a2a_comm_stream ................... False
  high_priority_stream_groups ..................... []
  http_proxy ...................................... None
  hybrid_context_parallel ......................... False
  hybrid_layer_pattern ............................ None
  hybrid_override_pattern ......................... None
  hysteresis ...................................... 2
  ict_head_size ................................... None
  ict_load ........................................ None
  img_h ........................................... 224
  img_w ........................................... 224
  indep_dp ........................................ False
  indexer_batch_size .............................. 128
  indexer_log_interval ............................ 1000
  inference_batch_times_seqlen_threshold .......... -1
  inference_controller_addr ....................... None
  inference_coordinator_port ...................... None
  inference_cuda_graph_all_prefills ............... False
  inference_cuda_graph_scope ...................... InferenceCudaGraphScope.none
  inference_disable_ep_consensus .................. False
  inference_disable_triton_nvls_kernels ........... False
  inference_dynamic_batching ...................... False
  inference_dynamic_batching_async_sched_mode ..... legacy
  inference_dynamic_batching_block_size ........... 256
  inference_dynamic_batching_buffer_size_gb ....... 40.0
  inference_dynamic_batching_cuda_graph_max_tokens  16384
  inference_dynamic_batching_cuda_graph_mixed_prefill_count  16
  inference_dynamic_batching_cuda_graph_sizing_distribution  exponential
  inference_dynamic_batching_enable_prefix_caching  False
  inference_dynamic_batching_logprobs_mode ........ raw_logprobs
  inference_dynamic_batching_mamba_memory_ratio ... None
  inference_dynamic_batching_max_requests ......... None
[algo1a-g3c-tis-l0-modal]   inference_dynamic_batching_max_tokens ........... None
[algo1a-g3c-tis-l0-modal] 
[algo1a-g3c-tis-l0-modal]   inference_dynamic_batching_num_cuda_graphs ...... 16
[algo1a-g3c-tis-l0-modal] 
[algo1a-g3c-tis-l0-modal]   inference_dynamic_batching_paused_buffer_size_gb  None
[algo1a-g3c-tis-l0-modal] 
[algo1a-g3c-tis-l0-modal]   inference_dynamic_batching_prefix_caching_coordinator_policy  first_prefix_block
[algo1a-g3c-tis-l0-modal] 
[algo1a-g3c-tis-l0-modal]   inference_dynamic_batching_prefix_caching_eviction_policy  ref_zero
[algo1a-g3c-tis-l0-modal] 
[algo1a-g3c-tis-l0-modal]   inference_dynamic_batching_prefix_caching_mamba_gb  None
[algo1a-g3c-tis-l0-modal] 
[algo1a-g3c-tis-l0-modal]   inference_dynamic_batching_prefix_caching_routing_alpha  0.5
[algo1a-g3c-tis-l0-modal] 
[algo1a-g3c-tis-l0-modal]   inference_dynamic_batching_sampling_backend ..... torch
[algo1a-g3c-tis-l0-modal] 
[algo1a-g3c-tis-l0-modal]   inference_dynamic_batching_track_generated_token_events  False
[algo1a-g3c-tis-l0-modal] 
[algo1a-g3c-tis-l0-modal]   inference_dynamic_batching_track_paused_request_events  False
[algo1a-g3c-tis-l0-modal] 
[algo1a-g3c-tis-l0-modal]   inference_dynamic_batching_unified_memory_level . 0
[algo1a-g3c-tis-l0-modal] 
[algo1a-g3c-tis-l0-modal]   inference_fuse_tp_communication ................. False
[algo1a-g3c-tis-l0-modal] 
[algo1a-g3c-tis-l0-modal]   inference_grouped_gemm_backend .................. vllm
[algo1a-g3c-tis-l0-modal] 
[algo1a-g3c-tis-l0-modal]   inference_logging_step_interval ................. 0
[algo1a-g3c-tis-l0-modal] 
[algo1a-g3c-tis-l0-modal]   inference_max_requests .......................... 8
[algo1a-g3c-tis-l0-modal] 
[algo1a-g3c-tis-l0-modal]   inference_max_seq_length ........................ 2560
[algo1a-g3c-tis-l0-modal] 
[algo1a-g3c-tis-l0-modal]   inference_moe_disable_fused_quant_kernels ....... False
[algo1a-g3c-tis-l0-modal] 
[algo1a-g3c-tis-l0-modal]   inference_moe_token_dispatcher_type ............. nvls
[algo1a-g3c-tis-l0-modal] 
[algo1a-g3c-tis-l0-modal]   inference_rng_tracker ........................... False
[algo1a-g3c-tis-l0-modal] 
[algo1a-g3c-tis-l0-modal]   inference_shards ................................ None
[algo1a-g3c-tis-l0-modal] 
[algo1a-g3c-tis-l0-modal]   inference_text_gen_server_logging ............... False
[algo1a-g3c-tis-l0-modal] 
[algo1a-g3c-tis-l0-modal]   inference_use_synchronous_zmq_collectives ....... False
[algo1a-g3c-tis-l0-modal] 
[algo1a-g3c-tis-l0-modal]   inference_wandb_logging ......................... False
[algo1a-g3c-tis-l0-modal] 
[algo1a-g3c-tis-l0-modal]   init_expected_num_cells ......................... None
[algo1a-g3c-tis-l0-modal] 
[algo1a-g3c-tis-l0-modal]   init_method_std ................................. 0.02
[algo1a-g3c-tis-l0-modal] 
[algo1a-g3c-tis-l0-modal]   init_method_xavier_uniform ...................... False
[algo1a-g3c-tis-l0-modal] 
[algo1a-g3c-tis-l0-modal]   init_model_with_meta_device ..................... False
[algo1a-g3c-tis-l0-modal] 
[algo1a-g3c-tis-l0-modal]   initial_loss_scale .............................. 4294967296
[algo1a-g3c-tis-l0-modal] 
[algo1a-g3c-tis-l0-modal]   inprocess_active_world_size ..................... 1
[algo1a-g3c-tis-l0-modal] 
[algo1a-g3c-tis-l0-modal]   inprocess_barrier_timeout ....................... 120
[algo1a-g3c-tis-l0-modal] 
[algo1a-g3c-tis-l0-modal]   inprocess_completion_timeout .................... 120
[algo1a-g3c-tis-l0-modal] 
[algo1a-g3c-tis-l0-modal]   inprocess_empty_cuda_cache ...................... False
[algo1a-g3c-tis-l0-modal] 
[algo1a-g3c-tis-l0-modal]   inprocess_granularity ........................... node
[algo1a-g3c-tis-l0-modal] 
[algo1a-g3c-tis-l0-modal]   inprocess_hard_timeout .......................... 90
[algo1a-g3c-tis-l0-modal] 
[algo1a-g3c-tis-l0-modal]   inprocess_heartbeat_interval .................... 30
[algo1a-g3c-tis-l0-modal] 
[algo1a-g3c-tis-l0-modal]   inprocess_heartbeat_timeout ..................... 60
[algo1a-g3c-tis-l0-modal] 
[algo1a-g3c-tis-l0-modal]   inprocess_last_call_wait ........................ 1
[algo1a-g3c-tis-l0-modal] 
[algo1a-g3c-tis-l0-modal]   inprocess_max_iterations ........................ None
[algo1a-g3c-tis-l0-modal] 
[algo1a-g3c-tis-l0-modal]   inprocess_monitor_process_interval .............. 1.0
[algo1a-g3c-tis-l0-modal] 
[algo1a-g3c-tis-l0-modal]   inprocess_monitor_thread_interval ............... 1.0
[algo1a-g3c-tis-l0-modal] 
[algo1a-g3c-tis-l0-modal]   inprocess_progress_watchdog_interval ............ 1.0
[algo1a-g3c-tis-l0-modal] 
[algo1a-g3c-tis-l0-modal]   inprocess_restart ............................... False
[algo1a-g3c-tis-l0-modal] 
[algo1a-g3c-tis-l0-modal]   inprocess_soft_timeout .......................... 60
[algo1a-g3c-tis-l0-modal] 
[algo1a-g3c-tis-l0-modal]   inprocess_termination_grace_time ................ 1
[algo1a-g3c-tis-l0-modal] 
[algo1a-g3c-tis-l0-modal]   input_key ....................................... messages
[algo1a-g3c-tis-l0-modal] 
[algo1a-g3c-tis-l0-modal]   is_hybrid_model ................................. False
[algo1a-g3c-tis-l0-modal] 
[algo1a-g3c-tis-l0-modal]   iter_per_epoch .................................. 1250
[algo1a-g3c-tis-l0-modal] 
[algo1a-g3c-tis-l0-modal]   iterations_to_skip .............................. []
[algo1a-g3c-tis-l0-modal] 
[algo1a-g3c-tis-l0-modal]   keep_fp8_transpose_cache ........................ False
[algo1a-g3c-tis-l0-modal] 
[algo1a-g3c-tis-l0-modal]   keep_old_actor .................................. False
[algo1a-g3c-tis-l0-modal] 
[algo1a-g3c-tis-l0-modal]   kitchen_attention_backend ....................... sdpa
[algo1a-g3c-tis-l0-modal] 
[algo1a-g3c-tis-l0-modal]   kl_coef ......................................... 0.0
[algo1a-g3c-tis-l0-modal] 
[algo1a-g3c-tis-l0-modal]   kl_loss_coef .................................... 0.0
[algo1a-g3c-tis-l0-modal] 
[algo1a-g3c-tis-l0-modal]   kl_loss_type .................................... k1
[algo1a-g3c-tis-l0-modal] 
[algo1a-g3c-tis-l0-modal]   kv_channels ..................................... 128
[algo1a-g3c-tis-l0-modal] 
[algo1a-g3c-tis-l0-modal]   kv_lora_rank .................................... 32
[algo1a-g3c-tis-l0-modal] 
[algo1a-g3c-tis-l0-modal]   label_key ....................................... label
[algo1a-g3c-tis-l0-modal] 
[algo1a-g3c-tis-l0-modal]   lambd ........................................... 1.0
[algo1a-g3c-tis-l0-modal] 
[algo1a-g3c-tis-l0-modal]   langrl_env_config ............................... None
[algo1a-g3c-tis-l0-modal] 
[algo1a-g3c-tis-l0-modal]   layernorm_epsilon ............................... 1e-06
[algo1a-g3c-tis-l0-modal] 
[algo1a-g3c-tis-l0-modal]   layernorm_zero_centered_gamma ................... False
[algo1a-g3c-tis-l0-modal] 
[algo1a-g3c-tis-l0-modal]   lazy_mpu_init ................................... False
[algo1a-g3c-tis-l0-modal] 
[algo1a-g3c-tis-l0-modal]   linear_attention_backend ........................ fla
[algo1a-g3c-tis-l0-modal] 
[algo1a-g3c-tis-l0-modal]   linear_attention_freq ........................... None
[algo1a-g3c-tis-l0-modal] 
[algo1a-g3c-tis-l0-modal]   linear_attention_type ........................... None
[algo1a-g3c-tis-l0-modal] 
[algo1a-g3c-tis-l0-modal]   linear_conv_kernel_dim .......................... 4
[algo1a-g3c-tis-l0-modal] 
[algo1a-g3c-tis-l0-modal]   linear_cp_mode .................................. chunkwise
[algo1a-g3c-tis-l0-modal] 
[algo1a-g3c-tis-l0-modal]   linear_key_head_dim ............................. 128
[algo1a-g3c-tis-l0-modal] 
[algo1a-g3c-tis-l0-modal]   linear_num_key_heads ............................ 16
[algo1a-g3c-tis-l0-modal] 
[algo1a-g3c-tis-l0-modal]   linear_num_value_heads .......................... 32
[algo1a-g3c-tis-l0-modal] 
[algo1a-g3c-tis-l0-modal]   linear_value_head_dim ........................... 128
[algo1a-g3c-tis-l0-modal] 
[algo1a-g3c-tis-l0-modal]   lion_beta1 ...................................... 0.95
[algo1a-g3c-tis-l0-modal] 
[algo1a-g3c-tis-l0-modal]   lion_beta2 ...................................... 0.98
[algo1a-g3c-tis-l0-modal] 
[algo1a-g3c-tis-l0-modal]   load ............................................ /root/.cache/huggingface/hub/models--Qwen--Qwen3-0.6B/snapshots/c1899de289a04d12100db370d81485cdf75e47ca
[algo1a-g3c-tis-l0-modal] 
[algo1a-g3c-tis-l0-modal]   load_debug_rollout_data ......................... None
[algo1a-g3c-tis-l0-modal] 
[algo1a-g3c-tis-l0-modal]   load_debug_rollout_data_subsample ............... None
[algo1a-g3c-tis-l0-modal] 
[algo1a-g3c-tis-l0-modal]   load_main_params_from_ckpt ...................... False
[algo1a-g3c-tis-l0-modal] 
[algo1a-g3c-tis-l0-modal]   local_rank ...................................... 0
[algo1a-g3c-tis-l0-modal] 
[algo1a-g3c-tis-l0-modal]   log_correct_samples ............................. False
[algo1a-g3c-tis-l0-modal] 
[algo1a-g3c-tis-l0-modal]   log_device_memory_used .......................... False
[algo1a-g3c-tis-l0-modal] 
[algo1a-g3c-tis-l0-modal]   log_energy ...................................... False
[algo1a-g3c-tis-l0-modal] 
[algo1a-g3c-tis-l0-modal]   log_interval .................................... 100
[algo1a-g3c-tis-l0-modal] 
[algo1a-g3c-tis-l0-modal]   log_loss_scale_to_tensorboard ................... True
[algo1a-g3c-tis-l1-modal] [36m(pid=2295)[0m Flax classes are deprecated and will be removed in Diffusers v1.0.0. We recommend migrating to PyTorch classes or pinning your version of Diffusers.
[algo1a-g3c-tis-l1-modal] 
[algo1a-g3c-tis-l1-modal] [36m(pid=2295)[0m Flax classes are deprecated and will be removed in Diffusers v1.0.0. We recommend migrating to PyTorch classes or pinning your version of Diffusers.
[algo1a-g3c-tis-l1-modal] 
[algo1a-g3c-tis-l0-modal] 
[algo1a-g3c-tis-l0-modal]   log_max_attention_logit ......................... False
[algo1a-g3c-tis-l0-modal] 
[algo1a-g3c-tis-l0-modal]   log_memory_interval ............................. None
[algo1a-g3c-tis-l0-modal] 
[algo1a-g3c-tis-l0-modal]   log_memory_to_tensorboard ....................... False
[algo1a-g3c-tis-l0-modal] 
[algo1a-g3c-tis-l0-modal]   log_moe_overload_factor ......................... False
[algo1a-g3c-tis-l0-modal] 
[algo1a-g3c-tis-l0-modal]   log_multi_turn .................................. False
[algo1a-g3c-tis-l0-modal] 
[algo1a-g3c-tis-l0-modal]   log_num_zeros_in_grad ........................... False
[algo1a-g3c-tis-l0-modal] 
[algo1a-g3c-tis-l0-modal]   log_params_norm ................................. False
[algo1a-g3c-tis-l0-modal] 
[algo1a-g3c-tis-l0-modal]   log_passrate .................................... False
[algo1a-g3c-tis-l0-modal] 
[algo1a-g3c-tis-l0-modal]   log_probs_chunk_size ............................ -1
[algo1a-g3c-tis-l0-modal] 
[algo1a-g3c-tis-l0-modal]   log_probs_max_tokens_per_gpu .................... None
[algo1a-g3c-tis-l0-modal] 
[algo1a-g3c-tis-l0-modal]   log_progress .................................... False
[algo1a-g3c-tis-l0-modal] 
[algo1a-g3c-tis-l0-modal]   log_reward_category ............................. None
[algo1a-g3c-tis-l0-modal] 
[algo1a-g3c-tis-l0-modal]   log_straggler ................................... False
[algo1a-g3c-tis-l0-modal] 
[algo1a-g3c-tis-l0-modal]   log_throughput .................................. False
[algo1a-g3c-tis-l0-modal] 
[algo1a-g3c-tis-l0-modal]   log_timers_to_tensorboard ....................... False
[algo1a-g3c-tis-l0-modal] 
[algo1a-g3c-tis-l0-modal]   log_validation_ppl_to_tensorboard ............... False
[algo1a-g3c-tis-l0-modal] 
[algo1a-g3c-tis-l0-modal]   log_world_size_to_tensorboard ................... False
[algo1a-g3c-tis-l0-modal] 
[algo1a-g3c-tis-l0-modal]   logging_level ................................... None
[algo1a-g3c-tis-l0-modal] 
[algo1a-g3c-tis-l0-modal]   logits_load_decode_threads ...................... 4
[algo1a-g3c-tis-l0-modal] 
[algo1a-g3c-tis-l0-modal]   logits_load_dir ................................. None
  logits_load_ignore_errors ....................... False
[algo1a-g3c-tis-l0-modal] 
[algo1a-g3c-tis-l0-modal]   logits_load_kd_loss_alpha ....................... 1.0
[algo1a-g3c-tis-l0-modal]   logits_load_msc_prefetch_depth .................. 2
[algo1a-g3c-tis-l0-modal] 
[algo1a-g3c-tis-l0-modal]   logits_load_prefetch_factor ..................... 3
[algo1a-g3c-tis-l0-modal] 
  logits_save_dir ................................. None
  logits_save_dtype ............................... fp16
  logits_save_top_k ............................... None
[algo1a-g3c-tis-l0-modal] 
[algo1a-g3c-tis-l0-modal]   logits_save_top_p ............................... None
[algo1a-g3c-tis-l0-modal] 
[algo1a-g3c-tis-l0-modal]   logits_save_top_p_min_k ......................... 1
[algo1a-g3c-tis-l0-modal] 
[algo1a-g3c-tis-l0-modal]   lora_adapter_path ............................... None
[algo1a-g3c-tis-l0-modal] 
[algo1a-g3c-tis-l0-modal]   lora_adapter_targets ............................ ['down_proj', 'gate_proj', 'k_proj', 'o_proj', 'q_proj', 'up_proj', 'v_proj']
[algo1a-g3c-tis-l0-modal] 
[algo1a-g3c-tis-l0-modal]   lora_alpha ...................................... 16
[algo1a-g3c-tis-l0-modal] 
[algo1a-g3c-tis-l0-modal]   lora_base_cpu_backup ............................ True
[algo1a-g3c-tis-l0-modal] 
[algo1a-g3c-tis-l0-modal]   lora_dp_invariant_rng ........................... exact
[algo1a-g3c-tis-l0-modal] 
[algo1a-g3c-tis-l0-modal]   lora_dp_invariant_state ......................... False
[algo1a-g3c-tis-l0-modal] 
[algo1a-g3c-tis-l0-modal]   lora_dropout .................................... 0.0
[algo1a-g3c-tis-l0-modal] 
[algo1a-g3c-tis-l0-modal]   lora_rank ....................................... 16
[algo1a-g3c-tis-l0-modal] 
[algo1a-g3c-tis-l0-modal]   lora_sync_from_tensor ........................... False
[algo1a-g3c-tis-l0-modal] 
[algo1a-g3c-tis-l0-modal]   lora_train_only ................................. False
[algo1a-g3c-tis-l0-modal] 
[algo1a-g3c-tis-l0-modal]   lora_type ....................................... canonical_lora
[algo1a-g3c-tis-l0-modal] 
[algo1a-g3c-tis-l0-modal]   loss_mask_type .................................. qwen
[algo1a-g3c-tis-l0-modal] 
[algo1a-g3c-tis-l0-modal]   loss_scale ...................................... None
[algo1a-g3c-tis-l0-modal] 
[algo1a-g3c-tis-l0-modal]   loss_scale_window ............................... 1000
[algo1a-g3c-tis-l0-modal] 
[algo1a-g3c-tis-l0-modal]   loss_type ....................................... policy_loss
[algo1a-g3c-tis-l0-modal] 
[algo1a-g3c-tis-l0-modal]   low_memory_resume ............................... False
[algo1a-g3c-tis-l0-modal] 
[algo1a-g3c-tis-l0-modal]   lr .............................................. 1e-05
[algo1a-g3c-tis-l0-modal] 
[algo1a-g3c-tis-l0-modal]   lr_decay_iters .................................. 3
[algo1a-g3c-tis-l0-modal] 
[algo1a-g3c-tis-l0-modal]   lr_decay_samples ................................ None
[algo1a-g3c-tis-l0-modal] 
[algo1a-g3c-tis-l0-modal]   lr_decay_style .................................. linear
[algo1a-g3c-tis-l0-modal] 
[algo1a-g3c-tis-l0-modal]   lr_warmup_fraction .............................. None
[algo1a-g3c-tis-l0-modal] 
[algo1a-g3c-tis-l0-modal]   lr_warmup_init .................................. 0.0
[algo1a-g3c-tis-l0-modal] 
[algo1a-g3c-tis-l0-modal]   lr_warmup_iters ................................. 0
[algo1a-g3c-tis-l0-modal] 
[algo1a-g3c-tis-l0-modal]   lr_warmup_samples ............................... 0
[algo1a-g3c-tis-l0-modal] 
[algo1a-g3c-tis-l0-modal]   lr_wsd_decay_iters .............................. None
[algo1a-g3c-tis-l0-modal] 
[algo1a-g3c-tis-l0-modal]   lr_wsd_decay_samples ............................ None
[algo1a-g3c-tis-l0-modal] 
[algo1a-g3c-tis-l0-modal]   lr_wsd_decay_style .............................. exponential
[algo1a-g3c-tis-l0-modal] 
[algo1a-g3c-tis-l0-modal]   main_grads_dtype ................................ torch.float32
[algo1a-g3c-tis-l0-modal] 
[algo1a-g3c-tis-l0-modal]   main_params_dtype ............................... torch.float32
[algo1a-g3c-tis-l0-modal] 
[algo1a-g3c-tis-l0-modal]   make_vocab_size_divisible_by .................... 128
[algo1a-g3c-tis-l0-modal] 
[algo1a-g3c-tis-l0-modal]   mamba_head_dim .................................. 64
[algo1a-g3c-tis-l0-modal] 
[algo1a-g3c-tis-l0-modal]   mamba_inference_conv_states_dtype ............... torch.bfloat16
[algo1a-g3c-tis-l0-modal] 
[algo1a-g3c-tis-l0-modal]   mamba_inference_ssm_states_dtype ................ torch.bfloat16
[algo1a-g3c-tis-l0-modal] 
[algo1a-g3c-tis-l0-modal]   mamba_num_groups ................................ 8
[algo1a-g3c-tis-l0-modal] 
[algo1a-g3c-tis-l0-modal]   mamba_num_heads ................................. None
[algo1a-g3c-tis-l0-modal] 
[algo1a-g3c-tis-l0-modal]   mamba_state_dim ................................. 128
[algo1a-g3c-tis-l0-modal] 
[algo1a-g3c-tis-l0-modal]   mamba_training_ssm_states_dtype ................. None
[algo1a-g3c-tis-l0-modal] 
[algo1a-g3c-tis-l0-modal]   manual_gc ....................................... False
[algo1a-g3c-tis-l0-modal] 
[algo1a-g3c-tis-l0-modal]   manual_gc_eval .................................. True
[algo1a-g3c-tis-l0-modal] 
[algo1a-g3c-tis-l0-modal]   manual_gc_interval .............................. 0
[algo1a-g3c-tis-l0-modal] 
[algo1a-g3c-tis-l0-modal]   mask_factor ..................................... 1.0
[algo1a-g3c-tis-l0-modal] 
[algo1a-g3c-tis-l0-modal]   mask_offpolicy_in_partial_rollout ............... False
[algo1a-g3c-tis-l0-modal] 
[algo1a-g3c-tis-l0-modal]   mask_prob ....................................... 0.15
[algo1a-g3c-tis-l0-modal] 
[algo1a-g3c-tis-l0-modal]   mask_type ....................................... random
[algo1a-g3c-tis-l0-modal] 
[algo1a-g3c-tis-l0-modal]   masked_softmax_fusion ........................... True
[algo1a-g3c-tis-l0-modal] 
[algo1a-g3c-tis-l0-modal]   max_position_embeddings ......................... 1024
[algo1a-g3c-tis-l0-modal] 
[algo1a-g3c-tis-l0-modal]   max_seqlen_per_dp_cp_rank ....................... None
[algo1a-g3c-tis-l0-modal] 
[algo1a-g3c-tis-l0-modal]   max_tokens_per_gpu .............................. None
[algo1a-g3c-tis-l0-modal] 
[algo1a-g3c-tis-l0-modal]   max_tokens_to_oom ............................... 12000
[algo1a-g3c-tis-l0-modal] 
[algo1a-g3c-tis-l0-modal]   max_weight_staleness ............................ None
[algo1a-g3c-tis-l0-modal] 
[algo1a-g3c-tis-l0-modal]   megatron_config ................................. None
[algo1a-g3c-tis-l0-modal] 
[algo1a-g3c-tis-l0-modal]   megatron_fsdp_cache_param_bucket_views .......... False
[algo1a-g3c-tis-l0-modal] 
[algo1a-g3c-tis-l0-modal]   megatron_fsdp_enable_fine_grained_param_gather .. False
[algo1a-g3c-tis-l0-modal] 
[algo1a-g3c-tis-l0-modal]   megatron_fsdp_grad_comm_dtype ................... None
[algo1a-g3c-tis-l0-modal] 
[algo1a-g3c-tis-l0-modal]   megatron_fsdp_main_grads_dtype .................. None
[algo1a-g3c-tis-l0-modal] 
[algo1a-g3c-tis-l0-modal]   megatron_fsdp_main_params_dtype ................. torch.float32
[algo1a-g3c-tis-l0-modal] 
[algo1a-g3c-tis-l0-modal]   megatron_fsdp_max_pool_double_buffer ............ False
[algo1a-g3c-tis-l0-modal] 
[algo1a-g3c-tis-l0-modal]   megatron_fsdp_prefetch_recompute_forward_weights  False
[algo1a-g3c-tis-l0-modal] 
[algo1a-g3c-tis-l0-modal]   megatron_to_hf_mode ............................. bridge
[algo1a-g3c-tis-l0-modal] 
[algo1a-g3c-tis-l0-modal]   memory_recorder ................................. torch
[algo1a-g3c-tis-l0-modal] 
[algo1a-g3c-tis-l0-modal]   memory_snapshot_dir ............................. .
[algo1a-g3c-tis-l0-modal] 
[algo1a-g3c-tis-l0-modal]   memory_snapshot_num_steps ....................... None
[algo1a-g3c-tis-l0-modal] 
[algo1a-g3c-tis-l0-modal]   memory_snapshot_path ............................ snapshot.pickle
  merge_file ...................................... None
  metadata_key .................................... metadata
  metadata_path ................................... None
[algo1a-g3c-tis-l0-modal]   mfu_peak_tflops ................................. None
[algo1a-g3c-tis-l0-modal] 
[algo1a-g3c-tis-l0-modal]   mhc_init_gating_factor .......................... 0.01
[algo1a-g3c-tis-l0-modal] 
[algo1a-g3c-tis-l0-modal]   mhc_recompute_layer_num ......................... None
[algo1a-g3c-tis-l0-modal] 
[algo1a-g3c-tis-l0-modal]   mhc_sinkhorn_iterations ......................... 20
[algo1a-g3c-tis-l0-modal] 
[algo1a-g3c-tis-l0-modal]   micro_batch_size ................................ 1
[algo1a-g3c-tis-l0-modal] 
[algo1a-g3c-tis-l0-modal]   microbatch_group_size_per_vp_stage .............. None
[algo1a-g3c-tis-l0-modal] 
[algo1a-g3c-tis-l0-modal]   mid_level_dataset_surplus ....................... 0.005
[algo1a-g3c-tis-l0-modal] 
[algo1a-g3c-tis-l0-modal]   miles_dsa_topk_backend .......................... torch
[algo1a-g3c-tis-l0-modal] 
[algo1a-g3c-tis-l0-modal]   miles_router_health_check_failure_threshold ..... 3
[algo1a-g3c-tis-l0-modal] 
[algo1a-g3c-tis-l0-modal]   miles_router_max_connections .................... None
[algo1a-g3c-tis-l0-modal] 
[algo1a-g3c-tis-l0-modal]   miles_router_timeout ............................ None
[algo1a-g3c-tis-l0-modal] 
[algo1a-g3c-tis-l0-modal]   min_batch_collection_ratio ...................... 1
[algo1a-g3c-tis-l0-modal] 
[algo1a-g3c-tis-l0-modal]   min_dynamic_context_parallel_size ............... 1
[algo1a-g3c-tis-l0-modal] 
[algo1a-g3c-tis-l0-modal]   min_loss_scale .................................. 1.0
[algo1a-g3c-tis-l0-modal] 
[algo1a-g3c-tis-l0-modal]   min_lr .......................................... 0.0
[algo1a-g3c-tis-l0-modal] 
[algo1a-g3c-tis-l0-modal]   min_offloaded_tensor_size ....................... 1048576
[algo1a-g3c-tis-l0-modal] 
[algo1a-g3c-tis-l0-modal]   mini_ft_controller_enable ....................... False
[algo1a-g3c-tis-l0-modal] 
[algo1a-g3c-tis-l0-modal]   mini_ft_controller_poll_interval ................ 10.0
[algo1a-g3c-tis-l0-modal] 
[algo1a-g3c-tis-l0-modal]   mini_ft_controller_resume_delay ................. 10.0
[algo1a-g3c-tis-l0-modal] 
[algo1a-g3c-tis-l0-modal]   mla_down_proj_fusion ............................ False
[algo1a-g3c-tis-l0-modal] 
[algo1a-g3c-tis-l0-modal]   mlflow_experiment_name .......................... miles
[algo1a-g3c-tis-l0-modal] 
[algo1a-g3c-tis-l0-modal]   mlflow_run_id ................................... None
[algo1a-g3c-tis-l0-modal] 
[algo1a-g3c-tis-l0-modal]   mlflow_run_name ................................. None
[algo1a-g3c-tis-l0-modal] 
[algo1a-g3c-tis-l0-modal]   mlflow_tracking_uri ............................. None
[algo1a-g3c-tis-l0-modal] 
[algo1a-g3c-tis-l0-modal]   mlp_chunks_for_prefill .......................... 1
[algo1a-g3c-tis-l0-modal] 
[algo1a-g3c-tis-l0-modal]   mlp_chunks_for_training ......................... 1
[algo1a-g3c-tis-l0-modal] 
[algo1a-g3c-tis-l0-modal]   mmap_bin_files .................................. True
[algo1a-g3c-tis-l0-modal] 
[algo1a-g3c-tis-l0-modal]   mock_data ....................................... False
[algo1a-g3c-tis-l0-modal] 
[algo1a-g3c-tis-l0-modal]   model_name ...................................... GPTModelProvider
[algo1a-g3c-tis-l0-modal] 
[algo1a-g3c-tis-l0-modal]   moe_activation_in_fp32 .......................... False
[algo1a-g3c-tis-l0-modal] 
[algo1a-g3c-tis-l0-modal]   moe_apply_probs_on_input ........................ False
[algo1a-g3c-tis-l0-modal] 
[algo1a-g3c-tis-l0-modal]   moe_aux_loss_coeff .............................. 0.0
[algo1a-g3c-tis-l0-modal] 
[algo1a-g3c-tis-l0-modal]   moe_combine_in_fp32 ............................. False
[algo1a-g3c-tis-l0-modal] 
[algo1a-g3c-tis-l0-modal]   moe_deepep_num_sms .............................. None
[algo1a-g3c-tis-l0-modal] 
[algo1a-g3c-tis-l0-modal]   moe_enable_deepep ............................... False
[algo1a-g3c-tis-l0-modal] 
[algo1a-g3c-tis-l0-modal]   moe_enable_routing_replay ....................... False
[algo1a-g3c-tis-l0-modal] 
[algo1a-g3c-tis-l0-modal]   moe_expert_capacity_factor ...................... None
[algo1a-g3c-tis-l0-modal] 
[algo1a-g3c-tis-l0-modal]   moe_expert_rank_capacity_factor ................. None
[algo1a-g3c-tis-l0-modal] 
[algo1a-g3c-tis-l0-modal]   moe_ffn_hidden_size ............................. None
[algo1a-g3c-tis-l0-modal] 
[algo1a-g3c-tis-l0-modal]   moe_flex_dispatcher_backend ..................... deepep
[algo1a-g3c-tis-l0-modal] 
[algo1a-g3c-tis-l0-modal]   moe_flex_dispatcher_num_sms ..................... None
[algo1a-g3c-tis-l0-modal] 
[algo1a-g3c-tis-l0-modal]   moe_grouped_gemm ................................ False
[algo1a-g3c-tis-l0-modal] 
[algo1a-g3c-tis-l0-modal]   moe_hybridep_num_blocks_permute ................. None
[algo1a-g3c-tis-l0-modal] 
[algo1a-g3c-tis-l0-modal]   moe_hybridep_num_blocks_unpermute ............... None
[algo1a-g3c-tis-l0-modal] 
[algo1a-g3c-tis-l0-modal]   moe_hybridep_num_sms ............................ None
[algo1a-g3c-tis-l0-modal] 
[algo1a-g3c-tis-l0-modal]   moe_hybridep_num_sms_preprocessing .............. 108
[algo1a-g3c-tis-l0-modal] 
[algo1a-g3c-tis-l0-modal]   moe_hybridep_pad_variable_tokens ................ False
[algo1a-g3c-tis-l0-modal] 
[algo1a-g3c-tis-l0-modal]   moe_input_jitter_eps ............................ None
[algo1a-g3c-tis-l0-modal]   moe_latent_size ................................. None
[algo1a-g3c-tis-l0-modal] 
[algo1a-g3c-tis-l0-modal]   moe_latent_use_norm ............................. False
[algo1a-g3c-tis-l0-modal] 
[algo1a-g3c-tis-l0-modal]   moe_layer_freq .................................. 1
[algo1a-g3c-tis-l0-modal] 
[algo1a-g3c-tis-l0-modal]   moe_layer_recompute ............................. False
[algo1a-g3c-tis-l0-modal] 
[algo1a-g3c-tis-l0-modal]   moe_mlp_glu_interleave_size ..................... None
[algo1a-g3c-tis-l0-modal] 
[algo1a-g3c-tis-l0-modal]   moe_n_hash_layers ............................... 0
[algo1a-g3c-tis-l0-modal] 
[algo1a-g3c-tis-l0-modal]   moe_ncclep_static_shape ......................... False
[algo1a-g3c-tis-l0-modal] 
[algo1a-g3c-tis-l0-modal]   moe_ncclep_use_symm_mem ......................... False
[algo1a-g3c-tis-l0-modal] 
[algo1a-g3c-tis-l0-modal]   moe_pad_expert_input_to_capacity ................ False
[algo1a-g3c-tis-l0-modal] 
[algo1a-g3c-tis-l0-modal]   moe_pad_experts_for_cuda_graph_inference ........ False
[algo1a-g3c-tis-l0-modal] 
[algo1a-g3c-tis-l0-modal]   moe_paged_stash ................................. False
[algo1a-g3c-tis-l0-modal] 
[algo1a-g3c-tis-l0-modal]   moe_paged_stash_buffer_size_factor_cpu .......... 0.0
[algo1a-g3c-tis-l0-modal] 
[algo1a-g3c-tis-l0-modal]   moe_paged_stash_buffer_size_factor_cuda ......... 1.1
[algo1a-g3c-tis-l0-modal] 
[algo1a-g3c-tis-l0-modal]   moe_paged_stash_page_size ....................... 64
[algo1a-g3c-tis-l0-modal] 
[algo1a-g3c-tis-l0-modal]   moe_per_layer_logging ........................... False
[algo1a-g3c-tis-l0-modal] 
[algo1a-g3c-tis-l0-modal]   moe_permute_fusion .............................. False
[algo1a-g3c-tis-l0-modal] 
[algo1a-g3c-tis-l0-modal]   moe_permute_fusion_into_hybridep ................ False
[algo1a-g3c-tis-l0-modal] 
[algo1a-g3c-tis-l0-modal]   moe_router_bias_update_rate ..................... 0.001
[algo1a-g3c-tis-l0-modal] 
[algo1a-g3c-tis-l0-modal]   moe_router_dtype ................................ None
[algo1a-g3c-tis-l0-modal] 
[algo1a-g3c-tis-l0-modal]   moe_router_enable_expert_bias ................... False
[algo1a-g3c-tis-l0-modal] 
[algo1a-g3c-tis-l0-modal]   moe_router_force_biased ......................... None
[algo1a-g3c-tis-l0-modal] 
[algo1a-g3c-tis-l0-modal]   moe_router_force_load_balancing ................. False
[algo1a-g3c-tis-l0-modal] 
[algo1a-g3c-tis-l0-modal]   moe_router_freeze_gate .......................... False
[algo1a-g3c-tis-l0-modal] 
[algo1a-g3c-tis-l0-modal]   moe_router_fusion ............................... False
[algo1a-g3c-tis-l0-modal] 
[algo1a-g3c-tis-l0-modal]   moe_router_group_topk ........................... None
[algo1a-g3c-tis-l0-modal] 
[algo1a-g3c-tis-l0-modal]   moe_router_load_balancing_type .................. aux_loss
[algo1a-g3c-tis-l0-modal] 
[algo1a-g3c-tis-l0-modal]   moe_router_num_groups ........................... None
[algo1a-g3c-tis-l0-modal] 
[algo1a-g3c-tis-l0-modal]   moe_router_padding_for_fp8 ...................... False
[algo1a-g3c-tis-l0-modal] 
[algo1a-g3c-tis-l0-modal]   moe_router_padding_for_quantization ............. False
[algo1a-g3c-tis-l0-modal] 
[algo1a-g3c-tis-l0-modal]   moe_router_pre_softmax .......................... False
[algo1a-g3c-tis-l0-modal] 
[algo1a-g3c-tis-l0-modal]   moe_router_score_function ....................... softmax
[algo1a-g3c-tis-l0-modal] 
[algo1a-g3c-tis-l0-modal]   moe_router_topk ................................. 2
[algo1a-g3c-tis-l0-modal] 
[algo1a-g3c-tis-l0-modal]   moe_router_topk_scaling_factor .................. None
[algo1a-g3c-tis-l0-modal] 
[algo1a-g3c-tis-l0-modal]   moe_router_use_torch_mm ......................... True
[algo1a-g3c-tis-l0-modal] 
[algo1a-g3c-tis-l0-modal]   moe_routing_trace_capture_hidden_states ......... False
[algo1a-g3c-tis-l0-modal] 
[algo1a-g3c-tis-l0-modal]   moe_routing_trace_capture_logits ................ False
[algo1a-g3c-tis-l0-modal] 
[algo1a-g3c-tis-l0-modal]   moe_routing_trace_dump_weights .................. False
[algo1a-g3c-tis-l0-modal] 
[algo1a-g3c-tis-l0-modal]   moe_routing_trace_max_training_iters ............ None
[algo1a-g3c-tis-l0-modal] 
[algo1a-g3c-tis-l0-modal]   moe_routing_trace_path .......................... None
[algo1a-g3c-tis-l0-modal] 
[algo1a-g3c-tis-l0-modal]   moe_shared_expert_gate .......................... False
[algo1a-g3c-tis-l0-modal] 
[algo1a-g3c-tis-l0-modal]   moe_shared_expert_glu_interleave_size ........... None
[algo1a-g3c-tis-l0-modal] 
[algo1a-g3c-tis-l0-modal]   moe_shared_expert_intermediate_size ............. None
[algo1a-g3c-tis-l0-modal] 
[algo1a-g3c-tis-l0-modal]   moe_shared_expert_overlap ....................... False
[algo1a-g3c-tis-l0-modal] 
[algo1a-g3c-tis-l0-modal]   moe_single_grouped_bias ......................... False
[algo1a-g3c-tis-l0-modal] 
[algo1a-g3c-tis-l0-modal]   moe_single_grouped_weight ....................... False
[algo1a-g3c-tis-l0-modal] 
[algo1a-g3c-tis-l0-modal]   moe_token_dispatcher_type ....................... allgather
[algo1a-g3c-tis-l0-modal] 
[algo1a-g3c-tis-l0-modal]   moe_token_drop_policy ........................... probs
[algo1a-g3c-tis-l0-modal] 
[algo1a-g3c-tis-l0-modal]   moe_upcycling_granularity ....................... 1
[algo1a-g3c-tis-l0-modal] 
[algo1a-g3c-tis-l0-modal]   moe_use_upcycling ............................... False
[algo1a-g3c-tis-l0-modal] 
[algo1a-g3c-tis-l0-modal]   moe_z_loss_coeff ................................ None
[algo1a-g3c-tis-l0-modal] 
[algo1a-g3c-tis-l0-modal]   mooncake_replica_num ............................ 1
[algo1a-g3c-tis-l0-modal] 
[algo1a-g3c-tis-l0-modal]   mooncake_store_init_kwargs ...................... None
[algo1a-g3c-tis-l0-modal] 
[algo1a-g3c-tis-l0-modal]   mrope_interleaved ............................... False
[algo1a-g3c-tis-l0-modal] 
[algo1a-g3c-tis-l0-modal]   mrope_section ................................... None
[algo1a-g3c-tis-l0-modal] 
[algo1a-g3c-tis-l0-modal]   mscale .......................................... 1.0
[algo1a-g3c-tis-l0-modal] 
[algo1a-g3c-tis-l0-modal]   mscale_all_dim .................................. 0.0
[algo1a-g3c-tis-l0-modal] 
[algo1a-g3c-tis-l0-modal]   mtp_detach_heads ................................ False
[algo1a-g3c-tis-l0-modal] 
[algo1a-g3c-tis-l0-modal]   mtp_hybrid_override_pattern ..................... None
[algo1a-g3c-tis-l0-modal] 
[algo1a-g3c-tis-l0-modal]   mtp_loss_scaling_factor ......................... 0.2
[algo1a-g3c-tis-l0-modal] 
[algo1a-g3c-tis-l0-modal]   mtp_num_layers .................................. None
[algo1a-g3c-tis-l0-modal] 
[algo1a-g3c-tis-l0-modal]   mtp_standalone .................................. False
[algo1a-g3c-tis-l0-modal] 
[algo1a-g3c-tis-l0-modal]   mtp_use_repeated_layer .......................... False
[algo1a-g3c-tis-l0-modal] 
[algo1a-g3c-tis-l0-modal]   multi_latent_attention .......................... False
[algo1a-g3c-tis-l0-modal] 
[algo1a-g3c-tis-l0-modal]   multi_lora ...................................... False
[algo1a-g3c-tis-l0-modal] 
[algo1a-g3c-tis-l0-modal]   multi_lora_n_adapters ........................... 0
[algo1a-g3c-tis-l0-modal] 
[algo1a-g3c-tis-l0-modal]   multimodal_keys ................................. None
[algo1a-g3c-tis-l0-modal] 
[algo1a-g3c-tis-l0-modal]   multiple_validation_sets ........................ False
[algo1a-g3c-tis-l0-modal] 
[algo1a-g3c-tis-l0-modal]   muon_coefficient_type ........................... quintic
[algo1a-g3c-tis-l0-modal] 
[algo1a-g3c-tis-l0-modal]   muon_extra_scale_factor ......................... 1.0
[algo1a-g3c-tis-l0-modal] 
[algo1a-g3c-tis-l0-modal]   muon_fp32_matmul_prec ........................... medium
[algo1a-g3c-tis-l0-modal] 
[algo1a-g3c-tis-l0-modal]   muon_momentum ................................... 0.9
[algo1a-g3c-tis-l0-modal] 
[algo1a-g3c-tis-l0-modal]   muon_nesterov ................................... False
[algo1a-g3c-tis-l0-modal] 
[algo1a-g3c-tis-l0-modal]   muon_num_ns_steps ............................... 5
[algo1a-g3c-tis-l0-modal] 
[algo1a-g3c-tis-l0-modal]   muon_scalar_optimizer ........................... adam
[algo1a-g3c-tis-l0-modal] 
[algo1a-g3c-tis-l0-modal]   muon_scale_mode ................................. spectral
[algo1a-g3c-tis-l0-modal] 
[algo1a-g3c-tis-l0-modal]   muon_split_qkv .................................. True
[algo1a-g3c-tis-l0-modal] 
[algo1a-g3c-tis-l0-modal]   muon_tp_mode .................................... blockwise
[algo1a-g3c-tis-l0-modal] 
[algo1a-g3c-tis-l0-modal]   mup_attn_scale_power ............................ 1.0
[algo1a-g3c-tis-l0-modal] 
[algo1a-g3c-tis-l0-modal]   mup_base_head_dim ............................... None
[algo1a-g3c-tis-l0-modal] 
[algo1a-g3c-tis-l0-modal]   mup_base_hidden_size ............................ None
[algo1a-g3c-tis-l0-modal] 
[algo1a-g3c-tis-l0-modal]   mup_embedding_mult .............................. 1.0
[algo1a-g3c-tis-l0-modal] 
[algo1a-g3c-tis-l0-modal]   mup_output_mult ................................. 1.0
[algo1a-g3c-tis-l0-modal] 
[algo1a-g3c-tis-l0-modal]   mup_width_mult .................................. 1.0
[algo1a-g3c-tis-l0-modal] 
[algo1a-g3c-tis-l0-modal]   n_samples_per_eval_prompt ....................... 1
[algo1a-g3c-tis-l0-modal] 
[algo1a-g3c-tis-l0-modal]   n_samples_per_prompt ............................ 8
[algo1a-g3c-tis-l0-modal] 
  nccl_all_reduce_for_prefill ..................... False
[algo1a-g3c-tis-l0-modal] 
[algo1a-g3c-tis-l0-modal]   nccl_communicator_config_path ................... None
[algo1a-g3c-tis-l0-modal] 
[algo1a-g3c-tis-l0-modal]   nccl_ub ......................................... False
[algo1a-g3c-tis-l0-modal] 
[algo1a-g3c-tis-l0-modal]   no_load_optim ................................... True
[algo1a-g3c-tis-l0-modal] 
[algo1a-g3c-tis-l0-modal]   no_load_rng ..................................... True
[algo1a-g3c-tis-l0-modal] 
[algo1a-g3c-tis-l0-modal]   no_persist_layer_norm ........................... False
[algo1a-g3c-tis-l0-modal] 
[algo1a-g3c-tis-l0-modal]   no_rope_freq .................................... None
[algo1a-g3c-tis-l0-modal] 
[algo1a-g3c-tis-l0-modal]   no_save_optim ................................... True
[algo1a-g3c-tis-l0-modal] 
[algo1a-g3c-tis-l0-modal]   no_save_rng ..................................... True
[algo1a-g3c-tis-l0-modal] 
[algo1a-g3c-tis-l0-modal]   no_weight_decay_cond_type ....................... None
[algo1a-g3c-tis-l0-modal] 
[algo1a-g3c-tis-l0-modal]   non_persistent_ckpt_type ........................ None
[algo1a-g3c-tis-l0-modal] 
[algo1a-g3c-tis-l0-modal]   non_persistent_global_ckpt_dir .................. None
[algo1a-g3c-tis-l0-modal] 
[algo1a-g3c-tis-l0-modal]   non_persistent_local_ckpt_algo .................. fully_parallel
[algo1a-g3c-tis-l0-modal] 
[algo1a-g3c-tis-l0-modal]   non_persistent_local_ckpt_dir ................... None
[algo1a-g3c-tis-l0-modal] 
[algo1a-g3c-tis-l0-modal]   non_persistent_save_interval .................... None
[algo1a-g3c-tis-l0-modal] 
[algo1a-g3c-tis-l0-modal]   normalization ................................... RMSNorm
[algo1a-g3c-tis-l0-modal] 
[algo1a-g3c-tis-l0-modal]   normalize_advantages ............................ False
[algo1a-g3c-tis-l0-modal] 
[algo1a-g3c-tis-l0-modal]   null_tokenizer_eod_id ........................... None
[algo1a-g3c-tis-l0-modal] 
[algo1a-g3c-tis-l0-modal]   null_tokenizer_pad_id ........................... -1
[algo1a-g3c-tis-l0-modal] 
[algo1a-g3c-tis-l0-modal]   num_attention_heads ............................. 16
[algo1a-g3c-tis-l0-modal] 
[algo1a-g3c-tis-l0-modal]   num_channels .................................... 3
[algo1a-g3c-tis-l0-modal] 
[algo1a-g3c-tis-l0-modal]   num_classes ..................................... 1000
[algo1a-g3c-tis-l0-modal] 
[algo1a-g3c-tis-l0-modal]   num_critic_only_steps ........................... 0
[algo1a-g3c-tis-l0-modal] 
[algo1a-g3c-tis-l0-modal]   num_dataset_builder_threads ..................... 1
[algo1a-g3c-tis-l0-modal] 
[algo1a-g3c-tis-l0-modal]   num_distributed_optimizer_instances ............. 1
[algo1a-g3c-tis-l0-modal] 
[algo1a-g3c-tis-l0-modal]   num_epoch ....................................... None
[algo1a-g3c-tis-l0-modal] 
[algo1a-g3c-tis-l0-modal]   num_experts ..................................... None
[algo1a-g3c-tis-l0-modal] 
[algo1a-g3c-tis-l0-modal]   num_gpus_per_node ............................... 1
[algo1a-g3c-tis-l0-modal] 
[algo1a-g3c-tis-l0-modal]   num_layers ...................................... 28
[algo1a-g3c-tis-l0-modal] 
[algo1a-g3c-tis-l0-modal]   num_layers_at_end_in_bf16 ....................... 1
[algo1a-g3c-tis-l0-modal] 
[algo1a-g3c-tis-l0-modal]   num_layers_at_start_in_bf16 ..................... 1
[algo1a-g3c-tis-l0-modal] 
[algo1a-g3c-tis-l0-modal]   num_layers_per_virtual_pipeline_stage ........... None
[algo1a-g3c-tis-l0-modal] 
[algo1a-g3c-tis-l0-modal]   num_query_groups ................................ 8
[algo1a-g3c-tis-l0-modal] 
[algo1a-g3c-tis-l0-modal]   num_residual_streams ............................ 4
[algo1a-g3c-tis-l0-modal] 
[algo1a-g3c-tis-l0-modal]   num_rollout ..................................... 3
[algo1a-g3c-tis-l0-modal] 
[algo1a-g3c-tis-l0-modal]   num_speculative_tokens .......................... 0
[algo1a-g3c-tis-l0-modal] 
[algo1a-g3c-tis-l0-modal]   num_steps_per_rollout ........................... 1
[algo1a-g3c-tis-l0-modal] 
[algo1a-g3c-tis-l0-modal]   num_virtual_stages_per_pipeline_rank ............ None
[algo1a-g3c-tis-l0-modal] 
[algo1a-g3c-tis-l0-modal]   num_workers ..................................... 2
[algo1a-g3c-tis-l0-modal] 
[algo1a-g3c-tis-l0-modal]   nvtx_ranges ..................................... False
[algo1a-g3c-tis-l0-modal] 
[algo1a-g3c-tis-l0-modal]   o_groups ........................................ 8
[algo1a-g3c-tis-l0-modal] 
[algo1a-g3c-tis-l0-modal]   o_lora_rank ..................................... 1024
[algo1a-g3c-tis-l0-modal] 
[algo1a-g3c-tis-l0-modal]   object_storage_cache_path ....................... None
[algo1a-g3c-tis-l0-modal] 
[algo1a-g3c-tis-l0-modal]   object_store_backend ............................ ray
[algo1a-g3c-tis-l0-modal] 
[algo1a-g3c-tis-l0-modal]   observe_training_entropy ........................ False
[algo1a-g3c-tis-l0-modal] 
  offload_modules ................................. []
[algo1a-g3c-tis-l0-modal] 
[algo1a-g3c-tis-l0-modal]   offload_optimizer_states ........................ False
[algo1a-g3c-tis-l0-modal] 
[algo1a-g3c-tis-l0-modal]   offload_rollout ................................. True
[algo1a-g3c-tis-l0-modal] 
[algo1a-g3c-tis-l0-modal]   offload_rollout_level ........................... ['kv_cache', 'weight']
[algo1a-g3c-tis-l0-modal] 
[algo1a-g3c-tis-l0-modal]   offload_train ................................... True
[algo1a-g3c-tis-l0-modal] 
[algo1a-g3c-tis-l0-modal]   offload_train_disk_chunk_mb ..................... 256
[algo1a-g3c-tis-l0-modal] 
[algo1a-g3c-tis-l0-modal]   offload_train_disk_dir .......................... None
[algo1a-g3c-tis-l0-modal] 
[algo1a-g3c-tis-l0-modal]   offload_train_target ............................ cpu
[algo1a-g3c-tis-l0-modal] 
[algo1a-g3c-tis-l0-modal]   one_logger_async ................................ False
[algo1a-g3c-tis-l0-modal] 
[algo1a-g3c-tis-l0-modal]   one_logger_project .............................. megatron-lm
[algo1a-g3c-tis-l0-modal] 
[algo1a-g3c-tis-l0-modal]   one_logger_run_name ............................. None
[algo1a-g3c-tis-l0-modal] 
[algo1a-g3c-tis-l0-modal]   onnx_safe ....................................... None
[algo1a-g3c-tis-l0-modal] 
[algo1a-g3c-tis-l0-modal]   opd_kl_coef ..................................... 1.0
[algo1a-g3c-tis-l0-modal] 
[algo1a-g3c-tis-l0-modal]   opd_log_prob_top_k .............................. 0
[algo1a-g3c-tis-l0-modal] 
[algo1a-g3c-tis-l0-modal]   opd_reward_weight_mode .......................... student_p
[algo1a-g3c-tis-l0-modal] 
[algo1a-g3c-tis-l0-modal]   opd_teacher_ckpt_step ........................... None
[algo1a-g3c-tis-l0-modal] 
[algo1a-g3c-tis-l0-modal]   opd_teacher_key ................................. opd_teacher
[algo1a-g3c-tis-l0-modal] 
[algo1a-g3c-tis-l0-modal]   opd_teacher_load ................................ None
[algo1a-g3c-tis-l0-modal] 
[algo1a-g3c-tis-l0-modal]   opd_teacher_urls ................................ None
[algo1a-g3c-tis-l0-modal] 
[algo1a-g3c-tis-l0-modal]   opd_top_k_strategy .............................. only-student
[algo1a-g3c-tis-l0-modal] 
[algo1a-g3c-tis-l0-modal]   opd_topk_per_position ........................... False
[algo1a-g3c-tis-l0-modal] 
[algo1a-g3c-tis-l0-modal]   opd_type ........................................ None
[algo1a-g3c-tis-l0-modal] 
[algo1a-g3c-tis-l0-modal]   openai_gelu ..................................... False
[algo1a-g3c-tis-l0-modal] 
[algo1a-g3c-tis-l0-modal]   opsm_delta ...................................... 0.0001
[algo1a-g3c-tis-l0-modal] 
[algo1a-g3c-tis-l0-modal]   optimizer ....................................... adam
[algo1a-g3c-tis-l0-modal] 
[algo1a-g3c-tis-l0-modal]   optimizer_cpu_offload ........................... False
[algo1a-g3c-tis-l0-modal] 
[algo1a-g3c-tis-l0-modal]   optimizer_cuda_graph ............................ False
[algo1a-g3c-tis-l0-modal] 
[algo1a-g3c-tis-l0-modal]   optimizer_offload_fraction ...................... 1.0
[algo1a-g3c-tis-l0-modal] 
[algo1a-g3c-tis-l0-modal]   optimizer_state_offload_chunk_size_mb ........... 0
[algo1a-g3c-tis-l0-modal] 
[algo1a-g3c-tis-l0-modal]   optimizer_state_offload_fraction ................ 1.0
[algo1a-g3c-tis-l0-modal] 
[algo1a-g3c-tis-l0-modal]   original_max_position_embeddings ................ 4096
[algo1a-g3c-tis-l0-modal] 
[algo1a-g3c-tis-l0-modal]   outer_dp_sharding_strategy ...................... no_shard
[algo1a-g3c-tis-l0-modal] 
[algo1a-g3c-tis-l0-modal]   output_bert_embeddings .......................... False
[algo1a-g3c-tis-l0-modal] 
[algo1a-g3c-tis-l0-modal]   over_sampling_batch_size ........................ 4
[algo1a-g3c-tis-l0-modal] 
[algo1a-g3c-tis-l0-modal]   overlap_cpu_optimizer_d2h_h2d ................... False
[algo1a-g3c-tis-l0-modal] 
[algo1a-g3c-tis-l0-modal]   overlap_dispatch_backward_with_experts_wgrad .... False
[algo1a-g3c-tis-l0-modal] 
[algo1a-g3c-tis-l0-modal]   overlap_grad_reduce ............................. False
[algo1a-g3c-tis-l0-modal] 
[algo1a-g3c-tis-l0-modal]   overlap_moe_expert_parallel_comm ................ False
[algo1a-g3c-tis-l0-modal] 
[algo1a-g3c-tis-l0-modal]   overlap_p2p_comm ................................ False
[algo1a-g3c-tis-l0-modal] 
[algo1a-g3c-tis-l0-modal]   overlap_p2p_comm_warmup_flush ................... False
[algo1a-g3c-tis-l0-modal] 
[algo1a-g3c-tis-l0-modal]   overlap_param_gather ............................ False
[algo1a-g3c-tis-l0-modal] 
[algo1a-g3c-tis-l0-modal]   overlap_param_gather_with_optimizer_step ........ False
[algo1a-g3c-tis-l0-modal] 
[algo1a-g3c-tis-l0-modal]   override_opt_param_scheduler .................... False
[algo1a-g3c-tis-l0-modal] 
[algo1a-g3c-tis-l0-modal]   p2p_transfer_num_workers ........................ 4
[algo1a-g3c-tis-l0-modal] 
[algo1a-g3c-tis-l0-modal]   p2p_transfer_timeout ............................ 30.0
[algo1a-g3c-tis-l0-modal] 
[algo1a-g3c-tis-l0-modal]   pad_packed_seq_alignment ........................ None
[algo1a-g3c-tis-l0-modal] 
[algo1a-g3c-tis-l0-modal]   pad_vocab_size .................................. True
[algo1a-g3c-tis-l0-modal] 
[algo1a-g3c-tis-l0-modal]   padded_vocab_size ............................... 151936
[algo1a-g3c-tis-l0-modal] 
[algo1a-g3c-tis-l0-modal]   params_dtype .................................... torch.bfloat16
[algo1a-g3c-tis-l0-modal] 
[algo1a-g3c-tis-l0-modal]   partial_rollout ................................. False
[algo1a-g3c-tis-l0-modal] 
[algo1a-g3c-tis-l0-modal]   patch_dim ....................................... 16
[algo1a-g3c-tis-l0-modal] 
[algo1a-g3c-tis-l0-modal]   pause_generation_mode ........................... retract
[algo1a-g3c-tis-l0-modal] 
[algo1a-g3c-tis-l0-modal]   per_dataset_sequences_path ...................... None
[algo1a-g3c-tis-l0-modal] 
[algo1a-g3c-tis-l0-modal]   per_split_data_args_path ........................ None
[algo1a-g3c-tis-l0-modal] 
[algo1a-g3c-tis-l0-modal]   perform_initialization .......................... True
[algo1a-g3c-tis-l0-modal] 
[algo1a-g3c-tis-l0-modal]   perform_rl_step ................................. False
[algo1a-g3c-tis-l0-modal] 
[algo1a-g3c-tis-l0-modal]   phase_transition_iterations ..................... None
[algo1a-g3c-tis-l0-modal] 
[algo1a-g3c-tis-l0-modal]   pin_cpu_grads ................................... True
[algo1a-g3c-tis-l0-modal] 
[algo1a-g3c-tis-l0-modal]   pin_cpu_params .................................. True
[algo1a-g3c-tis-l0-modal] 
[algo1a-g3c-tis-l0-modal]   pin_rollout_manager_to_head ..................... True
[algo1a-g3c-tis-l0-modal] 
[algo1a-g3c-tis-l0-modal]   pipeline_model_parallel_comm_backend ............ None
[algo1a-g3c-tis-l0-modal] 
[algo1a-g3c-tis-l0-modal]   pipeline_model_parallel_layout .................. None
[algo1a-g3c-tis-l0-modal] 
[algo1a-g3c-tis-l0-modal]   pipeline_model_parallel_size .................... 1
[algo1a-g3c-tis-l0-modal] 
[algo1a-g3c-tis-l0-modal]   position_embedding_type ......................... rope
[algo1a-g3c-tis-l0-modal] 
[algo1a-g3c-tis-l0-modal]   post_mlp_layernorm .............................. False
[algo1a-g3c-tis-l0-modal] 
[algo1a-g3c-tis-l0-modal]   post_self_attn_layernorm ........................ False
[algo1a-g3c-tis-l0-modal] 
[algo1a-g3c-tis-l0-modal]   prefill_num_servers ............................. None
[algo1a-g3c-tis-l0-modal] 
[algo1a-g3c-tis-l0-modal]   pretrained_checkpoint ........................... None
[algo1a-g3c-tis-l0-modal] 
[algo1a-g3c-tis-l0-modal]   profile ......................................... False
[algo1a-g3c-tis-l0-modal] 
[algo1a-g3c-tis-l0-modal]   profile_ranks ................................... []
[algo1a-g3c-tis-l0-modal] 
[algo1a-g3c-tis-l0-modal]   profile_step_end ................................ 12
[algo1a-g3c-tis-l0-modal] 
[algo1a-g3c-tis-l0-modal]   profile_step_start .............................. 10
[algo1a-g3c-tis-l0-modal] 
[algo1a-g3c-tis-l0-modal]   profile_target .................................. ['train_overall']
[algo1a-g3c-tis-l0-modal] 
[algo1a-g3c-tis-l0-modal]   prometheus_port ................................. 9090
[algo1a-g3c-tis-l0-modal] 
[algo1a-g3c-tis-l0-modal]   prometheus_run_name ............................. None
[algo1a-g3c-tis-l0-modal] 
[algo1a-g3c-tis-l0-modal]   prompt_data ..................................... /root/yeto-rl/prompts.jsonl
[algo1a-g3c-tis-l0-modal] 
[algo1a-g3c-tis-l0-modal]   pytorch_profiler_collect_callstack .............. False
[algo1a-g3c-tis-l0-modal] 
[algo1a-g3c-tis-l0-modal]   pytorch_profiler_collect_chakra ................. False
[algo1a-g3c-tis-l0-modal] 
[algo1a-g3c-tis-l0-modal]   pytorch_profiler_collect_shapes ................. False
[algo1a-g3c-tis-l0-modal] 
[algo1a-g3c-tis-l0-modal]   q_lora_rank ..................................... None
[algo1a-g3c-tis-l0-modal] 
[algo1a-g3c-tis-l0-modal]   qk_clip ......................................... False
[algo1a-g3c-tis-l0-modal] 
[algo1a-g3c-tis-l0-modal]   qk_clip_alpha ................................... 0.5
[algo1a-g3c-tis-l0-modal] 
[algo1a-g3c-tis-l0-modal]   qk_clip_threshold ............................... 100
[algo1a-g3c-tis-l0-modal] 
[algo1a-g3c-tis-l0-modal]   qk_head_dim ..................................... 128
[algo1a-g3c-tis-l0-modal] 
[algo1a-g3c-tis-l0-modal]   qk_l2_norm ...................................... False
[algo1a-g3c-tis-l0-modal] 
[algo1a-g3c-tis-l0-modal]   qk_layernorm .................................... True
[algo1a-g3c-tis-l0-modal] 
[algo1a-g3c-tis-l0-modal]   qk_pos_emb_head_dim ............................. 64
[algo1a-g3c-tis-l0-modal] 
[algo1a-g3c-tis-l0-modal]   qkv_format ...................................... thd
[algo1a-g3c-tis-l0-modal] 
[algo1a-g3c-tis-l0-modal]   query_in_block_prob ............................. 0.1
[algo1a-g3c-tis-l0-modal] 
[algo1a-g3c-tis-l0-modal]   quick_geglu ..................................... False
[algo1a-g3c-tis-l0-modal] 
[algo1a-g3c-tis-l0-modal]   rampup_batch_size ............................... None
[algo1a-g3c-tis-l0-modal] 
[algo1a-g3c-tis-l0-modal]   rank ............................................ 0
[algo1a-g3c-tis-l0-modal] 
[algo1a-g3c-tis-l0-modal]   recompute_granularity ........................... None
[algo1a-g3c-tis-l0-modal] 
[algo1a-g3c-tis-l0-modal]   recompute_logprobs_via_prefill .................. False
[algo1a-g3c-tis-l0-modal] 
[algo1a-g3c-tis-l0-modal]   recompute_loss_function ......................... False
[algo1a-g3c-tis-l0-modal] 
[algo1a-g3c-tis-l0-modal]   recompute_method ................................ None
[algo1a-g3c-tis-l0-modal] 
[algo1a-g3c-tis-l0-modal]   recompute_modules ............................... None
[algo1a-g3c-tis-l0-modal] 
[algo1a-g3c-tis-l0-modal]   recompute_num_layers ............................ None
[algo1a-g3c-tis-l0-modal] 
[algo1a-g3c-tis-l0-modal]   record_memory_history ........................... False
[algo1a-g3c-tis-l0-modal] 
[algo1a-g3c-tis-l0-modal]   record_shapes ................................... False
[algo1a-g3c-tis-l0-modal] 
[algo1a-g3c-tis-l0-modal]   ref_ckpt_step ................................... None
[algo1a-g3c-tis-l0-modal] 
[algo1a-g3c-tis-l0-modal]   ref_load ........................................ /root/.cache/huggingface/hub/models--Qwen--Qwen3-0.6B/snapshots/c1899de289a04d12100db370d81485cdf75e47ca
[algo1a-g3c-tis-l0-modal] 
[algo1a-g3c-tis-l0-modal]   ref_update_interval ............................. None
[algo1a-g3c-tis-l0-modal] 
[algo1a-g3c-tis-l0-modal]   refit_method .................................... gloo
[algo1a-g3c-tis-l0-modal] 
[algo1a-g3c-tis-l0-modal]   relative_attention_max_distance ................. 128
[algo1a-g3c-tis-l0-modal] 
[algo1a-g3c-tis-l0-modal]   relative_attention_num_buckets .................. 32
[algo1a-g3c-tis-l0-modal] 
[algo1a-g3c-tis-l0-modal]   rematerialize_param_from_master_weight .......... False
[algo1a-g3c-tis-l0-modal] 
[algo1a-g3c-tis-l0-modal]   replication ..................................... False
[algo1a-g3c-tis-l0-modal] 
[algo1a-g3c-tis-l0-modal]   replication_factor .............................. 2
[algo1a-g3c-tis-l0-modal] 
[algo1a-g3c-tis-l0-modal]   replication_jump ................................ None
[algo1a-g3c-tis-l0-modal] 
[algo1a-g3c-tis-l0-modal]   requested_load .................................. None
[algo1a-g3c-tis-l0-modal] 
[algo1a-g3c-tis-l0-modal]   rerun_mode ...................................... validate_results
[algo1a-g3c-tis-l0-modal] 
[algo1a-g3c-tis-l0-modal]   reset_attention_mask ............................ False
[algo1a-g3c-tis-l0-modal] 
[algo1a-g3c-tis-l0-modal]   reset_optimizer_states .......................... False
[algo1a-g3c-tis-l0-modal] 
[algo1a-g3c-tis-l0-modal]   reset_position_ids .............................. False
[algo1a-g3c-tis-l0-modal] 
[algo1a-g3c-tis-l0-modal]   result_rejected_tracker_filename ................ None
[algo1a-g3c-tis-l0-modal] 
[algo1a-g3c-tis-l0-modal]   retriever_report_topk_accuracies ................ []
[algo1a-g3c-tis-l0-modal] 
[algo1a-g3c-tis-l0-modal]   retriever_score_scaling ......................... False
[algo1a-g3c-tis-l0-modal] 
[algo1a-g3c-tis-l0-modal]   reuse_grad_buf_for_mxfp8_param_ag ............... False
[algo1a-g3c-tis-l0-modal] 
[algo1a-g3c-tis-l0-modal]   reward_key ...................................... None
[algo1a-g3c-tis-l0-modal] 
[algo1a-g3c-tis-l0-modal]   rewards_normalization ........................... True
[algo1a-g3c-tis-l0-modal] 
[algo1a-g3c-tis-l0-modal]   rl_consumption_granularity ...................... B
[algo1a-g3c-tis-l0-modal] 
[algo1a-g3c-tis-l0-modal]   rl_default_temperature .......................... 1.0
[algo1a-g3c-tis-l0-modal] 
[algo1a-g3c-tis-l0-modal]   rl_default_top_k ................................ -1
[algo1a-g3c-tis-l0-modal] 
[algo1a-g3c-tis-l0-modal]   rl_default_top_p ................................ 0
[algo1a-g3c-tis-l0-modal] 
[algo1a-g3c-tis-l0-modal]   rl_generation_lag ............................... 0
[algo1a-g3c-tis-l0-modal] 
[algo1a-g3c-tis-l0-modal]   rl_importance_sampling_truncation_coef .......... None
[algo1a-g3c-tis-l0-modal] 
[algo1a-g3c-tis-l0-modal]   rl_inference_expert_model_parallel_size ......... None
[algo1a-g3c-tis-l0-modal] 
[algo1a-g3c-tis-l0-modal]   rl_inference_expert_tensor_model_parallel_size .. None
[algo1a-g3c-tis-l0-modal] 
[algo1a-g3c-tis-l0-modal]   rl_inference_logprobs_is_correction ............. False
[algo1a-g3c-tis-l0-modal] 
[algo1a-g3c-tis-l0-modal]   rl_inference_model_unified_memory_level ......... 0
[algo1a-g3c-tis-l0-modal] 
[algo1a-g3c-tis-l0-modal]   rl_inference_parsers ............................ []
[algo1a-g3c-tis-l0-modal] 
[algo1a-g3c-tis-l0-modal]   rl_inference_pipeline_model_parallel_size ....... None
[algo1a-g3c-tis-l0-modal] 
[algo1a-g3c-tis-l0-modal]   rl_inference_tensor_model_parallel_size ......... None
[algo1a-g3c-tis-l0-modal] 
[algo1a-g3c-tis-l0-modal]   rl_kv_cache_management_mode ..................... persist
[algo1a-g3c-tis-l0-modal] 
[algo1a-g3c-tis-l0-modal]   rl_offload_inference_model_weights_when_idle .... False
[algo1a-g3c-tis-l1-modal] [36m(pid=2295)[0m WARNING:megatron.bridge.models.muse_glimmer:Muse Glimmer Hugging Face classes are unavailable with transformers 5.12.1. Upgrade transformers to a version that supports Muse Glimmer.
[algo1a-g3c-tis-l1-modal] 
[algo1a-g3c-tis-l0-modal] 
[algo1a-g3c-tis-l0-modal]   rl_offload_optimizer_during_inference ........... False
[algo1a-g3c-tis-l0-modal] 
[algo1a-g3c-tis-l0-modal]   rl_partial_rollouts ............................. False
[algo1a-g3c-tis-l0-modal] 
[algo1a-g3c-tis-l0-modal]   rl_persist_cuda_graphs .......................... False
[algo1a-g3c-tis-l0-modal] 
[algo1a-g3c-tis-l0-modal]   rl_profile ...................................... False
[algo1a-g3c-tis-l0-modal] 
[algo1a-g3c-tis-l0-modal]   rl_profile_dir .................................. None
[algo1a-g3c-tis-l0-modal] 
[algo1a-g3c-tis-l0-modal]   rl_prompts_per_eval ............................. 32
[algo1a-g3c-tis-l0-modal] 
[algo1a-g3c-tis-l0-modal]   rl_sequence_packing_algo ........................ fifo
[algo1a-g3c-tis-l0-modal] 
[algo1a-g3c-tis-l0-modal]   rl_sequence_packing_max_sequences_per_bin ....... 50
[algo1a-g3c-tis-l0-modal] 
[algo1a-g3c-tis-l0-modal]   rl_skip_bos_token ............................... False
[algo1a-g3c-tis-l0-modal] 
[algo1a-g3c-tis-l0-modal]   rl_submission_granularity ....................... B
[algo1a-g3c-tis-l0-modal] 
[algo1a-g3c-tis-l0-modal]   rl_training_cuda_graphs ......................... False
[algo1a-g3c-tis-l0-modal] 
[algo1a-g3c-tis-l0-modal]   rl_use_sequence_packing ......................... False
[algo1a-g3c-tis-l0-modal] 
[algo1a-g3c-tis-l0-modal]   rl_verify_model_weights_swap .................... False
[algo1a-g3c-tis-l0-modal] 
[algo1a-g3c-tis-l0-modal]   rm_type ......................................... None
[algo1a-g3c-tis-l0-modal] 
[algo1a-g3c-tis-l0-modal]   rm_url .......................................... None
[algo1a-g3c-tis-l0-modal] 
[algo1a-g3c-tis-l0-modal]   rollout_all_samples_process_path ................ yeto.rl.engine.miles_adapter.rollout_meta_hook.extract_rollout_metadata
[algo1a-g3c-tis-l0-modal] 
[algo1a-g3c-tis-l0-modal]   rollout_batch_size .............................. 4
[algo1a-g3c-tis-l0-modal] 
[algo1a-g3c-tis-l0-modal]   rollout_buffer_url .............................. None
[algo1a-g3c-tis-l0-modal] 
[algo1a-g3c-tis-l0-modal]   rollout_data_postprocess_path ................... None
[algo1a-g3c-tis-l0-modal] 
[algo1a-g3c-tis-l0-modal]   rollout_external ................................ False
[algo1a-g3c-tis-l0-modal] 
[algo1a-g3c-tis-l0-modal]   rollout_external_engine_addrs ................... None
[algo1a-g3c-tis-l0-modal] 
[algo1a-g3c-tis-l0-modal]   rollout_external_router_pd ...................... False
[algo1a-g3c-tis-l0-modal] 
[algo1a-g3c-tis-l0-modal]   rollout_function_path ........................... miles.rollout.inference_rollout.inference_rollout_common.InferenceRolloutFn
[algo1a-g3c-tis-l0-modal] 
[algo1a-g3c-tis-l0-modal]   rollout_global_dataset .......................... True
[algo1a-g3c-tis-l0-modal] 
[algo1a-g3c-tis-l0-modal]   rollout_health_check_failure_threshold .......... 1
[algo1a-g3c-tis-l0-modal] 
[algo1a-g3c-tis-l0-modal]   rollout_health_check_first_wait ................. 0.0
[algo1a-g3c-tis-l0-modal] 
[algo1a-g3c-tis-l0-modal]   rollout_health_check_interval ................... 30.0
[algo1a-g3c-tis-l0-modal] 
[algo1a-g3c-tis-l0-modal]   rollout_health_check_timeout .................... 30.0
[algo1a-g3c-tis-l0-modal] 
[algo1a-g3c-tis-l0-modal]   rollout_indexer_topk_num_streams ................ None
[algo1a-g3c-tis-l0-modal] 
[algo1a-g3c-tis-l0-modal]   rollout_max_context_len ......................... 1024
[algo1a-g3c-tis-l0-modal] 
[algo1a-g3c-tis-l0-modal]   rollout_max_prompt_len .......................... 1023
[algo1a-g3c-tis-l0-modal] 
[algo1a-g3c-tis-l0-modal]   rollout_max_response_len ........................ 384
[algo1a-g3c-tis-l0-modal] 
[algo1a-g3c-tis-l0-modal]   rollout_num_gpus ................................ 1
[algo1a-g3c-tis-l0-modal] 
[algo1a-g3c-tis-l0-modal]   rollout_num_gpus_per_engine ..................... 1
[algo1a-g3c-tis-l0-modal] 
[algo1a-g3c-tis-l0-modal]   rollout_sample_filter_path ...................... yeto.rl.engine.miles_adapter.rollout_meta_hook.record_trained_groups
[algo1a-g3c-tis-l0-modal] 
[algo1a-g3c-tis-l0-modal]   rollout_seed .................................... 17
[algo1a-g3c-tis-l0-modal] 
[algo1a-g3c-tis-l0-modal]   rollout_shuffle ................................. False
[algo1a-g3c-tis-l0-modal] 
[algo1a-g3c-tis-l0-modal]   rollout_skip_special_tokens ..................... False
[algo1a-g3c-tis-l0-modal] 
[algo1a-g3c-tis-l0-modal]   rollout_stop .................................... None
[algo1a-g3c-tis-l0-modal] 
[algo1a-g3c-tis-l0-modal]   rollout_stop_token_ids .......................... None
[algo1a-g3c-tis-l0-modal] 
[algo1a-g3c-tis-l0-modal]   rollout_submission_granularity .................. None
[algo1a-g3c-tis-l0-modal] 
[algo1a-g3c-tis-l0-modal]   rollout_task_type ............................... math
[algo1a-g3c-tis-l0-modal] 
[algo1a-g3c-tis-l0-modal]   rollout_temperature ............................. 1.0
[algo1a-g3c-tis-l0-modal] 
[algo1a-g3c-tis-l0-modal]   rollout_top_k ................................... -1
[algo1a-g3c-tis-l0-modal] 
[algo1a-g3c-tis-l0-modal]   rollout_top_p ................................... 1.0
[algo1a-g3c-tis-l0-modal] 
[algo1a-g3c-tis-l0-modal]   rope_scaling_factor ............................. 8.0
[algo1a-g3c-tis-l0-modal] 
[algo1a-g3c-tis-l0-modal]   rope_type ....................................... rope
[algo1a-g3c-tis-l0-modal] 
[algo1a-g3c-tis-l0-modal]   rotary_base ..................................... 1000000
[algo1a-g3c-tis-l0-modal] 
[algo1a-g3c-tis-l0-modal]   rotary_base_per_layer ........................... None
[algo1a-g3c-tis-l0-modal] 
[algo1a-g3c-tis-l0-modal]   rotary_interleaved .............................. False
[algo1a-g3c-tis-l0-modal] 
[algo1a-g3c-tis-l0-modal]   rotary_percent .................................. 1.0
[algo1a-g3c-tis-l0-modal] 
[algo1a-g3c-tis-l0-modal]   rotary_scaling_factor ........................... 1.0
[algo1a-g3c-tis-l0-modal] 
[algo1a-g3c-tis-l0-modal]   rotary_seq_len_interpolation_factor ............. None
[algo1a-g3c-tis-l0-modal] 
[algo1a-g3c-tis-l0-modal]   router_allow_requests_without_routing_key ....... False
[algo1a-g3c-tis-l0-modal] 
[algo1a-g3c-tis-l0-modal]   router_api_key .................................. None
[algo1a-g3c-tis-l0-modal] 
[algo1a-g3c-tis-l0-modal]   router_assignment_mode .......................... random
[algo1a-g3c-tis-l0-modal] 
[algo1a-g3c-tis-l0-modal]   router_backend .................................. sglang
[algo1a-g3c-tis-l0-modal] 
[algo1a-g3c-tis-l0-modal]   router_balance_abs_threshold .................... 64
[algo1a-g3c-tis-l0-modal] 
[algo1a-g3c-tis-l0-modal]   router_balance_rel_threshold .................... 1.5
[algo1a-g3c-tis-l0-modal] 
[algo1a-g3c-tis-l0-modal]   router_bucket_adjust_interval_secs .............. 5
[algo1a-g3c-tis-l0-modal] 
[algo1a-g3c-tis-l0-modal]   router_ca_cert_paths ............................ []
[algo1a-g3c-tis-l0-modal] 
[algo1a-g3c-tis-l0-modal]   router_cache_threshold .......................... 0.3
[algo1a-g3c-tis-l0-modal] 
[algo1a-g3c-tis-l0-modal]   router_cb_failure_threshold ..................... 10
[algo1a-g3c-tis-l0-modal] 
[algo1a-g3c-tis-l0-modal]   router_cb_success_threshold ..................... 3
[algo1a-g3c-tis-l0-modal] 
[algo1a-g3c-tis-l0-modal]   router_cb_timeout_duration_secs ................. 60
[algo1a-g3c-tis-l0-modal] 
[algo1a-g3c-tis-l0-modal]   router_cb_window_duration_secs .................. 120
[algo1a-g3c-tis-l0-modal] 
[algo1a-g3c-tis-l0-modal]   router_chat_template ............................ None
[algo1a-g3c-tis-l0-modal] 
[algo1a-g3c-tis-l0-modal]   router_client_cert_path ......................... None
[algo1a-g3c-tis-l0-modal] 
[algo1a-g3c-tis-l0-modal]   router_client_key_path .......................... None
[algo1a-g3c-tis-l0-modal] 
[algo1a-g3c-tis-l0-modal]   router_control_plane_api_keys ................... []
[algo1a-g3c-tis-l0-modal] 
[algo1a-g3c-tis-l0-modal]   router_control_plane_audit_enabled .............. False
[algo1a-g3c-tis-l0-modal] 
[algo1a-g3c-tis-l0-modal]   router_cors_allowed_origins ..................... []
[algo1a-g3c-tis-l0-modal] 
[algo1a-g3c-tis-l0-modal]   router_decode ................................... None
[algo1a-g3c-tis-l0-modal] 
[algo1a-g3c-tis-l0-modal]   router_decode_policy ............................ None
[algo1a-g3c-tis-l0-modal] 
[algo1a-g3c-tis-l0-modal]   router_decode_selector .......................... {}
[algo1a-g3c-tis-l0-modal] 
[algo1a-g3c-tis-l0-modal]   router_disable_circuit_breaker .................. False
[algo1a-g3c-tis-l0-modal] 
[algo1a-g3c-tis-l0-modal]   router_disable_health_check ..................... False
[algo1a-g3c-tis-l0-modal] 
[algo1a-g3c-tis-l0-modal]   router_disable_retries .......................... False
[algo1a-g3c-tis-l0-modal] 
[algo1a-g3c-tis-l0-modal]   router_dp_aware ................................. False
[algo1a-g3c-tis-l0-modal] 
[algo1a-g3c-tis-l0-modal]   router_enable_igw ............................... False
[algo1a-g3c-tis-l0-modal] 
[algo1a-g3c-tis-l0-modal]   router_enable_trace ............................. False
[algo1a-g3c-tis-l0-modal] 
[algo1a-g3c-tis-l0-modal]   router_eviction_interval_secs ................... 60
[algo1a-g3c-tis-l0-modal] 
[algo1a-g3c-tis-l0-modal]   router_health_check_endpoint .................... /health
[algo1a-g3c-tis-l0-modal] 
[algo1a-g3c-tis-l0-modal]   router_health_check_interval_secs ............... 60
[algo1a-g3c-tis-l0-modal] 
[algo1a-g3c-tis-l0-modal]   router_health_check_timeout_secs ................ 5
[algo1a-g3c-tis-l0-modal] 
[algo1a-g3c-tis-l0-modal]   router_health_failure_threshold ................. 3
[algo1a-g3c-tis-l0-modal] 
[algo1a-g3c-tis-l0-modal]   router_health_success_threshold ................. 2
[algo1a-g3c-tis-l0-modal] 
[algo1a-g3c-tis-l0-modal]   router_history_backend .......................... memory
[algo1a-g3c-tis-l0-modal] 
[algo1a-g3c-tis-l0-modal]   router_json_log ................................. False
[algo1a-g3c-tis-l0-modal] 
[algo1a-g3c-tis-l0-modal]   router_jwt_audience ............................. None
[algo1a-g3c-tis-l0-modal] 
[algo1a-g3c-tis-l0-modal]   router_jwt_issuer ............................... None
[algo1a-g3c-tis-l0-modal] 
[algo1a-g3c-tis-l0-modal]   router_jwt_jwks_uri ............................. None
[algo1a-g3c-tis-l0-modal] 
[algo1a-g3c-tis-l0-modal]   router_jwt_role_mapping ......................... []
[algo1a-g3c-tis-l0-modal] 
[algo1a-g3c-tis-l0-modal]   router_log_dir .................................. None
[algo1a-g3c-tis-l0-modal] 
[algo1a-g3c-tis-l0-modal]   router_log_level ................................ info
[algo1a-g3c-tis-l0-modal] 
[algo1a-g3c-tis-l0-modal]   router_max_concurrent_requests .................. -1
[algo1a-g3c-tis-l0-modal] 
[algo1a-g3c-tis-l0-modal]   router_max_idle_secs ............................ 14400
[algo1a-g3c-tis-l0-modal] 
[algo1a-g3c-tis-l0-modal]   router_max_payload_size ......................... 536870912
[algo1a-g3c-tis-l0-modal] 
[algo1a-g3c-tis-l0-modal]   router_max_tree_size ............................ 67108864
  router_mcp_config_path .......................... None
  router_mini_lb .................................. False
  router_model_path ............................... None
  router_oracle_connect_descriptor ................ None
  router_oracle_password .......................... None
  router_oracle_pool_max .......................... 16
  router_oracle_pool_min .......................... 1
  router_oracle_pool_timeout_secs ................. 30
  router_oracle_tns_alias ......................... None
  router_oracle_username .......................... None
  router_oracle_wallet_path ....................... None
  router_otlp_traces_endpoint ..................... localhost:4317
  router_pd_disaggregation ........................ False
  router_policy ................................... cache_aware
  router_postgres_db_url .......................... None
  router_postgres_pool_max ........................ 16
  router_prefill .................................. None
  router_prefill_policy ........................... None
  router_prefill_selector ......................... {}
  router_prometheus_duration_buckets .............. None
  router_prometheus_host .......................... 0.0.0.0
  router_prometheus_port .......................... 29000
  router_queue_size ............................... 100
  router_queue_timeout_secs ....................... 60
  router_rate_limit_tokens_per_second ............. None
  router_reasoning_parser ......................... None
  router_redis_pool_max ........................... 16
  router_redis_retention_days ..................... 30
  router_redis_url ................................ None
  router_request_id_headers ....................... None
  router_request_timeout_secs ..................... 1800
  router_retry_backoff_multiplier ................. 1.5
  router_retry_initial_backoff_ms ................. 50
  router_retry_jitter_factor ...................... 0.2
  router_retry_max_backoff_ms ..................... 30000
  router_retry_max_retries ........................ 5
  router_selector ................................. {}
  router_service_discovery ........................ False
  router_service_discovery_namespace .............. None
  router_service_discovery_port ................... 80
  router_shutdown_grace_period_secs ............... 180
  router_test_external_dp_routing ................. False
  router_tls_cert_path ............................ None
  router_tls_key_path ............................. None
  router_tokenizer_cache_enable_l0 ................ False
  router_tokenizer_cache_enable_l1 ................ False
  router_tokenizer_cache_l0_max_entries ........... 10000
  router_tokenizer_cache_l1_max_memory ............ 52428800
  router_tokenizer_path ........................... None
[algo1a-g3c-tis-l0-modal] 
[algo1a-g3c-tis-l0-modal]   router_tool_call_parser ......................... None
[algo1a-g3c-tis-l0-modal] 
[algo1a-g3c-tis-l0-modal]   router_worker_startup_check_interval ............ 30
[algo1a-g3c-tis-l0-modal] 
[algo1a-g3c-tis-l0-modal]   router_worker_startup_timeout_secs .............. 1800
[algo1a-g3c-tis-l0-modal] 
[algo1a-g3c-tis-l0-modal]   run_uuid ........................................ 4528a74a27cf4bae
[algo1a-g3c-tis-l0-modal] 
[algo1a-g3c-tis-l0-modal]   run_workload_inspector_server ................... False
[algo1a-g3c-tis-l0-modal] 
[algo1a-g3c-tis-l0-modal]   sample_rate ..................................... 1.0
[algo1a-g3c-tis-l0-modal] 
[algo1a-g3c-tis-l0-modal]   save ............................................ None
[algo1a-g3c-tis-l0-modal] 
[algo1a-g3c-tis-l0-modal]   save_activations_interval ....................... None
[algo1a-g3c-tis-l0-modal] 
[algo1a-g3c-tis-l0-modal]   save_debug_event_data ........................... None
[algo1a-g3c-tis-l0-modal] 
[algo1a-g3c-tis-l0-modal]   save_debug_rollout_data ......................... None
[algo1a-g3c-tis-l0-modal] 
[algo1a-g3c-tis-l0-modal]   save_debug_train_data ........................... None
[algo1a-g3c-tis-l0-modal] 
[algo1a-g3c-tis-l0-modal]   save_debug_trajectory_data ...................... None
[algo1a-g3c-tis-l0-modal] 
[algo1a-g3c-tis-l0-modal]   save_dgrads_interval ............................ None
[algo1a-g3c-tis-l0-modal]   save_hf ......................................... None
[algo1a-g3c-tis-l0-modal] 
[algo1a-g3c-tis-l0-modal]   save_interval ................................... None
[algo1a-g3c-tis-l0-modal] 
[algo1a-g3c-tis-l0-modal]   save_local_weight_checksum ...................... False
[algo1a-g3c-tis-l0-modal] 
[algo1a-g3c-tis-l0-modal]   save_params_interval ............................ None
[algo1a-g3c-tis-l0-modal] 
[algo1a-g3c-tis-l0-modal]   save_retain_interval ............................ None
[algo1a-g3c-tis-l0-modal] 
[algo1a-g3c-tis-l0-modal]   save_tokens_per_expert_interval ................. None
[algo1a-g3c-tis-l0-modal] 
[algo1a-g3c-tis-l0-modal]   save_trigger_sentinel ........................... None
[algo1a-g3c-tis-l0-modal] 
[algo1a-g3c-tis-l0-modal]   save_wgrads_interval ............................ None
[algo1a-g3c-tis-l0-modal] 
[algo1a-g3c-tis-l0-modal]   seed ............................................ 17
[algo1a-g3c-tis-l0-modal] 
[algo1a-g3c-tis-l0-modal]   seq_length ...................................... 1024
[algo1a-g3c-tis-l0-modal] 
[algo1a-g3c-tis-l0-modal]   sequence_packing_scheduler ...................... None
[algo1a-g3c-tis-l0-modal] 
[algo1a-g3c-tis-l0-modal]   sequence_parallel ............................... False
[algo1a-g3c-tis-l0-modal] 
[algo1a-g3c-tis-l0-modal]   session_message_matcher ......................... strict
[algo1a-g3c-tis-l0-modal] 
[algo1a-g3c-tis-l0-modal]   session_sample_picker_path ...................... miles.rollout.session.v2.picker_hub.drop_same_prompt_retries
[algo1a-g3c-tis-l0-modal] 
[algo1a-g3c-tis-l0-modal]   session_sample_postprocessor_path ............... miles.rollout.session.v2.postprocessor_hub.default_postprocess
[algo1a-g3c-tis-l0-modal] 
[algo1a-g3c-tis-l0-modal]   session_server_external_host .................... None
[algo1a-g3c-tis-l0-modal] 
[algo1a-g3c-tis-l0-modal]   session_server_ip ............................... None
[algo1a-g3c-tis-l0-modal] 
[algo1a-g3c-tis-l0-modal]   session_server_port ............................. None
[algo1a-g3c-tis-l0-modal] 
[algo1a-g3c-tis-l0-modal]   session_server_workers .......................... 32
[algo1a-g3c-tis-l0-modal] 
[algo1a-g3c-tis-l0-modal]   sft ............................................. False
[algo1a-g3c-tis-l0-modal] 
[algo1a-g3c-tis-l0-modal]   sft_mock_dataset_config_json .................... None
[algo1a-g3c-tis-l0-modal] 
[algo1a-g3c-tis-l0-modal]   sft_tokenizer_prompt_format ..................... nemotron-h-aligned
[algo1a-g3c-tis-l0-modal] 
[algo1a-g3c-tis-l0-modal]   sgd_momentum .................................... 0.9
[algo1a-g3c-tis-l0-modal] 
[algo1a-g3c-tis-l0-modal]   sglang_abort_on_priority_when_disabled .......... False
[algo1a-g3c-tis-l0-modal] 
[algo1a-g3c-tis-l0-modal]   sglang_admin_api_key ............................ None
[algo1a-g3c-tis-l0-modal] 
[algo1a-g3c-tis-l0-modal]   sglang_allow_auto_truncate ...................... False
[algo1a-g3c-tis-l0-modal] 
[algo1a-g3c-tis-l0-modal]   sglang_allowed_media_domains .................... []
[algo1a-g3c-tis-l0-modal] 
[algo1a-g3c-tis-l0-modal]   sglang_api_key .................................. None
[algo1a-g3c-tis-l0-modal] 
[algo1a-g3c-tis-l0-modal]   sglang_asr_max_buffer_seconds ................... 60
[algo1a-g3c-tis-l0-modal] 
[algo1a-g3c-tis-l0-modal]   sglang_asr_max_concurrent_sessions .............. 32
[algo1a-g3c-tis-l0-modal] 
[algo1a-g3c-tis-l0-modal]   sglang_attention_backend ........................ None
[algo1a-g3c-tis-l0-modal] 
[algo1a-g3c-tis-l0-modal]   sglang_attn_cp_size ............................. 1
[algo1a-g3c-tis-l0-modal] 
[algo1a-g3c-tis-l0-modal]   sglang_batch_notify_size ........................ 16
[algo1a-g3c-tis-l0-modal] 
[algo1a-g3c-tis-l0-modal]   sglang_bf16_gemm_backend ........................ auto
[algo1a-g3c-tis-l0-modal] 
[algo1a-g3c-tis-l0-modal]   sglang_bucket_e2e_request_latency ............... None
[algo1a-g3c-tis-l0-modal] 
[algo1a-g3c-tis-l0-modal]   sglang_bucket_inter_token_latency ............... None
[algo1a-g3c-tis-l0-modal] 
[algo1a-g3c-tis-l0-modal]   sglang_bucket_time_to_first_token ............... None
[algo1a-g3c-tis-l0-modal] 
[algo1a-g3c-tis-l0-modal]   sglang_c128_page_size ........................... 16
[algo1a-g3c-tis-l0-modal] 
[algo1a-g3c-tis-l1-modal] [36m(pid=2295)[0m WARNING:miles_plugins.models.qwen3_vl:megatron-bridge Qwen3VLModel lacks native CP-local vision-embed selection; CP runs with vision tokens will mis-place vision embeddings. Apply the matching Megatron-Bridge patch (radixark/Megatron-Bridge PR #9).
[algo1a-g3c-tis-l1-modal] 
[algo1a-g3c-tis-l0-modal]   sglang_chat_template ............................ None
[algo1a-g3c-tis-l0-modal] 
[algo1a-g3c-tis-l0-modal]   sglang_checkpoint_engine_wait_weights_before_ready  False
[algo1a-g3c-tis-l0-modal] 
[algo1a-g3c-tis-l0-modal]   sglang_chunked_prefill_size ..................... None
[algo1a-g3c-tis-l0-modal] 
[algo1a-g3c-tis-l0-modal]   sglang_completion_template ...................... None
[algo1a-g3c-tis-l0-modal] 
[algo1a-g3c-tis-l0-modal]   sglang_config ................................... None
[algo1a-g3c-tis-l0-modal] 
[algo1a-g3c-tis-l0-modal]   sglang_constrained_json_disable_any_whitespace .. False
[algo1a-g3c-tis-l0-modal] 
[algo1a-g3c-tis-l0-modal]   sglang_constrained_json_whitespace_pattern ...... None
[algo1a-g3c-tis-l0-modal] 
[algo1a-g3c-tis-l0-modal]   sglang_context_length ........................... None
[algo1a-g3c-tis-l0-modal] 
[algo1a-g3c-tis-l0-modal]   sglang_cp_strategy .............................. None
[algo1a-g3c-tis-l0-modal] 
[algo1a-g3c-tis-l0-modal]   sglang_cpu_offload_gb ........................... 0
[algo1a-g3c-tis-l0-modal] 
[algo1a-g3c-tis-l0-modal]   sglang_crash_dump_folder ........................ None
[algo1a-g3c-tis-l0-modal] 
[algo1a-g3c-tis-l0-modal]   sglang_cuda_graph_backend_decode ................ None
[algo1a-g3c-tis-l0-modal] 
[algo1a-g3c-tis-l0-modal]   sglang_cuda_graph_backend_prefill ............... disabled
[algo1a-g3c-tis-l0-modal] 
[algo1a-g3c-tis-l0-modal]   sglang_cuda_graph_bs_decode ..................... None
[algo1a-g3c-tis-l0-modal] 
[algo1a-g3c-tis-l0-modal]   sglang_cuda_graph_bs_prefill .................... None
[algo1a-g3c-tis-l0-modal] 
[algo1a-g3c-tis-l0-modal]   sglang_cuda_graph_config ........................ None
[algo1a-g3c-tis-l0-modal] 
[algo1a-g3c-tis-l0-modal]   sglang_cuda_graph_max_bs_decode ................. None
[algo1a-g3c-tis-l0-modal] 
[algo1a-g3c-tis-l0-modal]   sglang_cuda_graph_max_bs_prefill ................ None
[algo1a-g3c-tis-l0-modal] 
[algo1a-g3c-tis-l0-modal]   sglang_cuda_graph_tc_compiler ................... None
[algo1a-g3c-tis-l0-modal] 
[algo1a-g3c-tis-l0-modal]   sglang_custom_pull_weights_pre_read_hook ........ None
[algo1a-g3c-tis-l0-modal] 
[algo1a-g3c-tis-l0-modal]   sglang_custom_weight_loader ..................... None
[algo1a-g3c-tis-l0-modal] 
[algo1a-g3c-tis-l0-modal]   sglang_dcp_comm_backend ......................... None
[algo1a-g3c-tis-l0-modal] 
[algo1a-g3c-tis-l0-modal]   sglang_dcp_replicate_q_proj ..................... None
[algo1a-g3c-tis-l0-modal] 
[algo1a-g3c-tis-l0-modal]   sglang_dcp_size ................................. 1
[algo1a-g3c-tis-l0-modal] 
[algo1a-g3c-tis-l0-modal]   sglang_debug_cuda_graph ......................... False
[algo1a-g3c-tis-l0-modal] 
[algo1a-g3c-tis-l0-modal]   sglang_debug_tensor_dump_input_file ............. None
[algo1a-g3c-tis-l0-modal] 
[algo1a-g3c-tis-l0-modal]   sglang_debug_tensor_dump_layers ................. None
[algo1a-g3c-tis-l0-modal] 
[algo1a-g3c-tis-l0-modal]   sglang_debug_tensor_dump_output_folder .......... None
[algo1a-g3c-tis-l0-modal] 
[algo1a-g3c-tis-l0-modal]   sglang_decode_attention_backend ................. None
[algo1a-g3c-tis-l0-modal] 
[algo1a-g3c-tis-l0-modal]   sglang_decode_log_interval ...................... 40
[algo1a-g3c-tis-l0-modal] 
[algo1a-g3c-tis-l0-modal]   sglang_decoupled_spec_bind_endpoint ............. None
[algo1a-g3c-tis-l0-modal] 
[algo1a-g3c-tis-l0-modal]   sglang_decoupled_spec_connect_endpoints ......... None
[algo1a-g3c-tis-l0-modal] 
[algo1a-g3c-tis-l0-modal]   sglang_decoupled_spec_rank ...................... None
[algo1a-g3c-tis-l0-modal] 
[algo1a-g3c-tis-l0-modal]   sglang_decoupled_spec_role ...................... null
[algo1a-g3c-tis-l0-modal] 
[algo1a-g3c-tis-l0-modal]   sglang_decrypted_config_file .................... None
[algo1a-g3c-tis-l0-modal] 
[algo1a-g3c-tis-l0-modal]   sglang_decrypted_draft_config_file .............. None
[algo1a-g3c-tis-l0-modal] 
[algo1a-g3c-tis-l0-modal]   sglang_deepep_config ............................ None
[algo1a-g3c-tis-l0-modal] 
[algo1a-g3c-tis-l0-modal]   sglang_deepep_dispatcher_output_dtype ........... auto
[algo1a-g3c-tis-l0-modal] 
[algo1a-g3c-tis-l0-modal]   sglang_deepep_mode .............................. auto
[algo1a-g3c-tis-l0-modal] 
[algo1a-g3c-tis-l0-modal]   sglang_deepep_v2_mode ........................... direct
[algo1a-g3c-tis-l0-modal] 
[algo1a-g3c-tis-l0-modal]   sglang_default_chat_template_kwargs ............. None
[algo1a-g3c-tis-l0-modal] 
[algo1a-g3c-tis-l0-modal]   sglang_default_priority_value ................... None
[algo1a-g3c-tis-l0-modal] 
[algo1a-g3c-tis-l0-modal]   sglang_delete_ckpt_after_loading ................ False
[algo1a-g3c-tis-l0-modal] 
[algo1a-g3c-tis-l0-modal]   sglang_detokenizer_worker_num ................... 1
[algo1a-g3c-tis-l0-modal] 
[algo1a-g3c-tis-l0-modal]   sglang_device ................................... None
[algo1a-g3c-tis-l0-modal] 
[algo1a-g3c-tis-l0-modal]   sglang_disable_attn_tp_gather ................... False
[algo1a-g3c-tis-l0-modal] 
[algo1a-g3c-tis-l0-modal]   sglang_disable_chunked_prefix_cache ............. False
[algo1a-g3c-tis-l0-modal] 
[algo1a-g3c-tis-l0-modal]   sglang_disable_cuda_graph ....................... False
[algo1a-g3c-tis-l0-modal] 
[algo1a-g3c-tis-l0-modal]   sglang_disable_cuda_graph_padding ............... False
[algo1a-g3c-tis-l0-modal] 
[algo1a-g3c-tis-l0-modal]   sglang_disable_custom_all_reduce ................ False
[algo1a-g3c-tis-l0-modal] 
[algo1a-g3c-tis-l0-modal]   sglang_disable_decode_cuda_graph ................ False
[algo1a-g3c-tis-l0-modal] 
[algo1a-g3c-tis-l0-modal]   sglang_disable_draft_cuda_graph ................. False
[algo1a-g3c-tis-l0-modal] 
[algo1a-g3c-tis-l0-modal]   sglang_disable_fast_image_processor ............. False
[algo1a-g3c-tis-l0-modal] 
[algo1a-g3c-tis-l0-modal]   sglang_disable_flashinfer_autotune .............. False
[algo1a-g3c-tis-l0-modal] 
[algo1a-g3c-tis-l0-modal]   sglang_disable_flashinfer_cutlass_moe_fp4_allgather  False
[algo1a-g3c-tis-l0-modal] 
[algo1a-g3c-tis-l0-modal]   sglang_disable_hybrid_swa_memory ................ False
[algo1a-g3c-tis-l0-modal] 
[algo1a-g3c-tis-l0-modal]   sglang_disable_outlines_disk_cache .............. False
[algo1a-g3c-tis-l0-modal] 
[algo1a-g3c-tis-l0-modal]   sglang_disable_overlap_schedule ................. False
[algo1a-g3c-tis-l0-modal] 
[algo1a-g3c-tis-l0-modal]   sglang_disable_prefill_cuda_graph ............... False
[algo1a-g3c-tis-l0-modal] 
  sglang_disable_priority_preemption .............. False
  sglang_disable_radix_cache ...................... False
[algo1a-g3c-tis-l0-modal]   sglang_disable_shared_experts_fusion ............ False
[algo1a-g3c-tis-l0-modal] 
[algo1a-g3c-tis-l0-modal]   sglang_disable_tokenizer_batch_decode ........... False
[algo1a-g3c-tis-l0-modal] 
[algo1a-g3c-tis-l0-modal]   sglang_disaggregation_bootstrap_port ............ 8998
[algo1a-g3c-tis-l0-modal] 
[algo1a-g3c-tis-l0-modal]   sglang_disaggregation_decode_enable_offload_kvcache  False
[algo1a-g3c-tis-l0-modal] 
[algo1a-g3c-tis-l0-modal]   sglang_disaggregation_decode_enable_radix_cache . False
[algo1a-g3c-tis-l0-modal] 
[algo1a-g3c-tis-l0-modal]   sglang_disaggregation_decode_extra_slots ........ None
[algo1a-g3c-tis-l0-modal] 
[algo1a-g3c-tis-l0-modal]   sglang_disaggregation_decode_polling_interval ... 1
[algo1a-g3c-tis-l0-modal] 
[algo1a-g3c-tis-l0-modal]   sglang_disaggregation_decode_retraction_backup .. None
[algo1a-g3c-tis-l0-modal]   sglang_disaggregation_ib_device ................. None
[algo1a-g3c-tis-l0-modal] 
  sglang_disaggregation_mode ...................... null
[algo1a-g3c-tis-l0-modal]   sglang_disaggregation_transfer_backend .......... mooncake
[algo1a-g3c-tis-l0-modal] 
[algo1a-g3c-tis-l0-modal]   sglang_dist_timeout ............................. None
[algo1a-g3c-tis-l0-modal] 
[algo1a-g3c-tis-l0-modal]   sglang_dllm_algorithm ........................... None
  sglang_dllm_algorithm_config .................... None
  sglang_dllm_fdfo ................................ True
[algo1a-g3c-tis-l0-modal]   sglang_download_dir ............................. None
[algo1a-g3c-tis-l0-modal]   sglang_dp_size .................................. 1
[algo1a-g3c-tis-l0-modal]   sglang_dsa_decode_backend ....................... None
[algo1a-g3c-tis-l0-modal] 
[algo1a-g3c-tis-l0-modal]   sglang_dsa_paged_mqa_logits_backend ............. auto
[algo1a-g3c-tis-l0-modal]   sglang_dsa_prefill_backend ...................... None
  sglang_dsa_topk_backend ......................... sgl-kernel
[algo1a-g3c-tis-l0-modal]   sglang_dsv4_attn_backend ........................ auto
[algo1a-g3c-tis-l0-modal] 
[algo1a-g3c-tis-l0-modal]   sglang_dsv4_prefill_backend ..................... auto
[algo1a-g3c-tis-l0-modal] 
[algo1a-g3c-tis-l0-modal]   sglang_dtype .................................... auto
[algo1a-g3c-tis-l0-modal] 
[algo1a-g3c-tis-l0-modal]   sglang_dwdp_size ................................ 1
[algo1a-g3c-tis-l0-modal] 
[algo1a-g3c-tis-l0-modal]   sglang_dynamic_batch_tokenizer_batch_size ....... 32
[algo1a-g3c-tis-l0-modal] 
  sglang_dynamic_batch_tokenizer_batch_timeout .... 0.002
[algo1a-g3c-tis-l0-modal] 
[algo1a-g3c-tis-l0-modal]   sglang_elastic_ep_backend ....................... None
[algo1a-g3c-tis-l0-modal] 
[algo1a-g3c-tis-l0-modal]   sglang_elastic_ep_initial_size .................. None
[algo1a-g3c-tis-l0-modal] 
[algo1a-g3c-tis-l0-modal]   sglang_elastic_ep_rejoin ........................ False
[algo1a-g3c-tis-l0-modal] 
[algo1a-g3c-tis-l0-modal]   sglang_elastic_ep_scale_timeout ................. 600
[algo1a-g3c-tis-l0-modal] 
[algo1a-g3c-tis-l0-modal]   sglang_enable_adaptive_dispatch_to_encoder ...... False
[algo1a-g3c-tis-l0-modal] 
[algo1a-g3c-tis-l0-modal]   sglang_enable_aiter_allreduce_fusion ............ False
[algo1a-g3c-tis-l0-modal] 
[algo1a-g3c-tis-l0-modal]   sglang_enable_attn_tp_input_scattered ........... False
[algo1a-g3c-tis-l0-modal] 
[algo1a-g3c-tis-l0-modal]   sglang_enable_broadcast_mm_inputs_process ....... False
[algo1a-g3c-tis-l0-modal] 
[algo1a-g3c-tis-l0-modal]   sglang_enable_cache_report ...................... False
[algo1a-g3c-tis-l0-modal] 
[algo1a-g3c-tis-l0-modal]   sglang_enable_cp_decode_attn_tp ................. False
[algo1a-g3c-tis-l0-modal] 
[algo1a-g3c-tis-l0-modal]   sglang_enable_cudagraph_gc ...................... False
[algo1a-g3c-tis-l0-modal] 
[algo1a-g3c-tis-l0-modal]   sglang_enable_custom_logit_processor ............ False
[algo1a-g3c-tis-l0-modal] 
[algo1a-g3c-tis-l0-modal]   sglang_enable_deepseek_v4_fp4_indexer ........... False
[algo1a-g3c-tis-l0-modal] 
[algo1a-g3c-tis-l0-modal]   sglang_enable_dense_mlp_attn_tp ................. False
[algo1a-g3c-tis-l0-modal] 
[algo1a-g3c-tis-l0-modal]   sglang_enable_deterministic_inference ........... True
[algo1a-g3c-tis-l0-modal] 
[algo1a-g3c-tis-l0-modal]   sglang_enable_dp_attention ...................... False
[algo1a-g3c-tis-l0-modal] 
[algo1a-g3c-tis-l0-modal]   sglang_enable_dp_attention_local_control_broadcast  False
[algo1a-g3c-tis-l0-modal] 
[algo1a-g3c-tis-l0-modal]   sglang_enable_dp_lm_head ........................ False
[algo1a-g3c-tis-l0-modal] 
[algo1a-g3c-tis-l0-modal]   sglang_enable_draft_weights_cpu_backup .......... False
[algo1a-g3c-tis-l0-modal] 
[algo1a-g3c-tis-l0-modal]   sglang_enable_dsa_cache_layer_split ............. False
[algo1a-g3c-tis-l0-modal] 
[algo1a-g3c-tis-l0-modal]   sglang_enable_dynamic_batch_tokenizer ........... False
[algo1a-g3c-tis-l0-modal] 
[algo1a-g3c-tis-l0-modal]   sglang_enable_dynamic_chunking .................. False
[algo1a-g3c-tis-l0-modal] 
[algo1a-g3c-tis-l0-modal]   sglang_enable_elastic_expert_backup ............. False
[algo1a-g3c-tis-l0-modal] 
[algo1a-g3c-tis-l0-modal]   sglang_enable_engine_info_bootstrap ............. False
[algo1a-g3c-tis-l0-modal] 
[algo1a-g3c-tis-l0-modal]   sglang_enable_eplb .............................. False
[algo1a-g3c-tis-l0-modal] 
[algo1a-g3c-tis-l0-modal]   sglang_enable_flashinfer_allreduce_fusion ....... False
[algo1a-g3c-tis-l0-modal] 
[algo1a-g3c-tis-l0-modal]   sglang_enable_flexkv ............................ False
[algo1a-g3c-tis-l0-modal] 
[algo1a-g3c-tis-l0-modal]   sglang_enable_forward_pass_metrics .............. False
[algo1a-g3c-tis-l0-modal] 
[algo1a-g3c-tis-l0-modal]   sglang_enable_fp32_lm_head ...................... False
[algo1a-g3c-tis-l0-modal] 
[algo1a-g3c-tis-l0-modal]   sglang_enable_fused_moe_sum_all_reduce .......... False
[algo1a-g3c-tis-l0-modal] 
[algo1a-g3c-tis-l0-modal]   sglang_enable_fused_qk_norm_rope ................ False
[algo1a-g3c-tis-l0-modal] 
[algo1a-g3c-tis-l0-modal]   sglang_enable_hierarchical_cache ................ False
[algo1a-g3c-tis-l0-modal]   sglang_enable_hisparse .......................... False
[algo1a-g3c-tis-l0-modal] 
[algo1a-g3c-tis-l0-modal]   sglang_enable_http2 ............................. False
[algo1a-g3c-tis-l0-modal] 
  sglang_enable_int8_mamba_checkpoint ............. False
[algo1a-g3c-tis-l0-modal] 
  sglang_enable_layernorm_sp ...................... False
[algo1a-g3c-tis-l0-modal] 
[algo1a-g3c-tis-l0-modal]   sglang_enable_layerwise_nvtx_marker ............. False
[algo1a-g3c-tis-l0-modal] 
  sglang_enable_lean_attention .................... None
[algo1a-g3c-tis-l0-modal] 
[algo1a-g3c-tis-l0-modal]   sglang_enable_linear_replayssm .................. False
[algo1a-g3c-tis-l0-modal] 
[algo1a-g3c-tis-l0-modal]   sglang_enable_linear_replayssm_spec ............. False
[algo1a-g3c-tis-l0-modal] 
[algo1a-g3c-tis-l0-modal]   sglang_enable_lmcache ........................... False
[algo1a-g3c-tis-l0-modal] 
[algo1a-g3c-tis-l0-modal]   sglang_enable_lora .............................. None
[algo1a-g3c-tis-l0-modal] 
[algo1a-g3c-tis-l0-modal]   sglang_enable_lora_overlap_loading .............. None
[algo1a-g3c-tis-l0-modal] 
[algo1a-g3c-tis-l0-modal]   sglang_enable_mamba_cache_stochastic_rounding ... False
[algo1a-g3c-tis-l0-modal] 
[algo1a-g3c-tis-l0-modal]   sglang_enable_metrics ........................... False
[algo1a-g3c-tis-l0-modal] 
[algo1a-g3c-tis-l0-modal]   sglang_enable_metrics_for_all_schedulers ........ False
[algo1a-g3c-tis-l0-modal] 
[algo1a-g3c-tis-l0-modal]   sglang_enable_mfu_metrics ....................... False
[algo1a-g3c-tis-l0-modal] 
[algo1a-g3c-tis-l0-modal]   sglang_enable_mis ............................... False
[algo1a-g3c-tis-l0-modal] 
[algo1a-g3c-tis-l0-modal]   sglang_enable_mixed_chunk ....................... False
[algo1a-g3c-tis-l0-modal] 
[algo1a-g3c-tis-l0-modal]   sglang_enable_mm_global_cache ................... False
[algo1a-g3c-tis-l0-modal] 
[algo1a-g3c-tis-l0-modal]   sglang_enable_mscclpp ........................... False
[algo1a-g3c-tis-l0-modal] 
[algo1a-g3c-tis-l0-modal]   sglang_enable_multi_layer_eagle ................. False
[algo1a-g3c-tis-l0-modal] 
[algo1a-g3c-tis-l0-modal]   sglang_enable_multimodal ........................ None
[algo1a-g3c-tis-l0-modal] 
[algo1a-g3c-tis-l0-modal]   sglang_enable_nccl_nvls ......................... False
[algo1a-g3c-tis-l0-modal] 
[algo1a-g3c-tis-l0-modal]   sglang_enable_p2p_check ......................... False
[algo1a-g3c-tis-l0-modal] 
[algo1a-g3c-tis-l0-modal]   sglang_enable_page_major_kv_layout .............. False
[algo1a-g3c-tis-l0-modal] 
[algo1a-g3c-tis-l0-modal]   sglang_enable_pdmux ............................. False
[algo1a-g3c-tis-l0-modal] 
[algo1a-g3c-tis-l0-modal]   sglang_enable_precise_embedding_interpolation ... False
[algo1a-g3c-tis-l0-modal] 
[algo1a-g3c-tis-l0-modal]   sglang_enable_prefill_cp ........................ False
[algo1a-g3c-tis-l0-modal] 
[algo1a-g3c-tis-l0-modal]   sglang_enable_prefill_delayer ................... False
[algo1a-g3c-tis-l0-modal] 
[algo1a-g3c-tis-l0-modal]   sglang_enable_prefill_only_deterministic_inference  False
[algo1a-g3c-tis-l0-modal] 
[algo1a-g3c-tis-l0-modal]   sglang_enable_prefix_mm_cache ................... False
[algo1a-g3c-tis-l0-modal] 
[algo1a-g3c-tis-l0-modal]   sglang_enable_priority_scheduling ............... False
[algo1a-g3c-tis-l0-modal] 
[algo1a-g3c-tis-l0-modal]   sglang_enable_profile_cuda_graph ................ False
[algo1a-g3c-tis-l0-modal] 
[algo1a-g3c-tis-l0-modal]   sglang_enable_quant_communications .............. False
[algo1a-g3c-tis-l0-modal] 
[algo1a-g3c-tis-l0-modal]   sglang_enable_rdt_weight_sync ................... False
[algo1a-g3c-tis-l0-modal] 
[algo1a-g3c-tis-l0-modal]   sglang_enable_request_time_stats_logging ........ False
[algo1a-g3c-tis-l0-modal] 
[algo1a-g3c-tis-l0-modal]   sglang_enable_response_store .................... False
[algo1a-g3c-tis-l0-modal] 
  sglang_enable_return_hidden_states .............. False
  sglang_enable_scattered_sconv ................... False
  sglang_enable_session_radix_cache ............... False
  sglang_enable_shared_experts_attn_tp ............ False
  sglang_enable_single_batch_overlap .............. False
  sglang_enable_ssl_refresh ....................... False
  sglang_enable_streaming_session ................. False
  sglang_enable_strict_thinking ................... False
  sglang_enable_symm_mem .......................... False
  sglang_enable_tf32_matmul ....................... False
  sglang_enable_tokenizer_batch_encode ............ False
  sglang_enable_torch_compile ..................... False
  sglang_enable_torch_compile_debug_mode .......... False
  sglang_enable_torch_symm_mem .................... False
  sglang_enable_tp_lm_head_all_to_all ............. None
  sglang_enable_trace ............................. False
  sglang_enable_two_batch_overlap ................. False
  sglang_enable_unified_cache_external_linker ..... False
  sglang_enable_unified_memory .................... False
  sglang_enable_w4a4_mxfp4_megamoe ................ False
  sglang_enable_waterfill ......................... False
  sglang_enable_weights_cpu_backup ................ False
  sglang_enable_weights_disk_backup ............... False
  sglang_encoder_bootstrap_port ................... 8997
  sglang_encoder_only ............................. False
  sglang_encoder_register_urls .................... []
  sglang_encoder_transfer_backend ................. auto
  sglang_encoder_urls ............................. []
  sglang_enforce_disable_flashinfer_allreduce_fusion  False
  sglang_enforce_shared_experts_fusion ............ False
  sglang_engine_info_bootstrap_port ............... 6789
  sglang_ep_dispatch_algorithm .................... None
  sglang_ep_join_mode ............................. None
  sglang_ep_join_rank_offset ...................... 0
  sglang_ep_num_redundant_experts ................. 0
  sglang_ep_size .................................. 1
  sglang_eplb_algorithm ........................... auto
  sglang_eplb_min_rebalancing_utilization_threshold  1.0
  sglang_eplb_rebalance_layers_per_chunk .......... None
  sglang_eplb_rebalance_num_iterations ............ 1000
  sglang_expert_balancedness_report_mode .......... off
  sglang_expert_distribution_recorder_buffer_size . None
  sglang_expert_distribution_recorder_mode ........ None
  sglang_experts_shared_outer_loras ............... None
  sglang_export_metrics_to_file ................... False
  sglang_export_metrics_to_file_dir ............... None
  sglang_extra_metric_labels ...................... None
  sglang_fastapi_root_path ........................ 
  sglang_file_storage_path ........................ sglang_storage
  sglang_flashinfer_a2a_dispatch_type ............. None
  sglang_flashinfer_allreduce_fusion_backend ...... None
  sglang_flashinfer_autotune_skip_ops ............. None
  sglang_flashinfer_mla_disable_ragged ............ False
  sglang_flashinfer_mxfp4_moe_precision ........... default
  sglang_flexkv_config_file ....................... None
  sglang_forward_hooks ............................ None
  sglang_forward_pass_metrics_ipc_name ............ None
  sglang_forward_pass_metrics_worker_id ........... 
  sglang_fp4_gemm_runner_backend .................. auto
  sglang_fp8_gemm_runner_backend .................. auto
  sglang_fuseep_mode .............................. 2
  sglang_gc_threshold ............................. None
  sglang_gc_warning_threshold_secs ................ 0.0
  sglang_generation_tokens_buckets ................ None
  sglang_grammar_backend .......................... None
[algo1a-g3c-tis-l0-modal] 
  sglang_grpc_mode ................................ False
[algo1a-g3c-tis-l0-modal] 
[algo1a-g3c-tis-l0-modal]   sglang_grpc_port ................................ None
[algo1a-g3c-tis-l0-modal] 
[algo1a-g3c-tis-l0-modal]   sglang_hf_chat_template_name .................... None
[algo1a-g3c-tis-l0-modal] 
[algo1a-g3c-tis-l0-modal]   sglang_hicache_host_memory_mode ................. cache
[algo1a-g3c-tis-l0-modal] 
[algo1a-g3c-tis-l0-modal]   sglang_hicache_io_backend ....................... kernel
[algo1a-g3c-tis-l0-modal] 
[algo1a-g3c-tis-l0-modal]   sglang_hicache_mem_layout ....................... page_first
[algo1a-g3c-tis-l0-modal] 
  sglang_hicache_ratio ............................ None
  sglang_hicache_size ............................. 0
  sglang_hicache_storage_backend .................. None
  sglang_hicache_storage_backend_extra_config ..... None
  sglang_hicache_storage_prefetch_policy .......... timeout
[algo1a-g3c-tis-l0-modal]   sglang_hicache_storage_prefetch_retry_max_attempts  8
[algo1a-g3c-tis-l0-modal] 
  sglang_hicache_storage_prefetch_retry_poll_interval  8
  sglang_hicache_write_policy ..................... write_through
[algo1a-g3c-tis-l0-modal]   sglang_hisparse_config .......................... None
[algo1a-g3c-tis-l0-modal] 
  sglang_host ..................................... 127.0.0.1
[algo1a-g3c-tis-l0-modal] 
[algo1a-g3c-tis-l0-modal]   sglang_http2_initial_connection_window_size ..... 1048576
[algo1a-g3c-tis-l0-modal] 
[algo1a-g3c-tis-l0-modal]   sglang_http2_max_concurrent_streams ............. 200
[algo1a-g3c-tis-l0-modal] 
[algo1a-g3c-tis-l0-modal]   sglang_image_processor_backend .................. auto
[algo1a-g3c-tis-l0-modal] 
[algo1a-g3c-tis-l0-modal]   sglang_incremental_streaming_output ............. False
[algo1a-g3c-tis-l0-modal] 
[algo1a-g3c-tis-l0-modal]   sglang_init_expert_location ..................... trivial
[algo1a-g3c-tis-l0-modal] 
[algo1a-g3c-tis-l0-modal]   sglang_int8_mamba_ckpt_size ..................... None
[algo1a-g3c-tis-l0-modal] 
[algo1a-g3c-tis-l0-modal]   sglang_is_embedding ............................. False
[algo1a-g3c-tis-l0-modal] 
[algo1a-g3c-tis-l0-modal]   sglang_json_model_override_args ................. {}
[algo1a-g3c-tis-l0-modal] 
[algo1a-g3c-tis-l0-modal]   sglang_keep_mm_feature_on_device ................ False
[algo1a-g3c-tis-l0-modal] 
[algo1a-g3c-tis-l0-modal]   sglang_kt_cpuinfer .............................. None
[algo1a-g3c-tis-l0-modal] 
[algo1a-g3c-tis-l0-modal]   sglang_kt_max_deferred_experts_per_token ........ None
[algo1a-g3c-tis-l0-modal] 
[algo1a-g3c-tis-l0-modal]   sglang_kt_method ................................ AMXINT4
[algo1a-g3c-tis-l0-modal] 
[algo1a-g3c-tis-l0-modal]   sglang_kt_num_gpu_experts ....................... None
[algo1a-g3c-tis-l0-modal] 
[algo1a-g3c-tis-l0-modal]   sglang_kt_threadpool_count ...................... 2
[algo1a-g3c-tis-l0-modal] 
[algo1a-g3c-tis-l0-modal]   sglang_kt_weight_path ........................... None
[algo1a-g3c-tis-l0-modal] 
[algo1a-g3c-tis-l0-modal]   sglang_kv_cache_dtype ........................... auto
[algo1a-g3c-tis-l0-modal] 
[algo1a-g3c-tis-l0-modal]   sglang_kv_canary ................................ none
[algo1a-g3c-tis-l0-modal] 
  sglang_kv_canary_real_data ...................... none
[algo1a-g3c-tis-l0-modal] 
[algo1a-g3c-tis-l0-modal]   sglang_kv_canary_sweep_interval ................. 0
[algo1a-g3c-tis-l0-modal] 
[algo1a-g3c-tis-l0-modal]   sglang_kv_events_config ......................... None
[algo1a-g3c-tis-l0-modal] 
[algo1a-g3c-tis-l0-modal]   sglang_language_model_only ...................... False
[algo1a-g3c-tis-l0-modal] 
[algo1a-g3c-tis-l0-modal]   sglang_language_only ............................ False
[algo1a-g3c-tis-l0-modal] 
[algo1a-g3c-tis-l0-modal]   sglang_limit_mm_data_per_request ................ None
[algo1a-g3c-tis-l0-modal] 
[algo1a-g3c-tis-l0-modal]   sglang_linear_attn_backend ...................... triton
[algo1a-g3c-tis-l0-modal] 
[algo1a-g3c-tis-l0-modal]   sglang_linear_attn_decode_backend ............... None
[algo1a-g3c-tis-l0-modal] 
[algo1a-g3c-tis-l0-modal]   sglang_linear_attn_prefill_backend .............. None
[algo1a-g3c-tis-l0-modal] 
[algo1a-g3c-tis-l0-modal]   sglang_linear_attn_verify_backend ............... None
[algo1a-g3c-tis-l0-modal] 
[algo1a-g3c-tis-l0-modal]   sglang_linear_replayssm_cache_len ............... 16
[algo1a-g3c-tis-l0-modal] 
[algo1a-g3c-tis-l0-modal]   sglang_lmcache_config_file ...................... None
[algo1a-g3c-tis-l0-modal] 
[algo1a-g3c-tis-l0-modal]   sglang_load_balance_method ...................... auto
[algo1a-g3c-tis-l0-modal] 
[algo1a-g3c-tis-l0-modal]   sglang_load_format .............................. auto
[algo1a-g3c-tis-l0-modal] 
[algo1a-g3c-tis-l0-modal]   sglang_load_publish_endpoint .................... None
[algo1a-g3c-tis-l0-modal] 
[algo1a-g3c-tis-l0-modal]   sglang_load_snapshot_publish_interval ........... 15
[algo1a-g3c-tis-l0-modal] 
[algo1a-g3c-tis-l0-modal]   sglang_log_level ................................ info
[algo1a-g3c-tis-l0-modal] 
[algo1a-g3c-tis-l0-modal]   sglang_log_level_http ........................... None
[algo1a-g3c-tis-l0-modal] 
[algo1a-g3c-tis-l0-modal]   sglang_log_requests ............................. False
[algo1a-g3c-tis-l0-modal] 
[algo1a-g3c-tis-l0-modal]   sglang_log_requests_format ...................... text
[algo1a-g3c-tis-l0-modal] 
[algo1a-g3c-tis-l0-modal]   sglang_log_requests_level ....................... 2
[algo1a-g3c-tis-l0-modal] 
[algo1a-g3c-tis-l0-modal]   sglang_log_requests_target ...................... None
[algo1a-g3c-tis-l0-modal] 
[algo1a-g3c-tis-l0-modal]   sglang_lora_backend ............................. csgmv
[algo1a-g3c-tis-l0-modal] 
[algo1a-g3c-tis-l0-modal]   sglang_lora_drain_wait_threshold ................ 0.0
[algo1a-g3c-tis-l0-modal] 
[algo1a-g3c-tis-l0-modal]   sglang_lora_eviction_policy ..................... lru
[algo1a-g3c-tis-l0-modal] 
[algo1a-g3c-tis-l0-modal]   sglang_lora_no_cpu_backup ....................... False
[algo1a-g3c-tis-l0-modal] 
[algo1a-g3c-tis-l0-modal]   sglang_lora_paths ............................... None
[algo1a-g3c-tis-l0-modal] 
[algo1a-g3c-tis-l0-modal]   sglang_lora_strict_loading ...................... False
[algo1a-g3c-tis-l0-modal] 
[algo1a-g3c-tis-l0-modal]   sglang_lora_target_modules ...................... None
[algo1a-g3c-tis-l0-modal] 
[algo1a-g3c-tis-l0-modal]   sglang_lora_use_virtual_experts ................. True
[algo1a-g3c-tis-l0-modal] 
[algo1a-g3c-tis-l0-modal]   sglang_mamba_backend ............................ triton
[algo1a-g3c-tis-l0-modal] 
[algo1a-g3c-tis-l0-modal]   sglang_mamba_cache_philox_rounds ................ 0
[algo1a-g3c-tis-l0-modal] 
[algo1a-g3c-tis-l0-modal]   sglang_mamba_full_memory_ratio .................. None
[algo1a-g3c-tis-l0-modal] 
[algo1a-g3c-tis-l0-modal]   sglang_mamba_max_states_per_path ................ -1
[algo1a-g3c-tis-l0-modal] 
  sglang_mamba_radix_cache_strategy ............... auto
[algo1a-g3c-tis-l0-modal] 
[algo1a-g3c-tis-l0-modal]   sglang_mamba_ssm_dtype .......................... None
[algo1a-g3c-tis-l0-modal]   sglang_mamba_track_interval ..................... 256
[algo1a-g3c-tis-l0-modal] 
[algo1a-g3c-tis-l0-modal]   sglang_max_ep_size .............................. None
[algo1a-g3c-tis-l0-modal] 
[algo1a-g3c-tis-l0-modal]   sglang_max_loaded_loras ......................... None
[algo1a-g3c-tis-l0-modal] 
[algo1a-g3c-tis-l0-modal]   sglang_max_lora_chunk_size ...................... 16
[algo1a-g3c-tis-l0-modal] 
[algo1a-g3c-tis-l0-modal]   sglang_max_lora_rank ............................ 16
[algo1a-g3c-tis-l0-modal] 
[algo1a-g3c-tis-l0-modal]   sglang_max_loras_per_batch ...................... 8
[algo1a-g3c-tis-l0-modal] 
[algo1a-g3c-tis-l0-modal]   sglang_max_mamba_cache_size ..................... None
[algo1a-g3c-tis-l0-modal] 
[algo1a-g3c-tis-l0-modal]   sglang_max_prefill_tokens ....................... 16384
[algo1a-g3c-tis-l0-modal] 
[algo1a-g3c-tis-l0-modal]   sglang_max_queued_requests ...................... None
[algo1a-g3c-tis-l0-modal] 
[algo1a-g3c-tis-l0-modal]   sglang_max_running_requests ..................... None
[algo1a-g3c-tis-l0-modal] 
[algo1a-g3c-tis-l0-modal]   sglang_max_total_tokens ......................... None
[algo1a-g3c-tis-l0-modal] 
[algo1a-g3c-tis-l0-modal]   sglang_media_url_max_file_size_mb ............... 64
[algo1a-g3c-tis-l0-modal] 
[algo1a-g3c-tis-l0-modal]   sglang_mem_fraction_static ...................... 0.4
[algo1a-g3c-tis-l0-modal] 
[algo1a-g3c-tis-l0-modal]   sglang_min_free_slots_delay ..................... None
[algo1a-g3c-tis-l0-modal] 
[algo1a-g3c-tis-l0-modal]   sglang_mlx_enable_sampling ...................... False
[algo1a-g3c-tis-l0-modal] 
[algo1a-g3c-tis-l0-modal]   sglang_mm_attention_backend ..................... None
[algo1a-g3c-tis-l0-modal] 
[algo1a-g3c-tis-l0-modal]   sglang_mm_enable_dp_encoder ..................... False
[algo1a-g3c-tis-l0-modal] 
[algo1a-g3c-tis-l0-modal]   sglang_mm_feature_transport ..................... None
[algo1a-g3c-tis-l0-modal] 
[algo1a-g3c-tis-l0-modal]   sglang_mm_global_cache_backend .................. mooncake
[algo1a-g3c-tis-l0-modal] 
[algo1a-g3c-tis-l0-modal]   sglang_mm_io_worker_num ......................... 0
[algo1a-g3c-tis-l0-modal] 
[algo1a-g3c-tis-l0-modal]   sglang_mm_preprocess_cache_size_mb .............. None
[algo1a-g3c-tis-l0-modal] 
[algo1a-g3c-tis-l0-modal]   sglang_mm_process_config ........................ None
[algo1a-g3c-tis-l0-modal] 
[algo1a-g3c-tis-l0-modal]   sglang_mm_processor_worker_num .................. 0
[algo1a-g3c-tis-l0-modal] 
[algo1a-g3c-tis-l0-modal]   sglang_model_checksum ........................... None
[algo1a-g3c-tis-l0-modal] 
[algo1a-g3c-tis-l0-modal]   sglang_model_config_parser ...................... auto
[algo1a-g3c-tis-l0-modal] 
[algo1a-g3c-tis-l0-modal]   sglang_model_impl ............................... auto
[algo1a-g3c-tis-l0-modal] 
[algo1a-g3c-tis-l0-modal]   sglang_model_loader_extra_config ................ {}
[algo1a-g3c-tis-l0-modal] 
[algo1a-g3c-tis-l0-modal]   sglang_model_routers ............................ None
[algo1a-g3c-tis-l0-modal] 
[algo1a-g3c-tis-l0-modal]   sglang_modelexpress_config ...................... None
[algo1a-g3c-tis-l0-modal] 
[algo1a-g3c-tis-l0-modal]   sglang_modelopt_checkpoint_restore_path ......... None
[algo1a-g3c-tis-l0-modal] 
[algo1a-g3c-tis-l0-modal]   sglang_modelopt_checkpoint_save_path ............ None
[algo1a-g3c-tis-l0-modal] 
[algo1a-g3c-tis-l0-modal]   sglang_modelopt_export_path ..................... None
[algo1a-g3c-tis-l0-modal] 
[algo1a-g3c-tis-l0-modal]   sglang_modelopt_quant ........................... None
[algo1a-g3c-tis-l0-modal] 
[algo1a-g3c-tis-l0-modal]   sglang_moe_a2a_backend .......................... none
[algo1a-g3c-tis-l0-modal] 
[algo1a-g3c-tis-l0-modal]   sglang_moe_dense_tp_size ........................ None
[algo1a-g3c-tis-l0-modal] 
[algo1a-g3c-tis-l0-modal]   sglang_moe_dp_size .............................. 1
[algo1a-g3c-tis-l0-modal] 
[algo1a-g3c-tis-l0-modal]   sglang_moe_runner_backend ....................... auto
[algo1a-g3c-tis-l0-modal] 
[algo1a-g3c-tis-l0-modal]   sglang_mooncake_ib_device ....................... None
[algo1a-g3c-tis-l0-modal]   sglang_msprobe_dump_config ...................... None
[algo1a-g3c-tis-l0-modal] 
[algo1a-g3c-tis-l0-modal]   sglang_num_continuous_decode_steps .............. 1
[algo1a-g3c-tis-l0-modal] 
[algo1a-g3c-tis-l0-modal]   sglang_num_reserved_decode_tokens ............... 512
[algo1a-g3c-tis-l0-modal] 
[algo1a-g3c-tis-l0-modal]   sglang_numa_node ................................ None
[algo1a-g3c-tis-l0-modal] 
[algo1a-g3c-tis-l0-modal]   sglang_offload_group_size ....................... -1
[algo1a-g3c-tis-l0-modal] 
[algo1a-g3c-tis-l0-modal]   sglang_offload_mode ............................. cpu
[algo1a-g3c-tis-l0-modal] 
[algo1a-g3c-tis-l0-modal]   sglang_offload_num_in_group ..................... 1
[algo1a-g3c-tis-l0-modal] 
  sglang_offload_prefetch_step .................... 1
  sglang_optimistic_prefill_attempts .............. 0
  sglang_otlp_traces_endpoint ..................... localhost:4317
  sglang_page_size ................................ None
  sglang_pdmux_config_path ........................ None
  sglang_ple_offload_backend ...................... pinned
  sglang_ple_offload_dir .......................... None
  sglang_ple_offload_embedding .................... None
  sglang_pp_async_batch_depth ..................... 0
  sglang_pp_max_micro_batch_size .................. None
  sglang_pp_size .................................. 1
  sglang_pre_warm_nccl ............................ False
  sglang_preferred_sampling_params ................ None
  sglang_prefill_attention_backend ................ None
  sglang_prefill_decode_interval .................. None
[algo1a-g3c-tis-l0-modal] 
[algo1a-g3c-tis-l0-modal]   sglang_prefill_delayer_forward_passes_buckets ... None
[algo1a-g3c-tis-l0-modal] 
[algo1a-g3c-tis-l0-modal]   sglang_prefill_delayer_max_delay_ms ............. None
[algo1a-g3c-tis-l0-modal] 
[algo1a-g3c-tis-l0-modal]   sglang_prefill_delayer_max_delay_passes ......... 30
[algo1a-g3c-tis-l0-modal] 
[algo1a-g3c-tis-l0-modal]   sglang_prefill_delayer_queue_min_ratio .......... None
[algo1a-g3c-tis-l0-modal] 
[algo1a-g3c-tis-l0-modal]   sglang_prefill_delayer_token_usage_low_watermark  None
[algo1a-g3c-tis-l0-modal] 
[algo1a-g3c-tis-l0-modal]   sglang_prefill_delayer_wait_seconds_buckets ..... None
[algo1a-g3c-tis-l0-modal] 
[algo1a-g3c-tis-l0-modal]   sglang_prefill_max_requests ..................... None
[algo1a-g3c-tis-l0-modal] 
[algo1a-g3c-tis-l0-modal]   sglang_prefill_only_disable_kv_cache ............ False
[algo1a-g3c-tis-l0-modal] 
[algo1a-g3c-tis-l0-modal]   sglang_priority_scheduling_preemption_threshold . 10
[algo1a-g3c-tis-l0-modal] 
  sglang_prompt_tokens_buckets .................... None
[algo1a-g3c-tis-l0-modal]   sglang_quantization ............................. None
  sglang_quantization_param_path .................. None
[algo1a-g3c-tis-l0-modal] 
[algo1a-g3c-tis-l0-modal]   sglang_quantize_and_serve ....................... False
  sglang_radix_cache_backend ...................... None
  sglang_radix_eviction_policy .................... lru
  sglang_radix_eviction_policy_config ............. None
  sglang_reasoning_parser ......................... None
  sglang_remote_instance_weight_loader_backend .... nccl
  sglang_remote_instance_weight_loader_seed_instance_ip  None
  sglang_remote_instance_weight_loader_seed_instance_service_port  None
  sglang_remote_instance_weight_loader_send_weights_group_ports  None
  sglang_remote_instance_weight_loader_start_seed_via_transfer_engine  False
  sglang_retraction_policy ........................ length
  sglang_return_hidden_states_mode ................ None
[algo1a-g3c-tis-l0-modal] 
[algo1a-g3c-tis-l0-modal]   sglang_return_input_ids ......................... False
[algo1a-g3c-tis-l0-modal] 
[algo1a-g3c-tis-l0-modal]   sglang_return_output_ids ........................ False
[algo1a-g3c-tis-l0-modal] 
[algo1a-g3c-tis-l0-modal]   sglang_revision ................................. None
  sglang_rl_on_policy_target ...................... None
[algo1a-g3c-tis-l0-modal] 
[algo1a-g3c-tis-l0-modal]   sglang_rl_quant_profile ......................... None
[algo1a-g3c-tis-l0-modal] 
[algo1a-g3c-tis-l0-modal]   sglang_router_ip ................................ None
[algo1a-g3c-tis-l0-modal] 
[algo1a-g3c-tis-l0-modal]   sglang_router_policy ............................ None
  sglang_router_port .............................. None
  sglang_router_request_timeout_secs .............. 14400
  sglang_sampling_backend ......................... None
  sglang_sampling_defaults ........................ model
  sglang_sampling_mask_max_tokens ................. 4096
  sglang_schedule_conservativeness ................ 1.0
  sglang_schedule_low_priority_values_first ....... False
  sglang_schedule_policy .......................... fcfs
  sglang_scheduler_recv_interval .................. 1
  sglang_served_model_name ........................ None
  sglang_server_concurrency ....................... 512
  sglang_show_time_cost ........................... False
  sglang_sidecar .................................. None
  sglang_sidecar_args ............................. None
  sglang_skip_tokenizer_init ...................... False
  sglang_sleep_on_idle ............................ False
  sglang_sm_group_num ............................. 8
  sglang_smg_grpc_mode ............................ False
  sglang_smg_http_sidecar_port .................... None
  sglang_soft_watchdog_timeout .................... None
  sglang_spec_trace_dir ........................... None
  sglang_speculative_accept_threshold_acc ......... 1.0
  sglang_speculative_accept_threshold_single ...... 1.0
  sglang_speculative_adaptive ..................... False
  sglang_speculative_adaptive_config .............. None
  sglang_speculative_algorithm .................... None
  sglang_speculative_attention_mode ............... prefill
  sglang_speculative_dflash_block_size ............ None
  sglang_speculative_domino_candidate_pool_size ... 2048
  sglang_speculative_draft_attention_backend ...... None
  sglang_speculative_draft_kv_cache_dtype ......... None
  sglang_speculative_draft_load_format ............ None
  sglang_speculative_draft_model_path ............. None
  sglang_speculative_draft_model_quantization ..... None
  sglang_speculative_draft_model_revision ......... None
  sglang_speculative_draft_window_size ............ None
  sglang_speculative_dsa_topk_backend ............. sgl-kernel
  sglang_speculative_dspark_align_verify_tokens_to_graph_tier  False
  sglang_speculative_dspark_block_size ............ None
  sglang_speculative_dspark_confidence_sts_path ... None
  sglang_speculative_dspark_sps_table_path ........ None
[algo1a-g3c-tis-l0-modal]   sglang_speculative_eagle_topk ................... None
[algo1a-g3c-tis-l0-modal]   sglang_speculative_moe_a2a_backend .............. None
[algo1a-g3c-tis-l0-modal] 
[algo1a-g3c-tis-l0-modal]   sglang_speculative_moe_runner_backend ........... None
[algo1a-g3c-tis-l0-modal]   sglang_speculative_ngram_capacity ............... 10000000
[algo1a-g3c-tis-l0-modal] 
[algo1a-g3c-tis-l0-modal]   sglang_speculative_ngram_external_corpus_max_tokens  10000000
[algo1a-g3c-tis-l0-modal] 
[algo1a-g3c-tis-l0-modal]   sglang_speculative_ngram_external_corpus_path ... None
[algo1a-g3c-tis-l0-modal] 
[algo1a-g3c-tis-l0-modal]   sglang_speculative_ngram_external_sam_budget .... 0
[algo1a-g3c-tis-l0-modal] 
  sglang_speculative_ngram_match_type ............. BFS
[algo1a-g3c-tis-l0-modal] 
[algo1a-g3c-tis-l0-modal]   sglang_speculative_ngram_max_bfs_breadth ........ 10
[algo1a-g3c-tis-l0-modal] 
[algo1a-g3c-tis-l0-modal]   sglang_speculative_ngram_max_trie_depth ......... 18
[algo1a-g3c-tis-l0-modal] 
[algo1a-g3c-tis-l0-modal]   sglang_speculative_ngram_min_bfs_breadth ........ 1
[algo1a-g3c-tis-l0-modal] 
  sglang_speculative_num_draft_tokens ............. None
[algo1a-g3c-tis-l0-modal] 
[algo1a-g3c-tis-l0-modal]   sglang_speculative_num_steps .................... None
[algo1a-g3c-tis-l0-modal] 
[algo1a-g3c-tis-l0-modal]   sglang_speculative_skip_dp_mlp_sync ............. False
[algo1a-g3c-tis-l0-modal] 
[algo1a-g3c-tis-l0-modal]   sglang_speculative_token_map .................... None
[algo1a-g3c-tis-l0-modal]   sglang_speculative_use_rejection_sampling ....... False
[algo1a-g3c-tis-l0-modal]   sglang_ssl_ca_certs ............................. None
[algo1a-g3c-tis-l0-modal] 
[algo1a-g3c-tis-l0-modal]   sglang_ssl_certfile ............................. None
[algo1a-g3c-tis-l0-modal]   sglang_ssl_keyfile .............................. None
[algo1a-g3c-tis-l0-modal] 
  sglang_ssl_keyfile_password ..................... None
[algo1a-g3c-tis-l0-modal] 
[algo1a-g3c-tis-l0-modal]   sglang_startup_weight_load_mode ................. serial
[algo1a-g3c-tis-l0-modal] 
[algo1a-g3c-tis-l0-modal]   sglang_stream_interval .......................... 1
[algo1a-g3c-tis-l0-modal] 
[algo1a-g3c-tis-l0-modal]   sglang_stream_response_default_include_usage .... False
[algo1a-g3c-tis-l0-modal] 
[algo1a-g3c-tis-l0-modal]   sglang_strip_thinking_cache ..................... False
[algo1a-g3c-tis-l0-modal] 
[algo1a-g3c-tis-l0-modal]   sglang_swa_full_tokens_ratio .................... None
[algo1a-g3c-tis-l0-modal] 
[algo1a-g3c-tis-l0-modal]   sglang_tbo_token_distribution_threshold ......... 0.48
[algo1a-g3c-tis-l0-modal] 
[algo1a-g3c-tis-l0-modal]   sglang_tokenizer_backend ........................ huggingface
[algo1a-g3c-tis-l0-modal] 
[algo1a-g3c-tis-l0-modal]   sglang_tokenizer_metrics_allowed_custom_labels .. None
[algo1a-g3c-tis-l0-modal] 
[algo1a-g3c-tis-l0-modal]   sglang_tokenizer_metrics_custom_labels_header ... x-custom-labels
[algo1a-g3c-tis-l0-modal] 
  sglang_tokenizer_mode ........................... auto
  sglang_tokenizer_path ........................... None
  sglang_tokenizer_worker_num ..................... 1
  sglang_tool_call_parser ......................... None
  sglang_tool_server .............................. None
  sglang_torch_compile_max_bs ..................... 32
  sglang_tp_size .................................. 1
  sglang_trace_modules ............................ request
  sglang_triton_attention_num_kv_splits ........... 8
  sglang_triton_attention_reduce_in_fp32 .......... False
  sglang_triton_attention_split_tile_size ......... None
  sglang_true_on_policy_contract .................. None
  sglang_trust_mm_content_hashes .................. False
  sglang_unified_cache_external_linker_backend .... mooncake
  sglang_uno_lora_path ............................ None
  sglang_use_ray .................................. False
  sglang_uvicorn_access_log_exclude_prefixes ...... []
  sglang_warmups .................................. None
  sglang_watchdog_timeout ......................... 300
  sglang_weight_cache_mode ........................ off
  sglang_weight_cache_socket ...................... None
  sglang_weight_cache_timeout ..................... 1800
[algo1a-g3c-tis-l0-modal] 
[algo1a-g3c-tis-l0-modal]   sglang_weight_loader_disable_mmap ............... False
[algo1a-g3c-tis-l0-modal] 
[algo1a-g3c-tis-l0-modal]   sglang_weight_loader_drop_cache_after_load ...... False
[algo1a-g3c-tis-l0-modal] 
[algo1a-g3c-tis-l0-modal]   sglang_weight_loader_prefetch_checkpoints ....... False
[algo1a-g3c-tis-l0-modal] 
[algo1a-g3c-tis-l0-modal]   sglang_weight_loader_prefetch_num_threads ....... 4
[algo1a-g3c-tis-l0-modal] 
[algo1a-g3c-tis-l0-modal]   sglang_weight_version ........................... default
[algo1a-g3c-tis-l0-modal] 
  sharp_enabled_group ............................. None
  short_seq_prob .................................. 0.1
[algo1a-g3c-tis-l0-modal]   skip_actor_forward_only ......................... False
  skip_eval_before_train .......................... False
  skip_train ...................................... False
  skipped_train_samples ........................... 0
  softmax_type .................................... vanilla
  spec ............................................ None
  special_tokens .................................. None
  split ........................................... None
  squared_relu .................................... False
  start_eval_at_iter .............................. None
  start_rollout_id ................................ 0
  start_weight_decay .............................. 0.01
  starts_inference_engines ........................ True
  step_batch_size_schedule ........................ None
  straggler_ctrlr_port ............................ 65535
  straggler_minmax_count .......................... 1
  stream_optimizer_state_moment_dtype ............. fp32
  stream_optimizer_state_to_disk .................. False
  strict_fsdp_dtensor_load ........................ True
  suggested_communication_unit_size ............... None
  swiglu .......................................... True
  swin_backbone_type .............................. tiny
  symmetric_ar_type ............................... None
  target_modules .................................. down_proj,gate_proj,k_proj,o_proj,q_proj,up_proj,v_proj
  tb_experiment_name .............................. None
  tb_project_name ................................. None
  te_precision_config_file ........................ None
  te_rng_tracker .................................. False
  tensor_model_parallel_size ...................... 1
  tensorboard_dir ................................. None
  tensorboard_log_interval ........................ 1
  tensorboard_queue_size .......................... 1000
  test_data_path .................................. None
  test_mode ....................................... False
  thd_max_packed_sequences ........................ None
  thd_tail_padding_policy ......................... None
  tiktoken_num_special_tokens ..................... 1000
  tiktoken_pattern ................................ None
  timing_log_level ................................ 0
  timing_log_option ............................... minmax
[algo1a-g3c-tis-l0-modal] 
[algo1a-g3c-tis-l0-modal]   tis_clip ........................................ 2.0
[algo1a-g3c-tis-l0-modal] 
[algo1a-g3c-tis-l0-modal]   tis_clip_low .................................... 0.0
[algo1a-g3c-tis-l0-modal] 
[algo1a-g3c-tis-l0-modal]   titles_data_path ................................ None
[algo1a-g3c-tis-l0-modal] 
[algo1a-g3c-tis-l0-modal]   tito_model ...................................... default
[algo1a-g3c-tis-l0-modal] 
[algo1a-g3c-tis-l0-modal]   tokenizer_hf_no_include_special_tokens .......... False
[algo1a-g3c-tis-l0-modal] 
[algo1a-g3c-tis-l0-modal]   tokenizer_hf_no_use_fast ........................ False
[algo1a-g3c-tis-l0-modal] 
[algo1a-g3c-tis-l0-modal]   tokenizer_model ................................. /root/.cache/huggingface/hub/models--Qwen--Qwen3-0.6B/snapshots/c1899de289a04d12100db370d81485cdf75e47ca
  tokenizer_sentencepiece_ignore_extra_whitespaces  True
  tokenizer_sentencepiece_legacy .................. False
  tokenizer_type .................................. HuggingFaceTokenizer
  tool_key ........................................ tools
  torch_fsdp2_reshard_after_forward ............... True
  tp_comm_bootstrap_backend ....................... nccl
  tp_comm_bulk_dgrad .............................. True
  tp_comm_bulk_wgrad .............................. True
  tp_comm_overlap ................................. False
  tp_comm_overlap_ag .............................. True
  tp_comm_overlap_cfg ............................. None
  tp_comm_overlap_rs .............................. True
  tp_comm_overlap_rs_dgrad ........................ False
  tp_comm_split_ag ................................ True
  tp_comm_split_rs ................................ True
  train_backend ................................... megatron
  train_data_path ................................. None
  train_env_vars .................................. {}
  train_iters ..................................... None
  train_memory_margin_bytes ....................... 1073741824
  train_samples ................................... None
  train_sync_interval ............................. None
  trainer_controller_addrs ........................ None
  trainer_heartbeat_checker_failure_threshold ..... 3
  trainer_heartbeat_checker_first_wait ............ 300.0
  trainer_heartbeat_checker_interval .............. 10.0
  trainer_heartbeat_checker_timeout ............... 10.0
  trainer_id ...................................... actor
  trainer_model_id ................................ None
  transformer_impl ................................ transformer_engine
  transformer_pipeline_model_parallel_size ........ 1
  true_on_policy_mode ............................. False
  trust_remote_code ............................... True
  untie_embeddings_and_output_weights ............. False
  update_weight_buffer_size ....................... 536870912
  update_weight_delta_checksum .................... xxh3-128
  update_weight_delta_encoding .................... xor
[algo1a-g3c-tis-l0-modal]   update_weight_disk_dir .......................... None
[algo1a-g3c-tis-l0-modal] 
  update_weight_local_checkpoint_dir .............. None
  update_weight_transfer_mode ..................... broadcast
  update_weights_interval ......................... 1
  use_checkpoint_args ............................. False
  use_checkpoint_opt_param_scheduler .............. False
  use_cpu_initialization .......................... None
  use_critic ...................................... False
  use_dist_ckpt ................................... True
  use_dist_ckpt_deprecated ........................ False
  use_distributed_optimizer ....................... True
  use_distributed_post ............................ False
[algo1a-g3c-tis-l0-modal]   use_dynamic_batch_size .......................... False
[algo1a-g3c-tis-l0-modal] 
[algo1a-g3c-tis-l0-modal]   use_dynamic_global_batch_size ................... False
[algo1a-g3c-tis-l0-modal] 
[algo1a-g3c-tis-l0-modal]   use_fault_tolerance ............................. False
  use_flash_attn .................................. False
[algo1a-g3c-tis-l0-modal]   use_fused_mhc ................................... False
  use_fused_weighted_squared_relu ................. False
  use_gloo_process_groups ......................... True
  use_grouped_gemm_for_dense_mlp .................. False
  use_grouped_gemm_for_shared_expert .............. False
  use_indexer_replay .............................. False
  use_kitchen_attention ........................... False
  use_kl_loss ..................................... False
  use_layer_wise_distributed_optimizer ............ False
  use_layer_wise_param_layout ..................... False
  use_legacy_static_engine ........................ False
  use_mamba_mem_eff_path .......................... True
  use_megatron_fsdp ............................... False
  use_miles_dashboard ............................. False
  use_miles_router ................................ False
  use_mlflow ...................................... False
  use_mp_args_from_checkpoint_args ................ False
  use_mup ......................................... False
  use_one_sent_docs ............................... False
[algo1a-g3c-tis-l0-modal] 
[algo1a-g3c-tis-l0-modal]   use_opd ......................................... False
[algo1a-g3c-tis-l0-modal] 
[algo1a-g3c-tis-l0-modal]   use_opsm ........................................ False
[algo1a-g3c-tis-l0-modal] 
  use_persistent_ckpt_worker ...................... False
  use_precision_aware_optimizer ................... False
  use_prometheus .................................. False
  use_pytorch_profiler ............................ False
  use_ring_exchange_p2p ........................... False
  use_rollout_entropy ............................. False
  use_rollout_indexer_replay ...................... False
  use_rollout_logprobs ............................ False
  use_rollout_routing_replay ...................... False
  use_rope_scaling ................................ False
  use_rotary_position_embeddings .................. False
  use_routing_replay .............................. False
  use_sampling_support_replay ..................... False
  use_session_server .............................. False
  use_sharp ....................................... False
  use_te_activation_func .......................... False
  use_tensorboard ................................. False
  use_tis ......................................... True
  use_tokenizer_model_from_checkpoint_args ........ True
  use_torch_fsdp2 ................................. False
  use_torch_optimizer_for_cpu_offload ............. False
  use_tp_pp_dp_mapping ............................ False
  use_transformer_engine_op_fuser ................. False
  use_unbiased_kl ................................. False
  use_varlen_dataset .............................. False
  use_wandb ....................................... False
  v_head_dim ...................................... 128
  valid_data_path ................................. None
  validation_set_names ............................ None
  value_clip ...................................... 0.2
  varlen_mock_dataset_config_json ................. None
  varlen_sbhd_validation .......................... False
  verify_integrity ................................ False
  virtual_pipeline_model_parallel_size ............ None
  vision_backbone_type ............................ vit
  vision_pretraining .............................. False
  vision_pretraining_type ......................... classify
  vocab_extra_ids ................................. 0
  vocab_file ...................................... None
  vocab_size ...................................... 151936
  wandb_always_use_train_step ..................... False
  wandb_dir ....................................... None
  wandb_entity .................................... None
  wandb_exp_name .................................. None
  wandb_group ..................................... None
  wandb_host ...................................... None
  wandb_key ....................................... None
  wandb_mode ...................................... None
  wandb_project ................................... None
[algo1a-g3c-tis-l0-modal]   wandb_random_suffix ............................. True
[algo1a-g3c-tis-l0-modal] 
[algo1a-g3c-tis-l0-modal]   wandb_run_id .................................... None
[algo1a-g3c-tis-l0-modal] 
[algo1a-g3c-tis-l0-modal]   wandb_save_dir .................................. None
[algo1a-g3c-tis-l0-modal] 
[algo1a-g3c-tis-l0-modal]   wandb_team ...................................... None
[algo1a-g3c-tis-l0-modal] 
[algo1a-g3c-tis-l0-modal]   weight_decay .................................... 0.01
[algo1a-g3c-tis-l0-modal] 
[algo1a-g3c-tis-l0-modal]   weight_decay_incr_style ......................... constant
[algo1a-g3c-tis-l0-modal] 
[algo1a-g3c-tis-l0-modal]   wgrad_deferral_limit ............................ 0
[algo1a-g3c-tis-l0-modal] 
[algo1a-g3c-tis-l0-modal]   window_attn_skip_freq ........................... None
[algo1a-g3c-tis-l0-modal] 
[algo1a-g3c-tis-l0-modal]   window_size ..................................... None
[algo1a-g3c-tis-l0-modal] 
[algo1a-g3c-tis-l0-modal]   witness_buffer_size ............................. 1048576
[algo1a-g3c-tis-l0-modal] 
[algo1a-g3c-tis-l0-modal]   worker_comm_backend ............................. ray
[algo1a-g3c-tis-l0-modal] 
[algo1a-g3c-tis-l0-modal]   worker_dynamic_port_start ....................... 20000
[algo1a-g3c-tis-l0-modal] 
[algo1a-g3c-tis-l0-modal]   worker_urls ..................................... []
[algo1a-g3c-tis-l0-modal] 
[algo1a-g3c-tis-l0-modal]   world_size ...................................... 1
  yaml_cfg ........................................ None
  yarn_beta_fast .................................. None
  yarn_beta_slow .................................. None
  yarn_correction_range_round_to_int .............. None
  yarn_original_max_position_embeddings ........... None
[algo1a-g3c-tis-l0-modal] 
[algo1a-g3c-tis-l0-modal]   yeto_placement_map .............................. None
  yeto_rl_dynamic_sampling_max_replacements ....... None
[algo1a-g3c-tis-l0-modal] -------------------- end of arguments ---------------------
[algo1a-g3c-tis-l0-modal] [2026-09-29 19:57:00.979 main] arguments.py:2854 - --moe-token-dispatcher-type allgather does not support variable sequence length, please use alltoall dispatcher instead.
[algo1a-g3c-tis-l0-modal] 2026-09-29 19:57:00,996	INFO worker.py:1833 -- Connecting to existing Ray cluster at address: 172.20.9.131:6379...
[algo1a-g3c-tis-l0-modal] 2026-09-29 19:57:01,013	INFO worker.py:2015 -- Connected to Ray cluster. View the dashboard at [1m[32mhttp://127.0.0.1:8265 [39m[22m
[algo1a-g3c-tis-l0-modal] YETO_RL_EVENT {"event":"rl_engine_selected","island_id":0,"miles_commit":"d002615f44816ae243169643dc093eb2c29029d8","placement":"colocated","rl/algorithm_absorbed_flags":{},"rl/algorithm_spec":"{\"advantage\":{\"estimator\":\"grpo\",\"reward_binary\":false,\"reward_postprocess\":null,\"rewards_normalization\":true,\"std_normalization\":true,\"whiten\":false},\"correction\":{\"function\":null,\"method\":\"tis\",\"mismatch_metrics\":false,\"opsm_delta\":null,\"tis_clip\":2.0,\"tis_clip_low\":0.0,\"use_rollout_logprobs\":false},\"entropy_coef\":0.0,\"execution\":{\"group_required\":true,\"max_policy_staleness\":0,\"needs_critic\":false,\"needs_rollout_logprobs\":false},\"kl\":{\"coef\":null,\"estimator\":null,\"placement\":\"none\",\"unbiased\":false},\"loss\":{\"aggregation\":\"default\",\"custom_loss\":null,\"eps_clip\":null,\"eps_clip_c\":null,\"eps_clip_high\":null,\"reducer\":null,\"variant\":\"policy_loss\"},\"plugins\":[],\"sampling\":{\"filter\":null,\"max_replacements\":null,\"over_sampling_batch_size\":null,\"overlong_filter\":false},\"schema\":\"yeto-rl-algorithm-spec-v2\"}","rl/algorithm_spec_sha256":"5a8a5a9ff5abb317fc8159ab56c07293dc3bc99e084542880b6d32cc5a02b441","rl/outer_sync":true,"rl_engine":"ports","time_unix":1790711822.6973271}
[algo1a-g3c-tis-l0-modal] 
[algo1a-g3c-tis-l0-modal] [2026-09-29 19:57:02.713 main] reporter.py:90 - audit op=env_report_summary hostname=modal versions="{\"python\":\"3.12.3\",\"platform\":\"Linux-4.19.0-gvisor-x86_64-with-glibc2.39\",\"torch\":\"2.13.0+cu130\",\"torch_cuda\":\"13.0\"}" repos="{}" num_packages=0 num_env_vars=106 packages_probed=false stored=false
[algo1a-g3c-tis-l0-modal] [2026-09-29 19:57:02.736 main] placement_group.py:227 - Creating placement group with 1 GPUs...
[algo1a-g3c-tis-l0-modal] [2026-09-29 19:57:04.376 main] placement_group.py:117 -   bundle    0, actual_bundle_index:    0, node: 172.20.9.131, gpu: 0
[algo1a-g3c-tis-l1-modal] [36m(RayWorkerManager pid=2295)[0m [2026-09-29 19:57:06.233 worker_manager] reporter.py:90 - audit op=env_report_summary hostname=modal versions="{\"python\":\"3.12.3\",\"platform\":\"Linux-4.19.0-gvisor-x86_64-with-glibc2.39\",\"torch\":\"2.13.0+cu130\",\"torch_cuda\":\"13.0\"}" repos="{}" num_packages=0 num_env_vars=110 packages_probed=false stored=false
[algo1a-g3c-tis-l1-modal] 
[algo1a-g3c-tis-l1-modal] [36m(RayWorkerManager pid=2295)[0m [2026-09-29 19:57:10.175 worker_manager] reporter.py:90 - audit op=env_report_summary hostname=modal versions="{\"python\":\"3.12.3\",\"platform\":\"Linux-4.19.0-gvisor-x86_64-with-glibc2.39\",\"miles\":\"0.1.1\",\"sglang\":\"0.5.21.dev67+g9f29303\",\"sglang-router\":\"0.3.2\",\"megatron-core\":\"0.19.0+a84b10547\",\"transformers\":\"5.12.1\",\"ray\":\"2.58.0\",\"flashinfer-python\":\"0.6.18\",\"torch\":\"2.13.0+cu130\",\"torch_cuda\":\"13.0\"}" repos="{\"miles\":\"d002615f44816ae243169643dc093eb2c29029d8\",\"sglang\":\"9f29303bef1eea38eb613e5f454a52db1326422d\",\"megatron-core\":\"a84b105473eca9c9c6e49dbf1c8aa460c5cf796e\"}" num_packages=425 num_env_vars=110 packages_probed=true stored=false
[algo1a-g3c-tis-l1-modal] 
[algo1a-g3c-tis-l0-modal] [2026-09-29 19:57:10.655 main] reporter.py:90 - audit op=env_report_summary hostname=modal versions="{\"python\":\"3.12.3\",\"platform\":\"Linux-4.19.0-gvisor-x86_64-with-glibc2.39\",\"miles\":\"0.1.1\",\"sglang\":\"0.5.21.dev67+g9f29303\",\"sglang-router\":\"0.3.2\",\"megatron-core\":\"0.19.0+a84b10547\",\"transformers\":\"5.12.1\",\"ray\":\"2.58.0\",\"flashinfer-python\":\"0.6.18\",\"torch\":\"2.13.0+cu130\",\"torch_cuda\":\"13.0\"}" repos="{\"miles\":\"d002615f44816ae243169643dc093eb2c29029d8\",\"megatron-core\":\"a84b105473eca9c9c6e49dbf1c8aa460c5cf796e\",\"sglang\":\"9f29303bef1eea38eb613e5f454a52db1326422d\"}" num_packages=425 num_env_vars=106 packages_probed=true stored=false
[algo1a-g3c-tis-l1-modal] [36m(pid=2520)[0m /opt/sglang/lib/python3.12/site-packages/huggingface_hub/constants.py:301: FutureWarning: The `HF_HUB_ENABLE_HF_TRANSFER` environment variable is deprecated as 'hf_transfer' is not used anymore. Please use `HF_XET_HIGH_PERFORMANCE` instead to enable high performance transfer with Xet. Visit https://huggingface.co/docs/huggingface_hub/package_reference/environment_variables#hfxethighperformance for more details.
[algo1a-g3c-tis-l1-modal] 
[algo1a-g3c-tis-l1-modal] [36m(pid=2520)[0m   warnings.warn(
[algo1a-g3c-tis-l1-modal] 
[algo1a-g3c-tis-l0-modal] [36m(pid=1267)[0m /opt/sglang/lib/python3.12/site-packages/huggingface_hub/constants.py:301: FutureWarning: The `HF_HUB_ENABLE_HF_TRANSFER` environment variable is deprecated as 'hf_transfer' is not used anymore. Please use `HF_XET_HIGH_PERFORMANCE` instead to enable high performance transfer with Xet. Visit https://huggingface.co/docs/huggingface_hub/package_reference/environment_variables#hfxethighperformance for more details.
[algo1a-g3c-tis-l0-modal] 
[algo1a-g3c-tis-l0-modal] [36m(pid=1267)[0m   warnings.warn(
[algo1a-g3c-tis-l0-modal] 
[algo1a-g3c-tis-l0-modal] [36m(pid=1267)[0m /opt/sglang/lib/python3.12/site-packages/transformer_engine/__init__.py:103: RuntimeWarning: Detected a Jax installation but could not find the shared object file for the Transformer Engine Jax extension library. If this is not intentional, please reinstall Transformer Engine with `pip install transformer_engine[jax]` or build from source with `NVTE_FRAMEWORK=jax`.
[algo1a-g3c-tis-l0-modal] 
[algo1a-g3c-tis-l0-modal] [36m(pid=1267)[0m   warnings.warn(
[algo1a-g3c-tis-l0-modal] 
[algo1a-g3c-tis-l1-modal] [36m(pid=2526)[0m /opt/sglang/lib/python3.12/site-packages/transformer_engine/__init__.py:103: RuntimeWarning: Detected a Jax installation but could not find the shared object file for the Transformer Engine Jax extension library. If this is not intentional, please reinstall Transformer Engine with `pip install transformer_engine[jax]` or build from source with `NVTE_FRAMEWORK=jax`.
[algo1a-g3c-tis-l1-modal] 
[algo1a-g3c-tis-l1-modal] [36m(pid=2525)[0m /opt/sglang/lib/python3.12/site-packages/huggingface_hub/constants.py:301: FutureWarning: The `HF_HUB_ENABLE_HF_TRANSFER` environment variable is deprecated as 'hf_transfer' is not used anymore. Please use `HF_XET_HIGH_PERFORMANCE` instead to enable high performance transfer with Xet. Visit https://huggingface.co/docs/huggingface_hub/package_reference/environment_variables#hfxethighperformance for more details.[32m [repeated 4x across cluster] (Ray deduplicates logs by default. Set RAY_DEDUP_LOGS=0 to disable log deduplication, or see https://docs.ray.io/en/master/ray-observability/user-guides/configure-logging.html#log-deduplication for more options.)[0m
[algo1a-g3c-tis-l1-modal] 
[algo1a-g3c-tis-l1-modal] [36m(pid=2526)[0m   warnings.warn([32m [repeated 5x across cluster][0m
[algo1a-g3c-tis-l1-modal] 
[algo1a-g3c-tis-l1-modal] [36m(pid=2520)[0m /opt/sglang/lib/python3.12/site-packages/transformer_engine/__init__.py:103: RuntimeWarning: Detected a Jax installation but could not find the shared object file for the Transformer Engine Jax extension library. If this is not intentional, please reinstall Transformer Engine with `pip install transformer_engine[jax]` or build from source with `NVTE_FRAMEWORK=jax`.[32m [repeated 5x across cluster][0m
[algo1a-g3c-tis-l1-modal] 
[algo1a-g3c-tis-l1-modal] [36m(pid=2862)[0m /opt/sglang/lib/python3.12/site-packages/huggingface_hub/constants.py:301: FutureWarning: The `HF_HUB_ENABLE_HF_TRANSFER` environment variable is deprecated as 'hf_transfer' is not used anymore. Please use `HF_XET_HIGH_PERFORMANCE` instead to enable high performance transfer with Xet. Visit https://huggingface.co/docs/huggingface_hub/package_reference/environment_variables#hfxethighperformance for more details.
[algo1a-g3c-tis-l1-modal] 
[algo1a-g3c-tis-l1-modal] [36m(pid=2520)[0m   warnings.warn([32m [repeated 6x across cluster][0m
[algo1a-g3c-tis-l1-modal] 
[algo1a-g3c-tis-l0-modal] [36m(pid=1267)[0m Flax classes are deprecated and will be removed in Diffusers v1.0.0. We recommend migrating to PyTorch classes or pinning your version of Diffusers.
[algo1a-g3c-tis-l0-modal] 
[36m(pid=1267)[0m Flax classes are deprecated and will be removed in Diffusers v1.0.0. We recommend migrating to PyTorch classes or pinning your version of Diffusers.
[algo1a-g3c-tis-l0-modal] [36m(pid=1267)[0m WARNING:megatron.bridge.models.muse_glimmer:Muse Glimmer Hugging Face classes are unavailable with transformers 5.12.1. Upgrade transformers to a version that supports Muse Glimmer.
[algo1a-g3c-tis-l0-modal] 
[algo1a-g3c-tis-l0-modal] [36m(pid=1267)[0m WARNING:miles_plugins.models.qwen3_vl:megatron-bridge Qwen3VLModel lacks native CP-local vision-embed selection; CP runs with vision tokens will mis-place vision embeddings. Apply the matching Megatron-Bridge patch (radixark/Megatron-Bridge PR #9).
[algo1a-g3c-tis-l0-modal] 
[algo1a-g3c-tis-l0-modal] [36m(RayWorkerManager pid=1267)[0m [2026-09-29 19:57:38.934 worker_manager] reporter.py:90 - audit op=env_report_summary hostname=modal versions="{\"python\":\"3.12.3\",\"platform\":\"Linux-4.19.0-gvisor-x86_64-with-glibc2.39\",\"torch\":\"2.13.0+cu130\",\"torch_cuda\":\"13.0\"}" repos="{}" num_packages=0 num_env_vars=110 packages_probed=false stored=false
[algo1a-g3c-tis-l0-modal] 
[algo1a-g3c-tis-l0-modal] [36m(RayWorkerManager pid=1267)[0m [2026-09-29 19:57:45.286 worker_manager] reporter.py:90 - audit op=env_report_summary hostname=modal versions="{\"python\":\"3.12.3\",\"platform\":\"Linux-4.19.0-gvisor-x86_64-with-glibc2.39\",\"miles\":\"0.1.1\",\"sglang\":\"0.5.21.dev67+g9f29303\",\"sglang-router\":\"0.3.2\",\"megatron-core\":\"0.19.0+a84b10547\",\"transformers\":\"5.12.1\",\"ray\":\"2.58.0\",\"flashinfer-python\":\"0.6.18\",\"torch\":\"2.13.0+cu130\",\"torch_cuda\":\"13.0\"}" repos="{\"miles\":\"d002615f44816ae243169643dc093eb2c29029d8\",\"megatron-core\":\"a84b105473eca9c9c6e49dbf1c8aa460c5cf796e\",\"sglang\":\"9f29303bef1eea38eb613e5f454a52db1326422d\"}" num_packages=425 num_env_vars=110 packages_probed=true stored=false
[algo1a-g3c-tis-l0-modal] 
[algo1a-g3c-tis-l1-modal] [36m(pid=2526)[0m Flax classes are deprecated and will be removed in Diffusers v1.0.0. We recommend migrating to PyTorch classes or pinning your version of Diffusers.
[algo1a-g3c-tis-l1-modal] 
[algo1a-g3c-tis-l1-modal] [36m(pid=2526)[0m Flax classes are deprecated and will be removed in Diffusers v1.0.0. We recommend migrating to PyTorch classes or pinning your version of Diffusers.
[algo1a-g3c-tis-l1-modal] 
[algo1a-g3c-tis-l1-modal] [36m(pid=2526)[0m WARNING:megatron.bridge.models.muse_glimmer:Muse Glimmer Hugging Face classes are unavailable with transformers 5.12.1. Upgrade transformers to a version that supports Muse Glimmer.
[algo1a-g3c-tis-l1-modal] 
[algo1a-g3c-tis-l1-modal] [36m(pid=2526)[0m WARNING:miles_plugins.models.qwen3_vl:megatron-bridge Qwen3VLModel lacks native CP-local vision-embed selection; CP runs with vision tokens will mis-place vision embeddings. Apply the matching Megatron-Bridge patch (radixark/Megatron-Bridge PR #9).
[algo1a-g3c-tis-l1-modal] 
[algo1a-g3c-tis-l0-modal] [36m(pid=1473)[0m /opt/sglang/lib/python3.12/site-packages/huggingface_hub/constants.py:301: FutureWarning: The `HF_HUB_ENABLE_HF_TRANSFER` environment variable is deprecated as 'hf_transfer' is not used anymore. Please use `HF_XET_HIGH_PERFORMANCE` instead to enable high performance transfer with Xet. Visit https://huggingface.co/docs/huggingface_hub/package_reference/environment_variables#hfxethighperformance for more details.
[algo1a-g3c-tis-l0-modal] 
[algo1a-g3c-tis-l0-modal] [36m(pid=1473)[0m   warnings.warn(
[algo1a-g3c-tis-l0-modal] 
[algo1a-g3c-tis-l1-modal] [36m(RolloutExecutor pid=2525)[0m [2026-09-29 19:57:55.474 rollout_executor] reporter.py:90 - audit op=env_report_summary hostname=modal versions="{\"python\":\"3.12.3\",\"platform\":\"Linux-4.19.0-gvisor-x86_64-with-glibc2.39\",\"torch\":\"2.13.0+cu130\",\"torch_cuda\":\"13.0\"}" repos="{}" num_packages=0 num_env_vars=110 packages_probed=false stored=false
[algo1a-g3c-tis-l1-modal] 
[algo1a-g3c-tis-l1-modal] [36m(pid=2862)[0m Flax classes are deprecated and will be removed in Diffusers v1.0.0. We recommend migrating to PyTorch classes or pinning your version of Diffusers.[32m [repeated 8x across cluster][0m
[algo1a-g3c-tis-l1-modal] 
[algo1a-g3c-tis-l0-modal] [36m(pid=1474)[0m /opt/sglang/lib/python3.12/site-packages/huggingface_hub/constants.py:301: FutureWarning: The `HF_HUB_ENABLE_HF_TRANSFER` environment variable is deprecated as 'hf_transfer' is not used anymore. Please use `HF_XET_HIGH_PERFORMANCE` instead to enable high performance transfer with Xet. Visit https://huggingface.co/docs/huggingface_hub/package_reference/environment_variables#hfxethighperformance for more details.
[algo1a-g3c-tis-l0-modal] 
[algo1a-g3c-tis-l0-modal] [36m(pid=1474)[0m   warnings.warn(
[algo1a-g3c-tis-l0-modal] 
[algo1a-g3c-tis-l0-modal] [36m(pid=1478)[0m /opt/sglang/lib/python3.12/site-packages/huggingface_hub/constants.py:301: FutureWarning: The `HF_HUB_ENABLE_HF_TRANSFER` environment variable is deprecated as 'hf_transfer' is not used anymore. Please use `HF_XET_HIGH_PERFORMANCE` instead to enable high performance transfer with Xet. Visit https://huggingface.co/docs/huggingface_hub/package_reference/environment_variables#hfxethighperformance for more details.
[algo1a-g3c-tis-l0-modal] 
[algo1a-g3c-tis-l0-modal] [36m(pid=1478)[0m   warnings.warn(
[algo1a-g3c-tis-l0-modal] 
[algo1a-g3c-tis-l1-modal] [36m(MegatronTrainRayActor pid=2862)[0m [2026-09-29 19:57:58.072 actor_cell00000_rank00000] reporter.py:90 - audit op=env_report_summary hostname=modal versions="{\"python\":\"3.12.3\",\"platform\":\"Linux-4.19.0-gvisor-x86_64-with-glibc2.39\",\"torch\":\"2.13.0+cu130\",\"torch_cuda\":\"13.0\"}" repos="{}" num_packages=0 num_env_vars=129 packages_probed=false stored=false
[algo1a-g3c-tis-l1-modal] 
[algo1a-g3c-tis-l1-modal] [36m(pid=2862)[0m WARNING:megatron.bridge.models.muse_glimmer:Muse Glimmer Hugging Face classes are unavailable with transformers 5.12.1. Upgrade transformers to a version that supports Muse Glimmer.[32m [repeated 4x across cluster][0m
[algo1a-g3c-tis-l1-modal] 
[algo1a-g3c-tis-l1-modal] [36m(pid=2862)[0m WARNING:miles_plugins.models.qwen3_vl:megatron-bridge Qwen3VLModel lacks native CP-local vision-embed selection; CP runs with vision tokens will mis-place vision embeddings. Apply the matching Megatron-Bridge patch (radixark/Megatron-Bridge PR #9).[32m [repeated 4x across cluster][0m
[algo1a-g3c-tis-l1-modal] 
[algo1a-g3c-tis-l1-modal] [36m(RolloutExecutor pid=2525)[0m [2026-09-29 19:57:59.215 rollout_executor] reporter.py:90 - audit op=env_report_summary hostname=modal versions="{\"python\":\"3.12.3\",\"platform\":\"Linux-4.19.0-gvisor-x86_64-with-glibc2.39\",\"miles\":\"0.1.1\",\"sglang\":\"0.5.21.dev67+g9f29303\",\"sglang-router\":\"0.3.2\",\"megatron-core\":\"0.19.0+a84b10547\",\"transformers\":\"5.12.1\",\"ray\":\"2.58.0\",\"flashinfer-python\":\"0.6.18\",\"torch\":\"2.13.0+cu130\",\"torch_cuda\":\"13.0\"}" repos="{\"miles\":\"d002615f44816ae243169643dc093eb2c29029d8\",\"sglang\":\"9f29303bef1eea38eb613e5f454a52db1326422d\",\"megatron-core\":\"a84b105473eca9c9c6e49dbf1c8aa460c5cf796e\"}" num_packages=425 num_env_vars=110 packages_probed=true stored=false
[algo1a-g3c-tis-l1-modal] 
[algo1a-g3c-tis-l1-modal] [36m(MegatronTrainRayActor pid=2862)[0m [2026-09-29 19:58:01.940 actor_cell00000_rank00000] reporter.py:90 - audit op=env_report_summary hostname=modal versions="{\"python\":\"3.12.3\",\"platform\":\"Linux-4.19.0-gvisor-x86_64-with-glibc2.39\",\"miles\":\"0.1.1\",\"sglang\":\"0.5.21.dev67+g9f29303\",\"sglang-router\":\"0.3.2\",\"megatron-core\":\"0.19.0+a84b10547\",\"transformers\":\"5.12.1\",\"ray\":\"2.58.0\",\"flashinfer-python\":\"0.6.18\",\"torch\":\"2.13.0+cu130\",\"torch_cuda\":\"13.0\"}" repos="{\"miles\":\"d002615f44816ae243169643dc093eb2c29029d8\",\"sglang\":\"9f29303bef1eea38eb613e5f454a52db1326422d\",\"megatron-core\":\"a84b105473eca9c9c6e49dbf1c8aa460c5cf796e\"}" num_packages=425 num_env_vars=129 packages_probed=true stored=false
[algo1a-g3c-tis-l1-modal] 
[algo1a-g3c-tis-l0-modal] [36m(pid=1474)[0m /opt/sglang/lib/python3.12/site-packages/transformer_engine/__init__.py:103: RuntimeWarning: Detected a Jax installation but could not find the shared object file for the Transformer Engine Jax extension library. If this is not intentional, please reinstall Transformer Engine with `pip install transformer_engine[jax]` or build from source with `NVTE_FRAMEWORK=jax`.
[algo1a-g3c-tis-l0-modal] 
[algo1a-g3c-tis-l0-modal] [36m(pid=1472)[0m /opt/sglang/lib/python3.12/site-packages/huggingface_hub/constants.py:301: FutureWarning: The `HF_HUB_ENABLE_HF_TRANSFER` environment variable is deprecated as 'hf_transfer' is not used anymore. Please use `HF_XET_HIGH_PERFORMANCE` instead to enable high performance transfer with Xet. Visit https://huggingface.co/docs/huggingface_hub/package_reference/environment_variables#hfxethighperformance for more details.[32m [repeated 2x across cluster] (Ray deduplicates logs by default. Set RAY_DEDUP_LOGS=0 to disable log deduplication, or see https://docs.ray.io/en/master/ray-observability/user-guides/configure-logging.html#log-deduplication for more options.)[0m
[algo1a-g3c-tis-l0-modal] 
[algo1a-g3c-tis-l0-modal] [36m(pid=1470)[0m   warnings.warn([32m [repeated 5x across cluster][0m
[algo1a-g3c-tis-l0-modal] 
[algo1a-g3c-tis-l1-modal] [36m(pid=2527)[0m Flax classes are deprecated and will be removed in Diffusers v1.0.0. We recommend migrating to PyTorch classes or pinning your version of Diffusers.
[algo1a-g3c-tis-l1-modal] 
[algo1a-g3c-tis-l1-modal] [36m(pid=2527)[0m Flax classes are deprecated and will be removed in Diffusers v1.0.0. We recommend migrating to PyTorch classes or pinning your version of Diffusers.
[algo1a-g3c-tis-l1-modal] 
[algo1a-g3c-tis-l1-modal] [36m(pid=2527)[0m WARNING:megatron.bridge.models.muse_glimmer:Muse Glimmer Hugging Face classes are unavailable with transformers 5.12.1. Upgrade transformers to a version that supports Muse Glimmer.
[algo1a-g3c-tis-l1-modal] 
[algo1a-g3c-tis-l1-modal] [36m(pid=2527)[0m WARNING:miles_plugins.models.qwen3_vl:megatron-bridge Qwen3VLModel lacks native CP-local vision-embed selection; CP runs with vision tokens will mis-place vision embeddings. Apply the matching Megatron-Bridge patch (radixark/Megatron-Bridge PR #9).
[algo1a-g3c-tis-l1-modal] 
[algo1a-g3c-tis-l1-modal] [36m(RayWorkerManager pid=2295)[0m [2026-09-29 19:58:12.081 worker_manager] inference.py:186 - Launch router with args: {'worker_urls': [], 'policy': 'cache_aware', 'prefill_policy': None, 'decode_policy': None, 'cache_threshold': 0.3, 'balance_abs_threshold': 64, 'balance_rel_threshold': 1.5, 'bucket_adjust_interval_secs': 5, 'eviction_interval_secs': 60, 'max_tree_size': 67108864, 'max_idle_secs': 14400, 'assignment_mode': 'random', 'max_payload_size': 536870912, 'dp_aware': False, 'enable_igw': False, 'allow_requests_without_routing_key': False, 'mini_lb': False, 'test_external_dp_routing': False, 'pd_disaggregation': False, 'prefill': None, 'decode': None, 'worker_startup_timeout_secs': 1800, 'worker_startup_check_interval': 30, 'log_dir': None, 'log_level': 'warn', 'json_log': False, 'service_discovery': False, 'selector': {}, 'service_discovery_port': 80, 'service_discovery_namespace': None, 'prefill_selector': {}, 'decode_selector': {}, 'prometheus_port': 20002, 'prometheus_host': '0.0.0.0', 'prometheus_duration_buckets': None, 'request_id_headers': None, 'request_timeout_secs': 14400, 'shutdown_grace_period_secs': 180, 'cors_allowed_origins': [], 'max_concurrent_requests': -1, 'queue_size': 100, 'queue_timeout_secs': 60, 'rate_limit_tokens_per_second': None, 'retry_max_retries': 5, 'retry_initial_backoff_ms': 50, 'retry_max_backoff_ms': 30000, 'retry_backoff_multiplier': 1.5, 'retry_jitter_factor': 0.2, 'disable_retries': False, 'cb_failure_threshold': 10, 'cb_success_threshold': 3, 'cb_timeout_duration_secs': 60, 'cb_window_duration_secs': 120, 'disable_circuit_breaker': False, 'health_failure_threshold': 3, 'health_success_threshold': 2, 'health_check_timeout_secs': 5, 'health_check_interval_secs': 60, 'health_check_endpoint': '/health', 'disable_health_check': False, 'model_path': None, 'tokenizer_path': None, 'chat_template': None, 'tokenizer_cache_enable_l0': False, 'tokenizer_cache_l0_max_entries': 10000, 'tokenizer_cache_enable_l1': False, 'tokenizer_cache_l1_max_memory': 52428800, 'reasoning_parser': None, 'tool_call_parser': None, 'mcp_config_path': None, 'backend': 'sglang', 'history_backend': 'memory', 'oracle_wallet_path': None, 'oracle_tns_alias': None, 'oracle_connect_descriptor': None, 'oracle_username': None, 'oracle_password': None, 'oracle_pool_min': 1, 'oracle_pool_max': 16, 'oracle_pool_timeout_secs': 30, 'postgres_db_url': None, 'postgres_pool_max': 16, 'redis_url': None, 'redis_pool_max': 16, 'redis_retention_days': 30, 'client_cert_path': None, 'client_key_path': None, 'ca_cert_paths': [], 'tls_cert_path': None, 'tls_key_path': None, 'enable_trace': False, 'otlp_traces_endpoint': 'localhost:4317', 'api_key': None, 'control_plane_api_keys': [], 'control_plane_audit_enabled': False, 'jwt_issuer': None, 'jwt_audience': None, 'jwt_jwks_uri': None, 'jwt_role_mapping': [], 'host': '172.20.22.83', 'port': 20000}
[algo1a-g3c-tis-l1-modal] 
[algo1a-g3c-tis-l1-modal] [36m(RayWorkerManager pid=2295)[0m [2026-09-29 19:58:12.086 worker_manager] sglang_engine.py:169 - No pre-trained LoRA adapter_path provided, will use random initial weights
[algo1a-g3c-tis-l1-modal] 
[algo1a-g3c-tis-l1-modal] [36m(RayWorkerManager pid=2295)[0m [2026-09-29 19:58:12.086 worker_manager] sglang_engine.py:178 - LoRA + colocate: enabling SGLang enable_weights_cpu_backup=True; the trainer will skip per-step base weight sync.
[algo1a-g3c-tis-l1-modal] 
[algo1a-g3c-tis-l1-modal] [36m(CommandActor pid=2524)[0m [process_trampoline pid=3350] bound to parent 2524; exec ['/bin/sh', '-c', 'exec /opt/sglang/bin/python3 -m sglang_router.launch_router --log-level warn --prometheus-port 20002 --request-timeout-secs 14400 --host 172.20.22.83 --port 20000']
[algo1a-g3c-tis-l1-modal] 
[algo1a-g3c-tis-l1-modal] [36m(CommandActor pid=2526)[0m [process_trampoline pid=3352] bound to parent 2526; exec ['/bin/sh', '-c', 'exec /opt/sglang/bin/python3 -m sglang.launch_server --trust-remote-code --model-path /root/.cache/huggingface/hub/models--Qwen--Qwen3-0.6B/snapshots/c1899de289a04d12100db370d81485cdf75e47ca --host 172.20.22.83 --port 20001 --device cuda --random-seed 17 --enable-memory-saver --nccl-port 20034 --dist-init-addr 172.20.22.83:20003 --gated-launch-port 20036 --skip-server-warmup --enable-draft-weights-cpu-backup --enable-metrics --engine-info-bootstrap-port 20035 --enable-lora --max-loras-per-batch 1 --max-lora-rank 16 --lora-target-modules down_proj gate_proj k_proj o_proj q_proj up_proj v_proj --enable-weights-cpu-backup --mem-fraction-static 0.4 --cuda-graph-backend-prefill disabled --lora-use-virtual-experts --enable-deterministic-inference']
[algo1a-g3c-tis-l1-modal] 
[algo1a-g3c-tis-l1-modal] [2026-09-29 19:58:13.146 main] router_manager.py:64 - Router ready at host='172.20.22.83' port=20000 external_host=None
[algo1a-g3c-tis-l1-modal] [36m(InferenceController pid=2520)[0m [2026-09-29 19:58:13.191 inference_controller] reporter.py:90 - audit op=env_report_summary hostname=modal versions="{\"python\":\"3.12.3\",\"platform\":\"Linux-4.19.0-gvisor-x86_64-with-glibc2.39\",\"torch\":\"2.13.0+cu130\",\"torch_cuda\":\"13.0\"}" repos="{}" num_packages=0 num_env_vars=110 packages_probed=false stored=false
[algo1a-g3c-tis-l1-modal] 
[algo1a-g3c-tis-l1-modal] [36m(RolloutExecutor pid=2525)[0m [2026-09-29 19:58:13.219 rollout_executor] router_manager.py:64 - Router ready at host='172.20.22.83' port=20000 external_host=None
[algo1a-g3c-tis-l1-modal] 
[algo1a-g3c-tis-l1-modal] [36m(InferenceController pid=2520)[0m [2026-09-29 19:58:13.206 inference_controller] router_manager.py:64 - Router ready at host='172.20.22.83' port=20000 external_host=None
[algo1a-g3c-tis-l1-modal] 
[algo1a-g3c-tis-l0-modal] [36m(pid=1723)[0m /opt/sglang/lib/python3.12/site-packages/transformer_engine/__init__.py:103: RuntimeWarning: Detected a Jax installation but could not find the shared object file for the Transformer Engine Jax extension library. If this is not intentional, please reinstall Transformer Engine with `pip install transformer_engine[jax]` or build from source with `NVTE_FRAMEWORK=jax`.[32m [repeated 4x across cluster][0m
[algo1a-g3c-tis-l0-modal] 
[algo1a-g3c-tis-l0-modal] [36m(pid=1723)[0m /opt/sglang/lib/python3.12/site-packages/huggingface_hub/constants.py:301: FutureWarning: The `HF_HUB_ENABLE_HF_TRANSFER` environment variable is deprecated as 'hf_transfer' is not used anymore. Please use `HF_XET_HIGH_PERFORMANCE` instead to enable high performance transfer with Xet. Visit https://huggingface.co/docs/huggingface_hub/package_reference/environment_variables#hfxethighperformance for more details.
[algo1a-g3c-tis-l0-modal] 
[algo1a-g3c-tis-l0-modal] [36m(pid=1723)[0m   warnings.warn([32m [repeated 3x across cluster][0m
[algo1a-g3c-tis-l0-modal] 
[algo1a-g3c-tis-l1-modal] [36m(InferenceController pid=2520)[0m [2026-09-29 19:58:16.168 inference_controller] reporter.py:90 - audit op=env_report_summary hostname=modal versions="{\"python\":\"3.12.3\",\"platform\":\"Linux-4.19.0-gvisor-x86_64-with-glibc2.39\",\"miles\":\"0.1.1\",\"sglang\":\"0.5.21.dev67+g9f29303\",\"sglang-router\":\"0.3.2\",\"megatron-core\":\"0.19.0+a84b10547\",\"transformers\":\"5.12.1\",\"ray\":\"2.58.0\",\"flashinfer-python\":\"0.6.18\",\"torch\":\"2.13.0+cu130\",\"torch_cuda\":\"13.0\"}" repos="{\"miles\":\"d002615f44816ae243169643dc093eb2c29029d8\",\"sglang\":\"9f29303bef1eea38eb613e5f454a52db1326422d\",\"megatron-core\":\"a84b105473eca9c9c6e49dbf1c8aa460c5cf796e\"}" num_packages=425 num_env_vars=110 packages_probed=true stored=false
[algo1a-g3c-tis-l1-modal] 
[algo1a-g3c-tis-l1-modal] [36m(CommandActor pid=2526)[0m /opt/sglang/lib/python3.12/site-packages/huggingface_hub/constants.py:301: FutureWarning: The `HF_HUB_ENABLE_HF_TRANSFER` environment variable is deprecated as 'hf_transfer' is not used anymore. Please use `HF_XET_HIGH_PERFORMANCE` instead to enable high performance transfer with Xet. Visit https://huggingface.co/docs/huggingface_hub/package_reference/environment_variables#hfxethighperformance for more details.
[algo1a-g3c-tis-l1-modal] 
[algo1a-g3c-tis-l1-modal] [36m(CommandActor pid=2526)[0m   warnings.warn(
[algo1a-g3c-tis-l1-modal] 
[algo1a-g3c-tis-l1-modal] [36m(RolloutExecutor pid=2525)[0m [2026-09-29 19:58:16.764 rollout_executor] data.py:133 - Filtered 0 samples longer than max_length=1023.
[algo1a-g3c-tis-l1-modal] 
[algo1a-g3c-tis-l1-modal] [36m(RolloutExecutor pid=2525)[0m [2026-09-29 19:58:17.659 rollout_executor] rollout_executor.py:117 - import miles.rollout.inference_rollout.inference_rollout_common.InferenceRolloutFn as generate_rollout function.
[algo1a-g3c-tis-l1-modal] 
[algo1a-g3c-tis-l1-modal] [36m(RolloutExecutor pid=2525)[0m [2026-09-29 19:58:17.660 rollout_executor] rollout_executor.py:118 - import miles.rollout.inference_rollout.inference_rollout_common.InferenceRolloutFn as eval_generate_rollout function.
[algo1a-g3c-tis-l1-modal] 
[algo1a-g3c-tis-l1-modal] [36m(TrainerController pid=2527)[0m [2026-09-29 19:58:17.715 trainer_controller_actor] reporter.py:90 - audit op=env_report_summary hostname=modal versions="{\"python\":\"3.12.3\",\"platform\":\"Linux-4.19.0-gvisor-x86_64-with-glibc2.39\",\"torch\":\"2.13.0+cu130\",\"torch_cuda\":\"13.0\"}" repos="{}" num_packages=0 num_env_vars=110 packages_probed=false stored=false
[algo1a-g3c-tis-l1-modal] 
[algo1a-g3c-tis-l1-modal] [36m(TrainerController pid=2527)[0m Using blocking ray.get inside async actor. This blocks the event loop. Please use `await` on object ref with asyncio.gather if you want to yield execution to the event loop instead.
[algo1a-g3c-tis-l1-modal] 
[algo1a-g3c-tis-l1-modal] [36m(TrainerController pid=2527)[0m [2026-09-29 19:58:19.923 trainer_controller_actor] cell.py:231 - ft op=execute phase=start cell=trainer-engine-actor-00000 fn=configure_master_addr_and_port n_actors=1
[algo1a-g3c-tis-l1-modal] 
[algo1a-g3c-tis-l1-modal] [36m(TrainerController pid=2527)[0m [2026-09-29 19:58:19.928 trainer_controller_actor] cell.py:239 - ft op=execute phase=end cell=trainer-engine-actor-00000 fn=configure_master_addr_and_port ok=true elapsed_s=0.0
[algo1a-g3c-tis-l1-modal] 
[algo1a-g3c-tis-l1-modal] [36m(TrainerController pid=2527)[0m [2026-09-29 19:58:19.928 trainer_controller_actor] cell.py:231 - ft op=execute phase=start cell=trainer-engine-actor-00000 fn=init n_actors=1
[algo1a-g3c-tis-l1-modal] 
[algo1a-g3c-tis-l1-modal] [36m(MegatronTrainRayActor pid=2862)[0m [2026-09-29 19:58:19.933 actor_cell00000_rank00000] structured_log.py:24 - actor cls=MegatronTrainRayActor fn=init phase=start
[algo1a-g3c-tis-l1-modal] 
[algo1a-g3c-tis-l1-modal] [36m(MegatronTrainRayActor pid=2862)[0m [2026-09-29 19:58:19.933 actor_cell00000_rank00000] reloadable_process_group.py:21 - Applying monkey patch to torch.distributed
[algo1a-g3c-tis-l1-modal] 
[algo1a-g3c-tis-l1-modal] [36m(MegatronTrainRayActor pid=2862)[0m [2026-09-29 19:58:20.052 actor_cell00000_rank00000] reporter.py:90 - audit op=env_report_summary hostname=modal versions="{\"python\":\"3.12.3\",\"platform\":\"Linux-4.19.0-gvisor-x86_64-with-glibc2.39\",\"torch\":\"2.13.0+cu130\",\"torch_cuda\":\"13.0\"}" repos="{}" num_packages=0 num_env_vars=131 packages_probed=false stored=false
[algo1a-g3c-tis-l1-modal] 
[algo1a-g3c-tis-l1-modal] [36m(MegatronTrainRayActor pid=2862)[0m [2026-09-29 19:58:20.096 actor_cell00000_rank00000] train_actor.py:161 - Warning: Failed to set NUMA affinity: Unknown Error
[algo1a-g3c-tis-l1-modal] 
[algo1a-g3c-tis-l1-modal] [36m(MegatronTrainRayActor pid=2862)[0m [2026-09-29 19:58:20.108 actor_cell00000_rank00000] initialize.py:46 - > setting random seeds to 17 ...
[algo1a-g3c-tis-l1-modal] 
[algo1a-g3c-tis-l1-modal] [36m(TrainerController pid=2527)[0m [2026-09-29 19:58:21.169 trainer_controller_actor] reporter.py:90 - audit op=env_report_summary hostname=modal versions="{\"python\":\"3.12.3\",\"platform\":\"Linux-4.19.0-gvisor-x86_64-with-glibc2.39\",\"miles\":\"0.1.1\",\"sglang\":\"0.5.21.dev67+g9f29303\",\"sglang-router\":\"0.3.2\",\"megatron-core\":\"0.19.0+a84b10547\",\"transformers\":\"5.12.1\",\"ray\":\"2.58.0\",\"flashinfer-python\":\"0.6.18\",\"torch\":\"2.13.0+cu130\",\"torch_cuda\":\"13.0\"}" repos="{\"miles\":\"d002615f44816ae243169643dc093eb2c29029d8\",\"sglang\":\"9f29303bef1eea38eb613e5f454a52db1326422d\",\"megatron-core\":\"a84b105473eca9c9c6e49dbf1c8aa460c5cf796e\"}" num_packages=425 num_env_vars=110 packages_probed=true stored=false
[algo1a-g3c-tis-l1-modal] 
[algo1a-g3c-tis-l1-modal] [36m(MegatronTrainRayActor pid=2862)[0m [2026-09-29 19:58:21.241 actor_cell00000_rank00000] actor.py:183 - Set torch_memory_saver.memory_margin_bytes to 1073741824
[algo1a-g3c-tis-l1-modal] 
[algo1a-g3c-tis-l1-modal] [36m(MegatronTrainRayActor pid=2862)[0m /root/Megatron-LM/megatron/core/models/mimo/config/base_configs.py:12: UserWarning: MimoModelConfig is experimental and still under active development. The API may change without notice in future releases.
[algo1a-g3c-tis-l1-modal] 
[algo1a-g3c-tis-l1-modal] [36m(MegatronTrainRayActor pid=2862)[0m   class MimoModelConfig:
[algo1a-g3c-tis-l1-modal] 
[algo1a-g3c-tis-l1-modal] [36m(MegatronTrainRayActor pid=2862)[0m [2026-09-29 19:58:21.349 actor_cell00000_rank00000] auto_bridge.py:600 - Loading a model with trust_remote_code=True allows arbitrary code execution from the model repository. Only use this with models you trust.
[algo1a-g3c-tis-l1-modal] 
[algo1a-g3c-tis-l1-modal] [36m(MegatronTrainRayActor pid=2862)[0m /opt/sglang/lib/python3.12/site-packages/megatron/bridge/models/qwen/qwen3_bridge.py:45: FutureWarning: Qwen3Bridge.provider_bridge() and AutoBridge.to_megatron_provider() are deprecated for builder-backed models. Use AutoBridge.get_model_config() for training recipes or AutoBridge.get_model() to construct a model. Legacy provider support will be removed in a future release.
[algo1a-g3c-tis-l1-modal] 
[algo1a-g3c-tis-l1-modal] [36m(MegatronTrainRayActor pid=2862)[0m   provider = super().provider_bridge(hf_pretrained)
[algo1a-g3c-tis-l1-modal] 
[algo1a-g3c-tis-l1-modal] [36m(MegatronTrainRayActor pid=2862)[0m [transformers] `torch_dtype` is deprecated! Use `dtype` instead!
[algo1a-g3c-tis-l1-modal] 
[algo1a-g3c-tis-l1-modal] [36m(MegatronTrainRayActor pid=2862)[0m /root/Megatron-LM/megatron/core/transformer/transformer_config.py:3249: UserWarning: full scope is deprecated. Use empty cuda_graph_modules to capture the whole layer.
[algo1a-g3c-tis-l1-modal] 
[algo1a-g3c-tis-l1-modal] [36m(MegatronTrainRayActor pid=2862)[0m [2026-09-29 19:58:21.395 actor_cell00000_rank00000] utils.py:122 - Patched _ParamAndGradBuffer.__init__ for LoRA colocate mode (disable cpu backup)
[algo1a-g3c-tis-l1-modal] 
[algo1a-g3c-tis-l1-modal] [36m(MegatronTrainRayActor pid=2862)[0m /root/Megatron-LM/megatron/core/models/gpt/gpt_layer_specs.py:225: UserWarning: The fp8 argument in "get_gpt_layer_with_transformer_engine_spec" has been deprecated and will be removed soon. Please update your code accordingly.
[algo1a-g3c-tis-l1-modal] 
[algo1a-g3c-tis-l1-modal] [36m(MegatronTrainRayActor pid=2862)[0m   warnings.warn([32m [repeated 2x across cluster][0m
[algo1a-g3c-tis-l1-modal] 
[algo1a-g3c-tis-l1-modal] [36m(MegatronTrainRayActor pid=2862)[0m [2026-09-29 19:58:22.047 actor_cell00000_rank00000] utils.py:159 - Created CanonicalLoRA: rank=16, alpha=16, dropout=0.0, target_modules=['decoder.layers.*.self_attention.linear_proj', 'decoder.layers.*.mlp.linear_fc2', 'decoder.layers.*.self_attention.linear_k', 'decoder.layers.*.self_attention.linear_q', 'decoder.layers.*.self_attention.linear_v', 'decoder.layers.*.mlp.linear_fc1_up', 'decoder.layers.*.mlp.linear_fc1_gate']
[algo1a-g3c-tis-l1-modal] 
[algo1a-g3c-tis-l1-modal] [36m(CommandActor pid=2526)[0m /root/sglang/python/sglang/launch_server.py:71: UserWarning: 'python -m sglang.launch_server' is still supported, but 'sglang serve' is the recommended entrypoint.
[algo1a-g3c-tis-l1-modal] 
[algo1a-g3c-tis-l1-modal] [36m(CommandActor pid=2526)[0m   Example: sglang serve --model-path <model> [options]
[algo1a-g3c-tis-l1-modal] [36m(MegatronTrainRayActor pid=2862)[0m  > number of parameters on (tensor, pipeline) model parallel rank (0, 0): 606142464
[algo1a-g3c-tis-l1-modal] 
[algo1a-g3c-tis-l1-modal] [36m(MegatronTrainRayActor pid=2862)[0m [2026-09-29 19:58:23.275 actor_cell00000_rank00000] checkpoint.py:217 - Load checkpoint from HuggingFace model into Megatron (path=/root/.cache/huggingface/hub/models--Qwen--Qwen3-0.6B/snapshots/c1899de289a04d12100db370d81485cdf75e47ca)
[algo1a-g3c-tis-l1-modal] 
[algo1a-g3c-tis-l1-modal] [36m(MegatronTrainRayActor pid=2862)[0m [2026-09-29 19:58:23.279 actor_cell00000_rank00000] auto_bridge.py:600 - Loading a model with trust_remote_code=True allows arbitrary code execution from the model repository. Only use this with models you trust.
[algo1a-g3c-tis-l1-modal] 
[algo1a-g3c-tis-l1-modal] [36m(MegatronTrainRayActor pid=2862)[0m Loading from /root/.cache/huggingface/hub/models--Qwen--Qwen3-0.6B/snaps… … Qwe…
[algo1a-g3c-tis-l1-modal] 
[algo1a-g3c-tis-l1-modal] [36m(MegatronTrainRayActor pid=2862)[0m [2026-09-29 19:58:24.984 actor_cell00000_rank00000] auto_bridge.py:600 - Loading a model with trust_remote_code=True allows arbitrary code execution from the model repository. Only use this with models you trust.
[algo1a-g3c-tis-l1-modal] 
[algo1a-g3c-tis-l1-modal] [36m(MegatronTrainRayActor pid=2862)[0m [2026-09-29 19:58:24.986 actor_cell00000_rank00000] structured_log.py:24 - actor cls=MegatronTrainRayActor fn=sleep phase=start
[algo1a-g3c-tis-l1-modal] 
[algo1a-g3c-tis-l1-modal] [36m(MegatronTrainRayActor pid=2862)[0m [2026-09-29 19:58:24.986 actor_cell00000_rank00000] timer.py:31 - Timer sleep start
[algo1a-g3c-tis-l1-modal] 
[algo1a-g3c-tis-l1-modal] [36m(MegatronTrainRayActor pid=2862)[0m [2026-09-29 19:58:25.516 actor_cell00000_rank00000] memory_utils.py:41 - [Rank 0] Memory-Usage before offload model: {'gpu': '0', 'total_GB': 79.18, 'free_GB': 76.13, 'used_GB': 3.04, 'allocated_GB': 1.2, 'reserved_GB': 1.27}
[algo1a-g3c-tis-l1-modal] 
[algo1a-g3c-tis-l1-modal] [2026-09-29 19:58:25.864 main] placement_group.py:300 - trainer 'actor' restored rollout 1, and --start-rollout-id 0 was asked for, so it starts at 0
[algo1a-g3c-tis-l1-modal] YETO_RL_EVENT {"event":"rl_driver_start","execution_mode":"colocated-serial","island_id":1,"placement":"colocated","rl/algorithm_spec_sha256":"5a8a5a9ff5abb317fc8159ab56c07293dc3bc99e084542880b6d32cc5a02b441","runtime_fingerprint":"sha256:c6e686c48ed8a15fa3ff6bd571925ffdb2f6a7168378ab8b2e053681ad94d243","time_unix":1790711905.8937957}
[algo1a-g3c-tis-l1-modal] 
[algo1a-g3c-tis-l1-modal] [36m(RolloutExecutor pid=2525)[0m [2026-09-29 19:58:25.871 rollout_executor] data_source.py:154 - no dataset state under /root/.cache/huggingface/hub/models--Qwen--Qwen3-0.6B/snapshots/c1899de289a04d12100db370d81485cdf75e47ca/rollout/global_dataset_state_dict_-1.pt: the dataset starts where a fresh run's would
[algo1a-g3c-tis-l1-modal] 
[algo1a-g3c-tis-l1-modal] [36m(TrainerController pid=2527)[0m [2026-09-29 19:58:25.862 trainer_controller_actor] cell.py:239 - ft op=execute phase=end cell=trainer-engine-actor-00000 fn=init ok=true elapsed_s=5.9
[algo1a-g3c-tis-l1-modal] 
[algo1a-g3c-tis-l1-modal] [36m(TrainerController pid=2527)[0m [2026-09-29 19:58:25.862 trainer_controller_actor] cell.py:194 - ft op=state phase=start name=_mark_as_alive cell=trainer-engine-actor-00000 from_state=StateAllocatedUninitialized
[algo1a-g3c-tis-l1-modal] 
[algo1a-g3c-tis-l1-modal] [36m(TrainerController pid=2527)[0m [2026-09-29 19:58:25.862 trainer_controller_actor] cell.py:205 - ft op=state phase=end name=_mark_as_alive cell=trainer-engine-actor-00000 to_state=StateAllocatedAlive
[algo1a-g3c-tis-l1-modal] 
[algo1a-g3c-tis-l1-modal] [36m(TrainerController pid=2527)[0m [2026-09-29 19:58:25.865 trainer_controller_actor] cell.py:231 - ft op=execute phase=start cell=trainer-engine-actor-00000 fn=get_train_parallel_config n_actors=1
[algo1a-g3c-tis-l1-modal] 
[algo1a-g3c-tis-l1-modal] [36m(TrainerController pid=2527)[0m [2026-09-29 19:58:25.867 trainer_controller_actor] cell.py:239 - ft op=execute phase=end cell=trainer-engine-actor-00000 fn=get_train_parallel_config ok=true elapsed_s=0.0
[algo1a-g3c-tis-l1-modal] 
[algo1a-g3c-tis-l1-modal] [36m(TrainerController pid=2527)[0m [2026-09-29 19:58:25.896 trainer_controller_actor] cell.py:231 - ft op=execute phase=start cell=trainer-engine-actor-00000 fn=run_plugin n_actors=1
[algo1a-g3c-tis-l1-modal] 
[algo1a-g3c-tis-l1-modal] [36m(MegatronTrainRayActor pid=2862)[0m [2026-09-29 19:58:25.860 actor_cell00000_rank00000] memory_utils.py:41 - [Rank 0] Memory-Usage after offload model: {'gpu': '0', 'total_GB': 79.18, 'free_GB': 77.38, 'used_GB': 1.8, 'allocated_GB': 1.2, 'reserved_GB': 1.27}
[algo1a-g3c-tis-l1-modal] 
[algo1a-g3c-tis-l1-modal] [36m(MegatronTrainRayActor pid=2862)[0m [2026-09-29 19:58:25.860 actor_cell00000_rank00000] timer.py:42 - Timer sleep end (elapsed: 0.9s)
[algo1a-g3c-tis-l1-modal] [36m(MegatronTrainRayActor pid=2862)[0m [2026-09-29 19:58:25.860 actor_cell00000_rank00000] structured_log.py:28 - actor cls=MegatronTrainRayActor fn=sleep phase=end ok=true elapsed_s=0.9
[algo1a-g3c-tis-l1-modal] [36m(MegatronTrainRayActor pid=2862)[0m [2026-09-29 19:58:25.860 actor_cell00000_rank00000] timer.py:31 - Timer train_wait start
[algo1a-g3c-tis-l1-modal] 
[algo1a-g3c-tis-l1-modal] [36m(MegatronTrainRayActor pid=2862)[0m [2026-09-29 19:58:25.860 actor_cell00000_rank00000] structured_log.py:28 - actor cls=MegatronTrainRayActor fn=init phase=end ok=true elapsed_s=5.9
[algo1a-g3c-tis-l1-modal] 
[36m(MegatronTrainRayActor pid=2862)[0m [2026-09-29 19:58:25.901 actor_cell00000_rank00000] structured_log.py:24 - actor cls=MegatronTrainRayActor fn=wake_up phase=start
[36m(MegatronTrainRayActor pid=2862)[0m [2026-09-29 19:58:25.901 actor_cell00000_rank00000] timer.py:31 - Timer wake_up start
[algo1a-g3c-tis-l1-modal] 
[algo1a-g3c-tis-l1-modal] [36m(MegatronTrainRayActor pid=2862)[0m [2026-09-29 19:58:25.901 actor_cell00000_rank00000] memory_utils.py:41 - [Rank 0] Memory-Usage before wake_up model: {'gpu': '0', 'total_GB': 79.18, 'free_GB': 77.38, 'used_GB': 1.8, 'allocated_GB': 1.2, 'reserved_GB': 1.27}
[algo1a-g3c-tis-l1-modal] 
[algo1a-g3c-tis-l1-modal] [36m(MegatronTrainRayActor pid=2862)[0m [2026-09-29 19:58:26.494 actor_cell00000_rank00000] reloadable_process_group.py:151 - Reloading 0 process groups in pid 2862
[algo1a-g3c-tis-l1-modal] 
[algo1a-g3c-tis-l1-modal] [36m(MegatronTrainRayActor pid=2862)[0m [2026-09-29 19:58:26.495 actor_cell00000_rank00000] memory_utils.py:41 - [Rank 0] Memory-Usage after wake_up model: {'gpu': '0', 'total_GB': 79.18, 'free_GB': 76.13, 'used_GB': 3.05, 'allocated_GB': 1.2, 'reserved_GB': 1.27}
[algo1a-g3c-tis-l1-modal] 
[algo1a-g3c-tis-l1-modal] [36m(MegatronTrainRayActor pid=2862)[0m [2026-09-29 19:58:26.496 actor_cell00000_rank00000] timer.py:42 - Timer wake_up end (elapsed: 0.6s)
[algo1a-g3c-tis-l1-modal] 
[algo1a-g3c-tis-l1-modal] [36m(MegatronTrainRayActor pid=2862)[0m [2026-09-29 19:58:26.496 actor_cell00000_rank00000] structured_log.py:28 - actor cls=MegatronTrainRayActor fn=wake_up phase=end ok=true elapsed_s=0.6
[algo1a-g3c-tis-l1-modal] 
[algo1a-g3c-tis-l1-modal] [36m(MegatronTrainRayActor pid=2862)[0m [2026-09-29 19:58:26.496 actor_cell00000_rank00000] auto_bridge.py:600 - Loading a model with trust_remote_code=True allows arbitrary code execution from the model repository. Only use this with models you trust.
[algo1a-g3c-tis-l1-modal] 
[algo1a-g3c-tis-l1-modal] [36m(CommandActor pid=2526)[0m   warnings.warn(
[algo1a-g3c-tis-l1-modal] 
[algo1a-g3c-tis-l1-modal] [36m(MegatronTrainRayActor pid=2862)[0m [2026-09-29 19:58:26.632 actor_cell00000_rank00000] structured_log.py:24 - actor cls=MegatronTrainRayActor fn=sleep phase=start
[algo1a-g3c-tis-l1-modal] 
[algo1a-g3c-tis-l1-modal] [36m(MegatronTrainRayActor pid=2862)[0m [2026-09-29 19:58:26.632 actor_cell00000_rank00000] timer.py:31 - Timer sleep start
[algo1a-g3c-tis-l1-modal] 
[algo1a-g3c-tis-l1-modal] [36m(CommandActor pid=2526)[0m [2026-09-29 19:58:26] FlashInfer allreduce fusion is forcibly disabled via --enforce-disable-flashinfer-allreduce-fusion.
[algo1a-g3c-tis-l1-modal] 
[algo1a-g3c-tis-l1-modal] [36m(CommandActor pid=2526)[0m [2026-09-29 19:58:26] Sampling backend is set to pytorch for deterministic inference.
[algo1a-g3c-tis-l1-modal] 
[algo1a-g3c-tis-l1-modal] [36m(CommandActor pid=2526)[0m [2026-09-29 19:58:26] Attention backend not specified. Falling back to 'fa3' for deterministic inference. You can explicitly set --attention-backend to one of ['ascend', 'fa3', 'fa4', 'flashinfer', 'intel_xpu', 'triton'].
[algo1a-g3c-tis-l1-modal] 
[algo1a-g3c-tis-l1-modal] [36m(MegatronTrainRayActor pid=2862)[0m [2026-09-29 19:58:27.156 actor_cell00000_rank00000] memory_utils.py:41 - [Rank 0] Memory-Usage before offload model: {'gpu': '0', 'total_GB': 79.18, 'free_GB': 76.13, 'used_GB': 3.05, 'allocated_GB': 1.2, 'reserved_GB': 1.27}
[algo1a-g3c-tis-l1-modal] 
[algo1a-g3c-tis-l1-modal] [36m(MegatronTrainRayActor pid=2862)[0m [2026-09-29 19:58:27.476 actor_cell00000_rank00000] memory_utils.py:41 - [Rank 0] Memory-Usage after offload model: {'gpu': '0', 'total_GB': 79.18, 'free_GB': 77.38, 'used_GB': 1.8, 'allocated_GB': 1.2, 'reserved_GB': 1.27}
[algo1a-g3c-tis-l1-modal] 
[algo1a-g3c-tis-l1-modal] [36m(MegatronTrainRayActor pid=2862)[0m [2026-09-29 19:58:27.476 actor_cell00000_rank00000] timer.py:42 - Timer sleep end (elapsed: 0.8s)
[algo1a-g3c-tis-l1-modal] 
[algo1a-g3c-tis-l1-modal] [36m(MegatronTrainRayActor pid=2862)[0m [2026-09-29 19:58:27.477 actor_cell00000_rank00000] structured_log.py:28 - actor cls=MegatronTrainRayActor fn=sleep phase=end ok=true elapsed_s=0.8
[algo1a-g3c-tis-l1-modal] 
[algo1a-g3c-tis-l1-modal] [36m(TrainerController pid=2527)[0m [2026-09-29 19:58:27.811 trainer_controller_actor] cell.py:239 - ft op=execute phase=end cell=trainer-engine-actor-00000 fn=run_plugin ok=true elapsed_s=1.9
[algo1a-g3c-tis-l1-modal] 
[syncer] 2026-09-29T19:58:28.393178Z  INFO yeto_syncer::server: learner connected (layout: 1 fragments) learner_id=1 generation=2072009425030167468 num_streams=4
[syncer] 2026-09-29T19:58:28.393265Z  INFO yeto_syncer::server: initialized global state iso_backend=scalar
[algo1a-g3c-tis-l1-modal] [36m(CommandActor pid=2526)[0m [2026-09-29 19:58:30] Compiled-kernel caches now live under SGLANG_CACHE_DIR (/root/.cache/sglang). These older directories are no longer used by sglang, but may still be used by other frameworks on this machine, so they were left alone: /root/.triton, /root/.cache/flashinfer. Remove them yourself if nothing else needs them.
[algo1a-g3c-tis-l1-modal] 
[algo1a-g3c-tis-l1-modal] [36m(CommandActor pid=2526)[0m [2026-09-29 19:58:30] Virtual expert computation enabled.
[algo1a-g3c-tis-l1-modal] 
[algo1a-g3c-tis-l1-modal] [36m(CommandActor pid=2526)[0m [2026-09-29 19:58:30] server_args={'model_path': '/root/.cache/huggingface/hub/models--Qwen--Qwen3-0.6B/snapshots/c1899de289a04d12100db370d81485cdf75e47ca', 'tokenizer_path': '/root/.cache/huggingface/hub/models--Qwen--Qwen3-0.6B/snapshots/c1899de289a04d12100db370d81485cdf75e47ca', 'tokenizer_mode': 'auto', 'tokenizer_backend': 'huggingface', 'tokenizer_worker_num': 1, 'detokenizer_worker_num': 1, 'skip_tokenizer_init': False, 'load_format': 'auto', 'model_loader_extra_config': '{}', 'trust_remote_code': True, 'context_length': None, 'is_embedding': False, 'enable_multimodal': None, 'revision': None, 'model_impl': 'auto', 'model_config_parser': 'auto', 'json_model_override_args': '{}', 'dtype': 'auto', 'quantization': None, 'quantization_param_path': None, 'kv_cache_dtype': 'auto', 'enable_fp32_lm_head': False, 'modelopt_quant': None, 'modelopt_checkpoint_restore_path': None, 'modelopt_checkpoint_save_path': None, 'modelopt_export_path': None, 'quantize_and_serve': False, 'rl_quant_profile': None, 'enable_tf32_matmul': False, 'mem_fraction_static': 0.4, 'max_running_requests': None, 'max_queued_requests': None, 'max_total_tokens': None, 'chunked_prefill_size': 8192, 'prefill_decode_interval': 0, 'enable_dynamic_chunking': False, 'max_prefill_tokens': 16384, 'prefill_max_requests': None, 'schedule_policy': 'fcfs', 'enable_priority_scheduling': False, 'disable_priority_preemption': False, 'default_priority_value': None, 'abort_on_priority_when_disabled': False, 'schedule_low_priority_values_first': False, 'priority_scheduling_preemption_threshold': 10, 'retraction_policy': 'length', 'schedule_conservativeness': 1.0, 'page_size': 1, 'c128_page_size': 16, 'swa_full_tokens_ratio': 0.8, 'disable_hybrid_swa_memory': False, 'radix_eviction_policy': 'lru', 'radix_eviction_policy_config': None, 'prefill_only_disable_kv_cache': False, 'disable_radix_cache': False, 'enable_page_major_kv_layout': False, 'enable_unified_memory': False, 'disable_chunked_prefix_cache': False, 'disable_overlap_schedule': False, 'num_continuous_decode_steps': 1, 'scheduler_recv_interval': 1, 'enable_mixed_chunk': False, 'nccl_port': 20034, 'dist_timeout': None, 'dist_init_addr': '172.20.22.83:20003', 'gated_launch_port': 20036, 'nnodes': 1, 'node_rank': 0, 'tp_size': 1, 'dcp_size': 1, 'pp_size': 1, 'pp_max_micro_batch_size': None, 'pp_async_batch_depth': 0, 'dp_size': 1, 'load_balance_method': 'round_robin', 'attn_cp_size': 1, 'moe_dp_size': 1, 'dwdp_size': 1, 'dcp_comm_backend': 'ag_rs', 'dcp_replicate_q_proj': None, 'enable_prefill_cp': False, 'cp_strategy': None, 'enable_dsa_cache_layer_split': False, 'enable_cp_decode_attn_tp': False, 'enable_dp_attention': False, 'enable_dp_attention_local_control_broadcast': False, 'enable_dp_lm_head': False, 'enable_tp_lm_head_all_to_all': False, 'enable_attn_tp_input_scattered': False, 'enable_shared_experts_attn_tp': False, 'enable_dense_mlp_attn_tp': False, 'enable_layernorm_sp': False, 'disable_attn_tp_gather': False, 'enable_p2p_check': False, 'device': 'cuda', 'base_gpu_id': 0, 'gpu_id_step': 1, 'random_seed': 17, 'mlx_enable_sampling': False, 'watchdog_timeout': 300, 'soft_watchdog_timeout': None, 'sleep_on_idle': False, 'use_ray': False, 'custom_sigquit_handler': None, 'numa_node': None, 'gc_threshold': None, 'host': '172.20.22.83', 'port': 20001, 'fastapi_root_path': '', 'smg_grpc_mode': False, 'grpc_mode': False, 'grpc_port': None, 'grpc_worker_threads': 4, 'sidecar': None, 'sidecar_args': None, 'skip_server_warmup': True, 'warmups': None, 'enable_http2': False, 'http2_max_concurrent_streams': 200, 'http2_initial_connection_window_size': 1048576, 'ssl_keyfile': None, 'ssl_certfile': None, 'ssl_ca_certs': None, 'ssl_keyfile_password': None, 'enable_ssl_refresh': False, 'api_key': None, 'admin_api_key': None, 'served_model_name': '/root/.cache/huggingface/hub/models--Qwen--Qwen3-0.6B/snapshots/c1899de289a04d12100db370d81485cdf75e47ca', 'weight_version': 'default', 'chat_template': None, 'hf_chat_template_name': None, 'completion_template': None, 'file_storage_path': 'sglang_storage', 'enable_cache_report': False, 'return_input_ids': False, 'return_output_ids': False, 'reasoning_parser': None, 'default_chat_template_kwargs': None, 'strip_thinking_cache': False, 'enable_strict_thinking': False, 'tool_call_parser': None, 'tool_server': None, 'sampling_defaults': 'model', 'asr_max_buffer_seconds': 60, 'asr_max_concurrent_sessions': 32, 'preferred_sampling_params': None, 'allow_auto_truncate': False, 'stream_interval': 1, 'batch_notify_size': 16, 'stream_response_default_include_usage': False, 'incremental_streaming_output': False, 'enable_streaming_session': False, 'enable_session_radix_cache': False, 'log_level': 'info', 'log_level_http': None, 'log_requests': False, 'log_requests_level': 2, 'log_requests_format': 'text', 'log_requests_target': None, 'uvicorn_access_log_exclude_prefixes': [], 'crash_dump_folder': None, 'show_time_cost': False, 'enable_metrics': True, 'smg_http_sidecar_port': None, 'enable_mfu_metrics': False, 'enable_metrics_for_all_schedulers': False, 'load_snapshot_publish_interval': 15, 'tokenizer_metrics_custom_labels_header': 'x-custom-labels', 'tokenizer_metrics_allowed_custom_labels': None, 'extra_metric_labels': None, 'bucket_time_to_first_token': None, 'bucket_inter_token_latency': None, 'bucket_e2e_request_latency': None, 'prompt_tokens_buckets': None, 'generation_tokens_buckets': None, 'gc_warning_threshold_secs': 0.0, 'decode_log_interval': 40, 'enable_request_time_stats_logging': False, 'kv_events_config': None, 'load_publish_endpoint': None, 'enable_forward_pass_metrics': False, 'forward_pass_metrics_worker_id': '', 'forward_pass_metrics_ipc_name': None, 'enable_trace': False, 'trace_modules': 'request', 'otlp_traces_endpoint': 'localhost:4317', 'export_metrics_to_file': False, 'export_metrics_to_file_dir': None, 'stat_loggers': None, 'constrained_json_whitespace_pattern': None, 'constrained_json_disable_any_whitespace': False, 'attention_backend': 'fa3', 'decode_attention_backend': None, 'enable_lean_attention': None, 'prefill_attention_backend': None, 'sampling_backend': 'pytorch', 'grammar_backend': 'xgrammar', 'radix_cache_backend': None, 'mm_attention_backend': None, 'fp8_gemm_runner_backend': 'auto', 'fp4_gemm_runner_backend': 'auto', 'bf16_gemm_backend': 'auto', 'dsa_prefill_backend': None, 'dsv4_prefill_backend': 'auto', 'dsa_decode_backend': None, 'dsa_paged_mqa_logits_backend': 'auto', 'dsa_topk_backend': 'sgl-kernel', 'disable_flashinfer_autotune': False, 'flashinfer_autotune_skip_ops': None, 'mamba_backend': 'triton', 'cuda_graph_config': {'decode': {'backend': 'full', 'max_bs': 256, 'bs': [1, 2, 4, 8, 12, 16, 24, 32, 40, 48, 56, 64, 72, 80, 88, 96, 104, 112, 120, 128, 136, 144, 152, 160, 168, 176, 184, 192, 200, 208, 216, 224, 232, 240, 248, 256], 'tc_compiler': 'eager', 'full_prefill_max_req': None, 'full_prefill_prefix_chunk_tokens': None}, 'prefill': {'backend': 'disabled', 'max_bs': 8192, 'bs': [4, 8, 12, 16, 20, 24, 28, 32, 48, 64, 80, 96, 112, 128, 144, 160, 176, 192, 208, 224, 240, 256, 288, 320, 352, 384, 416, 448, 480, 512, 576, 640, 704, 768, 832, 896, 960, 1024, 1280, 1536, 1792, 2048, 2304, 2560, 2816, 3072, 3328, 3584, 3840, 4096, 4608, 5120, 5632, 6144, 6656, 7168, 7680, 8192], 'tc_compiler': 'eager', 'full_prefill_max_req': None, 'full_prefill_prefix_chunk_tokens': None}}, 'cuda_graph_backend_decode': None, 'cuda_graph_backend_prefill': 'disabled', 'cuda_graph_max_bs_decode': None, 'cuda_graph_max_bs_prefill': None, 'cuda_graph_bs_decode': None, 'cuda_graph_bs_prefill': None, 'cuda_graph_tc_compiler': None, 'disable_prefill_cuda_graph': False, 'disable_decode_cuda_graph': False, 'disable_cuda_graph': False, 'disable_cuda_graph_padding': False, 'enable_profile_cuda_graph': False, 'enable_cudagraph_gc': False, 'debug_cuda_graph': False, 'enable_layerwise_nvtx_marker': False, 'enable_nccl_nvls': False, 'enable_symm_mem': False, 'triton_attention_reduce_in_fp32': False, 'triton_attention_num_kv_splits': 8, 'triton_attention_split_tile_size': None, 'flashinfer_mla_disable_ragged': False, 'enable_fused_qk_norm_rope': False, 'enable_precise_e
[algo1a-g3c-tis-l1-modal] mbedding_interpolation': False, 'enable_fused_moe_sum_all_reduce': False, 'enable_deepseek_v4_fp4_indexer': False, 'disable_custom_all_reduce': False, 'enable_mscclpp': False, 'enable_torch_symm_mem': False, 'enable_scattered_sconv': False, 'pre_warm_nccl': False, 'enable_quant_communications': False, 'enable_flashinfer_allreduce_fusion': False, 'enforce_disable_flashinfer_allreduce_fusion': True, 'flashinfer_allreduce_fusion_backend': None, 'enable_aiter_allreduce_fusion': False, 'enable_torch_compile': False, 'enable_torch_compile_debug_mode': False, 'torch_compile_max_bs': 32, 'speculative_algorithm': None, 'uno_lora_path': None, 'speculative_draft_model_path': None, 'speculative_draft_model_revision': None, 'speculative_draft_load_format': None, 'speculative_num_steps': None, 'speculative_eagle_topk': None, 'speculative_num_draft_tokens': None, 'speculative_dflash_block_size': None, 'speculative_dspark_block_size': None, 'speculative_dspark_sps_table_path': None, 'speculative_dspark_confidence_sts_path': None, 'speculative_dspark_align_verify_tokens_to_graph_tier': False, 'speculative_accept_threshold_single': 1.0, 'speculative_accept_threshold_acc': 1.0, 'speculative_use_rejection_sampling': False, 'speculative_token_map': None, 'speculative_attention_mode': 'prefill', 'speculative_draft_attention_backend': None, 'speculative_dsa_topk_backend': 'sgl-kernel', 'speculative_draft_kv_cache_dtype': None, 'speculative_draft_window_size': None, 'speculative_moe_runner_backend': 'auto', 'speculative_moe_a2a_backend': None, 'speculative_draft_model_quantization': None, '_speculative_draft_quantization_explicitly_set': False, 'speculative_skip_dp_mlp_sync': False, 'enable_multi_layer_eagle': False, 'speculative_adaptive': False, 'speculative_adaptive_config': None, 'decoupled_spec_bind_endpoint': None, 'decoupled_spec_connect_endpoints': None, 'decoupled_spec_rank': None, 'decoupled_spec_role': 'null', 'spec_trace_dir': None, 'speculative_ngram_min_bfs_breadth': 1, 'speculative_ngram_max_bfs_breadth': 10, 'speculative_ngram_match_type': 'BFS', 'speculative_ngram_max_trie_depth': 18, 'speculative_ngram_capacity': 10000000, 'speculative_ngram_external_corpus_path': None, 'speculative_ngram_external_sam_budget': 0, 'speculative_ngram_external_corpus_max_tokens': 10000000, 'ep_size': 1, 'moe_a2a_backend': 'none', 'enable_w4a4_mxfp4_megamoe': False, 'deepep_v2_mode': 'direct', 'moe_runner_backend': 'auto', 'flashinfer_mxfp4_moe_precision': 'default', 'deepep_mode': 'auto', 'fuseep_mode': 2, 'deepep_dispatcher_output_dtype': 'auto', 'ep_num_redundant_experts': 0, 'ep_dispatch_algorithm': None, 'init_expert_location': 'trivial', 'enable_eplb': False, 'eplb_algorithm': 'auto', 'eplb_rebalance_num_iterations': 1000, 'eplb_rebalance_layers_per_chunk': None, 'eplb_min_rebalancing_utilization_threshold': 1.0, 'expert_distribution_recorder_mode': None, 'expert_distribution_recorder_buffer_size': 1000, 'expert_balancedness_report_mode': 'off', 'deepep_config': None, 'moe_dense_tp_size': None, 'elastic_ep_backend': None, 'enable_elastic_expert_backup': False, 'mooncake_ib_device': None, 'enable_waterfill': False, 'ep_join_mode': None, 'ep_join_rank_offset': 0, 'elastic_ep_initial_size': None, 'max_ep_size': None, 'elastic_ep_scale_timeout': 600, 'elastic_ep_rejoin': False, 'disable_flashinfer_cutlass_moe_fp4_allgather': False, 'disable_shared_experts_fusion': False, 'enforce_shared_experts_fusion': False, 'max_mamba_cache_size': None, 'mamba_ssm_dtype': None, 'mamba_max_states_per_path': -1, 'enable_mamba_cache_stochastic_rounding': False, 'mamba_cache_philox_rounds': 0, 'mamba_full_memory_ratio': 0.9, 'mamba_radix_cache_strategy': 'auto', 'uses_mamba_radix_cache': False, 'mamba_track_interval': 256, 'enable_int8_mamba_checkpoint': False, 'int8_mamba_ckpt_size': None, 'linear_attn_backend': 'triton', 'linear_attn_decode_backend': None, 'linear_attn_prefill_backend': None, 'linear_attn_verify_backend': None, 'enable_linear_replayssm': False, 'linear_replayssm_cache_len': 16, 'enable_linear_replayssm_spec': False, 'enable_hierarchical_cache': False, 'hicache_host_memory_mode': 'cache', 'hicache_ratio': 2.0, 'hicache_size': 0, 'hicache_write_policy': 'write_through', 'hicache_io_backend': 'kernel', 'hicache_mem_layout': 'page_first', 'hicache_storage_backend': None, 'hicache_storage_prefetch_policy': 'timeout', 'hicache_storage_backend_extra_config': None, 'hicache_storage_prefetch_retry_poll_interval': 8, 'hicache_storage_prefetch_retry_max_attempts': 8, 'enable_unified_cache_external_linker': False, 'unified_cache_external_linker_backend': 'mooncake', 'enable_hisparse': False, 'hisparse_config': None, 'enable_broadcast_mm_inputs_process': False, 'enable_prefix_mm_cache': False, 'mm_enable_dp_encoder': False, 'mm_process_config': {}, 'mm_processor_worker_num': 0, 'mm_io_worker_num': 0, 'allowed_media_domains': [], 'media_url_max_file_size_mb': 64, 'mm_preprocess_cache_size_mb': None, 'trust_mm_content_hashes': False, 'limit_mm_data_per_request': None, 'enable_mm_global_cache': False, 'image_processor_backend': 'auto', 'mm_global_cache_backend': 'mooncake', 'disable_fast_image_processor': False, 'mm_feature_transport': 'cpu', 'keep_mm_feature_on_device': False, 'enable_lora': True, 'enable_lora_overlap_loading': False, 'max_lora_rank': 16, 'lora_target_modules': {'gate_proj', 'v_proj', 'o_proj', 'k_proj', 'up_proj', 'down_proj', 'q_proj'}, 'lora_paths': [], 'max_loaded_loras': None, 'max_loras_per_batch': 1, 'lora_eviction_policy': 'lru', 'lora_backend': 'csgmv', 'max_lora_chunk_size': 16, 'experts_shared_outer_loras': None, 'lora_use_virtual_experts': True, 'lora_strict_loading': False, 'lora_no_cpu_backup': False, 'lora_drain_wait_threshold': 0.0, 'enable_two_batch_overlap': False, 'enable_single_batch_overlap': False, 'tbo_token_distribution_threshold': 0.48, 'cpu_offload_gb': 0, 'offload_group_size': -1, 'offload_num_in_group': 1, 'offload_prefetch_step': 1, 'offload_mode': 'cpu', 'enable_lmcache': False, 'lmcache_config_file': None, 'enable_flexkv': False, 'flexkv_config_file': None, 'kt_weight_path': None, 'kt_method': 'AMXINT4', 'kt_cpuinfer': None, 'kt_threadpool_count': 2, 'kt_num_gpu_experts': None, 'kt_max_deferred_experts_per_token': None, 'dllm_algorithm': None, 'dllm_algorithm_config': None, 'dllm_fdfo': True, 'disaggregation_mode': 'null', 'disaggregation_transfer_backend': 'mooncake', 'disaggregation_bootstrap_port': 8998, 'disaggregation_ib_device': None, 'disaggregation_decode_enable_radix_cache': False, 'disaggregation_decode_enable_offload_kvcache': False, 'disaggregation_decode_retraction_backup': None, 'num_reserved_decode_tokens': 512, 'disaggregation_decode_extra_slots': None, 'disaggregation_decode_polling_interval': 1, 'optimistic_prefill_attempts': 0, 'encoder_only': False, 'language_only': False, 'language_model_only': False, 'encoder_transfer_backend': 'zmq_to_scheduler', 'encoder_urls': [], 'encoder_bootstrap_port': 8997, 'encoder_register_urls': [], 'enable_adaptive_dispatch_to_encoder': False, 'enable_pdmux': False, 'pdmux_config_path': None, 'sm_group_num': 8, 'startup_weight_load_mode': 'serial', 'custom_weight_loader': [], 'weight_loader_disable_mmap': False, 'weight_loader_prefetch_checkpoints': False, 'weight_loader_prefetch_num_threads': 4, 'weight_loader_drop_cache_after_load': False, 'remote_instance_weight_loader_seed_instance_ip': None, 'remote_instance_weight_loader_seed_instance_service_port': None, 'remote_instance_weight_loader_send_weights_group_ports': None, 'remote_instance_weight_loader_backend': 'nccl', 'remote_instance_weight_loader_start_seed_via_transfer_engine': False, 'engine_info_bootstrap_port': 20035, 'modelexpress_config': None, 'download_dir': None, 'model_checksum': None, 'delete_ckpt_after_loading': False, 'decrypted_config_file': None, 'decrypted_draft_config_file': None, 'checkpoint_engine_wait_weights_before_ready': False, 'enable_prefill_delayer': False, 'prefill_delayer_max_delay_passes': 30, 'prefill_delayer_token_usage_low_watermark': None, 'prefill_delayer_forward_passes_buckets': None, 'prefill_delayer_wait_seconds_buckets': None, 'prefill_delayer_queue_min_ratio': None, 'prefill_delayer_
[algo1a-g3c-tis-l1-modal] max_delay_ms': None, 'min_free_slots_delay': None, 'enable_deterministic_inference': True, 'rl_on_policy_target': None, 'kv_canary': 'none', 'kv_canary_real_data': 'none', 'kv_canary_sweep_interval': 0, 'enable_dynamic_batch_tokenizer': False, 'dynamic_batch_tokenizer_batch_size': 32, 'dynamic_batch_tokenizer_batch_timeout': 0.002, 'enable_tokenizer_batch_encode': False, 'disable_tokenizer_batch_decode': False, 'debug_tensor_dump_output_folder': None, 'debug_tensor_dump_layers': None, 'debug_tensor_dump_input_file': None, 'enable_memory_saver': True, 'enable_weights_cpu_backup': True, 'enable_weights_disk_backup': False, 'enable_draft_weights_cpu_backup': True, 'enable_custom_logit_processor': False, 'enable_return_hidden_states': False, 'return_hidden_states_mode': None, 'enable_return_routed_experts': False, 'enable_return_indexer_topk': False, 'sampling_mask_max_tokens': 4096, 'disable_outlines_disk_cache': False, 'enable_mis': False, 'weight_cache_mode': 'off', 'weight_cache_socket': None, 'weight_cache_timeout': 1800, 'forward_hooks': None, 'msprobe_dump_config': None, 'custom_pull_weights_pre_read_hook': None, 'enable_engine_info_bootstrap': False, 'enable_rdt_weight_sync': False, 'enable_prefill_only_deterministic_inference': False, 'true_on_policy_contract': None, 'ple_offload_embedding': None, 'ple_offload_backend': 'pinned', 'ple_offload_dir': None, 'speculative_domino_candidate_pool_size': 2048, 'flashinfer_a2a_dispatch_type': None, 'disable_draft_cuda_graph': False, 'dsv4_attn_backend': 'auto', '_radix_eviction_policy_explicitly_set': False, 'enable_response_store': False}
[algo1a-g3c-tis-l1-modal] [36m(CommandActor pid=2526)[0m [2026-09-29 19:58:31] Using default HuggingFace chat template with detected content format: string
[algo1a-g3c-tis-l1-modal] 
[algo1a-g3c-tis-l1-modal] [36m(CommandActor pid=2526)[0m [2026-09-29 19:58:31] Auto-detected template features: reasoning_config=ReasoningToggleConfig(toggle_param='enable_thinking', default_enabled=True, special_case=None, effort_kwarg=None), reasoning_parser=qwen3, tool_call_parser=qwen
[algo1a-g3c-tis-l1-modal] 
[algo1a-g3c-tis-l1-modal] [36m(CommandActor pid=2526)[0m /opt/sglang/lib/python3.12/site-packages/huggingface_hub/constants.py:301: FutureWarning: The `HF_HUB_ENABLE_HF_TRANSFER` environment variable is deprecated as 'hf_transfer' is not used anymore. Please use `HF_XET_HIGH_PERFORMANCE` instead to enable high performance transfer with Xet. Visit https://huggingface.co/docs/huggingface_hub/package_reference/environment_variables#hfxethighperformance for more details.
[algo1a-g3c-tis-l1-modal] 
[algo1a-g3c-tis-l1-modal] [36m(CommandActor pid=2526)[0m   warnings.warn(
[algo1a-g3c-tis-l1-modal] 
[algo1a-g3c-tis-l1-modal] [36m(CommandActor pid=2526)[0m /opt/sglang/lib/python3.12/site-packages/huggingface_hub/constants.py:301: FutureWarning: The `HF_HUB_ENABLE_HF_TRANSFER` environment variable is deprecated as 'hf_transfer' is not used anymore. Please use `HF_XET_HIGH_PERFORMANCE` instead to enable high performance transfer with Xet. Visit https://huggingface.co/docs/huggingface_hub/package_reference/environment_variables#hfxethighperformance for more details.
[algo1a-g3c-tis-l1-modal] 
[algo1a-g3c-tis-l1-modal] [36m(CommandActor pid=2526)[0m   warnings.warn(
[algo1a-g3c-tis-l1-modal] 
[algo1a-g3c-tis-l0-modal] [36m(pid=1474)[0m Flax classes are deprecated and will be removed in Diffusers v1.0.0. We recommend migrating to PyTorch classes or pinning your version of Diffusers.
[algo1a-g3c-tis-l0-modal] 
[algo1a-g3c-tis-l0-modal] [36m(pid=1474)[0m Flax classes are deprecated and will be removed in Diffusers v1.0.0. We recommend migrating to PyTorch classes or pinning your version of Diffusers.
[algo1a-g3c-tis-l0-modal] 
[algo1a-g3c-tis-l0-modal] [36m(pid=1473)[0m /opt/sglang/lib/python3.12/site-packages/transformer_engine/__init__.py:103: RuntimeWarning: Detected a Jax installation but could not find the shared object file for the Transformer Engine Jax extension library. If this is not intentional, please reinstall Transformer Engine with `pip install transformer_engine[jax]` or build from source with `NVTE_FRAMEWORK=jax`.
[algo1a-g3c-tis-l0-modal] 
[algo1a-g3c-tis-l0-modal] [36m(pid=1473)[0m   warnings.warn(
[algo1a-g3c-tis-l0-modal] 
[algo1a-g3c-tis-l0-modal] [36m(pid=1474)[0m WARNING:megatron.bridge.models.muse_glimmer:Muse Glimmer Hugging Face classes are unavailable with transformers 5.12.1. Upgrade transformers to a version that supports Muse Glimmer.
[algo1a-g3c-tis-l0-modal] 
[algo1a-g3c-tis-l0-modal] [36m(pid=1474)[0m WARNING:miles_plugins.models.qwen3_vl:megatron-bridge Qwen3VLModel lacks native CP-local vision-embed selection; CP runs with vision tokens will mis-place vision embeddings. Apply the matching Megatron-Bridge patch (radixark/Megatron-Bridge PR #9).
[algo1a-g3c-tis-l0-modal] 
[algo1a-g3c-tis-l0-modal] [36m(pid=1473)[0m Flax classes are deprecated and will be removed in Diffusers v1.0.0. We recommend migrating to PyTorch classes or pinning your version of Diffusers.[32m [repeated 8x across cluster][0m
[algo1a-g3c-tis-l0-modal] 
[algo1a-g3c-tis-l1-modal] [36m(CommandActor pid=2526)[0m /opt/sglang/lib/python3.12/site-packages/transformer_engine/__init__.py:103: RuntimeWarning: Detected a Jax installation but could not find the shared object file for the Transformer Engine Jax extension library. If this is not intentional, please reinstall Transformer Engine with `pip install transformer_engine[jax]` or build from source with `NVTE_FRAMEWORK=jax`.
[algo1a-g3c-tis-l1-modal] 
[algo1a-g3c-tis-l1-modal] [36m(CommandActor pid=2526)[0m   warnings.warn(
[algo1a-g3c-tis-l1-modal] 
[algo1a-g3c-tis-l1-modal] [36m(CommandActor pid=2526)[0m [2026-09-29 19:58:52] Detected Megatron Core, using Megatron-FSDP with Megatron.
[algo1a-g3c-tis-l1-modal] 
[algo1a-g3c-tis-l1-modal] [36m(CommandActor pid=2526)[0m [2026-09-29 19:58:52] Detected Megatron Core, using Megatron-FSDP with Megatron.
[algo1a-g3c-tis-l0-modal] [36m(RolloutExecutor pid=1472)[0m [2026-09-29 19:58:56.692 rollout_executor] reporter.py:90 - audit op=env_report_summary hostname=modal versions="{\"python\":\"3.12.3\",\"platform\":\"Linux-4.19.0-gvisor-x86_64-with-glibc2.39\",\"torch\":\"2.13.0+cu130\",\"torch_cuda\":\"13.0\"}" repos="{}" num_packages=0 num_env_vars=110 packages_probed=false stored=false
[algo1a-g3c-tis-l0-modal] 
[algo1a-g3c-tis-l0-modal] [36m(pid=1723)[0m WARNING:megatron.bridge.models.muse_glimmer:Muse Glimmer Hugging Face classes are unavailable with transformers 5.12.1. Upgrade transformers to a version that supports Muse Glimmer.[32m [repeated 4x across cluster][0m
[algo1a-g3c-tis-l0-modal] 
[algo1a-g3c-tis-l0-modal] [36m(pid=1723)[0m WARNING:miles_plugins.models.qwen3_vl:megatron-bridge Qwen3VLModel lacks native CP-local vision-embed selection; CP runs with vision tokens will mis-place vision embeddings. Apply the matching Megatron-Bridge patch (radixark/Megatron-Bridge PR #9).[32m [repeated 4x across cluster][0m
[algo1a-g3c-tis-l0-modal] 
[algo1a-g3c-tis-l1-modal] [36m(CommandActor pid=2526)[0m [2026-09-29 19:58:59] Init torch distributed begin.
[algo1a-g3c-tis-l0-modal] [36m(MegatronTrainRayActor pid=1723)[0m [2026-09-29 19:58:59.617 actor_cell00000_rank00000] reporter.py:90 - audit op=env_report_summary hostname=modal versions="{\"python\":\"3.12.3\",\"platform\":\"Linux-4.19.0-gvisor-x86_64-with-glibc2.39\",\"torch\":\"2.13.0+cu130\",\"torch_cuda\":\"13.0\"}" repos="{}" num_packages=0 num_env_vars=129 packages_probed=false stored=false
[algo1a-g3c-tis-l1-modal] 
[algo1a-g3c-tis-l0-modal] 
[algo1a-g3c-tis-l1-modal] [36m(CommandActor pid=2526)[0m [2026-09-29 19:58:59] Gated launch control server started on 172.20.22.83:20036
[algo1a-g3c-tis-l1-modal] 
[algo1a-g3c-tis-l1-modal] [36m(CommandActor pid=2526)[0m [2026-09-29 19:58:59] Gated launch waiting for activation. rank=0
[algo1a-g3c-tis-l1-modal] 
[algo1a-g3c-tis-l0-modal] [36m(RolloutExecutor pid=1472)[0m [2026-09-29 19:59:01.162 rollout_executor] reporter.py:90 - audit op=env_report_summary hostname=modal versions="{\"python\":\"3.12.3\",\"platform\":\"Linux-4.19.0-gvisor-x86_64-with-glibc2.39\",\"miles\":\"0.1.1\",\"sglang\":\"0.5.21.dev67+g9f29303\",\"sglang-router\":\"0.3.2\",\"megatron-core\":\"0.19.0+a84b10547\",\"transformers\":\"5.12.1\",\"ray\":\"2.58.0\",\"flashinfer-python\":\"0.6.18\",\"torch\":\"2.13.0+cu130\",\"torch_cuda\":\"13.0\"}" repos="{\"miles\":\"d002615f44816ae243169643dc093eb2c29029d8\",\"megatron-core\":\"a84b105473eca9c9c6e49dbf1c8aa460c5cf796e\",\"sglang\":\"9f29303bef1eea38eb613e5f454a52db1326422d\"}" num_packages=425 num_env_vars=110 packages_probed=true stored=false
[algo1a-g3c-tis-l0-modal] 
[algo1a-g3c-tis-l0-modal] [36m(MegatronTrainRayActor pid=1723)[0m [2026-09-29 19:59:04.326 actor_cell00000_rank00000] reporter.py:90 - audit op=env_report_summary hostname=modal versions="{\"python\":\"3.12.3\",\"platform\":\"Linux-4.19.0-gvisor-x86_64-with-glibc2.39\",\"miles\":\"0.1.1\",\"sglang\":\"0.5.21.dev67+g9f29303\",\"sglang-router\":\"0.3.2\",\"megatron-core\":\"0.19.0+a84b10547\",\"transformers\":\"5.12.1\",\"ray\":\"2.58.0\",\"flashinfer-python\":\"0.6.18\",\"torch\":\"2.13.0+cu130\",\"torch_cuda\":\"13.0\"}" repos="{\"miles\":\"d002615f44816ae243169643dc093eb2c29029d8\",\"megatron-core\":\"a84b105473eca9c9c6e49dbf1c8aa460c5cf796e\",\"sglang\":\"9f29303bef1eea38eb613e5f454a52db1326422d\"}" num_packages=425 num_env_vars=129 packages_probed=true stored=false
[algo1a-g3c-tis-l0-modal] 
[algo1a-g3c-tis-l1-modal] [36m(CommandActor pid=2526)[0m [2026-09-29 19:59:09] Gated launch still waiting for activation. rank=0 elapsed=10 s
[algo1a-g3c-tis-l1-modal] 
[algo1a-g3c-tis-l1-modal] [36m(CommandActor pid=2526)[0m [2026-09-29 19:59:19] Gated launch still waiting for activation. rank=0 elapsed=20 s
[algo1a-g3c-tis-l1-modal] 
[algo1a-g3c-tis-l0-modal] [36m(pid=1470)[0m Flax classes are deprecated and will be removed in Diffusers v1.0.0. We recommend migrating to PyTorch classes or pinning your version of Diffusers.
[algo1a-g3c-tis-l0-modal] 
[algo1a-g3c-tis-l0-modal] [36m(pid=1470)[0m Flax classes are deprecated and will be removed in Diffusers v1.0.0. We recommend migrating to PyTorch classes or pinning your version of Diffusers.
[algo1a-g3c-tis-l0-modal] 
[algo1a-g3c-tis-l0-modal] [36m(pid=1470)[0m WARNING:megatron.bridge.models.muse_glimmer:Muse Glimmer Hugging Face classes are unavailable with transformers 5.12.1. Upgrade transformers to a version that supports Muse Glimmer.
[algo1a-g3c-tis-l0-modal] 
[algo1a-g3c-tis-l0-modal] [36m(pid=1470)[0m WARNING:miles_plugins.models.qwen3_vl:megatron-bridge Qwen3VLModel lacks native CP-local vision-embed selection; CP runs with vision tokens will mis-place vision embeddings. Apply the matching Megatron-Bridge patch (radixark/Megatron-Bridge PR #9).
[algo1a-g3c-tis-l0-modal] 
[algo1a-g3c-tis-l0-modal] [36m(RayWorkerManager pid=1267)[0m [2026-09-29 19:59:26.817 worker_manager] inference.py:186 - Launch router with args: {'worker_urls': [], 'policy': 'cache_aware', 'prefill_policy': None, 'decode_policy': None, 'cache_threshold': 0.3, 'balance_abs_threshold': 64, 'balance_rel_threshold': 1.5, 'bucket_adjust_interval_secs': 5, 'eviction_interval_secs': 60, 'max_tree_size': 67108864, 'max_idle_secs': 14400, 'assignment_mode': 'random', 'max_payload_size': 536870912, 'dp_aware': False, 'enable_igw': False, 'allow_requests_without_routing_key': False, 'mini_lb': False, 'test_external_dp_routing': False, 'pd_disaggregation': False, 'prefill': None, 'decode': None, 'worker_startup_timeout_secs': 1800, 'worker_startup_check_interval': 30, 'log_dir': None, 'log_level': 'warn', 'json_log': False, 'service_discovery': False, 'selector': {}, 'service_discovery_port': 80, 'service_discovery_namespace': None, 'prefill_selector': {}, 'decode_selector': {}, 'prometheus_port': 20033, 'prometheus_host': '0.0.0.0', 'prometheus_duration_buckets': None, 'request_id_headers': None, 'request_timeout_secs': 14400, 'shutdown_grace_period_secs': 180, 'cors_allowed_origins': [], 'max_concurrent_requests': -1, 'queue_size': 100, 'queue_timeout_secs': 60, 'rate_limit_tokens_per_second': None, 'retry_max_retries': 5, 'retry_initial_backoff_ms': 50, 'retry_max_backoff_ms': 30000, 'retry_backoff_multiplier': 1.5, 'retry_jitter_factor': 0.2, 'disable_retries': False, 'cb_failure_threshold': 10, 'cb_success_threshold': 3, 'cb_timeout_duration_secs': 60, 'cb_window_duration_secs': 120, 'disable_circuit_breaker': False, 'health_failure_threshold': 3, 'health_success_threshold': 2, 'health_check_timeout_secs': 5, 'health_check_interval_secs': 60, 'health_check_endpoint': '/health', 'disable_health_check': False, 'model_path': None, 'tokenizer_path': None, 'chat_template': None, 'tokenizer_cache_enable_l0': False, 'tokenizer_cache_l0_max_entries': 10000, 'tokenizer_cache_enable_l1': False, 'tokenizer_cache_l1_max_memory': 52428800, 'reasoning_parser': None, 'tool_call_parser': None, 'mcp_config_path': None, 'backend': 'sglang', 'history_backend': 'memory', 'oracle_wallet_path': None, 'oracle_tns_alias': None, 'oracle_connect_descriptor': None, 'oracle_username': None, 'oracle_password': None, 'oracle_pool_min': 1, 'oracle_pool_max': 16, 'oracle_pool_timeout_secs': 30, 'postgres_db_url': None, 'postgres_pool_max': 16, 'redis_url': None, 'redis_pool_max': 16, 'redis_retention_days': 30, 'client_cert_path': None, 'client_key_path': None, 'ca_cert_paths': [], 'tls_cert_path': None, 'tls_key_path': None, 'enable_trace': False, 'otlp_traces_endpoint': 'localhost:4317', 'api_key': None, 'control_plane_api_keys': [], 'control_plane_audit_enabled': False, 'jwt_issuer': None, 'jwt_audience': None, 'jwt_jwks_uri': None, 'jwt_role_mapping': [], 'host': '172.20.9.131', 'port': 20001}
[algo1a-g3c-tis-l0-modal] 
[algo1a-g3c-tis-l0-modal] [36m(RayWorkerManager pid=1267)[0m [2026-09-29 19:59:26.822 worker_manager] sglang_engine.py:169 - No pre-trained LoRA adapter_path provided, will use random initial weights
[algo1a-g3c-tis-l0-modal] 
[36m(RayWorkerManager pid=1267)[0m [2026-09-29 19:59:26.823 worker_manager] sglang_engine.py:178 - LoRA + colocate: enabling SGLang enable_weights_cpu_backup=True; the trainer will skip per-step base weight sync.
[algo1a-g3c-tis-l0-modal] 
[algo1a-g3c-tis-l0-modal] [36m(CommandActor pid=1474)[0m [process_trampoline pid=2215] bound to parent 1474; exec ['/bin/sh', '-c', 'exec /opt/sglang/bin/python3 -m sglang.launch_server --trust-remote-code --model-path /root/.cache/huggingface/hub/models--Qwen--Qwen3-0.6B/snapshots/c1899de289a04d12100db370d81485cdf75e47ca --host 172.20.9.131 --port 20000 --device cuda --random-seed 17 --enable-memory-saver --nccl-port 20034 --dist-init-addr 172.20.9.131:20002 --gated-launch-port 20036 --skip-server-warmup --enable-draft-weights-cpu-backup --enable-metrics --engine-info-bootstrap-port 20035 --enable-lora --max-loras-per-batch 1 --max-lora-rank 16 --lora-target-modules down_proj gate_proj k_proj o_proj q_proj up_proj v_proj --enable-weights-cpu-backup --mem-fraction-static 0.4 --cuda-graph-backend-prefill disabled --lora-use-virtual-experts --enable-deterministic-inference']
[algo1a-g3c-tis-l0-modal] 
[algo1a-g3c-tis-l0-modal] [36m(CommandActor pid=1478)[0m [process_trampoline pid=2213] bound to parent 1478; exec ['/bin/sh', '-c', 'exec /opt/sglang/bin/python3 -m sglang_router.launch_router --log-level warn --prometheus-port 20033 --request-timeout-secs 14400 --host 172.20.9.131 --port 20001']
[algo1a-g3c-tis-l0-modal] [2026-09-29 19:59:27.901 main] router_manager.py:64 - Router ready at host='172.20.9.131' port=20001 external_host=None
[algo1a-g3c-tis-l0-modal] [36m(InferenceController pid=1473)[0m [2026-09-29 19:59:27.951 inference_controller] reporter.py:90 - audit op=env_report_summary hostname=modal versions="{\"python\":\"3.12.3\",\"platform\":\"Linux-4.19.0-gvisor-x86_64-with-glibc2.39\",\"torch\":\"2.13.0+cu130\",\"torch_cuda\":\"13.0\"}" repos="{}" num_packages=0 num_env_vars=110 packages_probed=false stored=false
[algo1a-g3c-tis-l0-modal] 
[algo1a-g3c-tis-l0-modal] [36m(InferenceController pid=1473)[0m [2026-09-29 19:59:27.970 inference_controller] router_manager.py:64 - Router ready at host='172.20.9.131' port=20001 external_host=None
[algo1a-g3c-tis-l0-modal] 
[algo1a-g3c-tis-l0-modal] [36m(RolloutExecutor pid=1472)[0m [2026-09-29 19:59:27.984 rollout_executor] router_manager.py:64 - Router ready at host='172.20.9.131' port=20001 external_host=None
[algo1a-g3c-tis-l0-modal] 
[algo1a-g3c-tis-l1-modal] [36m(CommandActor pid=2526)[0m [2026-09-29 19:59:29] Gated launch still waiting for activation. rank=0 elapsed=30 s
[algo1a-g3c-tis-l1-modal] 
[algo1a-g3c-tis-l0-modal] [36m(InferenceController pid=1473)[0m [2026-09-29 19:59:31.824 inference_controller] reporter.py:90 - audit op=env_report_summary hostname=modal versions="{\"python\":\"3.12.3\",\"platform\":\"Linux-4.19.0-gvisor-x86_64-with-glibc2.39\",\"miles\":\"0.1.1\",\"sglang\":\"0.5.21.dev67+g9f29303\",\"sglang-router\":\"0.3.2\",\"megatron-core\":\"0.19.0+a84b10547\",\"transformers\":\"5.12.1\",\"ray\":\"2.58.0\",\"flashinfer-python\":\"0.6.18\",\"torch\":\"2.13.0+cu130\",\"torch_cuda\":\"13.0\"}" repos="{\"miles\":\"d002615f44816ae243169643dc093eb2c29029d8\",\"megatron-core\":\"a84b105473eca9c9c6e49dbf1c8aa460c5cf796e\",\"sglang\":\"9f29303bef1eea38eb613e5f454a52db1326422d\"}" num_packages=425 num_env_vars=110 packages_probed=true stored=false
[algo1a-g3c-tis-l0-modal] 
[algo1a-g3c-tis-l0-modal] [36m(CommandActor pid=1474)[0m /opt/sglang/lib/python3.12/site-packages/huggingface_hub/constants.py:301: FutureWarning: The `HF_HUB_ENABLE_HF_TRANSFER` environment variable is deprecated as 'hf_transfer' is not used anymore. Please use `HF_XET_HIGH_PERFORMANCE` instead to enable high performance transfer with Xet. Visit https://huggingface.co/docs/huggingface_hub/package_reference/environment_variables#hfxethighperformance for more details.
[algo1a-g3c-tis-l0-modal] 
[algo1a-g3c-tis-l0-modal] [36m(CommandActor pid=1474)[0m   warnings.warn(
[algo1a-g3c-tis-l0-modal] 
[algo1a-g3c-tis-l0-modal] [36m(RolloutExecutor pid=1472)[0m [2026-09-29 19:59:32.590 rollout_executor] data.py:133 - Filtered 0 samples longer than max_length=1023.
[algo1a-g3c-tis-l0-modal] 
[algo1a-g3c-tis-l0-modal] [36m(RolloutExecutor pid=1472)[0m [2026-09-29 19:59:33.569 rollout_executor] rollout_executor.py:117 - import miles.rollout.inference_rollout.inference_rollout_common.InferenceRolloutFn as generate_rollout function.
[algo1a-g3c-tis-l0-modal] 
[algo1a-g3c-tis-l0-modal] [36m(RolloutExecutor pid=1472)[0m [2026-09-29 19:59:33.570 rollout_executor] rollout_executor.py:118 - import miles.rollout.inference_rollout.inference_rollout_common.InferenceRolloutFn as eval_generate_rollout function.
[algo1a-g3c-tis-l0-modal] 
[algo1a-g3c-tis-l0-modal] [36m(TrainerController pid=1470)[0m [2026-09-29 19:59:33.629 trainer_controller_actor] reporter.py:90 - audit op=env_report_summary hostname=modal versions="{\"python\":\"3.12.3\",\"platform\":\"Linux-4.19.0-gvisor-x86_64-with-glibc2.39\",\"torch\":\"2.13.0+cu130\",\"torch_cuda\":\"13.0\"}" repos="{}" num_packages=0 num_env_vars=110 packages_probed=false stored=false
[algo1a-g3c-tis-l0-modal] 
[algo1a-g3c-tis-l0-modal] [36m(TrainerController pid=1470)[0m Using blocking ray.get inside async actor. This blocks the event loop. Please use `await` on object ref with asyncio.gather if you want to yield execution to the event loop instead.
[algo1a-g3c-tis-l0-modal] 
[algo1a-g3c-tis-l0-modal] [36m(TrainerController pid=1470)[0m [2026-09-29 19:59:35.574 trainer_controller_actor] cell.py:231 - ft op=execute phase=start cell=trainer-engine-actor-00000 fn=configure_master_addr_and_port n_actors=1
[algo1a-g3c-tis-l0-modal] 
[algo1a-g3c-tis-l0-modal] [36m(TrainerController pid=1470)[0m [2026-09-29 19:59:35.580 trainer_controller_actor] cell.py:239 - ft op=execute phase=end cell=trainer-engine-actor-00000 fn=configure_master_addr_and_port ok=true elapsed_s=0.0
[algo1a-g3c-tis-l0-modal] [36m(TrainerController pid=1470)[0m [2026-09-29 19:59:35.581 trainer_controller_actor] cell.py:231 - ft op=execute phase=start cell=trainer-engine-actor-00000 fn=init n_actors=1
[algo1a-g3c-tis-l0-modal] 
[algo1a-g3c-tis-l0-modal] [36m(MegatronTrainRayActor pid=1723)[0m [2026-09-29 19:59:35.586 actor_cell00000_rank00000] structured_log.py:24 - actor cls=MegatronTrainRayActor fn=init phase=start
[algo1a-g3c-tis-l0-modal] 
[algo1a-g3c-tis-l0-modal] [36m(MegatronTrainRayActor pid=1723)[0m [2026-09-29 19:59:35.587 actor_cell00000_rank00000] reloadable_process_group.py:21 - Applying monkey patch to torch.distributed
[algo1a-g3c-tis-l0-modal] 
[algo1a-g3c-tis-l0-modal] [36m(MegatronTrainRayActor pid=1723)[0m [2026-09-29 19:59:35.671 actor_cell00000_rank00000] reporter.py:90 - audit op=env_report_summary hostname=modal versions="{\"python\":\"3.12.3\",\"platform\":\"Linux-4.19.0-gvisor-x86_64-with-glibc2.39\",\"torch\":\"2.13.0+cu130\",\"torch_cuda\":\"13.0\"}" repos="{}" num_packages=0 num_env_vars=131 packages_probed=false stored=false
[algo1a-g3c-tis-l0-modal] 
[algo1a-g3c-tis-l0-modal] [36m(MegatronTrainRayActor pid=1723)[0m [2026-09-29 19:59:35.720 actor_cell00000_rank00000] train_actor.py:161 - Warning: Failed to set NUMA affinity: Unknown Error
[algo1a-g3c-tis-l0-modal] 
[algo1a-g3c-tis-l0-modal] [36m(MegatronTrainRayActor pid=1723)[0m [2026-09-29 19:59:35.733 actor_cell00000_rank00000] initialize.py:46 - > setting random seeds to 17 ...
[algo1a-g3c-tis-l0-modal] 
[algo1a-g3c-tis-l0-modal] [36m(MegatronTrainRayActor pid=1723)[0m [2026-09-29 19:59:37.457 actor_cell00000_rank00000] actor.py:183 - Set torch_memory_saver.memory_margin_bytes to 1073741824
[algo1a-g3c-tis-l0-modal] 
[algo1a-g3c-tis-l0-modal] [36m(MegatronTrainRayActor pid=1723)[0m /root/Megatron-LM/megatron/core/models/mimo/config/base_configs.py:12: UserWarning: MimoModelConfig is experimental and still under active development. The API may change without notice in future releases.
[36m(MegatronTrainRayActor pid=1723)[0m   class MimoModelConfig:
[algo1a-g3c-tis-l0-modal] [36m(TrainerController pid=1470)[0m [2026-09-29 19:59:37.623 trainer_controller_actor] reporter.py:90 - audit op=env_report_summary hostname=modal versions="{\"python\":\"3.12.3\",\"platform\":\"Linux-4.19.0-gvisor-x86_64-with-glibc2.39\",\"miles\":\"0.1.1\",\"sglang\":\"0.5.21.dev67+g9f29303\",\"sglang-router\":\"0.3.2\",\"megatron-core\":\"0.19.0+a84b10547\",\"transformers\":\"5.12.1\",\"ray\":\"2.58.0\",\"flashinfer-python\":\"0.6.18\",\"torch\":\"2.13.0+cu130\",\"torch_cuda\":\"13.0\"}" repos="{\"miles\":\"d002615f44816ae243169643dc093eb2c29029d8\",\"megatron-core\":\"a84b105473eca9c9c6e49dbf1c8aa460c5cf796e\",\"sglang\":\"9f29303bef1eea38eb613e5f454a52db1326422d\"}" num_packages=425 num_env_vars=110 packages_probed=true stored=false
[algo1a-g3c-tis-l0-modal] 
[algo1a-g3c-tis-l0-modal] [36m(MegatronTrainRayActor pid=1723)[0m [2026-09-29 19:59:37.614 actor_cell00000_rank00000] auto_bridge.py:600 - Loading a model with trust_remote_code=True allows arbitrary code execution from the model repository. Only use this with models you trust.
[algo1a-g3c-tis-l0-modal] 
[algo1a-g3c-tis-l0-modal] [36m(MegatronTrainRayActor pid=1723)[0m /opt/sglang/lib/python3.12/site-packages/megatron/bridge/models/qwen/qwen3_bridge.py:45: FutureWarning: Qwen3Bridge.provider_bridge() and AutoBridge.to_megatron_provider() are deprecated for builder-backed models. Use AutoBridge.get_model_config() for training recipes or AutoBridge.get_model() to construct a model. Legacy provider support will be removed in a future release.
[algo1a-g3c-tis-l0-modal] 
[algo1a-g3c-tis-l0-modal] [36m(MegatronTrainRayActor pid=1723)[0m   provider = super().provider_bridge(hf_pretrained)
[algo1a-g3c-tis-l0-modal] 
[algo1a-g3c-tis-l0-modal] [36m(MegatronTrainRayActor pid=1723)[0m [transformers] `torch_dtype` is deprecated! Use `dtype` instead!
[algo1a-g3c-tis-l0-modal] 
[algo1a-g3c-tis-l0-modal] [36m(MegatronTrainRayActor pid=1723)[0m /root/Megatron-LM/megatron/core/transformer/transformer_config.py:3249: UserWarning: full scope is deprecated. Use empty cuda_graph_modules to capture the whole layer.
[algo1a-g3c-tis-l0-modal] 
[algo1a-g3c-tis-l0-modal] [36m(MegatronTrainRayActor pid=1723)[0m   warnings.warn(
[algo1a-g3c-tis-l0-modal] 
[algo1a-g3c-tis-l0-modal] [36m(MegatronTrainRayActor pid=1723)[0m [2026-09-29 19:59:37.682 actor_cell00000_rank00000] utils.py:122 - Patched _ParamAndGradBuffer.__init__ for LoRA colocate mode (disable cpu backup)
[algo1a-g3c-tis-l0-modal] 
[algo1a-g3c-tis-l0-modal] [36m(MegatronTrainRayActor pid=1723)[0m /root/Megatron-LM/megatron/core/models/gpt/gpt_layer_specs.py:225: UserWarning: The fp8 argument in "get_gpt_layer_with_transformer_engine_spec" has been deprecated and will be removed soon. Please update your code accordingly.
[algo1a-g3c-tis-l0-modal] 
[algo1a-g3c-tis-l0-modal] [36m(MegatronTrainRayActor pid=1723)[0m   warnings.warn(
[algo1a-g3c-tis-l0-modal] 
[algo1a-g3c-tis-l0-modal] [36m(MegatronTrainRayActor pid=1723)[0m [2026-09-29 19:59:38.346 actor_cell00000_rank00000] utils.py:159 - Created CanonicalLoRA: rank=16, alpha=16, dropout=0.0, target_modules=['decoder.layers.*.self_attention.linear_proj', 'decoder.layers.*.mlp.linear_fc2', 'decoder.layers.*.self_attention.linear_k', 'decoder.layers.*.self_attention.linear_q', 'decoder.layers.*.self_attention.linear_v', 'decoder.layers.*.mlp.linear_fc1_up', 'decoder.layers.*.mlp.linear_fc1_gate']
[algo1a-g3c-tis-l0-modal] 
[algo1a-g3c-tis-l0-modal] [36m(MegatronTrainRayActor pid=1723)[0m  > number of parameters on (tensor, pipeline) model parallel rank (0, 0): 606142464
[algo1a-g3c-tis-l0-modal] 
[algo1a-g3c-tis-l0-modal] [36m(MegatronTrainRayActor pid=1723)[0m [2026-09-29 19:59:39.239 actor_cell00000_rank00000] checkpoint.py:217 - Load checkpoint from HuggingFace model into Megatron (path=/root/.cache/huggingface/hub/models--Qwen--Qwen3-0.6B/snapshots/c1899de289a04d12100db370d81485cdf75e47ca)
[algo1a-g3c-tis-l0-modal] 
[algo1a-g3c-tis-l0-modal] [36m(MegatronTrainRayActor pid=1723)[0m [2026-09-29 19:59:39.243 actor_cell00000_rank00000] auto_bridge.py:600 - Loading a model with trust_remote_code=True allows arbitrary code execution from the model repository. Only use this with models you trust.
[algo1a-g3c-tis-l0-modal] 
[algo1a-g3c-tis-l1-modal] [36m(CommandActor pid=2526)[0m [2026-09-29 19:59:39] Gated launch still waiting for activation. rank=0 elapsed=40 s
[algo1a-g3c-tis-l1-modal] 
[algo1a-g3c-tis-l0-modal] [36m(MegatronTrainRayActor pid=1723)[0m Loading from /root/.cache/huggingface/hub/models--Qwen--Qwen3-0.6B/snaps… … Qwe…
[algo1a-g3c-tis-l0-modal] 
[algo1a-g3c-tis-l0-modal] [36m(CommandActor pid=1474)[0m /root/sglang/python/sglang/launch_server.py:71: UserWarning: 'python -m sglang.launch_server' is still supported, but 'sglang serve' is the recommended entrypoint.
[algo1a-g3c-tis-l0-modal] 
[36m(CommandActor pid=1474)[0m   Example: sglang serve --model-path <model> [options]
[algo1a-g3c-tis-l0-modal] 
[algo1a-g3c-tis-l0-modal] [36m(MegatronTrainRayActor pid=1723)[0m [2026-09-29 19:59:41.200 actor_cell00000_rank00000] auto_bridge.py:600 - Loading a model with trust_remote_code=True allows arbitrary code execution from the model repository. Only use this with models you trust.
[algo1a-g3c-tis-l0-modal] 
[algo1a-g3c-tis-l0-modal] [36m(MegatronTrainRayActor pid=1723)[0m [2026-09-29 19:59:41.203 actor_cell00000_rank00000] structured_log.py:24 - actor cls=MegatronTrainRayActor fn=sleep phase=start
[algo1a-g3c-tis-l0-modal] 
[algo1a-g3c-tis-l0-modal] [36m(MegatronTrainRayActor pid=1723)[0m [2026-09-29 19:59:41.203 actor_cell00000_rank00000] timer.py:31 - Timer sleep start
[algo1a-g3c-tis-l0-modal] 
[algo1a-g3c-tis-l0-modal] [36m(MegatronTrainRayActor pid=1723)[0m [2026-09-29 19:59:41.790 actor_cell00000_rank00000] memory_utils.py:41 - [Rank 0] Memory-Usage before offload model: {'gpu': '0', 'total_GB': 79.18, 'free_GB': 76.13, 'used_GB': 3.04, 'allocated_GB': 1.2, 'reserved_GB': 1.27}
[algo1a-g3c-tis-l0-modal] 
[algo1a-g3c-tis-l0-modal] [2026-09-29 19:59:42.154 main] placement_group.py:300 - trainer 'actor' restored rollout 1, and --start-rollout-id 0 was asked for, so it starts at 0
[algo1a-g3c-tis-l0-modal] YETO_RL_EVENT {"event":"rl_driver_start","execution_mode":"colocated-serial","island_id":0,"placement":"colocated","rl/algorithm_spec_sha256":"5a8a5a9ff5abb317fc8159ab56c07293dc3bc99e084542880b6d32cc5a02b441","runtime_fingerprint":"sha256:f84f7c1e6b5352526632508ef339b9a4b1deee2dd7d44c6be3e5f21abff25456","time_unix":1790711982.1886773}
[algo1a-g3c-tis-l0-modal] 
[algo1a-g3c-tis-l0-modal] [36m(RolloutExecutor pid=1472)[0m [2026-09-29 19:59:42.162 rollout_executor] data_source.py:154 - no dataset state under /root/.cache/huggingface/hub/models--Qwen--Qwen3-0.6B/snapshots/c1899de289a04d12100db370d81485cdf75e47ca/rollout/global_dataset_state_dict_-1.pt: the dataset starts where a fresh run's would
[algo1a-g3c-tis-l0-modal] 
[algo1a-g3c-tis-l0-modal] [36m(TrainerController pid=1470)[0m [2026-09-29 19:59:42.152 trainer_controller_actor] cell.py:239 - ft op=execute phase=end cell=trainer-engine-actor-00000 fn=init ok=true elapsed_s=6.6
[algo1a-g3c-tis-l0-modal] 
[algo1a-g3c-tis-l0-modal] [36m(TrainerController pid=1470)[0m [2026-09-29 19:59:42.153 trainer_controller_actor] cell.py:194 - ft op=state phase=start name=_mark_as_alive cell=trainer-engine-actor-00000 from_state=StateAllocatedUninitialized
[algo1a-g3c-tis-l0-modal] 
[algo1a-g3c-tis-l0-modal] [36m(TrainerController pid=1470)[0m [2026-09-29 19:59:42.153 trainer_controller_actor] cell.py:205 - ft op=state phase=end name=_mark_as_alive cell=trainer-engine-actor-00000 to_state=StateAllocatedAlive
[algo1a-g3c-tis-l0-modal] 
[algo1a-g3c-tis-l0-modal] [36m(TrainerController pid=1470)[0m [2026-09-29 19:59:42.156 trainer_controller_actor] cell.py:231 - ft op=execute phase=start cell=trainer-engine-actor-00000 fn=get_train_parallel_config n_actors=1
[algo1a-g3c-tis-l0-modal] 
[algo1a-g3c-tis-l0-modal] [36m(TrainerController pid=1470)[0m [2026-09-29 19:59:42.158 trainer_controller_actor] cell.py:239 - ft op=execute phase=end cell=trainer-engine-actor-00000 fn=get_train_parallel_config ok=true elapsed_s=0.0
[algo1a-g3c-tis-l0-modal] 
[algo1a-g3c-tis-l0-modal] [36m(TrainerController pid=1470)[0m [2026-09-29 19:59:42.190 trainer_controller_actor] cell.py:231 - ft op=execute phase=start cell=trainer-engine-actor-00000 fn=run_plugin n_actors=1
[algo1a-g3c-tis-l0-modal] 
[algo1a-g3c-tis-l0-modal] [36m(MegatronTrainRayActor pid=1723)[0m [2026-09-29 19:59:42.150 actor_cell00000_rank00000] memory_utils.py:41 - [Rank 0] Memory-Usage after offload model: {'gpu': '0', 'total_GB': 79.18, 'free_GB': 77.38, 'used_GB': 1.8, 'allocated_GB': 1.2, 'reserved_GB': 1.27}
[algo1a-g3c-tis-l0-modal] 
[36m(MegatronTrainRayActor pid=1723)[0m [2026-09-29 19:59:42.150 actor_cell00000_rank00000] timer.py:42 - Timer sleep end (elapsed: 0.9s)
[algo1a-g3c-tis-l0-modal] [36m(MegatronTrainRayActor pid=1723)[0m [2026-09-29 19:59:42.151 actor_cell00000_rank00000] structured_log.py:28 - actor cls=MegatronTrainRayActor fn=sleep phase=end ok=true elapsed_s=0.9
[algo1a-g3c-tis-l0-modal] 
[algo1a-g3c-tis-l0-modal] [36m(MegatronTrainRayActor pid=1723)[0m [2026-09-29 19:59:42.151 actor_cell00000_rank00000] timer.py:31 - Timer train_wait start
[36m(MegatronTrainRayActor pid=1723)[0m [2026-09-29 19:59:42.151 actor_cell00000_rank00000] structured_log.py:28 - actor cls=MegatronTrainRayActor fn=init phase=end ok=true elapsed_s=6.6
[algo1a-g3c-tis-l0-modal] 
[algo1a-g3c-tis-l0-modal] [36m(MegatronTrainRayActor pid=1723)[0m [2026-09-29 19:59:42.197 actor_cell00000_rank00000] structured_log.py:24 - actor cls=MegatronTrainRayActor fn=wake_up phase=start
[algo1a-g3c-tis-l0-modal] 
[algo1a-g3c-tis-l0-modal] [36m(MegatronTrainRayActor pid=1723)[0m [2026-09-29 19:59:42.198 actor_cell00000_rank00000] timer.py:31 - Timer wake_up start
[algo1a-g3c-tis-l0-modal] 
[algo1a-g3c-tis-l0-modal] [36m(MegatronTrainRayActor pid=1723)[0m [2026-09-29 19:59:42.198 actor_cell00000_rank00000] memory_utils.py:41 - [Rank 0] Memory-Usage before wake_up model: {'gpu': '0', 'total_GB': 79.18, 'free_GB': 77.38, 'used_GB': 1.8, 'allocated_GB': 1.2, 'reserved_GB': 1.27}
[algo1a-g3c-tis-l0-modal] 
[algo1a-g3c-tis-l0-modal] [36m(MegatronTrainRayActor pid=1723)[0m [2026-09-29 19:59:42.926 actor_cell00000_rank00000] reloadable_process_group.py:151 - Reloading 0 process groups in pid 1723
[algo1a-g3c-tis-l0-modal] 
[algo1a-g3c-tis-l0-modal] [36m(MegatronTrainRayActor pid=1723)[0m [2026-09-29 19:59:42.927 actor_cell00000_rank00000] memory_utils.py:41 - [Rank 0] Memory-Usage after wake_up model: {'gpu': '0', 'total_GB': 79.18, 'free_GB': 76.13, 'used_GB': 3.05, 'allocated_GB': 1.2, 'reserved_GB': 1.27}
[algo1a-g3c-tis-l0-modal] 
[algo1a-g3c-tis-l0-modal] [36m(MegatronTrainRayActor pid=1723)[0m [2026-09-29 19:59:42.927 actor_cell00000_rank00000] timer.py:42 - Timer wake_up end (elapsed: 0.7s)
[algo1a-g3c-tis-l0-modal] 
[algo1a-g3c-tis-l0-modal] [36m(MegatronTrainRayActor pid=1723)[0m [2026-09-29 19:59:42.927 actor_cell00000_rank00000] structured_log.py:28 - actor cls=MegatronTrainRayActor fn=wake_up phase=end ok=true elapsed_s=0.7
[algo1a-g3c-tis-l0-modal] 
[algo1a-g3c-tis-l0-modal] [36m(MegatronTrainRayActor pid=1723)[0m [2026-09-29 19:59:42.927 actor_cell00000_rank00000] auto_bridge.py:600 - Loading a model with trust_remote_code=True allows arbitrary code execution from the model repository. Only use this with models you trust.
[algo1a-g3c-tis-l0-modal] 
[algo1a-g3c-tis-l0-modal] [36m(CommandActor pid=1474)[0m   warnings.warn(
[algo1a-g3c-tis-l0-modal] 
[algo1a-g3c-tis-l0-modal] [36m(MegatronTrainRayActor pid=1723)[0m [2026-09-29 19:59:43.232 actor_cell00000_rank00000] structured_log.py:24 - actor cls=MegatronTrainRayActor fn=sleep phase=start
[algo1a-g3c-tis-l0-modal] 
[algo1a-g3c-tis-l0-modal] [36m(MegatronTrainRayActor pid=1723)[0m [2026-09-29 19:59:43.233 actor_cell00000_rank00000] timer.py:31 - Timer sleep start
[algo1a-g3c-tis-l0-modal] 
[algo1a-g3c-tis-l0-modal] [36m(MegatronTrainRayActor pid=1723)[0m [2026-09-29 19:59:43.813 actor_cell00000_rank00000] memory_utils.py:41 - [Rank 0] Memory-Usage before offload model: {'gpu': '0', 'total_GB': 79.18, 'free_GB': 76.13, 'used_GB': 3.05, 'allocated_GB': 1.2, 'reserved_GB': 1.27}
[algo1a-g3c-tis-l0-modal] 
[algo1a-g3c-tis-l0-modal] [36m(MegatronTrainRayActor pid=1723)[0m [2026-09-29 19:59:44.186 actor_cell00000_rank00000] memory_utils.py:41 - [Rank 0] Memory-Usage after offload model: {'gpu': '0', 'total_GB': 79.18, 'free_GB': 77.38, 'used_GB': 1.8, 'allocated_GB': 1.2, 'reserved_GB': 1.27}
[algo1a-g3c-tis-l0-modal] 
[algo1a-g3c-tis-l0-modal] [36m(MegatronTrainRayActor pid=1723)[0m [2026-09-29 19:59:44.186 actor_cell00000_rank00000] timer.py:42 - Timer sleep end (elapsed: 1.0s)
[algo1a-g3c-tis-l0-modal] 
[algo1a-g3c-tis-l0-modal] [36m(MegatronTrainRayActor pid=1723)[0m [2026-09-29 19:59:44.186 actor_cell00000_rank00000] structured_log.py:28 - actor cls=MegatronTrainRayActor fn=sleep phase=end ok=true elapsed_s=1.0
[algo1a-g3c-tis-l0-modal] 
[algo1a-g3c-tis-l0-modal] [36m(TrainerController pid=1470)[0m [2026-09-29 19:59:44.642 trainer_controller_actor] cell.py:239 - ft op=execute phase=end cell=trainer-engine-actor-00000 fn=run_plugin ok=true elapsed_s=2.5
[algo1a-g3c-tis-l0-modal] 
[syncer] 2026-09-29T19:59:45.288452Z  INFO yeto_syncer::server: learner connected (layout: 1 fragments) learner_id=0 generation=15620651954206707447 num_streams=4
[syncer] 2026-09-29T19:59:46.025293Z  INFO yeto_syncer::server: global parameters initialized
[syncer] 2026-09-29T19:59:46.179864Z  INFO yeto_syncer::server: checkpoint committed step=0 path=/tmp/algo1a/g3home/yeto-output/yeto-state.ckpt
[algo1a-g3c-tis-l0-modal] YETO_RL_EVENT {"event":"rl_driver_phase","island_id":0,"optimizer":"reset","phase":"apply","policy_version":0,"time_unix":1790711986.9011655}
[algo1a-g3c-tis-l0-modal] 
[algo1a-g3c-tis-l0-modal] [36m(CommandActor pid=1474)[0m [2026-09-29 19:59:47] FlashInfer allreduce fusion is forcibly disabled via --enforce-disable-flashinfer-allreduce-fusion.
[algo1a-g3c-tis-l0-modal] 
[algo1a-g3c-tis-l0-modal] [36m(CommandActor pid=1474)[0m [2026-09-29 19:59:47] Sampling backend is set to pytorch for deterministic inference.
[algo1a-g3c-tis-l0-modal] 
[algo1a-g3c-tis-l0-modal] [36m(CommandActor pid=1474)[0m [2026-09-29 19:59:47] Attention backend not specified. Falling back to 'fa3' for deterministic inference. You can explicitly set --attention-backend to one of ['ascend', 'fa3', 'fa4', 'flashinfer', 'intel_xpu', 'triton'].
[algo1a-g3c-tis-l0-modal] 
[algo1a-g3c-tis-l1-modal] YETO_RL_EVENT {"event":"rl_driver_phase","island_id":1,"optimizer":"reset","phase":"apply","policy_version":0,"time_unix":1790711987.7895389}
[algo1a-g3c-tis-l1-modal] 
[algo1a-g3c-tis-l1-modal] [36m(CommandActor pid=2526)[0m [2026-09-29 19:59:49] Gated launch still waiting for activation. rank=0 elapsed=50 s
[algo1a-g3c-tis-l1-modal] 
[algo1a-g3c-tis-l0-modal] [36m(CommandActor pid=1474)[0m [2026-09-29 19:59:51] Compiled-kernel caches now live under SGLANG_CACHE_DIR (/root/.cache/sglang). These older directories are no longer used by sglang, but may still be used by other frameworks on this machine, so they were left alone: /root/.triton, /root/.cache/flashinfer. Remove them yourself if nothing else needs them.
[algo1a-g3c-tis-l0-modal] 
[algo1a-g3c-tis-l0-modal] [36m(CommandActor pid=1474)[0m [2026-09-29 19:59:51] Virtual expert computation enabled.
[algo1a-g3c-tis-l0-modal] 
[algo1a-g3c-tis-l0-modal] [36m(CommandActor pid=1474)[0m [2026-09-29 19:59:51] server_args={'model_path': '/root/.cache/huggingface/hub/models--Qwen--Qwen3-0.6B/snapshots/c1899de289a04d12100db370d81485cdf75e47ca', 'tokenizer_path': '/root/.cache/huggingface/hub/models--Qwen--Qwen3-0.6B/snapshots/c1899de289a04d12100db370d81485cdf75e47ca', 'tokenizer_mode': 'auto', 'tokenizer_backend': 'huggingface', 'tokenizer_worker_num': 1, 'detokenizer_worker_num': 1, 'skip_tokenizer_init': False, 'load_format': 'auto', 'model_loader_extra_config': '{}', 'trust_remote_code': True, 'context_length': None, 'is_embedding': False, 'enable_multimodal': None, 'revision': None, 'model_impl': 'auto', 'model_config_parser': 'auto', 'json_model_override_args': '{}', 'dtype': 'auto', 'quantization': None, 'quantization_param_path': None, 'kv_cache_dtype': 'auto', 'enable_fp32_lm_head': False, 'modelopt_quant': None, 'modelopt_checkpoint_restore_path': None, 'modelopt_checkpoint_save_path': None, 'modelopt_export_path': None, 'quantize_and_serve': False, 'rl_quant_profile': None, 'enable_tf32_matmul': False, 'mem_fraction_static': 0.4, 'max_running_requests': None, 'max_queued_requests': None, 'max_total_tokens': None, 'chunked_prefill_size': 8192, 'prefill_decode_interval': 0, 'enable_dynamic_chunking': False, 'max_prefill_tokens': 16384, 'prefill_max_requests': None, 'schedule_policy': 'fcfs', 'enable_priority_scheduling': False, 'disable_priority_preemption': False, 'default_priority_value': None, 'abort_on_priority_when_disabled': False, 'schedule_low_priority_values_first': False, 'priority_scheduling_preemption_threshold': 10, 'retraction_policy': 'length', 'schedule_conservativeness': 1.0, 'page_size': 1, 'c128_page_size': 16, 'swa_full_tokens_ratio': 0.8, 'disable_hybrid_swa_memory': False, 'radix_eviction_policy': 'lru', 'radix_eviction_policy_config': None, 'prefill_only_disable_kv_cache': False, 'disable_radix_cache': False, 'enable_page_major_kv_layout': False, 'enable_unified_memory': False, 'disable_chunked_prefix_cache': False, 'disable_overlap_schedule': False, 'num_continuous_decode_steps': 1, 'scheduler_recv_interval': 1, 'enable_mixed_chunk': False, 'nccl_port': 20034, 'dist_timeout': None, 'dist_init_addr': '172.20.9.131:20002', 'gated_launch_port': 20036, 'nnodes': 1, 'node_rank': 0, 'tp_size': 1, 'dcp_size': 1, 'pp_size': 1, 'pp_max_micro_batch_size': None, 'pp_async_batch_depth': 0, 'dp_size': 1, 'load_balance_method': 'round_robin', 'attn_cp_size': 1, 'moe_dp_size': 1, 'dwdp_size': 1, 'dcp_comm_backend': 'ag_rs', 'dcp_replicate_q_proj': None, 'enable_prefill_cp': False, 'cp_strategy': None, 'enable_dsa_cache_layer_split': False, 'enable_cp_decode_attn_tp': False, 'enable_dp_attention': False, 'enable_dp_attention_local_control_broadcast': False, 'enable_dp_lm_head': False, 'enable_tp_lm_head_all_to_all': False, 'enable_attn_tp_input_scattered': False, 'enable_shared_experts_attn_tp': False, 'enable_dense_mlp_attn_tp': False, 'enable_layernorm_sp': False, 'disable_attn_tp_gather': False, 'enable_p2p_check': False, 'device': 'cuda', 'base_gpu_id': 0, 'gpu_id_step': 1, 'random_seed': 17, 'mlx_enable_sampling': False, 'watchdog_timeout': 300, 'soft_watchdog_timeout': None, 'sleep_on_idle': False, 'use_ray': False, 'custom_sigquit_handler': None, 'numa_node': None, 'gc_threshold': None, 'host': '172.20.9.131', 'port': 20000, 'fastapi_root_path': '', 'smg_grpc_mode': False, 'grpc_mode': False, 'grpc_port': None, 'grpc_worker_threads': 4, 'sidecar': None, 'sidecar_args': None, 'skip_server_warmup': True, 'warmups': None, 'enable_http2': False, 'http2_max_concurrent_streams': 200, 'http2_initial_connection_window_size': 1048576, 'ssl_keyfile': None, 'ssl_certfile': None, 'ssl_ca_certs': None, 'ssl_keyfile_password': None, 'enable_ssl_refresh': False, 'api_key': None, 'admin_api_key': None, 'served_model_name': '/root/.cache/huggingface/hub/models--Qwen--Qwen3-0.6B/snapshots/c1899de289a04d12100db370d81485cdf75e47ca', 'weight_version': 'default', 'chat_template': None, 'hf_chat_template_name': None, 'completion_template': None, 'file_storage_path': 'sglang_storage', 'enable_cache_report': False, 'return_input_ids': False, 'return_output_ids': False, 'reasoning_parser': None, 'default_chat_template_kwargs': None, 'strip_thinking_cache': False, 'enable_strict_thinking': False, 'tool_call_parser': None, 'tool_server': None, 'sampling_defaults': 'model', 'asr_max_buffer_seconds': 60, 'asr_max_concurrent_sessions': 32, 'preferred_sampling_params': None, 'allow_auto_truncate': False, 'stream_interval': 1, 'batch_notify_size': 16, 'stream_response_default_include_usage': False, 'incremental_streaming_output': False, 'enable_streaming_session': False, 'enable_session_radix_cache': False, 'log_level': 'info', 'log_level_http': None, 'log_requests': False, 'log_requests_level': 2, 'log_requests_format': 'text', 'log_requests_target': None, 'uvicorn_access_log_exclude_prefixes': [], 'crash_dump_folder': None, 'show_time_cost': False, 'enable_metrics': True, 'smg_http_sidecar_port': None, 'enable_mfu_metrics': False, 'enable_metrics_for_all_schedulers': False, 'load_snapshot_publish_interval': 15, 'tokenizer_metrics_custom_labels_header': 'x-custom-labels', 'tokenizer_metrics_allowed_custom_labels': None, 'extra_metric_labels': None, 'bucket_time_to_first_token': None, 'bucket_inter_token_latency': None, 'bucket_e2e_request_latency': None, 'prompt_tokens_buckets': None, 'generation_tokens_buckets': None, 'gc_warning_threshold_secs': 0.0, 'decode_log_interval': 40, 'enable_request_time_stats_logging': False, 'kv_events_config': None, 'load_publish_endpoint': None, 'enable_forward_pass_metrics': False, 'forward_pass_metrics_worker_id': '', 'forward_pass_metrics_ipc_name': None, 'enable_trace': False, 'trace_modules': 'request', 'otlp_traces_endpoint': 'localhost:4317', 'export_metrics_to_file': False, 'export_metrics_to_file_dir': None, 'stat_loggers': None, 'constrained_json_whitespace_pattern': None, 'constrained_json_disable_any_whitespace': False, 'attention_backend': 'fa3', 'decode_attention_backend': None, 'enable_lean_attention': None, 'prefill_attention_backend': None, 'sampling_backend': 'pytorch', 'grammar_backend': 'xgrammar', 'radix_cache_backend': None, 'mm_attention_backend': None, 'fp8_gemm_runner_backend': 'auto', 'fp4_gemm_runner_backend': 'auto', 'bf16_gemm_backend': 'auto', 'dsa_prefill_backend': None, 'dsv4_prefill_backend': 'auto', 'dsa_decode_backend': None, 'dsa_paged_mqa_logits_backend': 'auto', 'dsa_topk_backend': 'sgl-kernel', 'disable_flashinfer_autotune': False, 'flashinfer_autotune_skip_ops': None, 'mamba_backend': 'triton', 'cuda_graph_config': {'decode': {'backend': 'full', 'max_bs': 256, 'bs': [1, 2, 4, 8, 12, 16, 24, 32, 40, 48, 56, 64, 72, 80, 88, 96, 104, 112, 120, 128, 136, 144, 152, 160, 168, 176, 184, 192, 200, 208, 216, 224, 232, 240, 248, 256], 'tc_compiler': 'eager', 'full_prefill_max_req': None, 'full_prefill_prefix_chunk_tokens': None}, 'prefill': {'backend': 'disabled', 'max_bs': 8192, 'bs': [4, 8, 12, 16, 20, 24, 28, 32, 48, 64, 80, 96, 112, 128, 144, 160, 176, 192, 208, 224, 240, 256, 288, 320, 352, 384, 416, 448, 480, 512, 576, 640, 704, 768, 832, 896, 960, 1024, 1280, 1536, 1792, 2048, 2304, 2560, 2816, 3072, 3328, 3584, 3840, 4096, 4608, 5120, 5632, 6144, 6656, 7168, 7680, 8192], 'tc_compiler': 'eager', 'full_prefill_max_req': None, 'full_prefill_prefix_chunk_tokens': None}}, 'cuda_graph_backend_decode': None, 'cuda_graph_backend_prefill': 'disabled', 'cuda_graph_max_bs_decode': None, 'cuda_graph_max_bs_prefill': None, 'cuda_graph_bs_decode': None, 'cuda_graph_bs_prefill': None, 'cuda_graph_tc_compiler': None, 'disable_prefill_cuda_graph': False, 'disable_decode_cuda_graph': False, 'disable_cuda_graph': False, 'disable_cuda_graph_padding': False, 'enable_profile_cuda_graph': False, 'enable_cudagraph_gc': False, 'debug_cuda_graph': False, 'enable_layerwise_nvtx_marker': False, 'enable_nccl_nvls': False, 'enable_symm_mem': False, 'triton_attention_reduce_in_fp32': False, 'triton_attention_num_kv_splits': 8, 'triton_attention_split_tile_size': None, 'flashinfer_mla_disable_ragged': False, 'enable_fused_qk_norm_rope': False, 'enable_precise_e
[algo1a-g3c-tis-l0-modal] mbedding_interpolation': False, 'enable_fused_moe_sum_all_reduce': False, 'enable_deepseek_v4_fp4_indexer': False, 'disable_custom_all_reduce': False, 'enable_mscclpp': False, 'enable_torch_symm_mem': False, 'enable_scattered_sconv': False, 'pre_warm_nccl': False, 'enable_quant_communications': False, 'enable_flashinfer_allreduce_fusion': False, 'enforce_disable_flashinfer_allreduce_fusion': True, 'flashinfer_allreduce_fusion_backend': None, 'enable_aiter_allreduce_fusion': False, 'enable_torch_compile': False, 'enable_torch_compile_debug_mode': False, 'torch_compile_max_bs': 32, 'speculative_algorithm': None, 'uno_lora_path': None, 'speculative_draft_model_path': None, 'speculative_draft_model_revision': None, 'speculative_draft_load_format': None, 'speculative_num_steps': None, 'speculative_eagle_topk': None, 'speculative_num_draft_tokens': None, 'speculative_dflash_block_size': None, 'speculative_dspark_block_size': None, 'speculative_dspark_sps_table_path': None, 'speculative_dspark_confidence_sts_path': None, 'speculative_dspark_align_verify_tokens_to_graph_tier': False, 'speculative_accept_threshold_single': 1.0, 'speculative_accept_threshold_acc': 1.0, 'speculative_use_rejection_sampling': False, 'speculative_token_map': None, 'speculative_attention_mode': 'prefill', 'speculative_draft_attention_backend': None, 'speculative_dsa_topk_backend': 'sgl-kernel', 'speculative_draft_kv_cache_dtype': None, 'speculative_draft_window_size': None, 'speculative_moe_runner_backend': 'auto', 'speculative_moe_a2a_backend': None, 'speculative_draft_model_quantization': None, '_speculative_draft_quantization_explicitly_set': False, 'speculative_skip_dp_mlp_sync': False, 'enable_multi_layer_eagle': False, 'speculative_adaptive': False, 'speculative_adaptive_config': None, 'decoupled_spec_bind_endpoint': None, 'decoupled_spec_connect_endpoints': None, 'decoupled_spec_rank': None, 'decoupled_spec_role': 'null', 'spec_trace_dir': None, 'speculative_ngram_min_bfs_breadth': 1, 'speculative_ngram_max_bfs_breadth': 10, 'speculative_ngram_match_type': 'BFS', 'speculative_ngram_max_trie_depth': 18, 'speculative_ngram_capacity': 10000000, 'speculative_ngram_external_corpus_path': None, 'speculative_ngram_external_sam_budget': 0, 'speculative_ngram_external_corpus_max_tokens': 10000000, 'ep_size': 1, 'moe_a2a_backend': 'none', 'enable_w4a4_mxfp4_megamoe': False, 'deepep_v2_mode': 'direct', 'moe_runner_backend': 'auto', 'flashinfer_mxfp4_moe_precision': 'default', 'deepep_mode': 'auto', 'fuseep_mode': 2, 'deepep_dispatcher_output_dtype': 'auto', 'ep_num_redundant_experts': 0, 'ep_dispatch_algorithm': None, 'init_expert_location': 'trivial', 'enable_eplb': False, 'eplb_algorithm': 'auto', 'eplb_rebalance_num_iterations': 1000, 'eplb_rebalance_layers_per_chunk': None, 'eplb_min_rebalancing_utilization_threshold': 1.0, 'expert_distribution_recorder_mode': None, 'expert_distribution_recorder_buffer_size': 1000, 'expert_balancedness_report_mode': 'off', 'deepep_config': None, 'moe_dense_tp_size': None, 'elastic_ep_backend': None, 'enable_elastic_expert_backup': False, 'mooncake_ib_device': None, 'enable_waterfill': False, 'ep_join_mode': None, 'ep_join_rank_offset': 0, 'elastic_ep_initial_size': None, 'max_ep_size': None, 'elastic_ep_scale_timeout': 600, 'elastic_ep_rejoin': False, 'disable_flashinfer_cutlass_moe_fp4_allgather': False, 'disable_shared_experts_fusion': False, 'enforce_shared_experts_fusion': False, 'max_mamba_cache_size': None, 'mamba_ssm_dtype': None, 'mamba_max_states_per_path': -1, 'enable_mamba_cache_stochastic_rounding': False, 'mamba_cache_philox_rounds': 0, 'mamba_full_memory_ratio': 0.9, 'mamba_radix_cache_strategy': 'auto', 'uses_mamba_radix_cache': False, 'mamba_track_interval': 256, 'enable_int8_mamba_checkpoint': False, 'int8_mamba_ckpt_size': None, 'linear_attn_backend': 'triton', 'linear_attn_decode_backend': None, 'linear_attn_prefill_backend': None, 'linear_attn_verify_backend': None, 'enable_linear_replayssm': False, 'linear_replayssm_cache_len': 16, 'enable_linear_replayssm_spec': False, 'enable_hierarchical_cache': False, 'hicache_host_memory_mode': 'cache', 'hicache_ratio': 2.0, 'hicache_size': 0, 'hicache_write_policy': 'write_through', 'hicache_io_backend': 'kernel', 'hicache_mem_layout': 'page_first', 'hicache_storage_backend': None, 'hicache_storage_prefetch_policy': 'timeout', 'hicache_storage_backend_extra_config': None, 'hicache_storage_prefetch_retry_poll_interval': 8, 'hicache_storage_prefetch_retry_max_attempts': 8, 'enable_unified_cache_external_linker': False, 'unified_cache_external_linker_backend': 'mooncake', 'enable_hisparse': False, 'hisparse_config': None, 'enable_broadcast_mm_inputs_process': False, 'enable_prefix_mm_cache': False, 'mm_enable_dp_encoder': False, 'mm_process_config': {}, 'mm_processor_worker_num': 0, 'mm_io_worker_num': 0, 'allowed_media_domains': [], 'media_url_max_file_size_mb': 64, 'mm_preprocess_cache_size_mb': None, 'trust_mm_content_hashes': False, 'limit_mm_data_per_request': None, 'enable_mm_global_cache': False, 'image_processor_backend': 'auto', 'mm_global_cache_backend': 'mooncake', 'disable_fast_image_processor': False, 'mm_feature_transport': 'cpu', 'keep_mm_feature_on_device': False, 'enable_lora': True, 'enable_lora_overlap_loading': False, 'max_lora_rank': 16, 'lora_target_modules': {'gate_proj', 'v_proj', 'o_proj', 'k_proj', 'up_proj', 'down_proj', 'q_proj'}, 'lora_paths': [], 'max_loaded_loras': None, 'max_loras_per_batch': 1, 'lora_eviction_policy': 'lru', 'lora_backend': 'csgmv', 'max_lora_chunk_size': 16, 'experts_shared_outer_loras': None, 'lora_use_virtual_experts': True, 'lora_strict_loading': False, 'lora_no_cpu_backup': False, 'lora_drain_wait_threshold': 0.0, 'enable_two_batch_overlap': False, 'enable_single_batch_overlap': False, 'tbo_token_distribution_threshold': 0.48, 'cpu_offload_gb': 0, 'offload_group_size': -1, 'offload_num_in_group': 1, 'offload_prefetch_step': 1, 'offload_mode': 'cpu', 'enable_lmcache': False, 'lmcache_config_file': None, 'enable_flexkv': False, 'flexkv_config_file': None, 'kt_weight_path': None, 'kt_method': 'AMXINT4', 'kt_cpuinfer': None, 'kt_threadpool_count': 2, 'kt_num_gpu_experts': None, 'kt_max_deferred_experts_per_token': None, 'dllm_algorithm': None, 'dllm_algorithm_config': None, 'dllm_fdfo': True, 'disaggregation_mode': 'null', 'disaggregation_transfer_backend': 'mooncake', 'disaggregation_bootstrap_port': 8998, 'disaggregation_ib_device': None, 'disaggregation_decode_enable_radix_cache': False, 'disaggregation_decode_enable_offload_kvcache': False, 'disaggregation_decode_retraction_backup': None, 'num_reserved_decode_tokens': 512, 'disaggregation_decode_extra_slots': None, 'disaggregation_decode_polling_interval': 1, 'optimistic_prefill_attempts': 0, 'encoder_only': False, 'language_only': False, 'language_model_only': False, 'encoder_transfer_backend': 'zmq_to_scheduler', 'encoder_urls': [], 'encoder_bootstrap_port': 8997, 'encoder_register_urls': [], 'enable_adaptive_dispatch_to_encoder': False, 'enable_pdmux': False, 'pdmux_config_path': None, 'sm_group_num': 8, 'startup_weight_load_mode': 'serial', 'custom_weight_loader': [], 'weight_loader_disable_mmap': False, 'weight_loader_prefetch_checkpoints': False, 'weight_loader_prefetch_num_threads': 4, 'weight_loader_drop_cache_after_load': False, 'remote_instance_weight_loader_seed_instance_ip': None, 'remote_instance_weight_loader_seed_instance_service_port': None, 'remote_instance_weight_loader_send_weights_group_ports': None, 'remote_instance_weight_loader_backend': 'nccl', 'remote_instance_weight_loader_start_seed_via_transfer_engine': False, 'engine_info_bootstrap_port': 20035, 'modelexpress_config': None, 'download_dir': None, 'model_checksum': None, 'delete_ckpt_after_loading': False, 'decrypted_config_file': None, 'decrypted_draft_config_file': None, 'checkpoint_engine_wait_weights_before_ready': False, 'enable_prefill_delayer': False, 'prefill_delayer_max_delay_passes': 30, 'prefill_delayer_token_usage_low_watermark': None, 'prefill_delayer_forward_passes_buckets': None, 'prefill_delayer_wait_seconds_buckets': None, 'prefill_delayer_queue_min_ratio': None, 'prefill_delayer_
[algo1a-g3c-tis-l0-modal] max_delay_ms': None, 'min_free_slots_delay': None, 'enable_deterministic_inference': True, 'rl_on_policy_target': None, 'kv_canary': 'none', 'kv_canary_real_data': 'none', 'kv_canary_sweep_interval': 0, 'enable_dynamic_batch_tokenizer': False, 'dynamic_batch_tokenizer_batch_size': 32, 'dynamic_batch_tokenizer_batch_timeout': 0.002, 'enable_tokenizer_batch_encode': False, 'disable_tokenizer_batch_decode': False, 'debug_tensor_dump_output_folder': None, 'debug_tensor_dump_layers': None, 'debug_tensor_dump_input_file': None, 'enable_memory_saver': True, 'enable_weights_cpu_backup': True, 'enable_weights_disk_backup': False, 'enable_draft_weights_cpu_backup': True, 'enable_custom_logit_processor': False, 'enable_return_hidden_states': False, 'return_hidden_states_mode': None, 'enable_return_routed_experts': False, 'enable_return_indexer_topk': False, 'sampling_mask_max_tokens': 4096, 'disable_outlines_disk_cache': False, 'enable_mis': False, 'weight_cache_mode': 'off', 'weight_cache_socket': None, 'weight_cache_timeout': 1800, 'forward_hooks': None, 'msprobe_dump_config': None, 'custom_pull_weights_pre_read_hook': None, 'enable_engine_info_bootstrap': False, 'enable_rdt_weight_sync': False, 'enable_prefill_only_deterministic_inference': False, 'true_on_policy_contract': None, 'ple_offload_embedding': None, 'ple_offload_backend': 'pinned', 'ple_offload_dir': None, 'speculative_domino_candidate_pool_size': 2048, 'flashinfer_a2a_dispatch_type': None, 'disable_draft_cuda_graph': False, 'dsv4_attn_backend': 'auto', '_radix_eviction_policy_explicitly_set': False, 'enable_response_store': False}
[algo1a-g3c-tis-l0-modal] 
[algo1a-g3c-tis-l0-modal] [36m(CommandActor pid=1474)[0m [2026-09-29 19:59:53] Using default HuggingFace chat template with detected content format: string
[algo1a-g3c-tis-l0-modal] 
[algo1a-g3c-tis-l0-modal] [36m(CommandActor pid=1474)[0m [2026-09-29 19:59:53] Auto-detected template features: reasoning_config=ReasoningToggleConfig(toggle_param='enable_thinking', default_enabled=True, special_case=None, effort_kwarg=None), reasoning_parser=qwen3, tool_call_parser=qwen
[algo1a-g3c-tis-l0-modal] 
[algo1a-g3c-tis-l0-modal] [36m(CommandActor pid=1474)[0m /opt/sglang/lib/python3.12/site-packages/huggingface_hub/constants.py:301: FutureWarning: The `HF_HUB_ENABLE_HF_TRANSFER` environment variable is deprecated as 'hf_transfer' is not used anymore. Please use `HF_XET_HIGH_PERFORMANCE` instead to enable high performance transfer with Xet. Visit https://huggingface.co/docs/huggingface_hub/package_reference/environment_variables#hfxethighperformance for more details.
[algo1a-g3c-tis-l0-modal] 
[algo1a-g3c-tis-l0-modal] [36m(CommandActor pid=1474)[0m   warnings.warn(
[algo1a-g3c-tis-l0-modal] 
[algo1a-g3c-tis-l0-modal] [36m(CommandActor pid=1474)[0m /opt/sglang/lib/python3.12/site-packages/huggingface_hub/constants.py:301: FutureWarning: The `HF_HUB_ENABLE_HF_TRANSFER` environment variable is deprecated as 'hf_transfer' is not used anymore. Please use `HF_XET_HIGH_PERFORMANCE` instead to enable high performance transfer with Xet. Visit https://huggingface.co/docs/huggingface_hub/package_reference/environment_variables#hfxethighperformance for more details.
[algo1a-g3c-tis-l0-modal] 
[algo1a-g3c-tis-l0-modal] [36m(CommandActor pid=1474)[0m   warnings.warn(
[algo1a-g3c-tis-l0-modal] 
[algo1a-g3c-tis-l1-modal] [36m(CommandActor pid=2526)[0m [2026-09-29 19:59:59] Gated launch still waiting for activation. rank=0 elapsed=60 s
[algo1a-g3c-tis-l1-modal] 
[algo1a-g3c-tis-l1-modal] [36m(CommandActor pid=2526)[0m [2026-09-29 20:00:09] Gated launch still waiting for activation. rank=0 elapsed=70 s
[algo1a-g3c-tis-l1-modal] 
[algo1a-g3c-tis-l1-modal] [36m(CommandActor pid=2526)[0m [2026-09-29 20:00:19] Gated launch still waiting for activation. rank=0 elapsed=80 s
[algo1a-g3c-tis-l1-modal] 
[algo1a-g3c-tis-l0-modal] [36m(CommandActor pid=1474)[0m /opt/sglang/lib/python3.12/site-packages/transformer_engine/__init__.py:103: RuntimeWarning: Detected a Jax installation but could not find the shared object file for the Transformer Engine Jax extension library. If this is not intentional, please reinstall Transformer Engine with `pip install transformer_engine[jax]` or build from source with `NVTE_FRAMEWORK=jax`.
[algo1a-g3c-tis-l0-modal] 
[algo1a-g3c-tis-l0-modal] [36m(CommandActor pid=1474)[0m   warnings.warn(
[algo1a-g3c-tis-l0-modal] 
[algo1a-g3c-tis-l0-modal] [36m(CommandActor pid=1474)[0m [2026-09-29 20:00:21] Detected Megatron Core, using Megatron-FSDP with Megatron.
[algo1a-g3c-tis-l0-modal] 
[algo1a-g3c-tis-l0-modal] [36m(CommandActor pid=1474)[0m [2026-09-29 20:00:21] Detected Megatron Core, using Megatron-FSDP with Megatron.
[algo1a-g3c-tis-l0-modal] 
[algo1a-g3c-tis-l0-modal] [36m(CommandActor pid=1474)[0m [2026-09-29 20:00:27] Init torch distributed begin.
[algo1a-g3c-tis-l0-modal] 
[algo1a-g3c-tis-l0-modal] [36m(CommandActor pid=1474)[0m [2026-09-29 20:00:27] Gated launch control server started on 172.20.9.131:20036
[algo1a-g3c-tis-l0-modal] 
[algo1a-g3c-tis-l0-modal] [36m(CommandActor pid=1474)[0m [2026-09-29 20:00:27] Gated launch waiting for activation. rank=0
[algo1a-g3c-tis-l0-modal] 
[algo1a-g3c-tis-l1-modal] [36m(CommandActor pid=2526)[0m [2026-09-29 20:00:29] Gated launch still waiting for activation. rank=0 elapsed=90 s
[algo1a-g3c-tis-l1-modal] 
[algo1a-g3c-tis-l1-modal] [36m(TrainerController pid=2527)[0m [2026-09-29 20:00:36.690 trainer_controller_actor] cell.py:231 - ft op=execute phase=start cell=trainer-engine-actor-00000 fn=run_plugin n_actors=1
[algo1a-g3c-tis-l1-modal] 
[algo1a-g3c-tis-l0-modal] [36m(CommandActor pid=1474)[0m [2026-09-29 20:00:37] Gated launch still waiting for activation. rank=0 elapsed=10 s
[algo1a-g3c-tis-l0-modal] 
[algo1a-g3c-tis-l1-modal] [36m(CommandActor pid=2526)[0m [2026-09-29 20:00:39] Gated launch still waiting for activation. rank=0 elapsed=100 s
[algo1a-g3c-tis-l1-modal] 
[algo1a-g3c-tis-l0-modal] [36m(CommandActor pid=1474)[0m [2026-09-29 20:00:47] Gated launch still waiting for activation. rank=0 elapsed=20 s
[algo1a-g3c-tis-l0-modal] 
[algo1a-g3c-tis-l1-modal] [36m(CommandActor pid=2526)[0m [2026-09-29 20:00:49] Gated launch still waiting for activation. rank=0 elapsed=110 s
[algo1a-g3c-tis-l1-modal] 
[algo1a-g3c-tis-l0-modal] [36m(TrainerController pid=1470)[0m [2026-09-29 20:00:49.805 trainer_controller_actor] cell.py:231 - ft op=execute phase=start cell=trainer-engine-actor-00000 fn=run_plugin n_actors=1
[algo1a-g3c-tis-l0-modal] 
[algo1a-g3c-tis-l0-modal] [36m(CommandActor pid=1474)[0m [2026-09-29 20:00:57] Gated launch still waiting for activation. rank=0 elapsed=30 s
[algo1a-g3c-tis-l0-modal] 
[algo1a-g3c-tis-l1-modal] [36m(CommandActor pid=2526)[0m [2026-09-29 20:00:59] Gated launch still waiting for activation. rank=0 elapsed=120 s
[algo1a-g3c-tis-l1-modal] 
[algo1a-g3c-tis-l0-modal] [36m(CommandActor pid=1474)[0m [2026-09-29 20:01:07] Gated launch still waiting for activation. rank=0 elapsed=40 s
[algo1a-g3c-tis-l0-modal] 
[algo1a-g3c-tis-l1-modal] [36m(CommandActor pid=2526)[0m [2026-09-29 20:01:09] Gated launch still waiting for activation. rank=0 elapsed=130 s
[algo1a-g3c-tis-l1-modal] 
[algo1a-g3c-tis-l0-modal] [36m(CommandActor pid=1474)[0m [2026-09-29 20:01:17] Gated launch still waiting for activation. rank=0 elapsed=50 s
[algo1a-g3c-tis-l0-modal] 
[algo1a-g3c-tis-l1-modal] [36m(CommandActor pid=2526)[0m [2026-09-29 20:01:19] Gated launch still waiting for activation. rank=0 elapsed=140 s
[algo1a-g3c-tis-l1-modal] 
[algo1a-g3c-tis-l1-modal] [36m(MegatronTrainRayActor pid=2862)[0m [2026-09-29 20:01:23.193 actor_cell00000_rank00000] structured_log.py:24 - actor cls=MegatronTrainRayActor fn=wake_up phase=start
[algo1a-g3c-tis-l1-modal] 
[algo1a-g3c-tis-l1-modal] [36m(MegatronTrainRayActor pid=2862)[0m [2026-09-29 20:01:23.193 actor_cell00000_rank00000] timer.py:31 - Timer wake_up start
[algo1a-g3c-tis-l1-modal] 
[algo1a-g3c-tis-l1-modal] [36m(MegatronTrainRayActor pid=2862)[0m [2026-09-29 20:01:23.194 actor_cell00000_rank00000] memory_utils.py:41 - [Rank 0] Memory-Usage before wake_up model: {'gpu': '0', 'total_GB': 79.18, 'free_GB': 76.77, 'used_GB': 2.4, 'allocated_GB': 1.2, 'reserved_GB': 1.27}
[algo1a-g3c-tis-l1-modal] 
[algo1a-g3c-tis-l1-modal] [36m(MegatronTrainRayActor pid=2862)[0m [2026-09-29 20:01:23.815 actor_cell00000_rank00000] reloadable_process_group.py:151 - Reloading 0 process groups in pid 2862
[algo1a-g3c-tis-l1-modal] 
[algo1a-g3c-tis-l1-modal] [36m(MegatronTrainRayActor pid=2862)[0m [2026-09-29 20:01:23.816 actor_cell00000_rank00000] memory_utils.py:41 - [Rank 0] Memory-Usage after wake_up model: {'gpu': '0', 'total_GB': 79.18, 'free_GB': 75.53, 'used_GB': 3.65, 'allocated_GB': 1.2, 'reserved_GB': 1.27}
[algo1a-g3c-tis-l1-modal] 
[algo1a-g3c-tis-l1-modal] [36m(MegatronTrainRayActor pid=2862)[0m [2026-09-29 20:01:23.816 actor_cell00000_rank00000] timer.py:42 - Timer wake_up end (elapsed: 0.6s)
[algo1a-g3c-tis-l1-modal] 
[algo1a-g3c-tis-l1-modal] [36m(MegatronTrainRayActor pid=2862)[0m [2026-09-29 20:01:23.816 actor_cell00000_rank00000] structured_log.py:28 - actor cls=MegatronTrainRayActor fn=wake_up phase=end ok=true elapsed_s=0.6
[algo1a-g3c-tis-l1-modal] 
[algo1a-g3c-tis-l1-modal] [36m(MegatronTrainRayActor pid=2862)[0m /opt/sglang/lib/python3.12/site-packages/torch/distributed/c10d_logger.py:83: UserWarning: barrier(): using the device under current context. You can specify `device_id` in `init_process_group` to mute this warning.
[algo1a-g3c-tis-l1-modal] 
[algo1a-g3c-tis-l1-modal] [36m(MegatronTrainRayActor pid=2862)[0m   return func(*args, **kwargs)
[algo1a-g3c-tis-l1-modal] 
[algo1a-g3c-tis-l1-modal] [36m(MegatronTrainRayActor pid=2862)[0m [2026-09-29 20:01:24.299 actor_cell00000_rank00000] structured_log.py:24 - actor cls=MegatronTrainRayActor fn=sleep phase=start
[algo1a-g3c-tis-l1-modal] 
[algo1a-g3c-tis-l1-modal] [36m(MegatronTrainRayActor pid=2862)[0m [2026-09-29 20:01:24.299 actor_cell00000_rank00000] timer.py:31 - Timer sleep start
[algo1a-g3c-tis-l1-modal] 
[algo1a-g3c-tis-l1-modal] [36m(MegatronTrainRayActor pid=2862)[0m [2026-09-29 20:01:24.812 actor_cell00000_rank00000] memory_utils.py:41 - [Rank 0] Memory-Usage before offload model: {'gpu': '0', 'total_GB': 79.18, 'free_GB': 75.53, 'used_GB': 3.65, 'allocated_GB': 1.2, 'reserved_GB': 1.27}
[algo1a-g3c-tis-l1-modal] 
[algo1a-g3c-tis-l1-modal] [36m(MegatronTrainRayActor pid=2862)[0m [2026-09-29 20:01:25.313 actor_cell00000_rank00000] memory_utils.py:41 - [Rank 0] Memory-Usage after offload model: {'gpu': '0', 'total_GB': 79.18, 'free_GB': 76.77, 'used_GB': 2.41, 'allocated_GB': 1.2, 'reserved_GB': 1.27}
[algo1a-g3c-tis-l1-modal] 
[algo1a-g3c-tis-l1-modal] [36m(MegatronTrainRayActor pid=2862)[0m [2026-09-29 20:01:25.313 actor_cell00000_rank00000] timer.py:42 - Timer sleep end (elapsed: 1.0s)
[algo1a-g3c-tis-l1-modal] 
[algo1a-g3c-tis-l1-modal] [36m(MegatronTrainRayActor pid=2862)[0m [2026-09-29 20:01:25.313 actor_cell00000_rank00000] structured_log.py:28 - actor cls=MegatronTrainRayActor fn=sleep phase=end ok=true elapsed_s=1.0
[algo1a-g3c-tis-l1-modal] 
[algo1a-g3c-tis-l1-modal] [36m(TrainerController pid=2527)[0m [2026-09-29 20:01:25.352 trainer_controller_actor] cell.py:239 - ft op=execute phase=end cell=trainer-engine-actor-00000 fn=run_plugin ok=true elapsed_s=48.7
[algo1a-g3c-tis-l1-modal] 
[algo1a-g3c-tis-l1-modal] [36m(TrainerController pid=2527)[0m [2026-09-29 20:01:25.401 trainer_controller_actor] cell.py:231 - ft op=execute phase=start cell=trainer-engine-actor-00000 fn=run_plugin n_actors=1
[algo1a-g3c-tis-l1-modal] 
[algo1a-g3c-tis-l1-modal] [36m(MegatronTrainRayActor pid=2862)[0m [2026-09-29 20:01:25.403 actor_cell00000_rank00000] structured_log.py:24 - actor cls=MegatronTrainRayActor fn=wake_up phase=start
[algo1a-g3c-tis-l1-modal] 
[algo1a-g3c-tis-l1-modal] [36m(MegatronTrainRayActor pid=2862)[0m [2026-09-29 20:01:25.403 actor_cell00000_rank00000] timer.py:31 - Timer wake_up start
[algo1a-g3c-tis-l1-modal] 
[algo1a-g3c-tis-l1-modal] [36m(MegatronTrainRayActor pid=2862)[0m [2026-09-29 20:01:25.403 actor_cell00000_rank00000] memory_utils.py:41 - [Rank 0] Memory-Usage before wake_up model: {'gpu': '0', 'total_GB': 79.18, 'free_GB': 76.77, 'used_GB': 2.41, 'allocated_GB': 1.2, 'reserved_GB': 1.27}
[algo1a-g3c-tis-l1-modal] 
[algo1a-g3c-tis-l1-modal] [36m(MegatronTrainRayActor pid=2862)[0m [2026-09-29 20:01:26.021 actor_cell00000_rank00000] reloadable_process_group.py:151 - Reloading 0 process groups in pid 2862
[algo1a-g3c-tis-l1-modal] 
[algo1a-g3c-tis-l1-modal] [36m(MegatronTrainRayActor pid=2862)[0m [2026-09-29 20:01:26.021 actor_cell00000_rank00000] memory_utils.py:41 - [Rank 0] Memory-Usage after wake_up model: {'gpu': '0', 'total_GB': 79.18, 'free_GB': 75.53, 'used_GB': 3.65, 'allocated_GB': 1.2, 'reserved_GB': 1.27}
[algo1a-g3c-tis-l1-modal] 
[algo1a-g3c-tis-l1-modal] [36m(MegatronTrainRayActor pid=2862)[0m [2026-09-29 20:01:26.022 actor_cell00000_rank00000] timer.py:42 - Timer wake_up end (elapsed: 0.6s)
[algo1a-g3c-tis-l1-modal] 
[algo1a-g3c-tis-l1-modal] [36m(MegatronTrainRayActor pid=2862)[0m [2026-09-29 20:01:26.022 actor_cell00000_rank00000] structured_log.py:28 - actor cls=MegatronTrainRayActor fn=wake_up phase=end ok=true elapsed_s=0.6
[algo1a-g3c-tis-l1-modal] 
[algo1a-g3c-tis-l1-modal] [36m(MegatronTrainRayActor pid=2862)[0m [2026-09-29 20:01:26.089 actor_cell00000_rank00000] structured_log.py:24 - actor cls=MegatronTrainRayActor fn=sleep phase=start
[algo1a-g3c-tis-l1-modal] 
[algo1a-g3c-tis-l1-modal] [36m(MegatronTrainRayActor pid=2862)[0m [2026-09-29 20:01:26.089 actor_cell00000_rank00000] timer.py:31 - Timer sleep start
[algo1a-g3c-tis-l1-modal] 
[algo1a-g3c-tis-l1-modal] [36m(MegatronTrainRayActor pid=2862)[0m [2026-09-29 20:01:26.638 actor_cell00000_rank00000] memory_utils.py:41 - [Rank 0] Memory-Usage before offload model: {'gpu': '0', 'total_GB': 79.18, 'free_GB': 75.53, 'used_GB': 3.65, 'allocated_GB': 1.2, 'reserved_GB': 1.27}
[algo1a-g3c-tis-l1-modal] 
[algo1a-g3c-tis-l1-modal] [36m(MegatronTrainRayActor pid=2862)[0m [2026-09-29 20:01:27.110 actor_cell00000_rank00000] memory_utils.py:41 - [Rank 0] Memory-Usage after offload model: {'gpu': '0', 'total_GB': 79.18, 'free_GB': 76.77, 'used_GB': 2.41, 'allocated_GB': 1.2, 'reserved_GB': 1.27}
[algo1a-g3c-tis-l1-modal] 
[algo1a-g3c-tis-l1-modal] [36m(MegatronTrainRayActor pid=2862)[0m [2026-09-29 20:01:27.111 actor_cell00000_rank00000] timer.py:42 - Timer sleep end (elapsed: 1.0s)
[algo1a-g3c-tis-l1-modal] 
[algo1a-g3c-tis-l1-modal] [36m(MegatronTrainRayActor pid=2862)[0m [2026-09-29 20:01:27.111 actor_cell00000_rank00000] structured_log.py:28 - actor cls=MegatronTrainRayActor fn=sleep phase=end ok=true elapsed_s=1.0
[algo1a-g3c-tis-l1-modal] 
[algo1a-g3c-tis-l1-modal] [36m(TrainerController pid=2527)[0m [2026-09-29 20:01:27.259 trainer_controller_actor] cell.py:239 - ft op=execute phase=end cell=trainer-engine-actor-00000 fn=run_plugin ok=true elapsed_s=1.9
[algo1a-g3c-tis-l1-modal] 
[algo1a-g3c-tis-l1-modal] YETO_RL_EVENT {"event":"rl_policy_apply","island_id":1,"local_step":0,"optimizer":"reset","partial_fragment_apply":false,"policy_version":0,"sync/apply_seconds":99.75546594399998,"sync/global_policy_hash":"a34cd30f37ee5ffaad784b92defd77b3b6ce68095faf29288d5ea460912617c4","time_unix":1790712087.5456827}
[algo1a-g3c-tis-l1-modal] 
[algo1a-g3c-tis-l1-modal] YETO_RL_EVENT {"event":"rl_driver_phase","island_id":1,"phase":"publish","policy_version":0,"time_unix":1790712087.6034744}
[algo1a-g3c-tis-l1-modal] 
[algo1a-g3c-tis-l1-modal] [36m(TrainerController pid=2527)[0m [2026-09-29 20:01:27.663 trainer_controller_actor] cell.py:231 - ft op=execute phase=start cell=trainer-engine-actor-00000 fn=run_plugin n_actors=1
[algo1a-g3c-tis-l1-modal] 
[algo1a-g3c-tis-l1-modal] [36m(MegatronTrainRayActor pid=2862)[0m [2026-09-29 20:01:27.664 actor_cell00000_rank00000] structured_log.py:24 - actor cls=MegatronTrainRayActor fn=wake_up phase=start
[algo1a-g3c-tis-l1-modal] 
[algo1a-g3c-tis-l1-modal] [36m(MegatronTrainRayActor pid=2862)[0m [2026-09-29 20:01:27.664 actor_cell00000_rank00000] timer.py:31 - Timer wake_up start
[algo1a-g3c-tis-l1-modal] 
[algo1a-g3c-tis-l1-modal] [36m(MegatronTrainRayActor pid=2862)[0m [2026-09-29 20:01:27.665 actor_cell00000_rank00000] memory_utils.py:41 - [Rank 0] Memory-Usage before wake_up model: {'gpu': '0', 'total_GB': 79.18, 'free_GB': 76.77, 'used_GB': 2.41, 'allocated_GB': 1.2, 'reserved_GB': 1.27}
[algo1a-g3c-tis-l1-modal] 
[algo1a-g3c-tis-l0-modal] [36m(CommandActor pid=1474)[0m [2026-09-29 20:01:27] Gated launch still waiting for activation. rank=0 elapsed=60 s
[algo1a-g3c-tis-l0-modal] 
[algo1a-g3c-tis-l1-modal] [36m(MegatronTrainRayActor pid=2862)[0m [2026-09-29 20:01:28.332 actor_cell00000_rank00000] reloadable_process_group.py:151 - Reloading 0 process groups in pid 2862
[algo1a-g3c-tis-l1-modal] 
[algo1a-g3c-tis-l1-modal] [36m(MegatronTrainRayActor pid=2862)[0m [2026-09-29 20:01:28.334 actor_cell00000_rank00000] memory_utils.py:41 - [Rank 0] Memory-Usage after wake_up model: {'gpu': '0', 'total_GB': 79.18, 'free_GB': 75.53, 'used_GB': 3.65, 'allocated_GB': 1.2, 'reserved_GB': 1.27}
[algo1a-g3c-tis-l1-modal] 
[algo1a-g3c-tis-l1-modal] [36m(MegatronTrainRayActor pid=2862)[0m [2026-09-29 20:01:28.334 actor_cell00000_rank00000] timer.py:42 - Timer wake_up end (elapsed: 0.7s)
[algo1a-g3c-tis-l1-modal] 
[algo1a-g3c-tis-l1-modal] [36m(MegatronTrainRayActor pid=2862)[0m [2026-09-29 20:01:28.334 actor_cell00000_rank00000] structured_log.py:28 - actor cls=MegatronTrainRayActor fn=wake_up phase=end ok=true elapsed_s=0.7
[algo1a-g3c-tis-l1-modal] 
[algo1a-g3c-tis-l1-modal] [36m(MegatronTrainRayActor pid=2862)[0m [2026-09-29 20:01:28.444 actor_cell00000_rank00000] structured_log.py:24 - actor cls=MegatronTrainRayActor fn=sleep phase=start
[algo1a-g3c-tis-l1-modal] 
[algo1a-g3c-tis-l1-modal] [36m(MegatronTrainRayActor pid=2862)[0m [2026-09-29 20:01:28.444 actor_cell00000_rank00000] timer.py:31 - Timer sleep start
[algo1a-g3c-tis-l1-modal] 
[algo1a-g3c-tis-l1-modal] [36m(MegatronTrainRayActor pid=2862)[0m [2026-09-29 20:01:28.953 actor_cell00000_rank00000] memory_utils.py:41 - [Rank 0] Memory-Usage before offload model: {'gpu': '0', 'total_GB': 79.18, 'free_GB': 75.53, 'used_GB': 3.65, 'allocated_GB': 1.2, 'reserved_GB': 1.27}
[algo1a-g3c-tis-l1-modal] 
[algo1a-g3c-tis-l1-modal] [36m(CommandActor pid=2526)[0m [2026-09-29 20:01:29] Gated launch still waiting for activation. rank=0 elapsed=150 s
[algo1a-g3c-tis-l1-modal] 
[algo1a-g3c-tis-l1-modal] [36m(MegatronTrainRayActor pid=2862)[0m [2026-09-29 20:01:29.490 actor_cell00000_rank00000] memory_utils.py:41 - [Rank 0] Memory-Usage after offload model: {'gpu': '0', 'total_GB': 79.18, 'free_GB': 76.77, 'used_GB': 2.41, 'allocated_GB': 1.2, 'reserved_GB': 1.27}
[algo1a-g3c-tis-l1-modal] 
[algo1a-g3c-tis-l1-modal] [36m(MegatronTrainRayActor pid=2862)[0m [2026-09-29 20:01:29.491 actor_cell00000_rank00000] timer.py:42 - Timer sleep end (elapsed: 1.0s)
[algo1a-g3c-tis-l1-modal] [36m(MegatronTrainRayActor pid=2862)[0m [2026-09-29 20:01:29.491 actor_cell00000_rank00000] structured_log.py:28 - actor cls=MegatronTrainRayActor fn=sleep phase=end ok=true elapsed_s=1.0
[algo1a-g3c-tis-l1-modal] 
[algo1a-g3c-tis-l1-modal] [36m(TrainerController pid=2527)[0m [2026-09-29 20:01:29.624 trainer_controller_actor] cell.py:239 - ft op=execute phase=end cell=trainer-engine-actor-00000 fn=run_plugin ok=true elapsed_s=2.0
[algo1a-g3c-tis-l1-modal] 
[algo1a-g3c-tis-l1-modal] [36m(InferenceController pid=2520)[0m [2026-09-29 20:01:29.876 inference_controller] _client.py:1740 - HTTP Request: POST http://172.20.22.83:20036/gate/activate "HTTP/1.1 200 OK"
[algo1a-g3c-tis-l1-modal] 
[algo1a-g3c-tis-l1-modal] [36m(InferenceController pid=2520)[0m [2026-09-29 20:01:29.877 inference_controller] server_cell.py:315 - Cell inference-engine-all-0-0-00000 init start old=
[algo1a-g3c-tis-l1-modal] 
[algo1a-g3c-tis-l1-modal] [36m(InferenceController pid=2520)[0m [2026-09-29 20:01:29.877 inference_controller] server_cell.py:318 - Cell inference-engine-all-0-0-00000 init end new=addr_info=CellAddrInfo(server_url='http://172.20.22.83:20001', bootstrap_port=None, gate_url='http://172.20.22.83:20036') start_time=396.686611191
[algo1a-g3c-tis-l1-modal] 
[algo1a-g3c-tis-l1-modal] [36m(InferenceController pid=2520)[0m [2026-09-29 20:01:29.877 inference_controller] inference_controller.py:796 - Waiting for 1/1 cells to become ready...
[algo1a-g3c-tis-l1-modal] 
[algo1a-g3c-tis-l1-modal] [36m(CommandActor pid=2526)[0m [2026-09-29 20:01:30] Gated launch activated. elapsed=151.08 s
[algo1a-g3c-tis-l1-modal] 
[algo1a-g3c-tis-l1-modal] [36m(CommandActor pid=2526)[0m [2026-09-29 20:01:30] Init torch distributed ends. elapsed=151.15 s, mem usage=0.09 GB
[algo1a-g3c-tis-l1-modal] 
[algo1a-g3c-tis-l1-modal] [36m(InferenceController pid=2520)[0m [2026-09-29 20:01:31.878 inference_controller] inference_controller.py:796 - Waiting for 1/1 cells to become ready...
[algo1a-g3c-tis-l1-modal] 
[algo1a-g3c-tis-l1-modal] [36m(InferenceController pid=2520)[0m [2026-09-29 20:01:33.879 inference_controller] inference_controller.py:796 - Waiting for 1/1 cells to become ready...
[algo1a-g3c-tis-l1-modal] 
[algo1a-g3c-tis-l1-modal] [36m(CommandActor pid=2526)[0m [2026-09-29 20:01:33] Load weight begin. avail mem=76.70 GB
[algo1a-g3c-tis-l1-modal] 
[algo1a-g3c-tis-l1-modal] [36m(CommandActor pid=2526)[0m Multi-thread loading shards:   0% Completed | 0/1 [00:00<?, ?it/s][2026-09-29 20:01:34] Parameter lm_head.weight not found in params_dict
[algo1a-g3c-tis-l1-modal] 
[algo1a-g3c-tis-l1-modal] [36m(CommandActor pid=2526)[0m Multi-thread loading shards: 100% Completed | 1/1 [00:00<00:00,  4.25it/s]Multi-thread loading shards: 100% Completed | 1/1 [00:00<00:00,  4.24it/s]
[algo1a-g3c-tis-l1-modal] 
[algo1a-g3c-tis-l1-modal] [36m(CommandActor pid=2526)[0m [2026-09-29 20:01:34] Load weight end. elapsed=0.41 s, type=Qwen3ForCausalLM, avail mem=75.52 GB, mem usage=1.19 GB.
[algo1a-g3c-tis-l1-modal] [36m(CommandActor pid=2526)[0m [2026-09-29 20:01:34] Using csgmv as backend of LoRA kernels.
[algo1a-g3c-tis-l1-modal] 
[algo1a-g3c-tis-l1-modal] [36m(InferenceController pid=2520)[0m [2026-09-29 20:01:35.880 inference_controller] inference_controller.py:796 - Waiting for 1/1 cells to become ready...
[algo1a-g3c-tis-l1-modal] 
[algo1a-g3c-tis-l1-modal] [36m(CommandActor pid=2526)[0m [2026-09-29 20:01:36] KV Cache is allocated. dtype: torch.bfloat16, #tokens: 275400, K size: 14.71 GB, V size: 14.71 GB
[algo1a-g3c-tis-l1-modal] 
[algo1a-g3c-tis-l1-modal] [36m(CommandActor pid=2526)[0m [2026-09-29 20:01:36] Memory pool end. avail mem=45.51 GB
[algo1a-g3c-tis-l1-modal] 
[algo1a-g3c-tis-l1-modal] [36m(CommandActor pid=2526)[0m [2026-09-29 20:01:37] Disable prefill CUDA graph because cuda_graph_config resolved prefill.backend='disabled' (e.g. via --cuda-graph-backend-prefill=disabled or auto-disable rules).
[algo1a-g3c-tis-l1-modal] 
[algo1a-g3c-tis-l1-modal] [36m(CommandActor pid=2526)[0m [2026-09-29 20:01:37] Capture target decode CUDA graph begin. backend=full, num_tokens_per_req=1, bs=[1, 2, 4, 8, 12, 16, 24, 32, 40, 48, 56, 64, 72, 80, 88, 96, 104, 112, 120, 128, 136, 144, 152, 160, 168, 176, 184, 192, 200, 208, 216, 224, 232, 240, 248, 256], avail mem=45.51 GB
[algo1a-g3c-tis-l1-modal] 
[algo1a-g3c-tis-l1-modal] [36m(CommandActor pid=2526)[0m   0%|          | 0/36 [00:00<?, ?it/s]Capturing batches (bs=256 avail_mem=45.32 GB):   0%|          | 0/36 [00:00<?, ?it/s]
[algo1a-g3c-tis-l1-modal] 
[algo1a-g3c-tis-l0-modal] [36m(CommandActor pid=1474)[0m [2026-09-29 20:01:37] Gated launch still waiting for activation. rank=0 elapsed=70 s
[algo1a-g3c-tis-l1-modal] [36m(InferenceController pid=2520)[0m [2026-09-29 20:01:37.882 inference_controller] inference_controller.py:796 - Waiting for 1/1 cells to become ready...
[algo1a-g3c-tis-l0-modal] 
[algo1a-g3c-tis-l1-modal] 
[algo1a-g3c-tis-l1-modal] [36m(InferenceController pid=2520)[0m [2026-09-29 20:01:39.882 inference_controller] inference_controller.py:796 - Waiting for 1/1 cells to become ready...
[algo1a-g3c-tis-l1-modal] 
[algo1a-g3c-tis-l1-modal] [36m(CommandActor pid=2526)[0m [2026-09-29 20:01:39] LoRA shrink (K=1024, R=16): no tuned config, using defaults {'BLOCK_N': 16, 'BLOCK_K': 256}
[algo1a-g3c-tis-l1-modal] 
[algo1a-g3c-tis-l1-modal] [36m(CommandActor pid=2526)[0m [2026-09-29 20:01:40] LoRA expand (K=4096, R=16): no tuned config, using defaults {'BLOCK_N': 64, 'BLOCK_K': 16}
[algo1a-g3c-tis-l1-modal] 
[algo1a-g3c-tis-l1-modal] [36m(InferenceController pid=2520)[0m [2026-09-29 20:01:41.883 inference_controller] inference_controller.py:796 - Waiting for 1/1 cells to become ready...
[algo1a-g3c-tis-l1-modal] 
[algo1a-g3c-tis-l1-modal] [36m(InferenceController pid=2520)[0m [2026-09-29 20:01:43.884 inference_controller] inference_controller.py:796 - Waiting for 1/1 cells to become ready...
[algo1a-g3c-tis-l1-modal] 
[algo1a-g3c-tis-l1-modal] [36m(InferenceController pid=2520)[0m [2026-09-29 20:01:45.885 inference_controller] inference_controller.py:796 - Waiting for 1/1 cells to become ready...
[algo1a-g3c-tis-l1-modal] 
[algo1a-g3c-tis-l1-modal] [2026-09-29 20:01:46.556 main] reporter.py:90 - audit op=env_report_summary hostname=modal versions="{\"python\":\"3.12.3\",\"platform\":\"Linux-4.19.0-gvisor-x86_64-with-glibc2.39\",\"miles\":\"0.1.1\",\"sglang\":\"0.5.21.dev67+g9f29303\",\"sglang-router\":\"0.3.2\",\"megatron-core\":\"0.19.0+a84b10547\",\"transformers\":\"5.12.1\",\"ray\":\"2.58.0\",\"flashinfer-python\":\"0.6.18\",\"torch\":\"2.13.0+cu130\",\"torch_cuda\":\"13.0\"}" repos="{\"miles\":\"d002615f44816ae243169643dc093eb2c29029d8\",\"sglang\":\"9f29303bef1eea38eb613e5f454a52db1326422d\",\"megatron-core\":\"a84b105473eca9c9c6e49dbf1c8aa460c5cf796e\"}" num_packages=425 num_env_vars=106 packages_probed=true stored=false
[algo1a-g3c-tis-l0-modal] [36m(CommandActor pid=1474)[0m [2026-09-29 20:01:47] Gated launch still waiting for activation. rank=0 elapsed=80 s
[algo1a-g3c-tis-l0-modal] 
[algo1a-g3c-tis-l1-modal] [36m(InferenceController pid=2520)[0m [2026-09-29 20:01:47.885 inference_controller] inference_controller.py:796 - Waiting for 1/1 cells to become ready...
[algo1a-g3c-tis-l1-modal] 
[algo1a-g3c-tis-l1-modal] [36m(InferenceController pid=2520)[0m [2026-09-29 20:01:49.886 inference_controller] inference_controller.py:796 - Waiting for 1/1 cells to become ready...
[algo1a-g3c-tis-l1-modal] 
[algo1a-g3c-tis-l0-modal] [36m(MegatronTrainRayActor pid=1723)[0m [2026-09-29 20:01:50.371 actor_cell00000_rank00000] structured_log.py:24 - actor cls=MegatronTrainRayActor fn=wake_up phase=start
[algo1a-g3c-tis-l0-modal] 
[algo1a-g3c-tis-l0-modal] [36m(MegatronTrainRayActor pid=1723)[0m [2026-09-29 20:01:50.371 actor_cell00000_rank00000] timer.py:31 - Timer wake_up start
[algo1a-g3c-tis-l0-modal] 
[algo1a-g3c-tis-l0-modal] [36m(MegatronTrainRayActor pid=1723)[0m [2026-09-29 20:01:50.372 actor_cell00000_rank00000] memory_utils.py:41 - [Rank 0] Memory-Usage before wake_up model: {'gpu': '0', 'total_GB': 79.18, 'free_GB': 76.77, 'used_GB': 2.4, 'allocated_GB': 1.2, 'reserved_GB': 1.27}
[algo1a-g3c-tis-l0-modal] 
[algo1a-g3c-tis-l0-modal] [36m(MegatronTrainRayActor pid=1723)[0m [2026-09-29 20:01:51.103 actor_cell00000_rank00000] reloadable_process_group.py:151 - Reloading 0 process groups in pid 1723
[algo1a-g3c-tis-l0-modal] 
[algo1a-g3c-tis-l0-modal] [36m(MegatronTrainRayActor pid=1723)[0m [2026-09-29 20:01:51.103 actor_cell00000_rank00000] memory_utils.py:41 - [Rank 0] Memory-Usage after wake_up model: {'gpu': '0', 'total_GB': 79.18, 'free_GB': 75.53, 'used_GB': 3.65, 'allocated_GB': 1.2, 'reserved_GB': 1.27}
[algo1a-g3c-tis-l0-modal] 
[algo1a-g3c-tis-l0-modal] [36m(MegatronTrainRayActor pid=1723)[0m [2026-09-29 20:01:51.104 actor_cell00000_rank00000] timer.py:42 - Timer wake_up end (elapsed: 0.7s)
[algo1a-g3c-tis-l0-modal] 
[algo1a-g3c-tis-l0-modal] [36m(MegatronTrainRayActor pid=1723)[0m [2026-09-29 20:01:51.104 actor_cell00000_rank00000] structured_log.py:28 - actor cls=MegatronTrainRayActor fn=wake_up phase=end ok=true elapsed_s=0.7
[algo1a-g3c-tis-l0-modal] 
[algo1a-g3c-tis-l0-modal] [36m(MegatronTrainRayActor pid=1723)[0m /opt/sglang/lib/python3.12/site-packages/torch/distributed/c10d_logger.py:83: UserWarning: barrier(): using the device under current context. You can specify `device_id` in `init_process_group` to mute this warning.
[algo1a-g3c-tis-l0-modal] 
[algo1a-g3c-tis-l0-modal] [36m(MegatronTrainRayActor pid=1723)[0m   return func(*args, **kwargs)
[algo1a-g3c-tis-l0-modal] 
[algo1a-g3c-tis-l0-modal] [36m(MegatronTrainRayActor pid=1723)[0m [2026-09-29 20:01:51.463 actor_cell00000_rank00000] structured_log.py:24 - actor cls=MegatronTrainRayActor fn=sleep phase=start
[algo1a-g3c-tis-l0-modal] 
[algo1a-g3c-tis-l0-modal] [36m(MegatronTrainRayActor pid=1723)[0m [2026-09-29 20:01:51.464 actor_cell00000_rank00000] timer.py:31 - Timer sleep start
[algo1a-g3c-tis-l1-modal] [36m(InferenceController pid=2520)[0m [2026-09-29 20:01:51.887 inference_controller] inference_controller.py:796 - Waiting for 1/1 cells to become ready...
[algo1a-g3c-tis-l1-modal] 
[algo1a-g3c-tis-l0-modal] [36m(MegatronTrainRayActor pid=1723)[0m [2026-09-29 20:01:52.035 actor_cell00000_rank00000] memory_utils.py:41 - [Rank 0] Memory-Usage before offload model: {'gpu': '0', 'total_GB': 79.18, 'free_GB': 75.53, 'used_GB': 3.65, 'allocated_GB': 1.2, 'reserved_GB': 1.27}
[algo1a-g3c-tis-l0-modal] 
[algo1a-g3c-tis-l0-modal] [36m(TrainerController pid=1470)[0m [2026-09-29 20:01:52.441 trainer_controller_actor] cell.py:239 - ft op=execute phase=end cell=trainer-engine-actor-00000 fn=run_plugin ok=true elapsed_s=62.6
[algo1a-g3c-tis-l0-modal] 
[algo1a-g3c-tis-l0-modal] [36m(MegatronTrainRayActor pid=1723)[0m [2026-09-29 20:01:52.395 actor_cell00000_rank00000] memory_utils.py:41 - [Rank 0] Memory-Usage after offload model: {'gpu': '0', 'total_GB': 79.18, 'free_GB': 76.77, 'used_GB': 2.41, 'allocated_GB': 1.2, 'reserved_GB': 1.27}
[algo1a-g3c-tis-l0-modal] 
[36m(MegatronTrainRayActor pid=1723)[0m [2026-09-29 20:01:52.396 actor_cell00000_rank00000] timer.py:42 - Timer sleep end (elapsed: 0.9s)
[algo1a-g3c-tis-l0-modal] 
[algo1a-g3c-tis-l0-modal] [36m(MegatronTrainRayActor pid=1723)[0m [2026-09-29 20:01:52.396 actor_cell00000_rank00000] structured_log.py:28 - actor cls=MegatronTrainRayActor fn=sleep phase=end ok=true elapsed_s=0.9
[algo1a-g3c-tis-l0-modal] 
[algo1a-g3c-tis-l0-modal] [36m(TrainerController pid=1470)[0m [2026-09-29 20:01:52.502 trainer_controller_actor] cell.py:231 - ft op=execute phase=start cell=trainer-engine-actor-00000 fn=run_plugin n_actors=1
[algo1a-g3c-tis-l0-modal] 
[algo1a-g3c-tis-l0-modal] [36m(MegatronTrainRayActor pid=1723)[0m [2026-09-29 20:01:52.504 actor_cell00000_rank00000] structured_log.py:24 - actor cls=MegatronTrainRayActor fn=wake_up phase=start
[algo1a-g3c-tis-l0-modal] 
[algo1a-g3c-tis-l0-modal] [36m(MegatronTrainRayActor pid=1723)[0m [2026-09-29 20:01:52.504 actor_cell00000_rank00000] timer.py:31 - Timer wake_up start
[algo1a-g3c-tis-l0-modal] 
[algo1a-g3c-tis-l0-modal] [36m(MegatronTrainRayActor pid=1723)[0m [2026-09-29 20:01:52.505 actor_cell00000_rank00000] memory_utils.py:41 - [Rank 0] Memory-Usage before wake_up model: {'gpu': '0', 'total_GB': 79.18, 'free_GB': 76.77, 'used_GB': 2.41, 'allocated_GB': 1.2, 'reserved_GB': 1.27}
[algo1a-g3c-tis-l0-modal] [36m(MegatronTrainRayActor pid=1723)[0m [2026-09-29 20:01:53.230 actor_cell00000_rank00000] reloadable_process_group.py:151 - Reloading 0 process groups in pid 1723
[algo1a-g3c-tis-l0-modal] 
[algo1a-g3c-tis-l0-modal] [36m(MegatronTrainRayActor pid=1723)[0m [2026-09-29 20:01:53.231 actor_cell00000_rank00000] memory_utils.py:41 - [Rank 0] Memory-Usage after wake_up model: {'gpu': '0', 'total_GB': 79.18, 'free_GB': 75.53, 'used_GB': 3.65, 'allocated_GB': 1.2, 'reserved_GB': 1.27}
[algo1a-g3c-tis-l0-modal] 
[algo1a-g3c-tis-l0-modal] [36m(MegatronTrainRayActor pid=1723)[0m [2026-09-29 20:01:53.231 actor_cell00000_rank00000] timer.py:42 - Timer wake_up end (elapsed: 0.7s)
[algo1a-g3c-tis-l0-modal] 
[algo1a-g3c-tis-l0-modal] [36m(MegatronTrainRayActor pid=1723)[0m [2026-09-29 20:01:53.231 actor_cell00000_rank00000] structured_log.py:28 - actor cls=MegatronTrainRayActor fn=wake_up phase=end ok=true elapsed_s=0.7
[algo1a-g3c-tis-l0-modal] 
[algo1a-g3c-tis-l0-modal] [36m(MegatronTrainRayActor pid=1723)[0m [2026-09-29 20:01:53.428 actor_cell00000_rank00000] structured_log.py:24 - actor cls=MegatronTrainRayActor fn=sleep phase=start
[algo1a-g3c-tis-l0-modal] 
[algo1a-g3c-tis-l0-modal] [36m(MegatronTrainRayActor pid=1723)[0m [2026-09-29 20:01:53.428 actor_cell00000_rank00000] timer.py:31 - Timer sleep start
[algo1a-g3c-tis-l0-modal] 
[algo1a-g3c-tis-l1-modal] [36m(InferenceController pid=2520)[0m [2026-09-29 20:01:53.888 inference_controller] inference_controller.py:796 - Waiting for 1/1 cells to become ready...
[algo1a-g3c-tis-l1-modal] 
[algo1a-g3c-tis-l0-modal] [36m(MegatronTrainRayActor pid=1723)[0m [2026-09-29 20:01:54.001 actor_cell00000_rank00000] memory_utils.py:41 - [Rank 0] Memory-Usage before offload model: {'gpu': '0', 'total_GB': 79.18, 'free_GB': 75.53, 'used_GB': 3.65, 'allocated_GB': 1.2, 'reserved_GB': 1.27}
[algo1a-g3c-tis-l0-modal] 
[algo1a-g3c-tis-l0-modal] [36m(MegatronTrainRayActor pid=1723)[0m [2026-09-29 20:01:54.362 actor_cell00000_rank00000] memory_utils.py:41 - [Rank 0] Memory-Usage after offload model: {'gpu': '0', 'total_GB': 79.18, 'free_GB': 76.77, 'used_GB': 2.41, 'allocated_GB': 1.2, 'reserved_GB': 1.27}
[algo1a-g3c-tis-l0-modal] 
[algo1a-g3c-tis-l0-modal] [36m(MegatronTrainRayActor pid=1723)[0m [2026-09-29 20:01:54.363 actor_cell00000_rank00000] timer.py:42 - Timer sleep end (elapsed: 0.9s)
[algo1a-g3c-tis-l0-modal] 
[algo1a-g3c-tis-l0-modal] [36m(MegatronTrainRayActor pid=1723)[0m [2026-09-29 20:01:54.363 actor_cell00000_rank00000] structured_log.py:28 - actor cls=MegatronTrainRayActor fn=sleep phase=end ok=true elapsed_s=0.9
[algo1a-g3c-tis-l0-modal] 
[algo1a-g3c-tis-l0-modal] [36m(TrainerController pid=1470)[0m [2026-09-29 20:01:54.530 trainer_controller_actor] cell.py:239 - ft op=execute phase=end cell=trainer-engine-actor-00000 fn=run_plugin ok=true elapsed_s=2.0
[algo1a-g3c-tis-l0-modal] 
[algo1a-g3c-tis-l0-modal] YETO_RL_EVENT {"event":"rl_policy_apply","island_id":0,"local_step":0,"optimizer":"reset","partial_fragment_apply":false,"policy_version":0,"sync/apply_seconds":127.95471891799997,"sync/global_policy_hash":"a34cd30f37ee5ffaad784b92defd77b3b6ce68095faf29288d5ea460912617c4","time_unix":1790712114.8565047}
[algo1a-g3c-tis-l0-modal] 
[algo1a-g3c-tis-l0-modal] YETO_RL_EVENT {"event":"rl_driver_phase","island_id":0,"phase":"publish","policy_version":0,"time_unix":1790712114.9253683}
[algo1a-g3c-tis-l0-modal] 
[algo1a-g3c-tis-l0-modal] [36m(TrainerController pid=1470)[0m [2026-09-29 20:01:55.000 trainer_controller_actor] cell.py:231 - ft op=execute phase=start cell=trainer-engine-actor-00000 fn=run_plugin n_actors=1
[algo1a-g3c-tis-l0-modal] 
[algo1a-g3c-tis-l0-modal] [36m(MegatronTrainRayActor pid=1723)[0m [2026-09-29 20:01:55.002 actor_cell00000_rank00000] structured_log.py:24 - actor cls=MegatronTrainRayActor fn=wake_up phase=start
[algo1a-g3c-tis-l0-modal] 
[algo1a-g3c-tis-l0-modal] [36m(MegatronTrainRayActor pid=1723)[0m [2026-09-29 20:01:55.002 actor_cell00000_rank00000] timer.py:31 - Timer wake_up start
[algo1a-g3c-tis-l0-modal] 
[algo1a-g3c-tis-l0-modal] [36m(MegatronTrainRayActor pid=1723)[0m [2026-09-29 20:01:55.003 actor_cell00000_rank00000] memory_utils.py:41 - [Rank 0] Memory-Usage before wake_up model: {'gpu': '0', 'total_GB': 79.18, 'free_GB': 76.77, 'used_GB': 2.41, 'allocated_GB': 1.2, 'reserved_GB': 1.27}
[algo1a-g3c-tis-l0-modal] 
[algo1a-g3c-tis-l1-modal] [36m(CommandActor pid=2526)[0m [2026-09-29 20:01:55] LoRA shrink (K=2048, R=16): no tuned config, using defaults {'BLOCK_N': 16, 'BLOCK_K': 256}
[algo1a-g3c-tis-l1-modal] 
[algo1a-g3c-tis-l1-modal] [36m(CommandActor pid=2526)[0m [2026-09-29 20:01:55] LoRA expand (K=1024, R=16): no tuned config, using defaults {'BLOCK_N': 64, 'BLOCK_K': 16}
[algo1a-g3c-tis-l1-modal] 
[algo1a-g3c-tis-l0-modal] [36m(MegatronTrainRayActor pid=1723)[0m [2026-09-29 20:01:55.736 actor_cell00000_rank00000] reloadable_process_group.py:151 - Reloading 0 process groups in pid 1723
[algo1a-g3c-tis-l1-modal] [36m(InferenceController pid=2520)[0m [2026-09-29 20:01:55.890 inference_controller] inference_controller.py:796 - Waiting for 1/1 cells to become ready...
[algo1a-g3c-tis-l0-modal] 
[algo1a-g3c-tis-l0-modal] [36m(MegatronTrainRayActor pid=1723)[0m [2026-09-29 20:01:55.737 actor_cell00000_rank00000] memory_utils.py:41 - [Rank 0] Memory-Usage after wake_up model: {'gpu': '0', 'total_GB': 79.18, 'free_GB': 75.53, 'used_GB': 3.65, 'allocated_GB': 1.2, 'reserved_GB': 1.27}
[algo1a-g3c-tis-l0-modal] 
[algo1a-g3c-tis-l0-modal] [36m(MegatronTrainRayActor pid=1723)[0m [2026-09-29 20:01:55.737 actor_cell00000_rank00000] timer.py:42 - Timer wake_up end (elapsed: 0.7s)
[algo1a-g3c-tis-l0-modal] 
[algo1a-g3c-tis-l0-modal] [36m(MegatronTrainRayActor pid=1723)[0m [2026-09-29 20:01:55.737 actor_cell00000_rank00000] structured_log.py:28 - actor cls=MegatronTrainRayActor fn=wake_up phase=end ok=true elapsed_s=0.7
[algo1a-g3c-tis-l0-modal] 
[algo1a-g3c-tis-l1-modal] 
[algo1a-g3c-tis-l0-modal] [36m(MegatronTrainRayActor pid=1723)[0m [2026-09-29 20:01:55.912 actor_cell00000_rank00000] structured_log.py:24 - actor cls=MegatronTrainRayActor fn=sleep phase=start
[algo1a-g3c-tis-l0-modal] 
[algo1a-g3c-tis-l0-modal] [36m(MegatronTrainRayActor pid=1723)[0m [2026-09-29 20:01:55.912 actor_cell00000_rank00000] timer.py:31 - Timer sleep start
[algo1a-g3c-tis-l0-modal] 
[algo1a-g3c-tis-l0-modal] [36m(MegatronTrainRayActor pid=1723)[0m [2026-09-29 20:01:56.492 actor_cell00000_rank00000] memory_utils.py:41 - [Rank 0] Memory-Usage before offload model: {'gpu': '0', 'total_GB': 79.18, 'free_GB': 75.53, 'used_GB': 3.65, 'allocated_GB': 1.2, 'reserved_GB': 1.27}
[algo1a-g3c-tis-l0-modal] 
[algo1a-g3c-tis-l0-modal] [36m(MegatronTrainRayActor pid=1723)[0m [2026-09-29 20:01:56.848 actor_cell00000_rank00000] memory_utils.py:41 - [Rank 0] Memory-Usage after offload model: {'gpu': '0', 'total_GB': 79.18, 'free_GB': 76.77, 'used_GB': 2.41, 'allocated_GB': 1.2, 'reserved_GB': 1.27}
[algo1a-g3c-tis-l0-modal] 
[algo1a-g3c-tis-l0-modal] [36m(MegatronTrainRayActor pid=1723)[0m [2026-09-29 20:01:56.848 actor_cell00000_rank00000] timer.py:42 - Timer sleep end (elapsed: 0.9s)
[algo1a-g3c-tis-l0-modal] [36m(MegatronTrainRayActor pid=1723)[0m [2026-09-29 20:01:56.848 actor_cell00000_rank00000] structured_log.py:28 - actor cls=MegatronTrainRayActor fn=sleep phase=end ok=true elapsed_s=0.9
[algo1a-g3c-tis-l0-modal] 
[algo1a-g3c-tis-l0-modal] [36m(TrainerController pid=1470)[0m [2026-09-29 20:01:56.997 trainer_controller_actor] cell.py:239 - ft op=execute phase=end cell=trainer-engine-actor-00000 fn=run_plugin ok=true elapsed_s=2.0
[algo1a-g3c-tis-l0-modal] 
[algo1a-g3c-tis-l0-modal] [36m(InferenceController pid=1473)[0m [2026-09-29 20:01:57.343 inference_controller] _client.py:1740 - HTTP Request: POST http://172.20.9.131:20036/gate/activate "HTTP/1.1 200 OK"
[algo1a-g3c-tis-l0-modal] 
[algo1a-g3c-tis-l0-modal] [36m(InferenceController pid=1473)[0m [2026-09-29 20:01:57.343 inference_controller] server_cell.py:315 - Cell inference-engine-all-0-0-00000 init start old=
[algo1a-g3c-tis-l0-modal] 
[algo1a-g3c-tis-l0-modal] [36m(InferenceController pid=1473)[0m [2026-09-29 20:01:57.343 inference_controller] server_cell.py:318 - Cell inference-engine-all-0-0-00000 init end new=addr_info=CellAddrInfo(server_url='http://172.20.9.131:20000', bootstrap_port=None, gate_url='http://172.20.9.131:20036') start_time=423.152020741
[algo1a-g3c-tis-l0-modal] [36m(InferenceController pid=1473)[0m [2026-09-29 20:01:57.344 inference_controller] inference_controller.py:796 - Waiting for 1/1 cells to become ready...
[algo1a-g3c-tis-l0-modal] 
[algo1a-g3c-tis-l0-modal] [36m(CommandActor pid=1474)[0m [2026-09-29 20:01:57] Gated launch activated. elapsed=90.05 s
[algo1a-g3c-tis-l0-modal] 
[algo1a-g3c-tis-l0-modal] [36m(CommandActor pid=1474)[0m [2026-09-29 20:01:57] Init torch distributed ends. elapsed=90.11 s, mem usage=0.09 GB
[algo1a-g3c-tis-l1-modal] [36m(InferenceController pid=2520)[0m [2026-09-29 20:01:57.891 inference_controller] inference_controller.py:796 - Waiting for 1/1 cells to become ready...
[algo1a-g3c-tis-l1-modal] 
[algo1a-g3c-tis-l1-modal] [36m(CommandActor pid=2526)[0m [2026-09-29 20:01:57] LoRA shrink (K=1024, R=16): no tuned config, using defaults {'BLOCK_N': 16, 'BLOCK_K': 256}
[algo1a-g3c-tis-l1-modal] 
[algo1a-g3c-tis-l1-modal] [36m(CommandActor pid=2526)[0m [2026-09-29 20:01:58] LoRA expand (K=6144, R=16): no tuned config, using defaults {'BLOCK_N': 64, 'BLOCK_K': 16}
[algo1a-g3c-tis-l1-modal] 
[algo1a-g3c-tis-l0-modal] [36m(InferenceController pid=1473)[0m [2026-09-29 20:01:59.344 inference_controller] inference_controller.py:796 - Waiting for 1/1 cells to become ready...
[algo1a-g3c-tis-l0-modal] 
[algo1a-g3c-tis-l1-modal] [36m(InferenceController pid=2520)[0m [2026-09-29 20:01:59.892 inference_controller] inference_controller.py:796 - Waiting for 1/1 cells to become ready...
[algo1a-g3c-tis-l1-modal] 
[algo1a-g3c-tis-l0-modal] [36m(CommandActor pid=1474)[0m [2026-09-29 20:02:01] Load weight begin. avail mem=76.70 GB
[algo1a-g3c-tis-l0-modal] 
[algo1a-g3c-tis-l0-modal] [36m(InferenceController pid=1473)[0m [2026-09-29 20:02:01.345 inference_controller] inference_controller.py:796 - Waiting for 1/1 cells to become ready...
[algo1a-g3c-tis-l0-modal] 
[algo1a-g3c-tis-l0-modal] [36m(CommandActor pid=1474)[0m Multi-thread loading shards:   0% Completed | 0/1 [00:00<?, ?it/s][2026-09-29 20:02:01] Parameter lm_head.weight not found in params_dict
[algo1a-g3c-tis-l0-modal] 
[algo1a-g3c-tis-l0-modal] [36m(CommandActor pid=1474)[0m Multi-thread loading shards: 100% Completed | 1/1 [00:00<00:00,  4.76it/s]Multi-thread loading shards: 100% Completed | 1/1 [00:00<00:00,  4.76it/s]
[algo1a-g3c-tis-l0-modal] 
[algo1a-g3c-tis-l0-modal] [36m(CommandActor pid=1474)[0m [2026-09-29 20:02:01] Load weight end. elapsed=0.41 s, type=Qwen3ForCausalLM, avail mem=75.52 GB, mem usage=1.19 GB.
[algo1a-g3c-tis-l0-modal] 
[algo1a-g3c-tis-l0-modal] [36m(CommandActor pid=1474)[0m [2026-09-29 20:02:01] Using csgmv as backend of LoRA kernels.
[algo1a-g3c-tis-l0-modal] 
[algo1a-g3c-tis-l1-modal] [36m(InferenceController pid=2520)[0m [2026-09-29 20:02:01.892 inference_controller] inference_controller.py:796 - Waiting for 1/1 cells to become ready...
[algo1a-g3c-tis-l1-modal] 
[algo1a-g3c-tis-l0-modal] [36m(InferenceController pid=1473)[0m [2026-09-29 20:02:03.346 inference_controller] inference_controller.py:796 - Waiting for 1/1 cells to become ready...
[algo1a-g3c-tis-l0-modal] 
[algo1a-g3c-tis-l0-modal] [36m(CommandActor pid=1474)[0m [2026-09-29 20:02:03] KV Cache is allocated. dtype: torch.bfloat16, #tokens: 275400, K size: 14.71 GB, V size: 14.71 GB
[algo1a-g3c-tis-l0-modal] 
[36m(CommandActor pid=1474)[0m [2026-09-29 20:02:03] Memory pool end. avail mem=45.51 GB
[algo1a-g3c-tis-l0-modal] 
[algo1a-g3c-tis-l1-modal] [36m(InferenceController pid=2520)[0m [2026-09-29 20:02:03.894 inference_controller] inference_controller.py:796 - Waiting for 1/1 cells to become ready...
[algo1a-g3c-tis-l1-modal] 
[algo1a-g3c-tis-l0-modal] [36m(CommandActor pid=1474)[0m [2026-09-29 20:02:05] Disable prefill CUDA graph because cuda_graph_config resolved prefill.backend='disabled' (e.g. via --cuda-graph-backend-prefill=disabled or auto-disable rules).
[algo1a-g3c-tis-l1-modal] [36m(CommandActor pid=2526)[0m [2026-09-29 20:02:05] LoRA shrink (K=3072, R=16): no tuned config, using defaults {'BLOCK_N': 16, 'BLOCK_K': 256}
[algo1a-g3c-tis-l0-modal] 
[36m(CommandActor pid=1474)[0m [2026-09-29 20:02:05] Capture target decode CUDA graph begin. backend=full, num_tokens_per_req=1, bs=[1, 2, 4, 8, 12, 16, 24, 32, 40, 48, 56, 64, 72, 80, 88, 96, 104, 112, 120, 128, 136, 144, 152, 160, 168, 176, 184, 192, 200, 208, 216, 224, 232, 240, 248, 256], avail mem=45.51 GB
[algo1a-g3c-tis-l0-modal] 
[algo1a-g3c-tis-l1-modal] 
[algo1a-g3c-tis-l0-modal] [36m(InferenceController pid=1473)[0m [2026-09-29 20:02:05.347 inference_controller] inference_controller.py:796 - Waiting for 1/1 cells to become ready...
[algo1a-g3c-tis-l0-modal] 
[algo1a-g3c-tis-l0-modal] [36m(CommandActor pid=1474)[0m   0%|          | 0/36 [00:00<?, ?it/s]Capturing batches (bs=256 avail_mem=45.32 GB):   0%|          | 0/36 [00:00<?, ?it/s]
[algo1a-g3c-tis-l0-modal] 
[algo1a-g3c-tis-l1-modal] [36m(InferenceController pid=2520)[0m [2026-09-29 20:02:05.895 inference_controller] inference_controller.py:796 - Waiting for 1/1 cells to become ready...
[algo1a-g3c-tis-l1-modal] 
[algo1a-g3c-tis-l0-modal] [36m(InferenceController pid=1473)[0m [2026-09-29 20:02:07.348 inference_controller] inference_controller.py:796 - Waiting for 1/1 cells to become ready...
[algo1a-g3c-tis-l0-modal] 
[algo1a-g3c-tis-l1-modal] [36m(InferenceController pid=2520)[0m [2026-09-29 20:02:07.896 inference_controller] inference_controller.py:796 - Waiting for 1/1 cells to become ready...
[algo1a-g3c-tis-l1-modal] 
[algo1a-g3c-tis-l1-modal] [36m(CommandActor pid=2526)[0m Capturing batches (bs=256 avail_mem=45.32 GB):   3%|▎         | 1/36 [00:30<17:38, 30.26s/it]Capturing batches (bs=248 avail_mem=45.21 GB):   3%|▎         | 1/36 [00:30<17:38, 30.26s/it]
[algo1a-g3c-tis-l1-modal] 
[algo1a-g3c-tis-l1-modal] [36m(CommandActor pid=2526)[0m Capturing batches (bs=248 avail_mem=45.21 GB):   6%|▌         | 2/36 [00:30<07:11, 12.70s/it]Capturing batches (bs=240 avail_mem=45.21 GB):   6%|▌         | 2/36 [00:30<07:11, 12.70s/it]
[algo1a-g3c-tis-l1-modal] 
[algo1a-g3c-tis-l1-modal] [36m(CommandActor pid=2526)[0m Capturing batches (bs=240 avail_mem=45.21 GB):   8%|▊         | 3/36 [00:30<03:50,  6.98s/it]Capturing batches (bs=232 avail_mem=45.20 GB):   8%|▊         | 3/36 [00:30<03:50,  6.98s/it]
[algo1a-g3c-tis-l1-modal] 
[algo1a-g3c-tis-l0-modal] [36m(CommandActor pid=1474)[0m [2026-09-29 20:02:08] LoRA shrink (K=1024, R=16): no tuned config, using defaults {'BLOCK_N': 16, 'BLOCK_K': 256}
[algo1a-g3c-tis-l1-modal] [36m(CommandActor pid=2526)[0m Capturing batches (bs=232 avail_mem=45.20 GB):  11%|█         | 4/36 [00:31<02:17,  4.29s/it]Capturing batches (bs=224 avail_mem=45.20 GB):  11%|█         | 4/36 [00:31<02:17,  4.29s/it]
[algo1a-g3c-tis-l0-modal] 
[algo1a-g3c-tis-l1-modal] 
[algo1a-g3c-tis-l1-modal] [36m(CommandActor pid=2526)[0m Capturing batches (bs=224 avail_mem=45.20 GB):  14%|█▍        | 5/36 [00:31<01:26,  2.80s/it]Capturing batches (bs=216 avail_mem=45.19 GB):  14%|█▍        | 5/36 [00:31<01:26,  2.80s/it]
[algo1a-g3c-tis-l1-modal] 
[algo1a-g3c-tis-l0-modal] [36m(CommandActor pid=1474)[0m [2026-09-29 20:02:08] LoRA expand (K=4096, R=16): no tuned config, using defaults {'BLOCK_N': 64, 'BLOCK_K': 16}
[algo1a-g3c-tis-l0-modal] 
[algo1a-g3c-tis-l1-modal] [36m(CommandActor pid=2526)[0m Capturing batches (bs=216 avail_mem=45.19 GB):  17%|█▋        | 6/36 [00:31<00:57,  1.90s/it]Capturing batches (bs=208 avail_mem=45.19 GB):  17%|█▋        | 6/36 [00:31<00:57,  1.90s/it]
[algo1a-g3c-tis-l1-modal] 
[algo1a-g3c-tis-l1-modal] [36m(CommandActor pid=2526)[0m Capturing batches (bs=208 avail_mem=45.19 GB):  19%|█▉        | 7/36 [00:31<00:39,  1.35s/it]Capturing batches (bs=200 avail_mem=45.18 GB):  19%|█▉        | 7/36 [00:31<00:39,  1.35s/it]
[algo1a-g3c-tis-l1-modal] 
[algo1a-g3c-tis-l1-modal] [36m(CommandActor pid=2526)[0m Capturing batches (bs=200 avail_mem=45.18 GB):  22%|██▏       | 8/36 [00:31<00:27,  1.02it/s]Capturing batches (bs=192 avail_mem=45.18 GB):  22%|██▏       | 8/36 [00:31<00:27,  1.02it/s]
[algo1a-g3c-tis-l1-modal] 
[algo1a-g3c-tis-l0-modal] [36m(InferenceController pid=1473)[0m [2026-09-29 20:02:09.348 inference_controller] inference_controller.py:796 - Waiting for 1/1 cells to become ready...
[algo1a-g3c-tis-l0-modal] 
[algo1a-g3c-tis-l1-modal] [36m(InferenceController pid=2520)[0m [2026-09-29 20:02:09.897 inference_controller] inference_controller.py:796 - Waiting for 1/1 cells to become ready...
[algo1a-g3c-tis-l1-modal] 
[algo1a-g3c-tis-l0-modal] [36m(InferenceController pid=1473)[0m [2026-09-29 20:02:11.349 inference_controller] inference_controller.py:796 - Waiting for 1/1 cells to become ready...
[algo1a-g3c-tis-l0-modal] 
[algo1a-g3c-tis-l1-modal] [36m(InferenceController pid=2520)[0m [2026-09-29 20:02:11.898 inference_controller] inference_controller.py:796 - Waiting for 1/1 cells to become ready...
[algo1a-g3c-tis-l1-modal] 
[algo1a-g3c-tis-l0-modal] [36m(InferenceController pid=1473)[0m [2026-09-29 20:02:13.350 inference_controller] inference_controller.py:796 - Waiting for 1/1 cells to become ready...
[algo1a-g3c-tis-l1-modal] [36m(RayWorkerManager pid=2295)[0m [2026-09-29 20:02:13.521 worker_manager] reporter.py:90 - audit op=env_report_summary hostname=modal versions="{\"python\":\"3.12.3\",\"platform\":\"Linux-4.19.0-gvisor-x86_64-with-glibc2.39\",\"miles\":\"0.1.1\",\"sglang\":\"0.5.21.dev67+g9f29303\",\"sglang-router\":\"0.3.2\",\"megatron-core\":\"0.19.0+a84b10547\",\"transformers\":\"5.12.1\",\"ray\":\"2.58.0\",\"flashinfer-python\":\"0.6.18\",\"torch\":\"2.13.0+cu130\",\"torch_cuda\":\"13.0\"}" repos="{\"miles\":\"d002615f44816ae243169643dc093eb2c29029d8\",\"sglang\":\"9f29303bef1eea38eb613e5f454a52db1326422d\",\"megatron-core\":\"a84b105473eca9c9c6e49dbf1c8aa460c5cf796e\"}" num_packages=425 num_env_vars=113 packages_probed=true stored=false
[algo1a-g3c-tis-l0-modal] 
[algo1a-g3c-tis-l1-modal] 
[algo1a-g3c-tis-l1-modal] [36m(InferenceController pid=2520)[0m [2026-09-29 20:02:13.900 inference_controller] inference_controller.py:796 - Waiting for 1/1 cells to become ready...
[algo1a-g3c-tis-l1-modal] 
[algo1a-g3c-tis-l1-modal] [36m(CommandActor pid=2526)[0m Capturing batches (bs=192 avail_mem=45.18 GB):  25%|██▌       | 9/36 [00:36<01:00,  2.25s/it]Capturing batches (bs=184 avail_mem=45.17 GB):  25%|██▌       | 9/36 [00:36<01:00,  2.25s/it]
[algo1a-g3c-tis-l1-modal] 
[algo1a-g3c-tis-l0-modal] [2026-09-29 20:02:14.265 main] reporter.py:90 - audit op=env_report_summary hostname=modal versions="{\"python\":\"3.12.3\",\"platform\":\"Linux-4.19.0-gvisor-x86_64-with-glibc2.39\",\"miles\":\"0.1.1\",\"sglang\":\"0.5.21.dev67+g9f29303\",\"sglang-router\":\"0.3.2\",\"megatron-core\":\"0.19.0+a84b10547\",\"transformers\":\"5.12.1\",\"ray\":\"2.58.0\",\"flashinfer-python\":\"0.6.18\",\"torch\":\"2.13.0+cu130\",\"torch_cuda\":\"13.0\"}" repos="{\"miles\":\"d002615f44816ae243169643dc093eb2c29029d8\",\"megatron-core\":\"a84b105473eca9c9c6e49dbf1c8aa460c5cf796e\",\"sglang\":\"9f29303bef1eea38eb613e5f454a52db1326422d\"}" num_packages=425 num_env_vars=106 packages_probed=true stored=false
[algo1a-g3c-tis-l1-modal] [36m(CommandActor pid=2526)[0m Capturing batches (bs=184 avail_mem=45.17 GB):  28%|██▊       | 10/36 [00:36<00:41,  1.61s/it]Capturing batches (bs=176 avail_mem=45.17 GB):  28%|██▊       | 10/36 [00:36<00:41,  1.61s/it]
[algo1a-g3c-tis-l1-modal] 
[algo1a-g3c-tis-l1-modal] [36m(CommandActor pid=2526)[0m Capturing batches (bs=176 avail_mem=45.17 GB):  31%|███       | 11/36 [00:37<00:29,  1.16s/it]Capturing batches (bs=168 avail_mem=45.16 GB):  31%|███       | 11/36 [00:37<00:29,  1.16s/it]
[algo1a-g3c-tis-l1-modal] 
[algo1a-g3c-tis-l1-modal] [36m(CommandActor pid=2526)[0m Capturing batches (bs=168 avail_mem=45.16 GB):  33%|███▎      | 12/36 [00:37<00:20,  1.18it/s]Capturing batches (bs=160 avail_mem=45.16 GB):  33%|███▎      | 12/36 [00:37<00:20,  1.18it/s]
[algo1a-g3c-tis-l1-modal] 
[algo1a-g3c-tis-l1-modal] [36m(CommandActor pid=2526)[0m Capturing batches (bs=160 avail_mem=45.16 GB):  36%|███▌      | 13/36 [00:37<00:14,  1.57it/s]Capturing batches (bs=152 avail_mem=45.16 GB):  36%|███▌      | 13/36 [00:37<00:14,  1.57it/s]
[algo1a-g3c-tis-l1-modal] 
[algo1a-g3c-tis-l1-modal] [36m(CommandActor pid=2526)[0m Capturing batches (bs=152 avail_mem=45.16 GB):  39%|███▉      | 14/36 [00:37<00:11,  1.96it/s]Capturing batches (bs=144 avail_mem=45.15 GB):  39%|███▉      | 14/36 [00:37<00:11,  1.96it/s]
[algo1a-g3c-tis-l1-modal] 
[algo1a-g3c-tis-l1-modal] [36m(CommandActor pid=2526)[0m Capturing batches (bs=144 avail_mem=45.15 GB):  42%|████▏     | 15/36 [00:37<00:08,  2.44it/s]Capturing batches (bs=136 avail_mem=45.15 GB):  42%|████▏     | 15/36 [00:37<00:08,  2.44it/s]
[algo1a-g3c-tis-l1-modal] 
[algo1a-g3c-tis-l0-modal] [36m(InferenceController pid=1473)[0m [2026-09-29 20:02:15.350 inference_controller] inference_controller.py:796 - Waiting for 1/1 cells to become ready...
[algo1a-g3c-tis-l1-modal] [36m(CommandActor pid=2526)[0m Capturing batches (bs=136 avail_mem=45.15 GB):  44%|████▍     | 16/36 [00:37<00:06,  2.97it/s]Capturing batches (bs=128 avail_mem=45.15 GB):  44%|████▍     | 16/36 [00:37<00:06,  2.97it/s]
[algo1a-g3c-tis-l1-modal] 
[algo1a-g3c-tis-l0-modal] 
[algo1a-g3c-tis-l1-modal] [36m(InferenceController pid=2520)[0m [2026-09-29 20:02:15.901 inference_controller] inference_controller.py:796 - Waiting for 1/1 cells to become ready...
[algo1a-g3c-tis-l1-modal] 
[algo1a-g3c-tis-l0-modal] [36m(InferenceController pid=1473)[0m [2026-09-29 20:02:17.351 inference_controller] inference_controller.py:796 - Waiting for 1/1 cells to become ready...
[algo1a-g3c-tis-l0-modal] 
[algo1a-g3c-tis-l1-modal] [36m(InferenceController pid=2520)[0m [2026-09-29 20:02:17.902 inference_controller] inference_controller.py:796 - Waiting for 1/1 cells to become ready...
[algo1a-g3c-tis-l1-modal] 
[algo1a-g3c-tis-l0-modal] [36m(InferenceController pid=1473)[0m [2026-09-29 20:02:19.351 inference_controller] inference_controller.py:796 - Waiting for 1/1 cells to become ready...
[algo1a-g3c-tis-l0-modal] 
[algo1a-g3c-tis-l1-modal] [36m(InferenceController pid=2520)[0m [2026-09-29 20:02:19.903 inference_controller] inference_controller.py:796 - Waiting for 1/1 cells to become ready...
[algo1a-g3c-tis-l1-modal] 
[algo1a-g3c-tis-l0-modal] [36m(InferenceController pid=1473)[0m [2026-09-29 20:02:21.353 inference_controller] inference_controller.py:796 - Waiting for 1/1 cells to become ready...
[algo1a-g3c-tis-l0-modal] 
[algo1a-g3c-tis-l1-modal] [36m(InferenceController pid=2520)[0m [2026-09-29 20:02:21.903 inference_controller] inference_controller.py:796 - Waiting for 1/1 cells to become ready...
[algo1a-g3c-tis-l1-modal] 
[algo1a-g3c-tis-l1-modal] [36m(CommandActor pid=2526)[0m Capturing batches (bs=128 avail_mem=45.15 GB):  47%|████▋     | 17/36 [00:44<00:43,  2.27s/it]Capturing batches (bs=120 avail_mem=45.14 GB):  47%|████▋     | 17/36 [00:44<00:43,  2.27s/it]
[algo1a-g3c-tis-l1-modal] 
[algo1a-g3c-tis-l1-modal] [36m(CommandActor pid=2526)[0m Capturing batches (bs=120 avail_mem=45.14 GB):  50%|█████     | 18/36 [00:44<00:29,  1.63s/it]Capturing batches (bs=112 avail_mem=45.13 GB):  50%|█████     | 18/36 [00:44<00:29,  1.63s/it]
[algo1a-g3c-tis-l1-modal] 
[algo1a-g3c-tis-l1-modal] [36m(CommandActor pid=2526)[0m Capturing batches (bs=112 avail_mem=45.13 GB):  53%|█████▎    | 19/36 [00:45<00:20,  1.19s/it]Capturing batches (bs=104 avail_mem=45.13 GB):  53%|█████▎    | 19/36 [00:45<00:20,  1.19s/it]
[algo1a-g3c-tis-l1-modal] 
[algo1a-g3c-tis-l1-modal] [36m(CommandActor pid=2526)[0m Capturing batches (bs=104 avail_mem=45.13 GB):  56%|█████▌    | 20/36 [00:45<00:13,  1.15it/s]Capturing batches (bs=96 avail_mem=45.12 GB):  56%|█████▌    | 20/36 [00:45<00:13,  1.15it/s]
[algo1a-g3c-tis-l1-modal] 
[algo1a-g3c-tis-l1-modal] [36m(CommandActor pid=2526)[0m Capturing batches (bs=96 avail_mem=45.12 GB):  58%|█████▊    | 21/36 [00:45<00:09,  1.51it/s]Capturing batches (bs=88 avail_mem=45.12 GB):  58%|█████▊    | 21/36 [00:45<00:09,  1.51it/s]
[algo1a-g3c-tis-l1-modal] 
[algo1a-g3c-tis-l1-modal] [36m(CommandActor pid=2526)[0m Capturing batches (bs=88 avail_mem=45.12 GB):  61%|██████    | 22/36 [00:45<00:07,  1.90it/s]Capturing batches (bs=80 avail_mem=45.11 GB):  61%|██████    | 22/36 [00:45<00:07,  1.90it/s]
[algo1a-g3c-tis-l1-modal] 
[algo1a-g3c-tis-l1-modal] [36m(CommandActor pid=2526)[0m Capturing batches (bs=80 avail_mem=45.11 GB):  64%|██████▍   | 23/36 [00:45<00:05,  2.41it/s]Capturing batches (bs=72 avail_mem=45.11 GB):  64%|██████▍   | 23/36 [00:45<00:05,  2.41it/s]
[algo1a-g3c-tis-l1-modal] 
[algo1a-g3c-tis-l1-modal] [36m(CommandActor pid=2526)[0m Capturing batches (bs=72 avail_mem=45.11 GB):  67%|██████▋   | 24/36 [00:45<00:03,  3.02it/s]Capturing batches (bs=64 avail_mem=45.10 GB):  67%|██████▋   | 24/36 [00:45<00:03,  3.02it/s]
[algo1a-g3c-tis-l0-modal] [36m(InferenceController pid=1473)[0m [2026-09-29 20:02:23.354 inference_controller] inference_controller.py:796 - Waiting for 1/1 cells to become ready...
[algo1a-g3c-tis-l1-modal] 
[algo1a-g3c-tis-l0-modal] 
[algo1a-g3c-tis-l1-modal] [36m(InferenceController pid=2520)[0m [2026-09-29 20:02:23.904 inference_controller] inference_controller.py:796 - Waiting for 1/1 cells to become ready...
[algo1a-g3c-tis-l1-modal] 
[algo1a-g3c-tis-l0-modal] [36m(InferenceController pid=1473)[0m [2026-09-29 20:02:25.355 inference_controller] inference_controller.py:796 - Waiting for 1/1 cells to become ready...
[algo1a-g3c-tis-l0-modal] 
[algo1a-g3c-tis-l1-modal] [36m(InferenceController pid=2520)[0m [2026-09-29 20:02:25.904 inference_controller] inference_controller.py:796 - Waiting for 1/1 cells to become ready...
[algo1a-g3c-tis-l1-modal] 
[algo1a-g3c-tis-l1-modal] [36m(CommandActor pid=2526)[0m Capturing batches (bs=64 avail_mem=45.10 GB):  69%|██████▉   | 25/36 [00:49<00:15,  1.41s/it]Capturing batches (bs=56 avail_mem=45.10 GB):  69%|██████▉   | 25/36 [00:49<00:15,  1.41s/it]
[algo1a-g3c-tis-l1-modal] 
[algo1a-g3c-tis-l0-modal] [36m(InferenceController pid=1473)[0m [2026-09-29 20:02:27.356 inference_controller] inference_controller.py:796 - Waiting for 1/1 cells to become ready...
[algo1a-g3c-tis-l1-modal] [36m(CommandActor pid=2526)[0m Capturing batches (bs=56 avail_mem=45.10 GB):  72%|███████▏  | 26/36 [00:49<00:10,  1.02s/it]Capturing batches (bs=48 avail_mem=45.10 GB):  72%|███████▏  | 26/36 [00:49<00:10,  1.02s/it]
[algo1a-g3c-tis-l1-modal] 
[algo1a-g3c-tis-l1-modal] [36m(CommandActor pid=2526)[0m Capturing batches (bs=48 avail_mem=45.10 GB):  75%|███████▌  | 27/36 [00:49<00:06,  1.32it/s]Capturing batches (bs=40 avail_mem=45.09 GB):  75%|███████▌  | 27/36 [00:49<00:06,  1.32it/s]
[algo1a-g3c-tis-l0-modal] 
[algo1a-g3c-tis-l1-modal] 
[algo1a-g3c-tis-l1-modal] [36m(CommandActor pid=2526)[0m Capturing batches (bs=40 avail_mem=45.09 GB):  78%|███████▊  | 28/36 [00:50<00:04,  1.75it/s]Capturing batches (bs=32 avail_mem=45.08 GB):  78%|███████▊  | 28/36 [00:50<00:04,  1.75it/s]
[algo1a-g3c-tis-l1-modal] 
[algo1a-g3c-tis-l0-modal] [36m(CommandActor pid=1474)[0m [2026-09-29 20:02:27] LoRA shrink (K=2048, R=16): no tuned config, using defaults {'BLOCK_N': 16, 'BLOCK_K': 256}
[algo1a-g3c-tis-l0-modal] 
[algo1a-g3c-tis-l1-modal] [36m(InferenceController pid=2520)[0m [2026-09-29 20:02:27.905 inference_controller] inference_controller.py:796 - Waiting for 1/1 cells to become ready...
[algo1a-g3c-tis-l1-modal] 
[algo1a-g3c-tis-l0-modal] [36m(CommandActor pid=1474)[0m [2026-09-29 20:02:27] LoRA expand (K=1024, R=16): no tuned config, using defaults {'BLOCK_N': 64, 'BLOCK_K': 16}
[algo1a-g3c-tis-l0-modal] 
[algo1a-g3c-tis-l0-modal] [36m(InferenceController pid=1473)[0m [2026-09-29 20:02:29.358 inference_controller] inference_controller.py:796 - Waiting for 1/1 cells to become ready...
[algo1a-g3c-tis-l0-modal] 
[algo1a-g3c-tis-l1-modal] [36m(InferenceController pid=2520)[0m [2026-09-29 20:02:29.906 inference_controller] inference_controller.py:796 - Waiting for 1/1 cells to become ready...
[algo1a-g3c-tis-l1-modal] 
[algo1a-g3c-tis-l0-modal] [36m(CommandActor pid=1474)[0m [2026-09-29 20:02:30] LoRA shrink (K=1024, R=16): no tuned config, using defaults {'BLOCK_N': 16, 'BLOCK_K': 256}
[algo1a-g3c-tis-l0-modal] 
[algo1a-g3c-tis-l0-modal] [36m(CommandActor pid=1474)[0m [2026-09-29 20:02:30] LoRA expand (K=6144, R=16): no tuned config, using defaults {'BLOCK_N': 64, 'BLOCK_K': 16}
[algo1a-g3c-tis-l0-modal] 
[algo1a-g3c-tis-l0-modal] [36m(InferenceController pid=1473)[0m [2026-09-29 20:02:31.359 inference_controller] inference_controller.py:796 - Waiting for 1/1 cells to become ready...
[algo1a-g3c-tis-l0-modal] 
[algo1a-g3c-tis-l1-modal] [36m(InferenceController pid=2520)[0m [2026-09-29 20:02:31.907 inference_controller] inference_controller.py:796 - Waiting for 1/1 cells to become ready...
[algo1a-g3c-tis-l1-modal] 
[algo1a-g3c-tis-l0-modal] [36m(InferenceController pid=1473)[0m [2026-09-29 20:02:33.359 inference_controller] inference_controller.py:796 - Waiting for 1/1 cells to become ready...
[algo1a-g3c-tis-l0-modal] 
[algo1a-g3c-tis-l1-modal] [36m(InferenceController pid=2520)[0m [2026-09-29 20:02:33.908 inference_controller] inference_controller.py:796 - Waiting for 1/1 cells to become ready...
[algo1a-g3c-tis-l1-modal] 
[algo1a-g3c-tis-l0-modal] [36m(InferenceController pid=1473)[0m [2026-09-29 20:02:35.361 inference_controller] inference_controller.py:796 - Waiting for 1/1 cells to become ready...
[algo1a-g3c-tis-l1-modal] [36m(CommandActor pid=2526)[0m Capturing batches (bs=32 avail_mem=45.08 GB):  81%|████████  | 29/36 [00:57<00:19,  2.75s/it]Capturing batches (bs=24 avail_mem=45.08 GB):  81%|████████  | 29/36 [00:57<00:19,  2.75s/it]
[algo1a-g3c-tis-l0-modal] 
[algo1a-g3c-tis-l1-modal] 
[algo1a-g3c-tis-l1-modal] [36m(CommandActor pid=2526)[0m Capturing batches (bs=24 avail_mem=45.08 GB):  83%|████████▎ | 30/36 [00:58<00:11,  1.96s/it]Capturing batches (bs=16 avail_mem=45.08 GB):  83%|████████▎ | 30/36 [00:58<00:11,  1.96s/it]
[algo1a-g3c-tis-l1-modal] 
[algo1a-g3c-tis-l1-modal] [36m(InferenceController pid=2520)[0m [2026-09-29 20:02:35.908 inference_controller] inference_controller.py:796 - Waiting for 1/1 cells to become ready...
[algo1a-g3c-tis-l1-modal] 
[algo1a-g3c-tis-l0-modal] [36m(InferenceController pid=1473)[0m [2026-09-29 20:02:37.362 inference_controller] inference_controller.py:796 - Waiting for 1/1 cells to become ready...
[algo1a-g3c-tis-l0-modal] 
[algo1a-g3c-tis-l1-modal] [36m(InferenceController pid=2520)[0m [2026-09-29 20:02:37.910 inference_controller] inference_controller.py:796 - Waiting for 1/1 cells to become ready...
[algo1a-g3c-tis-l1-modal] 
[algo1a-g3c-tis-l0-modal] [36m(CommandActor pid=1474)[0m [2026-09-29 20:02:39] LoRA shrink (K=3072, R=16): no tuned config, using defaults {'BLOCK_N': 16, 'BLOCK_K': 256}
[algo1a-g3c-tis-l0-modal] 
[algo1a-g3c-tis-l0-modal] [36m(InferenceController pid=1473)[0m [2026-09-29 20:02:39.363 inference_controller] inference_controller.py:796 - Waiting for 1/1 cells to become ready...
[algo1a-g3c-tis-l0-modal] 
[algo1a-g3c-tis-l1-modal] [36m(InferenceController pid=2520)[0m [2026-09-29 20:02:39.911 inference_controller] inference_controller.py:796 - Waiting for 1/1 cells to become ready...
[algo1a-g3c-tis-l1-modal] 
[algo1a-g3c-tis-l0-modal] [36m(InferenceController pid=1473)[0m [2026-09-29 20:02:41.363 inference_controller] inference_controller.py:796 - Waiting for 1/1 cells to become ready...
[algo1a-g3c-tis-l0-modal] 
[algo1a-g3c-tis-l1-modal] [36m(InferenceController pid=2520)[0m [2026-09-29 20:02:41.912 inference_controller] inference_controller.py:796 - Waiting for 1/1 cells to become ready...
[algo1a-g3c-tis-l1-modal] 
[algo1a-g3c-tis-l0-modal] [36m(CommandActor pid=1474)[0m Capturing batches (bs=256 avail_mem=45.32 GB):   3%|▎         | 1/36 [00:36<21:15, 36.44s/it]Capturing batches (bs=248 avail_mem=45.21 GB):   3%|▎         | 1/36 [00:36<21:15, 36.44s/it]
[algo1a-g3c-tis-l0-modal] 
[algo1a-g3c-tis-l0-modal] [36m(CommandActor pid=1474)[0m Capturing batches (bs=248 avail_mem=45.21 GB):   6%|▌         | 2/36 [00:36<08:36, 15.20s/it]Capturing batches (bs=240 avail_mem=45.21 GB):   6%|▌         | 2/36 [00:36<08:36, 15.20s/it]
[algo1a-g3c-tis-l0-modal] 
[algo1a-g3c-tis-l0-modal] [36m(CommandActor pid=1474)[0m Capturing batches (bs=240 avail_mem=45.21 GB):   8%|▊         | 3/36 [00:36<04:35,  8.34s/it]Capturing batches (bs=232 avail_mem=45.20 GB):   8%|▊         | 3/36 [00:36<04:35,  8.34s/it]
[algo1a-g3c-tis-l0-modal] 
[algo1a-g3c-tis-l0-modal] [36m(CommandActor pid=1474)[0m Capturing batches (bs=232 avail_mem=45.20 GB):  11%|█         | 4/36 [00:37<02:43,  5.12s/it]Capturing batches (bs=224 avail_mem=45.20 GB):  11%|█         | 4/36 [00:37<02:43,  5.12s/it]
[algo1a-g3c-tis-l0-modal] 
[algo1a-g3c-tis-l0-modal] [36m(CommandActor pid=1474)[0m Capturing batches (bs=224 avail_mem=45.20 GB):  14%|█▍        | 5/36 [00:37<01:43,  3.33s/it]Capturing batches (bs=216 avail_mem=45.19 GB):  14%|█▍        | 5/36 [00:37<01:43,  3.33s/it]
[algo1a-g3c-tis-l0-modal] 
[algo1a-g3c-tis-l0-modal] [36m(CommandActor pid=1474)[0m Capturing batches (bs=216 avail_mem=45.19 GB):  17%|█▋        | 6/36 [00:37<01:07,  2.26s/it]Capturing batches (bs=208 avail_mem=45.19 GB):  17%|█▋        | 6/36 [00:37<01:07,  2.26s/it]
[algo1a-g3c-tis-l0-modal] 
[algo1a-g3c-tis-l0-modal] [36m(CommandActor pid=1474)[0m Capturing batches (bs=208 avail_mem=45.19 GB):  19%|█▉        | 7/36 [00:37<00:45,  1.58s/it]Capturing batches (bs=200 avail_mem=45.18 GB):  19%|█▉        | 7/36 [00:37<00:45,  1.58s/it]
[algo1a-g3c-tis-l0-modal] 
[algo1a-g3c-tis-l0-modal] [36m(InferenceController pid=1473)[0m [2026-09-29 20:02:43.364 inference_controller] inference_controller.py:796 - Waiting for 1/1 cells to become ready...
[algo1a-g3c-tis-l0-modal] 
[algo1a-g3c-tis-l0-modal] [36m(CommandActor pid=1474)[0m Capturing batches (bs=200 avail_mem=45.18 GB):  22%|██▏       | 8/36 [00:37<00:31,  1.13s/it]Capturing batches (bs=192 avail_mem=45.18 GB):  22%|██▏       | 8/36 [00:37<00:31,  1.13s/it]
[algo1a-g3c-tis-l0-modal] 
[algo1a-g3c-tis-l1-modal] [36m(InferenceController pid=2520)[0m [2026-09-29 20:02:43.913 inference_controller] inference_controller.py:796 - Waiting for 1/1 cells to become ready...
[algo1a-g3c-tis-l1-modal] 
[algo1a-g3c-tis-l1-modal] [36m(CommandActor pid=2526)[0m Capturing batches (bs=16 avail_mem=45.08 GB):  86%|████████▌ | 31/36 [01:06<00:19,  3.88s/it]Capturing batches (bs=12 avail_mem=45.07 GB):  86%|████████▌ | 31/36 [01:06<00:19,  3.88s/it]
[algo1a-g3c-tis-l1-modal] 
[algo1a-g3c-tis-l1-modal] [36m(CommandActor pid=2526)[0m Capturing batches (bs=12 avail_mem=45.07 GB):  89%|████████▉ | 32/36 [01:06<00:11,  2.77s/it]Capturing batches (bs=8 avail_mem=45.07 GB):  89%|████████▉ | 32/36 [01:06<00:11,  2.77s/it]
[algo1a-g3c-tis-l1-modal] 
[algo1a-g3c-tis-l1-modal] [36m(CommandActor pid=2526)[0m Capturing batches (bs=8 avail_mem=45.07 GB):  92%|█████████▏| 33/36 [01:06<00:05,  1.99s/it]Capturing batches (bs=4 avail_mem=45.07 GB):  92%|█████████▏| 33/36 [01:06<00:05,  1.99s/it]
[algo1a-g3c-tis-l1-modal] 
[algo1a-g3c-tis-l1-modal] [36m(CommandActor pid=2526)[0m Capturing batches (bs=4 avail_mem=45.07 GB):  94%|█████████▍| 34/36 [01:06<00:02,  1.43s/it]Capturing batches (bs=2 avail_mem=45.06 GB):  94%|█████████▍| 34/36 [01:06<00:02,  1.43s/it]
[algo1a-g3c-tis-l1-modal] 
[algo1a-g3c-tis-l1-modal] [36m(CommandActor pid=2526)[0m Capturing batches (bs=2 avail_mem=45.06 GB):  97%|█████████▋| 35/36 [01:07<00:01,  1.05s/it]Capturing batches (bs=1 avail_mem=45.06 GB):  97%|█████████▋| 35/36 [01:07<00:01,  1.05s/it]
[algo1a-g3c-tis-l1-modal] 
[algo1a-g3c-tis-l1-modal] [36m(CommandActor pid=2526)[0m Capturing batches (bs=1 avail_mem=45.06 GB): 100%|██████████| 36/36 [01:07<00:00,  1.21it/s]Capturing batches (bs=1 avail_mem=45.06 GB): 100%|██████████| 36/36 [01:07<00:00,  1.87s/it]
[algo1a-g3c-tis-l1-modal] 
[algo1a-g3c-tis-l1-modal] [36m(CommandActor pid=2526)[0m [2026-09-29 20:02:45] Capture target decode CUDA graph end. elapsed=68.28 s, mem usage=0.46 GB, avail mem=45.05 GB.
[algo1a-g3c-tis-l1-modal] 
[algo1a-g3c-tis-l1-modal] [36m(CommandActor pid=2526)[0m [2026-09-29 20:02:45] max_total_num_tokens=275400, chunked_prefill_size=8192, max_prefill_tokens=16384, max_running_requests=3442, context_len=40960, available_gpu_mem=45.05 GB
[algo1a-g3c-tis-l1-modal] 
[algo1a-g3c-tis-l0-modal] [36m(InferenceController pid=1473)[0m [2026-09-29 20:02:45.365 inference_controller] inference_controller.py:796 - Waiting for 1/1 cells to become ready...
[algo1a-g3c-tis-l0-modal] 
[algo1a-g3c-tis-l1-modal] [36m(CommandActor pid=2526)[0m [2026-09-29 20:02:45] Init Unified Radix Cache. Components: (<ComponentType.FULL: 0>,). Tree Core: UnifiedTreeCore
[algo1a-g3c-tis-l1-modal] 
[algo1a-g3c-tis-l1-modal] [36m(CommandActor pid=2526)[0m [2026-09-29 20:02:45] Tree cache initialized: source=default impl=UnifiedRadixCache hybrid_swa=False hybrid_ssm=False hicache_attached=False streaming_wrapped=False
[algo1a-g3c-tis-l1-modal] 
[algo1a-g3c-tis-l1-modal] [36m(CommandActor pid=2526)[0m [2026-09-29 20:02:45] Engine startup timings (s): load_weight=0.41, kv_cache_allocation=0.46, scheduler_e2e=236.58, cuda_graph={prefill=0.00, decode=68.28, target_verify=0.00, draft_prefill=0.00, draft_decode=0.00, draft_extend=0.00}, tokenizer_e2e=255.51
[algo1a-g3c-tis-l1-modal] 
[algo1a-g3c-tis-l1-modal] [36m(InferenceController pid=2520)[0m [2026-09-29 20:02:45.914 inference_controller] inference_controller.py:796 - Waiting for 1/1 cells to become ready...
[algo1a-g3c-tis-l1-modal] 
[algo1a-g3c-tis-l1-modal] [36m(CommandActor pid=2526)[0m [2026-09-29 20:02:45] INFO:     Started server process [3352]
[algo1a-g3c-tis-l1-modal] 
[algo1a-g3c-tis-l1-modal] [36m(CommandActor pid=2526)[0m [2026-09-29 20:02:45] INFO:     Waiting for application startup.
[algo1a-g3c-tis-l1-modal] 
[algo1a-g3c-tis-l1-modal] [36m(CommandActor pid=2526)[0m [2026-09-29 20:02:45] Using default chat sampling params from model generation config: {'temperature': 0.6, 'top_k': 20, 'top_p': 0.95}
[algo1a-g3c-tis-l1-modal] 
[algo1a-g3c-tis-l1-modal] [36m(CommandActor pid=2526)[0m [2026-09-29 20:02:46] INFO:     Application startup complete.
[algo1a-g3c-tis-l1-modal] 
[algo1a-g3c-tis-l1-modal] [36m(CommandActor pid=2526)[0m [2026-09-29 20:02:46] INFO:     Uvicorn running on http://172.20.22.83:20001 (Press CTRL+C to quit)
[algo1a-g3c-tis-l1-modal] 
[36m(CommandActor pid=2526)[0m [2026-09-29 20:02:46] post-warmup freeze_gc failed
[36m(CommandActor pid=2526)[0m Traceback (most recent call last):
[algo1a-g3c-tis-l1-modal] [36m(CommandActor pid=2526)[0m   File "/opt/sglang/lib/python3.12/site-packages/urllib3/connection.py", line 239, in _new_conn
[algo1a-g3c-tis-l1-modal] 
[algo1a-g3c-tis-l1-modal] [36m(CommandActor pid=2526)[0m     sock = connection.create_connection(
[algo1a-g3c-tis-l1-modal] 
[algo1a-g3c-tis-l1-modal] [36m(CommandActor pid=2526)[0m            ^^^^^^^^^^^^^^^^^^^^^^^^^^^^^
[algo1a-g3c-tis-l1-modal] 
[algo1a-g3c-tis-l1-modal] [36m(CommandActor pid=2526)[0m   File "/opt/sglang/lib/python3.12/site-packages/urllib3/util/connection.py", line 85, in create_connection
[algo1a-g3c-tis-l1-modal] [36m(CommandActor pid=2526)[0m     raise err
[algo1a-g3c-tis-l1-modal] 
[algo1a-g3c-tis-l1-modal] [36m(CommandActor pid=2526)[0m   File "/opt/sglang/lib/python3.12/site-packages/urllib3/util/connection.py", line 73, in create_connection
[algo1a-g3c-tis-l1-modal] [36m(CommandActor pid=2526)[0m     sock.connect(sa)
[algo1a-g3c-tis-l1-modal] 
[algo1a-g3c-tis-l1-modal] [36m(CommandActor pid=2526)[0m ConnectionRefusedError: [Errno 111] Connection refused
[algo1a-g3c-tis-l1-modal] 
[algo1a-g3c-tis-l1-modal] [36m(CommandActor pid=2526)[0m
[algo1a-g3c-tis-l1-modal] 
[algo1a-g3c-tis-l1-modal] [36m(CommandActor pid=2526)[0m The above exception was the direct cause of the following exception:
[algo1a-g3c-tis-l1-modal] 
[algo1a-g3c-tis-l1-modal] [36m(CommandActor pid=2526)[0m
[algo1a-g3c-tis-l1-modal] 
[algo1a-g3c-tis-l1-modal] [36m(CommandActor pid=2526)[0m Traceback (most recent call last):
[algo1a-g3c-tis-l1-modal] 
[algo1a-g3c-tis-l1-modal] [36m(CommandActor pid=2526)[0m   File "/opt/sglang/lib/python3.12/site-packages/urllib3/connectionpool.py", line 793, in urlopen
[algo1a-g3c-tis-l1-modal] 
[algo1a-g3c-tis-l1-modal] [36m(CommandActor pid=2526)[0m     response = self._make_request(
[algo1a-g3c-tis-l1-modal] 
[algo1a-g3c-tis-l1-modal] [36m(CommandActor pid=2526)[0m                ^^^^^^^^^^^^^^^^^^^
[algo1a-g3c-tis-l1-modal] 
[algo1a-g3c-tis-l1-modal] [36m(CommandActor pid=2526)[0m   File "/opt/sglang/lib/python3.12/site-packages/urllib3/connectionpool.py", line 499, in _make_request
[algo1a-g3c-tis-l1-modal] 
[algo1a-g3c-tis-l1-modal] [36m(CommandActor pid=2526)[0m     conn.request(
[algo1a-g3c-tis-l1-modal] 
[algo1a-g3c-tis-l1-modal] [36m(CommandActor pid=2526)[0m   File "/opt/sglang/lib/python3.12/site-packages/urllib3/connection.py", line 567, in request
[algo1a-g3c-tis-l1-modal] 
[algo1a-g3c-tis-l1-modal] [36m(CommandActor pid=2526)[0m     self.endheaders()
[algo1a-g3c-tis-l1-modal] 
[algo1a-g3c-tis-l1-modal] [36m(CommandActor pid=2526)[0m   File "/usr/lib/python3.12/http/client.py", line 1360, in endheaders
[algo1a-g3c-tis-l1-modal] 
[algo1a-g3c-tis-l1-modal] [36m(CommandActor pid=2526)[0m     self._send_output(message_body, encode_chunked=encode_chunked)
[algo1a-g3c-tis-l1-modal] 
[algo1a-g3c-tis-l1-modal] [36m(CommandActor pid=2526)[0m   File "/usr/lib/python3.12/http/client.py", line 1120, in _send_output
[algo1a-g3c-tis-l1-modal] 
[algo1a-g3c-tis-l1-modal] [36m(CommandActor pid=2526)[0m     self.send(msg)
[algo1a-g3c-tis-l1-modal] 
[algo1a-g3c-tis-l1-modal] [36m(CommandActor pid=2526)[0m   File "/usr/lib/python3.12/http/client.py", line 1064, in send
[algo1a-g3c-tis-l1-modal] 
[algo1a-g3c-tis-l1-modal] [36m(CommandActor pid=2526)[0m     self.connect()
[algo1a-g3c-tis-l1-modal] 
[algo1a-g3c-tis-l1-modal] [36m(CommandActor pid=2526)[0m   File "/opt/sglang/lib/python3.12/site-packages/urllib3/connection.py", line 398, in connect
[algo1a-g3c-tis-l1-modal] 
[algo1a-g3c-tis-l1-modal] [36m(CommandActor pid=2526)[0m     self.sock = self._new_conn()
[algo1a-g3c-tis-l1-modal] 
[algo1a-g3c-tis-l1-modal] [36m(CommandActor pid=2526)[0m                 ^^^^^^^^^^^^^^^^
[algo1a-g3c-tis-l1-modal] 
[algo1a-g3c-tis-l1-modal] [36m(CommandActor pid=2526)[0m   File "/opt/sglang/lib/python3.12/site-packages/urllib3/connection.py", line 254, in _new_conn
[algo1a-g3c-tis-l1-modal] 
[algo1a-g3c-tis-l1-modal] [36m(CommandActor pid=2526)[0m     raise NewConnectionError(
[algo1a-g3c-tis-l1-modal] 
[algo1a-g3c-tis-l1-modal] [36m(CommandActor pid=2526)[0m urllib3.exceptions.NewConnectionError: HTTPConnection(host='172.20.22.83', port=20001): Failed to establish a new connection: [Errno 111] Connection refused
[algo1a-g3c-tis-l1-modal] 
[algo1a-g3c-tis-l1-modal] [36m(CommandActor pid=2526)[0m
[algo1a-g3c-tis-l1-modal] 
[algo1a-g3c-tis-l1-modal] [36m(CommandActor pid=2526)[0m The above exception was the direct cause of the following exception:
[algo1a-g3c-tis-l1-modal] 
[algo1a-g3c-tis-l1-modal] [36m(CommandActor pid=2526)[0m
[algo1a-g3c-tis-l1-modal] 
[algo1a-g3c-tis-l1-modal] [36m(CommandActor pid=2526)[0m Traceback (most recent call last):
[algo1a-g3c-tis-l1-modal] 
[algo1a-g3c-tis-l1-modal] [36m(CommandActor pid=2526)[0m   File "/opt/sglang/lib/python3.12/site-packages/requests/adapters.py", line 696, in send
[algo1a-g3c-tis-l1-modal] 
[algo1a-g3c-tis-l1-modal] [36m(CommandActor pid=2526)[0m     resp = conn.urlopen(
[algo1a-g3c-tis-l1-modal] 
[algo1a-g3c-tis-l1-modal] [36m(CommandActor pid=2526)[0m            ^^^^^^^^^^^^^
[algo1a-g3c-tis-l1-modal] 
[algo1a-g3c-tis-l1-modal] [36m(CommandActor pid=2526)[0m   File "/opt/sglang/lib/python3.12/site-packages/urllib3/connectionpool.py", line 847, in urlopen
[algo1a-g3c-tis-l1-modal] 
[algo1a-g3c-tis-l1-modal] [36m(CommandActor pid=2526)[0m     retries = retries.increment(
[algo1a-g3c-tis-l1-modal] 
[algo1a-g3c-tis-l1-modal] [36m(CommandActor pid=2526)[0m               ^^^^^^^^^^^^^^^^^^
[algo1a-g3c-tis-l1-modal] 
[algo1a-g3c-tis-l1-modal] [36m(CommandActor pid=2526)[0m   File "/opt/sglang/lib/python3.12/site-packages/urllib3/util/retry.py", line 555, in increment
[algo1a-g3c-tis-l1-modal] 
[algo1a-g3c-tis-l1-modal] [36m(CommandActor pid=2526)[0m     raise MaxRetryError(_pool, url, reason) from reason  # type: ignore[arg-type]
[algo1a-g3c-tis-l1-modal] 
[algo1a-g3c-tis-l1-modal] [36m(CommandActor pid=2526)[0m     ^^^^^^^^^^^^^^^^^^^^^^^^^^^^^^^^^^^^^^^^^^^^^^^^^^^
[algo1a-g3c-tis-l1-modal] 
[algo1a-g3c-tis-l1-modal] [36m(CommandActor pid=2526)[0m urllib3.exceptions.MaxRetryError: HTTPConnectionPool(host='172.20.22.83', port=20001): Max retries exceeded with url: /freeze_gc (Caused by NewConnectionError("HTTPConnection(host='172.20.22.83', port=20001): Failed to establish a new connection: [Errno 111] Connection refused"))
[algo1a-g3c-tis-l1-modal] 
[algo1a-g3c-tis-l1-modal] [36m(CommandActor pid=2526)[0m
[algo1a-g3c-tis-l1-modal] 
[algo1a-g3c-tis-l1-modal] [36m(CommandActor pid=2526)[0m During handling of the above exception, another exception occurred:
[algo1a-g3c-tis-l1-modal] 
[algo1a-g3c-tis-l1-modal] [36m(CommandActor pid=2526)[0m
[algo1a-g3c-tis-l1-modal] 
[algo1a-g3c-tis-l1-modal] [36m(CommandActor pid=2526)[0m Traceback (most recent call last):
[algo1a-g3c-tis-l1-modal] [36m(CommandActor pid=2526)[0m   File "/root/sglang/python/sglang/srt/entrypoints/http_server.py", line 2469, in _freeze_gc_after_server_warmup
[algo1a-g3c-tis-l1-modal] 
[36m(CommandActor pid=2526)[0m     res = requests.post(
[algo1a-g3c-tis-l1-modal] 
[algo1a-g3c-tis-l1-modal] [36m(CommandActor pid=2526)[0m           ^^^^^^^^^^^^^^
[algo1a-g3c-tis-l1-modal] 
[algo1a-g3c-tis-l1-modal] [36m(CommandActor pid=2526)[0m   File "/opt/sglang/lib/python3.12/site-packages/requests/api.py", line 134, in post
[algo1a-g3c-tis-l1-modal] 
[algo1a-g3c-tis-l1-modal] [36m(CommandActor pid=2526)[0m     return request("post", url, data=data, json=json, **kwargs)
[algo1a-g3c-tis-l1-modal] 
[algo1a-g3c-tis-l1-modal] [36m(CommandActor pid=2526)[0m            ^^^^^^^^^^^^^^^^^^^^^^^^^^^^^^^^^^^^^^^^^^^^^^^^^^^^
[algo1a-g3c-tis-l1-modal] 
[algo1a-g3c-tis-l1-modal] [36m(CommandActor pid=2526)[0m   File "/opt/sglang/lib/python3.12/site-packages/requests/api.py", line 71, in request
[algo1a-g3c-tis-l1-modal] 
[algo1a-g3c-tis-l1-modal] [36m(CommandActor pid=2526)[0m     return session.request(method=method, url=url, **kwargs)
[algo1a-g3c-tis-l1-modal] 
[algo1a-g3c-tis-l1-modal] [36m(CommandActor pid=2526)[0m            ^^^^^^^^^^^^^^^^^^^^^^^^^^^^^^^^^^^^^^^^^^^^^^^^^
[algo1a-g3c-tis-l1-modal] 
[algo1a-g3c-tis-l1-modal] [36m(CommandActor pid=2526)[0m   File "/opt/sglang/lib/python3.12/site-packages/requests/sessions.py", line 651, in request
[algo1a-g3c-tis-l1-modal] 
[algo1a-g3c-tis-l1-modal] [36m(CommandActor pid=2526)[0m     resp = self.send(prep, **send_kwargs)
[algo1a-g3c-tis-l1-modal] 
[algo1a-g3c-tis-l1-modal] [36m(CommandActor pid=2526)[0m            ^^^^^^^^^^^^^^^^^^^^^^^^^^^^^^
[algo1a-g3c-tis-l1-modal] 
[algo1a-g3c-tis-l1-modal] [36m(CommandActor pid=2526)[0m   File "/opt/sglang/lib/python3.12/site-packages/requests/sessions.py", line 784, in send
[algo1a-g3c-tis-l1-modal] 
[algo1a-g3c-tis-l1-modal] [36m(CommandActor pid=2526)[0m     r = adapter.send(request, **kwargs)
[algo1a-g3c-tis-l1-modal] 
[algo1a-g3c-tis-l1-modal] [36m(CommandActor pid=2526)[0m         ^^^^^^^^^^^^^^^^^^^^^^^^^^^^^^^
[algo1a-g3c-tis-l1-modal] 
[algo1a-g3c-tis-l1-modal] [36m(CommandActor pid=2526)[0m   File "/opt/sglang/lib/python3.12/site-packages/requests/adapters.py", line 729, in send
[algo1a-g3c-tis-l1-modal] 
[algo1a-g3c-tis-l1-modal] [36m(CommandActor pid=2526)[0m     raise ConnectionError(e, request=request)
[algo1a-g3c-tis-l1-modal] 
[algo1a-g3c-tis-l1-modal] [36m(CommandActor pid=2526)[0m requests.exceptions.ConnectionError: HTTPConnectionPool(host='172.20.22.83', port=20001): Max retries exceeded with url: /freeze_gc (Caused by NewConnectionError("HTTPConnection(host='172.20.22.83', port=20001): Failed to establish a new connection: [Errno 111] Connection refused"))
[algo1a-g3c-tis-l1-modal] 
[algo1a-g3c-tis-l1-modal] [36m(CommandActor pid=2526)[0m [2026-09-29 20:02:46] The server is fired up and ready to roll!
[algo1a-g3c-tis-l1-modal] 
[algo1a-g3c-tis-l0-modal] [36m(InferenceController pid=1473)[0m [2026-09-29 20:02:47.366 inference_controller] inference_controller.py:796 - Waiting for 1/1 cells to become ready...
[algo1a-g3c-tis-l0-modal] 
[algo1a-g3c-tis-l1-modal] [36m(InferenceController pid=2520)[0m [2026-09-29 20:02:47.914 inference_controller] inference_controller.py:796 - Waiting for 1/1 cells to become ready...
[algo1a-g3c-tis-l1-modal] 
[algo1a-g3c-tis-l0-modal] [36m(CommandActor pid=1474)[0m Capturing batches (bs=192 avail_mem=45.18 GB):  25%|██▌       | 9/36 [00:42<01:01,  2.28s/it]Capturing batches (bs=184 avail_mem=45.17 GB):  25%|██▌       | 9/36 [00:42<01:01,  2.28s/it]
[algo1a-g3c-tis-l0-modal] 
[algo1a-g3c-tis-l0-modal] [36m(CommandActor pid=1474)[0m Capturing batches (bs=184 avail_mem=45.17 GB):  28%|██▊       | 10/36 [00:42<00:42,  1.63s/it]Capturing batches (bs=176 avail_mem=45.17 GB):  28%|██▊       | 10/36 [00:42<00:42,  1.63s/it]
[algo1a-g3c-tis-l0-modal] 
[algo1a-g3c-tis-l0-modal] [36m(CommandActor pid=1474)[0m Capturing batches (bs=176 avail_mem=45.17 GB):  31%|███       | 11/36 [00:42<00:29,  1.18s/it]Capturing batches (bs=168 avail_mem=45.16 GB):  31%|███       | 11/36 [00:42<00:29,  1.18s/it]
[algo1a-g3c-tis-l0-modal] 
[algo1a-g3c-tis-l0-modal] [36m(CommandActor pid=1474)[0m Capturing batches (bs=168 avail_mem=45.16 GB):  33%|███▎      | 12/36 [00:43<00:21,  1.14it/s]Capturing batches (bs=160 avail_mem=45.16 GB):  33%|███▎      | 12/36 [00:43<00:21,  1.14it/s]
[algo1a-g3c-tis-l0-modal] 
[algo1a-g3c-tis-l0-modal] [36m(RayWorkerManager pid=1267)[0m [2026-09-29 20:02:48.883 worker_manager] reporter.py:90 - audit op=env_report_summary hostname=modal versions="{\"python\":\"3.12.3\",\"platform\":\"Linux-4.19.0-gvisor-x86_64-with-glibc2.39\",\"miles\":\"0.1.1\",\"sglang\":\"0.5.21.dev67+g9f29303\",\"sglang-router\":\"0.3.2\",\"megatron-core\":\"0.19.0+a84b10547\",\"transformers\":\"5.12.1\",\"ray\":\"2.58.0\",\"flashinfer-python\":\"0.6.18\",\"torch\":\"2.13.0+cu130\",\"torch_cuda\":\"13.0\"}" repos="{\"miles\":\"d002615f44816ae243169643dc093eb2c29029d8\",\"megatron-core\":\"a84b105473eca9c9c6e49dbf1c8aa460c5cf796e\",\"sglang\":\"9f29303bef1eea38eb613e5f454a52db1326422d\"}" num_packages=425 num_env_vars=113 packages_probed=true stored=false
[algo1a-g3c-tis-l0-modal] 
[algo1a-g3c-tis-l0-modal] [36m(CommandActor pid=1474)[0m Capturing batches (bs=160 avail_mem=45.16 GB):  36%|███▌      | 13/36 [00:43<00:15,  1.51it/s]Capturing batches (bs=152 avail_mem=45.16 GB):  36%|███▌      | 13/36 [00:43<00:15,  1.51it/s]
[algo1a-g3c-tis-l0-modal] 
[algo1a-g3c-tis-l0-modal] [36m(CommandActor pid=1474)[0m Capturing batches (bs=152 avail_mem=45.16 GB):  39%|███▉      | 14/36 [00:43<00:11,  1.94it/s]Capturing batches (bs=144 avail_mem=45.15 GB):  39%|███▉      | 14/36 [00:43<00:11,  1.94it/s]
[algo1a-g3c-tis-l0-modal] 
[algo1a-g3c-tis-l0-modal] [36m(CommandActor pid=1474)[0m Capturing batches (bs=144 avail_mem=45.15 GB):  42%|████▏     | 15/36 [00:43<00:08,  2.44it/s]Capturing batches (bs=136 avail_mem=45.15 GB):  42%|████▏     | 15/36 [00:43<00:08,  2.44it/s]
[algo1a-g3c-tis-l0-modal] 
[algo1a-g3c-tis-l0-modal] [36m(InferenceController pid=1473)[0m [2026-09-29 20:02:49.368 inference_controller] inference_controller.py:796 - Waiting for 1/1 cells to become ready...
[algo1a-g3c-tis-l0-modal] 
[algo1a-g3c-tis-l0-modal] [36m(CommandActor pid=1474)[0m Capturing batches (bs=136 avail_mem=45.15 GB):  44%|████▍     | 16/36 [00:43<00:06,  2.96it/s]Capturing batches (bs=128 avail_mem=45.15 GB):  44%|████▍     | 16/36 [00:43<00:06,  2.96it/s]
[algo1a-g3c-tis-l0-modal] 
[algo1a-g3c-tis-l0-modal] [36m(InferenceController pid=1473)[0m [2026-09-29 20:02:51.368 inference_controller] inference_controller.py:796 - Waiting for 1/1 cells to become ready...
[algo1a-g3c-tis-l0-modal] 
[algo1a-g3c-tis-l1-modal] [36m(InferenceController pid=2520)[0m [2026-09-29 20:02:53.260 inference_controller] inference_controller.py:796 - Waiting for 1/1 cells to become ready...
[algo1a-g3c-tis-l1-modal] 
[algo1a-g3c-tis-l0-modal] [36m(InferenceController pid=1473)[0m [2026-09-29 20:02:53.369 inference_controller] inference_controller.py:796 - Waiting for 1/1 cells to become ready...
[algo1a-g3c-tis-l0-modal] 
[algo1a-g3c-tis-l1-modal] [36m(CommandActor pid=2526)[0m [2026-09-29 20:02:54] Prefill batch, #new-seq: 1, #new-token: 1, #cached-token: 0, token usage: 0.00, #running-req: 0, #queue-req: 0, #pending-token: 0, cuda graph: False, input throughput (token/s): 0.11
[algo1a-g3c-tis-l1-modal] 
[algo1a-g3c-tis-l1-modal] [36m(InferenceController pid=2520)[0m [2026-09-29 20:02:55.260 inference_controller] inference_controller.py:796 - Waiting for 1/1 cells to become ready...
[algo1a-g3c-tis-l1-modal] 
[algo1a-g3c-tis-l0-modal] [36m(InferenceController pid=1473)[0m [2026-09-29 20:02:55.369 inference_controller] inference_controller.py:796 - Waiting for 1/1 cells to become ready...
[algo1a-g3c-tis-l0-modal] 
[algo1a-g3c-tis-l0-modal] [36m(CommandActor pid=1474)[0m Capturing batches (bs=128 avail_mem=45.15 GB):  47%|████▋     | 17/36 [00:50<00:43,  2.31s/it]Capturing batches (bs=120 avail_mem=45.14 GB):  47%|████▋     | 17/36 [00:50<00:43,  2.31s/it]
[algo1a-g3c-tis-l0-modal] 
[algo1a-g3c-tis-l0-modal] [36m(CommandActor pid=1474)[0m Capturing batches (bs=120 avail_mem=45.14 GB):  50%|█████     | 18/36 [00:50<00:30,  1.67s/it]Capturing batches (bs=112 avail_mem=45.13 GB):  50%|█████     | 18/36 [00:50<00:30,  1.67s/it]
[algo1a-g3c-tis-l0-modal] 
[algo1a-g3c-tis-l0-modal] [36m(CommandActor pid=1474)[0m Capturing batches (bs=112 avail_mem=45.13 GB):  53%|█████▎    | 19/36 [00:51<00:20,  1.22s/it]Capturing batches (bs=104 avail_mem=45.13 GB):  53%|█████▎    | 19/36 [00:51<00:20,  1.22s/it]
[algo1a-g3c-tis-l0-modal] 
[algo1a-g3c-tis-l0-modal] [36m(CommandActor pid=1474)[0m Capturing batches (bs=104 avail_mem=45.13 GB):  56%|█████▌    | 20/36 [00:51<00:14,  1.11it/s]Capturing batches (bs=96 avail_mem=45.12 GB):  56%|█████▌    | 20/36 [00:51<00:14,  1.11it/s]
[algo1a-g3c-tis-l0-modal] 
[algo1a-g3c-tis-l0-modal] [36m(CommandActor pid=1474)[0m Capturing batches (bs=96 avail_mem=45.12 GB):  58%|█████▊    | 21/36 [00:51<00:10,  1.46it/s]Capturing batches (bs=88 avail_mem=45.12 GB):  58%|█████▊    | 21/36 [00:51<00:10,  1.46it/s]
[algo1a-g3c-tis-l0-modal] 
[algo1a-g3c-tis-l0-modal] [36m(CommandActor pid=1474)[0m Capturing batches (bs=88 avail_mem=45.12 GB):  61%|██████    | 22/36 [00:51<00:07,  1.88it/s]Capturing batches (bs=80 avail_mem=45.11 GB):  61%|██████    | 22/36 [00:51<00:07,  1.88it/s]
[algo1a-g3c-tis-l0-modal] 
[algo1a-g3c-tis-l1-modal] [36m(InferenceController pid=2520)[0m [2026-09-29 20:02:57.261 inference_controller] inference_controller.py:796 - Waiting for 1/1 cells to become ready...
[algo1a-g3c-tis-l1-modal] 
[algo1a-g3c-tis-l0-modal] [36m(InferenceController pid=1473)[0m [2026-09-29 20:02:57.371 inference_controller] inference_controller.py:796 - Waiting for 1/1 cells to become ready...
[algo1a-g3c-tis-l0-modal] 
[algo1a-g3c-tis-l0-modal] [36m(CommandActor pid=1474)[0m Capturing batches (bs=80 avail_mem=45.11 GB):  64%|██████▍   | 23/36 [00:51<00:05,  2.36it/s]Capturing batches (bs=72 avail_mem=45.11 GB):  64%|██████▍   | 23/36 [00:51<00:05,  2.36it/s]
[algo1a-g3c-tis-l0-modal] 
[algo1a-g3c-tis-l0-modal] [36m(CommandActor pid=1474)[0m Capturing batches (bs=72 avail_mem=45.11 GB):  67%|██████▋   | 24/36 [00:51<00:04,  2.88it/s]Capturing batches (bs=64 avail_mem=45.10 GB):  67%|██████▋   | 24/36 [00:51<00:04,  2.88it/s]
[algo1a-g3c-tis-l0-modal] 
[algo1a-g3c-tis-l1-modal] [36m(CommandActor pid=2526)[0m [2026-09-29 20:02:58] Prefill batch, #new-seq: 1, #new-token: 1, #cached-token: 0, token usage: 0.00, #running-req: 0, #queue-req: 0, #pending-token: 0, cuda graph: False, input throughput (token/s): 0.26
[algo1a-g3c-tis-l1-modal] 
[algo1a-g3c-tis-l1-modal] [36m(InferenceController pid=2520)[0m [2026-09-29 20:02:59.265 inference_controller] _client.py:1740 - HTTP Request: GET http://172.20.22.83:20001/health_generate "HTTP/1.1 200 OK"
[algo1a-g3c-tis-l1-modal] 
[algo1a-g3c-tis-l1-modal] [36m(InferenceController pid=2520)[0m [2026-09-29 20:02:59.270 inference_controller] _client.py:1740 - HTTP Request: GET http://172.20.22.83:20001/flush_cache "HTTP/1.1 200 OK"
[algo1a-g3c-tis-l1-modal] 
[algo1a-g3c-tis-l1-modal] [36m(CommandActor pid=2526)[0m [2026-09-29 20:02:59] INFO:     172.20.22.83:58323 - "GET /health_generate HTTP/1.1" 200 OK
[algo1a-g3c-tis-l1-modal] 
[36m(CommandActor pid=2526)[0m [2026-09-29 20:02:59] INFO:     172.20.22.83:58323 - "GET /flush_cache HTTP/1.1" 200 OK
[algo1a-g3c-tis-l1-modal] [36m(CommandActor pid=2526)[0m [2026-09-29 20:02:59] Cache flushed successfully!
[algo1a-g3c-tis-l1-modal] 
[algo1a-g3c-tis-l1-modal] [36m(CommandActor pid=2526)[0m [2026-09-29 20:02:59] Cache flushed successfully!
[algo1a-g3c-tis-l1-modal] 
[algo1a-g3c-tis-l0-modal] [36m(InferenceController pid=1473)[0m [2026-09-29 20:02:59.372 inference_controller] inference_controller.py:796 - Waiting for 1/1 cells to become ready...
[algo1a-g3c-tis-l0-modal] 
[algo1a-g3c-tis-l1-modal] [36m(InferenceController pid=2520)[0m [2026-09-29 20:02:59.839 inference_controller] _client.py:1740 - HTTP Request: POST http://172.20.22.83:20001/release_memory_occupation "HTTP/1.1 200 OK"
[algo1a-g3c-tis-l1-modal] 
[algo1a-g3c-tis-l1-modal] [36m(CommandActor pid=2526)[0m [2026-09-29 20:02:59] INFO:     172.20.22.83:58323 - "POST /release_memory_occupation HTTP/1.1" 200 OK
[algo1a-g3c-tis-l1-modal] 
[algo1a-g3c-tis-l1-modal] [36m(InferenceController pid=2520)[0m [2026-09-29 20:02:59.962 inference_controller] _client.py:1740 - HTTP Request: POST http://172.20.22.83:20001/resume_memory_occupation "HTTP/1.1 200 OK"
[algo1a-g3c-tis-l1-modal] 
[algo1a-g3c-tis-l1-modal] [36m(InferenceController pid=2520)[0m [2026-09-29 20:02:59.962 inference_controller] server_cell.py:315 - Cell inference-engine-all-0-0-00000 mark_pending_weights start old=addr_info=CellAddrInfo(server_url='http://172.20.22.83:20001', bootstrap_port=None, gate_url='http://172.20.22.83:20036') start_time=396.686611191
[algo1a-g3c-tis-l1-modal] 
[36m(InferenceController pid=2520)[0m [2026-09-29 20:02:59.962 inference_controller] server_cell.py:318 - Cell inference-engine-all-0-0-00000 mark_pending_weights end new=addr_info=CellAddrInfo(server_url='http://172.20.22.83:20001', bootstrap_port=None, gate_url='http://172.20.22.83:20036')
[36m(InferenceController pid=2520)[0m [2026-09-29 20:02:59.976 inference_controller] _client.py:1740 - HTTP Request: GET http://172.20.22.83:20001/server_info "HTTP/1.1 200 OK"
[algo1a-g3c-tis-l1-modal] 
[algo1a-g3c-tis-l1-modal] [36m(CommandActor pid=2526)[0m [2026-09-29 20:02:59] INFO:     172.20.22.83:58323 - "POST /resume_memory_occupation HTTP/1.1" 200 OK
[algo1a-g3c-tis-l1-modal] 
[36m(CommandActor pid=2526)[0m [2026-09-29 20:02:59] INFO:     172.20.22.83:58323 - "GET /server_info HTTP/1.1" 200 OK
[algo1a-g3c-tis-l1-modal] 
[algo1a-g3c-tis-l1-modal] [36m(CommandActor pid=2526)[0m [2026-09-29 20:03:00] INFO:     172.20.22.83:17535 - "POST /pause_generation HTTP/1.1" 200 OK
[algo1a-g3c-tis-l1-modal] [36m(CommandActor pid=2526)[0m [2026-09-29 20:03:00] INFO:     172.20.22.83:17535 - "GET /flush_cache HTTP/1.1" 200 OK
[algo1a-g3c-tis-l1-modal] [36m(CommandActor pid=2526)[0m [2026-09-29 20:03:00] INFO:     172.20.22.83:17535 - "POST /register_lora_adapter HTTP/1.1" 200 OK
[algo1a-g3c-tis-l1-modal] 
[algo1a-g3c-tis-l1-modal] [36m(CommandActor pid=2526)[0m /opt/sglang/lib/python3.12/site-packages/fastapi/routing.py:352: FastAPIDeprecationWarning: ORJSONResponse is deprecated, FastAPI now serializes data directly to JSON bytes via Pydantic when a return type or response model is set, which is faster and doesn't need a custom response class. Read more in the FastAPI docs: https://fastapi.tiangolo.com/advanced/custom-response/#orjson-or-response-model and https://fastapi.tiangolo.com/tutorial/response-model/
[algo1a-g3c-tis-l1-modal] 
[algo1a-g3c-tis-l1-modal] [36m(CommandActor pid=2526)[0m   return await dependant.call(**values)
[algo1a-g3c-tis-l1-modal] 
[algo1a-g3c-tis-l1-modal] [36m(CommandActor pid=2526)[0m [2026-09-29 20:03:00] Cache flush skipped: KV cache memory is released.
[algo1a-g3c-tis-l1-modal] 
[algo1a-g3c-tis-l1-modal] [36m(CommandActor pid=2526)[0m [2026-09-29 20:03:00] LoRA adapter registration: LoRARef(lora_id=78854b8b31b746eb971c8e1c090247b6, lora_name=miles_lora, lora_path=__stream__, pinned=False, reloadable=False).
[algo1a-g3c-tis-l1-modal] 
[algo1a-g3c-tis-l1-modal] [36m(CommandActor pid=2526)[0m [2026-09-29 20:03:00] LoRA adapter loading from tensors starts: LoRARef(lora_id=78854b8b31b746eb971c8e1c090247b6, lora_name=miles_lora, lora_path=__stream__, pinned=False, reloadable=False).
[algo1a-g3c-tis-l1-modal] 
[algo1a-g3c-tis-l1-modal] [36m(CommandActor pid=2526)[0m [2026-09-29 20:03:00] LoRA adapter loading from tensors completes: LoRARef(lora_id=78854b8b31b746eb971c8e1c090247b6, lora_name=miles_lora, lora_path=__stream__, pinned=False, reloadable=False).
[algo1a-g3c-tis-l1-modal] 
[algo1a-g3c-tis-l1-modal] [36m(TrainerController pid=2527)[0m [2026-09-29 20:02:59.981 trainer_controller_actor] group.py:392 - ft op=update_weights phase=start rollout=
[algo1a-g3c-tis-l1-modal] 
[algo1a-g3c-tis-l1-modal] [36m(TrainerController pid=2527)[0m [2026-09-29 20:02:59.981 trainer_controller_actor] cell.py:231 - ft op=execute phase=start cell=trainer-engine-actor-00000 fn=update_weights n_actors=1
[algo1a-g3c-tis-l1-modal] 
[algo1a-g3c-tis-l1-modal] [36m(MegatronTrainRayActor pid=2862)[0m [2026-09-29 20:02:59.983 actor_cell00000_rank00000] structured_log.py:24 - actor cls=MegatronTrainRayActor fn=update_weights phase=start
[algo1a-g3c-tis-l1-modal] 
[algo1a-g3c-tis-l1-modal] [36m(MegatronTrainRayActor pid=2862)[0m [2026-09-29 20:02:59.983 actor_cell00000_rank00000] timer.py:31 - Timer update_weights start
[algo1a-g3c-tis-l1-modal] 
[algo1a-g3c-tis-l1-modal] [36m(MegatronTrainRayActor pid=2862)[0m [2026-09-29 20:02:59.983 actor_cell00000_rank00000] reloadable_process_group.py:151 - Reloading 0 process groups in pid 2862
[algo1a-g3c-tis-l1-modal] 
[algo1a-g3c-tis-l1-modal] [36m(MegatronTrainRayActor pid=2862)[0m [2026-09-29 20:02:59.984 actor_cell00000_rank00000] memory_utils.py:41 - [Rank 0] Memory-Usage before update_weights: {'gpu': '0', 'total_GB': 79.18, 'free_GB': 75.06, 'used_GB': 4.12, 'allocated_GB': 1.2, 'reserved_GB': 1.27}
[algo1a-g3c-tis-l1-modal] 
[algo1a-g3c-tis-l1-modal] [36m(MegatronTrainRayActor pid=2862)[0m [2026-09-29 20:03:00.008 actor_cell00000_rank00000] _client.py:1740 - HTTP Request: POST http://172.20.22.83:20001/pause_generation "HTTP/1.1 200 OK"
[algo1a-g3c-tis-l1-modal] 
[algo1a-g3c-tis-l1-modal] [36m(MegatronTrainRayActor pid=2862)[0m [2026-09-29 20:03:00.012 actor_cell00000_rank00000] _client.py:1740 - HTTP Request: GET http://172.20.22.83:20001/flush_cache "HTTP/1.1 200 OK"
[algo1a-g3c-tis-l1-modal] 
[algo1a-g3c-tis-l1-modal] [36m(MegatronTrainRayActor pid=2862)[0m [2026-09-29 20:03:00.019 actor_cell00000_rank00000] _client.py:1740 - HTTP Request: POST http://172.20.22.83:20001/register_lora_adapter "HTTP/1.1 200 OK"
[algo1a-g3c-tis-l1-modal] 
[algo1a-g3c-tis-l1-modal] [36m(MegatronTrainRayActor pid=2862)[0m [2026-09-29 20:03:00.023 actor_cell00000_rank00000] _client.py:1740 - HTTP Request: POST http://172.20.22.83:20001/begin_weight_update "HTTP/1.1 200 OK"
[algo1a-g3c-tis-l1-modal] 
[algo1a-g3c-tis-l1-modal] [36m(CommandActor pid=2526)[0m [2026-09-29 20:03:00] INFO:     172.20.22.83:17535 - "POST /begin_weight_update HTTP/1.1" 200 OK
[algo1a-g3c-tis-l1-modal] 
[algo1a-g3c-tis-l1-modal] [36m(MegatronTrainRayActor pid=2862)[0m [2026-09-29 20:03:00.024 actor_cell00000_rank00000] timer.py:31 - Timer update_weights_implementation start
[algo1a-g3c-tis-l1-modal] 
[algo1a-g3c-tis-l1-modal] [36m(MegatronTrainRayActor pid=2862)[0m [miles-colocate] Update weights: 0it [00:00, ?it/s]
[algo1a-g3c-tis-l1-modal] 
[algo1a-g3c-tis-l1-modal] [36m(CommandActor pid=2526)[0m [2026-09-29 20:03:00] INFO:     172.20.22.83:17535 - "POST /update_weights_from_tensor HTTP/1.1" 200 OK
[algo1a-g3c-tis-l1-modal] 
[algo1a-g3c-tis-l1-modal] [36m(CommandActor pid=2526)[0m [2026-09-29 20:03:00] LoRA adapter loading from tensors starts: LoRARef(lora_id=78854b8b31b746eb971c8e1c090247b6, lora_name=miles_lora, lora_path=__stream__, pinned=False, reloadable=False).
[algo1a-g3c-tis-l1-modal] 
[algo1a-g3c-tis-l1-modal] [36m(MegatronTrainRayActor pid=2862)[0m [2026-09-29 20:03:00.106 actor_cell00000_rank00000] _client.py:1740 - HTTP Request: POST http://172.20.22.83:20001/update_weights_from_tensor "HTTP/1.1 200 OK"
[algo1a-g3c-tis-l1-modal] 
[algo1a-g3c-tis-l1-modal] [36m(MegatronTrainRayActor pid=2862)[0m [2026-09-29 20:03:00.107 actor_cell00000_rank00000] timer.py:42 - Timer update_weights_implementation end (elapsed: 0.1s)
[algo1a-g3c-tis-l1-modal] 
[algo1a-g3c-tis-l1-modal] [36m(MegatronTrainRayActor pid=2862)[0m [2026-09-29 20:03:00.108 actor_cell00000_rank00000] timer.py:31 - Timer finalize_and_resume_engines start
[algo1a-g3c-tis-l1-modal] 
[algo1a-g3c-tis-l1-modal] [36m(InferenceController pid=2520)[0m [2026-09-29 20:03:00.167 inference_controller] _client.py:1740 - HTTP Request: POST http://172.20.22.83:20000/workers "HTTP/1.1 202 Accepted"
[algo1a-g3c-tis-l1-modal] 
[algo1a-g3c-tis-l1-modal] [36m(InferenceController pid=2520)[0m [2026-09-29 20:03:00.168 inference_controller] server_cell.py:315 - Cell inference-engine-all-0-0-00000 mark_serving start old=addr_info=CellAddrInfo(server_url='http://172.20.22.83:20001', bootstrap_port=None, gate_url='http://172.20.22.83:20036')
[algo1a-g3c-tis-l1-modal] 
[algo1a-g3c-tis-l1-modal] [36m(InferenceController pid=2520)[0m [2026-09-29 20:03:00.168 inference_controller] server_cell.py:318 - Cell inference-engine-all-0-0-00000 mark_serving end new=addr_info=CellAddrInfo(server_url='http://172.20.22.83:20001', bootstrap_port=None, gate_url='http://172.20.22.83:20036')
[algo1a-g3c-tis-l1-modal] 
[algo1a-g3c-tis-l1-modal] [36m(InferenceController pid=2520)[0m [2026-09-29 20:03:00.206 inference_controller] _client.py:1740 - HTTP Request: POST http://172.20.22.83:20001/resume_memory_occupation "HTTP/1.1 200 OK"
[algo1a-g3c-tis-l1-modal] [36m(CommandActor pid=2526)[0m [2026-09-29 20:03:00] INFO:     172.20.22.83:17535 - "POST /end_weight_update HTTP/1.1" 200 OK
[algo1a-g3c-tis-l1-modal] 
[algo1a-g3c-tis-l1-modal] [36m(CommandActor pid=2526)[0m [2026-09-29 20:03:00] INFO:     172.20.22.83:17535 - "POST /update_weight_version HTTP/1.1" 200 OK
[algo1a-g3c-tis-l1-modal] 
[algo1a-g3c-tis-l1-modal] [36m(CommandActor pid=2526)[0m [2026-09-29 20:03:00] INFO:     172.20.22.83:17535 - "POST /continue_generation HTTP/1.1" 200 OK
[algo1a-g3c-tis-l1-modal] 
[algo1a-g3c-tis-l1-modal] [36m(CommandActor pid=2526)[0m [2026-09-29 20:03:00] INFO:     172.20.22.83:23821 - "PRI %2A HTTP/2.0" 404 Not Found
[algo1a-g3c-tis-l1-modal] 
[algo1a-g3c-tis-l1-modal] [36m(CommandActor pid=2526)[0m [2026-09-29 20:03:00] INFO:     172.20.22.83:23377 - "GET /health HTTP/1.1" 200 OK
[algo1a-g3c-tis-l1-modal] 
[algo1a-g3c-tis-l1-modal] [36m(CommandActor pid=2526)[0m [2026-09-29 20:03:00] INFO:     172.20.22.83:39999 - "PRI %2A HTTP/2.0" 404 Not Found
[algo1a-g3c-tis-l1-modal] 
[algo1a-g3c-tis-l1-modal] [36m(CommandActor pid=2526)[0m [2026-09-29 20:03:00] INFO:     172.20.22.83:58323 - "POST /resume_memory_occupation HTTP/1.1" 200 OK
[algo1a-g3c-tis-l1-modal] 
[algo1a-g3c-tis-l1-modal] [36m(CommandActor pid=2526)[0m [2026-09-29 20:03:00] INFO:     172.20.22.83:29354 - "GET /server_info HTTP/1.1" 200 OK
[algo1a-g3c-tis-l1-modal] 
[algo1a-g3c-tis-l1-modal] [36m(CommandActor pid=2526)[0m [2026-09-29 20:03:00] INFO:     172.20.22.83:29354 - "GET /model_info HTTP/1.1" 200 OK
[algo1a-g3c-tis-l1-modal] 
[algo1a-g3c-tis-l1-modal] [36m(CommandActor pid=2526)[0m [2026-09-29 20:03:00] INFO:     172.20.22.83:26022 - "POST /update_weight_version HTTP/1.1" 200 OK
[algo1a-g3c-tis-l1-modal] 
[algo1a-g3c-tis-l1-modal] [36m(CommandActor pid=2526)[0m [2026-09-29 20:03:00] INFO:     172.20.22.83:26022 - "GET /model_info HTTP/1.1" 200 OK
[algo1a-g3c-tis-l1-modal] 
[algo1a-g3c-tis-l1-modal] [36m(CommandActor pid=2526)[0m [2026-09-29 20:03:00] LoRA adapter loading from tensors completes: LoRARef(lora_id=78854b8b31b746eb971c8e1c090247b6, lora_name=miles_lora, lora_path=__stream__, pinned=False, reloadable=False).
[algo1a-g3c-tis-l1-modal] 
[algo1a-g3c-tis-l1-modal] [36m(CommandActor pid=2526)[0m [2026-09-29 20:03:00] Weight version changed. old_version='default' new_version='1' num_recorded=0
[algo1a-g3c-tis-l1-modal] 
[algo1a-g3c-tis-l1-modal] [36m(CommandActor pid=2526)[0m [2026-09-29 20:03:00] [continue_generation] torch.cuda.empty_cache() called: reserved 32306.0 MB -> 32266.0 MB (freed 40.0 MB)
[algo1a-g3c-tis-l1-modal] 
[algo1a-g3c-tis-l1-modal] [36m(CommandActor pid=2526)[0m [2026-09-29 20:03:00] WARNING:  Invalid HTTP request received.
[algo1a-g3c-tis-l1-modal] 
[algo1a-g3c-tis-l1-modal] [36m(CommandActor pid=2526)[0m [2026-09-29 20:03:00] WARNING:  Invalid HTTP request received.
[algo1a-g3c-tis-l1-modal] 
[algo1a-g3c-tis-l1-modal] [36m(CommandActor pid=2526)[0m [2026-09-29 20:03:00] Weight version changed. old_version='1' new_version='yeto:0:a34cd30f37ee5ffaad784b92defd77b3b6ce68095faf29288d5ea460912617c4' num_recorded=0
[algo1a-g3c-tis-l1-modal] 
[algo1a-g3c-tis-l1-modal] [36m(TrainerController pid=2527)[0m [2026-09-29 20:03:00.161 trainer_controller_actor] cell.py:239 - ft op=execute phase=end cell=trainer-engine-actor-00000 fn=update_weights ok=true elapsed_s=0.2
[algo1a-g3c-tis-l1-modal] [36m(MegatronTrainRayActor pid=2862)[0m [2026-09-29 20:03:00.149 actor_cell00000_rank00000] _client.py:1740 - HTTP Request: POST http://172.20.22.83:20001/end_weight_update "HTTP/1.1 200 OK"
[algo1a-g3c-tis-l1-modal] 
[algo1a-g3c-tis-l1-modal] [36m(MegatronTrainRayActor pid=2862)[0m [2026-09-29 20:03:00.154 actor_cell00000_rank00000] _client.py:1740 - HTTP Request: POST http://172.20.22.83:20001/update_weight_version "HTTP/1.1 200 OK"
[algo1a-g3c-tis-l1-modal] 
[algo1a-g3c-tis-l1-modal] [36m(MegatronTrainRayActor pid=2862)[0m [2026-09-29 20:03:00.157 actor_cell00000_rank00000] _client.py:1740 - HTTP Request: POST http://172.20.22.83:20001/continue_generation "HTTP/1.1 200 OK"
[algo1a-g3c-tis-l1-modal] 
[algo1a-g3c-tis-l1-modal] [36m(MegatronTrainRayActor pid=2862)[0m [2026-09-29 20:03:00.157 actor_cell00000_rank00000] timer.py:42 - Timer finalize_and_resume_engines end (elapsed: 0.0s)
[algo1a-g3c-tis-l1-modal] 
[algo1a-g3c-tis-l1-modal] [36m(MegatronTrainRayActor pid=2862)[0m [miles-colocate] Update weights: 1it [00:00,  7.53it/s]
[algo1a-g3c-tis-l1-modal] 
[algo1a-g3c-tis-l1-modal] [36m(MegatronTrainRayActor pid=2862)[0m [2026-09-29 20:03:00.158 actor_cell00000_rank00000] memory_utils.py:41 - [Rank 0] Memory-Usage after update_weights: {'gpu': '0', 'total_GB': 79.18, 'free_GB': 75.05, 'used_GB': 4.13, 'allocated_GB': 1.2, 'reserved_GB': 1.29}
[algo1a-g3c-tis-l1-modal] 
[algo1a-g3c-tis-l1-modal] [36m(MegatronTrainRayActor pid=2862)[0m [2026-09-29 20:03:00.159 actor_cell00000_rank00000] timer.py:42 - Timer update_weights end (elapsed: 0.2s)
[algo1a-g3c-tis-l1-modal] 
[algo1a-g3c-tis-l1-modal] [36m(MegatronTrainRayActor pid=2862)[0m [2026-09-29 20:03:00.159 actor_cell00000_rank00000] structured_log.py:28 - actor cls=MegatronTrainRayActor fn=update_weights phase=end ok=true elapsed_s=0.2
[algo1a-g3c-tis-l1-modal] 
[algo1a-g3c-tis-l1-modal] [36m(CommandActor pid=2526)[0m [2026-09-29 20:03:00] [WeightChecker] handle action=checksum allow_quant_error=False skip_tensor_list=None
[algo1a-g3c-tis-l1-modal] 
[algo1a-g3c-tis-l0-modal] [36m(InferenceController pid=1473)[0m [2026-09-29 20:03:01.373 inference_controller] inference_controller.py:796 - Waiting for 1/1 cells to become ready...
[algo1a-g3c-tis-l0-modal] 
[algo1a-g3c-tis-l1-modal] [36m(CommandActor pid=2526)[0m [2026-09-29 20:03:01] Triton kernel 'hash_tiles32_kernel_blocked' took 1.41 s to compile after serving started. Serving-time compilation can stall the engine; pre-compile it during engine init.
[algo1a-g3c-tis-l1-modal] 
[algo1a-g3c-tis-l0-modal] [36m(CommandActor pid=1474)[0m Capturing batches (bs=64 avail_mem=45.10 GB):  69%|██████▉   | 25/36 [00:56<00:18,  1.68s/it]Capturing batches (bs=56 avail_mem=45.10 GB):  69%|██████▉   | 25/36 [00:56<00:18,  1.68s/it]
[algo1a-g3c-tis-l0-modal] 
[algo1a-g3c-tis-l0-modal] [36m(CommandActor pid=1474)[0m Capturing batches (bs=56 avail_mem=45.10 GB):  72%|███████▏  | 26/36 [00:56<00:12,  1.22s/it]Capturing batches (bs=48 avail_mem=45.10 GB):  72%|███████▏  | 26/36 [00:56<00:12,  1.22s/it]
[algo1a-g3c-tis-l0-modal] 
[algo1a-g3c-tis-l0-modal] [36m(CommandActor pid=1474)[0m Capturing batches (bs=48 avail_mem=45.10 GB):  75%|███████▌  | 27/36 [00:57<00:08,  1.10it/s]
[algo1a-g3c-tis-l0-modal] 
[algo1a-g3c-tis-l0-modal] [36m(CommandActor pid=1474)[0m Capturing batches (bs=40 avail_mem=45.09 GB):  75%|███████▌  | 27/36 [00:57<00:08,  1.10it/s]
[algo1a-g3c-tis-l0-modal] 
[algo1a-g3c-tis-l1-modal] [36m(RolloutExecutor pid=2525)[0m [2026-09-29 20:03:02.830 rollout_executor] reporter.py:90 - audit op=env_report_summary hostname=modal versions="{\"python\":\"3.12.3\",\"platform\":\"Linux-4.19.0-gvisor-x86_64-with-glibc2.39\",\"miles\":\"0.1.1\",\"sglang\":\"0.5.21.dev67+g9f29303\",\"sglang-router\":\"0.3.2\",\"megatron-core\":\"0.19.0+a84b10547\",\"transformers\":\"5.12.1\",\"ray\":\"2.58.0\",\"flashinfer-python\":\"0.6.18\",\"torch\":\"2.13.0+cu130\",\"torch_cuda\":\"13.0\"}" repos="{\"miles\":\"d002615f44816ae243169643dc093eb2c29029d8\",\"sglang\":\"9f29303bef1eea38eb613e5f454a52db1326422d\",\"megatron-core\":\"a84b105473eca9c9c6e49dbf1c8aa460c5cf796e\"}" num_packages=425 num_env_vars=110 packages_probed=true stored=false
[algo1a-g3c-tis-l1-modal] 
[algo1a-g3c-tis-l0-modal] [36m(CommandActor pid=1474)[0m Capturing batches (bs=40 avail_mem=45.09 GB):  78%|███████▊  | 28/36 [00:57<00:05,  1.46it/s]Capturing batches (bs=32 avail_mem=45.08 GB):  78%|███████▊  | 28/36 [00:57<00:05,  1.46it/s]
[algo1a-g3c-tis-l0-modal] 
[algo1a-g3c-tis-l0-modal] [36m(InferenceController pid=1473)[0m [2026-09-29 20:03:03.374 inference_controller] inference_controller.py:796 - Waiting for 1/1 cells to become ready...
[algo1a-g3c-tis-l0-modal] 
[algo1a-g3c-tis-l1-modal] YETO_RL_EVENT {"event":"rl_publication","island_id":1,"policy_version":0,"rl/policy_token":"yeto:0:a34cd30f37ee5ffaad784b92defd77b3b6ce68095faf29288d5ea460912617c4","sync/publication_members":["engine:inference-engine-all-0-0-00000"],"sync/publication_payload_bytes":40370176,"sync/publication_payload_hash":"373abf70cb687c7dfe3b8391c678d27be175a19d0e847349c362ed042f7ba43f","time_unix":1790712184.686969}
[algo1a-g3c-tis-l1-modal] 
[algo1a-g3c-tis-l1-modal] YETO_RL_EVENT {"event":"rl_driver_phase","island_id":1,"phase":"offload","rollout_id":0,"time_unix":1790712184.6875231}
[algo1a-g3c-tis-l1-modal] 
[algo1a-g3c-tis-l1-modal] YETO_RL_EVENT {"event":"rl_driver_phase","island_id":1,"phase":"generate","policy_version":0,"rollout_id":0,"time_unix":1790712184.693321}
[algo1a-g3c-tis-l1-modal] 
[algo1a-g3c-tis-l1-modal] [36m(InferenceController pid=2520)[0m [2026-09-29 20:03:04.680 inference_controller] _client.py:1740 - HTTP Request: POST http://172.20.22.83:20001/weights_checker "HTTP/1.1 200 OK"
[algo1a-g3c-tis-l1-modal] 
[algo1a-g3c-tis-l1-modal] [36m(CommandActor pid=2526)[0m [2026-09-29 20:03:04] INFO:     172.20.22.83:58323 - "POST /weights_checker HTTP/1.1" 200 OK
[algo1a-g3c-tis-l1-modal] 
[algo1a-g3c-tis-l1-modal] [36m(CommandActor pid=2526)[0m [2026-09-29 20:03:04] Triton kernel 'add_tree_reduce_u64_kernel' took 3.00 s to compile after serving started. Serving-time compilation can stall the engine; pre-compile it during engine init.
[algo1a-g3c-tis-l1-modal] 
[algo1a-g3c-tis-l1-modal] [36m(CommandActor pid=2526)[0m [2026-09-29 20:03:04] [WeightChecker] checksum computed for 226 tensors in 4.436s
[algo1a-g3c-tis-l1-modal] 
[algo1a-g3c-tis-l1-modal] [36m(TrainerController pid=2527)[0m [2026-09-29 20:03:04.689 trainer_controller_actor] cell.py:231 - ft op=execute phase=start cell=trainer-engine-actor-00000 fn=sleep n_actors=1
[algo1a-g3c-tis-l1-modal] 
[algo1a-g3c-tis-l1-modal] [36m(TrainerController pid=2527)[0m [2026-09-29 20:03:04.691 trainer_controller_actor] cell.py:239 - ft op=execute phase=end cell=trainer-engine-actor-00000 fn=sleep ok=true elapsed_s=0.0
[algo1a-g3c-tis-l1-modal] 
[algo1a-g3c-tis-l1-modal] [36m(MegatronTrainRayActor pid=2862)[0m [2026-09-29 20:03:04.690 actor_cell00000_rank00000] structured_log.py:24 - actor cls=MegatronTrainRayActor fn=sleep phase=start
[algo1a-g3c-tis-l1-modal] 
[algo1a-g3c-tis-l1-modal] [36m(MegatronTrainRayActor pid=2862)[0m [2026-09-29 20:03:04.690 actor_cell00000_rank00000] timer.py:31 - Timer sleep start
[algo1a-g3c-tis-l1-modal] 
[algo1a-g3c-tis-l1-modal] [36m(MegatronTrainRayActor pid=2862)[0m [2026-09-29 20:03:04.690 actor_cell00000_rank00000] actor.py:451 - sleep() called while already offloaded; skipping
[algo1a-g3c-tis-l1-modal] 
[algo1a-g3c-tis-l1-modal] [36m(MegatronTrainRayActor pid=2862)[0m [2026-09-29 20:03:04.690 actor_cell00000_rank00000] timer.py:42 - Timer sleep end (elapsed: 0.0s)
[algo1a-g3c-tis-l1-modal] 
[algo1a-g3c-tis-l1-modal] [36m(MegatronTrainRayActor pid=2862)[0m [2026-09-29 20:03:04.690 actor_cell00000_rank00000] structured_log.py:28 - actor cls=MegatronTrainRayActor fn=sleep phase=end ok=true elapsed_s=0.0
[algo1a-g3c-tis-l1-modal] 
[algo1a-g3c-tis-l0-modal] [36m(InferenceController pid=1473)[0m [2026-09-29 20:03:05.375 inference_controller] inference_controller.py:796 - Waiting for 1/1 cells to become ready...
[algo1a-g3c-tis-l0-modal] 
[algo1a-g3c-tis-l1-modal] [36m(MegatronTrainRayActor pid=2862)[0m [2026-09-29 20:03:06.122 actor_cell00000_rank00000] reporter.py:90 - audit op=env_report_summary hostname=modal versions="{\"python\":\"3.12.3\",\"platform\":\"Linux-4.19.0-gvisor-x86_64-with-glibc2.39\",\"miles\":\"0.1.1\",\"sglang\":\"0.5.21.dev67+g9f29303\",\"sglang-router\":\"0.3.2\",\"megatron-core\":\"0.19.0+a84b10547\",\"transformers\":\"5.12.1\",\"ray\":\"2.58.0\",\"flashinfer-python\":\"0.6.18\",\"torch\":\"2.13.0+cu130\",\"torch_cuda\":\"13.0\"}" repos="{\"miles\":\"d002615f44816ae243169643dc093eb2c29029d8\",\"sglang\":\"9f29303bef1eea38eb613e5f454a52db1326422d\",\"megatron-core\":\"a84b105473eca9c9c6e49dbf1c8aa460c5cf796e\"}" num_packages=425 num_env_vars=134 packages_probed=true stored=false
[algo1a-g3c-tis-l1-modal] 
[algo1a-g3c-tis-l1-modal] [36m(RolloutExecutor pid=2525)[0m Rollout generation:   0%|          | 0/32 [00:00<?, ?it/s]
[algo1a-g3c-tis-l1-modal] 
[algo1a-g3c-tis-l1-modal] [36m(CommandActor pid=2526)[0m [2026-09-29 20:03:06] LoRA adapter '78854b8b31b746eb971c8e1c090247b6': loaded weights for target modules ['down_proj', 'gate_up_proj', 'o_proj', 'qkv_proj'].
[algo1a-g3c-tis-l1-modal] 
[algo1a-g3c-tis-l0-modal] [36m(InferenceController pid=1473)[0m [2026-09-29 20:03:07.375 inference_controller] inference_controller.py:796 - Waiting for 1/1 cells to become ready...
[algo1a-g3c-tis-l0-modal] 
[algo1a-g3c-tis-l0-modal] [36m(InferenceController pid=1473)[0m [2026-09-29 20:03:09.376 inference_controller] inference_controller.py:796 - Waiting for 1/1 cells to become ready...
[algo1a-g3c-tis-l0-modal] 
[algo1a-g3c-tis-l0-modal] [36m(InferenceController pid=1473)[0m [2026-09-29 20:03:11.376 inference_controller] inference_controller.py:796 - Waiting for 1/1 cells to become ready...
[algo1a-g3c-tis-l0-modal] [36m(CommandActor pid=1474)[0m Capturing batches (bs=32 avail_mem=45.08 GB):  81%|████████  | 29/36 [01:06<00:22,  3.18s/it]Capturing batches (bs=24 avail_mem=45.08 GB):  81%|████████  | 29/36 [01:06<00:22,  3.18s/it]
[algo1a-g3c-tis-l0-modal] 
[algo1a-g3c-tis-l0-modal] [36m(CommandActor pid=1474)[0m Capturing batches (bs=24 avail_mem=45.08 GB):  83%|████████▎ | 30/36 [01:06<00:13,  2.28s/it]Capturing batches (bs=16 avail_mem=45.08 GB):  83%|████████▎ | 30/36 [01:06<00:13,  2.28s/it]
[algo1a-g3c-tis-l0-modal] 
[algo1a-g3c-tis-l1-modal] [36m(CommandActor pid=2526)[0m [2026-09-29 20:03:12] INFO:     172.20.22.83:40281 - "GET /health HTTP/1.1" 200 OK
[algo1a-g3c-tis-l1-modal] 
[algo1a-g3c-tis-l0-modal] [36m(InferenceController pid=1473)[0m [2026-09-29 20:03:13.378 inference_controller] inference_controller.py:796 - Waiting for 1/1 cells to become ready...
[algo1a-g3c-tis-l0-modal] 
[algo1a-g3c-tis-l1-modal] [36m(CommandActor pid=2526)[0m [2026-09-29 20:03:15] Prefill batch, #new-seq: 1, #new-token: 70, #cached-token: 0, token usage: 0.01, #running-req: 0, #queue-req: 0, #pending-token: 0, cuda graph: False, input throughput (token/s): 4.10
[algo1a-g3c-tis-l0-modal] [36m(InferenceController pid=1473)[0m [2026-09-29 20:03:15.378 inference_controller] inference_controller.py:796 - Waiting for 1/1 cells to become ready...
[algo1a-g3c-tis-l1-modal] 
[algo1a-g3c-tis-l1-modal] [36m(CommandActor pid=2526)[0m [2026-09-29 20:03:15] Prefill batch, #new-seq: 31, #new-token: 2402, #cached-token: 0, token usage: 0.00, #running-req: 1, #queue-req: 0, #pending-token: 0, cuda graph: False, input throughput (token/s): 196243.58
[algo1a-g3c-tis-l1-modal] 
[algo1a-g3c-tis-l0-modal] 
[algo1a-g3c-tis-l1-modal] [36m(CommandActor pid=2526)[0m [2026-09-29 20:03:15] Decode batch, #running-req: 32, #token: 1555, token usage: 0.01, cuda graph: True, gen throughput (token/s): 42.33, #queue-req: 0
[algo1a-g3c-tis-l1-modal] 
[algo1a-g3c-tis-l1-modal] [36m(CommandActor pid=2526)[0m [2026-09-29 20:03:15] INFO:     172.20.22.83:48488 - "POST /generate HTTP/1.1" 200 OK
[algo1a-g3c-tis-l1-modal] 
[algo1a-g3c-tis-l1-modal] [36m(CommandActor pid=2526)[0m [2026-09-29 20:03:15] INFO:     172.20.22.83:34491 - "POST /generate HTTP/1.1" 200 OK
[algo1a-g3c-tis-l1-modal] 
[algo1a-g3c-tis-l1-modal] [36m(CommandActor pid=2526)[0m [2026-09-29 20:03:15] INFO:     172.20.22.83:59745 - "POST /generate HTTP/1.1" 200 OK
[algo1a-g3c-tis-l1-modal] 
[algo1a-g3c-tis-l1-modal] [36m(CommandActor pid=2526)[0m [2026-09-29 20:03:15] INFO:     172.20.22.83:52416 - "POST /generate HTTP/1.1" 200 OK
[algo1a-g3c-tis-l1-modal] 
[algo1a-g3c-tis-l1-modal] [36m(CommandActor pid=2526)[0m [2026-09-29 20:03:15] INFO:     172.20.22.83:23717 - "POST /generate HTTP/1.1" 200 OK
[algo1a-g3c-tis-l1-modal] 
[algo1a-g3c-tis-l1-modal] [36m(CommandActor pid=2526)[0m [2026-09-29 20:03:15] INFO:     172.20.22.83:21719 - "POST /generate HTTP/1.1" 200 OK
[algo1a-g3c-tis-l1-modal] 
[algo1a-g3c-tis-l1-modal] [36m(CommandActor pid=2526)[0m [2026-09-29 20:03:15] INFO:     172.20.22.83:37738 - "POST /generate HTTP/1.1" 200 OK
[algo1a-g3c-tis-l1-modal] 
[algo1a-g3c-tis-l1-modal] [36m(CommandActor pid=2526)[0m [2026-09-29 20:03:15] INFO:     172.20.22.83:16709 - "POST /generate HTTP/1.1" 200 OK
[algo1a-g3c-tis-l1-modal] 
[algo1a-g3c-tis-l1-modal] [36m(CommandActor pid=2526)[0m [2026-09-29 20:03:15] INFO:     172.20.22.83:50262 - "POST /generate HTTP/1.1" 200 OK
[algo1a-g3c-tis-l1-modal] 
[36m(CommandActor pid=2526)[0m [2026-09-29 20:03:15] INFO:     172.20.22.83:20972 - "POST /generate HTTP/1.1" 200 OK
[algo1a-g3c-tis-l1-modal] [36m(CommandActor pid=2526)[0m [2026-09-29 20:03:15] Decode batch, #running-req: 24, #token: 2106, token usage: 0.01, cuda graph: True, gen throughput (token/s): 5768.29, #queue-req: 0
[algo1a-g3c-tis-l1-modal] 
[algo1a-g3c-tis-l1-modal] [36m(RolloutExecutor pid=2525)[0m [2026-09-29 20:03:15.939 rollout_executor] inference_rollout_train.py:137 - First rollout sample: text_preview=<|im_start|>system\nYou are a helpful assistant. Please put the answer within \boxed{}.<|im_end|>\n<|im_start|>user\nNatalia sold clips to 48 of her friends in April, and then she sold half as many clips in May. How many clips did Natalia sell altogether in April and May?<|im_end|>\n<|im_start|>assistant\n<think>\n\n</think>\n\nNatalia sold 48 clips in April.\n\nShe sold half as many in May, which means she sold $ \frac{1}{2} \times 48 = 24 $ clips in May.\n\nNow, to find out how many clips she sold in tota...<truncated chars=102>, label=72, reward_summary=1.0
[algo1a-g3c-tis-l1-modal] 
[algo1a-g3c-tis-l1-modal] [36m(RolloutExecutor pid=2525)[0m Rollout generation:  25%|██▌       | 8/32 [00:09<00:28,  1.19s/it]
[algo1a-g3c-tis-l1-modal] 
[algo1a-g3c-tis-l1-modal] [36m(CommandActor pid=2526)[0m [2026-09-29 20:03:15] INFO:     172.20.22.83:40793 - "POST /generate HTTP/1.1" 200 OK
[algo1a-g3c-tis-l1-modal] 
[algo1a-g3c-tis-l1-modal] [36m(CommandActor pid=2526)[0m [2026-09-29 20:03:15] INFO:     172.20.22.83:52370 - "POST /generate HTTP/1.1" 200 OK
[algo1a-g3c-tis-l1-modal] 
[algo1a-g3c-tis-l1-modal] [36m(CommandActor pid=2526)[0m [2026-09-29 20:03:15] INFO:     172.20.22.83:47670 - "POST /generate HTTP/1.1" 200 OK
[algo1a-g3c-tis-l1-modal] 
[algo1a-g3c-tis-l1-modal] [36m(CommandActor pid=2526)[0m [2026-09-29 20:03:15] INFO:     172.20.22.83:44087 - "POST /generate HTTP/1.1" 200 OK
[algo1a-g3c-tis-l1-modal] 
[36m(CommandActor pid=2526)[0m [2026-09-29 20:03:15] INFO:     172.20.22.83:45695 - "POST /generate HTTP/1.1" 200 OK
[algo1a-g3c-tis-l1-modal] [36m(CommandActor pid=2526)[0m [2026-09-29 20:03:16] INFO:     172.20.22.83:37923 - "POST /generate HTTP/1.1" 200 OK
[algo1a-g3c-tis-l1-modal] 
[algo1a-g3c-tis-l1-modal] [36m(CommandActor pid=2526)[0m [2026-09-29 20:03:16] Decode batch, #running-req: 16, #token: 2091, token usage: 0.01, cuda graph: True, gen throughput (token/s): 3673.38, #queue-req: 0
[algo1a-g3c-tis-l1-modal] 
[algo1a-g3c-tis-l1-modal] [36m(CommandActor pid=2526)[0m [2026-09-29 20:03:16] INFO:     172.20.22.83:49379 - "POST /generate HTTP/1.1" 200 OK
[algo1a-g3c-tis-l1-modal] 
[algo1a-g3c-tis-l1-modal] [36m(CommandActor pid=2526)[0m [2026-09-29 20:03:16] INFO:     172.20.22.83:36926 - "POST /generate HTTP/1.1" 200 OK
[algo1a-g3c-tis-l1-modal] 
[algo1a-g3c-tis-l1-modal] [36m(CommandActor pid=2526)[0m [2026-09-29 20:03:16] INFO:     172.20.22.83:28262 - "POST /generate HTTP/1.1" 200 OK
[algo1a-g3c-tis-l1-modal] 
[algo1a-g3c-tis-l1-modal] [36m(CommandActor pid=2526)[0m [2026-09-29 20:03:16] INFO:     172.20.22.83:31017 - "POST /generate HTTP/1.1" 200 OK
[algo1a-g3c-tis-l1-modal] [36m(CommandActor pid=2526)[0m [2026-09-29 20:03:16] INFO:     172.20.22.83:19686 - "POST /generate HTTP/1.1" 200 OK
[algo1a-g3c-tis-l1-modal] 
[algo1a-g3c-tis-l1-modal] [36m(CommandActor pid=2526)[0m [2026-09-29 20:03:16] INFO:     172.20.22.83:29946 - "POST /generate HTTP/1.1" 200 OK
[algo1a-g3c-tis-l1-modal] 
[algo1a-g3c-tis-l1-modal] [36m(CommandActor pid=2526)[0m [2026-09-29 20:03:16] INFO:     172.20.22.83:17885 - "POST /generate HTTP/1.1" 200 OK
[algo1a-g3c-tis-l1-modal] 
[algo1a-g3c-tis-l1-modal] [36m(CommandActor pid=2526)[0m [2026-09-29 20:03:16] INFO:     172.20.22.83:28389 - "POST /generate HTTP/1.1" 200 OK
[algo1a-g3c-tis-l1-modal] 
[algo1a-g3c-tis-l1-modal] [36m(CommandActor pid=2526)[0m [2026-09-29 20:03:16] Decode batch, #running-req: 10, #token: 1443, token usage: 0.01, cuda graph: True, gen throughput (token/s): 2749.78, #queue-req: 0
[algo1a-g3c-tis-l1-modal] 
[algo1a-g3c-tis-l1-modal] [36m(CommandActor pid=2526)[0m [2026-09-29 20:03:16] INFO:     172.20.22.83:28404 - "POST /generate HTTP/1.1" 200 OK
[algo1a-g3c-tis-l1-modal] 
[algo1a-g3c-tis-l1-modal] [36m(CommandActor pid=2526)[0m [2026-09-29 20:03:16] INFO:     172.20.22.83:47397 - "POST /generate HTTP/1.1" 200 OK
[algo1a-g3c-tis-l1-modal] 
[algo1a-g3c-tis-l1-modal] [36m(CommandActor pid=2526)[0m [2026-09-29 20:03:16] INFO:     172.20.22.83:22366 - "POST /generate HTTP/1.1" 200 OK
[algo1a-g3c-tis-l1-modal] 
[algo1a-g3c-tis-l1-modal] [36m(RolloutExecutor pid=2525)[0m Rollout generation:  75%|███████▌  | 24/32 [00:09<00:02,  3.03it/s]
[algo1a-g3c-tis-l1-modal] 
[algo1a-g3c-tis-l1-modal] [36m(CommandActor pid=2526)[0m [2026-09-29 20:03:16] INFO:     172.20.22.83:59780 - "POST /generate HTTP/1.1" 200 OK
[algo1a-g3c-tis-l1-modal] 
[algo1a-g3c-tis-l1-modal] [36m(CommandActor pid=2526)[0m [2026-09-29 20:03:16] INFO:     172.20.22.83:49257 - "POST /generate HTTP/1.1" 200 OK
[algo1a-g3c-tis-l1-modal] 
[algo1a-g3c-tis-l1-modal] [36m(CommandActor pid=2526)[0m [2026-09-29 20:03:16] INFO:     172.20.22.83:20457 - "POST /generate HTTP/1.1" 200 OK
[algo1a-g3c-tis-l1-modal] 
[algo1a-g3c-tis-l1-modal] [36m(CommandActor pid=2526)[0m [2026-09-29 20:03:16] Decode batch, #running-req: 4, #token: 695, token usage: 0.00, cuda graph: True, gen throughput (token/s): 1165.12, #queue-req: 0
[algo1a-g3c-tis-l1-modal] 
[algo1a-g3c-tis-l1-modal] [36m(CommandActor pid=2526)[0m [2026-09-29 20:03:16] INFO:     172.20.22.83:17103 - "POST /generate HTTP/1.1" 200 OK
[algo1a-g3c-tis-l1-modal] 
[algo1a-g3c-tis-l1-modal] [36m(CommandActor pid=2526)[0m [2026-09-29 20:03:16] Decode batch, #running-req: 1, #token: 333, token usage: 0.00, cuda graph: True, gen throughput (token/s): 317.16, #queue-req: 0
[algo1a-g3c-tis-l1-modal] 
[algo1a-g3c-tis-l1-modal] [36m(RolloutExecutor pid=2525)[0m Rollout generation: 100%|██████████| 32/32 [00:10<00:00,  4.30it/s]Rollout generation: 100%|██████████| 32/32 [00:10<00:00,  3.09it/s]
[algo1a-g3c-tis-l1-modal] 
[algo1a-g3c-tis-l1-modal] [36m(RolloutExecutor pid=2525)[0m [2026-09-29 20:03:16.814 rollout_executor] inference_rollout_train.py:161 - Finish rollout: text_preview=<|im_start|>system\nYou are a helpful assistant. Please put the answer within \boxed{}.<|im_end|>\n<|im_start|>user\nBetty is saving money for a new wallet which costs $100. Betty has only half of the money she needs. Her parents decided to give her $15 for that purpose, and her grandparents twice as much as her parents. How much more money does Betty need to buy the wallet?<|im_end|>\n<|im_start|>assistant\n<think>\n\n</think>\n\nBetty has **half** of the $100 wallet cost.  \nSo her current savings are:  \...<truncated chars=356>, label=5, reward_summary=1.0
[algo1a-g3c-tis-l1-modal] 
[36m(RolloutExecutor pid=2525)[0m [2026-09-29 20:03:16.816 rollout_executor] inference_rollout_train.py:33 - Abort request for ['http://172.20.22.83:20001']
[algo1a-g3c-tis-l1-modal] [36m(RolloutExecutor pid=2525)[0m Using blocking ray.get inside async actor. This blocks the event loop. Please use `await` on object ref with asyncio.gather if you want to yield execution to the event loop instead.
[algo1a-g3c-tis-l1-modal] 
[algo1a-g3c-tis-l1-modal] [36m(RolloutExecutor pid=2525)[0m [2026-09-29 20:03:16.829 rollout_executor] rollout_data_conversion.py:39 - Final collected 32 samples from rollout to train
[algo1a-g3c-tis-l1-modal] 
[algo1a-g3c-tis-l1-modal] [36m(RolloutExecutor pid=2525)[0m [2026-09-29 20:03:16.830 rollout_executor] metrics.py:93 - perf 0: {'rollout/raw_reward_unfiltered': 0.9375, 'rollout/num_training_samples': 32, 'rollout/episode_raw_reward': 0.9375, 'rollout/episode_response_length/mean': 128.03125, 'rollout/episode_response_length/median': 128.5, 'rollout/episode_response_length/max': 285, 'rollout/episode_response_length/min': 60, 'rollout/episode_total_response_length/mean': 128.03125, 'rollout/response_len/mean': 128.03125, 'rollout/response_len/median': 128.5, 'rollout/response_len/max': 285, 'rollout/response_len/min': 60, 'rollout/zero_std/count_1.0': 3, 'rollout/zero_std/all_zero_percentage': 0.0, 'rollout/zero_std/all_one_percentage': 0.75, 'rollout/prefix_cache_hit_rate': 0.0, 'rollout/avg_cached_tokens_per_sample': 0.0, 'rollout/repetition_frac': 0.0, 'rollout/truncated_ratio': 0.0, 'perf/rollout_time': 11.851542949676514, 'perf/tokens_per_gpu_per_sec': 345.69338502138464, 'perf/longest_sample_tokens_per_sec': 24.04750176497306, 'perf/effective_tokens_per_gpu_per_sec': 345.69338502138464, 'perf/longest_effective_sample_tokens_per_sec': 24.04750176497306}
[algo1a-g3c-tis-l1-modal] 
[algo1a-g3c-tis-l1-modal] [36m(RolloutExecutor pid=2525)[0m [2026-09-29 20:03:16.831 rollout_executor] train_data_conversion.py:334 - Rollout-side DP schedule: num_samples=32, num_rollouts=[32], num_microbatches=[32]
[algo1a-g3c-tis-l1-modal] 
[algo1a-g3c-tis-l1-modal] [36m(InferenceController pid=2520)[0m [2026-09-29 20:03:16.843 inference_controller] _client.py:1740 - HTTP Request: GET http://172.20.22.83:20001/flush_cache "HTTP/1.1 200 OK"
[algo1a-g3c-tis-l1-modal] 
[algo1a-g3c-tis-l1-modal] [36m(CommandActor pid=2526)[0m [2026-09-29 20:03:16] INFO:     172.20.22.83:55365 - "POST /generate HTTP/1.1" 200 OK
[algo1a-g3c-tis-l1-modal] 
[algo1a-g3c-tis-l1-modal] [36m(CommandActor pid=2526)[0m [2026-09-29 20:03:16] INFO:     172.20.22.83:20440 - "POST /abort_request HTTP/1.1" 200 OK
[algo1a-g3c-tis-l1-modal] 
[algo1a-g3c-tis-l1-modal] [36m(CommandActor pid=2526)[0m [2026-09-29 20:03:16] INFO:     172.20.22.83:43779 - "GET /flush_cache HTTP/1.1" 200 OK
[algo1a-g3c-tis-l1-modal] 
[algo1a-g3c-tis-l1-modal] [36m(CommandActor pid=2526)[0m [2026-09-29 20:03:16] Decode batch, #running-req: 1, #token: 373, token usage: 0.00, cuda graph: True, gen throughput (token/s): 227.12, #queue-req: 0
[algo1a-g3c-tis-l1-modal] 
[algo1a-g3c-tis-l1-modal] [36m(CommandActor pid=2526)[0m [2026-09-29 20:03:16] Cache flushed successfully!
[algo1a-g3c-tis-l1-modal] 
[algo1a-g3c-tis-l1-modal] [36m(CommandActor pid=2526)[0m [2026-09-29 20:03:16] Cache flushed successfully!
[algo1a-g3c-tis-l1-modal] 
[algo1a-g3c-tis-l1-modal] YETO_RL_EVENT {"event":"rl_driver_phase","island_id":1,"phase":"onload","rollout_id":0,"time_unix":1790712197.3497438}
[algo1a-g3c-tis-l1-modal] 
[algo1a-g3c-tis-l1-modal] [36m(InferenceController pid=2520)[0m [2026-09-29 20:03:17.343 inference_controller] _client.py:1740 - HTTP Request: POST http://172.20.22.83:20001/release_memory_occupation "HTTP/1.1 200 OK"
[algo1a-g3c-tis-l1-modal] 
[algo1a-g3c-tis-l1-modal] [36m(CommandActor pid=2526)[0m [2026-09-29 20:03:17] INFO:     172.20.22.83:43779 - "POST /release_memory_occupation HTTP/1.1" 200 OK
[algo1a-g3c-tis-l1-modal] 
[algo1a-g3c-tis-l1-modal] [36m(TrainerController pid=2527)[0m [2026-09-29 20:03:17.351 trainer_controller_actor] cell.py:231 - ft op=execute phase=start cell=trainer-engine-actor-00000 fn=wake_up n_actors=1
[algo1a-g3c-tis-l1-modal] 
[algo1a-g3c-tis-l1-modal] [36m(MegatronTrainRayActor pid=2862)[0m [2026-09-29 20:03:17.352 actor_cell00000_rank00000] structured_log.py:24 - actor cls=MegatronTrainRayActor fn=wake_up phase=start
[algo1a-g3c-tis-l1-modal] 
[algo1a-g3c-tis-l1-modal] [36m(MegatronTrainRayActor pid=2862)[0m [2026-09-29 20:03:17.352 actor_cell00000_rank00000] timer.py:31 - Timer wake_up start
[algo1a-g3c-tis-l1-modal] 
[algo1a-g3c-tis-l1-modal] [36m(MegatronTrainRayActor pid=2862)[0m [2026-09-29 20:03:17.352 actor_cell00000_rank00000] memory_utils.py:41 - [Rank 0] Memory-Usage before wake_up model: {'gpu': '0', 'total_GB': 79.18, 'free_GB': 76.24, 'used_GB': 2.94, 'allocated_GB': 1.2, 'reserved_GB': 1.27}
[algo1a-g3c-tis-l1-modal] 
[algo1a-g3c-tis-l0-modal] [36m(InferenceController pid=1473)[0m [2026-09-29 20:03:17.379 inference_controller] inference_controller.py:796 - Waiting for 1/1 cells to become ready...
[algo1a-g3c-tis-l0-modal] 
[algo1a-g3c-tis-l1-modal] YETO_RL_EVENT {"event":"rl_driver_phase","island_id":1,"phase":"train","rollout_id":0,"time_unix":1790712197.9817958}
[algo1a-g3c-tis-l1-modal] 
[algo1a-g3c-tis-l1-modal] [36m(TrainerController pid=2527)[0m [2026-09-29 20:03:17.980 trainer_controller_actor] cell.py:239 - ft op=execute phase=end cell=trainer-engine-actor-00000 fn=wake_up ok=true elapsed_s=0.6
[algo1a-g3c-tis-l1-modal] 
[algo1a-g3c-tis-l1-modal] [36m(TrainerController pid=2527)[0m [2026-09-29 20:03:17.984 trainer_controller_actor] group.py:190 - ft op=train phase=start rollout=0 attempt=0
[algo1a-g3c-tis-l1-modal] 
[algo1a-g3c-tis-l1-modal] [36m(TrainerController pid=2527)[0m [2026-09-29 20:03:17.984 trainer_controller_actor] group.py:534 - ft op=refresh phase=start rollout=0 alive=0 healing= all_states="(0, 'StateAllocatedAlive')" quorum=0
[algo1a-g3c-tis-l1-modal] [36m(TrainerController pid=2527)[0m [2026-09-29 20:03:17.984 trainer_controller_actor] group.py:557 - ft op=refresh phase=decision rollout=0 needs_reconfigure=false reason=alive_config_unchanged,no_healing quorum=0
[algo1a-g3c-tis-l1-modal] 
[algo1a-g3c-tis-l1-modal] [36m(TrainerController pid=2527)[0m [2026-09-29 20:03:17.984 trainer_controller_actor] cell.py:231 - ft op=execute phase=start cell=trainer-engine-actor-00000 fn=train n_actors=1
[algo1a-g3c-tis-l1-modal] 
[algo1a-g3c-tis-l1-modal] [36m(MegatronTrainRayActor pid=2862)[0m [2026-09-29 20:03:17.977 actor_cell00000_rank00000] reloadable_process_group.py:151 - Reloading 0 process groups in pid 2862
[algo1a-g3c-tis-l1-modal] 
[algo1a-g3c-tis-l1-modal] [36m(MegatronTrainRayActor pid=2862)[0m [2026-09-29 20:03:17.978 actor_cell00000_rank00000] memory_utils.py:41 - [Rank 0] Memory-Usage after wake_up model: {'gpu': '0', 'total_GB': 79.18, 'free_GB': 75.0, 'used_GB': 4.18, 'allocated_GB': 1.2, 'reserved_GB': 1.27}
[algo1a-g3c-tis-l1-modal] 
[algo1a-g3c-tis-l1-modal] [36m(MegatronTrainRayActor pid=2862)[0m [2026-09-29 20:03:17.978 actor_cell00000_rank00000] timer.py:42 - Timer wake_up end (elapsed: 0.6s)
[algo1a-g3c-tis-l1-modal] 
[algo1a-g3c-tis-l1-modal] [36m(MegatronTrainRayActor pid=2862)[0m [2026-09-29 20:03:17.978 actor_cell00000_rank00000] structured_log.py:28 - actor cls=MegatronTrainRayActor fn=wake_up phase=end ok=true elapsed_s=0.6
[algo1a-g3c-tis-l1-modal] 
[algo1a-g3c-tis-l1-modal] [36m(MegatronTrainRayActor pid=2862)[0m [2026-09-29 20:03:17.986 actor_cell00000_rank00000] structured_log.py:24 - actor cls=MegatronTrainRayActor fn=train phase=start
[algo1a-g3c-tis-l1-modal] 
[algo1a-g3c-tis-l1-modal] [36m(MegatronTrainRayActor pid=2862)[0m [2026-09-29 20:03:17.986 actor_cell00000_rank00000] timer.py:31 - Timer data_preprocess start
[algo1a-g3c-tis-l1-modal] 
[algo1a-g3c-tis-l1-modal] [36m(MegatronTrainRayActor pid=2862)[0m [2026-09-29 20:03:17.990 actor_cell00000_rank00000] timer.py:42 - Timer data_preprocess end (elapsed: 0.0s)
[algo1a-g3c-tis-l1-modal] 
[algo1a-g3c-tis-l1-modal] [36m(MegatronTrainRayActor pid=2862)[0m [2026-09-29 20:03:17.990 actor_cell00000_rank00000] structured_log.py:24 - actor cls=MegatronTrainRayActor fn=_train_actor phase=start
[algo1a-g3c-tis-l1-modal] 
[algo1a-g3c-tis-l1-modal] [36m(MegatronTrainRayActor pid=2862)[0m [2026-09-29 20:03:17.990 actor_cell00000_rank00000] timer.py:42 - Timer train_wait end (elapsed: 292.1s)
[algo1a-g3c-tis-l1-modal] 
[algo1a-g3c-tis-l1-modal] [36m(MegatronTrainRayActor pid=2862)[0m [2026-09-29 20:03:17.990 actor_cell00000_rank00000] timer.py:31 - Timer train start
[algo1a-g3c-tis-l1-modal] 
[algo1a-g3c-tis-l1-modal] [36m(MegatronTrainRayActor pid=2862)[0m [2026-09-29 20:03:17.990 actor_cell00000_rank00000] structured_log.py:24 - actor cls=MegatronTrainRayActor fn=_compute_log_prob phase=start
[algo1a-g3c-tis-l1-modal] 
[algo1a-g3c-tis-l1-modal] [36m(MegatronTrainRayActor pid=2862)[0m [2026-09-29 20:03:17.990 actor_cell00000_rank00000] timer.py:31 - Timer log_probs start
[algo1a-g3c-tis-l1-modal] 
[algo1a-g3c-tis-l1-modal] [36m(InferenceController pid=2520)[0m [2026-09-29 20:03:19.105 inference_controller] reporter.py:90 - audit op=env_report_summary hostname=modal versions="{\"python\":\"3.12.3\",\"platform\":\"Linux-4.19.0-gvisor-x86_64-with-glibc2.39\",\"miles\":\"0.1.1\",\"sglang\":\"0.5.21.dev67+g9f29303\",\"sglang-router\":\"0.3.2\",\"megatron-core\":\"0.19.0+a84b10547\",\"transformers\":\"5.12.1\",\"ray\":\"2.58.0\",\"flashinfer-python\":\"0.6.18\",\"torch\":\"2.13.0+cu130\",\"torch_cuda\":\"13.0\"}" repos="{\"miles\":\"d002615f44816ae243169643dc093eb2c29029d8\",\"sglang\":\"9f29303bef1eea38eb613e5f454a52db1326422d\",\"megatron-core\":\"a84b105473eca9c9c6e49dbf1c8aa460c5cf796e\"}" num_packages=425 num_env_vars=110 packages_probed=true stored=false
[algo1a-g3c-tis-l1-modal] 
[algo1a-g3c-tis-l0-modal] [36m(InferenceController pid=1473)[0m [2026-09-29 20:03:19.380 inference_controller] inference_controller.py:796 - Waiting for 1/1 cells to become ready...
[algo1a-g3c-tis-l0-modal] 
[algo1a-g3c-tis-l0-modal] [36m(CommandActor pid=1474)[0m Capturing batches (bs=16 avail_mem=45.08 GB):  86%|████████▌ | 31/36 [01:15<00:21,  4.32s/it]Capturing batches (bs=12 avail_mem=45.07 GB):  86%|████████▌ | 31/36 [01:15<00:21,  4.32s/it]
[algo1a-g3c-tis-l0-modal] 
[algo1a-g3c-tis-l0-modal] [36m(CommandActor pid=1474)[0m Capturing batches (bs=12 avail_mem=45.07 GB):  89%|████████▉ | 32/36 [01:15<00:12,  3.07s/it]Capturing batches (bs=8 avail_mem=45.07 GB):  89%|████████▉ | 32/36 [01:15<00:12,  3.07s/it]
[algo1a-g3c-tis-l0-modal] 
[algo1a-g3c-tis-l0-modal] [36m(InferenceController pid=1473)[0m [2026-09-29 20:03:21.380 inference_controller] inference_controller.py:796 - Waiting for 1/1 cells to become ready...
[algo1a-g3c-tis-l0-modal] 
[algo1a-g3c-tis-l0-modal] [36m(CommandActor pid=1474)[0m Capturing batches (bs=8 avail_mem=45.07 GB):  92%|█████████▏| 33/36 [01:15<00:06,  2.20s/it]Capturing batches (bs=4 avail_mem=45.07 GB):  92%|█████████▏| 33/36 [01:15<00:06,  2.20s/it]
[algo1a-g3c-tis-l0-modal] 
[algo1a-g3c-tis-l0-modal] [36m(CommandActor pid=1474)[0m Capturing batches (bs=4 avail_mem=45.07 GB):  94%|█████████▍| 34/36 [01:15<00:03,  1.59s/it]Capturing batches (bs=2 avail_mem=45.06 GB):  94%|█████████▍| 34/36 [01:15<00:03,  1.59s/it]
[algo1a-g3c-tis-l0-modal] 
[algo1a-g3c-tis-l0-modal] [36m(CommandActor pid=1474)[0m Capturing batches (bs=2 avail_mem=45.06 GB):  97%|█████████▋| 35/36 [01:16<00:01,  1.17s/it]Capturing batches (bs=1 avail_mem=45.06 GB):  97%|█████████▋| 35/36 [01:16<00:01,  1.17s/it]
[algo1a-g3c-tis-l0-modal] 
[algo1a-g3c-tis-l0-modal] [36m(CommandActor pid=1474)[0m Capturing batches (bs=1 avail_mem=45.06 GB): 100%|██████████| 36/36 [01:16<00:00,  1.09it/s]Capturing batches (bs=1 avail_mem=45.06 GB): 100%|██████████| 36/36 [01:16<00:00,  2.12s/it]
[algo1a-g3c-tis-l0-modal] 
[algo1a-g3c-tis-l0-modal] [36m(CommandActor pid=1474)[0m [2026-09-29 20:03:22] Capture target decode CUDA graph end. elapsed=77.50 s, mem usage=0.46 GB, avail mem=45.05 GB.
[algo1a-g3c-tis-l0-modal] 
[algo1a-g3c-tis-l0-modal] [36m(CommandActor pid=1474)[0m [2026-09-29 20:03:22] max_total_num_tokens=275400, chunked_prefill_size=8192, max_prefill_tokens=16384, max_running_requests=3442, context_len=40960, available_gpu_mem=45.05 GB
[algo1a-g3c-tis-l0-modal] 
[algo1a-g3c-tis-l0-modal] [36m(CommandActor pid=1474)[0m [2026-09-29 20:03:22] Init Unified Radix Cache. Components: (<ComponentType.FULL: 0>,). Tree Core: UnifiedTreeCore
[algo1a-g3c-tis-l0-modal] 
[algo1a-g3c-tis-l0-modal] [36m(CommandActor pid=1474)[0m [2026-09-29 20:03:22] Tree cache initialized: source=default impl=UnifiedRadixCache hybrid_swa=False hybrid_ssm=False hicache_attached=False streaming_wrapped=False
[algo1a-g3c-tis-l0-modal] 
[algo1a-g3c-tis-l0-modal] [36m(CommandActor pid=1474)[0m [2026-09-29 20:03:22] Engine startup timings (s): load_weight=0.41, kv_cache_allocation=0.51, scheduler_e2e=186.04, cuda_graph={prefill=0.00, decode=77.50, target_verify=0.00, draft_prefill=0.00, draft_decode=0.00, draft_extend=0.00}, tokenizer_e2e=211.15
[algo1a-g3c-tis-l0-modal] 
[algo1a-g3c-tis-l0-modal] [36m(CommandActor pid=1474)[0m [2026-09-29 20:03:23] INFO:     Started server process [2215]
[36m(CommandActor pid=1474)[0m [2026-09-29 20:03:23] INFO:     Waiting for application startup.
[36m(CommandActor pid=1474)[0m [2026-09-29 20:03:23] Using default chat sampling params from model generation config: {'temperature': 0.6, 'top_k': 20, 'top_p': 0.95}
[algo1a-g3c-tis-l0-modal] [36m(InferenceController pid=1473)[0m [2026-09-29 20:03:23.381 inference_controller] inference_controller.py:796 - Waiting for 1/1 cells to become ready...
[algo1a-g3c-tis-l0-modal] 
[algo1a-g3c-tis-l0-modal] [36m(CommandActor pid=1474)[0m [2026-09-29 20:03:24] INFO:     Application startup complete.
[algo1a-g3c-tis-l0-modal] 
[algo1a-g3c-tis-l0-modal] [36m(CommandActor pid=1474)[0m [2026-09-29 20:03:24] INFO:     Uvicorn running on http://172.20.9.131:20000 (Press CTRL+C to quit)
[algo1a-g3c-tis-l0-modal] 
[algo1a-g3c-tis-l0-modal] [36m(CommandActor pid=1474)[0m [2026-09-29 20:03:24] post-warmup freeze_gc failed
[algo1a-g3c-tis-l0-modal] 
[algo1a-g3c-tis-l0-modal] [36m(CommandActor pid=1474)[0m Traceback (most recent call last):
[algo1a-g3c-tis-l0-modal] 
[algo1a-g3c-tis-l0-modal] [36m(CommandActor pid=1474)[0m   File "/opt/sglang/lib/python3.12/site-packages/urllib3/connection.py", line 239, in _new_conn
[algo1a-g3c-tis-l0-modal] 
[algo1a-g3c-tis-l0-modal] [36m(CommandActor pid=1474)[0m     sock = connection.create_connection(
[algo1a-g3c-tis-l0-modal] 
[algo1a-g3c-tis-l0-modal] [36m(CommandActor pid=1474)[0m            ^^^^^^^^^^^^^^^^^^^^^^^^^^^^^
[algo1a-g3c-tis-l0-modal] 
[algo1a-g3c-tis-l0-modal] [36m(CommandActor pid=1474)[0m   File "/opt/sglang/lib/python3.12/site-packages/urllib3/util/connection.py", line 85, in create_connection
[algo1a-g3c-tis-l0-modal] 
[algo1a-g3c-tis-l0-modal] [36m(CommandActor pid=1474)[0m     raise err
[algo1a-g3c-tis-l0-modal] 
[algo1a-g3c-tis-l0-modal] [36m(CommandActor pid=1474)[0m   File "/opt/sglang/lib/python3.12/site-packages/urllib3/util/connection.py", line 73, in create_connection
[algo1a-g3c-tis-l0-modal] [36m(CommandActor pid=1474)[0m     sock.connect(sa)
[algo1a-g3c-tis-l0-modal] 
[algo1a-g3c-tis-l0-modal] [36m(CommandActor pid=1474)[0m ConnectionRefusedError: [Errno 111] Connection refused
[algo1a-g3c-tis-l0-modal] 
[algo1a-g3c-tis-l0-modal] [36m(CommandActor pid=1474)[0m
[algo1a-g3c-tis-l0-modal] 
[algo1a-g3c-tis-l0-modal] [36m(CommandActor pid=1474)[0m The above exception was the direct cause of the following exception:
[algo1a-g3c-tis-l0-modal] 
[algo1a-g3c-tis-l0-modal] [36m(CommandActor pid=1474)[0m
[algo1a-g3c-tis-l0-modal] 
[algo1a-g3c-tis-l0-modal] [36m(CommandActor pid=1474)[0m Traceback (most recent call last):
[algo1a-g3c-tis-l0-modal] 
[algo1a-g3c-tis-l0-modal] [36m(CommandActor pid=1474)[0m   File "/opt/sglang/lib/python3.12/site-packages/urllib3/connectionpool.py", line 793, in urlopen
[algo1a-g3c-tis-l0-modal] 
[algo1a-g3c-tis-l0-modal] [36m(CommandActor pid=1474)[0m     response = self._make_request(
[algo1a-g3c-tis-l0-modal] 
[algo1a-g3c-tis-l0-modal] [36m(CommandActor pid=1474)[0m                ^^^^^^^^^^^^^^^^^^^
[algo1a-g3c-tis-l0-modal] 
[algo1a-g3c-tis-l0-modal] [36m(CommandActor pid=1474)[0m   File "/opt/sglang/lib/python3.12/site-packages/urllib3/connectionpool.py", line 499, in _make_request
[algo1a-g3c-tis-l0-modal] 
[algo1a-g3c-tis-l0-modal] [36m(CommandActor pid=1474)[0m     conn.request(
[algo1a-g3c-tis-l0-modal] 
[algo1a-g3c-tis-l0-modal] [36m(CommandActor pid=1474)[0m   File "/opt/sglang/lib/python3.12/site-packages/urllib3/connection.py", line 567, in request
[algo1a-g3c-tis-l0-modal] 
[algo1a-g3c-tis-l0-modal] [36m(CommandActor pid=1474)[0m     self.endheaders()
[algo1a-g3c-tis-l0-modal] 
[algo1a-g3c-tis-l0-modal] [36m(CommandActor pid=1474)[0m   File "/usr/lib/python3.12/http/client.py", line 1360, in endheaders
[algo1a-g3c-tis-l0-modal] 
[algo1a-g3c-tis-l0-modal] [36m(CommandActor pid=1474)[0m     self._send_output(message_body, encode_chunked=encode_chunked)
[algo1a-g3c-tis-l0-modal] 
[algo1a-g3c-tis-l0-modal] [36m(CommandActor pid=1474)[0m   File "/usr/lib/python3.12/http/client.py", line 1120, in _send_output
[algo1a-g3c-tis-l0-modal] 
[algo1a-g3c-tis-l0-modal] [36m(CommandActor pid=1474)[0m     self.send(msg)
[algo1a-g3c-tis-l0-modal] 
[algo1a-g3c-tis-l0-modal] [36m(CommandActor pid=1474)[0m   File "/usr/lib/python3.12/http/client.py", line 1064, in send
[algo1a-g3c-tis-l0-modal] 
[algo1a-g3c-tis-l0-modal] [36m(CommandActor pid=1474)[0m     self.connect()
[algo1a-g3c-tis-l0-modal] 
[algo1a-g3c-tis-l0-modal] [36m(CommandActor pid=1474)[0m   File "/opt/sglang/lib/python3.12/site-packages/urllib3/connection.py", line 398, in connect
[algo1a-g3c-tis-l0-modal] 
[algo1a-g3c-tis-l0-modal] [36m(CommandActor pid=1474)[0m     self.sock = self._new_conn()
[algo1a-g3c-tis-l0-modal] 
[algo1a-g3c-tis-l0-modal] [36m(CommandActor pid=1474)[0m                 ^^^^^^^^^^^^^^^^
[algo1a-g3c-tis-l0-modal] 
[algo1a-g3c-tis-l0-modal] [36m(CommandActor pid=1474)[0m   File "/opt/sglang/lib/python3.12/site-packages/urllib3/connection.py", line 254, in _new_conn
[algo1a-g3c-tis-l0-modal] 
[algo1a-g3c-tis-l0-modal] [36m(CommandActor pid=1474)[0m     raise NewConnectionError(
[algo1a-g3c-tis-l0-modal] 
[algo1a-g3c-tis-l0-modal] [36m(CommandActor pid=1474)[0m urllib3.exceptions.NewConnectionError: HTTPConnection(host='172.20.9.131', port=20000): Failed to establish a new connection: [Errno 111] Connection refused
[algo1a-g3c-tis-l0-modal] 
[algo1a-g3c-tis-l0-modal] [36m(CommandActor pid=1474)[0m
[algo1a-g3c-tis-l0-modal] 
[algo1a-g3c-tis-l0-modal] [36m(CommandActor pid=1474)[0m The above exception was the direct cause of the following exception:
[algo1a-g3c-tis-l0-modal] 
[algo1a-g3c-tis-l0-modal] [36m(CommandActor pid=1474)[0m
[algo1a-g3c-tis-l0-modal] 
[algo1a-g3c-tis-l0-modal] [36m(CommandActor pid=1474)[0m Traceback (most recent call last):
[algo1a-g3c-tis-l0-modal] 
[algo1a-g3c-tis-l0-modal] [36m(CommandActor pid=1474)[0m   File "/opt/sglang/lib/python3.12/site-packages/requests/adapters.py", line 696, in send
[algo1a-g3c-tis-l0-modal] 
[algo1a-g3c-tis-l0-modal] [36m(CommandActor pid=1474)[0m     resp = conn.urlopen(
[algo1a-g3c-tis-l0-modal] 
[algo1a-g3c-tis-l0-modal] [36m(CommandActor pid=1474)[0m            ^^^^^^^^^^^^^
[algo1a-g3c-tis-l0-modal] 
[algo1a-g3c-tis-l0-modal] [36m(CommandActor pid=1474)[0m   File "/opt/sglang/lib/python3.12/site-packages/urllib3/connectionpool.py", line 847, in urlopen
[algo1a-g3c-tis-l0-modal] 
[algo1a-g3c-tis-l0-modal] [36m(CommandActor pid=1474)[0m     retries = retries.increment(
[algo1a-g3c-tis-l0-modal] 
[algo1a-g3c-tis-l0-modal] [36m(CommandActor pid=1474)[0m               ^^^^^^^^^^^^^^^^^^
[algo1a-g3c-tis-l0-modal] 
[algo1a-g3c-tis-l0-modal] [36m(CommandActor pid=1474)[0m   File "/opt/sglang/lib/python3.12/site-packages/urllib3/util/retry.py", line 555, in increment
[36m(CommandActor pid=1474)[0m     raise MaxRetryError(_pool, url, reason) from reason  # type: ignore[arg-type]
[algo1a-g3c-tis-l0-modal] [36m(CommandActor pid=1474)[0m     ^^^^^^^^^^^^^^^^^^^^^^^^^^^^^^^^^^^^^^^^^^^^^^^^^^^
[algo1a-g3c-tis-l0-modal] [36m(CommandActor pid=1474)[0m urllib3.exceptions.MaxRetryError: HTTPConnectionPool(host='172.20.9.131', port=20000): Max retries exceeded with url: /freeze_gc (Caused by NewConnectionError("HTTPConnection(host='172.20.9.131', port=20000): Failed to establish a new connection: [Errno 111] Connection refused"))
[algo1a-g3c-tis-l0-modal] 
[algo1a-g3c-tis-l0-modal] [36m(CommandActor pid=1474)[0m
[algo1a-g3c-tis-l0-modal] 
[algo1a-g3c-tis-l0-modal] [36m(CommandActor pid=1474)[0m During handling of the above exception, another exception occurred:
[algo1a-g3c-tis-l0-modal] 
[algo1a-g3c-tis-l0-modal] [36m(CommandActor pid=1474)[0m
[algo1a-g3c-tis-l0-modal] 
[algo1a-g3c-tis-l0-modal] [36m(CommandActor pid=1474)[0m Traceback (most recent call last):
[algo1a-g3c-tis-l0-modal] 
[algo1a-g3c-tis-l0-modal] [36m(CommandActor pid=1474)[0m   File "/root/sglang/python/sglang/srt/entrypoints/http_server.py", line 2469, in _freeze_gc_after_server_warmup
[algo1a-g3c-tis-l0-modal] 
[algo1a-g3c-tis-l0-modal] [36m(CommandActor pid=1474)[0m     res = requests.post(
[algo1a-g3c-tis-l0-modal] 
[algo1a-g3c-tis-l0-modal] [36m(CommandActor pid=1474)[0m           ^^^^^^^^^^^^^^
[algo1a-g3c-tis-l0-modal] 
[algo1a-g3c-tis-l0-modal] [36m(CommandActor pid=1474)[0m   File "/opt/sglang/lib/python3.12/site-packages/requests/api.py", line 134, in post
[algo1a-g3c-tis-l0-modal] 
[algo1a-g3c-tis-l0-modal] [36m(CommandActor pid=1474)[0m     return request("post", url, data=data, json=json, **kwargs)
[algo1a-g3c-tis-l0-modal] 
[algo1a-g3c-tis-l0-modal] [36m(CommandActor pid=1474)[0m            ^^^^^^^^^^^^^^^^^^^^^^^^^^^^^^^^^^^^^^^^^^^^^^^^^^^^
[algo1a-g3c-tis-l0-modal] 
[algo1a-g3c-tis-l0-modal] [36m(CommandActor pid=1474)[0m   File "/opt/sglang/lib/python3.12/site-packages/requests/api.py", line 71, in request
[algo1a-g3c-tis-l0-modal] 
[algo1a-g3c-tis-l0-modal] [36m(CommandActor pid=1474)[0m     return session.request(method=method, url=url, **kwargs)
[algo1a-g3c-tis-l0-modal] 
[algo1a-g3c-tis-l0-modal] [36m(CommandActor pid=1474)[0m            ^^^^^^^^^^^^^^^^^^^^^^^^^^^^^^^^^^^^^^^^^^^^^^^^^
[algo1a-g3c-tis-l0-modal] 
[algo1a-g3c-tis-l0-modal] [36m(CommandActor pid=1474)[0m   File "/opt/sglang/lib/python3.12/site-packages/requests/sessions.py", line 651, in request
[algo1a-g3c-tis-l0-modal] 
[algo1a-g3c-tis-l0-modal] [36m(CommandActor pid=1474)[0m     resp = self.send(prep, **send_kwargs)
[algo1a-g3c-tis-l0-modal] 
[algo1a-g3c-tis-l0-modal] [36m(CommandActor pid=1474)[0m            ^^^^^^^^^^^^^^^^^^^^^^^^^^^^^^
[algo1a-g3c-tis-l0-modal] 
[algo1a-g3c-tis-l0-modal] [36m(CommandActor pid=1474)[0m   File "/opt/sglang/lib/python3.12/site-packages/requests/sessions.py", line 784, in send
[algo1a-g3c-tis-l0-modal] 
[algo1a-g3c-tis-l0-modal] [36m(CommandActor pid=1474)[0m     r = adapter.send(request, **kwargs)
[algo1a-g3c-tis-l0-modal] 
[algo1a-g3c-tis-l0-modal] [36m(CommandActor pid=1474)[0m         ^^^^^^^^^^^^^^^^^^^^^^^^^^^^^^^
[algo1a-g3c-tis-l0-modal] 
[algo1a-g3c-tis-l0-modal] [36m(CommandActor pid=1474)[0m   File "/opt/sglang/lib/python3.12/site-packages/requests/adapters.py", line 729, in send
[algo1a-g3c-tis-l0-modal] 
[algo1a-g3c-tis-l0-modal] [36m(CommandActor pid=1474)[0m     raise ConnectionError(e, request=request)
[algo1a-g3c-tis-l0-modal] 
[algo1a-g3c-tis-l0-modal] [36m(CommandActor pid=1474)[0m requests.exceptions.ConnectionError: HTTPConnectionPool(host='172.20.9.131', port=20000): Max retries exceeded with url: /freeze_gc (Caused by NewConnectionError("HTTPConnection(host='172.20.9.131', port=20000): Failed to establish a new connection: [Errno 111] Connection refused"))
[algo1a-g3c-tis-l0-modal] 
[algo1a-g3c-tis-l0-modal] [36m(CommandActor pid=1474)[0m [2026-09-29 20:03:24] The server is fired up and ready to roll!
[algo1a-g3c-tis-l0-modal] 
[algo1a-g3c-tis-l1-modal] [36m(TrainerController pid=2527)[0m [2026-09-29 20:03:24.529 trainer_controller_actor] reporter.py:90 - audit op=env_report_summary hostname=modal versions="{\"python\":\"3.12.3\",\"platform\":\"Linux-4.19.0-gvisor-x86_64-with-glibc2.39\",\"miles\":\"0.1.1\",\"sglang\":\"0.5.21.dev67+g9f29303\",\"sglang-router\":\"0.3.2\",\"megatron-core\":\"0.19.0+a84b10547\",\"transformers\":\"5.12.1\",\"ray\":\"2.58.0\",\"flashinfer-python\":\"0.6.18\",\"torch\":\"2.13.0+cu130\",\"torch_cuda\":\"13.0\"}" repos="{\"miles\":\"d002615f44816ae243169643dc093eb2c29029d8\",\"sglang\":\"9f29303bef1eea38eb613e5f454a52db1326422d\",\"megatron-core\":\"a84b105473eca9c9c6e49dbf1c8aa460c5cf796e\"}" num_packages=425 num_env_vars=113 packages_probed=true stored=false
[algo1a-g3c-tis-l1-modal] 
[algo1a-g3c-tis-l0-modal] [36m(InferenceController pid=1473)[0m [2026-09-29 20:03:25.382 inference_controller] inference_controller.py:796 - Waiting for 1/1 cells to become ready...
[algo1a-g3c-tis-l0-modal] 
[algo1a-g3c-tis-l0-modal] [36m(InferenceController pid=1473)[0m [2026-09-29 20:03:27.383 inference_controller] inference_controller.py:796 - Waiting for 1/1 cells to become ready...
[algo1a-g3c-tis-l0-modal] 
[algo1a-g3c-tis-l1-modal] [36m(MegatronTrainRayActor pid=2862)[0m [2026-09-29 20:03:30.650 actor_cell00000_rank00000] timer.py:42 - Timer log_probs end (elapsed: 12.7s)
[algo1a-g3c-tis-l1-modal] 
[algo1a-g3c-tis-l1-modal] [36m(MegatronTrainRayActor pid=2862)[0m [2026-09-29 20:03:30.650 actor_cell00000_rank00000] structured_log.py:28 - actor cls=MegatronTrainRayActor fn=_compute_log_prob phase=end ok=true elapsed_s=12.7
[algo1a-g3c-tis-l1-modal] 
[algo1a-g3c-tis-l1-modal] [36m(MegatronTrainRayActor pid=2862)[0m [2026-09-29 20:03:30.675 actor_cell00000_rank00000] log_utils.py:100 - ft op=cross_cell phase=start kind=log_gather rank=0
[algo1a-g3c-tis-l1-modal] 
[algo1a-g3c-tis-l1-modal] [36m(MegatronTrainRayActor pid=2862)[0m [2026-09-29 20:03:30.676 actor_cell00000_rank00000] log_utils.py:106 - ft op=cross_cell phase=end kind=log_gather rank=0 success=true
[algo1a-g3c-tis-l1-modal] 
[algo1a-g3c-tis-l1-modal] [36m(MegatronTrainRayActor pid=2862)[0m [2026-09-29 20:03:30.677 actor_cell00000_rank00000] log_utils.py:126 - rollout 0: {'rollout/response_lengths': 128.03125, 'rollout/rewards': 0.0, 'rollout/truncated': 0.0, 'rollout/rollout_log_probs': -0.267467737197876, 'rollout/raw_reward': 0.9375, 'rollout/total_lengths': 205.28125, 'rollout/log_probs': -0.268692284822464, 'rollout/advantages': 0.0, 'rollout/returns': 0.0}
[algo1a-g3c-tis-l1-modal] 
[36m(MegatronTrainRayActor pid=2862)[0m [2026-09-29 20:03:30.677 actor_cell00000_rank00000] timer.py:31 - Timer actor_train start
[algo1a-g3c-tis-l0-modal] [36m(InferenceController pid=1473)[0m [2026-09-29 20:03:33.025 inference_controller] inference_controller.py:796 - Waiting for 1/1 cells to become ready...
[algo1a-g3c-tis-l0-modal] 
[algo1a-g3c-tis-l0-modal] [36m(InferenceController pid=1473)[0m [2026-09-29 20:03:35.025 inference_controller] inference_controller.py:796 - Waiting for 1/1 cells to become ready...
[algo1a-g3c-tis-l0-modal] 
[algo1a-g3c-tis-l0-modal] [36m(CommandActor pid=1474)[0m [2026-09-29 20:03:35] Prefill batch, #new-seq: 1, #new-token: 1, #cached-token: 0, token usage: 0.00, #running-req: 0, #queue-req: 0, #pending-token: 0, cuda graph: False, input throughput (token/s): 0.08
[algo1a-g3c-tis-l0-modal] 
[algo1a-g3c-tis-l0-modal] [36m(InferenceController pid=1473)[0m [2026-09-29 20:03:37.026 inference_controller] inference_controller.py:796 - Waiting for 1/1 cells to become ready...
[algo1a-g3c-tis-l0-modal] 
[algo1a-g3c-tis-l1-modal] [36m(MegatronTrainRayActor pid=2862)[0m /root/Megatron-LM/megatron/core/pipeline_parallel/schedules.py:220: UserWarning: The AccumulateGrad node's stream does not match the stream of the node that produced the incoming gradient. This may incur unnecessary synchronization and break CUDA graph capture if the AccumulateGrad node's stream is the default stream. This mismatch is caused by an AccumulateGrad node created prior to the current iteration being kept alive. This can happen if the autograd graph is still being kept alive by tensors such as the loss, or if you are using DDP, which will stash a reference to the node. To resolve the mismatch, delete all references to the autograd graph or ensure that DDP initialization is performed under the same stream as subsequent forwards. If the mismatch is intentional, you can use torch.autograd.graph.set_warn_on_accumulate_grad_stream_mismatch(False) to suppress this warning. (Triggered internally at /__w/pytorch/pytorch/torch/csrc/autograd/input_buffer.cpp:310.)
[algo1a-g3c-tis-l1-modal] 
[algo1a-g3c-tis-l1-modal] [36m(MegatronTrainRayActor pid=2862)[0m   Variable._execution_engine.run_backward(
[algo1a-g3c-tis-l1-modal] 
[algo1a-g3c-tis-l0-modal] [36m(CommandActor pid=1474)[0m [2026-09-29 20:03:38] Prefill batch, #new-seq: 1, #new-token: 1, #cached-token: 0, token usage: 0.00, #running-req: 0, #queue-req: 0, #pending-token: 0, cuda graph: False, input throughput (token/s): 0.38
[algo1a-g3c-tis-l0-modal] 
[algo1a-g3c-tis-l0-modal] [36m(InferenceController pid=1473)[0m [2026-09-29 20:03:39.029 inference_controller] _client.py:1740 - HTTP Request: GET http://172.20.9.131:20000/health_generate "HTTP/1.1 200 OK"
[algo1a-g3c-tis-l0-modal] 
[algo1a-g3c-tis-l0-modal] [36m(InferenceController pid=1473)[0m [2026-09-29 20:03:39.034 inference_controller] _client.py:1740 - HTTP Request: GET http://172.20.9.131:20000/flush_cache "HTTP/1.1 200 OK"
[algo1a-g3c-tis-l0-modal] 
[algo1a-g3c-tis-l0-modal] [36m(CommandActor pid=1474)[0m [2026-09-29 20:03:39] INFO:     172.20.9.131:40984 - "GET /health_generate HTTP/1.1" 200 OK
[algo1a-g3c-tis-l0-modal] 
[algo1a-g3c-tis-l0-modal] [36m(CommandActor pid=1474)[0m [2026-09-29 20:03:39] INFO:     172.20.9.131:40984 - "GET /flush_cache HTTP/1.1" 200 OK
[algo1a-g3c-tis-l0-modal] 
[algo1a-g3c-tis-l0-modal] [36m(CommandActor pid=1474)[0m [2026-09-29 20:03:39] Cache flushed successfully!
[36m(CommandActor pid=1474)[0m [2026-09-29 20:03:39] Cache flushed successfully!
[algo1a-g3c-tis-l0-modal] 
[algo1a-g3c-tis-l0-modal] [36m(InferenceController pid=1473)[0m [2026-09-29 20:03:39.451 inference_controller] _client.py:1740 - HTTP Request: POST http://172.20.9.131:20000/release_memory_occupation "HTTP/1.1 200 OK"
[algo1a-g3c-tis-l0-modal] 
[algo1a-g3c-tis-l0-modal] [36m(CommandActor pid=1474)[0m [2026-09-29 20:03:39] INFO:     172.20.9.131:40984 - "POST /release_memory_occupation HTTP/1.1" 200 OK
[algo1a-g3c-tis-l0-modal] 
[algo1a-g3c-tis-l0-modal] [36m(InferenceController pid=1473)[0m [2026-09-29 20:03:39.605 inference_controller] _client.py:1740 - HTTP Request: POST http://172.20.9.131:20000/resume_memory_occupation "HTTP/1.1 200 OK"
[algo1a-g3c-tis-l0-modal] 
[algo1a-g3c-tis-l0-modal] [36m(InferenceController pid=1473)[0m [2026-09-29 20:03:39.605 inference_controller] server_cell.py:315 - Cell inference-engine-all-0-0-00000 mark_pending_weights start old=addr_info=CellAddrInfo(server_url='http://172.20.9.131:20000', bootstrap_port=None, gate_url='http://172.20.9.131:20036') start_time=423.152020741
[algo1a-g3c-tis-l0-modal] 
[algo1a-g3c-tis-l0-modal] [36m(InferenceController pid=1473)[0m [2026-09-29 20:03:39.605 inference_controller] server_cell.py:318 - Cell inference-engine-all-0-0-00000 mark_pending_weights end new=addr_info=CellAddrInfo(server_url='http://172.20.9.131:20000', bootstrap_port=None, gate_url='http://172.20.9.131:20036')
[algo1a-g3c-tis-l0-modal] 
[algo1a-g3c-tis-l0-modal] [36m(CommandActor pid=1474)[0m [2026-09-29 20:03:39] INFO:     172.20.9.131:40984 - "POST /resume_memory_occupation HTTP/1.1" 200 OK
[algo1a-g3c-tis-l0-modal] [36m(InferenceController pid=1473)[0m [2026-09-29 20:03:39.623 inference_controller] _client.py:1740 - HTTP Request: GET http://172.20.9.131:20000/server_info "HTTP/1.1 200 OK"
[algo1a-g3c-tis-l0-modal] 
[algo1a-g3c-tis-l0-modal] [36m(CommandActor pid=1474)[0m [2026-09-29 20:03:39] INFO:     172.20.9.131:40984 - "GET /server_info HTTP/1.1" 200 OK
[36m(CommandActor pid=1474)[0m [2026-09-29 20:03:39] INFO:     172.20.9.131:38540 - "POST /pause_generation HTTP/1.1" 200 OK
[36m(CommandActor pid=1474)[0m [2026-09-29 20:03:39] INFO:     172.20.9.131:38540 - "GET /flush_cache HTTP/1.1" 200 OK
[36m(CommandActor pid=1474)[0m [2026-09-29 20:03:39] INFO:     172.20.9.131:38540 - "POST /register_lora_adapter HTTP/1.1" 200 OK
[36m(CommandActor pid=1474)[0m [2026-09-29 20:03:39] INFO:     172.20.9.131:38540 - "POST /begin_weight_update HTTP/1.1" 200 OK
[algo1a-g3c-tis-l0-modal] [36m(CommandActor pid=1474)[0m /opt/sglang/lib/python3.12/site-packages/fastapi/routing.py:352: FastAPIDeprecationWarning: ORJSONResponse is deprecated, FastAPI now serializes data directly to JSON bytes via Pydantic when a return type or response model is set, which is faster and doesn't need a custom response class. Read more in the FastAPI docs: https://fastapi.tiangolo.com/advanced/custom-response/#orjson-or-response-model and https://fastapi.tiangolo.com/tutorial/response-model/
[algo1a-g3c-tis-l0-modal] [36m(CommandActor pid=1474)[0m   return await dependant.call(**values)
[algo1a-g3c-tis-l0-modal] 
[algo1a-g3c-tis-l0-modal] [36m(CommandActor pid=1474)[0m [2026-09-29 20:03:39] Cache flush skipped: KV cache memory is released.
[algo1a-g3c-tis-l0-modal] 
[algo1a-g3c-tis-l0-modal] [36m(CommandActor pid=1474)[0m [2026-09-29 20:03:39] LoRA adapter registration: LoRARef(lora_id=9e5bce4566734553be2dc5b1e9447ed7, lora_name=miles_lora, lora_path=__stream__, pinned=False, reloadable=False).
[algo1a-g3c-tis-l0-modal] 
[algo1a-g3c-tis-l0-modal] [36m(CommandActor pid=1474)[0m [2026-09-29 20:03:39] LoRA adapter loading from tensors starts: LoRARef(lora_id=9e5bce4566734553be2dc5b1e9447ed7, lora_name=miles_lora, lora_path=__stream__, pinned=False, reloadable=False).
[algo1a-g3c-tis-l0-modal] 
[algo1a-g3c-tis-l0-modal] [36m(CommandActor pid=1474)[0m [2026-09-29 20:03:39] LoRA adapter loading from tensors completes: LoRARef(lora_id=9e5bce4566734553be2dc5b1e9447ed7, lora_name=miles_lora, lora_path=__stream__, pinned=False, reloadable=False).
[algo1a-g3c-tis-l0-modal] 
[algo1a-g3c-tis-l0-modal] [36m(TrainerController pid=1470)[0m [2026-09-29 20:03:39.627 trainer_controller_actor] group.py:392 - ft op=update_weights phase=start rollout=
[algo1a-g3c-tis-l0-modal] 
[algo1a-g3c-tis-l0-modal] [36m(TrainerController pid=1470)[0m [2026-09-29 20:03:39.628 trainer_controller_actor] cell.py:231 - ft op=execute phase=start cell=trainer-engine-actor-00000 fn=update_weights n_actors=1
[algo1a-g3c-tis-l0-modal] 
[algo1a-g3c-tis-l0-modal] [36m(MegatronTrainRayActor pid=1723)[0m [2026-09-29 20:03:39.629 actor_cell00000_rank00000] structured_log.py:24 - actor cls=MegatronTrainRayActor fn=update_weights phase=start
[algo1a-g3c-tis-l0-modal] 
[algo1a-g3c-tis-l0-modal] [36m(MegatronTrainRayActor pid=1723)[0m [2026-09-29 20:03:39.629 actor_cell00000_rank00000] timer.py:31 - Timer update_weights start
[algo1a-g3c-tis-l0-modal] 
[algo1a-g3c-tis-l0-modal] [36m(MegatronTrainRayActor pid=1723)[0m [2026-09-29 20:03:39.630 actor_cell00000_rank00000] reloadable_process_group.py:151 - Reloading 0 process groups in pid 1723
[36m(MegatronTrainRayActor pid=1723)[0m [2026-09-29 20:03:39.631 actor_cell00000_rank00000] memory_utils.py:41 - [Rank 0] Memory-Usage before update_weights: {'gpu': '0', 'total_GB': 79.18, 'free_GB': 75.06, 'used_GB': 4.12, 'allocated_GB': 1.2, 'reserved_GB': 1.27}
[algo1a-g3c-tis-l0-modal] [36m(MegatronTrainRayActor pid=1723)[0m [2026-09-29 20:03:39.662 actor_cell00000_rank00000] _client.py:1740 - HTTP Request: POST http://172.20.9.131:20000/pause_generation "HTTP/1.1 200 OK"
[algo1a-g3c-tis-l0-modal] 
[algo1a-g3c-tis-l0-modal] [36m(MegatronTrainRayActor pid=1723)[0m [2026-09-29 20:03:39.665 actor_cell00000_rank00000] _client.py:1740 - HTTP Request: GET http://172.20.9.131:20000/flush_cache "HTTP/1.1 200 OK"
[36m(MegatronTrainRayActor pid=1723)[0m [2026-09-29 20:03:39.672 actor_cell00000_rank00000] _client.py:1740 - HTTP Request: POST http://172.20.9.131:20000/register_lora_adapter "HTTP/1.1 200 OK"
[36m(MegatronTrainRayActor pid=1723)[0m [2026-09-29 20:03:39.675 actor_cell00000_rank00000] _client.py:1740 - HTTP Request: POST http://172.20.9.131:20000/begin_weight_update "HTTP/1.1 200 OK"
[algo1a-g3c-tis-l0-modal] [36m(MegatronTrainRayActor pid=1723)[0m [2026-09-29 20:03:39.675 actor_cell00000_rank00000] timer.py:31 - Timer update_weights_implementation start
[algo1a-g3c-tis-l0-modal] 
[algo1a-g3c-tis-l0-modal] [36m(MegatronTrainRayActor pid=1723)[0m [miles-colocate] Update weights: 0it [00:00, ?it/s]
[algo1a-g3c-tis-l0-modal] 
[algo1a-g3c-tis-l0-modal] [36m(CommandActor pid=1474)[0m [2026-09-29 20:03:39] INFO:     172.20.9.131:38540 - "POST /update_weights_from_tensor HTTP/1.1" 200 OK
[algo1a-g3c-tis-l0-modal] 
[algo1a-g3c-tis-l0-modal] [36m(CommandActor pid=1474)[0m [2026-09-29 20:03:39] LoRA adapter loading from tensors starts: LoRARef(lora_id=9e5bce4566734553be2dc5b1e9447ed7, lora_name=miles_lora, lora_path=__stream__, pinned=False, reloadable=False).
[algo1a-g3c-tis-l0-modal] 
[algo1a-g3c-tis-l0-modal] [36m(CommandActor pid=1474)[0m [2026-09-29 20:03:39] LoRA adapter loading from tensors completes: LoRARef(lora_id=9e5bce4566734553be2dc5b1e9447ed7, lora_name=miles_lora, lora_path=__stream__, pinned=False, reloadable=False).
[algo1a-g3c-tis-l0-modal] 
[algo1a-g3c-tis-l0-modal] [36m(MegatronTrainRayActor pid=1723)[0m [2026-09-29 20:03:39.769 actor_cell00000_rank00000] _client.py:1740 - HTTP Request: POST http://172.20.9.131:20000/update_weights_from_tensor "HTTP/1.1 200 OK"
[algo1a-g3c-tis-l0-modal] 
[algo1a-g3c-tis-l0-modal] [36m(MegatronTrainRayActor pid=1723)[0m [2026-09-29 20:03:39.770 actor_cell00000_rank00000] timer.py:42 - Timer update_weights_implementation end (elapsed: 0.1s)
[algo1a-g3c-tis-l0-modal] 
[algo1a-g3c-tis-l0-modal] [36m(MegatronTrainRayActor pid=1723)[0m [2026-09-29 20:03:39.770 actor_cell00000_rank00000] timer.py:31 - Timer finalize_and_resume_engines start
[algo1a-g3c-tis-l0-modal] 
[algo1a-g3c-tis-l0-modal] [36m(CommandActor pid=1474)[0m [2026-09-29 20:03:39] INFO:     172.20.9.131:38540 - "POST /end_weight_update HTTP/1.1" 200 OK
[algo1a-g3c-tis-l0-modal] 
[algo1a-g3c-tis-l0-modal] [36m(MegatronTrainRayActor pid=1723)[0m [2026-09-29 20:03:39.828 actor_cell00000_rank00000] _client.py:1740 - HTTP Request: POST http://172.20.9.131:20000/end_weight_update "HTTP/1.1 200 OK"
[algo1a-g3c-tis-l0-modal] 
[algo1a-g3c-tis-l0-modal] [36m(CommandActor pid=1474)[0m [2026-09-29 20:03:39] INFO:     172.20.9.131:38540 - "POST /update_weight_version HTTP/1.1" 200 OK
[algo1a-g3c-tis-l0-modal] 
[algo1a-g3c-tis-l0-modal] [36m(CommandActor pid=1474)[0m [2026-09-29 20:03:39] Weight version changed. old_version='default' new_version='1' num_recorded=0
[algo1a-g3c-tis-l0-modal] 
[algo1a-g3c-tis-l0-modal] [36m(MegatronTrainRayActor pid=1723)[0m [2026-09-29 20:03:39.832 actor_cell00000_rank00000] _client.py:1740 - HTTP Request: POST http://172.20.9.131:20000/update_weight_version "HTTP/1.1 200 OK"
[algo1a-g3c-tis-l0-modal] 
[algo1a-g3c-tis-l0-modal] [36m(MegatronTrainRayActor pid=1723)[0m [2026-09-29 20:03:39.836 actor_cell00000_rank00000] _client.py:1740 - HTTP Request: POST http://172.20.9.131:20000/continue_generation "HTTP/1.1 200 OK"
[algo1a-g3c-tis-l0-modal] 
[algo1a-g3c-tis-l0-modal] [36m(CommandActor pid=1474)[0m [2026-09-29 20:03:39] INFO:     172.20.9.131:38540 - "POST /continue_generation HTTP/1.1" 200 OK
[algo1a-g3c-tis-l0-modal] 
[algo1a-g3c-tis-l0-modal] [36m(CommandActor pid=1474)[0m [2026-09-29 20:03:39] [continue_generation] torch.cuda.empty_cache() called: reserved 32306.0 MB -> 32266.0 MB (freed 40.0 MB)
[algo1a-g3c-tis-l0-modal] 
[algo1a-g3c-tis-l0-modal] [36m(TrainerController pid=1470)[0m [2026-09-29 20:03:39.840 trainer_controller_actor] cell.py:239 - ft op=execute phase=end cell=trainer-engine-actor-00000 fn=update_weights ok=true elapsed_s=0.2
[algo1a-g3c-tis-l0-modal] 
[algo1a-g3c-tis-l0-modal] [36m(MegatronTrainRayActor pid=1723)[0m [2026-09-29 20:03:39.837 actor_cell00000_rank00000] timer.py:42 - Timer finalize_and_resume_engines end (elapsed: 0.1s)
[algo1a-g3c-tis-l0-modal] 
[algo1a-g3c-tis-l0-modal] [36m(MegatronTrainRayActor pid=1723)[0m [miles-colocate] Update weights: 1it [00:00,  6.22it/s]
[algo1a-g3c-tis-l0-modal] 
[algo1a-g3c-tis-l0-modal] [36m(MegatronTrainRayActor pid=1723)[0m [2026-09-29 20:03:39.838 actor_cell00000_rank00000] memory_utils.py:41 - [Rank 0] Memory-Usage after update_weights: {'gpu': '0', 'total_GB': 79.18, 'free_GB': 75.05, 'used_GB': 4.13, 'allocated_GB': 1.2, 'reserved_GB': 1.29}
[algo1a-g3c-tis-l0-modal] 
[algo1a-g3c-tis-l0-modal] [36m(MegatronTrainRayActor pid=1723)[0m [2026-09-29 20:03:39.838 actor_cell00000_rank00000] timer.py:42 - Timer update_weights end (elapsed: 0.2s)
[algo1a-g3c-tis-l0-modal] 
[algo1a-g3c-tis-l0-modal] [36m(MegatronTrainRayActor pid=1723)[0m [2026-09-29 20:03:39.838 actor_cell00000_rank00000] structured_log.py:28 - actor cls=MegatronTrainRayActor fn=update_weights phase=end ok=true elapsed_s=0.2
[algo1a-g3c-tis-l0-modal] 
[algo1a-g3c-tis-l0-modal] [36m(InferenceController pid=1473)[0m [2026-09-29 20:03:39.846 inference_controller] _client.py:1740 - HTTP Request: POST http://172.20.9.131:20001/workers "HTTP/1.1 202 Accepted"
[algo1a-g3c-tis-l0-modal] 
[algo1a-g3c-tis-l0-modal] [36m(InferenceController pid=1473)[0m [2026-09-29 20:03:39.846 inference_controller] server_cell.py:315 - Cell inference-engine-all-0-0-00000 mark_serving start old=addr_info=CellAddrInfo(server_url='http://172.20.9.131:20000', bootstrap_port=None, gate_url='http://172.20.9.131:20036')
[algo1a-g3c-tis-l0-modal] 
[algo1a-g3c-tis-l0-modal] [36m(InferenceController pid=1473)[0m [2026-09-29 20:03:39.846 inference_controller] server_cell.py:318 - Cell inference-engine-all-0-0-00000 mark_serving end new=addr_info=CellAddrInfo(server_url='http://172.20.9.131:20000', bootstrap_port=None, gate_url='http://172.20.9.131:20036')
[algo1a-g3c-tis-l0-modal] 
[algo1a-g3c-tis-l0-modal] [36m(InferenceController pid=1473)[0m [2026-09-29 20:03:39.878 inference_controller] _client.py:1740 - HTTP Request: POST http://172.20.9.131:20000/resume_memory_occupation "HTTP/1.1 200 OK"
[algo1a-g3c-tis-l0-modal] 
[algo1a-g3c-tis-l0-modal] [36m(CommandActor pid=1474)[0m [2026-09-29 20:03:39] INFO:     172.20.9.131:34391 - "PRI %2A HTTP/2.0" 404 Not Found
[algo1a-g3c-tis-l0-modal] 
[algo1a-g3c-tis-l0-modal] [36m(CommandActor pid=1474)[0m [2026-09-29 20:03:39] INFO:     172.20.9.131:36664 - "GET /health HTTP/1.1" 200 OK
[algo1a-g3c-tis-l0-modal] 
[algo1a-g3c-tis-l0-modal] [36m(CommandActor pid=1474)[0m [2026-09-29 20:03:39] INFO:     172.20.9.131:25990 - "PRI %2A HTTP/2.0" 404 Not Found
[algo1a-g3c-tis-l0-modal] 
[algo1a-g3c-tis-l0-modal] [36m(CommandActor pid=1474)[0m [2026-09-29 20:03:39] INFO:     172.20.9.131:40984 - "POST /resume_memory_occupation HTTP/1.1" 200 OK
[algo1a-g3c-tis-l0-modal] 
[algo1a-g3c-tis-l0-modal] [36m(CommandActor pid=1474)[0m [2026-09-29 20:03:39] INFO:     172.20.9.131:45660 - "GET /server_info HTTP/1.1" 200 OK
[algo1a-g3c-tis-l0-modal] 
[algo1a-g3c-tis-l0-modal] [36m(CommandActor pid=1474)[0m [2026-09-29 20:03:39] INFO:     172.20.9.131:45660 - "GET /model_info HTTP/1.1" 200 OK
[algo1a-g3c-tis-l0-modal] 
[algo1a-g3c-tis-l0-modal] [36m(CommandActor pid=1474)[0m [2026-09-29 20:03:39] INFO:     172.20.9.131:59527 - "POST /update_weight_version HTTP/1.1" 200 OK
[algo1a-g3c-tis-l0-modal] 
[algo1a-g3c-tis-l0-modal] [36m(CommandActor pid=1474)[0m [2026-09-29 20:03:39] INFO:     172.20.9.131:59527 - "GET /model_info HTTP/1.1" 200 OK
[algo1a-g3c-tis-l0-modal] 
[algo1a-g3c-tis-l0-modal] [36m(CommandActor pid=1474)[0m [2026-09-29 20:03:39] WARNING:  Invalid HTTP request received.
[algo1a-g3c-tis-l0-modal] 
[algo1a-g3c-tis-l0-modal] [36m(CommandActor pid=1474)[0m [2026-09-29 20:03:39] WARNING:  Invalid HTTP request received.
[algo1a-g3c-tis-l0-modal] 
[algo1a-g3c-tis-l0-modal] [36m(CommandActor pid=1474)[0m [2026-09-29 20:03:39] Weight version changed. old_version='1' new_version='yeto:0:a34cd30f37ee5ffaad784b92defd77b3b6ce68095faf29288d5ea460912617c4' num_recorded=0
[algo1a-g3c-tis-l0-modal] 
[algo1a-g3c-tis-l0-modal] [36m(CommandActor pid=1474)[0m [2026-09-29 20:03:39] [WeightChecker] handle action=checksum allow_quant_error=False skip_tensor_list=None
[algo1a-g3c-tis-l0-modal] 
[algo1a-g3c-tis-l0-modal] [36m(CommandActor pid=1474)[0m [2026-09-29 20:03:41] Triton kernel 'hash_tiles32_kernel_blocked' took 1.46 s to compile after serving started. Serving-time compilation can stall the engine; pre-compile it during engine init.
[algo1a-g3c-tis-l0-modal] 
[algo1a-g3c-tis-l0-modal] YETO_RL_EVENT {"event":"rl_publication","island_id":0,"policy_version":0,"rl/policy_token":"yeto:0:a34cd30f37ee5ffaad784b92defd77b3b6ce68095faf29288d5ea460912617c4","sync/publication_members":["engine:inference-engine-all-0-0-00000"],"sync/publication_payload_bytes":40370176,"sync/publication_payload_hash":"373abf70cb687c7dfe3b8391c678d27be175a19d0e847349c362ed042f7ba43f","time_unix":1790712224.4292967}
[algo1a-g3c-tis-l0-modal] 
[algo1a-g3c-tis-l0-modal] YETO_RL_EVENT {"event":"rl_driver_phase","island_id":0,"phase":"offload","rollout_id":0,"time_unix":1790712224.4296684}
[algo1a-g3c-tis-l0-modal] 
[algo1a-g3c-tis-l0-modal] YETO_RL_EVENT {"event":"rl_driver_phase","island_id":0,"phase":"generate","policy_version":0,"rollout_id":0,"time_unix":1790712224.434286}
[algo1a-g3c-tis-l0-modal] 
[algo1a-g3c-tis-l0-modal] [36m(InferenceController pid=1473)[0m [2026-09-29 20:03:44.423 inference_controller] _client.py:1740 - HTTP Request: POST http://172.20.9.131:20000/weights_checker "HTTP/1.1 200 OK"
[algo1a-g3c-tis-l0-modal] 
[algo1a-g3c-tis-l0-modal] [36m(CommandActor pid=1474)[0m [2026-09-29 20:03:44] INFO:     172.20.9.131:40984 - "POST /weights_checker HTTP/1.1" 200 OK
[algo1a-g3c-tis-l0-modal] 
[algo1a-g3c-tis-l0-modal] [36m(CommandActor pid=1474)[0m [2026-09-29 20:03:44] Triton kernel 'add_tree_reduce_u64_kernel' took 3.01 s to compile after serving started. Serving-time compilation can stall the engine; pre-compile it during engine init.
[algo1a-g3c-tis-l0-modal] 
[algo1a-g3c-tis-l0-modal] [36m(CommandActor pid=1474)[0m [2026-09-29 20:03:44] [WeightChecker] checksum computed for 226 tensors in 4.506s
[algo1a-g3c-tis-l0-modal] 
[algo1a-g3c-tis-l0-modal] [36m(TrainerController pid=1470)[0m [2026-09-29 20:03:44.431 trainer_controller_actor] cell.py:231 - ft op=execute phase=start cell=trainer-engine-actor-00000 fn=sleep n_actors=1
[algo1a-g3c-tis-l0-modal] 
[algo1a-g3c-tis-l0-modal] [36m(TrainerController pid=1470)[0m [2026-09-29 20:03:44.433 trainer_controller_actor] cell.py:239 - ft op=execute phase=end cell=trainer-engine-actor-00000 fn=sleep ok=true elapsed_s=0.0
[algo1a-g3c-tis-l0-modal] 
[algo1a-g3c-tis-l0-modal] [36m(MegatronTrainRayActor pid=1723)[0m [2026-09-29 20:03:44.432 actor_cell00000_rank00000] structured_log.py:24 - actor cls=MegatronTrainRayActor fn=sleep phase=start
[algo1a-g3c-tis-l0-modal] 
[algo1a-g3c-tis-l0-modal] [36m(MegatronTrainRayActor pid=1723)[0m [2026-09-29 20:03:44.432 actor_cell00000_rank00000] timer.py:31 - Timer sleep start
[algo1a-g3c-tis-l0-modal] 
[algo1a-g3c-tis-l0-modal] [36m(MegatronTrainRayActor pid=1723)[0m [2026-09-29 20:03:44.432 actor_cell00000_rank00000] actor.py:451 - sleep() called while already offloaded; skipping
[algo1a-g3c-tis-l0-modal] 
[algo1a-g3c-tis-l0-modal] [36m(MegatronTrainRayActor pid=1723)[0m [2026-09-29 20:03:44.432 actor_cell00000_rank00000] timer.py:42 - Timer sleep end (elapsed: 0.0s)
[algo1a-g3c-tis-l0-modal] 
[algo1a-g3c-tis-l0-modal] [36m(MegatronTrainRayActor pid=1723)[0m [2026-09-29 20:03:44.432 actor_cell00000_rank00000] structured_log.py:28 - actor cls=MegatronTrainRayActor fn=sleep phase=end ok=true elapsed_s=0.0
[algo1a-g3c-tis-l0-modal] 
[algo1a-g3c-tis-l0-modal] [36m(RolloutExecutor pid=1472)[0m Rollout generation:   0%|          | 0/32 [00:00<?, ?it/s]
[algo1a-g3c-tis-l0-modal] 
[algo1a-g3c-tis-l0-modal] [36m(CommandActor pid=1474)[0m [2026-09-29 20:03:45] LoRA adapter '9e5bce4566734553be2dc5b1e9447ed7': loaded weights for target modules ['down_proj', 'gate_up_proj', 'o_proj', 'qkv_proj'].
[algo1a-g3c-tis-l0-modal] 
[algo1a-g3c-tis-l1-modal] [36m(MegatronTrainRayActor pid=2862)[0m /opt/sglang/lib/python3.12/site-packages/torch/distributed/c10d_logger.py:83: FutureWarning: `torch.distributed.reduce_scatter_tensor` is deprecated. Please use `torch.distributed.reduce_scatter_single` instead.
[algo1a-g3c-tis-l1-modal] 
[algo1a-g3c-tis-l1-modal] [36m(MegatronTrainRayActor pid=2862)[0m   return func(*args, **kwargs)
[algo1a-g3c-tis-l1-modal] 
[algo1a-g3c-tis-l1-modal] [36m(TrainerController pid=2527)[0m [2026-09-29 20:03:48.847 trainer_controller_actor] cell.py:239 - ft op=execute phase=end cell=trainer-engine-actor-00000 fn=train ok=true elapsed_s=30.9
[algo1a-g3c-tis-l1-modal] 
[algo1a-g3c-tis-l1-modal] [36m(TrainerController pid=2527)[0m [2026-09-29 20:03:48.847 trainer_controller_actor] group.py:290 - ft op=check errored= discarded= normal=0 decision=no_retry reason="survivors normal, gradients valid"
[algo1a-g3c-tis-l1-modal] 
[algo1a-g3c-tis-l1-modal] [36m(TrainerController pid=2527)[0m [2026-09-29 20:03:48.850 trainer_controller_actor] cell.py:231 - ft op=execute phase=start cell=trainer-engine-actor-00000 fn=run_plugin n_actors=1
[algo1a-g3c-tis-l1-modal] 
[algo1a-g3c-tis-l1-modal] [36m(MegatronTrainRayActor pid=2862)[0m /opt/sglang/lib/python3.12/site-packages/torch/distributed/c10d_logger.py:83: FutureWarning: `torch.distributed.all_gather_into_tensor` is deprecated. Please use `torch.distributed.all_gather_single` instead.
[algo1a-g3c-tis-l1-modal] 
[algo1a-g3c-tis-l1-modal] [36m(MegatronTrainRayActor pid=2862)[0m   return func(*args, **kwargs)
[algo1a-g3c-tis-l1-modal] 
[algo1a-g3c-tis-l1-modal] [36m(MegatronTrainRayActor pid=2862)[0m [2026-09-29 20:03:48.842 actor_cell00000_rank00000] model.py:637 - train op=train_step rollout=0 step=0 attempt=0 outcome=NORMAL valid_step=true
[algo1a-g3c-tis-l1-modal] 
[algo1a-g3c-tis-l1-modal] [36m(MegatronTrainRayActor pid=2862)[0m [2026-09-29 20:03:48.843 actor_cell00000_rank00000] log_utils.py:554 - step 0: {'train/loss': 0.000368339940905571, 'train/pg_loss': 0.000368339940905571, 'train/entropy_loss': 0.0, 'train/pg_clipfrac': 0.0, 'train/ppo_kl': 3.381835922411369e-10, 'train/ess_ratio': 1.0, 'train/train_rollout_logprob_abs_diff': 0.010626563802361488, 'train/train_rollout_kl': 0.00042801519157364964, 'train/ois': 1.0, 'train/tis': 0.9992033839225769, 'train/tis_clipfrac': 0.0, 'train/tis_abs': 0.010562669485807419, 'train/grad_norm': 0.45545196533203125, 'train/lr-pg_0': 6.666666666666668e-06, 'train/step': 0}
[algo1a-g3c-tis-l1-modal] 
[algo1a-g3c-tis-l1-modal] [36m(MegatronTrainRayActor pid=2862)[0m [2026-09-29 20:03:48.844 actor_cell00000_rank00000] model.py:847 - step 0: {'train/loss': 0.000368339940905571, 'train/pg_loss': 0.000368339940905571, 'train/entropy_loss': 0.0, 'train/pg_clipfrac': 0.0, 'train/ppo_kl': 3.381835922411369e-10, 'train/ess_ratio': 1.0, 'train/train_rollout_logprob_abs_diff': 0.010626563802361488, 'train/train_rollout_kl': 0.00042801519157364964, 'train/ois': 1.0, 'train/tis': 0.9992033839225769, 'train/tis_clipfrac': 0.0, 'train/tis_abs': 0.010562669485807419, 'train/grad_norm': 0.45545196533203125, 'train/lr-pg_0': 6.666666666666668e-06, 'train/step': 0}
[algo1a-g3c-tis-l1-modal] 
[algo1a-g3c-tis-l1-modal] [36m(MegatronTrainRayActor pid=2862)[0m [2026-09-29 20:03:48.844 actor_cell00000_rank00000] timer.py:42 - Timer actor_train end (elapsed: 18.2s)
[algo1a-g3c-tis-l1-modal] 
[algo1a-g3c-tis-l1-modal] [36m(MegatronTrainRayActor pid=2862)[0m [2026-09-29 20:03:48.844 actor_cell00000_rank00000] timer.py:42 - Timer train end (elapsed: 30.9s)
[algo1a-g3c-tis-l1-modal] 
[algo1a-g3c-tis-l1-modal] [36m(MegatronTrainRayActor pid=2862)[0m [2026-09-29 20:03:48.844 actor_cell00000_rank00000] timer.py:31 - Timer train_wait start
[algo1a-g3c-tis-l1-modal] 
[algo1a-g3c-tis-l1-modal] [36m(MegatronTrainRayActor pid=2862)[0m [2026-09-29 20:03:48.844 actor_cell00000_rank00000] train_metric_utils.py:56 - perf 0: {'perf/sleep_time': 4.799551963806152, 'perf/wake_up_time': 3.1330506801605225, 'perf/update_weights_implementation_time': 0.08386921882629395, 'perf/finalize_and_resume_engines_time': 0.04965782165527344, 'perf/update_weights_time': 0.17623186111450195, 'perf/data_preprocess_time': 0.0037136077880859375, 'perf/train_wait_time': 292.1301338672638, 'perf/log_probs_time': 12.65912413597107, 'perf/actor_train_time': 18.167038917541504, 'perf/train_time': 30.853559494018555, 'perf/log_probs_tflops': 0.5505969365019843, 'perf/actor_train_tflops': 1.1509979694050065, 'perf/actor_train_tok_per_s': 361.58892100226564, 'perf/mfu_peak_tflops': 989.0, 'perf/actor_train_mfu': 0.0011637997668402494, 'perf/step_time': 322.98369336128235, 'perf/wait_time_ratio': 0.9044733213218091}
[algo1a-g3c-tis-l1-modal] 
[algo1a-g3c-tis-l1-modal] [36m(MegatronTrainRayActor pid=2862)[0m [2026-09-29 20:03:48.844 actor_cell00000_rank00000] structured_log.py:28 - actor cls=MegatronTrainRayActor fn=_train_actor phase=end ok=true elapsed_s=30.9
[algo1a-g3c-tis-l1-modal] 
[algo1a-g3c-tis-l1-modal] [36m(MegatronTrainRayActor pid=2862)[0m [2026-09-29 20:03:48.845 actor_cell00000_rank00000] structured_log.py:28 - actor cls=MegatronTrainRayActor fn=train phase=end ok=true elapsed_s=30.9
[algo1a-g3c-tis-l1-modal] 
[algo1a-g3c-tis-l1-modal] [36m(TrainerController pid=2527)[0m [2026-09-29 20:03:48.852 trainer_controller_actor] cell.py:239 - ft op=execute phase=end cell=trainer-engine-actor-00000 fn=run_plugin ok=true elapsed_s=0.0
[algo1a-g3c-tis-l1-modal] 
[algo1a-g3c-tis-l1-modal] [36m(TrainerController pid=2527)[0m [2026-09-29 20:03:48.855 trainer_controller_actor] cell.py:231 - ft op=execute phase=start cell=trainer-engine-actor-00000 fn=run_plugin n_actors=1
[algo1a-g3c-tis-l1-modal] 
[algo1a-g3c-tis-l1-modal] [36m(TrainerController pid=2527)[0m [2026-09-29 20:03:48.856 trainer_controller_actor] cell.py:239 - ft op=execute phase=end cell=trainer-engine-actor-00000 fn=run_plugin ok=true elapsed_s=0.0
[algo1a-g3c-tis-l1-modal] 
[algo1a-g3c-tis-l1-modal] [36m(TrainerController pid=2527)[0m [2026-09-29 20:03:48.859 trainer_controller_actor] cell.py:231 - ft op=execute phase=start cell=trainer-engine-actor-00000 fn=run_plugin n_actors=1
[algo1a-g3c-tis-l1-modal] 
[algo1a-g3c-tis-l1-modal] YETO_RL_EVENT {"applied_lrs":[1e-05],"clip_fraction":0.0,"event":"rl_round_trained","island_id":1,"label/config_epoch":0,"label/execution_mode":"colocated-serial","label/profile_hash":"sha256:26dd25143461085064fd22237c80ab1d5ebd99cb13ea2160e2a4aeb8c9d5e379","label/weight_transport":"cuda-ipc","masked_fraction":null,"mismatch":{"ois":1.0,"tis":0.9992033839225769,"tis_abs":0.010562669485807419,"tis_clipfrac":0.0,"train_rollout_kl":0.00042801519157364964},"nonzero_advantages":null,"rollout_id":0,"time_unix":1790712228.8623176,"trained_groups":4,"trained_sample_ids_sha256":"6ac54d62824c59fa3a8f59264bca872f865403d905926ce326c231e62752ac7d","trained_samples":32}
[algo1a-g3c-tis-l1-modal] 
[algo1a-g3c-tis-l1-modal] YETO_RL_EVENT {"event":"rl_driver_phase","island_id":1,"phase":"sync","rollout_id":0,"time_unix":1790712228.8627412}
[algo1a-g3c-tis-l1-modal] 
[algo1a-g3c-tis-l1-modal] [36m(TrainerController pid=2527)[0m [2026-09-29 20:03:48.860 trainer_controller_actor] cell.py:239 - ft op=execute phase=end cell=trainer-engine-actor-00000 fn=run_plugin ok=true elapsed_s=0.0
[algo1a-g3c-tis-l1-modal] 
[algo1a-g3c-tis-l1-modal] YETO_RL_EVENT {"event":"rl_driver_phase","island_id":1,"phase":"export_push","rollout_id":0,"time_unix":1790712228.8631692}
[algo1a-g3c-tis-l1-modal] 
[algo1a-g3c-tis-l1-modal] [36m(TrainerController pid=2527)[0m [2026-09-29 20:03:48.864 trainer_controller_actor] cell.py:231 - ft op=execute phase=start cell=trainer-engine-actor-00000 fn=run_plugin n_actors=1
[algo1a-g3c-tis-l1-modal] 
[algo1a-g3c-tis-l1-modal] [36m(TrainerController pid=2527)[0m [2026-09-29 20:03:49.166 trainer_controller_actor] cell.py:239 - ft op=execute phase=end cell=trainer-engine-actor-00000 fn=run_plugin ok=true elapsed_s=0.3
[algo1a-g3c-tis-l1-modal] 
[algo1a-g3c-tis-l1-modal] YETO_RL_EVENT {"action_tokens":4097,"active_groups":4,"applied_lr":1e-05,"applied_lrs":[1e-05],"base_policy_version":0,"cancelled_groups":0,"clip_fraction":0.0,"completed_groups":4,"completed_trajectories":32,"delta_l2_norm":0.023373540490865707,"dynamic_filter_dropped_groups":0,"dynamic_filter_generated_groups":0,"dynamic_filter_replacement_attempts":0,"ess_ratio":null,"event":"rl_local_round","grad_norm":0.45545196533203125,"group_p50_seconds":0.0,"group_p95_seconds":0.0,"group_p99_seconds":0.0,"island_id":1,"local_round_id":1,"loss":null,"lr":null,"mean_kl":null,"nonzero_advantage_count":null,"pass_rate":null,"pg_loss":null,"reward_mean":0.9375,"reward_std":0.24206145913796356,"rl/action_tokens":4097,"rl/active_groups":4,"rl/cancelled_groups":0,"rl/clip_fraction":0.0,"rl/completed_groups":4,"rl/completed_trajectories":32,"rl/current_vs_rollout_kl":null,"rl/ess_ratio":null,"rl/global_policy_version":0,"rl/group_p50_seconds":0.0,"rl/group_p95_seconds":0.0,"rl/group_p99_seconds":0.0,"rl/local_delta_norm":0.023373540490865707,"rl/mixed_version_group_count":0,"rl/reward_mean":0.9375,"rl/reward_std":0.24206145913796356,"rl/rollout_policy_version":0,"rl/rollout_seconds":12.659976479000022,"rl/tool_wait_seconds":0.0,"rl/zero_variance_group_ratio":0.75,"rollout_seconds":12.659976479000022,"sync/bytes_sent":40370224,"time_unix":1790712229.6391854,"tool_wait_seconds":0.0,"train_seconds":30.87990714900002,"train_step":null,"zero_variance_group_ratio":0.75}
[algo1a-g3c-tis-l1-modal] 
[algo1a-g3c-tis-l1-modal] YETO_RL_EVENT {"event":"rl_driver_phase","island_id":1,"phase":"wait_global","policy_version":1,"time_unix":1790712229.6962373}
[algo1a-g3c-tis-l1-modal] 
[algo1a-g3c-tis-l0-modal] [36m(CommandActor pid=1474)[0m [2026-09-29 20:03:57] Prefill batch, #new-seq: 1, #new-token: 70, #cached-token: 0, token usage: 0.01, #running-req: 0, #queue-req: 0, #pending-token: 0, cuda graph: False, input throughput (token/s): 3.63
[algo1a-g3c-tis-l0-modal] 
[algo1a-g3c-tis-l0-modal] [36m(CommandActor pid=1474)[0m [2026-09-29 20:03:57] Prefill batch, #new-seq: 31, #new-token: 2402, #cached-token: 0, token usage: 0.00, #running-req: 1, #queue-req: 0, #pending-token: 0, cuda graph: False, input throughput (token/s): 147798.09
[algo1a-g3c-tis-l0-modal] 
[algo1a-g3c-tis-l0-modal] [36m(CommandActor pid=1474)[0m [2026-09-29 20:03:57] Decode batch, #running-req: 32, #token: 1555, token usage: 0.01, cuda graph: True, gen throughput (token/s): 36.52, #queue-req: 0
[algo1a-g3c-tis-l0-modal] 
[algo1a-g3c-tis-l0-modal] [36m(CommandActor pid=1474)[0m [2026-09-29 20:03:57] INFO:     172.20.9.131:16985 - "POST /generate HTTP/1.1" 200 OK
[algo1a-g3c-tis-l0-modal] 
[algo1a-g3c-tis-l0-modal] [36m(CommandActor pid=1474)[0m [2026-09-29 20:03:57] INFO:     172.20.9.131:56098 - "POST /generate HTTP/1.1" 200 OK
[algo1a-g3c-tis-l0-modal] 
[algo1a-g3c-tis-l0-modal] [36m(CommandActor pid=1474)[0m [2026-09-29 20:03:57] INFO:     172.20.9.131:55944 - "POST /generate HTTP/1.1" 200 OK
[algo1a-g3c-tis-l0-modal] 
[algo1a-g3c-tis-l0-modal] [36m(CommandActor pid=1474)[0m [2026-09-29 20:03:57] INFO:     172.20.9.131:26271 - "POST /generate HTTP/1.1" 200 OK
[algo1a-g3c-tis-l0-modal] 
[algo1a-g3c-tis-l0-modal] [36m(CommandActor pid=1474)[0m [2026-09-29 20:03:57] INFO:     172.20.9.131:22647 - "POST /generate HTTP/1.1" 200 OK
[algo1a-g3c-tis-l0-modal] 
[algo1a-g3c-tis-l0-modal] [36m(CommandActor pid=1474)[0m [2026-09-29 20:03:57] INFO:     172.20.9.131:51452 - "POST /generate HTTP/1.1" 200 OK
[algo1a-g3c-tis-l0-modal] [36m(CommandActor pid=1474)[0m [2026-09-29 20:03:57] INFO:     172.20.9.131:35362 - "POST /generate HTTP/1.1" 200 OK
[algo1a-g3c-tis-l0-modal] 
[algo1a-g3c-tis-l0-modal] [36m(CommandActor pid=1474)[0m [2026-09-29 20:03:57] INFO:     172.20.9.131:18140 - "POST /generate HTTP/1.1" 200 OK
[algo1a-g3c-tis-l0-modal] 
[algo1a-g3c-tis-l0-modal] [36m(CommandActor pid=1474)[0m [2026-09-29 20:03:57] INFO:     172.20.9.131:29067 - "POST /generate HTTP/1.1" 200 OK
[algo1a-g3c-tis-l0-modal] 
[algo1a-g3c-tis-l0-modal] [36m(CommandActor pid=1474)[0m [2026-09-29 20:03:57] INFO:     172.20.9.131:32131 - "POST /generate HTTP/1.1" 200 OK
[algo1a-g3c-tis-l0-modal] 
[algo1a-g3c-tis-l0-modal] [36m(CommandActor pid=1474)[0m [2026-09-29 20:03:57] INFO:     172.20.9.131:63533 - "POST /generate HTTP/1.1" 200 OK
[algo1a-g3c-tis-l0-modal] 
[algo1a-g3c-tis-l0-modal] [36m(CommandActor pid=1474)[0m [2026-09-29 20:03:57] INFO:     172.20.9.131:37003 - "POST /generate HTTP/1.1" 200 OK
[algo1a-g3c-tis-l0-modal] 
[algo1a-g3c-tis-l0-modal] [36m(CommandActor pid=1474)[0m [2026-09-29 20:03:57] Decode batch, #running-req: 25, #token: 2187, token usage: 0.01, cuda graph: True, gen throughput (token/s): 5829.90, #queue-req: 0
[algo1a-g3c-tis-l0-modal] 
[algo1a-g3c-tis-l0-modal] [36m(RolloutExecutor pid=1472)[0m [2026-09-29 20:03:57.909 rollout_executor] inference_rollout_train.py:137 - First rollout sample: text_preview=<|im_start|>system\nYou are a helpful assistant. Please put the answer within \boxed{}.<|im_end|>\n<|im_start|>user\nNatalia sold clips to 48 of her friends in April, and then she sold half as many clips in May. How many clips did Natalia sell altogether in April and May?<|im_end|>\n<|im_start|>assistant\n<think>\n\n</think>\n\n- In April, Natalia sold **48** clips.\n- In May, she sold **half** as many clips as in April, which is $ \frac{1}{2} \times 48 = 24 $ clips.\n- So, the total number of clips sold in...<truncated chars=57>, label=72, reward_summary=1.0
[algo1a-g3c-tis-l0-modal] 
[algo1a-g3c-tis-l0-modal] [36m(RolloutExecutor pid=1472)[0m Rollout generation:  25%|██▌       | 8/32 [00:12<00:36,  1.54s/it]
[algo1a-g3c-tis-l0-modal] [36m(CommandActor pid=1474)[0m [2026-09-29 20:03:57] INFO:     172.20.9.131:23722 - "POST /generate HTTP/1.1" 200 OK
[algo1a-g3c-tis-l0-modal] 
[algo1a-g3c-tis-l0-modal] [36m(CommandActor pid=1474)[0m [2026-09-29 20:03:57] INFO:     172.20.9.131:48849 - "POST /generate HTTP/1.1" 200 OK
[algo1a-g3c-tis-l0-modal] 
[algo1a-g3c-tis-l0-modal] [36m(CommandActor pid=1474)[0m [2026-09-29 20:03:57] INFO:     172.20.9.131:56859 - "POST /generate HTTP/1.1" 200 OK
[algo1a-g3c-tis-l0-modal] 
[algo1a-g3c-tis-l0-modal] [36m(CommandActor pid=1474)[0m [2026-09-29 20:03:57] INFO:     172.20.9.131:41869 - "POST /generate HTTP/1.1" 200 OK
[algo1a-g3c-tis-l0-modal] 
[algo1a-g3c-tis-l0-modal] [36m(CommandActor pid=1474)[0m [2026-09-29 20:03:58] Decode batch, #running-req: 16, #token: 2091, token usage: 0.01, cuda graph: True, gen throughput (token/s): 3671.70, #queue-req: 0
[algo1a-g3c-tis-l0-modal] 
[algo1a-g3c-tis-l0-modal] [36m(CommandActor pid=1474)[0m [2026-09-29 20:03:58] INFO:     172.20.9.131:57088 - "POST /generate HTTP/1.1" 200 OK
[algo1a-g3c-tis-l0-modal] 
[algo1a-g3c-tis-l0-modal] [36m(CommandActor pid=1474)[0m [2026-09-29 20:03:58] INFO:     172.20.9.131:46936 - "POST /generate HTTP/1.1" 200 OK
[algo1a-g3c-tis-l0-modal] 
[algo1a-g3c-tis-l0-modal] [36m(CommandActor pid=1474)[0m [2026-09-29 20:03:58] INFO:     172.20.9.131:37151 - "POST /generate HTTP/1.1" 200 OK
[algo1a-g3c-tis-l0-modal] 
[algo1a-g3c-tis-l0-modal] [36m(CommandActor pid=1474)[0m [2026-09-29 20:03:58] INFO:     172.20.9.131:22923 - "POST /generate HTTP/1.1" 200 OK
[algo1a-g3c-tis-l0-modal] 
[algo1a-g3c-tis-l0-modal] [36m(CommandActor pid=1474)[0m [2026-09-29 20:03:58] INFO:     172.20.9.131:20511 - "POST /generate HTTP/1.1" 200 OK
[algo1a-g3c-tis-l0-modal] 
[algo1a-g3c-tis-l0-modal] [36m(CommandActor pid=1474)[0m [2026-09-29 20:03:58] INFO:     172.20.9.131:27248 - "POST /generate HTTP/1.1" 200 OK
[algo1a-g3c-tis-l0-modal] 
[algo1a-g3c-tis-l0-modal] [36m(CommandActor pid=1474)[0m [2026-09-29 20:03:58] INFO:     172.20.9.131:55316 - "POST /generate HTTP/1.1" 200 OK
[algo1a-g3c-tis-l0-modal] 
[algo1a-g3c-tis-l0-modal] [36m(CommandActor pid=1474)[0m [2026-09-29 20:03:58] INFO:     172.20.9.131:48188 - "POST /generate HTTP/1.1" 200 OK
[algo1a-g3c-tis-l0-modal] 
[algo1a-g3c-tis-l0-modal] [36m(CommandActor pid=1474)[0m [2026-09-29 20:03:58] INFO:     172.20.9.131:37553 - "POST /generate HTTP/1.1" 200 OK
[algo1a-g3c-tis-l0-modal] 
[algo1a-g3c-tis-l0-modal] [36m(CommandActor pid=1474)[0m [2026-09-29 20:03:58] Decode batch, #running-req: 10, #token: 1765, token usage: 0.01, cuda graph: True, gen throughput (token/s): 2757.05, #queue-req: 0
[algo1a-g3c-tis-l0-modal] 
[algo1a-g3c-tis-l0-modal] [36m(CommandActor pid=1474)[0m [2026-09-29 20:03:58] INFO:     172.20.9.131:51098 - "POST /generate HTTP/1.1" 200 OK
[algo1a-g3c-tis-l0-modal] 
[algo1a-g3c-tis-l0-modal] [36m(RolloutExecutor pid=1472)[0m Rollout generation:  75%|███████▌  | 24/32 [00:12<00:03,  2.38it/s]
[algo1a-g3c-tis-l0-modal] 
[algo1a-g3c-tis-l0-modal] [36m(CommandActor pid=1474)[0m [2026-09-29 20:03:58] INFO:     172.20.9.131:16418 - "POST /generate HTTP/1.1" 200 OK
[algo1a-g3c-tis-l0-modal] 
[algo1a-g3c-tis-l0-modal] [36m(CommandActor pid=1474)[0m [2026-09-29 20:03:58] INFO:     172.20.9.131:36183 - "POST /generate HTTP/1.1" 200 OK
[algo1a-g3c-tis-l0-modal] 
[algo1a-g3c-tis-l0-modal] [36m(CommandActor pid=1474)[0m [2026-09-29 20:03:58] INFO:     172.20.9.131:54528 - "POST /generate HTTP/1.1" 200 OK
[algo1a-g3c-tis-l0-modal] 
[algo1a-g3c-tis-l0-modal] [36m(CommandActor pid=1474)[0m [2026-09-29 20:03:58] INFO:     172.20.9.131:32443 - "POST /generate HTTP/1.1" 200 OK
[algo1a-g3c-tis-l0-modal] 
[algo1a-g3c-tis-l0-modal] [36m(CommandActor pid=1474)[0m [2026-09-29 20:03:58] INFO:     172.20.9.131:56196 - "POST /generate HTTP/1.1" 200 OK
[algo1a-g3c-tis-l0-modal] 
[algo1a-g3c-tis-l0-modal] [36m(CommandActor pid=1474)[0m [2026-09-29 20:03:58] Decode batch, #running-req: 4, #token: 695, token usage: 0.00, cuda graph: True, gen throughput (token/s): 1484.21, #queue-req: 0
[algo1a-g3c-tis-l0-modal] 
[algo1a-g3c-tis-l0-modal] [36m(CommandActor pid=1474)[0m [2026-09-29 20:03:58] Decode batch, #running-req: 1, #token: 333, token usage: 0.00, cuda graph: True, gen throughput (token/s): 313.84, #queue-req: 0
[algo1a-g3c-tis-l0-modal] 
[algo1a-g3c-tis-l0-modal] [36m(CommandActor pid=1474)[0m [2026-09-29 20:03:58] Decode batch, #running-req: 1, #token: 373, token usage: 0.00, cuda graph: True, gen throughput (token/s): 217.05, #queue-req: 0
[algo1a-g3c-tis-l0-modal] 
[algo1a-g3c-tis-l0-modal] [36m(InferenceController pid=1473)[0m [2026-09-29 20:03:58.830 inference_controller] _client.py:1740 - HTTP Request: GET http://172.20.9.131:20000/flush_cache "HTTP/1.1 200 OK"
[algo1a-g3c-tis-l0-modal] 
[algo1a-g3c-tis-l0-modal] [36m(RolloutExecutor pid=1472)[0m Rollout generation: 100%|██████████| 32/32 [00:13<00:00,  3.42it/s]Rollout generation: 100%|██████████| 32/32 [00:13<00:00,  2.43it/s]
[algo1a-g3c-tis-l0-modal] 
[algo1a-g3c-tis-l0-modal] [36m(RolloutExecutor pid=1472)[0m [2026-09-29 20:03:58.799 rollout_executor] inference_rollout_train.py:161 - Finish rollout: text_preview=<|im_start|>system\nYou are a helpful assistant. Please put the answer within \boxed{}.<|im_end|>\n<|im_start|>user\nBetty is saving money for a new wallet which costs $100. Betty has only half of the money she needs. Her parents decided to give her $15 for that purpose, and her grandparents twice as much as her parents. How much more money does Betty need to buy the wallet?<|im_end|>\n<|im_start|>assistant\n<think>\n\n</think>\n\nLet's solve this step by step:\n\n1. The cost of the wallet is **$100**.\n2. ...<truncated chars=532>, label=5, reward_summary=1.0
[algo1a-g3c-tis-l0-modal] 
[algo1a-g3c-tis-l0-modal] [36m(RolloutExecutor pid=1472)[0m [2026-09-29 20:03:58.801 rollout_executor] inference_rollout_train.py:33 - Abort request for ['http://172.20.9.131:20000']
[algo1a-g3c-tis-l0-modal] 
[algo1a-g3c-tis-l0-modal] [36m(RolloutExecutor pid=1472)[0m Using blocking ray.get inside async actor. This blocks the event loop. Please use `await` on object ref with asyncio.gather if you want to yield execution to the event loop instead.
[algo1a-g3c-tis-l0-modal] 
[algo1a-g3c-tis-l0-modal] [36m(RolloutExecutor pid=1472)[0m [2026-09-29 20:03:58.815 rollout_executor] rollout_data_conversion.py:39 - Final collected 32 samples from rollout to train
[algo1a-g3c-tis-l0-modal] 
[algo1a-g3c-tis-l0-modal] [36m(RolloutExecutor pid=1472)[0m [2026-09-29 20:03:58.816 rollout_executor] metrics.py:93 - perf 0: {'rollout/raw_reward_unfiltered': 0.9375, 'rollout/num_training_samples': 32, 'rollout/episode_raw_reward': 0.9375, 'rollout/episode_response_length/mean': 130.25, 'rollout/episode_response_length/median': 128.5, 'rollout/episode_response_length/max': 285, 'rollout/episode_response_length/min': 60, 'rollout/episode_total_response_length/mean': 130.25, 'rollout/response_len/mean': 130.25, 'rollout/response_len/median': 128.5, 'rollout/response_len/max': 285, 'rollout/response_len/min': 60, 'rollout/zero_std/count_1.0': 3, 'rollout/zero_std/all_zero_percentage': 0.0, 'rollout/zero_std/all_one_percentage': 0.75, 'rollout/prefix_cache_hit_rate': 0.0, 'rollout/avg_cached_tokens_per_sample': 0.0, 'rollout/repetition_frac': 0.0, 'rollout/truncated_ratio': 0.0, 'perf/rollout_time': 14.1318838596344, 'perf/tokens_per_gpu_per_sec': 294.9359081491792, 'perf/longest_sample_tokens_per_sec': 20.167162625363744, 'perf/effective_tokens_per_gpu_per_sec': 294.9359081491792, 'perf/longest_effective_sample_tokens_per_sec': 20.167162625363744}
[algo1a-g3c-tis-l0-modal] 
[algo1a-g3c-tis-l0-modal] [36m(RolloutExecutor pid=1472)[0m [2026-09-29 20:03:58.818 rollout_executor] train_data_conversion.py:334 - Rollout-side DP schedule: num_samples=32, num_rollouts=[32], num_microbatches=[32]
[algo1a-g3c-tis-l0-modal] 
[algo1a-g3c-tis-l0-modal] [36m(CommandActor pid=1474)[0m [2026-09-29 20:03:58] INFO:     172.20.9.131:48464 - "POST /generate HTTP/1.1" 200 OK
[algo1a-g3c-tis-l0-modal] 
[algo1a-g3c-tis-l0-modal] [36m(CommandActor pid=1474)[0m [2026-09-29 20:03:58] INFO:     172.20.9.131:20444 - "POST /abort_request HTTP/1.1" 200 OK
[algo1a-g3c-tis-l0-modal] 
[algo1a-g3c-tis-l0-modal] [36m(CommandActor pid=1474)[0m [2026-09-29 20:03:58] INFO:     172.20.9.131:31093 - "GET /flush_cache HTTP/1.1" 200 OK
[algo1a-g3c-tis-l0-modal] 
[algo1a-g3c-tis-l0-modal] [36m(CommandActor pid=1474)[0m [2026-09-29 20:03:58] Cache flushed successfully!
[algo1a-g3c-tis-l0-modal] 
[algo1a-g3c-tis-l0-modal] [36m(CommandActor pid=1474)[0m [2026-09-29 20:03:58] Cache flushed successfully!
[algo1a-g3c-tis-l0-modal] 
[algo1a-g3c-tis-l0-modal] YETO_RL_EVENT {"event":"rl_driver_phase","island_id":0,"phase":"onload","rollout_id":0,"time_unix":1790712239.2548814}
[algo1a-g3c-tis-l0-modal] 
[algo1a-g3c-tis-l0-modal] [36m(InferenceController pid=1473)[0m [2026-09-29 20:03:59.248 inference_controller] _client.py:1740 - HTTP Request: POST http://172.20.9.131:20000/release_memory_occupation "HTTP/1.1 200 OK"
[algo1a-g3c-tis-l0-modal] 
[algo1a-g3c-tis-l0-modal] [36m(CommandActor pid=1474)[0m [2026-09-29 20:03:59] INFO:     172.20.9.131:31093 - "POST /release_memory_occupation HTTP/1.1" 200 OK
[algo1a-g3c-tis-l0-modal] 
[algo1a-g3c-tis-l0-modal] [36m(TrainerController pid=1470)[0m [2026-09-29 20:03:59.256 trainer_controller_actor] cell.py:231 - ft op=execute phase=start cell=trainer-engine-actor-00000 fn=wake_up n_actors=1
[algo1a-g3c-tis-l0-modal] 
[algo1a-g3c-tis-l0-modal] [36m(MegatronTrainRayActor pid=1723)[0m [2026-09-29 20:03:59.257 actor_cell00000_rank00000] structured_log.py:24 - actor cls=MegatronTrainRayActor fn=wake_up phase=start
[algo1a-g3c-tis-l0-modal] 
[algo1a-g3c-tis-l0-modal] [36m(MegatronTrainRayActor pid=1723)[0m [2026-09-29 20:03:59.257 actor_cell00000_rank00000] timer.py:31 - Timer wake_up start
[algo1a-g3c-tis-l0-modal] 
[algo1a-g3c-tis-l0-modal] [36m(MegatronTrainRayActor pid=1723)[0m [2026-09-29 20:03:59.257 actor_cell00000_rank00000] memory_utils.py:41 - [Rank 0] Memory-Usage before wake_up model: {'gpu': '0', 'total_GB': 79.18, 'free_GB': 76.24, 'used_GB': 2.94, 'allocated_GB': 1.2, 'reserved_GB': 1.27}
[algo1a-g3c-tis-l0-modal] 
[algo1a-g3c-tis-l0-modal] YETO_RL_EVENT {"event":"rl_driver_phase","island_id":0,"phase":"train","rollout_id":0,"time_unix":1790712239.974538}
[algo1a-g3c-tis-l0-modal] 
[algo1a-g3c-tis-l0-modal] [36m(TrainerController pid=1470)[0m [2026-09-29 20:03:59.972 trainer_controller_actor] cell.py:239 - ft op=execute phase=end cell=trainer-engine-actor-00000 fn=wake_up ok=true elapsed_s=0.7
[algo1a-g3c-tis-l0-modal] 
[algo1a-g3c-tis-l0-modal] [36m(TrainerController pid=1470)[0m [2026-09-29 20:03:59.977 trainer_controller_actor] group.py:190 - ft op=train phase=start rollout=0 attempt=0
[algo1a-g3c-tis-l0-modal] 
[algo1a-g3c-tis-l0-modal] [36m(TrainerController pid=1470)[0m [2026-09-29 20:03:59.977 trainer_controller_actor] group.py:534 - ft op=refresh phase=start rollout=0 alive=0 healing= all_states="(0, 'StateAllocatedAlive')" quorum=0
[algo1a-g3c-tis-l0-modal] 
[algo1a-g3c-tis-l0-modal] [36m(TrainerController pid=1470)[0m [2026-09-29 20:03:59.977 trainer_controller_actor] group.py:557 - ft op=refresh phase=decision rollout=0 needs_reconfigure=false reason=alive_config_unchanged,no_healing quorum=0
[algo1a-g3c-tis-l0-modal] 
[algo1a-g3c-tis-l0-modal] [36m(TrainerController pid=1470)[0m [2026-09-29 20:03:59.977 trainer_controller_actor] cell.py:231 - ft op=execute phase=start cell=trainer-engine-actor-00000 fn=train n_actors=1
[algo1a-g3c-tis-l0-modal] 
[algo1a-g3c-tis-l0-modal] [36m(MegatronTrainRayActor pid=1723)[0m [2026-09-29 20:03:59.970 actor_cell00000_rank00000] reloadable_process_group.py:151 - Reloading 0 process groups in pid 1723
[algo1a-g3c-tis-l0-modal] 
[algo1a-g3c-tis-l0-modal] [36m(MegatronTrainRayActor pid=1723)[0m [2026-09-29 20:03:59.971 actor_cell00000_rank00000] memory_utils.py:41 - [Rank 0] Memory-Usage after wake_up model: {'gpu': '0', 'total_GB': 79.18, 'free_GB': 75.0, 'used_GB': 4.18, 'allocated_GB': 1.2, 'reserved_GB': 1.27}
[algo1a-g3c-tis-l0-modal] 
[algo1a-g3c-tis-l0-modal] [36m(MegatronTrainRayActor pid=1723)[0m [2026-09-29 20:03:59.971 actor_cell00000_rank00000] timer.py:42 - Timer wake_up end (elapsed: 0.7s)
[algo1a-g3c-tis-l0-modal] [36m(MegatronTrainRayActor pid=1723)[0m [2026-09-29 20:03:59.971 actor_cell00000_rank00000] structured_log.py:28 - actor cls=MegatronTrainRayActor fn=wake_up phase=end ok=true elapsed_s=0.7
[algo1a-g3c-tis-l0-modal] 
[algo1a-g3c-tis-l0-modal] [36m(MegatronTrainRayActor pid=1723)[0m [2026-09-29 20:03:59.979 actor_cell00000_rank00000] structured_log.py:24 - actor cls=MegatronTrainRayActor fn=train phase=start
[algo1a-g3c-tis-l0-modal] 
[algo1a-g3c-tis-l0-modal] [36m(MegatronTrainRayActor pid=1723)[0m [2026-09-29 20:03:59.979 actor_cell00000_rank00000] timer.py:31 - Timer data_preprocess start
[algo1a-g3c-tis-l0-modal] 
[algo1a-g3c-tis-l0-modal] [36m(MegatronTrainRayActor pid=1723)[0m [2026-09-29 20:03:59.983 actor_cell00000_rank00000] timer.py:42 - Timer data_preprocess end (elapsed: 0.0s)
[algo1a-g3c-tis-l0-modal] [36m(MegatronTrainRayActor pid=1723)[0m [2026-09-29 20:03:59.983 actor_cell00000_rank00000] structured_log.py:24 - actor cls=MegatronTrainRayActor fn=_train_actor phase=start
[algo1a-g3c-tis-l0-modal] 
[algo1a-g3c-tis-l0-modal] [36m(MegatronTrainRayActor pid=1723)[0m [2026-09-29 20:03:59.983 actor_cell00000_rank00000] timer.py:42 - Timer train_wait end (elapsed: 257.8s)
[algo1a-g3c-tis-l0-modal] 
[algo1a-g3c-tis-l0-modal] [36m(MegatronTrainRayActor pid=1723)[0m [2026-09-29 20:03:59.983 actor_cell00000_rank00000] timer.py:31 - Timer train start
[36m(MegatronTrainRayActor pid=1723)[0m [2026-09-29 20:03:59.983 actor_cell00000_rank00000] structured_log.py:24 - actor cls=MegatronTrainRayActor fn=_compute_log_prob phase=start
[36m(MegatronTrainRayActor pid=1723)[0m [2026-09-29 20:03:59.983 actor_cell00000_rank00000] timer.py:31 - Timer log_probs start
[algo1a-g3c-tis-l0-modal] [36m(RolloutExecutor pid=1472)[0m [2026-09-29 20:04:05.786 rollout_executor] reporter.py:90 - audit op=env_report_summary hostname=modal versions="{\"python\":\"3.12.3\",\"platform\":\"Linux-4.19.0-gvisor-x86_64-with-glibc2.39\",\"miles\":\"0.1.1\",\"sglang\":\"0.5.21.dev67+g9f29303\",\"sglang-router\":\"0.3.2\",\"megatron-core\":\"0.19.0+a84b10547\",\"transformers\":\"5.12.1\",\"ray\":\"2.58.0\",\"flashinfer-python\":\"0.6.18\",\"torch\":\"2.13.0+cu130\",\"torch_cuda\":\"13.0\"}" repos="{\"miles\":\"d002615f44816ae243169643dc093eb2c29029d8\",\"megatron-core\":\"a84b105473eca9c9c6e49dbf1c8aa460c5cf796e\",\"sglang\":\"9f29303bef1eea38eb613e5f454a52db1326422d\"}" num_packages=425 num_env_vars=113 packages_probed=true stored=false
[algo1a-g3c-tis-l0-modal] 
[algo1a-g3c-tis-l0-modal] [36m(MegatronTrainRayActor pid=1723)[0m [2026-09-29 20:04:09.962 actor_cell00000_rank00000] reporter.py:90 - audit op=env_report_summary hostname=modal versions="{\"python\":\"3.12.3\",\"platform\":\"Linux-4.19.0-gvisor-x86_64-with-glibc2.39\",\"miles\":\"0.1.1\",\"sglang\":\"0.5.21.dev67+g9f29303\",\"sglang-router\":\"0.3.2\",\"megatron-core\":\"0.19.0+a84b10547\",\"transformers\":\"5.12.1\",\"ray\":\"2.58.0\",\"flashinfer-python\":\"0.6.18\",\"torch\":\"2.13.0+cu130\",\"torch_cuda\":\"13.0\"}" repos="{\"miles\":\"d002615f44816ae243169643dc093eb2c29029d8\",\"megatron-core\":\"a84b105473eca9c9c6e49dbf1c8aa460c5cf796e\",\"sglang\":\"9f29303bef1eea38eb613e5f454a52db1326422d\"}" num_packages=425 num_env_vars=134 packages_probed=true stored=false
[algo1a-g3c-tis-l0-modal] 
[algo1a-g3c-tis-l1-modal] [36m(CommandActor pid=2526)[0m [2026-09-29 20:04:12] INFO:     172.20.22.83:62351 - "GET /health HTTP/1.1" 200 OK
[algo1a-g3c-tis-l1-modal] 
[algo1a-g3c-tis-l0-modal] [36m(MegatronTrainRayActor pid=1723)[0m [2026-09-29 20:04:17.024 actor_cell00000_rank00000] timer.py:42 - Timer log_probs end (elapsed: 17.0s)
[algo1a-g3c-tis-l0-modal] 
[algo1a-g3c-tis-l0-modal] [36m(MegatronTrainRayActor pid=1723)[0m [2026-09-29 20:04:17.025 actor_cell00000_rank00000] structured_log.py:28 - actor cls=MegatronTrainRayActor fn=_compute_log_prob phase=end ok=true elapsed_s=17.0
[algo1a-g3c-tis-l0-modal] 
[algo1a-g3c-tis-l0-modal] [36m(MegatronTrainRayActor pid=1723)[0m [2026-09-29 20:04:17.050 actor_cell00000_rank00000] log_utils.py:100 - ft op=cross_cell phase=start kind=log_gather rank=0
[algo1a-g3c-tis-l0-modal] 
[algo1a-g3c-tis-l0-modal] [36m(MegatronTrainRayActor pid=1723)[0m [2026-09-29 20:04:17.051 actor_cell00000_rank00000] log_utils.py:106 - ft op=cross_cell phase=end kind=log_gather rank=0 success=true
[algo1a-g3c-tis-l0-modal] [36m(MegatronTrainRayActor pid=1723)[0m [2026-09-29 20:04:17.051 actor_cell00000_rank00000] log_utils.py:126 - rollout 0: {'rollout/response_lengths': 130.25, 'rollout/rewards': 0.0, 'rollout/truncated': 0.0, 'rollout/rollout_log_probs': -0.2707560956478119, 'rollout/raw_reward': 0.9375, 'rollout/total_lengths': 207.5, 'rollout/log_probs': -0.27170008420944214, 'rollout/advantages': 1.862645149230957e-09, 'rollout/returns': 1.862645149230957e-09}
[algo1a-g3c-tis-l0-modal] 
[algo1a-g3c-tis-l0-modal] [36m(MegatronTrainRayActor pid=1723)[0m [2026-09-29 20:04:17.052 actor_cell00000_rank00000] timer.py:31 - Timer actor_train start
[algo1a-g3c-tis-l0-modal] [36m(MegatronTrainRayActor pid=1723)[0m /root/Megatron-LM/megatron/core/pipeline_parallel/schedules.py:220: UserWarning: The AccumulateGrad node's stream does not match the stream of the node that produced the incoming gradient. This may incur unnecessary synchronization and break CUDA graph capture if the AccumulateGrad node's stream is the default stream. This mismatch is caused by an AccumulateGrad node created prior to the current iteration being kept alive. This can happen if the autograd graph is still being kept alive by tensors such as the loss, or if you are using DDP, which will stash a reference to the node. To resolve the mismatch, delete all references to the autograd graph or ensure that DDP initialization is performed under the same stream as subsequent forwards. If the mismatch is intentional, you can use torch.autograd.graph.set_warn_on_accumulate_grad_stream_mismatch(False) to suppress this warning. (Triggered internally at /__w/pytorch/pytorch/torch/csrc/autograd/input_buffer.cpp:310.)
[algo1a-g3c-tis-l0-modal] 
[algo1a-g3c-tis-l0-modal] [36m(MegatronTrainRayActor pid=1723)[0m   Variable._execution_engine.run_backward(
[algo1a-g3c-tis-l0-modal] 
[algo1a-g3c-tis-l0-modal] [36m(CommandActor pid=1474)[0m [2026-09-29 20:04:27] INFO:     172.20.9.131:51310 - "GET /health HTTP/1.1" 200 OK
[algo1a-g3c-tis-l0-modal] 
[algo1a-g3c-tis-l0-modal] [36m(InferenceController pid=1473)[0m [2026-09-29 20:04:35.690 inference_controller] reporter.py:90 - audit op=env_report_summary hostname=modal versions="{\"python\":\"3.12.3\",\"platform\":\"Linux-4.19.0-gvisor-x86_64-with-glibc2.39\",\"miles\":\"0.1.1\",\"sglang\":\"0.5.21.dev67+g9f29303\",\"sglang-router\":\"0.3.2\",\"megatron-core\":\"0.19.0+a84b10547\",\"transformers\":\"5.12.1\",\"ray\":\"2.58.0\",\"flashinfer-python\":\"0.6.18\",\"torch\":\"2.13.0+cu130\",\"torch_cuda\":\"13.0\"}" repos="{\"miles\":\"d002615f44816ae243169643dc093eb2c29029d8\",\"megatron-core\":\"a84b105473eca9c9c6e49dbf1c8aa460c5cf796e\",\"sglang\":\"9f29303bef1eea38eb613e5f454a52db1326422d\"}" num_packages=425 num_env_vars=110 packages_probed=true stored=false
[algo1a-g3c-tis-l0-modal] 
[algo1a-g3c-tis-l0-modal] [36m(MegatronTrainRayActor pid=1723)[0m /opt/sglang/lib/python3.12/site-packages/torch/distributed/c10d_logger.py:83: FutureWarning: `torch.distributed.reduce_scatter_tensor` is deprecated. Please use `torch.distributed.reduce_scatter_single` instead.
[36m(MegatronTrainRayActor pid=1723)[0m   return func(*args, **kwargs)
[algo1a-g3c-tis-l0-modal] 
[algo1a-g3c-tis-l0-modal] YETO_RL_EVENT {"applied_lrs":[1e-05],"clip_fraction":0.0,"event":"rl_round_trained","island_id":0,"label/config_epoch":0,"label/execution_mode":"colocated-serial","label/profile_hash":"sha256:26dd25143461085064fd22237c80ab1d5ebd99cb13ea2160e2a4aeb8c9d5e379","label/weight_transport":"cuda-ipc","masked_fraction":null,"mismatch":{"ois":1.0,"tis":0.9994968175888062,"tis_abs":0.010649372823536396,"tis_clipfrac":0.0,"train_rollout_kl":0.0004407995438668877},"nonzero_advantages":null,"rollout_id":0,"time_unix":1790712278.5758398,"trained_groups":4,"trained_sample_ids_sha256":"6ac54d62824c59fa3a8f59264bca872f865403d905926ce326c231e62752ac7d","trained_samples":32}
[algo1a-g3c-tis-l0-modal] 
[algo1a-g3c-tis-l0-modal] YETO_RL_EVENT {"event":"rl_driver_phase","island_id":0,"phase":"sync","rollout_id":0,"time_unix":1790712278.576299}
[algo1a-g3c-tis-l0-modal] 
[algo1a-g3c-tis-l0-modal] YETO_RL_EVENT {"event":"rl_driver_phase","island_id":0,"phase":"export_push","rollout_id":0,"time_unix":1790712278.576592}
[algo1a-g3c-tis-l0-modal] 
[algo1a-g3c-tis-l0-modal] [36m(TrainerController pid=1470)[0m [2026-09-29 20:04:38.561 trainer_controller_actor] cell.py:239 - ft op=execute phase=end cell=trainer-engine-actor-00000 fn=train ok=true elapsed_s=38.6
[algo1a-g3c-tis-l0-modal] 
[algo1a-g3c-tis-l0-modal] [36m(TrainerController pid=1470)[0m [2026-09-29 20:04:38.561 trainer_controller_actor] group.py:290 - ft op=check errored= discarded= normal=0 decision=no_retry reason="survivors normal, gradients valid"
[algo1a-g3c-tis-l0-modal] 
[algo1a-g3c-tis-l0-modal] [36m(TrainerController pid=1470)[0m [2026-09-29 20:04:38.564 trainer_controller_actor] cell.py:231 - ft op=execute phase=start cell=trainer-engine-actor-00000 fn=run_plugin n_actors=1
[algo1a-g3c-tis-l0-modal] 
[algo1a-g3c-tis-l0-modal] [36m(TrainerController pid=1470)[0m [2026-09-29 20:04:38.566 trainer_controller_actor] cell.py:239 - ft op=execute phase=end cell=trainer-engine-actor-00000 fn=run_plugin ok=true elapsed_s=0.0
[algo1a-g3c-tis-l0-modal] 
[algo1a-g3c-tis-l0-modal] [36m(TrainerController pid=1470)[0m [2026-09-29 20:04:38.568 trainer_controller_actor] cell.py:231 - ft op=execute phase=start cell=trainer-engine-actor-00000 fn=run_plugin n_actors=1
[algo1a-g3c-tis-l0-modal] 
[algo1a-g3c-tis-l0-modal] [36m(TrainerController pid=1470)[0m [2026-09-29 20:04:38.570 trainer_controller_actor] cell.py:239 - ft op=execute phase=end cell=trainer-engine-actor-00000 fn=run_plugin ok=true elapsed_s=0.0
[algo1a-g3c-tis-l0-modal] 
[algo1a-g3c-tis-l0-modal] [36m(TrainerController pid=1470)[0m [2026-09-29 20:04:38.572 trainer_controller_actor] cell.py:231 - ft op=execute phase=start cell=trainer-engine-actor-00000 fn=run_plugin n_actors=1
[algo1a-g3c-tis-l0-modal] 
[algo1a-g3c-tis-l0-modal] [36m(TrainerController pid=1470)[0m [2026-09-29 20:04:38.574 trainer_controller_actor] cell.py:239 - ft op=execute phase=end cell=trainer-engine-actor-00000 fn=run_plugin ok=true elapsed_s=0.0
[algo1a-g3c-tis-l0-modal] 
[algo1a-g3c-tis-l0-modal] [36m(TrainerController pid=1470)[0m [2026-09-29 20:04:38.578 trainer_controller_actor] cell.py:231 - ft op=execute phase=start cell=trainer-engine-actor-00000 fn=run_plugin n_actors=1
[algo1a-g3c-tis-l0-modal] 
[algo1a-g3c-tis-l0-modal] [36m(MegatronTrainRayActor pid=1723)[0m /opt/sglang/lib/python3.12/site-packages/torch/distributed/c10d_logger.py:83: FutureWarning: `torch.distributed.all_gather_into_tensor` is deprecated. Please use `torch.distributed.all_gather_single` instead.
[algo1a-g3c-tis-l0-modal] 
[algo1a-g3c-tis-l0-modal] [36m(MegatronTrainRayActor pid=1723)[0m   return func(*args, **kwargs)
[algo1a-g3c-tis-l0-modal] 
[algo1a-g3c-tis-l0-modal] [36m(MegatronTrainRayActor pid=1723)[0m [2026-09-29 20:04:38.555 actor_cell00000_rank00000] model.py:637 - train op=train_step rollout=0 step=0 attempt=0 outcome=NORMAL valid_step=true
[algo1a-g3c-tis-l0-modal] 
[algo1a-g3c-tis-l0-modal] [36m(MegatronTrainRayActor pid=1723)[0m [2026-09-29 20:04:38.556 actor_cell00000_rank00000] log_utils.py:554 - step 0: {'train/loss': 0.00027514807879924774, 'train/pg_loss': 0.00027514807879924774, 'train/entropy_loss': 0.0, 'train/pg_clipfrac': 0.0, 'train/ppo_kl': 5.545904291359705e-10, 'train/ess_ratio': 1.0, 'train/train_rollout_logprob_abs_diff': 0.010704593732953072, 'train/train_rollout_kl': 0.0004407995438668877, 'train/ois': 1.0, 'train/tis': 0.9994968175888062, 'train/tis_clipfrac': 0.0, 'train/tis_abs': 0.010649372823536396, 'train/grad_norm': 0.460294634103775, 'train/lr-pg_0': 6.666666666666668e-06, 'train/step': 0}
[algo1a-g3c-tis-l0-modal] 
[algo1a-g3c-tis-l0-modal] [36m(MegatronTrainRayActor pid=1723)[0m [2026-09-29 20:04:38.556 actor_cell00000_rank00000] model.py:847 - step 0: {'train/loss': 0.00027514807879924774, 'train/pg_loss': 0.00027514807879924774, 'train/entropy_loss': 0.0, 'train/pg_clipfrac': 0.0, 'train/ppo_kl': 5.545904291359705e-10, 'train/ess_ratio': 1.0, 'train/train_rollout_logprob_abs_diff': 0.010704593732953072, 'train/train_rollout_kl': 0.0004407995438668877, 'train/ois': 1.0, 'train/tis': 0.9994968175888062, 'train/tis_clipfrac': 0.0, 'train/tis_abs': 0.010649372823536396, 'train/grad_norm': 0.460294634103775, 'train/lr-pg_0': 6.666666666666668e-06, 'train/step': 0}
[algo1a-g3c-tis-l0-modal] 
[algo1a-g3c-tis-l0-modal] [36m(MegatronTrainRayActor pid=1723)[0m [2026-09-29 20:04:38.556 actor_cell00000_rank00000] timer.py:42 - Timer actor_train end (elapsed: 21.5s)
[algo1a-g3c-tis-l0-modal] 
[algo1a-g3c-tis-l0-modal] [36m(MegatronTrainRayActor pid=1723)[0m [2026-09-29 20:04:38.557 actor_cell00000_rank00000] timer.py:42 - Timer train end (elapsed: 38.6s)
[algo1a-g3c-tis-l0-modal] 
[algo1a-g3c-tis-l0-modal] [36m(MegatronTrainRayActor pid=1723)[0m [2026-09-29 20:04:38.557 actor_cell00000_rank00000] timer.py:31 - Timer train_wait start
[algo1a-g3c-tis-l0-modal] 
[algo1a-g3c-tis-l0-modal] [36m(MegatronTrainRayActor pid=1723)[0m [2026-09-29 20:04:38.557 actor_cell00000_rank00000] train_metric_utils.py:56 - perf 0: {'perf/sleep_time': 4.7017502784729, 'perf/wake_up_time': 3.637938976287842, 'perf/update_weights_implementation_time': 0.09488701820373535, 'perf/finalize_and_resume_engines_time': 0.06631088256835938, 'perf/update_weights_time': 0.20900774002075195, 'perf/data_preprocess_time': 0.004081010818481445, 'perf/train_wait_time': 257.8322880268097, 'perf/log_probs_time': 17.040915966033936, 'perf/actor_train_time': 21.504604816436768, 'perf/train_time': 38.57337832450867, 'perf/log_probs_tflops': 0.4136130358044607, 'perf/actor_train_tflops': 0.9832794016581075, 'perf/actor_train_tok_per_s': 308.7710774821959, 'perf/mfu_peak_tflops': 989.0, 'perf/actor_train_mfu': 0.000994215775185144, 'perf/step_time': 296.40566635131836, 'perf/wait_time_ratio': 0.8698628848788973}
[algo1a-g3c-tis-l0-modal] 
[algo1a-g3c-tis-l0-modal] [36m(MegatronTrainRayActor pid=1723)[0m [2026-09-29 20:04:38.557 actor_cell00000_rank00000] structured_log.py:28 - actor cls=MegatronTrainRayActor fn=_train_actor phase=end ok=true elapsed_s=38.6
[algo1a-g3c-tis-l0-modal] [36m(MegatronTrainRayActor pid=1723)[0m [2026-09-29 20:04:38.558 actor_cell00000_rank00000] structured_log.py:28 - actor cls=MegatronTrainRayActor fn=train phase=end ok=true elapsed_s=38.6
[algo1a-g3c-tis-l0-modal] 
[algo1a-g3c-tis-l0-modal] [36m(TrainerController pid=1470)[0m [2026-09-29 20:04:39.038 trainer_controller_actor] cell.py:239 - ft op=execute phase=end cell=trainer-engine-actor-00000 fn=run_plugin ok=true elapsed_s=0.5
[algo1a-g3c-tis-l0-modal] 
[algo1a-g3c-tis-l0-modal] YETO_RL_EVENT {"action_tokens":4168,"active_groups":4,"applied_lr":1e-05,"applied_lrs":[1e-05],"base_policy_version":0,"cancelled_groups":0,"clip_fraction":0.0,"completed_groups":4,"completed_trajectories":32,"delta_l2_norm":0.023373497650027275,"dynamic_filter_dropped_groups":0,"dynamic_filter_generated_groups":0,"dynamic_filter_replacement_attempts":0,"ess_ratio":null,"event":"rl_local_round","grad_norm":0.460294634103775,"group_p50_seconds":0.0,"group_p95_seconds":0.0,"group_p99_seconds":0.0,"island_id":0,"local_round_id":1,"loss":null,"lr":null,"mean_kl":null,"nonzero_advantage_count":null,"pass_rate":null,"pg_loss":null,"reward_mean":0.9375,"reward_std":0.24206145913796356,"rl/action_tokens":4168,"rl/active_groups":4,"rl/cancelled_groups":0,"rl/clip_fraction":0.0,"rl/completed_groups":4,"rl/completed_trajectories":32,"rl/current_vs_rollout_kl":null,"rl/ess_ratio":null,"rl/global_policy_version":0,"rl/group_p50_seconds":0.0,"rl/group_p95_seconds":0.0,"rl/group_p99_seconds":0.0,"rl/local_delta_norm":0.023373497650027275,"rl/mixed_version_group_count":0,"rl/reward_mean":0.9375,"rl/reward_std":0.24206145913796356,"rl/rollout_policy_version":0,"rl/rollout_seconds":14.822730936000085,"rl/tool_wait_seconds":0.0,"rl/zero_variance_group_ratio":0.75,"rollout_seconds":14.822730936000085,"sync/bytes_sent":40370224,"time_unix":1790712279.9451337,"tool_wait_seconds":0.0,"train_seconds":38.60071426799993,"train_step":null,"zero_variance_group_ratio":0.75}
[algo1a-g3c-tis-l0-modal] 
[algo1a-g3c-tis-l0-modal] YETO_RL_EVENT {"event":"rl_driver_phase","island_id":0,"phase":"wait_global","policy_version":1,"time_unix":1790712280.0302684}
[algo1a-g3c-tis-l0-modal] 
[syncer] 2026-09-29T20:04:41.479499Z  INFO yeto_syncer::server: checkpoint committed step=1 path=/tmp/algo1a/g3home/yeto-output/yeto-state.ckpt
[syncer] 2026-09-29T20:04:41.674295Z  INFO yeto_syncer::server: outer step step=1 fragment=0 responders=[Member { learner_id: 0, generation: 15620651954206707447 }, Member { learner_id: 1, generation: 2072009425030167468 }] gnorm="0.0230" ms=295308
[algo1a-g3c-tis-l0-modal] YETO_RL_EVENT {"event":"rl_driver_phase","island_id":0,"optimizer":"reset","phase":"apply","policy_version":1,"time_unix":1790712281.9804988}
[algo1a-g3c-tis-l0-modal] 
[algo1a-g3c-tis-l0-modal] [36m(TrainerController pid=1470)[0m [2026-09-29 20:04:42.005 trainer_controller_actor] reporter.py:90 - audit op=env_report_summary hostname=modal versions="{\"python\":\"3.12.3\",\"platform\":\"Linux-4.19.0-gvisor-x86_64-with-glibc2.39\",\"miles\":\"0.1.1\",\"sglang\":\"0.5.21.dev67+g9f29303\",\"sglang-router\":\"0.3.2\",\"megatron-core\":\"0.19.0+a84b10547\",\"transformers\":\"5.12.1\",\"ray\":\"2.58.0\",\"flashinfer-python\":\"0.6.18\",\"torch\":\"2.13.0+cu130\",\"torch_cuda\":\"13.0\"}" repos="{\"miles\":\"d002615f44816ae243169643dc093eb2c29029d8\",\"megatron-core\":\"a84b105473eca9c9c6e49dbf1c8aa460c5cf796e\",\"sglang\":\"9f29303bef1eea38eb613e5f454a52db1326422d\"}" num_packages=425 num_env_vars=113 packages_probed=true stored=false
[algo1a-g3c-tis-l0-modal] 
[algo1a-g3c-tis-l1-modal] YETO_RL_EVENT {"event":"rl_driver_phase","island_id":1,"optimizer":"reset","phase":"apply","policy_version":1,"time_unix":1790712283.0743515}
[algo1a-g3c-tis-l1-modal] 
[algo1a-g3c-tis-l1-modal] [36m(TrainerController pid=2527)[0m [2026-09-29 20:05:08.743 trainer_controller_actor] cell.py:231 - ft op=execute phase=start cell=trainer-engine-actor-00000 fn=run_plugin n_actors=1
[algo1a-g3c-tis-l1-modal] 
[algo1a-g3c-tis-l0-modal] [36m(TrainerController pid=1470)[0m [2026-09-29 20:05:11.573 trainer_controller_actor] cell.py:231 - ft op=execute phase=start cell=trainer-engine-actor-00000 fn=run_plugin n_actors=1
[algo1a-g3c-tis-l0-modal] 
[algo1a-g3c-tis-l1-modal] [36m(CommandActor pid=2526)[0m [2026-09-29 20:05:12] INFO:     172.20.22.83:55211 - "GET /health HTTP/1.1" 200 OK
[algo1a-g3c-tis-l1-modal] 
[algo1a-g3c-tis-l0-modal] [36m(CommandActor pid=1474)[0m [2026-09-29 20:05:27] INFO:     172.20.9.131:47084 - "GET /health HTTP/1.1" 200 OK
[algo1a-g3c-tis-l0-modal] 
[algo1a-g3c-tis-l1-modal] [36m(MegatronTrainRayActor pid=2862)[0m /opt/sglang/lib/python3.12/site-packages/torch/distributed/c10d_logger.py:83: UserWarning: barrier(): using the device under current context. You can specify `device_id` in `init_process_group` to mute this warning.
[algo1a-g3c-tis-l1-modal] 
[algo1a-g3c-tis-l1-modal] [36m(MegatronTrainRayActor pid=2862)[0m   return func(*args, **kwargs)
[algo1a-g3c-tis-l1-modal] 
[algo1a-g3c-tis-l1-modal] [36m(TrainerController pid=2527)[0m [2026-09-29 20:05:35.070 trainer_controller_actor] cell.py:239 - ft op=execute phase=end cell=trainer-engine-actor-00000 fn=run_plugin ok=true elapsed_s=26.3
[algo1a-g3c-tis-l1-modal] 
[algo1a-g3c-tis-l1-modal] [36m(TrainerController pid=2527)[0m [2026-09-29 20:05:35.178 trainer_controller_actor] cell.py:231 - ft op=execute phase=start cell=trainer-engine-actor-00000 fn=run_plugin n_actors=1
[algo1a-g3c-tis-l1-modal] 
[algo1a-g3c-tis-l1-modal] [36m(TrainerController pid=2527)[0m [2026-09-29 20:05:35.439 trainer_controller_actor] cell.py:239 - ft op=execute phase=end cell=trainer-engine-actor-00000 fn=run_plugin ok=true elapsed_s=0.3
[algo1a-g3c-tis-l1-modal] 
[algo1a-g3c-tis-l1-modal] YETO_RL_EVENT {"event":"rl_policy_apply","island_id":1,"local_step":1,"optimizer":"reset","partial_fragment_apply":false,"policy_version":1,"sync/apply_seconds":52.60772657199993,"sync/global_policy_hash":"4ae2527baff3b334501aede146a5739ee5c9e18106c8392a28b380627afcece5","time_unix":1790712335.6826375}
[algo1a-g3c-tis-l1-modal] 
[algo1a-g3c-tis-l1-modal] YETO_RL_EVENT {"event":"rl_driver_phase","island_id":1,"phase":"publish","policy_version":1,"time_unix":1790712335.7458963}
[algo1a-g3c-tis-l1-modal] 
[algo1a-g3c-tis-l1-modal] [36m(TrainerController pid=2527)[0m [2026-09-29 20:05:35.807 trainer_controller_actor] cell.py:231 - ft op=execute phase=start cell=trainer-engine-actor-00000 fn=run_plugin n_actors=1
[algo1a-g3c-tis-l1-modal] 
[algo1a-g3c-tis-l1-modal] [36m(TrainerController pid=2527)[0m [2026-09-29 20:05:36.077 trainer_controller_actor] cell.py:239 - ft op=execute phase=end cell=trainer-engine-actor-00000 fn=run_plugin ok=true elapsed_s=0.3
[algo1a-g3c-tis-l1-modal] 
[algo1a-g3c-tis-l1-modal] [36m(InferenceController pid=2520)[0m [2026-09-29 20:05:36.436 inference_controller] _client.py:1740 - HTTP Request: POST http://172.20.22.83:20001/resume_memory_occupation "HTTP/1.1 200 OK"
[algo1a-g3c-tis-l1-modal] 
[algo1a-g3c-tis-l1-modal] [36m(CommandActor pid=2526)[0m [2026-09-29 20:05:36] INFO:     172.20.22.83:63303 - "POST /resume_memory_occupation HTTP/1.1" 200 OK
[algo1a-g3c-tis-l1-modal] 
[algo1a-g3c-tis-l1-modal] [36m(CommandActor pid=2526)[0m [2026-09-29 20:05:36] INFO:     172.20.22.83:20883 - "POST /pause_generation HTTP/1.1" 200 OK
[algo1a-g3c-tis-l1-modal] 
[algo1a-g3c-tis-l1-modal] [36m(CommandActor pid=2526)[0m [2026-09-29 20:05:36] INFO:     172.20.22.83:20883 - "GET /flush_cache HTTP/1.1" 200 OK
[algo1a-g3c-tis-l1-modal] 
[algo1a-g3c-tis-l1-modal] [36m(CommandActor pid=2526)[0m [2026-09-29 20:05:36] INFO:     172.20.22.83:20883 - "POST /begin_weight_update HTTP/1.1" 200 OK
[algo1a-g3c-tis-l1-modal] 
[algo1a-g3c-tis-l1-modal] [36m(CommandActor pid=2526)[0m [2026-09-29 20:05:36] Cache flush skipped: KV cache memory is released.
[algo1a-g3c-tis-l1-modal] 
[algo1a-g3c-tis-l1-modal] [36m(TrainerController pid=2527)[0m [2026-09-29 20:05:36.442 trainer_controller_actor] group.py:392 - ft op=update_weights phase=start rollout=
[algo1a-g3c-tis-l1-modal] 
[algo1a-g3c-tis-l1-modal] [36m(TrainerController pid=2527)[0m [2026-09-29 20:05:36.442 trainer_controller_actor] cell.py:231 - ft op=execute phase=start cell=trainer-engine-actor-00000 fn=update_weights n_actors=1
[algo1a-g3c-tis-l1-modal] 
[algo1a-g3c-tis-l1-modal] [36m(MegatronTrainRayActor pid=2862)[0m [2026-09-29 20:05:36.443 actor_cell00000_rank00000] structured_log.py:24 - actor cls=MegatronTrainRayActor fn=update_weights phase=start
[algo1a-g3c-tis-l1-modal] 
[algo1a-g3c-tis-l1-modal] [36m(MegatronTrainRayActor pid=2862)[0m [2026-09-29 20:05:36.444 actor_cell00000_rank00000] timer.py:31 - Timer update_weights start
[algo1a-g3c-tis-l1-modal] 
[algo1a-g3c-tis-l1-modal] [36m(MegatronTrainRayActor pid=2862)[0m [2026-09-29 20:05:36.444 actor_cell00000_rank00000] memory_utils.py:41 - [Rank 0] Memory-Usage before update_weights: {'gpu': '0', 'total_GB': 79.18, 'free_GB': 70.16, 'used_GB': 9.02, 'allocated_GB': 1.38, 'reserved_GB': 3.29}
[algo1a-g3c-tis-l1-modal] 
[algo1a-g3c-tis-l1-modal] [36m(MegatronTrainRayActor pid=2862)[0m [2026-09-29 20:05:36.448 actor_cell00000_rank00000] _client.py:1740 - HTTP Request: POST http://172.20.22.83:20001/pause_generation "HTTP/1.1 200 OK"
[algo1a-g3c-tis-l1-modal] 
[algo1a-g3c-tis-l1-modal] [36m(MegatronTrainRayActor pid=2862)[0m [2026-09-29 20:05:36.451 actor_cell00000_rank00000] _client.py:1740 - HTTP Request: GET http://172.20.22.83:20001/flush_cache "HTTP/1.1 200 OK"
[algo1a-g3c-tis-l1-modal] 
[algo1a-g3c-tis-l1-modal] [36m(MegatronTrainRayActor pid=2862)[0m [2026-09-29 20:05:36.454 actor_cell00000_rank00000] _client.py:1740 - HTTP Request: POST http://172.20.22.83:20001/begin_weight_update "HTTP/1.1 200 OK"
[algo1a-g3c-tis-l1-modal] 
[algo1a-g3c-tis-l1-modal] [36m(MegatronTrainRayActor pid=2862)[0m [2026-09-29 20:05:36.454 actor_cell00000_rank00000] timer.py:31 - Timer update_weights_implementation start
[algo1a-g3c-tis-l1-modal] 
[algo1a-g3c-tis-l1-modal] [36m(MegatronTrainRayActor pid=2862)[0m [miles-colocate] Update weights: 0it [00:00, ?it/s]
[algo1a-g3c-tis-l1-modal] 
[algo1a-g3c-tis-l1-modal] [36m(CommandActor pid=2526)[0m [2026-09-29 20:05:36] INFO:     172.20.22.83:20883 - "POST /update_weights_from_tensor HTTP/1.1" 200 OK
[algo1a-g3c-tis-l1-modal] 
[algo1a-g3c-tis-l1-modal] [36m(CommandActor pid=2526)[0m [2026-09-29 20:05:36] LoRA adapter loading from tensors starts: LoRARef(lora_id=78854b8b31b746eb971c8e1c090247b6, lora_name=miles_lora, lora_path=__stream__, pinned=False, reloadable=False).
[algo1a-g3c-tis-l1-modal] 
[algo1a-g3c-tis-l1-modal] [36m(CommandActor pid=2526)[0m [2026-09-29 20:05:36] LoRA adapter '78854b8b31b746eb971c8e1c090247b6': loaded weights for target modules ['down_proj', 'gate_up_proj', 'o_proj', 'qkv_proj'].
[algo1a-g3c-tis-l1-modal] 
[algo1a-g3c-tis-l1-modal] [36m(MegatronTrainRayActor pid=2862)[0m [2026-09-29 20:05:36.538 actor_cell00000_rank00000] _client.py:1740 - HTTP Request: POST http://172.20.22.83:20001/update_weights_from_tensor "HTTP/1.1 200 OK"
[algo1a-g3c-tis-l1-modal] 
[algo1a-g3c-tis-l1-modal] [36m(MegatronTrainRayActor pid=2862)[0m [2026-09-29 20:05:36.539 actor_cell00000_rank00000] timer.py:42 - Timer update_weights_implementation end (elapsed: 0.1s)
[algo1a-g3c-tis-l1-modal] 
[algo1a-g3c-tis-l1-modal] [36m(MegatronTrainRayActor pid=2862)[0m [2026-09-29 20:05:36.539 actor_cell00000_rank00000] timer.py:31 - Timer finalize_and_resume_engines start
[algo1a-g3c-tis-l1-modal] 
[algo1a-g3c-tis-l1-modal] [36m(CommandActor pid=2526)[0m [2026-09-29 20:05:36] INFO:     172.20.22.83:20883 - "POST /end_weight_update HTTP/1.1" 200 OK
[algo1a-g3c-tis-l1-modal] 
[algo1a-g3c-tis-l1-modal] [36m(CommandActor pid=2526)[0m [2026-09-29 20:05:36] INFO:     172.20.22.83:20883 - "POST /update_weight_version HTTP/1.1" 200 OK
[algo1a-g3c-tis-l1-modal] 
[algo1a-g3c-tis-l1-modal] [36m(CommandActor pid=2526)[0m [2026-09-29 20:05:36] INFO:     172.20.22.83:20883 - "POST /continue_generation HTTP/1.1" 200 OK
[algo1a-g3c-tis-l1-modal] 
[algo1a-g3c-tis-l1-modal] [36m(CommandActor pid=2526)[0m [2026-09-29 20:05:36] LoRA adapter loading from tensors completes: LoRARef(lora_id=78854b8b31b746eb971c8e1c090247b6, lora_name=miles_lora, lora_path=__stream__, pinned=False, reloadable=False).
[algo1a-g3c-tis-l1-modal] 
[algo1a-g3c-tis-l1-modal] [36m(CommandActor pid=2526)[0m [2026-09-29 20:05:36] Weight version changed. old_version='yeto:0:a34cd30f37ee5ffaad784b92defd77b3b6ce68095faf29288d5ea460912617c4' new_version='2' num_recorded=0
[algo1a-g3c-tis-l1-modal] 
[algo1a-g3c-tis-l1-modal] [36m(CommandActor pid=2526)[0m [2026-09-29 20:05:36] [continue_generation] torch.cuda.empty_cache() called: reserved 32306.0 MB -> 32266.0 MB (freed 40.0 MB)
[algo1a-g3c-tis-l1-modal] 
[algo1a-g3c-tis-l1-modal] [36m(TrainerController pid=2527)[0m [2026-09-29 20:05:36.624 trainer_controller_actor] cell.py:239 - ft op=execute phase=end cell=trainer-engine-actor-00000 fn=update_weights ok=true elapsed_s=0.2
[algo1a-g3c-tis-l1-modal] 
[algo1a-g3c-tis-l1-modal] [36m(MegatronTrainRayActor pid=2862)[0m [2026-09-29 20:05:36.598 actor_cell00000_rank00000] _client.py:1740 - HTTP Request: POST http://172.20.22.83:20001/end_weight_update "HTTP/1.1 200 OK"
[algo1a-g3c-tis-l1-modal] 
[algo1a-g3c-tis-l1-modal] [36m(MegatronTrainRayActor pid=2862)[0m [2026-09-29 20:05:36.601 actor_cell00000_rank00000] _client.py:1740 - HTTP Request: POST http://172.20.22.83:20001/update_weight_version "HTTP/1.1 200 OK"
[algo1a-g3c-tis-l1-modal] 
[algo1a-g3c-tis-l1-modal] [36m(MegatronTrainRayActor pid=2862)[0m [2026-09-29 20:05:36.604 actor_cell00000_rank00000] _client.py:1740 - HTTP Request: POST http://172.20.22.83:20001/continue_generation "HTTP/1.1 200 OK"
[algo1a-g3c-tis-l1-modal] 
[algo1a-g3c-tis-l1-modal] [36m(MegatronTrainRayActor pid=2862)[0m [2026-09-29 20:05:36.604 actor_cell00000_rank00000] timer.py:42 - Timer finalize_and_resume_engines end (elapsed: 0.1s)
[algo1a-g3c-tis-l1-modal] 
[algo1a-g3c-tis-l1-modal] [36m(MegatronTrainRayActor pid=2862)[0m [miles-colocate] Update weights: 1it [00:00,  6.01it/s]
[algo1a-g3c-tis-l1-modal] 
[algo1a-g3c-tis-l1-modal] [36m(MegatronTrainRayActor pid=2862)[0m [2026-09-29 20:05:36.622 actor_cell00000_rank00000] memory_utils.py:41 - [Rank 0] Memory-Usage after update_weights: {'gpu': '0', 'total_GB': 79.18, 'free_GB': 71.95, 'used_GB': 7.22, 'allocated_GB': 1.38, 'reserved_GB': 1.52}
[algo1a-g3c-tis-l1-modal] 
[algo1a-g3c-tis-l1-modal] [36m(MegatronTrainRayActor pid=2862)[0m [2026-09-29 20:05:36.622 actor_cell00000_rank00000] timer.py:42 - Timer update_weights end (elapsed: 0.2s)
[algo1a-g3c-tis-l1-modal] 
[algo1a-g3c-tis-l1-modal] [36m(MegatronTrainRayActor pid=2862)[0m [2026-09-29 20:05:36.622 actor_cell00000_rank00000] structured_log.py:28 - actor cls=MegatronTrainRayActor fn=update_weights phase=end ok=true elapsed_s=0.2
[algo1a-g3c-tis-l1-modal] 
[algo1a-g3c-tis-l1-modal] [36m(InferenceController pid=2520)[0m [2026-09-29 20:05:36.703 inference_controller] _client.py:1740 - HTTP Request: POST http://172.20.22.83:20001/resume_memory_occupation "HTTP/1.1 200 OK"
[algo1a-g3c-tis-l1-modal] 
[algo1a-g3c-tis-l1-modal] [36m(CommandActor pid=2526)[0m [2026-09-29 20:05:36] INFO:     172.20.22.83:63303 - "POST /resume_memory_occupation HTTP/1.1" 200 OK
[algo1a-g3c-tis-l1-modal] 
[algo1a-g3c-tis-l1-modal] YETO_RL_EVENT {"event":"rl_publication","island_id":1,"policy_version":1,"rl/policy_token":"yeto:1:4ae2527baff3b334501aede146a5739ee5c9e18106c8392a28b380627afcece5","sync/publication_members":["engine:inference-engine-all-0-0-00000"],"sync/publication_payload_bytes":40370176,"sync/publication_payload_hash":"e078fda8d5b927423c853b1f21929c2dff6f175e9bced8e184e950d3d3815a44","time_unix":1790712336.744197}
[algo1a-g3c-tis-l1-modal] 
[algo1a-g3c-tis-l1-modal] YETO_RL_EVENT {"event":"rl_driver_phase","island_id":1,"phase":"offload","rollout_id":1,"time_unix":1790712336.7446659}
[algo1a-g3c-tis-l1-modal] 
[algo1a-g3c-tis-l1-modal] [36m(InferenceController pid=2520)[0m [2026-09-29 20:05:36.739 inference_controller] _client.py:1740 - HTTP Request: POST http://172.20.22.83:20001/weights_checker "HTTP/1.1 200 OK"
[algo1a-g3c-tis-l1-modal] 
[algo1a-g3c-tis-l1-modal] [36m(CommandActor pid=2526)[0m [2026-09-29 20:05:36] INFO:     172.20.22.83:59063 - "POST /update_weight_version HTTP/1.1" 200 OK
[algo1a-g3c-tis-l1-modal] 
[algo1a-g3c-tis-l1-modal] [36m(CommandActor pid=2526)[0m [2026-09-29 20:05:36] INFO:     172.20.22.83:59063 - "GET /model_info HTTP/1.1" 200 OK
[algo1a-g3c-tis-l1-modal] 
[36m(CommandActor pid=2526)[0m [2026-09-29 20:05:36] INFO:     172.20.22.83:63303 - "POST /weights_checker HTTP/1.1" 200 OK
[algo1a-g3c-tis-l1-modal] [36m(CommandActor pid=2526)[0m [2026-09-29 20:05:36] Weight version changed. old_version='2' new_version='yeto:1:4ae2527baff3b334501aede146a5739ee5c9e18106c8392a28b380627afcece5' num_recorded=0
[algo1a-g3c-tis-l1-modal] 
[algo1a-g3c-tis-l1-modal] [36m(CommandActor pid=2526)[0m [2026-09-29 20:05:36] [WeightChecker] handle action=checksum allow_quant_error=False skip_tensor_list=None
[algo1a-g3c-tis-l1-modal] 
[algo1a-g3c-tis-l1-modal] [36m(CommandActor pid=2526)[0m [2026-09-29 20:05:36] [WeightChecker] checksum computed for 226 tensors in 0.018s
[algo1a-g3c-tis-l1-modal] 
[algo1a-g3c-tis-l1-modal] [36m(TrainerController pid=2527)[0m [2026-09-29 20:05:36.746 trainer_controller_actor] cell.py:231 - ft op=execute phase=start cell=trainer-engine-actor-00000 fn=sleep n_actors=1
[algo1a-g3c-tis-l1-modal] 
[algo1a-g3c-tis-l1-modal] [36m(MegatronTrainRayActor pid=2862)[0m [2026-09-29 20:05:36.746 actor_cell00000_rank00000] structured_log.py:24 - actor cls=MegatronTrainRayActor fn=sleep phase=start
[algo1a-g3c-tis-l1-modal] 
[algo1a-g3c-tis-l1-modal] [36m(MegatronTrainRayActor pid=2862)[0m [2026-09-29 20:05:36.747 actor_cell00000_rank00000] timer.py:31 - Timer sleep start
[algo1a-g3c-tis-l1-modal] 
[algo1a-g3c-tis-l1-modal] [36m(MegatronTrainRayActor pid=2862)[0m [2026-09-29 20:05:37.337 actor_cell00000_rank00000] memory_utils.py:41 - [Rank 0] Memory-Usage before offload model: {'gpu': '0', 'total_GB': 79.18, 'free_GB': 41.92, 'used_GB': 37.26, 'allocated_GB': 1.38, 'reserved_GB': 1.49}
[algo1a-g3c-tis-l1-modal] 
[algo1a-g3c-tis-l1-modal] YETO_RL_EVENT {"event":"rl_driver_phase","island_id":1,"phase":"generate","policy_version":1,"rollout_id":1,"time_unix":1790712337.8223972}
[algo1a-g3c-tis-l1-modal] 
[algo1a-g3c-tis-l1-modal] [36m(RolloutExecutor pid=2525)[0m Rollout generation:   0%|          | 0/32 [00:00<?, ?it/s]
[algo1a-g3c-tis-l1-modal] 
[algo1a-g3c-tis-l1-modal] [36m(TrainerController pid=2527)[0m [2026-09-29 20:05:37.820 trainer_controller_actor] cell.py:239 - ft op=execute phase=end cell=trainer-engine-actor-00000 fn=sleep ok=true elapsed_s=1.1
[algo1a-g3c-tis-l1-modal] 
[algo1a-g3c-tis-l1-modal] [36m(MegatronTrainRayActor pid=2862)[0m [2026-09-29 20:05:37.818 actor_cell00000_rank00000] memory_utils.py:41 - [Rank 0] Memory-Usage after offload model: {'gpu': '0', 'total_GB': 79.18, 'free_GB': 43.4, 'used_GB': 35.78, 'allocated_GB': 1.38, 'reserved_GB': 1.49}
[algo1a-g3c-tis-l1-modal] 
[algo1a-g3c-tis-l1-modal] [36m(MegatronTrainRayActor pid=2862)[0m [2026-09-29 20:05:37.818 actor_cell00000_rank00000] log_utils.py:436 - [CPU memory] after_offload_train: 67.39 GB (rollout_id=0, step=0)
[algo1a-g3c-tis-l1-modal] 
[algo1a-g3c-tis-l1-modal] [36m(MegatronTrainRayActor pid=2862)[0m [2026-09-29 20:05:37.819 actor_cell00000_rank00000] timer.py:42 - Timer sleep end (elapsed: 1.1s)
[algo1a-g3c-tis-l1-modal] 
[algo1a-g3c-tis-l1-modal] [36m(MegatronTrainRayActor pid=2862)[0m [2026-09-29 20:05:37.819 actor_cell00000_rank00000] structured_log.py:28 - actor cls=MegatronTrainRayActor fn=sleep phase=end ok=true elapsed_s=1.1
[algo1a-g3c-tis-l1-modal] 
[algo1a-g3c-tis-l0-modal] [36m(MegatronTrainRayActor pid=1723)[0m /opt/sglang/lib/python3.12/site-packages/torch/distributed/c10d_logger.py:83: UserWarning: barrier(): using the device under current context. You can specify `device_id` in `init_process_group` to mute this warning.
[algo1a-g3c-tis-l0-modal] 
[algo1a-g3c-tis-l0-modal] [36m(MegatronTrainRayActor pid=1723)[0m   return func(*args, **kwargs)
[algo1a-g3c-tis-l0-modal] 
[algo1a-g3c-tis-l0-modal] [36m(TrainerController pid=1470)[0m [2026-09-29 20:05:40.449 trainer_controller_actor] cell.py:239 - ft op=execute phase=end cell=trainer-engine-actor-00000 fn=run_plugin ok=true elapsed_s=28.9
[algo1a-g3c-tis-l0-modal] 
[algo1a-g3c-tis-l0-modal] [36m(TrainerController pid=1470)[0m [2026-09-29 20:05:40.538 trainer_controller_actor] cell.py:231 - ft op=execute phase=start cell=trainer-engine-actor-00000 fn=run_plugin n_actors=1
[algo1a-g3c-tis-l0-modal] 
[algo1a-g3c-tis-l0-modal] [36m(TrainerController pid=1470)[0m [2026-09-29 20:05:41.114 trainer_controller_actor] cell.py:239 - ft op=execute phase=end cell=trainer-engine-actor-00000 fn=run_plugin ok=true elapsed_s=0.6
[algo1a-g3c-tis-l0-modal] 
[algo1a-g3c-tis-l0-modal] YETO_RL_EVENT {"event":"rl_policy_apply","island_id":0,"local_step":1,"optimizer":"reset","partial_fragment_apply":false,"policy_version":1,"sync/apply_seconds":59.586664180999946,"sync/global_policy_hash":"4ae2527baff3b334501aede146a5739ee5c9e18106c8392a28b380627afcece5","time_unix":1790712341.5676043}
[algo1a-g3c-tis-l0-modal] 
[algo1a-g3c-tis-l0-modal] YETO_RL_EVENT {"event":"rl_driver_phase","island_id":0,"phase":"publish","policy_version":1,"time_unix":1790712341.7032495}
[algo1a-g3c-tis-l0-modal] 
[algo1a-g3c-tis-l0-modal] [36m(TrainerController pid=1470)[0m [2026-09-29 20:05:41.812 trainer_controller_actor] cell.py:231 - ft op=execute phase=start cell=trainer-engine-actor-00000 fn=run_plugin n_actors=1
[algo1a-g3c-tis-l0-modal] 
[algo1a-g3c-tis-l0-modal] [36m(TrainerController pid=1470)[0m [2026-09-29 20:05:42.248 trainer_controller_actor] cell.py:239 - ft op=execute phase=end cell=trainer-engine-actor-00000 fn=run_plugin ok=true elapsed_s=0.4
[algo1a-g3c-tis-l0-modal] 
[algo1a-g3c-tis-l1-modal] [36m(CommandActor pid=2526)[0m [2026-09-29 20:05:42] Prefill batch, #new-seq: 1, #new-token: 57, #cached-token: 0, token usage: 0.01, #running-req: 0, #queue-req: 0, #pending-token: 0, cuda graph: False, input throughput (token/s): 0.39
[algo1a-g3c-tis-l1-modal] 
[algo1a-g3c-tis-l1-modal] [36m(CommandActor pid=2526)[0m [2026-09-29 20:05:42] Prefill batch, #new-seq: 31, #new-token: 2967, #cached-token: 0, token usage: 0.00, #running-req: 1, #queue-req: 0, #pending-token: 0, cuda graph: False, input throughput (token/s): 252416.50
[algo1a-g3c-tis-l1-modal] 
[algo1a-g3c-tis-l1-modal] [36m(CommandActor pid=2526)[0m [2026-09-29 20:05:42] Decode batch, #running-req: 32, #token: 1624, token usage: 0.01, cuda graph: True, gen throughput (token/s): 8.77, #queue-req: 0
[algo1a-g3c-tis-l1-modal] 
[algo1a-g3c-tis-l0-modal] [36m(InferenceController pid=1473)[0m [2026-09-29 20:05:42.757 inference_controller] _client.py:1740 - HTTP Request: POST http://172.20.9.131:20000/resume_memory_occupation "HTTP/1.1 200 OK"
[algo1a-g3c-tis-l0-modal] 
[algo1a-g3c-tis-l1-modal] [36m(CommandActor pid=2526)[0m [2026-09-29 20:05:42] INFO:     172.20.22.83:17389 - "POST /generate HTTP/1.1" 200 OK
[algo1a-g3c-tis-l1-modal] 
[algo1a-g3c-tis-l1-modal] [36m(CommandActor pid=2526)[0m [2026-09-29 20:05:42] INFO:     172.20.22.83:23488 - "POST /generate HTTP/1.1" 200 OK
[algo1a-g3c-tis-l1-modal] 
[algo1a-g3c-tis-l1-modal] [36m(CommandActor pid=2526)[0m [2026-09-29 20:05:42] INFO:     172.20.22.83:51089 - "POST /generate HTTP/1.1" 200 OK
[algo1a-g3c-tis-l1-modal] 
[algo1a-g3c-tis-l1-modal] [36m(CommandActor pid=2526)[0m [2026-09-29 20:05:42] INFO:     172.20.22.83:52947 - "POST /generate HTTP/1.1" 200 OK
[algo1a-g3c-tis-l1-modal] 
[algo1a-g3c-tis-l0-modal] [36m(CommandActor pid=1474)[0m [2026-09-29 20:05:42] INFO:     172.20.9.131:25066 - "POST /resume_memory_occupation HTTP/1.1" 200 OK
[algo1a-g3c-tis-l1-modal] [36m(RolloutExecutor pid=2525)[0m [2026-09-29 20:05:42.951 rollout_executor] inference_rollout_train.py:137 - First rollout sample: text_preview=<|im_start|>system\nYou are a helpful assistant. Please put the answer within \boxed{}.<|im_end|>\n<|im_start|>user\nAlbert is wondering how much pizza he can eat in one day. He buys 2 large pizzas and 2 small pizzas. A large pizza has 16 slices and a small pizza has 8 slices. If he eats it all, how many pieces does he eat that day?<|im_end|>\n<|im_start|>assistant\n<think>\n\n</think>\n\n- 1 large pizza has 16 slices.\n- 2 large pizzas = $ 2 \times 16 = 32 $ slices.\n- 2 small pizzas = $ 2 \times 8 = 16 $ ...<truncated chars=116>, label=48, reward_summary=1.0
[algo1a-g3c-tis-l0-modal] 
[algo1a-g3c-tis-l1-modal] 
[algo1a-g3c-tis-l0-modal] [36m(TrainerController pid=1470)[0m [2026-09-29 20:05:42.762 trainer_controller_actor] group.py:392 - ft op=update_weights phase=start rollout=
[algo1a-g3c-tis-l1-modal] [36m(RolloutExecutor pid=2525)[0m Rollout generation:  25%|██▌       | 8/32 [00:05<00:15,  1.56it/s]
[algo1a-g3c-tis-l0-modal] 
[algo1a-g3c-tis-l1-modal] 
[algo1a-g3c-tis-l0-modal] [36m(TrainerController pid=1470)[0m [2026-09-29 20:05:42.763 trainer_controller_actor] cell.py:231 - ft op=execute phase=start cell=trainer-engine-actor-00000 fn=update_weights n_actors=1
[algo1a-g3c-tis-l1-modal] [36m(CommandActor pid=2526)[0m [2026-09-29 20:05:42] INFO:     172.20.22.83:16308 - "POST /generate HTTP/1.1" 200 OK
[algo1a-g3c-tis-l0-modal] [36m(MegatronTrainRayActor pid=1723)[0m [2026-09-29 20:05:42.764 actor_cell00000_rank00000] structured_log.py:24 - actor cls=MegatronTrainRayActor fn=update_weights phase=start
[algo1a-g3c-tis-l1-modal] 
[algo1a-g3c-tis-l0-modal] 
[algo1a-g3c-tis-l1-modal] [36m(CommandActor pid=2526)[0m [2026-09-29 20:05:42] INFO:     172.20.22.83:44531 - "POST /generate HTTP/1.1" 200 OK
[algo1a-g3c-tis-l0-modal] [36m(MegatronTrainRayActor pid=1723)[0m [2026-09-29 20:05:42.765 actor_cell00000_rank00000] timer.py:31 - Timer update_weights start
[algo1a-g3c-tis-l1-modal] 
[algo1a-g3c-tis-l1-modal] [36m(CommandActor pid=2526)[0m [2026-09-29 20:05:42] INFO:     172.20.22.83:64170 - "POST /generate HTTP/1.1" 200 OK
[algo1a-g3c-tis-l0-modal] 
[algo1a-g3c-tis-l1-modal] 
[algo1a-g3c-tis-l0-modal] [36m(MegatronTrainRayActor pid=1723)[0m [2026-09-29 20:05:42.766 actor_cell00000_rank00000] memory_utils.py:41 - [Rank 0] Memory-Usage before update_weights: {'gpu': '0', 'total_GB': 79.18, 'free_GB': 70.15, 'used_GB': 9.03, 'allocated_GB': 1.38, 'reserved_GB': 3.3}
[algo1a-g3c-tis-l1-modal] [36m(CommandActor pid=2526)[0m [2026-09-29 20:05:42] INFO:     172.20.22.83:45449 - "POST /generate HTTP/1.1" 200 OK
[algo1a-g3c-tis-l1-modal] 
[algo1a-g3c-tis-l0-modal] 
[algo1a-g3c-tis-l1-modal] [36m(CommandActor pid=2526)[0m [2026-09-29 20:05:42] INFO:     172.20.22.83:58808 - "POST /generate HTTP/1.1" 200 OK
[algo1a-g3c-tis-l0-modal] [36m(CommandActor pid=1474)[0m [2026-09-29 20:05:42] INFO:     172.20.9.131:42754 - "POST /pause_generation HTTP/1.1" 200 OK
[algo1a-g3c-tis-l1-modal] [36m(CommandActor pid=2526)[0m [2026-09-29 20:05:42] INFO:     172.20.22.83:38897 - "POST /generate HTTP/1.1" 200 OK
[36m(CommandActor pid=2526)[0m [2026-09-29 20:05:42] INFO:     172.20.22.83:59346 - "POST /generate HTTP/1.1" 200 OK
[algo1a-g3c-tis-l0-modal] 
[algo1a-g3c-tis-l1-modal] [36m(CommandActor pid=2526)[0m [2026-09-29 20:05:42] INFO:     172.20.22.83:44357 - "POST /generate HTTP/1.1" 200 OK
[algo1a-g3c-tis-l0-modal] [36m(MegatronTrainRayActor pid=1723)[0m [2026-09-29 20:05:42.769 actor_cell00000_rank00000] _client.py:1740 - HTTP Request: POST http://172.20.9.131:20000/pause_generation "HTTP/1.1 200 OK"
[algo1a-g3c-tis-l1-modal] 
[algo1a-g3c-tis-l0-modal] 
[algo1a-g3c-tis-l1-modal] [36m(CommandActor pid=2526)[0m [2026-09-29 20:05:42] Decode batch, #running-req: 28, #token: 2580, token usage: 0.01, cuda graph: True, gen throughput (token/s): 5969.61, #queue-req: 0
[algo1a-g3c-tis-l0-modal] [36m(CommandActor pid=1474)[0m [2026-09-29 20:05:42] INFO:     172.20.9.131:42754 - "GET /flush_cache HTTP/1.1" 200 OK
[algo1a-g3c-tis-l0-modal] 
[algo1a-g3c-tis-l1-modal] 
[algo1a-g3c-tis-l0-modal] [36m(CommandActor pid=1474)[0m [2026-09-29 20:05:42] Cache flush skipped: KV cache memory is released.
[algo1a-g3c-tis-l0-modal] 
[algo1a-g3c-tis-l0-modal] [36m(MegatronTrainRayActor pid=1723)[0m [2026-09-29 20:05:42.772 actor_cell00000_rank00000] _client.py:1740 - HTTP Request: GET http://172.20.9.131:20000/flush_cache "HTTP/1.1 200 OK"
[algo1a-g3c-tis-l0-modal] 
[algo1a-g3c-tis-l0-modal] [36m(CommandActor pid=1474)[0m [2026-09-29 20:05:42] INFO:     172.20.9.131:42754 - "POST /begin_weight_update HTTP/1.1" 200 OK
[algo1a-g3c-tis-l0-modal] 
[algo1a-g3c-tis-l0-modal] [36m(MegatronTrainRayActor pid=1723)[0m [2026-09-29 20:05:42.776 actor_cell00000_rank00000] _client.py:1740 - HTTP Request: POST http://172.20.9.131:20000/begin_weight_update "HTTP/1.1 200 OK"
[algo1a-g3c-tis-l0-modal] 
[algo1a-g3c-tis-l0-modal] [36m(MegatronTrainRayActor pid=1723)[0m [2026-09-29 20:05:42.777 actor_cell00000_rank00000] timer.py:31 - Timer update_weights_implementation start
[algo1a-g3c-tis-l0-modal] 
[algo1a-g3c-tis-l0-modal] [36m(MegatronTrainRayActor pid=1723)[0m [miles-colocate] Update weights: 0it [00:00, ?it/s]
[algo1a-g3c-tis-l0-modal] [36m(CommandActor pid=1474)[0m [2026-09-29 20:05:42] INFO:     172.20.9.131:42754 - "POST /update_weights_from_tensor HTTP/1.1" 200 OK
[algo1a-g3c-tis-l0-modal] 
[algo1a-g3c-tis-l0-modal] [36m(CommandActor pid=1474)[0m [2026-09-29 20:05:42] LoRA adapter loading from tensors starts: LoRARef(lora_id=9e5bce4566734553be2dc5b1e9447ed7, lora_name=miles_lora, lora_path=__stream__, pinned=False, reloadable=False).
[algo1a-g3c-tis-l0-modal] 
[algo1a-g3c-tis-l0-modal] [36m(MegatronTrainRayActor pid=1723)[0m [2026-09-29 20:05:42.846 actor_cell00000_rank00000] _client.py:1740 - HTTP Request: POST http://172.20.9.131:20000/update_weights_from_tensor "HTTP/1.1 200 OK"
[algo1a-g3c-tis-l0-modal] 
[algo1a-g3c-tis-l0-modal] [36m(MegatronTrainRayActor pid=1723)[0m [2026-09-29 20:05:42.847 actor_cell00000_rank00000] timer.py:42 - Timer update_weights_implementation end (elapsed: 0.1s)
[algo1a-g3c-tis-l0-modal] 
[algo1a-g3c-tis-l0-modal] [36m(MegatronTrainRayActor pid=1723)[0m [2026-09-29 20:05:42.847 actor_cell00000_rank00000] timer.py:31 - Timer finalize_and_resume_engines start
[algo1a-g3c-tis-l0-modal] 
[algo1a-g3c-tis-l1-modal] [36m(CommandActor pid=2526)[0m [2026-09-29 20:05:43] INFO:     172.20.22.83:18046 - "POST /generate HTTP/1.1" 200 OK
[algo1a-g3c-tis-l1-modal] 
[algo1a-g3c-tis-l1-modal] [36m(CommandActor pid=2526)[0m [2026-09-29 20:05:43] INFO:     172.20.22.83:31426 - "POST /generate HTTP/1.1" 200 OK
[algo1a-g3c-tis-l1-modal] 
[algo1a-g3c-tis-l0-modal] [36m(CommandActor pid=1474)[0m [2026-09-29 20:05:42] INFO:     172.20.9.131:42754 - "POST /end_weight_update HTTP/1.1" 200 OK
[algo1a-g3c-tis-l0-modal] 
[algo1a-g3c-tis-l0-modal] [36m(CommandActor pid=1474)[0m [2026-09-29 20:05:42] INFO:     172.20.9.131:42754 - "POST /update_weight_version HTTP/1.1" 200 OK
[algo1a-g3c-tis-l0-modal] 
[algo1a-g3c-tis-l0-modal] [36m(CommandActor pid=1474)[0m [2026-09-29 20:05:42] INFO:     172.20.9.131:42754 - "POST /continue_generation HTTP/1.1" 200 OK
[algo1a-g3c-tis-l0-modal] 
[algo1a-g3c-tis-l0-modal] [36m(CommandActor pid=1474)[0m [2026-09-29 20:05:42] LoRA adapter '9e5bce4566734553be2dc5b1e9447ed7': loaded weights for target modules ['down_proj', 'gate_up_proj', 'o_proj', 'qkv_proj'].
[algo1a-g3c-tis-l0-modal] 
[algo1a-g3c-tis-l0-modal] [36m(CommandActor pid=1474)[0m [2026-09-29 20:05:42] LoRA adapter loading from tensors completes: LoRARef(lora_id=9e5bce4566734553be2dc5b1e9447ed7, lora_name=miles_lora, lora_path=__stream__, pinned=False, reloadable=False).
[algo1a-g3c-tis-l0-modal] 
[algo1a-g3c-tis-l0-modal] [36m(CommandActor pid=1474)[0m [2026-09-29 20:05:42] Weight version changed. old_version='yeto:0:a34cd30f37ee5ffaad784b92defd77b3b6ce68095faf29288d5ea460912617c4' new_version='2' num_recorded=0
[algo1a-g3c-tis-l0-modal] 
[algo1a-g3c-tis-l0-modal] [36m(CommandActor pid=1474)[0m [2026-09-29 20:05:42] [continue_generation] torch.cuda.empty_cache() called: reserved 32306.0 MB -> 32266.0 MB (freed 40.0 MB)
[algo1a-g3c-tis-l0-modal] [36m(TrainerController pid=1470)[0m [2026-09-29 20:05:42.954 trainer_controller_actor] cell.py:239 - ft op=execute phase=end cell=trainer-engine-actor-00000 fn=update_weights ok=true elapsed_s=0.2
[algo1a-g3c-tis-l0-modal] 
[algo1a-g3c-tis-l0-modal] [36m(MegatronTrainRayActor pid=1723)[0m [2026-09-29 20:05:42.931 actor_cell00000_rank00000] _client.py:1740 - HTTP Request: POST http://172.20.9.131:20000/end_weight_update "HTTP/1.1 200 OK"
[algo1a-g3c-tis-l0-modal] 
[algo1a-g3c-tis-l0-modal] [36m(MegatronTrainRayActor pid=1723)[0m [2026-09-29 20:05:42.935 actor_cell00000_rank00000] _client.py:1740 - HTTP Request: POST http://172.20.9.131:20000/update_weight_version "HTTP/1.1 200 OK"
[algo1a-g3c-tis-l0-modal] 
[algo1a-g3c-tis-l0-modal] [36m(MegatronTrainRayActor pid=1723)[0m [2026-09-29 20:05:42.937 actor_cell00000_rank00000] _client.py:1740 - HTTP Request: POST http://172.20.9.131:20000/continue_generation "HTTP/1.1 200 OK"
[algo1a-g3c-tis-l0-modal] 
[36m(MegatronTrainRayActor pid=1723)[0m [2026-09-29 20:05:42.937 actor_cell00000_rank00000] timer.py:42 - Timer finalize_and_resume_engines end (elapsed: 0.1s)
[36m(MegatronTrainRayActor pid=1723)[0m [miles-colocate] Update weights: 1it [00:00,  5.74it/s]
[36m(MegatronTrainRayActor pid=1723)[0m [2026-09-29 20:05:42.952 actor_cell00000_rank00000] memory_utils.py:41 - [Rank 0] Memory-Usage after update_weights: {'gpu': '0', 'total_GB': 79.18, 'free_GB': 71.98, 'used_GB': 7.2, 'allocated_GB': 1.38, 'reserved_GB': 1.49}
[36m(MegatronTrainRayActor pid=1723)[0m [2026-09-29 20:05:42.953 actor_cell00000_rank00000] timer.py:42 - Timer update_weights end (elapsed: 0.2s)
[algo1a-g3c-tis-l0-modal] [36m(MegatronTrainRayActor pid=1723)[0m [2026-09-29 20:05:42.953 actor_cell00000_rank00000] structured_log.py:28 - actor cls=MegatronTrainRayActor fn=update_weights phase=end ok=true elapsed_s=0.2
[algo1a-g3c-tis-l0-modal] 
[algo1a-g3c-tis-l0-modal] [36m(InferenceController pid=1473)[0m [2026-09-29 20:05:42.991 inference_controller] _client.py:1740 - HTTP Request: POST http://172.20.9.131:20000/resume_memory_occupation "HTTP/1.1 200 OK"
[algo1a-g3c-tis-l0-modal] 
[algo1a-g3c-tis-l0-modal] [36m(CommandActor pid=1474)[0m [2026-09-29 20:05:42] INFO:     172.20.9.131:25066 - "POST /resume_memory_occupation HTTP/1.1" 200 OK
[algo1a-g3c-tis-l0-modal] YETO_RL_EVENT {"event":"rl_publication","island_id":0,"policy_version":1,"rl/policy_token":"yeto:1:4ae2527baff3b334501aede146a5739ee5c9e18106c8392a28b380627afcece5","sync/publication_members":["engine:inference-engine-all-0-0-00000"],"sync/publication_payload_bytes":40370176,"sync/publication_payload_hash":"e078fda8d5b927423c853b1f21929c2dff6f175e9bced8e184e950d3d3815a44","time_unix":1790712343.0463624}
[algo1a-g3c-tis-l0-modal] 
[algo1a-g3c-tis-l0-modal] YETO_RL_EVENT {"event":"rl_driver_phase","island_id":0,"phase":"offload","rollout_id":1,"time_unix":1790712343.046752}
[algo1a-g3c-tis-l0-modal] 
[algo1a-g3c-tis-l0-modal] [36m(InferenceController pid=1473)[0m [2026-09-29 20:05:43.041 inference_controller] _client.py:1740 - HTTP Request: POST http://172.20.9.131:20000/weights_checker "HTTP/1.1 200 OK"
[algo1a-g3c-tis-l0-modal] 
[algo1a-g3c-tis-l0-modal] [36m(CommandActor pid=1474)[0m [2026-09-29 20:05:43] INFO:     172.20.9.131:50798 - "POST /update_weight_version HTTP/1.1" 200 OK
[algo1a-g3c-tis-l0-modal] 
[algo1a-g3c-tis-l0-modal] [36m(CommandActor pid=1474)[0m [2026-09-29 20:05:43] INFO:     172.20.9.131:50798 - "GET /model_info HTTP/1.1" 200 OK
[algo1a-g3c-tis-l0-modal] 
[36m(CommandActor pid=1474)[0m [2026-09-29 20:05:43] INFO:     172.20.9.131:25066 - "POST /weights_checker HTTP/1.1" 200 OK
[algo1a-g3c-tis-l0-modal] 
[algo1a-g3c-tis-l0-modal] [36m(CommandActor pid=1474)[0m [2026-09-29 20:05:43] Weight version changed. old_version='2' new_version='yeto:1:4ae2527baff3b334501aede146a5739ee5c9e18106c8392a28b380627afcece5' num_recorded=0
[algo1a-g3c-tis-l0-modal] 
[algo1a-g3c-tis-l0-modal] [36m(CommandActor pid=1474)[0m [2026-09-29 20:05:43] [WeightChecker] handle action=checksum allow_quant_error=False skip_tensor_list=None
[algo1a-g3c-tis-l0-modal] [36m(CommandActor pid=1474)[0m [2026-09-29 20:05:43] [WeightChecker] checksum computed for 226 tensors in 0.029s
[algo1a-g3c-tis-l1-modal] [36m(CommandActor pid=2526)[0m [2026-09-29 20:05:43] INFO:     172.20.22.83:44563 - "POST /generate HTTP/1.1" 200 OK
[algo1a-g3c-tis-l1-modal] 
[algo1a-g3c-tis-l1-modal] [36m(CommandActor pid=2526)[0m [2026-09-29 20:05:43] INFO:     172.20.22.83:53713 - "POST /generate HTTP/1.1" 200 OK
[algo1a-g3c-tis-l1-modal] 
[36m(CommandActor pid=2526)[0m [2026-09-29 20:05:43] INFO:     172.20.22.83:63699 - "POST /generate HTTP/1.1" 200 OK
[algo1a-g3c-tis-l1-modal] 
[algo1a-g3c-tis-l1-modal] [36m(CommandActor pid=2526)[0m [2026-09-29 20:05:43] Decode batch, #running-req: 18, #token: 2303, token usage: 0.01, cuda graph: True, gen throughput (token/s): 4204.23, #queue-req: 0
[algo1a-g3c-tis-l1-modal] 
[algo1a-g3c-tis-l1-modal] [36m(CommandActor pid=2526)[0m [2026-09-29 20:05:43] INFO:     172.20.22.83:24786 - "POST /generate HTTP/1.1" 200 OK
[algo1a-g3c-tis-l0-modal] [36m(TrainerController pid=1470)[0m [2026-09-29 20:05:43.048 trainer_controller_actor] cell.py:231 - ft op=execute phase=start cell=trainer-engine-actor-00000 fn=sleep n_actors=1
[algo1a-g3c-tis-l0-modal] 
[algo1a-g3c-tis-l0-modal] [36m(MegatronTrainRayActor pid=1723)[0m [2026-09-29 20:05:43.049 actor_cell00000_rank00000] structured_log.py:24 - actor cls=MegatronTrainRayActor fn=sleep phase=start
[algo1a-g3c-tis-l0-modal] 
[algo1a-g3c-tis-l0-modal] [36m(MegatronTrainRayActor pid=1723)[0m [2026-09-29 20:05:43.049 actor_cell00000_rank00000] timer.py:31 - Timer sleep start
[algo1a-g3c-tis-l0-modal] 
[algo1a-g3c-tis-l1-modal] 
[algo1a-g3c-tis-l1-modal] [36m(CommandActor pid=2526)[0m [2026-09-29 20:05:43] INFO:     172.20.22.83:55743 - "POST /generate HTTP/1.1" 200 OK
[algo1a-g3c-tis-l1-modal] 
[algo1a-g3c-tis-l1-modal] [36m(CommandActor pid=2526)[0m [2026-09-29 20:05:43] INFO:     172.20.22.83:44445 - "POST /generate HTTP/1.1" 200 OK
[algo1a-g3c-tis-l1-modal] 
[algo1a-g3c-tis-l1-modal] [36m(CommandActor pid=2526)[0m [2026-09-29 20:05:43] INFO:     172.20.22.83:62776 - "POST /generate HTTP/1.1" 200 OK
[algo1a-g3c-tis-l1-modal] 
[algo1a-g3c-tis-l1-modal] [36m(RolloutExecutor pid=2525)[0m Rollout generation:  50%|█████     | 16/32 [00:05<00:04,  3.41it/s]
[algo1a-g3c-tis-l1-modal] 
[algo1a-g3c-tis-l1-modal] [36m(CommandActor pid=2526)[0m [2026-09-29 20:05:43] INFO:     172.20.22.83:27568 - "POST /generate HTTP/1.1" 200 OK
[algo1a-g3c-tis-l1-modal] 
[algo1a-g3c-tis-l1-modal] [36m(CommandActor pid=2526)[0m [2026-09-29 20:05:43] Decode batch, #running-req: 11, #token: 2017, token usage: 0.01, cuda graph: True, gen throughput (token/s): 2903.18, #queue-req: 0
[algo1a-g3c-tis-l1-modal] 
[algo1a-g3c-tis-l1-modal] [36m(CommandActor pid=2526)[0m [2026-09-29 20:05:43] INFO:     172.20.22.83:41155 - "POST /generate HTTP/1.1" 200 OK
[algo1a-g3c-tis-l1-modal] 
[algo1a-g3c-tis-l1-modal] [36m(CommandActor pid=2526)[0m [2026-09-29 20:05:43] INFO:     172.20.22.83:32702 - "POST /generate HTTP/1.1" 200 OK
[algo1a-g3c-tis-l1-modal] 
[algo1a-g3c-tis-l1-modal] [36m(CommandActor pid=2526)[0m [2026-09-29 20:05:43] INFO:     172.20.22.83:17687 - "POST /generate HTTP/1.1" 200 OK
[algo1a-g3c-tis-l1-modal] 
[algo1a-g3c-tis-l1-modal] [36m(CommandActor pid=2526)[0m [2026-09-29 20:05:43] Decode batch, #running-req: 7, #token: 1618, token usage: 0.01, cuda graph: True, gen throughput (token/s): 1879.96, #queue-req: 0
[algo1a-g3c-tis-l1-modal] [36m(CommandActor pid=2526)[0m [2026-09-29 20:05:43] INFO:     172.20.22.83:50176 - "POST /generate HTTP/1.1" 200 OK
[algo1a-g3c-tis-l1-modal] 
[algo1a-g3c-tis-l1-modal] [36m(CommandActor pid=2526)[0m [2026-09-29 20:05:43] INFO:     172.20.22.83:54545 - "POST /generate HTTP/1.1" 200 OK
[algo1a-g3c-tis-l1-modal] 
[algo1a-g3c-tis-l1-modal] [36m(CommandActor pid=2526)[0m [2026-09-29 20:05:43] Decode batch, #running-req: 5, #token: 1416, token usage: 0.01, cuda graph: True, gen throughput (token/s): 1205.77, #queue-req: 0
[algo1a-g3c-tis-l1-modal] 
[algo1a-g3c-tis-l0-modal] [36m(MegatronTrainRayActor pid=1723)[0m [2026-09-29 20:05:43.705 actor_cell00000_rank00000] memory_utils.py:41 - [Rank 0] Memory-Usage before offload model: {'gpu': '0', 'total_GB': 79.18, 'free_GB': 41.95, 'used_GB': 37.23, 'allocated_GB': 1.38, 'reserved_GB': 1.47}
[algo1a-g3c-tis-l1-modal] [36m(CommandActor pid=2526)[0m [2026-09-29 20:05:43] INFO:     172.20.22.83:27478 - "POST /generate HTTP/1.1" 200 OK
[algo1a-g3c-tis-l1-modal] 
[algo1a-g3c-tis-l1-modal] [36m(CommandActor pid=2526)[0m [2026-09-29 20:05:43] Decode batch, #running-req: 4, #token: 1335, token usage: 0.00, cuda graph: True, gen throughput (token/s): 920.16, #queue-req: 0
[algo1a-g3c-tis-l0-modal] 
[algo1a-g3c-tis-l1-modal] 
[algo1a-g3c-tis-l1-modal] [36m(CommandActor pid=2526)[0m [2026-09-29 20:05:44] Decode batch, #running-req: 4, #token: 1495, token usage: 0.01, cuda graph: True, gen throughput (token/s): 825.05, #queue-req: 0
[algo1a-g3c-tis-l1-modal] 
[algo1a-g3c-tis-l0-modal] YETO_RL_EVENT {"event":"rl_driver_phase","island_id":0,"phase":"generate","policy_version":1,"rollout_id":1,"time_unix":1790712344.150861}
[algo1a-g3c-tis-l1-modal] [36m(CommandActor pid=2526)[0m [2026-09-29 20:05:44] Decode batch, #running-req: 4, #token: 1655, token usage: 0.01, cuda graph: True, gen throughput (token/s): 823.02, #queue-req: 0
[algo1a-g3c-tis-l1-modal] 
[algo1a-g3c-tis-l0-modal] 
[algo1a-g3c-tis-l0-modal] [36m(RolloutExecutor pid=1472)[0m Rollout generation:   0%|          | 0/32 [00:00<?, ?it/s]
[algo1a-g3c-tis-l0-modal] [36m(TrainerController pid=1470)[0m [2026-09-29 20:05:44.149 trainer_controller_actor] cell.py:239 - ft op=execute phase=end cell=trainer-engine-actor-00000 fn=sleep ok=true elapsed_s=1.1
[algo1a-g3c-tis-l0-modal] 
[algo1a-g3c-tis-l0-modal] [36m(MegatronTrainRayActor pid=1723)[0m [2026-09-29 20:05:44.147 actor_cell00000_rank00000] memory_utils.py:41 - [Rank 0] Memory-Usage after offload model: {'gpu': '0', 'total_GB': 79.18, 'free_GB': 43.4, 'used_GB': 35.78, 'allocated_GB': 1.38, 'reserved_GB': 1.47}
[algo1a-g3c-tis-l0-modal] 
[algo1a-g3c-tis-l0-modal] [36m(MegatronTrainRayActor pid=1723)[0m [2026-09-29 20:05:44.147 actor_cell00000_rank00000] log_utils.py:436 - [CPU memory] after_offload_train: 65.50 GB (rollout_id=0, step=0)
[algo1a-g3c-tis-l0-modal] 
[algo1a-g3c-tis-l0-modal] [36m(MegatronTrainRayActor pid=1723)[0m [2026-09-29 20:05:44.148 actor_cell00000_rank00000] timer.py:42 - Timer sleep end (elapsed: 1.1s)
[36m(MegatronTrainRayActor pid=1723)[0m [2026-09-29 20:05:44.148 actor_cell00000_rank00000] structured_log.py:28 - actor cls=MegatronTrainRayActor fn=sleep phase=end ok=true elapsed_s=1.1
[algo1a-g3c-tis-l0-modal] 
[algo1a-g3c-tis-l1-modal] [36m(RolloutExecutor pid=2525)[0m Rollout generation:  75%|███████▌  | 24/32 [00:06<00:01,  4.58it/s]Rollout generation: 100%|██████████| 32/32 [00:06<00:00,  4.88it/s]
[algo1a-g3c-tis-l1-modal] 
[algo1a-g3c-tis-l1-modal] [36m(RolloutExecutor pid=2525)[0m [2026-09-29 20:05:44.388 rollout_executor] inference_rollout_train.py:161 - Finish rollout: text_preview=<|im_start|>system\nYou are a helpful assistant. Please put the answer within \boxed{}.<|im_end|>\n<|im_start|>user\nMark has a garden with flowers. He planted plants of three different colors in it. Ten of them are yellow, and there are 80% more of those in purple. There are only 25% as many green flowers as there are yellow and purple flowers. How many flowers does Mark have in his garden?<|im_end|>\n<|im_start|>assistant\n<think>\n\n</think>\n\nLet's break this down step by step:\n\n- Mark has **10 yello...<truncated chars=475>, label=35, reward_summary=1.0
[algo1a-g3c-tis-l1-modal] 
[algo1a-g3c-tis-l1-modal] [36m(RolloutExecutor pid=2525)[0m [2026-09-29 20:05:44.390 rollout_executor] inference_rollout_train.py:33 - Abort request for ['http://172.20.22.83:20001']
[algo1a-g3c-tis-l1-modal] 
[algo1a-g3c-tis-l1-modal] [36m(RolloutExecutor pid=2525)[0m [2026-09-29 20:05:44.398 rollout_executor] rollout_data_conversion.py:39 - Final collected 32 samples from rollout to train
[algo1a-g3c-tis-l1-modal] 
[algo1a-g3c-tis-l1-modal] [36m(RolloutExecutor pid=2525)[0m [2026-09-29 20:05:44.399 rollout_executor] metrics.py:93 - perf 1: {'rollout/raw_reward_unfiltered': 0.40625, 'rollout/num_training_samples': 32, 'rollout/episode_raw_reward': 0.40625, 'rollout/episode_response_length/mean': 161.28125, 'rollout/episode_response_length/median': 132.0, 'rollout/episode_response_length/max': 384, 'rollout/episode_response_length/min': 63, 'rollout/episode_total_response_length/mean': 161.28125, 'rollout/response_len/mean': 161.28125, 'rollout/response_len/median': 132.0, 'rollout/response_len/max': 384, 'rollout/response_len/min': 63, 'rollout/zero_std/count_0.0': 1, 'rollout/zero_std/all_zero_percentage': 0.25, 'rollout/zero_std/all_one_percentage': 0.0, 'rollout/prefix_cache_hit_rate': 0.0, 'rollout/avg_cached_tokens_per_sample': 0.0, 'rollout/repetition_frac': 0.0, 'rollout/truncated_ratio': 0.125, 'perf/rollout_time': 6.570822715759277, 'perf/tokens_per_gpu_per_sec': 785.4419793767989, 'perf/longest_sample_tokens_per_sec': 58.44017052522588, 'perf/effective_tokens_per_gpu_per_sec': 785.4419793767989, 'perf/longest_effective_sample_tokens_per_sec': 58.44017052522588}
[algo1a-g3c-tis-l1-modal] 
[algo1a-g3c-tis-l1-modal] [36m(RolloutExecutor pid=2525)[0m [2026-09-29 20:05:44.400 rollout_executor] train_data_conversion.py:334 - Rollout-side DP schedule: num_samples=32, num_rollouts=[32], num_microbatches=[32]
[algo1a-g3c-tis-l1-modal] 
[algo1a-g3c-tis-l1-modal] [36m(InferenceController pid=2520)[0m [2026-09-29 20:05:44.412 inference_controller] _client.py:1740 - HTTP Request: GET http://172.20.22.83:20001/flush_cache "HTTP/1.1 200 OK"
[algo1a-g3c-tis-l1-modal] 
[algo1a-g3c-tis-l1-modal] [36m(CommandActor pid=2526)[0m [2026-09-29 20:05:44] INFO:     172.20.22.83:48131 - "POST /generate HTTP/1.1" 200 OK
[algo1a-g3c-tis-l1-modal] 
[algo1a-g3c-tis-l1-modal] [36m(CommandActor pid=2526)[0m [2026-09-29 20:05:44] INFO:     172.20.22.83:22508 - "POST /generate HTTP/1.1" 200 OK
[algo1a-g3c-tis-l1-modal] 
[algo1a-g3c-tis-l1-modal] [36m(CommandActor pid=2526)[0m [2026-09-29 20:05:44] INFO:     172.20.22.83:27469 - "POST /generate HTTP/1.1" 200 OK
[algo1a-g3c-tis-l1-modal] 
[algo1a-g3c-tis-l1-modal] [36m(CommandActor pid=2526)[0m [2026-09-29 20:05:44] INFO:     172.20.22.83:63964 - "POST /generate HTTP/1.1" 200 OK
[algo1a-g3c-tis-l1-modal] 
[algo1a-g3c-tis-l1-modal] [36m(CommandActor pid=2526)[0m [2026-09-29 20:05:44] INFO:     172.20.22.83:54821 - "POST /abort_request HTTP/1.1" 200 OK
[algo1a-g3c-tis-l1-modal] 
[algo1a-g3c-tis-l1-modal] [36m(CommandActor pid=2526)[0m [2026-09-29 20:05:44] INFO:     172.20.22.83:16875 - "GET /flush_cache HTTP/1.1" 200 OK
[algo1a-g3c-tis-l1-modal] 
[algo1a-g3c-tis-l1-modal] [36m(CommandActor pid=2526)[0m [2026-09-29 20:05:44] Cache flushed successfully!
[algo1a-g3c-tis-l1-modal] 
[algo1a-g3c-tis-l1-modal] [36m(CommandActor pid=2526)[0m [2026-09-29 20:05:44] Cache flushed successfully!
[algo1a-g3c-tis-l1-modal] 
[algo1a-g3c-tis-l1-modal] YETO_RL_EVENT {"event":"rl_driver_phase","island_id":1,"phase":"onload","rollout_id":1,"time_unix":1790712344.8261318}
[algo1a-g3c-tis-l1-modal] 
[algo1a-g3c-tis-l1-modal] [36m(InferenceController pid=2520)[0m [2026-09-29 20:05:44.818 inference_controller] _client.py:1740 - HTTP Request: POST http://172.20.22.83:20001/release_memory_occupation "HTTP/1.1 200 OK"
[algo1a-g3c-tis-l1-modal] 
[algo1a-g3c-tis-l1-modal] [36m(CommandActor pid=2526)[0m [2026-09-29 20:05:44] INFO:     172.20.22.83:16875 - "POST /release_memory_occupation HTTP/1.1" 200 OK
[algo1a-g3c-tis-l1-modal] 
[algo1a-g3c-tis-l1-modal] [36m(TrainerController pid=2527)[0m [2026-09-29 20:05:44.827 trainer_controller_actor] cell.py:231 - ft op=execute phase=start cell=trainer-engine-actor-00000 fn=wake_up n_actors=1
[algo1a-g3c-tis-l1-modal] 
[algo1a-g3c-tis-l1-modal] [36m(MegatronTrainRayActor pid=2862)[0m [2026-09-29 20:05:44.828 actor_cell00000_rank00000] structured_log.py:24 - actor cls=MegatronTrainRayActor fn=wake_up phase=start
[algo1a-g3c-tis-l1-modal] 
[algo1a-g3c-tis-l1-modal] [36m(MegatronTrainRayActor pid=2862)[0m [2026-09-29 20:05:44.829 actor_cell00000_rank00000] timer.py:31 - Timer wake_up start
[algo1a-g3c-tis-l1-modal] 
[algo1a-g3c-tis-l1-modal] [36m(MegatronTrainRayActor pid=2862)[0m [2026-09-29 20:05:44.829 actor_cell00000_rank00000] memory_utils.py:41 - [Rank 0] Memory-Usage before wake_up model: {'gpu': '0', 'total_GB': 79.18, 'free_GB': 74.61, 'used_GB': 4.56, 'allocated_GB': 1.38, 'reserved_GB': 1.49}
[algo1a-g3c-tis-l1-modal] 
[algo1a-g3c-tis-l1-modal] YETO_RL_EVENT {"event":"rl_driver_phase","island_id":1,"phase":"train","rollout_id":1,"time_unix":1790712345.623233}
[algo1a-g3c-tis-l1-modal] 
[algo1a-g3c-tis-l1-modal] [36m(TrainerController pid=2527)[0m [2026-09-29 20:05:45.621 trainer_controller_actor] cell.py:239 - ft op=execute phase=end cell=trainer-engine-actor-00000 fn=wake_up ok=true elapsed_s=0.8
[algo1a-g3c-tis-l1-modal] 
[algo1a-g3c-tis-l1-modal] [36m(TrainerController pid=2527)[0m [2026-09-29 20:05:45.625 trainer_controller_actor] group.py:190 - ft op=train phase=start rollout=1 attempt=0
[algo1a-g3c-tis-l1-modal] 
[algo1a-g3c-tis-l1-modal] [36m(TrainerController pid=2527)[0m [2026-09-29 20:05:45.625 trainer_controller_actor] group.py:534 - ft op=refresh phase=start rollout=1 alive=0 healing= all_states="(0, 'StateAllocatedAlive')" quorum=0
[algo1a-g3c-tis-l1-modal] 
[algo1a-g3c-tis-l1-modal] [36m(TrainerController pid=2527)[0m [2026-09-29 20:05:45.625 trainer_controller_actor] group.py:557 - ft op=refresh phase=decision rollout=1 needs_reconfigure=false reason=alive_config_unchanged,no_healing quorum=0
[algo1a-g3c-tis-l1-modal] 
[algo1a-g3c-tis-l1-modal] [36m(TrainerController pid=2527)[0m [2026-09-29 20:05:45.625 trainer_controller_actor] cell.py:231 - ft op=execute phase=start cell=trainer-engine-actor-00000 fn=train n_actors=1
[algo1a-g3c-tis-l1-modal] 
[algo1a-g3c-tis-l1-modal] [36m(MegatronTrainRayActor pid=2862)[0m [2026-09-29 20:05:45.618 actor_cell00000_rank00000] reloadable_process_group.py:151 - Reloading 0 process groups in pid 2862
[algo1a-g3c-tis-l1-modal] 
[algo1a-g3c-tis-l1-modal] [36m(MegatronTrainRayActor pid=2862)[0m [2026-09-29 20:05:45.619 actor_cell00000_rank00000] memory_utils.py:41 - [Rank 0] Memory-Usage after wake_up model: {'gpu': '0', 'total_GB': 79.18, 'free_GB': 73.14, 'used_GB': 6.04, 'allocated_GB': 1.38, 'reserved_GB': 1.49}
[algo1a-g3c-tis-l1-modal] 
[algo1a-g3c-tis-l1-modal] [36m(MegatronTrainRayActor pid=2862)[0m [2026-09-29 20:05:45.620 actor_cell00000_rank00000] timer.py:42 - Timer wake_up end (elapsed: 0.8s)
[algo1a-g3c-tis-l1-modal] 
[algo1a-g3c-tis-l1-modal] [36m(MegatronTrainRayActor pid=2862)[0m [2026-09-29 20:05:45.620 actor_cell00000_rank00000] structured_log.py:28 - actor cls=MegatronTrainRayActor fn=wake_up phase=end ok=true elapsed_s=0.8
[algo1a-g3c-tis-l1-modal] 
[algo1a-g3c-tis-l1-modal] [36m(MegatronTrainRayActor pid=2862)[0m [2026-09-29 20:05:45.626 actor_cell00000_rank00000] structured_log.py:24 - actor cls=MegatronTrainRayActor fn=train phase=start
[algo1a-g3c-tis-l1-modal] [36m(MegatronTrainRayActor pid=2862)[0m [2026-09-29 20:05:45.626 actor_cell00000_rank00000] timer.py:31 - Timer data_preprocess start
[algo1a-g3c-tis-l1-modal] 
[algo1a-g3c-tis-l1-modal] [36m(MegatronTrainRayActor pid=2862)[0m [2026-09-29 20:05:45.630 actor_cell00000_rank00000] timer.py:42 - Timer data_preprocess end (elapsed: 0.0s)
[algo1a-g3c-tis-l1-modal] 
[algo1a-g3c-tis-l1-modal] [36m(MegatronTrainRayActor pid=2862)[0m [2026-09-29 20:05:45.630 actor_cell00000_rank00000] structured_log.py:24 - actor cls=MegatronTrainRayActor fn=_train_actor phase=start
[algo1a-g3c-tis-l1-modal] 
[algo1a-g3c-tis-l1-modal] [36m(MegatronTrainRayActor pid=2862)[0m [2026-09-29 20:05:45.631 actor_cell00000_rank00000] timer.py:42 - Timer train_wait end (elapsed: 116.8s)
[algo1a-g3c-tis-l1-modal] 
[algo1a-g3c-tis-l1-modal] [36m(MegatronTrainRayActor pid=2862)[0m [2026-09-29 20:05:45.631 actor_cell00000_rank00000] timer.py:31 - Timer train start
[algo1a-g3c-tis-l1-modal] 
[algo1a-g3c-tis-l1-modal] [36m(MegatronTrainRayActor pid=2862)[0m [2026-09-29 20:05:45.631 actor_cell00000_rank00000] structured_log.py:24 - actor cls=MegatronTrainRayActor fn=_compute_log_prob phase=start
[algo1a-g3c-tis-l1-modal] 
[algo1a-g3c-tis-l1-modal] [36m(MegatronTrainRayActor pid=2862)[0m [2026-09-29 20:05:45.631 actor_cell00000_rank00000] timer.py:31 - Timer log_probs start
[algo1a-g3c-tis-l1-modal] 
[algo1a-g3c-tis-l0-modal] [36m(CommandActor pid=1474)[0m [2026-09-29 20:05:49] Prefill batch, #new-seq: 1, #new-token: 57, #cached-token: 0, token usage: 0.01, #running-req: 0, #queue-req: 0, #pending-token: 0, cuda graph: False, input throughput (token/s): 0.51
[algo1a-g3c-tis-l0-modal] 
[algo1a-g3c-tis-l0-modal] [36m(CommandActor pid=1474)[0m [2026-09-29 20:05:49] Prefill batch, #new-seq: 31, #new-token: 2967, #cached-token: 0, token usage: 0.00, #running-req: 1, #queue-req: 0, #pending-token: 0, cuda graph: False, input throughput (token/s): 199008.58
[algo1a-g3c-tis-l0-modal] 
[algo1a-g3c-tis-l0-modal] [36m(CommandActor pid=1474)[0m [2026-09-29 20:05:49] Decode batch, #running-req: 32, #token: 1624, token usage: 0.01, cuda graph: True, gen throughput (token/s): 11.56, #queue-req: 0
[algo1a-g3c-tis-l0-modal] 
[algo1a-g3c-tis-l0-modal] [36m(CommandActor pid=1474)[0m [2026-09-29 20:05:49] INFO:     172.20.9.131:60717 - "POST /generate HTTP/1.1" 200 OK
[algo1a-g3c-tis-l0-modal] 
[algo1a-g3c-tis-l0-modal] [36m(CommandActor pid=1474)[0m [2026-09-29 20:05:49] INFO:     172.20.9.131:33962 - "POST /generate HTTP/1.1" 200 OK
[algo1a-g3c-tis-l0-modal] 
[algo1a-g3c-tis-l0-modal] [36m(CommandActor pid=1474)[0m [2026-09-29 20:05:49] INFO:     172.20.9.131:33140 - "POST /generate HTTP/1.1" 200 OK
[algo1a-g3c-tis-l0-modal] 
[algo1a-g3c-tis-l0-modal] [36m(CommandActor pid=1474)[0m [2026-09-29 20:05:49] INFO:     172.20.9.131:26985 - "POST /generate HTTP/1.1" 200 OK
[algo1a-g3c-tis-l0-modal] 
[algo1a-g3c-tis-l0-modal] [36m(CommandActor pid=1474)[0m [2026-09-29 20:05:49] INFO:     172.20.9.131:28129 - "POST /generate HTTP/1.1" 200 OK
[algo1a-g3c-tis-l0-modal] 
[algo1a-g3c-tis-l0-modal] [36m(CommandActor pid=1474)[0m [2026-09-29 20:05:49] INFO:     172.20.9.131:50086 - "POST /generate HTTP/1.1" 200 OK
[algo1a-g3c-tis-l0-modal] 
[algo1a-g3c-tis-l0-modal] [36m(CommandActor pid=1474)[0m [2026-09-29 20:05:49] INFO:     172.20.9.131:46661 - "POST /generate HTTP/1.1" 200 OK
[algo1a-g3c-tis-l0-modal] 
[algo1a-g3c-tis-l0-modal] [36m(CommandActor pid=1474)[0m [2026-09-29 20:05:49] INFO:     172.20.9.131:25589 - "POST /generate HTTP/1.1" 200 OK
[algo1a-g3c-tis-l0-modal] 
[algo1a-g3c-tis-l0-modal] [36m(CommandActor pid=1474)[0m [2026-09-29 20:05:49] INFO:     172.20.9.131:60596 - "POST /generate HTTP/1.1" 200 OK
[algo1a-g3c-tis-l0-modal] 
[algo1a-g3c-tis-l0-modal] [36m(CommandActor pid=1474)[0m [2026-09-29 20:05:49] INFO:     172.20.9.131:17796 - "POST /generate HTTP/1.1" 200 OK
[algo1a-g3c-tis-l0-modal] 
[algo1a-g3c-tis-l0-modal] [36m(CommandActor pid=1474)[0m [2026-09-29 20:05:49] Decode batch, #running-req: 29, #token: 2661, token usage: 0.01, cuda graph: True, gen throughput (token/s): 6094.98, #queue-req: 0
[algo1a-g3c-tis-l0-modal] 
[algo1a-g3c-tis-l0-modal] [36m(CommandActor pid=1474)[0m [2026-09-29 20:05:49] INFO:     172.20.9.131:41109 - "POST /generate HTTP/1.1" 200 OK
[algo1a-g3c-tis-l0-modal] 
[algo1a-g3c-tis-l0-modal] [36m(RolloutExecutor pid=1472)[0m [2026-09-29 20:05:49.800 rollout_executor] inference_rollout_train.py:137 - First rollout sample: text_preview=<|im_start|>system\nYou are a helpful assistant. Please put the answer within \boxed{}.<|im_end|>\n<|im_start|>user\nAlbert is wondering how much pizza he can eat in one day. He buys 2 large pizzas and 2 small pizzas. A large pizza has 16 slices and a small pizza has 8 slices. If he eats it all, how many pieces does he eat that day?<|im_end|>\n<|im_start|>assistant\n<think>\n\n</think>\n\n- A large pizza has **16 slices**.\n- A small pizza has **8 slices**.\n\nAlbert buys:\n- 2 large pizzas = $2 \times 16 =...<truncated chars=188>, label=48, reward_summary=1.0
[algo1a-g3c-tis-l0-modal] 
[algo1a-g3c-tis-l0-modal] [36m(RolloutExecutor pid=1472)[0m Rollout generation:  25%|██▌       | 8/32 [00:05<00:16,  1.42it/s]
[algo1a-g3c-tis-l0-modal] 
[algo1a-g3c-tis-l0-modal] [36m(CommandActor pid=1474)[0m [2026-09-29 20:05:49] INFO:     172.20.9.131:53026 - "POST /generate HTTP/1.1" 200 OK
[algo1a-g3c-tis-l0-modal] 
[algo1a-g3c-tis-l0-modal] [36m(CommandActor pid=1474)[0m [2026-09-29 20:05:49] INFO:     172.20.9.131:64241 - "POST /generate HTTP/1.1" 200 OK
[algo1a-g3c-tis-l0-modal] 
[algo1a-g3c-tis-l0-modal] [36m(CommandActor pid=1474)[0m [2026-09-29 20:05:49] INFO:     172.20.9.131:60473 - "POST /generate HTTP/1.1" 200 OK
[algo1a-g3c-tis-l0-modal] 
[algo1a-g3c-tis-l0-modal] [36m(CommandActor pid=1474)[0m [2026-09-29 20:05:49] INFO:     172.20.9.131:46878 - "POST /generate HTTP/1.1" 200 OK
[algo1a-g3c-tis-l0-modal] 
[algo1a-g3c-tis-l0-modal] [36m(CommandActor pid=1474)[0m [2026-09-29 20:05:49] INFO:     172.20.9.131:38792 - "POST /generate HTTP/1.1" 200 OK
[algo1a-g3c-tis-l0-modal] 
[algo1a-g3c-tis-l0-modal] [36m(CommandActor pid=1474)[0m [2026-09-29 20:05:49] INFO:     172.20.9.131:54474 - "POST /generate HTTP/1.1" 200 OK
[algo1a-g3c-tis-l0-modal] 
[algo1a-g3c-tis-l0-modal] [36m(CommandActor pid=1474)[0m [2026-09-29 20:05:49] Decode batch, #running-req: 17, #token: 2182, token usage: 0.01, cuda graph: True, gen throughput (token/s): 4397.66, #queue-req: 0
[algo1a-g3c-tis-l0-modal] 
[algo1a-g3c-tis-l0-modal] [36m(RolloutExecutor pid=1472)[0m Rollout generation:  50%|█████     | 16/32 [00:05<00:04,  3.25it/s]
[algo1a-g3c-tis-l0-modal] 
[algo1a-g3c-tis-l0-modal] [36m(CommandActor pid=1474)[0m [2026-09-29 20:05:49] INFO:     172.20.9.131:34898 - "POST /generate HTTP/1.1" 200 OK
[algo1a-g3c-tis-l0-modal] 
[algo1a-g3c-tis-l0-modal] [36m(CommandActor pid=1474)[0m [2026-09-29 20:05:49] INFO:     172.20.9.131:27439 - "POST /generate HTTP/1.1" 200 OK
[algo1a-g3c-tis-l0-modal] [36m(CommandActor pid=1474)[0m [2026-09-29 20:05:50] INFO:     172.20.9.131:51190 - "POST /generate HTTP/1.1" 200 OK
[algo1a-g3c-tis-l0-modal] 
[algo1a-g3c-tis-l0-modal] [36m(CommandActor pid=1474)[0m [2026-09-29 20:05:50] INFO:     172.20.9.131:44273 - "POST /generate HTTP/1.1" 200 OK
[36m(CommandActor pid=1474)[0m [2026-09-29 20:05:50] INFO:     172.20.9.131:33961 - "POST /generate HTTP/1.1" 200 OK
[algo1a-g3c-tis-l0-modal] [36m(CommandActor pid=1474)[0m [2026-09-29 20:05:50] Decode batch, #running-req: 10, #token: 1821, token usage: 0.01, cuda graph: True, gen throughput (token/s): 2784.14, #queue-req: 0
[algo1a-g3c-tis-l0-modal] 
[algo1a-g3c-tis-l1-modal] [36m(MegatronTrainRayActor pid=2862)[0m [2026-09-29 20:05:50.442 actor_cell00000_rank00000] timer.py:42 - Timer log_probs end (elapsed: 4.8s)
[algo1a-g3c-tis-l1-modal] 
[algo1a-g3c-tis-l0-modal] [36m(CommandActor pid=1474)[0m [2026-09-29 20:05:50] INFO:     172.20.9.131:38144 - "POST /generate HTTP/1.1" 200 OK
[algo1a-g3c-tis-l0-modal] 
[algo1a-g3c-tis-l0-modal] [36m(CommandActor pid=1474)[0m [2026-09-29 20:05:50] INFO:     172.20.9.131:20905 - "POST /generate HTTP/1.1" 200 OK
[algo1a-g3c-tis-l0-modal] 
[algo1a-g3c-tis-l0-modal] [36m(CommandActor pid=1474)[0m [2026-09-29 20:05:50] INFO:     172.20.9.131:58512 - "POST /generate HTTP/1.1" 200 OK
[algo1a-g3c-tis-l0-modal] 
[algo1a-g3c-tis-l0-modal] [36m(CommandActor pid=1474)[0m [2026-09-29 20:05:50] Decode batch, #running-req: 7, #token: 1618, token usage: 0.01, cuda graph: True, gen throughput (token/s): 1820.20, #queue-req: 0
[algo1a-g3c-tis-l0-modal] 
[algo1a-g3c-tis-l0-modal] [36m(CommandActor pid=1474)[0m [2026-09-29 20:05:50] INFO:     172.20.9.131:26475 - "POST /generate HTTP/1.1" 200 OK
[algo1a-g3c-tis-l0-modal] 
[algo1a-g3c-tis-l0-modal] [36m(CommandActor pid=1474)[0m [2026-09-29 20:05:50] INFO:     172.20.9.131:57135 - "POST /generate HTTP/1.1" 200 OK
[algo1a-g3c-tis-l0-modal] 
[algo1a-g3c-tis-l1-modal] [36m(MegatronTrainRayActor pid=2862)[0m [2026-09-29 20:05:50.443 actor_cell00000_rank00000] structured_log.py:28 - actor cls=MegatronTrainRayActor fn=_compute_log_prob phase=end ok=true elapsed_s=4.8
[algo1a-g3c-tis-l1-modal] 
[algo1a-g3c-tis-l1-modal] [36m(MegatronTrainRayActor pid=2862)[0m [2026-09-29 20:05:50.449 actor_cell00000_rank00000] log_utils.py:100 - ft op=cross_cell phase=start kind=log_gather rank=0
[algo1a-g3c-tis-l1-modal] 
[algo1a-g3c-tis-l1-modal] [36m(MegatronTrainRayActor pid=2862)[0m [2026-09-29 20:05:50.450 actor_cell00000_rank00000] log_utils.py:106 - ft op=cross_cell phase=end kind=log_gather rank=0 success=true
[algo1a-g3c-tis-l1-modal] 
[algo1a-g3c-tis-l1-modal] [36m(MegatronTrainRayActor pid=2862)[0m [2026-09-29 20:05:50.450 actor_cell00000_rank00000] log_utils.py:126 - rollout 1: {'rollout/response_lengths': 161.28125, 'rollout/rewards': -3.725290298461914e-09, 'rollout/truncated': 0.125, 'rollout/rollout_log_probs': -0.346580445766449, 'rollout/raw_reward': 0.40625, 'rollout/total_lengths': 255.78125, 'rollout/log_probs': -0.34662312269210815, 'rollout/advantages': -1.4901161193847656e-08, 'rollout/returns': -1.4901161193847656e-08}
[algo1a-g3c-tis-l1-modal] 
[algo1a-g3c-tis-l1-modal] [36m(MegatronTrainRayActor pid=2862)[0m [2026-09-29 20:05:50.450 actor_cell00000_rank00000] timer.py:31 - Timer actor_train start
[algo1a-g3c-tis-l1-modal] 
[algo1a-g3c-tis-l0-modal] [36m(CommandActor pid=1474)[0m [2026-09-29 20:05:50] Decode batch, #running-req: 5, #token: 1416, token usage: 0.01, cuda graph: True, gen throughput (token/s): 1203.79, #queue-req: 0
[algo1a-g3c-tis-l0-modal] 
[algo1a-g3c-tis-l0-modal] [36m(CommandActor pid=1474)[0m [2026-09-29 20:05:50] INFO:     172.20.9.131:42245 - "POST /generate HTTP/1.1" 200 OK
[algo1a-g3c-tis-l0-modal] 
[algo1a-g3c-tis-l0-modal] [36m(CommandActor pid=1474)[0m [2026-09-29 20:05:50] Decode batch, #running-req: 4, #token: 1335, token usage: 0.00, cuda graph: True, gen throughput (token/s): 918.08, #queue-req: 0
[algo1a-g3c-tis-l0-modal] 
[algo1a-g3c-tis-l0-modal] [36m(CommandActor pid=1474)[0m [2026-09-29 20:05:50] Decode batch, #running-req: 4, #token: 1495, token usage: 0.01, cuda graph: True, gen throughput (token/s): 823.62, #queue-req: 0
[algo1a-g3c-tis-l0-modal] 
[algo1a-g3c-tis-l0-modal] [36m(CommandActor pid=1474)[0m [2026-09-29 20:05:51] Decode batch, #running-req: 4, #token: 1655, token usage: 0.01, cuda graph: True, gen throughput (token/s): 822.26, #queue-req: 0
[algo1a-g3c-tis-l0-modal] 
[algo1a-g3c-tis-l0-modal] [36m(InferenceController pid=1473)[0m [2026-09-29 20:05:51.199 inference_controller] _client.py:1740 - HTTP Request: GET http://172.20.9.131:20000/flush_cache "HTTP/1.1 200 OK"
[algo1a-g3c-tis-l0-modal] 
[algo1a-g3c-tis-l0-modal] [36m(RolloutExecutor pid=1472)[0m Rollout generation:  75%|███████▌  | 24/32 [00:07<00:01,  4.30it/s]Rollout generation: 100%|██████████| 32/32 [00:07<00:00,  4.56it/s]
[algo1a-g3c-tis-l0-modal] 
[algo1a-g3c-tis-l0-modal] [36m(RolloutExecutor pid=1472)[0m [2026-09-29 20:05:51.177 rollout_executor] inference_rollout_train.py:161 - Finish rollout: text_preview=<|im_start|>system\nYou are a helpful assistant. Please put the answer within \boxed{}.<|im_end|>\n<|im_start|>user\nMark has a garden with flowers. He planted plants of three different colors in it. Ten of them are yellow, and there are 80% more of those in purple. There are only 25% as many green flowers as there are yellow and purple flowers. How many flowers does Mark have in his garden?<|im_end|>\n<|im_start|>assistant\n<think>\n\n</think>\n\nLet's break it down step by step:\n\n- **Yellow flowers**: $...<truncated chars=346>, label=35, reward_summary=1.0
[algo1a-g3c-tis-l0-modal] 
[algo1a-g3c-tis-l0-modal] [36m(RolloutExecutor pid=1472)[0m [2026-09-29 20:05:51.179 rollout_executor] inference_rollout_train.py:33 - Abort request for ['http://172.20.9.131:20000']
[algo1a-g3c-tis-l0-modal] 
[algo1a-g3c-tis-l0-modal] [36m(RolloutExecutor pid=1472)[0m [2026-09-29 20:05:51.187 rollout_executor] rollout_data_conversion.py:39 - Final collected 32 samples from rollout to train
[algo1a-g3c-tis-l0-modal] [36m(RolloutExecutor pid=1472)[0m [2026-09-29 20:05:51.187 rollout_executor] metrics.py:93 - perf 1: {'rollout/raw_reward_unfiltered': 0.375, 'rollout/num_training_samples': 32, 'rollout/episode_raw_reward': 0.375, 'rollout/episode_response_length/mean': 161.125, 'rollout/episode_response_length/median': 123.5, 'rollout/episode_response_length/max': 384, 'rollout/episode_response_length/min': 63, 'rollout/episode_total_response_length/mean': 161.125, 'rollout/response_len/mean': 161.125, 'rollout/response_len/median': 123.5, 'rollout/response_len/max': 384, 'rollout/response_len/min': 63, 'rollout/zero_std/count_0.0': 1, 'rollout/zero_std/all_zero_percentage': 0.25, 'rollout/zero_std/all_one_percentage': 0.0, 'rollout/prefix_cache_hit_rate': 0.0, 'rollout/avg_cached_tokens_per_sample': 0.0, 'rollout/repetition_frac': 0.0, 'rollout/truncated_ratio': 0.125, 'perf/rollout_time': 7.030988693237305, 'perf/tokens_per_gpu_per_sec': 733.3250307967717, 'perf/longest_sample_tokens_per_sec': 54.615363038394165, 'perf/effective_tokens_per_gpu_per_sec': 733.3250307967717, 'perf/longest_effective_sample_tokens_per_sec': 54.615363038394165}
[algo1a-g3c-tis-l0-modal] 
[algo1a-g3c-tis-l0-modal] [36m(RolloutExecutor pid=1472)[0m [2026-09-29 20:05:51.188 rollout_executor] train_data_conversion.py:334 - Rollout-side DP schedule: num_samples=32, num_rollouts=[32], num_microbatches=[32]
[algo1a-g3c-tis-l0-modal] 
[algo1a-g3c-tis-l0-modal] [36m(CommandActor pid=1474)[0m [2026-09-29 20:05:51] INFO:     172.20.9.131:41949 - "POST /generate HTTP/1.1" 200 OK
[algo1a-g3c-tis-l0-modal] 
[algo1a-g3c-tis-l0-modal] [36m(CommandActor pid=1474)[0m [2026-09-29 20:05:51] INFO:     172.20.9.131:62138 - "POST /generate HTTP/1.1" 200 OK
[algo1a-g3c-tis-l0-modal] 
[algo1a-g3c-tis-l0-modal] [36m(CommandActor pid=1474)[0m [2026-09-29 20:05:51] INFO:     172.20.9.131:40093 - "POST /generate HTTP/1.1" 200 OK
[algo1a-g3c-tis-l0-modal] 
[algo1a-g3c-tis-l0-modal] [36m(CommandActor pid=1474)[0m [2026-09-29 20:05:51] INFO:     172.20.9.131:46612 - "POST /generate HTTP/1.1" 200 OK
[algo1a-g3c-tis-l0-modal] 
[algo1a-g3c-tis-l0-modal] [36m(CommandActor pid=1474)[0m [2026-09-29 20:05:51] INFO:     172.20.9.131:31190 - "POST /abort_request HTTP/1.1" 200 OK
[algo1a-g3c-tis-l0-modal] 
[algo1a-g3c-tis-l0-modal] [36m(CommandActor pid=1474)[0m [2026-09-29 20:05:51] INFO:     172.20.9.131:45111 - "GET /flush_cache HTTP/1.1" 200 OK
[algo1a-g3c-tis-l0-modal] 
[algo1a-g3c-tis-l0-modal] [36m(CommandActor pid=1474)[0m [2026-09-29 20:05:51] Cache flushed successfully!
[algo1a-g3c-tis-l0-modal] 
[algo1a-g3c-tis-l0-modal] [36m(CommandActor pid=1474)[0m [2026-09-29 20:05:51] Cache flushed successfully!
[algo1a-g3c-tis-l0-modal] 
[algo1a-g3c-tis-l0-modal] YETO_RL_EVENT {"event":"rl_driver_phase","island_id":0,"phase":"onload","rollout_id":1,"time_unix":1790712351.6203167}
[algo1a-g3c-tis-l0-modal] 
[algo1a-g3c-tis-l0-modal] [36m(InferenceController pid=1473)[0m [2026-09-29 20:05:51.613 inference_controller] _client.py:1740 - HTTP Request: POST http://172.20.9.131:20000/release_memory_occupation "HTTP/1.1 200 OK"
[algo1a-g3c-tis-l0-modal] 
[algo1a-g3c-tis-l0-modal] [36m(CommandActor pid=1474)[0m [2026-09-29 20:05:51] INFO:     172.20.9.131:45111 - "POST /release_memory_occupation HTTP/1.1" 200 OK
[algo1a-g3c-tis-l0-modal] 
[algo1a-g3c-tis-l0-modal] [36m(TrainerController pid=1470)[0m [2026-09-29 20:05:51.621 trainer_controller_actor] cell.py:231 - ft op=execute phase=start cell=trainer-engine-actor-00000 fn=wake_up n_actors=1
[algo1a-g3c-tis-l0-modal] 
[algo1a-g3c-tis-l0-modal] [36m(MegatronTrainRayActor pid=1723)[0m [2026-09-29 20:05:51.622 actor_cell00000_rank00000] structured_log.py:24 - actor cls=MegatronTrainRayActor fn=wake_up phase=start
[algo1a-g3c-tis-l0-modal] 
[algo1a-g3c-tis-l0-modal] [36m(MegatronTrainRayActor pid=1723)[0m [2026-09-29 20:05:51.622 actor_cell00000_rank00000] timer.py:31 - Timer wake_up start
[algo1a-g3c-tis-l0-modal] 
[algo1a-g3c-tis-l0-modal] [36m(MegatronTrainRayActor pid=1723)[0m [2026-09-29 20:05:51.623 actor_cell00000_rank00000] memory_utils.py:41 - [Rank 0] Memory-Usage before wake_up model: {'gpu': '0', 'total_GB': 79.18, 'free_GB': 74.61, 'used_GB': 4.56, 'allocated_GB': 1.38, 'reserved_GB': 1.47}
[algo1a-g3c-tis-l0-modal] 
[algo1a-g3c-tis-l0-modal] YETO_RL_EVENT {"event":"rl_driver_phase","island_id":0,"phase":"train","rollout_id":1,"time_unix":1790712352.4673615}
[algo1a-g3c-tis-l0-modal] 
[algo1a-g3c-tis-l0-modal] [36m(TrainerController pid=1470)[0m [2026-09-29 20:05:52.465 trainer_controller_actor] cell.py:239 - ft op=execute phase=end cell=trainer-engine-actor-00000 fn=wake_up ok=true elapsed_s=0.8
[algo1a-g3c-tis-l0-modal] 
[algo1a-g3c-tis-l0-modal] [36m(TrainerController pid=1470)[0m [2026-09-29 20:05:52.469 trainer_controller_actor] group.py:190 - ft op=train phase=start rollout=1 attempt=0
[algo1a-g3c-tis-l0-modal] 
[algo1a-g3c-tis-l0-modal] [36m(TrainerController pid=1470)[0m [2026-09-29 20:05:52.469 trainer_controller_actor] group.py:534 - ft op=refresh phase=start rollout=1 alive=0 healing= all_states="(0, 'StateAllocatedAlive')" quorum=0
[algo1a-g3c-tis-l0-modal] 
[algo1a-g3c-tis-l0-modal] [36m(TrainerController pid=1470)[0m [2026-09-29 20:05:52.469 trainer_controller_actor] group.py:557 - ft op=refresh phase=decision rollout=1 needs_reconfigure=false reason=alive_config_unchanged,no_healing quorum=0
[algo1a-g3c-tis-l0-modal] 
[algo1a-g3c-tis-l0-modal] [36m(TrainerController pid=1470)[0m [2026-09-29 20:05:52.470 trainer_controller_actor] cell.py:231 - ft op=execute phase=start cell=trainer-engine-actor-00000 fn=train n_actors=1
[algo1a-g3c-tis-l0-modal] 
[algo1a-g3c-tis-l0-modal] [36m(MegatronTrainRayActor pid=1723)[0m [2026-09-29 20:05:52.463 actor_cell00000_rank00000] reloadable_process_group.py:151 - Reloading 0 process groups in pid 1723
[algo1a-g3c-tis-l0-modal] 
[36m(MegatronTrainRayActor pid=1723)[0m [2026-09-29 20:05:52.464 actor_cell00000_rank00000] memory_utils.py:41 - [Rank 0] Memory-Usage after wake_up model: {'gpu': '0', 'total_GB': 79.18, 'free_GB': 73.17, 'used_GB': 6.01, 'allocated_GB': 1.38, 'reserved_GB': 1.47}
[algo1a-g3c-tis-l0-modal] 
[algo1a-g3c-tis-l0-modal] [36m(MegatronTrainRayActor pid=1723)[0m [2026-09-29 20:05:52.464 actor_cell00000_rank00000] timer.py:42 - Timer wake_up end (elapsed: 0.8s)
[algo1a-g3c-tis-l0-modal] 
[algo1a-g3c-tis-l0-modal] [36m(MegatronTrainRayActor pid=1723)[0m [2026-09-29 20:05:52.464 actor_cell00000_rank00000] structured_log.py:28 - actor cls=MegatronTrainRayActor fn=wake_up phase=end ok=true elapsed_s=0.8
[algo1a-g3c-tis-l0-modal] 
[algo1a-g3c-tis-l0-modal] [36m(MegatronTrainRayActor pid=1723)[0m [2026-09-29 20:05:52.471 actor_cell00000_rank00000] structured_log.py:24 - actor cls=MegatronTrainRayActor fn=train phase=start
[algo1a-g3c-tis-l0-modal] 
[algo1a-g3c-tis-l0-modal] [36m(MegatronTrainRayActor pid=1723)[0m [2026-09-29 20:05:52.471 actor_cell00000_rank00000] timer.py:31 - Timer data_preprocess start
[algo1a-g3c-tis-l0-modal] [36m(MegatronTrainRayActor pid=1723)[0m [2026-09-29 20:05:52.476 actor_cell00000_rank00000] timer.py:42 - Timer data_preprocess end (elapsed: 0.0s)
[algo1a-g3c-tis-l0-modal] 
[algo1a-g3c-tis-l0-modal] [36m(MegatronTrainRayActor pid=1723)[0m [2026-09-29 20:05:52.476 actor_cell00000_rank00000] structured_log.py:24 - actor cls=MegatronTrainRayActor fn=_train_actor phase=start
[algo1a-g3c-tis-l0-modal] 
[algo1a-g3c-tis-l0-modal] [36m(MegatronTrainRayActor pid=1723)[0m [2026-09-29 20:05:52.476 actor_cell00000_rank00000] timer.py:42 - Timer train_wait end (elapsed: 73.9s)
[algo1a-g3c-tis-l0-modal] 
[algo1a-g3c-tis-l0-modal] [36m(MegatronTrainRayActor pid=1723)[0m [2026-09-29 20:05:52.477 actor_cell00000_rank00000] timer.py:31 - Timer train start
[algo1a-g3c-tis-l0-modal] 
[algo1a-g3c-tis-l0-modal] [36m(MegatronTrainRayActor pid=1723)[0m [2026-09-29 20:05:52.477 actor_cell00000_rank00000] structured_log.py:24 - actor cls=MegatronTrainRayActor fn=_compute_log_prob phase=start
[algo1a-g3c-tis-l0-modal] 
[algo1a-g3c-tis-l0-modal] [36m(MegatronTrainRayActor pid=1723)[0m [2026-09-29 20:05:52.477 actor_cell00000_rank00000] timer.py:31 - Timer log_probs start
[algo1a-g3c-tis-l0-modal] 
[algo1a-g3c-tis-l0-modal] [36m(MegatronTrainRayActor pid=1723)[0m [2026-09-29 20:05:57.988 actor_cell00000_rank00000] timer.py:42 - Timer log_probs end (elapsed: 5.5s)
[algo1a-g3c-tis-l0-modal] 
[algo1a-g3c-tis-l0-modal] [36m(MegatronTrainRayActor pid=1723)[0m [2026-09-29 20:05:57.988 actor_cell00000_rank00000] structured_log.py:28 - actor cls=MegatronTrainRayActor fn=_compute_log_prob phase=end ok=true elapsed_s=5.5
[algo1a-g3c-tis-l0-modal] 
[algo1a-g3c-tis-l0-modal] [36m(MegatronTrainRayActor pid=1723)[0m [2026-09-29 20:05:57.996 actor_cell00000_rank00000] log_utils.py:100 - ft op=cross_cell phase=start kind=log_gather rank=0
[algo1a-g3c-tis-l0-modal] 
[algo1a-g3c-tis-l0-modal] [36m(MegatronTrainRayActor pid=1723)[0m [2026-09-29 20:05:57.996 actor_cell00000_rank00000] log_utils.py:106 - ft op=cross_cell phase=end kind=log_gather rank=0 success=true
[algo1a-g3c-tis-l0-modal] 
[algo1a-g3c-tis-l0-modal] [36m(MegatronTrainRayActor pid=1723)[0m [2026-09-29 20:05:57.996 actor_cell00000_rank00000] log_utils.py:126 - rollout 1: {'rollout/response_lengths': 161.125, 'rollout/rewards': -2.7939677238464355e-09, 'rollout/truncated': 0.125, 'rollout/rollout_log_probs': -0.3393901586532593, 'rollout/raw_reward': 0.375, 'rollout/total_lengths': 255.625, 'rollout/log_probs': -0.339167058467865, 'rollout/advantages': -1.30385160446167e-08, 'rollout/returns': -1.30385160446167e-08}
[algo1a-g3c-tis-l0-modal] 
[algo1a-g3c-tis-l0-modal] [36m(MegatronTrainRayActor pid=1723)[0m [2026-09-29 20:05:57.996 actor_cell00000_rank00000] timer.py:31 - Timer actor_train start
[algo1a-g3c-tis-l0-modal] 
[algo1a-g3c-tis-l1-modal] YETO_RL_EVENT {"applied_lrs":[6.666666666666668e-06],"clip_fraction":0.0,"event":"rl_round_trained","island_id":1,"label/config_epoch":0,"label/execution_mode":"colocated-serial","label/profile_hash":"sha256:26dd25143461085064fd22237c80ab1d5ebd99cb13ea2160e2a4aeb8c9d5e379","label/weight_transport":"cuda-ipc","masked_fraction":null,"mismatch":{"ois":1.0,"tis":1.0006030797958374,"tis_abs":0.013347319327294827,"tis_clipfrac":0.0,"train_rollout_kl":0.0006459772121161222},"nonzero_advantages":null,"rollout_id":1,"time_unix":1790712359.5503314,"trained_groups":4,"trained_sample_ids_sha256":"2db44ca8e1db6f0b44c22e6134a0eb33edb7e03f9323974771a6138c41bc9a04","trained_samples":32}
[algo1a-g3c-tis-l1-modal] 
[algo1a-g3c-tis-l1-modal] YETO_RL_EVENT {"event":"rl_driver_phase","island_id":1,"phase":"sync","rollout_id":1,"time_unix":1790712359.5507402}
[algo1a-g3c-tis-l1-modal] 
[algo1a-g3c-tis-l1-modal] YETO_RL_EVENT {"event":"rl_driver_phase","island_id":1,"phase":"export_push","rollout_id":1,"time_unix":1790712359.5509202}
[algo1a-g3c-tis-l1-modal] 
[algo1a-g3c-tis-l1-modal] [36m(TrainerController pid=2527)[0m [2026-09-29 20:05:59.536 trainer_controller_actor] cell.py:239 - ft op=execute phase=end cell=trainer-engine-actor-00000 fn=train ok=true elapsed_s=13.9
[algo1a-g3c-tis-l1-modal] 
[algo1a-g3c-tis-l1-modal] [36m(TrainerController pid=2527)[0m [2026-09-29 20:05:59.536 trainer_controller_actor] group.py:290 - ft op=check errored= discarded= normal=0 decision=no_retry reason="survivors normal, gradients valid"
[algo1a-g3c-tis-l1-modal] 
[algo1a-g3c-tis-l1-modal] [36m(TrainerController pid=2527)[0m [2026-09-29 20:05:59.539 trainer_controller_actor] cell.py:231 - ft op=execute phase=start cell=trainer-engine-actor-00000 fn=run_plugin n_actors=1
[algo1a-g3c-tis-l1-modal] 
[algo1a-g3c-tis-l1-modal] [36m(TrainerController pid=2527)[0m [2026-09-29 20:05:59.541 trainer_controller_actor] cell.py:239 - ft op=execute phase=end cell=trainer-engine-actor-00000 fn=run_plugin ok=true elapsed_s=0.0
[algo1a-g3c-tis-l1-modal] 
[algo1a-g3c-tis-l1-modal] [36m(TrainerController pid=2527)[0m [2026-09-29 20:05:59.543 trainer_controller_actor] cell.py:231 - ft op=execute phase=start cell=trainer-engine-actor-00000 fn=run_plugin n_actors=1
[algo1a-g3c-tis-l1-modal] 
[algo1a-g3c-tis-l1-modal] [36m(TrainerController pid=2527)[0m [2026-09-29 20:05:59.545 trainer_controller_actor] cell.py:239 - ft op=execute phase=end cell=trainer-engine-actor-00000 fn=run_plugin ok=true elapsed_s=0.0
[algo1a-g3c-tis-l1-modal] 
[algo1a-g3c-tis-l1-modal] [36m(TrainerController pid=2527)[0m [2026-09-29 20:05:59.547 trainer_controller_actor] cell.py:231 - ft op=execute phase=start cell=trainer-engine-actor-00000 fn=run_plugin n_actors=1
[algo1a-g3c-tis-l1-modal] 
[algo1a-g3c-tis-l1-modal] [36m(TrainerController pid=2527)[0m [2026-09-29 20:05:59.548 trainer_controller_actor] cell.py:239 - ft op=execute phase=end cell=trainer-engine-actor-00000 fn=run_plugin ok=true elapsed_s=0.0
[algo1a-g3c-tis-l1-modal] 
[algo1a-g3c-tis-l1-modal] [36m(TrainerController pid=2527)[0m [2026-09-29 20:05:59.552 trainer_controller_actor] cell.py:231 - ft op=execute phase=start cell=trainer-engine-actor-00000 fn=run_plugin n_actors=1
[algo1a-g3c-tis-l1-modal] 
[algo1a-g3c-tis-l1-modal] [36m(MegatronTrainRayActor pid=2862)[0m [2026-09-29 20:05:59.531 actor_cell00000_rank00000] model.py:637 - train op=train_step rollout=1 step=0 attempt=0 outcome=NORMAL valid_step=true
[algo1a-g3c-tis-l1-modal] 
[algo1a-g3c-tis-l1-modal] [36m(MegatronTrainRayActor pid=2862)[0m [2026-09-29 20:05:59.532 actor_cell00000_rank00000] log_utils.py:554 - step 1: {'train/loss': -0.00020232796669006348, 'train/pg_loss': -0.00020232796669006348, 'train/entropy_loss': 0.0, 'train/pg_clipfrac': 0.0, 'train/ppo_kl': 0.0, 'train/ess_ratio': 1.0, 'train/train_rollout_logprob_abs_diff': 0.013345593586564064, 'train/train_rollout_kl': 0.0006459772121161222, 'train/ois': 1.0, 'train/tis': 1.0006030797958374, 'train/tis_clipfrac': 0.0, 'train/tis_abs': 0.013347319327294827, 'train/grad_norm': 0.4971286654472351, 'train/lr-pg_0': 3.333333333333334e-06, 'train/step': 1}
[algo1a-g3c-tis-l1-modal] 
[algo1a-g3c-tis-l1-modal] [36m(MegatronTrainRayActor pid=2862)[0m [2026-09-29 20:05:59.532 actor_cell00000_rank00000] model.py:847 - step 1: {'train/loss': -0.00020232796669006348, 'train/pg_loss': -0.00020232796669006348, 'train/entropy_loss': 0.0, 'train/pg_clipfrac': 0.0, 'train/ppo_kl': 0.0, 'train/ess_ratio': 1.0, 'train/train_rollout_logprob_abs_diff': 0.013345593586564064, 'train/train_rollout_kl': 0.0006459772121161222, 'train/ois': 1.0, 'train/tis': 1.0006030797958374, 'train/tis_clipfrac': 0.0, 'train/tis_abs': 0.013347319327294827, 'train/grad_norm': 0.4971286654472351, 'train/lr-pg_0': 3.333333333333334e-06, 'train/step': 1}
[algo1a-g3c-tis-l1-modal] 
[algo1a-g3c-tis-l1-modal] [36m(MegatronTrainRayActor pid=2862)[0m [2026-09-29 20:05:59.533 actor_cell00000_rank00000] timer.py:42 - Timer actor_train end (elapsed: 9.1s)
[algo1a-g3c-tis-l1-modal] 
[algo1a-g3c-tis-l1-modal] [36m(MegatronTrainRayActor pid=2862)[0m [2026-09-29 20:05:59.533 actor_cell00000_rank00000] timer.py:42 - Timer train end (elapsed: 13.9s)
[algo1a-g3c-tis-l1-modal] 
[algo1a-g3c-tis-l1-modal] [36m(MegatronTrainRayActor pid=2862)[0m [2026-09-29 20:05:59.533 actor_cell00000_rank00000] timer.py:31 - Timer train_wait start
[algo1a-g3c-tis-l1-modal] 
[algo1a-g3c-tis-l1-modal] [36m(MegatronTrainRayActor pid=2862)[0m [2026-09-29 20:05:59.533 actor_cell00000_rank00000] train_metric_utils.py:56 - perf 1: {'perf/update_weights_implementation_time': 0.08469128608703613, 'perf/finalize_and_resume_engines_time': 0.06528544425964355, 'perf/update_weights_time': 0.17865824699401855, 'perf/sleep_time': 1.0719366073608398, 'perf/wake_up_time': 0.7908384799957275, 'perf/data_preprocess_time': 0.0038881301879882812, 'perf/train_wait_time': 116.7866792678833, 'perf/log_probs_time': 4.81172251701355, 'perf/actor_train_time': 9.082294225692749, 'perf/train_time': 13.902143478393555, 'perf/log_probs_tflops': 1.8236076071664484, 'perf/actor_train_tflops': 2.8983955708385056, 'perf/actor_train_tok_per_s': 901.2040126211273, 'perf/mfu_peak_tflops': 989.0, 'perf/actor_train_mfu': 0.002930632528653696, 'perf/step_time': 130.68882274627686, 'perf/wait_time_ratio': 0.8936240821039181}
[algo1a-g3c-tis-l1-modal] 
[algo1a-g3c-tis-l1-modal] [36m(MegatronTrainRayActor pid=2862)[0m [2026-09-29 20:05:59.533 actor_cell00000_rank00000] structured_log.py:28 - actor cls=MegatronTrainRayActor fn=_train_actor phase=end ok=true elapsed_s=13.9
[algo1a-g3c-tis-l1-modal] 
[algo1a-g3c-tis-l1-modal] [36m(MegatronTrainRayActor pid=2862)[0m [2026-09-29 20:05:59.534 actor_cell00000_rank00000] structured_log.py:28 - actor cls=MegatronTrainRayActor fn=train phase=end ok=true elapsed_s=13.9
[algo1a-g3c-tis-l1-modal] 
[algo1a-g3c-tis-l1-modal] [36m(TrainerController pid=2527)[0m [2026-09-29 20:05:59.824 trainer_controller_actor] cell.py:239 - ft op=execute phase=end cell=trainer-engine-actor-00000 fn=run_plugin ok=true elapsed_s=0.3
[algo1a-g3c-tis-l1-modal] 
[algo1a-g3c-tis-l1-modal] YETO_RL_EVENT {"action_tokens":5161,"active_groups":4,"applied_lr":6.666666666666668e-06,"applied_lrs":[6.666666666666668e-06],"base_policy_version":1,"cancelled_groups":0,"clip_fraction":0.0,"completed_groups":4,"completed_trajectories":32,"delta_l2_norm":0.01876416988670826,"dynamic_filter_dropped_groups":0,"dynamic_filter_generated_groups":0,"dynamic_filter_replacement_attempts":0,"ess_ratio":null,"event":"rl_local_round","grad_norm":0.4971286654472351,"group_p50_seconds":0.0,"group_p95_seconds":0.0,"group_p99_seconds":0.0,"island_id":1,"local_round_id":2,"loss":null,"lr":null,"mean_kl":null,"nonzero_advantage_count":null,"pass_rate":null,"pg_loss":null,"reward_mean":0.40625,"reward_std":0.4911323014219285,"rl/action_tokens":5161,"rl/active_groups":4,"rl/cancelled_groups":0,"rl/clip_fraction":0.0,"rl/completed_groups":4,"rl/completed_trajectories":32,"rl/current_vs_rollout_kl":null,"rl/ess_ratio":null,"rl/global_policy_version":1,"rl/group_p50_seconds":0.0,"rl/group_p95_seconds":0.0,"rl/group_p99_seconds":0.0,"rl/local_delta_norm":0.01876416988670826,"rl/mixed_version_group_count":0,"rl/reward_mean":0.40625,"rl/reward_std":0.4911323014219285,"rl/rollout_policy_version":1,"rl/rollout_seconds":8.077266678,"rl/tool_wait_seconds":0.0,"rl/zero_variance_group_ratio":0.25,"rollout_seconds":8.077266678,"sync/bytes_sent":40370224,"time_unix":1790712360.1945944,"tool_wait_seconds":0.0,"train_seconds":13.926559919000056,"train_step":null,"zero_variance_group_ratio":0.25}
[algo1a-g3c-tis-l1-modal] 
[algo1a-g3c-tis-l1-modal] YETO_RL_EVENT {"event":"rl_driver_phase","island_id":1,"phase":"wait_global","policy_version":2,"time_unix":1790712360.2345905}
[algo1a-g3c-tis-l1-modal] 
[algo1a-g3c-tis-l0-modal] YETO_RL_EVENT {"applied_lrs":[6.666666666666668e-06],"clip_fraction":0.0,"event":"rl_round_trained","island_id":0,"label/config_epoch":0,"label/execution_mode":"colocated-serial","label/profile_hash":"sha256:26dd25143461085064fd22237c80ab1d5ebd99cb13ea2160e2a4aeb8c9d5e379","label/weight_transport":"cuda-ipc","masked_fraction":null,"mismatch":{"ois":1.0,"tis":1.0008374452590942,"tis_abs":0.0130835622549057,"tis_clipfrac":0.0,"train_rollout_kl":0.0006144128274172544},"nonzero_advantages":null,"rollout_id":1,"time_unix":1790712369.1600602,"trained_groups":4,"trained_sample_ids_sha256":"2db44ca8e1db6f0b44c22e6134a0eb33edb7e03f9323974771a6138c41bc9a04","trained_samples":32}
[algo1a-g3c-tis-l0-modal] 
[algo1a-g3c-tis-l0-modal] YETO_RL_EVENT {"event":"rl_driver_phase","island_id":0,"phase":"sync","rollout_id":1,"time_unix":1790712369.160461}
[algo1a-g3c-tis-l0-modal] 
[algo1a-g3c-tis-l0-modal] YETO_RL_EVENT {"event":"rl_driver_phase","island_id":0,"phase":"export_push","rollout_id":1,"time_unix":1790712369.1607065}
[algo1a-g3c-tis-l0-modal] 
[algo1a-g3c-tis-l0-modal] [36m(TrainerController pid=1470)[0m [2026-09-29 20:06:09.146 trainer_controller_actor] cell.py:239 - ft op=execute phase=end cell=trainer-engine-actor-00000 fn=train ok=true elapsed_s=16.7
[algo1a-g3c-tis-l0-modal] 
[algo1a-g3c-tis-l0-modal] [36m(TrainerController pid=1470)[0m [2026-09-29 20:06:09.146 trainer_controller_actor] group.py:290 - ft op=check errored= discarded= normal=0 decision=no_retry reason="survivors normal, gradients valid"
[algo1a-g3c-tis-l0-modal] 
[algo1a-g3c-tis-l0-modal] [36m(TrainerController pid=1470)[0m [2026-09-29 20:06:09.149 trainer_controller_actor] cell.py:231 - ft op=execute phase=start cell=trainer-engine-actor-00000 fn=run_plugin n_actors=1
[algo1a-g3c-tis-l0-modal] [36m(TrainerController pid=1470)[0m [2026-09-29 20:06:09.151 trainer_controller_actor] cell.py:239 - ft op=execute phase=end cell=trainer-engine-actor-00000 fn=run_plugin ok=true elapsed_s=0.0
[algo1a-g3c-tis-l0-modal] 
[algo1a-g3c-tis-l0-modal] [36m(TrainerController pid=1470)[0m [2026-09-29 20:06:09.153 trainer_controller_actor] cell.py:231 - ft op=execute phase=start cell=trainer-engine-actor-00000 fn=run_plugin n_actors=1
[algo1a-g3c-tis-l0-modal] 
[algo1a-g3c-tis-l0-modal] [36m(TrainerController pid=1470)[0m [2026-09-29 20:06:09.154 trainer_controller_actor] cell.py:239 - ft op=execute phase=end cell=trainer-engine-actor-00000 fn=run_plugin ok=true elapsed_s=0.0
[algo1a-g3c-tis-l0-modal] 
[algo1a-g3c-tis-l0-modal] [36m(TrainerController pid=1470)[0m [2026-09-29 20:06:09.157 trainer_controller_actor] cell.py:231 - ft op=execute phase=start cell=trainer-engine-actor-00000 fn=run_plugin n_actors=1
[algo1a-g3c-tis-l0-modal] [36m(TrainerController pid=1470)[0m [2026-09-29 20:06:09.158 trainer_controller_actor] cell.py:239 - ft op=execute phase=end cell=trainer-engine-actor-00000 fn=run_plugin ok=true elapsed_s=0.0
[algo1a-g3c-tis-l0-modal] 
[algo1a-g3c-tis-l0-modal] [36m(TrainerController pid=1470)[0m [2026-09-29 20:06:09.161 trainer_controller_actor] cell.py:231 - ft op=execute phase=start cell=trainer-engine-actor-00000 fn=run_plugin n_actors=1
[algo1a-g3c-tis-l0-modal] 
[algo1a-g3c-tis-l0-modal] [36m(MegatronTrainRayActor pid=1723)[0m [2026-09-29 20:06:09.141 actor_cell00000_rank00000] model.py:637 - train op=train_step rollout=1 step=0 attempt=0 outcome=NORMAL valid_step=true
[algo1a-g3c-tis-l0-modal] 
[algo1a-g3c-tis-l0-modal] [36m(MegatronTrainRayActor pid=1723)[0m [2026-09-29 20:06:09.143 actor_cell00000_rank00000] log_utils.py:554 - step 1: {'train/loss': -0.00012502633035182953, 'train/pg_loss': -0.00012502633035182953, 'train/entropy_loss': 0.0, 'train/pg_clipfrac': 0.0, 'train/ppo_kl': 0.0, 'train/ess_ratio': 1.0, 'train/train_rollout_logprob_abs_diff': 0.01305797602981329, 'train/train_rollout_kl': 0.0006144128274172544, 'train/ois': 1.0, 'train/tis': 1.0008374452590942, 'train/tis_clipfrac': 0.0, 'train/tis_abs': 0.0130835622549057, 'train/grad_norm': 0.4916149973869324, 'train/lr-pg_0': 3.333333333333334e-06, 'train/step': 1}
[algo1a-g3c-tis-l0-modal] 
[algo1a-g3c-tis-l0-modal] [36m(MegatronTrainRayActor pid=1723)[0m [2026-09-29 20:06:09.143 actor_cell00000_rank00000] model.py:847 - step 1: {'train/loss': -0.00012502633035182953, 'train/pg_loss': -0.00012502633035182953, 'train/entropy_loss': 0.0, 'train/pg_clipfrac': 0.0, 'train/ppo_kl': 0.0, 'train/ess_ratio': 1.0, 'train/train_rollout_logprob_abs_diff': 0.01305797602981329, 'train/train_rollout_kl': 0.0006144128274172544, 'train/ois': 1.0, 'train/tis': 1.0008374452590942, 'train/tis_clipfrac': 0.0, 'train/tis_abs': 0.0130835622549057, 'train/grad_norm': 0.4916149973869324, 'train/lr-pg_0': 3.333333333333334e-06, 'train/step': 1}
[algo1a-g3c-tis-l0-modal] 
[algo1a-g3c-tis-l0-modal] [36m(MegatronTrainRayActor pid=1723)[0m [2026-09-29 20:06:09.143 actor_cell00000_rank00000] timer.py:42 - Timer actor_train end (elapsed: 11.1s)
[algo1a-g3c-tis-l0-modal] 
[algo1a-g3c-tis-l0-modal] [36m(MegatronTrainRayActor pid=1723)[0m [2026-09-29 20:06:09.143 actor_cell00000_rank00000] timer.py:42 - Timer train end (elapsed: 16.7s)
[algo1a-g3c-tis-l0-modal] 
[algo1a-g3c-tis-l0-modal] [36m(MegatronTrainRayActor pid=1723)[0m [2026-09-29 20:06:09.143 actor_cell00000_rank00000] timer.py:31 - Timer train_wait start
[algo1a-g3c-tis-l0-modal] 
[algo1a-g3c-tis-l0-modal] [36m(MegatronTrainRayActor pid=1723)[0m [2026-09-29 20:06:09.143 actor_cell00000_rank00000] train_metric_utils.py:56 - perf 1: {'perf/update_weights_implementation_time': 0.07000064849853516, 'perf/finalize_and_resume_engines_time': 0.09064650535583496, 'perf/update_weights_time': 0.18775224685668945, 'perf/sleep_time': 1.0986027717590332, 'perf/wake_up_time': 0.8413634300231934, 'perf/data_preprocess_time': 0.005020856857299805, 'perf/train_wait_time': 73.91966438293457, 'perf/log_probs_time': 5.511273145675659, 'perf/actor_train_time': 11.1463782787323, 'perf/train_time': 16.666340112686157, 'perf/log_probs_tflops': 1.5910139488259778, 'perf/actor_train_tflops': 2.3600075911537948, 'perf/actor_train_tok_per_s': 733.8706614333861, 'perf/mfu_peak_tflops': 989.0, 'perf/actor_train_mfu': 0.0023862564116823, 'perf/step_time': 90.58600449562073, 'perf/wait_time_ratio': 0.8160163901092263}
[algo1a-g3c-tis-l0-modal] 
[algo1a-g3c-tis-l0-modal] [36m(MegatronTrainRayActor pid=1723)[0m [2026-09-29 20:06:09.143 actor_cell00000_rank00000] structured_log.py:28 - actor cls=MegatronTrainRayActor fn=_train_actor phase=end ok=true elapsed_s=16.7
[algo1a-g3c-tis-l0-modal] 
[algo1a-g3c-tis-l0-modal] [36m(MegatronTrainRayActor pid=1723)[0m [2026-09-29 20:06:09.144 actor_cell00000_rank00000] structured_log.py:28 - actor cls=MegatronTrainRayActor fn=train phase=end ok=true elapsed_s=16.7
[algo1a-g3c-tis-l0-modal] 
[algo1a-g3c-tis-l0-modal] [36m(TrainerController pid=1470)[0m [2026-09-29 20:06:09.479 trainer_controller_actor] cell.py:239 - ft op=execute phase=end cell=trainer-engine-actor-00000 fn=run_plugin ok=true elapsed_s=0.3
[algo1a-g3c-tis-l0-modal] 
[algo1a-g3c-tis-l0-modal] YETO_RL_EVENT {"action_tokens":5156,"active_groups":4,"applied_lr":6.666666666666668e-06,"applied_lrs":[6.666666666666668e-06],"base_policy_version":1,"cancelled_groups":0,"clip_fraction":0.0,"completed_groups":4,"completed_trajectories":32,"delta_l2_norm":0.018800275400280952,"dynamic_filter_dropped_groups":0,"dynamic_filter_generated_groups":0,"dynamic_filter_replacement_attempts":0,"ess_ratio":null,"event":"rl_local_round","grad_norm":0.4916149973869324,"group_p50_seconds":0.0,"group_p95_seconds":0.0,"group_p99_seconds":0.0,"island_id":0,"local_round_id":2,"loss":null,"lr":null,"mean_kl":null,"nonzero_advantage_count":null,"pass_rate":null,"pg_loss":null,"reward_mean":0.375,"reward_std":0.4841229182759271,"rl/action_tokens":5156,"rl/active_groups":4,"rl/cancelled_groups":0,"rl/clip_fraction":0.0,"rl/completed_groups":4,"rl/completed_trajectories":32,"rl/current_vs_rollout_kl":null,"rl/ess_ratio":null,"rl/global_policy_version":1,"rl/group_p50_seconds":0.0,"rl/group_p95_seconds":0.0,"rl/group_p99_seconds":0.0,"rl/local_delta_norm":0.018800275400280952,"rl/mixed_version_group_count":0,"rl/reward_mean":0.375,"rl/reward_std":0.4841229182759271,"rl/rollout_policy_version":1,"rl/rollout_seconds":8.56968455499998,"rl/tool_wait_seconds":0.0,"rl/zero_variance_group_ratio":0.25,"rollout_seconds":8.56968455499998,"sync/bytes_sent":40370224,"time_unix":1790712369.99869,"tool_wait_seconds":0.0,"train_seconds":16.692059678999954,"train_step":null,"zero_variance_group_ratio":0.25}
[algo1a-g3c-tis-l0-modal] 
[algo1a-g3c-tis-l0-modal] YETO_RL_EVENT {"event":"rl_driver_phase","island_id":0,"phase":"wait_global","policy_version":2,"time_unix":1790712370.0614433}
[algo1a-g3c-tis-l0-modal] 
[syncer] 2026-09-29T20:06:11.879061Z  INFO yeto_syncer::server: checkpoint committed step=2 path=/tmp/algo1a/g3home/yeto-output/yeto-state.ckpt
[syncer] 2026-09-29T20:06:11.991425Z  INFO yeto_syncer::server: outer step step=2 fragment=0 responders=[Member { learner_id: 0, generation: 15620651954206707447 }, Member { learner_id: 1, generation: 2072009425030167468 }] gnorm="0.0176" ms=90300
[algo1a-g3c-tis-l0-modal] YETO_RL_EVENT {"event":"rl_driver_phase","island_id":0,"optimizer":"reset","phase":"apply","policy_version":2,"time_unix":1790712372.307671}
[algo1a-g3c-tis-l0-modal] 
[algo1a-g3c-tis-l1-modal] [36m(CommandActor pid=2526)[0m [2026-09-29 20:06:12] INFO:     172.20.22.83:37951 - "GET /health HTTP/1.1" 200 OK
[algo1a-g3c-tis-l1-modal] 
[algo1a-g3c-tis-l1-modal] YETO_RL_EVENT {"event":"rl_driver_phase","island_id":1,"optimizer":"reset","phase":"apply","policy_version":2,"time_unix":1790712373.7026744}
[algo1a-g3c-tis-l1-modal] 
[algo1a-g3c-tis-l0-modal] [36m(CommandActor pid=1474)[0m [2026-09-29 20:06:27] INFO:     172.20.9.131:22898 - "GET /health HTTP/1.1" 200 OK
[algo1a-g3c-tis-l0-modal] 
[algo1a-g3c-tis-l0-modal] [36m(TrainerController pid=1470)[0m [2026-09-29 20:06:33.445 trainer_controller_actor] cell.py:231 - ft op=execute phase=start cell=trainer-engine-actor-00000 fn=run_plugin n_actors=1
[algo1a-g3c-tis-l0-modal] 
[algo1a-g3c-tis-l1-modal] [36m(TrainerController pid=2527)[0m [2026-09-29 20:06:40.085 trainer_controller_actor] cell.py:231 - ft op=execute phase=start cell=trainer-engine-actor-00000 fn=run_plugin n_actors=1
[algo1a-g3c-tis-l1-modal] 
[algo1a-g3c-tis-l0-modal] [36m(TrainerController pid=1470)[0m [2026-09-29 20:06:56.203 trainer_controller_actor] cell.py:239 - ft op=execute phase=end cell=trainer-engine-actor-00000 fn=run_plugin ok=true elapsed_s=22.8
[algo1a-g3c-tis-l0-modal] 
[algo1a-g3c-tis-l0-modal] [36m(TrainerController pid=1470)[0m [2026-09-29 20:06:56.273 trainer_controller_actor] cell.py:231 - ft op=execute phase=start cell=trainer-engine-actor-00000 fn=run_plugin n_actors=1
[algo1a-g3c-tis-l0-modal] 
[algo1a-g3c-tis-l0-modal] [36m(TrainerController pid=1470)[0m [2026-09-29 20:06:56.680 trainer_controller_actor] cell.py:239 - ft op=execute phase=end cell=trainer-engine-actor-00000 fn=run_plugin ok=true elapsed_s=0.4
[algo1a-g3c-tis-l0-modal] 
[algo1a-g3c-tis-l0-modal] YETO_RL_EVENT {"event":"rl_policy_apply","island_id":0,"local_step":2,"optimizer":"reset","partial_fragment_apply":false,"policy_version":2,"sync/apply_seconds":44.841413372000034,"sync/global_policy_hash":"5b7c7063c2e800da8b85daec97f443a3044c59c10183a559a367119e40e58b40","time_unix":1790712417.1499946}
[algo1a-g3c-tis-l0-modal] 
[algo1a-g3c-tis-l0-modal] YETO_RL_EVENT {"event":"rl_driver_phase","island_id":0,"phase":"publish","policy_version":2,"time_unix":1790712417.2272003}
[algo1a-g3c-tis-l0-modal] 
[algo1a-g3c-tis-l0-modal] [36m(TrainerController pid=1470)[0m [2026-09-29 20:06:57.322 trainer_controller_actor] cell.py:231 - ft op=execute phase=start cell=trainer-engine-actor-00000 fn=run_plugin n_actors=1
[algo1a-g3c-tis-l0-modal] 
[algo1a-g3c-tis-l0-modal] [36m(TrainerController pid=1470)[0m [2026-09-29 20:06:57.656 trainer_controller_actor] cell.py:239 - ft op=execute phase=end cell=trainer-engine-actor-00000 fn=run_plugin ok=true elapsed_s=0.3
[algo1a-g3c-tis-l0-modal] 
[algo1a-g3c-tis-l0-modal] [36m(InferenceController pid=1473)[0m [2026-09-29 20:06:58.093 inference_controller] _client.py:1740 - HTTP Request: POST http://172.20.9.131:20000/resume_memory_occupation "HTTP/1.1 200 OK"
[algo1a-g3c-tis-l0-modal] 
[algo1a-g3c-tis-l0-modal] [36m(CommandActor pid=1474)[0m [2026-09-29 20:06:58] INFO:     172.20.9.131:58689 - "POST /resume_memory_occupation HTTP/1.1" 200 OK
[algo1a-g3c-tis-l0-modal] 
[algo1a-g3c-tis-l0-modal] [36m(TrainerController pid=1470)[0m [2026-09-29 20:06:58.099 trainer_controller_actor] group.py:392 - ft op=update_weights phase=start rollout=
[algo1a-g3c-tis-l0-modal] 
[algo1a-g3c-tis-l0-modal] [36m(TrainerController pid=1470)[0m [2026-09-29 20:06:58.099 trainer_controller_actor] cell.py:231 - ft op=execute phase=start cell=trainer-engine-actor-00000 fn=update_weights n_actors=1
[algo1a-g3c-tis-l0-modal] 
[algo1a-g3c-tis-l0-modal] [36m(MegatronTrainRayActor pid=1723)[0m [2026-09-29 20:06:58.101 actor_cell00000_rank00000] structured_log.py:24 - actor cls=MegatronTrainRayActor fn=update_weights phase=start
[algo1a-g3c-tis-l0-modal] 
[algo1a-g3c-tis-l0-modal] [36m(MegatronTrainRayActor pid=1723)[0m [2026-09-29 20:06:58.101 actor_cell00000_rank00000] timer.py:31 - Timer update_weights start
[algo1a-g3c-tis-l0-modal] 
[algo1a-g3c-tis-l0-modal] [36m(MegatronTrainRayActor pid=1723)[0m [2026-09-29 20:06:58.102 actor_cell00000_rank00000] memory_utils.py:41 - [Rank 0] Memory-Usage before update_weights: {'gpu': '0', 'total_GB': 79.18, 'free_GB': 68.75, 'used_GB': 10.43, 'allocated_GB': 1.38, 'reserved_GB': 4.69}
[algo1a-g3c-tis-l0-modal] 
[algo1a-g3c-tis-l0-modal] [36m(CommandActor pid=1474)[0m [2026-09-29 20:06:58] INFO:     172.20.9.131:55845 - "POST /pause_generation HTTP/1.1" 200 OK
[algo1a-g3c-tis-l0-modal] 
[algo1a-g3c-tis-l0-modal] [36m(MegatronTrainRayActor pid=1723)[0m [2026-09-29 20:06:58.105 actor_cell00000_rank00000] _client.py:1740 - HTTP Request: POST http://172.20.9.131:20000/pause_generation "HTTP/1.1 200 OK"
[algo1a-g3c-tis-l0-modal] 
[algo1a-g3c-tis-l0-modal] [36m(CommandActor pid=1474)[0m [2026-09-29 20:06:58] INFO:     172.20.9.131:55845 - "GET /flush_cache HTTP/1.1" 200 OK
[algo1a-g3c-tis-l0-modal] 
[algo1a-g3c-tis-l0-modal] [36m(CommandActor pid=1474)[0m [2026-09-29 20:06:58] Cache flush skipped: KV cache memory is released.
[algo1a-g3c-tis-l0-modal] [36m(MegatronTrainRayActor pid=1723)[0m [2026-09-29 20:06:58.108 actor_cell00000_rank00000] _client.py:1740 - HTTP Request: GET http://172.20.9.131:20000/flush_cache "HTTP/1.1 200 OK"
[algo1a-g3c-tis-l0-modal] 
[algo1a-g3c-tis-l0-modal] [36m(CommandActor pid=1474)[0m [2026-09-29 20:06:58] INFO:     172.20.9.131:55845 - "POST /begin_weight_update HTTP/1.1" 200 OK
[algo1a-g3c-tis-l0-modal] 
[algo1a-g3c-tis-l0-modal] [36m(MegatronTrainRayActor pid=1723)[0m [2026-09-29 20:06:58.111 actor_cell00000_rank00000] _client.py:1740 - HTTP Request: POST http://172.20.9.131:20000/begin_weight_update "HTTP/1.1 200 OK"
[algo1a-g3c-tis-l0-modal] 
[algo1a-g3c-tis-l0-modal] [36m(MegatronTrainRayActor pid=1723)[0m [2026-09-29 20:06:58.111 actor_cell00000_rank00000] timer.py:31 - Timer update_weights_implementation start
[algo1a-g3c-tis-l0-modal] 
[algo1a-g3c-tis-l0-modal] [36m(MegatronTrainRayActor pid=1723)[0m [miles-colocate] Update weights: 0it [00:00, ?it/s]
[algo1a-g3c-tis-l0-modal] 
[algo1a-g3c-tis-l0-modal] [36m(CommandActor pid=1474)[0m [2026-09-29 20:06:58] INFO:     172.20.9.131:55845 - "POST /update_weights_from_tensor HTTP/1.1" 200 OK
[algo1a-g3c-tis-l0-modal] 
[algo1a-g3c-tis-l0-modal] [36m(CommandActor pid=1474)[0m [2026-09-29 20:06:58] LoRA adapter loading from tensors starts: LoRARef(lora_id=9e5bce4566734553be2dc5b1e9447ed7, lora_name=miles_lora, lora_path=__stream__, pinned=False, reloadable=False).
[algo1a-g3c-tis-l0-modal] 
[algo1a-g3c-tis-l0-modal] [36m(MegatronTrainRayActor pid=1723)[0m [2026-09-29 20:06:58.180 actor_cell00000_rank00000] _client.py:1740 - HTTP Request: POST http://172.20.9.131:20000/update_weights_from_tensor "HTTP/1.1 200 OK"
[algo1a-g3c-tis-l0-modal] 
[algo1a-g3c-tis-l0-modal] [36m(MegatronTrainRayActor pid=1723)[0m [2026-09-29 20:06:58.181 actor_cell00000_rank00000] timer.py:42 - Timer update_weights_implementation end (elapsed: 0.1s)
[algo1a-g3c-tis-l0-modal] 
[algo1a-g3c-tis-l0-modal] [36m(MegatronTrainRayActor pid=1723)[0m [2026-09-29 20:06:58.181 actor_cell00000_rank00000] timer.py:31 - Timer finalize_and_resume_engines start
[algo1a-g3c-tis-l0-modal] 
[algo1a-g3c-tis-l0-modal] [36m(CommandActor pid=1474)[0m [2026-09-29 20:06:58] LoRA adapter '9e5bce4566734553be2dc5b1e9447ed7': loaded weights for target modules ['down_proj', 'gate_up_proj', 'o_proj', 'qkv_proj'].
[algo1a-g3c-tis-l0-modal] 
[algo1a-g3c-tis-l0-modal] [36m(InferenceController pid=1473)[0m [2026-09-29 20:06:58.315 inference_controller] _client.py:1740 - HTTP Request: POST http://172.20.9.131:20000/resume_memory_occupation "HTTP/1.1 200 OK"
[algo1a-g3c-tis-l0-modal] 
[algo1a-g3c-tis-l0-modal] [36m(CommandActor pid=1474)[0m [2026-09-29 20:06:58] INFO:     172.20.9.131:55845 - "POST /end_weight_update HTTP/1.1" 200 OK
[algo1a-g3c-tis-l0-modal] 
[algo1a-g3c-tis-l0-modal] [36m(CommandActor pid=1474)[0m [2026-09-29 20:06:58] INFO:     172.20.9.131:55845 - "POST /update_weight_version HTTP/1.1" 200 OK
[algo1a-g3c-tis-l0-modal] [36m(CommandActor pid=1474)[0m [2026-09-29 20:06:58] INFO:     172.20.9.131:55845 - "POST /continue_generation HTTP/1.1" 200 OK
[algo1a-g3c-tis-l0-modal] 
[algo1a-g3c-tis-l0-modal] [36m(CommandActor pid=1474)[0m [2026-09-29 20:06:58] INFO:     172.20.9.131:58689 - "POST /resume_memory_occupation HTTP/1.1" 200 OK
[algo1a-g3c-tis-l0-modal] 
[algo1a-g3c-tis-l0-modal] [36m(CommandActor pid=1474)[0m [2026-09-29 20:06:58] INFO:     172.20.9.131:43554 - "POST /update_weight_version HTTP/1.1" 200 OK
[algo1a-g3c-tis-l0-modal] 
[algo1a-g3c-tis-l0-modal] [36m(CommandActor pid=1474)[0m [2026-09-29 20:06:58] LoRA adapter loading from tensors completes: LoRARef(lora_id=9e5bce4566734553be2dc5b1e9447ed7, lora_name=miles_lora, lora_path=__stream__, pinned=False, reloadable=False).
[algo1a-g3c-tis-l0-modal] 
[algo1a-g3c-tis-l0-modal] [36m(CommandActor pid=1474)[0m [2026-09-29 20:06:58] Weight version changed. old_version='yeto:1:4ae2527baff3b334501aede146a5739ee5c9e18106c8392a28b380627afcece5' new_version='3' num_recorded=0
[algo1a-g3c-tis-l0-modal] 
[algo1a-g3c-tis-l0-modal] [36m(CommandActor pid=1474)[0m [2026-09-29 20:06:58] [continue_generation] torch.cuda.empty_cache() called: reserved 32306.0 MB -> 32266.0 MB (freed 40.0 MB)
[algo1a-g3c-tis-l0-modal] 
[algo1a-g3c-tis-l0-modal] [36m(CommandActor pid=1474)[0m [2026-09-29 20:06:58] Weight version changed. old_version='3' new_version='yeto:2:5b7c7063c2e800da8b85daec97f443a3044c59c10183a559a367119e40e58b40' num_recorded=0
[algo1a-g3c-tis-l0-modal] [36m(TrainerController pid=1470)[0m [2026-09-29 20:06:58.281 trainer_controller_actor] cell.py:239 - ft op=execute phase=end cell=trainer-engine-actor-00000 fn=update_weights ok=true elapsed_s=0.2
[algo1a-g3c-tis-l0-modal] 
[algo1a-g3c-tis-l0-modal] [36m(MegatronTrainRayActor pid=1723)[0m [2026-09-29 20:06:58.245 actor_cell00000_rank00000] _client.py:1740 - HTTP Request: POST http://172.20.9.131:20000/end_weight_update "HTTP/1.1 200 OK"
[algo1a-g3c-tis-l0-modal] [36m(MegatronTrainRayActor pid=1723)[0m [2026-09-29 20:06:58.248 actor_cell00000_rank00000] _client.py:1740 - HTTP Request: POST http://172.20.9.131:20000/update_weight_version "HTTP/1.1 200 OK"
[algo1a-g3c-tis-l0-modal] 
[algo1a-g3c-tis-l0-modal] [36m(MegatronTrainRayActor pid=1723)[0m [2026-09-29 20:06:58.250 actor_cell00000_rank00000] _client.py:1740 - HTTP Request: POST http://172.20.9.131:20000/continue_generation "HTTP/1.1 200 OK"
[algo1a-g3c-tis-l0-modal] 
[algo1a-g3c-tis-l0-modal] [36m(MegatronTrainRayActor pid=1723)[0m [2026-09-29 20:06:58.251 actor_cell00000_rank00000] timer.py:42 - Timer finalize_and_resume_engines end (elapsed: 0.1s)
[algo1a-g3c-tis-l0-modal] 
[algo1a-g3c-tis-l0-modal] [36m(MegatronTrainRayActor pid=1723)[0m [miles-colocate] Update weights: 1it [00:00,  6.02it/s]
[algo1a-g3c-tis-l0-modal] 
[algo1a-g3c-tis-l0-modal] [36m(MegatronTrainRayActor pid=1723)[0m [2026-09-29 20:06:58.279 actor_cell00000_rank00000] memory_utils.py:41 - [Rank 0] Memory-Usage after update_weights: {'gpu': '0', 'total_GB': 79.18, 'free_GB': 71.98, 'used_GB': 7.2, 'allocated_GB': 1.38, 'reserved_GB': 1.49}
[algo1a-g3c-tis-l0-modal] 
[algo1a-g3c-tis-l0-modal] [36m(MegatronTrainRayActor pid=1723)[0m [2026-09-29 20:06:58.279 actor_cell00000_rank00000] timer.py:42 - Timer update_weights end (elapsed: 0.2s)
[algo1a-g3c-tis-l0-modal] 
[algo1a-g3c-tis-l0-modal] [36m(MegatronTrainRayActor pid=1723)[0m [2026-09-29 20:06:58.280 actor_cell00000_rank00000] structured_log.py:28 - actor cls=MegatronTrainRayActor fn=update_weights phase=end ok=true elapsed_s=0.2
[algo1a-g3c-tis-l0-modal] [36m(CommandActor pid=1474)[0m [2026-09-29 20:06:58] INFO:     172.20.9.131:43554 - "GET /model_info HTTP/1.1" 200 OK
[algo1a-g3c-tis-l0-modal] 
[algo1a-g3c-tis-l0-modal] YETO_RL_EVENT {"event":"rl_publication","island_id":0,"policy_version":2,"rl/policy_token":"yeto:2:5b7c7063c2e800da8b85daec97f443a3044c59c10183a559a367119e40e58b40","sync/publication_members":["engine:inference-engine-all-0-0-00000"],"sync/publication_payload_bytes":40370176,"sync/publication_payload_hash":"8acd9be81f016c6fe8586a88a492940439c6f2bdacd7cabfcf84a5d75d3528d5","time_unix":1790712418.3683739}
[algo1a-g3c-tis-l0-modal] 
[algo1a-g3c-tis-l0-modal] YETO_RL_EVENT {"event":"rl_driver_phase","island_id":0,"phase":"offload","rollout_id":2,"time_unix":1790712418.3692405}
[algo1a-g3c-tis-l0-modal] 
[algo1a-g3c-tis-l0-modal] [36m(InferenceController pid=1473)[0m [2026-09-29 20:06:58.363 inference_controller] _client.py:1740 - HTTP Request: POST http://172.20.9.131:20000/weights_checker "HTTP/1.1 200 OK"
[algo1a-g3c-tis-l0-modal] 
[algo1a-g3c-tis-l0-modal] [36m(CommandActor pid=1474)[0m [2026-09-29 20:06:58] INFO:     172.20.9.131:58689 - "POST /weights_checker HTTP/1.1" 200 OK
[algo1a-g3c-tis-l0-modal] 
[algo1a-g3c-tis-l0-modal] [36m(CommandActor pid=1474)[0m [2026-09-29 20:06:58] [WeightChecker] handle action=checksum allow_quant_error=False skip_tensor_list=None
[algo1a-g3c-tis-l0-modal] 
[algo1a-g3c-tis-l0-modal] [36m(CommandActor pid=1474)[0m [2026-09-29 20:06:58] [WeightChecker] checksum computed for 226 tensors in 0.029s
[algo1a-g3c-tis-l0-modal] 
[algo1a-g3c-tis-l0-modal] [36m(TrainerController pid=1470)[0m [2026-09-29 20:06:58.370 trainer_controller_actor] cell.py:231 - ft op=execute phase=start cell=trainer-engine-actor-00000 fn=sleep n_actors=1
[algo1a-g3c-tis-l0-modal] 
[algo1a-g3c-tis-l0-modal] [36m(MegatronTrainRayActor pid=1723)[0m [2026-09-29 20:06:58.371 actor_cell00000_rank00000] structured_log.py:24 - actor cls=MegatronTrainRayActor fn=sleep phase=start
[algo1a-g3c-tis-l0-modal] 
[algo1a-g3c-tis-l0-modal] [36m(MegatronTrainRayActor pid=1723)[0m [2026-09-29 20:06:58.372 actor_cell00000_rank00000] timer.py:31 - Timer sleep start
[algo1a-g3c-tis-l0-modal] 
[algo1a-g3c-tis-l0-modal] [36m(MegatronTrainRayActor pid=1723)[0m [2026-09-29 20:06:59.041 actor_cell00000_rank00000] memory_utils.py:41 - [Rank 0] Memory-Usage before offload model: {'gpu': '0', 'total_GB': 79.18, 'free_GB': 41.95, 'used_GB': 37.23, 'allocated_GB': 1.38, 'reserved_GB': 1.47}
[algo1a-g3c-tis-l0-modal] 
[algo1a-g3c-tis-l0-modal] YETO_RL_EVENT {"event":"rl_driver_phase","island_id":0,"phase":"generate","policy_version":2,"rollout_id":2,"time_unix":1790712419.480203}
[algo1a-g3c-tis-l0-modal] 
[algo1a-g3c-tis-l0-modal] [36m(RolloutExecutor pid=1472)[0m Rollout generation:   0%|          | 0/32 [00:00<?, ?it/s]
[algo1a-g3c-tis-l0-modal] 
[algo1a-g3c-tis-l0-modal] [36m(TrainerController pid=1470)[0m [2026-09-29 20:06:59.478 trainer_controller_actor] cell.py:239 - ft op=execute phase=end cell=trainer-engine-actor-00000 fn=sleep ok=true elapsed_s=1.1
[algo1a-g3c-tis-l0-modal] 
[algo1a-g3c-tis-l0-modal] [36m(MegatronTrainRayActor pid=1723)[0m [2026-09-29 20:06:59.476 actor_cell00000_rank00000] memory_utils.py:41 - [Rank 0] Memory-Usage after offload model: {'gpu': '0', 'total_GB': 79.18, 'free_GB': 43.4, 'used_GB': 35.78, 'allocated_GB': 1.38, 'reserved_GB': 1.47}
[algo1a-g3c-tis-l0-modal] 
[algo1a-g3c-tis-l0-modal] [36m(MegatronTrainRayActor pid=1723)[0m [2026-09-29 20:06:59.477 actor_cell00000_rank00000] log_utils.py:436 - [CPU memory] after_offload_train: 65.57 GB (rollout_id=1, step=1)
[algo1a-g3c-tis-l0-modal] 
[algo1a-g3c-tis-l0-modal] [36m(MegatronTrainRayActor pid=1723)[0m [2026-09-29 20:06:59.477 actor_cell00000_rank00000] timer.py:42 - Timer sleep end (elapsed: 1.1s)
[algo1a-g3c-tis-l0-modal] 
[algo1a-g3c-tis-l0-modal] [36m(MegatronTrainRayActor pid=1723)[0m [2026-09-29 20:06:59.477 actor_cell00000_rank00000] structured_log.py:28 - actor cls=MegatronTrainRayActor fn=sleep phase=end ok=true elapsed_s=1.1
[algo1a-g3c-tis-l0-modal] 
[algo1a-g3c-tis-l0-modal] [36m(CommandActor pid=1474)[0m [2026-09-29 20:07:02] Prefill batch, #new-seq: 1, #new-token: 141, #cached-token: 0, token usage: 0.01, #running-req: 0, #queue-req: 0, #pending-token: 0, cuda graph: False, input throughput (token/s): 1.94
[algo1a-g3c-tis-l0-modal] 
[algo1a-g3c-tis-l0-modal] [36m(CommandActor pid=1474)[0m [2026-09-29 20:07:02] Prefill batch, #new-seq: 31, #new-token: 3675, #cached-token: 0, token usage: 0.00, #running-req: 1, #queue-req: 0, #pending-token: 0, cuda graph: False, input throughput (token/s): 231445.46
[algo1a-g3c-tis-l0-modal] 
[algo1a-g3c-tis-l0-modal] [36m(CommandActor pid=1474)[0m [2026-09-29 20:07:02] Decode batch, #running-req: 32, #token: 1722, token usage: 0.01, cuda graph: True, gen throughput (token/s): 17.96, #queue-req: 0
[algo1a-g3c-tis-l0-modal] 
[algo1a-g3c-tis-l0-modal] [36m(CommandActor pid=1474)[0m [2026-09-29 20:07:02] Decode batch, #running-req: 32, #token: 3002, token usage: 0.01, cuda graph: True, gen throughput (token/s): 6206.31, #queue-req: 0
[algo1a-g3c-tis-l0-modal] 
[algo1a-g3c-tis-l0-modal] [36m(CommandActor pid=1474)[0m [2026-09-29 20:07:02] INFO:     172.20.9.131:24567 - "POST /generate HTTP/1.1" 200 OK
[algo1a-g3c-tis-l0-modal] 
[algo1a-g3c-tis-l0-modal] [36m(CommandActor pid=1474)[0m [2026-09-29 20:07:02] INFO:     172.20.9.131:55017 - "POST /generate HTTP/1.1" 200 OK
[algo1a-g3c-tis-l0-modal] 
[algo1a-g3c-tis-l0-modal] [36m(CommandActor pid=1474)[0m [2026-09-29 20:07:02] Decode batch, #running-req: 30, #token: 4040, token usage: 0.01, cuda graph: True, gen throughput (token/s): 6133.47, #queue-req: 0
[algo1a-g3c-tis-l0-modal] 
[algo1a-g3c-tis-l0-modal] [36m(CommandActor pid=1474)[0m [2026-09-29 20:07:02] INFO:     172.20.9.131:18597 - "POST /generate HTTP/1.1" 200 OK
[algo1a-g3c-tis-l0-modal] 
[algo1a-g3c-tis-l0-modal] [36m(CommandActor pid=1474)[0m [2026-09-29 20:07:02] INFO:     172.20.9.131:56186 - "POST /generate HTTP/1.1" 200 OK
[algo1a-g3c-tis-l0-modal] 
[algo1a-g3c-tis-l0-modal] [36m(CommandActor pid=1474)[0m [2026-09-29 20:07:02] INFO:     172.20.9.131:53941 - "POST /generate HTTP/1.1" 200 OK
[algo1a-g3c-tis-l0-modal] 
[algo1a-g3c-tis-l0-modal] [36m(CommandActor pid=1474)[0m [2026-09-29 20:07:02] INFO:     172.20.9.131:20984 - "POST /generate HTTP/1.1" 200 OK
[algo1a-g3c-tis-l0-modal] 
[algo1a-g3c-tis-l0-modal] [36m(CommandActor pid=1474)[0m [2026-09-29 20:07:02] INFO:     172.20.9.131:59071 - "POST /generate HTTP/1.1" 200 OK
[algo1a-g3c-tis-l0-modal] 
[algo1a-g3c-tis-l0-modal] [36m(CommandActor pid=1474)[0m [2026-09-29 20:07:03] INFO:     172.20.9.131:19143 - "POST /generate HTTP/1.1" 200 OK
[algo1a-g3c-tis-l0-modal] 
[algo1a-g3c-tis-l0-modal] [36m(CommandActor pid=1474)[0m [2026-09-29 20:07:02] Decode batch, #running-req: 28, #token: 4757, token usage: 0.02, cuda graph: True, gen throughput (token/s): 5588.53, #queue-req: 0
[algo1a-g3c-tis-l0-modal] 
[algo1a-g3c-tis-l0-modal] [36m(CommandActor pid=1474)[0m [2026-09-29 20:07:03] INFO:     172.20.9.131:55053 - "POST /generate HTTP/1.1" 200 OK
[algo1a-g3c-tis-l0-modal] 
[algo1a-g3c-tis-l0-modal] [36m(CommandActor pid=1474)[0m [2026-09-29 20:07:03] INFO:     172.20.9.131:36452 - "POST /generate HTTP/1.1" 200 OK
[algo1a-g3c-tis-l0-modal] 
[algo1a-g3c-tis-l0-modal] [36m(CommandActor pid=1474)[0m [2026-09-29 20:07:03] INFO:     172.20.9.131:28619 - "POST /generate HTTP/1.1" 200 OK
[algo1a-g3c-tis-l0-modal] 
[algo1a-g3c-tis-l0-modal] [36m(CommandActor pid=1474)[0m [2026-09-29 20:07:03] INFO:     172.20.9.131:47974 - "POST /generate HTTP/1.1" 200 OK
[algo1a-g3c-tis-l0-modal] 
[algo1a-g3c-tis-l0-modal] [36m(CommandActor pid=1474)[0m [2026-09-29 20:07:03] INFO:     172.20.9.131:44115 - "POST /generate HTTP/1.1" 200 OK
[algo1a-g3c-tis-l0-modal] 
[algo1a-g3c-tis-l0-modal] [36m(CommandActor pid=1474)[0m [2026-09-29 20:07:03] Decode batch, #running-req: 22, #token: 4832, token usage: 0.02, cuda graph: True, gen throughput (token/s): 4657.08, #queue-req: 0
[algo1a-g3c-tis-l0-modal] 
[algo1a-g3c-tis-l0-modal] [36m(CommandActor pid=1474)[0m [2026-09-29 20:07:03] INFO:     172.20.9.131:51099 - "POST /generate HTTP/1.1" 200 OK
[algo1a-g3c-tis-l0-modal] 
[algo1a-g3c-tis-l0-modal] [36m(RolloutExecutor pid=1472)[0m [2026-09-29 20:07:03.383 rollout_executor] inference_rollout_train.py:137 - First rollout sample: text_preview=<|im_start|>system\nYou are a helpful assistant. Please put the answer within \boxed{}.<|im_end|>\n<|im_start|>user\nAlexis is applying for a new job and bought a new set of business clothes to wear to the interview. She went to a department store with a budget of $200 and spent $30 on a button-up shirt, $46 on suit pants, $38 on a suit coat, $11 on socks, and $18 on a belt. She also purchased a pair of shoes, but lost the receipt for them. She has $16 left from her budget. How much did Alexis pay for the s...<truncated chars=409>, label=41, reward_summary=0.0
[algo1a-g3c-tis-l0-modal] 
[algo1a-g3c-tis-l0-modal] [36m(RolloutExecutor pid=1472)[0m Rollout generation:  25%|██▌       | 8/32 [00:03<00:11,  2.05it/s]
[algo1a-g3c-tis-l0-modal] 
[algo1a-g3c-tis-l0-modal] [36m(CommandActor pid=1474)[0m [2026-09-29 20:07:03] INFO:     172.20.9.131:54913 - "POST /generate HTTP/1.1" 200 OK
[algo1a-g3c-tis-l0-modal] 
[algo1a-g3c-tis-l0-modal] [36m(CommandActor pid=1474)[0m [2026-09-29 20:07:03] INFO:     172.20.9.131:23531 - "POST /generate HTTP/1.1" 200 OK
[algo1a-g3c-tis-l0-modal] 
[algo1a-g3c-tis-l0-modal] [36m(CommandActor pid=1474)[0m [2026-09-29 20:07:03] INFO:     172.20.9.131:34794 - "POST /generate HTTP/1.1" 200 OK
[algo1a-g3c-tis-l0-modal] 
[algo1a-g3c-tis-l0-modal] [36m(CommandActor pid=1474)[0m [2026-09-29 20:07:03] INFO:     172.20.9.131:35088 - "POST /generate HTTP/1.1" 200 OK
[algo1a-g3c-tis-l0-modal] 
[algo1a-g3c-tis-l0-modal] [36m(CommandActor pid=1474)[0m [2026-09-29 20:07:03] Decode batch, #running-req: 18, #token: 4748, token usage: 0.02, cuda graph: True, gen throughput (token/s): 3708.67, #queue-req: 0
[algo1a-g3c-tis-l0-modal] 
[algo1a-g3c-tis-l0-modal] [36m(CommandActor pid=1474)[0m [2026-09-29 20:07:03] INFO:     172.20.9.131:36773 - "POST /generate HTTP/1.1" 200 OK
[algo1a-g3c-tis-l0-modal] 
[algo1a-g3c-tis-l0-modal] [36m(CommandActor pid=1474)[0m [2026-09-29 20:07:03] INFO:     172.20.9.131:24123 - "POST /generate HTTP/1.1" 200 OK
[algo1a-g3c-tis-l0-modal] 
[algo1a-g3c-tis-l0-modal] [36m(RolloutExecutor pid=1472)[0m Rollout generation:  50%|█████     | 16/32 [00:04<00:03,  4.62it/s]
[algo1a-g3c-tis-l0-modal] 
[algo1a-g3c-tis-l0-modal] [36m(CommandActor pid=1474)[0m [2026-09-29 20:07:03] INFO:     172.20.9.131:24259 - "POST /generate HTTP/1.1" 200 OK
[algo1a-g3c-tis-l0-modal] 
[algo1a-g3c-tis-l0-modal] [36m(CommandActor pid=1474)[0m [2026-09-29 20:07:03] Decode batch, #running-req: 13, #token: 3663, token usage: 0.01, cuda graph: True, gen throughput (token/s): 2833.21, #queue-req: 0
[algo1a-g3c-tis-l0-modal] 
[algo1a-g3c-tis-l0-modal] [36m(CommandActor pid=1474)[0m [2026-09-29 20:07:03] Decode batch, #running-req: 11, #token: 3746, token usage: 0.01, cuda graph: True, gen throughput (token/s): 2218.84, #queue-req: 0
[algo1a-g3c-tis-l0-modal] 
[algo1a-g3c-tis-l0-modal] [36m(CommandActor pid=1474)[0m [2026-09-29 20:07:03] INFO:     172.20.9.131:54812 - "POST /generate HTTP/1.1" 200 OK
[algo1a-g3c-tis-l0-modal] 
[algo1a-g3c-tis-l0-modal] [36m(CommandActor pid=1474)[0m [2026-09-29 20:07:03] INFO:     172.20.9.131:24591 - "POST /generate HTTP/1.1" 200 OK
[algo1a-g3c-tis-l0-modal] 
[algo1a-g3c-tis-l0-modal] [36m(CommandActor pid=1474)[0m [2026-09-29 20:07:03] Decode batch, #running-req: 9, #token: 3464, token usage: 0.01, cuda graph: True, gen throughput (token/s): 2084.66, #queue-req: 0
[algo1a-g3c-tis-l0-modal] 
[algo1a-g3c-tis-l0-modal] [36m(CommandActor pid=1474)[0m [2026-09-29 20:07:03] INFO:     172.20.9.131:55451 - "POST /generate HTTP/1.1" 200 OK
[algo1a-g3c-tis-l0-modal] 
[algo1a-g3c-tis-l0-modal] [36m(InferenceController pid=1473)[0m [2026-09-29 20:07:04.127 inference_controller] _client.py:1740 - HTTP Request: GET http://172.20.9.131:20000/flush_cache "HTTP/1.1 200 OK"
[algo1a-g3c-tis-l0-modal] 
[algo1a-g3c-tis-l0-modal] [36m(RolloutExecutor pid=1472)[0m Rollout generation:  75%|███████▌  | 24/32 [00:04<00:01,  6.83it/s]Rollout generation: 100%|██████████| 32/32 [00:04<00:00,  6.93it/s]
[algo1a-g3c-tis-l0-modal] 
[algo1a-g3c-tis-l0-modal] [36m(RolloutExecutor pid=1472)[0m [2026-09-29 20:07:04.104 rollout_executor] inference_rollout_train.py:161 - Finish rollout: text_preview=<|im_start|>system\nYou are a helpful assistant. Please put the answer within \boxed{}.<|im_end|>\n<|im_start|>user\nA deep-sea monster rises from the waters once every hundred years to feast on a ship and sate its hunger. Over three hundred years, it has consumed 847 people. Ships have been built larger over time, so each new ship has twice as many people as the last ship. How many people were on the ship the monster ate in the first hundred years?<|im_end|>\n<|im_start|>assistant\n<think>\n\n</think>\n\nL...<truncated chars=1178>, label=121, reward_summary=0.0
[algo1a-g3c-tis-l0-modal] 
[algo1a-g3c-tis-l0-modal] [36m(RolloutExecutor pid=1472)[0m [2026-09-29 20:07:04.106 rollout_executor] inference_rollout_train.py:33 - Abort request for ['http://172.20.9.131:20000']
[algo1a-g3c-tis-l0-modal] 
[algo1a-g3c-tis-l0-modal] [36m(RolloutExecutor pid=1472)[0m [2026-09-29 20:07:04.113 rollout_executor] rollout_data_conversion.py:39 - Final collected 32 samples from rollout to train
[algo1a-g3c-tis-l0-modal] 
[algo1a-g3c-tis-l0-modal] [36m(RolloutExecutor pid=1472)[0m [2026-09-29 20:07:04.114 rollout_executor] metrics.py:93 - perf 2: {'rollout/raw_reward_unfiltered': 0.21875, 'rollout/num_training_samples': 32, 'rollout/episode_raw_reward': 0.21875, 'rollout/episode_response_length/mean': 262.90625, 'rollout/episode_response_length/median': 244.5, 'rollout/episode_response_length/max': 384, 'rollout/episode_response_length/min': 109, 'rollout/episode_total_response_length/mean': 262.90625, 'rollout/response_len/mean': 262.90625, 'rollout/response_len/median': 244.5, 'rollout/response_len/max': 384, 'rollout/response_len/min': 109, 'rollout/zero_std/count_0.0': 1, 'rollout/zero_std/all_zero_percentage': 0.25, 'rollout/zero_std/all_one_percentage': 0.0, 'rollout/prefix_cache_hit_rate': 0.0, 'rollout/avg_cached_tokens_per_sample': 0.0, 'rollout/repetition_frac': 0.0, 'rollout/truncated_ratio': 0.25, 'perf/rollout_time': 4.628369569778442, 'perf/tokens_per_gpu_per_sec': 1817.7027294738537, 'perf/longest_sample_tokens_per_sec': 82.96658125733505, 'perf/effective_tokens_per_gpu_per_sec': 1817.7027294738537, 'perf/longest_effective_sample_tokens_per_sec': 82.96658125733505}
[algo1a-g3c-tis-l0-modal] [36m(RolloutExecutor pid=1472)[0m [2026-09-29 20:07:04.115 rollout_executor] train_data_conversion.py:334 - Rollout-side DP schedule: num_samples=32, num_rollouts=[32], num_microbatches=[32]
[algo1a-g3c-tis-l0-modal] 
[algo1a-g3c-tis-l0-modal] [36m(CommandActor pid=1474)[0m [2026-09-29 20:07:04] INFO:     172.20.9.131:63622 - "POST /generate HTTP/1.1" 200 OK
[algo1a-g3c-tis-l0-modal] 
[algo1a-g3c-tis-l0-modal] [36m(CommandActor pid=1474)[0m [2026-09-29 20:07:04] INFO:     172.20.9.131:57047 - "POST /generate HTTP/1.1" 200 OK
[algo1a-g3c-tis-l0-modal] 
[algo1a-g3c-tis-l0-modal] [36m(CommandActor pid=1474)[0m [2026-09-29 20:07:04] INFO:     172.20.9.131:25059 - "POST /generate HTTP/1.1" 200 OK
[algo1a-g3c-tis-l0-modal] 
[algo1a-g3c-tis-l0-modal] [36m(CommandActor pid=1474)[0m [2026-09-29 20:07:04] INFO:     172.20.9.131:36569 - "POST /generate HTTP/1.1" 200 OK
[algo1a-g3c-tis-l0-modal] 
[algo1a-g3c-tis-l0-modal] [36m(CommandActor pid=1474)[0m [2026-09-29 20:07:04] INFO:     172.20.9.131:23306 - "POST /generate HTTP/1.1" 200 OK
[algo1a-g3c-tis-l0-modal] 
[36m(CommandActor pid=1474)[0m [2026-09-29 20:07:04] INFO:     172.20.9.131:23602 - "POST /generate HTTP/1.1" 200 OK
[algo1a-g3c-tis-l0-modal] 
[algo1a-g3c-tis-l0-modal] [36m(CommandActor pid=1474)[0m [2026-09-29 20:07:04] INFO:     172.20.9.131:61519 - "POST /generate HTTP/1.1" 200 OK
[algo1a-g3c-tis-l0-modal] [36m(CommandActor pid=1474)[0m [2026-09-29 20:07:04] INFO:     172.20.9.131:50554 - "POST /generate HTTP/1.1" 200 OK
[algo1a-g3c-tis-l0-modal] 
[algo1a-g3c-tis-l0-modal] [36m(CommandActor pid=1474)[0m [2026-09-29 20:07:04] INFO:     172.20.9.131:44519 - "POST /abort_request HTTP/1.1" 200 OK
[algo1a-g3c-tis-l0-modal] [36m(CommandActor pid=1474)[0m [2026-09-29 20:07:04] INFO:     172.20.9.131:18446 - "GET /flush_cache HTTP/1.1" 200 OK
[algo1a-g3c-tis-l0-modal] 
[algo1a-g3c-tis-l0-modal] [36m(CommandActor pid=1474)[0m [2026-09-29 20:07:04] Cache flushed successfully!
[algo1a-g3c-tis-l0-modal] 
[algo1a-g3c-tis-l0-modal] [36m(CommandActor pid=1474)[0m [2026-09-29 20:07:04] Cache flushed successfully!
[algo1a-g3c-tis-l0-modal] 
[algo1a-g3c-tis-l0-modal] YETO_RL_EVENT {"event":"rl_driver_phase","island_id":0,"phase":"onload","rollout_id":2,"time_unix":1790712424.5463452}
[algo1a-g3c-tis-l0-modal] 
[algo1a-g3c-tis-l0-modal] [36m(InferenceController pid=1473)[0m [2026-09-29 20:07:04.538 inference_controller] _client.py:1740 - HTTP Request: POST http://172.20.9.131:20000/release_memory_occupation "HTTP/1.1 200 OK"
[algo1a-g3c-tis-l0-modal] 
[algo1a-g3c-tis-l0-modal] [36m(CommandActor pid=1474)[0m [2026-09-29 20:07:04] INFO:     172.20.9.131:18446 - "POST /release_memory_occupation HTTP/1.1" 200 OK
[algo1a-g3c-tis-l0-modal] 
[algo1a-g3c-tis-l0-modal] [36m(TrainerController pid=1470)[0m [2026-09-29 20:07:04.547 trainer_controller_actor] cell.py:231 - ft op=execute phase=start cell=trainer-engine-actor-00000 fn=wake_up n_actors=1
[algo1a-g3c-tis-l0-modal] 
[algo1a-g3c-tis-l0-modal] [36m(MegatronTrainRayActor pid=1723)[0m [2026-09-29 20:07:04.548 actor_cell00000_rank00000] structured_log.py:24 - actor cls=MegatronTrainRayActor fn=wake_up phase=start
[algo1a-g3c-tis-l0-modal] 
[algo1a-g3c-tis-l0-modal] [36m(MegatronTrainRayActor pid=1723)[0m [2026-09-29 20:07:04.549 actor_cell00000_rank00000] timer.py:31 - Timer wake_up start
[algo1a-g3c-tis-l0-modal] 
[algo1a-g3c-tis-l0-modal] [36m(MegatronTrainRayActor pid=1723)[0m [2026-09-29 20:07:04.549 actor_cell00000_rank00000] memory_utils.py:41 - [Rank 0] Memory-Usage before wake_up model: {'gpu': '0', 'total_GB': 79.18, 'free_GB': 74.61, 'used_GB': 4.57, 'allocated_GB': 1.38, 'reserved_GB': 1.47}
[algo1a-g3c-tis-l0-modal] 
[algo1a-g3c-tis-l0-modal] YETO_RL_EVENT {"event":"rl_driver_phase","island_id":0,"phase":"train","rollout_id":2,"time_unix":1790712425.4066975}
[algo1a-g3c-tis-l0-modal] 
[algo1a-g3c-tis-l0-modal] [36m(TrainerController pid=1470)[0m [2026-09-29 20:07:05.405 trainer_controller_actor] cell.py:239 - ft op=execute phase=end cell=trainer-engine-actor-00000 fn=wake_up ok=true elapsed_s=0.9
[algo1a-g3c-tis-l0-modal] 
[algo1a-g3c-tis-l0-modal] [36m(TrainerController pid=1470)[0m [2026-09-29 20:07:05.408 trainer_controller_actor] group.py:190 - ft op=train phase=start rollout=2 attempt=0
[algo1a-g3c-tis-l0-modal] [36m(TrainerController pid=1470)[0m [2026-09-29 20:07:05.409 trainer_controller_actor] group.py:534 - ft op=refresh phase=start rollout=2 alive=0 healing= all_states="(0, 'StateAllocatedAlive')" quorum=0
[algo1a-g3c-tis-l0-modal] 
[algo1a-g3c-tis-l0-modal] [36m(TrainerController pid=1470)[0m [2026-09-29 20:07:05.409 trainer_controller_actor] group.py:557 - ft op=refresh phase=decision rollout=2 needs_reconfigure=false reason=alive_config_unchanged,no_healing quorum=0
[algo1a-g3c-tis-l0-modal] 
[algo1a-g3c-tis-l0-modal] [36m(TrainerController pid=1470)[0m [2026-09-29 20:07:05.409 trainer_controller_actor] cell.py:231 - ft op=execute phase=start cell=trainer-engine-actor-00000 fn=train n_actors=1
[algo1a-g3c-tis-l0-modal] 
[algo1a-g3c-tis-l0-modal] [36m(MegatronTrainRayActor pid=1723)[0m [2026-09-29 20:07:05.402 actor_cell00000_rank00000] reloadable_process_group.py:151 - Reloading 0 process groups in pid 1723
[algo1a-g3c-tis-l0-modal] 
[algo1a-g3c-tis-l0-modal] [36m(MegatronTrainRayActor pid=1723)[0m [2026-09-29 20:07:05.403 actor_cell00000_rank00000] memory_utils.py:41 - [Rank 0] Memory-Usage after wake_up model: {'gpu': '0', 'total_GB': 79.18, 'free_GB': 73.16, 'used_GB': 6.02, 'allocated_GB': 1.38, 'reserved_GB': 1.47}
[algo1a-g3c-tis-l0-modal] 
[algo1a-g3c-tis-l0-modal] [36m(MegatronTrainRayActor pid=1723)[0m [2026-09-29 20:07:05.403 actor_cell00000_rank00000] timer.py:42 - Timer wake_up end (elapsed: 0.9s)
[algo1a-g3c-tis-l0-modal] 
[algo1a-g3c-tis-l0-modal] [36m(MegatronTrainRayActor pid=1723)[0m [2026-09-29 20:07:05.403 actor_cell00000_rank00000] structured_log.py:28 - actor cls=MegatronTrainRayActor fn=wake_up phase=end ok=true elapsed_s=0.9
[algo1a-g3c-tis-l0-modal] 
[algo1a-g3c-tis-l0-modal] [36m(MegatronTrainRayActor pid=1723)[0m [2026-09-29 20:07:05.410 actor_cell00000_rank00000] structured_log.py:24 - actor cls=MegatronTrainRayActor fn=train phase=start
[algo1a-g3c-tis-l0-modal] 
[algo1a-g3c-tis-l0-modal] [36m(MegatronTrainRayActor pid=1723)[0m [2026-09-29 20:07:05.410 actor_cell00000_rank00000] timer.py:31 - Timer data_preprocess start
[algo1a-g3c-tis-l0-modal] 
[algo1a-g3c-tis-l0-modal] [36m(MegatronTrainRayActor pid=1723)[0m [2026-09-29 20:07:05.416 actor_cell00000_rank00000] timer.py:42 - Timer data_preprocess end (elapsed: 0.0s)
[algo1a-g3c-tis-l0-modal] [36m(MegatronTrainRayActor pid=1723)[0m [2026-09-29 20:07:05.416 actor_cell00000_rank00000] structured_log.py:24 - actor cls=MegatronTrainRayActor fn=_train_actor phase=start
[algo1a-g3c-tis-l0-modal] [36m(MegatronTrainRayActor pid=1723)[0m [2026-09-29 20:07:05.416 actor_cell00000_rank00000] timer.py:42 - Timer train_wait end (elapsed: 56.3s)
[algo1a-g3c-tis-l0-modal] 
[algo1a-g3c-tis-l0-modal] [36m(MegatronTrainRayActor pid=1723)[0m [2026-09-29 20:07:05.416 actor_cell00000_rank00000] timer.py:31 - Timer train start
[algo1a-g3c-tis-l0-modal] 
[algo1a-g3c-tis-l0-modal] [36m(MegatronTrainRayActor pid=1723)[0m [2026-09-29 20:07:05.416 actor_cell00000_rank00000] structured_log.py:24 - actor cls=MegatronTrainRayActor fn=_compute_log_prob phase=start
[algo1a-g3c-tis-l0-modal] [36m(MegatronTrainRayActor pid=1723)[0m [2026-09-29 20:07:05.417 actor_cell00000_rank00000] timer.py:31 - Timer log_probs start
[algo1a-g3c-tis-l0-modal] 
[algo1a-g3c-tis-l1-modal] [36m(TrainerController pid=2527)[0m [2026-09-29 20:07:05.835 trainer_controller_actor] cell.py:239 - ft op=execute phase=end cell=trainer-engine-actor-00000 fn=run_plugin ok=true elapsed_s=25.7
[algo1a-g3c-tis-l1-modal] 
[algo1a-g3c-tis-l1-modal] [36m(TrainerController pid=2527)[0m [2026-09-29 20:07:05.905 trainer_controller_actor] cell.py:231 - ft op=execute phase=start cell=trainer-engine-actor-00000 fn=run_plugin n_actors=1
[algo1a-g3c-tis-l1-modal] 
[algo1a-g3c-tis-l1-modal] [36m(TrainerController pid=2527)[0m [2026-09-29 20:07:06.291 trainer_controller_actor] cell.py:239 - ft op=execute phase=end cell=trainer-engine-actor-00000 fn=run_plugin ok=true elapsed_s=0.4
[algo1a-g3c-tis-l1-modal] 
[algo1a-g3c-tis-l1-modal] YETO_RL_EVENT {"event":"rl_policy_apply","island_id":1,"local_step":2,"optimizer":"reset","partial_fragment_apply":false,"policy_version":2,"sync/apply_seconds":52.87676209099993,"sync/global_policy_hash":"5b7c7063c2e800da8b85daec97f443a3044c59c10183a559a367119e40e58b40","time_unix":1790712426.5802653}
[algo1a-g3c-tis-l1-modal] 
[algo1a-g3c-tis-l1-modal] YETO_RL_EVENT {"event":"rl_driver_phase","island_id":1,"phase":"publish","policy_version":2,"time_unix":1790712426.6460571}
[algo1a-g3c-tis-l1-modal] 
[algo1a-g3c-tis-l1-modal] [36m(TrainerController pid=2527)[0m [2026-09-29 20:07:06.714 trainer_controller_actor] cell.py:231 - ft op=execute phase=start cell=trainer-engine-actor-00000 fn=run_plugin n_actors=1
[algo1a-g3c-tis-l1-modal] 
[algo1a-g3c-tis-l1-modal] [36m(TrainerController pid=2527)[0m [2026-09-29 20:07:07.013 trainer_controller_actor] cell.py:239 - ft op=execute phase=end cell=trainer-engine-actor-00000 fn=run_plugin ok=true elapsed_s=0.3
[algo1a-g3c-tis-l1-modal] 
[algo1a-g3c-tis-l1-modal] [36m(InferenceController pid=2520)[0m [2026-09-29 20:07:07.358 inference_controller] _client.py:1740 - HTTP Request: POST http://172.20.22.83:20001/resume_memory_occupation "HTTP/1.1 200 OK"
[algo1a-g3c-tis-l1-modal] 
[algo1a-g3c-tis-l1-modal] [36m(CommandActor pid=2526)[0m [2026-09-29 20:07:07] INFO:     172.20.22.83:31619 - "POST /resume_memory_occupation HTTP/1.1" 200 OK
[algo1a-g3c-tis-l1-modal] 
[algo1a-g3c-tis-l1-modal] [36m(CommandActor pid=2526)[0m [2026-09-29 20:07:07] INFO:     172.20.22.83:27911 - "POST /pause_generation HTTP/1.1" 200 OK
[algo1a-g3c-tis-l1-modal] 
[algo1a-g3c-tis-l1-modal] [36m(CommandActor pid=2526)[0m [2026-09-29 20:07:07] INFO:     172.20.22.83:27911 - "GET /flush_cache HTTP/1.1" 200 OK
[algo1a-g3c-tis-l1-modal] 
[algo1a-g3c-tis-l1-modal] [36m(CommandActor pid=2526)[0m [2026-09-29 20:07:07] INFO:     172.20.22.83:27911 - "POST /begin_weight_update HTTP/1.1" 200 OK
[algo1a-g3c-tis-l1-modal] 
[algo1a-g3c-tis-l1-modal] [36m(CommandActor pid=2526)[0m [2026-09-29 20:07:07] Cache flush skipped: KV cache memory is released.
[algo1a-g3c-tis-l1-modal] 
[algo1a-g3c-tis-l1-modal] [36m(TrainerController pid=2527)[0m [2026-09-29 20:07:07.365 trainer_controller_actor] group.py:392 - ft op=update_weights phase=start rollout=
[algo1a-g3c-tis-l1-modal] 
[algo1a-g3c-tis-l1-modal] [36m(TrainerController pid=2527)[0m [2026-09-29 20:07:07.365 trainer_controller_actor] cell.py:231 - ft op=execute phase=start cell=trainer-engine-actor-00000 fn=update_weights n_actors=1
[algo1a-g3c-tis-l1-modal] 
[algo1a-g3c-tis-l1-modal] [36m(MegatronTrainRayActor pid=2862)[0m [2026-09-29 20:07:07.367 actor_cell00000_rank00000] structured_log.py:24 - actor cls=MegatronTrainRayActor fn=update_weights phase=start
[algo1a-g3c-tis-l1-modal] 
[algo1a-g3c-tis-l1-modal] [36m(MegatronTrainRayActor pid=2862)[0m [2026-09-29 20:07:07.367 actor_cell00000_rank00000] timer.py:31 - Timer update_weights start
[algo1a-g3c-tis-l1-modal] 
[algo1a-g3c-tis-l1-modal] [36m(MegatronTrainRayActor pid=2862)[0m [2026-09-29 20:07:07.368 actor_cell00000_rank00000] memory_utils.py:41 - [Rank 0] Memory-Usage before update_weights: {'gpu': '0', 'total_GB': 79.18, 'free_GB': 68.76, 'used_GB': 10.42, 'allocated_GB': 1.38, 'reserved_GB': 4.69}
[algo1a-g3c-tis-l1-modal] 
[algo1a-g3c-tis-l1-modal] [36m(MegatronTrainRayActor pid=2862)[0m [2026-09-29 20:07:07.372 actor_cell00000_rank00000] _client.py:1740 - HTTP Request: POST http://172.20.22.83:20001/pause_generation "HTTP/1.1 200 OK"
[algo1a-g3c-tis-l1-modal] 
[algo1a-g3c-tis-l1-modal] [36m(MegatronTrainRayActor pid=2862)[0m [2026-09-29 20:07:07.375 actor_cell00000_rank00000] _client.py:1740 - HTTP Request: GET http://172.20.22.83:20001/flush_cache "HTTP/1.1 200 OK"
[algo1a-g3c-tis-l1-modal] 
[algo1a-g3c-tis-l1-modal] [36m(MegatronTrainRayActor pid=2862)[0m [2026-09-29 20:07:07.379 actor_cell00000_rank00000] _client.py:1740 - HTTP Request: POST http://172.20.22.83:20001/begin_weight_update "HTTP/1.1 200 OK"
[algo1a-g3c-tis-l1-modal] 
[algo1a-g3c-tis-l1-modal] [36m(MegatronTrainRayActor pid=2862)[0m [2026-09-29 20:07:07.379 actor_cell00000_rank00000] timer.py:31 - Timer update_weights_implementation start
[algo1a-g3c-tis-l1-modal] 
[algo1a-g3c-tis-l1-modal] [36m(MegatronTrainRayActor pid=2862)[0m [miles-colocate] Update weights: 0it [00:00, ?it/s]
[algo1a-g3c-tis-l1-modal] 
[algo1a-g3c-tis-l1-modal] [36m(CommandActor pid=2526)[0m [2026-09-29 20:07:07] INFO:     172.20.22.83:27911 - "POST /update_weights_from_tensor HTTP/1.1" 200 OK
[algo1a-g3c-tis-l1-modal] 
[algo1a-g3c-tis-l1-modal] [36m(CommandActor pid=2526)[0m [2026-09-29 20:07:07] INFO:     172.20.22.83:27911 - "POST /end_weight_update HTTP/1.1" 200 OK
[algo1a-g3c-tis-l1-modal] 
[algo1a-g3c-tis-l1-modal] [36m(CommandActor pid=2526)[0m [2026-09-29 20:07:07] INFO:     172.20.22.83:27911 - "POST /update_weight_version HTTP/1.1" 200 OK
[algo1a-g3c-tis-l1-modal] 
[algo1a-g3c-tis-l1-modal] [36m(CommandActor pid=2526)[0m [2026-09-29 20:07:07] INFO:     172.20.22.83:27911 - "POST /continue_generation HTTP/1.1" 200 OK
[algo1a-g3c-tis-l1-modal] 
[algo1a-g3c-tis-l1-modal] [36m(CommandActor pid=2526)[0m [2026-09-29 20:07:07] LoRA adapter loading from tensors starts: LoRARef(lora_id=78854b8b31b746eb971c8e1c090247b6, lora_name=miles_lora, lora_path=__stream__, pinned=False, reloadable=False).
[algo1a-g3c-tis-l1-modal] 
[algo1a-g3c-tis-l1-modal] [36m(CommandActor pid=2526)[0m [2026-09-29 20:07:07] LoRA adapter '78854b8b31b746eb971c8e1c090247b6': loaded weights for target modules ['down_proj', 'gate_up_proj', 'o_proj', 'qkv_proj'].
[algo1a-g3c-tis-l1-modal] 
[algo1a-g3c-tis-l1-modal] [36m(CommandActor pid=2526)[0m [2026-09-29 20:07:07] LoRA adapter loading from tensors completes: LoRARef(lora_id=78854b8b31b746eb971c8e1c090247b6, lora_name=miles_lora, lora_path=__stream__, pinned=False, reloadable=False).
[algo1a-g3c-tis-l1-modal] 
[algo1a-g3c-tis-l1-modal] [36m(CommandActor pid=2526)[0m [2026-09-29 20:07:07] Weight version changed. old_version='yeto:1:4ae2527baff3b334501aede146a5739ee5c9e18106c8392a28b380627afcece5' new_version='3' num_recorded=0
[algo1a-g3c-tis-l1-modal] 
[algo1a-g3c-tis-l1-modal] [36m(CommandActor pid=2526)[0m [2026-09-29 20:07:07] [continue_generation] torch.cuda.empty_cache() called: reserved 32306.0 MB -> 32266.0 MB (freed 40.0 MB)
[algo1a-g3c-tis-l1-modal] 
[algo1a-g3c-tis-l1-modal] [36m(MegatronTrainRayActor pid=2862)[0m [2026-09-29 20:07:07.469 actor_cell00000_rank00000] _client.py:1740 - HTTP Request: POST http://172.20.22.83:20001/update_weights_from_tensor "HTTP/1.1 200 OK"
[algo1a-g3c-tis-l1-modal] 
[algo1a-g3c-tis-l1-modal] [36m(MegatronTrainRayActor pid=2862)[0m [2026-09-29 20:07:07.470 actor_cell00000_rank00000] timer.py:42 - Timer update_weights_implementation end (elapsed: 0.1s)
[algo1a-g3c-tis-l1-modal] 
[algo1a-g3c-tis-l1-modal] [36m(MegatronTrainRayActor pid=2862)[0m [2026-09-29 20:07:07.470 actor_cell00000_rank00000] timer.py:31 - Timer finalize_and_resume_engines start
[algo1a-g3c-tis-l1-modal] 
[algo1a-g3c-tis-l1-modal] [36m(MegatronTrainRayActor pid=2862)[0m [2026-09-29 20:07:07.526 actor_cell00000_rank00000] _client.py:1740 - HTTP Request: POST http://172.20.22.83:20001/end_weight_update "HTTP/1.1 200 OK"
[algo1a-g3c-tis-l1-modal] 
[algo1a-g3c-tis-l1-modal] [36m(MegatronTrainRayActor pid=2862)[0m [2026-09-29 20:07:07.530 actor_cell00000_rank00000] _client.py:1740 - HTTP Request: POST http://172.20.22.83:20001/update_weight_version "HTTP/1.1 200 OK"
[algo1a-g3c-tis-l1-modal] 
[algo1a-g3c-tis-l1-modal] [36m(MegatronTrainRayActor pid=2862)[0m [2026-09-29 20:07:07.532 actor_cell00000_rank00000] _client.py:1740 - HTTP Request: POST http://172.20.22.83:20001/continue_generation "HTTP/1.1 200 OK"
[algo1a-g3c-tis-l1-modal] 
[algo1a-g3c-tis-l1-modal] [36m(MegatronTrainRayActor pid=2862)[0m [2026-09-29 20:07:07.533 actor_cell00000_rank00000] timer.py:42 - Timer finalize_and_resume_engines end (elapsed: 0.1s)
[algo1a-g3c-tis-l1-modal] 
[algo1a-g3c-tis-l1-modal] [36m(InferenceController pid=2520)[0m [2026-09-29 20:07:07.626 inference_controller] _client.py:1740 - HTTP Request: POST http://172.20.22.83:20001/resume_memory_occupation "HTTP/1.1 200 OK"
[algo1a-g3c-tis-l1-modal] 
[algo1a-g3c-tis-l1-modal] [36m(CommandActor pid=2526)[0m [2026-09-29 20:07:07] INFO:     172.20.22.83:31619 - "POST /resume_memory_occupation HTTP/1.1" 200 OK
[algo1a-g3c-tis-l1-modal] 
[algo1a-g3c-tis-l1-modal] [36m(CommandActor pid=2526)[0m [2026-09-29 20:07:07] INFO:     172.20.22.83:24911 - "POST /update_weight_version HTTP/1.1" 200 OK
[algo1a-g3c-tis-l1-modal] 
[algo1a-g3c-tis-l1-modal] [36m(CommandActor pid=2526)[0m [2026-09-29 20:07:07] INFO:     172.20.22.83:24911 - "GET /model_info HTTP/1.1" 200 OK
[algo1a-g3c-tis-l1-modal] 
[algo1a-g3c-tis-l1-modal] [36m(CommandActor pid=2526)[0m [2026-09-29 20:07:07] Weight version changed. old_version='3' new_version='yeto:2:5b7c7063c2e800da8b85daec97f443a3044c59c10183a559a367119e40e58b40' num_recorded=0
[algo1a-g3c-tis-l1-modal] 
[algo1a-g3c-tis-l1-modal] [36m(CommandActor pid=2526)[0m [2026-09-29 20:07:07] [WeightChecker] handle action=checksum allow_quant_error=False skip_tensor_list=None
[algo1a-g3c-tis-l1-modal] 
[algo1a-g3c-tis-l1-modal] [36m(TrainerController pid=2527)[0m [2026-09-29 20:07:07.581 trainer_controller_actor] cell.py:239 - ft op=execute phase=end cell=trainer-engine-actor-00000 fn=update_weights ok=true elapsed_s=0.2
[algo1a-g3c-tis-l1-modal] 
[algo1a-g3c-tis-l1-modal] [36m(MegatronTrainRayActor pid=2862)[0m [miles-colocate] Update weights: 1it [00:00,  5.07it/s]
[algo1a-g3c-tis-l1-modal] 
[algo1a-g3c-tis-l1-modal] [36m(MegatronTrainRayActor pid=2862)[0m [2026-09-29 20:07:07.578 actor_cell00000_rank00000] memory_utils.py:41 - [Rank 0] Memory-Usage after update_weights: {'gpu': '0', 'total_GB': 79.18, 'free_GB': 71.95, 'used_GB': 7.23, 'allocated_GB': 1.38, 'reserved_GB': 1.52}
[algo1a-g3c-tis-l1-modal] 
[algo1a-g3c-tis-l1-modal] [36m(MegatronTrainRayActor pid=2862)[0m [2026-09-29 20:07:07.579 actor_cell00000_rank00000] timer.py:42 - Timer update_weights end (elapsed: 0.2s)
[algo1a-g3c-tis-l1-modal] 
[algo1a-g3c-tis-l1-modal] [36m(MegatronTrainRayActor pid=2862)[0m [2026-09-29 20:07:07.579 actor_cell00000_rank00000] structured_log.py:28 - actor cls=MegatronTrainRayActor fn=update_weights phase=end ok=true elapsed_s=0.2
[algo1a-g3c-tis-l1-modal] 
[algo1a-g3c-tis-l1-modal] YETO_RL_EVENT {"event":"rl_publication","island_id":1,"policy_version":2,"rl/policy_token":"yeto:2:5b7c7063c2e800da8b85daec97f443a3044c59c10183a559a367119e40e58b40","sync/publication_members":["engine:inference-engine-all-0-0-00000"],"sync/publication_payload_bytes":40370176,"sync/publication_payload_hash":"8acd9be81f016c6fe8586a88a492940439c6f2bdacd7cabfcf84a5d75d3528d5","time_unix":1790712427.6781173}
[algo1a-g3c-tis-l1-modal] 
[algo1a-g3c-tis-l1-modal] YETO_RL_EVENT {"event":"rl_driver_phase","island_id":1,"phase":"offload","rollout_id":2,"time_unix":1790712427.6788483}
[algo1a-g3c-tis-l1-modal] 
[algo1a-g3c-tis-l1-modal] [36m(InferenceController pid=2520)[0m [2026-09-29 20:07:07.672 inference_controller] _client.py:1740 - HTTP Request: POST http://172.20.22.83:20001/weights_checker "HTTP/1.1 200 OK"
[algo1a-g3c-tis-l1-modal] 
[algo1a-g3c-tis-l1-modal] [36m(CommandActor pid=2526)[0m [2026-09-29 20:07:07] INFO:     172.20.22.83:31619 - "POST /weights_checker HTTP/1.1" 200 OK
[algo1a-g3c-tis-l1-modal] 
[algo1a-g3c-tis-l1-modal] [36m(CommandActor pid=2526)[0m [2026-09-29 20:07:07] [WeightChecker] checksum computed for 226 tensors in 0.022s
[algo1a-g3c-tis-l1-modal] 
[algo1a-g3c-tis-l1-modal] [36m(TrainerController pid=2527)[0m [2026-09-29 20:07:07.680 trainer_controller_actor] cell.py:231 - ft op=execute phase=start cell=trainer-engine-actor-00000 fn=sleep n_actors=1
[algo1a-g3c-tis-l1-modal] 
[algo1a-g3c-tis-l1-modal] [36m(MegatronTrainRayActor pid=2862)[0m [2026-09-29 20:07:07.681 actor_cell00000_rank00000] structured_log.py:24 - actor cls=MegatronTrainRayActor fn=sleep phase=start
[algo1a-g3c-tis-l1-modal] 
[algo1a-g3c-tis-l1-modal] [36m(MegatronTrainRayActor pid=2862)[0m [2026-09-29 20:07:07.681 actor_cell00000_rank00000] timer.py:31 - Timer sleep start
[algo1a-g3c-tis-l1-modal] 
[algo1a-g3c-tis-l1-modal] [36m(MegatronTrainRayActor pid=2862)[0m [2026-09-29 20:07:08.319 actor_cell00000_rank00000] memory_utils.py:41 - [Rank 0] Memory-Usage before offload model: {'gpu': '0', 'total_GB': 79.18, 'free_GB': 41.92, 'used_GB': 37.26, 'allocated_GB': 1.38, 'reserved_GB': 1.49}
[algo1a-g3c-tis-l1-modal] 
[algo1a-g3c-tis-l1-modal] YETO_RL_EVENT {"event":"rl_driver_phase","island_id":1,"phase":"generate","policy_version":2,"rollout_id":2,"time_unix":1790712428.854883}
[algo1a-g3c-tis-l1-modal] 
[algo1a-g3c-tis-l1-modal] [36m(RolloutExecutor pid=2525)[0m Rollout generation:   0%|          | 0/32 [00:00<?, ?it/s]
[algo1a-g3c-tis-l1-modal] 
[algo1a-g3c-tis-l1-modal] [36m(TrainerController pid=2527)[0m [2026-09-29 20:07:08.853 trainer_controller_actor] cell.py:239 - ft op=execute phase=end cell=trainer-engine-actor-00000 fn=sleep ok=true elapsed_s=1.2
[algo1a-g3c-tis-l1-modal] 
[algo1a-g3c-tis-l1-modal] [36m(MegatronTrainRayActor pid=2862)[0m [2026-09-29 20:07:08.851 actor_cell00000_rank00000] memory_utils.py:41 - [Rank 0] Memory-Usage after offload model: {'gpu': '0', 'total_GB': 79.18, 'free_GB': 43.4, 'used_GB': 35.78, 'allocated_GB': 1.38, 'reserved_GB': 1.49}
[algo1a-g3c-tis-l1-modal] 
[algo1a-g3c-tis-l1-modal] [36m(MegatronTrainRayActor pid=2862)[0m [2026-09-29 20:07:08.851 actor_cell00000_rank00000] log_utils.py:436 - [CPU memory] after_offload_train: 68.57 GB (rollout_id=1, step=1)
[algo1a-g3c-tis-l1-modal] 
[algo1a-g3c-tis-l1-modal] [36m(MegatronTrainRayActor pid=2862)[0m [2026-09-29 20:07:08.851 actor_cell00000_rank00000] timer.py:42 - Timer sleep end (elapsed: 1.2s)
[algo1a-g3c-tis-l1-modal] 
[algo1a-g3c-tis-l1-modal] [36m(MegatronTrainRayActor pid=2862)[0m [2026-09-29 20:07:08.851 actor_cell00000_rank00000] structured_log.py:28 - actor cls=MegatronTrainRayActor fn=sleep phase=end ok=true elapsed_s=1.2
[algo1a-g3c-tis-l1-modal] 
[algo1a-g3c-tis-l1-modal] [36m(CommandActor pid=2526)[0m [2026-09-29 20:07:11] Prefill batch, #new-seq: 1, #new-token: 141, #cached-token: 0, token usage: 0.01, #running-req: 0, #queue-req: 0, #pending-token: 0, cuda graph: False, input throughput (token/s): 1.59
[algo1a-g3c-tis-l0-modal] [36m(MegatronTrainRayActor pid=1723)[0m [2026-09-29 20:07:11.261 actor_cell00000_rank00000] timer.py:42 - Timer log_probs end (elapsed: 5.8s)
[algo1a-g3c-tis-l1-modal] 
[algo1a-g3c-tis-l1-modal] [36m(CommandActor pid=2526)[0m [2026-09-29 20:07:11] Prefill batch, #new-seq: 31, #new-token: 3675, #cached-token: 0, token usage: 0.00, #running-req: 1, #queue-req: 0, #pending-token: 0, cuda graph: False, input throughput (token/s): 351694.83
[algo1a-g3c-tis-l1-modal] 
[algo1a-g3c-tis-l0-modal] 
[algo1a-g3c-tis-l0-modal] [36m(MegatronTrainRayActor pid=1723)[0m [2026-09-29 20:07:11.261 actor_cell00000_rank00000] structured_log.py:28 - actor cls=MegatronTrainRayActor fn=_compute_log_prob phase=end ok=true elapsed_s=5.8
[algo1a-g3c-tis-l0-modal] 
[algo1a-g3c-tis-l0-modal] [36m(MegatronTrainRayActor pid=1723)[0m [2026-09-29 20:07:11.268 actor_cell00000_rank00000] log_utils.py:100 - ft op=cross_cell phase=start kind=log_gather rank=0
[algo1a-g3c-tis-l0-modal] [36m(MegatronTrainRayActor pid=1723)[0m [2026-09-29 20:07:11.269 actor_cell00000_rank00000] log_utils.py:106 - ft op=cross_cell phase=end kind=log_gather rank=0 success=true
[algo1a-g3c-tis-l0-modal] 
[algo1a-g3c-tis-l0-modal] [36m(MegatronTrainRayActor pid=1723)[0m [2026-09-29 20:07:11.269 actor_cell00000_rank00000] log_utils.py:126 - rollout 2: {'rollout/response_lengths': 262.90625, 'rollout/rewards': 3.725290298461914e-09, 'rollout/truncated': 0.25, 'rollout/rollout_log_probs': -0.49000823497772217, 'rollout/raw_reward': 0.21875, 'rollout/total_lengths': 382.15625, 'rollout/log_probs': -0.49057748913764954, 'rollout/advantages': 2.9802322387695312e-08, 'rollout/returns': 2.9802322387695312e-08}
[algo1a-g3c-tis-l0-modal] 
[algo1a-g3c-tis-l0-modal] [36m(MegatronTrainRayActor pid=1723)[0m [2026-09-29 20:07:11.269 actor_cell00000_rank00000] timer.py:31 - Timer actor_train start
[algo1a-g3c-tis-l0-modal] 
[algo1a-g3c-tis-l1-modal] [36m(CommandActor pid=2526)[0m [2026-09-29 20:07:11] Decode batch, #running-req: 32, #token: 1722, token usage: 0.01, cuda graph: True, gen throughput (token/s): 14.66, #queue-req: 0
[algo1a-g3c-tis-l1-modal] 
[algo1a-g3c-tis-l1-modal] [36m(CommandActor pid=2526)[0m [2026-09-29 20:07:11] Decode batch, #running-req: 32, #token: 3002, token usage: 0.01, cuda graph: True, gen throughput (token/s): 6154.18, #queue-req: 0
[algo1a-g3c-tis-l1-modal] 
[algo1a-g3c-tis-l1-modal] [36m(CommandActor pid=2526)[0m [2026-09-29 20:07:11] INFO:     172.20.22.83:60846 - "POST /generate HTTP/1.1" 200 OK
[algo1a-g3c-tis-l1-modal] 
[algo1a-g3c-tis-l1-modal] [36m(CommandActor pid=2526)[0m [2026-09-29 20:07:11] Decode batch, #running-req: 31, #token: 4161, token usage: 0.02, cuda graph: True, gen throughput (token/s): 6062.48, #queue-req: 0
[algo1a-g3c-tis-l1-modal] 
[algo1a-g3c-tis-l1-modal] [36m(CommandActor pid=2526)[0m [2026-09-29 20:07:12] INFO:     172.20.22.83:18820 - "POST /generate HTTP/1.1" 200 OK
[algo1a-g3c-tis-l1-modal] 
[algo1a-g3c-tis-l1-modal] [36m(CommandActor pid=2526)[0m [2026-09-29 20:07:12] INFO:     172.20.22.83:18530 - "POST /generate HTTP/1.1" 200 OK
[algo1a-g3c-tis-l1-modal] 
[algo1a-g3c-tis-l1-modal] [36m(CommandActor pid=2526)[0m [2026-09-29 20:07:12] INFO:     172.20.22.83:23270 - "POST /generate HTTP/1.1" 200 OK
[algo1a-g3c-tis-l1-modal] 
[algo1a-g3c-tis-l1-modal] [36m(CommandActor pid=2526)[0m [2026-09-29 20:07:12] INFO:     172.20.22.83:25441 - "POST /generate HTTP/1.1" 200 OK
[algo1a-g3c-tis-l1-modal] 
[algo1a-g3c-tis-l1-modal] [36m(CommandActor pid=2526)[0m [2026-09-29 20:07:12] INFO:     172.20.22.83:25321 - "POST /generate HTTP/1.1" 200 OK
[algo1a-g3c-tis-l1-modal] 
[algo1a-g3c-tis-l1-modal] [36m(CommandActor pid=2526)[0m [2026-09-29 20:07:12] INFO:     172.20.22.83:38096 - "POST /generate HTTP/1.1" 200 OK
[algo1a-g3c-tis-l1-modal] 
[algo1a-g3c-tis-l1-modal] [36m(CommandActor pid=2526)[0m [2026-09-29 20:07:12] Decode batch, #running-req: 28, #token: 4757, token usage: 0.02, cuda graph: True, gen throughput (token/s): 5738.79, #queue-req: 0
[algo1a-g3c-tis-l1-modal] 
[algo1a-g3c-tis-l1-modal] [36m(CommandActor pid=2526)[0m [2026-09-29 20:07:12] INFO:     172.20.22.83:49857 - "POST /generate HTTP/1.1" 200 OK
[algo1a-g3c-tis-l1-modal] 
[algo1a-g3c-tis-l1-modal] [36m(CommandActor pid=2526)[0m [2026-09-29 20:07:12] INFO:     172.20.22.83:24881 - "POST /generate HTTP/1.1" 200 OK
[algo1a-g3c-tis-l1-modal] 
[algo1a-g3c-tis-l1-modal] [36m(CommandActor pid=2526)[0m [2026-09-29 20:07:12] INFO:     172.20.22.83:28430 - "POST /generate HTTP/1.1" 200 OK
[algo1a-g3c-tis-l1-modal] 
[algo1a-g3c-tis-l1-modal] [36m(CommandActor pid=2526)[0m [2026-09-29 20:07:12] INFO:     172.20.22.83:54785 - "POST /generate HTTP/1.1" 200 OK
[algo1a-g3c-tis-l1-modal] 
[algo1a-g3c-tis-l1-modal] [36m(CommandActor pid=2526)[0m [2026-09-29 20:07:12] Decode batch, #running-req: 23, #token: 5033, token usage: 0.02, cuda graph: True, gen throughput (token/s): 4755.21, #queue-req: 0
[algo1a-g3c-tis-l1-modal] 
[algo1a-g3c-tis-l1-modal] [36m(CommandActor pid=2526)[0m [2026-09-29 20:07:12] INFO:     172.20.22.83:60331 - "POST /generate HTTP/1.1" 200 OK
[algo1a-g3c-tis-l1-modal] 
[algo1a-g3c-tis-l1-modal] [36m(CommandActor pid=2526)[0m [2026-09-29 20:07:12] INFO:     172.20.22.83:44244 - "POST /generate HTTP/1.1" 200 OK
[algo1a-g3c-tis-l1-modal] 
[algo1a-g3c-tis-l1-modal] [36m(RolloutExecutor pid=2525)[0m [2026-09-29 20:07:12.649 rollout_executor] inference_rollout_train.py:137 - First rollout sample: text_preview=<|im_start|>system\nYou are a helpful assistant. Please put the answer within \boxed{}.<|im_end|>\n<|im_start|>user\nAlexis is applying for a new job and bought a new set of business clothes to wear to the interview. She went to a department store with a budget of $200 and spent $30 on a button-up shirt, $46 on suit pants, $38 on a suit coat, $11 on socks, and $18 on a belt. She also purchased a pair of shoes, but lost the receipt for them. She has $16 left from her budget. How much did Alexis pay for the s...<truncated chars=502>, label=41, reward_summary=1.0
[algo1a-g3c-tis-l1-modal] 
[algo1a-g3c-tis-l1-modal] [36m(RolloutExecutor pid=2525)[0m Rollout generation:  25%|██▌       | 8/32 [00:03<00:11,  2.11it/s]
[algo1a-g3c-tis-l1-modal] 
[algo1a-g3c-tis-l1-modal] [36m(CommandActor pid=2526)[0m [2026-09-29 20:07:12] INFO:     172.20.22.83:61046 - "POST /generate HTTP/1.1" 200 OK
[algo1a-g3c-tis-l1-modal] 
[algo1a-g3c-tis-l1-modal] [36m(CommandActor pid=2526)[0m [2026-09-29 20:07:12] INFO:     172.20.22.83:24005 - "POST /generate HTTP/1.1" 200 OK
[algo1a-g3c-tis-l1-modal] 
[algo1a-g3c-tis-l1-modal] [36m(CommandActor pid=2526)[0m [2026-09-29 20:07:12] INFO:     172.20.22.83:37188 - "POST /generate HTTP/1.1" 200 OK
[algo1a-g3c-tis-l1-modal] 
[algo1a-g3c-tis-l1-modal] [36m(CommandActor pid=2526)[0m [2026-09-29 20:07:12] INFO:     172.20.22.83:19623 - "POST /generate HTTP/1.1" 200 OK
[algo1a-g3c-tis-l1-modal] 
[algo1a-g3c-tis-l1-modal] [36m(CommandActor pid=2526)[0m [2026-09-29 20:07:12] Decode batch, #running-req: 19, #token: 4989, token usage: 0.02, cuda graph: True, gen throughput (token/s): 3948.26, #queue-req: 0
[algo1a-g3c-tis-l1-modal] 
[algo1a-g3c-tis-l1-modal] [36m(CommandActor pid=2526)[0m [2026-09-29 20:07:12] INFO:     172.20.22.83:24700 - "POST /generate HTTP/1.1" 200 OK
[algo1a-g3c-tis-l1-modal] 
[algo1a-g3c-tis-l1-modal] [36m(CommandActor pid=2526)[0m [2026-09-29 20:07:12] INFO:     172.20.22.83:61491 - "GET /health HTTP/1.1" 200 OK
[algo1a-g3c-tis-l1-modal] 
[algo1a-g3c-tis-l1-modal] [36m(RolloutExecutor pid=2525)[0m Rollout generation:  50%|█████     | 16/32 [00:04<00:03,  4.74it/s]
[algo1a-g3c-tis-l1-modal] 
[algo1a-g3c-tis-l1-modal] [36m(CommandActor pid=2526)[0m [2026-09-29 20:07:12] INFO:     172.20.22.83:63125 - "POST /generate HTTP/1.1" 200 OK
[algo1a-g3c-tis-l1-modal] 
[algo1a-g3c-tis-l1-modal] [36m(CommandActor pid=2526)[0m [2026-09-29 20:07:12] INFO:     172.20.22.83:52595 - "POST /generate HTTP/1.1" 200 OK
[algo1a-g3c-tis-l1-modal] 
[algo1a-g3c-tis-l1-modal] [36m(CommandActor pid=2526)[0m [2026-09-29 20:07:12] Decode batch, #running-req: 14, #token: 3944, token usage: 0.01, cuda graph: True, gen throughput (token/s): 3033.83, #queue-req: 0
[algo1a-g3c-tis-l1-modal] 
[algo1a-g3c-tis-l1-modal] [36m(CommandActor pid=2526)[0m [2026-09-29 20:07:13] Decode batch, #running-req: 12, #token: 4067, token usage: 0.01, cuda graph: True, gen throughput (token/s): 2411.89, #queue-req: 0
[algo1a-g3c-tis-l1-modal] 
[algo1a-g3c-tis-l1-modal] [36m(CommandActor pid=2526)[0m [2026-09-29 20:07:13] INFO:     172.20.22.83:39333 - "POST /generate HTTP/1.1" 200 OK
[algo1a-g3c-tis-l1-modal] 
[algo1a-g3c-tis-l1-modal] [36m(CommandActor pid=2526)[0m [2026-09-29 20:07:13] INFO:     172.20.22.83:40046 - "POST /generate HTTP/1.1" 200 OK
[algo1a-g3c-tis-l1-modal] 
[algo1a-g3c-tis-l1-modal] [36m(CommandActor pid=2526)[0m [2026-09-29 20:07:13] Decode batch, #running-req: 10, #token: 3825, token usage: 0.01, cuda graph: True, gen throughput (token/s): 2272.78, #queue-req: 0
[algo1a-g3c-tis-l1-modal] 
[algo1a-g3c-tis-l1-modal] [36m(CommandActor pid=2526)[0m [2026-09-29 20:07:13] INFO:     172.20.22.83:60514 - "POST /generate HTTP/1.1" 200 OK
[algo1a-g3c-tis-l1-modal] 
[algo1a-g3c-tis-l1-modal] [36m(RolloutExecutor pid=2525)[0m Rollout generation:  75%|███████▌  | 24/32 [00:04<00:01,  6.98it/s]Rollout generation: 100%|██████████| 32/32 [00:04<00:00,  7.10it/s]
[algo1a-g3c-tis-l1-modal] 
[algo1a-g3c-tis-l1-modal] [36m(RolloutExecutor pid=2525)[0m [2026-09-29 20:07:13.370 rollout_executor] inference_rollout_train.py:161 - Finish rollout: text_preview=<|im_start|>system\nYou are a helpful assistant. Please put the answer within \boxed{}.<|im_end|>\n<|im_start|>user\nA deep-sea monster rises from the waters once every hundred years to feast on a ship and sate its hunger. Over three hundred years, it has consumed 847 people. Ships have been built larger over time, so each new ship has twice as many people as the last ship. How many people were on the ship the monster ate in the first hundred years?<|im_end|>\n<|im_start|>assistant\n<think>\n\n</think>\n\nL...<truncated chars=1111>, label=121, reward_summary=1.0
[algo1a-g3c-tis-l1-modal] 
[algo1a-g3c-tis-l1-modal] [36m(RolloutExecutor pid=2525)[0m [2026-09-29 20:07:13.372 rollout_executor] inference_rollout_train.py:33 - Abort request for ['http://172.20.22.83:20001']
[algo1a-g3c-tis-l1-modal] 
[algo1a-g3c-tis-l1-modal] [36m(RolloutExecutor pid=2525)[0m [2026-09-29 20:07:13.380 rollout_executor] rollout_data_conversion.py:39 - Final collected 32 samples from rollout to train
[algo1a-g3c-tis-l1-modal] 
[algo1a-g3c-tis-l1-modal] [36m(RolloutExecutor pid=2525)[0m [2026-09-29 20:07:13.381 rollout_executor] metrics.py:93 - perf 2: {'rollout/raw_reward_unfiltered': 0.1875, 'rollout/num_training_samples': 32, 'rollout/episode_raw_reward': 0.1875, 'rollout/episode_response_length/mean': 271.46875, 'rollout/episode_response_length/median': 249.0, 'rollout/episode_response_length/max': 384, 'rollout/episode_response_length/min': 109, 'rollout/episode_total_response_length/mean': 271.46875, 'rollout/response_len/mean': 271.46875, 'rollout/response_len/median': 249.0, 'rollout/response_len/max': 384, 'rollout/response_len/min': 109, 'rollout/zero_std/count_0.0': 1, 'rollout/zero_std/all_zero_percentage': 0.25, 'rollout/zero_std/all_one_percentage': 0.0, 'rollout/prefix_cache_hit_rate': 0.0, 'rollout/avg_cached_tokens_per_sample': 0.0, 'rollout/repetition_frac': 0.0, 'rollout/truncated_ratio': 0.28125, 'perf/rollout_time': 4.5194432735443115, 'perf/tokens_per_gpu_per_sec': 1922.1394039508186, 'perf/longest_sample_tokens_per_sec': 84.96621746484568, 'perf/effective_tokens_per_gpu_per_sec': 1922.1394039508186, 'perf/longest_effective_sample_tokens_per_sec': 84.96621746484568}
[algo1a-g3c-tis-l1-modal] 
[algo1a-g3c-tis-l1-modal] [36m(RolloutExecutor pid=2525)[0m [2026-09-29 20:07:13.382 rollout_executor] train_data_conversion.py:334 - Rollout-side DP schedule: num_samples=32, num_rollouts=[32], num_microbatches=[32]
[algo1a-g3c-tis-l1-modal] 
[algo1a-g3c-tis-l1-modal] [36m(InferenceController pid=2520)[0m [2026-09-29 20:07:13.396 inference_controller] _client.py:1740 - HTTP Request: GET http://172.20.22.83:20001/flush_cache "HTTP/1.1 200 OK"
[algo1a-g3c-tis-l1-modal] 
[algo1a-g3c-tis-l1-modal] [36m(CommandActor pid=2526)[0m [2026-09-29 20:07:13] INFO:     172.20.22.83:60362 - "POST /generate HTTP/1.1" 200 OK
[algo1a-g3c-tis-l1-modal] 
[algo1a-g3c-tis-l1-modal] [36m(CommandActor pid=2526)[0m [2026-09-29 20:07:13] INFO:     172.20.22.83:33302 - "POST /generate HTTP/1.1" 200 OK
[algo1a-g3c-tis-l1-modal] 
[algo1a-g3c-tis-l1-modal] [36m(CommandActor pid=2526)[0m [2026-09-29 20:07:13] INFO:     172.20.22.83:35595 - "POST /generate HTTP/1.1" 200 OK
[algo1a-g3c-tis-l1-modal] 
[algo1a-g3c-tis-l1-modal] [36m(CommandActor pid=2526)[0m [2026-09-29 20:07:13] INFO:     172.20.22.83:44382 - "POST /generate HTTP/1.1" 200 OK
[algo1a-g3c-tis-l1-modal] 
[algo1a-g3c-tis-l1-modal] [36m(CommandActor pid=2526)[0m [2026-09-29 20:07:13] INFO:     172.20.22.83:39588 - "POST /generate HTTP/1.1" 200 OK
[algo1a-g3c-tis-l1-modal] 
[algo1a-g3c-tis-l1-modal] [36m(CommandActor pid=2526)[0m [2026-09-29 20:07:13] INFO:     172.20.22.83:31356 - "POST /generate HTTP/1.1" 200 OK
[algo1a-g3c-tis-l1-modal] 
[algo1a-g3c-tis-l1-modal] [36m(CommandActor pid=2526)[0m [2026-09-29 20:07:13] INFO:     172.20.22.83:64806 - "POST /generate HTTP/1.1" 200 OK
[algo1a-g3c-tis-l1-modal] 
[algo1a-g3c-tis-l1-modal] [36m(CommandActor pid=2526)[0m [2026-09-29 20:07:13] INFO:     172.20.22.83:35693 - "POST /generate HTTP/1.1" 200 OK
[algo1a-g3c-tis-l1-modal] 
[algo1a-g3c-tis-l1-modal] [36m(CommandActor pid=2526)[0m [2026-09-29 20:07:13] INFO:     172.20.22.83:24019 - "POST /generate HTTP/1.1" 200 OK
[algo1a-g3c-tis-l1-modal] 
[algo1a-g3c-tis-l1-modal] [36m(CommandActor pid=2526)[0m [2026-09-29 20:07:13] INFO:     172.20.22.83:55988 - "POST /abort_request HTTP/1.1" 200 OK
[algo1a-g3c-tis-l1-modal] 
[algo1a-g3c-tis-l1-modal] [36m(CommandActor pid=2526)[0m [2026-09-29 20:07:13] INFO:     172.20.22.83:43086 - "GET /flush_cache HTTP/1.1" 200 OK
[algo1a-g3c-tis-l1-modal] 
[algo1a-g3c-tis-l1-modal] [36m(CommandActor pid=2526)[0m [2026-09-29 20:07:13] Cache flushed successfully!
[algo1a-g3c-tis-l1-modal] 
[algo1a-g3c-tis-l1-modal] [36m(CommandActor pid=2526)[0m [2026-09-29 20:07:13] Cache flushed successfully!
[algo1a-g3c-tis-l1-modal] 
[algo1a-g3c-tis-l1-modal] YETO_RL_EVENT {"event":"rl_driver_phase","island_id":1,"phase":"onload","rollout_id":2,"time_unix":1790712433.8577516}
[algo1a-g3c-tis-l1-modal] 
[algo1a-g3c-tis-l1-modal] [36m(InferenceController pid=2520)[0m [2026-09-29 20:07:13.849 inference_controller] _client.py:1740 - HTTP Request: POST http://172.20.22.83:20001/release_memory_occupation "HTTP/1.1 200 OK"
[algo1a-g3c-tis-l1-modal] 
[algo1a-g3c-tis-l1-modal] [36m(CommandActor pid=2526)[0m [2026-09-29 20:07:13] INFO:     172.20.22.83:43086 - "POST /release_memory_occupation HTTP/1.1" 200 OK
[algo1a-g3c-tis-l1-modal] 
[algo1a-g3c-tis-l1-modal] [36m(TrainerController pid=2527)[0m [2026-09-29 20:07:13.859 trainer_controller_actor] cell.py:231 - ft op=execute phase=start cell=trainer-engine-actor-00000 fn=wake_up n_actors=1
[algo1a-g3c-tis-l1-modal] 
[algo1a-g3c-tis-l1-modal] [36m(MegatronTrainRayActor pid=2862)[0m [2026-09-29 20:07:13.860 actor_cell00000_rank00000] structured_log.py:24 - actor cls=MegatronTrainRayActor fn=wake_up phase=start
[algo1a-g3c-tis-l1-modal] 
[algo1a-g3c-tis-l1-modal] [36m(MegatronTrainRayActor pid=2862)[0m [2026-09-29 20:07:13.860 actor_cell00000_rank00000] timer.py:31 - Timer wake_up start
[algo1a-g3c-tis-l1-modal] 
[algo1a-g3c-tis-l1-modal] [36m(MegatronTrainRayActor pid=2862)[0m [2026-09-29 20:07:13.861 actor_cell00000_rank00000] memory_utils.py:41 - [Rank 0] Memory-Usage before wake_up model: {'gpu': '0', 'total_GB': 79.18, 'free_GB': 74.61, 'used_GB': 4.57, 'allocated_GB': 1.38, 'reserved_GB': 1.49}
[algo1a-g3c-tis-l1-modal] 
[algo1a-g3c-tis-l1-modal] YETO_RL_EVENT {"event":"rl_driver_phase","island_id":1,"phase":"train","rollout_id":2,"time_unix":1790712434.6836524}
[algo1a-g3c-tis-l1-modal] 
[algo1a-g3c-tis-l1-modal] [36m(TrainerController pid=2527)[0m [2026-09-29 20:07:14.682 trainer_controller_actor] cell.py:239 - ft op=execute phase=end cell=trainer-engine-actor-00000 fn=wake_up ok=true elapsed_s=0.8
[algo1a-g3c-tis-l1-modal] 
[algo1a-g3c-tis-l1-modal] [36m(MegatronTrainRayActor pid=2862)[0m [2026-09-29 20:07:14.679 actor_cell00000_rank00000] reloadable_process_group.py:151 - Reloading 0 process groups in pid 2862
[algo1a-g3c-tis-l1-modal] 
[algo1a-g3c-tis-l1-modal] [36m(MegatronTrainRayActor pid=2862)[0m [2026-09-29 20:07:14.680 actor_cell00000_rank00000] memory_utils.py:41 - [Rank 0] Memory-Usage after wake_up model: {'gpu': '0', 'total_GB': 79.18, 'free_GB': 73.14, 'used_GB': 6.04, 'allocated_GB': 1.38, 'reserved_GB': 1.49}
[algo1a-g3c-tis-l1-modal] 
[algo1a-g3c-tis-l1-modal] [36m(MegatronTrainRayActor pid=2862)[0m [2026-09-29 20:07:14.680 actor_cell00000_rank00000] timer.py:42 - Timer wake_up end (elapsed: 0.8s)
[algo1a-g3c-tis-l1-modal] 
[algo1a-g3c-tis-l1-modal] [36m(MegatronTrainRayActor pid=2862)[0m [2026-09-29 20:07:14.680 actor_cell00000_rank00000] structured_log.py:28 - actor cls=MegatronTrainRayActor fn=wake_up phase=end ok=true elapsed_s=0.8
[algo1a-g3c-tis-l1-modal] 
[algo1a-g3c-tis-l1-modal] [36m(TrainerController pid=2527)[0m [2026-09-29 20:07:14.686 trainer_controller_actor] group.py:190 - ft op=train phase=start rollout=2 attempt=0
[algo1a-g3c-tis-l1-modal] 
[algo1a-g3c-tis-l1-modal] [36m(TrainerController pid=2527)[0m [2026-09-29 20:07:14.686 trainer_controller_actor] group.py:534 - ft op=refresh phase=start rollout=2 alive=0 healing= all_states="(0, 'StateAllocatedAlive')" quorum=0
[algo1a-g3c-tis-l1-modal] 
[algo1a-g3c-tis-l1-modal] [36m(TrainerController pid=2527)[0m [2026-09-29 20:07:14.686 trainer_controller_actor] group.py:557 - ft op=refresh phase=decision rollout=2 needs_reconfigure=false reason=alive_config_unchanged,no_healing quorum=0
[algo1a-g3c-tis-l1-modal] 
[algo1a-g3c-tis-l1-modal] [36m(TrainerController pid=2527)[0m [2026-09-29 20:07:14.686 trainer_controller_actor] cell.py:231 - ft op=execute phase=start cell=trainer-engine-actor-00000 fn=train n_actors=1
[algo1a-g3c-tis-l1-modal] 
[algo1a-g3c-tis-l1-modal] [36m(MegatronTrainRayActor pid=2862)[0m [2026-09-29 20:07:14.687 actor_cell00000_rank00000] structured_log.py:24 - actor cls=MegatronTrainRayActor fn=train phase=start
[algo1a-g3c-tis-l1-modal] 
[algo1a-g3c-tis-l1-modal] [36m(MegatronTrainRayActor pid=2862)[0m [2026-09-29 20:07:14.687 actor_cell00000_rank00000] timer.py:31 - Timer data_preprocess start
[algo1a-g3c-tis-l1-modal] [36m(MegatronTrainRayActor pid=2862)[0m [2026-09-29 20:07:14.692 actor_cell00000_rank00000] timer.py:42 - Timer data_preprocess end (elapsed: 0.0s)
[algo1a-g3c-tis-l1-modal] 
[algo1a-g3c-tis-l1-modal] [36m(MegatronTrainRayActor pid=2862)[0m [2026-09-29 20:07:14.693 actor_cell00000_rank00000] structured_log.py:24 - actor cls=MegatronTrainRayActor fn=_train_actor phase=start
[algo1a-g3c-tis-l1-modal] 
[algo1a-g3c-tis-l1-modal] [36m(MegatronTrainRayActor pid=2862)[0m [2026-09-29 20:07:14.693 actor_cell00000_rank00000] timer.py:42 - Timer train_wait end (elapsed: 75.2s)
[algo1a-g3c-tis-l1-modal] 
[algo1a-g3c-tis-l1-modal] [36m(MegatronTrainRayActor pid=2862)[0m [2026-09-29 20:07:14.693 actor_cell00000_rank00000] timer.py:31 - Timer train start
[algo1a-g3c-tis-l1-modal] 
[algo1a-g3c-tis-l1-modal] [36m(MegatronTrainRayActor pid=2862)[0m [2026-09-29 20:07:14.693 actor_cell00000_rank00000] structured_log.py:24 - actor cls=MegatronTrainRayActor fn=_compute_log_prob phase=start
[algo1a-g3c-tis-l1-modal] 
[algo1a-g3c-tis-l1-modal] [36m(MegatronTrainRayActor pid=2862)[0m [2026-09-29 20:07:14.693 actor_cell00000_rank00000] timer.py:31 - Timer log_probs start
[algo1a-g3c-tis-l1-modal] 
[algo1a-g3c-tis-l1-modal] [36m(MegatronTrainRayActor pid=2862)[0m [2026-09-29 20:07:19.678 actor_cell00000_rank00000] timer.py:42 - Timer log_probs end (elapsed: 5.0s)
[algo1a-g3c-tis-l1-modal] 
[algo1a-g3c-tis-l1-modal] [36m(MegatronTrainRayActor pid=2862)[0m [2026-09-29 20:07:19.679 actor_cell00000_rank00000] structured_log.py:28 - actor cls=MegatronTrainRayActor fn=_compute_log_prob phase=end ok=true elapsed_s=5.0
[algo1a-g3c-tis-l1-modal] 
[algo1a-g3c-tis-l1-modal] [36m(MegatronTrainRayActor pid=2862)[0m [2026-09-29 20:07:19.684 actor_cell00000_rank00000] log_utils.py:100 - ft op=cross_cell phase=start kind=log_gather rank=0
[algo1a-g3c-tis-l1-modal] 
[algo1a-g3c-tis-l1-modal] [36m(MegatronTrainRayActor pid=2862)[0m [2026-09-29 20:07:19.685 actor_cell00000_rank00000] log_utils.py:106 - ft op=cross_cell phase=end kind=log_gather rank=0 success=true
[algo1a-g3c-tis-l1-modal] 
[algo1a-g3c-tis-l1-modal] [36m(MegatronTrainRayActor pid=2862)[0m [2026-09-29 20:07:19.685 actor_cell00000_rank00000] log_utils.py:126 - rollout 2: {'rollout/response_lengths': 271.46875, 'rollout/rewards': 0.0, 'rollout/truncated': 0.28125, 'rollout/rollout_log_probs': -0.47886255383491516, 'rollout/raw_reward': 0.1875, 'rollout/total_lengths': 390.71875, 'rollout/log_probs': -0.47904345393180847, 'rollout/advantages': 1.4901161193847656e-08, 'rollout/returns': 1.4901161193847656e-08}
[algo1a-g3c-tis-l1-modal] 
[algo1a-g3c-tis-l1-modal] [36m(MegatronTrainRayActor pid=2862)[0m [2026-09-29 20:07:19.685 actor_cell00000_rank00000] timer.py:31 - Timer actor_train start
[algo1a-g3c-tis-l1-modal] 
[algo1a-g3c-tis-l0-modal] YETO_RL_EVENT {"applied_lrs":[3.333333333333334e-06],"clip_fraction":0.0,"event":"rl_round_trained","island_id":0,"label/config_epoch":0,"label/execution_mode":"colocated-serial","label/profile_hash":"sha256:26dd25143461085064fd22237c80ab1d5ebd99cb13ea2160e2a4aeb8c9d5e379","label/weight_transport":"cuda-ipc","masked_fraction":null,"mismatch":{"ois":1.0,"tis":1.000184178352356,"tis_abs":0.015722602605819702,"tis_clipfrac":0.00018712575547397137,"train_rollout_kl":0.0007533610332757235},"nonzero_advantages":null,"rollout_id":2,"time_unix":1790712443.075781,"trained_groups":4,"trained_sample_ids_sha256":"69be7217a18d7585a50c20b2a7b0af4ddc13146706816ed0c22cf668eda0aaef","trained_samples":32}
[algo1a-g3c-tis-l0-modal] 
[algo1a-g3c-tis-l0-modal] YETO_RL_EVENT {"event":"rl_driver_phase","island_id":0,"phase":"sync","rollout_id":2,"time_unix":1790712443.0763662}
[algo1a-g3c-tis-l0-modal] 
[algo1a-g3c-tis-l0-modal] YETO_RL_EVENT {"event":"rl_driver_phase","island_id":0,"phase":"export_push","rollout_id":2,"time_unix":1790712443.0767016}
[algo1a-g3c-tis-l0-modal] 
[algo1a-g3c-tis-l0-modal] [36m(TrainerController pid=1470)[0m [2026-09-29 20:07:23.060 trainer_controller_actor] cell.py:239 - ft op=execute phase=end cell=trainer-engine-actor-00000 fn=train ok=true elapsed_s=17.7
[algo1a-g3c-tis-l0-modal] 
[algo1a-g3c-tis-l0-modal] [36m(TrainerController pid=1470)[0m [2026-09-29 20:07:23.060 trainer_controller_actor] group.py:290 - ft op=check errored= discarded= normal=0 decision=no_retry reason="survivors normal, gradients valid"
[algo1a-g3c-tis-l0-modal] [36m(TrainerController pid=1470)[0m [2026-09-29 20:07:23.063 trainer_controller_actor] cell.py:231 - ft op=execute phase=start cell=trainer-engine-actor-00000 fn=run_plugin n_actors=1
[algo1a-g3c-tis-l0-modal] 
[algo1a-g3c-tis-l0-modal] [36m(TrainerController pid=1470)[0m [2026-09-29 20:07:23.065 trainer_controller_actor] cell.py:239 - ft op=execute phase=end cell=trainer-engine-actor-00000 fn=run_plugin ok=true elapsed_s=0.0
[algo1a-g3c-tis-l0-modal] 
[algo1a-g3c-tis-l0-modal] [36m(TrainerController pid=1470)[0m [2026-09-29 20:07:23.067 trainer_controller_actor] cell.py:231 - ft op=execute phase=start cell=trainer-engine-actor-00000 fn=run_plugin n_actors=1
[algo1a-g3c-tis-l0-modal] 
[algo1a-g3c-tis-l0-modal] [36m(TrainerController pid=1470)[0m [2026-09-29 20:07:23.069 trainer_controller_actor] cell.py:239 - ft op=execute phase=end cell=trainer-engine-actor-00000 fn=run_plugin ok=true elapsed_s=0.0
[algo1a-g3c-tis-l0-modal] 
[algo1a-g3c-tis-l0-modal] [36m(TrainerController pid=1470)[0m [2026-09-29 20:07:23.072 trainer_controller_actor] cell.py:231 - ft op=execute phase=start cell=trainer-engine-actor-00000 fn=run_plugin n_actors=1
[algo1a-g3c-tis-l0-modal] 
[algo1a-g3c-tis-l0-modal] [36m(TrainerController pid=1470)[0m [2026-09-29 20:07:23.074 trainer_controller_actor] cell.py:239 - ft op=execute phase=end cell=trainer-engine-actor-00000 fn=run_plugin ok=true elapsed_s=0.0
[algo1a-g3c-tis-l0-modal] 
[algo1a-g3c-tis-l0-modal] [36m(MegatronTrainRayActor pid=1723)[0m [2026-09-29 20:07:23.055 actor_cell00000_rank00000] model.py:637 - train op=train_step rollout=2 step=0 attempt=0 outcome=NORMAL valid_step=true
[algo1a-g3c-tis-l0-modal] 
[algo1a-g3c-tis-l0-modal] [36m(MegatronTrainRayActor pid=1723)[0m [2026-09-29 20:07:23.056 actor_cell00000_rank00000] log_utils.py:554 - step 2: {'train/loss': -0.0008003953844308853, 'train/pg_loss': -0.0008003953844308853, 'train/entropy_loss': 0.0, 'train/pg_clipfrac': 0.0, 'train/ppo_kl': 0.0, 'train/ess_ratio': 1.0, 'train/train_rollout_logprob_abs_diff': 0.015668263658881187, 'train/train_rollout_kl': 0.0007533610332757235, 'train/ois': 1.0, 'train/tis': 1.000184178352356, 'train/tis_clipfrac': 0.00018712575547397137, 'train/tis_abs': 0.015722602605819702, 'train/grad_norm': 0.3839251697063446, 'train/lr-pg_0': 0.0, 'train/step': 2}
[algo1a-g3c-tis-l0-modal] 
[algo1a-g3c-tis-l0-modal] [36m(MegatronTrainRayActor pid=1723)[0m [2026-09-29 20:07:23.056 actor_cell00000_rank00000] model.py:847 - step 2: {'train/loss': -0.0008003953844308853, 'train/pg_loss': -0.0008003953844308853, 'train/entropy_loss': 0.0, 'train/pg_clipfrac': 0.0, 'train/ppo_kl': 0.0, 'train/ess_ratio': 1.0, 'train/train_rollout_logprob_abs_diff': 0.015668263658881187, 'train/train_rollout_kl': 0.0007533610332757235, 'train/ois': 1.0, 'train/tis': 1.000184178352356, 'train/tis_clipfrac': 0.00018712575547397137, 'train/tis_abs': 0.015722602605819702, 'train/grad_norm': 0.3839251697063446, 'train/lr-pg_0': 0.0, 'train/step': 2}
[algo1a-g3c-tis-l0-modal] 
[algo1a-g3c-tis-l0-modal] [36m(MegatronTrainRayActor pid=1723)[0m [2026-09-29 20:07:23.057 actor_cell00000_rank00000] timer.py:42 - Timer actor_train end (elapsed: 11.8s)
[algo1a-g3c-tis-l0-modal] 
[algo1a-g3c-tis-l0-modal] [36m(MegatronTrainRayActor pid=1723)[0m [2026-09-29 20:07:23.057 actor_cell00000_rank00000] timer.py:42 - Timer train end (elapsed: 17.6s)
[algo1a-g3c-tis-l0-modal] 
[algo1a-g3c-tis-l0-modal] [36m(MegatronTrainRayActor pid=1723)[0m [2026-09-29 20:07:23.057 actor_cell00000_rank00000] timer.py:31 - Timer train_wait start
[algo1a-g3c-tis-l0-modal] 
[algo1a-g3c-tis-l0-modal] [36m(MegatronTrainRayActor pid=1723)[0m [2026-09-29 20:07:23.057 actor_cell00000_rank00000] train_metric_utils.py:56 - perf 2: {'perf/update_weights_implementation_time': 0.06921601295471191, 'perf/finalize_and_resume_engines_time': 0.07003116607666016, 'perf/update_weights_time': 0.17839550971984863, 'perf/sleep_time': 1.1051089763641357, 'perf/wake_up_time': 0.8546819686889648, 'perf/data_preprocess_time': 0.005768299102783203, 'perf/train_wait_time': 56.27323889732361, 'perf/log_probs_time': 5.844244003295898, 'perf/actor_train_time': 11.78748869895935, 'perf/train_time': 17.640281438827515, 'perf/log_probs_tflops': 2.2734830933839913, 'perf/actor_train_tflops': 3.3815828649601203, 'perf/actor_train_tok_per_s': 1037.4559257121177, 'perf/mfu_peak_tflops': 989.0, 'perf/actor_train_mfu': 0.0034191939989485546, 'perf/step_time': 73.91352033615112, 'perf/wait_time_ratio': 0.7613389085163131}
[algo1a-g3c-tis-l0-modal] 
[algo1a-g3c-tis-l0-modal] [36m(MegatronTrainRayActor pid=1723)[0m [2026-09-29 20:07:23.057 actor_cell00000_rank00000] structured_log.py:28 - actor cls=MegatronTrainRayActor fn=_train_actor phase=end ok=true elapsed_s=17.6
[algo1a-g3c-tis-l0-modal] 
[algo1a-g3c-tis-l0-modal] [36m(MegatronTrainRayActor pid=1723)[0m [2026-09-29 20:07:23.058 actor_cell00000_rank00000] structured_log.py:28 - actor cls=MegatronTrainRayActor fn=train phase=end ok=true elapsed_s=17.6
[algo1a-g3c-tis-l0-modal] 
[algo1a-g3c-tis-l0-modal] [36m(TrainerController pid=1470)[0m [2026-09-29 20:07:23.077 trainer_controller_actor] cell.py:231 - ft op=execute phase=start cell=trainer-engine-actor-00000 fn=run_plugin n_actors=1
[algo1a-g3c-tis-l0-modal] 
[algo1a-g3c-tis-l0-modal] [36m(TrainerController pid=1470)[0m [2026-09-29 20:07:23.584 trainer_controller_actor] cell.py:239 - ft op=execute phase=end cell=trainer-engine-actor-00000 fn=run_plugin ok=true elapsed_s=0.5
[algo1a-g3c-tis-l0-modal] 
[algo1a-g3c-tis-l0-modal] YETO_RL_EVENT {"action_tokens":8413,"active_groups":4,"applied_lr":3.333333333333334e-06,"applied_lrs":[3.333333333333334e-06],"base_policy_version":2,"cancelled_groups":0,"clip_fraction":0.0,"completed_groups":4,"completed_trajectories":32,"delta_l2_norm":0.00937607605010271,"dynamic_filter_dropped_groups":0,"dynamic_filter_generated_groups":0,"dynamic_filter_replacement_attempts":0,"ess_ratio":null,"event":"rl_local_round","grad_norm":0.3839251697063446,"group_p50_seconds":0.0,"group_p95_seconds":0.0,"group_p99_seconds":0.0,"island_id":0,"local_round_id":3,"loss":null,"lr":null,"mean_kl":null,"nonzero_advantage_count":null,"pass_rate":null,"pg_loss":null,"reward_mean":0.21875,"reward_std":0.41339864235384227,"rl/action_tokens":8413,"rl/active_groups":4,"rl/cancelled_groups":0,"rl/clip_fraction":0.0,"rl/completed_groups":4,"rl/completed_trajectories":32,"rl/current_vs_rollout_kl":null,"rl/ess_ratio":null,"rl/global_policy_version":2,"rl/group_p50_seconds":0.0,"rl/group_p95_seconds":0.0,"rl/group_p99_seconds":0.0,"rl/local_delta_norm":0.00937607605010271,"rl/mixed_version_group_count":0,"rl/reward_mean":0.21875,"rl/reward_std":0.41339864235384227,"rl/rollout_policy_version":2,"rl/rollout_seconds":6.173041807000004,"rl/tool_wait_seconds":0.0,"rl/zero_variance_group_ratio":0.25,"rollout_seconds":6.173041807000004,"sync/bytes_sent":40370224,"time_unix":1790712444.2980428,"tool_wait_seconds":0.0,"train_seconds":17.66837122100003,"train_step":null,"zero_variance_group_ratio":0.25}
[algo1a-g3c-tis-l0-modal] 
[algo1a-g3c-tis-l0-modal] YETO_RL_EVENT {"event":"rl_driver_phase","island_id":0,"phase":"wait_global","policy_version":3,"time_unix":1790712444.371865}
[algo1a-g3c-tis-l0-modal] 
[algo1a-g3c-tis-l0-modal] [36m(CommandActor pid=1474)[0m [2026-09-29 20:07:27] INFO:     172.20.9.131:53730 - "GET /health HTTP/1.1" 200 OK
[algo1a-g3c-tis-l0-modal] 
[algo1a-g3c-tis-l1-modal] YETO_RL_EVENT {"applied_lrs":[3.333333333333334e-06],"clip_fraction":0.0,"event":"rl_round_trained","island_id":1,"label/config_epoch":0,"label/execution_mode":"colocated-serial","label/profile_hash":"sha256:26dd25143461085064fd22237c80ab1d5ebd99cb13ea2160e2a4aeb8c9d5e379","label/weight_transport":"cuda-ipc","masked_fraction":null,"mismatch":{"ois":1.0,"tis":1.0005689859390259,"tis_abs":0.015531113371253014,"tis_clipfrac":0.00018712575547397137,"train_rollout_kl":0.0007497534970752895},"nonzero_advantages":null,"rollout_id":2,"time_unix":1790712449.4275434,"trained_groups":4,"trained_sample_ids_sha256":"69be7217a18d7585a50c20b2a7b0af4ddc13146706816ed0c22cf668eda0aaef","trained_samples":32}
[algo1a-g3c-tis-l1-modal] 
[algo1a-g3c-tis-l1-modal] YETO_RL_EVENT {"event":"rl_driver_phase","island_id":1,"phase":"sync","rollout_id":2,"time_unix":1790712449.4279902}
[algo1a-g3c-tis-l1-modal] 
[algo1a-g3c-tis-l1-modal] YETO_RL_EVENT {"event":"rl_driver_phase","island_id":1,"phase":"export_push","rollout_id":2,"time_unix":1790712449.4282289}
[algo1a-g3c-tis-l1-modal] 
[algo1a-g3c-tis-l1-modal] [36m(TrainerController pid=2527)[0m [2026-09-29 20:07:29.413 trainer_controller_actor] cell.py:239 - ft op=execute phase=end cell=trainer-engine-actor-00000 fn=train ok=true elapsed_s=14.7
[algo1a-g3c-tis-l1-modal] 
[algo1a-g3c-tis-l1-modal] [36m(TrainerController pid=2527)[0m [2026-09-29 20:07:29.413 trainer_controller_actor] group.py:290 - ft op=check errored= discarded= normal=0 decision=no_retry reason="survivors normal, gradients valid"
[algo1a-g3c-tis-l1-modal] 
[algo1a-g3c-tis-l1-modal] [36m(TrainerController pid=2527)[0m [2026-09-29 20:07:29.416 trainer_controller_actor] cell.py:231 - ft op=execute phase=start cell=trainer-engine-actor-00000 fn=run_plugin n_actors=1
[algo1a-g3c-tis-l1-modal] 
[algo1a-g3c-tis-l1-modal] [36m(TrainerController pid=2527)[0m [2026-09-29 20:07:29.418 trainer_controller_actor] cell.py:239 - ft op=execute phase=end cell=trainer-engine-actor-00000 fn=run_plugin ok=true elapsed_s=0.0
[algo1a-g3c-tis-l1-modal] 
[algo1a-g3c-tis-l1-modal] [36m(TrainerController pid=2527)[0m [2026-09-29 20:07:29.420 trainer_controller_actor] cell.py:231 - ft op=execute phase=start cell=trainer-engine-actor-00000 fn=run_plugin n_actors=1
[algo1a-g3c-tis-l1-modal] 
[algo1a-g3c-tis-l1-modal] [36m(TrainerController pid=2527)[0m [2026-09-29 20:07:29.422 trainer_controller_actor] cell.py:239 - ft op=execute phase=end cell=trainer-engine-actor-00000 fn=run_plugin ok=true elapsed_s=0.0
[algo1a-g3c-tis-l1-modal] 
[algo1a-g3c-tis-l1-modal] [36m(TrainerController pid=2527)[0m [2026-09-29 20:07:29.424 trainer_controller_actor] cell.py:231 - ft op=execute phase=start cell=trainer-engine-actor-00000 fn=run_plugin n_actors=1
[algo1a-g3c-tis-l1-modal] 
[algo1a-g3c-tis-l1-modal] [36m(TrainerController pid=2527)[0m [2026-09-29 20:07:29.426 trainer_controller_actor] cell.py:239 - ft op=execute phase=end cell=trainer-engine-actor-00000 fn=run_plugin ok=true elapsed_s=0.0
[algo1a-g3c-tis-l1-modal] 
[algo1a-g3c-tis-l1-modal] [36m(TrainerController pid=2527)[0m [2026-09-29 20:07:29.429 trainer_controller_actor] cell.py:231 - ft op=execute phase=start cell=trainer-engine-actor-00000 fn=run_plugin n_actors=1
[algo1a-g3c-tis-l1-modal] 
[algo1a-g3c-tis-l1-modal] [36m(MegatronTrainRayActor pid=2862)[0m [2026-09-29 20:07:29.408 actor_cell00000_rank00000] model.py:637 - train op=train_step rollout=2 step=0 attempt=0 outcome=NORMAL valid_step=true
[algo1a-g3c-tis-l1-modal] 
[algo1a-g3c-tis-l1-modal] [36m(MegatronTrainRayActor pid=2862)[0m [2026-09-29 20:07:29.409 actor_cell00000_rank00000] log_utils.py:554 - step 2: {'train/loss': -0.0007593054324388504, 'train/pg_loss': -0.0007593054324388504, 'train/entropy_loss': 0.0, 'train/pg_clipfrac': 0.0, 'train/ppo_kl': 0.0, 'train/ess_ratio': 1.0, 'train/train_rollout_logprob_abs_diff': 0.01545107364654541, 'train/train_rollout_kl': 0.0007497534970752895, 'train/ois': 1.0, 'train/tis': 1.0005689859390259, 'train/tis_clipfrac': 0.00018712575547397137, 'train/tis_abs': 0.015531113371253014, 'train/grad_norm': 0.37537410855293274, 'train/lr-pg_0': 0.0, 'train/step': 2}
[algo1a-g3c-tis-l1-modal] 
[algo1a-g3c-tis-l1-modal] [36m(MegatronTrainRayActor pid=2862)[0m [2026-09-29 20:07:29.409 actor_cell00000_rank00000] model.py:847 - step 2: {'train/loss': -0.0007593054324388504, 'train/pg_loss': -0.0007593054324388504, 'train/entropy_loss': 0.0, 'train/pg_clipfrac': 0.0, 'train/ppo_kl': 0.0, 'train/ess_ratio': 1.0, 'train/train_rollout_logprob_abs_diff': 0.01545107364654541, 'train/train_rollout_kl': 0.0007497534970752895, 'train/ois': 1.0, 'train/tis': 1.0005689859390259, 'train/tis_clipfrac': 0.00018712575547397137, 'train/tis_abs': 0.015531113371253014, 'train/grad_norm': 0.37537410855293274, 'train/lr-pg_0': 0.0, 'train/step': 2}
[algo1a-g3c-tis-l1-modal] [36m(MegatronTrainRayActor pid=2862)[0m [2026-09-29 20:07:29.410 actor_cell00000_rank00000] timer.py:42 - Timer actor_train end (elapsed: 9.7s)
[36m(MegatronTrainRayActor pid=2862)[0m [2026-09-29 20:07:29.410 actor_cell00000_rank00000] timer.py:42 - Timer train end (elapsed: 14.7s)
[algo1a-g3c-tis-l1-modal] [36m(MegatronTrainRayActor pid=2862)[0m [2026-09-29 20:07:29.410 actor_cell00000_rank00000] timer.py:31 - Timer train_wait start
[algo1a-g3c-tis-l1-modal] 
[algo1a-g3c-tis-l1-modal] [36m(MegatronTrainRayActor pid=2862)[0m [2026-09-29 20:07:29.410 actor_cell00000_rank00000] train_metric_utils.py:56 - perf 2: {'perf/update_weights_implementation_time': 0.09046292304992676, 'perf/finalize_and_resume_engines_time': 0.06310462951660156, 'perf/update_weights_time': 0.21210193634033203, 'perf/sleep_time': 1.1699655055999756, 'perf/wake_up_time': 0.8199293613433838, 'perf/data_preprocess_time': 0.005201578140258789, 'perf/train_wait_time': 75.1598162651062, 'perf/log_probs_time': 4.985189437866211, 'perf/actor_train_time': 9.72417402267456, 'perf/train_time': 14.71685266494751, 'perf/log_probs_tflops': 2.7277157835647605, 'perf/actor_train_tflops': 4.1951675942923705, 'perf/actor_train_tok_per_s': 1285.764731363903, 'perf/mfu_peak_tflops': 989.0, 'perf/actor_train_mfu': 0.004241827698981163, 'perf/step_time': 89.87666893005371, 'perf/wait_time_ratio': 0.8362550276935512}
[algo1a-g3c-tis-l1-modal] [36m(MegatronTrainRayActor pid=2862)[0m [2026-09-29 20:07:29.410 actor_cell00000_rank00000] structured_log.py:28 - actor cls=MegatronTrainRayActor fn=_train_actor phase=end ok=true elapsed_s=14.7
[algo1a-g3c-tis-l1-modal] 
[algo1a-g3c-tis-l1-modal] [36m(MegatronTrainRayActor pid=2862)[0m [2026-09-29 20:07:29.411 actor_cell00000_rank00000] structured_log.py:28 - actor cls=MegatronTrainRayActor fn=train phase=end ok=true elapsed_s=14.7
[algo1a-g3c-tis-l1-modal] 
[algo1a-g3c-tis-l1-modal] [36m(TrainerController pid=2527)[0m [2026-09-29 20:07:29.700 trainer_controller_actor] cell.py:239 - ft op=execute phase=end cell=trainer-engine-actor-00000 fn=run_plugin ok=true elapsed_s=0.3
[algo1a-g3c-tis-l1-modal] 
[algo1a-g3c-tis-l1-modal] YETO_RL_EVENT {"action_tokens":8687,"active_groups":4,"applied_lr":3.333333333333334e-06,"applied_lrs":[3.333333333333334e-06],"base_policy_version":2,"cancelled_groups":0,"clip_fraction":0.0,"completed_groups":4,"completed_trajectories":32,"delta_l2_norm":0.009370794519782066,"dynamic_filter_dropped_groups":0,"dynamic_filter_generated_groups":0,"dynamic_filter_replacement_attempts":0,"ess_ratio":null,"event":"rl_local_round","grad_norm":0.37537410855293274,"group_p50_seconds":0.0,"group_p95_seconds":0.0,"group_p99_seconds":0.0,"island_id":1,"local_round_id":3,"loss":null,"lr":null,"mean_kl":null,"nonzero_advantage_count":null,"pass_rate":null,"pg_loss":null,"reward_mean":0.1875,"reward_std":0.39031237489989984,"rl/action_tokens":8687,"rl/active_groups":4,"rl/cancelled_groups":0,"rl/clip_fraction":0.0,"rl/completed_groups":4,"rl/completed_trajectories":32,"rl/current_vs_rollout_kl":null,"rl/ess_ratio":null,"rl/global_policy_version":2,"rl/group_p50_seconds":0.0,"rl/group_p95_seconds":0.0,"rl/group_p99_seconds":0.0,"rl/local_delta_norm":0.009370794519782066,"rl/mixed_version_group_count":0,"rl/reward_mean":0.1875,"rl/reward_std":0.39031237489989984,"rl/rollout_policy_version":2,"rl/rollout_seconds":6.174815881000086,"rl/tool_wait_seconds":0.0,"rl/zero_variance_group_ratio":0.25,"rollout_seconds":6.174815881000086,"sync/bytes_sent":40370224,"time_unix":1790712450.0604029,"tool_wait_seconds":0.0,"train_seconds":14.743179338000004,"train_step":null,"zero_variance_group_ratio":0.25}
[algo1a-g3c-tis-l1-modal] 
[algo1a-g3c-tis-l1-modal] YETO_RL_EVENT {"event":"rl_driver_phase","island_id":1,"phase":"wait_global","policy_version":3,"time_unix":1790712450.1005783}
[algo1a-g3c-tis-l1-modal] 
[syncer] 2026-09-29T20:07:34.070605Z  INFO yeto_syncer::server: checkpoint committed step=3 path=/tmp/algo1a/g3home/yeto-output/yeto-state.ckpt
[syncer] 2026-09-29T20:07:34.070646Z  INFO yeto_syncer::server: outer step step=3 fragment=0 responders=[Member { learner_id: 0, generation: 15620651954206707447 }, Member { learner_id: 1, generation: 2072009425030167468 }] gnorm="0.0089" ms=82067
[algo1a-g3c-tis-l0-modal] YETO_RL_EVENT {"event":"rl_driver_phase","island_id":0,"optimizer":"reset","phase":"apply","policy_version":3,"time_unix":1790712454.5671504}
[algo1a-g3c-tis-l0-modal] 
[algo1a-g3c-tis-l1-modal] YETO_RL_EVENT {"event":"rl_driver_phase","island_id":1,"optimizer":"reset","phase":"apply","policy_version":3,"time_unix":1790712455.638141}
[algo1a-g3c-tis-l1-modal] 
[algo1a-g3c-tis-l0-modal] [36m(TrainerController pid=1470)[0m [2026-09-29 20:07:55.256 trainer_controller_actor] cell.py:231 - ft op=execute phase=start cell=trainer-engine-actor-00000 fn=run_plugin n_actors=1
[algo1a-g3c-tis-l0-modal] 
[algo1a-g3c-tis-l1-modal] [36m(TrainerController pid=2527)[0m [2026-09-29 20:07:58.085 trainer_controller_actor] cell.py:231 - ft op=execute phase=start cell=trainer-engine-actor-00000 fn=run_plugin n_actors=1
[algo1a-g3c-tis-l1-modal] 
[algo1a-g3c-tis-l1-modal] [36m(CommandActor pid=2526)[0m [2026-09-29 20:08:12] INFO:     172.20.22.83:43635 - "GET /health HTTP/1.1" 200 OK
[algo1a-g3c-tis-l1-modal] 
[algo1a-g3c-tis-l0-modal] [36m(TrainerController pid=1470)[0m [2026-09-29 20:08:17.032 trainer_controller_actor] cell.py:239 - ft op=execute phase=end cell=trainer-engine-actor-00000 fn=run_plugin ok=true elapsed_s=21.8
[algo1a-g3c-tis-l0-modal] 
[36m(TrainerController pid=1470)[0m [2026-09-29 20:08:17.098 trainer_controller_actor] cell.py:231 - ft op=execute phase=start cell=trainer-engine-actor-00000 fn=run_plugin n_actors=1
[algo1a-g3c-tis-l0-modal] 
[algo1a-g3c-tis-l0-modal] [36m(TrainerController pid=1470)[0m [2026-09-29 20:08:17.451 trainer_controller_actor] cell.py:239 - ft op=execute phase=end cell=trainer-engine-actor-00000 fn=run_plugin ok=true elapsed_s=0.4
[algo1a-g3c-tis-l0-modal] 
[algo1a-g3c-tis-l0-modal] YETO_RL_EVENT {"event":"rl_policy_apply","island_id":0,"local_step":3,"optimizer":"reset","partial_fragment_apply":false,"policy_version":3,"sync/apply_seconds":43.28835296500006,"sync/global_policy_hash":"f3a9c41492c2e072728628b13b0b45f1db4c91d0b083b2e85654294f48019fe4","time_unix":1790712497.8578608}
[algo1a-g3c-tis-l0-modal] 
[algo1a-g3c-tis-l0-modal] YETO_RL_EVENT {"event":"rl_driver_phase","island_id":0,"phase":"publish","policy_version":3,"time_unix":1790712497.937402}
[algo1a-g3c-tis-l0-modal] 
[algo1a-g3c-tis-l0-modal] [36m(TrainerController pid=1470)[0m [2026-09-29 20:08:18.021 trainer_controller_actor] cell.py:231 - ft op=execute phase=start cell=trainer-engine-actor-00000 fn=run_plugin n_actors=1
[algo1a-g3c-tis-l0-modal] 
[algo1a-g3c-tis-l0-modal] [36m(TrainerController pid=1470)[0m [2026-09-29 20:08:18.371 trainer_controller_actor] cell.py:239 - ft op=execute phase=end cell=trainer-engine-actor-00000 fn=run_plugin ok=true elapsed_s=0.3
[algo1a-g3c-tis-l0-modal] 
[algo1a-g3c-tis-l0-modal] [36m(InferenceController pid=1473)[0m [2026-09-29 20:08:18.805 inference_controller] _client.py:1740 - HTTP Request: POST http://172.20.9.131:20000/resume_memory_occupation "HTTP/1.1 200 OK"
[algo1a-g3c-tis-l0-modal] 
[algo1a-g3c-tis-l0-modal] [36m(CommandActor pid=1474)[0m [2026-09-29 20:08:18] INFO:     172.20.9.131:22660 - "POST /resume_memory_occupation HTTP/1.1" 200 OK
[algo1a-g3c-tis-l0-modal] 
[algo1a-g3c-tis-l0-modal] [36m(CommandActor pid=1474)[0m [2026-09-29 20:08:18] INFO:     172.20.9.131:23745 - "POST /pause_generation HTTP/1.1" 200 OK
[algo1a-g3c-tis-l0-modal] 
[algo1a-g3c-tis-l0-modal] [36m(CommandActor pid=1474)[0m [2026-09-29 20:08:18] INFO:     172.20.9.131:23745 - "GET /flush_cache HTTP/1.1" 200 OK
[algo1a-g3c-tis-l0-modal] 
[algo1a-g3c-tis-l0-modal] [36m(CommandActor pid=1474)[0m [2026-09-29 20:08:18] INFO:     172.20.9.131:23745 - "POST /begin_weight_update HTTP/1.1" 200 OK
[algo1a-g3c-tis-l0-modal] 
[algo1a-g3c-tis-l0-modal] [36m(CommandActor pid=1474)[0m [2026-09-29 20:08:18] Cache flush skipped: KV cache memory is released.
[algo1a-g3c-tis-l0-modal] 
[algo1a-g3c-tis-l0-modal] [36m(TrainerController pid=1470)[0m [2026-09-29 20:08:18.811 trainer_controller_actor] group.py:392 - ft op=update_weights phase=start rollout=
[algo1a-g3c-tis-l0-modal] 
[algo1a-g3c-tis-l0-modal] [36m(TrainerController pid=1470)[0m [2026-09-29 20:08:18.811 trainer_controller_actor] cell.py:231 - ft op=execute phase=start cell=trainer-engine-actor-00000 fn=update_weights n_actors=1
[algo1a-g3c-tis-l0-modal] 
[algo1a-g3c-tis-l0-modal] [36m(MegatronTrainRayActor pid=1723)[0m [2026-09-29 20:08:18.813 actor_cell00000_rank00000] structured_log.py:24 - actor cls=MegatronTrainRayActor fn=update_weights phase=start
[algo1a-g3c-tis-l0-modal] 
[algo1a-g3c-tis-l0-modal] [36m(MegatronTrainRayActor pid=1723)[0m [2026-09-29 20:08:18.813 actor_cell00000_rank00000] timer.py:31 - Timer update_weights start
[algo1a-g3c-tis-l0-modal] 
[36m(MegatronTrainRayActor pid=1723)[0m [2026-09-29 20:08:18.814 actor_cell00000_rank00000] memory_utils.py:41 - [Rank 0] Memory-Usage before update_weights: {'gpu': '0', 'total_GB': 79.18, 'free_GB': 68.7, 'used_GB': 10.47, 'allocated_GB': 1.38, 'reserved_GB': 4.74}
[36m(MegatronTrainRayActor pid=1723)[0m [2026-09-29 20:08:18.817 actor_cell00000_rank00000] _client.py:1740 - HTTP Request: POST http://172.20.9.131:20000/pause_generation "HTTP/1.1 200 OK"
[algo1a-g3c-tis-l0-modal] 
[36m(MegatronTrainRayActor pid=1723)[0m [2026-09-29 20:08:18.820 actor_cell00000_rank00000] _client.py:1740 - HTTP Request: GET http://172.20.9.131:20000/flush_cache "HTTP/1.1 200 OK"
[algo1a-g3c-tis-l0-modal] [36m(MegatronTrainRayActor pid=1723)[0m [2026-09-29 20:08:18.822 actor_cell00000_rank00000] _client.py:1740 - HTTP Request: POST http://172.20.9.131:20000/begin_weight_update "HTTP/1.1 200 OK"
[algo1a-g3c-tis-l0-modal] 
[36m(MegatronTrainRayActor pid=1723)[0m [2026-09-29 20:08:18.823 actor_cell00000_rank00000] timer.py:31 - Timer update_weights_implementation start
[algo1a-g3c-tis-l0-modal] [36m(MegatronTrainRayActor pid=1723)[0m [miles-colocate] Update weights: 0it [00:00, ?it/s]
[algo1a-g3c-tis-l0-modal] 
[algo1a-g3c-tis-l0-modal] [36m(CommandActor pid=1474)[0m [2026-09-29 20:08:18] INFO:     172.20.9.131:23745 - "POST /update_weights_from_tensor HTTP/1.1" 200 OK
[algo1a-g3c-tis-l0-modal] 
[algo1a-g3c-tis-l0-modal] [36m(CommandActor pid=1474)[0m [2026-09-29 20:08:18] INFO:     172.20.9.131:23745 - "POST /end_weight_update HTTP/1.1" 200 OK
[algo1a-g3c-tis-l0-modal] 
[algo1a-g3c-tis-l0-modal] [36m(CommandActor pid=1474)[0m [2026-09-29 20:08:18] INFO:     172.20.9.131:23745 - "POST /update_weight_version HTTP/1.1" 200 OK
[algo1a-g3c-tis-l0-modal] 
[algo1a-g3c-tis-l0-modal] [36m(CommandActor pid=1474)[0m [2026-09-29 20:08:18] INFO:     172.20.9.131:23745 - "POST /continue_generation HTTP/1.1" 200 OK
[algo1a-g3c-tis-l0-modal] 
[algo1a-g3c-tis-l0-modal] [36m(CommandActor pid=1474)[0m [2026-09-29 20:08:18] LoRA adapter loading from tensors starts: LoRARef(lora_id=9e5bce4566734553be2dc5b1e9447ed7, lora_name=miles_lora, lora_path=__stream__, pinned=False, reloadable=False).
[algo1a-g3c-tis-l0-modal] 
[algo1a-g3c-tis-l0-modal] [36m(CommandActor pid=1474)[0m [2026-09-29 20:08:18] LoRA adapter '9e5bce4566734553be2dc5b1e9447ed7': loaded weights for target modules ['down_proj', 'gate_up_proj', 'o_proj', 'qkv_proj'].
[algo1a-g3c-tis-l0-modal] 
[algo1a-g3c-tis-l0-modal] [36m(CommandActor pid=1474)[0m [2026-09-29 20:08:18] LoRA adapter loading from tensors completes: LoRARef(lora_id=9e5bce4566734553be2dc5b1e9447ed7, lora_name=miles_lora, lora_path=__stream__, pinned=False, reloadable=False).
[algo1a-g3c-tis-l0-modal] 
[algo1a-g3c-tis-l0-modal] [36m(CommandActor pid=1474)[0m [2026-09-29 20:08:18] Weight version changed. old_version='yeto:2:5b7c7063c2e800da8b85daec97f443a3044c59c10183a559a367119e40e58b40' new_version='4' num_recorded=0
[algo1a-g3c-tis-l0-modal] 
[algo1a-g3c-tis-l0-modal] [36m(CommandActor pid=1474)[0m [2026-09-29 20:08:18] [continue_generation] torch.cuda.empty_cache() called: reserved 32306.0 MB -> 32266.0 MB (freed 40.0 MB)
[algo1a-g3c-tis-l0-modal] [36m(TrainerController pid=1470)[0m [2026-09-29 20:08:18.963 trainer_controller_actor] cell.py:239 - ft op=execute phase=end cell=trainer-engine-actor-00000 fn=update_weights ok=true elapsed_s=0.2
[algo1a-g3c-tis-l0-modal] [36m(MegatronTrainRayActor pid=1723)[0m [2026-09-29 20:08:18.890 actor_cell00000_rank00000] _client.py:1740 - HTTP Request: POST http://172.20.9.131:20000/update_weights_from_tensor "HTTP/1.1 200 OK"
[algo1a-g3c-tis-l0-modal] 
[algo1a-g3c-tis-l0-modal] [36m(MegatronTrainRayActor pid=1723)[0m [2026-09-29 20:08:18.890 actor_cell00000_rank00000] timer.py:42 - Timer update_weights_implementation end (elapsed: 0.1s)
[36m(MegatronTrainRayActor pid=1723)[0m [2026-09-29 20:08:18.891 actor_cell00000_rank00000] timer.py:31 - Timer finalize_and_resume_engines start
[36m(MegatronTrainRayActor pid=1723)[0m [2026-09-29 20:08:18.934 actor_cell00000_rank00000] _client.py:1740 - HTTP Request: POST http://172.20.9.131:20000/end_weight_update "HTTP/1.1 200 OK"
[36m(MegatronTrainRayActor pid=1723)[0m [2026-09-29 20:08:18.937 actor_cell00000_rank00000] _client.py:1740 - HTTP Request: POST http://172.20.9.131:20000/update_weight_version "HTTP/1.1 200 OK"
[36m(MegatronTrainRayActor pid=1723)[0m [2026-09-29 20:08:18.939 actor_cell00000_rank00000] _client.py:1740 - HTTP Request: POST http://172.20.9.131:20000/continue_generation "HTTP/1.1 200 OK"
[36m(MegatronTrainRayActor pid=1723)[0m [2026-09-29 20:08:18.940 actor_cell00000_rank00000] timer.py:42 - Timer finalize_and_resume_engines end (elapsed: 0.0s)
[36m(MegatronTrainRayActor pid=1723)[0m [miles-colocate] Update weights: 1it [00:00,  7.33it/s]
[36m(MegatronTrainRayActor pid=1723)[0m [2026-09-29 20:08:18.960 actor_cell00000_rank00000] memory_utils.py:41 - [Rank 0] Memory-Usage after update_weights: {'gpu': '0', 'total_GB': 79.18, 'free_GB': 71.98, 'used_GB': 7.2, 'allocated_GB': 1.38, 'reserved_GB': 1.49}
[36m(MegatronTrainRayActor pid=1723)[0m [2026-09-29 20:08:18.961 actor_cell00000_rank00000] timer.py:42 - Timer update_weights end (elapsed: 0.1s)
[36m(MegatronTrainRayActor pid=1723)[0m [2026-09-29 20:08:18.961 actor_cell00000_rank00000] structured_log.py:28 - actor cls=MegatronTrainRayActor fn=update_weights phase=end ok=true elapsed_s=0.1
[algo1a-g3c-tis-l0-modal] YETO_RL_EVENT {"event":"rl_publication","island_id":0,"policy_version":3,"rl/policy_token":"yeto:3:f3a9c41492c2e072728628b13b0b45f1db4c91d0b083b2e85654294f48019fe4","sync/publication_members":["engine:inference-engine-all-0-0-00000"],"sync/publication_payload_bytes":40370176,"sync/publication_payload_hash":"a9b3f3f3b57ff2608986ecf5dca94ed1f0945ddc6f826dbdbe113937afe851c2","time_unix":1790712499.057799}
[algo1a-g3c-tis-l0-modal] 
[algo1a-g3c-tis-l0-modal] YETO_RL_EVENT {"event":"rl_driver_phase","island_id":0,"phase":"finish","rollout_id":3,"time_unix":1790712499.05858}
[algo1a-g3c-tis-l0-modal] 
[algo1a-g3c-tis-l0-modal] [36m(InferenceController pid=1473)[0m [2026-09-29 20:08:19.006 inference_controller] _client.py:1740 - HTTP Request: POST http://172.20.9.131:20000/resume_memory_occupation "HTTP/1.1 200 OK"
[algo1a-g3c-tis-l0-modal] 
[algo1a-g3c-tis-l0-modal] [36m(InferenceController pid=1473)[0m [2026-09-29 20:08:19.053 inference_controller] _client.py:1740 - HTTP Request: POST http://172.20.9.131:20000/weights_checker "HTTP/1.1 200 OK"
[algo1a-g3c-tis-l0-modal] 
[algo1a-g3c-tis-l0-modal] [36m(CommandActor pid=1474)[0m [2026-09-29 20:08:19] INFO:     172.20.9.131:22660 - "POST /resume_memory_occupation HTTP/1.1" 200 OK
[algo1a-g3c-tis-l0-modal] 
[algo1a-g3c-tis-l0-modal] [36m(CommandActor pid=1474)[0m [2026-09-29 20:08:19] INFO:     172.20.9.131:62940 - "POST /update_weight_version HTTP/1.1" 200 OK
[algo1a-g3c-tis-l0-modal] 
[algo1a-g3c-tis-l0-modal] [36m(CommandActor pid=1474)[0m [2026-09-29 20:08:19] INFO:     172.20.9.131:62940 - "GET /model_info HTTP/1.1" 200 OK
[algo1a-g3c-tis-l0-modal] 
[algo1a-g3c-tis-l0-modal] [36m(CommandActor pid=1474)[0m [2026-09-29 20:08:19] INFO:     172.20.9.131:22660 - "POST /weights_checker HTTP/1.1" 200 OK
[algo1a-g3c-tis-l0-modal] 
[algo1a-g3c-tis-l0-modal] [36m(CommandActor pid=1474)[0m [2026-09-29 20:08:19] Weight version changed. old_version='4' new_version='yeto:3:f3a9c41492c2e072728628b13b0b45f1db4c91d0b083b2e85654294f48019fe4' num_recorded=0
[algo1a-g3c-tis-l0-modal] 
[algo1a-g3c-tis-l0-modal] [36m(CommandActor pid=1474)[0m [2026-09-29 20:08:19] [WeightChecker] handle action=checksum allow_quant_error=False skip_tensor_list=None
[algo1a-g3c-tis-l0-modal] 
[algo1a-g3c-tis-l0-modal] [36m(CommandActor pid=1474)[0m [2026-09-29 20:08:19] [WeightChecker] checksum computed for 226 tensors in 0.029s
[algo1a-g3c-tis-l0-modal] 
[syncer] 2026-09-29T20:08:19.063709Z  INFO yeto_syncer::server: learner finalized authoritative parameters learner_id=0 generation=15620651954206707447 step=3 remaining=1
[syncer] 2026-09-29T20:08:19.218553Z  WARN yeto_syncer::server: connection ended: unexpected end of file peer=13.53.217.83:22087
[syncer] 2026-09-29T20:08:19.218583Z  WARN yeto_syncer::server: learner disconnected during finalization; waiting for reconnect learner_id=0 generation=15620651954206707447
[syncer] 2026-09-29T20:08:19.222134Z  WARN yeto_syncer::server: connection ended: unexpected end of file peer=13.53.217.83:19479
[syncer] 2026-09-29T20:08:19.222519Z  WARN yeto_syncer::server: connection ended: unexpected end of file peer=13.53.217.83:49490
[syncer] 2026-09-29T20:08:19.222638Z  WARN yeto_syncer::server: connection ended: unexpected end of file peer=13.53.217.83:50241
[syncer] 2026-09-29T20:08:19.222762Z  WARN yeto_syncer::server: connection ended: unexpected end of file peer=13.53.217.83:18341
[algo1a-g3c-tis-l0-modal] [36m(RayWorkerManager pid=1267)[0m [2026-09-29 20:08:19.230 worker_manager] ray_worker_manager.py:582 - Killed actor at self=_ServeActorRayCommManager(manager=<miles.utils.workers.ray_worker_manager.RayWorkerManager object at 0x2a918acf0350>, parent=_CellManager(manager=<miles.utils.workers.ray_worker_manager.RayWorkerManager object at 0x2a918acf0350>, cell_index=0, spec=ServeWorkerSpec(name='rollout-executor', category=None, port_infos=[PortInfo(name='rpc', static_port=8000, mode='per_worker', allow_dynamic=True, num_consecutive=1, offset_by_cell=False)], env_var=<function spec_rollout_executor.<locals>.<lambda> at 0x2a918b07e020>, scheduling=SchedulingSpec(num_cells=1, num_workers_per_cell=1, num_gpus_per_worker=0.0, num_cpus_per_worker=1.0, num_gpu_slots_per_worker=0, num_gpus_per_node=0, pg_name=None, pg_slot_offset=0, pin_to_head=True), meta=None, deploy_component=<DeployComponent.PRIMARY: 'primary'>, platform_access=<PlatformAccess.NONE: 'none'>, worker_class='miles.ray.rollout.rollout_executor.RolloutExecutor', ctor_kwargs=<function spec_rollout_executor.<locals>.<lambda> at 0x2a918b07f240>, concurrency_groups=None), actors=[...], generation=1, liveness_scan_task=<Task pending name='Task-16' coro=<_CellManager._scan_liveness_forever() running at /root/miles/miles/utils/workers/ray_worker_manager.py:431> wait_for=<Future pending cb=[Task.task_wakeup()]>>, binding=None), worker_in_cell_index=0, spec=ServeWorkerSpec(name='rollout-executor', category=None, port_infos=[PortInfo(name='rpc', static_port=8000, mode='per_worker', allow_dynamic=True, num_consecutive=1, offset_by_cell=False)], env_var=<function spec_rollout_executor.<locals>.<lambda> at 0x2a918b07e020>, scheduling=SchedulingSpec(num_cells=1, num_workers_per_cell=1, num_gpus_per_worker=0.0, num_cpus_per_worker=1.0, num_gpu_slots_per_worker=0, num_gpus_per_node=0, pg_name=None, pg_slot_offset=0, pin_to_head=True), meta=None, deploy_component=<DeployComponent.PRIMARY: 'primary'>, platform_access=<PlatformAccess.NONE: 'none'>, worker_class='miles.ray.rollout.rollout_executor.RolloutExecutor', ctor_kwargs=<function spec_rollout_executor.<locals>.<lambda> at 0x2a918b07f240>, concurrency_groups=None), actor_handle=Actor(RolloutExecutor, b22777b6b1aeb0cdfb332d7701000000), self_addrs={'rpc': HostAndPort(host='172.20.9.131', port=20038, external_host=None)}, local_gpu_ids=[], gpu_slot_index=None)
[algo1a-g3c-tis-l0-modal] 
[algo1a-g3c-tis-l0-modal] [36m(RayWorkerManager pid=1267)[0m [2026-09-29 20:08:19.231 worker_manager] ray_worker_manager.py:582 - Killed actor at self=_ServeActorRayCommManager(manager=<miles.utils.workers.ray_worker_manager.RayWorkerManager object at 0x2a918acf0350>, parent=_CellManager(manager=<miles.utils.workers.ray_worker_manager.RayWorkerManager object at 0x2a918acf0350>, cell_index=0, spec=ServeWorkerSpec(name='inference-controller', category=None, port_infos=[PortInfo(name='rpc', static_port=8000, mode='per_worker', allow_dynamic=True, num_consecutive=1, offset_by_cell=False)], env_var=<function spec_inference_controller.<locals>.<lambda> at 0x2a918b07f380>, scheduling=SchedulingSpec(num_cells=1, num_workers_per_cell=1, num_gpus_per_worker=0.0, num_cpus_per_worker=1.0, num_gpu_slots_per_worker=0, num_gpus_per_node=0, pg_name=None, pg_slot_offset=0, pin_to_head=True), meta=None, deploy_component=<DeployComponent.PRIMARY: 'primary'>, platform_access=<PlatformAccess.READ: 'read'>, worker_class='miles.ray.rollout.inference_controller.InferenceController', ctor_kwargs=<function spec_inference_controller.<locals>.<lambda> at 0x2a91bcd332e0>, concurrency_groups=None), actors=[...], generation=1, liveness_scan_task=<Task pending name='Task-17' coro=<_CellManager._scan_liveness_forever() running at /root/miles/miles/utils/workers/ray_worker_manager.py:431> wait_for=<Future pending cb=[Task.task_wakeup()]>>, binding=None), worker_in_cell_index=0, spec=ServeWorkerSpec(name='inference-controller', category=None, port_infos=[PortInfo(name='rpc', static_port=8000, mode='per_worker', allow_dynamic=True, num_consecutive=1, offset_by_cell=False)], env_var=<function spec_inference_controller.<locals>.<lambda> at 0x2a918b07f380>, scheduling=SchedulingSpec(num_cells=1, num_workers_per_cell=1, num_gpus_per_worker=0.0, num_cpus_per_worker=1.0, num_gpu_slots_per_worker=0, num_gpus_per_node=0, pg_name=None, pg_slot_offset=0, pin_to_head=True), meta=None, deploy_component=<DeployComponent.PRIMARY: 'primary'>, platform_access=<PlatformAccess.READ: 'read'>, worker_class='miles.ray.rollout.inference_controller.InferenceController', ctor_kwargs=<function spec_inference_controller.<locals>.<lambda> at 0x2a91bcd332e0>, concurrency_groups=None), actor_handle=Actor(InferenceController, d9234a23b763adf83f9809c401000000), self_addrs={'rpc': HostAndPort(host='172.20.9.131', port=20037, external_host=None)}, local_gpu_ids=[], gpu_slot_index=None)
[algo1a-g3c-tis-l0-modal] 
[algo1a-g3c-tis-l0-modal] [36m(RayWorkerManager pid=1267)[0m [2026-09-29 20:08:19.232 worker_manager] ray_worker_manager.py:582 - Killed actor at self=_ServeActorRayCommManager(manager=<miles.utils.workers.ray_worker_manager.RayWorkerManager object at 0x2a918acf0350>, parent=_CellManager(manager=<miles.utils.workers.ray_worker_manager.RayWorkerManager object at 0x2a918acf0350>, cell_index=0, spec=ServeWorkerSpec(name='trainer-controller-actor', category=None, port_infos=[PortInfo(name='rpc', static_port=8000, mode='per_worker', allow_dynamic=True, num_consecutive=1, offset_by_cell=False)], env_var=<function _compute_spec_trainer_controller.<locals>.<lambda> at 0x2a91bcd33920>, scheduling=SchedulingSpec(num_cells=1, num_workers_per_cell=1, num_gpus_per_worker=0.0, num_cpus_per_worker=1.0, num_gpu_slots_per_worker=0, num_gpus_per_node=0, pg_name=None, pg_slot_offset=0, pin_to_head=False), meta=None, deploy_component=<DeployComponent.TRAINER: 'trainer'>, platform_access=<PlatformAccess.READ_DELETE: 'read-delete'>, worker_class='miles.ray.train.group.TrainerController', ctor_kwargs=<function _compute_spec_trainer_controller.<locals>.<lambda> at 0x2a91bcd33a60>, concurrency_groups=None), actors=[...], generation=1, liveness_scan_task=<Task pending name='Task-20' coro=<_CellManager._scan_liveness_forever() running at /root/miles/miles/utils/workers/ray_worker_manager.py:431> wait_for=<Future pending cb=[Task.task_wakeup()]>>, binding=None), worker_in_cell_index=0, spec=ServeWorkerSpec(name='trainer-controller-actor', category=None, port_infos=[PortInfo(name='rpc', static_port=8000, mode='per_worker', allow_dynamic=True, num_consecutive=1, offset_by_cell=False)], env_var=<function _compute_spec_trainer_controller.<locals>.<lambda> at 0x2a91bcd33920>, scheduling=SchedulingSpec(num_cells=1, num_workers_per_cell=1, num_gpus_per_worker=0.0, num_cpus_per_worker=1.0, num_gpu_slots_per_worker=0, num_gpus_per_node=0, pg_name=None, pg_slot_offset=0, pin_to_head=False), meta=None, deploy_component=<DeployComponent.TRAINER: 'trainer'>, platform_access=<PlatformAccess.READ_DELETE: 'read-delete'>, worker_class='miles.ray.train.group.TrainerController', ctor_kwargs=<function _compute_spec_trainer_controller.<locals>.<lambda> at 0x2a91bcd33a60>, concurrency_groups=None), actor_handle=Actor(TrainerController, 6ae5553f4d016b3118edbf4c01000000), self_addrs={'rpc': HostAndPort(host='172.20.9.131', port=20041, external_host=None)}, local_gpu_ids=[], gpu_slot_index=None)
[algo1a-g3c-tis-l0-modal] 
[algo1a-g3c-tis-l0-modal] [36m(RayWorkerManager pid=1267)[0m [2026-09-29 20:08:19.233 worker_manager] ray_worker_manager.py:582 - Killed actor at self=_ServeActorRayCommManager(manager=<miles.utils.workers.ray_worker_manager.RayWorkerManager object at 0x2a918acf0350>, parent=_CellManager(manager=<miles.utils.workers.ray_worker_manager.RayWorkerManager object at 0x2a918acf0350>, cell_index=0, spec=ServeWorkerSpec(name='trainer-engine-actor', category='trainer_engine', port_infos=[PortInfo(name='master', static_port=9000, mode='master', allow_dynamic=True, num_consecutive=1, offset_by_cell=False), PortInfo(name='rpc', static_port=8000, mode='per_worker', allow_dynamic=True, num_consecutive=1, offset_by_cell=False)], env_var=<function _compute_spec_trainer.<locals>.<lambda> at 0x2a91bcd33b00>, scheduling=SchedulingSpec(num_cells=1, num_workers_per_cell=1, num_gpus_per_worker=0.4, num_cpus_per_worker=0.4, num_gpu_slots_per_worker=1, num_gpus_per_node=1, pg_name='actor', pg_slot_offset=0, pin_to_head=False), meta=<function _compute_spec_trainer.<locals>.<lambda> at 0x2a91bcd5cfe0>, deploy_component=<DeployComponent.TRAINER: 'trainer'>, platform_access=<PlatformAccess.NONE: 'none'>, worker_class='miles.backends.megatron_utils.actor.MegatronTrainRayActor', ctor_kwargs=<function _compute_spec_trainer.<locals>.<lambda> at 0x2a91bcd5dbc0>, concurrency_groups=None), actors=[...], generation=1, liveness_scan_task=<Task pending name='Task-21' coro=<_CellManager._scan_liveness_forever() running at /root/miles/miles/utils/workers/ray_worker_manager.py:431> wait_for=<Future pending cb=[Task.task_wakeup()]>>, binding=None), worker_in_cell_index=0, spec=ServeWorkerSpec(name='trainer-engine-actor', category='trainer_engine', port_infos=[PortInfo(name='master', static_port=9000, mode='master', allow_dynamic=True, num_consecutive=1, offset_by_cell=False), PortInfo(name='rpc', static_port=8000, mode='per_worker', allow_dynamic=True, num_consecutive=1, offset_by_cell=False)], env_var=<function _compute_spec_trainer.<locals>.<lambda> at 0x2a91bcd33b00>, scheduling=SchedulingSpec(num_cells=1, num_workers_per_cell=1, num_gpus_per_worker=0.4, num_cpus_per_worker=0.4, num_gpu_slots_per_worker=1, num_gpus_per_node=1, pg_name='actor', pg_slot_offset=0, pin_to_head=False), meta=<function _compute_spec_trainer.<locals>.<lambda> at 0x2a91bcd5cfe0>, deploy_component=<DeployComponent.TRAINER: 'trainer'>, platform_access=<PlatformAccess.NONE: 'none'>, worker_class='miles.backends.megatron_utils.actor.MegatronTrainRayActor', ctor_kwargs=<function _compute_spec_trainer.<locals>.<lambda> at 0x2a91bcd5dbc0>, concurrency_groups=None), actor_handle=Actor(MegatronTrainRayActor, bb562bd79c0d6da8ddc989d201000000), self_addrs={'master': HostAndPort(host='172.20.9.131', port=20039, external_host=None), 'rpc': HostAndPort(host='172.20.9.131', port=20040, external_host=None)}, local_gpu_ids=[0], gpu_slot_index=0)
[algo1a-g3c-tis-l0-modal] 
[algo1a-g3c-tis-l0-modal] [36m(InferenceController pid=1473)[0m [2026-09-29 20:08:19.224 inference_controller] rollout_server.py:132 - Killing server cell_id='inference-engine-all-0-0-00000'...
[algo1a-g3c-tis-l0-modal] 
[algo1a-g3c-tis-l0-modal] [36m(InferenceController pid=1473)[0m [2026-09-29 20:08:19.226 inference_controller] _client.py:1740 - HTTP Request: GET http://172.20.9.131:20001/workers "HTTP/1.1 200 OK"
[algo1a-g3c-tis-l0-modal] 
[algo1a-g3c-tis-l0-modal] [36m(InferenceController pid=1473)[0m [2026-09-29 20:08:19.227 inference_controller] _client.py:1740 - HTTP Request: DELETE http://172.20.9.131:20001/workers/7ecc421c-ec1e-4d98-83e1-ae085d76e2e7 "HTTP/1.1 202 Accepted"
[algo1a-g3c-tis-l0-modal] 
[algo1a-g3c-tis-l0-modal] [36m(InferenceController pid=1473)[0m [2026-09-29 20:08:19.227 inference_controller] server_cell.py:315 - Cell inference-engine-all-0-0-00000 dispose start old=addr_info=CellAddrInfo(server_url='http://172.20.9.131:20000', bootstrap_port=None, gate_url='http://172.20.9.131:20036')
[algo1a-g3c-tis-l0-modal] 
[algo1a-g3c-tis-l0-modal] [36m(InferenceController pid=1473)[0m [2026-09-29 20:08:19.228 inference_controller] server_cell.py:318 - Cell inference-engine-all-0-0-00000 dispose end new=
[algo1a-g3c-tis-l0-modal] 
[algo1a-g3c-tis-l0-modal] [36m(CommandActor pid=1474)[0m [2026-09-29 20:08:19] SIGTERM received. signum=None frame=None. Draining requests and shutting down...
[algo1a-g3c-tis-l0-modal] 
[algo1a-g3c-tis-l0-modal] [36m(RayWorkerManager pid=1267)[0m [2026-09-29 20:08:19.370 worker_manager] ray_worker_manager.py:582 - Killed actor at self=_CommandActorManager(manager=<miles.utils.workers.ray_worker_manager.RayWorkerManager object at 0x2a918acf0350>, parent=_CellManager(manager=<miles.utils.workers.ray_worker_manager.RayWorkerManager object at 0x2a918acf0350>, cell_index=0, spec=CommandWorkerSpec(name='inference-router-0', category=None, port_infos=[PortInfo(name='primary', static_port=8000, mode='per_worker', allow_dynamic=True, num_consecutive=1, offset_by_cell=False), PortInfo(name='prometheus', static_port=9000, mode='per_worker', allow_dynamic=True, num_consecutive=1, offset_by_cell=False)], env_var=<function _compute_spec_router.<locals>.<lambda> at 0x2a91bcd33380>, scheduling=SchedulingSpec(num_cells=1, num_workers_per_cell=1, num_gpus_per_worker=0.0, num_cpus_per_worker=0.2, num_gpu_slots_per_worker=0, num_gpus_per_node=0, pg_name=None, pg_slot_offset=0, pin_to_head=True), meta=None, deploy_component=<DeployComponent.PRIMARY: 'primary'>, platform_access=<PlatformAccess.NONE: 'none'>, launch_command=<function _compute_spec_router.<locals>._compute_launch_command at 0x2a91bcd33420>), actors=[...], generation=1, liveness_scan_task=<Task pending name='Task-18' coro=<_CellManager._scan_liveness_forever() running at /root/miles/miles/utils/workers/ray_worker_manager.py:431> wait_for=<Future pending cb=[Task.task_wakeup()]>>, binding=None), worker_in_cell_index=0, spec=CommandWorkerSpec(name='inference-router-0', category=None, port_infos=[PortInfo(name='primary', static_port=8000, mode='per_worker', allow_dynamic=True, num_consecutive=1, offset_by_cell=False), PortInfo(name='prometheus', static_port=9000, mode='per_worker', allow_dynamic=True, num_consecutive=1, offset_by_cell=False)], env_var=<function _compute_spec_router.<locals>.<lambda> at 0x2a91bcd33380>, scheduling=SchedulingSpec(num_cells=1, num_workers_per_cell=1, num_gpus_per_worker=0.0, num_cpus_per_worker=0.2, num_gpu_slots_per_worker=0, num_gpus_per_node=0, pg_name=None, pg_slot_offset=0, pin_to_head=True), meta=None, deploy_component=<DeployComponent.PRIMARY: 'primary'>, platform_access=<PlatformAccess.NONE: 'none'>, launch_command=<function _compute_spec_router.<locals>._compute_launch_command at 0x2a91bcd33420>), actor_handle=Actor(CommandActor, 94e6301f5abd14d7c1827f6001000000), self_addrs={'primary': HostAndPort(host='172.20.9.131', port=20001, external_host=None), 'prometheus': HostAndPort(host='172.20.9.131', port=20033, external_host=None)}, local_gpu_ids=[], gpu_slot_index=None)
[algo1a-g3c-tis-l0-modal] 
[algo1a-g3c-tis-l0-modal] [36m(CommandActor pid=1474)[0m [2026-09-29 20:08:20] Subprocess scheduler_0 (pid=2521) crashed with exit code -15. Triggering SIGQUIT for cleanup...
[algo1a-g3c-tis-l0-modal] 
[algo1a-g3c-tis-l0-modal] [36m(CommandActor pid=1474)[0m [2026-09-29 20:08:20] SIGQUIT received. signum=None, frame=None. It usually means one child failed.
[algo1a-g3c-tis-l0-modal] 
[algo1a-g3c-tis-l0-modal] [36m(CommandActor pid=1474)[0m [2026-09-29 20:08:20] Sleeping 5 seconds before crash diagnostics to let GPU activity settle.
[algo1a-g3c-tis-l0-modal] 
[algo1a-g3c-tis-l1-modal] [36m(TrainerController pid=2527)[0m [2026-09-29 20:08:21.247 trainer_controller_actor] cell.py:239 - ft op=execute phase=end cell=trainer-engine-actor-00000 fn=run_plugin ok=true elapsed_s=23.2
[algo1a-g3c-tis-l1-modal] 
[algo1a-g3c-tis-l1-modal] [36m(TrainerController pid=2527)[0m [2026-09-29 20:08:21.305 trainer_controller_actor] cell.py:231 - ft op=execute phase=start cell=trainer-engine-actor-00000 fn=run_plugin n_actors=1
[algo1a-g3c-tis-l1-modal] 
[algo1a-g3c-tis-l1-modal] [36m(TrainerController pid=2527)[0m [2026-09-29 20:08:21.560 trainer_controller_actor] cell.py:239 - ft op=execute phase=end cell=trainer-engine-actor-00000 fn=run_plugin ok=true elapsed_s=0.3
[algo1a-g3c-tis-l1-modal] 
[algo1a-g3c-tis-l1-modal] YETO_RL_EVENT {"event":"rl_policy_apply","island_id":1,"local_step":3,"optimizer":"reset","partial_fragment_apply":false,"policy_version":3,"sync/apply_seconds":46.214627330999974,"sync/global_policy_hash":"f3a9c41492c2e072728628b13b0b45f1db4c91d0b083b2e85654294f48019fe4","time_unix":1790712501.8534858}
[algo1a-g3c-tis-l1-modal] 
[algo1a-g3c-tis-l1-modal] YETO_RL_EVENT {"event":"rl_driver_phase","island_id":1,"phase":"publish","policy_version":3,"time_unix":1790712501.9165046}
[algo1a-g3c-tis-l1-modal] 
[algo1a-g3c-tis-l1-modal] [36m(TrainerController pid=2527)[0m [2026-09-29 20:08:21.980 trainer_controller_actor] cell.py:231 - ft op=execute phase=start cell=trainer-engine-actor-00000 fn=run_plugin n_actors=1
[algo1a-g3c-tis-l1-modal] 
[algo1a-g3c-tis-l1-modal] [36m(TrainerController pid=2527)[0m [2026-09-29 20:08:22.262 trainer_controller_actor] cell.py:239 - ft op=execute phase=end cell=trainer-engine-actor-00000 fn=run_plugin ok=true elapsed_s=0.3
[algo1a-g3c-tis-l1-modal] 
[algo1a-g3c-tis-l1-modal] [36m(InferenceController pid=2520)[0m [2026-09-29 20:08:22.600 inference_controller] _client.py:1740 - HTTP Request: POST http://172.20.22.83:20001/resume_memory_occupation "HTTP/1.1 200 OK"
[algo1a-g3c-tis-l1-modal] 
[algo1a-g3c-tis-l1-modal] [36m(CommandActor pid=2526)[0m [2026-09-29 20:08:22] INFO:     172.20.22.83:45318 - "POST /resume_memory_occupation HTTP/1.1" 200 OK
[algo1a-g3c-tis-l1-modal] 
[algo1a-g3c-tis-l1-modal] [36m(TrainerController pid=2527)[0m [2026-09-29 20:08:22.606 trainer_controller_actor] group.py:392 - ft op=update_weights phase=start rollout=
[algo1a-g3c-tis-l1-modal] 
[algo1a-g3c-tis-l1-modal] [36m(TrainerController pid=2527)[0m [2026-09-29 20:08:22.607 trainer_controller_actor] cell.py:231 - ft op=execute phase=start cell=trainer-engine-actor-00000 fn=update_weights n_actors=1
[algo1a-g3c-tis-l1-modal] 
[algo1a-g3c-tis-l1-modal] [36m(MegatronTrainRayActor pid=2862)[0m [2026-09-29 20:08:22.608 actor_cell00000_rank00000] structured_log.py:24 - actor cls=MegatronTrainRayActor fn=update_weights phase=start
[algo1a-g3c-tis-l1-modal] 
[algo1a-g3c-tis-l1-modal] [36m(MegatronTrainRayActor pid=2862)[0m [2026-09-29 20:08:22.608 actor_cell00000_rank00000] timer.py:31 - Timer update_weights start
[algo1a-g3c-tis-l1-modal] 
[algo1a-g3c-tis-l1-modal] [36m(MegatronTrainRayActor pid=2862)[0m [2026-09-29 20:08:22.609 actor_cell00000_rank00000] memory_utils.py:41 - [Rank 0] Memory-Usage before update_weights: {'gpu': '0', 'total_GB': 79.18, 'free_GB': 68.68, 'used_GB': 10.5, 'allocated_GB': 1.38, 'reserved_GB': 4.77}
[algo1a-g3c-tis-l1-modal] 
[algo1a-g3c-tis-l1-modal] [36m(CommandActor pid=2526)[0m [2026-09-29 20:08:22] INFO:     172.20.22.83:35037 - "POST /pause_generation HTTP/1.1" 200 OK
[algo1a-g3c-tis-l1-modal] 
[algo1a-g3c-tis-l1-modal] [36m(MegatronTrainRayActor pid=2862)[0m [2026-09-29 20:08:22.613 actor_cell00000_rank00000] _client.py:1740 - HTTP Request: POST http://172.20.22.83:20001/pause_generation "HTTP/1.1 200 OK"
[algo1a-g3c-tis-l1-modal] 
[algo1a-g3c-tis-l1-modal] [36m(CommandActor pid=2526)[0m [2026-09-29 20:08:22] INFO:     172.20.22.83:35037 - "GET /flush_cache HTTP/1.1" 200 OK
[algo1a-g3c-tis-l1-modal] 
[algo1a-g3c-tis-l1-modal] [36m(CommandActor pid=2526)[0m [2026-09-29 20:08:22] Cache flush skipped: KV cache memory is released.
[algo1a-g3c-tis-l1-modal] 
[algo1a-g3c-tis-l1-modal] [36m(MegatronTrainRayActor pid=2862)[0m [2026-09-29 20:08:22.616 actor_cell00000_rank00000] _client.py:1740 - HTTP Request: GET http://172.20.22.83:20001/flush_cache "HTTP/1.1 200 OK"
[algo1a-g3c-tis-l1-modal] 
[algo1a-g3c-tis-l1-modal] [36m(CommandActor pid=2526)[0m [2026-09-29 20:08:22] INFO:     172.20.22.83:35037 - "POST /begin_weight_update HTTP/1.1" 200 OK
[algo1a-g3c-tis-l1-modal] 
[algo1a-g3c-tis-l1-modal] [36m(MegatronTrainRayActor pid=2862)[0m [2026-09-29 20:08:22.619 actor_cell00000_rank00000] _client.py:1740 - HTTP Request: POST http://172.20.22.83:20001/begin_weight_update "HTTP/1.1 200 OK"
[algo1a-g3c-tis-l1-modal] 
[algo1a-g3c-tis-l1-modal] [36m(MegatronTrainRayActor pid=2862)[0m [2026-09-29 20:08:22.620 actor_cell00000_rank00000] timer.py:31 - Timer update_weights_implementation start
[algo1a-g3c-tis-l1-modal] 
[algo1a-g3c-tis-l1-modal] [36m(MegatronTrainRayActor pid=2862)[0m [miles-colocate] Update weights: 0it [00:00, ?it/s]
[algo1a-g3c-tis-l1-modal] 
[algo1a-g3c-tis-l1-modal] [36m(CommandActor pid=2526)[0m [2026-09-29 20:08:22] INFO:     172.20.22.83:35037 - "POST /update_weights_from_tensor HTTP/1.1" 200 OK
[algo1a-g3c-tis-l1-modal] 
[algo1a-g3c-tis-l1-modal] [36m(CommandActor pid=2526)[0m [2026-09-29 20:08:22] INFO:     172.20.22.83:35037 - "POST /end_weight_update HTTP/1.1" 200 OK
[algo1a-g3c-tis-l1-modal] 
[algo1a-g3c-tis-l1-modal] [36m(CommandActor pid=2526)[0m [2026-09-29 20:08:22] LoRA adapter loading from tensors starts: LoRARef(lora_id=78854b8b31b746eb971c8e1c090247b6, lora_name=miles_lora, lora_path=__stream__, pinned=False, reloadable=False).
[algo1a-g3c-tis-l1-modal] 
[algo1a-g3c-tis-l1-modal] [36m(CommandActor pid=2526)[0m [2026-09-29 20:08:22] LoRA adapter '78854b8b31b746eb971c8e1c090247b6': loaded weights for target modules ['down_proj', 'gate_up_proj', 'o_proj', 'qkv_proj'].
[algo1a-g3c-tis-l1-modal] 
[algo1a-g3c-tis-l1-modal] [36m(CommandActor pid=2526)[0m [2026-09-29 20:08:22] LoRA adapter loading from tensors completes: LoRARef(lora_id=78854b8b31b746eb971c8e1c090247b6, lora_name=miles_lora, lora_path=__stream__, pinned=False, reloadable=False).
[algo1a-g3c-tis-l1-modal] 
[algo1a-g3c-tis-l1-modal] [36m(MegatronTrainRayActor pid=2862)[0m [2026-09-29 20:08:22.678 actor_cell00000_rank00000] _client.py:1740 - HTTP Request: POST http://172.20.22.83:20001/update_weights_from_tensor "HTTP/1.1 200 OK"
[algo1a-g3c-tis-l1-modal] 
[algo1a-g3c-tis-l1-modal] [36m(MegatronTrainRayActor pid=2862)[0m [2026-09-29 20:08:22.678 actor_cell00000_rank00000] timer.py:42 - Timer update_weights_implementation end (elapsed: 0.1s)
[algo1a-g3c-tis-l1-modal] 
[algo1a-g3c-tis-l1-modal] [36m(MegatronTrainRayActor pid=2862)[0m [2026-09-29 20:08:22.679 actor_cell00000_rank00000] timer.py:31 - Timer finalize_and_resume_engines start
[algo1a-g3c-tis-l1-modal] 
[algo1a-g3c-tis-l1-modal] [36m(MegatronTrainRayActor pid=2862)[0m [2026-09-29 20:08:22.726 actor_cell00000_rank00000] _client.py:1740 - HTTP Request: POST http://172.20.22.83:20001/end_weight_update "HTTP/1.1 200 OK"
[algo1a-g3c-tis-l1-modal] 
[algo1a-g3c-tis-l1-modal] [36m(CommandActor pid=2526)[0m [2026-09-29 20:08:22] INFO:     172.20.22.83:35037 - "POST /update_weight_version HTTP/1.1" 200 OK
[algo1a-g3c-tis-l1-modal] 
[algo1a-g3c-tis-l1-modal] [36m(CommandActor pid=2526)[0m [2026-09-29 20:08:22] Weight version changed. old_version='yeto:2:5b7c7063c2e800da8b85daec97f443a3044c59c10183a559a367119e40e58b40' new_version='4' num_recorded=0
[algo1a-g3c-tis-l1-modal] 
[algo1a-g3c-tis-l1-modal] [36m(MegatronTrainRayActor pid=2862)[0m [2026-09-29 20:08:22.729 actor_cell00000_rank00000] _client.py:1740 - HTTP Request: POST http://172.20.22.83:20001/update_weight_version "HTTP/1.1 200 OK"
[algo1a-g3c-tis-l1-modal] 
[algo1a-g3c-tis-l1-modal] [36m(CommandActor pid=2526)[0m [2026-09-29 20:08:22] INFO:     172.20.22.83:35037 - "POST /continue_generation HTTP/1.1" 200 OK
[algo1a-g3c-tis-l1-modal] 
[algo1a-g3c-tis-l1-modal] [36m(CommandActor pid=2526)[0m [2026-09-29 20:08:22] [continue_generation] torch.cuda.empty_cache() called: reserved 32306.0 MB -> 32266.0 MB (freed 40.0 MB)
[algo1a-g3c-tis-l1-modal] 
[algo1a-g3c-tis-l1-modal] [36m(MegatronTrainRayActor pid=2862)[0m [2026-09-29 20:08:22.732 actor_cell00000_rank00000] _client.py:1740 - HTTP Request: POST http://172.20.22.83:20001/continue_generation "HTTP/1.1 200 OK"
[algo1a-g3c-tis-l1-modal] 
[algo1a-g3c-tis-l1-modal] [36m(MegatronTrainRayActor pid=2862)[0m [2026-09-29 20:08:22.732 actor_cell00000_rank00000] timer.py:42 - Timer finalize_and_resume_engines end (elapsed: 0.1s)
[algo1a-g3c-tis-l1-modal] 
[algo1a-g3c-tis-l1-modal] YETO_RL_EVENT {"event":"rl_publication","island_id":1,"policy_version":3,"rl/policy_token":"yeto:3:f3a9c41492c2e072728628b13b0b45f1db4c91d0b083b2e85654294f48019fe4","sync/publication_members":["engine:inference-engine-all-0-0-00000"],"sync/publication_payload_bytes":40370176,"sync/publication_payload_hash":"a9b3f3f3b57ff2608986ecf5dca94ed1f0945ddc6f826dbdbe113937afe851c2","time_unix":1790712502.8414657}
[algo1a-g3c-tis-l1-modal] 
[algo1a-g3c-tis-l1-modal] YETO_RL_EVENT {"event":"rl_driver_phase","island_id":1,"phase":"finish","rollout_id":3,"time_unix":1790712502.8421504}
[algo1a-g3c-tis-l1-modal] 
[algo1a-g3c-tis-l1-modal] [36m(InferenceController pid=2520)[0m [2026-09-29 20:08:22.798 inference_controller] _client.py:1740 - HTTP Request: POST http://172.20.22.83:20001/resume_memory_occupation "HTTP/1.1 200 OK"
[algo1a-g3c-tis-l1-modal] 
[algo1a-g3c-tis-l1-modal] [36m(InferenceController pid=2520)[0m [2026-09-29 20:08:22.836 inference_controller] _client.py:1740 - HTTP Request: POST http://172.20.22.83:20001/weights_checker "HTTP/1.1 200 OK"
[algo1a-g3c-tis-l1-modal] 
[algo1a-g3c-tis-l1-modal] [36m(CommandActor pid=2526)[0m [2026-09-29 20:08:22] INFO:     172.20.22.83:45318 - "POST /resume_memory_occupation HTTP/1.1" 200 OK
[algo1a-g3c-tis-l1-modal] 
[algo1a-g3c-tis-l1-modal] [36m(CommandActor pid=2526)[0m [2026-09-29 20:08:22] INFO:     172.20.22.83:57695 - "POST /update_weight_version HTTP/1.1" 200 OK
[algo1a-g3c-tis-l1-modal] 
[algo1a-g3c-tis-l1-modal] [36m(CommandActor pid=2526)[0m [2026-09-29 20:08:22] INFO:     172.20.22.83:57695 - "GET /model_info HTTP/1.1" 200 OK
[algo1a-g3c-tis-l1-modal] 
[algo1a-g3c-tis-l1-modal] [36m(CommandActor pid=2526)[0m [2026-09-29 20:08:22] INFO:     172.20.22.83:45318 - "POST /weights_checker HTTP/1.1" 200 OK
[algo1a-g3c-tis-l1-modal] 
[algo1a-g3c-tis-l1-modal] [36m(CommandActor pid=2526)[0m [2026-09-29 20:08:22] Weight version changed. old_version='4' new_version='yeto:3:f3a9c41492c2e072728628b13b0b45f1db4c91d0b083b2e85654294f48019fe4' num_recorded=0
[algo1a-g3c-tis-l1-modal] 
[algo1a-g3c-tis-l1-modal] [36m(CommandActor pid=2526)[0m [2026-09-29 20:08:22] [WeightChecker] handle action=checksum allow_quant_error=False skip_tensor_list=None
[algo1a-g3c-tis-l1-modal] 
[algo1a-g3c-tis-l1-modal] [36m(CommandActor pid=2526)[0m [2026-09-29 20:08:22] [WeightChecker] checksum computed for 226 tensors in 0.019s
[algo1a-g3c-tis-l1-modal] 
[algo1a-g3c-tis-l1-modal] [36m(TrainerController pid=2527)[0m [2026-09-29 20:08:22.757 trainer_controller_actor] cell.py:239 - ft op=execute phase=end cell=trainer-engine-actor-00000 fn=update_weights ok=true elapsed_s=0.2
[algo1a-g3c-tis-l1-modal] 
[algo1a-g3c-tis-l1-modal] [36m(MegatronTrainRayActor pid=2862)[0m [miles-colocate] Update weights: 1it [00:00,  7.47it/s]
[algo1a-g3c-tis-l1-modal] [36m(MegatronTrainRayActor pid=2862)[0m [2026-09-29 20:08:22.755 actor_cell00000_rank00000] memory_utils.py:41 - [Rank 0] Memory-Usage after update_weights: {'gpu': '0', 'total_GB': 79.18, 'free_GB': 71.95, 'used_GB': 7.23, 'allocated_GB': 1.38, 'reserved_GB': 1.52}
[algo1a-g3c-tis-l1-modal] 
[algo1a-g3c-tis-l1-modal] [36m(MegatronTrainRayActor pid=2862)[0m [2026-09-29 20:08:22.756 actor_cell00000_rank00000] timer.py:42 - Timer update_weights end (elapsed: 0.1s)
[algo1a-g3c-tis-l1-modal] 
[algo1a-g3c-tis-l1-modal] [36m(MegatronTrainRayActor pid=2862)[0m [2026-09-29 20:08:22.756 actor_cell00000_rank00000] structured_log.py:28 - actor cls=MegatronTrainRayActor fn=update_weights phase=end ok=true elapsed_s=0.1
[algo1a-g3c-tis-l1-modal] 
[algo1a-g3c-tis-l1-modal] [36m(RayWorkerManager pid=2295)[0m [2026-09-29 20:08:22.977 worker_manager] ray_worker_manager.py:582 - Killed actor at self=_ServeActorRayCommManager(manager=<miles.utils.workers.ray_worker_manager.RayWorkerManager object at 0x2ad2b1fb2cf0>, parent=_CellManager(manager=<miles.utils.workers.ray_worker_manager.RayWorkerManager object at 0x2ad2b1fb2cf0>, cell_index=0, spec=ServeWorkerSpec(name='rollout-executor', category=None, port_infos=[PortInfo(name='rpc', static_port=8000, mode='per_worker', allow_dynamic=True, num_consecutive=1, offset_by_cell=False)], env_var=<function spec_rollout_executor.<locals>.<lambda> at 0x2ad2b2555f80>, scheduling=SchedulingSpec(num_cells=1, num_workers_per_cell=1, num_gpus_per_worker=0.0, num_cpus_per_worker=1.0, num_gpu_slots_per_worker=0, num_gpus_per_node=0, pg_name=None, pg_slot_offset=0, pin_to_head=True), meta=None, deploy_component=<DeployComponent.PRIMARY: 'primary'>, platform_access=<PlatformAccess.NONE: 'none'>, worker_class='miles.ray.rollout.rollout_executor.RolloutExecutor', ctor_kwargs=<function spec_rollout_executor.<locals>.<lambda> at 0x2ad2b25571a0>, concurrency_groups=None), actors=[...], generation=1, liveness_scan_task=<Task pending name='Task-16' coro=<_CellManager._scan_liveness_forever() running at /root/miles/miles/utils/workers/ray_worker_manager.py:431> wait_for=<Future pending cb=[Task.task_wakeup()]>>, binding=None), worker_in_cell_index=0, spec=ServeWorkerSpec(name='rollout-executor', category=None, port_infos=[PortInfo(name='rpc', static_port=8000, mode='per_worker', allow_dynamic=True, num_consecutive=1, offset_by_cell=False)], env_var=<function spec_rollout_executor.<locals>.<lambda> at 0x2ad2b2555f80>, scheduling=SchedulingSpec(num_cells=1, num_workers_per_cell=1, num_gpus_per_worker=0.0, num_cpus_per_worker=1.0, num_gpu_slots_per_worker=0, num_gpus_per_node=0, pg_name=None, pg_slot_offset=0, pin_to_head=True), meta=None, deploy_component=<DeployComponent.PRIMARY: 'primary'>, platform_access=<PlatformAccess.NONE: 'none'>, worker_class='miles.ray.rollout.rollout_executor.RolloutExecutor', ctor_kwargs=<function spec_rollout_executor.<locals>.<lambda> at 0x2ad2b25571a0>, concurrency_groups=None), actor_handle=Actor(RolloutExecutor, d229c8af66a21b1460befc0701000000), self_addrs={'rpc': HostAndPort(host='172.20.22.83', port=20038, external_host=None)}, local_gpu_ids=[], gpu_slot_index=None)
[algo1a-g3c-tis-l1-modal] 
[algo1a-g3c-tis-l1-modal] [36m(RayWorkerManager pid=2295)[0m [2026-09-29 20:08:22.977 worker_manager] ray_worker_manager.py:582 - Killed actor at self=_ServeActorRayCommManager(manager=<miles.utils.workers.ray_worker_manager.RayWorkerManager object at 0x2ad2b1fb2cf0>, parent=_CellManager(manager=<miles.utils.workers.ray_worker_manager.RayWorkerManager object at 0x2ad2b1fb2cf0>, cell_index=0, spec=ServeWorkerSpec(name='inference-controller', category=None, port_infos=[PortInfo(name='rpc', static_port=8000, mode='per_worker', allow_dynamic=True, num_consecutive=1, offset_by_cell=False)], env_var=<function spec_inference_controller.<locals>.<lambda> at 0x2ad2b25572e0>, scheduling=SchedulingSpec(num_cells=1, num_workers_per_cell=1, num_gpus_per_worker=0.0, num_cpus_per_worker=1.0, num_gpu_slots_per_worker=0, num_gpus_per_node=0, pg_name=None, pg_slot_offset=0, pin_to_head=True), meta=None, deploy_component=<DeployComponent.PRIMARY: 'primary'>, platform_access=<PlatformAccess.READ: 'read'>, worker_class='miles.ray.rollout.inference_controller.InferenceController', ctor_kwargs=<function spec_inference_controller.<locals>.<lambda> at 0x2ad2e407b240>, concurrency_groups=None), actors=[...], generation=1, liveness_scan_task=<Task pending name='Task-17' coro=<_CellManager._scan_liveness_forever() running at /root/miles/miles/utils/workers/ray_worker_manager.py:431> wait_for=<Future pending cb=[Task.task_wakeup()]>>, binding=None), worker_in_cell_index=0, spec=ServeWorkerSpec(name='inference-controller', category=None, port_infos=[PortInfo(name='rpc', static_port=8000, mode='per_worker', allow_dynamic=True, num_consecutive=1, offset_by_cell=False)], env_var=<function spec_inference_controller.<locals>.<lambda> at 0x2ad2b25572e0>, scheduling=SchedulingSpec(num_cells=1, num_workers_per_cell=1, num_gpus_per_worker=0.0, num_cpus_per_worker=1.0, num_gpu_slots_per_worker=0, num_gpus_per_node=0, pg_name=None, pg_slot_offset=0, pin_to_head=True), meta=None, deploy_component=<DeployComponent.PRIMARY: 'primary'>, platform_access=<PlatformAccess.READ: 'read'>, worker_class='miles.ray.rollout.inference_controller.InferenceController', ctor_kwargs=<function spec_inference_controller.<locals>.<lambda> at 0x2ad2e407b240>, concurrency_groups=None), actor_handle=Actor(InferenceController, 289c83be09db2e9a1eacb17701000000), self_addrs={'rpc': HostAndPort(host='172.20.22.83', port=20037, external_host=None)}, local_gpu_ids=[], gpu_slot_index=None)
[algo1a-g3c-tis-l1-modal] 
[algo1a-g3c-tis-l1-modal] [36m(RayWorkerManager pid=2295)[0m [2026-09-29 20:08:22.979 worker_manager] ray_worker_manager.py:582 - Killed actor at self=_ServeActorRayCommManager(manager=<miles.utils.workers.ray_worker_manager.RayWorkerManager object at 0x2ad2b1fb2cf0>, parent=_CellManager(manager=<miles.utils.workers.ray_worker_manager.RayWorkerManager object at 0x2ad2b1fb2cf0>, cell_index=0, spec=ServeWorkerSpec(name='trainer-controller-actor', category=None, port_infos=[PortInfo(name='rpc', static_port=8000, mode='per_worker', allow_dynamic=True, num_consecutive=1, offset_by_cell=False)], env_var=<function _compute_spec_trainer_controller.<locals>.<lambda> at 0x2ad2e407b880>, scheduling=SchedulingSpec(num_cells=1, num_workers_per_cell=1, num_gpus_per_worker=0.0, num_cpus_per_worker=1.0, num_gpu_slots_per_worker=0, num_gpus_per_node=0, pg_name=None, pg_slot_offset=0, pin_to_head=False), meta=None, deploy_component=<DeployComponent.TRAINER: 'trainer'>, platform_access=<PlatformAccess.READ_DELETE: 'read-delete'>, worker_class='miles.ray.train.group.TrainerController', ctor_kwargs=<function _compute_spec_trainer_controller.<locals>.<lambda> at 0x2ad2e407b9c0>, concurrency_groups=None), actors=[...], generation=1, liveness_scan_task=<Task pending name='Task-20' coro=<_CellManager._scan_liveness_forever() running at /root/miles/miles/utils/workers/ray_worker_manager.py:431> wait_for=<Future pending cb=[Task.task_wakeup()]>>, binding=None), worker_in_cell_index=0, spec=ServeWorkerSpec(name='trainer-controller-actor', category=None, port_infos=[PortInfo(name='rpc', static_port=8000, mode='per_worker', allow_dynamic=True, num_consecutive=1, offset_by_cell=False)], env_var=<function _compute_spec_trainer_controller.<locals>.<lambda> at 0x2ad2e407b880>, scheduling=SchedulingSpec(num_cells=1, num_workers_per_cell=1, num_gpus_per_worker=0.0, num_cpus_per_worker=1.0, num_gpu_slots_per_worker=0, num_gpus_per_node=0, pg_name=None, pg_slot_offset=0, pin_to_head=False), meta=None, deploy_component=<DeployComponent.TRAINER: 'trainer'>, platform_access=<PlatformAccess.READ_DELETE: 'read-delete'>, worker_class='miles.ray.train.group.TrainerController', ctor_kwargs=<function _compute_spec_trainer_controller.<locals>.<lambda> at 0x2ad2e407b9c0>, concurrency_groups=None), actor_handle=Actor(TrainerController, fdda2eda0620c00ba254baca01000000), self_addrs={'rpc': HostAndPort(host='172.20.22.83', port=20041, external_host=None)}, local_gpu_ids=[], gpu_slot_index=None)
[algo1a-g3c-tis-l1-modal] 
[algo1a-g3c-tis-l1-modal] [36m(RayWorkerManager pid=2295)[0m [2026-09-29 20:08:22.980 worker_manager] ray_worker_manager.py:582 - Killed actor at self=_ServeActorRayCommManager(manager=<miles.utils.workers.ray_worker_manager.RayWorkerManager object at 0x2ad2b1fb2cf0>, parent=_CellManager(manager=<miles.utils.workers.ray_worker_manager.RayWorkerManager object at 0x2ad2b1fb2cf0>, cell_index=0, spec=ServeWorkerSpec(name='trainer-engine-actor', category='trainer_engine', port_infos=[PortInfo(name='master', static_port=9000, mode='master', allow_dynamic=True, num_consecutive=1, offset_by_cell=False), PortInfo(name='rpc', static_port=8000, mode='per_worker', allow_dynamic=True, num_consecutive=1, offset_by_cell=False)], env_var=<function _compute_spec_trainer.<locals>.<lambda> at 0x2ad2e407ba60>, scheduling=SchedulingSpec(num_cells=1, num_workers_per_cell=1, num_gpus_per_worker=0.4, num_cpus_per_worker=0.4, num_gpu_slots_per_worker=1, num_gpus_per_node=1, pg_name='actor', pg_slot_offset=0, pin_to_head=False), meta=<function _compute_spec_trainer.<locals>.<lambda> at 0x2ad2e40a8f40>, deploy_component=<DeployComponent.TRAINER: 'trainer'>, platform_access=<PlatformAccess.NONE: 'none'>, worker_class='miles.backends.megatron_utils.actor.MegatronTrainRayActor', ctor_kwargs=<function _compute_spec_trainer.<locals>.<lambda> at 0x2ad2e40a9b20>, concurrency_groups=None), actors=[...], generation=1, liveness_scan_task=<Task pending name='Task-21' coro=<_CellManager._scan_liveness_forever() running at /root/miles/miles/utils/workers/ray_worker_manager.py:431> wait_for=<Future pending cb=[Task.task_wakeup()]>>, binding=None), worker_in_cell_index=0, spec=ServeWorkerSpec(name='trainer-engine-actor', category='trainer_engine', port_infos=[PortInfo(name='master', static_port=9000, mode='master', allow_dynamic=True, num_consecutive=1, offset_by_cell=False), PortInfo(name='rpc', static_port=8000, mode='per_worker', allow_dynamic=True, num_consecutive=1, offset_by_cell=False)], env_var=<function _compute_spec_trainer.<locals>.<lambda> at 0x2ad2e407ba60>, scheduling=SchedulingSpec(num_cells=1, num_workers_per_cell=1, num_gpus_per_worker=0.4, num_cpus_per_worker=0.4, num_gpu_slots_per_worker=1, num_gpus_per_node=1, pg_name='actor', pg_slot_offset=0, pin_to_head=False), meta=<function _compute_spec_trainer.<locals>.<lambda> at 0x2ad2e40a8f40>, deploy_component=<DeployComponent.TRAINER: 'trainer'>, platform_access=<PlatformAccess.NONE: 'none'>, worker_class='miles.backends.megatron_utils.actor.MegatronTrainRayActor', ctor_kwargs=<function _compute_spec_trainer.<locals>.<lambda> at 0x2ad2e40a9b20>, concurrency_groups=None), actor_handle=Actor(MegatronTrainRayActor, 4fbc5024775c8544ad9d1c5f01000000), self_addrs={'master': HostAndPort(host='172.20.22.83', port=20039, external_host=None), 'rpc': HostAndPort(host='172.20.22.83', port=20040, external_host=None)}, local_gpu_ids=[0], gpu_slot_index=0)
[algo1a-g3c-tis-l1-modal] 
[algo1a-g3c-tis-l1-modal] [36m(InferenceController pid=2520)[0m [2026-09-29 20:08:22.970 inference_controller] rollout_server.py:132 - Killing server cell_id='inference-engine-all-0-0-00000'...
[algo1a-g3c-tis-l1-modal] 
[algo1a-g3c-tis-l1-modal] [36m(InferenceController pid=2520)[0m [2026-09-29 20:08:22.972 inference_controller] _client.py:1740 - HTTP Request: GET http://172.20.22.83:20000/workers "HTTP/1.1 200 OK"
[algo1a-g3c-tis-l1-modal] 
[algo1a-g3c-tis-l1-modal] [36m(InferenceController pid=2520)[0m [2026-09-29 20:08:22.974 inference_controller] _client.py:1740 - HTTP Request: DELETE http://172.20.22.83:20000/workers/32c78062-f316-43d0-927c-80fb1cee34fa "HTTP/1.1 202 Accepted"
[algo1a-g3c-tis-l1-modal] 
[algo1a-g3c-tis-l1-modal] [36m(InferenceController pid=2520)[0m [2026-09-29 20:08:22.974 inference_controller] server_cell.py:315 - Cell inference-engine-all-0-0-00000 dispose start old=addr_info=CellAddrInfo(server_url='http://172.20.22.83:20001', bootstrap_port=None, gate_url='http://172.20.22.83:20036')
[algo1a-g3c-tis-l1-modal] 
[algo1a-g3c-tis-l1-modal] [36m(InferenceController pid=2520)[0m [2026-09-29 20:08:22.974 inference_controller] server_cell.py:318 - Cell inference-engine-all-0-0-00000 dispose end new=
[algo1a-g3c-tis-l1-modal] 
[algo1a-g3c-tis-l1-modal] [36m(CommandActor pid=2526)[0m [2026-09-29 20:08:22] SIGTERM received. signum=None frame=None. Draining requests and shutting down...
[algo1a-g3c-tis-l1-modal] 
[algo1a-g3c-tis-l1-modal] [36m(RayWorkerManager pid=2295)[0m [2026-09-29 20:08:23.095 worker_manager] ray_worker_manager.py:582 - Killed actor at self=_CommandActorManager(manager=<miles.utils.workers.ray_worker_manager.RayWorkerManager object at 0x2ad2b1fb2cf0>, parent=_CellManager(manager=<miles.utils.workers.ray_worker_manager.RayWorkerManager object at 0x2ad2b1fb2cf0>, cell_index=0, spec=CommandWorkerSpec(name='inference-router-0', category=None, port_infos=[PortInfo(name='primary', static_port=8000, mode='per_worker', allow_dynamic=True, num_consecutive=1, offset_by_cell=False), PortInfo(name='prometheus', static_port=9000, mode='per_worker', allow_dynamic=True, num_consecutive=1, offset_by_cell=False)], env_var=<function _compute_spec_router.<locals>.<lambda> at 0x2ad2e407b2e0>, scheduling=SchedulingSpec(num_cells=1, num_workers_per_cell=1, num_gpus_per_worker=0.0, num_cpus_per_worker=0.2, num_gpu_slots_per_worker=0, num_gpus_per_node=0, pg_name=None, pg_slot_offset=0, pin_to_head=True), meta=None, deploy_component=<DeployComponent.PRIMARY: 'primary'>, platform_access=<PlatformAccess.NONE: 'none'>, launch_command=<function _compute_spec_router.<locals>._compute_launch_command at 0x2ad2e407b380>), actors=[...], generation=1, liveness_scan_task=<Task pending name='Task-18' coro=<_CellManager._scan_liveness_forever() running at /root/miles/miles/utils/workers/ray_worker_manager.py:431> wait_for=<Future pending cb=[Task.task_wakeup()]>>, binding=None), worker_in_cell_index=0, spec=CommandWorkerSpec(name='inference-router-0', category=None, port_infos=[PortInfo(name='primary', static_port=8000, mode='per_worker', allow_dynamic=True, num_consecutive=1, offset_by_cell=False), PortInfo(name='prometheus', static_port=9000, mode='per_worker', allow_dynamic=True, num_consecutive=1, offset_by_cell=False)], env_var=<function _compute_spec_router.<locals>.<lambda> at 0x2ad2e407b2e0>, scheduling=SchedulingSpec(num_cells=1, num_workers_per_cell=1, num_gpus_per_worker=0.0, num_cpus_per_worker=0.2, num_gpu_slots_per_worker=0, num_gpus_per_node=0, pg_name=None, pg_slot_offset=0, pin_to_head=True), meta=None, deploy_component=<DeployComponent.PRIMARY: 'primary'>, platform_access=<PlatformAccess.NONE: 'none'>, launch_command=<function _compute_spec_router.<locals>._compute_launch_command at 0x2ad2e407b380>), actor_handle=Actor(CommandActor, 2c70e81a9986a73f8e87fc1301000000), self_addrs={'primary': HostAndPort(host='172.20.22.83', port=20000, external_host=None), 'prometheus': HostAndPort(host='172.20.22.83', port=20002, external_host=None)}, local_gpu_ids=[], gpu_slot_index=None)
[algo1a-g3c-tis-l1-modal] 
[syncer] 2026-09-29T20:08:22.898286Z  INFO yeto_syncer::server: learner finalized authoritative parameters learner_id=1 generation=2072009425030167468 step=3 remaining=0
[syncer] 2026-09-29T20:08:22.898334Z  INFO yeto_syncer::server: all learners acknowledged final cut learners=2
[syncer] 2026-09-29T20:08:22.898345Z  INFO yeto_syncer::server: training complete after 3 outer steps
[syncer] 2026-09-29T20:08:23.018240Z  WARN yeto_syncer::server: connection ended: unexpected end of file peer=192.151.121.59:27594
[syncer] 2026-09-29T20:08:23.019373Z  WARN yeto_syncer::server: connection ended: unexpected end of file peer=192.151.121.59:26215
[syncer] 2026-09-29T20:08:23.019396Z  WARN yeto_syncer::server: connection ended: unexpected end of file peer=192.151.121.59:60788
[syncer] 2026-09-29T20:08:23.019608Z  WARN yeto_syncer::server: connection ended: unexpected end of file peer=192.151.121.59:52432
[syncer] 2026-09-29T20:08:23.019862Z  WARN yeto_syncer::server: connection ended: unexpected end of file peer=192.151.121.59:32737
[algo1a-g3c-tis-l1-modal] [36m(CommandActor pid=2526)[0m [2026-09-29 20:08:23] Gracefully exiting... Remaining number of requests 0. Remaining requests remaining_rids=[].
[algo1a-g3c-tis-l1-modal] 
[algo1a-g3c-tis-l1-modal] [36m(CommandActor pid=2526)[0m [2026-09-29 20:08:23] kill_process_tree called: parent_pid=3352, include_parent=False, pid=3352
[algo1a-g3c-tis-l1-modal] 
[algo1a-g3c-tis-l1-modal] [36m(CommandActor pid=2526)[0m [2026-09-29 20:08:23] INFO:     Shutting down
[algo1a-g3c-tis-l1-modal] 
[algo1a-g3c-tis-l1-modal] [36m(CommandActor pid=2526)[0m [2026-09-29 20:08:23] INFO:     Waiting for application shutdown.
[algo1a-g3c-tis-l1-modal] 
[algo1a-g3c-tis-l1-modal] [36m(CommandActor pid=2526)[0m [2026-09-29 20:08:23] INFO:     Application shutdown complete.
[algo1a-g3c-tis-l1-modal] 
[algo1a-g3c-tis-l1-modal] [36m(CommandActor pid=2526)[0m [2026-09-29 20:08:23] INFO:     Finished server process [3352]
[algo1a-g3c-tis-l1-modal] 
[algo1a-g3c-tis-l1-modal] [36m(CommandActor pid=2526)[0m [2026-09-29 20:08:23] kill_process_tree called: parent_pid=3352, include_parent=False, pid=3352
[algo1a-g3c-tis-l1-modal] 
[algo1a-g3c-tis-l0-modal] [36m(CommandActor pid=1474)[0m WARNING:miles.utils.workers.process_utils:Process 2215 did not exit within 5.0s after SIGTERM; escalating to SIGKILL
[algo1a-g3c-tis-l0-modal] 
[algo1a-g3c-tis-l0-modal] YETO_RL_EVENT {"event":"rl_learner_finalized","island_id":0,"time_unix":1790712504.3127842}
[algo1a-g3c-tis-l0-modal] 
[algo1a-g3c-tis-l0-modal] [rl] learner 0 finalized (rl_engine=ports)
[algo1a-g3c-tis-l0-modal] 
[algo1a-g3c-tis-l0-modal] [36m(RayWorkerManager pid=1267)[0m [2026-09-29 20:08:24.309 worker_manager] ray_worker_manager.py:582 - Killed actor at self=_CommandActorManager(manager=<miles.utils.workers.ray_worker_manager.RayWorkerManager object at 0x2a918acf0350>, parent=_CellManager(manager=<miles.utils.workers.ray_worker_manager.RayWorkerManager object at 0x2a918acf0350>, cell_index=0, spec=CommandWorkerSpec(name='inference-engine-all-0-0', category='inference_engine', port_infos=[PortInfo(name='primary', static_port=8000, mode='per_worker', allow_dynamic=True, num_consecutive=1, offset_by_cell=False), PortInfo(name='dist_init', static_port=9000, mode='master', allow_dynamic=True, num_consecutive=31, offset_by_cell=False), PortInfo(name='nccl', static_port=10000, mode='per_worker', allow_dynamic=True, num_consecutive=1, offset_by_cell=False), PortInfo(name='engine_info_bootstrap', static_port=12000, mode='per_worker', allow_dynamic=True, num_consecutive=1, offset_by_cell=False), PortInfo(name='gate', static_port=13000, mode='master', allow_dynamic=True, num_consecutive=1, offset_by_cell=False)], env_var=<function _compute_spec_inference_engine.<locals>.<lambda> at 0x2a91bcd33600>, scheduling=SchedulingSpec(num_cells=1, num_workers_per_cell=1, num_gpus_per_worker=0.2, num_cpus_per_worker=0.2, num_gpu_slots_per_worker=1, num_gpus_per_node=1, pg_name='rollout', pg_slot_offset=0, pin_to_head=False), meta=<function _compute_spec_inference_engine.<locals>.<lambda> at 0x2a91bcd33740>, deploy_component=<DeployComponent.INFERENCE: 'inference'>, platform_access=<PlatformAccess.NONE: 'none'>, launch_command=<function _compute_spec_inference_engine.<locals>._compute_launch_command at 0x2a91bcd33880>), actors=[...], generation=1, liveness_scan_task=<Task pending name='Task-19' coro=<_CellManager._scan_liveness_forever() running at /root/miles/miles/utils/workers/ray_worker_manager.py:431> wait_for=<Future pending cb=[Task.task_wakeup()]>>, binding=None), worker_in_cell_index=0, spec=CommandWorkerSpec(name='inference-engine-all-0-0', category='inference_engine', port_infos=[PortInfo(name='primary', static_port=8000, mode='per_worker', allow_dynamic=True, num_consecutive=1, offset_by_cell=False), PortInfo(name='dist_init', static_port=9000, mode='master', allow_dynamic=True, num_consecutive=31, offset_by_cell=False), PortInfo(name='nccl', static_port=10000, mode='per_worker', allow_dynamic=True, num_consecutive=1, offset_by_cell=False), PortInfo(name='engine_info_bootstrap', static_port=12000, mode='per_worker', allow_dynamic=True, num_consecutive=1, offset_by_cell=False), PortInfo(name='gate', static_port=13000, mode='master', allow_dynamic=True, num_consecutive=1, offset_by_cell=False)], env_var=<function _compute_spec_inference_engine.<locals>.<lambda> at 0x2a91bcd33600>, scheduling=SchedulingSpec(num_cells=1, num_workers_per_cell=1, num_gpus_per_worker=0.2, num_cpus_per_worker=0.2, num_gpu_slots_per_worker=1, num_gpus_per_node=1, pg_name='rollout', pg_slot_offset=0, pin_to_head=False), meta=<function _compute_spec_inference_engine.<locals>.<lambda> at 0x2a91bcd33740>, deploy_component=<DeployComponent.INFERENCE: 'inference'>, platform_access=<PlatformAccess.NONE: 'none'>, launch_command=<function _compute_spec_inference_engine.<locals>._compute_launch_command at 0x2a91bcd33880>), actor_handle=Actor(CommandActor, cbc02e20cb75837522f3316601000000), self_addrs={'primary': HostAndPort(host='172.20.9.131', port=20000, external_host=None), 'dist_init': HostAndPort(host='172.20.9.131', port=20002, external_host=None), 'nccl': HostAndPort(host='172.20.9.131', port=20034, external_host=None), 'engine_info_bootstrap': HostAndPort(host='172.20.9.131', port=20035, external_host=None), 'gate': HostAndPort(host='172.20.9.131', port=20036, external_host=None)}, local_gpu_ids=[0], gpu_slot_index=0)
[algo1a-g3c-tis-l0-modal] 
[algo1a-g3c-tis-l1-modal] YETO_RL_EVENT {"event":"rl_learner_finalized","island_id":1,"time_unix":1790712505.873603}
[algo1a-g3c-tis-l1-modal] 
[algo1a-g3c-tis-l1-modal] [rl] learner 1 finalized (rl_engine=ports)
[algo1a-g3c-tis-l1-modal] 
[algo1a-g3c-tis-l1-modal] [36m(RayWorkerManager pid=2295)[0m [2026-09-29 20:08:25.870 worker_manager] ray_worker_manager.py:582 - Killed actor at self=_CommandActorManager(manager=<miles.utils.workers.ray_worker_manager.RayWorkerManager object at 0x2ad2b1fb2cf0>, parent=_CellManager(manager=<miles.utils.workers.ray_worker_manager.RayWorkerManager object at 0x2ad2b1fb2cf0>, cell_index=0, spec=CommandWorkerSpec(name='inference-engine-all-0-0', category='inference_engine', port_infos=[PortInfo(name='primary', static_port=8000, mode='per_worker', allow_dynamic=True, num_consecutive=1, offset_by_cell=False), PortInfo(name='dist_init', static_port=9000, mode='master', allow_dynamic=True, num_consecutive=31, offset_by_cell=False), PortInfo(name='nccl', static_port=10000, mode='per_worker', allow_dynamic=True, num_consecutive=1, offset_by_cell=False), PortInfo(name='engine_info_bootstrap', static_port=12000, mode='per_worker', allow_dynamic=True, num_consecutive=1, offset_by_cell=False), PortInfo(name='gate', static_port=13000, mode='master', allow_dynamic=True, num_consecutive=1, offset_by_cell=False)], env_var=<function _compute_spec_inference_engine.<locals>.<lambda> at 0x2ad2e407b560>, scheduling=SchedulingSpec(num_cells=1, num_workers_per_cell=1, num_gpus_per_worker=0.2, num_cpus_per_worker=0.2, num_gpu_slots_per_worker=1, num_gpus_per_node=1, pg_name='rollout', pg_slot_offset=0, pin_to_head=False), meta=<function _compute_spec_inference_engine.<locals>.<lambda> at 0x2ad2e407b6a0>, deploy_component=<DeployComponent.INFERENCE: 'inference'>, platform_access=<PlatformAccess.NONE: 'none'>, launch_command=<function _compute_spec_inference_engine.<locals>._compute_launch_command at 0x2ad2e407b7e0>), actors=[...], generation=1, liveness_scan_task=<Task pending name='Task-19' coro=<_CellManager._scan_liveness_forever() running at /root/miles/miles/utils/workers/ray_worker_manager.py:431> wait_for=<Future pending cb=[Task.task_wakeup()]>>, binding=None), worker_in_cell_index=0, spec=CommandWorkerSpec(name='inference-engine-all-0-0', category='inference_engine', port_infos=[PortInfo(name='primary', static_port=8000, mode='per_worker', allow_dynamic=True, num_consecutive=1, offset_by_cell=False), PortInfo(name='dist_init', static_port=9000, mode='master', allow_dynamic=True, num_consecutive=31, offset_by_cell=False), PortInfo(name='nccl', static_port=10000, mode='per_worker', allow_dynamic=True, num_consecutive=1, offset_by_cell=False), PortInfo(name='engine_info_bootstrap', static_port=12000, mode='per_worker', allow_dynamic=True, num_consecutive=1, offset_by_cell=False), PortInfo(name='gate', static_port=13000, mode='master', allow_dynamic=True, num_consecutive=1, offset_by_cell=False)], env_var=<function _compute_spec_inference_engine.<locals>.<lambda> at 0x2ad2e407b560>, scheduling=SchedulingSpec(num_cells=1, num_workers_per_cell=1, num_gpus_per_worker=0.2, num_cpus_per_worker=0.2, num_gpu_slots_per_worker=1, num_gpus_per_node=1, pg_name='rollout', pg_slot_offset=0, pin_to_head=False), meta=<function _compute_spec_inference_engine.<locals>.<lambda> at 0x2ad2e407b6a0>, deploy_component=<DeployComponent.INFERENCE: 'inference'>, platform_access=<PlatformAccess.NONE: 'none'>, launch_command=<function _compute_spec_inference_engine.<locals>._compute_launch_command at 0x2ad2e407b7e0>), actor_handle=Actor(CommandActor, 653ef20c7646f6faef395f7a01000000), self_addrs={'primary': HostAndPort(host='172.20.22.83', port=20001, external_host=None), 'dist_init': HostAndPort(host='172.20.22.83', port=20003, external_host=None), 'nccl': HostAndPort(host='172.20.22.83', port=20034, external_host=None), 'engine_info_bootstrap': HostAndPort(host='172.20.22.83', port=20035, external_host=None), 'gate': HostAndPort(host='172.20.22.83', port=20036, external_host=None)}, local_gpu_ids=[0], gpu_slot_index=0)
[algo1a-g3c-tis-l1-modal] 
[launcher] algo1a-g3c-tis-l0-modal job finished: SUCCEEDED
[launcher] algo1a-g3c-tis-l1-modal job finished: SUCCEEDED
[launcher] learner jobs finished: {'algo1a-g3c-tis-l0-modal': 'SUCCEEDED', 'algo1a-g3c-tis-l1-modal': 'SUCCEEDED'}
[launcher] algo1a-g3c-tis-l0-modal: 47 event(s) -> /tmp/algo1a/g3home/runs/algo1a-g3c-tis/events/algo1a-g3c-tis-l0-modal.jsonl; 0 malformed prefixed line(s) discarded
[launcher] algo1a-g3c-tis-l1-modal: 47 event(s) -> /tmp/algo1a/g3home/runs/algo1a-g3c-tis/events/algo1a-g3c-tis-l1-modal.jsonl; 0 malformed prefixed line(s) discarded
[launcher] committed RL checkpoint retained at /tmp/algo1a/g3home/yeto-output
[launcher] tearing down algo1a-g3c-tis-l0-modal
[launcher] tearing down algo1a-g3c-tis-l1-modal
[launcher] run finished; model + checkpoint live on the head — tear it down with: yeto down algo1a-g3c-tis
