[local-head] syncer port 29420
[launcher] syncer subprocess started (pid 1837334)
[launcher] syncer runs on this head node at 185.189.44.160:29420
[launcher] deploying Modal app yeto-algo2a-g3 (2 island(s))
[syncer] 2026-09-29T20:18:07.923865Z  INFO yeto_syncer::server: syncer listening port=29420 semantic_profile_sha256="1e3a092fbeb8c06c79dcc3d771088ab76debcdc692d0507904484411c0864cd6" require_profile_binding=false
[syncer] 2026-09-29T20:18:07.923916Z  INFO yeto_syncer::server: waiting for learners and INIT_PARAMS expected=2
✓ Created objects.
├── ✓ Uploaded PythonPackage:yeto
├── ✓ Uploaded /tmp/algo2a/tree-g3
├── ✓ Created Function island-0.
└── ✓ Created Function island-1.
✓ App deployed in 27.846s! 🎉

View Deployment: https://modal.com/apps/yetalabs/main/deployed/yeto-algo2a-g3
[launcher] launching learner 0 on Modal as algo2a-g3-l0-modal
[launcher] launching learner 1 on Modal as algo2a-g3-l1-modal
[algo2a-g3-l0-modal] [modal-island 0] rank 0/1 starting
[algo2a-g3-l0-modal] [modal-island 0] requested H100!:1, got ['NVIDIA H100 80GB HBM3']
[algo2a-g3-l0-modal] 
[algo2a-g3-l1-modal] [modal-island 1] rank 0/1 starting
[algo2a-g3-l1-modal] 
[algo2a-g3-l1-modal] [modal-island 1] requested H100!:1, got ['NVIDIA H100 80GB HBM3']
[algo2a-g3-l1-modal] 
[algo2a-g3-l0-modal] /opt/sglang/lib/python3.12/site-packages/huggingface_hub/constants.py:301: FutureWarning: The `HF_HUB_ENABLE_HF_TRANSFER` environment variable is deprecated as 'hf_transfer' is not used anymore. Please use `HF_XET_HIGH_PERFORMANCE` instead to enable high performance transfer with Xet. Visit https://huggingface.co/docs/huggingface_hub/package_reference/environment_variables#hfxethighperformance for more details.
  warnings.warn(
[algo2a-g3-l0-modal] [yeto-setup] image provides sglang 9f29303bef1eea38eb613e5f454a52db1326422d
[algo2a-g3-l0-modal] 2026-09-29 20:19:17,396	INFO usage_lib.py:474 -- Usage stats collection is enabled by default without user confirmation because this terminal is detected to be non-interactive. To disable this, add `--disable-usage-stats` to the command that starts the cluster, or run the following command: `ray disable-usage-stats` before starting the cluster. See https://docs.ray.io/en/master/cluster/usage-stats.html for more details.
[algo2a-g3-l0-modal] 2026-09-29 20:19:17,397	INFO scripts.py:1042 -- [37mLocal node IP[39m: [1m172.20.6.108[22m
[algo2a-g3-l0-modal] 
[algo2a-g3-l1-modal] /opt/sglang/lib/python3.12/site-packages/huggingface_hub/constants.py:301: FutureWarning: The `HF_HUB_ENABLE_HF_TRANSFER` environment variable is deprecated as 'hf_transfer' is not used anymore. Please use `HF_XET_HIGH_PERFORMANCE` instead to enable high performance transfer with Xet. Visit https://huggingface.co/docs/huggingface_hub/package_reference/environment_variables#hfxethighperformance for more details.
  warnings.warn(
[algo2a-g3-l0-modal] 2026-09-29 20:19:24,267	SUCC scripts.py:1081 -- [32m--------------------[39m
[algo2a-g3-l0-modal] 2026-09-29 20:19:24,268	SUCC scripts.py:1082 -- [32mRay runtime started.[39m
[algo2a-g3-l0-modal] 2026-09-29 20:19:24,268	SUCC scripts.py:1083 -- [32m--------------------[39m
[algo2a-g3-l0-modal] 2026-09-29 20:19:24,268	INFO scripts.py:1085 -- [36mNext steps[39m
[algo2a-g3-l0-modal] 2026-09-29 20:19:24,268	INFO cli_output_helpers.py:16 -- [2mNote: The following commands are intended for use on[22m
[algo2a-g3-l0-modal] 2026-09-29 20:19:24,268	INFO cli_output_helpers.py:17 -- [2mthe head node or within the cluster network.[22m
[algo2a-g3-l0-modal] 2026-09-29 20:19:24,268	INFO scripts.py:1089 -- To add another node to this Ray cluster, run
[algo2a-g3-l0-modal] 2026-09-29 20:19:24,268	INFO scripts.py:1092 -- [1m  ray start --address='172.20.6.108:6379'[22m
[algo2a-g3-l0-modal] 2026-09-29 20:19:24,268	INFO scripts.py:1103 -- To connect to this Ray cluster:
[algo2a-g3-l0-modal] 2026-09-29 20:19:24,268	INFO scripts.py:1105 -- [35mimport[39m[26m ray
[algo2a-g3-l0-modal] 2026-09-29 20:19:24,269	INFO scripts.py:1106 -- ray[35m.[39m[26minit(_node_ip_address[35m=[39m[26m[33m'172.20.6.108'[39m[26m)
[algo2a-g3-l0-modal] 2026-09-29 20:19:24,269	INFO scripts.py:1120 -- To submit a Ray job using the Ray Jobs CLI:
[algo2a-g3-l0-modal] 
[algo2a-g3-l0-modal] 2026-09-29 20:19:24,269	INFO scripts.py:1121 -- [1m  RAY_API_SERVER_ADDRESS='http://127.0.0.1:8265' ray job submit --working-dir . -- python my_script.py[22m
[algo2a-g3-l0-modal] 
[algo2a-g3-l0-modal] 2026-09-29 20:19:24,269	INFO scripts.py:1130 -- See https://docs.ray.io/en/latest/cluster/running-applications/job-submission/index.html
[algo2a-g3-l0-modal] 2026-09-29 20:19:24,269	INFO scripts.py:1134 -- for more information on submitting Ray jobs to the Ray cluster.
[algo2a-g3-l0-modal] 2026-09-29 20:19:24,269	INFO scripts.py:1139 -- To terminate the Ray runtime, run
[algo2a-g3-l0-modal] 2026-09-29 20:19:24,269	INFO scripts.py:1140 -- [1m  ray stop[22m
[algo2a-g3-l0-modal] 2026-09-29 20:19:24,269	INFO scripts.py:1143 -- To view the status of the cluster, use
[algo2a-g3-l0-modal] 
[algo2a-g3-l0-modal] 2026-09-29 20:19:24,269	INFO scripts.py:1144 --   [1mray status[22m[26m
[algo2a-g3-l0-modal] 2026-09-29 20:19:24,269	INFO scripts.py:1148 -- To monitor and debug Ray, view the dashboard at
[algo2a-g3-l0-modal] 2026-09-29 20:19:24,269	INFO scripts.py:1149 --   [1m127.0.0.1:8265[22m[26m
[algo2a-g3-l0-modal] 2026-09-29 20:19:24,269	INFO scripts.py:1156 -- [4mIf connection to the dashboard fails, check your firewall settings and network configuration.[24m
[algo2a-g3-l1-modal] [yeto-setup] image provides sglang 9f29303bef1eea38eb613e5f454a52db1326422d
[algo2a-g3-l0-modal] /opt/sglang/lib/python3.12/site-packages/huggingface_hub/constants.py:301: FutureWarning: The `HF_HUB_ENABLE_HF_TRANSFER` environment variable is deprecated as 'hf_transfer' is not used anymore. Please use `HF_XET_HIGH_PERFORMANCE` instead to enable high performance transfer with Xet. Visit https://huggingface.co/docs/huggingface_hub/package_reference/environment_variables#hfxethighperformance for more details.
  warnings.warn(
[algo2a-g3-l1-modal] 2026-09-29 20:19:36,710	INFO usage_lib.py:474 -- Usage stats collection is enabled by default without user confirmation because this terminal is detected to be non-interactive. To disable this, add `--disable-usage-stats` to the command that starts the cluster, or run the following command: `ray disable-usage-stats` before starting the cluster. See https://docs.ray.io/en/master/cluster/usage-stats.html for more details.
[algo2a-g3-l0-modal] /opt/sglang/lib/python3.12/site-packages/transformer_engine/__init__.py:103: RuntimeWarning: Detected a Jax installation but could not find the shared object file for the Transformer Engine Jax extension library. If this is not intentional, please reinstall Transformer Engine with `pip install transformer_engine[jax]` or build from source with `NVTE_FRAMEWORK=jax`.
  warnings.warn(
[algo2a-g3-l1-modal] 2026-09-29 20:19:36,711	INFO scripts.py:1042 -- [37mLocal node IP[39m: [1m172.20.3.137[22m
[algo2a-g3-l1-modal] 2026-09-29 20:19:46,876	SUCC scripts.py:1081 -- [32m--------------------[39m
[algo2a-g3-l1-modal] 
[algo2a-g3-l1-modal] 2026-09-29 20:19:46,877	SUCC scripts.py:1082 -- [32mRay runtime started.[39m
[algo2a-g3-l1-modal] 2026-09-29 20:19:46,877	SUCC scripts.py:1083 -- [32m--------------------[39m
[algo2a-g3-l1-modal] 2026-09-29 20:19:46,877	INFO scripts.py:1085 -- [36mNext steps[39m
[algo2a-g3-l1-modal] 2026-09-29 20:19:46,877	INFO cli_output_helpers.py:16 -- [2mNote: The following commands are intended for use on[22m
[algo2a-g3-l1-modal] 2026-09-29 20:19:46,877	INFO cli_output_helpers.py:17 -- [2mthe head node or within the cluster network.[22m
[algo2a-g3-l1-modal] 2026-09-29 20:19:46,878	INFO scripts.py:1089 -- To add another node to this Ray cluster, run
[algo2a-g3-l1-modal] 
[algo2a-g3-l1-modal] 2026-09-29 20:19:46,878	INFO scripts.py:1092 -- [1m  ray start --address='172.20.3.137:6379'[22m
[algo2a-g3-l1-modal] 2026-09-29 20:19:46,878	INFO scripts.py:1103 -- To connect to this Ray cluster:
[algo2a-g3-l1-modal] 2026-09-29 20:19:46,878	INFO scripts.py:1105 -- [35mimport[39m[26m ray
[algo2a-g3-l1-modal] 2026-09-29 20:19:46,878	INFO scripts.py:1106 -- ray[35m.[39m[26minit(_node_ip_address[35m=[39m[26m[33m'172.20.3.137'[39m[26m)
[algo2a-g3-l1-modal] 2026-09-29 20:19:46,878	INFO scripts.py:1120 -- To submit a Ray job using the Ray Jobs CLI:
[algo2a-g3-l1-modal] 2026-09-29 20:19:46,879	INFO scripts.py:1121 -- [1m  RAY_API_SERVER_ADDRESS='http://127.0.0.1:8265' ray job submit --working-dir . -- python my_script.py[22m
[algo2a-g3-l1-modal] 2026-09-29 20:19:46,879	INFO scripts.py:1130 -- See https://docs.ray.io/en/latest/cluster/running-applications/job-submission/index.html
[algo2a-g3-l1-modal] 2026-09-29 20:19:46,879	INFO scripts.py:1134 -- for more information on submitting Ray jobs to the Ray cluster.
[algo2a-g3-l1-modal] 2026-09-29 20:19:46,879	INFO scripts.py:1139 -- To terminate the Ray runtime, run
[algo2a-g3-l1-modal] 2026-09-29 20:19:46,879	INFO scripts.py:1140 -- [1m  ray stop[22m
[algo2a-g3-l1-modal] 2026-09-29 20:19:46,879	INFO scripts.py:1143 -- To view the status of the cluster, use
[algo2a-g3-l1-modal] 2026-09-29 20:19:46,879	INFO scripts.py:1144 --   [1mray status[22m[26m
[algo2a-g3-l1-modal] 2026-09-29 20:19:46,879	INFO scripts.py:1148 -- To monitor and debug Ray, view the dashboard at
[algo2a-g3-l1-modal] 2026-09-29 20:19:46,879	INFO scripts.py:1149 --   [1m127.0.0.1:8265[22m[26m
[algo2a-g3-l1-modal] 2026-09-29 20:19:46,879	INFO scripts.py:1156 -- [4mIf connection to the dashboard fails, check your firewall settings and network configuration.[24m
[algo2a-g3-l0-modal] Flax classes are deprecated and will be removed in Diffusers v1.0.0. We recommend migrating to PyTorch classes or pinning your version of Diffusers.
[algo2a-g3-l0-modal] Flax classes are deprecated and will be removed in Diffusers v1.0.0. We recommend migrating to PyTorch classes or pinning your version of Diffusers.
[algo2a-g3-l0-modal] WARNING:megatron.bridge.models.muse_glimmer:Muse Glimmer Hugging Face classes are unavailable with transformers 5.12.1. Upgrade transformers to a version that supports Muse Glimmer.
[algo2a-g3-l0-modal] WARNING:miles_plugins.models.qwen3_vl:megatron-bridge Qwen3VLModel lacks native CP-local vision-embed selection; CP runs with vision tokens will mis-place vision embeddings. Apply the matching Megatron-Bridge patch (radixark/Megatron-Bridge PR #9).
[algo2a-g3-l0-modal] Fetching 10 files:   0%|          | 0/10 [00:00<?, ?it/s]
[algo2a-g3-l0-modal] Warning: You are sending unauthenticated requests to the HF Hub. Please set a HF_TOKEN to enable higher rate limits and faster downloads.
[algo2a-g3-l0-modal] WARNING:huggingface_hub.utils._http:Warning: You are sending unauthenticated requests to the HF Hub. Please set a HF_TOKEN to enable higher rate limits and faster downloads.
[algo2a-g3-l0-modal] Fetching 10 files:  40%|████      | 4/10 [00:00<00:00, 39.57it/s]
[algo2a-g3-l1-modal] /opt/sglang/lib/python3.12/site-packages/huggingface_hub/constants.py:301: FutureWarning: The `HF_HUB_ENABLE_HF_TRANSFER` environment variable is deprecated as 'hf_transfer' is not used anymore. Please use `HF_XET_HIGH_PERFORMANCE` instead to enable high performance transfer with Xet. Visit https://huggingface.co/docs/huggingface_hub/package_reference/environment_variables#hfxethighperformance for more details.
  warnings.warn(
[algo2a-g3-l0-modal] Fetching 10 files:  90%|█████████ | 9/10 [00:02<00:00,  2.88it/s]
[algo2a-g3-l0-modal] Fetching 10 files: 100%|██████████| 10/10 [00:03<00:00,  2.70it/s]
[algo2a-g3-l0-modal] 
[algo2a-g3-l0-modal] Generating train split: 0 examples [00:00, ? examples/s]
[algo2a-g3-l0-modal] Generating train split: 7473 examples [00:00, 397883.06 examples/s]
[algo2a-g3-l0-modal] 
[algo2a-g3-l0-modal] Generating test split: 0 examples [00:00, ? examples/s]
[algo2a-g3-l0-modal] Generating test split: 1319 examples [00:00, 202255.22 examples/s]
[algo2a-g3-l0-modal] 
[algo2a-g3-l1-modal] /opt/sglang/lib/python3.12/site-packages/transformer_engine/__init__.py:103: RuntimeWarning: Detected a Jax installation but could not find the shared object file for the Transformer Engine Jax extension library. If this is not intentional, please reinstall Transformer Engine with `pip install transformer_engine[jax]` or build from source with `NVTE_FRAMEWORK=jax`.
  warnings.warn(
[algo2a-g3-l0-modal] WARNING:megatron.bridge.models.conversion.auto_bridge:Loading a model with trust_remote_code=True allows arbitrary code execution from the model repository. Only use this with models you trust.
[algo2a-g3-l0-modal] /opt/sglang/lib/python3.12/site-packages/megatron/bridge/models/qwen/qwen3_bridge.py:45: FutureWarning: Qwen3Bridge.provider_bridge() and AutoBridge.to_megatron_provider() are deprecated for builder-backed models. Use AutoBridge.get_model_config() for training recipes or AutoBridge.get_model() to construct a model. Legacy provider support will be removed in a future release.
  provider = super().provider_bridge(hf_pretrained)
[algo2a-g3-l0-modal] [transformers] `torch_dtype` is deprecated! Use `dtype` instead!
[algo2a-g3-l0-modal] /root/Megatron-LM/megatron/core/transformer/transformer_config.py:3249: UserWarning: full scope is deprecated. Use empty cuda_graph_modules to capture the whole layer.
  warnings.warn(
[algo2a-g3-l0-modal] WARNING: Inferring the appropriate argparse argument type from <class 'megatron.core.transformer.transformer_config.TransformerConfig'> failed for pad_packed_seq_alignment: typing.Union[int, typing.Literal['max'], NoneType].
Deferring to attribute metadata. If the metadata is incomplete, 'parser.add_argument()' may fail.
Original failure: Unions not supported by argparse: typing.Union[int, typing.Literal['max'], NoneType]
[algo2a-g3-l0-modal] 
[algo2a-g3-l0-modal] [2026-09-29 20:20:09.277 main] arguments.py:49 - --tokenizer-model not set, use --hf-checkpoint as tokenizer model.
[algo2a-g3-l0-modal] [2026-09-29 20:20:09.300 main] arguments.py:222 - MoE-expert LoRA layout: per-expert (--experts-shared-outer-loras).
[algo2a-g3-l0-modal] [2026-09-29 20:20:09.300 main] arguments.py:3627 - Colocate mode: defaulting --sglang-cuda-graph-backend-prefill=disabled to avoid NVLS OOM. Set --sglang-cuda-graph-backend-prefill explicitly to override.
[algo2a-g3-l0-modal] [2026-09-29 20:20:09.300 main] arguments.py:3637 - rollout_num_gpus None != actor_num_gpus_per_node 1 * actor_num_nodes 1, overriding rollout_num_gpus to match actor_num_gpus_per_node * actor_num_nodes.
[algo2a-g3-l0-modal] [2026-09-29 20:20:09.301 main] arguments.py:3869 - args.eval_max_context_len is not set. Use args.rollout_max_context_len 1024 as default value.
[algo2a-g3-l0-modal] [2026-09-29 20:20:09.301 main] arguments.py:3877 - args.rollout_max_prompt_len is not set. Use args.rollout_max_context_len - 1 (1024 - 1) as default value so that there is at least one generated token to compute loss.
[algo2a-g3-l0-modal] /root/Megatron-LM/megatron/core/_rank_utils.py:39: UserWarning: Could not determine rank from torch.distributed, RANK, or SLURM_PROCID. Defaulting to rank 0.
  warnings.warn(
[algo2a-g3-l0-modal] using world size: 1, data-parallel size: 1, context-parallel size: 1, hierarchical context-parallel sizes: None, tensor-model-parallel size: 1, pipeline-model-parallel size: 1
[algo2a-g3-l0-modal] 
[algo2a-g3-l0-modal] Number of virtual stages per pipeline stage: None
[algo2a-g3-l0-modal] 
[algo2a-g3-l0-modal] using torch.bfloat16 for parameters ...
[algo2a-g3-l0-modal] 
[algo2a-g3-l0-modal] ------------------------ arguments ------------------------
[algo2a-g3-l0-modal] 
[algo2a-g3-l0-modal]   _is_global_batch_size_explicitly_specified ...... True
[algo2a-g3-l0-modal] 
[algo2a-g3-l0-modal]   account_for_embedding_in_pipeline_split ......... False
[algo2a-g3-l0-modal] 
[algo2a-g3-l0-modal]   account_for_loss_in_pipeline_split .............. False
[algo2a-g3-l0-modal] 
[algo2a-g3-l0-modal]   accumulate_allreduce_grads_in_fp32 .............. True
[algo2a-g3-l0-modal] 
[algo2a-g3-l0-modal]   activation_func_clamp_shared_expert ............. True
[algo2a-g3-l0-modal] 
[algo2a-g3-l0-modal]   activation_func_clamp_value ..................... None
[algo2a-g3-l0-modal] 
[algo2a-g3-l0-modal]   activation_offload_fraction ..................... 1.0
[algo2a-g3-l0-modal] 
[algo2a-g3-l0-modal]   actor_num_gpus_per_node ......................... 1
[algo2a-g3-l0-modal] 
[algo2a-g3-l0-modal]   actor_num_nodes ................................. 1
[algo2a-g3-l0-modal] 
[algo2a-g3-l0-modal]   adam_beta1 ...................................... 0.9
[algo2a-g3-l0-modal] 
[algo2a-g3-l0-modal]   adam_beta2 ...................................... 0.999
[algo2a-g3-l0-modal] 
[algo2a-g3-l0-modal]   adam_eps ........................................ 1e-08
[algo2a-g3-l0-modal] 
[algo2a-g3-l0-modal]   add_bias_linear ................................. False
[algo2a-g3-l0-modal] 
[algo2a-g3-l0-modal]   add_position_embedding .......................... True
[algo2a-g3-l0-modal] 
[algo2a-g3-l0-modal]   add_qkv_bias .................................... False
[algo2a-g3-l0-modal] 
[algo2a-g3-l0-modal]   adlr_autoresume ................................. False
[algo2a-g3-l0-modal] 
[algo2a-g3-l0-modal]   adlr_autoresume_interval ........................ 1000
[algo2a-g3-l0-modal] 
[algo2a-g3-l0-modal]   advantage_estimator ............................. grpo
[algo2a-g3-l0-modal] 
[algo2a-g3-l0-modal]   align_grad_reduce ............................... True
[algo2a-g3-l0-modal] 
[algo2a-g3-l0-modal]   align_param_gather .............................. False
[algo2a-g3-l0-modal] 
[algo2a-g3-l0-modal]   allgather_cp .................................... False
[algo2a-g3-l0-modal] 
[algo2a-g3-l0-modal]   allow_ambiguous_pad_tokens ...................... False
[algo2a-g3-l0-modal] 
[algo2a-g3-l0-modal]   allow_partial_train_step ........................ False
[algo2a-g3-l0-modal] 
[algo2a-g3-l0-modal]   api_server_host ................................. 127.0.0.1
[algo2a-g3-l0-modal] 
[algo2a-g3-l0-modal]   api_server_port ................................. 0
[algo2a-g3-l0-modal] 
[algo2a-g3-l0-modal]   app_tag_run_name ................................ None
[algo2a-g3-l0-modal] 
[algo2a-g3-l0-modal]   app_tag_run_version ............................. 0.0.0
[algo2a-g3-l0-modal] 
[algo2a-g3-l0-modal]   apply_chat_template ............................. True
[algo2a-g3-l0-modal] 
[algo2a-g3-l0-modal]   apply_chat_template_kwargs ...................... {'enable_thinking': False}
[algo2a-g3-l0-modal] 
[algo2a-g3-l0-modal]   apply_dsa_kernel_fusion ......................... None
[algo2a-g3-l0-modal] 
[algo2a-g3-l0-modal]   apply_query_key_layer_scaling ................... False
[algo2a-g3-l0-modal] 
[algo2a-g3-l0-modal]   apply_residual_connection_post_layernorm ........ False
[algo2a-g3-l0-modal] 
[algo2a-g3-l0-modal]   apply_rope_fusion ............................... True
[algo2a-g3-l0-modal] 
[algo2a-g3-l0-modal]   apply_wd_to_qk_layernorm ........................ False
[algo2a-g3-l0-modal] 
[algo2a-g3-l0-modal]   async_ckpt_cpu_priority ......................... 10
[algo2a-g3-l0-modal] 
[algo2a-g3-l0-modal]   async_ckpt_io_priority .......................... 3
[algo2a-g3-l0-modal] 
[algo2a-g3-l0-modal]   async_ckpt_use_cpu_shm .......................... False
[algo2a-g3-l0-modal] 
[algo2a-g3-l0-modal]   async_data_buffer_capacity_factor ............... 2.0
[algo2a-g3-l0-modal] 
[algo2a-g3-l0-modal]   async_max_concurrent_samples .................... None
[algo2a-g3-l0-modal] 
[algo2a-g3-l0-modal]   async_save ...................................... False
[algo2a-g3-l0-modal] 
[algo2a-g3-l0-modal]   async_strategy .................................. mcore
[algo2a-g3-l0-modal] 
[algo2a-g3-l0-modal]   async_unused_samples_handler .................... drop
[algo2a-g3-l0-modal] 
[algo2a-g3-l0-modal]   attention_backend ............................... AttnBackend.unfused
[algo2a-g3-l0-modal] 
[algo2a-g3-l0-modal]   attention_dropout ............................... 0.1
[algo2a-g3-l0-modal] 
[algo2a-g3-l0-modal]   attention_output_gate ........................... False
[algo2a-g3-l0-modal] 
[algo2a-g3-l0-modal]   attention_softmax_in_fp32 ....................... True
[algo2a-g3-l0-modal] 
[algo2a-g3-l0-modal]   auto_detect_ckpt_format ......................... False
[algo2a-g3-l0-modal] 
[algo2a-g3-l0-modal]   balance_by_flops ................................ False
[algo2a-g3-l0-modal]   balance_data .................................... True
[algo2a-g3-l0-modal] 
[algo2a-g3-l0-modal]   barrier_with_L1_time ............................ True
[algo2a-g3-l0-modal] 
[algo2a-g3-l0-modal]   batch_invariant_mode ............................ False
[algo2a-g3-l0-modal] 
[algo2a-g3-l0-modal]   bert_binary_head ................................ True
[algo2a-g3-l0-modal] 
[algo2a-g3-l0-modal]   bert_embedder_type .............................. megatron
[algo2a-g3-l0-modal] 
[algo2a-g3-l0-modal]   bert_load ....................................... None
[algo2a-g3-l0-modal] 
[algo2a-g3-l0-modal]   beta_fast ....................................... 32
[algo2a-g3-l0-modal] 
[algo2a-g3-l0-modal]   beta_slow ....................................... 1
[algo2a-g3-l0-modal] 
[algo2a-g3-l0-modal]   bf16 ............................................ True
[algo2a-g3-l0-modal] 
[algo2a-g3-l0-modal]   bias_dropout_fusion ............................. True
[algo2a-g3-l0-modal] 
[algo2a-g3-l0-modal]   bias_gelu_fusion ................................ False
[algo2a-g3-l0-modal] 
[algo2a-g3-l0-modal]   bias_swiglu_fusion .............................. True
[algo2a-g3-l0-modal] 
[algo2a-g3-l0-modal]   biencoder_projection_dim ........................ 0
[algo2a-g3-l0-modal] 
[algo2a-g3-l0-modal]   biencoder_shared_query_context_model ............ False
[algo2a-g3-l0-modal] 
[algo2a-g3-l0-modal]   block_data_path ................................. None
[algo2a-g3-l0-modal] 
[algo2a-g3-l0-modal]   buffer_filter_path .............................. yeto.rl.engine.miles_adapter.rollout_meta_hook.policy_buffer_filter
[algo2a-g3-l0-modal] 
[algo2a-g3-l0-modal]   cache_mla_latents ............................... False
[algo2a-g3-l0-modal] 
[algo2a-g3-l0-modal]   calc_ft_timeouts ................................ False
[algo2a-g3-l0-modal] 
[algo2a-g3-l0-modal]   calculate_per_token_loss ........................ False
[algo2a-g3-l0-modal] 
[algo2a-g3-l0-modal]   chat_template ................................... None
[algo2a-g3-l0-modal] 
[algo2a-g3-l0-modal]   chat_template_path .............................. None
[algo2a-g3-l0-modal] 
[algo2a-g3-l0-modal]   check_for_large_grads ........................... False
[algo2a-g3-l0-modal] 
[algo2a-g3-l0-modal]   check_for_nan_in_loss_and_grad .................. True
[algo2a-g3-l0-modal] 
[algo2a-g3-l0-modal]   check_for_spiky_loss ............................ False
[algo2a-g3-l0-modal] 
[algo2a-g3-l0-modal]   check_lora_weight_equal ......................... False
[algo2a-g3-l0-modal] 
[algo2a-g3-l0-modal]   check_rematerialize_param_from_master_weight .... False
[algo2a-g3-l0-modal] 
[algo2a-g3-l0-modal]   check_weight_hash_across_dp_replicas_interval ... None
[algo2a-g3-l0-modal] 
[algo2a-g3-l0-modal]   check_weight_update_allow_quant_error ........... False
[algo2a-g3-l0-modal] 
[algo2a-g3-l0-modal]   check_weight_update_equal ....................... False
[algo2a-g3-l0-modal] 
[algo2a-g3-l0-modal]   check_weight_update_selector .................... all
[algo2a-g3-l0-modal] 
[algo2a-g3-l0-modal]   check_weight_update_skip_list ................... None
[algo2a-g3-l0-modal] 
[algo2a-g3-l0-modal]   chunked_optimizer_state_offload ................. False
[algo2a-g3-l0-modal] 
[algo2a-g3-l0-modal]   ci_check_model_hash ............................. False
[algo2a-g3-l0-modal] 
[algo2a-g3-l0-modal]   ci_disable_kl_checker ........................... False
[algo2a-g3-l0-modal] 
[algo2a-g3-l0-modal]   ci_disable_logprobs_checker ..................... False
[algo2a-g3-l0-modal] 
[algo2a-g3-l0-modal]   ci_disable_weight_update_checker ................ False
[algo2a-g3-l0-modal] 
[algo2a-g3-l0-modal]   ci_enable_metrics_capture ....................... False
[algo2a-g3-l0-modal] 
[algo2a-g3-l0-modal]   ci_ft_test_actions .............................. None
[algo2a-g3-l0-modal] 
[algo2a-g3-l0-modal]   ci_ft_test_actions_path ......................... None
[algo2a-g3-l0-modal] 
[algo2a-g3-l0-modal]   ci_inject_rollout_data_min_match_ratio .......... 0.9
[algo2a-g3-l0-modal] 
[algo2a-g3-l0-modal]   ci_inject_rollout_data_path ..................... None
[algo2a-g3-l0-modal] 
[algo2a-g3-l0-modal]   ci_inject_rollout_data_start_rollout_id ......... None
[algo2a-g3-l0-modal] 
[algo2a-g3-l0-modal]   ci_load_grad_norm ............................... None
[algo2a-g3-l0-modal] 
[algo2a-g3-l0-modal]   ci_metric_checker_expect_num .................... None
[algo2a-g3-l0-modal] 
[algo2a-g3-l0-modal]   ci_metric_checker_key ........................... None
[algo2a-g3-l0-modal] 
[algo2a-g3-l0-modal]   ci_metric_checker_threshold ..................... None
[algo2a-g3-l0-modal] 
[algo2a-g3-l0-modal]   ci_save_grad_norm ............................... None
[algo2a-g3-l0-modal] 
[algo2a-g3-l0-modal]   ci_save_model_hash .............................. False
[algo2a-g3-l0-modal] 
[algo2a-g3-l0-modal]   ci_test ......................................... False
[algo2a-g3-l0-modal] 
[algo2a-g3-l0-modal]   ci_tito_special_token_count_threshold ........... 0.0
[algo2a-g3-l0-modal] 
[algo2a-g3-l0-modal]   ckpt_assume_constant_structure .................. False
[algo2a-g3-l0-modal] 
[algo2a-g3-l0-modal]   ckpt_convert_format ............................. None
[algo2a-g3-l0-modal] 
[algo2a-g3-l0-modal]   ckpt_convert_save ............................... None
[algo2a-g3-l0-modal] 
[algo2a-g3-l0-modal]   ckpt_convert_update_legacy_dist_opt_format ...... False
[algo2a-g3-l0-modal] 
[algo2a-g3-l0-modal]   ckpt_format ..................................... torch_dist
[algo2a-g3-l0-modal] 
[algo2a-g3-l0-modal]   ckpt_fully_parallel_load ........................ False
[algo2a-g3-l0-modal] 
[algo2a-g3-l0-modal]   ckpt_fully_parallel_load_exchange_algo .......... broadcast
[algo2a-g3-l0-modal] 
[algo2a-g3-l0-modal]   ckpt_fully_parallel_load_process_group .......... dp
[algo2a-g3-l0-modal] 
[algo2a-g3-l0-modal]   ckpt_fully_parallel_save ........................ True
[algo2a-g3-l0-modal] 
[algo2a-g3-l0-modal]   ckpt_fully_parallel_save_deprecated ............. False
[algo2a-g3-l0-modal] 
[algo2a-g3-l0-modal]   ckpt_fully_parallel_save_process_group .......... dp
[algo2a-g3-l0-modal] 
[algo2a-g3-l0-modal]   ckpt_load_validate_sharding_integrity ........... True
[algo2a-g3-l0-modal] 
[algo2a-g3-l0-modal]   ckpt_step ....................................... None
[algo2a-g3-l0-modal] 
[algo2a-g3-l0-modal]   classes_fraction ................................ 1.0
[algo2a-g3-l0-modal] 
[algo2a-g3-l0-modal]   clear_quantized_weight_workspaces_on_offload .... True
[algo2a-g3-l0-modal] 
[algo2a-g3-l0-modal]   clip_grad ....................................... 1.0
[algo2a-g3-l0-modal] 
[algo2a-g3-l0-modal]   clone_scatter_output_in_embedding ............... True
[algo2a-g3-l0-modal] 
[algo2a-g3-l0-modal]   cluster_backend ................................. ray
[algo2a-g3-l0-modal] 
[algo2a-g3-l0-modal]   colocate ........................................ True
[algo2a-g3-l0-modal] 
[algo2a-g3-l0-modal]   colocate_memory_peak_device ..................... cpu
[algo2a-g3-l0-modal] 
[algo2a-g3-l0-modal]   compress_ratios ................................. None
[algo2a-g3-l0-modal] 
[algo2a-g3-l0-modal]   compute_advantages_and_returns .................. True
[algo2a-g3-l0-modal] 
[algo2a-g3-l0-modal]   config_logger_dir ...............................
[algo2a-g3-l0-modal] 
[algo2a-g3-l0-modal]   consumed_train_samples .......................... 0
[algo2a-g3-l0-modal] 
[algo2a-g3-l0-modal]   consumed_valid_samples .......................... 0
[algo2a-g3-l0-modal] 
[algo2a-g3-l0-modal]   context_parallel_size ........................... 1
[algo2a-g3-l0-modal] 
[algo2a-g3-l0-modal]   cp_comm_type .................................... ['p2p']
[algo2a-g3-l0-modal] 
[algo2a-g3-l0-modal]   cp_partition_mode ............................... zigzag
[algo2a-g3-l0-modal] 
[algo2a-g3-l0-modal]   cpu_offloading_num_layers ....................... 0
[algo2a-g3-l0-modal] 
[algo2a-g3-l0-modal]   cpu_offloading_retain_pinned_cpu_buffers ........ False
[algo2a-g3-l0-modal] 
[algo2a-g3-l0-modal]   create_all_gather_group ......................... False
[algo2a-g3-l0-modal] 
[algo2a-g3-l0-modal]   create_attention_mask_in_dataloader ............. True
[algo2a-g3-l0-modal] 
[algo2a-g3-l0-modal]   critic_load ..................................... /root/.cache/huggingface/hub/models--Qwen--Qwen3-0.6B/snapshots/c1899de289a04d12100db370d81485cdf75e47ca
[algo2a-g3-l0-modal] 
[algo2a-g3-l0-modal]   critic_lr ....................................... 1e-05
[algo2a-g3-l0-modal] 
[algo2a-g3-l0-modal]   critic_lr_warmup_iters .......................... 0
[algo2a-g3-l0-modal] 
[algo2a-g3-l0-modal]   critic_num_gpus_per_node ........................ None
[algo2a-g3-l0-modal] 
[algo2a-g3-l0-modal]   critic_num_nodes ................................ None
[algo2a-g3-l0-modal] 
[algo2a-g3-l0-modal]   critic_save ..................................... None
[algo2a-g3-l0-modal] 
[algo2a-g3-l0-modal]   cross_entropy_fusion_impl ....................... native
[algo2a-g3-l0-modal] 
[algo2a-g3-l0-modal]   cross_entropy_loss_fusion ....................... False
[algo2a-g3-l0-modal] 
[algo2a-g3-l0-modal]   csa_compress_ratios ............................. None
[algo2a-g3-l0-modal] 
[algo2a-g3-l0-modal]   csa_compress_rotary_base ........................ 40000.0
[algo2a-g3-l0-modal] 
[algo2a-g3-l0-modal]   csa_dense_mode .................................. False
[algo2a-g3-l0-modal] 
[algo2a-g3-l0-modal]   csa_window_size ................................. 128
[algo2a-g3-l0-modal] 
[algo2a-g3-l0-modal]   cuda_graph_dynamic_microbatches ................. False
[algo2a-g3-l0-modal] 
[algo2a-g3-l0-modal]   cuda_graph_impl ................................. none
[algo2a-g3-l0-modal] 
[algo2a-g3-l0-modal]   cuda_graph_modules .............................. []
[algo2a-g3-l0-modal] 
[algo2a-g3-l0-modal]   cuda_graph_warmup_steps ......................... 3
[algo2a-g3-l0-modal] 
[algo2a-g3-l0-modal]   custom_async_data_buffer_path ................... None
[algo2a-g3-l0-modal] 
[algo2a-g3-l0-modal]   custom_config_path .............................. None
[algo2a-g3-l0-modal] 
[algo2a-g3-l0-modal]   custom_convert_samples_to_train_data_path ....... None
[algo2a-g3-l0-modal] 
[algo2a-g3-l0-modal]   custom_eval_rollout_log_function_path ........... None
[algo2a-g3-l0-modal] 
[algo2a-g3-l0-modal]   custom_generate_function_path ................... None
[algo2a-g3-l0-modal] 
[algo2a-g3-l0-modal]   custom_inference_engine_provider_path ........... miles.ray.specs.inference.backend_inference_engine_provider
[algo2a-g3-l0-modal] 
[algo2a-g3-l0-modal]   custom_loss_function_path ....................... None
[algo2a-g3-l0-modal] 
[algo2a-g3-l0-modal]   custom_megatron_before_log_prob_hook_path ....... None
[algo2a-g3-l0-modal] 
[algo2a-g3-l0-modal]   custom_megatron_before_train_step_hook_path ..... None
[algo2a-g3-l0-modal] 
[algo2a-g3-l0-modal]   custom_megatron_init_path ....................... None
[algo2a-g3-l0-modal] 
[algo2a-g3-l0-modal]   custom_megatron_post_save_hook_path ............. None
[algo2a-g3-l0-modal] 
[algo2a-g3-l0-modal]   custom_model_provider_path ...................... None
[algo2a-g3-l0-modal] 
[algo2a-g3-l0-modal]   custom_pg_loss_reducer_function_path ............ None
[algo2a-g3-l0-modal] 
[algo2a-g3-l0-modal]   custom_reward_post_process_path ................. yeto.rl.algos.reward_pipeline.post_process
[algo2a-g3-l0-modal] 
[algo2a-g3-l0-modal]   custom_rm_path .................................. yeto.rl.algos.gdpo_reward.correctness_reward
[algo2a-g3-l0-modal] 
[algo2a-g3-l0-modal]   custom_rollout_log_function_path ................ None
[algo2a-g3-l0-modal] 
[algo2a-g3-l0-modal]   custom_tis_function_path ........................ None
[algo2a-g3-l0-modal] 
[algo2a-g3-l0-modal]   custom_update_weight_post_write_path ............ None
[algo2a-g3-l0-modal] 
[algo2a-g3-l0-modal]   dashboard_flush_interval ........................ 5.0
[algo2a-g3-l0-modal] 
[algo2a-g3-l0-modal]   dashboard_forward_prometheus .................... False
[algo2a-g3-l0-modal] 
[algo2a-g3-l0-modal]   dashboard_gpu_sample_interval ................... 1.0
[algo2a-g3-l0-modal] 
[algo2a-g3-l0-modal]   dashboard_sglang_metrics ........................ None
[algo2a-g3-l0-modal] 
[algo2a-g3-l0-modal]   dashboard_sglang_scrape_interval ................ 2.0
[algo2a-g3-l0-modal] 
[algo2a-g3-l0-modal]   dashboard_sglang_scrape_mode .................... auto
[algo2a-g3-l0-modal] 
[algo2a-g3-l0-modal]   data_args_path .................................. None
[algo2a-g3-l0-modal] 
[algo2a-g3-l0-modal]   data_cache_path ................................. None
[algo2a-g3-l0-modal] 
[algo2a-g3-l0-modal]   data_pad_size_multiplier ........................ 128
[algo2a-g3-l0-modal] 
[algo2a-g3-l0-modal]   data_parallel_random_init ....................... False
[algo2a-g3-l0-modal] 
[algo2a-g3-l0-modal]   data_parallel_sharding_strategy ................. optim_grads_params
[algo2a-g3-l0-modal] 
[algo2a-g3-l0-modal]   data_parallel_size .............................. 1
[algo2a-g3-l0-modal] 
[algo2a-g3-l0-modal]   data_path ....................................... None
[algo2a-g3-l0-modal] 
[algo2a-g3-l0-modal]   data_per_class_fraction ......................... 1.0
[algo2a-g3-l0-modal] 
[algo2a-g3-l0-modal]   data_sharding ................................... True
[algo2a-g3-l0-modal] 
[algo2a-g3-l0-modal]   data_source_path ................................ miles.rollout.data_source.RolloutDataSourceWithBuffer
[algo2a-g3-l0-modal] 
[algo2a-g3-l0-modal]   dataloader_defer_npy_index_mmap ................. False
[algo2a-g3-l0-modal] 
[algo2a-g3-l0-modal]   dataloader_fast_cache_load ...................... False
[algo2a-g3-l0-modal] 
[algo2a-g3-l0-modal]   dataloader_inter_document_masking ............... False
[algo2a-g3-l0-modal] 
[algo2a-g3-l0-modal]   dataloader_type ................................. single
[algo2a-g3-l0-modal] 
[algo2a-g3-l0-modal]   ddp_average_in_collective ....................... False
[algo2a-g3-l0-modal] 
[algo2a-g3-l0-modal]   ddp_bucket_size ................................. None
[algo2a-g3-l0-modal] 
[algo2a-g3-l0-modal]   ddp_num_buckets ................................. None
[algo2a-g3-l0-modal] 
[algo2a-g3-l0-modal]   ddp_pad_buckets_for_high_nccl_busbw ............. False
[algo2a-g3-l0-modal] 
[algo2a-g3-l0-modal]   ddp_param_name_patterns_for_fp32_local_accumulation  []
[algo2a-g3-l0-modal] 
[algo2a-g3-l0-modal]   ddp_reduce_scatter_with_fp32_accumulation ....... False
[algo2a-g3-l0-modal] 
[algo2a-g3-l0-modal]   debug_deterministic_collective .................. False
[algo2a-g3-l0-modal] 
[algo2a-g3-l0-modal]   debug_disable_optimizer ......................... False
[algo2a-g3-l0-modal] 
[algo2a-g3-l0-modal]   debug_exit_after_rollout ........................ None
[algo2a-g3-l0-modal] 
[algo2a-g3-l0-modal]   debug_rollout_only .............................. False
[algo2a-g3-l0-modal] 
[algo2a-g3-l0-modal]   debug_skip_weight_update ........................ False
[algo2a-g3-l0-modal] 
[algo2a-g3-l0-modal]   debug_train_only ................................ False
[algo2a-g3-l0-modal] 
[algo2a-g3-l0-modal]   debug_unified_grad_fused_logprob ................ False
[algo2a-g3-l0-modal] 
[algo2a-g3-l0-modal]   decode_only_cuda_graphs ......................... False
[algo2a-g3-l0-modal] 
[algo2a-g3-l0-modal]   decoder_first_pipeline_num_layers ............... None
[algo2a-g3-l0-modal] 
[algo2a-g3-l0-modal]   decoder_last_pipeline_num_layers ................ None
[algo2a-g3-l0-modal] 
[algo2a-g3-l0-modal]   decoder_num_layers .............................. None
[algo2a-g3-l0-modal] 
[algo2a-g3-l0-modal]   decoder_seq_length .............................. None
[algo2a-g3-l0-modal] 
[algo2a-g3-l0-modal]   decoupled_lr .................................... None
[algo2a-g3-l0-modal] 
[algo2a-g3-l0-modal]   decoupled_min_lr ................................ None
[algo2a-g3-l0-modal] 
[algo2a-g3-l0-modal]   decrease_batch_size_if_needed ................... False
[algo2a-g3-l0-modal] 
[algo2a-g3-l0-modal]   defer_embedding_wgrad_compute ................... False
[algo2a-g3-l0-modal] 
[algo2a-g3-l0-modal]   delay_offload_until_cuda_graph .................. False
[algo2a-g3-l0-modal] 
[algo2a-g3-l0-modal]   delay_split_train_data_by_dp .................... False
[algo2a-g3-l0-modal] 
[algo2a-g3-l0-modal]   delay_wgrad_compute ............................. False
[algo2a-g3-l0-modal] 
[algo2a-g3-l0-modal]   delta_offload_bytes_across_pp_ranks ............. 0
[algo2a-g3-l0-modal] 
[algo2a-g3-l0-modal]   dense_grouped_gemm .............................. False
[algo2a-g3-l0-modal] 
[algo2a-g3-l0-modal]   deploy_component ................................ all
[algo2a-g3-l0-modal] 
[algo2a-g3-l0-modal]   deploy_instance_id .............................. None
[algo2a-g3-l0-modal] 
[algo2a-g3-l0-modal]   deprecated_use_mcore_models ..................... False
[algo2a-g3-l0-modal] 
[algo2a-g3-l0-modal]   deterministic_mode .............................. False
[algo2a-g3-l0-modal] 
[algo2a-g3-l0-modal]   dino_bottleneck_size ............................ 256
[algo2a-g3-l0-modal] 
[algo2a-g3-l0-modal]   dino_freeze_last_layer .......................... 1
[algo2a-g3-l0-modal] 
[algo2a-g3-l0-modal]   dino_head_hidden_size ........................... 2048
[algo2a-g3-l0-modal] 
[algo2a-g3-l0-modal]   dino_local_crops_number ......................... 10
[algo2a-g3-l0-modal] 
[algo2a-g3-l0-modal]   dino_local_img_size ............................. 96
[algo2a-g3-l0-modal] 
[algo2a-g3-l0-modal]   dino_norm_last_layer ............................ False
[algo2a-g3-l0-modal] 
[algo2a-g3-l0-modal]   dino_teacher_temp ............................... 0.07
[algo2a-g3-l0-modal] 
[algo2a-g3-l0-modal]   dino_warmup_teacher_temp ........................ 0.04
[algo2a-g3-l0-modal] 
[algo2a-g3-l0-modal]   dino_warmup_teacher_temp_epochs ................. 30
[algo2a-g3-l0-modal] 
[algo2a-g3-l0-modal]   disable_bf16_reduced_precision_matmul ........... False
[algo2a-g3-l0-modal] 
[algo2a-g3-l0-modal]   disable_grad_buffers_cpu_backup ................. True
[algo2a-g3-l0-modal] 
[algo2a-g3-l0-modal]   disable_jit_fuser ............................... False
[algo2a-g3-l0-modal] 
[algo2a-g3-l0-modal]   disable_msc_deprecated .......................... False
[algo2a-g3-l0-modal] 
[algo2a-g3-l0-modal]   disable_param_buffers_cpu_backup ................ True
[algo2a-g3-l0-modal] 
[algo2a-g3-l0-modal]   disable_rollout_trim_samples .................... False
[algo2a-g3-l0-modal] 
[algo2a-g3-l0-modal]   disable_straggler_on_startup .................... False
[algo2a-g3-l0-modal] 
[algo2a-g3-l0-modal]   disable_symmetric_registration .................. False
[algo2a-g3-l0-modal] 
[algo2a-g3-l0-modal]   dist_ckpt_format_deprecated ..................... None
[algo2a-g3-l0-modal] 
[algo2a-g3-l0-modal]   dist_ckpt_optim_fully_reshardable ............... False
[algo2a-g3-l0-modal] 
[algo2a-g3-l0-modal]   dist_ckpt_save_pre_mcore_014 .................... False
[algo2a-g3-l0-modal] 
[algo2a-g3-l0-modal]   dist_ckpt_strictness ............................ assume_ok_unexpected
[algo2a-g3-l0-modal] 
[algo2a-g3-l0-modal]   dist_ckpt_workers ............................... 1
[algo2a-g3-l0-modal] 
[algo2a-g3-l0-modal]   distrib_optim_fully_reshardable_mem_efficient ... False
[algo2a-g3-l0-modal] 
[algo2a-g3-l0-modal]   distribute_saved_activations .................... False
[algo2a-g3-l0-modal] 
[algo2a-g3-l0-modal]   distributed_backend ............................. nccl
[algo2a-g3-l0-modal] 
[algo2a-g3-l0-modal]   distributed_timeout_minutes ..................... 10
[algo2a-g3-l0-modal] 
[algo2a-g3-l0-modal]   distributed_timeout_seconds_after_init .......... None
[algo2a-g3-l0-modal] 
[algo2a-g3-l0-modal]   dsa_attention_backend ........................... tilelang
[algo2a-g3-l0-modal] 
[algo2a-g3-l0-modal]   dsa_cp_balance_indexer .......................... False
[algo2a-g3-l0-modal] 
[algo2a-g3-l0-modal]   dsa_indexer_head_dim ............................ None
[algo2a-g3-l0-modal] 
[algo2a-g3-l0-modal]   dsa_indexer_k_norm_epsilon ...................... None
[algo2a-g3-l0-modal] 
[algo2a-g3-l0-modal]   dsa_indexer_k_norm_fp32 ......................... False
[algo2a-g3-l0-modal] 
[algo2a-g3-l0-modal]   dsa_indexer_loss_coeff .......................... None
[algo2a-g3-l0-modal] 
[algo2a-g3-l0-modal]   dsa_indexer_n_heads ............................. None
[algo2a-g3-l0-modal] 
[algo2a-g3-l0-modal]   dsa_indexer_precision ........................... bf16
[algo2a-g3-l0-modal] 
[algo2a-g3-l0-modal]   dsa_indexer_rope_interleaved .................... False
[algo2a-g3-l0-modal] 
[algo2a-g3-l0-modal]   dsa_indexer_rotate_activation ................... True
[algo2a-g3-l0-modal] 
[algo2a-g3-l0-modal]   dsa_indexer_scoring_relu ........................ True
[algo2a-g3-l0-modal] 
[algo2a-g3-l0-modal]   dsa_indexer_skip_topk_offset .................... 0
[algo2a-g3-l0-modal] 
[algo2a-g3-l0-modal]   dsa_indexer_topk ................................ None
[algo2a-g3-l0-modal] 
[algo2a-g3-l0-modal]   dsa_indexer_topk_freq ........................... 1
[algo2a-g3-l0-modal] 
[algo2a-g3-l0-modal]   dsa_indexer_use_sparse_loss ..................... False
[algo2a-g3-l0-modal] 
[algo2a-g3-l0-modal]   dsa_indexer_weights_proj_output_dtype ........... bf16
[algo2a-g3-l0-modal] 
[algo2a-g3-l0-modal]   dsa_indexer_weights_proj_use_quantization ....... True
[algo2a-g3-l0-modal] 
[algo2a-g3-l0-modal]   dsa_kernel_backend .............................. None
[algo2a-g3-l0-modal] 
  dsv4_impl ....................................... megatron
[algo2a-g3-l0-modal] 
[algo2a-g3-l0-modal]   dump_details .................................... None
[algo2a-g3-l0-modal] 
[algo2a-g3-l0-modal]   dump_param_to_param_group_map ................... None
[algo2a-g3-l0-modal] 
[algo2a-g3-l0-modal]   dumper_dir ...................................... /tmp/dumper
[algo2a-g3-l0-modal] 
[algo2a-g3-l0-modal]   dumper_enable ................................... False
[algo2a-g3-l0-modal] 
[algo2a-g3-l0-modal]   dumper_fwd_bwd .................................. None
[algo2a-g3-l0-modal] 
[algo2a-g3-l0-modal]   dumper_fwd_only ................................. None
[algo2a-g3-l0-modal] 
[algo2a-g3-l0-modal]   dumper_inference ................................ None
[algo2a-g3-l0-modal] 
[algo2a-g3-l0-modal]   dumper_source_patcher_config_inference .......... None
[algo2a-g3-l0-modal] 
[algo2a-g3-l0-modal]   dumper_source_patcher_config_train .............. None
[algo2a-g3-l0-modal] 
[algo2a-g3-l0-modal]   dynamic_context_parallel ........................ False
[algo2a-g3-l0-modal] 
[algo2a-g3-l0-modal]   dynamic_sampling_filter_path .................... None
[algo2a-g3-l0-modal] 
[algo2a-g3-l0-modal]   embedding_init_method_std ....................... None
[algo2a-g3-l0-modal] 
[algo2a-g3-l0-modal]   embedding_path .................................. None
[algo2a-g3-l0-modal] 
[algo2a-g3-l0-modal]   empty_unused_memory_level ....................... 0
[algo2a-g3-l0-modal] 
[algo2a-g3-l0-modal]   enable_chunked_prefill .......................... False
[algo2a-g3-l0-modal] 
[algo2a-g3-l0-modal]   enable_cuda_graph ............................... False
[algo2a-g3-l0-modal] 
[algo2a-g3-l0-modal]   enable_event_analyzer ........................... False
[algo2a-g3-l0-modal] 
[algo2a-g3-l0-modal]   enable_experimental ............................. False
[algo2a-g3-l0-modal] 
[algo2a-g3-l0-modal]   enable_ft_package ............................... False
[algo2a-g3-l0-modal] 
[algo2a-g3-l0-modal]   enable_full_sharding_in_hsdp .................... False
[algo2a-g3-l0-modal] 
[algo2a-g3-l0-modal]   enable_hyper_connections ........................ False
[algo2a-g3-l0-modal] 
[algo2a-g3-l0-modal]   enable_msc ...................................... False
[algo2a-g3-l0-modal] 
[algo2a-g3-l0-modal]   enable_mtp_training ............................. False
[algo2a-g3-l0-modal] 
[algo2a-g3-l0-modal]   enable_one_logger ............................... True
[algo2a-g3-l0-modal] 
[algo2a-g3-l0-modal]   enable_witness .................................. False
[algo2a-g3-l0-modal] 
[algo2a-g3-l0-modal]   encoder_num_layers .............................. 28
[algo2a-g3-l0-modal] 
[algo2a-g3-l0-modal]   encoder_seq_length .............................. 1024
[algo2a-g3-l0-modal] 
[algo2a-g3-l0-modal]   end_weight_decay ................................ 0.01
[algo2a-g3-l0-modal] 
[algo2a-g3-l0-modal]   entropy_coef .................................... 0.0
[algo2a-g3-l0-modal] 
[algo2a-g3-l0-modal]   entry ........................................... train
[algo2a-g3-l0-modal] 
[algo2a-g3-l0-modal]   env_report ......................................
[algo2a-g3-l0-modal] 
[algo2a-g3-l0-modal]   env_report_interval_seconds ..................... 3600.0
[algo2a-g3-l0-modal] 
[algo2a-g3-l0-modal]   eod_mask_loss ................................... False
[algo2a-g3-l0-modal] 
[algo2a-g3-l0-modal]   ep_overlap_early_attn_memory_release ............ False
[algo2a-g3-l0-modal] 
[algo2a-g3-l0-modal]   eps_clip ........................................ 0.2
[algo2a-g3-l0-modal] 
[algo2a-g3-l0-modal]   eps_clip_c ...................................... None
[algo2a-g3-l0-modal] 
[algo2a-g3-l0-modal]   eps_clip_high ................................... 0.2
[algo2a-g3-l0-modal] 
[algo2a-g3-l0-modal]   error_injection_rate ............................ 0
[algo2a-g3-l0-modal] 
[algo2a-g3-l0-modal]   error_injection_type ............................ transient_error
[algo2a-g3-l0-modal] 
[algo2a-g3-l0-modal]   eval_config ..................................... None
[algo2a-g3-l0-modal] 
[algo2a-g3-l0-modal]   eval_datasets ................................... []
[algo2a-g3-l0-modal] 
[algo2a-g3-l0-modal]   eval_function_path .............................. miles.rollout.inference_rollout.inference_rollout_common.InferenceRolloutFn
[algo2a-g3-l0-modal] 
[algo2a-g3-l0-modal]   eval_global_batch_size .......................... 32
[algo2a-g3-l0-modal] 
[algo2a-g3-l0-modal]   eval_hf_dir ..................................... None
[algo2a-g3-l0-modal] 
[algo2a-g3-l0-modal]   eval_input_key .................................. None
[algo2a-g3-l0-modal] 
[algo2a-g3-l0-modal]   eval_interval ................................... None
[algo2a-g3-l0-modal] 
[algo2a-g3-l0-modal]   eval_iters ...................................... 100
[algo2a-g3-l0-modal] 
[algo2a-g3-l0-modal]   eval_keep_snapshots ............................. 2
[algo2a-g3-l0-modal] 
[algo2a-g3-l0-modal]   eval_label_key .................................. None
[algo2a-g3-l0-modal] 
[algo2a-g3-l0-modal]   eval_max_context_len ............................ 1024
[algo2a-g3-l0-modal] 
[algo2a-g3-l0-modal]   eval_max_in_flight .............................. 2
[algo2a-g3-l0-modal] 
[algo2a-g3-l0-modal]   eval_max_prompt_len ............................. None
[algo2a-g3-l0-modal] 
[algo2a-g3-l0-modal]   eval_max_response_len ........................... None
[algo2a-g3-l0-modal] 
[algo2a-g3-l0-modal]   eval_micro_batch_size ........................... 1
[algo2a-g3-l0-modal] 
[algo2a-g3-l0-modal]   eval_min_new_tokens ............................. None
[algo2a-g3-l0-modal] 
[algo2a-g3-l0-modal]   eval_num_gpus ................................... 0
[algo2a-g3-l0-modal] 
[algo2a-g3-l0-modal]   eval_num_gpus_per_engine ........................ 1
[algo2a-g3-l0-modal] 
[algo2a-g3-l0-modal]   eval_overflow_policy ............................ backpressure
[algo2a-g3-l0-modal] 
[algo2a-g3-l0-modal]   eval_prompt_data ................................ None
[algo2a-g3-l0-modal] 
[algo2a-g3-l0-modal]   eval_reward_key ................................. None
[algo2a-g3-l0-modal] 
[algo2a-g3-l0-modal]   eval_temperature ................................ None
[algo2a-g3-l0-modal] 
[algo2a-g3-l0-modal]   eval_tool_key ................................... None
[algo2a-g3-l0-modal] 
[algo2a-g3-l0-modal]   eval_top_k ...................................... None
[algo2a-g3-l0-modal] 
[algo2a-g3-l0-modal]   eval_top_p ...................................... None
[algo2a-g3-l0-modal] 
[algo2a-g3-l0-modal]   eval_uses_snapshots ............................. False
[algo2a-g3-l0-modal] 
[algo2a-g3-l0-modal]   evidence_data_path .............................. None
[algo2a-g3-l0-modal] 
[algo2a-g3-l0-modal]   exclude_modules ................................. None
[algo2a-g3-l0-modal] 
[algo2a-g3-l0-modal]   exit_duration_in_mins ........................... None
[algo2a-g3-l0-modal] 
[algo2a-g3-l0-modal]   exit_interval ................................... None
[algo2a-g3-l0-modal] 
[algo2a-g3-l0-modal]   exit_on_missing_checkpoint ...................... False
[algo2a-g3-l0-modal] 
[algo2a-g3-l0-modal]   exit_signal ..................................... 15
[algo2a-g3-l0-modal] 
[algo2a-g3-l0-modal]   exit_signal_handler ............................. False
[algo2a-g3-l0-modal] 
[algo2a-g3-l0-modal]   exit_signal_handler_for_dataloader .............. False
[algo2a-g3-l0-modal] 
[algo2a-g3-l0-modal]   exit_signal_handler_for_training ................ False
[algo2a-g3-l0-modal] 
[algo2a-g3-l0-modal]   exp_avg_dtype ................................... torch.float32
[algo2a-g3-l0-modal] 
[algo2a-g3-l0-modal]   exp_avg_sq_dtype ................................ torch.float32
[algo2a-g3-l0-modal] 
[algo2a-g3-l0-modal]   experimental_attention_variant .................. None
[algo2a-g3-l0-modal] 
[algo2a-g3-l0-modal]   expert_model_parallel_size ...................... 1
[algo2a-g3-l0-modal] 
[algo2a-g3-l0-modal]   expert_tensor_parallel_size ..................... 1
[algo2a-g3-l0-modal] 
[algo2a-g3-l0-modal]   experts_shared_outer_loras ...................... False
[algo2a-g3-l0-modal] 
[algo2a-g3-l0-modal]   external_cuda_graph ............................. False
[algo2a-g3-l0-modal] 
[algo2a-g3-l0-modal]   extra_high_precision_layers_hf .................. ()
[algo2a-g3-l0-modal] 
[algo2a-g3-l0-modal]   extra_high_precision_layers_megatron ............ ()
[algo2a-g3-l0-modal] 
[algo2a-g3-l0-modal]   fake_process_group .............................. False
[algo2a-g3-l0-modal] 
[algo2a-g3-l0-modal]   fallback_to_eager_attn .......................... False
[algo2a-g3-l0-modal] 
[algo2a-g3-l0-modal]   fault_injector_delay_start_iteration ............ None
[algo2a-g3-l0-modal] 
[algo2a-g3-l0-modal]   fault_injector_fault_delay ...................... None
[algo2a-g3-l0-modal] 
[algo2a-g3-l0-modal]   fault_injector_fault_probabilities .............. None
[algo2a-g3-l0-modal] 
[algo2a-g3-l0-modal]   fault_injector_fault_types ...................... None
[algo2a-g3-l0-modal] 
[algo2a-g3-l0-modal]   fault_injector_mtti_seconds ..................... None
[algo2a-g3-l0-modal] 
[algo2a-g3-l0-modal]   fault_injector_num_ranks ........................ None
[algo2a-g3-l0-modal] 
[algo2a-g3-l0-modal]   fault_injector_offset_seconds ................... None
[algo2a-g3-l0-modal] 
[algo2a-g3-l0-modal]   fault_injector_ranks ............................ None
[algo2a-g3-l0-modal] 
[algo2a-g3-l0-modal]   fault_injector_seed ............................. None
[algo2a-g3-l0-modal] 
[algo2a-g3-l0-modal]   fetch_trajectory_retry_times .................... -1
[algo2a-g3-l0-modal] 
[algo2a-g3-l0-modal]   ffn_hidden_size ................................. 3072
[algo2a-g3-l0-modal] 
[algo2a-g3-l0-modal]   fim_data ........................................ False
[algo2a-g3-l0-modal] 
[algo2a-g3-l0-modal]   fim_eod_token ................................... <|endoftext|>
[algo2a-g3-l0-modal] 
[algo2a-g3-l0-modal]   fim_fragment_rate ............................... None
[algo2a-g3-l0-modal] 
[algo2a-g3-l0-modal]   fim_middle_token ................................ <fim_middle>
[algo2a-g3-l0-modal] 
[algo2a-g3-l0-modal]   fim_no_prefix ................................... None
[algo2a-g3-l0-modal] 
[algo2a-g3-l0-modal]   fim_pad_token ................................... <fim_pad>
[algo2a-g3-l0-modal] 
[algo2a-g3-l0-modal]   fim_prefix_token ................................ <fim_prefix>
[algo2a-g3-l0-modal] 
[algo2a-g3-l0-modal]   fim_rate ........................................ 0.5
[algo2a-g3-l0-modal] 
[algo2a-g3-l0-modal]   fim_split_sample ................................ None
[algo2a-g3-l0-modal] 
[algo2a-g3-l0-modal]   fim_spm_rate .................................... 0.5
[algo2a-g3-l0-modal] 
[algo2a-g3-l0-modal]   fim_suffix_token ................................ <fim_suffix>
[algo2a-g3-l0-modal] 
[algo2a-g3-l0-modal]   fine_grained_activation_offloading .............. False
[algo2a-g3-l0-modal] 
[algo2a-g3-l0-modal]   fine_grained_offloading_max_inflight_offloads ... None
[algo2a-g3-l0-modal] 
[algo2a-g3-l0-modal]   finetune ........................................ True
[algo2a-g3-l0-modal] 
[algo2a-g3-l0-modal]   first_last_layers_bf16 .......................... False
[algo2a-g3-l0-modal] 
[algo2a-g3-l0-modal]   flash_decode .................................... False
[algo2a-g3-l0-modal] 
[algo2a-g3-l0-modal]   flight_recorder_dump_on_timeout ................. True
[algo2a-g3-l0-modal] 
[algo2a-g3-l0-modal]   flight_recorder_dump_path ....................... None
[algo2a-g3-l0-modal] 
[algo2a-g3-l0-modal]   flight_recorder_extra_dump_on_exec .............. True
[algo2a-g3-l0-modal] 
[algo2a-g3-l0-modal]   flight_recorder_include_only_active ............. True
[algo2a-g3-l0-modal] 
[algo2a-g3-l0-modal]   flight_recorder_include_stack_trace ............. False
[algo2a-g3-l0-modal] 
[algo2a-g3-l0-modal]   flight_recorder_trace_buffer_size ............... 2000
[algo2a-g3-l0-modal] 
[algo2a-g3-l0-modal]   fp16 ............................................ False
[algo2a-g3-l0-modal] 
[algo2a-g3-l0-modal]   fp16_lm_cross_entropy ........................... False
[algo2a-g3-l0-modal] 
[algo2a-g3-l0-modal]   fp32_residual_connection ........................ False
[algo2a-g3-l0-modal] 
[algo2a-g3-l0-modal]   fp4 ............................................. None
[algo2a-g3-l0-modal] 
[algo2a-g3-l0-modal]   fp4_param_gather ................................ False
[algo2a-g3-l0-modal] 
[algo2a-g3-l0-modal]   fp4_quantizer_factory ........................... None
[algo2a-g3-l0-modal] 
[algo2a-g3-l0-modal]   fp4_recipe ...................................... nvfp4
[algo2a-g3-l0-modal] 
[algo2a-g3-l0-modal]   fp8 ............................................. None
[algo2a-g3-l0-modal] 
[algo2a-g3-l0-modal]   fp8_amax_compute_algo ........................... most_recent
[algo2a-g3-l0-modal] 
[algo2a-g3-l0-modal]   fp8_amax_history_len ............................ 1
[algo2a-g3-l0-modal] 
[algo2a-g3-l0-modal]   fp8_interval .................................... 1
[algo2a-g3-l0-modal] 
[algo2a-g3-l0-modal]   fp8_margin ...................................... 0
[algo2a-g3-l0-modal] 
[algo2a-g3-l0-modal]   fp8_output_proj ................................. False
[algo2a-g3-l0-modal] 
[algo2a-g3-l0-modal]   fp8_param_gather ................................ False
[algo2a-g3-l0-modal] 
[algo2a-g3-l0-modal]   fp8_quantizer_factory ........................... None
[algo2a-g3-l0-modal] 
[algo2a-g3-l0-modal]   fp8_recipe ...................................... delayed
[algo2a-g3-l0-modal] 
[algo2a-g3-l0-modal]   fp8_wgrad ....................................... True
[algo2a-g3-l0-modal] 
[algo2a-g3-l0-modal]   freeze_all_layers ............................... False
[algo2a-g3-l0-modal] 
[algo2a-g3-l0-modal]   freeze_e_score_correction_bias .................. False
[algo2a-g3-l0-modal] 
[algo2a-g3-l0-modal]   freeze_indexer .................................. False
[algo2a-g3-l0-modal] 
[algo2a-g3-l0-modal]   fsdp_db_use_persist_buf_on_alloc_fail ........... False
[algo2a-g3-l0-modal] 
[algo2a-g3-l0-modal]   fsdp_double_buffer .............................. False
[algo2a-g3-l0-modal] 
[algo2a-g3-l0-modal]   fsdp_manual_registration ........................ False
[algo2a-g3-l0-modal] 
[algo2a-g3-l0-modal]   ft_components ................................... []
[algo2a-g3-l0-modal] 
[algo2a-g3-l0-modal]   ft_num_warmup_iters ............................. 5
[algo2a-g3-l0-modal] 
[algo2a-g3-l0-modal]   full_validation ................................. False
[algo2a-g3-l0-modal] 
[algo2a-g3-l0-modal]   fully_async ..................................... False
[algo2a-g3-l0-modal] 
[algo2a-g3-l0-modal]   fused_residual_rmsnorm .......................... False
[algo2a-g3-l0-modal] 
[algo2a-g3-l0-modal]   gamma ........................................... 1.0
[algo2a-g3-l0-modal] 
[algo2a-g3-l0-modal]   gdn_conv_pad_alignment .......................... None
[algo2a-g3-l0-modal] 
[algo2a-g3-l0-modal]   gdn_pre_gated_delta_rule_fusion ................. False
[algo2a-g3-l0-modal] 
[algo2a-g3-l0-modal]   get_mismatch_metrics ............................ False
[algo2a-g3-l0-modal] 
[algo2a-g3-l0-modal]   global_batch_size ............................... 32
[algo2a-g3-l0-modal] 
[algo2a-g3-l0-modal]   glu_linear_offset ............................... 0.0
[algo2a-g3-l0-modal] 
[algo2a-g3-l0-modal]   gpu_sniff_test_interval ......................... None
[algo2a-g3-l0-modal] 
[algo2a-g3-l0-modal]   grad_reduce_in_bf16 ............................. False
[algo2a-g3-l0-modal] 
[algo2a-g3-l0-modal]   gradient_accumulation_fusion .................... False
[algo2a-g3-l0-modal] 
[algo2a-g3-l0-modal]   gradient_reduce_div_fusion ...................... True
[algo2a-g3-l0-modal] 
[algo2a-g3-l0-modal]   group_query_attention ........................... True
[algo2a-g3-l0-modal] 
[algo2a-g3-l0-modal]   group_rm ........................................ False
[algo2a-g3-l0-modal] 
[algo2a-g3-l0-modal]   grpo_clamp_eps_lower ............................ 0.01
[algo2a-g3-l0-modal] 
[algo2a-g3-l0-modal]   grpo_clamp_eps_upper ............................ 0.01
[algo2a-g3-l0-modal] 
[algo2a-g3-l0-modal]   grpo_entropy_term_weight ........................ 0.0
[algo2a-g3-l0-modal] 
[algo2a-g3-l0-modal]   grpo_filter_groups_with_same_reward ............. False
[algo2a-g3-l0-modal] 
[algo2a-g3-l0-modal]   grpo_group_size ................................. 2
[algo2a-g3-l0-modal] 
[algo2a-g3-l0-modal]   grpo_iterations ................................. 2
[algo2a-g3-l0-modal] 
[algo2a-g3-l0-modal]   grpo_kl_beta .................................... 0.001
[algo2a-g3-l0-modal] 
[algo2a-g3-l0-modal]   grpo_prompts_per_step ........................... 32
[algo2a-g3-l0-modal] 
[algo2a-g3-l0-modal]   grpo_std_normalization .......................... True
[algo2a-g3-l0-modal] 
[algo2a-g3-l0-modal]   head_lr_mult .................................... 1.0
[algo2a-g3-l0-modal] 
[algo2a-g3-l0-modal]   head_wise_attn_gate ............................. False
[algo2a-g3-l0-modal] 
[algo2a-g3-l0-modal]   heterogeneous_layers_config_encoded_json ........ None
[algo2a-g3-l0-modal] 
[algo2a-g3-l0-modal]   heterogeneous_layers_config_path ................ None
[algo2a-g3-l0-modal] 
[algo2a-g3-l0-modal]   hf_checkpoint ................................... /root/.cache/huggingface/hub/models--Qwen--Qwen3-0.6B/snapshots/c1899de289a04d12100db370d81485cdf75e47ca
[algo2a-g3-l0-modal] 
[algo2a-g3-l0-modal]   hf_lora_targets ................................. ['down_proj', 'gate_proj', 'k_proj', 'o_proj', 'q_proj', 'up_proj', 'v_proj']
[algo2a-g3-l0-modal] 
[algo2a-g3-l0-modal]   hidden_dropout .................................. 0.1
[algo2a-g3-l0-modal] 
[algo2a-g3-l0-modal]   hidden_size ..................................... 1024
[algo2a-g3-l0-modal] 
[algo2a-g3-l0-modal]   hierarchical_context_parallel_sizes ............. None
[algo2a-g3-l0-modal] 
[algo2a-g3-l0-modal]   high_priority_a2a_comm_stream ................... False
[algo2a-g3-l0-modal] 
[algo2a-g3-l0-modal]   high_priority_stream_groups ..................... []
[algo2a-g3-l0-modal] 
[algo2a-g3-l0-modal]   http_proxy ...................................... None
[algo2a-g3-l0-modal] 
[algo2a-g3-l0-modal]   hybrid_context_parallel ......................... False
[algo2a-g3-l0-modal] 
[algo2a-g3-l0-modal]   hybrid_layer_pattern ............................ None
[algo2a-g3-l0-modal] 
[algo2a-g3-l0-modal]   hybrid_override_pattern ......................... None
[algo2a-g3-l0-modal] 
[algo2a-g3-l0-modal]   hysteresis ...................................... 2
[algo2a-g3-l0-modal] 
[algo2a-g3-l0-modal]   ict_head_size ................................... None
[algo2a-g3-l0-modal] 
[algo2a-g3-l0-modal]   ict_load ........................................ None
[algo2a-g3-l0-modal] 
[algo2a-g3-l0-modal]   img_h ........................................... 224
[algo2a-g3-l0-modal] 
[algo2a-g3-l0-modal]   img_w ........................................... 224
[algo2a-g3-l0-modal] 
[algo2a-g3-l0-modal]   indep_dp ........................................ False
[algo2a-g3-l0-modal] 
[algo2a-g3-l0-modal]   indexer_batch_size .............................. 128
[algo2a-g3-l0-modal] 
[algo2a-g3-l0-modal]   indexer_log_interval ............................ 1000
[algo2a-g3-l0-modal] 
[algo2a-g3-l0-modal]   inference_batch_times_seqlen_threshold .......... -1
[algo2a-g3-l0-modal] 
[algo2a-g3-l0-modal]   inference_controller_addr ....................... None
[algo2a-g3-l0-modal] 
[algo2a-g3-l0-modal]   inference_coordinator_port ...................... None
[algo2a-g3-l0-modal] 
[algo2a-g3-l0-modal]   inference_cuda_graph_all_prefills ............... False
[algo2a-g3-l0-modal] 
[algo2a-g3-l0-modal]   inference_cuda_graph_scope ...................... InferenceCudaGraphScope.none
[algo2a-g3-l0-modal] 
[algo2a-g3-l0-modal]   inference_disable_ep_consensus .................. False
[algo2a-g3-l0-modal] 
[algo2a-g3-l0-modal]   inference_disable_triton_nvls_kernels ........... False
[algo2a-g3-l0-modal] 
[algo2a-g3-l0-modal]   inference_dynamic_batching ...................... False
[algo2a-g3-l0-modal] 
[algo2a-g3-l0-modal]   inference_dynamic_batching_async_sched_mode ..... legacy
[algo2a-g3-l0-modal] 
[algo2a-g3-l0-modal]   inference_dynamic_batching_block_size ........... 256
[algo2a-g3-l0-modal] 
[algo2a-g3-l0-modal]   inference_dynamic_batching_buffer_size_gb ....... 40.0
[algo2a-g3-l0-modal] 
[algo2a-g3-l0-modal]   inference_dynamic_batching_cuda_graph_max_tokens  16384
[algo2a-g3-l0-modal] 
[algo2a-g3-l0-modal]   inference_dynamic_batching_cuda_graph_mixed_prefill_count  16
[algo2a-g3-l0-modal] 
[algo2a-g3-l0-modal]   inference_dynamic_batching_cuda_graph_sizing_distribution  exponential
[algo2a-g3-l0-modal] 
[algo2a-g3-l0-modal]   inference_dynamic_batching_enable_prefix_caching  False
[algo2a-g3-l0-modal] 
[algo2a-g3-l0-modal]   inference_dynamic_batching_logprobs_mode ........ raw_logprobs
[algo2a-g3-l0-modal] 
[algo2a-g3-l0-modal]   inference_dynamic_batching_mamba_memory_ratio ... None
[algo2a-g3-l0-modal] 
[algo2a-g3-l0-modal]   inference_dynamic_batching_max_requests ......... None
[algo2a-g3-l0-modal] 
[algo2a-g3-l0-modal]   inference_dynamic_batching_max_tokens ........... None
[algo2a-g3-l0-modal] 
[algo2a-g3-l0-modal]   inference_dynamic_batching_num_cuda_graphs ...... 16
[algo2a-g3-l0-modal] 
[algo2a-g3-l0-modal]   inference_dynamic_batching_paused_buffer_size_gb  None
[algo2a-g3-l0-modal] 
[algo2a-g3-l0-modal]   inference_dynamic_batching_prefix_caching_coordinator_policy  first_prefix_block
[algo2a-g3-l0-modal] 
[algo2a-g3-l0-modal]   inference_dynamic_batching_prefix_caching_eviction_policy  ref_zero
[algo2a-g3-l0-modal] 
[algo2a-g3-l0-modal]   inference_dynamic_batching_prefix_caching_mamba_gb  None
[algo2a-g3-l0-modal] 
[algo2a-g3-l0-modal]   inference_dynamic_batching_prefix_caching_routing_alpha  0.5
[algo2a-g3-l0-modal] 
[algo2a-g3-l0-modal]   inference_dynamic_batching_sampling_backend ..... torch
[algo2a-g3-l0-modal] 
[algo2a-g3-l0-modal]   inference_dynamic_batching_track_generated_token_events  False
[algo2a-g3-l0-modal] 
[algo2a-g3-l0-modal]   inference_dynamic_batching_track_paused_request_events  False
[algo2a-g3-l0-modal] 
[algo2a-g3-l0-modal]   inference_dynamic_batching_unified_memory_level . 0
[algo2a-g3-l0-modal] 
[algo2a-g3-l0-modal]   inference_fuse_tp_communication ................. False
[algo2a-g3-l0-modal] 
[algo2a-g3-l0-modal]   inference_grouped_gemm_backend .................. vllm
[algo2a-g3-l0-modal] 
[algo2a-g3-l0-modal]   inference_logging_step_interval ................. 0
[algo2a-g3-l0-modal] 
[algo2a-g3-l0-modal]   inference_max_requests .......................... 8
[algo2a-g3-l0-modal] 
[algo2a-g3-l0-modal]   inference_max_seq_length ........................ 2560
[algo2a-g3-l0-modal] 
[algo2a-g3-l0-modal]   inference_moe_disable_fused_quant_kernels ....... False
[algo2a-g3-l0-modal] 
[algo2a-g3-l0-modal]   inference_moe_token_dispatcher_type ............. nvls
[algo2a-g3-l0-modal] 
[algo2a-g3-l0-modal]   inference_rng_tracker ........................... False
[algo2a-g3-l0-modal] 
[algo2a-g3-l0-modal]   inference_shards ................................ None
[algo2a-g3-l0-modal] 
[algo2a-g3-l0-modal]   inference_text_gen_server_logging ............... False
[algo2a-g3-l0-modal] 
[algo2a-g3-l0-modal]   inference_use_synchronous_zmq_collectives ....... False
[algo2a-g3-l0-modal] 
[algo2a-g3-l0-modal]   inference_wandb_logging ......................... False
[algo2a-g3-l0-modal] 
[algo2a-g3-l0-modal]   init_expected_num_cells ......................... None
[algo2a-g3-l0-modal] 
[algo2a-g3-l0-modal]   init_method_std ................................. 0.02
[algo2a-g3-l0-modal] 
[algo2a-g3-l0-modal]   init_method_xavier_uniform ...................... False
[algo2a-g3-l0-modal] 
[algo2a-g3-l0-modal]   init_model_with_meta_device ..................... False
[algo2a-g3-l0-modal] 
[algo2a-g3-l0-modal]   initial_loss_scale .............................. 4294967296
[algo2a-g3-l0-modal] 
[algo2a-g3-l0-modal]   inprocess_active_world_size ..................... 1
[algo2a-g3-l0-modal] 
[algo2a-g3-l0-modal]   inprocess_barrier_timeout ....................... 120
[algo2a-g3-l0-modal] 
[algo2a-g3-l0-modal]   inprocess_completion_timeout .................... 120
[algo2a-g3-l0-modal] 
[algo2a-g3-l0-modal]   inprocess_empty_cuda_cache ...................... False
[algo2a-g3-l0-modal] 
[algo2a-g3-l0-modal]   inprocess_granularity ........................... node
[algo2a-g3-l0-modal] 
[algo2a-g3-l0-modal]   inprocess_hard_timeout .......................... 90
[algo2a-g3-l0-modal] 
[algo2a-g3-l0-modal]   inprocess_heartbeat_interval .................... 30
[algo2a-g3-l0-modal] 
[algo2a-g3-l0-modal]   inprocess_heartbeat_timeout ..................... 60
[algo2a-g3-l0-modal] 
[algo2a-g3-l0-modal]   inprocess_last_call_wait ........................ 1
[algo2a-g3-l0-modal] 
[algo2a-g3-l0-modal]   inprocess_max_iterations ........................ None
[algo2a-g3-l0-modal] 
[algo2a-g3-l0-modal]   inprocess_monitor_process_interval .............. 1.0
[algo2a-g3-l0-modal] 
[algo2a-g3-l0-modal]   inprocess_monitor_thread_interval ............... 1.0
[algo2a-g3-l0-modal] 
[algo2a-g3-l0-modal]   inprocess_progress_watchdog_interval ............ 1.0
[algo2a-g3-l0-modal] 
[algo2a-g3-l0-modal]   inprocess_restart ............................... False
[algo2a-g3-l0-modal] 
[algo2a-g3-l0-modal]   inprocess_soft_timeout .......................... 60
[algo2a-g3-l0-modal] 
[algo2a-g3-l0-modal]   inprocess_termination_grace_time ................ 1
[algo2a-g3-l0-modal] 
[algo2a-g3-l0-modal]   input_key ....................................... messages
[algo2a-g3-l0-modal] 
[algo2a-g3-l0-modal]   is_hybrid_model ................................. False
[algo2a-g3-l0-modal] 
[algo2a-g3-l0-modal]   iter_per_epoch .................................. 1250
[algo2a-g3-l0-modal] 
[algo2a-g3-l0-modal]   iterations_to_skip .............................. []
[algo2a-g3-l0-modal] 
[algo2a-g3-l0-modal]   keep_fp8_transpose_cache ........................ False
[algo2a-g3-l0-modal] 
[algo2a-g3-l0-modal]   keep_old_actor .................................. False
[algo2a-g3-l0-modal] 
[algo2a-g3-l0-modal]   kitchen_attention_backend ....................... sdpa
[algo2a-g3-l0-modal] 
[algo2a-g3-l0-modal]   kl_coef ......................................... 0.0
[algo2a-g3-l0-modal] 
[algo2a-g3-l0-modal]   kl_loss_coef .................................... 0.0
[algo2a-g3-l0-modal] 
[algo2a-g3-l0-modal]   kl_loss_type .................................... k1
[algo2a-g3-l0-modal] 
[algo2a-g3-l0-modal]   kv_channels ..................................... 128
[algo2a-g3-l0-modal] 
[algo2a-g3-l0-modal]   kv_lora_rank .................................... 32
[algo2a-g3-l0-modal] 
[algo2a-g3-l0-modal]   label_key ....................................... label
[algo2a-g3-l0-modal] 
[algo2a-g3-l0-modal]   lambd ........................................... 1.0
[algo2a-g3-l0-modal] 
[algo2a-g3-l0-modal]   langrl_env_config ............................... None
[algo2a-g3-l0-modal] 
[algo2a-g3-l0-modal]   layernorm_epsilon ............................... 1e-06
[algo2a-g3-l0-modal] 
[algo2a-g3-l0-modal]   layernorm_zero_centered_gamma ................... False
[algo2a-g3-l0-modal] 
[algo2a-g3-l0-modal]   lazy_mpu_init ................................... False
[algo2a-g3-l0-modal] 
[algo2a-g3-l0-modal]   linear_attention_backend ........................ fla
[algo2a-g3-l0-modal] 
[algo2a-g3-l0-modal]   linear_attention_freq ........................... None
[algo2a-g3-l0-modal] 
[algo2a-g3-l0-modal]   linear_attention_type ........................... None
[algo2a-g3-l0-modal] 
[algo2a-g3-l0-modal]   linear_conv_kernel_dim .......................... 4
[algo2a-g3-l0-modal] 
[algo2a-g3-l0-modal]   linear_cp_mode .................................. chunkwise
[algo2a-g3-l0-modal] 
[algo2a-g3-l0-modal]   linear_key_head_dim ............................. 128
[algo2a-g3-l0-modal] 
[algo2a-g3-l0-modal]   linear_num_key_heads ............................ 16
[algo2a-g3-l0-modal] 
[algo2a-g3-l0-modal]   linear_num_value_heads .......................... 32
[algo2a-g3-l0-modal] 
[algo2a-g3-l0-modal]   linear_value_head_dim ........................... 128
[algo2a-g3-l0-modal] 
[algo2a-g3-l0-modal]   lion_beta1 ...................................... 0.95
[algo2a-g3-l0-modal] 
[algo2a-g3-l0-modal]   lion_beta2 ...................................... 0.98
[algo2a-g3-l0-modal] 
[algo2a-g3-l0-modal]   load ............................................ /root/.cache/huggingface/hub/models--Qwen--Qwen3-0.6B/snapshots/c1899de289a04d12100db370d81485cdf75e47ca
[algo2a-g3-l0-modal] 
[algo2a-g3-l0-modal]   load_debug_rollout_data ......................... None
[algo2a-g3-l0-modal] 
[algo2a-g3-l0-modal]   load_debug_rollout_data_subsample ............... None
[algo2a-g3-l0-modal] 
[algo2a-g3-l0-modal]   load_main_params_from_ckpt ...................... False
[algo2a-g3-l0-modal] 
[algo2a-g3-l0-modal]   local_rank ...................................... 0
[algo2a-g3-l0-modal] 
[algo2a-g3-l0-modal]   log_correct_samples ............................. False
[algo2a-g3-l0-modal] 
[algo2a-g3-l0-modal]   log_device_memory_used .......................... False
[algo2a-g3-l0-modal] 
[algo2a-g3-l0-modal]   log_energy ...................................... False
[algo2a-g3-l0-modal] 
[algo2a-g3-l0-modal]   log_interval .................................... 100
[algo2a-g3-l0-modal] 
[algo2a-g3-l0-modal]   log_loss_scale_to_tensorboard ................... True
[algo2a-g3-l0-modal] 
[algo2a-g3-l0-modal]   log_max_attention_logit ......................... False
[algo2a-g3-l0-modal] 
[algo2a-g3-l0-modal]   log_memory_interval ............................. None
[algo2a-g3-l0-modal] 
[algo2a-g3-l0-modal]   log_memory_to_tensorboard ....................... False
[algo2a-g3-l0-modal] 
[algo2a-g3-l0-modal]   log_moe_overload_factor ......................... False
[algo2a-g3-l0-modal] 
[algo2a-g3-l0-modal]   log_multi_turn .................................. False
[algo2a-g3-l0-modal] 
[algo2a-g3-l0-modal]   log_num_zeros_in_grad ........................... False
[algo2a-g3-l0-modal] 
[algo2a-g3-l0-modal]   log_params_norm ................................. False
[algo2a-g3-l0-modal] 
[algo2a-g3-l0-modal]   log_passrate .................................... False
[algo2a-g3-l0-modal] 
[algo2a-g3-l0-modal]   log_probs_chunk_size ............................ -1
[algo2a-g3-l0-modal] 
[algo2a-g3-l0-modal]   log_probs_max_tokens_per_gpu .................... None
[algo2a-g3-l0-modal] 
[algo2a-g3-l0-modal]   log_progress .................................... False
[algo2a-g3-l0-modal] 
[algo2a-g3-l0-modal]   log_reward_category ............................. None
[algo2a-g3-l0-modal] 
[algo2a-g3-l0-modal]   log_straggler ................................... False
[algo2a-g3-l0-modal] 
[algo2a-g3-l0-modal]   log_throughput .................................. False
[algo2a-g3-l0-modal] 
[algo2a-g3-l0-modal]   log_timers_to_tensorboard ....................... False
[algo2a-g3-l0-modal] 
[algo2a-g3-l0-modal]   log_validation_ppl_to_tensorboard ............... False
[algo2a-g3-l0-modal] 
[algo2a-g3-l0-modal]   log_world_size_to_tensorboard ................... False
[algo2a-g3-l0-modal] 
[algo2a-g3-l0-modal]   logging_level ................................... None
[algo2a-g3-l0-modal] 
[algo2a-g3-l0-modal]   logits_load_decode_threads ...................... 4
[algo2a-g3-l0-modal] 
[algo2a-g3-l0-modal]   logits_load_dir ................................. None
[algo2a-g3-l0-modal] 
[algo2a-g3-l0-modal]   logits_load_ignore_errors ....................... False
[algo2a-g3-l0-modal] 
[algo2a-g3-l0-modal]   logits_load_kd_loss_alpha ....................... 1.0
[algo2a-g3-l0-modal] 
[algo2a-g3-l0-modal]   logits_load_msc_prefetch_depth .................. 2
[algo2a-g3-l0-modal] 
[algo2a-g3-l0-modal]   logits_load_prefetch_factor ..................... 3
[algo2a-g3-l0-modal] 
[algo2a-g3-l0-modal]   logits_save_dir ................................. None
[algo2a-g3-l0-modal] 
[algo2a-g3-l0-modal]   logits_save_dtype ............................... fp16
[algo2a-g3-l0-modal] 
[algo2a-g3-l0-modal]   logits_save_top_k ............................... None
[algo2a-g3-l0-modal] 
[algo2a-g3-l0-modal]   logits_save_top_p ............................... None
[algo2a-g3-l0-modal] 
[algo2a-g3-l0-modal]   logits_save_top_p_min_k ......................... 1
[algo2a-g3-l0-modal] 
[algo2a-g3-l0-modal]   lora_adapter_path ............................... None
[algo2a-g3-l0-modal] 
[algo2a-g3-l0-modal]   lora_adapter_targets ............................ ['down_proj', 'gate_proj', 'k_proj', 'o_proj', 'q_proj', 'up_proj', 'v_proj']
[algo2a-g3-l0-modal] 
[algo2a-g3-l0-modal]   lora_alpha ...................................... 16
[algo2a-g3-l0-modal] 
[algo2a-g3-l0-modal]   lora_base_cpu_backup ............................ True
[algo2a-g3-l0-modal] 
[algo2a-g3-l0-modal]   lora_dp_invariant_rng ........................... exact
[algo2a-g3-l0-modal] 
[algo2a-g3-l0-modal]   lora_dp_invariant_state ......................... False
[algo2a-g3-l0-modal] 
[algo2a-g3-l0-modal]   lora_dropout .................................... 0.0
[algo2a-g3-l0-modal] 
[algo2a-g3-l0-modal]   lora_rank ....................................... 16
[algo2a-g3-l0-modal] 
[algo2a-g3-l0-modal]   lora_sync_from_tensor ........................... False
[algo2a-g3-l0-modal] 
[algo2a-g3-l0-modal]   lora_train_only ................................. False
[algo2a-g3-l0-modal] 
[algo2a-g3-l0-modal]   lora_type ....................................... canonical_lora
[algo2a-g3-l0-modal] 
[algo2a-g3-l0-modal]   loss_mask_type .................................. qwen
[algo2a-g3-l0-modal] 
[algo2a-g3-l0-modal]   loss_scale ...................................... None
[algo2a-g3-l0-modal] 
[algo2a-g3-l0-modal]   loss_scale_window ............................... 1000
[algo2a-g3-l0-modal] 
[algo2a-g3-l0-modal]   loss_type ....................................... policy_loss
[algo2a-g3-l0-modal] 
[algo2a-g3-l0-modal]   low_memory_resume ............................... False
[algo2a-g3-l0-modal] 
[algo2a-g3-l0-modal]   lr .............................................. 1e-05
[algo2a-g3-l0-modal] 
[algo2a-g3-l0-modal]   lr_decay_iters .................................. 3
[algo2a-g3-l0-modal] 
[algo2a-g3-l0-modal]   lr_decay_samples ................................ None
[algo2a-g3-l0-modal] 
[algo2a-g3-l0-modal]   lr_decay_style .................................. linear
[algo2a-g3-l0-modal] 
[algo2a-g3-l0-modal]   lr_warmup_fraction .............................. None
[algo2a-g3-l0-modal] 
[algo2a-g3-l0-modal]   lr_warmup_init .................................. 0.0
[algo2a-g3-l0-modal] 
[algo2a-g3-l0-modal]   lr_warmup_iters ................................. 0
[algo2a-g3-l0-modal] 
[algo2a-g3-l0-modal]   lr_warmup_samples ............................... 0
[algo2a-g3-l0-modal] 
[algo2a-g3-l0-modal]   lr_wsd_decay_iters .............................. None
[algo2a-g3-l0-modal] 
[algo2a-g3-l0-modal]   lr_wsd_decay_samples ............................ None
[algo2a-g3-l0-modal] 
[algo2a-g3-l0-modal]   lr_wsd_decay_style .............................. exponential
[algo2a-g3-l0-modal] 
[algo2a-g3-l0-modal]   main_grads_dtype ................................ torch.float32
[algo2a-g3-l0-modal] 
[algo2a-g3-l0-modal]   main_params_dtype ............................... torch.float32
[algo2a-g3-l0-modal] 
[algo2a-g3-l0-modal]   make_vocab_size_divisible_by .................... 128
[algo2a-g3-l0-modal] 
[algo2a-g3-l0-modal]   mamba_head_dim .................................. 64
[algo2a-g3-l0-modal] 
[algo2a-g3-l0-modal]   mamba_inference_conv_states_dtype ............... torch.bfloat16
[algo2a-g3-l0-modal] 
[algo2a-g3-l0-modal]   mamba_inference_ssm_states_dtype ................ torch.bfloat16
[algo2a-g3-l0-modal] 
[algo2a-g3-l0-modal]   mamba_num_groups ................................ 8
[algo2a-g3-l0-modal] 
[algo2a-g3-l0-modal]   mamba_num_heads ................................. None
[algo2a-g3-l0-modal] 
[algo2a-g3-l0-modal]   mamba_state_dim ................................. 128
[algo2a-g3-l0-modal] 
[algo2a-g3-l0-modal]   mamba_training_ssm_states_dtype ................. None
[algo2a-g3-l0-modal] 
[algo2a-g3-l0-modal]   manual_gc ....................................... False
[algo2a-g3-l0-modal] 
[algo2a-g3-l0-modal]   manual_gc_eval .................................. True
[algo2a-g3-l0-modal] 
[algo2a-g3-l0-modal]   manual_gc_interval .............................. 0
[algo2a-g3-l0-modal] 
[algo2a-g3-l0-modal]   mask_factor ..................................... 1.0
[algo2a-g3-l0-modal] 
[algo2a-g3-l0-modal]   mask_offpolicy_in_partial_rollout ............... False
[algo2a-g3-l0-modal] 
[algo2a-g3-l0-modal]   mask_prob ....................................... 0.15
[algo2a-g3-l0-modal] 
[algo2a-g3-l0-modal]   mask_type ....................................... random
[algo2a-g3-l0-modal] 
[algo2a-g3-l0-modal]   masked_softmax_fusion ........................... True
[algo2a-g3-l0-modal] 
[algo2a-g3-l0-modal]   max_position_embeddings ......................... 1024
[algo2a-g3-l0-modal] 
[algo2a-g3-l0-modal]   max_seqlen_per_dp_cp_rank ....................... None
[algo2a-g3-l0-modal] 
[algo2a-g3-l0-modal]   max_tokens_per_gpu .............................. None
[algo2a-g3-l0-modal] 
[algo2a-g3-l0-modal]   max_tokens_to_oom ............................... 12000
[algo2a-g3-l0-modal] 
[algo2a-g3-l0-modal]   max_weight_staleness ............................ None
[algo2a-g3-l0-modal] 
[algo2a-g3-l0-modal]   megatron_config ................................. None
[algo2a-g3-l0-modal] 
[algo2a-g3-l0-modal]   megatron_fsdp_cache_param_bucket_views .......... False
[algo2a-g3-l0-modal] 
[algo2a-g3-l0-modal]   megatron_fsdp_enable_fine_grained_param_gather .. False
[algo2a-g3-l0-modal] 
[algo2a-g3-l0-modal]   megatron_fsdp_grad_comm_dtype ................... None
[algo2a-g3-l0-modal] 
[algo2a-g3-l0-modal]   megatron_fsdp_main_grads_dtype .................. None
[algo2a-g3-l0-modal] 
[algo2a-g3-l0-modal]   megatron_fsdp_main_params_dtype ................. torch.float32
[algo2a-g3-l0-modal] 
[algo2a-g3-l0-modal]   megatron_fsdp_max_pool_double_buffer ............ False
[algo2a-g3-l0-modal] 
[algo2a-g3-l0-modal]   megatron_fsdp_prefetch_recompute_forward_weights  False
[algo2a-g3-l0-modal] 
[algo2a-g3-l0-modal]   megatron_to_hf_mode ............................. bridge
[algo2a-g3-l0-modal] 
[algo2a-g3-l0-modal]   memory_recorder ................................. torch
[algo2a-g3-l0-modal] 
[algo2a-g3-l0-modal]   memory_snapshot_dir ............................. .
[algo2a-g3-l0-modal] 
[algo2a-g3-l0-modal]   memory_snapshot_num_steps ....................... None
[algo2a-g3-l0-modal] 
[algo2a-g3-l0-modal]   memory_snapshot_path ............................ snapshot.pickle
[algo2a-g3-l0-modal] 
[algo2a-g3-l0-modal]   merge_file ...................................... None
[algo2a-g3-l0-modal] 
[algo2a-g3-l0-modal]   metadata_key .................................... metadata
[algo2a-g3-l0-modal] 
[algo2a-g3-l0-modal]   metadata_path ................................... None
[algo2a-g3-l0-modal] 
[algo2a-g3-l0-modal]   mfu_peak_tflops ................................. None
[algo2a-g3-l0-modal] 
[algo2a-g3-l0-modal]   mhc_init_gating_factor .......................... 0.01
[algo2a-g3-l0-modal] 
[algo2a-g3-l0-modal]   mhc_recompute_layer_num ......................... None
[algo2a-g3-l0-modal] 
[algo2a-g3-l0-modal]   mhc_sinkhorn_iterations ......................... 20
[algo2a-g3-l0-modal] 
[algo2a-g3-l0-modal]   micro_batch_size ................................ 1
[algo2a-g3-l0-modal] 
[algo2a-g3-l0-modal]   microbatch_group_size_per_vp_stage .............. None
[algo2a-g3-l0-modal] 
[algo2a-g3-l0-modal]   mid_level_dataset_surplus ....................... 0.005
[algo2a-g3-l0-modal] 
[algo2a-g3-l0-modal]   miles_dsa_topk_backend .......................... torch
[algo2a-g3-l0-modal] 
[algo2a-g3-l0-modal]   miles_router_health_check_failure_threshold ..... 3
[algo2a-g3-l0-modal] 
[algo2a-g3-l0-modal]   miles_router_max_connections .................... None
[algo2a-g3-l0-modal] 
[algo2a-g3-l0-modal]   miles_router_timeout ............................ None
[algo2a-g3-l0-modal] 
[algo2a-g3-l0-modal]   min_batch_collection_ratio ...................... 1
[algo2a-g3-l0-modal] 
[algo2a-g3-l0-modal]   min_dynamic_context_parallel_size ............... 1
[algo2a-g3-l0-modal] 
[algo2a-g3-l0-modal]   min_loss_scale .................................. 1.0
[algo2a-g3-l0-modal] 
[algo2a-g3-l0-modal]   min_lr .......................................... 0.0
[algo2a-g3-l0-modal] 
[algo2a-g3-l0-modal]   min_offloaded_tensor_size ....................... 1048576
[algo2a-g3-l0-modal] 
[algo2a-g3-l0-modal]   mini_ft_controller_enable ....................... False
[algo2a-g3-l0-modal] 
[algo2a-g3-l0-modal]   mini_ft_controller_poll_interval ................ 10.0
[algo2a-g3-l0-modal] 
[algo2a-g3-l0-modal]   mini_ft_controller_resume_delay ................. 10.0
[algo2a-g3-l0-modal] 
[algo2a-g3-l0-modal]   mla_down_proj_fusion ............................ False
[algo2a-g3-l0-modal] 
[algo2a-g3-l0-modal]   mlflow_experiment_name .......................... miles
[algo2a-g3-l0-modal] 
[algo2a-g3-l0-modal]   mlflow_run_id ................................... None
[algo2a-g3-l0-modal] 
[algo2a-g3-l0-modal]   mlflow_run_name ................................. None
[algo2a-g3-l0-modal] 
[algo2a-g3-l0-modal]   mlflow_tracking_uri ............................. None
[algo2a-g3-l0-modal] 
[algo2a-g3-l0-modal]   mlp_chunks_for_prefill .......................... 1
[algo2a-g3-l0-modal] 
[algo2a-g3-l0-modal]   mlp_chunks_for_training ......................... 1
[algo2a-g3-l0-modal] 
[algo2a-g3-l0-modal]   mmap_bin_files .................................. True
[algo2a-g3-l0-modal] 
[algo2a-g3-l0-modal]   mock_data ....................................... False
[algo2a-g3-l0-modal] 
[algo2a-g3-l0-modal]   model_name ...................................... GPTModelProvider
[algo2a-g3-l0-modal] 
[algo2a-g3-l0-modal]   moe_activation_in_fp32 .......................... False
[algo2a-g3-l0-modal] 
[algo2a-g3-l0-modal]   moe_apply_probs_on_input ........................ False
[algo2a-g3-l0-modal] 
[algo2a-g3-l0-modal]   moe_aux_loss_coeff .............................. 0.0
[algo2a-g3-l0-modal] 
[algo2a-g3-l0-modal]   moe_combine_in_fp32 ............................. False
[algo2a-g3-l0-modal] 
[algo2a-g3-l0-modal]   moe_deepep_num_sms .............................. None
[algo2a-g3-l0-modal] 
[algo2a-g3-l0-modal]   moe_enable_deepep ............................... False
[algo2a-g3-l0-modal] 
[algo2a-g3-l0-modal]   moe_enable_routing_replay ....................... False
[algo2a-g3-l0-modal] 
[algo2a-g3-l0-modal]   moe_expert_capacity_factor ...................... None
[algo2a-g3-l0-modal] 
[algo2a-g3-l0-modal]   moe_expert_rank_capacity_factor ................. None
[algo2a-g3-l0-modal] 
[algo2a-g3-l0-modal]   moe_ffn_hidden_size ............................. None
[algo2a-g3-l0-modal] 
[algo2a-g3-l0-modal]   moe_flex_dispatcher_backend ..................... deepep
[algo2a-g3-l0-modal] 
[algo2a-g3-l0-modal]   moe_flex_dispatcher_num_sms ..................... None
[algo2a-g3-l0-modal] 
[algo2a-g3-l0-modal]   moe_grouped_gemm ................................ False
[algo2a-g3-l0-modal] 
[algo2a-g3-l0-modal]   moe_hybridep_num_blocks_permute ................. None
[algo2a-g3-l0-modal] 
[algo2a-g3-l0-modal]   moe_hybridep_num_blocks_unpermute ............... None
[algo2a-g3-l0-modal] 
[algo2a-g3-l0-modal]   moe_hybridep_num_sms ............................ None
[algo2a-g3-l0-modal] 
[algo2a-g3-l0-modal]   moe_hybridep_num_sms_preprocessing .............. 108
[algo2a-g3-l0-modal] 
[algo2a-g3-l0-modal]   moe_hybridep_pad_variable_tokens ................ False
[algo2a-g3-l0-modal] 
[algo2a-g3-l0-modal]   moe_input_jitter_eps ............................ None
[algo2a-g3-l0-modal] 
[algo2a-g3-l0-modal]   moe_latent_size ................................. None
[algo2a-g3-l0-modal] 
[algo2a-g3-l0-modal]   moe_latent_use_norm ............................. False
[algo2a-g3-l0-modal] 
[algo2a-g3-l0-modal]   moe_layer_freq .................................. 1
[algo2a-g3-l0-modal] 
[algo2a-g3-l0-modal]   moe_layer_recompute ............................. False
[algo2a-g3-l0-modal] 
[algo2a-g3-l0-modal]   moe_mlp_glu_interleave_size ..................... None
[algo2a-g3-l0-modal] 
[algo2a-g3-l0-modal]   moe_n_hash_layers ............................... 0
[algo2a-g3-l0-modal] 
[algo2a-g3-l0-modal]   moe_ncclep_static_shape ......................... False
[algo2a-g3-l0-modal] 
[algo2a-g3-l0-modal]   moe_ncclep_use_symm_mem ......................... False
[algo2a-g3-l0-modal] 
[algo2a-g3-l0-modal]   moe_pad_expert_input_to_capacity ................ False
[algo2a-g3-l0-modal] 
[algo2a-g3-l0-modal]   moe_pad_experts_for_cuda_graph_inference ........ False
[algo2a-g3-l0-modal] 
[algo2a-g3-l0-modal]   moe_paged_stash ................................. False
[algo2a-g3-l0-modal] 
[algo2a-g3-l0-modal]   moe_paged_stash_buffer_size_factor_cpu .......... 0.0
[algo2a-g3-l0-modal] 
[algo2a-g3-l0-modal]   moe_paged_stash_buffer_size_factor_cuda ......... 1.1
[algo2a-g3-l0-modal] 
[algo2a-g3-l0-modal]   moe_paged_stash_page_size ....................... 64
[algo2a-g3-l0-modal] 
[algo2a-g3-l0-modal]   moe_per_layer_logging ........................... False
[algo2a-g3-l0-modal] 
[algo2a-g3-l0-modal]   moe_permute_fusion .............................. False
[algo2a-g3-l0-modal] 
[algo2a-g3-l0-modal]   moe_permute_fusion_into_hybridep ................ False
[algo2a-g3-l0-modal] 
[algo2a-g3-l0-modal]   moe_router_bias_update_rate ..................... 0.001
[algo2a-g3-l0-modal] 
[algo2a-g3-l0-modal]   moe_router_dtype ................................ None
[algo2a-g3-l0-modal] 
[algo2a-g3-l0-modal]   moe_router_enable_expert_bias ................... False
[algo2a-g3-l0-modal] 
[algo2a-g3-l0-modal]   moe_router_force_biased ......................... None
[algo2a-g3-l0-modal] 
[algo2a-g3-l0-modal]   moe_router_force_load_balancing ................. False
[algo2a-g3-l0-modal] 
[algo2a-g3-l0-modal]   moe_router_freeze_gate .......................... False
  moe_router_fusion ............................... False
[algo2a-g3-l0-modal]   moe_router_group_topk ........................... None
[algo2a-g3-l0-modal] 
[algo2a-g3-l0-modal]   moe_router_load_balancing_type .................. aux_loss
[algo2a-g3-l0-modal] 
[algo2a-g3-l0-modal]   moe_router_num_groups ........................... None
[algo2a-g3-l0-modal] 
[algo2a-g3-l0-modal]   moe_router_padding_for_fp8 ...................... False
[algo2a-g3-l0-modal] 
[algo2a-g3-l0-modal]   moe_router_padding_for_quantization ............. False
[algo2a-g3-l0-modal] 
[algo2a-g3-l0-modal]   moe_router_pre_softmax .......................... False
[algo2a-g3-l0-modal] 
[algo2a-g3-l0-modal]   moe_router_score_function ....................... softmax
[algo2a-g3-l0-modal] 
[algo2a-g3-l0-modal]   moe_router_topk ................................. 2
[algo2a-g3-l0-modal] 
[algo2a-g3-l0-modal]   moe_router_topk_scaling_factor .................. None
[algo2a-g3-l0-modal] 
[algo2a-g3-l0-modal]   moe_router_use_torch_mm ......................... True
[algo2a-g3-l0-modal] 
[algo2a-g3-l0-modal]   moe_routing_trace_capture_hidden_states ......... False
[algo2a-g3-l0-modal] 
[algo2a-g3-l0-modal]   moe_routing_trace_capture_logits ................ False
[algo2a-g3-l0-modal] 
[algo2a-g3-l0-modal]   moe_routing_trace_dump_weights .................. False
[algo2a-g3-l0-modal] 
[algo2a-g3-l0-modal]   moe_routing_trace_max_training_iters ............ None
[algo2a-g3-l0-modal] 
[algo2a-g3-l0-modal]   moe_routing_trace_path .......................... None
[algo2a-g3-l0-modal] 
[algo2a-g3-l0-modal]   moe_shared_expert_gate .......................... False
[algo2a-g3-l0-modal] 
[algo2a-g3-l0-modal]   moe_shared_expert_glu_interleave_size ........... None
[algo2a-g3-l0-modal] 
[algo2a-g3-l0-modal]   moe_shared_expert_intermediate_size ............. None
[algo2a-g3-l0-modal] 
[algo2a-g3-l0-modal]   moe_shared_expert_overlap ....................... False
[algo2a-g3-l0-modal] 
[algo2a-g3-l0-modal]   moe_single_grouped_bias ......................... False
[algo2a-g3-l0-modal] 
[algo2a-g3-l0-modal]   moe_single_grouped_weight ....................... False
[algo2a-g3-l0-modal] 
[algo2a-g3-l0-modal]   moe_token_dispatcher_type ....................... allgather
[algo2a-g3-l0-modal] 
[algo2a-g3-l0-modal]   moe_token_drop_policy ........................... probs
[algo2a-g3-l0-modal] 
[algo2a-g3-l0-modal]   moe_upcycling_granularity ....................... 1
[algo2a-g3-l0-modal] 
[algo2a-g3-l0-modal]   moe_use_upcycling ............................... False
[algo2a-g3-l0-modal] 
[algo2a-g3-l0-modal]   moe_z_loss_coeff ................................ None
[algo2a-g3-l0-modal] 
[algo2a-g3-l0-modal]   mooncake_replica_num ............................ 1
[algo2a-g3-l0-modal] 
[algo2a-g3-l0-modal]   mooncake_store_init_kwargs ...................... None
[algo2a-g3-l0-modal] 
[algo2a-g3-l0-modal]   mrope_interleaved ............................... False
[algo2a-g3-l0-modal] 
[algo2a-g3-l0-modal]   mrope_section ................................... None
[algo2a-g3-l0-modal] 
[algo2a-g3-l0-modal]   mscale .......................................... 1.0
[algo2a-g3-l0-modal] 
[algo2a-g3-l0-modal]   mscale_all_dim .................................. 0.0
[algo2a-g3-l0-modal] 
[algo2a-g3-l0-modal]   mtp_detach_heads ................................ False
[algo2a-g3-l0-modal] 
[algo2a-g3-l0-modal]   mtp_hybrid_override_pattern ..................... None
[algo2a-g3-l0-modal] 
[algo2a-g3-l0-modal]   mtp_loss_scaling_factor ......................... 0.2
[algo2a-g3-l0-modal] 
[algo2a-g3-l0-modal]   mtp_num_layers .................................. None
[algo2a-g3-l0-modal] 
[algo2a-g3-l0-modal]   mtp_standalone .................................. False
[algo2a-g3-l0-modal] 
[algo2a-g3-l0-modal]   mtp_use_repeated_layer .......................... False
[algo2a-g3-l0-modal] 
[algo2a-g3-l0-modal]   multi_latent_attention .......................... False
[algo2a-g3-l0-modal] 
[algo2a-g3-l0-modal]   multi_lora ...................................... False
[algo2a-g3-l0-modal] 
[algo2a-g3-l0-modal]   multi_lora_n_adapters ........................... 0
[algo2a-g3-l0-modal] 
[algo2a-g3-l0-modal]   multimodal_keys ................................. None
[algo2a-g3-l0-modal] 
[algo2a-g3-l0-modal]   multiple_validation_sets ........................ False
[algo2a-g3-l0-modal] 
[algo2a-g3-l0-modal]   muon_coefficient_type ........................... quintic
[algo2a-g3-l0-modal] 
[algo2a-g3-l0-modal]   muon_extra_scale_factor ......................... 1.0
[algo2a-g3-l0-modal] 
[algo2a-g3-l0-modal]   muon_fp32_matmul_prec ........................... medium
[algo2a-g3-l0-modal] 
[algo2a-g3-l0-modal]   muon_momentum ................................... 0.9
[algo2a-g3-l0-modal] 
[algo2a-g3-l0-modal]   muon_nesterov ................................... False
[algo2a-g3-l0-modal] 
[algo2a-g3-l0-modal]   muon_num_ns_steps ............................... 5
[algo2a-g3-l0-modal] 
[algo2a-g3-l0-modal]   muon_scalar_optimizer ........................... adam
[algo2a-g3-l0-modal] 
[algo2a-g3-l0-modal]   muon_scale_mode ................................. spectral
[algo2a-g3-l0-modal] 
[algo2a-g3-l0-modal]   muon_split_qkv .................................. True
[algo2a-g3-l0-modal] 
[algo2a-g3-l0-modal]   muon_tp_mode .................................... blockwise
[algo2a-g3-l0-modal] 
[algo2a-g3-l0-modal]   mup_attn_scale_power ............................ 1.0
[algo2a-g3-l0-modal] 
[algo2a-g3-l0-modal]   mup_base_head_dim ............................... None
[algo2a-g3-l0-modal] 
[algo2a-g3-l0-modal]   mup_base_hidden_size ............................ None
[algo2a-g3-l0-modal] 
[algo2a-g3-l0-modal]   mup_embedding_mult .............................. 1.0
[algo2a-g3-l0-modal] 
[algo2a-g3-l0-modal]   mup_output_mult ................................. 1.0
[algo2a-g3-l0-modal] 
[algo2a-g3-l0-modal]   mup_width_mult .................................. 1.0
[algo2a-g3-l0-modal] 
[algo2a-g3-l0-modal]   n_samples_per_eval_prompt ....................... 1
[algo2a-g3-l0-modal] 
[algo2a-g3-l0-modal]   n_samples_per_prompt ............................ 8
[algo2a-g3-l0-modal] 
[algo2a-g3-l0-modal]   nccl_all_reduce_for_prefill ..................... False
[algo2a-g3-l0-modal] 
[algo2a-g3-l0-modal]   nccl_communicator_config_path ................... None
[algo2a-g3-l0-modal] 
[algo2a-g3-l0-modal]   nccl_ub ......................................... False
[algo2a-g3-l0-modal] 
[algo2a-g3-l0-modal]   no_load_optim ................................... True
[algo2a-g3-l0-modal] 
[algo2a-g3-l0-modal]   no_load_rng ..................................... True
[algo2a-g3-l0-modal] 
[algo2a-g3-l0-modal]   no_persist_layer_norm ........................... False
[algo2a-g3-l0-modal] 
[algo2a-g3-l0-modal]   no_rope_freq .................................... None
[algo2a-g3-l0-modal] 
[algo2a-g3-l0-modal]   no_save_optim ................................... True
[algo2a-g3-l0-modal] 
[algo2a-g3-l0-modal]   no_save_rng ..................................... True
[algo2a-g3-l0-modal] 
[algo2a-g3-l0-modal]   no_weight_decay_cond_type ....................... None
[algo2a-g3-l0-modal] 
[algo2a-g3-l0-modal]   non_persistent_ckpt_type ........................ None
[algo2a-g3-l0-modal] 
[algo2a-g3-l0-modal]   non_persistent_global_ckpt_dir .................. None
[algo2a-g3-l0-modal] 
[algo2a-g3-l0-modal]   non_persistent_local_ckpt_algo .................. fully_parallel
[algo2a-g3-l0-modal] 
[algo2a-g3-l0-modal]   non_persistent_local_ckpt_dir ................... None
[algo2a-g3-l0-modal] 
[algo2a-g3-l0-modal]   non_persistent_save_interval .................... None
[algo2a-g3-l0-modal] 
[algo2a-g3-l0-modal]   normalization ................................... RMSNorm
[algo2a-g3-l0-modal] 
[algo2a-g3-l0-modal]   normalize_advantages ............................ False
[algo2a-g3-l0-modal] 
[algo2a-g3-l0-modal]   null_tokenizer_eod_id ........................... None
[algo2a-g3-l0-modal] 
[algo2a-g3-l0-modal]   null_tokenizer_pad_id ........................... -1
[algo2a-g3-l0-modal] 
[algo2a-g3-l0-modal]   num_attention_heads ............................. 16
[algo2a-g3-l0-modal] 
[algo2a-g3-l0-modal]   num_channels .................................... 3
[algo2a-g3-l0-modal] 
[algo2a-g3-l0-modal]   num_classes ..................................... 1000
[algo2a-g3-l0-modal] 
[algo2a-g3-l0-modal]   num_critic_only_steps ........................... 0
[algo2a-g3-l0-modal] 
[algo2a-g3-l0-modal]   num_dataset_builder_threads ..................... 1
[algo2a-g3-l0-modal] 
[algo2a-g3-l0-modal]   num_distributed_optimizer_instances ............. 1
[algo2a-g3-l0-modal] 
[algo2a-g3-l0-modal]   num_epoch ....................................... None
[algo2a-g3-l0-modal] 
[algo2a-g3-l0-modal]   num_experts ..................................... None
[algo2a-g3-l0-modal] 
[algo2a-g3-l0-modal]   num_gpus_per_node ............................... 1
[algo2a-g3-l0-modal] 
[algo2a-g3-l0-modal]   num_layers ...................................... 28
[algo2a-g3-l0-modal] 
[algo2a-g3-l0-modal]   num_layers_at_end_in_bf16 ....................... 1
[algo2a-g3-l0-modal] 
[algo2a-g3-l0-modal]   num_layers_at_start_in_bf16 ..................... 1
[algo2a-g3-l0-modal] 
[algo2a-g3-l0-modal]   num_layers_per_virtual_pipeline_stage ........... None
[algo2a-g3-l0-modal] 
[algo2a-g3-l0-modal]   num_query_groups ................................ 8
[algo2a-g3-l0-modal] 
[algo2a-g3-l0-modal]   num_residual_streams ............................ 4
[algo2a-g3-l0-modal] 
[algo2a-g3-l0-modal]   num_rollout ..................................... 3
[algo2a-g3-l0-modal] 
[algo2a-g3-l0-modal]   num_speculative_tokens .......................... 0
[algo2a-g3-l0-modal] 
[algo2a-g3-l0-modal]   num_steps_per_rollout ........................... 1
[algo2a-g3-l0-modal] 
[algo2a-g3-l0-modal]   num_virtual_stages_per_pipeline_rank ............ None
[algo2a-g3-l0-modal] 
[algo2a-g3-l0-modal]   num_workers ..................................... 2
[algo2a-g3-l0-modal] 
[algo2a-g3-l0-modal]   nvtx_ranges ..................................... False
[algo2a-g3-l0-modal] 
[algo2a-g3-l0-modal]   o_groups ........................................ 8
[algo2a-g3-l0-modal] 
[algo2a-g3-l0-modal]   o_lora_rank ..................................... 1024
[algo2a-g3-l0-modal] 
[algo2a-g3-l0-modal]   object_storage_cache_path ....................... None
[algo2a-g3-l0-modal] 
[algo2a-g3-l0-modal]   object_store_backend ............................ ray
[algo2a-g3-l0-modal] 
[algo2a-g3-l0-modal]   observe_training_entropy ........................ False
[algo2a-g3-l0-modal] 
[algo2a-g3-l0-modal]   offload_modules ................................. []
[algo2a-g3-l0-modal] 
[algo2a-g3-l0-modal]   offload_optimizer_states ........................ False
[algo2a-g3-l0-modal] 
[algo2a-g3-l0-modal]   offload_rollout ................................. True
[algo2a-g3-l0-modal] 
[algo2a-g3-l0-modal]   offload_rollout_level ........................... ['kv_cache', 'weight']
[algo2a-g3-l0-modal] 
[algo2a-g3-l0-modal]   offload_train ................................... True
[algo2a-g3-l0-modal] 
[algo2a-g3-l0-modal]   offload_train_disk_chunk_mb ..................... 256
[algo2a-g3-l0-modal] 
[algo2a-g3-l0-modal]   offload_train_disk_dir .......................... None
[algo2a-g3-l0-modal] 
[algo2a-g3-l0-modal]   offload_train_target ............................ cpu
[algo2a-g3-l0-modal] 
[algo2a-g3-l0-modal]   one_logger_async ................................ False
[algo2a-g3-l0-modal] 
[algo2a-g3-l0-modal]   one_logger_project .............................. megatron-lm
[algo2a-g3-l0-modal] 
[algo2a-g3-l0-modal]   one_logger_run_name ............................. None
[algo2a-g3-l0-modal] 
[algo2a-g3-l0-modal]   onnx_safe ....................................... None
[algo2a-g3-l0-modal] 
[algo2a-g3-l0-modal]   opd_kl_coef ..................................... 1.0
[algo2a-g3-l0-modal] 
[algo2a-g3-l0-modal]   opd_log_prob_top_k .............................. 0
[algo2a-g3-l0-modal] 
[algo2a-g3-l0-modal]   opd_reward_weight_mode .......................... student_p
[algo2a-g3-l0-modal] 
[algo2a-g3-l0-modal]   opd_teacher_ckpt_step ........................... None
[algo2a-g3-l0-modal] 
[algo2a-g3-l0-modal]   opd_teacher_key ................................. opd_teacher
[algo2a-g3-l0-modal] 
[algo2a-g3-l0-modal]   opd_teacher_load ................................ None
[algo2a-g3-l0-modal] 
[algo2a-g3-l0-modal]   opd_teacher_urls ................................ None
[algo2a-g3-l0-modal] 
[algo2a-g3-l0-modal]   opd_top_k_strategy .............................. only-student
[algo2a-g3-l0-modal] 
[algo2a-g3-l0-modal]   opd_topk_per_position ........................... False
[algo2a-g3-l0-modal] 
[algo2a-g3-l0-modal]   opd_type ........................................ None
[algo2a-g3-l0-modal] 
[algo2a-g3-l0-modal]   openai_gelu ..................................... False
[algo2a-g3-l0-modal] 
[algo2a-g3-l0-modal]   opsm_delta ...................................... 0.0001
[algo2a-g3-l0-modal] 
[algo2a-g3-l0-modal]   optimizer ....................................... adam
[algo2a-g3-l0-modal] 
[algo2a-g3-l0-modal]   optimizer_cpu_offload ........................... False
[algo2a-g3-l0-modal] 
[algo2a-g3-l0-modal]   optimizer_cuda_graph ............................ False
[algo2a-g3-l0-modal] 
[algo2a-g3-l0-modal]   optimizer_offload_fraction ...................... 1.0
[algo2a-g3-l0-modal] 
[algo2a-g3-l0-modal]   optimizer_state_offload_chunk_size_mb ........... 0
[algo2a-g3-l0-modal] 
[algo2a-g3-l0-modal]   optimizer_state_offload_fraction ................ 1.0
[algo2a-g3-l0-modal] 
[algo2a-g3-l0-modal]   original_max_position_embeddings ................ 4096
[algo2a-g3-l0-modal] 
[algo2a-g3-l0-modal]   outer_dp_sharding_strategy ...................... no_shard
[algo2a-g3-l0-modal] 
[algo2a-g3-l0-modal]   output_bert_embeddings .......................... False
[algo2a-g3-l0-modal] 
[algo2a-g3-l0-modal]   over_sampling_batch_size ........................ 4
[algo2a-g3-l0-modal] 
[algo2a-g3-l0-modal]   overlap_cpu_optimizer_d2h_h2d ................... False
[algo2a-g3-l0-modal] 
[algo2a-g3-l0-modal]   overlap_dispatch_backward_with_experts_wgrad .... False
[algo2a-g3-l0-modal] 
[algo2a-g3-l0-modal]   overlap_grad_reduce ............................. False
[algo2a-g3-l0-modal] 
[algo2a-g3-l0-modal]   overlap_moe_expert_parallel_comm ................ False
[algo2a-g3-l0-modal] 
[algo2a-g3-l0-modal]   overlap_p2p_comm ................................ False
[algo2a-g3-l0-modal] 
[algo2a-g3-l0-modal]   overlap_p2p_comm_warmup_flush ................... False
[algo2a-g3-l0-modal] 
[algo2a-g3-l0-modal]   overlap_param_gather ............................ False
[algo2a-g3-l0-modal] 
[algo2a-g3-l0-modal]   overlap_param_gather_with_optimizer_step ........ False
[algo2a-g3-l0-modal] 
[algo2a-g3-l0-modal]   override_opt_param_scheduler .................... False
[algo2a-g3-l0-modal] 
[algo2a-g3-l0-modal]   p2p_transfer_num_workers ........................ 4
[algo2a-g3-l0-modal] 
[algo2a-g3-l0-modal]   p2p_transfer_timeout ............................ 30.0
[algo2a-g3-l0-modal] 
[algo2a-g3-l0-modal]   pad_packed_seq_alignment ........................ None
[algo2a-g3-l0-modal] 
[algo2a-g3-l0-modal]   pad_vocab_size .................................. True
[algo2a-g3-l0-modal] 
[algo2a-g3-l0-modal]   padded_vocab_size ............................... 151936
[algo2a-g3-l0-modal] 
[algo2a-g3-l0-modal]   params_dtype .................................... torch.bfloat16
[algo2a-g3-l0-modal] 
[algo2a-g3-l0-modal]   partial_rollout ................................. False
[algo2a-g3-l0-modal] 
[algo2a-g3-l0-modal]   patch_dim ....................................... 16
[algo2a-g3-l0-modal] 
[algo2a-g3-l0-modal]   pause_generation_mode ........................... retract
[algo2a-g3-l0-modal] 
[algo2a-g3-l0-modal]   per_dataset_sequences_path ...................... None
[algo2a-g3-l0-modal] 
[algo2a-g3-l0-modal]   per_split_data_args_path ........................ None
[algo2a-g3-l0-modal] 
  perform_initialization .......................... True
[algo2a-g3-l0-modal] 
[algo2a-g3-l0-modal]   perform_rl_step ................................. False
[algo2a-g3-l0-modal] 
[algo2a-g3-l0-modal]   phase_transition_iterations ..................... None
[algo2a-g3-l0-modal] 
[algo2a-g3-l0-modal]   pin_cpu_grads ................................... True
[algo2a-g3-l0-modal] 
[algo2a-g3-l0-modal]   pin_cpu_params .................................. True
[algo2a-g3-l0-modal] 
[algo2a-g3-l0-modal]   pin_rollout_manager_to_head ..................... True
[algo2a-g3-l0-modal] 
[algo2a-g3-l0-modal]   pipeline_model_parallel_comm_backend ............ None
[algo2a-g3-l0-modal] 
[algo2a-g3-l0-modal]   pipeline_model_parallel_layout .................. None
[algo2a-g3-l0-modal] 
[algo2a-g3-l0-modal]   pipeline_model_parallel_size .................... 1
[algo2a-g3-l0-modal] 
[algo2a-g3-l0-modal]   position_embedding_type ......................... rope
[algo2a-g3-l0-modal] 
[algo2a-g3-l0-modal]   post_mlp_layernorm .............................. False
[algo2a-g3-l0-modal] 
[algo2a-g3-l0-modal]   post_self_attn_layernorm ........................ False
[algo2a-g3-l0-modal] 
[algo2a-g3-l0-modal]   prefill_num_servers ............................. None
[algo2a-g3-l0-modal] 
[algo2a-g3-l0-modal]   pretrained_checkpoint ........................... None
[algo2a-g3-l0-modal] 
[algo2a-g3-l0-modal]   profile ......................................... False
[algo2a-g3-l0-modal] 
[algo2a-g3-l0-modal]   profile_ranks ................................... []
[algo2a-g3-l0-modal] 
[algo2a-g3-l0-modal]   profile_step_end ................................ 12
[algo2a-g3-l0-modal] 
[algo2a-g3-l0-modal]   profile_step_start .............................. 10
[algo2a-g3-l0-modal] 
[algo2a-g3-l0-modal]   profile_target .................................. ['train_overall']
[algo2a-g3-l0-modal]   prometheus_port ................................. 9090
[algo2a-g3-l0-modal] 
[algo2a-g3-l0-modal]   prometheus_run_name ............................. None
[algo2a-g3-l0-modal] 
[algo2a-g3-l0-modal]   prompt_data ..................................... /root/yeto-rl/prompts.jsonl
[algo2a-g3-l0-modal] 
[algo2a-g3-l0-modal]   pytorch_profiler_collect_callstack .............. False
[algo2a-g3-l0-modal] 
[algo2a-g3-l0-modal]   pytorch_profiler_collect_chakra ................. False
[algo2a-g3-l0-modal] 
[algo2a-g3-l0-modal]   pytorch_profiler_collect_shapes ................. False
[algo2a-g3-l0-modal] 
[algo2a-g3-l0-modal]   q_lora_rank ..................................... None
[algo2a-g3-l0-modal] 
[algo2a-g3-l0-modal]   qk_clip ......................................... False
[algo2a-g3-l0-modal] 
[algo2a-g3-l0-modal]   qk_clip_alpha ................................... 0.5
[algo2a-g3-l0-modal] 
[algo2a-g3-l0-modal]   qk_clip_threshold ............................... 100
[algo2a-g3-l0-modal] 
[algo2a-g3-l0-modal]   qk_head_dim ..................................... 128
[algo2a-g3-l0-modal] 
[algo2a-g3-l0-modal]   qk_l2_norm ...................................... False
[algo2a-g3-l0-modal] 
[algo2a-g3-l0-modal]   qk_layernorm .................................... True
[algo2a-g3-l0-modal] 
[algo2a-g3-l0-modal]   qk_pos_emb_head_dim ............................. 64
[algo2a-g3-l0-modal] 
[algo2a-g3-l0-modal]   qkv_format ...................................... thd
[algo2a-g3-l0-modal] 
[algo2a-g3-l0-modal]   query_in_block_prob ............................. 0.1
[algo2a-g3-l0-modal] 
[algo2a-g3-l0-modal]   quick_geglu ..................................... False
[algo2a-g3-l0-modal] 
[algo2a-g3-l0-modal]   rampup_batch_size ............................... None
[algo2a-g3-l0-modal] 
[algo2a-g3-l0-modal]   rank ............................................ 0
[algo2a-g3-l0-modal] 
[algo2a-g3-l0-modal]   recompute_granularity ........................... None
[algo2a-g3-l0-modal] 
[algo2a-g3-l0-modal]   recompute_logprobs_via_prefill .................. False
[algo2a-g3-l0-modal] 
[algo2a-g3-l0-modal]   recompute_loss_function ......................... False
[algo2a-g3-l0-modal] 
[algo2a-g3-l0-modal]   recompute_method ................................ None
[algo2a-g3-l0-modal] 
[algo2a-g3-l0-modal]   recompute_modules ............................... None
[algo2a-g3-l0-modal] 
[algo2a-g3-l0-modal]   recompute_num_layers ............................ None
[algo2a-g3-l0-modal] 
[algo2a-g3-l0-modal]   record_memory_history ........................... False
[algo2a-g3-l0-modal] 
[algo2a-g3-l0-modal]   record_shapes ................................... False
[algo2a-g3-l0-modal] 
[algo2a-g3-l0-modal]   ref_ckpt_step ................................... None
[algo2a-g3-l0-modal] 
[algo2a-g3-l0-modal]   ref_load ........................................ /root/.cache/huggingface/hub/models--Qwen--Qwen3-0.6B/snapshots/c1899de289a04d12100db370d81485cdf75e47ca
[algo2a-g3-l0-modal] 
[algo2a-g3-l0-modal]   ref_update_interval ............................. None
[algo2a-g3-l0-modal] 
[algo2a-g3-l0-modal]   refit_method .................................... gloo
[algo2a-g3-l0-modal] 
[algo2a-g3-l0-modal]   relative_attention_max_distance ................. 128
[algo2a-g3-l0-modal] 
[algo2a-g3-l0-modal]   relative_attention_num_buckets .................. 32
[algo2a-g3-l0-modal] 
[algo2a-g3-l0-modal]   rematerialize_param_from_master_weight .......... False
[algo2a-g3-l0-modal] 
[algo2a-g3-l0-modal]   replication ..................................... False
[algo2a-g3-l0-modal] 
[algo2a-g3-l0-modal]   replication_factor .............................. 2
[algo2a-g3-l0-modal] 
[algo2a-g3-l0-modal]   replication_jump ................................ None
[algo2a-g3-l0-modal] 
[algo2a-g3-l0-modal]   requested_load .................................. None
[algo2a-g3-l0-modal] 
[algo2a-g3-l0-modal]   rerun_mode ...................................... validate_results
[algo2a-g3-l0-modal] 
[algo2a-g3-l0-modal]   reset_attention_mask ............................ False
[algo2a-g3-l0-modal] 
[algo2a-g3-l0-modal]   reset_optimizer_states .......................... False
[algo2a-g3-l0-modal] 
  reset_position_ids .............................. False
[algo2a-g3-l0-modal] 
[algo2a-g3-l0-modal]   result_rejected_tracker_filename ................ None
[algo2a-g3-l0-modal] 
[algo2a-g3-l0-modal]   retriever_report_topk_accuracies ................ []
[algo2a-g3-l0-modal] 
[algo2a-g3-l0-modal]   retriever_score_scaling ......................... False
[algo2a-g3-l0-modal] 
[algo2a-g3-l0-modal]   reuse_grad_buf_for_mxfp8_param_ag ............... False
[algo2a-g3-l0-modal] 
[algo2a-g3-l0-modal]   reward_key ...................................... None
[algo2a-g3-l0-modal] 
[algo2a-g3-l0-modal]   rewards_normalization ........................... True
[algo2a-g3-l0-modal] 
[algo2a-g3-l0-modal]   rl_consumption_granularity ...................... B
[algo2a-g3-l0-modal] 
[algo2a-g3-l0-modal]   rl_default_temperature .......................... 1.0
[algo2a-g3-l0-modal] 
[algo2a-g3-l0-modal]   rl_default_top_k ................................ -1
[algo2a-g3-l0-modal] 
[algo2a-g3-l0-modal]   rl_default_top_p ................................ 0
[algo2a-g3-l0-modal] 
[algo2a-g3-l0-modal]   rl_generation_lag ............................... 0
[algo2a-g3-l0-modal] 
[algo2a-g3-l0-modal]   rl_importance_sampling_truncation_coef .......... None
[algo2a-g3-l0-modal] 
[algo2a-g3-l0-modal]   rl_inference_expert_model_parallel_size ......... None
[algo2a-g3-l0-modal] 
[algo2a-g3-l0-modal]   rl_inference_expert_tensor_model_parallel_size .. None
[algo2a-g3-l0-modal] 
[algo2a-g3-l0-modal]   rl_inference_logprobs_is_correction ............. False
[algo2a-g3-l0-modal] 
[algo2a-g3-l0-modal]   rl_inference_model_unified_memory_level ......... 0
[algo2a-g3-l0-modal] 
[algo2a-g3-l0-modal]   rl_inference_parsers ............................ []
[algo2a-g3-l0-modal] 
[algo2a-g3-l0-modal]   rl_inference_pipeline_model_parallel_size ....... None
[algo2a-g3-l0-modal] 
[algo2a-g3-l0-modal]   rl_inference_tensor_model_parallel_size ......... None
[algo2a-g3-l0-modal] 
[algo2a-g3-l0-modal]   rl_kv_cache_management_mode ..................... persist
[algo2a-g3-l0-modal] 
[algo2a-g3-l0-modal]   rl_offload_inference_model_weights_when_idle .... False
[algo2a-g3-l0-modal] 
[algo2a-g3-l0-modal]   rl_offload_optimizer_during_inference ........... False
[algo2a-g3-l0-modal] 
[algo2a-g3-l0-modal]   rl_partial_rollouts ............................. False
[algo2a-g3-l0-modal] 
[algo2a-g3-l0-modal]   rl_persist_cuda_graphs .......................... False
[algo2a-g3-l0-modal] 
[algo2a-g3-l0-modal]   rl_profile ...................................... False
[algo2a-g3-l0-modal] 
[algo2a-g3-l0-modal]   rl_profile_dir .................................. None
[algo2a-g3-l0-modal] 
[algo2a-g3-l0-modal]   rl_prompts_per_eval ............................. 32
[algo2a-g3-l0-modal] 
[algo2a-g3-l0-modal]   rl_sequence_packing_algo ........................ fifo
[algo2a-g3-l0-modal] 
[algo2a-g3-l0-modal]   rl_sequence_packing_max_sequences_per_bin ....... 50
[algo2a-g3-l0-modal] 
[algo2a-g3-l0-modal]   rl_skip_bos_token ............................... False
[algo2a-g3-l0-modal] 
[algo2a-g3-l0-modal]   rl_submission_granularity ....................... B
[algo2a-g3-l0-modal] 
[algo2a-g3-l0-modal]   rl_training_cuda_graphs ......................... False
[algo2a-g3-l0-modal] 
[algo2a-g3-l0-modal]   rl_use_sequence_packing ......................... False
[algo2a-g3-l0-modal] 
[algo2a-g3-l0-modal]   rl_verify_model_weights_swap .................... False
[algo2a-g3-l0-modal] 
[algo2a-g3-l0-modal]   rm_type ......................................... None
[algo2a-g3-l0-modal] 
[algo2a-g3-l0-modal]   rm_url .......................................... None
[algo2a-g3-l0-modal] 
[algo2a-g3-l0-modal]   rollout_all_samples_process_path ................ yeto.rl.engine.miles_adapter.rollout_meta_hook.extract_rollout_metadata
[algo2a-g3-l0-modal] 
[algo2a-g3-l0-modal]   rollout_batch_size .............................. 4
[algo2a-g3-l0-modal] 
[algo2a-g3-l0-modal]   rollout_buffer_url .............................. None
[algo2a-g3-l0-modal] 
[algo2a-g3-l0-modal]   rollout_data_postprocess_path ................... None
[algo2a-g3-l0-modal] 
[algo2a-g3-l0-modal]   rollout_external ................................ False
[algo2a-g3-l0-modal] 
[algo2a-g3-l0-modal]   rollout_external_engine_addrs ................... None
[algo2a-g3-l0-modal] 
[algo2a-g3-l0-modal]   rollout_external_router_pd ...................... False
[algo2a-g3-l0-modal] 
[algo2a-g3-l0-modal]   rollout_function_path ........................... miles.rollout.inference_rollout.inference_rollout_common.InferenceRolloutFn
[algo2a-g3-l0-modal] 
[algo2a-g3-l0-modal]   rollout_global_dataset .......................... True
[algo2a-g3-l0-modal] 
[algo2a-g3-l0-modal]   rollout_health_check_failure_threshold .......... 1
[algo2a-g3-l0-modal] 
[algo2a-g3-l0-modal]   rollout_health_check_first_wait ................. 0.0
[algo2a-g3-l0-modal] 
[algo2a-g3-l0-modal]   rollout_health_check_interval ................... 30.0
[algo2a-g3-l0-modal] 
[algo2a-g3-l0-modal]   rollout_health_check_timeout .................... 30.0
[algo2a-g3-l0-modal] 
[algo2a-g3-l0-modal]   rollout_indexer_topk_num_streams ................ None
[algo2a-g3-l0-modal] 
[algo2a-g3-l0-modal]   rollout_max_context_len ......................... 1024
[algo2a-g3-l0-modal] 
[algo2a-g3-l0-modal]   rollout_max_prompt_len .......................... 1023
[algo2a-g3-l0-modal] 
[algo2a-g3-l0-modal]   rollout_max_response_len ........................ 384
[algo2a-g3-l0-modal] 
[algo2a-g3-l0-modal]   rollout_num_gpus ................................ 1
[algo2a-g3-l0-modal] 
[algo2a-g3-l0-modal]   rollout_num_gpus_per_engine ..................... 1
[algo2a-g3-l0-modal] 
[algo2a-g3-l0-modal]   rollout_sample_filter_path ...................... yeto.rl.engine.miles_adapter.rollout_meta_hook.record_trained_groups
[algo2a-g3-l0-modal] 
[algo2a-g3-l0-modal]   rollout_seed .................................... 17
[algo2a-g3-l0-modal] 
[algo2a-g3-l0-modal]   rollout_shuffle ................................. False
[algo2a-g3-l0-modal] 
[algo2a-g3-l0-modal]   rollout_skip_special_tokens ..................... False
[algo2a-g3-l0-modal] 
[algo2a-g3-l0-modal]   rollout_stop .................................... None
[algo2a-g3-l0-modal] 
[algo2a-g3-l0-modal]   rollout_stop_token_ids .......................... None
[algo2a-g3-l0-modal] 
[algo2a-g3-l0-modal]   rollout_submission_granularity .................. None
[algo2a-g3-l0-modal] 
[algo2a-g3-l0-modal]   rollout_task_type ............................... math
[algo2a-g3-l0-modal] 
[algo2a-g3-l0-modal]   rollout_temperature ............................. 1.0
[algo2a-g3-l0-modal] 
[algo2a-g3-l0-modal]   rollout_top_k ................................... -1
[algo2a-g3-l0-modal] 
[algo2a-g3-l0-modal]   rollout_top_p ................................... 1.0
[algo2a-g3-l0-modal] 
[algo2a-g3-l0-modal]   rope_scaling_factor ............................. 8.0
[algo2a-g3-l0-modal] 
[algo2a-g3-l0-modal]   rope_type ....................................... rope
[algo2a-g3-l0-modal] 
[algo2a-g3-l0-modal]   rotary_base ..................................... 1000000
[algo2a-g3-l0-modal] 
[algo2a-g3-l0-modal]   rotary_base_per_layer ........................... None
[algo2a-g3-l0-modal] 
[algo2a-g3-l0-modal]   rotary_interleaved .............................. False
[algo2a-g3-l0-modal] 
[algo2a-g3-l0-modal]   rotary_percent .................................. 1.0
[algo2a-g3-l0-modal] 
[algo2a-g3-l0-modal]   rotary_scaling_factor ........................... 1.0
[algo2a-g3-l0-modal] 
[algo2a-g3-l0-modal]   rotary_seq_len_interpolation_factor ............. None
[algo2a-g3-l0-modal] 
[algo2a-g3-l0-modal]   router_allow_requests_without_routing_key ....... False
[algo2a-g3-l0-modal] 
[algo2a-g3-l0-modal]   router_api_key .................................. None
[algo2a-g3-l0-modal] 
[algo2a-g3-l0-modal]   router_assignment_mode .......................... random
[algo2a-g3-l0-modal] 
[algo2a-g3-l0-modal]   router_backend .................................. sglang
[algo2a-g3-l0-modal] 
[algo2a-g3-l0-modal]   router_balance_abs_threshold .................... 64
[algo2a-g3-l0-modal] 
[algo2a-g3-l0-modal]   router_balance_rel_threshold .................... 1.5
[algo2a-g3-l0-modal] 
[algo2a-g3-l0-modal]   router_bucket_adjust_interval_secs .............. 5
[algo2a-g3-l0-modal] 
[algo2a-g3-l0-modal]   router_ca_cert_paths ............................ []
[algo2a-g3-l0-modal] 
[algo2a-g3-l0-modal]   router_cache_threshold .......................... 0.3
[algo2a-g3-l0-modal] 
[algo2a-g3-l0-modal]   router_cb_failure_threshold ..................... 10
[algo2a-g3-l0-modal] 
[algo2a-g3-l0-modal]   router_cb_success_threshold ..................... 3
[algo2a-g3-l0-modal] 
[algo2a-g3-l0-modal]   router_cb_timeout_duration_secs ................. 60
[algo2a-g3-l0-modal] 
[algo2a-g3-l0-modal]   router_cb_window_duration_secs .................. 120
[algo2a-g3-l0-modal] 
[algo2a-g3-l0-modal]   router_chat_template ............................ None
[algo2a-g3-l0-modal] 
[algo2a-g3-l0-modal]   router_client_cert_path ......................... None
[algo2a-g3-l0-modal] 
[algo2a-g3-l0-modal]   router_client_key_path .......................... None
[algo2a-g3-l0-modal] 
[algo2a-g3-l0-modal]   router_control_plane_api_keys ................... []
[algo2a-g3-l0-modal] 
[algo2a-g3-l0-modal]   router_control_plane_audit_enabled .............. False
[algo2a-g3-l0-modal] 
[algo2a-g3-l0-modal]   router_cors_allowed_origins ..................... []
[algo2a-g3-l0-modal] 
[algo2a-g3-l0-modal]   router_decode ................................... None
[algo2a-g3-l0-modal] 
[algo2a-g3-l0-modal]   router_decode_policy ............................ None
[algo2a-g3-l0-modal] 
[algo2a-g3-l0-modal]   router_decode_selector .......................... {}
[algo2a-g3-l0-modal] 
[algo2a-g3-l0-modal]   router_disable_circuit_breaker .................. False
[algo2a-g3-l0-modal] 
[algo2a-g3-l0-modal]   router_disable_health_check ..................... False
[algo2a-g3-l0-modal] 
[algo2a-g3-l0-modal]   router_disable_retries .......................... False
[algo2a-g3-l0-modal] 
[algo2a-g3-l0-modal]   router_dp_aware ................................. False
[algo2a-g3-l0-modal] 
[algo2a-g3-l0-modal]   router_enable_igw ............................... False
[algo2a-g3-l0-modal] 
[algo2a-g3-l0-modal]   router_enable_trace ............................. False
[algo2a-g3-l0-modal] 
[algo2a-g3-l0-modal]   router_eviction_interval_secs ................... 60
[algo2a-g3-l0-modal] 
[algo2a-g3-l0-modal]   router_health_check_endpoint .................... /health
[algo2a-g3-l0-modal] 
[algo2a-g3-l0-modal]   router_health_check_interval_secs ............... 60
[algo2a-g3-l0-modal] 
[algo2a-g3-l0-modal]   router_health_check_timeout_secs ................ 5
[algo2a-g3-l0-modal] 
[algo2a-g3-l0-modal]   router_health_failure_threshold ................. 3
[algo2a-g3-l0-modal] 
[algo2a-g3-l0-modal]   router_health_success_threshold ................. 2
[algo2a-g3-l0-modal] 
[algo2a-g3-l0-modal]   router_history_backend .......................... memory
[algo2a-g3-l0-modal] 
[algo2a-g3-l0-modal]   router_json_log ................................. False
[algo2a-g3-l0-modal] 
[algo2a-g3-l0-modal]   router_jwt_audience ............................. None
[algo2a-g3-l0-modal] 
[algo2a-g3-l0-modal]   router_jwt_issuer ............................... None
[algo2a-g3-l0-modal] 
[algo2a-g3-l0-modal]   router_jwt_jwks_uri ............................. None
[algo2a-g3-l0-modal] 
[algo2a-g3-l0-modal]   router_jwt_role_mapping ......................... []
[algo2a-g3-l0-modal] 
[algo2a-g3-l0-modal]   router_log_dir .................................. None
[algo2a-g3-l0-modal] 
[algo2a-g3-l0-modal]   router_log_level ................................ info
[algo2a-g3-l0-modal] 
[algo2a-g3-l0-modal]   router_max_concurrent_requests .................. -1
[algo2a-g3-l0-modal] 
[algo2a-g3-l0-modal]   router_max_idle_secs ............................ 14400
[algo2a-g3-l0-modal] 
[algo2a-g3-l0-modal]   router_max_payload_size ......................... 536870912
[algo2a-g3-l0-modal] 
[algo2a-g3-l0-modal]   router_max_tree_size ............................ 67108864
[algo2a-g3-l0-modal] 
[algo2a-g3-l0-modal]   router_mcp_config_path .......................... None
[algo2a-g3-l0-modal] 
[algo2a-g3-l0-modal]   router_mini_lb .................................. False
[algo2a-g3-l0-modal] 
[algo2a-g3-l0-modal]   router_model_path ............................... None
[algo2a-g3-l0-modal] 
[algo2a-g3-l0-modal]   router_oracle_connect_descriptor ................ None
[algo2a-g3-l0-modal] 
[algo2a-g3-l0-modal]   router_oracle_password .......................... None
[algo2a-g3-l0-modal] 
[algo2a-g3-l0-modal]   router_oracle_pool_max .......................... 16
[algo2a-g3-l0-modal] 
[algo2a-g3-l0-modal]   router_oracle_pool_min .......................... 1
[algo2a-g3-l0-modal] 
[algo2a-g3-l0-modal]   router_oracle_pool_timeout_secs ................. 30
[algo2a-g3-l0-modal] 
[algo2a-g3-l0-modal]   router_oracle_tns_alias ......................... None
[algo2a-g3-l0-modal] 
[algo2a-g3-l0-modal]   router_oracle_username .......................... None
[algo2a-g3-l0-modal] 
[algo2a-g3-l0-modal]   router_oracle_wallet_path ....................... None
[algo2a-g3-l0-modal] 
[algo2a-g3-l0-modal]   router_otlp_traces_endpoint ..................... localhost:4317
[algo2a-g3-l0-modal] 
[algo2a-g3-l0-modal]   router_pd_disaggregation ........................ False
[algo2a-g3-l0-modal] 
[algo2a-g3-l0-modal]   router_policy ................................... cache_aware
[algo2a-g3-l0-modal] 
[algo2a-g3-l0-modal]   router_postgres_db_url .......................... None
[algo2a-g3-l0-modal] 
[algo2a-g3-l0-modal]   router_postgres_pool_max ........................ 16
[algo2a-g3-l0-modal] 
[algo2a-g3-l0-modal]   router_prefill .................................. None
[algo2a-g3-l0-modal] 
[algo2a-g3-l0-modal]   router_prefill_policy ........................... None
[algo2a-g3-l0-modal] 
[algo2a-g3-l0-modal]   router_prefill_selector ......................... {}
[algo2a-g3-l0-modal] 
[algo2a-g3-l0-modal]   router_prometheus_duration_buckets .............. None
[algo2a-g3-l0-modal] 
[algo2a-g3-l0-modal]   router_prometheus_host .......................... 0.0.0.0
[algo2a-g3-l0-modal] 
[algo2a-g3-l0-modal]   router_prometheus_port .......................... 29000
[algo2a-g3-l0-modal] 
[algo2a-g3-l0-modal]   router_queue_size ............................... 100
[algo2a-g3-l0-modal] 
[algo2a-g3-l0-modal]   router_queue_timeout_secs ....................... 60
[algo2a-g3-l0-modal] 
[algo2a-g3-l0-modal]   router_rate_limit_tokens_per_second ............. None
[algo2a-g3-l0-modal] 
[algo2a-g3-l0-modal]   router_reasoning_parser ......................... None
[algo2a-g3-l0-modal] 
[algo2a-g3-l0-modal]   router_redis_pool_max ........................... 16
[algo2a-g3-l0-modal] 
[algo2a-g3-l0-modal]   router_redis_retention_days ..................... 30
[algo2a-g3-l0-modal] 
[algo2a-g3-l0-modal]   router_redis_url ................................ None
[algo2a-g3-l0-modal] 
[algo2a-g3-l0-modal]   router_request_id_headers ....................... None
[algo2a-g3-l0-modal] 
[algo2a-g3-l0-modal]   router_request_timeout_secs ..................... 1800
[algo2a-g3-l0-modal] 
[algo2a-g3-l0-modal]   router_retry_backoff_multiplier ................. 1.5
[algo2a-g3-l0-modal] 
[algo2a-g3-l0-modal]   router_retry_initial_backoff_ms ................. 50
[algo2a-g3-l0-modal] 
[algo2a-g3-l0-modal]   router_retry_jitter_factor ...................... 0.2
[algo2a-g3-l0-modal] 
[algo2a-g3-l0-modal]   router_retry_max_backoff_ms ..................... 30000
[algo2a-g3-l0-modal] 
[algo2a-g3-l0-modal]   router_retry_max_retries ........................ 5
[algo2a-g3-l0-modal] 
[algo2a-g3-l0-modal]   router_selector ................................. {}
[algo2a-g3-l0-modal] 
[algo2a-g3-l0-modal]   router_service_discovery ........................ False
[algo2a-g3-l0-modal] 
[algo2a-g3-l0-modal]   router_service_discovery_namespace .............. None
[algo2a-g3-l0-modal] 
[algo2a-g3-l0-modal]   router_service_discovery_port ................... 80
[algo2a-g3-l0-modal] 
[algo2a-g3-l0-modal]   router_shutdown_grace_period_secs ............... 180
[algo2a-g3-l0-modal] 
[algo2a-g3-l0-modal]   router_test_external_dp_routing ................. False
[algo2a-g3-l0-modal] 
[algo2a-g3-l0-modal]   router_tls_cert_path ............................ None
[algo2a-g3-l0-modal] 
[algo2a-g3-l0-modal]   router_tls_key_path ............................. None
[algo2a-g3-l0-modal] 
[algo2a-g3-l0-modal]   router_tokenizer_cache_enable_l0 ................ False
[algo2a-g3-l0-modal] 
[algo2a-g3-l0-modal]   router_tokenizer_cache_enable_l1 ................ False
[algo2a-g3-l0-modal] 
[algo2a-g3-l0-modal]   router_tokenizer_cache_l0_max_entries ........... 10000
[algo2a-g3-l0-modal] 
[algo2a-g3-l0-modal]   router_tokenizer_cache_l1_max_memory ............ 52428800
[algo2a-g3-l0-modal] 
[algo2a-g3-l0-modal]   router_tokenizer_path ........................... None
[algo2a-g3-l0-modal] 
[algo2a-g3-l0-modal]   router_tool_call_parser ......................... None
[algo2a-g3-l0-modal] 
[algo2a-g3-l0-modal]   router_worker_startup_check_interval ............ 30
[algo2a-g3-l0-modal] 
[algo2a-g3-l0-modal]   router_worker_startup_timeout_secs .............. 1800
[algo2a-g3-l0-modal] 
[algo2a-g3-l0-modal]   run_uuid ........................................ b2b00f432cd0481e
[algo2a-g3-l0-modal] 
[algo2a-g3-l0-modal]   run_workload_inspector_server ................... False
[algo2a-g3-l0-modal] 
[algo2a-g3-l0-modal]   sample_rate ..................................... 1.0
[algo2a-g3-l0-modal] 
[algo2a-g3-l0-modal]   save ............................................ None
[algo2a-g3-l0-modal] 
[algo2a-g3-l0-modal]   save_activations_interval ....................... None
[algo2a-g3-l0-modal] 
[algo2a-g3-l0-modal]   save_debug_event_data ........................... None
[algo2a-g3-l0-modal] 
[algo2a-g3-l0-modal]   save_debug_rollout_data ......................... None
[algo2a-g3-l0-modal] 
[algo2a-g3-l0-modal]   save_debug_train_data ........................... None
[algo2a-g3-l0-modal] 
[algo2a-g3-l0-modal]   save_debug_trajectory_data ...................... None
[algo2a-g3-l0-modal] 
[algo2a-g3-l0-modal]   save_dgrads_interval ............................ None
[algo2a-g3-l0-modal] 
[algo2a-g3-l0-modal]   save_hf ......................................... None
[algo2a-g3-l0-modal] 
[algo2a-g3-l0-modal]   save_interval ................................... None
[algo2a-g3-l0-modal] 
[algo2a-g3-l0-modal]   save_local_weight_checksum ...................... False
[algo2a-g3-l0-modal] 
[algo2a-g3-l0-modal]   save_params_interval ............................ None
[algo2a-g3-l0-modal] 
[algo2a-g3-l0-modal]   save_retain_interval ............................ None
  save_tokens_per_expert_interval ................. None
[algo2a-g3-l0-modal] 
[algo2a-g3-l0-modal]   save_trigger_sentinel ........................... None
[algo2a-g3-l0-modal] 
[algo2a-g3-l0-modal]   save_wgrads_interval ............................ None
[algo2a-g3-l0-modal] 
[algo2a-g3-l0-modal]   seed ............................................ 17
[algo2a-g3-l0-modal] 
[algo2a-g3-l0-modal]   seq_length ...................................... 1024
[algo2a-g3-l0-modal] 
[algo2a-g3-l0-modal]   sequence_packing_scheduler ...................... None
[algo2a-g3-l0-modal] 
[algo2a-g3-l0-modal]   sequence_parallel ............................... False
[algo2a-g3-l0-modal] 
[algo2a-g3-l0-modal]   session_message_matcher ......................... strict
[algo2a-g3-l0-modal] 
[algo2a-g3-l0-modal]   session_sample_picker_path ...................... miles.rollout.session.v2.picker_hub.drop_same_prompt_retries
[algo2a-g3-l0-modal] 
[algo2a-g3-l0-modal]   session_sample_postprocessor_path ............... miles.rollout.session.v2.postprocessor_hub.default_postprocess
[algo2a-g3-l0-modal] 
[algo2a-g3-l0-modal]   session_server_external_host .................... None
[algo2a-g3-l0-modal] 
[algo2a-g3-l0-modal]   session_server_ip ............................... None
[algo2a-g3-l0-modal] 
[algo2a-g3-l0-modal]   session_server_port ............................. None
[algo2a-g3-l0-modal] 
[algo2a-g3-l0-modal]   session_server_workers .......................... 32
[algo2a-g3-l0-modal] 
[algo2a-g3-l0-modal]   sft ............................................. False
[algo2a-g3-l0-modal] 
[algo2a-g3-l0-modal]   sft_mock_dataset_config_json .................... None
[algo2a-g3-l0-modal] 
[algo2a-g3-l0-modal]   sft_tokenizer_prompt_format ..................... nemotron-h-aligned
[algo2a-g3-l0-modal]   sgd_momentum .................................... 0.9
[algo2a-g3-l0-modal] 
[algo2a-g3-l0-modal]   sglang_abort_on_priority_when_disabled .......... False
[algo2a-g3-l0-modal] 
[algo2a-g3-l0-modal]   sglang_admin_api_key ............................ None
[algo2a-g3-l0-modal] 
[algo2a-g3-l0-modal]   sglang_allow_auto_truncate ...................... False
[algo2a-g3-l0-modal] 
[algo2a-g3-l0-modal]   sglang_allowed_media_domains .................... []
[algo2a-g3-l0-modal] 
[algo2a-g3-l0-modal]   sglang_api_key .................................. None
[algo2a-g3-l0-modal] 
[algo2a-g3-l0-modal]   sglang_asr_max_buffer_seconds ................... 60
[algo2a-g3-l0-modal] 
[algo2a-g3-l0-modal]   sglang_asr_max_concurrent_sessions .............. 32
[algo2a-g3-l0-modal] 
[algo2a-g3-l0-modal]   sglang_attention_backend ........................ None
[algo2a-g3-l0-modal] 
[algo2a-g3-l0-modal]   sglang_attn_cp_size ............................. 1
[algo2a-g3-l0-modal] 
[algo2a-g3-l0-modal]   sglang_batch_notify_size ........................ 16
[algo2a-g3-l0-modal] 
[algo2a-g3-l0-modal]   sglang_bf16_gemm_backend ........................ auto
[algo2a-g3-l0-modal] 
[algo2a-g3-l0-modal]   sglang_bucket_e2e_request_latency ............... None
[algo2a-g3-l0-modal] 
[algo2a-g3-l0-modal]   sglang_bucket_inter_token_latency ............... None
[algo2a-g3-l0-modal] 
[algo2a-g3-l0-modal]   sglang_bucket_time_to_first_token ............... None
[algo2a-g3-l0-modal] 
[algo2a-g3-l0-modal]   sglang_c128_page_size ........................... 16
[algo2a-g3-l0-modal] 
[algo2a-g3-l0-modal]   sglang_chat_template ............................ None
[algo2a-g3-l0-modal] 
[algo2a-g3-l0-modal]   sglang_checkpoint_engine_wait_weights_before_ready  False
[algo2a-g3-l0-modal] 
[algo2a-g3-l0-modal]   sglang_chunked_prefill_size ..................... None
[algo2a-g3-l0-modal] 
[algo2a-g3-l0-modal]   sglang_completion_template ...................... None
[algo2a-g3-l0-modal] 
[algo2a-g3-l0-modal]   sglang_config ................................... None
[algo2a-g3-l0-modal] 
[algo2a-g3-l0-modal]   sglang_constrained_json_disable_any_whitespace .. False
[algo2a-g3-l0-modal] 
[algo2a-g3-l0-modal]   sglang_constrained_json_whitespace_pattern ...... None
[algo2a-g3-l0-modal] 
[algo2a-g3-l0-modal]   sglang_context_length ........................... None
[algo2a-g3-l0-modal] 
[algo2a-g3-l0-modal]   sglang_cp_strategy .............................. None
[algo2a-g3-l0-modal] 
[algo2a-g3-l0-modal]   sglang_cpu_offload_gb ........................... 0
[algo2a-g3-l0-modal] 
[algo2a-g3-l0-modal]   sglang_crash_dump_folder ........................ None
[algo2a-g3-l0-modal] 
[algo2a-g3-l0-modal]   sglang_cuda_graph_backend_decode ................ None
[algo2a-g3-l0-modal] 
[algo2a-g3-l0-modal]   sglang_cuda_graph_backend_prefill ............... disabled
[algo2a-g3-l0-modal] 
[algo2a-g3-l0-modal]   sglang_cuda_graph_bs_decode ..................... None
[algo2a-g3-l0-modal] 
[algo2a-g3-l0-modal]   sglang_cuda_graph_bs_prefill .................... None
[algo2a-g3-l0-modal] 
[algo2a-g3-l0-modal]   sglang_cuda_graph_config ........................ None
[algo2a-g3-l0-modal] 
[algo2a-g3-l0-modal]   sglang_cuda_graph_max_bs_decode ................. None
[algo2a-g3-l0-modal] 
[algo2a-g3-l0-modal]   sglang_cuda_graph_max_bs_prefill ................ None
[algo2a-g3-l0-modal] 
[algo2a-g3-l0-modal]   sglang_cuda_graph_tc_compiler ................... None
[algo2a-g3-l0-modal] 
[algo2a-g3-l0-modal]   sglang_custom_pull_weights_pre_read_hook ........ None
[algo2a-g3-l0-modal] 
[algo2a-g3-l0-modal]   sglang_custom_weight_loader ..................... None
[algo2a-g3-l0-modal] 
[algo2a-g3-l0-modal]   sglang_dcp_comm_backend ......................... None
[algo2a-g3-l0-modal] 
[algo2a-g3-l0-modal]   sglang_dcp_replicate_q_proj ..................... None
  sglang_dcp_size ................................. 1
  sglang_debug_cuda_graph ......................... False
  sglang_debug_tensor_dump_input_file ............. None
  sglang_debug_tensor_dump_layers ................. None
  sglang_debug_tensor_dump_output_folder .......... None
  sglang_decode_attention_backend ................. None
  sglang_decode_log_interval ...................... 40
  sglang_decoupled_spec_bind_endpoint ............. None
  sglang_decoupled_spec_connect_endpoints ......... None
  sglang_decoupled_spec_rank ...................... None
  sglang_decoupled_spec_role ...................... null
  sglang_decrypted_config_file .................... None
  sglang_decrypted_draft_config_file .............. None
  sglang_deepep_config ............................ None
  sglang_deepep_dispatcher_output_dtype ........... auto
  sglang_deepep_mode .............................. auto
  sglang_deepep_v2_mode ........................... direct
  sglang_default_chat_template_kwargs ............. None
  sglang_default_priority_value ................... None
  sglang_delete_ckpt_after_loading ................ False
  sglang_detokenizer_worker_num ................... 1
  sglang_device ................................... None
  sglang_disable_attn_tp_gather ................... False
  sglang_disable_chunked_prefix_cache ............. False
  sglang_disable_cuda_graph ....................... False
  sglang_disable_cuda_graph_padding ............... False
  sglang_disable_custom_all_reduce ................ False
  sglang_disable_decode_cuda_graph ................ False
  sglang_disable_draft_cuda_graph ................. False
  sglang_disable_fast_image_processor ............. False
  sglang_disable_flashinfer_autotune .............. False
  sglang_disable_flashinfer_cutlass_moe_fp4_allgather  False
  sglang_disable_hybrid_swa_memory ................ False
  sglang_disable_outlines_disk_cache .............. False
  sglang_disable_overlap_schedule ................. False
  sglang_disable_prefill_cuda_graph ............... False
  sglang_disable_priority_preemption .............. False
  sglang_disable_radix_cache ...................... False
  sglang_disable_shared_experts_fusion ............ False
  sglang_disable_tokenizer_batch_decode ........... False
  sglang_disaggregation_bootstrap_port ............ 8998
  sglang_disaggregation_decode_enable_offload_kvcache  False
  sglang_disaggregation_decode_enable_radix_cache . False
  sglang_disaggregation_decode_extra_slots ........ None
  sglang_disaggregation_decode_polling_interval ... 1
  sglang_disaggregation_decode_retraction_backup .. None
  sglang_disaggregation_ib_device ................. None
  sglang_disaggregation_mode ...................... null
  sglang_disaggregation_transfer_backend .......... mooncake
  sglang_dist_timeout ............................. None
  sglang_dllm_algorithm ........................... None
  sglang_dllm_algorithm_config .................... None
  sglang_dllm_fdfo ................................ True
  sglang_download_dir ............................. None
  sglang_dp_size .................................. 1
  sglang_dsa_decode_backend ....................... None
  sglang_dsa_paged_mqa_logits_backend ............. auto
  sglang_dsa_prefill_backend ...................... None
  sglang_dsa_topk_backend ......................... sgl-kernel
  sglang_dsv4_attn_backend ........................ auto
  sglang_dsv4_prefill_backend ..................... auto
  sglang_dtype .................................... auto
[algo2a-g3-l0-modal] 
  sglang_dwdp_size ................................ 1
  sglang_dynamic_batch_tokenizer_batch_size ....... 32
[algo2a-g3-l0-modal] 
[algo2a-g3-l0-modal]   sglang_dynamic_batch_tokenizer_batch_timeout .... 0.002
[algo2a-g3-l0-modal] 
[algo2a-g3-l0-modal]   sglang_elastic_ep_backend ....................... None
[algo2a-g3-l0-modal] 
[algo2a-g3-l0-modal]   sglang_elastic_ep_initial_size .................. None
[algo2a-g3-l0-modal] 
[algo2a-g3-l0-modal]   sglang_elastic_ep_rejoin ........................ False
[algo2a-g3-l0-modal] 
[algo2a-g3-l0-modal]   sglang_elastic_ep_scale_timeout ................. 600
[algo2a-g3-l0-modal] 
[algo2a-g3-l0-modal]   sglang_enable_adaptive_dispatch_to_encoder ...... False
[algo2a-g3-l0-modal] 
[algo2a-g3-l0-modal]   sglang_enable_aiter_allreduce_fusion ............ False
[algo2a-g3-l0-modal] 
[algo2a-g3-l0-modal]   sglang_enable_attn_tp_input_scattered ........... False
[algo2a-g3-l0-modal] 
[algo2a-g3-l0-modal]   sglang_enable_broadcast_mm_inputs_process ....... False
[algo2a-g3-l0-modal] 
[algo2a-g3-l0-modal]   sglang_enable_cache_report ...................... False
[algo2a-g3-l0-modal] 
[algo2a-g3-l0-modal]   sglang_enable_cp_decode_attn_tp ................. False
[algo2a-g3-l0-modal] 
[algo2a-g3-l0-modal]   sglang_enable_cudagraph_gc ...................... False
[algo2a-g3-l0-modal] 
[algo2a-g3-l0-modal]   sglang_enable_custom_logit_processor ............ False
[algo2a-g3-l0-modal] 
[algo2a-g3-l0-modal]   sglang_enable_deepseek_v4_fp4_indexer ........... False
[algo2a-g3-l0-modal] 
[algo2a-g3-l0-modal]   sglang_enable_dense_mlp_attn_tp ................. False
[algo2a-g3-l0-modal] 
[algo2a-g3-l0-modal]   sglang_enable_deterministic_inference ........... True
[algo2a-g3-l0-modal] 
[algo2a-g3-l0-modal]   sglang_enable_dp_attention ...................... False
[algo2a-g3-l0-modal] 
[algo2a-g3-l0-modal]   sglang_enable_dp_attention_local_control_broadcast  False
[algo2a-g3-l0-modal] 
[algo2a-g3-l0-modal]   sglang_enable_dp_lm_head ........................ False
[algo2a-g3-l0-modal] 
[algo2a-g3-l0-modal]   sglang_enable_draft_weights_cpu_backup .......... False
[algo2a-g3-l0-modal] 
[algo2a-g3-l0-modal]   sglang_enable_dsa_cache_layer_split ............. False
[algo2a-g3-l0-modal] 
[algo2a-g3-l0-modal]   sglang_enable_dynamic_batch_tokenizer ........... False
[algo2a-g3-l0-modal] 
[algo2a-g3-l0-modal]   sglang_enable_dynamic_chunking .................. False
[algo2a-g3-l0-modal] 
[algo2a-g3-l0-modal]   sglang_enable_elastic_expert_backup ............. False
[algo2a-g3-l0-modal] 
[algo2a-g3-l0-modal]   sglang_enable_engine_info_bootstrap ............. False
[algo2a-g3-l0-modal] 
[algo2a-g3-l0-modal]   sglang_enable_eplb .............................. False
[algo2a-g3-l0-modal] 
[algo2a-g3-l0-modal]   sglang_enable_flashinfer_allreduce_fusion ....... False
[algo2a-g3-l0-modal] 
[algo2a-g3-l0-modal]   sglang_enable_flexkv ............................ False
[algo2a-g3-l0-modal] 
[algo2a-g3-l0-modal]   sglang_enable_forward_pass_metrics .............. False
[algo2a-g3-l0-modal] 
[algo2a-g3-l0-modal]   sglang_enable_fp32_lm_head ...................... False
[algo2a-g3-l0-modal] 
[algo2a-g3-l0-modal]   sglang_enable_fused_moe_sum_all_reduce .......... False
[algo2a-g3-l0-modal] 
[algo2a-g3-l0-modal]   sglang_enable_fused_qk_norm_rope ................ False
[algo2a-g3-l0-modal] 
[algo2a-g3-l0-modal]   sglang_enable_hierarchical_cache ................ False
[algo2a-g3-l0-modal] 
[algo2a-g3-l0-modal]   sglang_enable_hisparse .......................... False
[algo2a-g3-l0-modal] 
[algo2a-g3-l0-modal]   sglang_enable_http2 ............................. False
[algo2a-g3-l0-modal] 
[algo2a-g3-l0-modal]   sglang_enable_int8_mamba_checkpoint ............. False
[algo2a-g3-l0-modal] 
[algo2a-g3-l0-modal]   sglang_enable_layernorm_sp ...................... False
[algo2a-g3-l0-modal] 
[algo2a-g3-l0-modal]   sglang_enable_layerwise_nvtx_marker ............. False
[algo2a-g3-l0-modal] 
[algo2a-g3-l0-modal]   sglang_enable_lean_attention .................... None
[algo2a-g3-l0-modal] 
[algo2a-g3-l0-modal]   sglang_enable_linear_replayssm .................. False
[algo2a-g3-l0-modal] 
[algo2a-g3-l0-modal]   sglang_enable_linear_replayssm_spec ............. False
[algo2a-g3-l0-modal] 
[algo2a-g3-l0-modal]   sglang_enable_lmcache ........................... False
[algo2a-g3-l0-modal] 
[algo2a-g3-l0-modal]   sglang_enable_lora .............................. None
[algo2a-g3-l0-modal] 
[algo2a-g3-l0-modal]   sglang_enable_lora_overlap_loading .............. None
[algo2a-g3-l0-modal] 
[algo2a-g3-l0-modal]   sglang_enable_mamba_cache_stochastic_rounding ... False
[algo2a-g3-l0-modal] 
[algo2a-g3-l0-modal]   sglang_enable_metrics ........................... False
[algo2a-g3-l0-modal] 
[algo2a-g3-l0-modal]   sglang_enable_metrics_for_all_schedulers ........ False
[algo2a-g3-l0-modal] 
[algo2a-g3-l0-modal]   sglang_enable_mfu_metrics ....................... False
[algo2a-g3-l0-modal] 
[algo2a-g3-l0-modal]   sglang_enable_mis ............................... False
[algo2a-g3-l0-modal] 
[algo2a-g3-l0-modal]   sglang_enable_mixed_chunk ....................... False
[algo2a-g3-l0-modal] 
[algo2a-g3-l0-modal]   sglang_enable_mm_global_cache ................... False
[algo2a-g3-l0-modal] 
[algo2a-g3-l0-modal]   sglang_enable_mscclpp ........................... False
[algo2a-g3-l0-modal] 
[algo2a-g3-l0-modal]   sglang_enable_multi_layer_eagle ................. False
[algo2a-g3-l0-modal] 
[algo2a-g3-l0-modal]   sglang_enable_multimodal ........................ None
[algo2a-g3-l0-modal] 
[algo2a-g3-l0-modal]   sglang_enable_nccl_nvls ......................... False
[algo2a-g3-l0-modal] 
[algo2a-g3-l0-modal]   sglang_enable_p2p_check ......................... False
[algo2a-g3-l0-modal] 
[algo2a-g3-l0-modal]   sglang_enable_page_major_kv_layout .............. False
[algo2a-g3-l0-modal] 
[algo2a-g3-l0-modal]   sglang_enable_pdmux ............................. False
[algo2a-g3-l0-modal] 
[algo2a-g3-l0-modal]   sglang_enable_precise_embedding_interpolation ... False
[algo2a-g3-l0-modal] 
[algo2a-g3-l0-modal]   sglang_enable_prefill_cp ........................ False
[algo2a-g3-l0-modal] 
[algo2a-g3-l0-modal]   sglang_enable_prefill_delayer ................... False
[algo2a-g3-l0-modal] 
[algo2a-g3-l0-modal]   sglang_enable_prefill_only_deterministic_inference  False
[algo2a-g3-l0-modal] 
[algo2a-g3-l0-modal]   sglang_enable_prefix_mm_cache ................... False
[algo2a-g3-l0-modal] 
[algo2a-g3-l0-modal]   sglang_enable_priority_scheduling ............... False
[algo2a-g3-l0-modal] 
[algo2a-g3-l0-modal]   sglang_enable_profile_cuda_graph ................ False
[algo2a-g3-l0-modal] 
[algo2a-g3-l0-modal]   sglang_enable_quant_communications .............. False
[algo2a-g3-l0-modal] 
[algo2a-g3-l0-modal]   sglang_enable_rdt_weight_sync ................... False
[algo2a-g3-l0-modal] 
[algo2a-g3-l0-modal]   sglang_enable_request_time_stats_logging ........ False
[algo2a-g3-l0-modal] 
[algo2a-g3-l0-modal]   sglang_enable_response_store .................... False
[algo2a-g3-l0-modal] 
[algo2a-g3-l0-modal]   sglang_enable_return_hidden_states .............. False
[algo2a-g3-l0-modal] 
[algo2a-g3-l0-modal]   sglang_enable_scattered_sconv ................... False
[algo2a-g3-l0-modal] 
[algo2a-g3-l0-modal]   sglang_enable_session_radix_cache ............... False
[algo2a-g3-l0-modal] 
[algo2a-g3-l0-modal]   sglang_enable_shared_experts_attn_tp ............ False
[algo2a-g3-l0-modal] 
[algo2a-g3-l0-modal]   sglang_enable_single_batch_overlap .............. False
[algo2a-g3-l0-modal] 
[algo2a-g3-l0-modal]   sglang_enable_ssl_refresh ....................... False
[algo2a-g3-l0-modal] 
[algo2a-g3-l0-modal]   sglang_enable_streaming_session ................. False
[algo2a-g3-l0-modal] 
[algo2a-g3-l0-modal]   sglang_enable_strict_thinking ................... False
[algo2a-g3-l0-modal] 
[algo2a-g3-l0-modal]   sglang_enable_symm_mem .......................... False
[algo2a-g3-l0-modal] 
[algo2a-g3-l0-modal]   sglang_enable_tf32_matmul ....................... False
[algo2a-g3-l0-modal] 
[algo2a-g3-l0-modal]   sglang_enable_tokenizer_batch_encode ............ False
[algo2a-g3-l0-modal] 
[algo2a-g3-l0-modal]   sglang_enable_torch_compile ..................... False
[algo2a-g3-l0-modal] 
[algo2a-g3-l0-modal]   sglang_enable_torch_compile_debug_mode .......... False
[algo2a-g3-l0-modal] 
[algo2a-g3-l0-modal]   sglang_enable_torch_symm_mem .................... False
[algo2a-g3-l0-modal] 
[algo2a-g3-l0-modal]   sglang_enable_tp_lm_head_all_to_all ............. None
[algo2a-g3-l0-modal] 
[algo2a-g3-l0-modal]   sglang_enable_trace ............................. False
[algo2a-g3-l0-modal] 
[algo2a-g3-l0-modal]   sglang_enable_two_batch_overlap ................. False
[algo2a-g3-l0-modal] 
[algo2a-g3-l0-modal]   sglang_enable_unified_cache_external_linker ..... False
[algo2a-g3-l0-modal] 
[algo2a-g3-l0-modal]   sglang_enable_unified_memory .................... False
[algo2a-g3-l0-modal] 
[algo2a-g3-l0-modal]   sglang_enable_w4a4_mxfp4_megamoe ................ False
[algo2a-g3-l0-modal] 
[algo2a-g3-l0-modal]   sglang_enable_waterfill ......................... False
[algo2a-g3-l0-modal] 
[algo2a-g3-l0-modal]   sglang_enable_weights_cpu_backup ................ False
[algo2a-g3-l0-modal] 
[algo2a-g3-l0-modal]   sglang_enable_weights_disk_backup ............... False
[algo2a-g3-l0-modal] 
[algo2a-g3-l0-modal]   sglang_encoder_bootstrap_port ................... 8997
[algo2a-g3-l0-modal] 
[algo2a-g3-l0-modal]   sglang_encoder_only ............................. False
[algo2a-g3-l0-modal] 
[algo2a-g3-l0-modal]   sglang_encoder_register_urls .................... []
[algo2a-g3-l0-modal] 
[algo2a-g3-l0-modal]   sglang_encoder_transfer_backend ................. auto
[algo2a-g3-l0-modal] 
[algo2a-g3-l0-modal]   sglang_encoder_urls ............................. []
[algo2a-g3-l0-modal] 
[algo2a-g3-l0-modal]   sglang_enforce_disable_flashinfer_allreduce_fusion  False
[algo2a-g3-l0-modal] 
[algo2a-g3-l0-modal]   sglang_enforce_shared_experts_fusion ............ False
[algo2a-g3-l0-modal] 
[algo2a-g3-l0-modal]   sglang_engine_info_bootstrap_port ............... 6789
[algo2a-g3-l0-modal] 
[algo2a-g3-l0-modal]   sglang_ep_dispatch_algorithm .................... None
[algo2a-g3-l0-modal] 
[algo2a-g3-l0-modal]   sglang_ep_join_mode ............................. None
[algo2a-g3-l0-modal] 
[algo2a-g3-l0-modal]   sglang_ep_join_rank_offset ...................... 0
[algo2a-g3-l0-modal] 
[algo2a-g3-l0-modal]   sglang_ep_num_redundant_experts ................. 0
[algo2a-g3-l0-modal] 
[algo2a-g3-l0-modal]   sglang_ep_size .................................. 1
[algo2a-g3-l0-modal] 
[algo2a-g3-l0-modal]   sglang_eplb_algorithm ........................... auto
[algo2a-g3-l0-modal] 
[algo2a-g3-l0-modal]   sglang_eplb_min_rebalancing_utilization_threshold  1.0
[algo2a-g3-l0-modal] 
[algo2a-g3-l0-modal]   sglang_eplb_rebalance_layers_per_chunk .......... None
[algo2a-g3-l0-modal] 
[algo2a-g3-l0-modal]   sglang_eplb_rebalance_num_iterations ............ 1000
[algo2a-g3-l0-modal] 
[algo2a-g3-l0-modal]   sglang_expert_balancedness_report_mode .......... off
[algo2a-g3-l0-modal] 
[algo2a-g3-l0-modal]   sglang_expert_distribution_recorder_buffer_size . None
[algo2a-g3-l0-modal] 
[algo2a-g3-l0-modal]   sglang_expert_distribution_recorder_mode ........ None
[algo2a-g3-l0-modal] 
[algo2a-g3-l0-modal]   sglang_experts_shared_outer_loras ............... None
[algo2a-g3-l0-modal] 
[algo2a-g3-l0-modal]   sglang_export_metrics_to_file ................... False
[algo2a-g3-l0-modal] 
[algo2a-g3-l0-modal]   sglang_export_metrics_to_file_dir ............... None
[algo2a-g3-l0-modal] 
[algo2a-g3-l0-modal]   sglang_extra_metric_labels ...................... None
[algo2a-g3-l0-modal] 
[algo2a-g3-l0-modal]   sglang_fastapi_root_path ........................
[algo2a-g3-l0-modal] 
[algo2a-g3-l0-modal]   sglang_file_storage_path ........................ sglang_storage
[algo2a-g3-l0-modal] 
[algo2a-g3-l0-modal]   sglang_flashinfer_a2a_dispatch_type ............. None
[algo2a-g3-l0-modal] 
[algo2a-g3-l0-modal]   sglang_flashinfer_allreduce_fusion_backend ...... None
[algo2a-g3-l0-modal] 
[algo2a-g3-l0-modal]   sglang_flashinfer_autotune_skip_ops ............. None
[algo2a-g3-l0-modal] 
[algo2a-g3-l0-modal]   sglang_flashinfer_mla_disable_ragged ............ False
[algo2a-g3-l0-modal] 
[algo2a-g3-l0-modal]   sglang_flashinfer_mxfp4_moe_precision ........... default
[algo2a-g3-l0-modal] 
[algo2a-g3-l0-modal]   sglang_flexkv_config_file ....................... None
[algo2a-g3-l0-modal] 
[algo2a-g3-l0-modal]   sglang_forward_hooks ............................ None
[algo2a-g3-l0-modal] 
[algo2a-g3-l0-modal]   sglang_forward_pass_metrics_ipc_name ............ None
[algo2a-g3-l0-modal] 
[algo2a-g3-l0-modal]   sglang_forward_pass_metrics_worker_id ...........
[algo2a-g3-l0-modal] 
[algo2a-g3-l0-modal]   sglang_fp4_gemm_runner_backend .................. auto
[algo2a-g3-l0-modal] 
[algo2a-g3-l0-modal]   sglang_fp8_gemm_runner_backend .................. auto
[algo2a-g3-l0-modal] 
[algo2a-g3-l0-modal]   sglang_fuseep_mode .............................. 2
[algo2a-g3-l0-modal] 
[algo2a-g3-l0-modal]   sglang_gc_threshold ............................. None
[algo2a-g3-l0-modal] 
[algo2a-g3-l0-modal]   sglang_gc_warning_threshold_secs ................ 0.0
[algo2a-g3-l0-modal] 
[algo2a-g3-l0-modal]   sglang_generation_tokens_buckets ................ None
[algo2a-g3-l0-modal] 
[algo2a-g3-l0-modal]   sglang_grammar_backend .......................... None
[algo2a-g3-l0-modal] 
[algo2a-g3-l0-modal]   sglang_grpc_mode ................................ False
[algo2a-g3-l0-modal] 
[algo2a-g3-l0-modal]   sglang_grpc_port ................................ None
[algo2a-g3-l0-modal] 
[algo2a-g3-l0-modal]   sglang_hf_chat_template_name .................... None
[algo2a-g3-l0-modal] 
[algo2a-g3-l0-modal]   sglang_hicache_host_memory_mode ................. cache
[algo2a-g3-l0-modal] 
[algo2a-g3-l0-modal]   sglang_hicache_io_backend ....................... kernel
[algo2a-g3-l0-modal] 
[algo2a-g3-l0-modal]   sglang_hicache_mem_layout ....................... page_first
[algo2a-g3-l0-modal] 
[algo2a-g3-l0-modal]   sglang_hicache_ratio ............................ None
[algo2a-g3-l0-modal] 
[algo2a-g3-l0-modal]   sglang_hicache_size ............................. 0
[algo2a-g3-l0-modal] 
[algo2a-g3-l0-modal]   sglang_hicache_storage_backend .................. None
[algo2a-g3-l0-modal] 
[algo2a-g3-l0-modal]   sglang_hicache_storage_backend_extra_config ..... None
[algo2a-g3-l0-modal] 
[algo2a-g3-l0-modal]   sglang_hicache_storage_prefetch_policy .......... timeout
[algo2a-g3-l0-modal] 
[algo2a-g3-l0-modal]   sglang_hicache_storage_prefetch_retry_max_attempts  8
[algo2a-g3-l0-modal] 
[algo2a-g3-l0-modal]   sglang_hicache_storage_prefetch_retry_poll_interval  8
[algo2a-g3-l0-modal] 
[algo2a-g3-l0-modal]   sglang_hicache_write_policy ..................... write_through
[algo2a-g3-l0-modal] 
[algo2a-g3-l0-modal]   sglang_hisparse_config .......................... None
[algo2a-g3-l0-modal] 
[algo2a-g3-l0-modal]   sglang_host ..................................... 127.0.0.1
[algo2a-g3-l0-modal] 
[algo2a-g3-l0-modal]   sglang_http2_initial_connection_window_size ..... 1048576
[algo2a-g3-l0-modal] 
[algo2a-g3-l0-modal]   sglang_http2_max_concurrent_streams ............. 200
[algo2a-g3-l0-modal] 
[algo2a-g3-l0-modal]   sglang_image_processor_backend .................. auto
[algo2a-g3-l0-modal] 
[algo2a-g3-l0-modal]   sglang_incremental_streaming_output ............. False
[algo2a-g3-l0-modal] 
[algo2a-g3-l0-modal]   sglang_init_expert_location ..................... trivial
[algo2a-g3-l0-modal] 
[algo2a-g3-l0-modal]   sglang_int8_mamba_ckpt_size ..................... None
[algo2a-g3-l0-modal] 
[algo2a-g3-l0-modal]   sglang_is_embedding ............................. False
[algo2a-g3-l0-modal] 
[algo2a-g3-l0-modal]   sglang_json_model_override_args ................. {}
[algo2a-g3-l0-modal] 
[algo2a-g3-l0-modal]   sglang_keep_mm_feature_on_device ................ False
[algo2a-g3-l0-modal] 
[algo2a-g3-l0-modal]   sglang_kt_cpuinfer .............................. None
[algo2a-g3-l0-modal] 
[algo2a-g3-l0-modal]   sglang_kt_max_deferred_experts_per_token ........ None
[algo2a-g3-l0-modal] 
[algo2a-g3-l0-modal]   sglang_kt_method ................................ AMXINT4
[algo2a-g3-l0-modal] 
[algo2a-g3-l0-modal]   sglang_kt_num_gpu_experts ....................... None
[algo2a-g3-l0-modal] 
[algo2a-g3-l0-modal]   sglang_kt_threadpool_count ...................... 2
[algo2a-g3-l0-modal] 
[algo2a-g3-l0-modal]   sglang_kt_weight_path ........................... None
[algo2a-g3-l0-modal] 
[algo2a-g3-l0-modal]   sglang_kv_cache_dtype ........................... auto
[algo2a-g3-l0-modal] 
[algo2a-g3-l0-modal]   sglang_kv_canary ................................ none
[algo2a-g3-l0-modal] 
[algo2a-g3-l0-modal]   sglang_kv_canary_real_data ...................... none
[algo2a-g3-l0-modal] 
[algo2a-g3-l0-modal]   sglang_kv_canary_sweep_interval ................. 0
[algo2a-g3-l0-modal] 
[algo2a-g3-l0-modal]   sglang_kv_events_config ......................... None
[algo2a-g3-l0-modal] 
[algo2a-g3-l0-modal]   sglang_language_model_only ...................... False
[algo2a-g3-l0-modal] 
[algo2a-g3-l0-modal]   sglang_language_only ............................ False
[algo2a-g3-l0-modal] 
[algo2a-g3-l0-modal]   sglang_limit_mm_data_per_request ................ None
[algo2a-g3-l0-modal] 
[algo2a-g3-l0-modal]   sglang_linear_attn_backend ...................... triton
[algo2a-g3-l0-modal] 
[algo2a-g3-l0-modal]   sglang_linear_attn_decode_backend ............... None
[algo2a-g3-l0-modal] 
[algo2a-g3-l0-modal]   sglang_linear_attn_prefill_backend .............. None
[algo2a-g3-l0-modal]   sglang_linear_attn_verify_backend ............... None
[algo2a-g3-l0-modal] 
[algo2a-g3-l0-modal]   sglang_linear_replayssm_cache_len ............... 16
[algo2a-g3-l0-modal] 
[algo2a-g3-l0-modal]   sglang_lmcache_config_file ...................... None
[algo2a-g3-l0-modal] 
[algo2a-g3-l0-modal]   sglang_load_balance_method ...................... auto
[algo2a-g3-l0-modal] 
[algo2a-g3-l0-modal]   sglang_load_format .............................. auto
[algo2a-g3-l0-modal] 
[algo2a-g3-l0-modal]   sglang_load_publish_endpoint .................... None
[algo2a-g3-l0-modal] 
[algo2a-g3-l0-modal]   sglang_load_snapshot_publish_interval ........... 15
[algo2a-g3-l0-modal] 
[algo2a-g3-l0-modal]   sglang_log_level ................................ info
[algo2a-g3-l0-modal] 
[algo2a-g3-l0-modal]   sglang_log_level_http ........................... None
[algo2a-g3-l0-modal] 
[algo2a-g3-l0-modal]   sglang_log_requests ............................. False
[algo2a-g3-l0-modal] 
[algo2a-g3-l0-modal]   sglang_log_requests_format ...................... text
[algo2a-g3-l0-modal] 
[algo2a-g3-l0-modal]   sglang_log_requests_level ....................... 2
[algo2a-g3-l0-modal] 
[algo2a-g3-l0-modal]   sglang_log_requests_target ...................... None
[algo2a-g3-l0-modal] 
[algo2a-g3-l0-modal]   sglang_lora_backend ............................. csgmv
[algo2a-g3-l0-modal] 
[algo2a-g3-l0-modal]   sglang_lora_drain_wait_threshold ................ 0.0
[algo2a-g3-l0-modal] 
[algo2a-g3-l0-modal]   sglang_lora_eviction_policy ..................... lru
[algo2a-g3-l0-modal] 
[algo2a-g3-l0-modal]   sglang_lora_no_cpu_backup ....................... False
[algo2a-g3-l0-modal] 
[algo2a-g3-l0-modal]   sglang_lora_paths ............................... None
[algo2a-g3-l0-modal] 
[algo2a-g3-l0-modal]   sglang_lora_strict_loading ...................... False
[algo2a-g3-l0-modal] 
[algo2a-g3-l0-modal]   sglang_lora_target_modules ...................... None
[algo2a-g3-l0-modal] 
[algo2a-g3-l0-modal]   sglang_lora_use_virtual_experts ................. True
[algo2a-g3-l0-modal] 
[algo2a-g3-l0-modal]   sglang_mamba_backend ............................ triton
[algo2a-g3-l0-modal]   sglang_mamba_cache_philox_rounds ................ 0
[algo2a-g3-l0-modal] 
[algo2a-g3-l0-modal]   sglang_mamba_full_memory_ratio .................. None
[algo2a-g3-l0-modal] 
[algo2a-g3-l0-modal]   sglang_mamba_max_states_per_path ................ -1
[algo2a-g3-l0-modal] 
[algo2a-g3-l0-modal]   sglang_mamba_radix_cache_strategy ............... auto
[algo2a-g3-l0-modal] 
[algo2a-g3-l0-modal]   sglang_mamba_ssm_dtype .......................... None
[algo2a-g3-l0-modal] 
[algo2a-g3-l0-modal]   sglang_mamba_track_interval ..................... 256
[algo2a-g3-l0-modal] 
[algo2a-g3-l0-modal]   sglang_max_ep_size .............................. None
[algo2a-g3-l0-modal] 
[algo2a-g3-l0-modal]   sglang_max_loaded_loras ......................... None
[algo2a-g3-l0-modal] 
[algo2a-g3-l0-modal]   sglang_max_lora_chunk_size ...................... 16
[algo2a-g3-l0-modal] 
[algo2a-g3-l0-modal]   sglang_max_lora_rank ............................ 16
[algo2a-g3-l0-modal] 
[algo2a-g3-l0-modal]   sglang_max_loras_per_batch ...................... 8
[algo2a-g3-l0-modal] 
[algo2a-g3-l0-modal]   sglang_max_mamba_cache_size ..................... None
[algo2a-g3-l0-modal] 
[algo2a-g3-l0-modal]   sglang_max_prefill_tokens ....................... 16384
[algo2a-g3-l0-modal] 
[algo2a-g3-l0-modal]   sglang_max_queued_requests ...................... None
[algo2a-g3-l0-modal] 
[algo2a-g3-l0-modal]   sglang_max_running_requests ..................... None
[algo2a-g3-l0-modal] 
[algo2a-g3-l0-modal]   sglang_max_total_tokens ......................... None
[algo2a-g3-l0-modal] 
[algo2a-g3-l0-modal]   sglang_media_url_max_file_size_mb ............... 64
[algo2a-g3-l0-modal] 
[algo2a-g3-l0-modal]   sglang_mem_fraction_static ...................... 0.4
[algo2a-g3-l0-modal] 
[algo2a-g3-l0-modal]   sglang_min_free_slots_delay ..................... None
[algo2a-g3-l0-modal] 
[algo2a-g3-l0-modal]   sglang_mlx_enable_sampling ...................... False
[algo2a-g3-l0-modal] 
[algo2a-g3-l0-modal]   sglang_mm_attention_backend ..................... None
[algo2a-g3-l0-modal] 
[algo2a-g3-l0-modal]   sglang_mm_enable_dp_encoder ..................... False
[algo2a-g3-l0-modal] 
[algo2a-g3-l0-modal]   sglang_mm_feature_transport ..................... None
[algo2a-g3-l0-modal] 
[algo2a-g3-l0-modal]   sglang_mm_global_cache_backend .................. mooncake
[algo2a-g3-l0-modal] 
[algo2a-g3-l0-modal]   sglang_mm_io_worker_num ......................... 0
[algo2a-g3-l0-modal] 
[algo2a-g3-l0-modal]   sglang_mm_preprocess_cache_size_mb .............. None
[algo2a-g3-l0-modal] 
[algo2a-g3-l0-modal]   sglang_mm_process_config ........................ None
[algo2a-g3-l0-modal] 
[algo2a-g3-l0-modal]   sglang_mm_processor_worker_num .................. 0
[algo2a-g3-l0-modal] 
[algo2a-g3-l0-modal]   sglang_model_checksum ........................... None
[algo2a-g3-l0-modal] 
[algo2a-g3-l0-modal]   sglang_model_config_parser ...................... auto
[algo2a-g3-l0-modal] 
[algo2a-g3-l0-modal]   sglang_model_impl ............................... auto
[algo2a-g3-l0-modal] 
[algo2a-g3-l0-modal]   sglang_model_loader_extra_config ................ {}
[algo2a-g3-l0-modal] 
[algo2a-g3-l0-modal]   sglang_model_routers ............................ None
[algo2a-g3-l0-modal] 
[algo2a-g3-l0-modal]   sglang_modelexpress_config ...................... None
[algo2a-g3-l0-modal] 
[algo2a-g3-l0-modal]   sglang_modelopt_checkpoint_restore_path ......... None
[algo2a-g3-l0-modal] 
[algo2a-g3-l0-modal]   sglang_modelopt_checkpoint_save_path ............ None
[algo2a-g3-l0-modal] 
[algo2a-g3-l0-modal]   sglang_modelopt_export_path ..................... None
[algo2a-g3-l0-modal] 
[algo2a-g3-l0-modal]   sglang_modelopt_quant ........................... None
[algo2a-g3-l0-modal] 
[algo2a-g3-l0-modal]   sglang_moe_a2a_backend .......................... none
[algo2a-g3-l0-modal] 
[algo2a-g3-l0-modal]   sglang_moe_dense_tp_size ........................ None
[algo2a-g3-l0-modal] 
[algo2a-g3-l0-modal]   sglang_moe_dp_size .............................. 1
[algo2a-g3-l0-modal] 
[algo2a-g3-l0-modal]   sglang_moe_runner_backend ....................... auto
[algo2a-g3-l0-modal] 
[algo2a-g3-l0-modal]   sglang_mooncake_ib_device ....................... None
[algo2a-g3-l0-modal] 
[algo2a-g3-l0-modal]   sglang_msprobe_dump_config ...................... None
[algo2a-g3-l0-modal] 
[algo2a-g3-l0-modal]   sglang_num_continuous_decode_steps .............. 1
[algo2a-g3-l0-modal] 
[algo2a-g3-l0-modal]   sglang_num_reserved_decode_tokens ............... 512
[algo2a-g3-l0-modal] 
[algo2a-g3-l0-modal]   sglang_numa_node ................................ None
[algo2a-g3-l0-modal] 
[algo2a-g3-l0-modal]   sglang_offload_group_size ....................... -1
[algo2a-g3-l0-modal] 
[algo2a-g3-l0-modal]   sglang_offload_mode ............................. cpu
[algo2a-g3-l0-modal] 
[algo2a-g3-l0-modal]   sglang_offload_num_in_group ..................... 1
[algo2a-g3-l0-modal] 
[algo2a-g3-l0-modal]   sglang_offload_prefetch_step .................... 1
[algo2a-g3-l0-modal] 
[algo2a-g3-l0-modal]   sglang_optimistic_prefill_attempts .............. 0
[algo2a-g3-l0-modal] 
[algo2a-g3-l0-modal]   sglang_otlp_traces_endpoint ..................... localhost:4317
[algo2a-g3-l0-modal] 
[algo2a-g3-l0-modal]   sglang_page_size ................................ None
[algo2a-g3-l0-modal] 
[algo2a-g3-l0-modal]   sglang_pdmux_config_path ........................ None
[algo2a-g3-l0-modal] 
[algo2a-g3-l0-modal]   sglang_ple_offload_backend ...................... pinned
[algo2a-g3-l0-modal] 
[algo2a-g3-l0-modal]   sglang_ple_offload_dir .......................... None
[algo2a-g3-l0-modal] 
[algo2a-g3-l0-modal]   sglang_ple_offload_embedding .................... None
[algo2a-g3-l0-modal] 
[algo2a-g3-l0-modal]   sglang_pp_async_batch_depth ..................... 0
[algo2a-g3-l0-modal] 
[algo2a-g3-l0-modal]   sglang_pp_max_micro_batch_size .................. None
[algo2a-g3-l0-modal] 
[algo2a-g3-l0-modal]   sglang_pp_size .................................. 1
[algo2a-g3-l0-modal] 
[algo2a-g3-l0-modal]   sglang_pre_warm_nccl ............................ False
[algo2a-g3-l0-modal] 
[algo2a-g3-l0-modal]   sglang_preferred_sampling_params ................ None
[algo2a-g3-l0-modal] 
[algo2a-g3-l0-modal]   sglang_prefill_attention_backend ................ None
[algo2a-g3-l0-modal] 
[algo2a-g3-l0-modal]   sglang_prefill_decode_interval .................. None
[algo2a-g3-l0-modal] 
[algo2a-g3-l0-modal]   sglang_prefill_delayer_forward_passes_buckets ... None
[algo2a-g3-l0-modal] 
[algo2a-g3-l0-modal]   sglang_prefill_delayer_max_delay_ms ............. None
[algo2a-g3-l0-modal] 
[algo2a-g3-l0-modal]   sglang_prefill_delayer_max_delay_passes ......... 30
[algo2a-g3-l0-modal] 
[algo2a-g3-l0-modal]   sglang_prefill_delayer_queue_min_ratio .......... None
[algo2a-g3-l0-modal] 
[algo2a-g3-l0-modal]   sglang_prefill_delayer_token_usage_low_watermark  None
[algo2a-g3-l0-modal] 
[algo2a-g3-l0-modal]   sglang_prefill_delayer_wait_seconds_buckets ..... None
[algo2a-g3-l0-modal] 
[algo2a-g3-l0-modal]   sglang_prefill_max_requests ..................... None
[algo2a-g3-l0-modal] 
[algo2a-g3-l0-modal]   sglang_prefill_only_disable_kv_cache ............ False
[algo2a-g3-l0-modal] 
[algo2a-g3-l0-modal]   sglang_priority_scheduling_preemption_threshold . 10
[algo2a-g3-l0-modal] 
[algo2a-g3-l0-modal]   sglang_prompt_tokens_buckets .................... None
[algo2a-g3-l0-modal] 
[algo2a-g3-l0-modal]   sglang_quantization ............................. None
[algo2a-g3-l0-modal] 
[algo2a-g3-l0-modal]   sglang_quantization_param_path .................. None
[algo2a-g3-l0-modal] 
[algo2a-g3-l0-modal]   sglang_quantize_and_serve ....................... False
[algo2a-g3-l0-modal] 
[algo2a-g3-l0-modal]   sglang_radix_cache_backend ...................... None
[algo2a-g3-l0-modal] 
[algo2a-g3-l0-modal]   sglang_radix_eviction_policy .................... lru
[algo2a-g3-l0-modal] 
[algo2a-g3-l0-modal]   sglang_radix_eviction_policy_config ............. None
[algo2a-g3-l0-modal] 
[algo2a-g3-l0-modal]   sglang_reasoning_parser ......................... None
[algo2a-g3-l0-modal] 
[algo2a-g3-l0-modal]   sglang_remote_instance_weight_loader_backend .... nccl
[algo2a-g3-l0-modal] 
[algo2a-g3-l0-modal]   sglang_remote_instance_weight_loader_seed_instance_ip  None
[algo2a-g3-l0-modal] 
[algo2a-g3-l0-modal]   sglang_remote_instance_weight_loader_seed_instance_service_port  None
[algo2a-g3-l0-modal] 
[algo2a-g3-l0-modal]   sglang_remote_instance_weight_loader_send_weights_group_ports  None
[algo2a-g3-l0-modal] 
[algo2a-g3-l0-modal]   sglang_remote_instance_weight_loader_start_seed_via_transfer_engine  False
[algo2a-g3-l0-modal] 
[algo2a-g3-l0-modal]   sglang_retraction_policy ........................ length
[algo2a-g3-l0-modal] 
[algo2a-g3-l0-modal]   sglang_return_hidden_states_mode ................ None
[algo2a-g3-l0-modal] 
[algo2a-g3-l0-modal]   sglang_return_input_ids ......................... False
[algo2a-g3-l0-modal] 
[algo2a-g3-l0-modal]   sglang_return_output_ids ........................ False
[algo2a-g3-l0-modal] 
[algo2a-g3-l0-modal]   sglang_revision ................................. None
[algo2a-g3-l0-modal] 
[algo2a-g3-l0-modal]   sglang_rl_on_policy_target ...................... None
[algo2a-g3-l0-modal] 
[algo2a-g3-l0-modal]   sglang_rl_quant_profile ......................... None
[algo2a-g3-l0-modal] 
[algo2a-g3-l0-modal]   sglang_router_ip ................................ None
[algo2a-g3-l0-modal] 
[algo2a-g3-l0-modal]   sglang_router_policy ............................ None
[algo2a-g3-l0-modal] 
[algo2a-g3-l0-modal]   sglang_router_port .............................. None
[algo2a-g3-l0-modal] 
[algo2a-g3-l0-modal]   sglang_router_request_timeout_secs .............. 14400
[algo2a-g3-l0-modal] 
[algo2a-g3-l0-modal]   sglang_sampling_backend ......................... None
[algo2a-g3-l0-modal] 
[algo2a-g3-l0-modal]   sglang_sampling_defaults ........................ model
[algo2a-g3-l0-modal] 
[algo2a-g3-l0-modal]   sglang_sampling_mask_max_tokens ................. 4096
[algo2a-g3-l0-modal] 
[algo2a-g3-l0-modal]   sglang_schedule_conservativeness ................ 1.0
[algo2a-g3-l0-modal] 
[algo2a-g3-l0-modal]   sglang_schedule_low_priority_values_first ....... False
[algo2a-g3-l0-modal] 
[algo2a-g3-l0-modal]   sglang_schedule_policy .......................... fcfs
[algo2a-g3-l0-modal] 
[algo2a-g3-l0-modal]   sglang_scheduler_recv_interval .................. 1
[algo2a-g3-l0-modal] 
[algo2a-g3-l0-modal]   sglang_served_model_name ........................ None
[algo2a-g3-l0-modal] 
[algo2a-g3-l0-modal]   sglang_server_concurrency ....................... 512
[algo2a-g3-l0-modal] 
[algo2a-g3-l0-modal]   sglang_show_time_cost ........................... False
[algo2a-g3-l0-modal] 
[algo2a-g3-l0-modal]   sglang_sidecar .................................. None
[algo2a-g3-l0-modal] 
[algo2a-g3-l0-modal]   sglang_sidecar_args ............................. None
[algo2a-g3-l0-modal] 
[algo2a-g3-l0-modal]   sglang_skip_tokenizer_init ...................... False
[algo2a-g3-l0-modal] 
[algo2a-g3-l0-modal]   sglang_sleep_on_idle ............................ False
[algo2a-g3-l0-modal] 
[algo2a-g3-l0-modal]   sglang_sm_group_num ............................. 8
[algo2a-g3-l0-modal] 
[algo2a-g3-l0-modal]   sglang_smg_grpc_mode ............................ False
[algo2a-g3-l0-modal] 
[algo2a-g3-l0-modal]   sglang_smg_http_sidecar_port .................... None
[algo2a-g3-l0-modal] 
[algo2a-g3-l0-modal]   sglang_soft_watchdog_timeout .................... None
[algo2a-g3-l0-modal] 
[algo2a-g3-l0-modal]   sglang_spec_trace_dir ........................... None
[algo2a-g3-l0-modal] 
[algo2a-g3-l0-modal]   sglang_speculative_accept_threshold_acc ......... 1.0
[algo2a-g3-l0-modal] 
[algo2a-g3-l0-modal]   sglang_speculative_accept_threshold_single ...... 1.0
[algo2a-g3-l0-modal] 
[algo2a-g3-l0-modal]   sglang_speculative_adaptive ..................... False
[algo2a-g3-l0-modal] 
[algo2a-g3-l0-modal]   sglang_speculative_adaptive_config .............. None
[algo2a-g3-l0-modal] 
[algo2a-g3-l0-modal]   sglang_speculative_algorithm .................... None
[algo2a-g3-l0-modal] 
[algo2a-g3-l0-modal]   sglang_speculative_attention_mode ............... prefill
[algo2a-g3-l0-modal] 
[algo2a-g3-l0-modal]   sglang_speculative_dflash_block_size ............ None
[algo2a-g3-l0-modal] 
[algo2a-g3-l0-modal]   sglang_speculative_domino_candidate_pool_size ... 2048
[algo2a-g3-l0-modal] 
[algo2a-g3-l0-modal]   sglang_speculative_draft_attention_backend ...... None
[algo2a-g3-l0-modal] 
[algo2a-g3-l0-modal]   sglang_speculative_draft_kv_cache_dtype ......... None
[algo2a-g3-l0-modal] 
[algo2a-g3-l0-modal]   sglang_speculative_draft_load_format ............ None
[algo2a-g3-l0-modal] 
[algo2a-g3-l0-modal]   sglang_speculative_draft_model_path ............. None
[algo2a-g3-l0-modal] 
[algo2a-g3-l0-modal]   sglang_speculative_draft_model_quantization ..... None
[algo2a-g3-l0-modal] 
[algo2a-g3-l0-modal]   sglang_speculative_draft_model_revision ......... None
[algo2a-g3-l0-modal] 
[algo2a-g3-l0-modal]   sglang_speculative_draft_window_size ............ None
[algo2a-g3-l0-modal] 
[algo2a-g3-l0-modal]   sglang_speculative_dsa_topk_backend ............. sgl-kernel
[algo2a-g3-l0-modal] 
[algo2a-g3-l0-modal]   sglang_speculative_dspark_align_verify_tokens_to_graph_tier  False
[algo2a-g3-l0-modal] 
[algo2a-g3-l0-modal]   sglang_speculative_dspark_block_size ............ None
[algo2a-g3-l0-modal] 
[algo2a-g3-l0-modal]   sglang_speculative_dspark_confidence_sts_path ... None
[algo2a-g3-l0-modal] 
[algo2a-g3-l0-modal]   sglang_speculative_dspark_sps_table_path ........ None
[algo2a-g3-l0-modal] 
[algo2a-g3-l0-modal]   sglang_speculative_eagle_topk ................... None
[algo2a-g3-l0-modal] 
[algo2a-g3-l0-modal]   sglang_speculative_moe_a2a_backend .............. None
[algo2a-g3-l0-modal] 
[algo2a-g3-l0-modal]   sglang_speculative_moe_runner_backend ........... None
[algo2a-g3-l0-modal] 
[algo2a-g3-l0-modal]   sglang_speculative_ngram_capacity ............... 10000000
[algo2a-g3-l0-modal] 
[algo2a-g3-l0-modal]   sglang_speculative_ngram_external_corpus_max_tokens  10000000
[algo2a-g3-l0-modal] 
[algo2a-g3-l0-modal]   sglang_speculative_ngram_external_corpus_path ... None
[algo2a-g3-l0-modal] 
[algo2a-g3-l0-modal]   sglang_speculative_ngram_external_sam_budget .... 0
[algo2a-g3-l0-modal] 
[algo2a-g3-l0-modal]   sglang_speculative_ngram_match_type ............. BFS
[algo2a-g3-l0-modal] 
[algo2a-g3-l0-modal]   sglang_speculative_ngram_max_bfs_breadth ........ 10
[algo2a-g3-l0-modal] 
[algo2a-g3-l0-modal]   sglang_speculative_ngram_max_trie_depth ......... 18
[algo2a-g3-l0-modal] 
[algo2a-g3-l0-modal]   sglang_speculative_ngram_min_bfs_breadth ........ 1
[algo2a-g3-l0-modal] 
[algo2a-g3-l0-modal]   sglang_speculative_num_draft_tokens ............. None
[algo2a-g3-l0-modal] 
[algo2a-g3-l0-modal]   sglang_speculative_num_steps .................... None
[algo2a-g3-l0-modal] 
[algo2a-g3-l0-modal]   sglang_speculative_skip_dp_mlp_sync ............. False
[algo2a-g3-l0-modal] 
[algo2a-g3-l0-modal]   sglang_speculative_token_map .................... None
[algo2a-g3-l0-modal] 
[algo2a-g3-l0-modal]   sglang_speculative_use_rejection_sampling ....... False
[algo2a-g3-l0-modal] 
[algo2a-g3-l0-modal]   sglang_ssl_ca_certs ............................. None
[algo2a-g3-l0-modal] 
[algo2a-g3-l0-modal]   sglang_ssl_certfile ............................. None
[algo2a-g3-l0-modal] 
[algo2a-g3-l0-modal]   sglang_ssl_keyfile .............................. None
[algo2a-g3-l0-modal] 
[algo2a-g3-l0-modal]   sglang_ssl_keyfile_password ..................... None
[algo2a-g3-l0-modal] 
[algo2a-g3-l0-modal]   sglang_startup_weight_load_mode ................. serial
[algo2a-g3-l0-modal] 
[algo2a-g3-l0-modal]   sglang_stream_interval .......................... 1
[algo2a-g3-l0-modal] 
[algo2a-g3-l0-modal]   sglang_stream_response_default_include_usage .... False
[algo2a-g3-l0-modal] 
[algo2a-g3-l0-modal]   sglang_strip_thinking_cache ..................... False
[algo2a-g3-l0-modal] 
[algo2a-g3-l0-modal]   sglang_swa_full_tokens_ratio .................... None
[algo2a-g3-l0-modal] 
[algo2a-g3-l0-modal]   sglang_tbo_token_distribution_threshold ......... 0.48
[algo2a-g3-l0-modal] 
[algo2a-g3-l0-modal]   sglang_tokenizer_backend ........................ huggingface
[algo2a-g3-l0-modal] 
[algo2a-g3-l0-modal]   sglang_tokenizer_metrics_allowed_custom_labels .. None
[algo2a-g3-l0-modal] 
[algo2a-g3-l0-modal]   sglang_tokenizer_metrics_custom_labels_header ... x-custom-labels
[algo2a-g3-l0-modal] 
[algo2a-g3-l0-modal]   sglang_tokenizer_mode ........................... auto
[algo2a-g3-l0-modal] 
[algo2a-g3-l0-modal]   sglang_tokenizer_path ........................... None
[algo2a-g3-l0-modal] 
[algo2a-g3-l0-modal]   sglang_tokenizer_worker_num ..................... 1
[algo2a-g3-l0-modal] 
[algo2a-g3-l0-modal]   sglang_tool_call_parser ......................... None
[algo2a-g3-l0-modal] 
[algo2a-g3-l0-modal]   sglang_tool_server .............................. None
[algo2a-g3-l0-modal] 
[algo2a-g3-l0-modal]   sglang_torch_compile_max_bs ..................... 32
[algo2a-g3-l0-modal] 
[algo2a-g3-l0-modal]   sglang_tp_size .................................. 1
[algo2a-g3-l0-modal] 
[algo2a-g3-l0-modal]   sglang_trace_modules ............................ request
[algo2a-g3-l0-modal] 
[algo2a-g3-l0-modal]   sglang_triton_attention_num_kv_splits ........... 8
[algo2a-g3-l0-modal] 
[algo2a-g3-l0-modal]   sglang_triton_attention_reduce_in_fp32 .......... False
[algo2a-g3-l0-modal] 
[algo2a-g3-l0-modal]   sglang_triton_attention_split_tile_size ......... None
[algo2a-g3-l0-modal] 
[algo2a-g3-l0-modal]   sglang_true_on_policy_contract .................. None
[algo2a-g3-l0-modal] 
[algo2a-g3-l0-modal]   sglang_trust_mm_content_hashes .................. False
[algo2a-g3-l0-modal] 
[algo2a-g3-l0-modal]   sglang_unified_cache_external_linker_backend .... mooncake
[algo2a-g3-l0-modal] 
[algo2a-g3-l0-modal]   sglang_uno_lora_path ............................ None
[algo2a-g3-l0-modal] 
[algo2a-g3-l0-modal]   sglang_use_ray .................................. False
[algo2a-g3-l0-modal] 
[algo2a-g3-l0-modal]   sglang_uvicorn_access_log_exclude_prefixes ...... []
[algo2a-g3-l0-modal] 
[algo2a-g3-l0-modal]   sglang_warmups .................................. None
[algo2a-g3-l0-modal] 
[algo2a-g3-l0-modal]   sglang_watchdog_timeout ......................... 300
[algo2a-g3-l0-modal] 
[algo2a-g3-l0-modal]   sglang_weight_cache_mode ........................ off
[algo2a-g3-l0-modal] 
[algo2a-g3-l0-modal]   sglang_weight_cache_socket ...................... None
[algo2a-g3-l0-modal] 
[algo2a-g3-l0-modal]   sglang_weight_cache_timeout ..................... 1800
[algo2a-g3-l0-modal] 
[algo2a-g3-l0-modal]   sglang_weight_loader_disable_mmap ............... False
[algo2a-g3-l0-modal] 
[algo2a-g3-l0-modal]   sglang_weight_loader_drop_cache_after_load ...... False
[algo2a-g3-l0-modal] 
[algo2a-g3-l0-modal]   sglang_weight_loader_prefetch_checkpoints ....... False
[algo2a-g3-l0-modal] 
[algo2a-g3-l0-modal]   sglang_weight_loader_prefetch_num_threads ....... 4
[algo2a-g3-l0-modal] 
[algo2a-g3-l0-modal]   sglang_weight_version ........................... default
[algo2a-g3-l0-modal] 
[algo2a-g3-l0-modal]   sharp_enabled_group ............................. None
[algo2a-g3-l0-modal] 
[algo2a-g3-l0-modal]   short_seq_prob .................................. 0.1
[algo2a-g3-l0-modal] 
[algo2a-g3-l0-modal]   skip_actor_forward_only ......................... False
[algo2a-g3-l0-modal] 
[algo2a-g3-l0-modal]   skip_eval_before_train .......................... False
[algo2a-g3-l0-modal] 
[algo2a-g3-l0-modal]   skip_train ...................................... False
[algo2a-g3-l0-modal] 
[algo2a-g3-l0-modal]   skipped_train_samples ........................... 0
[algo2a-g3-l0-modal] 
[algo2a-g3-l0-modal]   softmax_type .................................... vanilla
[algo2a-g3-l0-modal] 
[algo2a-g3-l0-modal]   spec ............................................ None
[algo2a-g3-l0-modal] 
[algo2a-g3-l0-modal]   special_tokens .................................. None
[algo2a-g3-l0-modal] 
[algo2a-g3-l0-modal]   split ........................................... None
[algo2a-g3-l0-modal] 
[algo2a-g3-l0-modal]   squared_relu .................................... False
[algo2a-g3-l0-modal] 
[algo2a-g3-l0-modal]   start_eval_at_iter .............................. None
[algo2a-g3-l0-modal] 
[algo2a-g3-l0-modal]   start_rollout_id ................................ 0
[algo2a-g3-l0-modal] 
[algo2a-g3-l0-modal]   start_weight_decay .............................. 0.01
[algo2a-g3-l0-modal] 
[algo2a-g3-l0-modal]   starts_inference_engines ........................ True
[algo2a-g3-l0-modal] 
[algo2a-g3-l0-modal]   step_batch_size_schedule ........................ None
[algo2a-g3-l0-modal] 
[algo2a-g3-l0-modal]   straggler_ctrlr_port ............................ 65535
[algo2a-g3-l0-modal] 
[algo2a-g3-l0-modal]   straggler_minmax_count .......................... 1
[algo2a-g3-l0-modal] 
[algo2a-g3-l0-modal]   stream_optimizer_state_moment_dtype ............. fp32
[algo2a-g3-l0-modal] 
[algo2a-g3-l0-modal]   stream_optimizer_state_to_disk .................. False
[algo2a-g3-l0-modal] 
[algo2a-g3-l0-modal]   strict_fsdp_dtensor_load ........................ True
[algo2a-g3-l0-modal] 
[algo2a-g3-l0-modal]   suggested_communication_unit_size ............... None
[algo2a-g3-l0-modal] 
[algo2a-g3-l0-modal]   swiglu .......................................... True
[algo2a-g3-l0-modal] 
[algo2a-g3-l0-modal]   swin_backbone_type .............................. tiny
[algo2a-g3-l0-modal] 
[algo2a-g3-l0-modal]   symmetric_ar_type ............................... None
[algo2a-g3-l0-modal] 
[algo2a-g3-l0-modal]   target_modules .................................. down_proj,gate_proj,k_proj,o_proj,q_proj,up_proj,v_proj
[algo2a-g3-l0-modal] 
[algo2a-g3-l0-modal]   tb_experiment_name .............................. None
[algo2a-g3-l0-modal] 
[algo2a-g3-l0-modal]   tb_project_name ................................. None
[algo2a-g3-l0-modal] 
[algo2a-g3-l0-modal]   te_precision_config_file ........................ None
[algo2a-g3-l0-modal] 
[algo2a-g3-l0-modal]   te_rng_tracker .................................. False
[algo2a-g3-l0-modal] 
[algo2a-g3-l0-modal]   tensor_model_parallel_size ...................... 1
[algo2a-g3-l0-modal] 
[algo2a-g3-l0-modal]   tensorboard_dir ................................. None
[algo2a-g3-l0-modal] 
[algo2a-g3-l0-modal]   tensorboard_log_interval ........................ 1
[algo2a-g3-l0-modal] 
[algo2a-g3-l0-modal]   tensorboard_queue_size .......................... 1000
[algo2a-g3-l0-modal] 
[algo2a-g3-l0-modal]   test_data_path .................................. None
[algo2a-g3-l0-modal] 
[algo2a-g3-l0-modal]   test_mode ....................................... False
[algo2a-g3-l0-modal] 
[algo2a-g3-l0-modal]   thd_max_packed_sequences ........................ None
[algo2a-g3-l0-modal] 
[algo2a-g3-l0-modal]   thd_tail_padding_policy ......................... None
[algo2a-g3-l0-modal] 
[algo2a-g3-l0-modal]   tiktoken_num_special_tokens ..................... 1000
[algo2a-g3-l0-modal] 
[algo2a-g3-l0-modal]   tiktoken_pattern ................................ None
[algo2a-g3-l0-modal] 
[algo2a-g3-l0-modal]   timing_log_level ................................ 0
[algo2a-g3-l0-modal] 
[algo2a-g3-l0-modal]   timing_log_option ............................... minmax
[algo2a-g3-l0-modal] 
[algo2a-g3-l0-modal]   tis_clip ........................................ 2.0
[algo2a-g3-l0-modal] 
[algo2a-g3-l0-modal]   tis_clip_low .................................... 0
[algo2a-g3-l0-modal] 
[algo2a-g3-l0-modal]   titles_data_path ................................ None
[algo2a-g3-l0-modal] 
[algo2a-g3-l0-modal]   tito_model ...................................... default
[algo2a-g3-l0-modal] 
[algo2a-g3-l0-modal]   tokenizer_hf_no_include_special_tokens .......... False
[algo2a-g3-l0-modal] 
[algo2a-g3-l0-modal]   tokenizer_hf_no_use_fast ........................ False
[algo2a-g3-l0-modal] 
[algo2a-g3-l0-modal]   tokenizer_model ................................. /root/.cache/huggingface/hub/models--Qwen--Qwen3-0.6B/snapshots/c1899de289a04d12100db370d81485cdf75e47ca
[algo2a-g3-l0-modal] 
[algo2a-g3-l0-modal]   tokenizer_sentencepiece_ignore_extra_whitespaces  True
[algo2a-g3-l0-modal] 
[algo2a-g3-l0-modal]   tokenizer_sentencepiece_legacy .................. False
[algo2a-g3-l0-modal] 
[algo2a-g3-l0-modal]   tokenizer_type .................................. HuggingFaceTokenizer
[algo2a-g3-l0-modal] 
[algo2a-g3-l0-modal]   tool_key ........................................ tools
[algo2a-g3-l0-modal] 
[algo2a-g3-l0-modal]   torch_fsdp2_reshard_after_forward ............... True
[algo2a-g3-l0-modal] 
[algo2a-g3-l0-modal]   tp_comm_bootstrap_backend ....................... nccl
[algo2a-g3-l0-modal] 
[algo2a-g3-l0-modal]   tp_comm_bulk_dgrad .............................. True
[algo2a-g3-l0-modal] 
[algo2a-g3-l0-modal]   tp_comm_bulk_wgrad .............................. True
[algo2a-g3-l0-modal] 
[algo2a-g3-l0-modal]   tp_comm_overlap ................................. False
[algo2a-g3-l0-modal] 
[algo2a-g3-l0-modal]   tp_comm_overlap_ag .............................. True
[algo2a-g3-l0-modal] 
[algo2a-g3-l0-modal]   tp_comm_overlap_cfg ............................. None
[algo2a-g3-l0-modal] 
[algo2a-g3-l0-modal]   tp_comm_overlap_rs .............................. True
[algo2a-g3-l0-modal] 
[algo2a-g3-l0-modal]   tp_comm_overlap_rs_dgrad ........................ False
[algo2a-g3-l0-modal] 
[algo2a-g3-l0-modal]   tp_comm_split_ag ................................ True
[algo2a-g3-l0-modal] 
[algo2a-g3-l0-modal]   tp_comm_split_rs ................................ True
[algo2a-g3-l0-modal] 
[algo2a-g3-l0-modal]   train_backend ................................... megatron
[algo2a-g3-l0-modal] 
[algo2a-g3-l0-modal]   train_data_path ................................. None
[algo2a-g3-l0-modal] 
[algo2a-g3-l0-modal]   train_env_vars .................................. {}
[algo2a-g3-l0-modal] 
[algo2a-g3-l0-modal]   train_iters ..................................... None
[algo2a-g3-l0-modal] 
[algo2a-g3-l0-modal]   train_memory_margin_bytes ....................... 1073741824
[algo2a-g3-l0-modal] 
[algo2a-g3-l0-modal]   train_samples ................................... None
[algo2a-g3-l0-modal] 
[algo2a-g3-l0-modal]   train_sync_interval ............................. None
[algo2a-g3-l0-modal] 
[algo2a-g3-l0-modal]   trainer_controller_addrs ........................ None
[algo2a-g3-l0-modal] 
[algo2a-g3-l0-modal]   trainer_heartbeat_checker_failure_threshold ..... 3
[algo2a-g3-l0-modal] 
[algo2a-g3-l0-modal]   trainer_heartbeat_checker_first_wait ............ 300.0
[algo2a-g3-l0-modal] 
[algo2a-g3-l0-modal]   trainer_heartbeat_checker_interval .............. 10.0
[algo2a-g3-l0-modal] 
[algo2a-g3-l0-modal]   trainer_heartbeat_checker_timeout ............... 10.0
[algo2a-g3-l0-modal] 
[algo2a-g3-l0-modal]   trainer_id ...................................... actor
[algo2a-g3-l0-modal] 
[algo2a-g3-l0-modal]   trainer_model_id ................................ None
[algo2a-g3-l0-modal] 
[algo2a-g3-l0-modal]   transformer_impl ................................ transformer_engine
[algo2a-g3-l0-modal] 
[algo2a-g3-l0-modal]   transformer_pipeline_model_parallel_size ........ 1
[algo2a-g3-l0-modal] 
[algo2a-g3-l0-modal]   true_on_policy_mode ............................. False
[algo2a-g3-l0-modal] 
[algo2a-g3-l0-modal]   trust_remote_code ............................... True
[algo2a-g3-l0-modal] 
[algo2a-g3-l0-modal]   untie_embeddings_and_output_weights ............. False
[algo2a-g3-l0-modal] 
[algo2a-g3-l0-modal]   update_weight_buffer_size ....................... 536870912
[algo2a-g3-l0-modal] 
[algo2a-g3-l0-modal]   update_weight_delta_checksum .................... xxh3-128
[algo2a-g3-l0-modal] 
[algo2a-g3-l0-modal]   update_weight_delta_encoding .................... xor
[algo2a-g3-l0-modal] 
[algo2a-g3-l0-modal]   update_weight_disk_dir .......................... None
[algo2a-g3-l0-modal] 
[algo2a-g3-l0-modal]   update_weight_local_checkpoint_dir .............. None
[algo2a-g3-l0-modal] 
[algo2a-g3-l0-modal]   update_weight_transfer_mode ..................... broadcast
[algo2a-g3-l0-modal] 
[algo2a-g3-l0-modal]   update_weights_interval ......................... 1
[algo2a-g3-l0-modal] 
[algo2a-g3-l0-modal]   use_checkpoint_args ............................. False
[algo2a-g3-l0-modal] 
[algo2a-g3-l0-modal]   use_checkpoint_opt_param_scheduler .............. False
[algo2a-g3-l0-modal] 
[algo2a-g3-l0-modal]   use_cpu_initialization .......................... None
[algo2a-g3-l0-modal] 
[algo2a-g3-l0-modal]   use_critic ...................................... False
[algo2a-g3-l0-modal] 
[algo2a-g3-l0-modal]   use_dist_ckpt ................................... True
[algo2a-g3-l0-modal] 
[algo2a-g3-l0-modal]   use_dist_ckpt_deprecated ........................ False
[algo2a-g3-l0-modal] 
[algo2a-g3-l0-modal]   use_distributed_optimizer ....................... True
[algo2a-g3-l0-modal] 
[algo2a-g3-l0-modal]   use_distributed_post ............................ False
[algo2a-g3-l0-modal] 
[algo2a-g3-l0-modal]   use_dynamic_batch_size .......................... False
[algo2a-g3-l0-modal] 
[algo2a-g3-l0-modal]   use_dynamic_global_batch_size ................... False
[algo2a-g3-l0-modal] 
[algo2a-g3-l0-modal]   use_fault_tolerance ............................. False
[algo2a-g3-l0-modal] 
[algo2a-g3-l0-modal]   use_flash_attn .................................. False
[algo2a-g3-l0-modal] 
[algo2a-g3-l0-modal]   use_fused_mhc ................................... False
[algo2a-g3-l0-modal] 
[algo2a-g3-l0-modal]   use_fused_weighted_squared_relu ................. False
[algo2a-g3-l0-modal] 
[algo2a-g3-l0-modal]   use_gloo_process_groups ......................... True
[algo2a-g3-l0-modal] 
[algo2a-g3-l0-modal]   use_grouped_gemm_for_dense_mlp .................. False
[algo2a-g3-l0-modal] 
[algo2a-g3-l0-modal]   use_grouped_gemm_for_shared_expert .............. False
[algo2a-g3-l0-modal] 
[algo2a-g3-l0-modal]   use_indexer_replay .............................. False
[algo2a-g3-l0-modal] 
[algo2a-g3-l0-modal]   use_kitchen_attention ........................... False
[algo2a-g3-l0-modal] 
[algo2a-g3-l0-modal]   use_kl_loss ..................................... False
[algo2a-g3-l0-modal] 
[algo2a-g3-l0-modal]   use_layer_wise_distributed_optimizer ............ False
[algo2a-g3-l0-modal] 
[algo2a-g3-l0-modal]   use_layer_wise_param_layout ..................... False
[algo2a-g3-l0-modal] 
[algo2a-g3-l0-modal]   use_legacy_static_engine ........................ False
[algo2a-g3-l0-modal] 
[algo2a-g3-l0-modal]   use_mamba_mem_eff_path .......................... True
[algo2a-g3-l0-modal] 
[algo2a-g3-l0-modal]   use_megatron_fsdp ............................... False
[algo2a-g3-l0-modal] 
[algo2a-g3-l0-modal]   use_miles_dashboard ............................. False
[algo2a-g3-l0-modal] 
[algo2a-g3-l0-modal]   use_miles_router ................................ False
[algo2a-g3-l0-modal] 
[algo2a-g3-l0-modal]   use_mlflow ...................................... False
[algo2a-g3-l0-modal] 
[algo2a-g3-l0-modal]   use_mp_args_from_checkpoint_args ................ False
[algo2a-g3-l0-modal] 
[algo2a-g3-l0-modal]   use_mup ......................................... False
[algo2a-g3-l0-modal] 
[algo2a-g3-l0-modal]   use_one_sent_docs ............................... False
[algo2a-g3-l0-modal] 
[algo2a-g3-l0-modal]   use_opd ......................................... False
[algo2a-g3-l0-modal] 
[algo2a-g3-l0-modal]   use_opsm ........................................ False
[algo2a-g3-l0-modal] 
[algo2a-g3-l0-modal]   use_persistent_ckpt_worker ...................... False
[algo2a-g3-l0-modal] 
[algo2a-g3-l0-modal]   use_precision_aware_optimizer ................... False
[algo2a-g3-l0-modal] 
[algo2a-g3-l0-modal]   use_prometheus .................................. False
[algo2a-g3-l0-modal] 
[algo2a-g3-l0-modal]   use_pytorch_profiler ............................ False
[algo2a-g3-l0-modal] 
[algo2a-g3-l0-modal]   use_ring_exchange_p2p ........................... False
[algo2a-g3-l0-modal] 
[algo2a-g3-l0-modal]   use_rollout_entropy ............................. False
[algo2a-g3-l0-modal] 
[algo2a-g3-l0-modal]   use_rollout_indexer_replay ...................... False
[algo2a-g3-l0-modal] 
[algo2a-g3-l0-modal]   use_rollout_logprobs ............................ False
[algo2a-g3-l0-modal] 
[algo2a-g3-l0-modal]   use_rollout_routing_replay ...................... False
[algo2a-g3-l0-modal] 
[algo2a-g3-l0-modal]   use_rope_scaling ................................ False
[algo2a-g3-l0-modal] 
[algo2a-g3-l0-modal]   use_rotary_position_embeddings .................. False
[algo2a-g3-l0-modal] 
[algo2a-g3-l0-modal]   use_routing_replay .............................. False
[algo2a-g3-l0-modal] 
[algo2a-g3-l0-modal]   use_sampling_support_replay ..................... False
[algo2a-g3-l0-modal] 
[algo2a-g3-l0-modal]   use_session_server .............................. False
[algo2a-g3-l0-modal] 
[algo2a-g3-l0-modal]   use_sharp ....................................... False
[algo2a-g3-l0-modal] 
[algo2a-g3-l0-modal]   use_te_activation_func .......................... False
[algo2a-g3-l0-modal] 
[algo2a-g3-l0-modal]   use_tensorboard ................................. False
[algo2a-g3-l0-modal] 
[algo2a-g3-l0-modal]   use_tis ......................................... False
[algo2a-g3-l0-modal] 
[algo2a-g3-l0-modal]   use_tokenizer_model_from_checkpoint_args ........ True
[algo2a-g3-l0-modal] 
[algo2a-g3-l0-modal]   use_torch_fsdp2 ................................. False
[algo2a-g3-l0-modal] 
[algo2a-g3-l0-modal]   use_torch_optimizer_for_cpu_offload ............. False
[algo2a-g3-l0-modal] 
[algo2a-g3-l0-modal]   use_tp_pp_dp_mapping ............................ False
[algo2a-g3-l0-modal] 
[algo2a-g3-l0-modal]   use_transformer_engine_op_fuser ................. False
[algo2a-g3-l0-modal] 
[algo2a-g3-l0-modal]   use_unbiased_kl ................................. False
[algo2a-g3-l0-modal] 
[algo2a-g3-l0-modal]   use_varlen_dataset .............................. False
[algo2a-g3-l0-modal] 
[algo2a-g3-l0-modal]   use_wandb ....................................... False
[algo2a-g3-l0-modal] 
[algo2a-g3-l0-modal]   v_head_dim ...................................... 128
[algo2a-g3-l0-modal] 
[algo2a-g3-l0-modal]   valid_data_path ................................. None
[algo2a-g3-l0-modal] 
[algo2a-g3-l0-modal]   validation_set_names ............................ None
[algo2a-g3-l0-modal] 
[algo2a-g3-l0-modal]   value_clip ...................................... 0.2
[algo2a-g3-l0-modal] 
[algo2a-g3-l0-modal]   varlen_mock_dataset_config_json ................. None
[algo2a-g3-l0-modal] 
[algo2a-g3-l0-modal]   varlen_sbhd_validation .......................... False
[algo2a-g3-l0-modal] 
[algo2a-g3-l0-modal]   verify_integrity ................................ False
[algo2a-g3-l0-modal] 
[algo2a-g3-l0-modal]   virtual_pipeline_model_parallel_size ............ None
[algo2a-g3-l0-modal] 
[algo2a-g3-l0-modal]   vision_backbone_type ............................ vit
[algo2a-g3-l0-modal] 
[algo2a-g3-l0-modal]   vision_pretraining .............................. False
[algo2a-g3-l0-modal] 
[algo2a-g3-l0-modal]   vision_pretraining_type ......................... classify
[algo2a-g3-l0-modal] 
[algo2a-g3-l0-modal]   vocab_extra_ids ................................. 0
[algo2a-g3-l0-modal] 
[algo2a-g3-l0-modal]   vocab_file ...................................... None
[algo2a-g3-l0-modal] 
[algo2a-g3-l0-modal]   vocab_size ...................................... 151936
[algo2a-g3-l0-modal] 
[algo2a-g3-l0-modal]   wandb_always_use_train_step ..................... False
[algo2a-g3-l0-modal] 
[algo2a-g3-l0-modal]   wandb_dir ....................................... None
[algo2a-g3-l0-modal] 
[algo2a-g3-l0-modal]   wandb_entity .................................... None
[algo2a-g3-l0-modal] 
[algo2a-g3-l0-modal]   wandb_exp_name .................................. None
[algo2a-g3-l0-modal] 
[algo2a-g3-l0-modal]   wandb_group ..................................... None
[algo2a-g3-l0-modal] 
[algo2a-g3-l0-modal]   wandb_host ...................................... None
[algo2a-g3-l0-modal] 
[algo2a-g3-l0-modal]   wandb_key ....................................... None
[algo2a-g3-l0-modal] 
[algo2a-g3-l0-modal]   wandb_mode ...................................... None
[algo2a-g3-l0-modal] 
[algo2a-g3-l0-modal]   wandb_project ................................... None
[algo2a-g3-l0-modal] 
[algo2a-g3-l0-modal]   wandb_random_suffix ............................. True
[algo2a-g3-l0-modal] 
[algo2a-g3-l0-modal]   wandb_run_id .................................... None
[algo2a-g3-l0-modal] 
[algo2a-g3-l0-modal]   wandb_save_dir .................................. None
[algo2a-g3-l0-modal] 
[algo2a-g3-l0-modal]   wandb_team ...................................... None
[algo2a-g3-l0-modal] 
[algo2a-g3-l0-modal]   weight_decay .................................... 0.01
[algo2a-g3-l0-modal] 
[algo2a-g3-l0-modal]   weight_decay_incr_style ......................... constant
[algo2a-g3-l0-modal] 
[algo2a-g3-l0-modal]   wgrad_deferral_limit ............................ 0
[algo2a-g3-l0-modal] 
[algo2a-g3-l0-modal]   window_attn_skip_freq ........................... None
[algo2a-g3-l0-modal] 
[algo2a-g3-l0-modal]   window_size ..................................... None
[algo2a-g3-l0-modal] 
[algo2a-g3-l0-modal]   witness_buffer_size ............................. 1048576
[algo2a-g3-l0-modal] 
[algo2a-g3-l0-modal]   worker_comm_backend ............................. ray
[algo2a-g3-l0-modal] 
[algo2a-g3-l0-modal]   worker_dynamic_port_start ....................... 20000
[algo2a-g3-l0-modal] 
[algo2a-g3-l0-modal]   worker_urls ..................................... []
[algo2a-g3-l0-modal] 
[algo2a-g3-l0-modal]   world_size ...................................... 1
[algo2a-g3-l0-modal] 
[algo2a-g3-l0-modal]   yaml_cfg ........................................ None
[algo2a-g3-l0-modal] 
[algo2a-g3-l0-modal]   yarn_beta_fast .................................. None
[algo2a-g3-l0-modal] 
[algo2a-g3-l0-modal]   yarn_beta_slow .................................. None
[algo2a-g3-l0-modal] 
[algo2a-g3-l0-modal]   yarn_correction_range_round_to_int .............. None
[algo2a-g3-l0-modal] 
[algo2a-g3-l0-modal]   yarn_original_max_position_embeddings ........... None
[algo2a-g3-l0-modal] 
[algo2a-g3-l0-modal]   yeto_algo_plugins ............................... {'config': {'schema': 'yeto-algo-plugins-v1', 'reward_pipeline': {'reward_shapers': [], 'advantage_transform': 'maxrl', 'advantage_params': {}, 'pipeline_sha256': '043ec279226950389b57a4689dabd2e02a224d739d18726a44077f70ad1bdf00'}, 'algorithm_spec_sha256': 'e4b213355a0ddfbe0c94a7ac5c1806f16bc3ac0009829c260d80dd9af7b0f4f9'}, 'sha256': '28f0779b0467b0c9230ca1e52b410bf3be8af2eb1dab18307a5899ac3f5c806d'}
[algo2a-g3-l0-modal] 
[algo2a-g3-l0-modal]   yeto_placement_map .............................. None
[algo2a-g3-l0-modal] 
[algo2a-g3-l0-modal]   yeto_rl_dynamic_sampling_max_replacements ....... None
[algo2a-g3-l0-modal] 
[algo2a-g3-l0-modal] -------------------- end of arguments ---------------------
[algo2a-g3-l0-modal] 
[algo2a-g3-l0-modal] [2026-09-29 20:20:09.336 main] arguments.py:2854 - --moe-token-dispatcher-type allgather does not support variable sequence length, please use alltoall dispatcher instead.
[algo2a-g3-l0-modal] 2026-09-29 20:20:09,352	INFO worker.py:1833 -- Connecting to existing Ray cluster at address: 172.20.6.108:6379...
[algo2a-g3-l0-modal] 2026-09-29 20:20:09,368	INFO worker.py:2015 -- Connected to Ray cluster. View the dashboard at [1m[32mhttp://127.0.0.1:8265 [39m[22m
[algo2a-g3-l0-modal] YETO_RL_EVENT {"event":"rl_engine_selected","island_id":0,"miles_commit":"d002615f44816ae243169643dc093eb2c29029d8","placement":"colocated","rl/algorithm_absorbed_flags":{},"rl/algorithm_spec":"{\"advantage\":{\"estimator\":\"grpo\",\"reward_binary\":true,\"reward_postprocess\":{\"path\":\"yeto.rl.algos.reward_pipeline.post_process\",\"sha256\":\"cfbc099ad9a117de6836a0cb48feb0d5f5d059d9265faa5884bd0ef9a489c162\"},\"rewards_normalization\":true,\"std_normalization\":true,\"transform\":\"maxrl\",\"whiten\":false},\"correction\":{\"function\":null,\"method\":\"none\",\"mismatch_metrics\":false,\"opsm_delta\":null,\"tis_clip\":null,\"tis_clip_low\":null,\"use_rollout_logprobs\":false},\"entropy_coef\":0.0,\"execution\":{\"group_required\":true,\"max_policy_staleness\":0,\"needs_critic\":false,\"needs_rollout_logprobs\":false},\"kl\":{\"coef\":null,\"estimator\":null,\"placement\":\"none\",\"unbiased\":false},\"loss\":{\"aggregation\":\"default\",\"custom_loss\":null,\"eps_clip\":null,\"eps_clip_c\":null,\"eps_clip_high\":null,\"reducer\":null,\"variant\":\"policy_loss\"},\"plugins\":[{\"path\":\"yeto.rl.algos.reward_pipeline.grpo_default\",\"sha256\":\"cfbc099ad9a117de6836a0cb48feb0d5f5d059d9265faa5884bd0ef9a489c162\"},{\"path\":\"yeto.rl.algos.seq_adv.gdpo\",\"sha256\":\"2c710922aa44d7e0e6108450dc0fac6128063714385501c528def06c1ea4e656\"}],\"sampling\":{\"filter\":null,\"max_replacements\":null,\"over_sampling_batch_size\":null,\"overlong_filter\":false},\"schema\":\"yeto-rl-algorithm-spec-v2\"}","rl/algorithm_spec_sha256":"e4b213355a0ddfbe0c94a7ac5c1806f16bc3ac0009829c260d80dd9af7b0f4f9","rl/outer_sync":true,"rl_engine":"ports","time_unix":1790713211.1398928}
[algo2a-g3-l0-modal] 
[algo2a-g3-l0-modal] [2026-09-29 20:20:11.153 main] reporter.py:90 - audit op=env_report_summary hostname=modal versions="{\"python\":\"3.12.3\",\"platform\":\"Linux-4.19.0-gvisor-x86_64-with-glibc2.39\",\"torch\":\"2.13.0+cu130\",\"torch_cuda\":\"13.0\"}" repos="{}" num_packages=0 num_env_vars=106 packages_probed=false stored=false
[algo2a-g3-l0-modal] [2026-09-29 20:20:11.171 main] placement_group.py:227 - Creating placement group with 1 GPUs...
[algo2a-g3-l0-modal] [2026-09-29 20:20:12.484 main] placement_group.py:117 -   bundle    0, actual_bundle_index:    0, node: 172.20.6.108, gpu: 0
[algo2a-g3-l0-modal] [2026-09-29 20:20:16.759 main] reporter.py:90 - audit op=env_report_summary hostname=modal versions="{\"python\":\"3.12.3\",\"platform\":\"Linux-4.19.0-gvisor-x86_64-with-glibc2.39\",\"miles\":\"0.1.1\",\"sglang\":\"0.5.21.dev67+g9f29303\",\"sglang-router\":\"0.3.2\",\"megatron-core\":\"0.19.0+a84b10547\",\"transformers\":\"5.12.1\",\"ray\":\"2.58.0\",\"flashinfer-python\":\"0.6.18\",\"torch\":\"2.13.0+cu130\",\"torch_cuda\":\"13.0\"}" repos="{\"miles\":\"d002615f44816ae243169643dc093eb2c29029d8\",\"sglang\":\"9f29303bef1eea38eb613e5f454a52db1326422d\",\"megatron-core\":\"a84b105473eca9c9c6e49dbf1c8aa460c5cf796e\"}" num_packages=425 num_env_vars=106 packages_probed=true stored=false
[algo2a-g3-l0-modal] [36m(pid=2230)[0m /opt/sglang/lib/python3.12/site-packages/huggingface_hub/constants.py:301: FutureWarning: The `HF_HUB_ENABLE_HF_TRANSFER` environment variable is deprecated as 'hf_transfer' is not used anymore. Please use `HF_XET_HIGH_PERFORMANCE` instead to enable high performance transfer with Xet. Visit https://huggingface.co/docs/huggingface_hub/package_reference/environment_variables#hfxethighperformance for more details.
[algo2a-g3-l0-modal] 
[algo2a-g3-l0-modal] [36m(pid=2230)[0m   warnings.warn(
[algo2a-g3-l0-modal] 
[algo2a-g3-l0-modal] [36m(pid=2230)[0m /opt/sglang/lib/python3.12/site-packages/transformer_engine/__init__.py:103: RuntimeWarning: Detected a Jax installation but could not find the shared object file for the Transformer Engine Jax extension library. If this is not intentional, please reinstall Transformer Engine with `pip install transformer_engine[jax]` or build from source with `NVTE_FRAMEWORK=jax`.
[algo2a-g3-l0-modal] 
[algo2a-g3-l0-modal] [36m(pid=2230)[0m   warnings.warn(
[algo2a-g3-l0-modal] 
[algo2a-g3-l0-modal] [36m(pid=2230)[0m Flax classes are deprecated and will be removed in Diffusers v1.0.0. We recommend migrating to PyTorch classes or pinning your version of Diffusers.
[algo2a-g3-l0-modal] 
[algo2a-g3-l0-modal] [36m(pid=2230)[0m Flax classes are deprecated and will be removed in Diffusers v1.0.0. We recommend migrating to PyTorch classes or pinning your version of Diffusers.
[algo2a-g3-l0-modal] 
[algo2a-g3-l0-modal] [36m(pid=2230)[0m WARNING:megatron.bridge.models.muse_glimmer:Muse Glimmer Hugging Face classes are unavailable with transformers 5.12.1. Upgrade transformers to a version that supports Muse Glimmer.
[algo2a-g3-l0-modal] 
[algo2a-g3-l0-modal] [36m(pid=2230)[0m WARNING:miles_plugins.models.qwen3_vl:megatron-bridge Qwen3VLModel lacks native CP-local vision-embed selection; CP runs with vision tokens will mis-place vision embeddings. Apply the matching Megatron-Bridge patch (radixark/Megatron-Bridge PR #9).
[algo2a-g3-l0-modal] 
[algo2a-g3-l0-modal] [36m(RayWorkerManager pid=2230)[0m [2026-09-29 20:20:38.866 worker_manager] reporter.py:90 - audit op=env_report_summary hostname=modal versions="{\"python\":\"3.12.3\",\"platform\":\"Linux-4.19.0-gvisor-x86_64-with-glibc2.39\",\"torch\":\"2.13.0+cu130\",\"torch_cuda\":\"13.0\"}" repos="{}" num_packages=0 num_env_vars=110 packages_probed=false stored=false
[algo2a-g3-l0-modal] 
[algo2a-g3-l1-modal] Flax classes are deprecated and will be removed in Diffusers v1.0.0. We recommend migrating to PyTorch classes or pinning your version of Diffusers.
[algo2a-g3-l1-modal] Flax classes are deprecated and will be removed in Diffusers v1.0.0. We recommend migrating to PyTorch classes or pinning your version of Diffusers.
[algo2a-g3-l0-modal] [36m(RayWorkerManager pid=2230)[0m [2026-09-29 20:20:42.860 worker_manager] reporter.py:90 - audit op=env_report_summary hostname=modal versions="{\"python\":\"3.12.3\",\"platform\":\"Linux-4.19.0-gvisor-x86_64-with-glibc2.39\",\"miles\":\"0.1.1\",\"sglang\":\"0.5.21.dev67+g9f29303\",\"sglang-router\":\"0.3.2\",\"megatron-core\":\"0.19.0+a84b10547\",\"transformers\":\"5.12.1\",\"ray\":\"2.58.0\",\"flashinfer-python\":\"0.6.18\",\"torch\":\"2.13.0+cu130\",\"torch_cuda\":\"13.0\"}" repos="{\"miles\":\"d002615f44816ae243169643dc093eb2c29029d8\",\"sglang\":\"9f29303bef1eea38eb613e5f454a52db1326422d\",\"megatron-core\":\"a84b105473eca9c9c6e49dbf1c8aa460c5cf796e\"}" num_packages=425 num_env_vars=110 packages_probed=true stored=false
[algo2a-g3-l1-modal] WARNING:megatron.bridge.models.muse_glimmer:Muse Glimmer Hugging Face classes are unavailable with transformers 5.12.1. Upgrade transformers to a version that supports Muse Glimmer.
[algo2a-g3-l0-modal] 
[algo2a-g3-l1-modal] WARNING:miles_plugins.models.qwen3_vl:megatron-bridge Qwen3VLModel lacks native CP-local vision-embed selection; CP runs with vision tokens will mis-place vision embeddings. Apply the matching Megatron-Bridge patch (radixark/Megatron-Bridge PR #9).
[algo2a-g3-l1-modal] Fetching 10 files:   0%|          | 0/10 [00:00<?, ?it/s]
[algo2a-g3-l1-modal] Warning: You are sending unauthenticated requests to the HF Hub. Please set a HF_TOKEN to enable higher rate limits and faster downloads.
[algo2a-g3-l1-modal] WARNING:huggingface_hub.utils._http:Warning: You are sending unauthenticated requests to the HF Hub. Please set a HF_TOKEN to enable higher rate limits and faster downloads.
[algo2a-g3-l1-modal] Fetching 10 files:  10%|█         | 1/10 [00:00<00:01,  7.64it/s]
[algo2a-g3-l1-modal] Fetching 10 files:  70%|███████   | 7/10 [00:00<00:00, 33.23it/s]
[algo2a-g3-l0-modal] [36m(pid=2491)[0m /opt/sglang/lib/python3.12/site-packages/huggingface_hub/constants.py:301: FutureWarning: The `HF_HUB_ENABLE_HF_TRANSFER` environment variable is deprecated as 'hf_transfer' is not used anymore. Please use `HF_XET_HIGH_PERFORMANCE` instead to enable high performance transfer with Xet. Visit https://huggingface.co/docs/huggingface_hub/package_reference/environment_variables#hfxethighperformance for more details.
[algo2a-g3-l0-modal] 
[algo2a-g3-l0-modal] [36m(pid=2491)[0m   warnings.warn(
[algo2a-g3-l0-modal] 
[algo2a-g3-l1-modal] Fetching 10 files: 100%|██████████| 10/10 [00:08<00:00,  1.19it/s]
[algo2a-g3-l1-modal] 
[algo2a-g3-l0-modal] [36m(pid=2493)[0m /opt/sglang/lib/python3.12/site-packages/transformer_engine/__init__.py:103: RuntimeWarning: Detected a Jax installation but could not find the shared object file for the Transformer Engine Jax extension library. If this is not intentional, please reinstall Transformer Engine with `pip install transformer_engine[jax]` or build from source with `NVTE_FRAMEWORK=jax`.
[algo2a-g3-l0-modal] 
[algo2a-g3-l0-modal] [36m(pid=2492)[0m /opt/sglang/lib/python3.12/site-packages/huggingface_hub/constants.py:301: FutureWarning: The `HF_HUB_ENABLE_HF_TRANSFER` environment variable is deprecated as 'hf_transfer' is not used anymore. Please use `HF_XET_HIGH_PERFORMANCE` instead to enable high performance transfer with Xet. Visit https://huggingface.co/docs/huggingface_hub/package_reference/environment_variables#hfxethighperformance for more details.[32m [repeated 4x across cluster] (Ray deduplicates logs by default. Set RAY_DEDUP_LOGS=0 to disable log deduplication, or see https://docs.ray.io/en/master/ray-observability/user-guides/configure-logging.html#log-deduplication for more options.)[0m
[algo2a-g3-l0-modal] 
[algo2a-g3-l0-modal] [36m(pid=2493)[0m   warnings.warn([32m [repeated 5x across cluster][0m
[algo2a-g3-l0-modal] 
[algo2a-g3-l1-modal] Generating train split: 0 examples [00:00, ? examples/s]
[algo2a-g3-l1-modal] Generating train split: 7473 examples [00:00, 250726.19 examples/s]
[algo2a-g3-l1-modal] 
[algo2a-g3-l1-modal] Generating test split: 0 examples [00:00, ? examples/s]
[algo2a-g3-l1-modal] Generating test split: 1319 examples [00:00, 175985.72 examples/s]
[algo2a-g3-l1-modal] 
[algo2a-g3-l0-modal] [36m(pid=2491)[0m /opt/sglang/lib/python3.12/site-packages/transformer_engine/__init__.py:103: RuntimeWarning: Detected a Jax installation but could not find the shared object file for the Transformer Engine Jax extension library. If this is not intentional, please reinstall Transformer Engine with `pip install transformer_engine[jax]` or build from source with `NVTE_FRAMEWORK=jax`.[32m [repeated 5x across cluster][0m
[algo2a-g3-l0-modal] 
[algo2a-g3-l0-modal] [36m(pid=2820)[0m /opt/sglang/lib/python3.12/site-packages/huggingface_hub/constants.py:301: FutureWarning: The `HF_HUB_ENABLE_HF_TRANSFER` environment variable is deprecated as 'hf_transfer' is not used anymore. Please use `HF_XET_HIGH_PERFORMANCE` instead to enable high performance transfer with Xet. Visit https://huggingface.co/docs/huggingface_hub/package_reference/environment_variables#hfxethighperformance for more details.
[algo2a-g3-l0-modal] 
[algo2a-g3-l0-modal] [36m(pid=2491)[0m   warnings.warn([32m [repeated 6x across cluster][0m
[algo2a-g3-l0-modal] 
[algo2a-g3-l1-modal] WARNING:megatron.bridge.models.conversion.auto_bridge:Loading a model with trust_remote_code=True allows arbitrary code execution from the model repository. Only use this with models you trust.
[algo2a-g3-l1-modal] /opt/sglang/lib/python3.12/site-packages/megatron/bridge/models/qwen/qwen3_bridge.py:45: FutureWarning: Qwen3Bridge.provider_bridge() and AutoBridge.to_megatron_provider() are deprecated for builder-backed models. Use AutoBridge.get_model_config() for training recipes or AutoBridge.get_model() to construct a model. Legacy provider support will be removed in a future release.
  provider = super().provider_bridge(hf_pretrained)
[algo2a-g3-l1-modal] [transformers] `torch_dtype` is deprecated! Use `dtype` instead!
[algo2a-g3-l1-modal] /root/Megatron-LM/megatron/core/transformer/transformer_config.py:3249: UserWarning: full scope is deprecated. Use empty cuda_graph_modules to capture the whole layer.
  warnings.warn(
[algo2a-g3-l1-modal] WARNING: Inferring the appropriate argparse argument type from <class 'megatron.core.transformer.transformer_config.TransformerConfig'> failed for pad_packed_seq_alignment: typing.Union[int, typing.Literal['max'], NoneType].
Deferring to attribute metadata. If the metadata is incomplete, 'parser.add_argument()' may fail.
Original failure: Unions not supported by argparse: typing.Union[int, typing.Literal['max'], NoneType]
[algo2a-g3-l1-modal] 
[algo2a-g3-l1-modal] [2026-09-29 20:21:04.397 main] arguments.py:49 - --tokenizer-model not set, use --hf-checkpoint as tokenizer model.
[algo2a-g3-l1-modal] [2026-09-29 20:21:04.440 main] arguments.py:222 - MoE-expert LoRA layout: per-expert (--experts-shared-outer-loras).
[algo2a-g3-l1-modal] [2026-09-29 20:21:04.441 main] arguments.py:3627 - Colocate mode: defaulting --sglang-cuda-graph-backend-prefill=disabled to avoid NVLS OOM. Set --sglang-cuda-graph-backend-prefill explicitly to override.
[algo2a-g3-l1-modal] [2026-09-29 20:21:04.441 main] arguments.py:3637 - rollout_num_gpus None != actor_num_gpus_per_node 1 * actor_num_nodes 1, overriding rollout_num_gpus to match actor_num_gpus_per_node * actor_num_nodes.
[algo2a-g3-l1-modal] [2026-09-29 20:21:04.441 main] arguments.py:3869 - args.eval_max_context_len is not set. Use args.rollout_max_context_len 1024 as default value.
[algo2a-g3-l1-modal] [2026-09-29 20:21:04.442 main] arguments.py:3877 - args.rollout_max_prompt_len is not set. Use args.rollout_max_context_len - 1 (1024 - 1) as default value so that there is at least one generated token to compute loss.
[algo2a-g3-l1-modal] /root/Megatron-LM/megatron/core/_rank_utils.py:39: UserWarning: Could not determine rank from torch.distributed, RANK, or SLURM_PROCID. Defaulting to rank 0.
  warnings.warn(
[algo2a-g3-l1-modal] using world size: 1, data-parallel size: 1, context-parallel size: 1, hierarchical context-parallel sizes: None, tensor-model-parallel size: 1, pipeline-model-parallel size: 1
[algo2a-g3-l1-modal] 
[algo2a-g3-l1-modal] Number of virtual stages per pipeline stage: None
[algo2a-g3-l1-modal] 
[algo2a-g3-l1-modal] using torch.bfloat16 for parameters ...
[algo2a-g3-l1-modal] 
[algo2a-g3-l1-modal] ------------------------ arguments ------------------------
[algo2a-g3-l1-modal] 
[algo2a-g3-l1-modal]   _is_global_batch_size_explicitly_specified ...... True
[algo2a-g3-l1-modal] 
[algo2a-g3-l1-modal]   account_for_embedding_in_pipeline_split ......... False
[algo2a-g3-l1-modal] 
[algo2a-g3-l1-modal]   account_for_loss_in_pipeline_split .............. False
[algo2a-g3-l1-modal] 
[algo2a-g3-l1-modal]   accumulate_allreduce_grads_in_fp32 .............. True
[algo2a-g3-l1-modal] 
[algo2a-g3-l1-modal]   activation_func_clamp_shared_expert ............. True
[algo2a-g3-l1-modal] 
[algo2a-g3-l1-modal]   activation_func_clamp_value ..................... None
[algo2a-g3-l1-modal] 
[algo2a-g3-l1-modal]   activation_offload_fraction ..................... 1.0
[algo2a-g3-l1-modal] 
[algo2a-g3-l1-modal]   actor_num_gpus_per_node ......................... 1
[algo2a-g3-l1-modal] 
[algo2a-g3-l1-modal]   actor_num_nodes ................................. 1
[algo2a-g3-l1-modal] 
[algo2a-g3-l1-modal]   adam_beta1 ...................................... 0.9
[algo2a-g3-l1-modal] 
[algo2a-g3-l1-modal]   adam_beta2 ...................................... 0.999
[algo2a-g3-l1-modal] 
[algo2a-g3-l1-modal]   adam_eps ........................................ 1e-08
[algo2a-g3-l1-modal] 
[algo2a-g3-l1-modal]   add_bias_linear ................................. False
[algo2a-g3-l1-modal] 
[algo2a-g3-l1-modal]   add_position_embedding .......................... True
[algo2a-g3-l1-modal] 
[algo2a-g3-l1-modal]   add_qkv_bias .................................... False
[algo2a-g3-l1-modal] 
[algo2a-g3-l1-modal]   adlr_autoresume ................................. False
[algo2a-g3-l1-modal] 
[algo2a-g3-l1-modal]   adlr_autoresume_interval ........................ 1000
[algo2a-g3-l1-modal] 
[algo2a-g3-l1-modal]   advantage_estimator ............................. grpo
[algo2a-g3-l1-modal] 
[algo2a-g3-l1-modal]   align_grad_reduce ............................... True
[algo2a-g3-l1-modal] 
[algo2a-g3-l1-modal]   align_param_gather .............................. False
[algo2a-g3-l1-modal] 
[algo2a-g3-l1-modal]   allgather_cp .................................... False
[algo2a-g3-l1-modal] 
[algo2a-g3-l1-modal]   allow_ambiguous_pad_tokens ...................... False
[algo2a-g3-l1-modal] 
[algo2a-g3-l1-modal]   allow_partial_train_step ........................ False
[algo2a-g3-l1-modal] 
[algo2a-g3-l1-modal]   api_server_host ................................. 127.0.0.1
[algo2a-g3-l1-modal] 
[algo2a-g3-l1-modal]   api_server_port ................................. 0
[algo2a-g3-l1-modal] 
[algo2a-g3-l1-modal]   app_tag_run_name ................................ None
[algo2a-g3-l1-modal] 
[algo2a-g3-l1-modal]   app_tag_run_version ............................. 0.0.0
[algo2a-g3-l1-modal] 
[algo2a-g3-l1-modal]   apply_chat_template ............................. True
[algo2a-g3-l1-modal] 
[algo2a-g3-l1-modal]   apply_chat_template_kwargs ...................... {'enable_thinking': False}
[algo2a-g3-l1-modal] 
[algo2a-g3-l1-modal]   apply_dsa_kernel_fusion ......................... None
[algo2a-g3-l1-modal] 
[algo2a-g3-l1-modal]   apply_query_key_layer_scaling ................... False
[algo2a-g3-l1-modal] 
[algo2a-g3-l1-modal]   apply_residual_connection_post_layernorm ........ False
[algo2a-g3-l1-modal] 
[algo2a-g3-l1-modal]   apply_rope_fusion ............................... True
[algo2a-g3-l1-modal] 
[algo2a-g3-l1-modal]   apply_wd_to_qk_layernorm ........................ False
[algo2a-g3-l1-modal] 
[algo2a-g3-l1-modal]   async_ckpt_cpu_priority ......................... 10
[algo2a-g3-l1-modal] 
[algo2a-g3-l1-modal]   async_ckpt_io_priority .......................... 3
[algo2a-g3-l1-modal] 
[algo2a-g3-l1-modal]   async_ckpt_use_cpu_shm .......................... False
[algo2a-g3-l1-modal]   async_data_buffer_capacity_factor ............... 2.0
[algo2a-g3-l1-modal] 
[algo2a-g3-l1-modal]   async_max_concurrent_samples .................... None
[algo2a-g3-l1-modal]   async_save ...................................... False
[algo2a-g3-l1-modal] 
  async_strategy .................................. mcore
[algo2a-g3-l1-modal] 
  async_unused_samples_handler .................... drop
[algo2a-g3-l1-modal] 
[algo2a-g3-l1-modal]   attention_backend ............................... AttnBackend.unfused
[algo2a-g3-l1-modal] 
[algo2a-g3-l1-modal]   attention_dropout ............................... 0.1
[algo2a-g3-l1-modal] 
[algo2a-g3-l1-modal]   attention_output_gate ........................... False
[algo2a-g3-l1-modal]   attention_softmax_in_fp32 ....................... True
[algo2a-g3-l1-modal] 
[algo2a-g3-l1-modal]   auto_detect_ckpt_format ......................... False
[algo2a-g3-l1-modal] 
[algo2a-g3-l1-modal]   balance_by_flops ................................ False
[algo2a-g3-l1-modal] 
[algo2a-g3-l1-modal]   balance_data .................................... True
[algo2a-g3-l1-modal] 
[algo2a-g3-l1-modal]   barrier_with_L1_time ............................ True
[algo2a-g3-l1-modal] 
[algo2a-g3-l1-modal]   batch_invariant_mode ............................ False
[algo2a-g3-l1-modal] 
[algo2a-g3-l1-modal]   bert_binary_head ................................ True
[algo2a-g3-l1-modal] 
[algo2a-g3-l1-modal]   bert_embedder_type .............................. megatron
[algo2a-g3-l1-modal] 
[algo2a-g3-l1-modal]   bert_load ....................................... None
[algo2a-g3-l1-modal] 
[algo2a-g3-l1-modal]   beta_fast ....................................... 32
[algo2a-g3-l1-modal] 
[algo2a-g3-l1-modal]   beta_slow ....................................... 1
[algo2a-g3-l1-modal] 
[algo2a-g3-l1-modal]   bf16 ............................................ True
[algo2a-g3-l1-modal] 
[algo2a-g3-l1-modal]   bias_dropout_fusion ............................. True
[algo2a-g3-l1-modal] 
[algo2a-g3-l1-modal]   bias_gelu_fusion ................................ False
[algo2a-g3-l1-modal] 
[algo2a-g3-l1-modal]   bias_swiglu_fusion .............................. True
[algo2a-g3-l1-modal] 
[algo2a-g3-l1-modal]   biencoder_projection_dim ........................ 0
[algo2a-g3-l1-modal] 
[algo2a-g3-l1-modal]   biencoder_shared_query_context_model ............ False
[algo2a-g3-l1-modal] 
[algo2a-g3-l1-modal]   block_data_path ................................. None
[algo2a-g3-l1-modal] 
[algo2a-g3-l1-modal]   buffer_filter_path .............................. yeto.rl.engine.miles_adapter.rollout_meta_hook.policy_buffer_filter
[algo2a-g3-l1-modal] 
[algo2a-g3-l1-modal]   cache_mla_latents ............................... False
[algo2a-g3-l1-modal] 
[algo2a-g3-l1-modal]   calc_ft_timeouts ................................ False
[algo2a-g3-l1-modal] 
[algo2a-g3-l1-modal]   calculate_per_token_loss ........................ False
[algo2a-g3-l1-modal] 
[algo2a-g3-l1-modal]   chat_template ................................... None
[algo2a-g3-l1-modal] 
[algo2a-g3-l1-modal]   chat_template_path .............................. None
[algo2a-g3-l1-modal] 
[algo2a-g3-l1-modal]   check_for_large_grads ........................... False
[algo2a-g3-l1-modal] 
  check_for_nan_in_loss_and_grad .................. True
[algo2a-g3-l1-modal] 
[algo2a-g3-l1-modal]   check_for_spiky_loss ............................ False
[algo2a-g3-l1-modal] 
[algo2a-g3-l1-modal]   check_lora_weight_equal ......................... False
[algo2a-g3-l1-modal] 
[algo2a-g3-l1-modal]   check_rematerialize_param_from_master_weight .... False
[algo2a-g3-l1-modal] 
[algo2a-g3-l1-modal]   check_weight_hash_across_dp_replicas_interval ... None
[algo2a-g3-l1-modal] 
[algo2a-g3-l1-modal]   check_weight_update_allow_quant_error ........... False
[algo2a-g3-l1-modal] 
[algo2a-g3-l1-modal]   check_weight_update_equal ....................... False
[algo2a-g3-l1-modal] 
[algo2a-g3-l1-modal]   check_weight_update_selector .................... all
[algo2a-g3-l1-modal] 
[algo2a-g3-l1-modal]   check_weight_update_skip_list ................... None
[algo2a-g3-l1-modal] 
[algo2a-g3-l1-modal]   chunked_optimizer_state_offload ................. False
[algo2a-g3-l1-modal] 
[algo2a-g3-l1-modal]   ci_check_model_hash ............................. False
[algo2a-g3-l1-modal] 
[algo2a-g3-l1-modal]   ci_disable_kl_checker ........................... False
[algo2a-g3-l1-modal] 
[algo2a-g3-l1-modal]   ci_disable_logprobs_checker ..................... False
[algo2a-g3-l1-modal] 
[algo2a-g3-l1-modal]   ci_disable_weight_update_checker ................ False
[algo2a-g3-l1-modal] 
[algo2a-g3-l1-modal]   ci_enable_metrics_capture ....................... False
[algo2a-g3-l1-modal] 
[algo2a-g3-l1-modal]   ci_ft_test_actions .............................. None
[algo2a-g3-l1-modal] 
[algo2a-g3-l1-modal]   ci_ft_test_actions_path ......................... None
[algo2a-g3-l1-modal] 
[algo2a-g3-l1-modal]   ci_inject_rollout_data_min_match_ratio .......... 0.9
[algo2a-g3-l1-modal] 
[algo2a-g3-l1-modal]   ci_inject_rollout_data_path ..................... None
[algo2a-g3-l1-modal] 
[algo2a-g3-l1-modal]   ci_inject_rollout_data_start_rollout_id ......... None
[algo2a-g3-l1-modal] 
[algo2a-g3-l1-modal]   ci_load_grad_norm ............................... None
[algo2a-g3-l1-modal] 
[algo2a-g3-l1-modal]   ci_metric_checker_expect_num .................... None
[algo2a-g3-l1-modal] 
[algo2a-g3-l1-modal]   ci_metric_checker_key ........................... None
[algo2a-g3-l1-modal] 
[algo2a-g3-l1-modal]   ci_metric_checker_threshold ..................... None
[algo2a-g3-l1-modal] 
[algo2a-g3-l1-modal]   ci_save_grad_norm ............................... None
[algo2a-g3-l1-modal] 
[algo2a-g3-l1-modal]   ci_save_model_hash .............................. False
[algo2a-g3-l1-modal] 
[algo2a-g3-l1-modal]   ci_test ......................................... False
[algo2a-g3-l1-modal] 
[algo2a-g3-l1-modal]   ci_tito_special_token_count_threshold ........... 0.0
[algo2a-g3-l1-modal] 
[algo2a-g3-l1-modal]   ckpt_assume_constant_structure .................. False
[algo2a-g3-l1-modal] 
[algo2a-g3-l1-modal]   ckpt_convert_format ............................. None
[algo2a-g3-l1-modal] 
[algo2a-g3-l1-modal]   ckpt_convert_save ............................... None
[algo2a-g3-l1-modal] 
[algo2a-g3-l1-modal]   ckpt_convert_update_legacy_dist_opt_format ...... False
[algo2a-g3-l1-modal] 
[algo2a-g3-l1-modal]   ckpt_format ..................................... torch_dist
[algo2a-g3-l1-modal] 
[algo2a-g3-l1-modal]   ckpt_fully_parallel_load ........................ False
[algo2a-g3-l1-modal] 
[algo2a-g3-l1-modal]   ckpt_fully_parallel_load_exchange_algo .......... broadcast
[algo2a-g3-l1-modal] 
[algo2a-g3-l1-modal]   ckpt_fully_parallel_load_process_group .......... dp
[algo2a-g3-l1-modal] 
[algo2a-g3-l1-modal]   ckpt_fully_parallel_save ........................ True
[algo2a-g3-l1-modal] 
[algo2a-g3-l1-modal]   ckpt_fully_parallel_save_deprecated ............. False
[algo2a-g3-l1-modal] 
[algo2a-g3-l1-modal]   ckpt_fully_parallel_save_process_group .......... dp
[algo2a-g3-l1-modal] 
[algo2a-g3-l1-modal]   ckpt_load_validate_sharding_integrity ........... True
[algo2a-g3-l1-modal] 
[algo2a-g3-l1-modal]   ckpt_step ....................................... None
[algo2a-g3-l1-modal] 
[algo2a-g3-l1-modal]   classes_fraction ................................ 1.0
[algo2a-g3-l1-modal] 
[algo2a-g3-l1-modal]   clear_quantized_weight_workspaces_on_offload .... True
[algo2a-g3-l1-modal] 
[algo2a-g3-l1-modal]   clip_grad ....................................... 1.0
[algo2a-g3-l1-modal] 
[algo2a-g3-l1-modal]   clone_scatter_output_in_embedding ............... True
[algo2a-g3-l1-modal] 
[algo2a-g3-l1-modal]   cluster_backend ................................. ray
[algo2a-g3-l1-modal] 
[algo2a-g3-l1-modal]   colocate ........................................ True
[algo2a-g3-l1-modal] 
[algo2a-g3-l1-modal]   colocate_memory_peak_device ..................... cpu
[algo2a-g3-l1-modal] 
[algo2a-g3-l1-modal]   compress_ratios ................................. None
[algo2a-g3-l1-modal] 
[algo2a-g3-l1-modal]   compute_advantages_and_returns .................. True
[algo2a-g3-l1-modal] 
[algo2a-g3-l1-modal]   config_logger_dir ...............................
[algo2a-g3-l1-modal] 
[algo2a-g3-l1-modal]   consumed_train_samples .......................... 0
[algo2a-g3-l1-modal] 
[algo2a-g3-l1-modal]   consumed_valid_samples .......................... 0
[algo2a-g3-l1-modal] 
[algo2a-g3-l1-modal]   context_parallel_size ........................... 1
[algo2a-g3-l1-modal] 
[algo2a-g3-l1-modal]   cp_comm_type .................................... ['p2p']
[algo2a-g3-l1-modal] 
[algo2a-g3-l1-modal]   cp_partition_mode ............................... zigzag
[algo2a-g3-l1-modal] 
[algo2a-g3-l1-modal]   cpu_offloading_num_layers ....................... 0
[algo2a-g3-l1-modal] 
[algo2a-g3-l1-modal]   cpu_offloading_retain_pinned_cpu_buffers ........ False
[algo2a-g3-l1-modal] 
[algo2a-g3-l1-modal]   create_all_gather_group ......................... False
[algo2a-g3-l1-modal] 
[algo2a-g3-l1-modal]   create_attention_mask_in_dataloader ............. True
[algo2a-g3-l1-modal] 
[algo2a-g3-l1-modal]   critic_load ..................................... /root/.cache/huggingface/hub/models--Qwen--Qwen3-0.6B/snapshots/c1899de289a04d12100db370d81485cdf75e47ca
[algo2a-g3-l1-modal] 
[algo2a-g3-l1-modal]   critic_lr ....................................... 1e-05
[algo2a-g3-l1-modal] 
[algo2a-g3-l1-modal]   critic_lr_warmup_iters .......................... 0
[algo2a-g3-l1-modal] 
[algo2a-g3-l1-modal]   critic_num_gpus_per_node ........................ None
[algo2a-g3-l1-modal] 
[algo2a-g3-l1-modal]   critic_num_nodes ................................ None
[algo2a-g3-l1-modal] 
[algo2a-g3-l1-modal]   critic_save ..................................... None
[algo2a-g3-l1-modal] 
[algo2a-g3-l1-modal]   cross_entropy_fusion_impl ....................... native
[algo2a-g3-l1-modal] 
[algo2a-g3-l1-modal]   cross_entropy_loss_fusion ....................... False
[algo2a-g3-l1-modal] 
[algo2a-g3-l1-modal]   csa_compress_ratios ............................. None
[algo2a-g3-l1-modal] 
[algo2a-g3-l1-modal]   csa_compress_rotary_base ........................ 40000.0
[algo2a-g3-l1-modal] 
[algo2a-g3-l1-modal]   csa_dense_mode .................................. False
[algo2a-g3-l1-modal] 
[algo2a-g3-l1-modal]   csa_window_size ................................. 128
[algo2a-g3-l1-modal] 
[algo2a-g3-l1-modal]   cuda_graph_dynamic_microbatches ................. False
[algo2a-g3-l1-modal] 
[algo2a-g3-l1-modal]   cuda_graph_impl ................................. none
[algo2a-g3-l1-modal] 
[algo2a-g3-l1-modal]   cuda_graph_modules .............................. []
[algo2a-g3-l1-modal] 
[algo2a-g3-l1-modal]   cuda_graph_warmup_steps ......................... 3
[algo2a-g3-l1-modal] 
[algo2a-g3-l1-modal]   custom_async_data_buffer_path ................... None
[algo2a-g3-l1-modal] 
  custom_config_path .............................. None
[algo2a-g3-l1-modal] 
[algo2a-g3-l1-modal]   custom_convert_samples_to_train_data_path ....... None
[algo2a-g3-l1-modal] 
[algo2a-g3-l1-modal]   custom_eval_rollout_log_function_path ........... None
[algo2a-g3-l1-modal] 
[algo2a-g3-l1-modal]   custom_generate_function_path ................... None
[algo2a-g3-l1-modal] 
[algo2a-g3-l1-modal]   custom_inference_engine_provider_path ........... miles.ray.specs.inference.backend_inference_engine_provider
[algo2a-g3-l1-modal] 
[algo2a-g3-l1-modal]   custom_loss_function_path ....................... None
[algo2a-g3-l1-modal] 
[algo2a-g3-l1-modal]   custom_megatron_before_log_prob_hook_path ....... None
[algo2a-g3-l1-modal] 
[algo2a-g3-l1-modal]   custom_megatron_before_train_step_hook_path ..... None
[algo2a-g3-l1-modal] 
[algo2a-g3-l1-modal]   custom_megatron_init_path ....................... None
[algo2a-g3-l1-modal] 
[algo2a-g3-l1-modal]   custom_megatron_post_save_hook_path ............. None
[algo2a-g3-l1-modal] 
[algo2a-g3-l1-modal]   custom_model_provider_path ...................... None
[algo2a-g3-l1-modal] 
  custom_pg_loss_reducer_function_path ............ None
  custom_reward_post_process_path ................. yeto.rl.algos.reward_pipeline.post_process
  custom_rm_path .................................. yeto.rl.algos.gdpo_reward.correctness_reward
[algo2a-g3-l1-modal] 
[algo2a-g3-l1-modal]   custom_rollout_log_function_path ................ None
[algo2a-g3-l1-modal]   custom_tis_function_path ........................ None
[algo2a-g3-l1-modal] 
[algo2a-g3-l1-modal]   custom_update_weight_post_write_path ............ None
[algo2a-g3-l1-modal] 
[algo2a-g3-l1-modal]   dashboard_flush_interval ........................ 5.0
[algo2a-g3-l1-modal] 
[algo2a-g3-l1-modal]   dashboard_forward_prometheus .................... False
[algo2a-g3-l1-modal] 
[algo2a-g3-l1-modal]   dashboard_gpu_sample_interval ................... 1.0
[algo2a-g3-l1-modal] 
[algo2a-g3-l1-modal]   dashboard_sglang_metrics ........................ None
[algo2a-g3-l1-modal] 
[algo2a-g3-l1-modal]   dashboard_sglang_scrape_interval ................ 2.0
[algo2a-g3-l1-modal] 
[algo2a-g3-l1-modal]   dashboard_sglang_scrape_mode .................... auto
[algo2a-g3-l1-modal] 
[algo2a-g3-l1-modal]   data_args_path .................................. None
[algo2a-g3-l1-modal] 
[algo2a-g3-l1-modal]   data_cache_path ................................. None
[algo2a-g3-l1-modal] 
[algo2a-g3-l1-modal]   data_pad_size_multiplier ........................ 128
[algo2a-g3-l1-modal] 
[algo2a-g3-l1-modal]   data_parallel_random_init ....................... False
[algo2a-g3-l1-modal] 
[algo2a-g3-l1-modal]   data_parallel_sharding_strategy ................. optim_grads_params
[algo2a-g3-l1-modal] 
[algo2a-g3-l1-modal]   data_parallel_size .............................. 1
[algo2a-g3-l1-modal] 
[algo2a-g3-l1-modal]   data_path ....................................... None
[algo2a-g3-l1-modal] 
[algo2a-g3-l1-modal]   data_per_class_fraction ......................... 1.0
[algo2a-g3-l1-modal] 
[algo2a-g3-l1-modal]   data_sharding ................................... True
[algo2a-g3-l1-modal] 
[algo2a-g3-l1-modal]   data_source_path ................................ miles.rollout.data_source.RolloutDataSourceWithBuffer
[algo2a-g3-l1-modal] 
[algo2a-g3-l1-modal]   dataloader_defer_npy_index_mmap ................. False
[algo2a-g3-l1-modal] 
[algo2a-g3-l1-modal]   dataloader_fast_cache_load ...................... False
[algo2a-g3-l1-modal] 
[algo2a-g3-l1-modal]   dataloader_inter_document_masking ............... False
[algo2a-g3-l1-modal] 
[algo2a-g3-l1-modal]   dataloader_type ................................. single
[algo2a-g3-l1-modal] 
  ddp_average_in_collective ....................... False
[algo2a-g3-l1-modal] 
[algo2a-g3-l1-modal]   ddp_bucket_size ................................. None
[algo2a-g3-l1-modal] 
[algo2a-g3-l1-modal]   ddp_num_buckets ................................. None
[algo2a-g3-l1-modal] 
[algo2a-g3-l1-modal]   ddp_pad_buckets_for_high_nccl_busbw ............. False
[algo2a-g3-l1-modal] 
[algo2a-g3-l1-modal]   ddp_param_name_patterns_for_fp32_local_accumulation  []
[algo2a-g3-l1-modal] 
[algo2a-g3-l1-modal]   ddp_reduce_scatter_with_fp32_accumulation ....... False
[algo2a-g3-l1-modal] 
[algo2a-g3-l1-modal]   debug_deterministic_collective .................. False
[algo2a-g3-l1-modal] 
[algo2a-g3-l1-modal]   debug_disable_optimizer ......................... False
[algo2a-g3-l1-modal] 
[algo2a-g3-l1-modal]   debug_exit_after_rollout ........................ None
[algo2a-g3-l1-modal] 
[algo2a-g3-l1-modal]   debug_rollout_only .............................. False
[algo2a-g3-l1-modal] 
[algo2a-g3-l1-modal]   debug_skip_weight_update ........................ False
[algo2a-g3-l1-modal] 
[algo2a-g3-l1-modal]   debug_train_only ................................ False
[algo2a-g3-l1-modal] 
[algo2a-g3-l1-modal]   debug_unified_grad_fused_logprob ................ False
[algo2a-g3-l1-modal] 
[algo2a-g3-l1-modal]   decode_only_cuda_graphs ......................... False
[algo2a-g3-l1-modal] 
[algo2a-g3-l1-modal]   decoder_first_pipeline_num_layers ............... None
[algo2a-g3-l1-modal] 
[algo2a-g3-l1-modal]   decoder_last_pipeline_num_layers ................ None
[algo2a-g3-l1-modal] 
[algo2a-g3-l1-modal]   decoder_num_layers .............................. None
[algo2a-g3-l1-modal] 
[algo2a-g3-l1-modal]   decoder_seq_length .............................. None
[algo2a-g3-l1-modal] 
[algo2a-g3-l1-modal]   decoupled_lr .................................... None
[algo2a-g3-l1-modal] 
[algo2a-g3-l1-modal]   decoupled_min_lr ................................ None
[algo2a-g3-l1-modal] 
[algo2a-g3-l1-modal]   decrease_batch_size_if_needed ................... False
[algo2a-g3-l1-modal] 
[algo2a-g3-l1-modal]   defer_embedding_wgrad_compute ................... False
[algo2a-g3-l1-modal] 
[algo2a-g3-l1-modal]   delay_offload_until_cuda_graph .................. False
[algo2a-g3-l1-modal] 
[algo2a-g3-l1-modal]   delay_split_train_data_by_dp .................... False
[algo2a-g3-l1-modal] 
[algo2a-g3-l1-modal]   delay_wgrad_compute ............................. False
[algo2a-g3-l1-modal] 
[algo2a-g3-l1-modal]   delta_offload_bytes_across_pp_ranks ............. 0
[algo2a-g3-l1-modal] 
[algo2a-g3-l1-modal]   dense_grouped_gemm .............................. False
[algo2a-g3-l1-modal] 
[algo2a-g3-l1-modal]   deploy_component ................................ all
[algo2a-g3-l1-modal] 
[algo2a-g3-l1-modal]   deploy_instance_id .............................. None
[algo2a-g3-l1-modal] 
[algo2a-g3-l1-modal]   deprecated_use_mcore_models ..................... False
[algo2a-g3-l1-modal] 
[algo2a-g3-l1-modal]   deterministic_mode .............................. False
[algo2a-g3-l1-modal] 
[algo2a-g3-l1-modal]   dino_bottleneck_size ............................ 256
[algo2a-g3-l1-modal] 
[algo2a-g3-l1-modal]   dino_freeze_last_layer .......................... 1
[algo2a-g3-l1-modal] 
[algo2a-g3-l1-modal]   dino_head_hidden_size ........................... 2048
[algo2a-g3-l1-modal] 
[algo2a-g3-l1-modal]   dino_local_crops_number ......................... 10
[algo2a-g3-l1-modal] 
[algo2a-g3-l1-modal]   dino_local_img_size ............................. 96
[algo2a-g3-l1-modal] 
[algo2a-g3-l1-modal]   dino_norm_last_layer ............................ False
[algo2a-g3-l1-modal] 
[algo2a-g3-l1-modal]   dino_teacher_temp ............................... 0.07
[algo2a-g3-l1-modal] 
[algo2a-g3-l1-modal]   dino_warmup_teacher_temp ........................ 0.04
[algo2a-g3-l1-modal] 
[algo2a-g3-l1-modal]   dino_warmup_teacher_temp_epochs ................. 30
[algo2a-g3-l1-modal] 
[algo2a-g3-l1-modal]   disable_bf16_reduced_precision_matmul ........... False
[algo2a-g3-l1-modal] 
[algo2a-g3-l1-modal]   disable_grad_buffers_cpu_backup ................. True
[algo2a-g3-l1-modal] 
[algo2a-g3-l1-modal]   disable_jit_fuser ............................... False
[algo2a-g3-l1-modal] 
[algo2a-g3-l1-modal]   disable_msc_deprecated .......................... False
[algo2a-g3-l1-modal] 
[algo2a-g3-l1-modal]   disable_param_buffers_cpu_backup ................ True
[algo2a-g3-l1-modal] 
[algo2a-g3-l1-modal]   disable_rollout_trim_samples .................... False
[algo2a-g3-l1-modal] 
[algo2a-g3-l1-modal]   disable_straggler_on_startup .................... False
[algo2a-g3-l1-modal] 
[algo2a-g3-l1-modal]   disable_symmetric_registration .................. False
[algo2a-g3-l1-modal] 
[algo2a-g3-l1-modal]   dist_ckpt_format_deprecated ..................... None
[algo2a-g3-l1-modal] 
[algo2a-g3-l1-modal]   dist_ckpt_optim_fully_reshardable ............... False
[algo2a-g3-l1-modal] 
[algo2a-g3-l1-modal]   dist_ckpt_save_pre_mcore_014 .................... False
[algo2a-g3-l1-modal] 
[algo2a-g3-l1-modal]   dist_ckpt_strictness ............................ assume_ok_unexpected
[algo2a-g3-l1-modal] 
[algo2a-g3-l1-modal]   dist_ckpt_workers ............................... 1
[algo2a-g3-l1-modal] 
[algo2a-g3-l1-modal]   distrib_optim_fully_reshardable_mem_efficient ... False
[algo2a-g3-l1-modal] 
[algo2a-g3-l1-modal]   distribute_saved_activations .................... False
[algo2a-g3-l1-modal] 
[algo2a-g3-l1-modal]   distributed_backend ............................. nccl
[algo2a-g3-l1-modal] 
[algo2a-g3-l1-modal]   distributed_timeout_minutes ..................... 10
[algo2a-g3-l1-modal] 
[algo2a-g3-l1-modal]   distributed_timeout_seconds_after_init .......... None
[algo2a-g3-l1-modal] 
[algo2a-g3-l1-modal]   dsa_attention_backend ........................... tilelang
[algo2a-g3-l1-modal] 
[algo2a-g3-l1-modal]   dsa_cp_balance_indexer .......................... False
[algo2a-g3-l1-modal] 
[algo2a-g3-l1-modal]   dsa_indexer_head_dim ............................ None
[algo2a-g3-l1-modal] 
[algo2a-g3-l1-modal]   dsa_indexer_k_norm_epsilon ...................... None
[algo2a-g3-l1-modal] 
[algo2a-g3-l1-modal]   dsa_indexer_k_norm_fp32 ......................... False
[algo2a-g3-l1-modal] 
[algo2a-g3-l1-modal]   dsa_indexer_loss_coeff .......................... None
[algo2a-g3-l1-modal] 
[algo2a-g3-l1-modal]   dsa_indexer_n_heads ............................. None
[algo2a-g3-l1-modal] 
[algo2a-g3-l1-modal]   dsa_indexer_precision ........................... bf16
[algo2a-g3-l1-modal] 
[algo2a-g3-l1-modal]   dsa_indexer_rope_interleaved .................... False
[algo2a-g3-l1-modal] 
[algo2a-g3-l1-modal]   dsa_indexer_rotate_activation ................... True
[algo2a-g3-l1-modal] 
[algo2a-g3-l1-modal]   dsa_indexer_scoring_relu ........................ True
[algo2a-g3-l1-modal] 
[algo2a-g3-l1-modal]   dsa_indexer_skip_topk_offset .................... 0
[algo2a-g3-l1-modal] 
[algo2a-g3-l1-modal]   dsa_indexer_topk ................................ None
[algo2a-g3-l1-modal] 
[algo2a-g3-l1-modal]   dsa_indexer_topk_freq ........................... 1
[algo2a-g3-l1-modal] 
[algo2a-g3-l1-modal]   dsa_indexer_use_sparse_loss ..................... False
[algo2a-g3-l1-modal] 
[algo2a-g3-l1-modal]   dsa_indexer_weights_proj_output_dtype ........... bf16
[algo2a-g3-l1-modal] 
[algo2a-g3-l1-modal]   dsa_indexer_weights_proj_use_quantization ....... True
[algo2a-g3-l1-modal] 
[algo2a-g3-l1-modal]   dsa_kernel_backend .............................. None
[algo2a-g3-l1-modal] 
[algo2a-g3-l1-modal]   dsv4_impl ....................................... megatron
[algo2a-g3-l1-modal] 
[algo2a-g3-l1-modal]   dump_details .................................... None
[algo2a-g3-l1-modal] 
[algo2a-g3-l1-modal]   dump_param_to_param_group_map ................... None
[algo2a-g3-l1-modal] 
[algo2a-g3-l1-modal]   dumper_dir ...................................... /tmp/dumper
[algo2a-g3-l1-modal] 
[algo2a-g3-l1-modal]   dumper_enable ................................... False
[algo2a-g3-l1-modal] 
[algo2a-g3-l1-modal]   dumper_fwd_bwd .................................. None
[algo2a-g3-l1-modal] 
[algo2a-g3-l1-modal]   dumper_fwd_only ................................. None
[algo2a-g3-l1-modal] 
[algo2a-g3-l1-modal]   dumper_inference ................................ None
[algo2a-g3-l1-modal] 
[algo2a-g3-l1-modal]   dumper_source_patcher_config_inference .......... None
[algo2a-g3-l1-modal] 
[algo2a-g3-l1-modal]   dumper_source_patcher_config_train .............. None
[algo2a-g3-l1-modal] 
[algo2a-g3-l1-modal]   dynamic_context_parallel ........................ False
[algo2a-g3-l1-modal] 
[algo2a-g3-l1-modal]   dynamic_sampling_filter_path .................... None
[algo2a-g3-l1-modal] 
[algo2a-g3-l1-modal]   embedding_init_method_std ....................... None
[algo2a-g3-l1-modal] 
[algo2a-g3-l1-modal]   embedding_path .................................. None
[algo2a-g3-l1-modal] 
[algo2a-g3-l1-modal]   empty_unused_memory_level ....................... 0
[algo2a-g3-l1-modal] 
[algo2a-g3-l1-modal]   enable_chunked_prefill .......................... False
[algo2a-g3-l1-modal] 
[algo2a-g3-l1-modal]   enable_cuda_graph ............................... False
[algo2a-g3-l1-modal] 
[algo2a-g3-l1-modal]   enable_event_analyzer ........................... False
[algo2a-g3-l1-modal] 
[algo2a-g3-l1-modal]   enable_experimental ............................. False
[algo2a-g3-l1-modal] 
[algo2a-g3-l1-modal]   enable_ft_package ............................... False
[algo2a-g3-l1-modal] 
[algo2a-g3-l1-modal]   enable_full_sharding_in_hsdp .................... False
[algo2a-g3-l1-modal] 
[algo2a-g3-l1-modal]   enable_hyper_connections ........................ False
[algo2a-g3-l1-modal] 
[algo2a-g3-l1-modal]   enable_msc ...................................... False
[algo2a-g3-l1-modal] 
[algo2a-g3-l1-modal]   enable_mtp_training ............................. False
[algo2a-g3-l1-modal] 
[algo2a-g3-l1-modal]   enable_one_logger ............................... True
[algo2a-g3-l1-modal] 
[algo2a-g3-l1-modal]   enable_witness .................................. False
[algo2a-g3-l1-modal] 
[algo2a-g3-l1-modal]   encoder_num_layers .............................. 28
[algo2a-g3-l1-modal] 
[algo2a-g3-l1-modal]   encoder_seq_length .............................. 1024
[algo2a-g3-l1-modal] 
[algo2a-g3-l1-modal]   end_weight_decay ................................ 0.01
[algo2a-g3-l1-modal] 
[algo2a-g3-l1-modal]   entropy_coef .................................... 0.0
[algo2a-g3-l1-modal] 
[algo2a-g3-l1-modal]   entry ........................................... train
[algo2a-g3-l1-modal]   env_report ......................................
[algo2a-g3-l1-modal] 
[algo2a-g3-l1-modal]   env_report_interval_seconds ..................... 3600.0
[algo2a-g3-l1-modal] 
[algo2a-g3-l1-modal]   eod_mask_loss ................................... False
[algo2a-g3-l1-modal]   ep_overlap_early_attn_memory_release ............ False
[algo2a-g3-l1-modal] 
[algo2a-g3-l1-modal]   eps_clip ........................................ 0.2
[algo2a-g3-l1-modal] 
[algo2a-g3-l1-modal]   eps_clip_c ...................................... None
[algo2a-g3-l1-modal] 
[algo2a-g3-l1-modal]   eps_clip_high ................................... 0.2
[algo2a-g3-l1-modal] 
[algo2a-g3-l1-modal]   error_injection_rate ............................ 0
[algo2a-g3-l1-modal] 
[algo2a-g3-l1-modal]   error_injection_type ............................ transient_error
[algo2a-g3-l1-modal] 
[algo2a-g3-l1-modal]   eval_config ..................................... None
[algo2a-g3-l1-modal] 
[algo2a-g3-l1-modal]   eval_datasets ................................... []
[algo2a-g3-l1-modal] 
[algo2a-g3-l1-modal]   eval_function_path .............................. miles.rollout.inference_rollout.inference_rollout_common.InferenceRolloutFn
[algo2a-g3-l1-modal] 
[algo2a-g3-l1-modal]   eval_global_batch_size .......................... 32
[algo2a-g3-l1-modal] 
[algo2a-g3-l1-modal]   eval_hf_dir ..................................... None
[algo2a-g3-l1-modal] 
[algo2a-g3-l1-modal]   eval_input_key .................................. None
[algo2a-g3-l1-modal] 
[algo2a-g3-l1-modal]   eval_interval ................................... None
[algo2a-g3-l1-modal] 
[algo2a-g3-l1-modal]   eval_iters ...................................... 100
[algo2a-g3-l1-modal] 
[algo2a-g3-l1-modal]   eval_keep_snapshots ............................. 2
[algo2a-g3-l1-modal] 
[algo2a-g3-l1-modal]   eval_label_key .................................. None
[algo2a-g3-l1-modal] 
[algo2a-g3-l1-modal]   eval_max_context_len ............................ 1024
[algo2a-g3-l1-modal] 
[algo2a-g3-l1-modal]   eval_max_in_flight .............................. 2
[algo2a-g3-l1-modal] 
[algo2a-g3-l1-modal]   eval_max_prompt_len ............................. None
[algo2a-g3-l1-modal] 
[algo2a-g3-l1-modal]   eval_max_response_len ........................... None
[algo2a-g3-l1-modal] 
[algo2a-g3-l1-modal]   eval_micro_batch_size ........................... 1
[algo2a-g3-l1-modal] 
[algo2a-g3-l1-modal]   eval_min_new_tokens ............................. None
[algo2a-g3-l1-modal] 
[algo2a-g3-l1-modal]   eval_num_gpus ................................... 0
[algo2a-g3-l1-modal] 
[algo2a-g3-l1-modal]   eval_num_gpus_per_engine ........................ 1
[algo2a-g3-l1-modal] 
[algo2a-g3-l1-modal]   eval_overflow_policy ............................ backpressure
[algo2a-g3-l1-modal] 
[algo2a-g3-l1-modal]   eval_prompt_data ................................ None
[algo2a-g3-l1-modal] 
[algo2a-g3-l1-modal]   eval_reward_key ................................. None
[algo2a-g3-l1-modal] 
[algo2a-g3-l1-modal]   eval_temperature ................................ None
[algo2a-g3-l1-modal] 
[algo2a-g3-l1-modal]   eval_tool_key ................................... None
[algo2a-g3-l1-modal] 
[algo2a-g3-l1-modal]   eval_top_k ...................................... None
[algo2a-g3-l1-modal] 
[algo2a-g3-l1-modal]   eval_top_p ...................................... None
[algo2a-g3-l1-modal] 
[algo2a-g3-l1-modal]   eval_uses_snapshots ............................. False
[algo2a-g3-l1-modal] 
[algo2a-g3-l1-modal]   evidence_data_path .............................. None
[algo2a-g3-l1-modal] 
[algo2a-g3-l1-modal]   exclude_modules ................................. None
[algo2a-g3-l1-modal] 
[algo2a-g3-l1-modal]   exit_duration_in_mins ........................... None
[algo2a-g3-l1-modal] 
[algo2a-g3-l1-modal]   exit_interval ................................... None
[algo2a-g3-l1-modal] 
[algo2a-g3-l1-modal]   exit_on_missing_checkpoint ...................... False
[algo2a-g3-l1-modal] 
[algo2a-g3-l1-modal]   exit_signal ..................................... 15
[algo2a-g3-l1-modal] 
[algo2a-g3-l1-modal]   exit_signal_handler ............................. False
[algo2a-g3-l1-modal] 
[algo2a-g3-l1-modal]   exit_signal_handler_for_dataloader .............. False
[algo2a-g3-l1-modal] 
[algo2a-g3-l1-modal]   exit_signal_handler_for_training ................ False
[algo2a-g3-l1-modal] 
[algo2a-g3-l1-modal]   exp_avg_dtype ................................... torch.float32
[algo2a-g3-l1-modal] 
  exp_avg_sq_dtype ................................ torch.float32
[algo2a-g3-l1-modal] 
[algo2a-g3-l1-modal]   experimental_attention_variant .................. None
[algo2a-g3-l1-modal] 
[algo2a-g3-l1-modal]   expert_model_parallel_size ...................... 1
[algo2a-g3-l1-modal] 
[algo2a-g3-l1-modal]   expert_tensor_parallel_size ..................... 1
[algo2a-g3-l1-modal] 
[algo2a-g3-l1-modal]   experts_shared_outer_loras ...................... False
[algo2a-g3-l1-modal] 
[algo2a-g3-l1-modal]   external_cuda_graph ............................. False
[algo2a-g3-l1-modal] 
[algo2a-g3-l1-modal]   extra_high_precision_layers_hf .................. ()
[algo2a-g3-l1-modal] 
[algo2a-g3-l1-modal]   extra_high_precision_layers_megatron ............ ()
[algo2a-g3-l1-modal] 
[algo2a-g3-l1-modal]   fake_process_group .............................. False
[algo2a-g3-l1-modal] 
[algo2a-g3-l1-modal]   fallback_to_eager_attn .......................... False
[algo2a-g3-l1-modal] 
[algo2a-g3-l1-modal]   fault_injector_delay_start_iteration ............ None
[algo2a-g3-l1-modal] 
[algo2a-g3-l1-modal]   fault_injector_fault_delay ...................... None
[algo2a-g3-l1-modal] 
[algo2a-g3-l1-modal]   fault_injector_fault_probabilities .............. None
[algo2a-g3-l1-modal] 
[algo2a-g3-l1-modal]   fault_injector_fault_types ...................... None
[algo2a-g3-l1-modal] 
[algo2a-g3-l1-modal]   fault_injector_mtti_seconds ..................... None
[algo2a-g3-l1-modal] 
[algo2a-g3-l1-modal]   fault_injector_num_ranks ........................ None
[algo2a-g3-l1-modal] 
[algo2a-g3-l1-modal]   fault_injector_offset_seconds ................... None
[algo2a-g3-l1-modal] 
[algo2a-g3-l1-modal]   fault_injector_ranks ............................ None
[algo2a-g3-l1-modal] 
[algo2a-g3-l1-modal]   fault_injector_seed ............................. None
[algo2a-g3-l1-modal] 
[algo2a-g3-l1-modal]   fetch_trajectory_retry_times .................... -1
[algo2a-g3-l1-modal] 
[algo2a-g3-l1-modal]   ffn_hidden_size ................................. 3072
[algo2a-g3-l1-modal] 
[algo2a-g3-l1-modal]   fim_data ........................................ False
[algo2a-g3-l1-modal] 
[algo2a-g3-l1-modal]   fim_eod_token ................................... <|endoftext|>
[algo2a-g3-l1-modal] 
[algo2a-g3-l1-modal]   fim_fragment_rate ............................... None
[algo2a-g3-l1-modal] 
[algo2a-g3-l1-modal]   fim_middle_token ................................ <fim_middle>
[algo2a-g3-l1-modal] 
[algo2a-g3-l1-modal]   fim_no_prefix ................................... None
[algo2a-g3-l1-modal] 
[algo2a-g3-l1-modal]   fim_pad_token ................................... <fim_pad>
[algo2a-g3-l1-modal] 
[algo2a-g3-l1-modal]   fim_prefix_token ................................ <fim_prefix>
[algo2a-g3-l1-modal] 
[algo2a-g3-l1-modal]   fim_rate ........................................ 0.5
[algo2a-g3-l1-modal] 
[algo2a-g3-l1-modal]   fim_split_sample ................................ None
[algo2a-g3-l1-modal] 
[algo2a-g3-l1-modal]   fim_spm_rate .................................... 0.5
[algo2a-g3-l1-modal] 
[algo2a-g3-l1-modal]   fim_suffix_token ................................ <fim_suffix>
[algo2a-g3-l1-modal] 
[algo2a-g3-l1-modal]   fine_grained_activation_offloading .............. False
[algo2a-g3-l1-modal] 
[algo2a-g3-l1-modal]   fine_grained_offloading_max_inflight_offloads ... None
[algo2a-g3-l1-modal] 
[algo2a-g3-l1-modal]   finetune ........................................ True
[algo2a-g3-l1-modal] 
[algo2a-g3-l1-modal]   first_last_layers_bf16 .......................... False
[algo2a-g3-l1-modal] 
[algo2a-g3-l1-modal]   flash_decode .................................... False
[algo2a-g3-l1-modal] 
[algo2a-g3-l1-modal]   flight_recorder_dump_on_timeout ................. True
[algo2a-g3-l1-modal] 
[algo2a-g3-l1-modal]   flight_recorder_dump_path ....................... None
[algo2a-g3-l1-modal] 
[algo2a-g3-l1-modal]   flight_recorder_extra_dump_on_exec .............. True
[algo2a-g3-l1-modal] 
[algo2a-g3-l1-modal]   flight_recorder_include_only_active ............. True
[algo2a-g3-l1-modal] 
[algo2a-g3-l1-modal]   flight_recorder_include_stack_trace ............. False
[algo2a-g3-l1-modal] 
[algo2a-g3-l1-modal]   flight_recorder_trace_buffer_size ............... 2000
[algo2a-g3-l1-modal] 
[algo2a-g3-l1-modal]   fp16 ............................................ False
[algo2a-g3-l1-modal] 
[algo2a-g3-l1-modal]   fp16_lm_cross_entropy ........................... False
[algo2a-g3-l1-modal] 
[algo2a-g3-l1-modal]   fp32_residual_connection ........................ False
[algo2a-g3-l1-modal] 
[algo2a-g3-l1-modal]   fp4 ............................................. None
[algo2a-g3-l1-modal] 
[algo2a-g3-l1-modal]   fp4_param_gather ................................ False
[algo2a-g3-l1-modal] 
[algo2a-g3-l1-modal]   fp4_quantizer_factory ........................... None
[algo2a-g3-l1-modal] 
[algo2a-g3-l1-modal]   fp4_recipe ...................................... nvfp4
[algo2a-g3-l1-modal] 
[algo2a-g3-l1-modal]   fp8 ............................................. None
[algo2a-g3-l1-modal] 
[algo2a-g3-l1-modal]   fp8_amax_compute_algo ........................... most_recent
[algo2a-g3-l1-modal] 
[algo2a-g3-l1-modal]   fp8_amax_history_len ............................ 1
[algo2a-g3-l1-modal] 
[algo2a-g3-l1-modal]   fp8_interval .................................... 1
[algo2a-g3-l1-modal] 
[algo2a-g3-l1-modal]   fp8_margin ...................................... 0
[algo2a-g3-l1-modal] 
[algo2a-g3-l1-modal]   fp8_output_proj ................................. False
[algo2a-g3-l1-modal] 
[algo2a-g3-l1-modal]   fp8_param_gather ................................ False
[algo2a-g3-l1-modal] 
[algo2a-g3-l1-modal]   fp8_quantizer_factory ........................... None
[algo2a-g3-l1-modal] 
[algo2a-g3-l1-modal]   fp8_recipe ...................................... delayed
[algo2a-g3-l1-modal] 
[algo2a-g3-l1-modal]   fp8_wgrad ....................................... True
[algo2a-g3-l1-modal] 
[algo2a-g3-l1-modal]   freeze_all_layers ............................... False
[algo2a-g3-l1-modal] 
[algo2a-g3-l1-modal]   freeze_e_score_correction_bias .................. False
[algo2a-g3-l1-modal] 
[algo2a-g3-l1-modal]   freeze_indexer .................................. False
[algo2a-g3-l1-modal] 
[algo2a-g3-l1-modal]   fsdp_db_use_persist_buf_on_alloc_fail ........... False
[algo2a-g3-l1-modal] 
[algo2a-g3-l1-modal]   fsdp_double_buffer .............................. False
[algo2a-g3-l1-modal] 
[algo2a-g3-l1-modal]   fsdp_manual_registration ........................ False
[algo2a-g3-l1-modal] 
[algo2a-g3-l1-modal]   ft_components ................................... []
[algo2a-g3-l1-modal] 
[algo2a-g3-l1-modal]   ft_num_warmup_iters ............................. 5
[algo2a-g3-l1-modal] 
[algo2a-g3-l1-modal]   full_validation ................................. False
[algo2a-g3-l1-modal] 
[algo2a-g3-l1-modal]   fully_async ..................................... False
[algo2a-g3-l1-modal] 
[algo2a-g3-l1-modal]   fused_residual_rmsnorm .......................... False
[algo2a-g3-l1-modal] 
[algo2a-g3-l1-modal]   gamma ........................................... 1.0
[algo2a-g3-l1-modal] 
[algo2a-g3-l1-modal]   gdn_conv_pad_alignment .......................... None
[algo2a-g3-l1-modal] 
[algo2a-g3-l1-modal]   gdn_pre_gated_delta_rule_fusion ................. False
[algo2a-g3-l1-modal] 
[algo2a-g3-l1-modal]   get_mismatch_metrics ............................ False
[algo2a-g3-l1-modal] 
[algo2a-g3-l1-modal]   global_batch_size ............................... 32
[algo2a-g3-l1-modal] 
[algo2a-g3-l1-modal]   glu_linear_offset ............................... 0.0
[algo2a-g3-l1-modal] 
[algo2a-g3-l1-modal]   gpu_sniff_test_interval ......................... None
[algo2a-g3-l1-modal] 
[algo2a-g3-l1-modal]   grad_reduce_in_bf16 ............................. False
[algo2a-g3-l1-modal] 
[algo2a-g3-l1-modal]   gradient_accumulation_fusion .................... False
[algo2a-g3-l1-modal] 
[algo2a-g3-l1-modal]   gradient_reduce_div_fusion ...................... True
[algo2a-g3-l1-modal] 
[algo2a-g3-l1-modal]   group_query_attention ........................... True
[algo2a-g3-l1-modal] 
[algo2a-g3-l1-modal]   group_rm ........................................ False
[algo2a-g3-l1-modal] 
[algo2a-g3-l1-modal]   grpo_clamp_eps_lower ............................ 0.01
  grpo_clamp_eps_upper ............................ 0.01
[algo2a-g3-l1-modal] 
[algo2a-g3-l1-modal]   grpo_entropy_term_weight ........................ 0.0
[algo2a-g3-l1-modal] 
[algo2a-g3-l1-modal]   grpo_filter_groups_with_same_reward ............. False
[algo2a-g3-l1-modal] 
[algo2a-g3-l1-modal]   grpo_group_size ................................. 2
[algo2a-g3-l1-modal] 
[algo2a-g3-l1-modal]   grpo_iterations ................................. 2
[algo2a-g3-l1-modal] 
[algo2a-g3-l1-modal]   grpo_kl_beta .................................... 0.001
[algo2a-g3-l1-modal] 
[algo2a-g3-l1-modal]   grpo_prompts_per_step ........................... 32
[algo2a-g3-l1-modal] 
[algo2a-g3-l1-modal]   grpo_std_normalization .......................... True
[algo2a-g3-l1-modal] 
[algo2a-g3-l1-modal]   head_lr_mult .................................... 1.0
[algo2a-g3-l1-modal] 
[algo2a-g3-l1-modal]   head_wise_attn_gate ............................. False
[algo2a-g3-l1-modal] 
[algo2a-g3-l1-modal]   heterogeneous_layers_config_encoded_json ........ None
[algo2a-g3-l1-modal] 
[algo2a-g3-l1-modal]   heterogeneous_layers_config_path ................ None
[algo2a-g3-l1-modal] 
[algo2a-g3-l1-modal]   hf_checkpoint ................................... /root/.cache/huggingface/hub/models--Qwen--Qwen3-0.6B/snapshots/c1899de289a04d12100db370d81485cdf75e47ca
[algo2a-g3-l1-modal] 
[algo2a-g3-l1-modal]   hf_lora_targets ................................. ['down_proj', 'gate_proj', 'k_proj', 'o_proj', 'q_proj', 'up_proj', 'v_proj']
[algo2a-g3-l1-modal] 
[algo2a-g3-l1-modal]   hidden_dropout .................................. 0.1
[algo2a-g3-l1-modal] 
[algo2a-g3-l1-modal]   hidden_size ..................................... 1024
[algo2a-g3-l1-modal] 
[algo2a-g3-l1-modal]   hierarchical_context_parallel_sizes ............. None
[algo2a-g3-l1-modal]   high_priority_a2a_comm_stream ................... False
[algo2a-g3-l1-modal] 
[algo2a-g3-l1-modal]   high_priority_stream_groups ..................... []
[algo2a-g3-l1-modal] 
[algo2a-g3-l1-modal]   http_proxy ...................................... None
[algo2a-g3-l1-modal] 
[algo2a-g3-l1-modal]   hybrid_context_parallel ......................... False
[algo2a-g3-l1-modal] 
[algo2a-g3-l1-modal]   hybrid_layer_pattern ............................ None
[algo2a-g3-l1-modal] 
[algo2a-g3-l1-modal]   hybrid_override_pattern ......................... None
[algo2a-g3-l1-modal] 
[algo2a-g3-l1-modal]   hysteresis ...................................... 2
[algo2a-g3-l1-modal] 
[algo2a-g3-l1-modal]   ict_head_size ................................... None
[algo2a-g3-l1-modal] 
[algo2a-g3-l1-modal]   ict_load ........................................ None
[algo2a-g3-l1-modal] 
[algo2a-g3-l1-modal]   img_h ........................................... 224
[algo2a-g3-l1-modal] 
[algo2a-g3-l1-modal]   img_w ........................................... 224
[algo2a-g3-l1-modal] 
[algo2a-g3-l1-modal]   indep_dp ........................................ False
[algo2a-g3-l1-modal] 
[algo2a-g3-l1-modal]   indexer_batch_size .............................. 128
[algo2a-g3-l1-modal] 
[algo2a-g3-l1-modal]   indexer_log_interval ............................ 1000
[algo2a-g3-l1-modal] 
[algo2a-g3-l1-modal]   inference_batch_times_seqlen_threshold .......... -1
[algo2a-g3-l1-modal] 
[algo2a-g3-l1-modal]   inference_controller_addr ....................... None
[algo2a-g3-l1-modal] 
[algo2a-g3-l1-modal]   inference_coordinator_port ...................... None
[algo2a-g3-l1-modal] 
[algo2a-g3-l1-modal]   inference_cuda_graph_all_prefills ............... False
[algo2a-g3-l1-modal] 
[algo2a-g3-l1-modal]   inference_cuda_graph_scope ...................... InferenceCudaGraphScope.none
[algo2a-g3-l1-modal] 
[algo2a-g3-l1-modal]   inference_disable_ep_consensus .................. False
[algo2a-g3-l1-modal] 
[algo2a-g3-l1-modal]   inference_disable_triton_nvls_kernels ........... False
[algo2a-g3-l1-modal] 
[algo2a-g3-l1-modal]   inference_dynamic_batching ...................... False
[algo2a-g3-l1-modal] 
[algo2a-g3-l1-modal]   inference_dynamic_batching_async_sched_mode ..... legacy
[algo2a-g3-l1-modal] 
[algo2a-g3-l1-modal]   inference_dynamic_batching_block_size ........... 256
[algo2a-g3-l1-modal] 
[algo2a-g3-l1-modal]   inference_dynamic_batching_buffer_size_gb ....... 40.0
[algo2a-g3-l1-modal] 
[algo2a-g3-l1-modal]   inference_dynamic_batching_cuda_graph_max_tokens  16384
[algo2a-g3-l1-modal] 
[algo2a-g3-l1-modal]   inference_dynamic_batching_cuda_graph_mixed_prefill_count  16
[algo2a-g3-l1-modal] 
[algo2a-g3-l1-modal]   inference_dynamic_batching_cuda_graph_sizing_distribution  exponential
[algo2a-g3-l1-modal] 
[algo2a-g3-l1-modal]   inference_dynamic_batching_enable_prefix_caching  False
[algo2a-g3-l1-modal] 
[algo2a-g3-l1-modal]   inference_dynamic_batching_logprobs_mode ........ raw_logprobs
[algo2a-g3-l1-modal] 
[algo2a-g3-l1-modal]   inference_dynamic_batching_mamba_memory_ratio ... None
[algo2a-g3-l1-modal] 
[algo2a-g3-l1-modal]   inference_dynamic_batching_max_requests ......... None
[algo2a-g3-l1-modal] 
[algo2a-g3-l1-modal]   inference_dynamic_batching_max_tokens ........... None
[algo2a-g3-l1-modal] 
[algo2a-g3-l1-modal]   inference_dynamic_batching_num_cuda_graphs ...... 16
[algo2a-g3-l1-modal] 
[algo2a-g3-l1-modal]   inference_dynamic_batching_paused_buffer_size_gb  None
[algo2a-g3-l1-modal] 
[algo2a-g3-l1-modal]   inference_dynamic_batching_prefix_caching_coordinator_policy  first_prefix_block
[algo2a-g3-l1-modal] 
[algo2a-g3-l1-modal]   inference_dynamic_batching_prefix_caching_eviction_policy  ref_zero
[algo2a-g3-l1-modal] 
[algo2a-g3-l1-modal]   inference_dynamic_batching_prefix_caching_mamba_gb  None
[algo2a-g3-l1-modal] 
[algo2a-g3-l1-modal]   inference_dynamic_batching_prefix_caching_routing_alpha  0.5
[algo2a-g3-l1-modal] 
[algo2a-g3-l1-modal]   inference_dynamic_batching_sampling_backend ..... torch
[algo2a-g3-l1-modal] 
[algo2a-g3-l1-modal]   inference_dynamic_batching_track_generated_token_events  False
[algo2a-g3-l1-modal] 
[algo2a-g3-l1-modal]   inference_dynamic_batching_track_paused_request_events  False
[algo2a-g3-l1-modal] 
[algo2a-g3-l1-modal]   inference_dynamic_batching_unified_memory_level . 0
[algo2a-g3-l1-modal] 
[algo2a-g3-l1-modal]   inference_fuse_tp_communication ................. False
[algo2a-g3-l1-modal] 
[algo2a-g3-l1-modal]   inference_grouped_gemm_backend .................. vllm
[algo2a-g3-l1-modal] 
[algo2a-g3-l1-modal]   inference_logging_step_interval ................. 0
[algo2a-g3-l1-modal] 
[algo2a-g3-l1-modal]   inference_max_requests .......................... 8
[algo2a-g3-l1-modal] 
[algo2a-g3-l1-modal]   inference_max_seq_length ........................ 2560
[algo2a-g3-l1-modal] 
[algo2a-g3-l1-modal]   inference_moe_disable_fused_quant_kernels ....... False
[algo2a-g3-l1-modal] 
[algo2a-g3-l1-modal]   inference_moe_token_dispatcher_type ............. nvls
[algo2a-g3-l1-modal] 
[algo2a-g3-l1-modal]   inference_rng_tracker ........................... False
[algo2a-g3-l1-modal] 
[algo2a-g3-l1-modal]   inference_shards ................................ None
[algo2a-g3-l1-modal] 
[algo2a-g3-l1-modal]   inference_text_gen_server_logging ............... False
[algo2a-g3-l1-modal] 
[algo2a-g3-l1-modal]   inference_use_synchronous_zmq_collectives ....... False
[algo2a-g3-l1-modal] 
[algo2a-g3-l1-modal]   inference_wandb_logging ......................... False
[algo2a-g3-l1-modal] 
[algo2a-g3-l1-modal]   init_expected_num_cells ......................... None
[algo2a-g3-l1-modal] 
[algo2a-g3-l1-modal]   init_method_std ................................. 0.02
[algo2a-g3-l1-modal] 
[algo2a-g3-l1-modal]   init_method_xavier_uniform ...................... False
[algo2a-g3-l1-modal] 
[algo2a-g3-l1-modal]   init_model_with_meta_device ..................... False
[algo2a-g3-l1-modal] 
[algo2a-g3-l1-modal]   initial_loss_scale .............................. 4294967296
[algo2a-g3-l1-modal] 
[algo2a-g3-l1-modal]   inprocess_active_world_size ..................... 1
[algo2a-g3-l1-modal] 
[algo2a-g3-l1-modal]   inprocess_barrier_timeout ....................... 120
[algo2a-g3-l1-modal] 
[algo2a-g3-l1-modal]   inprocess_completion_timeout .................... 120
[algo2a-g3-l1-modal] 
[algo2a-g3-l1-modal]   inprocess_empty_cuda_cache ...................... False
[algo2a-g3-l1-modal] 
[algo2a-g3-l1-modal]   inprocess_granularity ........................... node
[algo2a-g3-l1-modal] 
[algo2a-g3-l1-modal]   inprocess_hard_timeout .......................... 90
[algo2a-g3-l1-modal] 
[algo2a-g3-l1-modal]   inprocess_heartbeat_interval .................... 30
[algo2a-g3-l1-modal] 
[algo2a-g3-l1-modal]   inprocess_heartbeat_timeout ..................... 60
[algo2a-g3-l1-modal] 
[algo2a-g3-l1-modal]   inprocess_last_call_wait ........................ 1
[algo2a-g3-l1-modal] 
[algo2a-g3-l1-modal]   inprocess_max_iterations ........................ None
[algo2a-g3-l1-modal] 
[algo2a-g3-l1-modal]   inprocess_monitor_process_interval .............. 1.0
[algo2a-g3-l1-modal] 
[algo2a-g3-l1-modal]   inprocess_monitor_thread_interval ............... 1.0
[algo2a-g3-l1-modal] 
[algo2a-g3-l1-modal]   inprocess_progress_watchdog_interval ............ 1.0
[algo2a-g3-l1-modal] 
[algo2a-g3-l1-modal]   inprocess_restart ............................... False
[algo2a-g3-l1-modal] 
[algo2a-g3-l1-modal]   inprocess_soft_timeout .......................... 60
[algo2a-g3-l1-modal] 
[algo2a-g3-l1-modal]   inprocess_termination_grace_time ................ 1
[algo2a-g3-l1-modal] 
[algo2a-g3-l1-modal]   input_key ....................................... messages
[algo2a-g3-l1-modal] 
[algo2a-g3-l1-modal]   is_hybrid_model ................................. False
[algo2a-g3-l1-modal] 
[algo2a-g3-l1-modal]   iter_per_epoch .................................. 1250
[algo2a-g3-l1-modal] 
[algo2a-g3-l1-modal]   iterations_to_skip .............................. []
[algo2a-g3-l1-modal] 
[algo2a-g3-l1-modal]   keep_fp8_transpose_cache ........................ False
[algo2a-g3-l1-modal] 
[algo2a-g3-l1-modal]   keep_old_actor .................................. False
[algo2a-g3-l1-modal] 
[algo2a-g3-l1-modal]   kitchen_attention_backend ....................... sdpa
[algo2a-g3-l1-modal] 
[algo2a-g3-l1-modal]   kl_coef ......................................... 0.0
[algo2a-g3-l1-modal] 
[algo2a-g3-l1-modal]   kl_loss_coef .................................... 0.0
[algo2a-g3-l1-modal] 
[algo2a-g3-l1-modal]   kl_loss_type .................................... k1
[algo2a-g3-l1-modal] 
[algo2a-g3-l1-modal]   kv_channels ..................................... 128
[algo2a-g3-l1-modal] 
[algo2a-g3-l1-modal]   kv_lora_rank .................................... 32
[algo2a-g3-l1-modal] 
[algo2a-g3-l1-modal]   label_key ....................................... label
[algo2a-g3-l1-modal] 
[algo2a-g3-l1-modal]   lambd ........................................... 1.0
[algo2a-g3-l1-modal] 
[algo2a-g3-l1-modal]   langrl_env_config ............................... None
[algo2a-g3-l1-modal] 
[algo2a-g3-l1-modal]   layernorm_epsilon ............................... 1e-06
[algo2a-g3-l1-modal] 
[algo2a-g3-l1-modal]   layernorm_zero_centered_gamma ................... False
[algo2a-g3-l1-modal] 
[algo2a-g3-l1-modal]   lazy_mpu_init ................................... False
[algo2a-g3-l1-modal] 
[algo2a-g3-l1-modal]   linear_attention_backend ........................ fla
[algo2a-g3-l1-modal] 
[algo2a-g3-l1-modal]   linear_attention_freq ........................... None
[algo2a-g3-l1-modal] 
[algo2a-g3-l1-modal]   linear_attention_type ........................... None
[algo2a-g3-l1-modal] 
[algo2a-g3-l1-modal]   linear_conv_kernel_dim .......................... 4
[algo2a-g3-l1-modal] 
[algo2a-g3-l1-modal]   linear_cp_mode .................................. chunkwise
[algo2a-g3-l1-modal] 
[algo2a-g3-l1-modal]   linear_key_head_dim ............................. 128
[algo2a-g3-l1-modal] 
[algo2a-g3-l1-modal]   linear_num_key_heads ............................ 16
[algo2a-g3-l1-modal] 
[algo2a-g3-l1-modal]   linear_num_value_heads .......................... 32
[algo2a-g3-l1-modal] 
[algo2a-g3-l1-modal]   linear_value_head_dim ........................... 128
[algo2a-g3-l1-modal] 
[algo2a-g3-l1-modal]   lion_beta1 ...................................... 0.95
[algo2a-g3-l1-modal] 
[algo2a-g3-l1-modal]   lion_beta2 ...................................... 0.98
[algo2a-g3-l1-modal] 
[algo2a-g3-l1-modal]   load ............................................ /root/.cache/huggingface/hub/models--Qwen--Qwen3-0.6B/snapshots/c1899de289a04d12100db370d81485cdf75e47ca
[algo2a-g3-l1-modal] 
[algo2a-g3-l1-modal]   load_debug_rollout_data ......................... None
[algo2a-g3-l1-modal] 
[algo2a-g3-l1-modal]   load_debug_rollout_data_subsample ............... None
[algo2a-g3-l1-modal] 
[algo2a-g3-l1-modal]   load_main_params_from_ckpt ...................... False
[algo2a-g3-l1-modal] 
[algo2a-g3-l1-modal]   local_rank ...................................... 0
[algo2a-g3-l1-modal] 
[algo2a-g3-l1-modal]   log_correct_samples ............................. False
[algo2a-g3-l1-modal] 
[algo2a-g3-l1-modal]   log_device_memory_used .......................... False
[algo2a-g3-l1-modal] 
[algo2a-g3-l1-modal]   log_energy ...................................... False
[algo2a-g3-l1-modal] 
[algo2a-g3-l1-modal]   log_interval .................................... 100
[algo2a-g3-l1-modal] 
[algo2a-g3-l1-modal]   log_loss_scale_to_tensorboard ................... True
[algo2a-g3-l1-modal] 
[algo2a-g3-l1-modal]   log_max_attention_logit ......................... False
[algo2a-g3-l1-modal] 
[algo2a-g3-l1-modal]   log_memory_interval ............................. None
[algo2a-g3-l1-modal] 
[algo2a-g3-l1-modal]   log_memory_to_tensorboard ....................... False
[algo2a-g3-l1-modal] 
[algo2a-g3-l1-modal]   log_moe_overload_factor ......................... False
[algo2a-g3-l1-modal] 
[algo2a-g3-l1-modal]   log_multi_turn .................................. False
[algo2a-g3-l1-modal] 
[algo2a-g3-l1-modal]   log_num_zeros_in_grad ........................... False
[algo2a-g3-l1-modal] 
[algo2a-g3-l1-modal]   log_params_norm ................................. False
[algo2a-g3-l1-modal] 
[algo2a-g3-l1-modal]   log_passrate .................................... False
[algo2a-g3-l1-modal] 
[algo2a-g3-l1-modal]   log_probs_chunk_size ............................ -1
[algo2a-g3-l1-modal] 
[algo2a-g3-l1-modal]   log_probs_max_tokens_per_gpu .................... None
[algo2a-g3-l1-modal] 
[algo2a-g3-l1-modal]   log_progress .................................... False
[algo2a-g3-l1-modal] 
[algo2a-g3-l1-modal]   log_reward_category ............................. None
[algo2a-g3-l1-modal] 
[algo2a-g3-l1-modal]   log_straggler ................................... False
[algo2a-g3-l1-modal] 
[algo2a-g3-l1-modal]   log_throughput .................................. False
[algo2a-g3-l1-modal] 
[algo2a-g3-l1-modal]   log_timers_to_tensorboard ....................... False
[algo2a-g3-l1-modal] 
[algo2a-g3-l1-modal]   log_validation_ppl_to_tensorboard ............... False
[algo2a-g3-l1-modal] 
[algo2a-g3-l1-modal]   log_world_size_to_tensorboard ................... False
[algo2a-g3-l1-modal] 
[algo2a-g3-l1-modal]   logging_level ................................... None
[algo2a-g3-l1-modal] 
[algo2a-g3-l1-modal]   logits_load_decode_threads ...................... 4
[algo2a-g3-l1-modal] 
[algo2a-g3-l1-modal]   logits_load_dir ................................. None
[algo2a-g3-l1-modal] 
[algo2a-g3-l1-modal]   logits_load_ignore_errors ....................... False
[algo2a-g3-l1-modal] 
[algo2a-g3-l1-modal]   logits_load_kd_loss_alpha ....................... 1.0
[algo2a-g3-l1-modal] 
[algo2a-g3-l1-modal]   logits_load_msc_prefetch_depth .................. 2
[algo2a-g3-l1-modal] 
[algo2a-g3-l1-modal]   logits_load_prefetch_factor ..................... 3
[algo2a-g3-l1-modal] 
[algo2a-g3-l1-modal]   logits_save_dir ................................. None
[algo2a-g3-l1-modal] 
[algo2a-g3-l1-modal]   logits_save_dtype ............................... fp16
[algo2a-g3-l1-modal] 
[algo2a-g3-l1-modal]   logits_save_top_k ............................... None
[algo2a-g3-l1-modal] 
[algo2a-g3-l1-modal]   logits_save_top_p ............................... None
[algo2a-g3-l1-modal] 
[algo2a-g3-l1-modal]   logits_save_top_p_min_k ......................... 1
[algo2a-g3-l1-modal] 
[algo2a-g3-l1-modal]   lora_adapter_path ............................... None
[algo2a-g3-l1-modal] 
[algo2a-g3-l1-modal]   lora_adapter_targets ............................ ['down_proj', 'gate_proj', 'k_proj', 'o_proj', 'q_proj', 'up_proj', 'v_proj']
[algo2a-g3-l1-modal] 
[algo2a-g3-l1-modal]   lora_alpha ...................................... 16
[algo2a-g3-l1-modal] 
[algo2a-g3-l1-modal]   lora_base_cpu_backup ............................ True
[algo2a-g3-l1-modal] 
[algo2a-g3-l1-modal]   lora_dp_invariant_rng ........................... exact
[algo2a-g3-l1-modal] 
[algo2a-g3-l1-modal]   lora_dp_invariant_state ......................... False
[algo2a-g3-l1-modal] 
[algo2a-g3-l1-modal]   lora_dropout .................................... 0.0
[algo2a-g3-l1-modal] 
[algo2a-g3-l1-modal]   lora_rank ....................................... 16
[algo2a-g3-l1-modal] 
[algo2a-g3-l1-modal]   lora_sync_from_tensor ........................... False
[algo2a-g3-l1-modal]   lora_train_only ................................. False
[algo2a-g3-l1-modal]   lora_type ....................................... canonical_lora
[algo2a-g3-l1-modal] 
[algo2a-g3-l1-modal]   loss_mask_type .................................. qwen
[algo2a-g3-l1-modal] 
[algo2a-g3-l1-modal]   loss_scale ...................................... None
[algo2a-g3-l1-modal] 
[algo2a-g3-l1-modal]   loss_scale_window ............................... 1000
[algo2a-g3-l1-modal] 
[algo2a-g3-l1-modal]   loss_type ....................................... policy_loss
[algo2a-g3-l1-modal] 
[algo2a-g3-l1-modal]   low_memory_resume ............................... False
[algo2a-g3-l1-modal] 
[algo2a-g3-l1-modal]   lr .............................................. 1e-05
[algo2a-g3-l1-modal] 
[algo2a-g3-l1-modal]   lr_decay_iters .................................. 3
[algo2a-g3-l1-modal] 
[algo2a-g3-l1-modal]   lr_decay_samples ................................ None
[algo2a-g3-l1-modal] 
[algo2a-g3-l1-modal]   lr_decay_style .................................. linear
[algo2a-g3-l1-modal] 
[algo2a-g3-l1-modal]   lr_warmup_fraction .............................. None
[algo2a-g3-l1-modal] 
[algo2a-g3-l1-modal]   lr_warmup_init .................................. 0.0
[algo2a-g3-l1-modal] 
[algo2a-g3-l1-modal]   lr_warmup_iters ................................. 0
[algo2a-g3-l1-modal] 
[algo2a-g3-l1-modal]   lr_warmup_samples ............................... 0
[algo2a-g3-l1-modal] 
[algo2a-g3-l1-modal]   lr_wsd_decay_iters .............................. None
[algo2a-g3-l1-modal] 
[algo2a-g3-l1-modal]   lr_wsd_decay_samples ............................ None
[algo2a-g3-l1-modal] 
[algo2a-g3-l1-modal]   lr_wsd_decay_style .............................. exponential
[algo2a-g3-l1-modal] 
[algo2a-g3-l1-modal]   main_grads_dtype ................................ torch.float32
[algo2a-g3-l1-modal] 
[algo2a-g3-l1-modal]   main_params_dtype ............................... torch.float32
[algo2a-g3-l1-modal] 
[algo2a-g3-l1-modal]   make_vocab_size_divisible_by .................... 128
[algo2a-g3-l1-modal] 
[algo2a-g3-l1-modal]   mamba_head_dim .................................. 64
[algo2a-g3-l1-modal] 
[algo2a-g3-l1-modal]   mamba_inference_conv_states_dtype ............... torch.bfloat16
[algo2a-g3-l1-modal] 
  mamba_inference_ssm_states_dtype ................ torch.bfloat16
  mamba_num_groups ................................ 8
[algo2a-g3-l1-modal] 
[algo2a-g3-l1-modal]   mamba_num_heads ................................. None
[algo2a-g3-l1-modal] 
[algo2a-g3-l1-modal]   mamba_state_dim ................................. 128
[algo2a-g3-l1-modal] 
[algo2a-g3-l1-modal]   mamba_training_ssm_states_dtype ................. None
[algo2a-g3-l1-modal] 
[algo2a-g3-l1-modal]   manual_gc ....................................... False
[algo2a-g3-l1-modal] 
[algo2a-g3-l1-modal]   manual_gc_eval .................................. True
[algo2a-g3-l1-modal] 
[algo2a-g3-l1-modal]   manual_gc_interval .............................. 0
[algo2a-g3-l1-modal] 
[algo2a-g3-l1-modal]   mask_factor ..................................... 1.0
[algo2a-g3-l1-modal] 
[algo2a-g3-l1-modal]   mask_offpolicy_in_partial_rollout ............... False
[algo2a-g3-l1-modal] 
[algo2a-g3-l1-modal]   mask_prob ....................................... 0.15
[algo2a-g3-l1-modal] 
[algo2a-g3-l1-modal]   mask_type ....................................... random
[algo2a-g3-l1-modal] 
[algo2a-g3-l1-modal]   masked_softmax_fusion ........................... True
[algo2a-g3-l1-modal] 
[algo2a-g3-l1-modal]   max_position_embeddings ......................... 1024
[algo2a-g3-l1-modal] 
[algo2a-g3-l1-modal]   max_seqlen_per_dp_cp_rank ....................... None
[algo2a-g3-l1-modal] 
[algo2a-g3-l1-modal]   max_tokens_per_gpu .............................. None
[algo2a-g3-l1-modal] 
[algo2a-g3-l1-modal]   max_tokens_to_oom ............................... 12000
[algo2a-g3-l1-modal] 
[algo2a-g3-l1-modal]   max_weight_staleness ............................ None
[algo2a-g3-l1-modal] 
[algo2a-g3-l1-modal]   megatron_config ................................. None
[algo2a-g3-l1-modal] 
[algo2a-g3-l1-modal]   megatron_fsdp_cache_param_bucket_views .......... False
[algo2a-g3-l1-modal] 
[algo2a-g3-l1-modal]   megatron_fsdp_enable_fine_grained_param_gather .. False
[algo2a-g3-l1-modal] 
[algo2a-g3-l1-modal]   megatron_fsdp_grad_comm_dtype ................... None
[algo2a-g3-l1-modal] 
[algo2a-g3-l1-modal]   megatron_fsdp_main_grads_dtype .................. None
[algo2a-g3-l1-modal] 
[algo2a-g3-l1-modal]   megatron_fsdp_main_params_dtype ................. torch.float32
[algo2a-g3-l1-modal] 
[algo2a-g3-l1-modal]   megatron_fsdp_max_pool_double_buffer ............ False
[algo2a-g3-l1-modal] 
[algo2a-g3-l1-modal]   megatron_fsdp_prefetch_recompute_forward_weights  False
[algo2a-g3-l1-modal] 
[algo2a-g3-l1-modal]   megatron_to_hf_mode ............................. bridge
[algo2a-g3-l1-modal] 
[algo2a-g3-l1-modal]   memory_recorder ................................. torch
[algo2a-g3-l1-modal] 
[algo2a-g3-l1-modal]   memory_snapshot_dir ............................. .
[algo2a-g3-l1-modal] 
[algo2a-g3-l1-modal]   memory_snapshot_num_steps ....................... None
[algo2a-g3-l1-modal] 
[algo2a-g3-l1-modal]   memory_snapshot_path ............................ snapshot.pickle
[algo2a-g3-l1-modal] 
[algo2a-g3-l1-modal]   merge_file ...................................... None
[algo2a-g3-l1-modal] 
[algo2a-g3-l1-modal]   metadata_key .................................... metadata
[algo2a-g3-l1-modal] 
[algo2a-g3-l1-modal]   metadata_path ................................... None
[algo2a-g3-l1-modal] 
[algo2a-g3-l1-modal]   mfu_peak_tflops ................................. None
[algo2a-g3-l1-modal] 
[algo2a-g3-l1-modal]   mhc_init_gating_factor .......................... 0.01
[algo2a-g3-l1-modal] 
[algo2a-g3-l1-modal]   mhc_recompute_layer_num ......................... None
[algo2a-g3-l1-modal] 
[algo2a-g3-l1-modal]   mhc_sinkhorn_iterations ......................... 20
[algo2a-g3-l1-modal] 
[algo2a-g3-l1-modal]   micro_batch_size ................................ 1
[algo2a-g3-l1-modal] 
[algo2a-g3-l1-modal]   microbatch_group_size_per_vp_stage .............. None
[algo2a-g3-l1-modal] 
[algo2a-g3-l1-modal]   mid_level_dataset_surplus ....................... 0.005
[algo2a-g3-l1-modal] 
[algo2a-g3-l1-modal]   miles_dsa_topk_backend .......................... torch
[algo2a-g3-l1-modal] 
[algo2a-g3-l1-modal]   miles_router_health_check_failure_threshold ..... 3
[algo2a-g3-l1-modal] 
[algo2a-g3-l1-modal]   miles_router_max_connections .................... None
[algo2a-g3-l1-modal] 
[algo2a-g3-l1-modal]   miles_router_timeout ............................ None
[algo2a-g3-l1-modal] 
[algo2a-g3-l1-modal]   min_batch_collection_ratio ...................... 1
[algo2a-g3-l1-modal] 
[algo2a-g3-l1-modal]   min_dynamic_context_parallel_size ............... 1
[algo2a-g3-l1-modal] 
[algo2a-g3-l1-modal]   min_loss_scale .................................. 1.0
[algo2a-g3-l1-modal] 
[algo2a-g3-l1-modal]   min_lr .......................................... 0.0
[algo2a-g3-l1-modal] 
[algo2a-g3-l1-modal]   min_offloaded_tensor_size ....................... 1048576
[algo2a-g3-l1-modal] 
[algo2a-g3-l1-modal]   mini_ft_controller_enable ....................... False
[algo2a-g3-l1-modal] 
[algo2a-g3-l1-modal]   mini_ft_controller_poll_interval ................ 10.0
[algo2a-g3-l1-modal] 
[algo2a-g3-l1-modal]   mini_ft_controller_resume_delay ................. 10.0
[algo2a-g3-l1-modal] 
[algo2a-g3-l1-modal]   mla_down_proj_fusion ............................ False
[algo2a-g3-l1-modal] 
[algo2a-g3-l1-modal]   mlflow_experiment_name .......................... miles
[algo2a-g3-l1-modal] 
[algo2a-g3-l1-modal]   mlflow_run_id ................................... None
[algo2a-g3-l1-modal] 
[algo2a-g3-l1-modal]   mlflow_run_name ................................. None
[algo2a-g3-l1-modal] 
[algo2a-g3-l1-modal]   mlflow_tracking_uri ............................. None
[algo2a-g3-l1-modal] 
[algo2a-g3-l1-modal]   mlp_chunks_for_prefill .......................... 1
[algo2a-g3-l1-modal] 
[algo2a-g3-l1-modal]   mlp_chunks_for_training ......................... 1
[algo2a-g3-l1-modal] 
[algo2a-g3-l1-modal]   mmap_bin_files .................................. True
[algo2a-g3-l1-modal] 
[algo2a-g3-l1-modal]   mock_data ....................................... False
[algo2a-g3-l1-modal] 
[algo2a-g3-l1-modal]   model_name ...................................... GPTModelProvider
[algo2a-g3-l1-modal] 
[algo2a-g3-l1-modal]   moe_activation_in_fp32 .......................... False
[algo2a-g3-l1-modal] 
[algo2a-g3-l1-modal]   moe_apply_probs_on_input ........................ False
[algo2a-g3-l1-modal] 
[algo2a-g3-l1-modal]   moe_aux_loss_coeff .............................. 0.0
[algo2a-g3-l1-modal] 
[algo2a-g3-l1-modal]   moe_combine_in_fp32 ............................. False
[algo2a-g3-l1-modal] 
[algo2a-g3-l1-modal]   moe_deepep_num_sms .............................. None
[algo2a-g3-l1-modal] 
[algo2a-g3-l1-modal]   moe_enable_deepep ............................... False
[algo2a-g3-l1-modal] 
[algo2a-g3-l1-modal]   moe_enable_routing_replay ....................... False
[algo2a-g3-l1-modal] 
[algo2a-g3-l1-modal]   moe_expert_capacity_factor ...................... None
[algo2a-g3-l1-modal] 
[algo2a-g3-l1-modal]   moe_expert_rank_capacity_factor ................. None
[algo2a-g3-l1-modal] 
[algo2a-g3-l1-modal]   moe_ffn_hidden_size ............................. None
[algo2a-g3-l1-modal] 
[algo2a-g3-l1-modal]   moe_flex_dispatcher_backend ..................... deepep
[algo2a-g3-l1-modal] 
[algo2a-g3-l1-modal]   moe_flex_dispatcher_num_sms ..................... None
[algo2a-g3-l1-modal] 
[algo2a-g3-l1-modal]   moe_grouped_gemm ................................ False
[algo2a-g3-l1-modal] 
[algo2a-g3-l1-modal]   moe_hybridep_num_blocks_permute ................. None
[algo2a-g3-l1-modal] 
[algo2a-g3-l1-modal]   moe_hybridep_num_blocks_unpermute ............... None
[algo2a-g3-l1-modal] 
[algo2a-g3-l1-modal]   moe_hybridep_num_sms ............................ None
[algo2a-g3-l1-modal] 
[algo2a-g3-l1-modal]   moe_hybridep_num_sms_preprocessing .............. 108
[algo2a-g3-l1-modal] 
[algo2a-g3-l1-modal]   moe_hybridep_pad_variable_tokens ................ False
[algo2a-g3-l1-modal] 
[algo2a-g3-l1-modal]   moe_input_jitter_eps ............................ None
[algo2a-g3-l1-modal] 
[algo2a-g3-l1-modal]   moe_latent_size ................................. None
[algo2a-g3-l1-modal] 
[algo2a-g3-l1-modal]   moe_latent_use_norm ............................. False
[algo2a-g3-l1-modal] 
[algo2a-g3-l1-modal]   moe_layer_freq .................................. 1
[algo2a-g3-l1-modal] 
[algo2a-g3-l1-modal]   moe_layer_recompute ............................. False
[algo2a-g3-l1-modal] 
[algo2a-g3-l1-modal]   moe_mlp_glu_interleave_size ..................... None
[algo2a-g3-l1-modal] 
[algo2a-g3-l1-modal]   moe_n_hash_layers ............................... 0
[algo2a-g3-l1-modal] 
[algo2a-g3-l1-modal]   moe_ncclep_static_shape ......................... False
[algo2a-g3-l1-modal] 
[algo2a-g3-l1-modal]   moe_ncclep_use_symm_mem ......................... False
[algo2a-g3-l1-modal] 
[algo2a-g3-l1-modal]   moe_pad_expert_input_to_capacity ................ False
[algo2a-g3-l1-modal] 
[algo2a-g3-l1-modal]   moe_pad_experts_for_cuda_graph_inference ........ False
[algo2a-g3-l1-modal] 
  moe_paged_stash ................................. False
[algo2a-g3-l1-modal] 
[algo2a-g3-l1-modal]   moe_paged_stash_buffer_size_factor_cpu .......... 0.0
[algo2a-g3-l1-modal] 
[algo2a-g3-l1-modal]   moe_paged_stash_buffer_size_factor_cuda ......... 1.1
[algo2a-g3-l1-modal] 
[algo2a-g3-l1-modal]   moe_paged_stash_page_size ....................... 64
[algo2a-g3-l1-modal] 
[algo2a-g3-l1-modal]   moe_per_layer_logging ........................... False
[algo2a-g3-l1-modal] 
[algo2a-g3-l1-modal]   moe_permute_fusion .............................. False
[algo2a-g3-l1-modal] 
[algo2a-g3-l1-modal]   moe_permute_fusion_into_hybridep ................ False
[algo2a-g3-l1-modal] 
[algo2a-g3-l1-modal]   moe_router_bias_update_rate ..................... 0.001
[algo2a-g3-l1-modal] 
[algo2a-g3-l1-modal]   moe_router_dtype ................................ None
[algo2a-g3-l1-modal] 
[algo2a-g3-l1-modal]   moe_router_enable_expert_bias ................... False
[algo2a-g3-l1-modal] 
[algo2a-g3-l1-modal]   moe_router_force_biased ......................... None
[algo2a-g3-l1-modal] 
[algo2a-g3-l1-modal]   moe_router_force_load_balancing ................. False
[algo2a-g3-l1-modal] 
[algo2a-g3-l1-modal]   moe_router_freeze_gate .......................... False
[algo2a-g3-l1-modal] 
[algo2a-g3-l1-modal]   moe_router_fusion ............................... False
[algo2a-g3-l1-modal] 
[algo2a-g3-l1-modal]   moe_router_group_topk ........................... None
[algo2a-g3-l1-modal] 
[algo2a-g3-l1-modal]   moe_router_load_balancing_type .................. aux_loss
[algo2a-g3-l1-modal] 
[algo2a-g3-l1-modal]   moe_router_num_groups ........................... None
[algo2a-g3-l1-modal] 
[algo2a-g3-l1-modal]   moe_router_padding_for_fp8 ...................... False
[algo2a-g3-l1-modal] 
[algo2a-g3-l1-modal]   moe_router_padding_for_quantization ............. False
[algo2a-g3-l1-modal] 
[algo2a-g3-l1-modal]   moe_router_pre_softmax .......................... False
[algo2a-g3-l1-modal] 
[algo2a-g3-l1-modal]   moe_router_score_function ....................... softmax
[algo2a-g3-l1-modal] 
[algo2a-g3-l1-modal]   moe_router_topk ................................. 2
[algo2a-g3-l1-modal] 
[algo2a-g3-l1-modal]   moe_router_topk_scaling_factor .................. None
[algo2a-g3-l1-modal] 
[algo2a-g3-l1-modal]   moe_router_use_torch_mm ......................... True
[algo2a-g3-l1-modal] 
[algo2a-g3-l1-modal]   moe_routing_trace_capture_hidden_states ......... False
[algo2a-g3-l1-modal] 
[algo2a-g3-l1-modal]   moe_routing_trace_capture_logits ................ False
[algo2a-g3-l1-modal] 
[algo2a-g3-l1-modal]   moe_routing_trace_dump_weights .................. False
[algo2a-g3-l1-modal] 
[algo2a-g3-l1-modal]   moe_routing_trace_max_training_iters ............ None
[algo2a-g3-l1-modal] 
[algo2a-g3-l1-modal]   moe_routing_trace_path .......................... None
[algo2a-g3-l1-modal] 
[algo2a-g3-l1-modal]   moe_shared_expert_gate .......................... False
[algo2a-g3-l1-modal] 
[algo2a-g3-l1-modal]   moe_shared_expert_glu_interleave_size ........... None
[algo2a-g3-l1-modal] 
[algo2a-g3-l1-modal]   moe_shared_expert_intermediate_size ............. None
[algo2a-g3-l1-modal] 
[algo2a-g3-l1-modal]   moe_shared_expert_overlap ....................... False
[algo2a-g3-l1-modal] 
[algo2a-g3-l1-modal]   moe_single_grouped_bias ......................... False
[algo2a-g3-l1-modal] 
[algo2a-g3-l1-modal]   moe_single_grouped_weight ....................... False
[algo2a-g3-l1-modal] 
[algo2a-g3-l1-modal]   moe_token_dispatcher_type ....................... allgather
[algo2a-g3-l1-modal] 
[algo2a-g3-l1-modal]   moe_token_drop_policy ........................... probs
[algo2a-g3-l1-modal] 
[algo2a-g3-l1-modal]   moe_upcycling_granularity ....................... 1
[algo2a-g3-l1-modal] 
[algo2a-g3-l1-modal]   moe_use_upcycling ............................... False
[algo2a-g3-l1-modal] 
[algo2a-g3-l1-modal]   moe_z_loss_coeff ................................ None
[algo2a-g3-l1-modal] 
[algo2a-g3-l1-modal]   mooncake_replica_num ............................ 1
[algo2a-g3-l1-modal] 
[algo2a-g3-l1-modal]   mooncake_store_init_kwargs ...................... None
[algo2a-g3-l1-modal] 
[algo2a-g3-l1-modal]   mrope_interleaved ............................... False
[algo2a-g3-l1-modal] 
[algo2a-g3-l1-modal]   mrope_section ................................... None
[algo2a-g3-l1-modal] 
[algo2a-g3-l1-modal]   mscale .......................................... 1.0
[algo2a-g3-l1-modal] 
[algo2a-g3-l1-modal]   mscale_all_dim .................................. 0.0
[algo2a-g3-l1-modal] 
[algo2a-g3-l1-modal]   mtp_detach_heads ................................ False
[algo2a-g3-l1-modal] 
[algo2a-g3-l1-modal]   mtp_hybrid_override_pattern ..................... None
[algo2a-g3-l1-modal] 
[algo2a-g3-l1-modal]   mtp_loss_scaling_factor ......................... 0.2
[algo2a-g3-l1-modal] 
[algo2a-g3-l1-modal]   mtp_num_layers .................................. None
[algo2a-g3-l1-modal] 
[algo2a-g3-l1-modal]   mtp_standalone .................................. False
[algo2a-g3-l1-modal] 
[algo2a-g3-l1-modal]   mtp_use_repeated_layer .......................... False
[algo2a-g3-l1-modal] 
[algo2a-g3-l1-modal]   multi_latent_attention .......................... False
[algo2a-g3-l1-modal] 
[algo2a-g3-l1-modal]   multi_lora ...................................... False
[algo2a-g3-l1-modal] 
[algo2a-g3-l1-modal]   multi_lora_n_adapters ........................... 0
[algo2a-g3-l1-modal] 
[algo2a-g3-l1-modal]   multimodal_keys ................................. None
[algo2a-g3-l1-modal] 
[algo2a-g3-l1-modal]   multiple_validation_sets ........................ False
[algo2a-g3-l1-modal] 
[algo2a-g3-l1-modal]   muon_coefficient_type ........................... quintic
[algo2a-g3-l1-modal] 
[algo2a-g3-l1-modal]   muon_extra_scale_factor ......................... 1.0
[algo2a-g3-l1-modal] 
[algo2a-g3-l1-modal]   muon_fp32_matmul_prec ........................... medium
[algo2a-g3-l1-modal] 
[algo2a-g3-l1-modal]   muon_momentum ................................... 0.9
[algo2a-g3-l1-modal] 
[algo2a-g3-l1-modal]   muon_nesterov ................................... False
[algo2a-g3-l1-modal] 
[algo2a-g3-l1-modal]   muon_num_ns_steps ............................... 5
[algo2a-g3-l1-modal] 
[algo2a-g3-l1-modal]   muon_scalar_optimizer ........................... adam
[algo2a-g3-l1-modal] 
[algo2a-g3-l1-modal]   muon_scale_mode ................................. spectral
[algo2a-g3-l1-modal] 
[algo2a-g3-l1-modal]   muon_split_qkv .................................. True
[algo2a-g3-l1-modal] 
[algo2a-g3-l1-modal]   muon_tp_mode .................................... blockwise
[algo2a-g3-l1-modal] 
[algo2a-g3-l1-modal]   mup_attn_scale_power ............................ 1.0
[algo2a-g3-l1-modal] 
[algo2a-g3-l1-modal]   mup_base_head_dim ............................... None
[algo2a-g3-l1-modal] 
[algo2a-g3-l1-modal]   mup_base_hidden_size ............................ None
[algo2a-g3-l1-modal] 
[algo2a-g3-l1-modal]   mup_embedding_mult .............................. 1.0
[algo2a-g3-l1-modal] 
[algo2a-g3-l1-modal]   mup_output_mult ................................. 1.0
[algo2a-g3-l1-modal] 
[algo2a-g3-l1-modal]   mup_width_mult .................................. 1.0
[algo2a-g3-l1-modal] 
[algo2a-g3-l1-modal]   n_samples_per_eval_prompt ....................... 1
[algo2a-g3-l1-modal] 
[algo2a-g3-l1-modal]   n_samples_per_prompt ............................ 8
[algo2a-g3-l1-modal] 
[algo2a-g3-l1-modal]   nccl_all_reduce_for_prefill ..................... False
[algo2a-g3-l1-modal] 
[algo2a-g3-l1-modal]   nccl_communicator_config_path ................... None
[algo2a-g3-l1-modal] 
[algo2a-g3-l1-modal]   nccl_ub ......................................... False
[algo2a-g3-l1-modal] 
[algo2a-g3-l1-modal]   no_load_optim ................................... True
[algo2a-g3-l1-modal] 
[algo2a-g3-l1-modal]   no_load_rng ..................................... True
[algo2a-g3-l1-modal] 
[algo2a-g3-l1-modal]   no_persist_layer_norm ........................... False
[algo2a-g3-l1-modal] 
[algo2a-g3-l1-modal]   no_rope_freq .................................... None
[algo2a-g3-l1-modal] 
[algo2a-g3-l1-modal]   no_save_optim ................................... True
[algo2a-g3-l1-modal] 
[algo2a-g3-l1-modal]   no_save_rng ..................................... True
[algo2a-g3-l1-modal] 
[algo2a-g3-l1-modal]   no_weight_decay_cond_type ....................... None
[algo2a-g3-l1-modal] 
[algo2a-g3-l1-modal]   non_persistent_ckpt_type ........................ None
[algo2a-g3-l1-modal] 
[algo2a-g3-l1-modal]   non_persistent_global_ckpt_dir .................. None
[algo2a-g3-l1-modal] 
[algo2a-g3-l1-modal]   non_persistent_local_ckpt_algo .................. fully_parallel
[algo2a-g3-l1-modal] 
[algo2a-g3-l1-modal]   non_persistent_local_ckpt_dir ................... None
[algo2a-g3-l1-modal] 
[algo2a-g3-l1-modal]   non_persistent_save_interval .................... None
[algo2a-g3-l1-modal] 
[algo2a-g3-l1-modal]   normalization ................................... RMSNorm
[algo2a-g3-l1-modal] 
[algo2a-g3-l1-modal]   normalize_advantages ............................ False
[algo2a-g3-l1-modal] 
[algo2a-g3-l1-modal]   null_tokenizer_eod_id ........................... None
[algo2a-g3-l1-modal] 
[algo2a-g3-l1-modal]   null_tokenizer_pad_id ........................... -1
[algo2a-g3-l1-modal] 
[algo2a-g3-l1-modal]   num_attention_heads ............................. 16
[algo2a-g3-l1-modal] 
[algo2a-g3-l1-modal]   num_channels .................................... 3
[algo2a-g3-l1-modal] 
[algo2a-g3-l1-modal]   num_classes ..................................... 1000
[algo2a-g3-l1-modal] 
[algo2a-g3-l1-modal]   num_critic_only_steps ........................... 0
[algo2a-g3-l1-modal] 
[algo2a-g3-l1-modal]   num_dataset_builder_threads ..................... 1
[algo2a-g3-l1-modal] 
[algo2a-g3-l1-modal]   num_distributed_optimizer_instances ............. 1
[algo2a-g3-l1-modal] 
[algo2a-g3-l1-modal]   num_epoch ....................................... None
[algo2a-g3-l1-modal] 
[algo2a-g3-l1-modal]   num_experts ..................................... None
[algo2a-g3-l1-modal] 
[algo2a-g3-l1-modal]   num_gpus_per_node ............................... 1
[algo2a-g3-l1-modal] 
[algo2a-g3-l1-modal]   num_layers ...................................... 28
[algo2a-g3-l1-modal] 
[algo2a-g3-l1-modal]   num_layers_at_end_in_bf16 ....................... 1
[algo2a-g3-l1-modal] 
[algo2a-g3-l1-modal]   num_layers_at_start_in_bf16 ..................... 1
[algo2a-g3-l1-modal] 
[algo2a-g3-l1-modal]   num_layers_per_virtual_pipeline_stage ........... None
[algo2a-g3-l1-modal] 
[algo2a-g3-l1-modal]   num_query_groups ................................ 8
[algo2a-g3-l1-modal] 
[algo2a-g3-l1-modal]   num_residual_streams ............................ 4
[algo2a-g3-l1-modal] 
[algo2a-g3-l1-modal]   num_rollout ..................................... 3
[algo2a-g3-l1-modal] 
[algo2a-g3-l1-modal]   num_speculative_tokens .......................... 0
[algo2a-g3-l1-modal] 
[algo2a-g3-l1-modal]   num_steps_per_rollout ........................... 1
[algo2a-g3-l1-modal] 
[algo2a-g3-l1-modal]   num_virtual_stages_per_pipeline_rank ............ None
[algo2a-g3-l1-modal] 
[algo2a-g3-l1-modal]   num_workers ..................................... 2
[algo2a-g3-l1-modal] 
[algo2a-g3-l1-modal]   nvtx_ranges ..................................... False
[algo2a-g3-l1-modal] 
[algo2a-g3-l1-modal]   o_groups ........................................ 8
[algo2a-g3-l1-modal] 
[algo2a-g3-l1-modal]   o_lora_rank ..................................... 1024
[algo2a-g3-l1-modal] 
[algo2a-g3-l1-modal]   object_storage_cache_path ....................... None
[algo2a-g3-l1-modal] 
[algo2a-g3-l1-modal]   object_store_backend ............................ ray
[algo2a-g3-l1-modal] 
[algo2a-g3-l1-modal]   observe_training_entropy ........................ False
[algo2a-g3-l1-modal] 
[algo2a-g3-l1-modal]   offload_modules ................................. []
[algo2a-g3-l1-modal] 
[algo2a-g3-l1-modal]   offload_optimizer_states ........................ False
[algo2a-g3-l1-modal] 
[algo2a-g3-l1-modal]   offload_rollout ................................. True
[algo2a-g3-l1-modal] 
[algo2a-g3-l1-modal]   offload_rollout_level ........................... ['kv_cache', 'weight']
[algo2a-g3-l1-modal] 
[algo2a-g3-l1-modal]   offload_train ................................... True
[algo2a-g3-l1-modal] 
[algo2a-g3-l1-modal]   offload_train_disk_chunk_mb ..................... 256
[algo2a-g3-l1-modal] 
[algo2a-g3-l1-modal]   offload_train_disk_dir .......................... None
[algo2a-g3-l1-modal] 
[algo2a-g3-l1-modal]   offload_train_target ............................ cpu
[algo2a-g3-l1-modal] 
[algo2a-g3-l1-modal]   one_logger_async ................................ False
[algo2a-g3-l1-modal] 
[algo2a-g3-l1-modal]   one_logger_project .............................. megatron-lm
[algo2a-g3-l1-modal] 
[algo2a-g3-l1-modal]   one_logger_run_name ............................. None
[algo2a-g3-l1-modal] 
[algo2a-g3-l1-modal]   onnx_safe ....................................... None
[algo2a-g3-l1-modal] 
[algo2a-g3-l1-modal]   opd_kl_coef ..................................... 1.0
[algo2a-g3-l1-modal] 
[algo2a-g3-l1-modal]   opd_log_prob_top_k .............................. 0
[algo2a-g3-l1-modal] 
[algo2a-g3-l1-modal]   opd_reward_weight_mode .......................... student_p
[algo2a-g3-l1-modal] 
[algo2a-g3-l1-modal]   opd_teacher_ckpt_step ........................... None
[algo2a-g3-l1-modal] 
[algo2a-g3-l1-modal]   opd_teacher_key ................................. opd_teacher
[algo2a-g3-l1-modal] 
[algo2a-g3-l1-modal]   opd_teacher_load ................................ None
[algo2a-g3-l1-modal] 
[algo2a-g3-l1-modal]   opd_teacher_urls ................................ None
[algo2a-g3-l1-modal] 
[algo2a-g3-l1-modal]   opd_top_k_strategy .............................. only-student
[algo2a-g3-l1-modal] 
[algo2a-g3-l1-modal]   opd_topk_per_position ........................... False
[algo2a-g3-l1-modal] 
[algo2a-g3-l1-modal]   opd_type ........................................ None
[algo2a-g3-l1-modal] 
[algo2a-g3-l1-modal]   openai_gelu ..................................... False
[algo2a-g3-l1-modal] 
[algo2a-g3-l1-modal]   opsm_delta ...................................... 0.0001
[algo2a-g3-l1-modal] 
[algo2a-g3-l1-modal]   optimizer ....................................... adam
[algo2a-g3-l1-modal] 
[algo2a-g3-l1-modal]   optimizer_cpu_offload ........................... False
[algo2a-g3-l1-modal] 
[algo2a-g3-l1-modal]   optimizer_cuda_graph ............................ False
[algo2a-g3-l1-modal] 
[algo2a-g3-l1-modal]   optimizer_offload_fraction ...................... 1.0
[algo2a-g3-l1-modal] 
[algo2a-g3-l1-modal]   optimizer_state_offload_chunk_size_mb ........... 0
[algo2a-g3-l1-modal] 
[algo2a-g3-l1-modal]   optimizer_state_offload_fraction ................ 1.0
[algo2a-g3-l1-modal] 
[algo2a-g3-l1-modal]   original_max_position_embeddings ................ 4096
[algo2a-g3-l1-modal] 
[algo2a-g3-l1-modal]   outer_dp_sharding_strategy ...................... no_shard
[algo2a-g3-l1-modal] 
[algo2a-g3-l1-modal]   output_bert_embeddings .......................... False
[algo2a-g3-l1-modal] 
[algo2a-g3-l1-modal]   over_sampling_batch_size ........................ 4
[algo2a-g3-l1-modal] 
[algo2a-g3-l1-modal]   overlap_cpu_optimizer_d2h_h2d ................... False
[algo2a-g3-l1-modal] 
[algo2a-g3-l1-modal]   overlap_dispatch_backward_with_experts_wgrad .... False
[algo2a-g3-l1-modal] 
[algo2a-g3-l1-modal]   overlap_grad_reduce ............................. False
[algo2a-g3-l1-modal] 
[algo2a-g3-l1-modal]   overlap_moe_expert_parallel_comm ................ False
[algo2a-g3-l1-modal] 
[algo2a-g3-l1-modal]   overlap_p2p_comm ................................ False
[algo2a-g3-l1-modal] 
[algo2a-g3-l1-modal]   overlap_p2p_comm_warmup_flush ................... False
[algo2a-g3-l1-modal] 
[algo2a-g3-l1-modal]   overlap_param_gather ............................ False
[algo2a-g3-l1-modal] 
[algo2a-g3-l1-modal]   overlap_param_gather_with_optimizer_step ........ False
[algo2a-g3-l1-modal] 
[algo2a-g3-l1-modal]   override_opt_param_scheduler .................... False
[algo2a-g3-l1-modal] 
[algo2a-g3-l1-modal]   p2p_transfer_num_workers ........................ 4
[algo2a-g3-l1-modal] 
[algo2a-g3-l1-modal]   p2p_transfer_timeout ............................ 30.0
[algo2a-g3-l1-modal] 
[algo2a-g3-l1-modal]   pad_packed_seq_alignment ........................ None
[algo2a-g3-l1-modal] 
[algo2a-g3-l1-modal]   pad_vocab_size .................................. True
[algo2a-g3-l1-modal] 
[algo2a-g3-l1-modal]   padded_vocab_size ............................... 151936
[algo2a-g3-l1-modal] 
[algo2a-g3-l1-modal]   params_dtype .................................... torch.bfloat16
[algo2a-g3-l1-modal] 
[algo2a-g3-l1-modal]   partial_rollout ................................. False
[algo2a-g3-l1-modal] 
[algo2a-g3-l1-modal]   patch_dim ....................................... 16
[algo2a-g3-l1-modal] 
[algo2a-g3-l1-modal]   pause_generation_mode ........................... retract
[algo2a-g3-l1-modal] 
[algo2a-g3-l1-modal]   per_dataset_sequences_path ...................... None
[algo2a-g3-l1-modal] 
[algo2a-g3-l1-modal]   per_split_data_args_path ........................ None
[algo2a-g3-l1-modal] 
[algo2a-g3-l1-modal]   perform_initialization .......................... True
[algo2a-g3-l1-modal] 
[algo2a-g3-l1-modal]   perform_rl_step ................................. False
[algo2a-g3-l1-modal] 
[algo2a-g3-l1-modal]   phase_transition_iterations ..................... None
[algo2a-g3-l1-modal] 
[algo2a-g3-l1-modal]   pin_cpu_grads ................................... True
[algo2a-g3-l1-modal] 
[algo2a-g3-l1-modal]   pin_cpu_params .................................. True
[algo2a-g3-l1-modal] 
[algo2a-g3-l1-modal]   pin_rollout_manager_to_head ..................... True
[algo2a-g3-l1-modal] 
[algo2a-g3-l1-modal]   pipeline_model_parallel_comm_backend ............ None
[algo2a-g3-l1-modal] 
[algo2a-g3-l1-modal]   pipeline_model_parallel_layout .................. None
[algo2a-g3-l1-modal] 
[algo2a-g3-l1-modal]   pipeline_model_parallel_size .................... 1
[algo2a-g3-l1-modal] 
[algo2a-g3-l1-modal]   position_embedding_type ......................... rope
[algo2a-g3-l1-modal] 
[algo2a-g3-l1-modal]   post_mlp_layernorm .............................. False
[algo2a-g3-l1-modal] 
[algo2a-g3-l1-modal]   post_self_attn_layernorm ........................ False
[algo2a-g3-l1-modal] 
[algo2a-g3-l1-modal]   prefill_num_servers ............................. None
[algo2a-g3-l1-modal] 
[algo2a-g3-l1-modal]   pretrained_checkpoint ........................... None
[algo2a-g3-l1-modal] 
[algo2a-g3-l1-modal]   profile ......................................... False
[algo2a-g3-l1-modal] 
[algo2a-g3-l1-modal]   profile_ranks ................................... []
[algo2a-g3-l1-modal] 
[algo2a-g3-l1-modal]   profile_step_end ................................ 12
[algo2a-g3-l1-modal] 
[algo2a-g3-l1-modal]   profile_step_start .............................. 10
[algo2a-g3-l1-modal] 
[algo2a-g3-l1-modal]   profile_target .................................. ['train_overall']
[algo2a-g3-l1-modal] 
[algo2a-g3-l1-modal]   prometheus_port ................................. 9090
[algo2a-g3-l1-modal] 
[algo2a-g3-l1-modal]   prometheus_run_name ............................. None
[algo2a-g3-l1-modal] 
[algo2a-g3-l1-modal]   prompt_data ..................................... /root/yeto-rl/prompts.jsonl
[algo2a-g3-l1-modal] 
[algo2a-g3-l1-modal]   pytorch_profiler_collect_callstack .............. False
[algo2a-g3-l1-modal]   pytorch_profiler_collect_chakra ................. False
[algo2a-g3-l1-modal] 
  pytorch_profiler_collect_shapes ................. False
[algo2a-g3-l1-modal] 
[algo2a-g3-l1-modal]   q_lora_rank ..................................... None
[algo2a-g3-l1-modal] 
[algo2a-g3-l1-modal]   qk_clip ......................................... False
[algo2a-g3-l1-modal] 
[algo2a-g3-l1-modal]   qk_clip_alpha ................................... 0.5
[algo2a-g3-l1-modal] 
[algo2a-g3-l1-modal]   qk_clip_threshold ............................... 100
[algo2a-g3-l1-modal] 
[algo2a-g3-l1-modal]   qk_head_dim ..................................... 128
[algo2a-g3-l1-modal] 
  qk_l2_norm ...................................... False
[algo2a-g3-l1-modal] 
[algo2a-g3-l1-modal]   qk_layernorm .................................... True
[algo2a-g3-l1-modal] 
[algo2a-g3-l1-modal]   qk_pos_emb_head_dim ............................. 64
[algo2a-g3-l1-modal] 
[algo2a-g3-l1-modal]   qkv_format ...................................... thd
[algo2a-g3-l1-modal] 
[algo2a-g3-l1-modal]   query_in_block_prob ............................. 0.1
[algo2a-g3-l1-modal] 
[algo2a-g3-l1-modal]   quick_geglu ..................................... False
[algo2a-g3-l1-modal] 
[algo2a-g3-l1-modal]   rampup_batch_size ............................... None
[algo2a-g3-l1-modal] 
[algo2a-g3-l1-modal]   rank ............................................ 0
[algo2a-g3-l1-modal] 
[algo2a-g3-l1-modal]   recompute_granularity ........................... None
[algo2a-g3-l1-modal] 
[algo2a-g3-l1-modal]   recompute_logprobs_via_prefill .................. False
[algo2a-g3-l1-modal] 
[algo2a-g3-l1-modal]   recompute_loss_function ......................... False
[algo2a-g3-l1-modal] 
[algo2a-g3-l1-modal]   recompute_method ................................ None
[algo2a-g3-l1-modal] 
[algo2a-g3-l1-modal]   recompute_modules ............................... None
[algo2a-g3-l1-modal] 
[algo2a-g3-l1-modal]   recompute_num_layers ............................ None
[algo2a-g3-l1-modal] 
[algo2a-g3-l1-modal]   record_memory_history ........................... False
[algo2a-g3-l1-modal] 
[algo2a-g3-l1-modal]   record_shapes ................................... False
[algo2a-g3-l1-modal] 
[algo2a-g3-l1-modal]   ref_ckpt_step ................................... None
[algo2a-g3-l1-modal] 
[algo2a-g3-l1-modal]   ref_load ........................................ /root/.cache/huggingface/hub/models--Qwen--Qwen3-0.6B/snapshots/c1899de289a04d12100db370d81485cdf75e47ca
[algo2a-g3-l1-modal] 
[algo2a-g3-l1-modal]   ref_update_interval ............................. None
[algo2a-g3-l1-modal] 
[algo2a-g3-l1-modal]   refit_method .................................... gloo
[algo2a-g3-l1-modal] 
[algo2a-g3-l1-modal]   relative_attention_max_distance ................. 128
[algo2a-g3-l1-modal] 
[algo2a-g3-l1-modal]   relative_attention_num_buckets .................. 32
[algo2a-g3-l1-modal] 
[algo2a-g3-l1-modal]   rematerialize_param_from_master_weight .......... False
[algo2a-g3-l1-modal] 
[algo2a-g3-l1-modal]   replication ..................................... False
[algo2a-g3-l1-modal] 
[algo2a-g3-l1-modal]   replication_factor .............................. 2
[algo2a-g3-l1-modal] 
[algo2a-g3-l1-modal]   replication_jump ................................ None
[algo2a-g3-l1-modal] 
[algo2a-g3-l1-modal]   requested_load .................................. None
[algo2a-g3-l1-modal] 
[algo2a-g3-l1-modal]   rerun_mode ...................................... validate_results
[algo2a-g3-l1-modal] 
[algo2a-g3-l1-modal]   reset_attention_mask ............................ False
[algo2a-g3-l1-modal] 
[algo2a-g3-l1-modal]   reset_optimizer_states .......................... False
[algo2a-g3-l1-modal] 
[algo2a-g3-l1-modal]   reset_position_ids .............................. False
[algo2a-g3-l1-modal] 
[algo2a-g3-l1-modal]   result_rejected_tracker_filename ................ None
[algo2a-g3-l1-modal] 
[algo2a-g3-l1-modal]   retriever_report_topk_accuracies ................ []
[algo2a-g3-l1-modal] 
[algo2a-g3-l1-modal]   retriever_score_scaling ......................... False
[algo2a-g3-l1-modal] 
[algo2a-g3-l1-modal]   reuse_grad_buf_for_mxfp8_param_ag ............... False
[algo2a-g3-l1-modal] 
[algo2a-g3-l1-modal]   reward_key ...................................... None
[algo2a-g3-l1-modal] 
[algo2a-g3-l1-modal]   rewards_normalization ........................... True
[algo2a-g3-l1-modal] 
[algo2a-g3-l1-modal]   rl_consumption_granularity ...................... B
[algo2a-g3-l1-modal] 
[algo2a-g3-l1-modal]   rl_default_temperature .......................... 1.0
[algo2a-g3-l1-modal] 
[algo2a-g3-l1-modal]   rl_default_top_k ................................ -1
[algo2a-g3-l1-modal] 
[algo2a-g3-l1-modal]   rl_default_top_p ................................ 0
[algo2a-g3-l1-modal] 
[algo2a-g3-l1-modal]   rl_generation_lag ............................... 0
[algo2a-g3-l1-modal] 
[algo2a-g3-l1-modal]   rl_importance_sampling_truncation_coef .......... None
[algo2a-g3-l1-modal] 
[algo2a-g3-l1-modal]   rl_inference_expert_model_parallel_size ......... None
[algo2a-g3-l1-modal] 
[algo2a-g3-l1-modal]   rl_inference_expert_tensor_model_parallel_size .. None
[algo2a-g3-l1-modal] 
[algo2a-g3-l1-modal]   rl_inference_logprobs_is_correction ............. False
[algo2a-g3-l1-modal] 
[algo2a-g3-l1-modal]   rl_inference_model_unified_memory_level ......... 0
[algo2a-g3-l1-modal] 
[algo2a-g3-l1-modal]   rl_inference_parsers ............................ []
[algo2a-g3-l1-modal] 
[algo2a-g3-l1-modal]   rl_inference_pipeline_model_parallel_size ....... None
[algo2a-g3-l1-modal] 
[algo2a-g3-l1-modal]   rl_inference_tensor_model_parallel_size ......... None
[algo2a-g3-l1-modal] 
[algo2a-g3-l1-modal]   rl_kv_cache_management_mode ..................... persist
[algo2a-g3-l1-modal] 
[algo2a-g3-l1-modal]   rl_offload_inference_model_weights_when_idle .... False
[algo2a-g3-l1-modal] 
[algo2a-g3-l1-modal]   rl_offload_optimizer_during_inference ........... False
[algo2a-g3-l1-modal] 
[algo2a-g3-l1-modal]   rl_partial_rollouts ............................. False
[algo2a-g3-l1-modal] 
[algo2a-g3-l1-modal]   rl_persist_cuda_graphs .......................... False
[algo2a-g3-l1-modal] 
[algo2a-g3-l1-modal]   rl_profile ...................................... False
[algo2a-g3-l1-modal] 
[algo2a-g3-l1-modal]   rl_profile_dir .................................. None
[algo2a-g3-l1-modal] 
[algo2a-g3-l1-modal]   rl_prompts_per_eval ............................. 32
[algo2a-g3-l1-modal] 
[algo2a-g3-l1-modal]   rl_sequence_packing_algo ........................ fifo
[algo2a-g3-l1-modal] 
[algo2a-g3-l1-modal]   rl_sequence_packing_max_sequences_per_bin ....... 50
[algo2a-g3-l1-modal] 
[algo2a-g3-l1-modal]   rl_skip_bos_token ............................... False
[algo2a-g3-l1-modal] 
[algo2a-g3-l1-modal]   rl_submission_granularity ....................... B
[algo2a-g3-l1-modal] 
[algo2a-g3-l1-modal]   rl_training_cuda_graphs ......................... False
[algo2a-g3-l1-modal] 
[algo2a-g3-l1-modal]   rl_use_sequence_packing ......................... False
[algo2a-g3-l1-modal] 
[algo2a-g3-l1-modal]   rl_verify_model_weights_swap .................... False
[algo2a-g3-l1-modal] 
[algo2a-g3-l1-modal]   rm_type ......................................... None
[algo2a-g3-l1-modal] 
[algo2a-g3-l1-modal]   rm_url .......................................... None
[algo2a-g3-l1-modal] 
[algo2a-g3-l1-modal]   rollout_all_samples_process_path ................ yeto.rl.engine.miles_adapter.rollout_meta_hook.extract_rollout_metadata
[algo2a-g3-l1-modal] 
[algo2a-g3-l1-modal]   rollout_batch_size .............................. 4
[algo2a-g3-l1-modal] 
[algo2a-g3-l1-modal]   rollout_buffer_url .............................. None
[algo2a-g3-l1-modal] 
[algo2a-g3-l1-modal]   rollout_data_postprocess_path ................... None
[algo2a-g3-l1-modal] 
[algo2a-g3-l1-modal]   rollout_external ................................ False
[algo2a-g3-l1-modal] 
[algo2a-g3-l1-modal]   rollout_external_engine_addrs ................... None
[algo2a-g3-l1-modal] 
[algo2a-g3-l1-modal]   rollout_external_router_pd ...................... False
[algo2a-g3-l1-modal] 
[algo2a-g3-l1-modal]   rollout_function_path ........................... miles.rollout.inference_rollout.inference_rollout_common.InferenceRolloutFn
[algo2a-g3-l1-modal] 
[algo2a-g3-l1-modal]   rollout_global_dataset .......................... True
[algo2a-g3-l1-modal] 
[algo2a-g3-l1-modal]   rollout_health_check_failure_threshold .......... 1
[algo2a-g3-l1-modal] 
[algo2a-g3-l1-modal]   rollout_health_check_first_wait ................. 0.0
[algo2a-g3-l1-modal] 
[algo2a-g3-l1-modal]   rollout_health_check_interval ................... 30.0
[algo2a-g3-l1-modal] 
[algo2a-g3-l1-modal]   rollout_health_check_timeout .................... 30.0
[algo2a-g3-l1-modal] 
[algo2a-g3-l1-modal]   rollout_indexer_topk_num_streams ................ None
[algo2a-g3-l1-modal] 
[algo2a-g3-l1-modal]   rollout_max_context_len ......................... 1024
[algo2a-g3-l1-modal] 
[algo2a-g3-l1-modal]   rollout_max_prompt_len .......................... 1023
[algo2a-g3-l1-modal] 
[algo2a-g3-l1-modal]   rollout_max_response_len ........................ 384
[algo2a-g3-l1-modal] 
[algo2a-g3-l1-modal]   rollout_num_gpus ................................ 1
[algo2a-g3-l1-modal] 
  rollout_num_gpus_per_engine ..................... 1
[algo2a-g3-l1-modal] 
[algo2a-g3-l1-modal]   rollout_sample_filter_path ...................... yeto.rl.engine.miles_adapter.rollout_meta_hook.record_trained_groups
[algo2a-g3-l1-modal] 
[algo2a-g3-l1-modal]   rollout_seed .................................... 18
[algo2a-g3-l1-modal] 
[algo2a-g3-l1-modal]   rollout_shuffle ................................. False
[algo2a-g3-l1-modal] 
[algo2a-g3-l1-modal]   rollout_skip_special_tokens ..................... False
[algo2a-g3-l1-modal] 
[algo2a-g3-l1-modal]   rollout_stop .................................... None
[algo2a-g3-l1-modal] 
[algo2a-g3-l1-modal]   rollout_stop_token_ids .......................... None
[algo2a-g3-l1-modal] 
[algo2a-g3-l1-modal]   rollout_submission_granularity .................. None
[algo2a-g3-l1-modal] 
[algo2a-g3-l1-modal]   rollout_task_type ............................... math
[algo2a-g3-l1-modal] 
[algo2a-g3-l1-modal]   rollout_temperature ............................. 1.0
[algo2a-g3-l1-modal] 
[algo2a-g3-l1-modal]   rollout_top_k ................................... -1
[algo2a-g3-l1-modal] 
[algo2a-g3-l1-modal]   rollout_top_p ................................... 1.0
[algo2a-g3-l1-modal] 
[algo2a-g3-l1-modal]   rope_scaling_factor ............................. 8.0
[algo2a-g3-l1-modal] 
[algo2a-g3-l1-modal]   rope_type ....................................... rope
[algo2a-g3-l1-modal] 
[algo2a-g3-l1-modal]   rotary_base ..................................... 1000000
[algo2a-g3-l1-modal] 
[algo2a-g3-l1-modal]   rotary_base_per_layer ........................... None
[algo2a-g3-l1-modal] 
[algo2a-g3-l1-modal]   rotary_interleaved .............................. False
[algo2a-g3-l1-modal] 
[algo2a-g3-l1-modal]   rotary_percent .................................. 1.0
[algo2a-g3-l1-modal] 
[algo2a-g3-l1-modal]   rotary_scaling_factor ........................... 1.0
[algo2a-g3-l1-modal] 
[algo2a-g3-l1-modal]   rotary_seq_len_interpolation_factor ............. None
[algo2a-g3-l1-modal] 
[algo2a-g3-l1-modal]   router_allow_requests_without_routing_key ....... False
[algo2a-g3-l1-modal] 
[algo2a-g3-l1-modal]   router_api_key .................................. None
[algo2a-g3-l1-modal] 
[algo2a-g3-l1-modal]   router_assignment_mode .......................... random
[algo2a-g3-l1-modal] 
[algo2a-g3-l1-modal]   router_backend .................................. sglang
[algo2a-g3-l1-modal] 
[algo2a-g3-l1-modal]   router_balance_abs_threshold .................... 64
[algo2a-g3-l1-modal] 
[algo2a-g3-l1-modal]   router_balance_rel_threshold .................... 1.5
[algo2a-g3-l1-modal] 
[algo2a-g3-l1-modal]   router_bucket_adjust_interval_secs .............. 5
[algo2a-g3-l1-modal] 
[algo2a-g3-l1-modal]   router_ca_cert_paths ............................ []
[algo2a-g3-l1-modal] 
[algo2a-g3-l1-modal]   router_cache_threshold .......................... 0.3
[algo2a-g3-l1-modal] 
[algo2a-g3-l1-modal]   router_cb_failure_threshold ..................... 10
[algo2a-g3-l1-modal] 
[algo2a-g3-l1-modal]   router_cb_success_threshold ..................... 3
[algo2a-g3-l1-modal] 
[algo2a-g3-l1-modal]   router_cb_timeout_duration_secs ................. 60
[algo2a-g3-l1-modal] 
[algo2a-g3-l1-modal]   router_cb_window_duration_secs .................. 120
[algo2a-g3-l1-modal] 
[algo2a-g3-l1-modal]   router_chat_template ............................ None
[algo2a-g3-l1-modal] 
[algo2a-g3-l1-modal]   router_client_cert_path ......................... None
[algo2a-g3-l1-modal] 
[algo2a-g3-l1-modal]   router_client_key_path .......................... None
[algo2a-g3-l1-modal] 
[algo2a-g3-l1-modal]   router_control_plane_api_keys ................... []
[algo2a-g3-l1-modal] 
[algo2a-g3-l1-modal]   router_control_plane_audit_enabled .............. False
[algo2a-g3-l1-modal] 
[algo2a-g3-l1-modal]   router_cors_allowed_origins ..................... []
[algo2a-g3-l1-modal] 
[algo2a-g3-l1-modal]   router_decode ................................... None
[algo2a-g3-l1-modal] 
[algo2a-g3-l1-modal]   router_decode_policy ............................ None
[algo2a-g3-l1-modal] 
[algo2a-g3-l1-modal]   router_decode_selector .......................... {}
[algo2a-g3-l1-modal] 
[algo2a-g3-l1-modal]   router_disable_circuit_breaker .................. False
[algo2a-g3-l1-modal] 
[algo2a-g3-l1-modal]   router_disable_health_check ..................... False
[algo2a-g3-l1-modal] 
[algo2a-g3-l1-modal]   router_disable_retries .......................... False
[algo2a-g3-l1-modal] 
  router_dp_aware ................................. False
  router_enable_igw ............................... False
  router_enable_trace ............................. False
  router_eviction_interval_secs ................... 60
  router_health_check_endpoint .................... /health
  router_health_check_interval_secs ............... 60
  router_health_check_timeout_secs ................ 5
  router_health_failure_threshold ................. 3
  router_health_success_threshold ................. 2
  router_history_backend .......................... memory
  router_json_log ................................. False
  router_jwt_audience ............................. None
  router_jwt_issuer ............................... None
  router_jwt_jwks_uri ............................. None
  router_jwt_role_mapping ......................... []
  router_log_dir .................................. None
  router_log_level ................................ info
  router_max_concurrent_requests .................. -1
  router_max_idle_secs ............................ 14400
  router_max_payload_size ......................... 536870912
  router_max_tree_size ............................ 67108864
  router_mcp_config_path .......................... None
  router_mini_lb .................................. False
  router_model_path ............................... None
[algo2a-g3-l1-modal] 
[algo2a-g3-l1-modal]   router_oracle_connect_descriptor ................ None
[algo2a-g3-l1-modal] 
[algo2a-g3-l1-modal]   router_oracle_password .......................... None
[algo2a-g3-l1-modal] 
[algo2a-g3-l1-modal]   router_oracle_pool_max .......................... 16
[algo2a-g3-l1-modal] 
[algo2a-g3-l1-modal]   router_oracle_pool_min .......................... 1
[algo2a-g3-l1-modal] 
[algo2a-g3-l1-modal]   router_oracle_pool_timeout_secs ................. 30
[algo2a-g3-l1-modal] 
[algo2a-g3-l1-modal]   router_oracle_tns_alias ......................... None
[algo2a-g3-l1-modal] 
  router_oracle_username .......................... None
[algo2a-g3-l1-modal] 
  router_oracle_wallet_path ....................... None
[algo2a-g3-l1-modal] 
[algo2a-g3-l1-modal]   router_otlp_traces_endpoint ..................... localhost:4317
[algo2a-g3-l1-modal]   router_pd_disaggregation ........................ False
[algo2a-g3-l1-modal] 
[algo2a-g3-l1-modal]   router_policy ................................... cache_aware
[algo2a-g3-l1-modal]   router_postgres_db_url .......................... None
[algo2a-g3-l1-modal]   router_postgres_pool_max ........................ 16
[algo2a-g3-l1-modal] 
[algo2a-g3-l1-modal]   router_prefill .................................. None
[algo2a-g3-l1-modal] 
[algo2a-g3-l1-modal]   router_prefill_policy ........................... None
[algo2a-g3-l1-modal] 
[algo2a-g3-l1-modal]   router_prefill_selector ......................... {}
[algo2a-g3-l1-modal] 
[algo2a-g3-l1-modal]   router_prometheus_duration_buckets .............. None
[algo2a-g3-l1-modal] 
[algo2a-g3-l1-modal]   router_prometheus_host .......................... 0.0.0.0
[algo2a-g3-l1-modal] 
[algo2a-g3-l1-modal]   router_prometheus_port .......................... 29000
[algo2a-g3-l1-modal] 
[algo2a-g3-l1-modal]   router_queue_size ............................... 100
[algo2a-g3-l1-modal] 
  router_queue_timeout_secs ....................... 60
[algo2a-g3-l1-modal] 
[algo2a-g3-l1-modal]   router_rate_limit_tokens_per_second ............. None
[algo2a-g3-l1-modal] 
[algo2a-g3-l1-modal]   router_reasoning_parser ......................... None
[algo2a-g3-l1-modal] 
[algo2a-g3-l1-modal]   router_redis_pool_max ........................... 16
[algo2a-g3-l1-modal] 
[algo2a-g3-l1-modal]   router_redis_retention_days ..................... 30
[algo2a-g3-l1-modal] 
[algo2a-g3-l1-modal]   router_redis_url ................................ None
[algo2a-g3-l1-modal] 
[algo2a-g3-l1-modal]   router_request_id_headers ....................... None
[algo2a-g3-l1-modal] 
[algo2a-g3-l1-modal]   router_request_timeout_secs ..................... 1800
[algo2a-g3-l1-modal] 
[algo2a-g3-l1-modal]   router_retry_backoff_multiplier ................. 1.5
[algo2a-g3-l1-modal] 
[algo2a-g3-l1-modal]   router_retry_initial_backoff_ms ................. 50
[algo2a-g3-l1-modal] 
[algo2a-g3-l1-modal]   router_retry_jitter_factor ...................... 0.2
[algo2a-g3-l1-modal] 
[algo2a-g3-l1-modal]   router_retry_max_backoff_ms ..................... 30000
[algo2a-g3-l1-modal] 
[algo2a-g3-l1-modal]   router_retry_max_retries ........................ 5
[algo2a-g3-l1-modal] 
[algo2a-g3-l1-modal]   router_selector ................................. {}
[algo2a-g3-l1-modal] 
[algo2a-g3-l1-modal]   router_service_discovery ........................ False
[algo2a-g3-l1-modal] 
[algo2a-g3-l1-modal]   router_service_discovery_namespace .............. None
[algo2a-g3-l1-modal] 
[algo2a-g3-l1-modal]   router_service_discovery_port ................... 80
[algo2a-g3-l1-modal] 
[algo2a-g3-l1-modal]   router_shutdown_grace_period_secs ............... 180
[algo2a-g3-l1-modal] 
[algo2a-g3-l1-modal]   router_test_external_dp_routing ................. False
[algo2a-g3-l1-modal] 
[algo2a-g3-l1-modal]   router_tls_cert_path ............................ None
[algo2a-g3-l1-modal] 
[algo2a-g3-l1-modal]   router_tls_key_path ............................. None
[algo2a-g3-l1-modal] 
[algo2a-g3-l1-modal]   router_tokenizer_cache_enable_l0 ................ False
[algo2a-g3-l1-modal] 
[algo2a-g3-l1-modal]   router_tokenizer_cache_enable_l1 ................ False
[algo2a-g3-l1-modal] 
[algo2a-g3-l1-modal]   router_tokenizer_cache_l0_max_entries ........... 10000
[algo2a-g3-l1-modal] 
[algo2a-g3-l1-modal]   router_tokenizer_cache_l1_max_memory ............ 52428800
[algo2a-g3-l1-modal] 
[algo2a-g3-l1-modal]   router_tokenizer_path ........................... None
[algo2a-g3-l1-modal] 
[algo2a-g3-l1-modal]   router_tool_call_parser ......................... None
[algo2a-g3-l1-modal] 
[algo2a-g3-l1-modal]   router_worker_startup_check_interval ............ 30
[algo2a-g3-l1-modal] 
[algo2a-g3-l1-modal]   router_worker_startup_timeout_secs .............. 1800
[algo2a-g3-l1-modal] 
[algo2a-g3-l1-modal]   run_uuid ........................................ 156b655cc4f44dbf
[algo2a-g3-l1-modal] 
[algo2a-g3-l1-modal]   run_workload_inspector_server ................... False
[algo2a-g3-l1-modal] 
[algo2a-g3-l1-modal]   sample_rate ..................................... 1.0
[algo2a-g3-l1-modal] 
[algo2a-g3-l1-modal]   save ............................................ None
[algo2a-g3-l1-modal] 
[algo2a-g3-l1-modal]   save_activations_interval ....................... None
[algo2a-g3-l1-modal] 
[algo2a-g3-l1-modal]   save_debug_event_data ........................... None
[algo2a-g3-l1-modal] 
[algo2a-g3-l1-modal]   save_debug_rollout_data ......................... None
[algo2a-g3-l1-modal] 
[algo2a-g3-l1-modal]   save_debug_train_data ........................... None
[algo2a-g3-l1-modal] 
[algo2a-g3-l1-modal]   save_debug_trajectory_data ...................... None
[algo2a-g3-l1-modal] 
[algo2a-g3-l1-modal]   save_dgrads_interval ............................ None
[algo2a-g3-l1-modal] 
[algo2a-g3-l1-modal]   save_hf ......................................... None
[algo2a-g3-l1-modal] 
[algo2a-g3-l1-modal]   save_interval ................................... None
[algo2a-g3-l1-modal] 
[algo2a-g3-l1-modal]   save_local_weight_checksum ...................... False
[algo2a-g3-l1-modal] 
[algo2a-g3-l1-modal]   save_params_interval ............................ None
[algo2a-g3-l1-modal] 
[algo2a-g3-l1-modal]   save_retain_interval ............................ None
[algo2a-g3-l1-modal] 
[algo2a-g3-l1-modal]   save_tokens_per_expert_interval ................. None
[algo2a-g3-l1-modal] 
[algo2a-g3-l1-modal]   save_trigger_sentinel ........................... None
[algo2a-g3-l1-modal] 
[algo2a-g3-l1-modal]   save_wgrads_interval ............................ None
[algo2a-g3-l1-modal] 
[algo2a-g3-l1-modal]   seed ............................................ 17
[algo2a-g3-l1-modal] 
[algo2a-g3-l1-modal]   seq_length ...................................... 1024
[algo2a-g3-l1-modal] 
[algo2a-g3-l1-modal]   sequence_packing_scheduler ...................... None
[algo2a-g3-l1-modal] 
[algo2a-g3-l1-modal]   sequence_parallel ............................... False
[algo2a-g3-l1-modal] 
[algo2a-g3-l1-modal]   session_message_matcher ......................... strict
[algo2a-g3-l1-modal] 
[algo2a-g3-l1-modal]   session_sample_picker_path ...................... miles.rollout.session.v2.picker_hub.drop_same_prompt_retries
[algo2a-g3-l1-modal] 
[algo2a-g3-l1-modal]   session_sample_postprocessor_path ............... miles.rollout.session.v2.postprocessor_hub.default_postprocess
[algo2a-g3-l1-modal] 
[algo2a-g3-l1-modal]   session_server_external_host .................... None
[algo2a-g3-l1-modal] 
[algo2a-g3-l1-modal]   session_server_ip ............................... None
[algo2a-g3-l1-modal] 
[algo2a-g3-l1-modal]   session_server_port ............................. None
[algo2a-g3-l1-modal] 
[algo2a-g3-l1-modal]   session_server_workers .......................... 32
[algo2a-g3-l1-modal] 
[algo2a-g3-l1-modal]   sft ............................................. False
[algo2a-g3-l1-modal] 
[algo2a-g3-l1-modal]   sft_mock_dataset_config_json .................... None
[algo2a-g3-l1-modal] 
[algo2a-g3-l1-modal]   sft_tokenizer_prompt_format ..................... nemotron-h-aligned
[algo2a-g3-l1-modal] 
[algo2a-g3-l1-modal]   sgd_momentum .................................... 0.9
[algo2a-g3-l1-modal] 
[algo2a-g3-l1-modal]   sglang_abort_on_priority_when_disabled .......... False
[algo2a-g3-l1-modal] 
[algo2a-g3-l1-modal]   sglang_admin_api_key ............................ None
[algo2a-g3-l1-modal] 
[algo2a-g3-l1-modal]   sglang_allow_auto_truncate ...................... False
[algo2a-g3-l1-modal] 
[algo2a-g3-l1-modal]   sglang_allowed_media_domains .................... []
[algo2a-g3-l1-modal] 
[algo2a-g3-l1-modal]   sglang_api_key .................................. None
[algo2a-g3-l1-modal] 
[algo2a-g3-l1-modal]   sglang_asr_max_buffer_seconds ................... 60
[algo2a-g3-l1-modal] 
[algo2a-g3-l1-modal]   sglang_asr_max_concurrent_sessions .............. 32
[algo2a-g3-l1-modal] 
[algo2a-g3-l1-modal]   sglang_attention_backend ........................ None
[algo2a-g3-l1-modal] 
[algo2a-g3-l1-modal]   sglang_attn_cp_size ............................. 1
[algo2a-g3-l1-modal] 
[algo2a-g3-l1-modal]   sglang_batch_notify_size ........................ 16
[algo2a-g3-l1-modal] 
[algo2a-g3-l1-modal]   sglang_bf16_gemm_backend ........................ auto
[algo2a-g3-l1-modal] 
[algo2a-g3-l1-modal]   sglang_bucket_e2e_request_latency ............... None
[algo2a-g3-l1-modal] 
[algo2a-g3-l1-modal]   sglang_bucket_inter_token_latency ............... None
[algo2a-g3-l1-modal] 
[algo2a-g3-l1-modal]   sglang_bucket_time_to_first_token ............... None
[algo2a-g3-l1-modal] 
[algo2a-g3-l1-modal]   sglang_c128_page_size ........................... 16
[algo2a-g3-l1-modal] 
[algo2a-g3-l1-modal]   sglang_chat_template ............................ None
[algo2a-g3-l1-modal] 
[algo2a-g3-l1-modal]   sglang_checkpoint_engine_wait_weights_before_ready  False
[algo2a-g3-l1-modal] 
[algo2a-g3-l1-modal]   sglang_chunked_prefill_size ..................... None
[algo2a-g3-l1-modal] 
[algo2a-g3-l1-modal]   sglang_completion_template ...................... None
[algo2a-g3-l1-modal] 
[algo2a-g3-l1-modal]   sglang_config ................................... None
[algo2a-g3-l1-modal] 
[algo2a-g3-l1-modal]   sglang_constrained_json_disable_any_whitespace .. False
[algo2a-g3-l1-modal] 
[algo2a-g3-l1-modal]   sglang_constrained_json_whitespace_pattern ...... None
[algo2a-g3-l1-modal] 
[algo2a-g3-l1-modal]   sglang_context_length ........................... None
[algo2a-g3-l1-modal] 
[algo2a-g3-l1-modal]   sglang_cp_strategy .............................. None
[algo2a-g3-l1-modal] 
[algo2a-g3-l1-modal]   sglang_cpu_offload_gb ........................... 0
[algo2a-g3-l1-modal] 
[algo2a-g3-l1-modal]   sglang_crash_dump_folder ........................ None
[algo2a-g3-l1-modal] 
[algo2a-g3-l1-modal]   sglang_cuda_graph_backend_decode ................ None
[algo2a-g3-l1-modal] 
[algo2a-g3-l1-modal]   sglang_cuda_graph_backend_prefill ............... disabled
[algo2a-g3-l1-modal] 
[algo2a-g3-l1-modal]   sglang_cuda_graph_bs_decode ..................... None
[algo2a-g3-l1-modal] 
[algo2a-g3-l1-modal]   sglang_cuda_graph_bs_prefill .................... None
[algo2a-g3-l1-modal] 
[algo2a-g3-l1-modal]   sglang_cuda_graph_config ........................ None
[algo2a-g3-l1-modal] 
[algo2a-g3-l1-modal]   sglang_cuda_graph_max_bs_decode ................. None
[algo2a-g3-l1-modal] 
[algo2a-g3-l1-modal]   sglang_cuda_graph_max_bs_prefill ................ None
[algo2a-g3-l1-modal] 
[algo2a-g3-l1-modal]   sglang_cuda_graph_tc_compiler ................... None
[algo2a-g3-l1-modal] 
[algo2a-g3-l1-modal]   sglang_custom_pull_weights_pre_read_hook ........ None
[algo2a-g3-l1-modal] 
[algo2a-g3-l1-modal]   sglang_custom_weight_loader ..................... None
[algo2a-g3-l1-modal] 
[algo2a-g3-l1-modal]   sglang_dcp_comm_backend ......................... None
[algo2a-g3-l1-modal] 
[algo2a-g3-l1-modal]   sglang_dcp_replicate_q_proj ..................... None
[algo2a-g3-l1-modal] 
[algo2a-g3-l1-modal]   sglang_dcp_size ................................. 1
[algo2a-g3-l1-modal] 
[algo2a-g3-l1-modal]   sglang_debug_cuda_graph ......................... False
[algo2a-g3-l1-modal] 
[algo2a-g3-l1-modal]   sglang_debug_tensor_dump_input_file ............. None
[algo2a-g3-l1-modal] 
[algo2a-g3-l1-modal]   sglang_debug_tensor_dump_layers ................. None
[algo2a-g3-l1-modal] 
[algo2a-g3-l1-modal]   sglang_debug_tensor_dump_output_folder .......... None
[algo2a-g3-l1-modal] 
[algo2a-g3-l1-modal]   sglang_decode_attention_backend ................. None
[algo2a-g3-l1-modal] 
[algo2a-g3-l1-modal]   sglang_decode_log_interval ...................... 40
[algo2a-g3-l1-modal] 
[algo2a-g3-l1-modal]   sglang_decoupled_spec_bind_endpoint ............. None
[algo2a-g3-l1-modal] 
[algo2a-g3-l1-modal]   sglang_decoupled_spec_connect_endpoints ......... None
[algo2a-g3-l1-modal] 
[algo2a-g3-l1-modal]   sglang_decoupled_spec_rank ...................... None
[algo2a-g3-l1-modal] 
[algo2a-g3-l1-modal]   sglang_decoupled_spec_role ...................... null
[algo2a-g3-l1-modal] 
[algo2a-g3-l1-modal]   sglang_decrypted_config_file .................... None
[algo2a-g3-l1-modal] 
[algo2a-g3-l1-modal]   sglang_decrypted_draft_config_file .............. None
[algo2a-g3-l1-modal] 
[algo2a-g3-l1-modal]   sglang_deepep_config ............................ None
[algo2a-g3-l1-modal] 
[algo2a-g3-l1-modal]   sglang_deepep_dispatcher_output_dtype ........... auto
[algo2a-g3-l1-modal] 
[algo2a-g3-l1-modal]   sglang_deepep_mode .............................. auto
[algo2a-g3-l1-modal] 
[algo2a-g3-l1-modal]   sglang_deepep_v2_mode ........................... direct
[algo2a-g3-l1-modal] 
[algo2a-g3-l1-modal]   sglang_default_chat_template_kwargs ............. None
[algo2a-g3-l1-modal] 
[algo2a-g3-l1-modal]   sglang_default_priority_value ................... None
[algo2a-g3-l1-modal] 
[algo2a-g3-l1-modal]   sglang_delete_ckpt_after_loading ................ False
[algo2a-g3-l1-modal] 
[algo2a-g3-l1-modal]   sglang_detokenizer_worker_num ................... 1
[algo2a-g3-l1-modal] 
[algo2a-g3-l1-modal]   sglang_device ................................... None
[algo2a-g3-l1-modal] 
[algo2a-g3-l1-modal]   sglang_disable_attn_tp_gather ................... False
[algo2a-g3-l1-modal] 
[algo2a-g3-l1-modal]   sglang_disable_chunked_prefix_cache ............. False
[algo2a-g3-l1-modal] 
[algo2a-g3-l1-modal]   sglang_disable_cuda_graph ....................... False
[algo2a-g3-l1-modal] 
[algo2a-g3-l1-modal]   sglang_disable_cuda_graph_padding ............... False
[algo2a-g3-l1-modal] 
[algo2a-g3-l1-modal]   sglang_disable_custom_all_reduce ................ False
[algo2a-g3-l1-modal] 
[algo2a-g3-l1-modal]   sglang_disable_decode_cuda_graph ................ False
[algo2a-g3-l1-modal] 
[algo2a-g3-l1-modal]   sglang_disable_draft_cuda_graph ................. False
[algo2a-g3-l1-modal] 
[algo2a-g3-l1-modal]   sglang_disable_fast_image_processor ............. False
[algo2a-g3-l1-modal] 
[algo2a-g3-l1-modal]   sglang_disable_flashinfer_autotune .............. False
[algo2a-g3-l1-modal] 
  sglang_disable_flashinfer_cutlass_moe_fp4_allgather  False
[algo2a-g3-l1-modal] 
[algo2a-g3-l1-modal]   sglang_disable_hybrid_swa_memory ................ False
[algo2a-g3-l1-modal] 
[algo2a-g3-l1-modal]   sglang_disable_outlines_disk_cache .............. False
[algo2a-g3-l1-modal] 
[algo2a-g3-l1-modal]   sglang_disable_overlap_schedule ................. False
[algo2a-g3-l1-modal] 
[algo2a-g3-l1-modal]   sglang_disable_prefill_cuda_graph ............... False
[algo2a-g3-l1-modal] 
[algo2a-g3-l1-modal]   sglang_disable_priority_preemption .............. False
[algo2a-g3-l1-modal] 
[algo2a-g3-l1-modal]   sglang_disable_radix_cache ...................... False
[algo2a-g3-l1-modal] 
[algo2a-g3-l1-modal]   sglang_disable_shared_experts_fusion ............ False
[algo2a-g3-l1-modal] 
[algo2a-g3-l1-modal]   sglang_disable_tokenizer_batch_decode ........... False
[algo2a-g3-l1-modal] 
[algo2a-g3-l1-modal]   sglang_disaggregation_bootstrap_port ............ 8998
[algo2a-g3-l1-modal] 
[algo2a-g3-l1-modal]   sglang_disaggregation_decode_enable_offload_kvcache  False
[algo2a-g3-l1-modal] 
[algo2a-g3-l1-modal]   sglang_disaggregation_decode_enable_radix_cache . False
[algo2a-g3-l1-modal] 
[algo2a-g3-l1-modal]   sglang_disaggregation_decode_extra_slots ........ None
[algo2a-g3-l1-modal] 
[algo2a-g3-l1-modal]   sglang_disaggregation_decode_polling_interval ... 1
[algo2a-g3-l1-modal] 
[algo2a-g3-l1-modal]   sglang_disaggregation_decode_retraction_backup .. None
[algo2a-g3-l1-modal] 
[algo2a-g3-l1-modal]   sglang_disaggregation_ib_device ................. None
[algo2a-g3-l1-modal] 
[algo2a-g3-l1-modal]   sglang_disaggregation_mode ...................... null
[algo2a-g3-l1-modal] 
[algo2a-g3-l1-modal]   sglang_disaggregation_transfer_backend .......... mooncake
[algo2a-g3-l1-modal] 
[algo2a-g3-l1-modal]   sglang_dist_timeout ............................. None
[algo2a-g3-l1-modal] 
[algo2a-g3-l1-modal]   sglang_dllm_algorithm ........................... None
[algo2a-g3-l1-modal] 
[algo2a-g3-l1-modal]   sglang_dllm_algorithm_config .................... None
[algo2a-g3-l1-modal] 
[algo2a-g3-l1-modal]   sglang_dllm_fdfo ................................ True
[algo2a-g3-l1-modal] 
[algo2a-g3-l1-modal]   sglang_download_dir ............................. None
[algo2a-g3-l1-modal] 
[algo2a-g3-l1-modal]   sglang_dp_size .................................. 1
[algo2a-g3-l1-modal] 
[algo2a-g3-l1-modal]   sglang_dsa_decode_backend ....................... None
[algo2a-g3-l1-modal] 
[algo2a-g3-l1-modal]   sglang_dsa_paged_mqa_logits_backend ............. auto
[algo2a-g3-l1-modal] 
[algo2a-g3-l1-modal]   sglang_dsa_prefill_backend ...................... None
[algo2a-g3-l1-modal] 
[algo2a-g3-l1-modal]   sglang_dsa_topk_backend ......................... sgl-kernel
[algo2a-g3-l1-modal] 
[algo2a-g3-l1-modal]   sglang_dsv4_attn_backend ........................ auto
[algo2a-g3-l1-modal] 
[algo2a-g3-l1-modal]   sglang_dsv4_prefill_backend ..................... auto
[algo2a-g3-l1-modal] 
[algo2a-g3-l1-modal]   sglang_dtype .................................... auto
[algo2a-g3-l1-modal] 
[algo2a-g3-l1-modal]   sglang_dwdp_size ................................ 1
[algo2a-g3-l1-modal] 
[algo2a-g3-l1-modal]   sglang_dynamic_batch_tokenizer_batch_size ....... 32
[algo2a-g3-l1-modal] 
[algo2a-g3-l1-modal]   sglang_dynamic_batch_tokenizer_batch_timeout .... 0.002
[algo2a-g3-l1-modal] 
[algo2a-g3-l1-modal]   sglang_elastic_ep_backend ....................... None
[algo2a-g3-l1-modal] 
[algo2a-g3-l1-modal]   sglang_elastic_ep_initial_size .................. None
[algo2a-g3-l1-modal] 
[algo2a-g3-l1-modal]   sglang_elastic_ep_rejoin ........................ False
[algo2a-g3-l1-modal] 
[algo2a-g3-l1-modal]   sglang_elastic_ep_scale_timeout ................. 600
[algo2a-g3-l1-modal] 
[algo2a-g3-l1-modal]   sglang_enable_adaptive_dispatch_to_encoder ...... False
[algo2a-g3-l1-modal] 
[algo2a-g3-l1-modal]   sglang_enable_aiter_allreduce_fusion ............ False
[algo2a-g3-l1-modal] 
[algo2a-g3-l1-modal]   sglang_enable_attn_tp_input_scattered ........... False
[algo2a-g3-l1-modal] 
[algo2a-g3-l1-modal]   sglang_enable_broadcast_mm_inputs_process ....... False
[algo2a-g3-l1-modal] 
[algo2a-g3-l1-modal]   sglang_enable_cache_report ...................... False
[algo2a-g3-l1-modal] 
[algo2a-g3-l1-modal]   sglang_enable_cp_decode_attn_tp ................. False
[algo2a-g3-l1-modal] 
[algo2a-g3-l1-modal]   sglang_enable_cudagraph_gc ...................... False
[algo2a-g3-l1-modal] 
[algo2a-g3-l1-modal]   sglang_enable_custom_logit_processor ............ False
[algo2a-g3-l1-modal] 
[algo2a-g3-l1-modal]   sglang_enable_deepseek_v4_fp4_indexer ........... False
[algo2a-g3-l1-modal] 
[algo2a-g3-l1-modal]   sglang_enable_dense_mlp_attn_tp ................. False
[algo2a-g3-l1-modal] 
[algo2a-g3-l1-modal]   sglang_enable_deterministic_inference ........... True
[algo2a-g3-l1-modal] 
[algo2a-g3-l1-modal]   sglang_enable_dp_attention ...................... False
[algo2a-g3-l1-modal] 
[algo2a-g3-l1-modal]   sglang_enable_dp_attention_local_control_broadcast  False
[algo2a-g3-l1-modal] 
[algo2a-g3-l1-modal]   sglang_enable_dp_lm_head ........................ False
[algo2a-g3-l1-modal] 
[algo2a-g3-l1-modal]   sglang_enable_draft_weights_cpu_backup .......... False
[algo2a-g3-l1-modal] 
[algo2a-g3-l1-modal]   sglang_enable_dsa_cache_layer_split ............. False
[algo2a-g3-l1-modal] 
[algo2a-g3-l1-modal]   sglang_enable_dynamic_batch_tokenizer ........... False
[algo2a-g3-l1-modal] 
[algo2a-g3-l1-modal]   sglang_enable_dynamic_chunking .................. False
[algo2a-g3-l1-modal] 
[algo2a-g3-l1-modal]   sglang_enable_elastic_expert_backup ............. False
[algo2a-g3-l1-modal] 
[algo2a-g3-l1-modal]   sglang_enable_engine_info_bootstrap ............. False
[algo2a-g3-l1-modal] 
[algo2a-g3-l1-modal]   sglang_enable_eplb .............................. False
[algo2a-g3-l1-modal] 
[algo2a-g3-l1-modal]   sglang_enable_flashinfer_allreduce_fusion ....... False
[algo2a-g3-l1-modal] 
[algo2a-g3-l1-modal]   sglang_enable_flexkv ............................ False
[algo2a-g3-l1-modal] 
[algo2a-g3-l1-modal]   sglang_enable_forward_pass_metrics .............. False
[algo2a-g3-l1-modal] 
[algo2a-g3-l1-modal]   sglang_enable_fp32_lm_head ...................... False
[algo2a-g3-l1-modal] 
[algo2a-g3-l1-modal]   sglang_enable_fused_moe_sum_all_reduce .......... False
[algo2a-g3-l1-modal] 
[algo2a-g3-l1-modal]   sglang_enable_fused_qk_norm_rope ................ False
[algo2a-g3-l1-modal] 
[algo2a-g3-l1-modal]   sglang_enable_hierarchical_cache ................ False
[algo2a-g3-l1-modal] 
[algo2a-g3-l1-modal]   sglang_enable_hisparse .......................... False
[algo2a-g3-l1-modal] 
[algo2a-g3-l1-modal]   sglang_enable_http2 ............................. False
[algo2a-g3-l1-modal] 
[algo2a-g3-l1-modal]   sglang_enable_int8_mamba_checkpoint ............. False
[algo2a-g3-l1-modal] 
[algo2a-g3-l1-modal]   sglang_enable_layernorm_sp ...................... False
[algo2a-g3-l1-modal] 
[algo2a-g3-l1-modal]   sglang_enable_layerwise_nvtx_marker ............. False
[algo2a-g3-l1-modal] 
[algo2a-g3-l1-modal]   sglang_enable_lean_attention .................... None
[algo2a-g3-l1-modal] 
[algo2a-g3-l1-modal]   sglang_enable_linear_replayssm .................. False
[algo2a-g3-l1-modal] 
[algo2a-g3-l1-modal]   sglang_enable_linear_replayssm_spec ............. False
[algo2a-g3-l1-modal] 
[algo2a-g3-l1-modal]   sglang_enable_lmcache ........................... False
[algo2a-g3-l1-modal] 
[algo2a-g3-l1-modal]   sglang_enable_lora .............................. None
[algo2a-g3-l1-modal] 
[algo2a-g3-l1-modal]   sglang_enable_lora_overlap_loading .............. None
[algo2a-g3-l1-modal] 
[algo2a-g3-l1-modal]   sglang_enable_mamba_cache_stochastic_rounding ... False
[algo2a-g3-l1-modal] 
[algo2a-g3-l1-modal]   sglang_enable_metrics ........................... False
[algo2a-g3-l1-modal] 
[algo2a-g3-l1-modal]   sglang_enable_metrics_for_all_schedulers ........ False
[algo2a-g3-l1-modal] 
[algo2a-g3-l1-modal]   sglang_enable_mfu_metrics ....................... False
[algo2a-g3-l1-modal] 
[algo2a-g3-l1-modal]   sglang_enable_mis ............................... False
[algo2a-g3-l1-modal] 
[algo2a-g3-l1-modal]   sglang_enable_mixed_chunk ....................... False
[algo2a-g3-l1-modal] 
[algo2a-g3-l1-modal]   sglang_enable_mm_global_cache ................... False
[algo2a-g3-l1-modal] 
[algo2a-g3-l1-modal]   sglang_enable_mscclpp ........................... False
[algo2a-g3-l1-modal] 
[algo2a-g3-l1-modal]   sglang_enable_multi_layer_eagle ................. False
[algo2a-g3-l1-modal] 
[algo2a-g3-l1-modal]   sglang_enable_multimodal ........................ None
[algo2a-g3-l1-modal] 
[algo2a-g3-l1-modal]   sglang_enable_nccl_nvls ......................... False
[algo2a-g3-l1-modal] 
[algo2a-g3-l1-modal]   sglang_enable_p2p_check ......................... False
[algo2a-g3-l1-modal] 
[algo2a-g3-l1-modal]   sglang_enable_page_major_kv_layout .............. False
[algo2a-g3-l1-modal] 
[algo2a-g3-l1-modal]   sglang_enable_pdmux ............................. False
[algo2a-g3-l1-modal] 
[algo2a-g3-l1-modal]   sglang_enable_precise_embedding_interpolation ... False
[algo2a-g3-l1-modal] 
[algo2a-g3-l1-modal]   sglang_enable_prefill_cp ........................ False
[algo2a-g3-l1-modal] 
[algo2a-g3-l1-modal]   sglang_enable_prefill_delayer ................... False
[algo2a-g3-l1-modal] 
[algo2a-g3-l1-modal]   sglang_enable_prefill_only_deterministic_inference  False
[algo2a-g3-l1-modal] 
[algo2a-g3-l1-modal]   sglang_enable_prefix_mm_cache ................... False
[algo2a-g3-l1-modal] 
[algo2a-g3-l1-modal]   sglang_enable_priority_scheduling ............... False
[algo2a-g3-l1-modal] 
[algo2a-g3-l1-modal]   sglang_enable_profile_cuda_graph ................ False
[algo2a-g3-l1-modal] 
[algo2a-g3-l1-modal]   sglang_enable_quant_communications .............. False
[algo2a-g3-l1-modal] 
[algo2a-g3-l1-modal]   sglang_enable_rdt_weight_sync ................... False
[algo2a-g3-l1-modal] 
[algo2a-g3-l1-modal]   sglang_enable_request_time_stats_logging ........ False
[algo2a-g3-l1-modal] 
[algo2a-g3-l1-modal]   sglang_enable_response_store .................... False
[algo2a-g3-l1-modal] 
[algo2a-g3-l1-modal]   sglang_enable_return_hidden_states .............. False
[algo2a-g3-l1-modal] 
[algo2a-g3-l1-modal]   sglang_enable_scattered_sconv ................... False
[algo2a-g3-l1-modal] 
[algo2a-g3-l1-modal]   sglang_enable_session_radix_cache ............... False
[algo2a-g3-l1-modal] 
[algo2a-g3-l1-modal]   sglang_enable_shared_experts_attn_tp ............ False
[algo2a-g3-l1-modal] 
[algo2a-g3-l1-modal]   sglang_enable_single_batch_overlap .............. False
[algo2a-g3-l1-modal] 
[algo2a-g3-l1-modal]   sglang_enable_ssl_refresh ....................... False
[algo2a-g3-l1-modal] 
[algo2a-g3-l1-modal]   sglang_enable_streaming_session ................. False
[algo2a-g3-l1-modal] 
[algo2a-g3-l1-modal]   sglang_enable_strict_thinking ................... False
[algo2a-g3-l1-modal] 
[algo2a-g3-l1-modal]   sglang_enable_symm_mem .......................... False
[algo2a-g3-l1-modal] 
[algo2a-g3-l1-modal]   sglang_enable_tf32_matmul ....................... False
[algo2a-g3-l1-modal] 
[algo2a-g3-l1-modal]   sglang_enable_tokenizer_batch_encode ............ False
[algo2a-g3-l1-modal] 
[algo2a-g3-l1-modal]   sglang_enable_torch_compile ..................... False
[algo2a-g3-l1-modal] 
[algo2a-g3-l1-modal]   sglang_enable_torch_compile_debug_mode .......... False
[algo2a-g3-l1-modal] 
[algo2a-g3-l1-modal]   sglang_enable_torch_symm_mem .................... False
[algo2a-g3-l1-modal] 
[algo2a-g3-l1-modal]   sglang_enable_tp_lm_head_all_to_all ............. None
[algo2a-g3-l1-modal] 
[algo2a-g3-l1-modal]   sglang_enable_trace ............................. False
[algo2a-g3-l1-modal] 
[algo2a-g3-l1-modal]   sglang_enable_two_batch_overlap ................. False
[algo2a-g3-l1-modal] 
[algo2a-g3-l1-modal]   sglang_enable_unified_cache_external_linker ..... False
[algo2a-g3-l1-modal] 
[algo2a-g3-l1-modal]   sglang_enable_unified_memory .................... False
[algo2a-g3-l1-modal] 
[algo2a-g3-l1-modal]   sglang_enable_w4a4_mxfp4_megamoe ................ False
[algo2a-g3-l1-modal] 
[algo2a-g3-l1-modal]   sglang_enable_waterfill ......................... False
[algo2a-g3-l1-modal] 
[algo2a-g3-l1-modal]   sglang_enable_weights_cpu_backup ................ False
[algo2a-g3-l1-modal] 
[algo2a-g3-l1-modal]   sglang_enable_weights_disk_backup ............... False
[algo2a-g3-l1-modal] 
[algo2a-g3-l1-modal]   sglang_encoder_bootstrap_port ................... 8997
[algo2a-g3-l1-modal] 
[algo2a-g3-l1-modal]   sglang_encoder_only ............................. False
[algo2a-g3-l1-modal] 
[algo2a-g3-l1-modal]   sglang_encoder_register_urls .................... []
[algo2a-g3-l1-modal] 
[algo2a-g3-l1-modal]   sglang_encoder_transfer_backend ................. auto
[algo2a-g3-l1-modal] 
[algo2a-g3-l1-modal]   sglang_encoder_urls ............................. []
[algo2a-g3-l1-modal] 
[algo2a-g3-l1-modal]   sglang_enforce_disable_flashinfer_allreduce_fusion  False
[algo2a-g3-l1-modal] 
[algo2a-g3-l1-modal]   sglang_enforce_shared_experts_fusion ............ False
[algo2a-g3-l1-modal] 
[algo2a-g3-l1-modal]   sglang_engine_info_bootstrap_port ............... 6789
[algo2a-g3-l1-modal] 
[algo2a-g3-l1-modal]   sglang_ep_dispatch_algorithm .................... None
[algo2a-g3-l1-modal] 
[algo2a-g3-l1-modal]   sglang_ep_join_mode ............................. None
[algo2a-g3-l1-modal] 
[algo2a-g3-l1-modal]   sglang_ep_join_rank_offset ...................... 0
[algo2a-g3-l1-modal] 
[algo2a-g3-l1-modal]   sglang_ep_num_redundant_experts ................. 0
[algo2a-g3-l1-modal] 
[algo2a-g3-l1-modal]   sglang_ep_size .................................. 1
[algo2a-g3-l1-modal] 
[algo2a-g3-l1-modal]   sglang_eplb_algorithm ........................... auto
[algo2a-g3-l1-modal] 
[algo2a-g3-l1-modal]   sglang_eplb_min_rebalancing_utilization_threshold  1.0
[algo2a-g3-l1-modal] 
[algo2a-g3-l1-modal]   sglang_eplb_rebalance_layers_per_chunk .......... None
[algo2a-g3-l1-modal] 
[algo2a-g3-l1-modal]   sglang_eplb_rebalance_num_iterations ............ 1000
[algo2a-g3-l1-modal] 
[algo2a-g3-l1-modal]   sglang_expert_balancedness_report_mode .......... off
[algo2a-g3-l1-modal] 
[algo2a-g3-l1-modal]   sglang_expert_distribution_recorder_buffer_size . None
[algo2a-g3-l1-modal] 
[algo2a-g3-l1-modal]   sglang_expert_distribution_recorder_mode ........ None
[algo2a-g3-l1-modal] 
[algo2a-g3-l1-modal]   sglang_experts_shared_outer_loras ............... None
[algo2a-g3-l1-modal] 
[algo2a-g3-l1-modal]   sglang_export_metrics_to_file ................... False
[algo2a-g3-l1-modal] 
[algo2a-g3-l1-modal]   sglang_export_metrics_to_file_dir ............... None
[algo2a-g3-l1-modal] 
[algo2a-g3-l1-modal]   sglang_extra_metric_labels ...................... None
[algo2a-g3-l1-modal] 
[algo2a-g3-l1-modal]   sglang_fastapi_root_path ........................
[algo2a-g3-l1-modal] 
[algo2a-g3-l1-modal]   sglang_file_storage_path ........................ sglang_storage
[algo2a-g3-l1-modal] 
[algo2a-g3-l1-modal]   sglang_flashinfer_a2a_dispatch_type ............. None
[algo2a-g3-l1-modal] 
[algo2a-g3-l1-modal]   sglang_flashinfer_allreduce_fusion_backend ...... None
[algo2a-g3-l1-modal] 
[algo2a-g3-l1-modal]   sglang_flashinfer_autotune_skip_ops ............. None
[algo2a-g3-l1-modal] 
[algo2a-g3-l1-modal]   sglang_flashinfer_mla_disable_ragged ............ False
[algo2a-g3-l1-modal] 
[algo2a-g3-l1-modal]   sglang_flashinfer_mxfp4_moe_precision ........... default
[algo2a-g3-l1-modal] 
[algo2a-g3-l1-modal]   sglang_flexkv_config_file ....................... None
[algo2a-g3-l1-modal] 
[algo2a-g3-l1-modal]   sglang_forward_hooks ............................ None
[algo2a-g3-l1-modal] 
[algo2a-g3-l1-modal]   sglang_forward_pass_metrics_ipc_name ............ None
[algo2a-g3-l1-modal] 
  sglang_forward_pass_metrics_worker_id ...........
[algo2a-g3-l1-modal] 
[algo2a-g3-l1-modal]   sglang_fp4_gemm_runner_backend .................. auto
[algo2a-g3-l1-modal] 
[algo2a-g3-l1-modal]   sglang_fp8_gemm_runner_backend .................. auto
[algo2a-g3-l1-modal] 
[algo2a-g3-l1-modal]   sglang_fuseep_mode .............................. 2
[algo2a-g3-l1-modal] 
[algo2a-g3-l1-modal]   sglang_gc_threshold ............................. None
[algo2a-g3-l1-modal]   sglang_gc_warning_threshold_secs ................ 0.0
[algo2a-g3-l1-modal] 
[algo2a-g3-l1-modal]   sglang_generation_tokens_buckets ................ None
[algo2a-g3-l1-modal] 
[algo2a-g3-l1-modal]   sglang_grammar_backend .......................... None
[algo2a-g3-l1-modal] 
[algo2a-g3-l1-modal]   sglang_grpc_mode ................................ False
[algo2a-g3-l1-modal] 
[algo2a-g3-l1-modal]   sglang_grpc_port ................................ None
[algo2a-g3-l1-modal] 
[algo2a-g3-l1-modal]   sglang_hf_chat_template_name .................... None
[algo2a-g3-l1-modal] 
[algo2a-g3-l1-modal]   sglang_hicache_host_memory_mode ................. cache
[algo2a-g3-l1-modal] 
[algo2a-g3-l1-modal]   sglang_hicache_io_backend ....................... kernel
[algo2a-g3-l1-modal] 
[algo2a-g3-l1-modal]   sglang_hicache_mem_layout ....................... page_first
[algo2a-g3-l1-modal] 
[algo2a-g3-l1-modal]   sglang_hicache_ratio ............................ None
[algo2a-g3-l1-modal] 
[algo2a-g3-l1-modal]   sglang_hicache_size ............................. 0
[algo2a-g3-l1-modal] 
[algo2a-g3-l1-modal]   sglang_hicache_storage_backend .................. None
[algo2a-g3-l1-modal] 
[algo2a-g3-l1-modal]   sglang_hicache_storage_backend_extra_config ..... None
[algo2a-g3-l1-modal] 
[algo2a-g3-l1-modal]   sglang_hicache_storage_prefetch_policy .......... timeout
[algo2a-g3-l1-modal] 
[algo2a-g3-l1-modal]   sglang_hicache_storage_prefetch_retry_max_attempts  8
[algo2a-g3-l1-modal] 
[algo2a-g3-l1-modal]   sglang_hicache_storage_prefetch_retry_poll_interval  8
[algo2a-g3-l1-modal] 
[algo2a-g3-l1-modal]   sglang_hicache_write_policy ..................... write_through
[algo2a-g3-l1-modal] 
[algo2a-g3-l1-modal]   sglang_hisparse_config .......................... None
[algo2a-g3-l1-modal] 
[algo2a-g3-l1-modal]   sglang_host ..................................... 127.0.0.1
[algo2a-g3-l1-modal] 
[algo2a-g3-l1-modal]   sglang_http2_initial_connection_window_size ..... 1048576
[algo2a-g3-l1-modal] 
[algo2a-g3-l1-modal]   sglang_http2_max_concurrent_streams ............. 200
[algo2a-g3-l1-modal] 
[algo2a-g3-l1-modal]   sglang_image_processor_backend .................. auto
[algo2a-g3-l1-modal] 
[algo2a-g3-l1-modal]   sglang_incremental_streaming_output ............. False
[algo2a-g3-l1-modal] 
[algo2a-g3-l1-modal]   sglang_init_expert_location ..................... trivial
[algo2a-g3-l1-modal] 
[algo2a-g3-l1-modal]   sglang_int8_mamba_ckpt_size ..................... None
[algo2a-g3-l1-modal] 
[algo2a-g3-l1-modal]   sglang_is_embedding ............................. False
[algo2a-g3-l1-modal] 
[algo2a-g3-l1-modal]   sglang_json_model_override_args ................. {}
[algo2a-g3-l1-modal] 
[algo2a-g3-l1-modal]   sglang_keep_mm_feature_on_device ................ False
[algo2a-g3-l1-modal] 
[algo2a-g3-l1-modal]   sglang_kt_cpuinfer .............................. None
[algo2a-g3-l1-modal] 
[algo2a-g3-l1-modal]   sglang_kt_max_deferred_experts_per_token ........ None
[algo2a-g3-l1-modal] 
[algo2a-g3-l1-modal]   sglang_kt_method ................................ AMXINT4
[algo2a-g3-l1-modal] 
[algo2a-g3-l1-modal]   sglang_kt_num_gpu_experts ....................... None
[algo2a-g3-l1-modal] 
[algo2a-g3-l1-modal]   sglang_kt_threadpool_count ...................... 2
[algo2a-g3-l1-modal] 
[algo2a-g3-l1-modal]   sglang_kt_weight_path ........................... None
[algo2a-g3-l1-modal] 
[algo2a-g3-l1-modal]   sglang_kv_cache_dtype ........................... auto
[algo2a-g3-l1-modal] 
[algo2a-g3-l1-modal]   sglang_kv_canary ................................ none
[algo2a-g3-l1-modal] 
[algo2a-g3-l1-modal]   sglang_kv_canary_real_data ...................... none
[algo2a-g3-l1-modal] 
[algo2a-g3-l1-modal]   sglang_kv_canary_sweep_interval ................. 0
[algo2a-g3-l1-modal] 
[algo2a-g3-l1-modal]   sglang_kv_events_config ......................... None
[algo2a-g3-l1-modal] 
[algo2a-g3-l1-modal]   sglang_language_model_only ...................... False
[algo2a-g3-l1-modal] 
[algo2a-g3-l1-modal]   sglang_language_only ............................ False
[algo2a-g3-l1-modal] 
[algo2a-g3-l1-modal]   sglang_limit_mm_data_per_request ................ None
[algo2a-g3-l1-modal] 
[algo2a-g3-l1-modal]   sglang_linear_attn_backend ...................... triton
[algo2a-g3-l1-modal] 
[algo2a-g3-l1-modal]   sglang_linear_attn_decode_backend ............... None
[algo2a-g3-l1-modal] 
[algo2a-g3-l1-modal]   sglang_linear_attn_prefill_backend .............. None
[algo2a-g3-l1-modal] 
[algo2a-g3-l1-modal]   sglang_linear_attn_verify_backend ............... None
[algo2a-g3-l1-modal] 
[algo2a-g3-l1-modal]   sglang_linear_replayssm_cache_len ............... 16
[algo2a-g3-l1-modal] 
[algo2a-g3-l1-modal]   sglang_lmcache_config_file ...................... None
[algo2a-g3-l1-modal] 
[algo2a-g3-l1-modal]   sglang_load_balance_method ...................... auto
[algo2a-g3-l1-modal] 
[algo2a-g3-l1-modal]   sglang_load_format .............................. auto
[algo2a-g3-l1-modal] 
[algo2a-g3-l1-modal]   sglang_load_publish_endpoint .................... None
[algo2a-g3-l1-modal] 
[algo2a-g3-l1-modal]   sglang_load_snapshot_publish_interval ........... 15
[algo2a-g3-l1-modal] 
[algo2a-g3-l1-modal]   sglang_log_level ................................ info
[algo2a-g3-l1-modal] 
[algo2a-g3-l1-modal]   sglang_log_level_http ........................... None
[algo2a-g3-l1-modal] 
[algo2a-g3-l1-modal]   sglang_log_requests ............................. False
[algo2a-g3-l1-modal] 
[algo2a-g3-l1-modal]   sglang_log_requests_format ...................... text
[algo2a-g3-l1-modal] 
[algo2a-g3-l1-modal]   sglang_log_requests_level ....................... 2
[algo2a-g3-l1-modal] 
[algo2a-g3-l1-modal]   sglang_log_requests_target ...................... None
[algo2a-g3-l1-modal] 
[algo2a-g3-l1-modal]   sglang_lora_backend ............................. csgmv
[algo2a-g3-l1-modal] 
[algo2a-g3-l1-modal]   sglang_lora_drain_wait_threshold ................ 0.0
[algo2a-g3-l1-modal] 
[algo2a-g3-l1-modal]   sglang_lora_eviction_policy ..................... lru
[algo2a-g3-l1-modal] 
[algo2a-g3-l1-modal]   sglang_lora_no_cpu_backup ....................... False
[algo2a-g3-l1-modal] 
[algo2a-g3-l1-modal]   sglang_lora_paths ............................... None
[algo2a-g3-l1-modal] 
[algo2a-g3-l1-modal]   sglang_lora_strict_loading ...................... False
[algo2a-g3-l1-modal] 
[algo2a-g3-l1-modal]   sglang_lora_target_modules ...................... None
[algo2a-g3-l1-modal] 
[algo2a-g3-l1-modal]   sglang_lora_use_virtual_experts ................. True
[algo2a-g3-l1-modal] 
[algo2a-g3-l1-modal]   sglang_mamba_backend ............................ triton
[algo2a-g3-l1-modal] 
[algo2a-g3-l1-modal]   sglang_mamba_cache_philox_rounds ................ 0
[algo2a-g3-l1-modal] 
[algo2a-g3-l1-modal]   sglang_mamba_full_memory_ratio .................. None
[algo2a-g3-l1-modal] 
[algo2a-g3-l1-modal]   sglang_mamba_max_states_per_path ................ -1
[algo2a-g3-l1-modal] 
[algo2a-g3-l1-modal]   sglang_mamba_radix_cache_strategy ............... auto
[algo2a-g3-l1-modal] 
[algo2a-g3-l1-modal]   sglang_mamba_ssm_dtype .......................... None
[algo2a-g3-l1-modal] 
[algo2a-g3-l1-modal]   sglang_mamba_track_interval ..................... 256
[algo2a-g3-l1-modal] 
[algo2a-g3-l1-modal]   sglang_max_ep_size .............................. None
[algo2a-g3-l1-modal] 
[algo2a-g3-l1-modal]   sglang_max_loaded_loras ......................... None
[algo2a-g3-l1-modal] 
[algo2a-g3-l1-modal]   sglang_max_lora_chunk_size ...................... 16
[algo2a-g3-l1-modal] 
[algo2a-g3-l1-modal]   sglang_max_lora_rank ............................ 16
[algo2a-g3-l1-modal] 
[algo2a-g3-l1-modal]   sglang_max_loras_per_batch ...................... 8
[algo2a-g3-l1-modal] 
[algo2a-g3-l1-modal]   sglang_max_mamba_cache_size ..................... None
[algo2a-g3-l1-modal] 
[algo2a-g3-l1-modal]   sglang_max_prefill_tokens ....................... 16384
[algo2a-g3-l1-modal] 
[algo2a-g3-l1-modal]   sglang_max_queued_requests ...................... None
[algo2a-g3-l1-modal] 
[algo2a-g3-l1-modal]   sglang_max_running_requests ..................... None
[algo2a-g3-l1-modal] 
[algo2a-g3-l1-modal]   sglang_max_total_tokens ......................... None
[algo2a-g3-l1-modal] 
[algo2a-g3-l1-modal]   sglang_media_url_max_file_size_mb ............... 64
[algo2a-g3-l1-modal] 
[algo2a-g3-l1-modal]   sglang_mem_fraction_static ...................... 0.4
[algo2a-g3-l1-modal] 
[algo2a-g3-l1-modal]   sglang_min_free_slots_delay ..................... None
[algo2a-g3-l1-modal] 
[algo2a-g3-l1-modal]   sglang_mlx_enable_sampling ...................... False
[algo2a-g3-l1-modal] 
[algo2a-g3-l1-modal]   sglang_mm_attention_backend ..................... None
[algo2a-g3-l1-modal] 
[algo2a-g3-l1-modal]   sglang_mm_enable_dp_encoder ..................... False
[algo2a-g3-l1-modal] 
[algo2a-g3-l1-modal]   sglang_mm_feature_transport ..................... None
[algo2a-g3-l1-modal] 
[algo2a-g3-l1-modal]   sglang_mm_global_cache_backend .................. mooncake
[algo2a-g3-l1-modal] 
[algo2a-g3-l1-modal]   sglang_mm_io_worker_num ......................... 0
[algo2a-g3-l1-modal] 
[algo2a-g3-l1-modal]   sglang_mm_preprocess_cache_size_mb .............. None
[algo2a-g3-l1-modal] 
[algo2a-g3-l1-modal]   sglang_mm_process_config ........................ None
[algo2a-g3-l1-modal] 
[algo2a-g3-l1-modal]   sglang_mm_processor_worker_num .................. 0
[algo2a-g3-l1-modal] 
[algo2a-g3-l1-modal]   sglang_model_checksum ........................... None
[algo2a-g3-l1-modal] 
[algo2a-g3-l1-modal]   sglang_model_config_parser ...................... auto
[algo2a-g3-l1-modal] 
[algo2a-g3-l1-modal]   sglang_model_impl ............................... auto
[algo2a-g3-l1-modal] 
[algo2a-g3-l1-modal]   sglang_model_loader_extra_config ................ {}
[algo2a-g3-l1-modal] 
[algo2a-g3-l1-modal]   sglang_model_routers ............................ None
[algo2a-g3-l1-modal] 
[algo2a-g3-l1-modal]   sglang_modelexpress_config ...................... None
[algo2a-g3-l1-modal] 
[algo2a-g3-l1-modal]   sglang_modelopt_checkpoint_restore_path ......... None
[algo2a-g3-l1-modal] 
[algo2a-g3-l1-modal]   sglang_modelopt_checkpoint_save_path ............ None
[algo2a-g3-l1-modal] 
[algo2a-g3-l1-modal]   sglang_modelopt_export_path ..................... None
[algo2a-g3-l1-modal] 
[algo2a-g3-l1-modal]   sglang_modelopt_quant ........................... None
[algo2a-g3-l1-modal] 
[algo2a-g3-l1-modal]   sglang_moe_a2a_backend .......................... none
[algo2a-g3-l1-modal] 
[algo2a-g3-l1-modal]   sglang_moe_dense_tp_size ........................ None
[algo2a-g3-l1-modal] 
[algo2a-g3-l1-modal]   sglang_moe_dp_size .............................. 1
[algo2a-g3-l1-modal] 
[algo2a-g3-l1-modal]   sglang_moe_runner_backend ....................... auto
[algo2a-g3-l1-modal] 
[algo2a-g3-l1-modal]   sglang_mooncake_ib_device ....................... None
[algo2a-g3-l1-modal] 
[algo2a-g3-l1-modal]   sglang_msprobe_dump_config ...................... None
[algo2a-g3-l1-modal] 
[algo2a-g3-l1-modal]   sglang_num_continuous_decode_steps .............. 1
[algo2a-g3-l1-modal] 
[algo2a-g3-l1-modal]   sglang_num_reserved_decode_tokens ............... 512
[algo2a-g3-l1-modal] 
[algo2a-g3-l1-modal]   sglang_numa_node ................................ None
[algo2a-g3-l1-modal] 
[algo2a-g3-l1-modal]   sglang_offload_group_size ....................... -1
[algo2a-g3-l1-modal] 
[algo2a-g3-l1-modal]   sglang_offload_mode ............................. cpu
[algo2a-g3-l1-modal] 
[algo2a-g3-l1-modal]   sglang_offload_num_in_group ..................... 1
[algo2a-g3-l1-modal] 
[algo2a-g3-l1-modal]   sglang_offload_prefetch_step .................... 1
[algo2a-g3-l1-modal] 
[algo2a-g3-l1-modal]   sglang_optimistic_prefill_attempts .............. 0
[algo2a-g3-l1-modal] 
[algo2a-g3-l1-modal]   sglang_otlp_traces_endpoint ..................... localhost:4317
[algo2a-g3-l1-modal] 
[algo2a-g3-l1-modal]   sglang_page_size ................................ None
[algo2a-g3-l1-modal] 
[algo2a-g3-l1-modal]   sglang_pdmux_config_path ........................ None
[algo2a-g3-l1-modal] 
[algo2a-g3-l1-modal]   sglang_ple_offload_backend ...................... pinned
[algo2a-g3-l1-modal] 
[algo2a-g3-l1-modal]   sglang_ple_offload_dir .......................... None
[algo2a-g3-l1-modal] 
[algo2a-g3-l1-modal]   sglang_ple_offload_embedding .................... None
[algo2a-g3-l1-modal] 
[algo2a-g3-l1-modal]   sglang_pp_async_batch_depth ..................... 0
[algo2a-g3-l1-modal] 
[algo2a-g3-l1-modal]   sglang_pp_max_micro_batch_size .................. None
[algo2a-g3-l1-modal] 
[algo2a-g3-l1-modal]   sglang_pp_size .................................. 1
[algo2a-g3-l1-modal] 
[algo2a-g3-l1-modal]   sglang_pre_warm_nccl ............................ False
[algo2a-g3-l1-modal] 
[algo2a-g3-l1-modal]   sglang_preferred_sampling_params ................ None
[algo2a-g3-l1-modal] 
[algo2a-g3-l1-modal]   sglang_prefill_attention_backend ................ None
[algo2a-g3-l1-modal] 
[algo2a-g3-l1-modal]   sglang_prefill_decode_interval .................. None
[algo2a-g3-l1-modal] 
[algo2a-g3-l1-modal]   sglang_prefill_delayer_forward_passes_buckets ... None
[algo2a-g3-l1-modal] 
[algo2a-g3-l1-modal]   sglang_prefill_delayer_max_delay_ms ............. None
[algo2a-g3-l1-modal] 
[algo2a-g3-l1-modal]   sglang_prefill_delayer_max_delay_passes ......... 30
[algo2a-g3-l1-modal] 
[algo2a-g3-l1-modal]   sglang_prefill_delayer_queue_min_ratio .......... None
[algo2a-g3-l1-modal] 
[algo2a-g3-l1-modal]   sglang_prefill_delayer_token_usage_low_watermark  None
[algo2a-g3-l1-modal] 
[algo2a-g3-l1-modal]   sglang_prefill_delayer_wait_seconds_buckets ..... None
[algo2a-g3-l1-modal] 
[algo2a-g3-l1-modal]   sglang_prefill_max_requests ..................... None
[algo2a-g3-l1-modal] 
[algo2a-g3-l1-modal]   sglang_prefill_only_disable_kv_cache ............ False
[algo2a-g3-l1-modal] 
[algo2a-g3-l1-modal]   sglang_priority_scheduling_preemption_threshold . 10
[algo2a-g3-l1-modal] 
[algo2a-g3-l1-modal]   sglang_prompt_tokens_buckets .................... None
[algo2a-g3-l1-modal] 
[algo2a-g3-l1-modal]   sglang_quantization ............................. None
[algo2a-g3-l1-modal] 
[algo2a-g3-l1-modal]   sglang_quantization_param_path .................. None
[algo2a-g3-l1-modal] 
[algo2a-g3-l1-modal]   sglang_quantize_and_serve ....................... False
[algo2a-g3-l1-modal] 
[algo2a-g3-l1-modal]   sglang_radix_cache_backend ...................... None
[algo2a-g3-l1-modal] 
[algo2a-g3-l1-modal]   sglang_radix_eviction_policy .................... lru
[algo2a-g3-l1-modal] 
[algo2a-g3-l1-modal]   sglang_radix_eviction_policy_config ............. None
[algo2a-g3-l1-modal] 
[algo2a-g3-l1-modal]   sglang_reasoning_parser ......................... None
[algo2a-g3-l1-modal] 
[algo2a-g3-l1-modal]   sglang_remote_instance_weight_loader_backend .... nccl
[algo2a-g3-l1-modal] 
[algo2a-g3-l1-modal]   sglang_remote_instance_weight_loader_seed_instance_ip  None
[algo2a-g3-l1-modal] 
[algo2a-g3-l1-modal]   sglang_remote_instance_weight_loader_seed_instance_service_port  None
[algo2a-g3-l1-modal] 
[algo2a-g3-l1-modal]   sglang_remote_instance_weight_loader_send_weights_group_ports  None
[algo2a-g3-l1-modal] 
[algo2a-g3-l1-modal]   sglang_remote_instance_weight_loader_start_seed_via_transfer_engine  False
[algo2a-g3-l1-modal] 
[algo2a-g3-l1-modal]   sglang_retraction_policy ........................ length
[algo2a-g3-l1-modal] 
[algo2a-g3-l1-modal]   sglang_return_hidden_states_mode ................ None
[algo2a-g3-l1-modal] 
[algo2a-g3-l1-modal]   sglang_return_input_ids ......................... False
[algo2a-g3-l1-modal] 
[algo2a-g3-l1-modal]   sglang_return_output_ids ........................ False
[algo2a-g3-l1-modal] 
[algo2a-g3-l1-modal]   sglang_revision ................................. None
[algo2a-g3-l1-modal] 
[algo2a-g3-l1-modal]   sglang_rl_on_policy_target ...................... None
[algo2a-g3-l1-modal] 
[algo2a-g3-l1-modal]   sglang_rl_quant_profile ......................... None
[algo2a-g3-l1-modal] 
[algo2a-g3-l1-modal]   sglang_router_ip ................................ None
[algo2a-g3-l1-modal] 
[algo2a-g3-l1-modal]   sglang_router_policy ............................ None
[algo2a-g3-l1-modal] 
[algo2a-g3-l1-modal]   sglang_router_port .............................. None
[algo2a-g3-l1-modal] 
[algo2a-g3-l1-modal]   sglang_router_request_timeout_secs .............. 14400
[algo2a-g3-l1-modal] 
[algo2a-g3-l1-modal]   sglang_sampling_backend ......................... None
[algo2a-g3-l1-modal] 
[algo2a-g3-l1-modal]   sglang_sampling_defaults ........................ model
[algo2a-g3-l1-modal] 
[algo2a-g3-l1-modal]   sglang_sampling_mask_max_tokens ................. 4096
[algo2a-g3-l1-modal] 
[algo2a-g3-l1-modal]   sglang_schedule_conservativeness ................ 1.0
[algo2a-g3-l1-modal]   sglang_schedule_low_priority_values_first ....... False
[algo2a-g3-l1-modal] 
[algo2a-g3-l1-modal]   sglang_schedule_policy .......................... fcfs
[algo2a-g3-l1-modal] 
[algo2a-g3-l1-modal]   sglang_scheduler_recv_interval .................. 1
[algo2a-g3-l1-modal] 
[algo2a-g3-l1-modal]   sglang_served_model_name ........................ None
[algo2a-g3-l1-modal] 
[algo2a-g3-l1-modal]   sglang_server_concurrency ....................... 512
[algo2a-g3-l1-modal] 
[algo2a-g3-l1-modal]   sglang_show_time_cost ........................... False
[algo2a-g3-l1-modal] 
[algo2a-g3-l1-modal]   sglang_sidecar .................................. None
[algo2a-g3-l1-modal] 
[algo2a-g3-l1-modal]   sglang_sidecar_args ............................. None
[algo2a-g3-l1-modal] 
[algo2a-g3-l1-modal]   sglang_skip_tokenizer_init ...................... False
[algo2a-g3-l1-modal] 
[algo2a-g3-l1-modal]   sglang_sleep_on_idle ............................ False
[algo2a-g3-l1-modal] 
[algo2a-g3-l1-modal]   sglang_sm_group_num ............................. 8
[algo2a-g3-l1-modal] 
[algo2a-g3-l1-modal]   sglang_smg_grpc_mode ............................ False
[algo2a-g3-l1-modal] 
[algo2a-g3-l1-modal]   sglang_smg_http_sidecar_port .................... None
[algo2a-g3-l1-modal] 
[algo2a-g3-l1-modal]   sglang_soft_watchdog_timeout .................... None
[algo2a-g3-l1-modal] 
[algo2a-g3-l1-modal]   sglang_spec_trace_dir ........................... None
[algo2a-g3-l1-modal] 
[algo2a-g3-l1-modal]   sglang_speculative_accept_threshold_acc ......... 1.0
[algo2a-g3-l1-modal] 
[algo2a-g3-l1-modal]   sglang_speculative_accept_threshold_single ...... 1.0
[algo2a-g3-l1-modal] 
[algo2a-g3-l1-modal]   sglang_speculative_adaptive ..................... False
[algo2a-g3-l1-modal] 
[algo2a-g3-l1-modal]   sglang_speculative_adaptive_config .............. None
[algo2a-g3-l1-modal] 
[algo2a-g3-l1-modal]   sglang_speculative_algorithm .................... None
[algo2a-g3-l1-modal] 
[algo2a-g3-l1-modal]   sglang_speculative_attention_mode ............... prefill
[algo2a-g3-l1-modal] 
[algo2a-g3-l1-modal]   sglang_speculative_dflash_block_size ............ None
[algo2a-g3-l1-modal] 
[algo2a-g3-l1-modal]   sglang_speculative_domino_candidate_pool_size ... 2048
[algo2a-g3-l1-modal] 
[algo2a-g3-l1-modal]   sglang_speculative_draft_attention_backend ...... None
[algo2a-g3-l1-modal] 
[algo2a-g3-l1-modal]   sglang_speculative_draft_kv_cache_dtype ......... None
[algo2a-g3-l1-modal] 
[algo2a-g3-l1-modal]   sglang_speculative_draft_load_format ............ None
[algo2a-g3-l1-modal] 
[algo2a-g3-l1-modal]   sglang_speculative_draft_model_path ............. None
[algo2a-g3-l1-modal] 
[algo2a-g3-l1-modal]   sglang_speculative_draft_model_quantization ..... None
[algo2a-g3-l1-modal] 
[algo2a-g3-l1-modal]   sglang_speculative_draft_model_revision ......... None
[algo2a-g3-l1-modal] 
[algo2a-g3-l1-modal]   sglang_speculative_draft_window_size ............ None
[algo2a-g3-l1-modal] 
[algo2a-g3-l1-modal]   sglang_speculative_dsa_topk_backend ............. sgl-kernel
[algo2a-g3-l1-modal] 
[algo2a-g3-l1-modal]   sglang_speculative_dspark_align_verify_tokens_to_graph_tier  False
[algo2a-g3-l1-modal] 
[algo2a-g3-l1-modal]   sglang_speculative_dspark_block_size ............ None
[algo2a-g3-l1-modal] 
[algo2a-g3-l1-modal]   sglang_speculative_dspark_confidence_sts_path ... None
[algo2a-g3-l1-modal] 
[algo2a-g3-l1-modal]   sglang_speculative_dspark_sps_table_path ........ None
[algo2a-g3-l1-modal] 
[algo2a-g3-l1-modal]   sglang_speculative_eagle_topk ................... None
[algo2a-g3-l1-modal] 
[algo2a-g3-l1-modal]   sglang_speculative_moe_a2a_backend .............. None
[algo2a-g3-l1-modal] 
[algo2a-g3-l1-modal]   sglang_speculative_moe_runner_backend ........... None
[algo2a-g3-l1-modal]   sglang_speculative_ngram_capacity ............... 10000000
[algo2a-g3-l1-modal] 
[algo2a-g3-l1-modal]   sglang_speculative_ngram_external_corpus_max_tokens  10000000
[algo2a-g3-l1-modal] 
  sglang_speculative_ngram_external_corpus_path ... None
[algo2a-g3-l1-modal] 
[algo2a-g3-l1-modal]   sglang_speculative_ngram_external_sam_budget .... 0
[algo2a-g3-l1-modal] 
[algo2a-g3-l1-modal]   sglang_speculative_ngram_match_type ............. BFS
[algo2a-g3-l1-modal] 
[algo2a-g3-l1-modal]   sglang_speculative_ngram_max_bfs_breadth ........ 10
[algo2a-g3-l1-modal] 
[algo2a-g3-l1-modal]   sglang_speculative_ngram_max_trie_depth ......... 18
[algo2a-g3-l1-modal] 
[algo2a-g3-l1-modal]   sglang_speculative_ngram_min_bfs_breadth ........ 1
[algo2a-g3-l1-modal] 
[algo2a-g3-l1-modal]   sglang_speculative_num_draft_tokens ............. None
[algo2a-g3-l1-modal] 
[algo2a-g3-l1-modal]   sglang_speculative_num_steps .................... None
[algo2a-g3-l1-modal] 
[algo2a-g3-l1-modal]   sglang_speculative_skip_dp_mlp_sync ............. False
[algo2a-g3-l1-modal] 
[algo2a-g3-l1-modal]   sglang_speculative_token_map .................... None
[algo2a-g3-l1-modal] 
[algo2a-g3-l1-modal]   sglang_speculative_use_rejection_sampling ....... False
[algo2a-g3-l1-modal] 
[algo2a-g3-l1-modal]   sglang_ssl_ca_certs ............................. None
[algo2a-g3-l1-modal] 
[algo2a-g3-l1-modal]   sglang_ssl_certfile ............................. None
[algo2a-g3-l1-modal] 
[algo2a-g3-l1-modal]   sglang_ssl_keyfile .............................. None
[algo2a-g3-l1-modal] 
[algo2a-g3-l1-modal]   sglang_ssl_keyfile_password ..................... None
[algo2a-g3-l1-modal] 
[algo2a-g3-l1-modal]   sglang_startup_weight_load_mode ................. serial
[algo2a-g3-l1-modal] 
[algo2a-g3-l1-modal]   sglang_stream_interval .......................... 1
[algo2a-g3-l1-modal] 
[algo2a-g3-l1-modal]   sglang_stream_response_default_include_usage .... False
[algo2a-g3-l1-modal] 
[algo2a-g3-l1-modal]   sglang_strip_thinking_cache ..................... False
[algo2a-g3-l1-modal] 
[algo2a-g3-l1-modal]   sglang_swa_full_tokens_ratio .................... None
[algo2a-g3-l1-modal] 
[algo2a-g3-l1-modal]   sglang_tbo_token_distribution_threshold ......... 0.48
[algo2a-g3-l1-modal] 
[algo2a-g3-l1-modal]   sglang_tokenizer_backend ........................ huggingface
[algo2a-g3-l1-modal] 
[algo2a-g3-l1-modal]   sglang_tokenizer_metrics_allowed_custom_labels .. None
[algo2a-g3-l1-modal] 
[algo2a-g3-l1-modal]   sglang_tokenizer_metrics_custom_labels_header ... x-custom-labels
[algo2a-g3-l1-modal] 
[algo2a-g3-l1-modal]   sglang_tokenizer_mode ........................... auto
[algo2a-g3-l1-modal] 
[algo2a-g3-l1-modal]   sglang_tokenizer_path ........................... None
[algo2a-g3-l1-modal] 
[algo2a-g3-l1-modal]   sglang_tokenizer_worker_num ..................... 1
[algo2a-g3-l1-modal] 
[algo2a-g3-l1-modal]   sglang_tool_call_parser ......................... None
[algo2a-g3-l1-modal] 
[algo2a-g3-l1-modal]   sglang_tool_server .............................. None
[algo2a-g3-l1-modal] 
[algo2a-g3-l1-modal]   sglang_torch_compile_max_bs ..................... 32
[algo2a-g3-l1-modal] 
[algo2a-g3-l1-modal]   sglang_tp_size .................................. 1
[algo2a-g3-l1-modal] 
[algo2a-g3-l1-modal]   sglang_trace_modules ............................ request
[algo2a-g3-l1-modal] 
[algo2a-g3-l1-modal]   sglang_triton_attention_num_kv_splits ........... 8
[algo2a-g3-l1-modal] 
[algo2a-g3-l1-modal]   sglang_triton_attention_reduce_in_fp32 .......... False
[algo2a-g3-l1-modal] 
[algo2a-g3-l1-modal]   sglang_triton_attention_split_tile_size ......... None
[algo2a-g3-l1-modal] 
[algo2a-g3-l1-modal]   sglang_true_on_policy_contract .................. None
[algo2a-g3-l1-modal] 
[algo2a-g3-l1-modal]   sglang_trust_mm_content_hashes .................. False
[algo2a-g3-l1-modal] 
[algo2a-g3-l1-modal]   sglang_unified_cache_external_linker_backend .... mooncake
[algo2a-g3-l1-modal] 
[algo2a-g3-l1-modal]   sglang_uno_lora_path ............................ None
[algo2a-g3-l1-modal] 
[algo2a-g3-l1-modal]   sglang_use_ray .................................. False
[algo2a-g3-l1-modal] 
[algo2a-g3-l1-modal]   sglang_uvicorn_access_log_exclude_prefixes ...... []
[algo2a-g3-l1-modal] 
[algo2a-g3-l1-modal]   sglang_warmups .................................. None
[algo2a-g3-l1-modal] 
[algo2a-g3-l1-modal]   sglang_watchdog_timeout ......................... 300
[algo2a-g3-l1-modal] 
[algo2a-g3-l1-modal]   sglang_weight_cache_mode ........................ off
[algo2a-g3-l1-modal] 
[algo2a-g3-l1-modal]   sglang_weight_cache_socket ...................... None
[algo2a-g3-l1-modal] 
[algo2a-g3-l1-modal]   sglang_weight_cache_timeout ..................... 1800
[algo2a-g3-l1-modal] 
[algo2a-g3-l1-modal]   sglang_weight_loader_disable_mmap ............... False
[algo2a-g3-l1-modal] 
[algo2a-g3-l1-modal]   sglang_weight_loader_drop_cache_after_load ...... False
[algo2a-g3-l1-modal] 
[algo2a-g3-l1-modal]   sglang_weight_loader_prefetch_checkpoints ....... False
[algo2a-g3-l1-modal] 
[algo2a-g3-l1-modal]   sglang_weight_loader_prefetch_num_threads ....... 4
[algo2a-g3-l1-modal] 
[algo2a-g3-l1-modal]   sglang_weight_version ........................... default
[algo2a-g3-l1-modal] 
[algo2a-g3-l1-modal]   sharp_enabled_group ............................. None
[algo2a-g3-l1-modal] 
[algo2a-g3-l1-modal]   short_seq_prob .................................. 0.1
[algo2a-g3-l1-modal] 
[algo2a-g3-l1-modal]   skip_actor_forward_only ......................... False
[algo2a-g3-l1-modal] 
[algo2a-g3-l1-modal]   skip_eval_before_train .......................... False
[algo2a-g3-l1-modal] 
[algo2a-g3-l1-modal]   skip_train ...................................... False
[algo2a-g3-l1-modal] 
[algo2a-g3-l1-modal]   skipped_train_samples ........................... 0
[algo2a-g3-l1-modal] 
[algo2a-g3-l1-modal]   softmax_type .................................... vanilla
[algo2a-g3-l1-modal] 
[algo2a-g3-l1-modal]   spec ............................................ None
[algo2a-g3-l1-modal] 
[algo2a-g3-l1-modal]   special_tokens .................................. None
[algo2a-g3-l1-modal] 
[algo2a-g3-l1-modal]   split ........................................... None
[algo2a-g3-l1-modal] 
[algo2a-g3-l1-modal]   squared_relu .................................... False
[algo2a-g3-l1-modal] 
[algo2a-g3-l1-modal]   start_eval_at_iter .............................. None
[algo2a-g3-l1-modal] 
[algo2a-g3-l1-modal]   start_rollout_id ................................ 0
[algo2a-g3-l1-modal] 
[algo2a-g3-l1-modal]   start_weight_decay .............................. 0.01
[algo2a-g3-l1-modal] 
[algo2a-g3-l1-modal]   starts_inference_engines ........................ True
[algo2a-g3-l1-modal] 
[algo2a-g3-l1-modal]   step_batch_size_schedule ........................ None
[algo2a-g3-l1-modal] 
[algo2a-g3-l1-modal]   straggler_ctrlr_port ............................ 65535
[algo2a-g3-l1-modal] 
[algo2a-g3-l1-modal]   straggler_minmax_count .......................... 1
[algo2a-g3-l1-modal] 
[algo2a-g3-l1-modal]   stream_optimizer_state_moment_dtype ............. fp32
[algo2a-g3-l1-modal] 
[algo2a-g3-l1-modal]   stream_optimizer_state_to_disk .................. False
[algo2a-g3-l1-modal] 
[algo2a-g3-l1-modal]   strict_fsdp_dtensor_load ........................ True
[algo2a-g3-l1-modal] 
[algo2a-g3-l1-modal]   suggested_communication_unit_size ............... None
[algo2a-g3-l1-modal] 
[algo2a-g3-l1-modal]   swiglu .......................................... True
[algo2a-g3-l1-modal] 
[algo2a-g3-l1-modal]   swin_backbone_type .............................. tiny
[algo2a-g3-l1-modal] 
[algo2a-g3-l1-modal]   symmetric_ar_type ............................... None
[algo2a-g3-l1-modal] 
[algo2a-g3-l1-modal]   target_modules .................................. down_proj,gate_proj,k_proj,o_proj,q_proj,up_proj,v_proj
[algo2a-g3-l1-modal] 
[algo2a-g3-l1-modal]   tb_experiment_name .............................. None
[algo2a-g3-l1-modal] 
[algo2a-g3-l1-modal]   tb_project_name ................................. None
[algo2a-g3-l1-modal] 
[algo2a-g3-l1-modal]   te_precision_config_file ........................ None
[algo2a-g3-l1-modal] 
[algo2a-g3-l1-modal]   te_rng_tracker .................................. False
[algo2a-g3-l1-modal] 
[algo2a-g3-l1-modal]   tensor_model_parallel_size ...................... 1
[algo2a-g3-l1-modal] 
[algo2a-g3-l1-modal]   tensorboard_dir ................................. None
[algo2a-g3-l1-modal] 
[algo2a-g3-l1-modal]   tensorboard_log_interval ........................ 1
[algo2a-g3-l1-modal] 
[algo2a-g3-l1-modal]   tensorboard_queue_size .......................... 1000
[algo2a-g3-l1-modal] 
[algo2a-g3-l1-modal]   test_data_path .................................. None
[algo2a-g3-l1-modal] 
[algo2a-g3-l1-modal]   test_mode ....................................... False
[algo2a-g3-l1-modal] 
[algo2a-g3-l1-modal]   thd_max_packed_sequences ........................ None
[algo2a-g3-l1-modal] 
[algo2a-g3-l1-modal]   thd_tail_padding_policy ......................... None
[algo2a-g3-l1-modal] 
[algo2a-g3-l1-modal]   tiktoken_num_special_tokens ..................... 1000
[algo2a-g3-l1-modal] 
[algo2a-g3-l1-modal]   tiktoken_pattern ................................ None
[algo2a-g3-l1-modal] 
[algo2a-g3-l1-modal]   timing_log_level ................................ 0
[algo2a-g3-l1-modal] 
[algo2a-g3-l1-modal]   timing_log_option ............................... minmax
[algo2a-g3-l1-modal] 
[algo2a-g3-l1-modal]   tis_clip ........................................ 2.0
[algo2a-g3-l1-modal] 
[algo2a-g3-l1-modal]   tis_clip_low .................................... 0
[algo2a-g3-l1-modal] 
[algo2a-g3-l1-modal]   titles_data_path ................................ None
[algo2a-g3-l1-modal] 
[algo2a-g3-l1-modal]   tito_model ...................................... default
[algo2a-g3-l1-modal] 
[algo2a-g3-l1-modal]   tokenizer_hf_no_include_special_tokens .......... False
[algo2a-g3-l1-modal] 
[algo2a-g3-l1-modal]   tokenizer_hf_no_use_fast ........................ False
[algo2a-g3-l1-modal] 
[algo2a-g3-l1-modal]   tokenizer_model ................................. /root/.cache/huggingface/hub/models--Qwen--Qwen3-0.6B/snapshots/c1899de289a04d12100db370d81485cdf75e47ca
[algo2a-g3-l1-modal] 
[algo2a-g3-l1-modal]   tokenizer_sentencepiece_ignore_extra_whitespaces  True
[algo2a-g3-l1-modal] 
[algo2a-g3-l1-modal]   tokenizer_sentencepiece_legacy .................. False
[algo2a-g3-l1-modal] 
[algo2a-g3-l1-modal]   tokenizer_type .................................. HuggingFaceTokenizer
[algo2a-g3-l1-modal] 
  tool_key ........................................ tools
  torch_fsdp2_reshard_after_forward ............... True
[algo2a-g3-l1-modal] 
[algo2a-g3-l1-modal]   tp_comm_bootstrap_backend ....................... nccl
[algo2a-g3-l1-modal] 
[algo2a-g3-l1-modal]   tp_comm_bulk_dgrad .............................. True
[algo2a-g3-l1-modal] 
[algo2a-g3-l1-modal]   tp_comm_bulk_wgrad .............................. True
[algo2a-g3-l1-modal]   tp_comm_overlap ................................. False
[algo2a-g3-l1-modal] 
[algo2a-g3-l1-modal]   tp_comm_overlap_ag .............................. True
[algo2a-g3-l1-modal] 
[algo2a-g3-l1-modal]   tp_comm_overlap_cfg ............................. None
[algo2a-g3-l1-modal] 
[algo2a-g3-l1-modal]   tp_comm_overlap_rs .............................. True
[algo2a-g3-l1-modal] 
[algo2a-g3-l1-modal]   tp_comm_overlap_rs_dgrad ........................ False
[algo2a-g3-l1-modal] 
[algo2a-g3-l1-modal]   tp_comm_split_ag ................................ True
[algo2a-g3-l1-modal] 
[algo2a-g3-l1-modal]   tp_comm_split_rs ................................ True
[algo2a-g3-l1-modal] 
[algo2a-g3-l1-modal]   train_backend ................................... megatron
[algo2a-g3-l1-modal] 
[algo2a-g3-l1-modal]   train_data_path ................................. None
[algo2a-g3-l1-modal] 
[algo2a-g3-l1-modal]   train_env_vars .................................. {}
[algo2a-g3-l1-modal] 
[algo2a-g3-l1-modal]   train_iters ..................................... None
[algo2a-g3-l1-modal] 
[algo2a-g3-l1-modal]   train_memory_margin_bytes ....................... 1073741824
[algo2a-g3-l1-modal] 
[algo2a-g3-l1-modal]   train_samples ................................... None
[algo2a-g3-l1-modal] 
[algo2a-g3-l1-modal]   train_sync_interval ............................. None
[algo2a-g3-l1-modal] 
[algo2a-g3-l1-modal]   trainer_controller_addrs ........................ None
[algo2a-g3-l1-modal] 
[algo2a-g3-l1-modal]   trainer_heartbeat_checker_failure_threshold ..... 3
[algo2a-g3-l1-modal] 
[algo2a-g3-l1-modal]   trainer_heartbeat_checker_first_wait ............ 300.0
[algo2a-g3-l1-modal] 
[algo2a-g3-l1-modal]   trainer_heartbeat_checker_interval .............. 10.0
[algo2a-g3-l1-modal] 
[algo2a-g3-l1-modal]   trainer_heartbeat_checker_timeout ............... 10.0
[algo2a-g3-l1-modal] 
[algo2a-g3-l1-modal]   trainer_id ...................................... actor
[algo2a-g3-l1-modal] 
[algo2a-g3-l1-modal]   trainer_model_id ................................ None
[algo2a-g3-l1-modal] 
[algo2a-g3-l1-modal]   transformer_impl ................................ transformer_engine
[algo2a-g3-l1-modal] 
[algo2a-g3-l1-modal]   transformer_pipeline_model_parallel_size ........ 1
[algo2a-g3-l1-modal] 
[algo2a-g3-l1-modal]   true_on_policy_mode ............................. False
[algo2a-g3-l1-modal] 
[algo2a-g3-l1-modal]   trust_remote_code ............................... True
[algo2a-g3-l1-modal] 
[algo2a-g3-l1-modal]   untie_embeddings_and_output_weights ............. False
[algo2a-g3-l1-modal] 
[algo2a-g3-l1-modal]   update_weight_buffer_size ....................... 536870912
[algo2a-g3-l1-modal] 
[algo2a-g3-l1-modal]   update_weight_delta_checksum .................... xxh3-128
[algo2a-g3-l1-modal] 
[algo2a-g3-l1-modal]   update_weight_delta_encoding .................... xor
[algo2a-g3-l1-modal] 
[algo2a-g3-l1-modal]   update_weight_disk_dir .......................... None
[algo2a-g3-l1-modal] 
[algo2a-g3-l1-modal]   update_weight_local_checkpoint_dir .............. None
[algo2a-g3-l1-modal] 
[algo2a-g3-l1-modal]   update_weight_transfer_mode ..................... broadcast
[algo2a-g3-l1-modal] 
[algo2a-g3-l1-modal]   update_weights_interval ......................... 1
[algo2a-g3-l1-modal] 
[algo2a-g3-l1-modal]   use_checkpoint_args ............................. False
[algo2a-g3-l1-modal] 
[algo2a-g3-l1-modal]   use_checkpoint_opt_param_scheduler .............. False
[algo2a-g3-l1-modal] 
[algo2a-g3-l1-modal]   use_cpu_initialization .......................... None
[algo2a-g3-l1-modal] 
[algo2a-g3-l1-modal]   use_critic ...................................... False
[algo2a-g3-l1-modal] 
[algo2a-g3-l1-modal]   use_dist_ckpt ................................... True
[algo2a-g3-l1-modal] 
[algo2a-g3-l1-modal]   use_dist_ckpt_deprecated ........................ False
[algo2a-g3-l1-modal] 
[algo2a-g3-l1-modal]   use_distributed_optimizer ....................... True
[algo2a-g3-l1-modal] 
[algo2a-g3-l1-modal]   use_distributed_post ............................ False
[algo2a-g3-l1-modal] 
[algo2a-g3-l1-modal]   use_dynamic_batch_size .......................... False
[algo2a-g3-l1-modal] 
[algo2a-g3-l1-modal]   use_dynamic_global_batch_size ................... False
[algo2a-g3-l1-modal] 
[algo2a-g3-l1-modal]   use_fault_tolerance ............................. False
[algo2a-g3-l1-modal] 
[algo2a-g3-l1-modal]   use_flash_attn .................................. False
[algo2a-g3-l1-modal] 
[algo2a-g3-l1-modal]   use_fused_mhc ................................... False
[algo2a-g3-l1-modal] 
[algo2a-g3-l1-modal]   use_fused_weighted_squared_relu ................. False
[algo2a-g3-l1-modal] 
[algo2a-g3-l1-modal]   use_gloo_process_groups ......................... True
[algo2a-g3-l1-modal] 
[algo2a-g3-l1-modal]   use_grouped_gemm_for_dense_mlp .................. False
[algo2a-g3-l1-modal] 
[algo2a-g3-l1-modal]   use_grouped_gemm_for_shared_expert .............. False
[algo2a-g3-l1-modal] 
[algo2a-g3-l1-modal]   use_indexer_replay .............................. False
[algo2a-g3-l1-modal] 
[algo2a-g3-l1-modal]   use_kitchen_attention ........................... False
[algo2a-g3-l1-modal] 
[algo2a-g3-l1-modal]   use_kl_loss ..................................... False
[algo2a-g3-l1-modal] 
[algo2a-g3-l1-modal]   use_layer_wise_distributed_optimizer ............ False
[algo2a-g3-l1-modal] 
[algo2a-g3-l1-modal]   use_layer_wise_param_layout ..................... False
[algo2a-g3-l1-modal] 
[algo2a-g3-l1-modal]   use_legacy_static_engine ........................ False
[algo2a-g3-l1-modal] 
[algo2a-g3-l1-modal]   use_mamba_mem_eff_path .......................... True
[algo2a-g3-l1-modal] 
[algo2a-g3-l1-modal]   use_megatron_fsdp ............................... False
[algo2a-g3-l1-modal] 
[algo2a-g3-l1-modal]   use_miles_dashboard ............................. False
[algo2a-g3-l1-modal] 
[algo2a-g3-l1-modal]   use_miles_router ................................ False
[algo2a-g3-l1-modal] 
[algo2a-g3-l1-modal]   use_mlflow ...................................... False
[algo2a-g3-l1-modal] 
[algo2a-g3-l1-modal]   use_mp_args_from_checkpoint_args ................ False
[algo2a-g3-l1-modal] 
[algo2a-g3-l1-modal]   use_mup ......................................... False
[algo2a-g3-l1-modal] 
[algo2a-g3-l1-modal]   use_one_sent_docs ............................... False
[algo2a-g3-l1-modal] 
[algo2a-g3-l1-modal]   use_opd ......................................... False
[algo2a-g3-l1-modal] 
[algo2a-g3-l1-modal]   use_opsm ........................................ False
[algo2a-g3-l1-modal] 
[algo2a-g3-l1-modal]   use_persistent_ckpt_worker ...................... False
[algo2a-g3-l1-modal] 
[algo2a-g3-l1-modal]   use_precision_aware_optimizer ................... False
[algo2a-g3-l1-modal] 
[algo2a-g3-l1-modal]   use_prometheus .................................. False
[algo2a-g3-l1-modal] 
[algo2a-g3-l1-modal]   use_pytorch_profiler ............................ False
[algo2a-g3-l1-modal] 
[algo2a-g3-l1-modal]   use_ring_exchange_p2p ........................... False
[algo2a-g3-l1-modal] 
[algo2a-g3-l1-modal]   use_rollout_entropy ............................. False
[algo2a-g3-l1-modal] 
[algo2a-g3-l1-modal]   use_rollout_indexer_replay ...................... False
[algo2a-g3-l1-modal] 
[algo2a-g3-l1-modal]   use_rollout_logprobs ............................ False
[algo2a-g3-l1-modal] 
[algo2a-g3-l1-modal]   use_rollout_routing_replay ...................... False
[algo2a-g3-l1-modal] 
[algo2a-g3-l1-modal]   use_rope_scaling ................................ False
[algo2a-g3-l1-modal] 
[algo2a-g3-l1-modal]   use_rotary_position_embeddings .................. False
[algo2a-g3-l1-modal] 
[algo2a-g3-l1-modal]   use_routing_replay .............................. False
[algo2a-g3-l1-modal] 
[algo2a-g3-l1-modal]   use_sampling_support_replay ..................... False
[algo2a-g3-l1-modal] 
[algo2a-g3-l1-modal]   use_session_server .............................. False
[algo2a-g3-l1-modal] 
[algo2a-g3-l1-modal]   use_sharp ....................................... False
[algo2a-g3-l1-modal] 
[algo2a-g3-l1-modal]   use_te_activation_func .......................... False
[algo2a-g3-l1-modal] 
[algo2a-g3-l1-modal]   use_tensorboard ................................. False
[algo2a-g3-l1-modal] 
[algo2a-g3-l1-modal]   use_tis ......................................... False
[algo2a-g3-l1-modal] 
[algo2a-g3-l1-modal]   use_tokenizer_model_from_checkpoint_args ........ True
[algo2a-g3-l1-modal] 
[algo2a-g3-l1-modal]   use_torch_fsdp2 ................................. False
[algo2a-g3-l1-modal] 
[algo2a-g3-l1-modal]   use_torch_optimizer_for_cpu_offload ............. False
[algo2a-g3-l1-modal] 
[algo2a-g3-l1-modal]   use_tp_pp_dp_mapping ............................ False
[algo2a-g3-l1-modal] 
[algo2a-g3-l1-modal]   use_transformer_engine_op_fuser ................. False
[algo2a-g3-l1-modal] 
[algo2a-g3-l1-modal]   use_unbiased_kl ................................. False
[algo2a-g3-l1-modal] 
[algo2a-g3-l1-modal]   use_varlen_dataset .............................. False
[algo2a-g3-l1-modal] 
[algo2a-g3-l1-modal]   use_wandb ....................................... False
[algo2a-g3-l1-modal] 
[algo2a-g3-l1-modal]   v_head_dim ...................................... 128
[algo2a-g3-l1-modal] 
[algo2a-g3-l1-modal]   valid_data_path ................................. None
[algo2a-g3-l1-modal] 
[algo2a-g3-l1-modal]   validation_set_names ............................ None
[algo2a-g3-l1-modal] 
[algo2a-g3-l1-modal]   value_clip ...................................... 0.2
[algo2a-g3-l1-modal] 
[algo2a-g3-l1-modal]   varlen_mock_dataset_config_json ................. None
[algo2a-g3-l1-modal] 
[algo2a-g3-l1-modal]   varlen_sbhd_validation .......................... False
[algo2a-g3-l1-modal] 
[algo2a-g3-l1-modal]   verify_integrity ................................ False
[algo2a-g3-l1-modal] 
[algo2a-g3-l1-modal]   virtual_pipeline_model_parallel_size ............ None
[algo2a-g3-l1-modal] 
[algo2a-g3-l1-modal]   vision_backbone_type ............................ vit
[algo2a-g3-l1-modal] 
[algo2a-g3-l1-modal]   vision_pretraining .............................. False
[algo2a-g3-l1-modal] 
[algo2a-g3-l1-modal]   vision_pretraining_type ......................... classify
[algo2a-g3-l1-modal] 
[algo2a-g3-l1-modal]   vocab_extra_ids ................................. 0
[algo2a-g3-l1-modal] 
[algo2a-g3-l1-modal]   vocab_file ...................................... None
[algo2a-g3-l1-modal] 
[algo2a-g3-l1-modal]   vocab_size ...................................... 151936
[algo2a-g3-l1-modal] 
[algo2a-g3-l1-modal]   wandb_always_use_train_step ..................... False
[algo2a-g3-l1-modal] 
[algo2a-g3-l1-modal]   wandb_dir ....................................... None
[algo2a-g3-l1-modal] 
[algo2a-g3-l1-modal]   wandb_entity .................................... None
[algo2a-g3-l1-modal]   wandb_exp_name .................................. None
[algo2a-g3-l1-modal] 
[algo2a-g3-l1-modal]   wandb_group ..................................... None
[algo2a-g3-l1-modal] 
[algo2a-g3-l1-modal]   wandb_host ...................................... None
[algo2a-g3-l1-modal] 
[algo2a-g3-l1-modal]   wandb_key ....................................... None
[algo2a-g3-l1-modal] 
[algo2a-g3-l1-modal]   wandb_mode ...................................... None
[algo2a-g3-l1-modal] 
[algo2a-g3-l1-modal]   wandb_project ................................... None
[algo2a-g3-l1-modal] 
[algo2a-g3-l1-modal]   wandb_random_suffix ............................. True
[algo2a-g3-l1-modal] 
[algo2a-g3-l1-modal]   wandb_run_id .................................... None
[algo2a-g3-l1-modal] 
[algo2a-g3-l1-modal]   wandb_save_dir .................................. None
[algo2a-g3-l1-modal] 
[algo2a-g3-l1-modal]   wandb_team ...................................... None
[algo2a-g3-l1-modal] 
[algo2a-g3-l1-modal]   weight_decay .................................... 0.01
[algo2a-g3-l1-modal] 
[algo2a-g3-l1-modal]   weight_decay_incr_style ......................... constant
[algo2a-g3-l1-modal] 
[algo2a-g3-l1-modal]   wgrad_deferral_limit ............................ 0
[algo2a-g3-l1-modal] 
[algo2a-g3-l1-modal]   window_attn_skip_freq ........................... None
[algo2a-g3-l1-modal] 
[algo2a-g3-l1-modal]   window_size ..................................... None
[algo2a-g3-l1-modal] 
[algo2a-g3-l1-modal]   witness_buffer_size ............................. 1048576
[algo2a-g3-l1-modal] 
[algo2a-g3-l1-modal]   worker_comm_backend ............................. ray
[algo2a-g3-l1-modal] 
[algo2a-g3-l1-modal]   worker_dynamic_port_start ....................... 20000
[algo2a-g3-l1-modal] 
[algo2a-g3-l1-modal]   worker_urls ..................................... []
[algo2a-g3-l1-modal] 
[algo2a-g3-l1-modal]   world_size ...................................... 1
[algo2a-g3-l1-modal] 
[algo2a-g3-l1-modal]   yaml_cfg ........................................ None
[algo2a-g3-l1-modal] 
[algo2a-g3-l1-modal]   yarn_beta_fast .................................. None
[algo2a-g3-l1-modal] 
[algo2a-g3-l1-modal]   yarn_beta_slow .................................. None
[algo2a-g3-l1-modal] 
[algo2a-g3-l1-modal]   yarn_correction_range_round_to_int .............. None
[algo2a-g3-l1-modal] 
[algo2a-g3-l1-modal]   yarn_original_max_position_embeddings ........... None
[algo2a-g3-l1-modal] 
[algo2a-g3-l1-modal]   yeto_algo_plugins ............................... {'config': {'schema': 'yeto-algo-plugins-v1', 'reward_pipeline': {'reward_shapers': [], 'advantage_transform': 'maxrl', 'advantage_params': {}, 'pipeline_sha256': '043ec279226950389b57a4689dabd2e02a224d739d18726a44077f70ad1bdf00'}, 'algorithm_spec_sha256': 'e4b213355a0ddfbe0c94a7ac5c1806f16bc3ac0009829c260d80dd9af7b0f4f9'}, 'sha256': '28f0779b0467b0c9230ca1e52b410bf3be8af2eb1dab18307a5899ac3f5c806d'}
[algo2a-g3-l1-modal] 
[algo2a-g3-l1-modal]   yeto_placement_map .............................. None
[algo2a-g3-l1-modal] 
[algo2a-g3-l1-modal]   yeto_rl_dynamic_sampling_max_replacements ....... None
[algo2a-g3-l1-modal] 
[algo2a-g3-l1-modal] -------------------- end of arguments ---------------------
[algo2a-g3-l1-modal] 
[algo2a-g3-l1-modal] [2026-09-29 20:21:04.503 main] arguments.py:2854 - --moe-token-dispatcher-type allgather does not support variable sequence length, please use alltoall dispatcher instead.
[algo2a-g3-l1-modal] 2026-09-29 20:21:04,528	INFO worker.py:1833 -- Connecting to existing Ray cluster at address: 172.20.3.137:6379...
[algo2a-g3-l1-modal] 2026-09-29 20:21:04,552	INFO worker.py:2015 -- Connected to Ray cluster. View the dashboard at [1m[32mhttp://127.0.0.1:8265 [39m[22m
[algo2a-g3-l1-modal] YETO_RL_EVENT {"event":"rl_engine_selected","island_id":1,"miles_commit":"d002615f44816ae243169643dc093eb2c29029d8","placement":"colocated","rl/algorithm_absorbed_flags":{},"rl/algorithm_spec":"{\"advantage\":{\"estimator\":\"grpo\",\"reward_binary\":true,\"reward_postprocess\":{\"path\":\"yeto.rl.algos.reward_pipeline.post_process\",\"sha256\":\"cfbc099ad9a117de6836a0cb48feb0d5f5d059d9265faa5884bd0ef9a489c162\"},\"rewards_normalization\":true,\"std_normalization\":true,\"transform\":\"maxrl\",\"whiten\":false},\"correction\":{\"function\":null,\"method\":\"none\",\"mismatch_metrics\":false,\"opsm_delta\":null,\"tis_clip\":null,\"tis_clip_low\":null,\"use_rollout_logprobs\":false},\"entropy_coef\":0.0,\"execution\":{\"group_required\":true,\"max_policy_staleness\":0,\"needs_critic\":false,\"needs_rollout_logprobs\":false},\"kl\":{\"coef\":null,\"estimator\":null,\"placement\":\"none\",\"unbiased\":false},\"loss\":{\"aggregation\":\"default\",\"custom_loss\":null,\"eps_clip\":null,\"eps_clip_c\":null,\"eps_clip_high\":null,\"reducer\":null,\"variant\":\"policy_loss\"},\"plugins\":[{\"path\":\"yeto.rl.algos.reward_pipeline.grpo_default\",\"sha256\":\"cfbc099ad9a117de6836a0cb48feb0d5f5d059d9265faa5884bd0ef9a489c162\"},{\"path\":\"yeto.rl.algos.seq_adv.gdpo\",\"sha256\":\"2c710922aa44d7e0e6108450dc0fac6128063714385501c528def06c1ea4e656\"}],\"sampling\":{\"filter\":null,\"max_replacements\":null,\"over_sampling_batch_size\":null,\"overlong_filter\":false},\"schema\":\"yeto-rl-algorithm-spec-v2\"}","rl/algorithm_spec_sha256":"e4b213355a0ddfbe0c94a7ac5c1806f16bc3ac0009829c260d80dd9af7b0f4f9","rl/outer_sync":true,"rl_engine":"ports","time_unix":1790713266.9295468}
[algo2a-g3-l1-modal] 
[algo2a-g3-l1-modal] [2026-09-29 20:21:06.952 main] reporter.py:90 - audit op=env_report_summary hostname=modal versions="{\"python\":\"3.12.3\",\"platform\":\"Linux-4.19.0-gvisor-x86_64-with-glibc2.39\",\"torch\":\"2.13.0+cu130\",\"torch_cuda\":\"13.0\"}" repos="{}" num_packages=0 num_env_vars=106 packages_probed=false stored=false
[algo2a-g3-l1-modal] [2026-09-29 20:21:06.984 main] placement_group.py:227 - Creating placement group with 1 GPUs...
[algo2a-g3-l1-modal] [2026-09-29 20:21:08.928 main] placement_group.py:117 -   bundle    0, actual_bundle_index:    0, node: 172.20.3.137, gpu: 0
[algo2a-g3-l1-modal] [2026-09-29 20:21:16.212 main] reporter.py:90 - audit op=env_report_summary hostname=modal versions="{\"python\":\"3.12.3\",\"platform\":\"Linux-4.19.0-gvisor-x86_64-with-glibc2.39\",\"miles\":\"0.1.1\",\"sglang\":\"0.5.21.dev67+g9f29303\",\"sglang-router\":\"0.3.2\",\"megatron-core\":\"0.19.0+a84b10547\",\"transformers\":\"5.12.1\",\"ray\":\"2.58.0\",\"flashinfer-python\":\"0.6.18\",\"torch\":\"2.13.0+cu130\",\"torch_cuda\":\"13.0\"}" repos="{\"miles\":\"d002615f44816ae243169643dc093eb2c29029d8\",\"sglang\":\"9f29303bef1eea38eb613e5f454a52db1326422d\",\"megatron-core\":\"a84b105473eca9c9c6e49dbf1c8aa460c5cf796e\"}" num_packages=425 num_env_vars=106 packages_probed=true stored=false
[algo2a-g3-l1-modal] [36m(pid=2268)[0m /opt/sglang/lib/python3.12/site-packages/huggingface_hub/constants.py:301: FutureWarning: The `HF_HUB_ENABLE_HF_TRANSFER` environment variable is deprecated as 'hf_transfer' is not used anymore. Please use `HF_XET_HIGH_PERFORMANCE` instead to enable high performance transfer with Xet. Visit https://huggingface.co/docs/huggingface_hub/package_reference/environment_variables#hfxethighperformance for more details.
[algo2a-g3-l1-modal] 
[algo2a-g3-l1-modal] [36m(pid=2268)[0m   warnings.warn(
[algo2a-g3-l1-modal] 
[algo2a-g3-l0-modal] [36m(pid=2493)[0m Flax classes are deprecated and will be removed in Diffusers v1.0.0. We recommend migrating to PyTorch classes or pinning your version of Diffusers.
[algo2a-g3-l0-modal] 
[algo2a-g3-l0-modal] [36m(pid=2493)[0m Flax classes are deprecated and will be removed in Diffusers v1.0.0. We recommend migrating to PyTorch classes or pinning your version of Diffusers.
[algo2a-g3-l0-modal] 
[algo2a-g3-l0-modal] [36m(pid=2493)[0m WARNING:megatron.bridge.models.muse_glimmer:Muse Glimmer Hugging Face classes are unavailable with transformers 5.12.1. Upgrade transformers to a version that supports Muse Glimmer.
[algo2a-g3-l0-modal] 
[algo2a-g3-l1-modal] [36m(pid=2268)[0m /opt/sglang/lib/python3.12/site-packages/transformer_engine/__init__.py:103: RuntimeWarning: Detected a Jax installation but could not find the shared object file for the Transformer Engine Jax extension library. If this is not intentional, please reinstall Transformer Engine with `pip install transformer_engine[jax]` or build from source with `NVTE_FRAMEWORK=jax`.
[algo2a-g3-l1-modal] 
[36m(pid=2268)[0m   warnings.warn(
[algo2a-g3-l1-modal] 
[algo2a-g3-l0-modal] [36m(pid=2493)[0m WARNING:miles_plugins.models.qwen3_vl:megatron-bridge Qwen3VLModel lacks native CP-local vision-embed selection; CP runs with vision tokens will mis-place vision embeddings. Apply the matching Megatron-Bridge patch (radixark/Megatron-Bridge PR #9).
[algo2a-g3-l0-modal] 
[algo2a-g3-l0-modal] [36m(RolloutExecutor pid=2492)[0m [2026-09-29 20:21:29.095 rollout_executor] reporter.py:90 - audit op=env_report_summary hostname=modal versions="{\"python\":\"3.12.3\",\"platform\":\"Linux-4.19.0-gvisor-x86_64-with-glibc2.39\",\"torch\":\"2.13.0+cu130\",\"torch_cuda\":\"13.0\"}" repos="{}" num_packages=0 num_env_vars=110 packages_probed=false stored=false
[algo2a-g3-l0-modal] 
[algo2a-g3-l0-modal] [36m(pid=2820)[0m Flax classes are deprecated and will be removed in Diffusers v1.0.0. We recommend migrating to PyTorch classes or pinning your version of Diffusers.[32m [repeated 8x across cluster][0m
[algo2a-g3-l0-modal] 
[algo2a-g3-l0-modal] [36m(MegatronTrainRayActor pid=2820)[0m [2026-09-29 20:21:31.517 actor_cell00000_rank00000] reporter.py:90 - audit op=env_report_summary hostname=modal versions="{\"python\":\"3.12.3\",\"platform\":\"Linux-4.19.0-gvisor-x86_64-with-glibc2.39\",\"torch\":\"2.13.0+cu130\",\"torch_cuda\":\"13.0\"}" repos="{}" num_packages=0 num_env_vars=129 packages_probed=false stored=false
[algo2a-g3-l0-modal] 
[algo2a-g3-l0-modal] [36m(pid=2820)[0m WARNING:megatron.bridge.models.muse_glimmer:Muse Glimmer Hugging Face classes are unavailable with transformers 5.12.1. Upgrade transformers to a version that supports Muse Glimmer.[32m [repeated 4x across cluster][0m
[algo2a-g3-l0-modal] 
[algo2a-g3-l0-modal] [36m(pid=2820)[0m WARNING:miles_plugins.models.qwen3_vl:megatron-bridge Qwen3VLModel lacks native CP-local vision-embed selection; CP runs with vision tokens will mis-place vision embeddings. Apply the matching Megatron-Bridge patch (radixark/Megatron-Bridge PR #9).[32m [repeated 4x across cluster][0m
[algo2a-g3-l0-modal] 
[algo2a-g3-l0-modal] [36m(RolloutExecutor pid=2492)[0m [2026-09-29 20:21:32.828 rollout_executor] reporter.py:90 - audit op=env_report_summary hostname=modal versions="{\"python\":\"3.12.3\",\"platform\":\"Linux-4.19.0-gvisor-x86_64-with-glibc2.39\",\"miles\":\"0.1.1\",\"sglang\":\"0.5.21.dev67+g9f29303\",\"sglang-router\":\"0.3.2\",\"megatron-core\":\"0.19.0+a84b10547\",\"transformers\":\"5.12.1\",\"ray\":\"2.58.0\",\"flashinfer-python\":\"0.6.18\",\"torch\":\"2.13.0+cu130\",\"torch_cuda\":\"13.0\"}" repos="{\"miles\":\"d002615f44816ae243169643dc093eb2c29029d8\",\"sglang\":\"9f29303bef1eea38eb613e5f454a52db1326422d\",\"megatron-core\":\"a84b105473eca9c9c6e49dbf1c8aa460c5cf796e\"}" num_packages=425 num_env_vars=110 packages_probed=true stored=false
[algo2a-g3-l0-modal] 
[algo2a-g3-l0-modal] [36m(MegatronTrainRayActor pid=2820)[0m [2026-09-29 20:21:35.553 actor_cell00000_rank00000] reporter.py:90 - audit op=env_report_summary hostname=modal versions="{\"python\":\"3.12.3\",\"platform\":\"Linux-4.19.0-gvisor-x86_64-with-glibc2.39\",\"miles\":\"0.1.1\",\"sglang\":\"0.5.21.dev67+g9f29303\",\"sglang-router\":\"0.3.2\",\"megatron-core\":\"0.19.0+a84b10547\",\"transformers\":\"5.12.1\",\"ray\":\"2.58.0\",\"flashinfer-python\":\"0.6.18\",\"torch\":\"2.13.0+cu130\",\"torch_cuda\":\"13.0\"}" repos="{\"miles\":\"d002615f44816ae243169643dc093eb2c29029d8\",\"sglang\":\"9f29303bef1eea38eb613e5f454a52db1326422d\",\"megatron-core\":\"a84b105473eca9c9c6e49dbf1c8aa460c5cf796e\"}" num_packages=425 num_env_vars=129 packages_probed=true stored=false
[algo2a-g3-l0-modal] 
[algo2a-g3-l0-modal] [36m(pid=2494)[0m Flax classes are deprecated and will be removed in Diffusers v1.0.0. We recommend migrating to PyTorch classes or pinning your version of Diffusers.
[algo2a-g3-l0-modal] 
[algo2a-g3-l0-modal] [36m(pid=2494)[0m Flax classes are deprecated and will be removed in Diffusers v1.0.0. We recommend migrating to PyTorch classes or pinning your version of Diffusers.
[algo2a-g3-l0-modal] 
[algo2a-g3-l0-modal] [36m(pid=2494)[0m WARNING:megatron.bridge.models.muse_glimmer:Muse Glimmer Hugging Face classes are unavailable with transformers 5.12.1. Upgrade transformers to a version that supports Muse Glimmer.
[algo2a-g3-l0-modal] 
[algo2a-g3-l0-modal] [36m(pid=2494)[0m WARNING:miles_plugins.models.qwen3_vl:megatron-bridge Qwen3VLModel lacks native CP-local vision-embed selection; CP runs with vision tokens will mis-place vision embeddings. Apply the matching Megatron-Bridge patch (radixark/Megatron-Bridge PR #9).
[algo2a-g3-l0-modal] 
[algo2a-g3-l0-modal] [36m(RayWorkerManager pid=2230)[0m [2026-09-29 20:21:42.592 worker_manager] inference.py:186 - Launch router with args: {'worker_urls': [], 'policy': 'cache_aware', 'prefill_policy': None, 'decode_policy': None, 'cache_threshold': 0.3, 'balance_abs_threshold': 64, 'balance_rel_threshold': 1.5, 'bucket_adjust_interval_secs': 5, 'eviction_interval_secs': 60, 'max_tree_size': 67108864, 'max_idle_secs': 14400, 'assignment_mode': 'random', 'max_payload_size': 536870912, 'dp_aware': False, 'enable_igw': False, 'allow_requests_without_routing_key': False, 'mini_lb': False, 'test_external_dp_routing': False, 'pd_disaggregation': False, 'prefill': None, 'decode': None, 'worker_startup_timeout_secs': 1800, 'worker_startup_check_interval': 30, 'log_dir': None, 'log_level': 'warn', 'json_log': False, 'service_discovery': False, 'selector': {}, 'service_discovery_port': 80, 'service_discovery_namespace': None, 'prefill_selector': {}, 'decode_selector': {}, 'prometheus_port': 20033, 'prometheus_host': '0.0.0.0', 'prometheus_duration_buckets': None, 'request_id_headers': None, 'request_timeout_secs': 14400, 'shutdown_grace_period_secs': 180, 'cors_allowed_origins': [], 'max_concurrent_requests': -1, 'queue_size': 100, 'queue_timeout_secs': 60, 'rate_limit_tokens_per_second': None, 'retry_max_retries': 5, 'retry_initial_backoff_ms': 50, 'retry_max_backoff_ms': 30000, 'retry_backoff_multiplier': 1.5, 'retry_jitter_factor': 0.2, 'disable_retries': False, 'cb_failure_threshold': 10, 'cb_success_threshold': 3, 'cb_timeout_duration_secs': 60, 'cb_window_duration_secs': 120, 'disable_circuit_breaker': False, 'health_failure_threshold': 3, 'health_success_threshold': 2, 'health_check_timeout_secs': 5, 'health_check_interval_secs': 60, 'health_check_endpoint': '/health', 'disable_health_check': False, 'model_path': None, 'tokenizer_path': None, 'chat_template': None, 'tokenizer_cache_enable_l0': False, 'tokenizer_cache_l0_max_entries': 10000, 'tokenizer_cache_enable_l1': False, 'tokenizer_cache_l1_max_memory': 52428800, 'reasoning_parser': None, 'tool_call_parser': None, 'mcp_config_path': None, 'backend': 'sglang', 'history_backend': 'memory', 'oracle_wallet_path': None, 'oracle_tns_alias': None, 'oracle_connect_descriptor': None, 'oracle_username': None, 'oracle_password': None, 'oracle_pool_min': 1, 'oracle_pool_max': 16, 'oracle_pool_timeout_secs': 30, 'postgres_db_url': None, 'postgres_pool_max': 16, 'redis_url': None, 'redis_pool_max': 16, 'redis_retention_days': 30, 'client_cert_path': None, 'client_key_path': None, 'ca_cert_paths': [], 'tls_cert_path': None, 'tls_key_path': None, 'enable_trace': False, 'otlp_traces_endpoint': 'localhost:4317', 'api_key': None, 'control_plane_api_keys': [], 'control_plane_audit_enabled': False, 'jwt_issuer': None, 'jwt_audience': None, 'jwt_jwks_uri': None, 'jwt_role_mapping': [], 'host': '172.20.6.108', 'port': 20001}
[algo2a-g3-l0-modal] 
[algo2a-g3-l0-modal] [36m(RayWorkerManager pid=2230)[0m [2026-09-29 20:21:42.596 worker_manager] sglang_engine.py:169 - No pre-trained LoRA adapter_path provided, will use random initial weights
[algo2a-g3-l0-modal] 
[algo2a-g3-l0-modal] [36m(RayWorkerManager pid=2230)[0m [2026-09-29 20:21:42.596 worker_manager] sglang_engine.py:178 - LoRA + colocate: enabling SGLang enable_weights_cpu_backup=True; the trainer will skip per-step base weight sync.
[algo2a-g3-l0-modal] 
[algo2a-g3-l0-modal] [36m(CommandActor pid=2493)[0m [process_trampoline pid=3309] bound to parent 2493; exec ['/bin/sh', '-c', 'exec /opt/sglang/bin/python3 -m sglang.launch_server --trust-remote-code --model-path /root/.cache/huggingface/hub/models--Qwen--Qwen3-0.6B/snapshots/c1899de289a04d12100db370d81485cdf75e47ca --host 172.20.6.108 --port 20000 --device cuda --random-seed 17 --enable-memory-saver --nccl-port 20034 --dist-init-addr 172.20.6.108:20002 --gated-launch-port 20036 --skip-server-warmup --enable-draft-weights-cpu-backup --enable-metrics --engine-info-bootstrap-port 20035 --enable-lora --max-loras-per-batch 1 --max-lora-rank 16 --lora-target-modules down_proj gate_proj k_proj o_proj q_proj up_proj v_proj --enable-weights-cpu-backup --mem-fraction-static 0.4 --cuda-graph-backend-prefill disabled --lora-use-virtual-experts --enable-deterministic-inference']
[algo2a-g3-l0-modal] 
[algo2a-g3-l0-modal] [36m(CommandActor pid=2489)[0m [process_trampoline pid=3307] bound to parent 2489; exec ['/bin/sh', '-c', 'exec /opt/sglang/bin/python3 -m sglang_router.launch_router --log-level warn --prometheus-port 20033 --request-timeout-secs 14400 --host 172.20.6.108 --port 20001']
[algo2a-g3-l0-modal] 
[algo2a-g3-l0-modal] [2026-09-29 20:21:43.657 main] router_manager.py:64 - Router ready at host='172.20.6.108' port=20001 external_host=None
[algo2a-g3-l0-modal] [36m(RolloutExecutor pid=2492)[0m [2026-09-29 20:21:43.728 rollout_executor] router_manager.py:64 - Router ready at host='172.20.6.108' port=20001 external_host=None
[algo2a-g3-l0-modal] 
[algo2a-g3-l0-modal] [36m(InferenceController pid=2491)[0m [2026-09-29 20:21:43.701 inference_controller] reporter.py:90 - audit op=env_report_summary hostname=modal versions="{\"python\":\"3.12.3\",\"platform\":\"Linux-4.19.0-gvisor-x86_64-with-glibc2.39\",\"torch\":\"2.13.0+cu130\",\"torch_cuda\":\"13.0\"}" repos="{}" num_packages=0 num_env_vars=110 packages_probed=false stored=false
[algo2a-g3-l0-modal] 
[algo2a-g3-l0-modal] [36m(InferenceController pid=2491)[0m [2026-09-29 20:21:43.716 inference_controller] router_manager.py:64 - Router ready at host='172.20.6.108' port=20001 external_host=None
[algo2a-g3-l0-modal] 
[algo2a-g3-l0-modal] [36m(InferenceController pid=2491)[0m [2026-09-29 20:21:46.641 inference_controller] reporter.py:90 - audit op=env_report_summary hostname=modal versions="{\"python\":\"3.12.3\",\"platform\":\"Linux-4.19.0-gvisor-x86_64-with-glibc2.39\",\"miles\":\"0.1.1\",\"sglang\":\"0.5.21.dev67+g9f29303\",\"sglang-router\":\"0.3.2\",\"megatron-core\":\"0.19.0+a84b10547\",\"transformers\":\"5.12.1\",\"ray\":\"2.58.0\",\"flashinfer-python\":\"0.6.18\",\"torch\":\"2.13.0+cu130\",\"torch_cuda\":\"13.0\"}" repos="{\"miles\":\"d002615f44816ae243169643dc093eb2c29029d8\",\"sglang\":\"9f29303bef1eea38eb613e5f454a52db1326422d\",\"megatron-core\":\"a84b105473eca9c9c6e49dbf1c8aa460c5cf796e\"}" num_packages=425 num_env_vars=110 packages_probed=true stored=false
[algo2a-g3-l0-modal] 
[algo2a-g3-l0-modal] [36m(CommandActor pid=2493)[0m /opt/sglang/lib/python3.12/site-packages/huggingface_hub/constants.py:301: FutureWarning: The `HF_HUB_ENABLE_HF_TRANSFER` environment variable is deprecated as 'hf_transfer' is not used anymore. Please use `HF_XET_HIGH_PERFORMANCE` instead to enable high performance transfer with Xet. Visit https://huggingface.co/docs/huggingface_hub/package_reference/environment_variables#hfxethighperformance for more details.
[algo2a-g3-l0-modal] 
[algo2a-g3-l0-modal] [36m(CommandActor pid=2493)[0m   warnings.warn(
[algo2a-g3-l0-modal] 
[algo2a-g3-l0-modal] [36m(RolloutExecutor pid=2492)[0m [2026-09-29 20:21:47.262 rollout_executor] data.py:133 - Filtered 0 samples longer than max_length=1023.
[algo2a-g3-l0-modal] 
[algo2a-g3-l0-modal] [36m(RolloutExecutor pid=2492)[0m [2026-09-29 20:21:48.284 rollout_executor] rollout_executor.py:117 - import miles.rollout.inference_rollout.inference_rollout_common.InferenceRolloutFn as generate_rollout function.
[algo2a-g3-l0-modal] 
[algo2a-g3-l0-modal] [36m(RolloutExecutor pid=2492)[0m [2026-09-29 20:21:48.284 rollout_executor] rollout_executor.py:118 - import miles.rollout.inference_rollout.inference_rollout_common.InferenceRolloutFn as eval_generate_rollout function.
[algo2a-g3-l0-modal] 
[algo2a-g3-l0-modal] [36m(TrainerController pid=2494)[0m [2026-09-29 20:21:48.338 trainer_controller_actor] reporter.py:90 - audit op=env_report_summary hostname=modal versions="{\"python\":\"3.12.3\",\"platform\":\"Linux-4.19.0-gvisor-x86_64-with-glibc2.39\",\"torch\":\"2.13.0+cu130\",\"torch_cuda\":\"13.0\"}" repos="{}" num_packages=0 num_env_vars=110 packages_probed=false stored=false
[algo2a-g3-l0-modal] 
[algo2a-g3-l0-modal] [36m(TrainerController pid=2494)[0m Using blocking ray.get inside async actor. This blocks the event loop. Please use `await` on object ref with asyncio.gather if you want to yield execution to the event loop instead.
[algo2a-g3-l0-modal] 
[algo2a-g3-l1-modal] [36m(pid=2268)[0m Flax classes are deprecated and will be removed in Diffusers v1.0.0. We recommend migrating to PyTorch classes or pinning your version of Diffusers.
[algo2a-g3-l1-modal] 
[algo2a-g3-l1-modal] [36m(pid=2268)[0m Flax classes are deprecated and will be removed in Diffusers v1.0.0. We recommend migrating to PyTorch classes or pinning your version of Diffusers.
[algo2a-g3-l1-modal] 
[algo2a-g3-l0-modal] [36m(TrainerController pid=2494)[0m [2026-09-29 20:21:50.179 trainer_controller_actor] cell.py:231 - ft op=execute phase=start cell=trainer-engine-actor-00000 fn=configure_master_addr_and_port n_actors=1
[algo2a-g3-l0-modal] 
[algo2a-g3-l0-modal] [36m(TrainerController pid=2494)[0m [2026-09-29 20:21:50.184 trainer_controller_actor] cell.py:239 - ft op=execute phase=end cell=trainer-engine-actor-00000 fn=configure_master_addr_and_port ok=true elapsed_s=0.0
[algo2a-g3-l0-modal] 
[algo2a-g3-l0-modal] [36m(TrainerController pid=2494)[0m [2026-09-29 20:21:50.184 trainer_controller_actor] cell.py:231 - ft op=execute phase=start cell=trainer-engine-actor-00000 fn=init n_actors=1
[algo2a-g3-l0-modal] 
[algo2a-g3-l0-modal] [36m(MegatronTrainRayActor pid=2820)[0m [2026-09-29 20:21:50.189 actor_cell00000_rank00000] structured_log.py:24 - actor cls=MegatronTrainRayActor fn=init phase=start
[algo2a-g3-l0-modal] 
[algo2a-g3-l0-modal] [36m(MegatronTrainRayActor pid=2820)[0m [2026-09-29 20:21:50.190 actor_cell00000_rank00000] reloadable_process_group.py:21 - Applying monkey patch to torch.distributed
[algo2a-g3-l0-modal] 
[algo2a-g3-l0-modal] [36m(MegatronTrainRayActor pid=2820)[0m [2026-09-29 20:21:50.271 actor_cell00000_rank00000] reporter.py:90 - audit op=env_report_summary hostname=modal versions="{\"python\":\"3.12.3\",\"platform\":\"Linux-4.19.0-gvisor-x86_64-with-glibc2.39\",\"torch\":\"2.13.0+cu130\",\"torch_cuda\":\"13.0\"}" repos="{}" num_packages=0 num_env_vars=131 packages_probed=false stored=false
[algo2a-g3-l0-modal] 
[algo2a-g3-l0-modal] [36m(MegatronTrainRayActor pid=2820)[0m [2026-09-29 20:21:50.311 actor_cell00000_rank00000] train_actor.py:161 - Warning: Failed to set NUMA affinity: Unknown Error
[algo2a-g3-l0-modal] 
[algo2a-g3-l0-modal] [36m(MegatronTrainRayActor pid=2820)[0m [2026-09-29 20:21:50.321 actor_cell00000_rank00000] initialize.py:46 - > setting random seeds to 17 ...
[algo2a-g3-l0-modal] 
[algo2a-g3-l0-modal] [36m(MegatronTrainRayActor pid=2820)[0m [2026-09-29 20:21:51.492 actor_cell00000_rank00000] actor.py:183 - Set torch_memory_saver.memory_margin_bytes to 1073741824
[algo2a-g3-l0-modal] 
[algo2a-g3-l0-modal] [36m(MegatronTrainRayActor pid=2820)[0m /root/Megatron-LM/megatron/core/models/mimo/config/base_configs.py:12: UserWarning: MimoModelConfig is experimental and still under active development. The API may change without notice in future releases.
[algo2a-g3-l0-modal] 
[algo2a-g3-l0-modal] [36m(MegatronTrainRayActor pid=2820)[0m   class MimoModelConfig:
[algo2a-g3-l0-modal] 
[algo2a-g3-l0-modal] [36m(TrainerController pid=2494)[0m [2026-09-29 20:21:51.673 trainer_controller_actor] reporter.py:90 - audit op=env_report_summary hostname=modal versions="{\"python\":\"3.12.3\",\"platform\":\"Linux-4.19.0-gvisor-x86_64-with-glibc2.39\",\"miles\":\"0.1.1\",\"sglang\":\"0.5.21.dev67+g9f29303\",\"sglang-router\":\"0.3.2\",\"megatron-core\":\"0.19.0+a84b10547\",\"transformers\":\"5.12.1\",\"ray\":\"2.58.0\",\"flashinfer-python\":\"0.6.18\",\"torch\":\"2.13.0+cu130\",\"torch_cuda\":\"13.0\"}" repos="{\"miles\":\"d002615f44816ae243169643dc093eb2c29029d8\",\"sglang\":\"9f29303bef1eea38eb613e5f454a52db1326422d\",\"megatron-core\":\"a84b105473eca9c9c6e49dbf1c8aa460c5cf796e\"}" num_packages=425 num_env_vars=110 packages_probed=true stored=false
[algo2a-g3-l0-modal] 
[algo2a-g3-l0-modal] [36m(MegatronTrainRayActor pid=2820)[0m [2026-09-29 20:21:51.654 actor_cell00000_rank00000] auto_bridge.py:600 - Loading a model with trust_remote_code=True allows arbitrary code execution from the model repository. Only use this with models you trust.
[algo2a-g3-l0-modal] 
[algo2a-g3-l0-modal] [36m(MegatronTrainRayActor pid=2820)[0m /opt/sglang/lib/python3.12/site-packages/megatron/bridge/models/qwen/qwen3_bridge.py:45: FutureWarning: Qwen3Bridge.provider_bridge() and AutoBridge.to_megatron_provider() are deprecated for builder-backed models. Use AutoBridge.get_model_config() for training recipes or AutoBridge.get_model() to construct a model. Legacy provider support will be removed in a future release.
[algo2a-g3-l0-modal] 
[algo2a-g3-l0-modal] [36m(MegatronTrainRayActor pid=2820)[0m   provider = super().provider_bridge(hf_pretrained)
[algo2a-g3-l0-modal] 
[algo2a-g3-l0-modal] [36m(MegatronTrainRayActor pid=2820)[0m [transformers] `torch_dtype` is deprecated! Use `dtype` instead!
[algo2a-g3-l0-modal] 
[algo2a-g3-l0-modal] [36m(MegatronTrainRayActor pid=2820)[0m /root/Megatron-LM/megatron/core/transformer/transformer_config.py:3249: UserWarning: full scope is deprecated. Use empty cuda_graph_modules to capture the whole layer.
[algo2a-g3-l0-modal] 
[algo2a-g3-l0-modal] [36m(MegatronTrainRayActor pid=2820)[0m [2026-09-29 20:21:51.699 actor_cell00000_rank00000] utils.py:122 - Patched _ParamAndGradBuffer.__init__ for LoRA colocate mode (disable cpu backup)
[algo2a-g3-l0-modal] 
[algo2a-g3-l0-modal] [36m(MegatronTrainRayActor pid=2820)[0m /root/Megatron-LM/megatron/core/models/gpt/gpt_layer_specs.py:225: UserWarning: The fp8 argument in "get_gpt_layer_with_transformer_engine_spec" has been deprecated and will be removed soon. Please update your code accordingly.
[algo2a-g3-l0-modal] 
[algo2a-g3-l1-modal] [36m(pid=2268)[0m WARNING:megatron.bridge.models.muse_glimmer:Muse Glimmer Hugging Face classes are unavailable with transformers 5.12.1. Upgrade transformers to a version that supports Muse Glimmer.
[algo2a-g3-l1-modal] 
[algo2a-g3-l0-modal] [36m(CommandActor pid=2493)[0m /root/sglang/python/sglang/launch_server.py:71: UserWarning: 'python -m sglang.launch_server' is still supported, but 'sglang serve' is the recommended entrypoint.
[algo2a-g3-l0-modal] 
[algo2a-g3-l0-modal] [36m(CommandActor pid=2493)[0m   Example: sglang serve --model-path <model> [options]
[algo2a-g3-l0-modal] 
[algo2a-g3-l0-modal] [36m(CommandActor pid=2493)[0m   warnings.warn([32m [repeated 3x across cluster][0m
[algo2a-g3-l0-modal] 
[algo2a-g3-l0-modal] [36m(MegatronTrainRayActor pid=2820)[0m [2026-09-29 20:21:53.092 actor_cell00000_rank00000] utils.py:159 - Created CanonicalLoRA: rank=16, alpha=16, dropout=0.0, target_modules=['decoder.layers.*.self_attention.linear_proj', 'decoder.layers.*.mlp.linear_fc2', 'decoder.layers.*.self_attention.linear_k', 'decoder.layers.*.self_attention.linear_q', 'decoder.layers.*.self_attention.linear_v', 'decoder.layers.*.mlp.linear_fc1_up', 'decoder.layers.*.mlp.linear_fc1_gate']
[algo2a-g3-l0-modal] 
[algo2a-g3-l1-modal] [36m(pid=2268)[0m WARNING:miles_plugins.models.qwen3_vl:megatron-bridge Qwen3VLModel lacks native CP-local vision-embed selection; CP runs with vision tokens will mis-place vision embeddings. Apply the matching Megatron-Bridge patch (radixark/Megatron-Bridge PR #9).
[algo2a-g3-l0-modal] [36m(MegatronTrainRayActor pid=2820)[0m  > number of parameters on (tensor, pipeline) model parallel rank (0, 0): 606142464
[algo2a-g3-l0-modal] 
[algo2a-g3-l1-modal] 
[algo2a-g3-l0-modal] [36m(MegatronTrainRayActor pid=2820)[0m [2026-09-29 20:21:53.881 actor_cell00000_rank00000] checkpoint.py:217 - Load checkpoint from HuggingFace model into Megatron (path=/root/.cache/huggingface/hub/models--Qwen--Qwen3-0.6B/snapshots/c1899de289a04d12100db370d81485cdf75e47ca)
[algo2a-g3-l0-modal] 
[algo2a-g3-l0-modal] [36m(MegatronTrainRayActor pid=2820)[0m [2026-09-29 20:21:53.884 actor_cell00000_rank00000] auto_bridge.py:600 - Loading a model with trust_remote_code=True allows arbitrary code execution from the model repository. Only use this with models you trust.
[algo2a-g3-l0-modal] 
[algo2a-g3-l0-modal] [36m(MegatronTrainRayActor pid=2820)[0m Loading from /root/.cache/huggingface/hub/models--Qwen--Qwen3-0.6B/snaps… … Qwe…
[algo2a-g3-l0-modal] 
[algo2a-g3-l0-modal] [36m(MegatronTrainRayActor pid=2820)[0m [2026-09-29 20:21:55.608 actor_cell00000_rank00000] auto_bridge.py:600 - Loading a model with trust_remote_code=True allows arbitrary code execution from the model repository. Only use this with models you trust.
[algo2a-g3-l0-modal] 
[algo2a-g3-l0-modal] [36m(MegatronTrainRayActor pid=2820)[0m [2026-09-29 20:21:55.611 actor_cell00000_rank00000] structured_log.py:24 - actor cls=MegatronTrainRayActor fn=sleep phase=start
[algo2a-g3-l0-modal] 
[algo2a-g3-l0-modal] [36m(MegatronTrainRayActor pid=2820)[0m [2026-09-29 20:21:55.611 actor_cell00000_rank00000] timer.py:31 - Timer sleep start
[algo2a-g3-l0-modal] 
[algo2a-g3-l0-modal] [36m(MegatronTrainRayActor pid=2820)[0m [2026-09-29 20:21:56.156 actor_cell00000_rank00000] memory_utils.py:41 - [Rank 0] Memory-Usage before offload model: {'gpu': '0', 'total_GB': 79.18, 'free_GB': 76.13, 'used_GB': 3.04, 'allocated_GB': 1.2, 'reserved_GB': 1.27}
[algo2a-g3-l0-modal] 
[algo2a-g3-l0-modal] [2026-09-29 20:21:56.533 main] placement_group.py:300 - trainer 'actor' restored rollout 1, and --start-rollout-id 0 was asked for, so it starts at 0
[algo2a-g3-l0-modal] YETO_RL_EVENT {"event":"rl_driver_start","execution_mode":"colocated-serial","island_id":0,"placement":"colocated","rl/algorithm_spec_sha256":"e4b213355a0ddfbe0c94a7ac5c1806f16bc3ac0009829c260d80dd9af7b0f4f9","runtime_fingerprint":"sha256:dc0e3fac5aad518915bff14d89226de8a9a690c433afeb4c37ab0a7162c161d8","time_unix":1790713316.5646636}
[algo2a-g3-l0-modal] 
[algo2a-g3-l0-modal] [36m(RolloutExecutor pid=2492)[0m [2026-09-29 20:21:56.541 rollout_executor] data_source.py:154 - no dataset state under /root/.cache/huggingface/hub/models--Qwen--Qwen3-0.6B/snapshots/c1899de289a04d12100db370d81485cdf75e47ca/rollout/global_dataset_state_dict_-1.pt: the dataset starts where a fresh run's would
[algo2a-g3-l0-modal] 
[algo2a-g3-l0-modal] [36m(TrainerController pid=2494)[0m [2026-09-29 20:21:56.531 trainer_controller_actor] cell.py:239 - ft op=execute phase=end cell=trainer-engine-actor-00000 fn=init ok=true elapsed_s=6.3
[algo2a-g3-l0-modal] 
[algo2a-g3-l0-modal] [36m(TrainerController pid=2494)[0m [2026-09-29 20:21:56.532 trainer_controller_actor] cell.py:194 - ft op=state phase=start name=_mark_as_alive cell=trainer-engine-actor-00000 from_state=StateAllocatedUninitialized
[algo2a-g3-l0-modal] 
[algo2a-g3-l0-modal] [36m(TrainerController pid=2494)[0m [2026-09-29 20:21:56.532 trainer_controller_actor] cell.py:205 - ft op=state phase=end name=_mark_as_alive cell=trainer-engine-actor-00000 to_state=StateAllocatedAlive
[algo2a-g3-l0-modal] 
[algo2a-g3-l0-modal] [36m(TrainerController pid=2494)[0m [2026-09-29 20:21:56.535 trainer_controller_actor] cell.py:231 - ft op=execute phase=start cell=trainer-engine-actor-00000 fn=get_train_parallel_config n_actors=1
[algo2a-g3-l0-modal] 
[algo2a-g3-l0-modal] [36m(TrainerController pid=2494)[0m [2026-09-29 20:21:56.537 trainer_controller_actor] cell.py:239 - ft op=execute phase=end cell=trainer-engine-actor-00000 fn=get_train_parallel_config ok=true elapsed_s=0.0
[algo2a-g3-l0-modal] 
[algo2a-g3-l0-modal] [36m(TrainerController pid=2494)[0m [2026-09-29 20:21:56.567 trainer_controller_actor] cell.py:231 - ft op=execute phase=start cell=trainer-engine-actor-00000 fn=run_plugin n_actors=1
[algo2a-g3-l0-modal] 
[algo2a-g3-l0-modal] [36m(MegatronTrainRayActor pid=2820)[0m [2026-09-29 20:21:56.529 actor_cell00000_rank00000] memory_utils.py:41 - [Rank 0] Memory-Usage after offload model: {'gpu': '0', 'total_GB': 79.18, 'free_GB': 77.38, 'used_GB': 1.8, 'allocated_GB': 1.2, 'reserved_GB': 1.27}
[algo2a-g3-l0-modal] 
[algo2a-g3-l0-modal] [36m(MegatronTrainRayActor pid=2820)[0m [2026-09-29 20:21:56.529 actor_cell00000_rank00000] timer.py:42 - Timer sleep end (elapsed: 0.9s)
[algo2a-g3-l0-modal] 
[algo2a-g3-l0-modal] [36m(MegatronTrainRayActor pid=2820)[0m [2026-09-29 20:21:56.529 actor_cell00000_rank00000] structured_log.py:28 - actor cls=MegatronTrainRayActor fn=sleep phase=end ok=true elapsed_s=0.9
[algo2a-g3-l0-modal] 
[algo2a-g3-l0-modal] [36m(MegatronTrainRayActor pid=2820)[0m [2026-09-29 20:21:56.529 actor_cell00000_rank00000] timer.py:31 - Timer train_wait start
[algo2a-g3-l0-modal] 
[algo2a-g3-l0-modal] [36m(MegatronTrainRayActor pid=2820)[0m [2026-09-29 20:21:56.530 actor_cell00000_rank00000] structured_log.py:28 - actor cls=MegatronTrainRayActor fn=init phase=end ok=true elapsed_s=6.3
[algo2a-g3-l0-modal] 
[36m(MegatronTrainRayActor pid=2820)[0m [2026-09-29 20:21:56.572 actor_cell00000_rank00000] structured_log.py:24 - actor cls=MegatronTrainRayActor fn=wake_up phase=start
[algo2a-g3-l0-modal] 
[algo2a-g3-l0-modal] [36m(MegatronTrainRayActor pid=2820)[0m [2026-09-29 20:21:56.572 actor_cell00000_rank00000] timer.py:31 - Timer wake_up start
[algo2a-g3-l0-modal] 
[algo2a-g3-l0-modal] [36m(MegatronTrainRayActor pid=2820)[0m [2026-09-29 20:21:56.572 actor_cell00000_rank00000] memory_utils.py:41 - [Rank 0] Memory-Usage before wake_up model: {'gpu': '0', 'total_GB': 79.18, 'free_GB': 77.38, 'used_GB': 1.8, 'allocated_GB': 1.2, 'reserved_GB': 1.27}
[algo2a-g3-l0-modal] 
[algo2a-g3-l1-modal] [36m(RayWorkerManager pid=2268)[0m [2026-09-29 20:21:56.843 worker_manager] reporter.py:90 - audit op=env_report_summary hostname=modal versions="{\"python\":\"3.12.3\",\"platform\":\"Linux-4.19.0-gvisor-x86_64-with-glibc2.39\",\"torch\":\"2.13.0+cu130\",\"torch_cuda\":\"13.0\"}" repos="{}" num_packages=0 num_env_vars=110 packages_probed=false stored=false
[algo2a-g3-l0-modal] [36m(CommandActor pid=2493)[0m [2026-09-29 20:21:56] FlashInfer allreduce fusion is forcibly disabled via --enforce-disable-flashinfer-allreduce-fusion.
[algo2a-g3-l0-modal] 
[algo2a-g3-l0-modal] [36m(CommandActor pid=2493)[0m [2026-09-29 20:21:56] Sampling backend is set to pytorch for deterministic inference.
[algo2a-g3-l0-modal] 
[algo2a-g3-l1-modal] 
[algo2a-g3-l0-modal] [36m(CommandActor pid=2493)[0m [2026-09-29 20:21:56] Attention backend not specified. Falling back to 'fa3' for deterministic inference. You can explicitly set --attention-backend to one of ['ascend', 'fa3', 'fa4', 'flashinfer', 'intel_xpu', 'triton'].
[algo2a-g3-l0-modal] 
[algo2a-g3-l0-modal] [36m(MegatronTrainRayActor pid=2820)[0m [2026-09-29 20:21:57.196 actor_cell00000_rank00000] reloadable_process_group.py:151 - Reloading 0 process groups in pid 2820
[algo2a-g3-l0-modal] 
[algo2a-g3-l0-modal] [36m(MegatronTrainRayActor pid=2820)[0m [2026-09-29 20:21:57.196 actor_cell00000_rank00000] memory_utils.py:41 - [Rank 0] Memory-Usage after wake_up model: {'gpu': '0', 'total_GB': 79.18, 'free_GB': 76.13, 'used_GB': 3.05, 'allocated_GB': 1.2, 'reserved_GB': 1.27}
[algo2a-g3-l0-modal] 
[algo2a-g3-l0-modal] [36m(MegatronTrainRayActor pid=2820)[0m [2026-09-29 20:21:57.197 actor_cell00000_rank00000] timer.py:42 - Timer wake_up end (elapsed: 0.6s)
[algo2a-g3-l0-modal] 
[algo2a-g3-l0-modal] [36m(MegatronTrainRayActor pid=2820)[0m [2026-09-29 20:21:57.197 actor_cell00000_rank00000] structured_log.py:28 - actor cls=MegatronTrainRayActor fn=wake_up phase=end ok=true elapsed_s=0.6
[algo2a-g3-l0-modal] 
[algo2a-g3-l0-modal] [36m(MegatronTrainRayActor pid=2820)[0m [2026-09-29 20:21:57.197 actor_cell00000_rank00000] auto_bridge.py:600 - Loading a model with trust_remote_code=True allows arbitrary code execution from the model repository. Only use this with models you trust.
[algo2a-g3-l0-modal] 
[algo2a-g3-l0-modal] [36m(MegatronTrainRayActor pid=2820)[0m [2026-09-29 20:21:57.315 actor_cell00000_rank00000] structured_log.py:24 - actor cls=MegatronTrainRayActor fn=sleep phase=start
[algo2a-g3-l0-modal] 
[algo2a-g3-l0-modal] [36m(MegatronTrainRayActor pid=2820)[0m [2026-09-29 20:21:57.316 actor_cell00000_rank00000] timer.py:31 - Timer sleep start
[algo2a-g3-l0-modal] 
[algo2a-g3-l0-modal] [36m(MegatronTrainRayActor pid=2820)[0m [2026-09-29 20:21:57.862 actor_cell00000_rank00000] memory_utils.py:41 - [Rank 0] Memory-Usage before offload model: {'gpu': '0', 'total_GB': 79.18, 'free_GB': 76.13, 'used_GB': 3.05, 'allocated_GB': 1.2, 'reserved_GB': 1.27}
[algo2a-g3-l0-modal] 
[algo2a-g3-l0-modal] [36m(MegatronTrainRayActor pid=2820)[0m [2026-09-29 20:21:58.214 actor_cell00000_rank00000] memory_utils.py:41 - [Rank 0] Memory-Usage after offload model: {'gpu': '0', 'total_GB': 79.18, 'free_GB': 77.38, 'used_GB': 1.8, 'allocated_GB': 1.2, 'reserved_GB': 1.27}
[algo2a-g3-l0-modal] 
[algo2a-g3-l0-modal] [36m(MegatronTrainRayActor pid=2820)[0m [2026-09-29 20:21:58.214 actor_cell00000_rank00000] timer.py:42 - Timer sleep end (elapsed: 0.9s)
[algo2a-g3-l0-modal] 
[algo2a-g3-l0-modal] [36m(MegatronTrainRayActor pid=2820)[0m [2026-09-29 20:21:58.214 actor_cell00000_rank00000] structured_log.py:28 - actor cls=MegatronTrainRayActor fn=sleep phase=end ok=true elapsed_s=0.9
[algo2a-g3-l0-modal] 
[algo2a-g3-l0-modal] [36m(TrainerController pid=2494)[0m [2026-09-29 20:21:58.509 trainer_controller_actor] cell.py:239 - ft op=execute phase=end cell=trainer-engine-actor-00000 fn=run_plugin ok=true elapsed_s=1.9
[algo2a-g3-l0-modal] 
[syncer] 2026-09-29T20:21:59.029860Z  INFO yeto_syncer::server: learner connected (layout: 1 fragments) learner_id=0 generation=9096641884410840748 num_streams=4
[syncer] 2026-09-29T20:21:59.029950Z  INFO yeto_syncer::server: initialized global state iso_backend=scalar
[algo2a-g3-l0-modal] [36m(CommandActor pid=2493)[0m [2026-09-29 20:22:00] Compiled-kernel caches now live under SGLANG_CACHE_DIR (/root/.cache/sglang). These older directories are no longer used by sglang, but may still be used by other frameworks on this machine, so they were left alone: /root/.triton, /root/.cache/flashinfer. Remove them yourself if nothing else needs them.
[algo2a-g3-l0-modal] 
[algo2a-g3-l0-modal] [36m(CommandActor pid=2493)[0m [2026-09-29 20:22:00] Virtual expert computation enabled.
[algo2a-g3-l0-modal] 
[algo2a-g3-l0-modal] [36m(CommandActor pid=2493)[0m [2026-09-29 20:22:00] server_args={'model_path': '/root/.cache/huggingface/hub/models--Qwen--Qwen3-0.6B/snapshots/c1899de289a04d12100db370d81485cdf75e47ca', 'tokenizer_path': '/root/.cache/huggingface/hub/models--Qwen--Qwen3-0.6B/snapshots/c1899de289a04d12100db370d81485cdf75e47ca', 'tokenizer_mode': 'auto', 'tokenizer_backend': 'huggingface', 'tokenizer_worker_num': 1, 'detokenizer_worker_num': 1, 'skip_tokenizer_init': False, 'load_format': 'auto', 'model_loader_extra_config': '{}', 'trust_remote_code': True, 'context_length': None, 'is_embedding': False, 'enable_multimodal': None, 'revision': None, 'model_impl': 'auto', 'model_config_parser': 'auto', 'json_model_override_args': '{}', 'dtype': 'auto', 'quantization': None, 'quantization_param_path': None, 'kv_cache_dtype': 'auto', 'enable_fp32_lm_head': False, 'modelopt_quant': None, 'modelopt_checkpoint_restore_path': None, 'modelopt_checkpoint_save_path': None, 'modelopt_export_path': None, 'quantize_and_serve': False, 'rl_quant_profile': None, 'enable_tf32_matmul': False, 'mem_fraction_static': 0.4, 'max_running_requests': None, 'max_queued_requests': None, 'max_total_tokens': None, 'chunked_prefill_size': 8192, 'prefill_decode_interval': 0, 'enable_dynamic_chunking': False, 'max_prefill_tokens': 16384, 'prefill_max_requests': None, 'schedule_policy': 'fcfs', 'enable_priority_scheduling': False, 'disable_priority_preemption': False, 'default_priority_value': None, 'abort_on_priority_when_disabled': False, 'schedule_low_priority_values_first': False, 'priority_scheduling_preemption_threshold': 10, 'retraction_policy': 'length', 'schedule_conservativeness': 1.0, 'page_size': 1, 'c128_page_size': 16, 'swa_full_tokens_ratio': 0.8, 'disable_hybrid_swa_memory': False, 'radix_eviction_policy': 'lru', 'radix_eviction_policy_config': None, 'prefill_only_disable_kv_cache': False, 'disable_radix_cache': False, 'enable_page_major_kv_layout': False, 'enable_unified_memory': False, 'disable_chunked_prefix_cache': False, 'disable_overlap_schedule': False, 'num_continuous_decode_steps': 1, 'scheduler_recv_interval': 1, 'enable_mixed_chunk': False, 'nccl_port': 20034, 'dist_timeout': None, 'dist_init_addr': '172.20.6.108:20002', 'gated_launch_port': 20036, 'nnodes': 1, 'node_rank': 0, 'tp_size': 1, 'dcp_size': 1, 'pp_size': 1, 'pp_max_micro_batch_size': None, 'pp_async_batch_depth': 0, 'dp_size': 1, 'load_balance_method': 'round_robin', 'attn_cp_size': 1, 'moe_dp_size': 1, 'dwdp_size': 1, 'dcp_comm_backend': 'ag_rs', 'dcp_replicate_q_proj': None, 'enable_prefill_cp': False, 'cp_strategy': None, 'enable_dsa_cache_layer_split': False, 'enable_cp_decode_attn_tp': False, 'enable_dp_attention': False, 'enable_dp_attention_local_control_broadcast': False, 'enable_dp_lm_head': False, 'enable_tp_lm_head_all_to_all': False, 'enable_attn_tp_input_scattered': False, 'enable_shared_experts_attn_tp': False, 'enable_dense_mlp_attn_tp': False, 'enable_layernorm_sp': False, 'disable_attn_tp_gather': False, 'enable_p2p_check': False, 'device': 'cuda', 'base_gpu_id': 0, 'gpu_id_step': 1, 'random_seed': 17, 'mlx_enable_sampling': False, 'watchdog_timeout': 300, 'soft_watchdog_timeout': None, 'sleep_on_idle': False, 'use_ray': False, 'custom_sigquit_handler': None, 'numa_node': None, 'gc_threshold': None, 'host': '172.20.6.108', 'port': 20000, 'fastapi_root_path': '', 'smg_grpc_mode': False, 'grpc_mode': False, 'grpc_port': None, 'grpc_worker_threads': 4, 'sidecar': None, 'sidecar_args': None, 'skip_server_warmup': True, 'warmups': None, 'enable_http2': False, 'http2_max_concurrent_streams': 200, 'http2_initial_connection_window_size': 1048576, 'ssl_keyfile': None, 'ssl_certfile': None, 'ssl_ca_certs': None, 'ssl_keyfile_password': None, 'enable_ssl_refresh': False, 'api_key': None, 'admin_api_key': None, 'served_model_name': '/root/.cache/huggingface/hub/models--Qwen--Qwen3-0.6B/snapshots/c1899de289a04d12100db370d81485cdf75e47ca', 'weight_version': 'default', 'chat_template': None, 'hf_chat_template_name': None, 'completion_template': None, 'file_storage_path': 'sglang_storage', 'enable_cache_report': False, 'return_input_ids': False, 'return_output_ids': False, 'reasoning_parser': None, 'default_chat_template_kwargs': None, 'strip_thinking_cache': False, 'enable_strict_thinking': False, 'tool_call_parser': None, 'tool_server': None, 'sampling_defaults': 'model', 'asr_max_buffer_seconds': 60, 'asr_max_concurrent_sessions': 32, 'preferred_sampling_params': None, 'allow_auto_truncate': False, 'stream_interval': 1, 'batch_notify_size': 16, 'stream_response_default_include_usage': False, 'incremental_streaming_output': False, 'enable_streaming_session': False, 'enable_session_radix_cache': False, 'log_level': 'info', 'log_level_http': None, 'log_requests': False, 'log_requests_level': 2, 'log_requests_format': 'text', 'log_requests_target': None, 'uvicorn_access_log_exclude_prefixes': [], 'crash_dump_folder': None, 'show_time_cost': False, 'enable_metrics': True, 'smg_http_sidecar_port': None, 'enable_mfu_metrics': False, 'enable_metrics_for_all_schedulers': False, 'load_snapshot_publish_interval': 15, 'tokenizer_metrics_custom_labels_header': 'x-custom-labels', 'tokenizer_metrics_allowed_custom_labels': None, 'extra_metric_labels': None, 'bucket_time_to_first_token': None, 'bucket_inter_token_latency': None, 'bucket_e2e_request_latency': None, 'prompt_tokens_buckets': None, 'generation_tokens_buckets': None, 'gc_warning_threshold_secs': 0.0, 'decode_log_interval': 40, 'enable_request_time_stats_logging': False, 'kv_events_config': None, 'load_publish_endpoint': None, 'enable_forward_pass_metrics': False, 'forward_pass_metrics_worker_id': '', 'forward_pass_metrics_ipc_name': None, 'enable_trace': False, 'trace_modules': 'request', 'otlp_traces_endpoint': 'localhost:4317', 'export_metrics_to_file': False, 'export_metrics_to_file_dir': None, 'stat_loggers': None, 'constrained_json_whitespace_pattern': None, 'constrained_json_disable_any_whitespace': False, 'attention_backend': 'fa3', 'decode_attention_backend': None, 'enable_lean_attention': None, 'prefill_attention_backend': None, 'sampling_backend': 'pytorch', 'grammar_backend': 'xgrammar', 'radix_cache_backend': None, 'mm_attention_backend': None, 'fp8_gemm_runner_backend': 'auto', 'fp4_gemm_runner_backend': 'auto', 'bf16_gemm_backend': 'auto', 'dsa_prefill_backend': None, 'dsv4_prefill_backend': 'auto', 'dsa_decode_backend': None, 'dsa_paged_mqa_logits_backend': 'auto', 'dsa_topk_backend': 'sgl-kernel', 'disable_flashinfer_autotune': False, 'flashinfer_autotune_skip_ops': None, 'mamba_backend': 'triton', 'cuda_graph_config': {'decode': {'backend': 'full', 'max_bs': 256, 'bs': [1, 2, 4, 8, 12, 16, 24, 32, 40, 48, 56, 64, 72, 80, 88, 96, 104, 112, 120, 128, 136, 144, 152, 160, 168, 176, 184, 192, 200, 208, 216, 224, 232, 240, 248, 256], 'tc_compiler': 'eager', 'full_prefill_max_req': None, 'full_prefill_prefix_chunk_tokens': None}, 'prefill': {'backend': 'disabled', 'max_bs': 8192, 'bs': [4, 8, 12, 16, 20, 24, 28, 32, 48, 64, 80, 96, 112, 128, 144, 160, 176, 192, 208, 224, 240, 256, 288, 320, 352, 384, 416, 448, 480, 512, 576, 640, 704, 768, 832, 896, 960, 1024, 1280, 1536, 1792, 2048, 2304, 2560, 2816, 3072, 3328, 3584, 3840, 4096, 4608, 5120, 5632, 6144, 6656, 7168, 7680, 8192], 'tc_compiler': 'eager', 'full_prefill_max_req': None, 'full_prefill_prefix_chunk_tokens': None}}, 'cuda_graph_backend_decode': None, 'cuda_graph_backend_prefill': 'disabled', 'cuda_graph_max_bs_decode': None, 'cuda_graph_max_bs_prefill': None, 'cuda_graph_bs_decode': None, 'cuda_graph_bs_prefill': None, 'cuda_graph_tc_compiler': None, 'disable_prefill_cuda_graph': False, 'disable_decode_cuda_graph': False, 'disable_cuda_graph': False, 'disable_cuda_graph_padding': False, 'enable_profile_cuda_graph': False, 'enable_cudagraph_gc': False, 'debug_cuda_graph': False, 'enable_layerwise_nvtx_marker': False, 'enable_nccl_nvls': False, 'enable_symm_mem': False, 'triton_attention_reduce_in_fp32': False, 'triton_attention_num_kv_splits': 8, 'triton_attention_split_tile_size': None, 'flashinfer_mla_disable_ragged': False, 'enable_fused_qk_norm_rope': False, 'enable_precise_e
[algo2a-g3-l0-modal] mbedding_interpolation': False, 'enable_fused_moe_sum_all_reduce': False, 'enable_deepseek_v4_fp4_indexer': False, 'disable_custom_all_reduce': False, 'enable_mscclpp': False, 'enable_torch_symm_mem': False, 'enable_scattered_sconv': False, 'pre_warm_nccl': False, 'enable_quant_communications': False, 'enable_flashinfer_allreduce_fusion': False, 'enforce_disable_flashinfer_allreduce_fusion': True, 'flashinfer_allreduce_fusion_backend': None, 'enable_aiter_allreduce_fusion': False, 'enable_torch_compile': False, 'enable_torch_compile_debug_mode': False, 'torch_compile_max_bs': 32, 'speculative_algorithm': None, 'uno_lora_path': None, 'speculative_draft_model_path': None, 'speculative_draft_model_revision': None, 'speculative_draft_load_format': None, 'speculative_num_steps': None, 'speculative_eagle_topk': None, 'speculative_num_draft_tokens': None, 'speculative_dflash_block_size': None, 'speculative_dspark_block_size': None, 'speculative_dspark_sps_table_path': None, 'speculative_dspark_confidence_sts_path': None, 'speculative_dspark_align_verify_tokens_to_graph_tier': False, 'speculative_accept_threshold_single': 1.0, 'speculative_accept_threshold_acc': 1.0, 'speculative_use_rejection_sampling': False, 'speculative_token_map': None, 'speculative_attention_mode': 'prefill', 'speculative_draft_attention_backend': None, 'speculative_dsa_topk_backend': 'sgl-kernel', 'speculative_draft_kv_cache_dtype': None, 'speculative_draft_window_size': None, 'speculative_moe_runner_backend': 'auto', 'speculative_moe_a2a_backend': None, 'speculative_draft_model_quantization': None, '_speculative_draft_quantization_explicitly_set': False, 'speculative_skip_dp_mlp_sync': False, 'enable_multi_layer_eagle': False, 'speculative_adaptive': False, 'speculative_adaptive_config': None, 'decoupled_spec_bind_endpoint': None, 'decoupled_spec_connect_endpoints': None, 'decoupled_spec_rank': None, 'decoupled_spec_role': 'null', 'spec_trace_dir': None, 'speculative_ngram_min_bfs_breadth': 1, 'speculative_ngram_max_bfs_breadth': 10, 'speculative_ngram_match_type': 'BFS', 'speculative_ngram_max_trie_depth': 18, 'speculative_ngram_capacity': 10000000, 'speculative_ngram_external_corpus_path': None, 'speculative_ngram_external_sam_budget': 0, 'speculative_ngram_external_corpus_max_tokens': 10000000, 'ep_size': 1, 'moe_a2a_backend': 'none', 'enable_w4a4_mxfp4_megamoe': False, 'deepep_v2_mode': 'direct', 'moe_runner_backend': 'auto', 'flashinfer_mxfp4_moe_precision': 'default', 'deepep_mode': 'auto', 'fuseep_mode': 2, 'deepep_dispatcher_output_dtype': 'auto', 'ep_num_redundant_experts': 0, 'ep_dispatch_algorithm': None, 'init_expert_location': 'trivial', 'enable_eplb': False, 'eplb_algorithm': 'auto', 'eplb_rebalance_num_iterations': 1000, 'eplb_rebalance_layers_per_chunk': None, 'eplb_min_rebalancing_utilization_threshold': 1.0, 'expert_distribution_recorder_mode': None, 'expert_distribution_recorder_buffer_size': 1000, 'expert_balancedness_report_mode': 'off', 'deepep_config': None, 'moe_dense_tp_size': None, 'elastic_ep_backend': None, 'enable_elastic_expert_backup': False, 'mooncake_ib_device': None, 'enable_waterfill': False, 'ep_join_mode': None, 'ep_join_rank_offset': 0, 'elastic_ep_initial_size': None, 'max_ep_size': None, 'elastic_ep_scale_timeout': 600, 'elastic_ep_rejoin': False, 'disable_flashinfer_cutlass_moe_fp4_allgather': False, 'disable_shared_experts_fusion': False, 'enforce_shared_experts_fusion': False, 'max_mamba_cache_size': None, 'mamba_ssm_dtype': None, 'mamba_max_states_per_path': -1, 'enable_mamba_cache_stochastic_rounding': False, 'mamba_cache_philox_rounds': 0, 'mamba_full_memory_ratio': 0.9, 'mamba_radix_cache_strategy': 'auto', 'uses_mamba_radix_cache': False, 'mamba_track_interval': 256, 'enable_int8_mamba_checkpoint': False, 'int8_mamba_ckpt_size': None, 'linear_attn_backend': 'triton', 'linear_attn_decode_backend': None, 'linear_attn_prefill_backend': None, 'linear_attn_verify_backend': None, 'enable_linear_replayssm': False, 'linear_replayssm_cache_len': 16, 'enable_linear_replayssm_spec': False, 'enable_hierarchical_cache': False, 'hicache_host_memory_mode': 'cache', 'hicache_ratio': 2.0, 'hicache_size': 0, 'hicache_write_policy': 'write_through', 'hicache_io_backend': 'kernel', 'hicache_mem_layout': 'page_first', 'hicache_storage_backend': None, 'hicache_storage_prefetch_policy': 'timeout', 'hicache_storage_backend_extra_config': None, 'hicache_storage_prefetch_retry_poll_interval': 8, 'hicache_storage_prefetch_retry_max_attempts': 8, 'enable_unified_cache_external_linker': False, 'unified_cache_external_linker_backend': 'mooncake', 'enable_hisparse': False, 'hisparse_config': None, 'enable_broadcast_mm_inputs_process': False, 'enable_prefix_mm_cache': False, 'mm_enable_dp_encoder': False, 'mm_process_config': {}, 'mm_processor_worker_num': 0, 'mm_io_worker_num': 0, 'allowed_media_domains': [], 'media_url_max_file_size_mb': 64, 'mm_preprocess_cache_size_mb': None, 'trust_mm_content_hashes': False, 'limit_mm_data_per_request': None, 'enable_mm_global_cache': False, 'image_processor_backend': 'auto', 'mm_global_cache_backend': 'mooncake', 'disable_fast_image_processor': False, 'mm_feature_transport': 'cpu', 'keep_mm_feature_on_device': False, 'enable_lora': True, 'enable_lora_overlap_loading': False, 'max_lora_rank': 16, 'lora_target_modules': {'gate_proj', 'v_proj', 'o_proj', 'k_proj', 'up_proj', 'down_proj', 'q_proj'}, 'lora_paths': [], 'max_loaded_loras': None, 'max_loras_per_batch': 1, 'lora_eviction_policy': 'lru', 'lora_backend': 'csgmv', 'max_lora_chunk_size': 16, 'experts_shared_outer_loras': None, 'lora_use_virtual_experts': True, 'lora_strict_loading': False, 'lora_no_cpu_backup': False, 'lora_drain_wait_threshold': 0.0, 'enable_two_batch_overlap': False, 'enable_single_batch_overlap': False, 'tbo_token_distribution_threshold': 0.48, 'cpu_offload_gb': 0, 'offload_group_size': -1, 'offload_num_in_group': 1, 'offload_prefetch_step': 1, 'offload_mode': 'cpu', 'enable_lmcache': False, 'lmcache_config_file': None, 'enable_flexkv': False, 'flexkv_config_file': None, 'kt_weight_path': None, 'kt_method': 'AMXINT4', 'kt_cpuinfer': None, 'kt_threadpool_count': 2, 'kt_num_gpu_experts': None, 'kt_max_deferred_experts_per_token': None, 'dllm_algorithm': None, 'dllm_algorithm_config': None, 'dllm_fdfo': True, 'disaggregation_mode': 'null', 'disaggregation_transfer_backend': 'mooncake', 'disaggregation_bootstrap_port': 8998, 'disaggregation_ib_device': None, 'disaggregation_decode_enable_radix_cache': False, 'disaggregation_decode_enable_offload_kvcache': False, 'disaggregation_decode_retraction_backup': None, 'num_reserved_decode_tokens': 512, 'disaggregation_decode_extra_slots': None, 'disaggregation_decode_polling_interval': 1, 'optimistic_prefill_attempts': 0, 'encoder_only': False, 'language_only': False, 'language_model_only': False, 'encoder_transfer_backend': 'zmq_to_scheduler', 'encoder_urls': [], 'encoder_bootstrap_port': 8997, 'encoder_register_urls': [], 'enable_adaptive_dispatch_to_encoder': False, 'enable_pdmux': False, 'pdmux_config_path': None, 'sm_group_num': 8, 'startup_weight_load_mode': 'serial', 'custom_weight_loader': [], 'weight_loader_disable_mmap': False, 'weight_loader_prefetch_checkpoints': False, 'weight_loader_prefetch_num_threads': 4, 'weight_loader_drop_cache_after_load': False, 'remote_instance_weight_loader_seed_instance_ip': None, 'remote_instance_weight_loader_seed_instance_service_port': None, 'remote_instance_weight_loader_send_weights_group_ports': None, 'remote_instance_weight_loader_backend': 'nccl', 'remote_instance_weight_loader_start_seed_via_transfer_engine': False, 'engine_info_bootstrap_port': 20035, 'modelexpress_config': None, 'download_dir': None, 'model_checksum': None, 'delete_ckpt_after_loading': False, 'decrypted_config_file': None, 'decrypted_draft_config_file': None, 'checkpoint_engine_wait_weights_before_ready': False, 'enable_prefill_delayer': False, 'prefill_delayer_max_delay_passes': 30, 'prefill_delayer_token_usage_low_watermark': None, 'prefill_delayer_forward_passes_buckets': None, 'prefill_delayer_wait_seconds_buckets': None, 'prefill_delayer_queue_min_ratio': None, 'prefill_delayer_
[algo2a-g3-l0-modal] max_delay_ms': None, 'min_free_slots_delay': None, 'enable_deterministic_inference': True, 'rl_on_policy_target': None, 'kv_canary': 'none', 'kv_canary_real_data': 'none', 'kv_canary_sweep_interval': 0, 'enable_dynamic_batch_tokenizer': False, 'dynamic_batch_tokenizer_batch_size': 32, 'dynamic_batch_tokenizer_batch_timeout': 0.002, 'enable_tokenizer_batch_encode': False, 'disable_tokenizer_batch_decode': False, 'debug_tensor_dump_output_folder': None, 'debug_tensor_dump_layers': None, 'debug_tensor_dump_input_file': None, 'enable_memory_saver': True, 'enable_weights_cpu_backup': True, 'enable_weights_disk_backup': False, 'enable_draft_weights_cpu_backup': True, 'enable_custom_logit_processor': False, 'enable_return_hidden_states': False, 'return_hidden_states_mode': None, 'enable_return_routed_experts': False, 'enable_return_indexer_topk': False, 'sampling_mask_max_tokens': 4096, 'disable_outlines_disk_cache': False, 'enable_mis': False, 'weight_cache_mode': 'off', 'weight_cache_socket': None, 'weight_cache_timeout': 1800, 'forward_hooks': None, 'msprobe_dump_config': None, 'custom_pull_weights_pre_read_hook': None, 'enable_engine_info_bootstrap': False, 'enable_rdt_weight_sync': False, 'enable_prefill_only_deterministic_inference': False, 'true_on_policy_contract': None, 'ple_offload_embedding': None, 'ple_offload_backend': 'pinned', 'ple_offload_dir': None, 'speculative_domino_candidate_pool_size': 2048, 'flashinfer_a2a_dispatch_type': None, 'disable_draft_cuda_graph': False, 'dsv4_attn_backend': 'auto', '_radix_eviction_policy_explicitly_set': False, 'enable_response_store': False}
[algo2a-g3-l0-modal] [36m(CommandActor pid=2493)[0m [2026-09-29 20:22:01] Using default HuggingFace chat template with detected content format: string
[algo2a-g3-l0-modal] 
[algo2a-g3-l0-modal] [36m(CommandActor pid=2493)[0m [2026-09-29 20:22:02] Auto-detected template features: reasoning_config=ReasoningToggleConfig(toggle_param='enable_thinking', default_enabled=True, special_case=None, effort_kwarg=None), reasoning_parser=qwen3, tool_call_parser=qwen
[algo2a-g3-l0-modal] 
[algo2a-g3-l1-modal] [36m(RayWorkerManager pid=2268)[0m [2026-09-29 20:22:03.950 worker_manager] reporter.py:90 - audit op=env_report_summary hostname=modal versions="{\"python\":\"3.12.3\",\"platform\":\"Linux-4.19.0-gvisor-x86_64-with-glibc2.39\",\"miles\":\"0.1.1\",\"sglang\":\"0.5.21.dev67+g9f29303\",\"sglang-router\":\"0.3.2\",\"megatron-core\":\"0.19.0+a84b10547\",\"transformers\":\"5.12.1\",\"ray\":\"2.58.0\",\"flashinfer-python\":\"0.6.18\",\"torch\":\"2.13.0+cu130\",\"torch_cuda\":\"13.0\"}" repos="{\"miles\":\"d002615f44816ae243169643dc093eb2c29029d8\",\"sglang\":\"9f29303bef1eea38eb613e5f454a52db1326422d\",\"megatron-core\":\"a84b105473eca9c9c6e49dbf1c8aa460c5cf796e\"}" num_packages=425 num_env_vars=110 packages_probed=true stored=false
[algo2a-g3-l1-modal] 
[algo2a-g3-l0-modal] [36m(CommandActor pid=2493)[0m /opt/sglang/lib/python3.12/site-packages/huggingface_hub/constants.py:301: FutureWarning: The `HF_HUB_ENABLE_HF_TRANSFER` environment variable is deprecated as 'hf_transfer' is not used anymore. Please use `HF_XET_HIGH_PERFORMANCE` instead to enable high performance transfer with Xet. Visit https://huggingface.co/docs/huggingface_hub/package_reference/environment_variables#hfxethighperformance for more details.
[algo2a-g3-l0-modal] 
[algo2a-g3-l0-modal] [36m(CommandActor pid=2493)[0m   warnings.warn(
[algo2a-g3-l0-modal] 
[algo2a-g3-l0-modal] [36m(CommandActor pid=2493)[0m /opt/sglang/lib/python3.12/site-packages/huggingface_hub/constants.py:301: FutureWarning: The `HF_HUB_ENABLE_HF_TRANSFER` environment variable is deprecated as 'hf_transfer' is not used anymore. Please use `HF_XET_HIGH_PERFORMANCE` instead to enable high performance transfer with Xet. Visit https://huggingface.co/docs/huggingface_hub/package_reference/environment_variables#hfxethighperformance for more details.
[algo2a-g3-l0-modal] 
[algo2a-g3-l0-modal] [36m(CommandActor pid=2493)[0m   warnings.warn(
[algo2a-g3-l0-modal] 
[algo2a-g3-l1-modal] [36m(pid=2604)[0m /opt/sglang/lib/python3.12/site-packages/huggingface_hub/constants.py:301: FutureWarning: The `HF_HUB_ENABLE_HF_TRANSFER` environment variable is deprecated as 'hf_transfer' is not used anymore. Please use `HF_XET_HIGH_PERFORMANCE` instead to enable high performance transfer with Xet. Visit https://huggingface.co/docs/huggingface_hub/package_reference/environment_variables#hfxethighperformance for more details.
[algo2a-g3-l1-modal] 
[algo2a-g3-l1-modal] [36m(pid=2604)[0m   warnings.warn(
[algo2a-g3-l1-modal] 
[algo2a-g3-l1-modal] [36m(pid=2609)[0m /opt/sglang/lib/python3.12/site-packages/huggingface_hub/constants.py:301: FutureWarning: The `HF_HUB_ENABLE_HF_TRANSFER` environment variable is deprecated as 'hf_transfer' is not used anymore. Please use `HF_XET_HIGH_PERFORMANCE` instead to enable high performance transfer with Xet. Visit https://huggingface.co/docs/huggingface_hub/package_reference/environment_variables#hfxethighperformance for more details.
[algo2a-g3-l1-modal] 
[algo2a-g3-l1-modal] [36m(pid=2609)[0m   warnings.warn(
[algo2a-g3-l1-modal] 
[algo2a-g3-l1-modal] [36m(pid=2602)[0m /opt/sglang/lib/python3.12/site-packages/huggingface_hub/constants.py:301: FutureWarning: The `HF_HUB_ENABLE_HF_TRANSFER` environment variable is deprecated as 'hf_transfer' is not used anymore. Please use `HF_XET_HIGH_PERFORMANCE` instead to enable high performance transfer with Xet. Visit https://huggingface.co/docs/huggingface_hub/package_reference/environment_variables#hfxethighperformance for more details.
[algo2a-g3-l1-modal] 
[algo2a-g3-l1-modal] [36m(pid=2602)[0m   warnings.warn(
[algo2a-g3-l1-modal] 
[algo2a-g3-l0-modal] [36m(CommandActor pid=2493)[0m /opt/sglang/lib/python3.12/site-packages/transformer_engine/__init__.py:103: RuntimeWarning: Detected a Jax installation but could not find the shared object file for the Transformer Engine Jax extension library. If this is not intentional, please reinstall Transformer Engine with `pip install transformer_engine[jax]` or build from source with `NVTE_FRAMEWORK=jax`.
[algo2a-g3-l0-modal] 
[algo2a-g3-l0-modal] [36m(CommandActor pid=2493)[0m   warnings.warn(
[algo2a-g3-l0-modal] 
[algo2a-g3-l0-modal] [36m(CommandActor pid=2493)[0m [2026-09-29 20:22:19] Detected Megatron Core, using Megatron-FSDP with Megatron.
[algo2a-g3-l0-modal] 
[algo2a-g3-l0-modal] [36m(CommandActor pid=2493)[0m [2026-09-29 20:22:19] Detected Megatron Core, using Megatron-FSDP with Megatron.
[algo2a-g3-l0-modal] 
[algo2a-g3-l1-modal] [36m(pid=2609)[0m /opt/sglang/lib/python3.12/site-packages/transformer_engine/__init__.py:103: RuntimeWarning: Detected a Jax installation but could not find the shared object file for the Transformer Engine Jax extension library. If this is not intentional, please reinstall Transformer Engine with `pip install transformer_engine[jax]` or build from source with `NVTE_FRAMEWORK=jax`.
[algo2a-g3-l1-modal] 
[algo2a-g3-l1-modal] [36m(pid=2911)[0m /opt/sglang/lib/python3.12/site-packages/huggingface_hub/constants.py:301: FutureWarning: The `HF_HUB_ENABLE_HF_TRANSFER` environment variable is deprecated as 'hf_transfer' is not used anymore. Please use `HF_XET_HIGH_PERFORMANCE` instead to enable high performance transfer with Xet. Visit https://huggingface.co/docs/huggingface_hub/package_reference/environment_variables#hfxethighperformance for more details.[32m [repeated 3x across cluster] (Ray deduplicates logs by default. Set RAY_DEDUP_LOGS=0 to disable log deduplication, or see https://docs.ray.io/en/master/ray-observability/user-guides/configure-logging.html#log-deduplication for more options.)[0m
[algo2a-g3-l1-modal] 
[36m(pid=2609)[0m   warnings.warn([32m [repeated 4x across cluster][0m
[algo2a-g3-l1-modal] 
[algo2a-g3-l0-modal] [36m(CommandActor pid=2493)[0m [2026-09-29 20:22:23] Init torch distributed begin.
[algo2a-g3-l0-modal] 
[algo2a-g3-l0-modal] [36m(CommandActor pid=2493)[0m [2026-09-29 20:22:23] Gated launch control server started on 172.20.6.108:20036
[algo2a-g3-l0-modal] 
[algo2a-g3-l0-modal] [36m(CommandActor pid=2493)[0m [2026-09-29 20:22:23] Gated launch waiting for activation. rank=0
[algo2a-g3-l0-modal] 
[algo2a-g3-l0-modal] [36m(CommandActor pid=2493)[0m [2026-09-29 20:22:33] Gated launch still waiting for activation. rank=0 elapsed=10 s
[algo2a-g3-l0-modal] 
[syncer] 2026-09-29T20:22:34.255408Z  INFO yeto_syncer::server: global parameters initialized
[algo2a-g3-l1-modal] [36m(pid=2604)[0m /opt/sglang/lib/python3.12/site-packages/transformer_engine/__init__.py:103: RuntimeWarning: Detected a Jax installation but could not find the shared object file for the Transformer Engine Jax extension library. If this is not intentional, please reinstall Transformer Engine with `pip install transformer_engine[jax]` or build from source with `NVTE_FRAMEWORK=jax`.[32m [repeated 5x across cluster][0m
[algo2a-g3-l1-modal] 
[algo2a-g3-l1-modal] [36m(pid=2604)[0m   warnings.warn([32m [repeated 5x across cluster][0m
[algo2a-g3-l1-modal] 
[algo2a-g3-l0-modal] [36m(CommandActor pid=2493)[0m [2026-09-29 20:22:43] Gated launch still waiting for activation. rank=0 elapsed=20 s
[algo2a-g3-l0-modal] 
[algo2a-g3-l0-modal] [36m(CommandActor pid=2493)[0m [2026-09-29 20:22:53] Gated launch still waiting for activation. rank=0 elapsed=30 s
[algo2a-g3-l0-modal] 
[algo2a-g3-l0-modal] [36m(CommandActor pid=2493)[0m [2026-09-29 20:23:03] Gated launch still waiting for activation. rank=0 elapsed=40 s
[algo2a-g3-l0-modal] 
[algo2a-g3-l1-modal] [36m(pid=2911)[0m Flax classes are deprecated and will be removed in Diffusers v1.0.0. We recommend migrating to PyTorch classes or pinning your version of Diffusers.
[algo2a-g3-l1-modal] 
[algo2a-g3-l1-modal] [36m(pid=2911)[0m Flax classes are deprecated and will be removed in Diffusers v1.0.0. We recommend migrating to PyTorch classes or pinning your version of Diffusers.
[algo2a-g3-l1-modal] 
[algo2a-g3-l1-modal] [36m(pid=2911)[0m WARNING:megatron.bridge.models.muse_glimmer:Muse Glimmer Hugging Face classes are unavailable with transformers 5.12.1. Upgrade transformers to a version that supports Muse Glimmer.
[algo2a-g3-l1-modal] 
[algo2a-g3-l1-modal] [36m(pid=2911)[0m WARNING:miles_plugins.models.qwen3_vl:megatron-bridge Qwen3VLModel lacks native CP-local vision-embed selection; CP runs with vision tokens will mis-place vision embeddings. Apply the matching Megatron-Bridge patch (radixark/Megatron-Bridge PR #9).
[algo2a-g3-l1-modal] 
[algo2a-g3-l1-modal] [36m(pid=2606)[0m Flax classes are deprecated and will be removed in Diffusers v1.0.0. We recommend migrating to PyTorch classes or pinning your version of Diffusers.[32m [repeated 2x across cluster][0m
[algo2a-g3-l1-modal] 
[algo2a-g3-l0-modal] [36m(CommandActor pid=2493)[0m [2026-09-29 20:23:13] Gated launch still waiting for activation. rank=0 elapsed=50 s
[algo2a-g3-l0-modal] 
[algo2a-g3-l1-modal] [36m(pid=2602)[0m WARNING:megatron.bridge.models.muse_glimmer:Muse Glimmer Hugging Face classes are unavailable with transformers 5.12.1. Upgrade transformers to a version that supports Muse Glimmer.[32m [repeated 2x across cluster][0m
[algo2a-g3-l1-modal] 
[algo2a-g3-l1-modal] [36m(pid=2609)[0m WARNING:miles_plugins.models.qwen3_vl:megatron-bridge Qwen3VLModel lacks native CP-local vision-embed selection; CP runs with vision tokens will mis-place vision embeddings. Apply the matching Megatron-Bridge patch (radixark/Megatron-Bridge PR #9).[32m [repeated 3x across cluster][0m
[algo2a-g3-l1-modal] 
[algo2a-g3-l1-modal] [36m(pid=2604)[0m Flax classes are deprecated and will be removed in Diffusers v1.0.0. We recommend migrating to PyTorch classes or pinning your version of Diffusers.[32m [repeated 6x across cluster][0m
[algo2a-g3-l1-modal] 
[algo2a-g3-l1-modal] [36m(RolloutExecutor pid=2606)[0m [2026-09-29 20:23:18.766 rollout_executor] reporter.py:90 - audit op=env_report_summary hostname=modal versions="{\"python\":\"3.12.3\",\"platform\":\"Linux-4.19.0-gvisor-x86_64-with-glibc2.39\",\"torch\":\"2.13.0+cu130\",\"torch_cuda\":\"13.0\"}" repos="{}" num_packages=0 num_env_vars=110 packages_probed=false stored=false
[algo2a-g3-l1-modal] 
[algo2a-g3-l1-modal] [36m(MegatronTrainRayActor pid=2911)[0m [2026-09-29 20:23:19.785 actor_cell00000_rank00000] reporter.py:90 - audit op=env_report_summary hostname=modal versions="{\"python\":\"3.12.3\",\"platform\":\"Linux-4.19.0-gvisor-x86_64-with-glibc2.39\",\"torch\":\"2.13.0+cu130\",\"torch_cuda\":\"13.0\"}" repos="{}" num_packages=0 num_env_vars=129 packages_probed=false stored=false
[algo2a-g3-l1-modal] 
[algo2a-g3-l0-modal] [36m(CommandActor pid=2493)[0m [2026-09-29 20:23:23] Gated launch still waiting for activation. rank=0 elapsed=60 s
[algo2a-g3-l0-modal] 
[algo2a-g3-l1-modal] [36m(RolloutExecutor pid=2606)[0m [2026-09-29 20:23:25.186 rollout_executor] reporter.py:90 - audit op=env_report_summary hostname=modal versions="{\"python\":\"3.12.3\",\"platform\":\"Linux-4.19.0-gvisor-x86_64-with-glibc2.39\",\"miles\":\"0.1.1\",\"sglang\":\"0.5.21.dev67+g9f29303\",\"sglang-router\":\"0.3.2\",\"megatron-core\":\"0.19.0+a84b10547\",\"transformers\":\"5.12.1\",\"ray\":\"2.58.0\",\"flashinfer-python\":\"0.6.18\",\"torch\":\"2.13.0+cu130\",\"torch_cuda\":\"13.0\"}" repos="{\"miles\":\"d002615f44816ae243169643dc093eb2c29029d8\",\"sglang\":\"9f29303bef1eea38eb613e5f454a52db1326422d\",\"megatron-core\":\"a84b105473eca9c9c6e49dbf1c8aa460c5cf796e\"}" num_packages=425 num_env_vars=110 packages_probed=true stored=false
[algo2a-g3-l1-modal] 
[algo2a-g3-l1-modal] [36m(pid=2604)[0m WARNING:megatron.bridge.models.muse_glimmer:Muse Glimmer Hugging Face classes are unavailable with transformers 5.12.1. Upgrade transformers to a version that supports Muse Glimmer.[32m [repeated 2x across cluster][0m
[algo2a-g3-l1-modal] 
[algo2a-g3-l1-modal] [36m(pid=2604)[0m WARNING:miles_plugins.models.qwen3_vl:megatron-bridge Qwen3VLModel lacks native CP-local vision-embed selection; CP runs with vision tokens will mis-place vision embeddings. Apply the matching Megatron-Bridge patch (radixark/Megatron-Bridge PR #9).
[algo2a-g3-l1-modal] 
[algo2a-g3-l1-modal] [36m(MegatronTrainRayActor pid=2911)[0m [2026-09-29 20:23:26.649 actor_cell00000_rank00000] reporter.py:90 - audit op=env_report_summary hostname=modal versions="{\"python\":\"3.12.3\",\"platform\":\"Linux-4.19.0-gvisor-x86_64-with-glibc2.39\",\"miles\":\"0.1.1\",\"sglang\":\"0.5.21.dev67+g9f29303\",\"sglang-router\":\"0.3.2\",\"megatron-core\":\"0.19.0+a84b10547\",\"transformers\":\"5.12.1\",\"ray\":\"2.58.0\",\"flashinfer-python\":\"0.6.18\",\"torch\":\"2.13.0+cu130\",\"torch_cuda\":\"13.0\"}" repos="{\"miles\":\"d002615f44816ae243169643dc093eb2c29029d8\",\"sglang\":\"9f29303bef1eea38eb613e5f454a52db1326422d\",\"megatron-core\":\"a84b105473eca9c9c6e49dbf1c8aa460c5cf796e\"}" num_packages=425 num_env_vars=129 packages_probed=true stored=false
[algo2a-g3-l1-modal] 
[algo2a-g3-l0-modal] [36m(CommandActor pid=2493)[0m [2026-09-29 20:23:33] Gated launch still waiting for activation. rank=0 elapsed=70 s
[algo2a-g3-l0-modal] 
[algo2a-g3-l1-modal] [36m(pid=2610)[0m Flax classes are deprecated and will be removed in Diffusers v1.0.0. We recommend migrating to PyTorch classes or pinning your version of Diffusers.
[algo2a-g3-l1-modal] 
[algo2a-g3-l1-modal] [36m(pid=2610)[0m Flax classes are deprecated and will be removed in Diffusers v1.0.0. We recommend migrating to PyTorch classes or pinning your version of Diffusers.
[algo2a-g3-l1-modal] 
[algo2a-g3-l0-modal] [36m(CommandActor pid=2493)[0m [2026-09-29 20:23:43] Gated launch still waiting for activation. rank=0 elapsed=80 s
[algo2a-g3-l0-modal] 
[algo2a-g3-l1-modal] [36m(pid=2610)[0m WARNING:megatron.bridge.models.muse_glimmer:Muse Glimmer Hugging Face classes are unavailable with transformers 5.12.1. Upgrade transformers to a version that supports Muse Glimmer.
[algo2a-g3-l1-modal] 
[algo2a-g3-l1-modal] [36m(pid=2610)[0m WARNING:miles_plugins.models.qwen3_vl:megatron-bridge Qwen3VLModel lacks native CP-local vision-embed selection; CP runs with vision tokens will mis-place vision embeddings. Apply the matching Megatron-Bridge patch (radixark/Megatron-Bridge PR #9).
[algo2a-g3-l1-modal] 
[algo2a-g3-l1-modal] [36m(RayWorkerManager pid=2268)[0m [2026-09-29 20:23:49.217 worker_manager] inference.py:186 - Launch router with args: {'worker_urls': [], 'policy': 'cache_aware', 'prefill_policy': None, 'decode_policy': None, 'cache_threshold': 0.3, 'balance_abs_threshold': 64, 'balance_rel_threshold': 1.5, 'bucket_adjust_interval_secs': 5, 'eviction_interval_secs': 60, 'max_tree_size': 67108864, 'max_idle_secs': 14400, 'assignment_mode': 'random', 'max_payload_size': 536870912, 'dp_aware': False, 'enable_igw': False, 'allow_requests_without_routing_key': False, 'mini_lb': False, 'test_external_dp_routing': False, 'pd_disaggregation': False, 'prefill': None, 'decode': None, 'worker_startup_timeout_secs': 1800, 'worker_startup_check_interval': 30, 'log_dir': None, 'log_level': 'warn', 'json_log': False, 'service_discovery': False, 'selector': {}, 'service_discovery_port': 80, 'service_discovery_namespace': None, 'prefill_selector': {}, 'decode_selector': {}, 'prometheus_port': 20001, 'prometheus_host': '0.0.0.0', 'prometheus_duration_buckets': None, 'request_id_headers': None, 'request_timeout_secs': 14400, 'shutdown_grace_period_secs': 180, 'cors_allowed_origins': [], 'max_concurrent_requests': -1, 'queue_size': 100, 'queue_timeout_secs': 60, 'rate_limit_tokens_per_second': None, 'retry_max_retries': 5, 'retry_initial_backoff_ms': 50, 'retry_max_backoff_ms': 30000, 'retry_backoff_multiplier': 1.5, 'retry_jitter_factor': 0.2, 'disable_retries': False, 'cb_failure_threshold': 10, 'cb_success_threshold': 3, 'cb_timeout_duration_secs': 60, 'cb_window_duration_secs': 120, 'disable_circuit_breaker': False, 'health_failure_threshold': 3, 'health_success_threshold': 2, 'health_check_timeout_secs': 5, 'health_check_interval_secs': 60, 'health_check_endpoint': '/health', 'disable_health_check': False, 'model_path': None, 'tokenizer_path': None, 'chat_template': None, 'tokenizer_cache_enable_l0': False, 'tokenizer_cache_l0_max_entries': 10000, 'tokenizer_cache_enable_l1': False, 'tokenizer_cache_l1_max_memory': 52428800, 'reasoning_parser': None, 'tool_call_parser': None, 'mcp_config_path': None, 'backend': 'sglang', 'history_backend': 'memory', 'oracle_wallet_path': None, 'oracle_tns_alias': None, 'oracle_connect_descriptor': None, 'oracle_username': None, 'oracle_password': None, 'oracle_pool_min': 1, 'oracle_pool_max': 16, 'oracle_pool_timeout_secs': 30, 'postgres_db_url': None, 'postgres_pool_max': 16, 'redis_url': None, 'redis_pool_max': 16, 'redis_retention_days': 30, 'client_cert_path': None, 'client_key_path': None, 'ca_cert_paths': [], 'tls_cert_path': None, 'tls_key_path': None, 'enable_trace': False, 'otlp_traces_endpoint': 'localhost:4317', 'api_key': None, 'control_plane_api_keys': [], 'control_plane_audit_enabled': False, 'jwt_issuer': None, 'jwt_audience': None, 'jwt_jwks_uri': None, 'jwt_role_mapping': [], 'host': '172.20.3.137', 'port': 20000}
[algo2a-g3-l1-modal] 
[algo2a-g3-l1-modal] [36m(RayWorkerManager pid=2268)[0m [2026-09-29 20:23:49.223 worker_manager] sglang_engine.py:169 - No pre-trained LoRA adapter_path provided, will use random initial weights
[algo2a-g3-l1-modal] 
[algo2a-g3-l1-modal] [36m(RayWorkerManager pid=2268)[0m [2026-09-29 20:23:49.224 worker_manager] sglang_engine.py:178 - LoRA + colocate: enabling SGLang enable_weights_cpu_backup=True; the trainer will skip per-step base weight sync.
[algo2a-g3-l1-modal] 
[algo2a-g3-l1-modal] [36m(CommandActor pid=2609)[0m [process_trampoline pid=3554] bound to parent 2609; exec ['/bin/sh', '-c', 'exec /opt/sglang/bin/python3 -m sglang.launch_server --trust-remote-code --model-path /root/.cache/huggingface/hub/models--Qwen--Qwen3-0.6B/snapshots/c1899de289a04d12100db370d81485cdf75e47ca --host 172.20.3.137 --port 20002 --device cuda --random-seed 17 --enable-memory-saver --nccl-port 20034 --dist-init-addr 172.20.3.137:20003 --gated-launch-port 20036 --skip-server-warmup --enable-draft-weights-cpu-backup --enable-metrics --engine-info-bootstrap-port 20035 --enable-lora --max-loras-per-batch 1 --max-lora-rank 16 --lora-target-modules down_proj gate_proj k_proj o_proj q_proj up_proj v_proj --enable-weights-cpu-backup --mem-fraction-static 0.4 --cuda-graph-backend-prefill disabled --lora-use-virtual-experts --enable-deterministic-inference']
[algo2a-g3-l1-modal] 
[algo2a-g3-l1-modal] [36m(CommandActor pid=2602)[0m [process_trampoline pid=3551] bound to parent 2602; exec ['/bin/sh', '-c', 'exec /opt/sglang/bin/python3 -m sglang_router.launch_router --log-level warn --prometheus-port 20001 --request-timeout-secs 14400 --host 172.20.3.137 --port 20000']
[algo2a-g3-l1-modal] 
[algo2a-g3-l1-modal] [2026-09-29 20:23:50.829 main] router_manager.py:64 - Router ready at host='172.20.3.137' port=20000 external_host=None
[algo2a-g3-l1-modal] [36m(RolloutExecutor pid=2606)[0m [2026-09-29 20:23:50.954 rollout_executor] router_manager.py:64 - Router ready at host='172.20.3.137' port=20000 external_host=None
[algo2a-g3-l1-modal] 
[algo2a-g3-l1-modal] [36m(InferenceController pid=2604)[0m [2026-09-29 20:23:50.902 inference_controller] reporter.py:90 - audit op=env_report_summary hostname=modal versions="{\"python\":\"3.12.3\",\"platform\":\"Linux-4.19.0-gvisor-x86_64-with-glibc2.39\",\"torch\":\"2.13.0+cu130\",\"torch_cuda\":\"13.0\"}" repos="{}" num_packages=0 num_env_vars=110 packages_probed=false stored=false
[algo2a-g3-l1-modal] 
[algo2a-g3-l1-modal] [36m(InferenceController pid=2604)[0m [2026-09-29 20:23:50.930 inference_controller] router_manager.py:64 - Router ready at host='172.20.3.137' port=20000 external_host=None
[algo2a-g3-l1-modal] 
[algo2a-g3-l0-modal] [36m(CommandActor pid=2493)[0m [2026-09-29 20:23:53] Gated launch still waiting for activation. rank=0 elapsed=90 s
[algo2a-g3-l0-modal] 
[algo2a-g3-l1-modal] [36m(InferenceController pid=2604)[0m [2026-09-29 20:23:55.986 inference_controller] reporter.py:90 - audit op=env_report_summary hostname=modal versions="{\"python\":\"3.12.3\",\"platform\":\"Linux-4.19.0-gvisor-x86_64-with-glibc2.39\",\"miles\":\"0.1.1\",\"sglang\":\"0.5.21.dev67+g9f29303\",\"sglang-router\":\"0.3.2\",\"megatron-core\":\"0.19.0+a84b10547\",\"transformers\":\"5.12.1\",\"ray\":\"2.58.0\",\"flashinfer-python\":\"0.6.18\",\"torch\":\"2.13.0+cu130\",\"torch_cuda\":\"13.0\"}" repos="{\"miles\":\"d002615f44816ae243169643dc093eb2c29029d8\",\"sglang\":\"9f29303bef1eea38eb613e5f454a52db1326422d\",\"megatron-core\":\"a84b105473eca9c9c6e49dbf1c8aa460c5cf796e\"}" num_packages=425 num_env_vars=110 packages_probed=true stored=false
[algo2a-g3-l1-modal] 
[algo2a-g3-l1-modal] [36m(RolloutExecutor pid=2606)[0m [2026-09-29 20:23:56.714 rollout_executor] data.py:133 - Filtered 0 samples longer than max_length=1023.
[algo2a-g3-l1-modal] 
[algo2a-g3-l1-modal] [36m(CommandActor pid=2609)[0m /opt/sglang/lib/python3.12/site-packages/huggingface_hub/constants.py:301: FutureWarning: The `HF_HUB_ENABLE_HF_TRANSFER` environment variable is deprecated as 'hf_transfer' is not used anymore. Please use `HF_XET_HIGH_PERFORMANCE` instead to enable high performance transfer with Xet. Visit https://huggingface.co/docs/huggingface_hub/package_reference/environment_variables#hfxethighperformance for more details.
[algo2a-g3-l1-modal] 
[algo2a-g3-l1-modal] [36m(CommandActor pid=2609)[0m   warnings.warn(
[algo2a-g3-l1-modal] 
[algo2a-g3-l1-modal] [36m(RolloutExecutor pid=2606)[0m [2026-09-29 20:23:58.095 rollout_executor] rollout_executor.py:117 - import miles.rollout.inference_rollout.inference_rollout_common.InferenceRolloutFn as generate_rollout function.
[algo2a-g3-l1-modal] 
[algo2a-g3-l1-modal] [36m(RolloutExecutor pid=2606)[0m [2026-09-29 20:23:58.096 rollout_executor] rollout_executor.py:118 - import miles.rollout.inference_rollout.inference_rollout_common.InferenceRolloutFn as eval_generate_rollout function.
[algo2a-g3-l1-modal] 
[algo2a-g3-l1-modal] [36m(TrainerController pid=2610)[0m [2026-09-29 20:23:58.178 trainer_controller_actor] reporter.py:90 - audit op=env_report_summary hostname=modal versions="{\"python\":\"3.12.3\",\"platform\":\"Linux-4.19.0-gvisor-x86_64-with-glibc2.39\",\"torch\":\"2.13.0+cu130\",\"torch_cuda\":\"13.0\"}" repos="{}" num_packages=0 num_env_vars=110 packages_probed=false stored=false
[algo2a-g3-l1-modal] 
[algo2a-g3-l1-modal] [36m(TrainerController pid=2610)[0m Using blocking ray.get inside async actor. This blocks the event loop. Please use `await` on object ref with asyncio.gather if you want to yield execution to the event loop instead.
[algo2a-g3-l1-modal] 
[algo2a-g3-l1-modal] [36m(TrainerController pid=2610)[0m [2026-09-29 20:24:01.515 trainer_controller_actor] cell.py:231 - ft op=execute phase=start cell=trainer-engine-actor-00000 fn=configure_master_addr_and_port n_actors=1
[algo2a-g3-l1-modal] 
[algo2a-g3-l1-modal] [36m(TrainerController pid=2610)[0m [2026-09-29 20:24:01.521 trainer_controller_actor] cell.py:239 - ft op=execute phase=end cell=trainer-engine-actor-00000 fn=configure_master_addr_and_port ok=true elapsed_s=0.0
[algo2a-g3-l1-modal] 
[algo2a-g3-l1-modal] [36m(TrainerController pid=2610)[0m [2026-09-29 20:24:01.522 trainer_controller_actor] cell.py:231 - ft op=execute phase=start cell=trainer-engine-actor-00000 fn=init n_actors=1
[algo2a-g3-l1-modal] 
[algo2a-g3-l1-modal] [36m(MegatronTrainRayActor pid=2911)[0m [2026-09-29 20:24:01.530 actor_cell00000_rank00000] structured_log.py:24 - actor cls=MegatronTrainRayActor fn=init phase=start
[algo2a-g3-l1-modal] 
[algo2a-g3-l1-modal] [36m(MegatronTrainRayActor pid=2911)[0m [2026-09-29 20:24:01.530 actor_cell00000_rank00000] reloadable_process_group.py:21 - Applying monkey patch to torch.distributed
[algo2a-g3-l1-modal] 
[algo2a-g3-l1-modal] [36m(MegatronTrainRayActor pid=2911)[0m [2026-09-29 20:24:01.704 actor_cell00000_rank00000] reporter.py:90 - audit op=env_report_summary hostname=modal versions="{\"python\":\"3.12.3\",\"platform\":\"Linux-4.19.0-gvisor-x86_64-with-glibc2.39\",\"torch\":\"2.13.0+cu130\",\"torch_cuda\":\"13.0\"}" repos="{}" num_packages=0 num_env_vars=131 packages_probed=false stored=false
[algo2a-g3-l1-modal] 
[algo2a-g3-l1-modal] [36m(MegatronTrainRayActor pid=2911)[0m [2026-09-29 20:24:01.771 actor_cell00000_rank00000] train_actor.py:161 - Warning: Failed to set NUMA affinity: Unknown Error
[algo2a-g3-l1-modal] 
[algo2a-g3-l1-modal] [36m(MegatronTrainRayActor pid=2911)[0m [2026-09-29 20:24:01.792 actor_cell00000_rank00000] initialize.py:46 - > setting random seeds to 17 ...
[algo2a-g3-l1-modal] 
[algo2a-g3-l0-modal] [36m(CommandActor pid=2493)[0m [2026-09-29 20:24:03] Gated launch still waiting for activation. rank=0 elapsed=100 s
[algo2a-g3-l0-modal] 
[algo2a-g3-l1-modal] [36m(MegatronTrainRayActor pid=2911)[0m [2026-09-29 20:24:03.722 actor_cell00000_rank00000] actor.py:183 - Set torch_memory_saver.memory_margin_bytes to 1073741824
[algo2a-g3-l1-modal] 
[algo2a-g3-l1-modal] [36m(MegatronTrainRayActor pid=2911)[0m /root/Megatron-LM/megatron/core/models/mimo/config/base_configs.py:12: UserWarning: MimoModelConfig is experimental and still under active development. The API may change without notice in future releases.
[algo2a-g3-l1-modal] 
[algo2a-g3-l1-modal] [36m(MegatronTrainRayActor pid=2911)[0m   class MimoModelConfig:
[algo2a-g3-l1-modal] 
[algo2a-g3-l1-modal] [36m(MegatronTrainRayActor pid=2911)[0m [2026-09-29 20:24:04.004 actor_cell00000_rank00000] auto_bridge.py:600 - Loading a model with trust_remote_code=True allows arbitrary code execution from the model repository. Only use this with models you trust.
[algo2a-g3-l1-modal] 
[algo2a-g3-l1-modal] [36m(MegatronTrainRayActor pid=2911)[0m /opt/sglang/lib/python3.12/site-packages/megatron/bridge/models/qwen/qwen3_bridge.py:45: FutureWarning: Qwen3Bridge.provider_bridge() and AutoBridge.to_megatron_provider() are deprecated for builder-backed models. Use AutoBridge.get_model_config() for training recipes or AutoBridge.get_model() to construct a model. Legacy provider support will be removed in a future release.
[algo2a-g3-l1-modal] 
[algo2a-g3-l1-modal] [36m(MegatronTrainRayActor pid=2911)[0m   provider = super().provider_bridge(hf_pretrained)
[algo2a-g3-l1-modal] 
[algo2a-g3-l1-modal] [36m(MegatronTrainRayActor pid=2911)[0m [transformers] `torch_dtype` is deprecated! Use `dtype` instead!
[algo2a-g3-l1-modal] 
[algo2a-g3-l1-modal] [36m(MegatronTrainRayActor pid=2911)[0m /root/Megatron-LM/megatron/core/transformer/transformer_config.py:3249: UserWarning: full scope is deprecated. Use empty cuda_graph_modules to capture the whole layer.
[algo2a-g3-l1-modal] 
[algo2a-g3-l1-modal] [36m(MegatronTrainRayActor pid=2911)[0m   warnings.warn(
[algo2a-g3-l1-modal] 
[algo2a-g3-l1-modal] [36m(MegatronTrainRayActor pid=2911)[0m [2026-09-29 20:24:04.091 actor_cell00000_rank00000] utils.py:122 - Patched _ParamAndGradBuffer.__init__ for LoRA colocate mode (disable cpu backup)
[algo2a-g3-l1-modal] 
[algo2a-g3-l1-modal] [36m(MegatronTrainRayActor pid=2911)[0m /root/Megatron-LM/megatron/core/models/gpt/gpt_layer_specs.py:225: UserWarning: The fp8 argument in "get_gpt_layer_with_transformer_engine_spec" has been deprecated and will be removed soon. Please update your code accordingly.
[algo2a-g3-l1-modal] 
[algo2a-g3-l1-modal] [36m(MegatronTrainRayActor pid=2911)[0m   warnings.warn(
[algo2a-g3-l1-modal] 
[algo2a-g3-l1-modal] [36m(TrainerController pid=2610)[0m [2026-09-29 20:24:04.297 trainer_controller_actor] reporter.py:90 - audit op=env_report_summary hostname=modal versions="{\"python\":\"3.12.3\",\"platform\":\"Linux-4.19.0-gvisor-x86_64-with-glibc2.39\",\"miles\":\"0.1.1\",\"sglang\":\"0.5.21.dev67+g9f29303\",\"sglang-router\":\"0.3.2\",\"megatron-core\":\"0.19.0+a84b10547\",\"transformers\":\"5.12.1\",\"ray\":\"2.58.0\",\"flashinfer-python\":\"0.6.18\",\"torch\":\"2.13.0+cu130\",\"torch_cuda\":\"13.0\"}" repos="{\"miles\":\"d002615f44816ae243169643dc093eb2c29029d8\",\"sglang\":\"9f29303bef1eea38eb613e5f454a52db1326422d\",\"megatron-core\":\"a84b105473eca9c9c6e49dbf1c8aa460c5cf796e\"}" num_packages=425 num_env_vars=110 packages_probed=true stored=false
[algo2a-g3-l1-modal] 
[algo2a-g3-l1-modal] [36m(MegatronTrainRayActor pid=2911)[0m [2026-09-29 20:24:06.214 actor_cell00000_rank00000] utils.py:159 - Created CanonicalLoRA: rank=16, alpha=16, dropout=0.0, target_modules=['decoder.layers.*.self_attention.linear_proj', 'decoder.layers.*.mlp.linear_fc2', 'decoder.layers.*.self_attention.linear_k', 'decoder.layers.*.self_attention.linear_q', 'decoder.layers.*.self_attention.linear_v', 'decoder.layers.*.mlp.linear_fc1_up', 'decoder.layers.*.mlp.linear_fc1_gate']
[algo2a-g3-l1-modal] 
[algo2a-g3-l1-modal] [36m(MegatronTrainRayActor pid=2911)[0m  > number of parameters on (tensor, pipeline) model parallel rank (0, 0): 606142464
[algo2a-g3-l1-modal] 
[algo2a-g3-l1-modal] [36m(MegatronTrainRayActor pid=2911)[0m [2026-09-29 20:24:07.357 actor_cell00000_rank00000] checkpoint.py:217 - Load checkpoint from HuggingFace model into Megatron (path=/root/.cache/huggingface/hub/models--Qwen--Qwen3-0.6B/snapshots/c1899de289a04d12100db370d81485cdf75e47ca)
[algo2a-g3-l1-modal] 
[algo2a-g3-l1-modal] [36m(MegatronTrainRayActor pid=2911)[0m [2026-09-29 20:24:07.363 actor_cell00000_rank00000] auto_bridge.py:600 - Loading a model with trust_remote_code=True allows arbitrary code execution from the model repository. Only use this with models you trust.
[algo2a-g3-l1-modal] 
[algo2a-g3-l1-modal] [36m(CommandActor pid=2609)[0m /root/sglang/python/sglang/launch_server.py:71: UserWarning: 'python -m sglang.launch_server' is still supported, but 'sglang serve' is the recommended entrypoint.
[algo2a-g3-l1-modal] 
[algo2a-g3-l1-modal] [36m(CommandActor pid=2609)[0m   Example: sglang serve --model-path <model> [options]
[algo2a-g3-l1-modal] [36m(MegatronTrainRayActor pid=2911)[0m Loading from /root/.cache/huggingface/hub/models--Qwen--Qwen3-0.6B/snaps… … Qwe…
[algo2a-g3-l1-modal] 
[algo2a-g3-l1-modal] [36m(MegatronTrainRayActor pid=2911)[0m [2026-09-29 20:24:10.365 actor_cell00000_rank00000] auto_bridge.py:600 - Loading a model with trust_remote_code=True allows arbitrary code execution from the model repository. Only use this with models you trust.
[algo2a-g3-l1-modal] 
[algo2a-g3-l1-modal] [36m(MegatronTrainRayActor pid=2911)[0m [2026-09-29 20:24:10.370 actor_cell00000_rank00000] structured_log.py:24 - actor cls=MegatronTrainRayActor fn=sleep phase=start
[algo2a-g3-l1-modal] 
[algo2a-g3-l1-modal] [36m(MegatronTrainRayActor pid=2911)[0m [2026-09-29 20:24:10.370 actor_cell00000_rank00000] timer.py:31 - Timer sleep start
[algo2a-g3-l1-modal] 
[algo2a-g3-l1-modal] [36m(CommandActor pid=2609)[0m   warnings.warn(
[algo2a-g3-l1-modal] 
[algo2a-g3-l1-modal] [36m(MegatronTrainRayActor pid=2911)[0m [2026-09-29 20:24:11.199 actor_cell00000_rank00000] memory_utils.py:41 - [Rank 0] Memory-Usage before offload model: {'gpu': '0', 'total_GB': 79.18, 'free_GB': 76.13, 'used_GB': 3.04, 'allocated_GB': 1.2, 'reserved_GB': 1.27}
[algo2a-g3-l1-modal] 
[algo2a-g3-l1-modal] [2026-09-29 20:24:12.741 main] placement_group.py:300 - trainer 'actor' restored rollout 1, and --start-rollout-id 0 was asked for, so it starts at 0
[algo2a-g3-l1-modal] YETO_RL_EVENT {"event":"rl_driver_start","execution_mode":"colocated-serial","island_id":1,"placement":"colocated","rl/algorithm_spec_sha256":"e4b213355a0ddfbe0c94a7ac5c1806f16bc3ac0009829c260d80dd9af7b0f4f9","runtime_fingerprint":"sha256:56713467714a967202e37ca41daf62b5e904fae5b0d5b65390bcd207d06da73b","time_unix":1790713452.7885826}
[algo2a-g3-l1-modal] 
[algo2a-g3-l1-modal] [36m(RolloutExecutor pid=2606)[0m [2026-09-29 20:24:12.754 rollout_executor] data_source.py:154 - no dataset state under /root/.cache/huggingface/hub/models--Qwen--Qwen3-0.6B/snapshots/c1899de289a04d12100db370d81485cdf75e47ca/rollout/global_dataset_state_dict_-1.pt: the dataset starts where a fresh run's would
[algo2a-g3-l1-modal] 
[algo2a-g3-l1-modal] [36m(TrainerController pid=2610)[0m [2026-09-29 20:24:12.739 trainer_controller_actor] cell.py:239 - ft op=execute phase=end cell=trainer-engine-actor-00000 fn=init ok=true elapsed_s=11.2
[algo2a-g3-l1-modal] 
[algo2a-g3-l1-modal] [36m(TrainerController pid=2610)[0m [2026-09-29 20:24:12.739 trainer_controller_actor] cell.py:194 - ft op=state phase=start name=_mark_as_alive cell=trainer-engine-actor-00000 from_state=StateAllocatedUninitialized
[algo2a-g3-l1-modal] 
[algo2a-g3-l1-modal] [36m(TrainerController pid=2610)[0m [2026-09-29 20:24:12.739 trainer_controller_actor] cell.py:205 - ft op=state phase=end name=_mark_as_alive cell=trainer-engine-actor-00000 to_state=StateAllocatedAlive
[algo2a-g3-l1-modal] 
[algo2a-g3-l1-modal] [36m(TrainerController pid=2610)[0m [2026-09-29 20:24:12.744 trainer_controller_actor] cell.py:231 - ft op=execute phase=start cell=trainer-engine-actor-00000 fn=get_train_parallel_config n_actors=1
[algo2a-g3-l1-modal] 
[36m(TrainerController pid=2610)[0m [2026-09-29 20:24:12.746 trainer_controller_actor] cell.py:239 - ft op=execute phase=end cell=trainer-engine-actor-00000 fn=get_train_parallel_config ok=true elapsed_s=0.0
[algo2a-g3-l1-modal] 
[36m(TrainerController pid=2610)[0m [2026-09-29 20:24:12.791 trainer_controller_actor] cell.py:231 - ft op=execute phase=start cell=trainer-engine-actor-00000 fn=run_plugin n_actors=1
[algo2a-g3-l1-modal] 
[algo2a-g3-l1-modal] [36m(MegatronTrainRayActor pid=2911)[0m [2026-09-29 20:24:12.735 actor_cell00000_rank00000] memory_utils.py:41 - [Rank 0] Memory-Usage after offload model: {'gpu': '0', 'total_GB': 79.18, 'free_GB': 77.38, 'used_GB': 1.8, 'allocated_GB': 1.2, 'reserved_GB': 1.27}
[algo2a-g3-l1-modal] 
[algo2a-g3-l1-modal] [36m(MegatronTrainRayActor pid=2911)[0m [2026-09-29 20:24:12.736 actor_cell00000_rank00000] timer.py:42 - Timer sleep end (elapsed: 2.4s)
[algo2a-g3-l1-modal] 
[algo2a-g3-l1-modal] [36m(MegatronTrainRayActor pid=2911)[0m [2026-09-29 20:24:12.736 actor_cell00000_rank00000] structured_log.py:28 - actor cls=MegatronTrainRayActor fn=sleep phase=end ok=true elapsed_s=2.4
[algo2a-g3-l1-modal] 
[algo2a-g3-l1-modal] [36m(MegatronTrainRayActor pid=2911)[0m [2026-09-29 20:24:12.736 actor_cell00000_rank00000] timer.py:31 - Timer train_wait start
[algo2a-g3-l1-modal] 
[algo2a-g3-l1-modal] [36m(MegatronTrainRayActor pid=2911)[0m [2026-09-29 20:24:12.736 actor_cell00000_rank00000] structured_log.py:28 - actor cls=MegatronTrainRayActor fn=init phase=end ok=true elapsed_s=11.2
[algo2a-g3-l1-modal] 
[algo2a-g3-l1-modal] [36m(MegatronTrainRayActor pid=2911)[0m [2026-09-29 20:24:12.798 actor_cell00000_rank00000] structured_log.py:24 - actor cls=MegatronTrainRayActor fn=wake_up phase=start
[algo2a-g3-l1-modal] 
[algo2a-g3-l1-modal] [36m(MegatronTrainRayActor pid=2911)[0m [2026-09-29 20:24:12.799 actor_cell00000_rank00000] timer.py:31 - Timer wake_up start
[algo2a-g3-l1-modal] 
[algo2a-g3-l1-modal] [36m(MegatronTrainRayActor pid=2911)[0m [2026-09-29 20:24:12.800 actor_cell00000_rank00000] memory_utils.py:41 - [Rank 0] Memory-Usage before wake_up model: {'gpu': '0', 'total_GB': 79.18, 'free_GB': 77.38, 'used_GB': 1.8, 'allocated_GB': 1.2, 'reserved_GB': 1.27}
[algo2a-g3-l1-modal] 
[algo2a-g3-l0-modal] [36m(CommandActor pid=2493)[0m [2026-09-29 20:24:13] Gated launch still waiting for activation. rank=0 elapsed=110 s
[algo2a-g3-l0-modal] 
[algo2a-g3-l1-modal] [36m(MegatronTrainRayActor pid=2911)[0m [2026-09-29 20:24:13.688 actor_cell00000_rank00000] reloadable_process_group.py:151 - Reloading 0 process groups in pid 2911
[algo2a-g3-l1-modal] 
[algo2a-g3-l1-modal] [36m(MegatronTrainRayActor pid=2911)[0m [2026-09-29 20:24:13.690 actor_cell00000_rank00000] memory_utils.py:41 - [Rank 0] Memory-Usage after wake_up model: {'gpu': '0', 'total_GB': 79.18, 'free_GB': 76.13, 'used_GB': 3.05, 'allocated_GB': 1.2, 'reserved_GB': 1.27}
[algo2a-g3-l1-modal] 
[algo2a-g3-l1-modal] [36m(MegatronTrainRayActor pid=2911)[0m [2026-09-29 20:24:13.691 actor_cell00000_rank00000] timer.py:42 - Timer wake_up end (elapsed: 0.9s)
[algo2a-g3-l1-modal] 
[36m(MegatronTrainRayActor pid=2911)[0m [2026-09-29 20:24:13.691 actor_cell00000_rank00000] structured_log.py:28 - actor cls=MegatronTrainRayActor fn=wake_up phase=end ok=true elapsed_s=0.9
[36m(MegatronTrainRayActor pid=2911)[0m [2026-09-29 20:24:13.691 actor_cell00000_rank00000] auto_bridge.py:600 - Loading a model with trust_remote_code=True allows arbitrary code execution from the model repository. Only use this with models you trust.
[algo2a-g3-l1-modal] [36m(MegatronTrainRayActor pid=2911)[0m [2026-09-29 20:24:13.953 actor_cell00000_rank00000] structured_log.py:24 - actor cls=MegatronTrainRayActor fn=sleep phase=start
[algo2a-g3-l1-modal] 
[algo2a-g3-l1-modal] [36m(MegatronTrainRayActor pid=2911)[0m [2026-09-29 20:24:13.953 actor_cell00000_rank00000] timer.py:31 - Timer sleep start
[algo2a-g3-l1-modal] 
[algo2a-g3-l1-modal] [36m(MegatronTrainRayActor pid=2911)[0m [2026-09-29 20:24:14.649 actor_cell00000_rank00000] memory_utils.py:41 - [Rank 0] Memory-Usage before offload model: {'gpu': '0', 'total_GB': 79.18, 'free_GB': 76.13, 'used_GB': 3.05, 'allocated_GB': 1.2, 'reserved_GB': 1.27}
[algo2a-g3-l1-modal] 
[algo2a-g3-l1-modal] [36m(CommandActor pid=2609)[0m [2026-09-29 20:24:15] FlashInfer allreduce fusion is forcibly disabled via --enforce-disable-flashinfer-allreduce-fusion.
[algo2a-g3-l1-modal] 
[algo2a-g3-l1-modal] [36m(CommandActor pid=2609)[0m [2026-09-29 20:24:15] Sampling backend is set to pytorch for deterministic inference.
[algo2a-g3-l1-modal] 
[algo2a-g3-l1-modal] [36m(CommandActor pid=2609)[0m [2026-09-29 20:24:15] Attention backend not specified. Falling back to 'fa3' for deterministic inference. You can explicitly set --attention-backend to one of ['ascend', 'fa3', 'fa4', 'flashinfer', 'intel_xpu', 'triton'].
[algo2a-g3-l1-modal] [36m(MegatronTrainRayActor pid=2911)[0m [2026-09-29 20:24:15.910 actor_cell00000_rank00000] memory_utils.py:41 - [Rank 0] Memory-Usage after offload model: {'gpu': '0', 'total_GB': 79.18, 'free_GB': 77.38, 'used_GB': 1.8, 'allocated_GB': 1.2, 'reserved_GB': 1.27}
[algo2a-g3-l1-modal] 
[algo2a-g3-l1-modal] [36m(MegatronTrainRayActor pid=2911)[0m [2026-09-29 20:24:15.911 actor_cell00000_rank00000] timer.py:42 - Timer sleep end (elapsed: 2.0s)
[algo2a-g3-l1-modal] 
[algo2a-g3-l1-modal] [36m(MegatronTrainRayActor pid=2911)[0m [2026-09-29 20:24:15.911 actor_cell00000_rank00000] structured_log.py:28 - actor cls=MegatronTrainRayActor fn=sleep phase=end ok=true elapsed_s=2.0
[algo2a-g3-l1-modal] 
[algo2a-g3-l1-modal] [36m(TrainerController pid=2610)[0m [2026-09-29 20:24:16.469 trainer_controller_actor] cell.py:239 - ft op=execute phase=end cell=trainer-engine-actor-00000 fn=run_plugin ok=true elapsed_s=3.7
[algo2a-g3-l1-modal] 
[syncer] 2026-09-29T20:24:17.318967Z  INFO yeto_syncer::server: learner connected (layout: 1 fragments) learner_id=1 generation=3620157925610301889 num_streams=4
[syncer] 2026-09-29T20:24:17.490966Z  INFO yeto_syncer::server: checkpoint committed step=0 path=/tmp/algo2a/g3home/yeto-output/yeto-state.ckpt
[algo2a-g3-l0-modal] YETO_RL_EVENT {"event":"rl_driver_phase","island_id":0,"optimizer":"reset","phase":"apply","policy_version":0,"time_unix":1790713459.3464918}
[algo2a-g3-l0-modal] 
[algo2a-g3-l1-modal] [36m(CommandActor pid=2609)[0m [2026-09-29 20:24:21] Compiled-kernel caches now live under SGLANG_CACHE_DIR (/root/.cache/sglang). These older directories are no longer used by sglang, but may still be used by other frameworks on this machine, so they were left alone: /root/.triton, /root/.cache/flashinfer. Remove them yourself if nothing else needs them.
[algo2a-g3-l1-modal] 
[algo2a-g3-l1-modal] [36m(CommandActor pid=2609)[0m [2026-09-29 20:24:21] Virtual expert computation enabled.
[algo2a-g3-l1-modal] 
[algo2a-g3-l1-modal] [36m(CommandActor pid=2609)[0m [2026-09-29 20:24:21] server_args={'model_path': '/root/.cache/huggingface/hub/models--Qwen--Qwen3-0.6B/snapshots/c1899de289a04d12100db370d81485cdf75e47ca', 'tokenizer_path': '/root/.cache/huggingface/hub/models--Qwen--Qwen3-0.6B/snapshots/c1899de289a04d12100db370d81485cdf75e47ca', 'tokenizer_mode': 'auto', 'tokenizer_backend': 'huggingface', 'tokenizer_worker_num': 1, 'detokenizer_worker_num': 1, 'skip_tokenizer_init': False, 'load_format': 'auto', 'model_loader_extra_config': '{}', 'trust_remote_code': True, 'context_length': None, 'is_embedding': False, 'enable_multimodal': None, 'revision': None, 'model_impl': 'auto', 'model_config_parser': 'auto', 'json_model_override_args': '{}', 'dtype': 'auto', 'quantization': None, 'quantization_param_path': None, 'kv_cache_dtype': 'auto', 'enable_fp32_lm_head': False, 'modelopt_quant': None, 'modelopt_checkpoint_restore_path': None, 'modelopt_checkpoint_save_path': None, 'modelopt_export_path': None, 'quantize_and_serve': False, 'rl_quant_profile': None, 'enable_tf32_matmul': False, 'mem_fraction_static': 0.4, 'max_running_requests': None, 'max_queued_requests': None, 'max_total_tokens': None, 'chunked_prefill_size': 8192, 'prefill_decode_interval': 0, 'enable_dynamic_chunking': False, 'max_prefill_tokens': 16384, 'prefill_max_requests': None, 'schedule_policy': 'fcfs', 'enable_priority_scheduling': False, 'disable_priority_preemption': False, 'default_priority_value': None, 'abort_on_priority_when_disabled': False, 'schedule_low_priority_values_first': False, 'priority_scheduling_preemption_threshold': 10, 'retraction_policy': 'length', 'schedule_conservativeness': 1.0, 'page_size': 1, 'c128_page_size': 16, 'swa_full_tokens_ratio': 0.8, 'disable_hybrid_swa_memory': False, 'radix_eviction_policy': 'lru', 'radix_eviction_policy_config': None, 'prefill_only_disable_kv_cache': False, 'disable_radix_cache': False, 'enable_page_major_kv_layout': False, 'enable_unified_memory': False, 'disable_chunked_prefix_cache': False, 'disable_overlap_schedule': False, 'num_continuous_decode_steps': 1, 'scheduler_recv_interval': 1, 'enable_mixed_chunk': False, 'nccl_port': 20034, 'dist_timeout': None, 'dist_init_addr': '172.20.3.137:20003', 'gated_launch_port': 20036, 'nnodes': 1, 'node_rank': 0, 'tp_size': 1, 'dcp_size': 1, 'pp_size': 1, 'pp_max_micro_batch_size': None, 'pp_async_batch_depth': 0, 'dp_size': 1, 'load_balance_method': 'round_robin', 'attn_cp_size': 1, 'moe_dp_size': 1, 'dwdp_size': 1, 'dcp_comm_backend': 'ag_rs', 'dcp_replicate_q_proj': None, 'enable_prefill_cp': False, 'cp_strategy': None, 'enable_dsa_cache_layer_split': False, 'enable_cp_decode_attn_tp': False, 'enable_dp_attention': False, 'enable_dp_attention_local_control_broadcast': False, 'enable_dp_lm_head': False, 'enable_tp_lm_head_all_to_all': False, 'enable_attn_tp_input_scattered': False, 'enable_shared_experts_attn_tp': False, 'enable_dense_mlp_attn_tp': False, 'enable_layernorm_sp': False, 'disable_attn_tp_gather': False, 'enable_p2p_check': False, 'device': 'cuda', 'base_gpu_id': 0, 'gpu_id_step': 1, 'random_seed': 17, 'mlx_enable_sampling': False, 'watchdog_timeout': 300, 'soft_watchdog_timeout': None, 'sleep_on_idle': False, 'use_ray': False, 'custom_sigquit_handler': None, 'numa_node': None, 'gc_threshold': None, 'host': '172.20.3.137', 'port': 20002, 'fastapi_root_path': '', 'smg_grpc_mode': False, 'grpc_mode': False, 'grpc_port': None, 'grpc_worker_threads': 4, 'sidecar': None, 'sidecar_args': None, 'skip_server_warmup': True, 'warmups': None, 'enable_http2': False, 'http2_max_concurrent_streams': 200, 'http2_initial_connection_window_size': 1048576, 'ssl_keyfile': None, 'ssl_certfile': None, 'ssl_ca_certs': None, 'ssl_keyfile_password': None, 'enable_ssl_refresh': False, 'api_key': None, 'admin_api_key': None, 'served_model_name': '/root/.cache/huggingface/hub/models--Qwen--Qwen3-0.6B/snapshots/c1899de289a04d12100db370d81485cdf75e47ca', 'weight_version': 'default', 'chat_template': None, 'hf_chat_template_name': None, 'completion_template': None, 'file_storage_path': 'sglang_storage', 'enable_cache_report': False, 'return_input_ids': False, 'return_output_ids': False, 'reasoning_parser': None, 'default_chat_template_kwargs': None, 'strip_thinking_cache': False, 'enable_strict_thinking': False, 'tool_call_parser': None, 'tool_server': None, 'sampling_defaults': 'model', 'asr_max_buffer_seconds': 60, 'asr_max_concurrent_sessions': 32, 'preferred_sampling_params': None, 'allow_auto_truncate': False, 'stream_interval': 1, 'batch_notify_size': 16, 'stream_response_default_include_usage': False, 'incremental_streaming_output': False, 'enable_streaming_session': False, 'enable_session_radix_cache': False, 'log_level': 'info', 'log_level_http': None, 'log_requests': False, 'log_requests_level': 2, 'log_requests_format': 'text', 'log_requests_target': None, 'uvicorn_access_log_exclude_prefixes': [], 'crash_dump_folder': None, 'show_time_cost': False, 'enable_metrics': True, 'smg_http_sidecar_port': None, 'enable_mfu_metrics': False, 'enable_metrics_for_all_schedulers': False, 'load_snapshot_publish_interval': 15, 'tokenizer_metrics_custom_labels_header': 'x-custom-labels', 'tokenizer_metrics_allowed_custom_labels': None, 'extra_metric_labels': None, 'bucket_time_to_first_token': None, 'bucket_inter_token_latency': None, 'bucket_e2e_request_latency': None, 'prompt_tokens_buckets': None, 'generation_tokens_buckets': None, 'gc_warning_threshold_secs': 0.0, 'decode_log_interval': 40, 'enable_request_time_stats_logging': False, 'kv_events_config': None, 'load_publish_endpoint': None, 'enable_forward_pass_metrics': False, 'forward_pass_metrics_worker_id': '', 'forward_pass_metrics_ipc_name': None, 'enable_trace': False, 'trace_modules': 'request', 'otlp_traces_endpoint': 'localhost:4317', 'export_metrics_to_file': False, 'export_metrics_to_file_dir': None, 'stat_loggers': None, 'constrained_json_whitespace_pattern': None, 'constrained_json_disable_any_whitespace': False, 'attention_backend': 'fa3', 'decode_attention_backend': None, 'enable_lean_attention': None, 'prefill_attention_backend': None, 'sampling_backend': 'pytorch', 'grammar_backend': 'xgrammar', 'radix_cache_backend': None, 'mm_attention_backend': None, 'fp8_gemm_runner_backend': 'auto', 'fp4_gemm_runner_backend': 'auto', 'bf16_gemm_backend': 'auto', 'dsa_prefill_backend': None, 'dsv4_prefill_backend': 'auto', 'dsa_decode_backend': None, 'dsa_paged_mqa_logits_backend': 'auto', 'dsa_topk_backend': 'sgl-kernel', 'disable_flashinfer_autotune': False, 'flashinfer_autotune_skip_ops': None, 'mamba_backend': 'triton', 'cuda_graph_config': {'decode': {'backend': 'full', 'max_bs': 256, 'bs': [1, 2, 4, 8, 12, 16, 24, 32, 40, 48, 56, 64, 72, 80, 88, 96, 104, 112, 120, 128, 136, 144, 152, 160, 168, 176, 184, 192, 200, 208, 216, 224, 232, 240, 248, 256], 'tc_compiler': 'eager', 'full_prefill_max_req': None, 'full_prefill_prefix_chunk_tokens': None}, 'prefill': {'backend': 'disabled', 'max_bs': 8192, 'bs': [4, 8, 12, 16, 20, 24, 28, 32, 48, 64, 80, 96, 112, 128, 144, 160, 176, 192, 208, 224, 240, 256, 288, 320, 352, 384, 416, 448, 480, 512, 576, 640, 704, 768, 832, 896, 960, 1024, 1280, 1536, 1792, 2048, 2304, 2560, 2816, 3072, 3328, 3584, 3840, 4096, 4608, 5120, 5632, 6144, 6656, 7168, 7680, 8192], 'tc_compiler': 'eager', 'full_prefill_max_req': None, 'full_prefill_prefix_chunk_tokens': None}}, 'cuda_graph_backend_decode': None, 'cuda_graph_backend_prefill': 'disabled', 'cuda_graph_max_bs_decode': None, 'cuda_graph_max_bs_prefill': None, 'cuda_graph_bs_decode': None, 'cuda_graph_bs_prefill': None, 'cuda_graph_tc_compiler': None, 'disable_prefill_cuda_graph': False, 'disable_decode_cuda_graph': False, 'disable_cuda_graph': False, 'disable_cuda_graph_padding': False, 'enable_profile_cuda_graph': False, 'enable_cudagraph_gc': False, 'debug_cuda_graph': False, 'enable_layerwise_nvtx_marker': False, 'enable_nccl_nvls': False, 'enable_symm_mem': False, 'triton_attention_reduce_in_fp32': False, 'triton_attention_num_kv_splits': 8, 'triton_attention_split_tile_size': None, 'flashinfer_mla_disable_ragged': False, 'enable_fused_qk_norm_rope': False, 'enable_precise_e
[algo2a-g3-l1-modal] mbedding_interpolation': False, 'enable_fused_moe_sum_all_reduce': False, 'enable_deepseek_v4_fp4_indexer': False, 'disable_custom_all_reduce': False, 'enable_mscclpp': False, 'enable_torch_symm_mem': False, 'enable_scattered_sconv': False, 'pre_warm_nccl': False, 'enable_quant_communications': False, 'enable_flashinfer_allreduce_fusion': False, 'enforce_disable_flashinfer_allreduce_fusion': True, 'flashinfer_allreduce_fusion_backend': None, 'enable_aiter_allreduce_fusion': False, 'enable_torch_compile': False, 'enable_torch_compile_debug_mode': False, 'torch_compile_max_bs': 32, 'speculative_algorithm': None, 'uno_lora_path': None, 'speculative_draft_model_path': None, 'speculative_draft_model_revision': None, 'speculative_draft_load_format': None, 'speculative_num_steps': None, 'speculative_eagle_topk': None, 'speculative_num_draft_tokens': None, 'speculative_dflash_block_size': None, 'speculative_dspark_block_size': None, 'speculative_dspark_sps_table_path': None, 'speculative_dspark_confidence_sts_path': None, 'speculative_dspark_align_verify_tokens_to_graph_tier': False, 'speculative_accept_threshold_single': 1.0, 'speculative_accept_threshold_acc': 1.0, 'speculative_use_rejection_sampling': False, 'speculative_token_map': None, 'speculative_attention_mode': 'prefill', 'speculative_draft_attention_backend': None, 'speculative_dsa_topk_backend': 'sgl-kernel', 'speculative_draft_kv_cache_dtype': None, 'speculative_draft_window_size': None, 'speculative_moe_runner_backend': 'auto', 'speculative_moe_a2a_backend': None, 'speculative_draft_model_quantization': None, '_speculative_draft_quantization_explicitly_set': False, 'speculative_skip_dp_mlp_sync': False, 'enable_multi_layer_eagle': False, 'speculative_adaptive': False, 'speculative_adaptive_config': None, 'decoupled_spec_bind_endpoint': None, 'decoupled_spec_connect_endpoints': None, 'decoupled_spec_rank': None, 'decoupled_spec_role': 'null', 'spec_trace_dir': None, 'speculative_ngram_min_bfs_breadth': 1, 'speculative_ngram_max_bfs_breadth': 10, 'speculative_ngram_match_type': 'BFS', 'speculative_ngram_max_trie_depth': 18, 'speculative_ngram_capacity': 10000000, 'speculative_ngram_external_corpus_path': None, 'speculative_ngram_external_sam_budget': 0, 'speculative_ngram_external_corpus_max_tokens': 10000000, 'ep_size': 1, 'moe_a2a_backend': 'none', 'enable_w4a4_mxfp4_megamoe': False, 'deepep_v2_mode': 'direct', 'moe_runner_backend': 'auto', 'flashinfer_mxfp4_moe_precision': 'default', 'deepep_mode': 'auto', 'fuseep_mode': 2, 'deepep_dispatcher_output_dtype': 'auto', 'ep_num_redundant_experts': 0, 'ep_dispatch_algorithm': None, 'init_expert_location': 'trivial', 'enable_eplb': False, 'eplb_algorithm': 'auto', 'eplb_rebalance_num_iterations': 1000, 'eplb_rebalance_layers_per_chunk': None, 'eplb_min_rebalancing_utilization_threshold': 1.0, 'expert_distribution_recorder_mode': None, 'expert_distribution_recorder_buffer_size': 1000, 'expert_balancedness_report_mode': 'off', 'deepep_config': None, 'moe_dense_tp_size': None, 'elastic_ep_backend': None, 'enable_elastic_expert_backup': False, 'mooncake_ib_device': None, 'enable_waterfill': False, 'ep_join_mode': None, 'ep_join_rank_offset': 0, 'elastic_ep_initial_size': None, 'max_ep_size': None, 'elastic_ep_scale_timeout': 600, 'elastic_ep_rejoin': False, 'disable_flashinfer_cutlass_moe_fp4_allgather': False, 'disable_shared_experts_fusion': False, 'enforce_shared_experts_fusion': False, 'max_mamba_cache_size': None, 'mamba_ssm_dtype': None, 'mamba_max_states_per_path': -1, 'enable_mamba_cache_stochastic_rounding': False, 'mamba_cache_philox_rounds': 0, 'mamba_full_memory_ratio': 0.9, 'mamba_radix_cache_strategy': 'auto', 'uses_mamba_radix_cache': False, 'mamba_track_interval': 256, 'enable_int8_mamba_checkpoint': False, 'int8_mamba_ckpt_size': None, 'linear_attn_backend': 'triton', 'linear_attn_decode_backend': None, 'linear_attn_prefill_backend': None, 'linear_attn_verify_backend': None, 'enable_linear_replayssm': False, 'linear_replayssm_cache_len': 16, 'enable_linear_replayssm_spec': False, 'enable_hierarchical_cache': False, 'hicache_host_memory_mode': 'cache', 'hicache_ratio': 2.0, 'hicache_size': 0, 'hicache_write_policy': 'write_through', 'hicache_io_backend': 'kernel', 'hicache_mem_layout': 'page_first', 'hicache_storage_backend': None, 'hicache_storage_prefetch_policy': 'timeout', 'hicache_storage_backend_extra_config': None, 'hicache_storage_prefetch_retry_poll_interval': 8, 'hicache_storage_prefetch_retry_max_attempts': 8, 'enable_unified_cache_external_linker': False, 'unified_cache_external_linker_backend': 'mooncake', 'enable_hisparse': False, 'hisparse_config': None, 'enable_broadcast_mm_inputs_process': False, 'enable_prefix_mm_cache': False, 'mm_enable_dp_encoder': False, 'mm_process_config': {}, 'mm_processor_worker_num': 0, 'mm_io_worker_num': 0, 'allowed_media_domains': [], 'media_url_max_file_size_mb': 64, 'mm_preprocess_cache_size_mb': None, 'trust_mm_content_hashes': False, 'limit_mm_data_per_request': None, 'enable_mm_global_cache': False, 'image_processor_backend': 'auto', 'mm_global_cache_backend': 'mooncake', 'disable_fast_image_processor': False, 'mm_feature_transport': 'cpu', 'keep_mm_feature_on_device': False, 'enable_lora': True, 'enable_lora_overlap_loading': False, 'max_lora_rank': 16, 'lora_target_modules': {'gate_proj', 'v_proj', 'o_proj', 'k_proj', 'up_proj', 'down_proj', 'q_proj'}, 'lora_paths': [], 'max_loaded_loras': None, 'max_loras_per_batch': 1, 'lora_eviction_policy': 'lru', 'lora_backend': 'csgmv', 'max_lora_chunk_size': 16, 'experts_shared_outer_loras': None, 'lora_use_virtual_experts': True, 'lora_strict_loading': False, 'lora_no_cpu_backup': False, 'lora_drain_wait_threshold': 0.0, 'enable_two_batch_overlap': False, 'enable_single_batch_overlap': False, 'tbo_token_distribution_threshold': 0.48, 'cpu_offload_gb': 0, 'offload_group_size': -1, 'offload_num_in_group': 1, 'offload_prefetch_step': 1, 'offload_mode': 'cpu', 'enable_lmcache': False, 'lmcache_config_file': None, 'enable_flexkv': False, 'flexkv_config_file': None, 'kt_weight_path': None, 'kt_method': 'AMXINT4', 'kt_cpuinfer': None, 'kt_threadpool_count': 2, 'kt_num_gpu_experts': None, 'kt_max_deferred_experts_per_token': None, 'dllm_algorithm': None, 'dllm_algorithm_config': None, 'dllm_fdfo': True, 'disaggregation_mode': 'null', 'disaggregation_transfer_backend': 'mooncake', 'disaggregation_bootstrap_port': 8998, 'disaggregation_ib_device': None, 'disaggregation_decode_enable_radix_cache': False, 'disaggregation_decode_enable_offload_kvcache': False, 'disaggregation_decode_retraction_backup': None, 'num_reserved_decode_tokens': 512, 'disaggregation_decode_extra_slots': None, 'disaggregation_decode_polling_interval': 1, 'optimistic_prefill_attempts': 0, 'encoder_only': False, 'language_only': False, 'language_model_only': False, 'encoder_transfer_backend': 'zmq_to_scheduler', 'encoder_urls': [], 'encoder_bootstrap_port': 8997, 'encoder_register_urls': [], 'enable_adaptive_dispatch_to_encoder': False, 'enable_pdmux': False, 'pdmux_config_path': None, 'sm_group_num': 8, 'startup_weight_load_mode': 'serial', 'custom_weight_loader': [], 'weight_loader_disable_mmap': False, 'weight_loader_prefetch_checkpoints': False, 'weight_loader_prefetch_num_threads': 4, 'weight_loader_drop_cache_after_load': False, 'remote_instance_weight_loader_seed_instance_ip': None, 'remote_instance_weight_loader_seed_instance_service_port': None, 'remote_instance_weight_loader_send_weights_group_ports': None, 'remote_instance_weight_loader_backend': 'nccl', 'remote_instance_weight_loader_start_seed_via_transfer_engine': False, 'engine_info_bootstrap_port': 20035, 'modelexpress_config': None, 'download_dir': None, 'model_checksum': None, 'delete_ckpt_after_loading': False, 'decrypted_config_file': None, 'decrypted_draft_config_file': None, 'checkpoint_engine_wait_weights_before_ready': False, 'enable_prefill_delayer': False, 'prefill_delayer_max_delay_passes': 30, 'prefill_delayer_token_usage_low_watermark': None, 'prefill_delayer_forward_passes_buckets': None, 'prefill_delayer_wait_seconds_buckets': None, 'prefill_delayer_queue_min_ratio': None, 'prefill_delayer_
[algo2a-g3-l1-modal] max_delay_ms': None, 'min_free_slots_delay': None, 'enable_deterministic_inference': True, 'rl_on_policy_target': None, 'kv_canary': 'none', 'kv_canary_real_data': 'none', 'kv_canary_sweep_interval': 0, 'enable_dynamic_batch_tokenizer': False, 'dynamic_batch_tokenizer_batch_size': 32, 'dynamic_batch_tokenizer_batch_timeout': 0.002, 'enable_tokenizer_batch_encode': False, 'disable_tokenizer_batch_decode': False, 'debug_tensor_dump_output_folder': None, 'debug_tensor_dump_layers': None, 'debug_tensor_dump_input_file': None, 'enable_memory_saver': True, 'enable_weights_cpu_backup': True, 'enable_weights_disk_backup': False, 'enable_draft_weights_cpu_backup': True, 'enable_custom_logit_processor': False, 'enable_return_hidden_states': False, 'return_hidden_states_mode': None, 'enable_return_routed_experts': False, 'enable_return_indexer_topk': False, 'sampling_mask_max_tokens': 4096, 'disable_outlines_disk_cache': False, 'enable_mis': False, 'weight_cache_mode': 'off', 'weight_cache_socket': None, 'weight_cache_timeout': 1800, 'forward_hooks': None, 'msprobe_dump_config': None, 'custom_pull_weights_pre_read_hook': None, 'enable_engine_info_bootstrap': False, 'enable_rdt_weight_sync': False, 'enable_prefill_only_deterministic_inference': False, 'true_on_policy_contract': None, 'ple_offload_embedding': None, 'ple_offload_backend': 'pinned', 'ple_offload_dir': None, 'speculative_domino_candidate_pool_size': 2048, 'flashinfer_a2a_dispatch_type': None, 'disable_draft_cuda_graph': False, 'dsv4_attn_backend': 'auto', '_radix_eviction_policy_explicitly_set': False, 'enable_response_store': False}
[algo2a-g3-l1-modal] YETO_RL_EVENT {"event":"rl_driver_phase","island_id":1,"optimizer":"reset","phase":"apply","policy_version":0,"time_unix":1790713462.1661825}
[algo2a-g3-l1-modal] 
[algo2a-g3-l1-modal] [36m(CommandActor pid=2609)[0m [2026-09-29 20:24:22] Using default HuggingFace chat template with detected content format: string
[algo2a-g3-l1-modal] 
[algo2a-g3-l1-modal] [36m(CommandActor pid=2609)[0m [2026-09-29 20:24:23] Auto-detected template features: reasoning_config=ReasoningToggleConfig(toggle_param='enable_thinking', default_enabled=True, special_case=None, effort_kwarg=None), reasoning_parser=qwen3, tool_call_parser=qwen
[algo2a-g3-l1-modal] 
[algo2a-g3-l0-modal] [36m(CommandActor pid=2493)[0m [2026-09-29 20:24:23] Gated launch still waiting for activation. rank=0 elapsed=120 s
[algo2a-g3-l0-modal] 
[algo2a-g3-l1-modal] [36m(CommandActor pid=2609)[0m /opt/sglang/lib/python3.12/site-packages/huggingface_hub/constants.py:301: FutureWarning: The `HF_HUB_ENABLE_HF_TRANSFER` environment variable is deprecated as 'hf_transfer' is not used anymore. Please use `HF_XET_HIGH_PERFORMANCE` instead to enable high performance transfer with Xet. Visit https://huggingface.co/docs/huggingface_hub/package_reference/environment_variables#hfxethighperformance for more details.
[algo2a-g3-l1-modal] 
[algo2a-g3-l1-modal] [36m(CommandActor pid=2609)[0m   warnings.warn(
[algo2a-g3-l1-modal] 
[algo2a-g3-l1-modal] [36m(CommandActor pid=2609)[0m /opt/sglang/lib/python3.12/site-packages/huggingface_hub/constants.py:301: FutureWarning: The `HF_HUB_ENABLE_HF_TRANSFER` environment variable is deprecated as 'hf_transfer' is not used anymore. Please use `HF_XET_HIGH_PERFORMANCE` instead to enable high performance transfer with Xet. Visit https://huggingface.co/docs/huggingface_hub/package_reference/environment_variables#hfxethighperformance for more details.
[algo2a-g3-l1-modal] 
[algo2a-g3-l1-modal] [36m(CommandActor pid=2609)[0m   warnings.warn(
[algo2a-g3-l1-modal] 
[algo2a-g3-l0-modal] [36m(CommandActor pid=2493)[0m [2026-09-29 20:24:33] Gated launch still waiting for activation. rank=0 elapsed=130 s
[algo2a-g3-l0-modal] 
[algo2a-g3-l0-modal] [36m(CommandActor pid=2493)[0m [2026-09-29 20:24:43] Gated launch still waiting for activation. rank=0 elapsed=140 s
[algo2a-g3-l0-modal] 
[algo2a-g3-l0-modal] [36m(CommandActor pid=2493)[0m [2026-09-29 20:24:53] Gated launch still waiting for activation. rank=0 elapsed=150 s
[algo2a-g3-l0-modal] 
[algo2a-g3-l1-modal] [36m(CommandActor pid=2609)[0m /opt/sglang/lib/python3.12/site-packages/transformer_engine/__init__.py:103: RuntimeWarning: Detected a Jax installation but could not find the shared object file for the Transformer Engine Jax extension library. If this is not intentional, please reinstall Transformer Engine with `pip install transformer_engine[jax]` or build from source with `NVTE_FRAMEWORK=jax`.
[algo2a-g3-l1-modal] 
[algo2a-g3-l1-modal] [36m(CommandActor pid=2609)[0m   warnings.warn(
[algo2a-g3-l1-modal] 
[algo2a-g3-l1-modal] [36m(CommandActor pid=2609)[0m [2026-09-29 20:24:54] Detected Megatron Core, using Megatron-FSDP with Megatron.
[algo2a-g3-l1-modal] 
[algo2a-g3-l1-modal] [36m(CommandActor pid=2609)[0m [2026-09-29 20:24:54] Detected Megatron Core, using Megatron-FSDP with Megatron.
[algo2a-g3-l1-modal] 
[algo2a-g3-l1-modal] [36m(CommandActor pid=2609)[0m [2026-09-29 20:25:02] Init torch distributed begin.
[algo2a-g3-l1-modal] 
[algo2a-g3-l1-modal] [36m(CommandActor pid=2609)[0m [2026-09-29 20:25:03] Gated launch control server started on 172.20.3.137:20036
[algo2a-g3-l1-modal] 
[algo2a-g3-l1-modal] [36m(CommandActor pid=2609)[0m [2026-09-29 20:25:03] Gated launch waiting for activation. rank=0
[algo2a-g3-l1-modal] 
[algo2a-g3-l0-modal] [36m(CommandActor pid=2493)[0m [2026-09-29 20:25:03] Gated launch still waiting for activation. rank=0 elapsed=160 s
[algo2a-g3-l0-modal] 
[algo2a-g3-l0-modal] [36m(TrainerController pid=2494)[0m [2026-09-29 20:25:03.744 trainer_controller_actor] cell.py:231 - ft op=execute phase=start cell=trainer-engine-actor-00000 fn=run_plugin n_actors=1
[algo2a-g3-l0-modal] 
[algo2a-g3-l1-modal] [36m(CommandActor pid=2609)[0m [2026-09-29 20:25:13] Gated launch still waiting for activation. rank=0 elapsed=10 s
[algo2a-g3-l1-modal] 
[algo2a-g3-l0-modal] [36m(CommandActor pid=2493)[0m [2026-09-29 20:25:13] Gated launch still waiting for activation. rank=0 elapsed=170 s
[algo2a-g3-l0-modal] 
[algo2a-g3-l0-modal] [2026-09-29 20:25:20.071 main] reporter.py:90 - audit op=env_report_summary hostname=modal versions="{\"python\":\"3.12.3\",\"platform\":\"Linux-4.19.0-gvisor-x86_64-with-glibc2.39\",\"miles\":\"0.1.1\",\"sglang\":\"0.5.21.dev67+g9f29303\",\"sglang-router\":\"0.3.2\",\"megatron-core\":\"0.19.0+a84b10547\",\"transformers\":\"5.12.1\",\"ray\":\"2.58.0\",\"flashinfer-python\":\"0.6.18\",\"torch\":\"2.13.0+cu130\",\"torch_cuda\":\"13.0\"}" repos="{\"miles\":\"d002615f44816ae243169643dc093eb2c29029d8\",\"sglang\":\"9f29303bef1eea38eb613e5f454a52db1326422d\",\"megatron-core\":\"a84b105473eca9c9c6e49dbf1c8aa460c5cf796e\"}" num_packages=425 num_env_vars=106 packages_probed=true stored=false
[algo2a-g3-l1-modal] [36m(CommandActor pid=2609)[0m [2026-09-29 20:25:23] Gated launch still waiting for activation. rank=0 elapsed=20 s
[algo2a-g3-l1-modal] 
[algo2a-g3-l0-modal] [36m(CommandActor pid=2493)[0m [2026-09-29 20:25:23] Gated launch still waiting for activation. rank=0 elapsed=180 s
[algo2a-g3-l0-modal] 
[algo2a-g3-l1-modal] [36m(TrainerController pid=2610)[0m [2026-09-29 20:25:25.277 trainer_controller_actor] cell.py:231 - ft op=execute phase=start cell=trainer-engine-actor-00000 fn=run_plugin n_actors=1
[algo2a-g3-l1-modal] 
[algo2a-g3-l1-modal] [36m(CommandActor pid=2609)[0m [2026-09-29 20:25:33] Gated launch still waiting for activation. rank=0 elapsed=30 s
[algo2a-g3-l1-modal] 
[algo2a-g3-l0-modal] [36m(CommandActor pid=2493)[0m [2026-09-29 20:25:33] Gated launch still waiting for activation. rank=0 elapsed=190 s
[algo2a-g3-l0-modal] 
[algo2a-g3-l1-modal] [36m(CommandActor pid=2609)[0m [2026-09-29 20:25:43] Gated launch still waiting for activation. rank=0 elapsed=40 s
[algo2a-g3-l1-modal] 
[algo2a-g3-l0-modal] [36m(CommandActor pid=2493)[0m [2026-09-29 20:25:43] Gated launch still waiting for activation. rank=0 elapsed=200 s
[algo2a-g3-l0-modal] 
[algo2a-g3-l0-modal] [36m(RayWorkerManager pid=2230)[0m [2026-09-29 20:25:45.852 worker_manager] reporter.py:90 - audit op=env_report_summary hostname=modal versions="{\"python\":\"3.12.3\",\"platform\":\"Linux-4.19.0-gvisor-x86_64-with-glibc2.39\",\"miles\":\"0.1.1\",\"sglang\":\"0.5.21.dev67+g9f29303\",\"sglang-router\":\"0.3.2\",\"megatron-core\":\"0.19.0+a84b10547\",\"transformers\":\"5.12.1\",\"ray\":\"2.58.0\",\"flashinfer-python\":\"0.6.18\",\"torch\":\"2.13.0+cu130\",\"torch_cuda\":\"13.0\"}" repos="{\"miles\":\"d002615f44816ae243169643dc093eb2c29029d8\",\"sglang\":\"9f29303bef1eea38eb613e5f454a52db1326422d\",\"megatron-core\":\"a84b105473eca9c9c6e49dbf1c8aa460c5cf796e\"}" num_packages=425 num_env_vars=113 packages_probed=true stored=false
[algo2a-g3-l0-modal] 
[algo2a-g3-l0-modal] [36m(MegatronTrainRayActor pid=2820)[0m [2026-09-29 20:25:47.114 actor_cell00000_rank00000] structured_log.py:24 - actor cls=MegatronTrainRayActor fn=wake_up phase=start
[algo2a-g3-l0-modal] 
[algo2a-g3-l0-modal] [36m(MegatronTrainRayActor pid=2820)[0m [2026-09-29 20:25:47.119 actor_cell00000_rank00000] timer.py:31 - Timer wake_up start
[algo2a-g3-l0-modal] 
[algo2a-g3-l0-modal] [36m(MegatronTrainRayActor pid=2820)[0m [2026-09-29 20:25:47.133 actor_cell00000_rank00000] memory_utils.py:41 - [Rank 0] Memory-Usage before wake_up model: {'gpu': '0', 'total_GB': 79.18, 'free_GB': 76.77, 'used_GB': 2.4, 'allocated_GB': 1.2, 'reserved_GB': 1.27}
[algo2a-g3-l0-modal] 
[algo2a-g3-l0-modal] [36m(MegatronTrainRayActor pid=2820)[0m [2026-09-29 20:25:47.787 actor_cell00000_rank00000] reloadable_process_group.py:151 - Reloading 0 process groups in pid 2820
[algo2a-g3-l0-modal] 
[algo2a-g3-l0-modal] [36m(MegatronTrainRayActor pid=2820)[0m [2026-09-29 20:25:47.788 actor_cell00000_rank00000] memory_utils.py:41 - [Rank 0] Memory-Usage after wake_up model: {'gpu': '0', 'total_GB': 79.18, 'free_GB': 75.53, 'used_GB': 3.65, 'allocated_GB': 1.2, 'reserved_GB': 1.27}
[algo2a-g3-l0-modal] 
[algo2a-g3-l0-modal] [36m(MegatronTrainRayActor pid=2820)[0m [2026-09-29 20:25:47.788 actor_cell00000_rank00000] timer.py:42 - Timer wake_up end (elapsed: 0.7s)
[algo2a-g3-l0-modal] 
[algo2a-g3-l0-modal] [36m(MegatronTrainRayActor pid=2820)[0m [2026-09-29 20:25:47.788 actor_cell00000_rank00000] structured_log.py:28 - actor cls=MegatronTrainRayActor fn=wake_up phase=end ok=true elapsed_s=0.7
[algo2a-g3-l0-modal] 
[algo2a-g3-l0-modal] [36m(MegatronTrainRayActor pid=2820)[0m /opt/sglang/lib/python3.12/site-packages/torch/distributed/c10d_logger.py:83: UserWarning: barrier(): using the device under current context. You can specify `device_id` in `init_process_group` to mute this warning.
[algo2a-g3-l0-modal] 
[algo2a-g3-l0-modal] [36m(MegatronTrainRayActor pid=2820)[0m   return func(*args, **kwargs)
[algo2a-g3-l0-modal] 
[algo2a-g3-l0-modal] [36m(MegatronTrainRayActor pid=2820)[0m [2026-09-29 20:25:48.314 actor_cell00000_rank00000] structured_log.py:24 - actor cls=MegatronTrainRayActor fn=sleep phase=start
[algo2a-g3-l0-modal] 
[algo2a-g3-l0-modal] [36m(MegatronTrainRayActor pid=2820)[0m [2026-09-29 20:25:48.314 actor_cell00000_rank00000] timer.py:31 - Timer sleep start
[algo2a-g3-l0-modal] 
[algo2a-g3-l0-modal] [36m(MegatronTrainRayActor pid=2820)[0m [2026-09-29 20:25:48.867 actor_cell00000_rank00000] memory_utils.py:41 - [Rank 0] Memory-Usage before offload model: {'gpu': '0', 'total_GB': 79.18, 'free_GB': 75.53, 'used_GB': 3.65, 'allocated_GB': 1.2, 'reserved_GB': 1.27}
[algo2a-g3-l0-modal] 
[algo2a-g3-l0-modal] [36m(TrainerController pid=2494)[0m [2026-09-29 20:25:49.371 trainer_controller_actor] cell.py:239 - ft op=execute phase=end cell=trainer-engine-actor-00000 fn=run_plugin ok=true elapsed_s=45.6
[algo2a-g3-l0-modal] 
[algo2a-g3-l0-modal] [36m(TrainerController pid=2494)[0m [2026-09-29 20:25:49.417 trainer_controller_actor] cell.py:231 - ft op=execute phase=start cell=trainer-engine-actor-00000 fn=run_plugin n_actors=1
[algo2a-g3-l0-modal] 
[algo2a-g3-l0-modal] [36m(MegatronTrainRayActor pid=2820)[0m [2026-09-29 20:25:49.332 actor_cell00000_rank00000] memory_utils.py:41 - [Rank 0] Memory-Usage after offload model: {'gpu': '0', 'total_GB': 79.18, 'free_GB': 76.77, 'used_GB': 2.41, 'allocated_GB': 1.2, 'reserved_GB': 1.27}
[algo2a-g3-l0-modal] 
[algo2a-g3-l0-modal] [36m(MegatronTrainRayActor pid=2820)[0m [2026-09-29 20:25:49.332 actor_cell00000_rank00000] timer.py:42 - Timer sleep end (elapsed: 1.0s)
[algo2a-g3-l0-modal] 
[36m(MegatronTrainRayActor pid=2820)[0m [2026-09-29 20:25:49.332 actor_cell00000_rank00000] structured_log.py:28 - actor cls=MegatronTrainRayActor fn=sleep phase=end ok=true elapsed_s=1.0
[algo2a-g3-l0-modal] [36m(MegatronTrainRayActor pid=2820)[0m [2026-09-29 20:25:49.419 actor_cell00000_rank00000] structured_log.py:24 - actor cls=MegatronTrainRayActor fn=wake_up phase=start
[algo2a-g3-l0-modal] 
[algo2a-g3-l0-modal] [36m(MegatronTrainRayActor pid=2820)[0m [2026-09-29 20:25:49.419 actor_cell00000_rank00000] timer.py:31 - Timer wake_up start
[algo2a-g3-l0-modal] 
[algo2a-g3-l0-modal] [36m(MegatronTrainRayActor pid=2820)[0m [2026-09-29 20:25:49.420 actor_cell00000_rank00000] memory_utils.py:41 - [Rank 0] Memory-Usage before wake_up model: {'gpu': '0', 'total_GB': 79.18, 'free_GB': 76.77, 'used_GB': 2.41, 'allocated_GB': 1.2, 'reserved_GB': 1.27}
[algo2a-g3-l0-modal] 
[algo2a-g3-l0-modal] [36m(MegatronTrainRayActor pid=2820)[0m [2026-09-29 20:25:50.032 actor_cell00000_rank00000] reloadable_process_group.py:151 - Reloading 0 process groups in pid 2820
[algo2a-g3-l0-modal] 
[algo2a-g3-l0-modal] [36m(MegatronTrainRayActor pid=2820)[0m [2026-09-29 20:25:50.033 actor_cell00000_rank00000] memory_utils.py:41 - [Rank 0] Memory-Usage after wake_up model: {'gpu': '0', 'total_GB': 79.18, 'free_GB': 75.53, 'used_GB': 3.65, 'allocated_GB': 1.2, 'reserved_GB': 1.27}
[algo2a-g3-l0-modal] 
[algo2a-g3-l0-modal] [36m(MegatronTrainRayActor pid=2820)[0m [2026-09-29 20:25:50.033 actor_cell00000_rank00000] timer.py:42 - Timer wake_up end (elapsed: 0.6s)
[algo2a-g3-l0-modal] 
[algo2a-g3-l0-modal] [36m(MegatronTrainRayActor pid=2820)[0m [2026-09-29 20:25:50.034 actor_cell00000_rank00000] structured_log.py:28 - actor cls=MegatronTrainRayActor fn=wake_up phase=end ok=true elapsed_s=0.6
[algo2a-g3-l0-modal] 
[algo2a-g3-l0-modal] [36m(MegatronTrainRayActor pid=2820)[0m [2026-09-29 20:25:50.134 actor_cell00000_rank00000] structured_log.py:24 - actor cls=MegatronTrainRayActor fn=sleep phase=start
[algo2a-g3-l0-modal] 
[algo2a-g3-l0-modal] [36m(MegatronTrainRayActor pid=2820)[0m [2026-09-29 20:25:50.134 actor_cell00000_rank00000] timer.py:31 - Timer sleep start
[algo2a-g3-l0-modal] 
[algo2a-g3-l0-modal] [36m(MegatronTrainRayActor pid=2820)[0m [2026-09-29 20:25:50.621 actor_cell00000_rank00000] memory_utils.py:41 - [Rank 0] Memory-Usage before offload model: {'gpu': '0', 'total_GB': 79.18, 'free_GB': 75.53, 'used_GB': 3.65, 'allocated_GB': 1.2, 'reserved_GB': 1.27}
[algo2a-g3-l0-modal] 
[algo2a-g3-l0-modal] [36m(MegatronTrainRayActor pid=2820)[0m [2026-09-29 20:25:51.105 actor_cell00000_rank00000] memory_utils.py:41 - [Rank 0] Memory-Usage after offload model: {'gpu': '0', 'total_GB': 79.18, 'free_GB': 76.77, 'used_GB': 2.41, 'allocated_GB': 1.2, 'reserved_GB': 1.27}
[algo2a-g3-l0-modal] 
[algo2a-g3-l0-modal] [36m(MegatronTrainRayActor pid=2820)[0m [2026-09-29 20:25:51.106 actor_cell00000_rank00000] timer.py:42 - Timer sleep end (elapsed: 1.0s)
[algo2a-g3-l0-modal] 
[algo2a-g3-l0-modal] [36m(MegatronTrainRayActor pid=2820)[0m [2026-09-29 20:25:51.106 actor_cell00000_rank00000] structured_log.py:28 - actor cls=MegatronTrainRayActor fn=sleep phase=end ok=true elapsed_s=1.0
[algo2a-g3-l0-modal] 
[algo2a-g3-l0-modal] [36m(TrainerController pid=2494)[0m [2026-09-29 20:25:51.245 trainer_controller_actor] cell.py:239 - ft op=execute phase=end cell=trainer-engine-actor-00000 fn=run_plugin ok=true elapsed_s=1.8
[algo2a-g3-l0-modal] 
[algo2a-g3-l0-modal] YETO_RL_EVENT {"event":"rl_policy_apply","island_id":0,"local_step":0,"optimizer":"reset","partial_fragment_apply":false,"policy_version":0,"sync/apply_seconds":92.14500256999997,"sync/global_policy_hash":"a34cd30f37ee5ffaad784b92defd77b3b6ce68095faf29288d5ea460912617c4","time_unix":1790713551.4921796}
[algo2a-g3-l0-modal] 
[algo2a-g3-l0-modal] YETO_RL_EVENT {"event":"rl_driver_phase","island_id":0,"phase":"publish","policy_version":0,"time_unix":1790713551.5497453}
[algo2a-g3-l0-modal] 
[algo2a-g3-l0-modal] [36m(TrainerController pid=2494)[0m [2026-09-29 20:25:51.606 trainer_controller_actor] cell.py:231 - ft op=execute phase=start cell=trainer-engine-actor-00000 fn=run_plugin n_actors=1
[algo2a-g3-l0-modal] 
[algo2a-g3-l0-modal] [36m(MegatronTrainRayActor pid=2820)[0m [2026-09-29 20:25:51.607 actor_cell00000_rank00000] structured_log.py:24 - actor cls=MegatronTrainRayActor fn=wake_up phase=start
[algo2a-g3-l0-modal] 
[algo2a-g3-l0-modal] [36m(MegatronTrainRayActor pid=2820)[0m [2026-09-29 20:25:51.607 actor_cell00000_rank00000] timer.py:31 - Timer wake_up start
[algo2a-g3-l0-modal] 
[algo2a-g3-l0-modal] [36m(MegatronTrainRayActor pid=2820)[0m [2026-09-29 20:25:51.608 actor_cell00000_rank00000] memory_utils.py:41 - [Rank 0] Memory-Usage before wake_up model: {'gpu': '0', 'total_GB': 79.18, 'free_GB': 76.77, 'used_GB': 2.41, 'allocated_GB': 1.2, 'reserved_GB': 1.27}
[algo2a-g3-l0-modal] 
[algo2a-g3-l0-modal] [36m(MegatronTrainRayActor pid=2820)[0m [2026-09-29 20:25:52.235 actor_cell00000_rank00000] reloadable_process_group.py:151 - Reloading 0 process groups in pid 2820
[algo2a-g3-l0-modal] 
[algo2a-g3-l0-modal] [36m(MegatronTrainRayActor pid=2820)[0m [2026-09-29 20:25:52.236 actor_cell00000_rank00000] memory_utils.py:41 - [Rank 0] Memory-Usage after wake_up model: {'gpu': '0', 'total_GB': 79.18, 'free_GB': 75.53, 'used_GB': 3.65, 'allocated_GB': 1.2, 'reserved_GB': 1.27}
[algo2a-g3-l0-modal] 
[algo2a-g3-l0-modal] [36m(MegatronTrainRayActor pid=2820)[0m [2026-09-29 20:25:52.236 actor_cell00000_rank00000] timer.py:42 - Timer wake_up end (elapsed: 0.6s)
[algo2a-g3-l0-modal] 
[algo2a-g3-l0-modal] [36m(MegatronTrainRayActor pid=2820)[0m [2026-09-29 20:25:52.236 actor_cell00000_rank00000] structured_log.py:28 - actor cls=MegatronTrainRayActor fn=wake_up phase=end ok=true elapsed_s=0.6
[algo2a-g3-l0-modal] 
[algo2a-g3-l0-modal] [36m(MegatronTrainRayActor pid=2820)[0m [2026-09-29 20:25:52.330 actor_cell00000_rank00000] structured_log.py:24 - actor cls=MegatronTrainRayActor fn=sleep phase=start
[algo2a-g3-l0-modal] 
[algo2a-g3-l0-modal] [36m(MegatronTrainRayActor pid=2820)[0m [2026-09-29 20:25:52.331 actor_cell00000_rank00000] timer.py:31 - Timer sleep start
[algo2a-g3-l0-modal] 
[algo2a-g3-l0-modal] [36m(MegatronTrainRayActor pid=2820)[0m [2026-09-29 20:25:52.875 actor_cell00000_rank00000] memory_utils.py:41 - [Rank 0] Memory-Usage before offload model: {'gpu': '0', 'total_GB': 79.18, 'free_GB': 75.53, 'used_GB': 3.65, 'allocated_GB': 1.2, 'reserved_GB': 1.27}
[algo2a-g3-l0-modal] 
[algo2a-g3-l1-modal] [36m(CommandActor pid=2609)[0m [2026-09-29 20:25:53] Gated launch still waiting for activation. rank=0 elapsed=50 s
[algo2a-g3-l1-modal] 
[algo2a-g3-l0-modal] [36m(MegatronTrainRayActor pid=2820)[0m [2026-09-29 20:25:53.322 actor_cell00000_rank00000] memory_utils.py:41 - [Rank 0] Memory-Usage after offload model: {'gpu': '0', 'total_GB': 79.18, 'free_GB': 76.77, 'used_GB': 2.41, 'allocated_GB': 1.2, 'reserved_GB': 1.27}
[algo2a-g3-l0-modal] 
[algo2a-g3-l0-modal] [36m(MegatronTrainRayActor pid=2820)[0m [2026-09-29 20:25:53.323 actor_cell00000_rank00000] timer.py:42 - Timer sleep end (elapsed: 1.0s)
[algo2a-g3-l0-modal] 
[algo2a-g3-l0-modal] [36m(MegatronTrainRayActor pid=2820)[0m [2026-09-29 20:25:53.323 actor_cell00000_rank00000] structured_log.py:28 - actor cls=MegatronTrainRayActor fn=sleep phase=end ok=true elapsed_s=1.0
[algo2a-g3-l0-modal] 
[algo2a-g3-l0-modal] [36m(TrainerController pid=2494)[0m [2026-09-29 20:25:53.459 trainer_controller_actor] cell.py:239 - ft op=execute phase=end cell=trainer-engine-actor-00000 fn=run_plugin ok=true elapsed_s=1.9
[algo2a-g3-l0-modal] 
[algo2a-g3-l0-modal] [36m(CommandActor pid=2493)[0m [2026-09-29 20:25:53] Gated launch still waiting for activation. rank=0 elapsed=210 s
[algo2a-g3-l0-modal] 
[algo2a-g3-l0-modal] [36m(InferenceController pid=2491)[0m [2026-09-29 20:25:53.719 inference_controller] _client.py:1740 - HTTP Request: POST http://172.20.6.108:20036/gate/activate "HTTP/1.1 200 OK"
[algo2a-g3-l0-modal] 
[algo2a-g3-l0-modal] [36m(InferenceController pid=2491)[0m [2026-09-29 20:25:53.720 inference_controller] server_cell.py:315 - Cell inference-engine-all-0-0-00000 init start old=
[algo2a-g3-l0-modal] 
[algo2a-g3-l0-modal] [36m(InferenceController pid=2491)[0m [2026-09-29 20:25:53.720 inference_controller] server_cell.py:318 - Cell inference-engine-all-0-0-00000 init end new=addr_info=CellAddrInfo(server_url='http://172.20.6.108:20000', bootstrap_port=None, gate_url='http://172.20.6.108:20036') start_time=433.438850747
[algo2a-g3-l0-modal] 
[algo2a-g3-l0-modal] [36m(InferenceController pid=2491)[0m [2026-09-29 20:25:53.720 inference_controller] inference_controller.py:796 - Waiting for 1/1 cells to become ready...
[algo2a-g3-l0-modal] 
[algo2a-g3-l0-modal] [36m(CommandActor pid=2493)[0m [2026-09-29 20:25:54] Gated launch activated. elapsed=211.12 s
[algo2a-g3-l0-modal] 
[algo2a-g3-l0-modal] [36m(CommandActor pid=2493)[0m [2026-09-29 20:25:54] Init torch distributed ends. elapsed=211.18 s, mem usage=0.09 GB
[algo2a-g3-l0-modal] 
[algo2a-g3-l0-modal] [36m(InferenceController pid=2491)[0m [2026-09-29 20:25:55.721 inference_controller] inference_controller.py:796 - Waiting for 1/1 cells to become ready...
[algo2a-g3-l0-modal] 
[algo2a-g3-l0-modal] [36m(InferenceController pid=2491)[0m [2026-09-29 20:25:57.723 inference_controller] inference_controller.py:796 - Waiting for 1/1 cells to become ready...
[algo2a-g3-l0-modal] 
[algo2a-g3-l0-modal] [36m(CommandActor pid=2493)[0m [2026-09-29 20:25:58] Load weight begin. avail mem=76.70 GB
[algo2a-g3-l0-modal] 
[algo2a-g3-l0-modal] [36m(CommandActor pid=2493)[0m Multi-thread loading shards:   0% Completed | 0/1 [00:00<?, ?it/s]
[algo2a-g3-l0-modal] 
[algo2a-g3-l0-modal] [36m(CommandActor pid=2493)[0m [2026-09-29 20:25:58] Parameter lm_head.weight not found in params_dict
[algo2a-g3-l0-modal] 
[algo2a-g3-l0-modal] [36m(CommandActor pid=2493)[0m Multi-thread loading shards: 100% Completed | 1/1 [00:00<00:00,  1.95it/s]Multi-thread loading shards: 100% Completed | 1/1 [00:00<00:00,  1.95it/s]
[algo2a-g3-l0-modal] 
[algo2a-g3-l0-modal] [36m(CommandActor pid=2493)[0m [2026-09-29 20:25:58] Load weight end. elapsed=0.67 s, type=Qwen3ForCausalLM, avail mem=75.52 GB, mem usage=1.19 GB.
[algo2a-g3-l0-modal] 
[algo2a-g3-l0-modal] [36m(CommandActor pid=2493)[0m [2026-09-29 20:25:58] Using csgmv as backend of LoRA kernels.
[algo2a-g3-l0-modal] 
[algo2a-g3-l0-modal] [36m(InferenceController pid=2491)[0m [2026-09-29 20:25:59.723 inference_controller] inference_controller.py:796 - Waiting for 1/1 cells to become ready...
[algo2a-g3-l0-modal] 
[algo2a-g3-l0-modal] [36m(CommandActor pid=2493)[0m [2026-09-29 20:26:00] KV Cache is allocated. dtype: torch.bfloat16, #tokens: 275400, K size: 14.71 GB, V size: 14.71 GB
[algo2a-g3-l0-modal] 
[algo2a-g3-l0-modal] [36m(CommandActor pid=2493)[0m [2026-09-29 20:26:00] Memory pool end. avail mem=45.51 GB
[algo2a-g3-l0-modal] 
[algo2a-g3-l0-modal] [36m(CommandActor pid=2493)[0m [2026-09-29 20:26:01] Disable prefill CUDA graph because cuda_graph_config resolved prefill.backend='disabled' (e.g. via --cuda-graph-backend-prefill=disabled or auto-disable rules).
[algo2a-g3-l0-modal] 
[algo2a-g3-l0-modal] [36m(CommandActor pid=2493)[0m [2026-09-29 20:26:01] Capture target decode CUDA graph begin. backend=full, num_tokens_per_req=1, bs=[1, 2, 4, 8, 12, 16, 24, 32, 40, 48, 56, 64, 72, 80, 88, 96, 104, 112, 120, 128, 136, 144, 152, 160, 168, 176, 184, 192, 200, 208, 216, 224, 232, 240, 248, 256], avail mem=45.51 GB
[algo2a-g3-l0-modal] 
[algo2a-g3-l0-modal] [36m(InferenceController pid=2491)[0m [2026-09-29 20:26:01.724 inference_controller] inference_controller.py:796 - Waiting for 1/1 cells to become ready...
[algo2a-g3-l0-modal] 
[algo2a-g3-l0-modal] [36m(CommandActor pid=2493)[0m   0%|          | 0/36 [00:00<?, ?it/s]Capturing batches (bs=256 avail_mem=45.32 GB):   0%|          | 0/36 [00:00<?, ?it/s]
[algo2a-g3-l0-modal] 
[algo2a-g3-l1-modal] [36m(CommandActor pid=2609)[0m [2026-09-29 20:26:03] Gated launch still waiting for activation. rank=0 elapsed=60 s
[algo2a-g3-l1-modal] 
[algo2a-g3-l0-modal] [36m(InferenceController pid=2491)[0m [2026-09-29 20:26:03.725 inference_controller] inference_controller.py:796 - Waiting for 1/1 cells to become ready...
[algo2a-g3-l0-modal] 
[algo2a-g3-l0-modal] [36m(CommandActor pid=2493)[0m [2026-09-29 20:26:04] LoRA shrink (K=1024, R=16): no tuned config, using defaults {'BLOCK_N': 16, 'BLOCK_K': 256}
[algo2a-g3-l0-modal] 
[algo2a-g3-l0-modal] [36m(CommandActor pid=2493)[0m [2026-09-29 20:26:04] LoRA expand (K=4096, R=16): no tuned config, using defaults {'BLOCK_N': 64, 'BLOCK_K': 16}
[algo2a-g3-l0-modal] 
[algo2a-g3-l0-modal] [36m(InferenceController pid=2491)[0m [2026-09-29 20:26:05.726 inference_controller] inference_controller.py:796 - Waiting for 1/1 cells to become ready...
[algo2a-g3-l0-modal] 
[algo2a-g3-l0-modal] [36m(InferenceController pid=2491)[0m [2026-09-29 20:26:07.727 inference_controller] inference_controller.py:796 - Waiting for 1/1 cells to become ready...
[algo2a-g3-l0-modal] 
[algo2a-g3-l0-modal] [36m(InferenceController pid=2491)[0m [2026-09-29 20:26:09.728 inference_controller] inference_controller.py:796 - Waiting for 1/1 cells to become ready...
[algo2a-g3-l0-modal] 
[algo2a-g3-l0-modal] [36m(InferenceController pid=2491)[0m [2026-09-29 20:26:11.729 inference_controller] inference_controller.py:796 - Waiting for 1/1 cells to become ready...
[algo2a-g3-l0-modal] 
[algo2a-g3-l1-modal] [36m(CommandActor pid=2609)[0m [2026-09-29 20:26:13] Gated launch still waiting for activation. rank=0 elapsed=70 s
[algo2a-g3-l1-modal] 
[algo2a-g3-l0-modal] [36m(InferenceController pid=2491)[0m [2026-09-29 20:26:13.730 inference_controller] inference_controller.py:796 - Waiting for 1/1 cells to become ready...
[algo2a-g3-l0-modal] 
[algo2a-g3-l0-modal] [36m(InferenceController pid=2491)[0m [2026-09-29 20:26:15.731 inference_controller] inference_controller.py:796 - Waiting for 1/1 cells to become ready...
[algo2a-g3-l0-modal] 
[algo2a-g3-l0-modal] [36m(InferenceController pid=2491)[0m [2026-09-29 20:26:17.732 inference_controller] inference_controller.py:796 - Waiting for 1/1 cells to become ready...
[algo2a-g3-l0-modal] 
[algo2a-g3-l0-modal] [36m(CommandActor pid=2493)[0m [2026-09-29 20:26:19] LoRA shrink (K=2048, R=16): no tuned config, using defaults {'BLOCK_N': 16, 'BLOCK_K': 256}
[algo2a-g3-l0-modal] 
[algo2a-g3-l0-modal] [36m(CommandActor pid=2493)[0m [2026-09-29 20:26:19] LoRA expand (K=1024, R=16): no tuned config, using defaults {'BLOCK_N': 64, 'BLOCK_K': 16}
[algo2a-g3-l0-modal] 
[algo2a-g3-l0-modal] [36m(InferenceController pid=2491)[0m [2026-09-29 20:26:19.733 inference_controller] inference_controller.py:796 - Waiting for 1/1 cells to become ready...
[algo2a-g3-l0-modal] 
[algo2a-g3-l1-modal] [2026-09-29 20:26:21.146 main] reporter.py:90 - audit op=env_report_summary hostname=modal versions="{\"python\":\"3.12.3\",\"platform\":\"Linux-4.19.0-gvisor-x86_64-with-glibc2.39\",\"miles\":\"0.1.1\",\"sglang\":\"0.5.21.dev67+g9f29303\",\"sglang-router\":\"0.3.2\",\"megatron-core\":\"0.19.0+a84b10547\",\"transformers\":\"5.12.1\",\"ray\":\"2.58.0\",\"flashinfer-python\":\"0.6.18\",\"torch\":\"2.13.0+cu130\",\"torch_cuda\":\"13.0\"}" repos="{\"miles\":\"d002615f44816ae243169643dc093eb2c29029d8\",\"sglang\":\"9f29303bef1eea38eb613e5f454a52db1326422d\",\"megatron-core\":\"a84b105473eca9c9c6e49dbf1c8aa460c5cf796e\"}" num_packages=425 num_env_vars=106 packages_probed=true stored=false
[algo2a-g3-l0-modal] [36m(CommandActor pid=2493)[0m [2026-09-29 20:26:21] LoRA shrink (K=1024, R=16): no tuned config, using defaults {'BLOCK_N': 16, 'BLOCK_K': 256}
[algo2a-g3-l0-modal] 
[algo2a-g3-l0-modal] [36m(CommandActor pid=2493)[0m [2026-09-29 20:26:21] LoRA expand (K=6144, R=16): no tuned config, using defaults {'BLOCK_N': 64, 'BLOCK_K': 16}
[algo2a-g3-l0-modal] 
[algo2a-g3-l0-modal] [36m(InferenceController pid=2491)[0m [2026-09-29 20:26:21.734 inference_controller] inference_controller.py:796 - Waiting for 1/1 cells to become ready...
[algo2a-g3-l0-modal] 
[algo2a-g3-l1-modal] [36m(CommandActor pid=2609)[0m [2026-09-29 20:26:23] Gated launch still waiting for activation. rank=0 elapsed=80 s
[algo2a-g3-l1-modal] 
[algo2a-g3-l0-modal] [36m(InferenceController pid=2491)[0m [2026-09-29 20:26:23.735 inference_controller] inference_controller.py:796 - Waiting for 1/1 cells to become ready...
[algo2a-g3-l0-modal] 
[algo2a-g3-l0-modal] [36m(InferenceController pid=2491)[0m [2026-09-29 20:26:25.735 inference_controller] inference_controller.py:796 - Waiting for 1/1 cells to become ready...
[algo2a-g3-l0-modal] 
[algo2a-g3-l0-modal] [36m(InferenceController pid=2491)[0m [2026-09-29 20:26:27.737 inference_controller] inference_controller.py:796 - Waiting for 1/1 cells to become ready...
[algo2a-g3-l0-modal] 
[algo2a-g3-l0-modal] [36m(CommandActor pid=2493)[0m [2026-09-29 20:26:28] LoRA shrink (K=3072, R=16): no tuned config, using defaults {'BLOCK_N': 16, 'BLOCK_K': 256}
[algo2a-g3-l0-modal] 
[algo2a-g3-l0-modal] [36m(InferenceController pid=2491)[0m [2026-09-29 20:26:29.738 inference_controller] inference_controller.py:796 - Waiting for 1/1 cells to become ready...
[algo2a-g3-l0-modal] 
[algo2a-g3-l0-modal] [36m(CommandActor pid=2493)[0m Capturing batches (bs=256 avail_mem=45.32 GB):   3%|▎         | 1/36 [00:28<16:44, 28.70s/it]Capturing batches (bs=248 avail_mem=45.21 GB):   3%|▎         | 1/36 [00:28<16:44, 28.70s/it]
[algo2a-g3-l0-modal] 
[algo2a-g3-l0-modal] [36m(CommandActor pid=2493)[0m Capturing batches (bs=248 avail_mem=45.21 GB):   6%|▌         | 2/36 [00:29<06:47, 11.99s/it]Capturing batches (bs=240 avail_mem=45.21 GB):   6%|▌         | 2/36 [00:29<06:47, 11.99s/it]
[algo2a-g3-l0-modal] 
[algo2a-g3-l0-modal] [36m(CommandActor pid=2493)[0m Capturing batches (bs=240 avail_mem=45.21 GB):   8%|▊         | 3/36 [00:29<03:36,  6.57s/it]Capturing batches (bs=232 avail_mem=45.20 GB):   8%|▊         | 3/36 [00:29<03:36,  6.57s/it]
[algo2a-g3-l0-modal] 
[algo2a-g3-l0-modal] [36m(CommandActor pid=2493)[0m Capturing batches (bs=232 avail_mem=45.20 GB):  11%|█         | 4/36 [00:29<02:08,  4.02s/it]Capturing batches (bs=224 avail_mem=45.20 GB):  11%|█         | 4/36 [00:29<02:08,  4.02s/it]
[algo2a-g3-l0-modal] 
[algo2a-g3-l0-modal] [36m(CommandActor pid=2493)[0m Capturing batches (bs=224 avail_mem=45.20 GB):  14%|█▍        | 5/36 [00:29<01:20,  2.61s/it]Capturing batches (bs=216 avail_mem=45.19 GB):  14%|█▍        | 5/36 [00:29<01:20,  2.61s/it]
[algo2a-g3-l0-modal] 
[algo2a-g3-l0-modal] [36m(CommandActor pid=2493)[0m Capturing batches (bs=216 avail_mem=45.19 GB):  17%|█▋        | 6/36 [00:29<00:52,  1.76s/it]Capturing batches (bs=208 avail_mem=45.19 GB):  17%|█▋        | 6/36 [00:29<00:52,  1.76s/it]
[algo2a-g3-l0-modal] 
[algo2a-g3-l0-modal] [36m(CommandActor pid=2493)[0m Capturing batches (bs=208 avail_mem=45.19 GB):  19%|█▉        | 7/36 [00:29<00:35,  1.22s/it]Capturing batches (bs=200 avail_mem=45.18 GB):  19%|█▉        | 7/36 [00:29<00:35,  1.22s/it]
[algo2a-g3-l0-modal] 
[algo2a-g3-l0-modal] [36m(InferenceController pid=2491)[0m [2026-09-29 20:26:31.739 inference_controller] inference_controller.py:796 - Waiting for 1/1 cells to become ready...
[algo2a-g3-l0-modal] 
[algo2a-g3-l0-modal] [36m(CommandActor pid=2493)[0m Capturing batches (bs=200 avail_mem=45.18 GB):  22%|██▏       | 8/36 [00:29<00:24,  1.15it/s]Capturing batches (bs=192 avail_mem=45.18 GB):  22%|██▏       | 8/36 [00:29<00:24,  1.15it/s]
[algo2a-g3-l0-modal] 
[algo2a-g3-l1-modal] [36m(CommandActor pid=2609)[0m [2026-09-29 20:26:33] Gated launch still waiting for activation. rank=0 elapsed=90 s
[algo2a-g3-l1-modal] 
[algo2a-g3-l1-modal] [36m(MegatronTrainRayActor pid=2911)[0m [2026-09-29 20:26:33.083 actor_cell00000_rank00000] structured_log.py:24 - actor cls=MegatronTrainRayActor fn=wake_up phase=start
[algo2a-g3-l1-modal] 
[algo2a-g3-l1-modal] [36m(MegatronTrainRayActor pid=2911)[0m [2026-09-29 20:26:33.084 actor_cell00000_rank00000] timer.py:31 - Timer wake_up start
[algo2a-g3-l1-modal] 
[algo2a-g3-l1-modal] [36m(MegatronTrainRayActor pid=2911)[0m [2026-09-29 20:26:33.086 actor_cell00000_rank00000] memory_utils.py:41 - [Rank 0] Memory-Usage before wake_up model: {'gpu': '0', 'total_GB': 79.18, 'free_GB': 76.77, 'used_GB': 2.4, 'allocated_GB': 1.2, 'reserved_GB': 1.27}
[algo2a-g3-l1-modal] 
[algo2a-g3-l0-modal] [36m(InferenceController pid=2491)[0m [2026-09-29 20:26:33.740 inference_controller] inference_controller.py:796 - Waiting for 1/1 cells to become ready...
[algo2a-g3-l0-modal] 
[algo2a-g3-l1-modal] [36m(MegatronTrainRayActor pid=2911)[0m [2026-09-29 20:26:34.037 actor_cell00000_rank00000] reloadable_process_group.py:151 - Reloading 0 process groups in pid 2911
[algo2a-g3-l1-modal] 
[algo2a-g3-l1-modal] [36m(MegatronTrainRayActor pid=2911)[0m [2026-09-29 20:26:34.038 actor_cell00000_rank00000] memory_utils.py:41 - [Rank 0] Memory-Usage after wake_up model: {'gpu': '0', 'total_GB': 79.18, 'free_GB': 75.53, 'used_GB': 3.65, 'allocated_GB': 1.2, 'reserved_GB': 1.27}
[algo2a-g3-l1-modal] 
[algo2a-g3-l1-modal] [36m(MegatronTrainRayActor pid=2911)[0m [2026-09-29 20:26:34.038 actor_cell00000_rank00000] timer.py:42 - Timer wake_up end (elapsed: 1.0s)
[algo2a-g3-l1-modal] 
[algo2a-g3-l1-modal] [36m(MegatronTrainRayActor pid=2911)[0m [2026-09-29 20:26:34.038 actor_cell00000_rank00000] structured_log.py:28 - actor cls=MegatronTrainRayActor fn=wake_up phase=end ok=true elapsed_s=1.0
[algo2a-g3-l1-modal] 
[algo2a-g3-l1-modal] [36m(MegatronTrainRayActor pid=2911)[0m /opt/sglang/lib/python3.12/site-packages/torch/distributed/c10d_logger.py:83: UserWarning: barrier(): using the device under current context. You can specify `device_id` in `init_process_group` to mute this warning.
[algo2a-g3-l1-modal] 
[algo2a-g3-l1-modal] [36m(MegatronTrainRayActor pid=2911)[0m   return func(*args, **kwargs)
[algo2a-g3-l1-modal] 
[algo2a-g3-l1-modal] [36m(MegatronTrainRayActor pid=2911)[0m [2026-09-29 20:26:35.187 actor_cell00000_rank00000] structured_log.py:24 - actor cls=MegatronTrainRayActor fn=sleep phase=start
[algo2a-g3-l1-modal] 
[algo2a-g3-l1-modal] [36m(MegatronTrainRayActor pid=2911)[0m [2026-09-29 20:26:35.188 actor_cell00000_rank00000] timer.py:31 - Timer sleep start
[algo2a-g3-l1-modal] 
[algo2a-g3-l0-modal] [36m(CommandActor pid=2493)[0m Capturing batches (bs=192 avail_mem=45.18 GB):  25%|██▌       | 9/36 [00:33<00:48,  1.80s/it]Capturing batches (bs=184 avail_mem=45.17 GB):  25%|██▌       | 9/36 [00:33<00:48,  1.80s/it]
[algo2a-g3-l0-modal] 
[algo2a-g3-l0-modal] [36m(RolloutExecutor pid=2492)[0m [2026-09-29 20:26:35.752 rollout_executor] reporter.py:90 - audit op=env_report_summary hostname=modal versions="{\"python\":\"3.12.3\",\"platform\":\"Linux-4.19.0-gvisor-x86_64-with-glibc2.39\",\"miles\":\"0.1.1\",\"sglang\":\"0.5.21.dev67+g9f29303\",\"sglang-router\":\"0.3.2\",\"megatron-core\":\"0.19.0+a84b10547\",\"transformers\":\"5.12.1\",\"ray\":\"2.58.0\",\"flashinfer-python\":\"0.6.18\",\"torch\":\"2.13.0+cu130\",\"torch_cuda\":\"13.0\"}" repos="{\"miles\":\"d002615f44816ae243169643dc093eb2c29029d8\",\"sglang\":\"9f29303bef1eea38eb613e5f454a52db1326422d\",\"megatron-core\":\"a84b105473eca9c9c6e49dbf1c8aa460c5cf796e\"}" num_packages=425 num_env_vars=110 packages_probed=true stored=false
[algo2a-g3-l0-modal] 
[algo2a-g3-l0-modal] [36m(CommandActor pid=2493)[0m Capturing batches (bs=184 avail_mem=45.17 GB):  28%|██▊       | 10/36 [00:33<00:33,  1.28s/it]Capturing batches (bs=176 avail_mem=45.17 GB):  28%|██▊       | 10/36 [00:33<00:33,  1.28s/it]
[algo2a-g3-l0-modal] 
[algo2a-g3-l0-modal] [36m(InferenceController pid=2491)[0m [2026-09-29 20:26:35.740 inference_controller] inference_controller.py:796 - Waiting for 1/1 cells to become ready...
[algo2a-g3-l0-modal] 
[algo2a-g3-l0-modal] [36m(CommandActor pid=2493)[0m Capturing batches (bs=176 avail_mem=45.17 GB):  31%|███       | 11/36 [00:33<00:23,  1.08it/s]Capturing batches (bs=168 avail_mem=45.16 GB):  31%|███       | 11/36 [00:33<00:23,  1.08it/s]
[algo2a-g3-l0-modal] 
[algo2a-g3-l1-modal] [36m(MegatronTrainRayActor pid=2911)[0m [2026-09-29 20:26:35.941 actor_cell00000_rank00000] memory_utils.py:41 - [Rank 0] Memory-Usage before offload model: {'gpu': '0', 'total_GB': 79.18, 'free_GB': 75.53, 'used_GB': 3.65, 'allocated_GB': 1.2, 'reserved_GB': 1.27}
[algo2a-g3-l1-modal] 
[algo2a-g3-l0-modal] [36m(CommandActor pid=2493)[0m Capturing batches (bs=168 avail_mem=45.16 GB):  33%|███▎      | 12/36 [00:33<00:16,  1.47it/s]Capturing batches (bs=160 avail_mem=45.16 GB):  33%|███▎      | 12/36 [00:33<00:16,  1.47it/s]
[algo2a-g3-l0-modal] 
[algo2a-g3-l0-modal] [36m(CommandActor pid=2493)[0m Capturing batches (bs=160 avail_mem=45.16 GB):  36%|███▌      | 13/36 [00:34<00:11,  1.92it/s]Capturing batches (bs=152 avail_mem=45.16 GB):  36%|███▌      | 13/36 [00:34<00:11,  1.92it/s]
[algo2a-g3-l0-modal] 
[algo2a-g3-l0-modal] [36m(CommandActor pid=2493)[0m Capturing batches (bs=152 avail_mem=45.16 GB):  39%|███▉      | 14/36 [00:34<00:08,  2.51it/s]Capturing batches (bs=144 avail_mem=45.15 GB):  39%|███▉      | 14/36 [00:34<00:08,  2.51it/s]
[algo2a-g3-l0-modal] 
[algo2a-g3-l0-modal] [36m(CommandActor pid=2493)[0m Capturing batches (bs=144 avail_mem=45.15 GB):  42%|████▏     | 15/36 [00:34<00:06,  3.18it/s]Capturing batches (bs=136 avail_mem=45.15 GB):  42%|████▏     | 15/36 [00:34<00:06,  3.18it/s]
[algo2a-g3-l0-modal] 
[algo2a-g3-l0-modal] [36m(CommandActor pid=2493)[0m Capturing batches (bs=136 avail_mem=45.15 GB):  44%|████▍     | 16/36 [00:34<00:05,  3.91it/s]Capturing batches (bs=128 avail_mem=45.15 GB):  44%|████▍     | 16/36 [00:34<00:05,  3.91it/s]
[algo2a-g3-l0-modal] 
[algo2a-g3-l1-modal] [36m(MegatronTrainRayActor pid=2911)[0m [2026-09-29 20:26:37.380 actor_cell00000_rank00000] memory_utils.py:41 - [Rank 0] Memory-Usage after offload model: {'gpu': '0', 'total_GB': 79.18, 'free_GB': 76.77, 'used_GB': 2.41, 'allocated_GB': 1.2, 'reserved_GB': 1.27}
[algo2a-g3-l1-modal] 
[algo2a-g3-l1-modal] [36m(MegatronTrainRayActor pid=2911)[0m [2026-09-29 20:26:37.381 actor_cell00000_rank00000] timer.py:42 - Timer sleep end (elapsed: 2.2s)
[algo2a-g3-l1-modal] 
[algo2a-g3-l1-modal] [36m(MegatronTrainRayActor pid=2911)[0m [2026-09-29 20:26:37.382 actor_cell00000_rank00000] structured_log.py:28 - actor cls=MegatronTrainRayActor fn=sleep phase=end ok=true elapsed_s=2.2
[algo2a-g3-l1-modal] 
[algo2a-g3-l1-modal] [36m(TrainerController pid=2610)[0m [2026-09-29 20:26:37.445 trainer_controller_actor] cell.py:239 - ft op=execute phase=end cell=trainer-engine-actor-00000 fn=run_plugin ok=true elapsed_s=72.2
[algo2a-g3-l1-modal] 
[algo2a-g3-l1-modal] [36m(TrainerController pid=2610)[0m [2026-09-29 20:26:37.546 trainer_controller_actor] cell.py:231 - ft op=execute phase=start cell=trainer-engine-actor-00000 fn=run_plugin n_actors=1
[algo2a-g3-l1-modal] 
[algo2a-g3-l1-modal] [36m(MegatronTrainRayActor pid=2911)[0m [2026-09-29 20:26:37.549 actor_cell00000_rank00000] structured_log.py:24 - actor cls=MegatronTrainRayActor fn=wake_up phase=start
[algo2a-g3-l1-modal] 
[algo2a-g3-l1-modal] [36m(MegatronTrainRayActor pid=2911)[0m [2026-09-29 20:26:37.549 actor_cell00000_rank00000] timer.py:31 - Timer wake_up start
[algo2a-g3-l1-modal] 
[algo2a-g3-l1-modal] [36m(MegatronTrainRayActor pid=2911)[0m [2026-09-29 20:26:37.550 actor_cell00000_rank00000] memory_utils.py:41 - [Rank 0] Memory-Usage before wake_up model: {'gpu': '0', 'total_GB': 79.18, 'free_GB': 76.77, 'used_GB': 2.41, 'allocated_GB': 1.2, 'reserved_GB': 1.27}
[algo2a-g3-l1-modal] 
[algo2a-g3-l0-modal] [36m(InferenceController pid=2491)[0m [2026-09-29 20:26:37.741 inference_controller] inference_controller.py:796 - Waiting for 1/1 cells to become ready...
[algo2a-g3-l0-modal] 
[algo2a-g3-l1-modal] [36m(MegatronTrainRayActor pid=2911)[0m [2026-09-29 20:26:38.500 actor_cell00000_rank00000] reloadable_process_group.py:151 - Reloading 0 process groups in pid 2911
[algo2a-g3-l0-modal] [36m(MegatronTrainRayActor pid=2820)[0m [2026-09-29 20:26:38.640 actor_cell00000_rank00000] reporter.py:90 - audit op=env_report_summary hostname=modal versions="{\"python\":\"3.12.3\",\"platform\":\"Linux-4.19.0-gvisor-x86_64-with-glibc2.39\",\"miles\":\"0.1.1\",\"sglang\":\"0.5.21.dev67+g9f29303\",\"sglang-router\":\"0.3.2\",\"megatron-core\":\"0.19.0+a84b10547\",\"transformers\":\"5.12.1\",\"ray\":\"2.58.0\",\"flashinfer-python\":\"0.6.18\",\"torch\":\"2.13.0+cu130\",\"torch_cuda\":\"13.0\"}" repos="{\"miles\":\"d002615f44816ae243169643dc093eb2c29029d8\",\"sglang\":\"9f29303bef1eea38eb613e5f454a52db1326422d\",\"megatron-core\":\"a84b105473eca9c9c6e49dbf1c8aa460c5cf796e\"}" num_packages=425 num_env_vars=134 packages_probed=true stored=false
[algo2a-g3-l1-modal] 
[algo2a-g3-l1-modal] [36m(MegatronTrainRayActor pid=2911)[0m [2026-09-29 20:26:38.501 actor_cell00000_rank00000] memory_utils.py:41 - [Rank 0] Memory-Usage after wake_up model: {'gpu': '0', 'total_GB': 79.18, 'free_GB': 75.53, 'used_GB': 3.65, 'allocated_GB': 1.2, 'reserved_GB': 1.27}
[algo2a-g3-l1-modal] 
[algo2a-g3-l1-modal] [36m(MegatronTrainRayActor pid=2911)[0m [2026-09-29 20:26:38.501 actor_cell00000_rank00000] timer.py:42 - Timer wake_up end (elapsed: 1.0s)
[algo2a-g3-l1-modal] 
[algo2a-g3-l1-modal] [36m(MegatronTrainRayActor pid=2911)[0m [2026-09-29 20:26:38.502 actor_cell00000_rank00000] structured_log.py:28 - actor cls=MegatronTrainRayActor fn=wake_up phase=end ok=true elapsed_s=1.0
[algo2a-g3-l1-modal] 
[algo2a-g3-l0-modal] 
[algo2a-g3-l1-modal] [36m(MegatronTrainRayActor pid=2911)[0m [2026-09-29 20:26:38.709 actor_cell00000_rank00000] structured_log.py:24 - actor cls=MegatronTrainRayActor fn=sleep phase=start
[algo2a-g3-l1-modal] 
[algo2a-g3-l1-modal] [36m(MegatronTrainRayActor pid=2911)[0m [2026-09-29 20:26:38.709 actor_cell00000_rank00000] timer.py:31 - Timer sleep start
[algo2a-g3-l1-modal] 
[algo2a-g3-l1-modal] [36m(MegatronTrainRayActor pid=2911)[0m [2026-09-29 20:26:39.474 actor_cell00000_rank00000] memory_utils.py:41 - [Rank 0] Memory-Usage before offload model: {'gpu': '0', 'total_GB': 79.18, 'free_GB': 75.53, 'used_GB': 3.65, 'allocated_GB': 1.2, 'reserved_GB': 1.27}
[algo2a-g3-l1-modal] 
[algo2a-g3-l0-modal] [36m(InferenceController pid=2491)[0m [2026-09-29 20:26:39.742 inference_controller] inference_controller.py:796 - Waiting for 1/1 cells to become ready...
[algo2a-g3-l0-modal] 
[algo2a-g3-l1-modal] [36m(MegatronTrainRayActor pid=2911)[0m [2026-09-29 20:26:41.032 actor_cell00000_rank00000] memory_utils.py:41 - [Rank 0] Memory-Usage after offload model: {'gpu': '0', 'total_GB': 79.18, 'free_GB': 76.77, 'used_GB': 2.41, 'allocated_GB': 1.2, 'reserved_GB': 1.27}
[algo2a-g3-l1-modal] 
[algo2a-g3-l1-modal] [36m(MegatronTrainRayActor pid=2911)[0m [2026-09-29 20:26:41.032 actor_cell00000_rank00000] timer.py:42 - Timer sleep end (elapsed: 2.3s)
[algo2a-g3-l1-modal] 
[algo2a-g3-l1-modal] [36m(MegatronTrainRayActor pid=2911)[0m [2026-09-29 20:26:41.033 actor_cell00000_rank00000] structured_log.py:28 - actor cls=MegatronTrainRayActor fn=sleep phase=end ok=true elapsed_s=2.3
[algo2a-g3-l1-modal] 
[algo2a-g3-l1-modal] [36m(TrainerController pid=2610)[0m [2026-09-29 20:26:41.245 trainer_controller_actor] cell.py:239 - ft op=execute phase=end cell=trainer-engine-actor-00000 fn=run_plugin ok=true elapsed_s=3.7
[algo2a-g3-l1-modal] 
[algo2a-g3-l1-modal] YETO_RL_EVENT {"event":"rl_policy_apply","island_id":1,"local_step":0,"optimizer":"reset","partial_fragment_apply":false,"policy_version":0,"sync/apply_seconds":139.405936214,"sync/global_policy_hash":"a34cd30f37ee5ffaad784b92defd77b3b6ce68095faf29288d5ea460912617c4","time_unix":1790713601.5729601}
[algo2a-g3-l1-modal] 
[algo2a-g3-l1-modal] YETO_RL_EVENT {"event":"rl_driver_phase","island_id":1,"phase":"publish","policy_version":0,"time_unix":1790713601.6404295}
[algo2a-g3-l1-modal] 
[algo2a-g3-l1-modal] [36m(TrainerController pid=2610)[0m [2026-09-29 20:26:41.711 trainer_controller_actor] cell.py:231 - ft op=execute phase=start cell=trainer-engine-actor-00000 fn=run_plugin n_actors=1
[algo2a-g3-l1-modal] 
[algo2a-g3-l0-modal] [36m(InferenceController pid=2491)[0m [2026-09-29 20:26:41.743 inference_controller] inference_controller.py:796 - Waiting for 1/1 cells to become ready...
[algo2a-g3-l0-modal] 
[algo2a-g3-l1-modal] [36m(MegatronTrainRayActor pid=2911)[0m [2026-09-29 20:26:41.713 actor_cell00000_rank00000] structured_log.py:24 - actor cls=MegatronTrainRayActor fn=wake_up phase=start
[algo2a-g3-l1-modal] 
[algo2a-g3-l1-modal] [36m(MegatronTrainRayActor pid=2911)[0m [2026-09-29 20:26:41.714 actor_cell00000_rank00000] timer.py:31 - Timer wake_up start
[algo2a-g3-l1-modal] 
[algo2a-g3-l1-modal] [36m(MegatronTrainRayActor pid=2911)[0m [2026-09-29 20:26:41.715 actor_cell00000_rank00000] memory_utils.py:41 - [Rank 0] Memory-Usage before wake_up model: {'gpu': '0', 'total_GB': 79.18, 'free_GB': 76.77, 'used_GB': 2.41, 'allocated_GB': 1.2, 'reserved_GB': 1.27}
[algo2a-g3-l1-modal] 
[algo2a-g3-l0-modal] [36m(CommandActor pid=2493)[0m Capturing batches (bs=128 avail_mem=45.15 GB):  47%|████▋     | 17/36 [00:40<00:35,  1.89s/it]Capturing batches (bs=120 avail_mem=45.14 GB):  47%|████▋     | 17/36 [00:40<00:35,  1.89s/it]
[algo2a-g3-l0-modal] 
[algo2a-g3-l0-modal] [36m(CommandActor pid=2493)[0m Capturing batches (bs=120 avail_mem=45.14 GB):  50%|█████     | 18/36 [00:40<00:24,  1.36s/it]Capturing batches (bs=112 avail_mem=45.13 GB):  50%|█████     | 18/36 [00:40<00:24,  1.36s/it]
[algo2a-g3-l0-modal] 
[algo2a-g3-l0-modal] [36m(CommandActor pid=2493)[0m Capturing batches (bs=112 avail_mem=45.13 GB):  53%|█████▎    | 19/36 [00:40<00:16,  1.01it/s]Capturing batches (bs=104 avail_mem=45.13 GB):  53%|█████▎    | 19/36 [00:40<00:16,  1.01it/s]
[algo2a-g3-l0-modal] 
[algo2a-g3-l0-modal] [36m(CommandActor pid=2493)[0m Capturing batches (bs=104 avail_mem=45.13 GB):  56%|█████▌    | 20/36 [00:40<00:11,  1.36it/s]Capturing batches (bs=96 avail_mem=45.12 GB):  56%|█████▌    | 20/36 [00:40<00:11,  1.36it/s]
[algo2a-g3-l0-modal] 
[algo2a-g3-l1-modal] [36m(MegatronTrainRayActor pid=2911)[0m [2026-09-29 20:26:42.670 actor_cell00000_rank00000] reloadable_process_group.py:151 - Reloading 0 process groups in pid 2911
[algo2a-g3-l0-modal] [36m(CommandActor pid=2493)[0m Capturing batches (bs=96 avail_mem=45.12 GB):  58%|█████▊    | 21/36 [00:40<00:08,  1.80it/s]Capturing batches (bs=88 avail_mem=45.12 GB):  58%|█████▊    | 21/36 [00:40<00:08,  1.80it/s]
[algo2a-g3-l0-modal] 
[algo2a-g3-l1-modal] 
[algo2a-g3-l1-modal] [36m(MegatronTrainRayActor pid=2911)[0m [2026-09-29 20:26:42.672 actor_cell00000_rank00000] memory_utils.py:41 - [Rank 0] Memory-Usage after wake_up model: {'gpu': '0', 'total_GB': 79.18, 'free_GB': 75.53, 'used_GB': 3.65, 'allocated_GB': 1.2, 'reserved_GB': 1.27}
[algo2a-g3-l1-modal] 
[algo2a-g3-l1-modal] [36m(MegatronTrainRayActor pid=2911)[0m [2026-09-29 20:26:42.672 actor_cell00000_rank00000] timer.py:42 - Timer wake_up end (elapsed: 1.0s)
[algo2a-g3-l1-modal] 
[algo2a-g3-l1-modal] [36m(MegatronTrainRayActor pid=2911)[0m [2026-09-29 20:26:42.672 actor_cell00000_rank00000] structured_log.py:28 - actor cls=MegatronTrainRayActor fn=wake_up phase=end ok=true elapsed_s=1.0
[algo2a-g3-l1-modal] 
[algo2a-g3-l0-modal] [36m(CommandActor pid=2493)[0m Capturing batches (bs=88 avail_mem=45.12 GB):  61%|██████    | 22/36 [00:40<00:05,  2.35it/s]Capturing batches (bs=80 avail_mem=45.11 GB):  61%|██████    | 22/36 [00:40<00:05,  2.35it/s]
[algo2a-g3-l0-modal] 
[algo2a-g3-l1-modal] [36m(MegatronTrainRayActor pid=2911)[0m [2026-09-29 20:26:42.875 actor_cell00000_rank00000] structured_log.py:24 - actor cls=MegatronTrainRayActor fn=sleep phase=start
[algo2a-g3-l1-modal] 
[algo2a-g3-l0-modal] [36m(CommandActor pid=2493)[0m Capturing batches (bs=80 avail_mem=45.11 GB):  64%|██████▍   | 23/36 [00:40<00:04,  2.99it/s]Capturing batches (bs=72 avail_mem=45.11 GB):  64%|██████▍   | 23/36 [00:40<00:04,  2.99it/s]
[algo2a-g3-l0-modal] 
[algo2a-g3-l1-modal] [36m(MegatronTrainRayActor pid=2911)[0m [2026-09-29 20:26:42.875 actor_cell00000_rank00000] timer.py:31 - Timer sleep start
[algo2a-g3-l1-modal] 
[algo2a-g3-l1-modal] [36m(CommandActor pid=2609)[0m [2026-09-29 20:26:43] Gated launch still waiting for activation. rank=0 elapsed=100 s
[algo2a-g3-l1-modal] 
[algo2a-g3-l0-modal] [36m(CommandActor pid=2493)[0m Capturing batches (bs=72 avail_mem=45.11 GB):  67%|██████▋   | 24/36 [00:41<00:03,  3.53it/s]Capturing batches (bs=64 avail_mem=45.10 GB):  67%|██████▋   | 24/36 [00:41<00:03,  3.53it/s]
[algo2a-g3-l0-modal] 
[algo2a-g3-l1-modal] [36m(MegatronTrainRayActor pid=2911)[0m [2026-09-29 20:26:43.614 actor_cell00000_rank00000] memory_utils.py:41 - [Rank 0] Memory-Usage before offload model: {'gpu': '0', 'total_GB': 79.18, 'free_GB': 75.53, 'used_GB': 3.65, 'allocated_GB': 1.2, 'reserved_GB': 1.27}
[algo2a-g3-l0-modal] [36m(InferenceController pid=2491)[0m [2026-09-29 20:26:43.744 inference_controller] inference_controller.py:796 - Waiting for 1/1 cells to become ready...
[algo2a-g3-l0-modal] 
[algo2a-g3-l1-modal] 
[algo2a-g3-l1-modal] [36m(MegatronTrainRayActor pid=2911)[0m [2026-09-29 20:26:45.123 actor_cell00000_rank00000] memory_utils.py:41 - [Rank 0] Memory-Usage after offload model: {'gpu': '0', 'total_GB': 79.18, 'free_GB': 76.77, 'used_GB': 2.41, 'allocated_GB': 1.2, 'reserved_GB': 1.27}
[algo2a-g3-l1-modal] 
[algo2a-g3-l1-modal] [36m(MegatronTrainRayActor pid=2911)[0m [2026-09-29 20:26:45.123 actor_cell00000_rank00000] timer.py:42 - Timer sleep end (elapsed: 2.2s)
[algo2a-g3-l1-modal] 
[algo2a-g3-l1-modal] [36m(MegatronTrainRayActor pid=2911)[0m [2026-09-29 20:26:45.123 actor_cell00000_rank00000] structured_log.py:28 - actor cls=MegatronTrainRayActor fn=sleep phase=end ok=true elapsed_s=2.2
[algo2a-g3-l1-modal] 
[algo2a-g3-l1-modal] [36m(TrainerController pid=2610)[0m [2026-09-29 20:26:45.315 trainer_controller_actor] cell.py:239 - ft op=execute phase=end cell=trainer-engine-actor-00000 fn=run_plugin ok=true elapsed_s=3.6
[algo2a-g3-l1-modal] 
[algo2a-g3-l1-modal] [36m(InferenceController pid=2604)[0m [2026-09-29 20:26:45.656 inference_controller] _client.py:1740 - HTTP Request: POST http://172.20.3.137:20036/gate/activate "HTTP/1.1 200 OK"
[algo2a-g3-l1-modal] 
[algo2a-g3-l0-modal] [36m(InferenceController pid=2491)[0m [2026-09-29 20:26:45.745 inference_controller] inference_controller.py:796 - Waiting for 1/1 cells to become ready...
[algo2a-g3-l1-modal] [36m(InferenceController pid=2604)[0m [2026-09-29 20:26:45.657 inference_controller] server_cell.py:315 - Cell inference-engine-all-0-0-00000 init start old=
[algo2a-g3-l1-modal] [36m(InferenceController pid=2604)[0m [2026-09-29 20:26:45.657 inference_controller] server_cell.py:318 - Cell inference-engine-all-0-0-00000 init end new=addr_info=CellAddrInfo(server_url='http://172.20.3.137:20002', bootstrap_port=None, gate_url='http://172.20.3.137:20036') start_time=484.641462528
[algo2a-g3-l1-modal] 
[algo2a-g3-l1-modal] [36m(InferenceController pid=2604)[0m [2026-09-29 20:26:45.658 inference_controller] inference_controller.py:796 - Waiting for 1/1 cells to become ready...
[algo2a-g3-l1-modal] 
[algo2a-g3-l0-modal] 
[algo2a-g3-l1-modal] [36m(CommandActor pid=2609)[0m [2026-09-29 20:26:46] Gated launch activated. elapsed=103.06 s
[algo2a-g3-l1-modal] 
[algo2a-g3-l1-modal] [36m(CommandActor pid=2609)[0m [2026-09-29 20:26:46] Init torch distributed ends. elapsed=103.15 s, mem usage=0.09 GB
[algo2a-g3-l1-modal] 
[algo2a-g3-l0-modal] [36m(CommandActor pid=2493)[0m Capturing batches (bs=64 avail_mem=45.10 GB):  69%|██████▉   | 25/36 [00:44<00:14,  1.30s/it]Capturing batches (bs=56 avail_mem=45.10 GB):  69%|██████▉   | 25/36 [00:44<00:14,  1.30s/it]
[algo2a-g3-l0-modal] 
[algo2a-g3-l0-modal] [36m(CommandActor pid=2493)[0m Capturing batches (bs=56 avail_mem=45.10 GB):  72%|███████▏  | 26/36 [00:44<00:09,  1.06it/s]Capturing batches (bs=48 avail_mem=45.10 GB):  72%|███████▏  | 26/36 [00:44<00:09,  1.06it/s]
[algo2a-g3-l0-modal] 
[algo2a-g3-l0-modal] [36m(CommandActor pid=2493)[0m Capturing batches (bs=48 avail_mem=45.10 GB):  75%|███████▌  | 27/36 [00:44<00:06,  1.41it/s]Capturing batches (bs=40 avail_mem=45.09 GB):  75%|███████▌  | 27/36 [00:44<00:06,  1.41it/s]
[algo2a-g3-l0-modal] 
[algo2a-g3-l0-modal] [36m(CommandActor pid=2493)[0m Capturing batches (bs=40 avail_mem=45.09 GB):  78%|███████▊  | 28/36 [00:45<00:04,  1.89it/s]Capturing batches (bs=32 avail_mem=45.08 GB):  78%|███████▊  | 28/36 [00:45<00:04,  1.89it/s]
[algo2a-g3-l0-modal] 
[algo2a-g3-l1-modal] [36m(InferenceController pid=2604)[0m [2026-09-29 20:26:47.659 inference_controller] inference_controller.py:796 - Waiting for 1/1 cells to become ready...
[algo2a-g3-l0-modal] [36m(InferenceController pid=2491)[0m [2026-09-29 20:26:47.746 inference_controller] inference_controller.py:796 - Waiting for 1/1 cells to become ready...
[algo2a-g3-l0-modal] 
[algo2a-g3-l1-modal] 
[algo2a-g3-l1-modal] [36m(InferenceController pid=2604)[0m [2026-09-29 20:26:49.660 inference_controller] inference_controller.py:796 - Waiting for 1/1 cells to become ready...
[algo2a-g3-l1-modal] 
[algo2a-g3-l0-modal] [36m(InferenceController pid=2491)[0m [2026-09-29 20:26:49.746 inference_controller] inference_controller.py:796 - Waiting for 1/1 cells to become ready...
[algo2a-g3-l0-modal] 
[algo2a-g3-l0-modal] [36m(InferenceController pid=2491)[0m [2026-09-29 20:26:49.864 inference_controller] reporter.py:90 - audit op=env_report_summary hostname=modal versions="{\"python\":\"3.12.3\",\"platform\":\"Linux-4.19.0-gvisor-x86_64-with-glibc2.39\",\"miles\":\"0.1.1\",\"sglang\":\"0.5.21.dev67+g9f29303\",\"sglang-router\":\"0.3.2\",\"megatron-core\":\"0.19.0+a84b10547\",\"transformers\":\"5.12.1\",\"ray\":\"2.58.0\",\"flashinfer-python\":\"0.6.18\",\"torch\":\"2.13.0+cu130\",\"torch_cuda\":\"13.0\"}" repos="{\"miles\":\"d002615f44816ae243169643dc093eb2c29029d8\",\"sglang\":\"9f29303bef1eea38eb613e5f454a52db1326422d\",\"megatron-core\":\"a84b105473eca9c9c6e49dbf1c8aa460c5cf796e\"}" num_packages=425 num_env_vars=110 packages_probed=true stored=false
[algo2a-g3-l0-modal] 
[algo2a-g3-l1-modal] [36m(CommandActor pid=2609)[0m [2026-09-29 20:26:50] Load weight begin. avail mem=76.70 GB
[algo2a-g3-l1-modal] 
[algo2a-g3-l1-modal] [36m(CommandActor pid=2609)[0m Multi-thread loading shards:   0% Completed | 0/1 [00:00<?, ?it/s][2026-09-29 20:26:51] Parameter lm_head.weight not found in params_dict
[algo2a-g3-l1-modal] 
[algo2a-g3-l1-modal] [36m(CommandActor pid=2609)[0m Multi-thread loading shards: 100% Completed | 1/1 [00:00<00:00,  1.76it/s]Multi-thread loading shards: 100% Completed | 1/1 [00:00<00:00,  1.76it/s]
[algo2a-g3-l0-modal] [36m(InferenceController pid=2491)[0m [2026-09-29 20:26:51.746 inference_controller] inference_controller.py:796 - Waiting for 1/1 cells to become ready...
[algo2a-g3-l0-modal] 
[algo2a-g3-l1-modal] 
[algo2a-g3-l1-modal] [36m(CommandActor pid=2609)[0m [2026-09-29 20:26:51] Load weight end. elapsed=0.83 s, type=Qwen3ForCausalLM, avail mem=75.52 GB, mem usage=1.19 GB.
[algo2a-g3-l1-modal] 
[algo2a-g3-l1-modal] [36m(CommandActor pid=2609)[0m [2026-09-29 20:26:51] Using csgmv as backend of LoRA kernels.
[algo2a-g3-l1-modal] 
[algo2a-g3-l1-modal] [36m(InferenceController pid=2604)[0m [2026-09-29 20:26:51.661 inference_controller] inference_controller.py:796 - Waiting for 1/1 cells to become ready...
[algo2a-g3-l1-modal] 
[algo2a-g3-l1-modal] [36m(InferenceController pid=2604)[0m [2026-09-29 20:26:53.662 inference_controller] inference_controller.py:796 - Waiting for 1/1 cells to become ready...
[algo2a-g3-l0-modal] [36m(InferenceController pid=2491)[0m [2026-09-29 20:26:53.746 inference_controller] inference_controller.py:796 - Waiting for 1/1 cells to become ready...
[algo2a-g3-l0-modal] 
[algo2a-g3-l1-modal] 
[algo2a-g3-l1-modal] [36m(CommandActor pid=2609)[0m [2026-09-29 20:26:53] KV Cache is allocated. dtype: torch.bfloat16, #tokens: 275400, K size: 14.71 GB, V size: 14.71 GB
[algo2a-g3-l1-modal] 
[algo2a-g3-l1-modal] [36m(CommandActor pid=2609)[0m [2026-09-29 20:26:53] Memory pool end. avail mem=45.51 GB
[algo2a-g3-l1-modal] 
[algo2a-g3-l0-modal] [36m(TrainerController pid=2494)[0m [2026-09-29 20:26:54.775 trainer_controller_actor] reporter.py:90 - audit op=env_report_summary hostname=modal versions="{\"python\":\"3.12.3\",\"platform\":\"Linux-4.19.0-gvisor-x86_64-with-glibc2.39\",\"miles\":\"0.1.1\",\"sglang\":\"0.5.21.dev67+g9f29303\",\"sglang-router\":\"0.3.2\",\"megatron-core\":\"0.19.0+a84b10547\",\"transformers\":\"5.12.1\",\"ray\":\"2.58.0\",\"flashinfer-python\":\"0.6.18\",\"torch\":\"2.13.0+cu130\",\"torch_cuda\":\"13.0\"}" repos="{\"miles\":\"d002615f44816ae243169643dc093eb2c29029d8\",\"sglang\":\"9f29303bef1eea38eb613e5f454a52db1326422d\",\"megatron-core\":\"a84b105473eca9c9c6e49dbf1c8aa460c5cf796e\"}" num_packages=425 num_env_vars=113 packages_probed=true stored=false
[algo2a-g3-l0-modal] 
[algo2a-g3-l0-modal] [36m(CommandActor pid=2493)[0m Capturing batches (bs=32 avail_mem=45.08 GB):  81%|████████  | 29/36 [00:53<00:19,  2.77s/it]Capturing batches (bs=24 avail_mem=45.08 GB):  81%|████████  | 29/36 [00:53<00:19,  2.77s/it]
[algo2a-g3-l0-modal] 
[algo2a-g3-l0-modal] [36m(CommandActor pid=2493)[0m Capturing batches (bs=24 avail_mem=45.08 GB):  83%|████████▎ | 30/36 [00:53<00:11,  1.97s/it]Capturing batches (bs=16 avail_mem=45.08 GB):  83%|████████▎ | 30/36 [00:53<00:11,  1.97s/it]
[algo2a-g3-l1-modal] [36m(CommandActor pid=2609)[0m [2026-09-29 20:26:55] Disable prefill CUDA graph because cuda_graph_config resolved prefill.backend='disabled' (e.g. via --cuda-graph-backend-prefill=disabled or auto-disable rules).
[algo2a-g3-l1-modal] 
[algo2a-g3-l1-modal] [36m(CommandActor pid=2609)[0m [2026-09-29 20:26:55] Capture target decode CUDA graph begin. backend=full, num_tokens_per_req=1, bs=[1, 2, 4, 8, 12, 16, 24, 32, 40, 48, 56, 64, 72, 80, 88, 96, 104, 112, 120, 128, 136, 144, 152, 160, 168, 176, 184, 192, 200, 208, 216, 224, 232, 240, 248, 256], avail mem=45.51 GB
[algo2a-g3-l0-modal] 
[algo2a-g3-l1-modal] 
[algo2a-g3-l1-modal] [36m(InferenceController pid=2604)[0m [2026-09-29 20:26:55.663 inference_controller] inference_controller.py:796 - Waiting for 1/1 cells to become ready...
[algo2a-g3-l0-modal] [36m(InferenceController pid=2491)[0m [2026-09-29 20:26:55.747 inference_controller] inference_controller.py:796 - Waiting for 1/1 cells to become ready...
[algo2a-g3-l1-modal] 
[algo2a-g3-l0-modal] 
[algo2a-g3-l1-modal] [36m(CommandActor pid=2609)[0m   0%|          | 0/36 [00:00<?, ?it/s]Capturing batches (bs=256 avail_mem=45.32 GB):   0%|          | 0/36 [00:00<?, ?it/s]
[algo2a-g3-l1-modal] 
[algo2a-g3-l1-modal] [36m(InferenceController pid=2604)[0m [2026-09-29 20:26:57.666 inference_controller] inference_controller.py:796 - Waiting for 1/1 cells to become ready...
[algo2a-g3-l0-modal] [36m(InferenceController pid=2491)[0m [2026-09-29 20:26:57.748 inference_controller] inference_controller.py:796 - Waiting for 1/1 cells to become ready...
[algo2a-g3-l0-modal] 
[algo2a-g3-l1-modal] 
[algo2a-g3-l1-modal] [36m(CommandActor pid=2609)[0m [2026-09-29 20:26:58] LoRA shrink (K=1024, R=16): no tuned config, using defaults {'BLOCK_N': 16, 'BLOCK_K': 256}
[algo2a-g3-l1-modal] 
[algo2a-g3-l1-modal] [36m(CommandActor pid=2609)[0m [2026-09-29 20:26:59] LoRA expand (K=4096, R=16): no tuned config, using defaults {'BLOCK_N': 64, 'BLOCK_K': 16}
[algo2a-g3-l1-modal] 
[algo2a-g3-l1-modal] [36m(InferenceController pid=2604)[0m [2026-09-29 20:26:59.667 inference_controller] inference_controller.py:796 - Waiting for 1/1 cells to become ready...
[algo2a-g3-l0-modal] [36m(InferenceController pid=2491)[0m [2026-09-29 20:26:59.749 inference_controller] inference_controller.py:796 - Waiting for 1/1 cells to become ready...
[algo2a-g3-l0-modal] 
[algo2a-g3-l1-modal] 
[algo2a-g3-l1-modal] [36m(InferenceController pid=2604)[0m [2026-09-29 20:27:01.668 inference_controller] inference_controller.py:796 - Waiting for 1/1 cells to become ready...
[algo2a-g3-l1-modal] 
[algo2a-g3-l0-modal] [36m(InferenceController pid=2491)[0m [2026-09-29 20:27:01.749 inference_controller] inference_controller.py:796 - Waiting for 1/1 cells to become ready...
[algo2a-g3-l0-modal] 
[algo2a-g3-l0-modal] [36m(CommandActor pid=2493)[0m Capturing batches (bs=16 avail_mem=45.08 GB):  86%|████████▌ | 31/36 [01:00<00:18,  3.61s/it]Capturing batches (bs=12 avail_mem=45.07 GB):  86%|████████▌ | 31/36 [01:00<00:18,  3.61s/it]
[algo2a-g3-l0-modal] 
[algo2a-g3-l0-modal] [36m(CommandActor pid=2493)[0m Capturing batches (bs=12 avail_mem=45.07 GB):  89%|████████▉ | 32/36 [01:00<00:10,  2.56s/it]Capturing batches (bs=8 avail_mem=45.07 GB):  89%|████████▉ | 32/36 [01:00<00:10,  2.56s/it]
[algo2a-g3-l0-modal] 
[algo2a-g3-l0-modal] [36m(CommandActor pid=2493)[0m Capturing batches (bs=8 avail_mem=45.07 GB):  92%|█████████▏| 33/36 [01:00<00:05,  1.83s/it]Capturing batches (bs=4 avail_mem=45.07 GB):  92%|█████████▏| 33/36 [01:00<00:05,  1.83s/it]
[algo2a-g3-l0-modal] 
[algo2a-g3-l0-modal] [36m(CommandActor pid=2493)[0m Capturing batches (bs=4 avail_mem=45.07 GB):  94%|█████████▍| 34/36 [01:01<00:02,  1.34s/it]Capturing batches (bs=2 avail_mem=45.06 GB):  94%|█████████▍| 34/36 [01:01<00:02,  1.34s/it]
[algo2a-g3-l0-modal] 
[algo2a-g3-l0-modal] [36m(CommandActor pid=2493)[0m Capturing batches (bs=2 avail_mem=45.06 GB):  97%|█████████▋| 35/36 [01:01<00:00,  1.03it/s]Capturing batches (bs=1 avail_mem=45.06 GB):  97%|█████████▋| 35/36 [01:01<00:00,  1.03it/s]
[algo2a-g3-l0-modal] 
[algo2a-g3-l0-modal] [36m(CommandActor pid=2493)[0m Capturing batches (bs=1 avail_mem=45.06 GB): 100%|██████████| 36/36 [01:01<00:00,  1.32it/s]Capturing batches (bs=1 avail_mem=45.06 GB): 100%|██████████| 36/36 [01:01<00:00,  1.71s/it]
[algo2a-g3-l0-modal] 
[algo2a-g3-l1-modal] [36m(InferenceController pid=2604)[0m [2026-09-29 20:27:03.669 inference_controller] inference_controller.py:796 - Waiting for 1/1 cells to become ready...
[algo2a-g3-l1-modal] 
[algo2a-g3-l0-modal] [36m(InferenceController pid=2491)[0m [2026-09-29 20:27:03.750 inference_controller] inference_controller.py:796 - Waiting for 1/1 cells to become ready...
[algo2a-g3-l0-modal] 
[algo2a-g3-l0-modal] [36m(CommandActor pid=2493)[0m [2026-09-29 20:27:03] Capture target decode CUDA graph end. elapsed=62.36 s, mem usage=0.46 GB, avail mem=45.05 GB.
[algo2a-g3-l0-modal] 
[algo2a-g3-l0-modal] [36m(CommandActor pid=2493)[0m [2026-09-29 20:27:03] max_total_num_tokens=275400, chunked_prefill_size=8192, max_prefill_tokens=16384, max_running_requests=3442, context_len=40960, available_gpu_mem=45.05 GB
[algo2a-g3-l0-modal] 
[algo2a-g3-l0-modal] [36m(CommandActor pid=2493)[0m [2026-09-29 20:27:03] Init Unified Radix Cache. Components: (<ComponentType.FULL: 0>,). Tree Core: UnifiedTreeCore
[algo2a-g3-l0-modal] 
[algo2a-g3-l0-modal] [36m(CommandActor pid=2493)[0m [2026-09-29 20:27:03] Tree cache initialized: source=default impl=UnifiedRadixCache hybrid_swa=False hybrid_ssm=False hicache_attached=False streaming_wrapped=False
[algo2a-g3-l0-modal] 
[algo2a-g3-l0-modal] [36m(CommandActor pid=2493)[0m [2026-09-29 20:27:04] Engine startup timings (s): load_weight=0.67, kv_cache_allocation=0.45, scheduler_e2e=288.00, cuda_graph={prefill=0.00, decode=62.36, target_verify=0.00, draft_prefill=0.00, draft_decode=0.00, draft_extend=0.00}, tokenizer_e2e=303.96
[algo2a-g3-l0-modal] 
[algo2a-g3-l0-modal] [36m(CommandActor pid=2493)[0m [2026-09-29 20:27:04] INFO:     Started server process [3309]
[algo2a-g3-l0-modal] 
[algo2a-g3-l0-modal] [36m(CommandActor pid=2493)[0m [2026-09-29 20:27:04] INFO:     Waiting for application startup.
[algo2a-g3-l0-modal] 
[algo2a-g3-l0-modal] [36m(CommandActor pid=2493)[0m [2026-09-29 20:27:04] Using default chat sampling params from model generation config: {'temperature': 0.6, 'top_k': 20, 'top_p': 0.95}
[algo2a-g3-l0-modal] 
[algo2a-g3-l0-modal] [36m(CommandActor pid=2493)[0m [2026-09-29 20:27:05] INFO:     Application startup complete.
[algo2a-g3-l0-modal] 
[algo2a-g3-l0-modal] [36m(CommandActor pid=2493)[0m [2026-09-29 20:27:05] INFO:     Uvicorn running on http://172.20.6.108:20000 (Press CTRL+C to quit)
[algo2a-g3-l0-modal] 
[algo2a-g3-l0-modal] [36m(CommandActor pid=2493)[0m [2026-09-29 20:27:05] post-warmup freeze_gc failed
[algo2a-g3-l0-modal] 
[algo2a-g3-l0-modal] [36m(CommandActor pid=2493)[0m Traceback (most recent call last):
[algo2a-g3-l0-modal] 
[algo2a-g3-l0-modal] [36m(CommandActor pid=2493)[0m   File "/opt/sglang/lib/python3.12/site-packages/urllib3/connection.py", line 239, in _new_conn
[algo2a-g3-l0-modal] 
[algo2a-g3-l0-modal] [36m(CommandActor pid=2493)[0m     sock = connection.create_connection(
[algo2a-g3-l0-modal] 
[algo2a-g3-l0-modal] [36m(CommandActor pid=2493)[0m            ^^^^^^^^^^^^^^^^^^^^^^^^^^^^^
[algo2a-g3-l0-modal] 
[algo2a-g3-l0-modal] [36m(CommandActor pid=2493)[0m   File "/opt/sglang/lib/python3.12/site-packages/urllib3/util/connection.py", line 85, in create_connection
[algo2a-g3-l0-modal] 
[algo2a-g3-l0-modal] [36m(CommandActor pid=2493)[0m     raise err
[algo2a-g3-l0-modal] 
[algo2a-g3-l0-modal] [36m(CommandActor pid=2493)[0m   File "/opt/sglang/lib/python3.12/site-packages/urllib3/util/connection.py", line 73, in create_connection
[algo2a-g3-l0-modal] 
[algo2a-g3-l0-modal] [36m(CommandActor pid=2493)[0m     sock.connect(sa)
[algo2a-g3-l0-modal] [36m(CommandActor pid=2493)[0m ConnectionRefusedError: [Errno 111] Connection refused
[algo2a-g3-l0-modal] 
[algo2a-g3-l0-modal] [36m(CommandActor pid=2493)[0m
[algo2a-g3-l0-modal] 
[algo2a-g3-l0-modal] [36m(CommandActor pid=2493)[0m The above exception was the direct cause of the following exception:
[algo2a-g3-l0-modal] 
[algo2a-g3-l0-modal] [36m(CommandActor pid=2493)[0m
[algo2a-g3-l0-modal] 
[algo2a-g3-l0-modal] [36m(CommandActor pid=2493)[0m Traceback (most recent call last):
[algo2a-g3-l0-modal] 
[algo2a-g3-l0-modal] [36m(CommandActor pid=2493)[0m   File "/opt/sglang/lib/python3.12/site-packages/urllib3/connectionpool.py", line 793, in urlopen
[algo2a-g3-l0-modal] 
[algo2a-g3-l0-modal] [36m(CommandActor pid=2493)[0m     response = self._make_request(
[algo2a-g3-l0-modal] 
[algo2a-g3-l0-modal] [36m(CommandActor pid=2493)[0m                ^^^^^^^^^^^^^^^^^^^
[algo2a-g3-l0-modal] 
[algo2a-g3-l0-modal] [36m(CommandActor pid=2493)[0m   File "/opt/sglang/lib/python3.12/site-packages/urllib3/connectionpool.py", line 499, in _make_request
[algo2a-g3-l0-modal] 
[algo2a-g3-l0-modal] [36m(CommandActor pid=2493)[0m     conn.request(
[algo2a-g3-l0-modal] 
[algo2a-g3-l0-modal] [36m(CommandActor pid=2493)[0m   File "/opt/sglang/lib/python3.12/site-packages/urllib3/connection.py", line 567, in request
[algo2a-g3-l0-modal] 
[algo2a-g3-l0-modal] [36m(CommandActor pid=2493)[0m     self.endheaders()
[algo2a-g3-l0-modal] [36m(CommandActor pid=2493)[0m   File "/usr/lib/python3.12/http/client.py", line 1360, in endheaders
[algo2a-g3-l0-modal] 
[algo2a-g3-l0-modal] [36m(CommandActor pid=2493)[0m     self._send_output(message_body, encode_chunked=encode_chunked)
[algo2a-g3-l0-modal] 
[algo2a-g3-l0-modal] [36m(CommandActor pid=2493)[0m   File "/usr/lib/python3.12/http/client.py", line 1120, in _send_output
[algo2a-g3-l0-modal] 
[algo2a-g3-l0-modal] [36m(CommandActor pid=2493)[0m     self.send(msg)
[algo2a-g3-l0-modal] 
[algo2a-g3-l0-modal] [36m(CommandActor pid=2493)[0m   File "/usr/lib/python3.12/http/client.py", line 1064, in send
[algo2a-g3-l0-modal] 
[algo2a-g3-l0-modal] [36m(CommandActor pid=2493)[0m     self.connect()
[algo2a-g3-l0-modal] 
[algo2a-g3-l0-modal] [36m(CommandActor pid=2493)[0m   File "/opt/sglang/lib/python3.12/site-packages/urllib3/connection.py", line 398, in connect
[algo2a-g3-l0-modal] 
[algo2a-g3-l0-modal] [36m(CommandActor pid=2493)[0m     self.sock = self._new_conn()
[algo2a-g3-l0-modal] 
[algo2a-g3-l0-modal] [36m(CommandActor pid=2493)[0m                 ^^^^^^^^^^^^^^^^
[algo2a-g3-l0-modal] 
[algo2a-g3-l0-modal] [36m(CommandActor pid=2493)[0m   File "/opt/sglang/lib/python3.12/site-packages/urllib3/connection.py", line 254, in _new_conn
[algo2a-g3-l0-modal] 
[algo2a-g3-l0-modal] [36m(CommandActor pid=2493)[0m     raise NewConnectionError(
[algo2a-g3-l0-modal] 
[algo2a-g3-l0-modal] [36m(CommandActor pid=2493)[0m urllib3.exceptions.NewConnectionError: HTTPConnection(host='172.20.6.108', port=20000): Failed to establish a new connection: [Errno 111] Connection refused
[algo2a-g3-l0-modal] 
[algo2a-g3-l0-modal] [36m(CommandActor pid=2493)[0m
[algo2a-g3-l0-modal] 
[algo2a-g3-l0-modal] [36m(CommandActor pid=2493)[0m The above exception was the direct cause of the following exception:
[algo2a-g3-l0-modal] 
[algo2a-g3-l0-modal] [36m(CommandActor pid=2493)[0m
[algo2a-g3-l0-modal] 
[algo2a-g3-l0-modal] [36m(CommandActor pid=2493)[0m Traceback (most recent call last):
[algo2a-g3-l0-modal] 
[algo2a-g3-l0-modal] [36m(CommandActor pid=2493)[0m   File "/opt/sglang/lib/python3.12/site-packages/requests/adapters.py", line 696, in send
[algo2a-g3-l0-modal] 
[algo2a-g3-l0-modal] [36m(CommandActor pid=2493)[0m     resp = conn.urlopen(
[algo2a-g3-l0-modal] 
[algo2a-g3-l0-modal] [36m(CommandActor pid=2493)[0m            ^^^^^^^^^^^^^
[algo2a-g3-l0-modal] 
[algo2a-g3-l0-modal] [36m(CommandActor pid=2493)[0m   File "/opt/sglang/lib/python3.12/site-packages/urllib3/connectionpool.py", line 847, in urlopen
[algo2a-g3-l0-modal] 
[algo2a-g3-l0-modal] [36m(CommandActor pid=2493)[0m     retries = retries.increment(
[algo2a-g3-l0-modal] 
[algo2a-g3-l0-modal] [36m(CommandActor pid=2493)[0m               ^^^^^^^^^^^^^^^^^^
[algo2a-g3-l0-modal] 
[algo2a-g3-l0-modal] [36m(CommandActor pid=2493)[0m   File "/opt/sglang/lib/python3.12/site-packages/urllib3/util/retry.py", line 555, in increment
[algo2a-g3-l0-modal] 
[algo2a-g3-l0-modal] [36m(CommandActor pid=2493)[0m     raise MaxRetryError(_pool, url, reason) from reason  # type: ignore[arg-type]
[algo2a-g3-l0-modal] 
[algo2a-g3-l0-modal] [36m(CommandActor pid=2493)[0m     ^^^^^^^^^^^^^^^^^^^^^^^^^^^^^^^^^^^^^^^^^^^^^^^^^^^
[algo2a-g3-l0-modal] 
[algo2a-g3-l0-modal] [36m(CommandActor pid=2493)[0m urllib3.exceptions.MaxRetryError: HTTPConnectionPool(host='172.20.6.108', port=20000): Max retries exceeded with url: /freeze_gc (Caused by NewConnectionError("HTTPConnection(host='172.20.6.108', port=20000): Failed to establish a new connection: [Errno 111] Connection refused"))
[algo2a-g3-l0-modal] 
[algo2a-g3-l0-modal] [36m(CommandActor pid=2493)[0m
[algo2a-g3-l0-modal] 
[algo2a-g3-l0-modal] [36m(CommandActor pid=2493)[0m During handling of the above exception, another exception occurred:
[algo2a-g3-l0-modal] 
[algo2a-g3-l0-modal] [36m(CommandActor pid=2493)[0m
[algo2a-g3-l0-modal] 
[algo2a-g3-l0-modal] [36m(CommandActor pid=2493)[0m Traceback (most recent call last):
[algo2a-g3-l0-modal] 
[algo2a-g3-l0-modal] [36m(CommandActor pid=2493)[0m   File "/root/sglang/python/sglang/srt/entrypoints/http_server.py", line 2469, in _freeze_gc_after_server_warmup
[algo2a-g3-l0-modal] 
[algo2a-g3-l0-modal] [36m(CommandActor pid=2493)[0m     res = requests.post(
[algo2a-g3-l0-modal] 
[algo2a-g3-l0-modal] [36m(CommandActor pid=2493)[0m           ^^^^^^^^^^^^^^
[algo2a-g3-l0-modal] 
[algo2a-g3-l0-modal] [36m(CommandActor pid=2493)[0m   File "/opt/sglang/lib/python3.12/site-packages/requests/api.py", line 134, in post
[algo2a-g3-l0-modal] 
[algo2a-g3-l0-modal] [36m(CommandActor pid=2493)[0m     return request("post", url, data=data, json=json, **kwargs)
[algo2a-g3-l0-modal] 
[algo2a-g3-l0-modal] [36m(CommandActor pid=2493)[0m            ^^^^^^^^^^^^^^^^^^^^^^^^^^^^^^^^^^^^^^^^^^^^^^^^^^^^
[algo2a-g3-l0-modal] 
[algo2a-g3-l0-modal] [36m(CommandActor pid=2493)[0m   File "/opt/sglang/lib/python3.12/site-packages/requests/api.py", line 71, in request
[algo2a-g3-l0-modal] 
[algo2a-g3-l0-modal] [36m(CommandActor pid=2493)[0m     return session.request(method=method, url=url, **kwargs)
[algo2a-g3-l0-modal] 
[algo2a-g3-l0-modal] [36m(CommandActor pid=2493)[0m            ^^^^^^^^^^^^^^^^^^^^^^^^^^^^^^^^^^^^^^^^^^^^^^^^^
[algo2a-g3-l0-modal] 
[algo2a-g3-l0-modal] [36m(CommandActor pid=2493)[0m   File "/opt/sglang/lib/python3.12/site-packages/requests/sessions.py", line 651, in request
[algo2a-g3-l0-modal] 
[algo2a-g3-l0-modal] [36m(CommandActor pid=2493)[0m     resp = self.send(prep, **send_kwargs)
[algo2a-g3-l0-modal] 
[algo2a-g3-l0-modal] [36m(CommandActor pid=2493)[0m            ^^^^^^^^^^^^^^^^^^^^^^^^^^^^^^
[algo2a-g3-l0-modal] 
[algo2a-g3-l0-modal] [36m(CommandActor pid=2493)[0m   File "/opt/sglang/lib/python3.12/site-packages/requests/sessions.py", line 784, in send
[algo2a-g3-l0-modal] 
[algo2a-g3-l0-modal] [36m(CommandActor pid=2493)[0m     r = adapter.send(request, **kwargs)
[algo2a-g3-l0-modal] 
[algo2a-g3-l0-modal] [36m(CommandActor pid=2493)[0m         ^^^^^^^^^^^^^^^^^^^^^^^^^^^^^^^
[algo2a-g3-l0-modal] [36m(CommandActor pid=2493)[0m   File "/opt/sglang/lib/python3.12/site-packages/requests/adapters.py", line 729, in send
[algo2a-g3-l0-modal] 
[algo2a-g3-l0-modal] [36m(CommandActor pid=2493)[0m     raise ConnectionError(e, request=request)
[algo2a-g3-l0-modal] 
[algo2a-g3-l0-modal] [36m(CommandActor pid=2493)[0m requests.exceptions.ConnectionError: HTTPConnectionPool(host='172.20.6.108', port=20000): Max retries exceeded with url: /freeze_gc (Caused by NewConnectionError("HTTPConnection(host='172.20.6.108', port=20000): Failed to establish a new connection: [Errno 111] Connection refused"))
[algo2a-g3-l0-modal] 
[algo2a-g3-l0-modal] [36m(CommandActor pid=2493)[0m [2026-09-29 20:27:05] The server is fired up and ready to roll!
[algo2a-g3-l0-modal] 
[algo2a-g3-l1-modal] [36m(InferenceController pid=2604)[0m [2026-09-29 20:27:05.670 inference_controller] inference_controller.py:796 - Waiting for 1/1 cells to become ready...
[algo2a-g3-l1-modal] 
[algo2a-g3-l0-modal] [36m(InferenceController pid=2491)[0m [2026-09-29 20:27:05.750 inference_controller] inference_controller.py:796 - Waiting for 1/1 cells to become ready...
[algo2a-g3-l0-modal] 
[algo2a-g3-l1-modal] [36m(InferenceController pid=2604)[0m [2026-09-29 20:27:07.672 inference_controller] inference_controller.py:796 - Waiting for 1/1 cells to become ready...
[algo2a-g3-l1-modal] 
[algo2a-g3-l0-modal] [36m(InferenceController pid=2491)[0m [2026-09-29 20:27:07.751 inference_controller] inference_controller.py:796 - Waiting for 1/1 cells to become ready...
[algo2a-g3-l0-modal] 
[algo2a-g3-l1-modal] [36m(RayWorkerManager pid=2268)[0m [2026-09-29 20:27:08.960 worker_manager] reporter.py:90 - audit op=env_report_summary hostname=modal versions="{\"python\":\"3.12.3\",\"platform\":\"Linux-4.19.0-gvisor-x86_64-with-glibc2.39\",\"miles\":\"0.1.1\",\"sglang\":\"0.5.21.dev67+g9f29303\",\"sglang-router\":\"0.3.2\",\"megatron-core\":\"0.19.0+a84b10547\",\"transformers\":\"5.12.1\",\"ray\":\"2.58.0\",\"flashinfer-python\":\"0.6.18\",\"torch\":\"2.13.0+cu130\",\"torch_cuda\":\"13.0\"}" repos="{\"miles\":\"d002615f44816ae243169643dc093eb2c29029d8\",\"sglang\":\"9f29303bef1eea38eb613e5f454a52db1326422d\",\"megatron-core\":\"a84b105473eca9c9c6e49dbf1c8aa460c5cf796e\"}" num_packages=425 num_env_vars=113 packages_probed=true stored=false
[algo2a-g3-l1-modal] 
[algo2a-g3-l1-modal] [36m(InferenceController pid=2604)[0m [2026-09-29 20:27:09.673 inference_controller] inference_controller.py:796 - Waiting for 1/1 cells to become ready...
[algo2a-g3-l1-modal] 
[algo2a-g3-l1-modal] [36m(InferenceController pid=2604)[0m [2026-09-29 20:27:11.674 inference_controller] inference_controller.py:796 - Waiting for 1/1 cells to become ready...
[algo2a-g3-l1-modal] 
[algo2a-g3-l1-modal] [36m(InferenceController pid=2604)[0m [2026-09-29 20:27:13.676 inference_controller] inference_controller.py:796 - Waiting for 1/1 cells to become ready...
[algo2a-g3-l1-modal] 
[algo2a-g3-l0-modal] [36m(InferenceController pid=2491)[0m [2026-09-29 20:27:13.785 inference_controller] inference_controller.py:796 - Waiting for 1/1 cells to become ready...
[algo2a-g3-l0-modal] 
[algo2a-g3-l0-modal] [36m(CommandActor pid=2493)[0m [2026-09-29 20:27:14] Prefill batch, #new-seq: 1, #new-token: 1, #cached-token: 0, token usage: 0.00, #running-req: 0, #queue-req: 0, #pending-token: 0, cuda graph: False, input throughput (token/s): 0.09
[algo2a-g3-l0-modal] 
[algo2a-g3-l1-modal] [36m(InferenceController pid=2604)[0m [2026-09-29 20:27:15.676 inference_controller] inference_controller.py:796 - Waiting for 1/1 cells to become ready...
[algo2a-g3-l1-modal] 
[algo2a-g3-l0-modal] [36m(InferenceController pid=2491)[0m [2026-09-29 20:27:15.786 inference_controller] inference_controller.py:796 - Waiting for 1/1 cells to become ready...
[algo2a-g3-l0-modal] 
[algo2a-g3-l1-modal] [36m(InferenceController pid=2604)[0m [2026-09-29 20:27:17.678 inference_controller] inference_controller.py:796 - Waiting for 1/1 cells to become ready...
[algo2a-g3-l0-modal] [36m(InferenceController pid=2491)[0m [2026-09-29 20:27:17.786 inference_controller] inference_controller.py:796 - Waiting for 1/1 cells to become ready...
[algo2a-g3-l1-modal] 
[algo2a-g3-l0-modal] 
[algo2a-g3-l0-modal] [36m(CommandActor pid=2493)[0m [2026-09-29 20:27:18] Prefill batch, #new-seq: 1, #new-token: 1, #cached-token: 0, token usage: 0.00, #running-req: 0, #queue-req: 0, #pending-token: 0, cuda graph: False, input throughput (token/s): 0.24
[algo2a-g3-l0-modal] 
[algo2a-g3-l1-modal] [36m(InferenceController pid=2604)[0m [2026-09-29 20:27:19.679 inference_controller] inference_controller.py:796 - Waiting for 1/1 cells to become ready...
[algo2a-g3-l1-modal] 
[algo2a-g3-l0-modal] [36m(CommandActor pid=2493)[0m [2026-09-29 20:27:19] INFO:     172.20.6.108:51549 - "GET /health_generate HTTP/1.1" 200 OK
[algo2a-g3-l0-modal] 
[algo2a-g3-l0-modal] [36m(CommandActor pid=2493)[0m [2026-09-29 20:27:19] INFO:     172.20.6.108:51549 - "GET /flush_cache HTTP/1.1" 200 OK
[algo2a-g3-l0-modal] 
[algo2a-g3-l0-modal] [36m(CommandActor pid=2493)[0m [2026-09-29 20:27:19] Cache flushed successfully!
[algo2a-g3-l0-modal] 
[algo2a-g3-l0-modal] [36m(CommandActor pid=2493)[0m [2026-09-29 20:27:19] Cache flushed successfully!
[algo2a-g3-l0-modal] 
[algo2a-g3-l0-modal] [36m(InferenceController pid=2491)[0m [2026-09-29 20:27:19.788 inference_controller] _client.py:1740 - HTTP Request: GET http://172.20.6.108:20000/health_generate "HTTP/1.1 200 OK"
[algo2a-g3-l0-modal] 
[algo2a-g3-l0-modal] [36m(InferenceController pid=2491)[0m [2026-09-29 20:27:19.792 inference_controller] _client.py:1740 - HTTP Request: GET http://172.20.6.108:20000/flush_cache "HTTP/1.1 200 OK"
[algo2a-g3-l0-modal] 
[algo2a-g3-l0-modal] [36m(CommandActor pid=2493)[0m [2026-09-29 20:27:20] INFO:     172.20.6.108:51549 - "POST /release_memory_occupation HTTP/1.1" 200 OK
[algo2a-g3-l0-modal] 
[algo2a-g3-l0-modal] [36m(InferenceController pid=2491)[0m [2026-09-29 20:27:20.227 inference_controller] _client.py:1740 - HTTP Request: POST http://172.20.6.108:20000/release_memory_occupation "HTTP/1.1 200 OK"
[algo2a-g3-l0-modal] 
[algo2a-g3-l0-modal] [36m(CommandActor pid=2493)[0m [2026-09-29 20:27:20] INFO:     172.20.6.108:51549 - "POST /resume_memory_occupation HTTP/1.1" 200 OK
[algo2a-g3-l0-modal] 
[algo2a-g3-l0-modal] [36m(CommandActor pid=2493)[0m [2026-09-29 20:27:20] INFO:     172.20.6.108:51549 - "GET /server_info HTTP/1.1" 200 OK
[algo2a-g3-l0-modal] 
[algo2a-g3-l0-modal] [36m(CommandActor pid=2493)[0m [2026-09-29 20:27:20] INFO:     172.20.6.108:20019 - "POST /pause_generation HTTP/1.1" 200 OK
[algo2a-g3-l0-modal] 
[algo2a-g3-l0-modal] [36m(CommandActor pid=2493)[0m [2026-09-29 20:27:20] INFO:     172.20.6.108:20019 - "GET /flush_cache HTTP/1.1" 200 OK
[algo2a-g3-l0-modal] [36m(CommandActor pid=2493)[0m [2026-09-29 20:27:20] INFO:     172.20.6.108:20019 - "POST /register_lora_adapter HTTP/1.1" 200 OK
[algo2a-g3-l0-modal] 
[algo2a-g3-l0-modal] [36m(CommandActor pid=2493)[0m [2026-09-29 20:27:20] INFO:     172.20.6.108:20019 - "POST /begin_weight_update HTTP/1.1" 200 OK
[algo2a-g3-l0-modal] 
[algo2a-g3-l0-modal] [36m(CommandActor pid=2493)[0m /opt/sglang/lib/python3.12/site-packages/fastapi/routing.py:352: FastAPIDeprecationWarning: ORJSONResponse is deprecated, FastAPI now serializes data directly to JSON bytes via Pydantic when a return type or response model is set, which is faster and doesn't need a custom response class. Read more in the FastAPI docs: https://fastapi.tiangolo.com/advanced/custom-response/#orjson-or-response-model and https://fastapi.tiangolo.com/tutorial/response-model/
[algo2a-g3-l0-modal] 
[algo2a-g3-l0-modal] [36m(CommandActor pid=2493)[0m   return await dependant.call(**values)
[algo2a-g3-l0-modal] 
[algo2a-g3-l0-modal] [36m(CommandActor pid=2493)[0m [2026-09-29 20:27:20] Cache flush skipped: KV cache memory is released.
[algo2a-g3-l0-modal] 
[algo2a-g3-l0-modal] [36m(CommandActor pid=2493)[0m [2026-09-29 20:27:20] LoRA adapter registration: LoRARef(lora_id=c4625434834a47b09d0c9689fd9126d2, lora_name=miles_lora, lora_path=__stream__, pinned=False, reloadable=False).
[algo2a-g3-l0-modal] 
[algo2a-g3-l0-modal] [36m(CommandActor pid=2493)[0m [2026-09-29 20:27:20] LoRA adapter loading from tensors starts: LoRARef(lora_id=c4625434834a47b09d0c9689fd9126d2, lora_name=miles_lora, lora_path=__stream__, pinned=False, reloadable=False).
[algo2a-g3-l0-modal] 
[algo2a-g3-l0-modal] [36m(CommandActor pid=2493)[0m [2026-09-29 20:27:20] LoRA adapter loading from tensors completes: LoRARef(lora_id=c4625434834a47b09d0c9689fd9126d2, lora_name=miles_lora, lora_path=__stream__, pinned=False, reloadable=False).
[algo2a-g3-l0-modal] 
[algo2a-g3-l0-modal] [36m(InferenceController pid=2491)[0m [2026-09-29 20:27:20.334 inference_controller] _client.py:1740 - HTTP Request: POST http://172.20.6.108:20000/resume_memory_occupation "HTTP/1.1 200 OK"
[algo2a-g3-l0-modal] 
[algo2a-g3-l0-modal] [36m(InferenceController pid=2491)[0m [2026-09-29 20:27:20.334 inference_controller] server_cell.py:315 - Cell inference-engine-all-0-0-00000 mark_pending_weights start old=addr_info=CellAddrInfo(server_url='http://172.20.6.108:20000', bootstrap_port=None, gate_url='http://172.20.6.108:20036') start_time=433.438850747
[algo2a-g3-l0-modal] 
[algo2a-g3-l0-modal] [36m(InferenceController pid=2491)[0m [2026-09-29 20:27:20.334 inference_controller] server_cell.py:318 - Cell inference-engine-all-0-0-00000 mark_pending_weights end new=addr_info=CellAddrInfo(server_url='http://172.20.6.108:20000', bootstrap_port=None, gate_url='http://172.20.6.108:20036')
[algo2a-g3-l0-modal] 
[algo2a-g3-l0-modal] [36m(InferenceController pid=2491)[0m [2026-09-29 20:27:20.348 inference_controller] _client.py:1740 - HTTP Request: GET http://172.20.6.108:20000/server_info "HTTP/1.1 200 OK"
[algo2a-g3-l0-modal] 
[algo2a-g3-l0-modal] [36m(TrainerController pid=2494)[0m [2026-09-29 20:27:20.354 trainer_controller_actor] group.py:392 - ft op=update_weights phase=start rollout=
[algo2a-g3-l0-modal] 
[algo2a-g3-l0-modal] [36m(TrainerController pid=2494)[0m [2026-09-29 20:27:20.354 trainer_controller_actor] cell.py:231 - ft op=execute phase=start cell=trainer-engine-actor-00000 fn=update_weights n_actors=1
[algo2a-g3-l0-modal] 
[algo2a-g3-l0-modal] [36m(MegatronTrainRayActor pid=2820)[0m [2026-09-29 20:27:20.356 actor_cell00000_rank00000] structured_log.py:24 - actor cls=MegatronTrainRayActor fn=update_weights phase=start
[algo2a-g3-l0-modal] 
[algo2a-g3-l0-modal] [36m(MegatronTrainRayActor pid=2820)[0m [2026-09-29 20:27:20.356 actor_cell00000_rank00000] timer.py:31 - Timer update_weights start
[algo2a-g3-l0-modal] 
[algo2a-g3-l0-modal] [36m(MegatronTrainRayActor pid=2820)[0m [2026-09-29 20:27:20.356 actor_cell00000_rank00000] reloadable_process_group.py:151 - Reloading 0 process groups in pid 2820
[algo2a-g3-l0-modal] 
[algo2a-g3-l0-modal] [36m(MegatronTrainRayActor pid=2820)[0m [2026-09-29 20:27:20.357 actor_cell00000_rank00000] memory_utils.py:41 - [Rank 0] Memory-Usage before update_weights: {'gpu': '0', 'total_GB': 79.18, 'free_GB': 75.06, 'used_GB': 4.12, 'allocated_GB': 1.2, 'reserved_GB': 1.27}
[algo2a-g3-l0-modal] 
[algo2a-g3-l0-modal] [36m(MegatronTrainRayActor pid=2820)[0m [2026-09-29 20:27:20.378 actor_cell00000_rank00000] _client.py:1740 - HTTP Request: POST http://172.20.6.108:20000/pause_generation "HTTP/1.1 200 OK"
[algo2a-g3-l0-modal] 
[algo2a-g3-l0-modal] [36m(MegatronTrainRayActor pid=2820)[0m [2026-09-29 20:27:20.381 actor_cell00000_rank00000] _client.py:1740 - HTTP Request: GET http://172.20.6.108:20000/flush_cache "HTTP/1.1 200 OK"
[algo2a-g3-l0-modal] 
[algo2a-g3-l0-modal] [36m(MegatronTrainRayActor pid=2820)[0m [2026-09-29 20:27:20.387 actor_cell00000_rank00000] _client.py:1740 - HTTP Request: POST http://172.20.6.108:20000/register_lora_adapter "HTTP/1.1 200 OK"
[algo2a-g3-l0-modal] 
[algo2a-g3-l0-modal] [36m(MegatronTrainRayActor pid=2820)[0m [2026-09-29 20:27:20.391 actor_cell00000_rank00000] _client.py:1740 - HTTP Request: POST http://172.20.6.108:20000/begin_weight_update "HTTP/1.1 200 OK"
[algo2a-g3-l0-modal] 
[algo2a-g3-l0-modal] [36m(MegatronTrainRayActor pid=2820)[0m [2026-09-29 20:27:20.391 actor_cell00000_rank00000] timer.py:31 - Timer update_weights_implementation start
[algo2a-g3-l0-modal] 
[algo2a-g3-l0-modal] [36m(MegatronTrainRayActor pid=2820)[0m [miles-colocate] Update weights: 0it [00:00, ?it/s]
[algo2a-g3-l0-modal] 
[algo2a-g3-l1-modal] [36m(CommandActor pid=2609)[0m [2026-09-29 20:27:20] LoRA shrink (K=2048, R=16): no tuned config, using defaults {'BLOCK_N': 16, 'BLOCK_K': 256}
[algo2a-g3-l0-modal] [36m(CommandActor pid=2493)[0m [2026-09-29 20:27:20] INFO:     172.20.6.108:20019 - "POST /update_weights_from_tensor HTTP/1.1" 200 OK
[algo2a-g3-l0-modal] 
[algo2a-g3-l0-modal] [36m(CommandActor pid=2493)[0m [2026-09-29 20:27:20] INFO:     172.20.6.108:20019 - "POST /end_weight_update HTTP/1.1" 200 OK
[algo2a-g3-l0-modal] 
[algo2a-g3-l0-modal] [36m(CommandActor pid=2493)[0m [2026-09-29 20:27:20] INFO:     172.20.6.108:20019 - "POST /update_weight_version HTTP/1.1" 200 OK
[algo2a-g3-l0-modal] 
[algo2a-g3-l0-modal] [36m(CommandActor pid=2493)[0m [2026-09-29 20:27:20] INFO:     172.20.6.108:20019 - "POST /continue_generation HTTP/1.1" 200 OK
[algo2a-g3-l0-modal] 
[algo2a-g3-l0-modal] [36m(CommandActor pid=2493)[0m [2026-09-29 20:27:20] LoRA adapter loading from tensors starts: LoRARef(lora_id=c4625434834a47b09d0c9689fd9126d2, lora_name=miles_lora, lora_path=__stream__, pinned=False, reloadable=False).
[algo2a-g3-l0-modal] 
[algo2a-g3-l0-modal] [36m(CommandActor pid=2493)[0m [2026-09-29 20:27:20] LoRA adapter loading from tensors completes: LoRARef(lora_id=c4625434834a47b09d0c9689fd9126d2, lora_name=miles_lora, lora_path=__stream__, pinned=False, reloadable=False).
[algo2a-g3-l0-modal] 
[algo2a-g3-l0-modal] [36m(CommandActor pid=2493)[0m [2026-09-29 20:27:20] Weight version changed. old_version='default' new_version='1' num_recorded=0
[algo2a-g3-l0-modal] 
[algo2a-g3-l0-modal] [36m(MegatronTrainRayActor pid=2820)[0m [2026-09-29 20:27:20.476 actor_cell00000_rank00000] _client.py:1740 - HTTP Request: POST http://172.20.6.108:20000/update_weights_from_tensor "HTTP/1.1 200 OK"
[algo2a-g3-l0-modal] 
[algo2a-g3-l0-modal] [36m(MegatronTrainRayActor pid=2820)[0m [2026-09-29 20:27:20.478 actor_cell00000_rank00000] timer.py:42 - Timer update_weights_implementation end (elapsed: 0.1s)
[algo2a-g3-l0-modal] 
[algo2a-g3-l0-modal] [36m(MegatronTrainRayActor pid=2820)[0m [2026-09-29 20:27:20.478 actor_cell00000_rank00000] timer.py:31 - Timer finalize_and_resume_engines start
[algo2a-g3-l0-modal] 
[algo2a-g3-l0-modal] [36m(MegatronTrainRayActor pid=2820)[0m [2026-09-29 20:27:20.516 actor_cell00000_rank00000] _client.py:1740 - HTTP Request: POST http://172.20.6.108:20000/end_weight_update "HTTP/1.1 200 OK"
[algo2a-g3-l0-modal] 
[algo2a-g3-l0-modal] [36m(MegatronTrainRayActor pid=2820)[0m [2026-09-29 20:27:20.520 actor_cell00000_rank00000] _client.py:1740 - HTTP Request: POST http://172.20.6.108:20000/update_weight_version "HTTP/1.1 200 OK"
[algo2a-g3-l0-modal] 
[algo2a-g3-l0-modal] [36m(MegatronTrainRayActor pid=2820)[0m [2026-09-29 20:27:20.523 actor_cell00000_rank00000] _client.py:1740 - HTTP Request: POST http://172.20.6.108:20000/continue_generation "HTTP/1.1 200 OK"
[algo2a-g3-l0-modal] 
[algo2a-g3-l0-modal] [36m(MegatronTrainRayActor pid=2820)[0m [2026-09-29 20:27:20.524 actor_cell00000_rank00000] timer.py:42 - Timer finalize_and_resume_engines end (elapsed: 0.0s)
[algo2a-g3-l0-modal] 
[algo2a-g3-l0-modal] [36m(MegatronTrainRayActor pid=2820)[0m [miles-colocate] Update weights: 1it [00:00,  7.56it/s]
[algo2a-g3-l0-modal] 
[algo2a-g3-l0-modal] [36m(MegatronTrainRayActor pid=2820)[0m [2026-09-29 20:27:20.525 actor_cell00000_rank00000] memory_utils.py:41 - [Rank 0] Memory-Usage after update_weights: {'gpu': '0', 'total_GB': 79.18, 'free_GB': 75.05, 'used_GB': 4.13, 'allocated_GB': 1.2, 'reserved_GB': 1.29}
[algo2a-g3-l0-modal] 
[algo2a-g3-l0-modal] [36m(MegatronTrainRayActor pid=2820)[0m [2026-09-29 20:27:20.526 actor_cell00000_rank00000] timer.py:42 - Timer update_weights end (elapsed: 0.2s)
[algo2a-g3-l0-modal] 
[algo2a-g3-l0-modal] [36m(MegatronTrainRayActor pid=2820)[0m [2026-09-29 20:27:20.527 actor_cell00000_rank00000] structured_log.py:28 - actor cls=MegatronTrainRayActor fn=update_weights phase=end ok=true elapsed_s=0.2
[algo2a-g3-l0-modal] 
[algo2a-g3-l0-modal] [36m(CommandActor pid=2493)[0m [2026-09-29 20:27:20] [continue_generation] torch.cuda.empty_cache() called: reserved 32306.0 MB -> 32266.0 MB (freed 40.0 MB)
[algo2a-g3-l0-modal] 
[algo2a-g3-l0-modal] [36m(TrainerController pid=2494)[0m [2026-09-29 20:27:20.528 trainer_controller_actor] cell.py:239 - ft op=execute phase=end cell=trainer-engine-actor-00000 fn=update_weights ok=true elapsed_s=0.2
[algo2a-g3-l0-modal] 
[algo2a-g3-l1-modal] 
[algo2a-g3-l0-modal] [36m(CommandActor pid=2493)[0m [2026-09-29 20:27:20] INFO:     172.20.6.108:62556 - "PRI %2A HTTP/2.0" 404 Not Found
[algo2a-g3-l0-modal] 
[algo2a-g3-l0-modal] [36m(CommandActor pid=2493)[0m [2026-09-29 20:27:20] INFO:     172.20.6.108:62252 - "GET /health HTTP/1.1" 200 OK
[algo2a-g3-l0-modal] 
[algo2a-g3-l0-modal] [36m(CommandActor pid=2493)[0m [2026-09-29 20:27:20] INFO:     172.20.6.108:38197 - "PRI %2A HTTP/2.0" 404 Not Found
[algo2a-g3-l0-modal] 
[algo2a-g3-l0-modal] [36m(CommandActor pid=2493)[0m [2026-09-29 20:27:20] INFO:     172.20.6.108:51549 - "POST /resume_memory_occupation HTTP/1.1" 200 OK
[algo2a-g3-l0-modal] 
[algo2a-g3-l0-modal] [36m(CommandActor pid=2493)[0m [2026-09-29 20:27:20] INFO:     172.20.6.108:54622 - "GET /server_info HTTP/1.1" 200 OK
[algo2a-g3-l0-modal] 
[algo2a-g3-l0-modal] [36m(CommandActor pid=2493)[0m [2026-09-29 20:27:20] INFO:     172.20.6.108:54622 - "GET /model_info HTTP/1.1" 200 OK
[algo2a-g3-l0-modal] 
[algo2a-g3-l0-modal] [36m(CommandActor pid=2493)[0m [2026-09-29 20:27:20] INFO:     172.20.6.108:31715 - "POST /update_weight_version HTTP/1.1" 200 OK
[algo2a-g3-l0-modal] 
[algo2a-g3-l0-modal] [36m(CommandActor pid=2493)[0m [2026-09-29 20:27:20] INFO:     172.20.6.108:31715 - "GET /model_info HTTP/1.1" 200 OK
[algo2a-g3-l0-modal] 
[algo2a-g3-l0-modal] [36m(CommandActor pid=2493)[0m [2026-09-29 20:27:20] WARNING:  Invalid HTTP request received.
[algo2a-g3-l0-modal] 
[algo2a-g3-l0-modal] [36m(CommandActor pid=2493)[0m [2026-09-29 20:27:20] WARNING:  Invalid HTTP request received.
[algo2a-g3-l0-modal] 
[algo2a-g3-l0-modal] [36m(CommandActor pid=2493)[0m [2026-09-29 20:27:20] Weight version changed. old_version='1' new_version='yeto:0:a34cd30f37ee5ffaad784b92defd77b3b6ce68095faf29288d5ea460912617c4' num_recorded=0
[algo2a-g3-l0-modal] 
[algo2a-g3-l0-modal] [36m(CommandActor pid=2493)[0m [2026-09-29 20:27:20] [WeightChecker] handle action=checksum allow_quant_error=False skip_tensor_list=None
[algo2a-g3-l0-modal] [36m(InferenceController pid=2491)[0m [2026-09-29 20:27:20.535 inference_controller] _client.py:1740 - HTTP Request: POST http://172.20.6.108:20001/workers "HTTP/1.1 202 Accepted"
[algo2a-g3-l0-modal] 
[algo2a-g3-l0-modal] [36m(InferenceController pid=2491)[0m [2026-09-29 20:27:20.536 inference_controller] server_cell.py:315 - Cell inference-engine-all-0-0-00000 mark_serving start old=addr_info=CellAddrInfo(server_url='http://172.20.6.108:20000', bootstrap_port=None, gate_url='http://172.20.6.108:20036')
[algo2a-g3-l0-modal] 
[algo2a-g3-l0-modal] [36m(InferenceController pid=2491)[0m [2026-09-29 20:27:20.536 inference_controller] server_cell.py:318 - Cell inference-engine-all-0-0-00000 mark_serving end new=addr_info=CellAddrInfo(server_url='http://172.20.6.108:20000', bootstrap_port=None, gate_url='http://172.20.6.108:20036')
[algo2a-g3-l0-modal] 
[algo2a-g3-l0-modal] [36m(InferenceController pid=2491)[0m [2026-09-29 20:27:20.568 inference_controller] _client.py:1740 - HTTP Request: POST http://172.20.6.108:20000/resume_memory_occupation "HTTP/1.1 200 OK"
[algo2a-g3-l0-modal] 
[algo2a-g3-l1-modal] [36m(CommandActor pid=2609)[0m [2026-09-29 20:27:20] LoRA expand (K=1024, R=16): no tuned config, using defaults {'BLOCK_N': 64, 'BLOCK_K': 16}
[algo2a-g3-l1-modal] 
[algo2a-g3-l1-modal] [36m(InferenceController pid=2604)[0m [2026-09-29 20:27:21.681 inference_controller] inference_controller.py:796 - Waiting for 1/1 cells to become ready...
[algo2a-g3-l1-modal] 
[algo2a-g3-l0-modal] [36m(CommandActor pid=2493)[0m [2026-09-29 20:27:21] Triton kernel 'hash_tiles32_kernel_blocked' took 1.39 s to compile after serving started. Serving-time compilation can stall the engine; pre-compile it during engine init.
[algo2a-g3-l0-modal] 
[algo2a-g3-l1-modal] [36m(InferenceController pid=2604)[0m [2026-09-29 20:27:23.681 inference_controller] inference_controller.py:796 - Waiting for 1/1 cells to become ready...
[algo2a-g3-l1-modal] 
[algo2a-g3-l1-modal] [36m(CommandActor pid=2609)[0m [2026-09-29 20:27:23] LoRA shrink (K=1024, R=16): no tuned config, using defaults {'BLOCK_N': 16, 'BLOCK_K': 256}
[algo2a-g3-l1-modal] 
[algo2a-g3-l1-modal] [36m(CommandActor pid=2609)[0m [2026-09-29 20:27:24] LoRA expand (K=6144, R=16): no tuned config, using defaults {'BLOCK_N': 64, 'BLOCK_K': 16}
[algo2a-g3-l1-modal] 
[algo2a-g3-l0-modal] YETO_RL_EVENT {"event":"rl_publication","island_id":0,"policy_version":0,"rl/policy_token":"yeto:0:a34cd30f37ee5ffaad784b92defd77b3b6ce68095faf29288d5ea460912617c4","sync/publication_members":["engine:inference-engine-all-0-0-00000"],"sync/publication_payload_bytes":40370176,"sync/publication_payload_hash":"373abf70cb687c7dfe3b8391c678d27be175a19d0e847349c362ed042f7ba43f","time_unix":1790713644.6124203}
[algo2a-g3-l0-modal] 
[algo2a-g3-l0-modal] YETO_RL_EVENT {"event":"rl_driver_phase","island_id":0,"phase":"offload","rollout_id":0,"time_unix":1790713644.6127727}
[algo2a-g3-l0-modal] 
[algo2a-g3-l0-modal] YETO_RL_EVENT {"event":"rl_driver_phase","island_id":0,"phase":"generate","policy_version":0,"rollout_id":0,"time_unix":1790713644.6175156}
[algo2a-g3-l0-modal] 
[algo2a-g3-l0-modal] [36m(CommandActor pid=2493)[0m [2026-09-29 20:27:24] INFO:     172.20.6.108:51549 - "POST /weights_checker HTTP/1.1" 200 OK
[algo2a-g3-l0-modal] 
[algo2a-g3-l0-modal] [36m(CommandActor pid=2493)[0m [2026-09-29 20:27:24] Triton kernel 'add_tree_reduce_u64_kernel' took 2.59 s to compile after serving started. Serving-time compilation can stall the engine; pre-compile it during engine init.
[algo2a-g3-l0-modal] 
[algo2a-g3-l0-modal] [36m(CommandActor pid=2493)[0m [2026-09-29 20:27:24] [WeightChecker] checksum computed for 226 tensors in 4.005s
[algo2a-g3-l0-modal] 
[algo2a-g3-l0-modal] [36m(InferenceController pid=2491)[0m [2026-09-29 20:27:24.607 inference_controller] _client.py:1740 - HTTP Request: POST http://172.20.6.108:20000/weights_checker "HTTP/1.1 200 OK"
[algo2a-g3-l0-modal] 
[algo2a-g3-l0-modal] [36m(TrainerController pid=2494)[0m [2026-09-29 20:27:24.614 trainer_controller_actor] cell.py:231 - ft op=execute phase=start cell=trainer-engine-actor-00000 fn=sleep n_actors=1
[algo2a-g3-l0-modal] 
[algo2a-g3-l0-modal] [36m(TrainerController pid=2494)[0m [2026-09-29 20:27:24.616 trainer_controller_actor] cell.py:239 - ft op=execute phase=end cell=trainer-engine-actor-00000 fn=sleep ok=true elapsed_s=0.0
[algo2a-g3-l0-modal] 
[algo2a-g3-l0-modal] [36m(MegatronTrainRayActor pid=2820)[0m [2026-09-29 20:27:24.615 actor_cell00000_rank00000] structured_log.py:24 - actor cls=MegatronTrainRayActor fn=sleep phase=start
[algo2a-g3-l0-modal] 
[algo2a-g3-l0-modal] [36m(MegatronTrainRayActor pid=2820)[0m [2026-09-29 20:27:24.615 actor_cell00000_rank00000] timer.py:31 - Timer sleep start
[algo2a-g3-l0-modal] 
[algo2a-g3-l0-modal] [36m(MegatronTrainRayActor pid=2820)[0m [2026-09-29 20:27:24.615 actor_cell00000_rank00000] actor.py:451 - sleep() called while already offloaded; skipping
[algo2a-g3-l0-modal] 
[algo2a-g3-l0-modal] [36m(MegatronTrainRayActor pid=2820)[0m [2026-09-29 20:27:24.615 actor_cell00000_rank00000] timer.py:42 - Timer sleep end (elapsed: 0.0s)
[algo2a-g3-l0-modal] 
[algo2a-g3-l0-modal] [36m(MegatronTrainRayActor pid=2820)[0m [2026-09-29 20:27:24.615 actor_cell00000_rank00000] structured_log.py:28 - actor cls=MegatronTrainRayActor fn=sleep phase=end ok=true elapsed_s=0.0
[algo2a-g3-l0-modal] 
[algo2a-g3-l1-modal] [36m(InferenceController pid=2604)[0m [2026-09-29 20:27:25.683 inference_controller] inference_controller.py:796 - Waiting for 1/1 cells to become ready...
[algo2a-g3-l1-modal] 
[algo2a-g3-l0-modal] [36m(RolloutExecutor pid=2492)[0m Rollout generation:   0%|          | 0/32 [00:00<?, ?it/s]
[algo2a-g3-l0-modal] 
[algo2a-g3-l0-modal] [36m(CommandActor pid=2493)[0m [2026-09-29 20:27:25] LoRA adapter 'c4625434834a47b09d0c9689fd9126d2': loaded weights for target modules ['down_proj', 'gate_up_proj', 'o_proj', 'qkv_proj'].
[algo2a-g3-l0-modal] 
[algo2a-g3-l1-modal] [36m(InferenceController pid=2604)[0m [2026-09-29 20:27:27.685 inference_controller] inference_controller.py:796 - Waiting for 1/1 cells to become ready...
[algo2a-g3-l1-modal] 
[algo2a-g3-l1-modal] [36m(InferenceController pid=2604)[0m [2026-09-29 20:27:29.687 inference_controller] inference_controller.py:796 - Waiting for 1/1 cells to become ready...
[algo2a-g3-l1-modal] 
[algo2a-g3-l1-modal] [36m(InferenceController pid=2604)[0m [2026-09-29 20:27:31.688 inference_controller] inference_controller.py:796 - Waiting for 1/1 cells to become ready...
[algo2a-g3-l1-modal] 
[algo2a-g3-l1-modal] [36m(InferenceController pid=2604)[0m [2026-09-29 20:27:33.690 inference_controller] inference_controller.py:796 - Waiting for 1/1 cells to become ready...
[algo2a-g3-l1-modal] 
[algo2a-g3-l1-modal] [36m(CommandActor pid=2609)[0m [2026-09-29 20:27:33] LoRA shrink (K=3072, R=16): no tuned config, using defaults {'BLOCK_N': 16, 'BLOCK_K': 256}
[algo2a-g3-l1-modal] 
[algo2a-g3-l0-modal] [36m(CommandActor pid=2493)[0m [2026-09-29 20:27:34] Prefill batch, #new-seq: 1, #new-token: 70, #cached-token: 0, token usage: 0.01, #running-req: 0, #queue-req: 0, #pending-token: 0, cuda graph: False, input throughput (token/s): 4.35
[algo2a-g3-l0-modal] 
[algo2a-g3-l0-modal] [36m(CommandActor pid=2493)[0m [2026-09-29 20:27:34] Prefill batch, #new-seq: 31, #new-token: 2402, #cached-token: 0, token usage: 0.00, #running-req: 1, #queue-req: 0, #pending-token: 0, cuda graph: False, input throughput (token/s): 97964.02
[algo2a-g3-l0-modal] 
[algo2a-g3-l0-modal] [36m(CommandActor pid=2493)[0m [2026-09-29 20:27:35] Decode batch, #running-req: 32, #token: 1555, token usage: 0.01, cuda graph: True, gen throughput (token/s): 41.10, #queue-req: 0
[algo2a-g3-l0-modal] 
[algo2a-g3-l0-modal] [36m(CommandActor pid=2493)[0m [2026-09-29 20:27:35] INFO:     172.20.6.108:48873 - "POST /generate HTTP/1.1" 200 OK
[algo2a-g3-l0-modal] 
[algo2a-g3-l0-modal] [36m(CommandActor pid=2493)[0m [2026-09-29 20:27:35] INFO:     172.20.6.108:26491 - "POST /generate HTTP/1.1" 200 OK
[algo2a-g3-l0-modal] 
[algo2a-g3-l0-modal] [36m(CommandActor pid=2493)[0m [2026-09-29 20:27:35] INFO:     172.20.6.108:35860 - "POST /generate HTTP/1.1" 200 OK
[algo2a-g3-l0-modal] 
[algo2a-g3-l0-modal] [36m(CommandActor pid=2493)[0m [2026-09-29 20:27:35] INFO:     172.20.6.108:30639 - "POST /generate HTTP/1.1" 200 OK
[algo2a-g3-l0-modal] [36m(CommandActor pid=2493)[0m [2026-09-29 20:27:35] INFO:     172.20.6.108:40467 - "POST /generate HTTP/1.1" 200 OK
[algo2a-g3-l0-modal] 
[algo2a-g3-l0-modal] [36m(CommandActor pid=2493)[0m [2026-09-29 20:27:35] INFO:     172.20.6.108:20412 - "POST /generate HTTP/1.1" 200 OK
[algo2a-g3-l0-modal] 
[algo2a-g3-l0-modal] [36m(CommandActor pid=2493)[0m [2026-09-29 20:27:35] INFO:     172.20.6.108:23265 - "POST /generate HTTP/1.1" 200 OK
[algo2a-g3-l0-modal] [36m(CommandActor pid=2493)[0m [2026-09-29 20:27:35] INFO:     172.20.6.108:55159 - "POST /generate HTTP/1.1" 200 OK
[algo2a-g3-l0-modal] 
[algo2a-g3-l0-modal] [36m(CommandActor pid=2493)[0m [2026-09-29 20:27:35] INFO:     172.20.6.108:42743 - "POST /generate HTTP/1.1" 200 OK
[algo2a-g3-l0-modal] [36m(CommandActor pid=2493)[0m [2026-09-29 20:27:35] INFO:     172.20.6.108:62174 - "POST /generate HTTP/1.1" 200 OK
[algo2a-g3-l0-modal] 
[algo2a-g3-l0-modal] [36m(CommandActor pid=2493)[0m [2026-09-29 20:27:35] INFO:     172.20.6.108:21422 - "POST /generate HTTP/1.1" 200 OK
[algo2a-g3-l0-modal] 
[algo2a-g3-l0-modal] [36m(CommandActor pid=2493)[0m [2026-09-29 20:27:35] INFO:     172.20.6.108:22536 - "POST /generate HTTP/1.1" 200 OK
[algo2a-g3-l0-modal] 
[algo2a-g3-l0-modal] [36m(CommandActor pid=2493)[0m [2026-09-29 20:27:35] Decode batch, #running-req: 25, #token: 2187, token usage: 0.01, cuda graph: True, gen throughput (token/s): 5251.20, #queue-req: 0
[algo2a-g3-l0-modal] 
[algo2a-g3-l0-modal] [36m(RolloutExecutor pid=2492)[0m [2026-09-29 20:27:35.476 rollout_executor] inference_rollout_train.py:137 - First rollout sample: text_preview=<|im_start|>system\nYou are a helpful assistant. Please put the answer within \boxed{}.<|im_end|>\n<|im_start|>user\nNatalia sold clips to 48 of her friends in April, and then she sold half as many clips in May. How many clips did Natalia sell altogether in April and May?<|im_end|>\n<|im_start|>assistant\n<think>\n\n</think>\n\n- In April, Natalia sold **48** clips.\n- In May, she sold **half** as many clips as in April, which is $ \frac{1}{2} \times 48 = 24 $ clips.\n- So, the total number of clips sold in...<truncated chars=57>, label=72, reward_summary=1.0
[algo2a-g3-l0-modal] 
[algo2a-g3-l0-modal] [36m(RolloutExecutor pid=2492)[0m Rollout generation:  25%|██▌       | 8/32 [00:09<00:28,  1.20s/it]
[algo2a-g3-l0-modal] 
[algo2a-g3-l0-modal] [36m(CommandActor pid=2493)[0m [2026-09-29 20:27:35] INFO:     172.20.6.108:31872 - "POST /generate HTTP/1.1" 200 OK
[algo2a-g3-l0-modal] 
[algo2a-g3-l0-modal] [36m(CommandActor pid=2493)[0m [2026-09-29 20:27:35] INFO:     172.20.6.108:30784 - "POST /generate HTTP/1.1" 200 OK
[algo2a-g3-l0-modal] 
[algo2a-g3-l0-modal] [36m(CommandActor pid=2493)[0m [2026-09-29 20:27:35] INFO:     172.20.6.108:52178 - "POST /generate HTTP/1.1" 200 OK
[algo2a-g3-l0-modal] 
[algo2a-g3-l0-modal] [36m(CommandActor pid=2493)[0m [2026-09-29 20:27:35] INFO:     172.20.6.108:52373 - "POST /generate HTTP/1.1" 200 OK
[algo2a-g3-l0-modal] 
[algo2a-g3-l0-modal] [36m(CommandActor pid=2493)[0m [2026-09-29 20:27:35] Decode batch, #running-req: 16, #token: 2091, token usage: 0.01, cuda graph: True, gen throughput (token/s): 3816.23, #queue-req: 0
[algo2a-g3-l0-modal] 
[algo2a-g3-l0-modal] [36m(CommandActor pid=2493)[0m [2026-09-29 20:27:35] INFO:     172.20.6.108:20086 - "POST /generate HTTP/1.1" 200 OK
[algo2a-g3-l0-modal] 
[algo2a-g3-l0-modal] [36m(CommandActor pid=2493)[0m [2026-09-29 20:27:35] INFO:     172.20.6.108:18782 - "POST /generate HTTP/1.1" 200 OK
[algo2a-g3-l0-modal] 
[algo2a-g3-l0-modal] [36m(CommandActor pid=2493)[0m [2026-09-29 20:27:35] INFO:     172.20.6.108:27386 - "POST /generate HTTP/1.1" 200 OK
[algo2a-g3-l0-modal] 
[algo2a-g3-l0-modal] [36m(CommandActor pid=2493)[0m [2026-09-29 20:27:35] INFO:     172.20.6.108:37316 - "POST /generate HTTP/1.1" 200 OK
[algo2a-g3-l0-modal] 
[algo2a-g3-l0-modal] [36m(CommandActor pid=2493)[0m [2026-09-29 20:27:35] INFO:     172.20.6.108:40659 - "POST /generate HTTP/1.1" 200 OK
[algo2a-g3-l0-modal] 
[algo2a-g3-l0-modal] [36m(CommandActor pid=2493)[0m [2026-09-29 20:27:35] INFO:     172.20.6.108:28923 - "POST /generate HTTP/1.1" 200 OK
[algo2a-g3-l0-modal] 
[algo2a-g3-l0-modal] [36m(CommandActor pid=2493)[0m [2026-09-29 20:27:35] INFO:     172.20.6.108:65520 - "POST /generate HTTP/1.1" 200 OK
[algo2a-g3-l0-modal] 
[algo2a-g3-l0-modal] [36m(CommandActor pid=2493)[0m [2026-09-29 20:27:35] INFO:     172.20.6.108:50215 - "POST /generate HTTP/1.1" 200 OK
[algo2a-g3-l0-modal] 
[algo2a-g3-l0-modal] [36m(CommandActor pid=2493)[0m [2026-09-29 20:27:35] INFO:     172.20.6.108:53306 - "POST /generate HTTP/1.1" 200 OK
[algo2a-g3-l0-modal] 
[algo2a-g3-l0-modal] [36m(CommandActor pid=2493)[0m [2026-09-29 20:27:35] Decode batch, #running-req: 10, #token: 1765, token usage: 0.01, cuda graph: True, gen throughput (token/s): 2786.36, #queue-req: 0
[algo2a-g3-l0-modal] 
[algo2a-g3-l1-modal] [36m(InferenceController pid=2604)[0m [2026-09-29 20:27:35.691 inference_controller] inference_controller.py:796 - Waiting for 1/1 cells to become ready...
[algo2a-g3-l0-modal] [36m(CommandActor pid=2493)[0m [2026-09-29 20:27:35] INFO:     172.20.6.108:35444 - "POST /generate HTTP/1.1" 200 OK
[algo2a-g3-l0-modal] 
[algo2a-g3-l0-modal] [36m(CommandActor pid=2493)[0m [2026-09-29 20:27:35] INFO:     172.20.6.108:55190 - "POST /generate HTTP/1.1" 200 OK
[algo2a-g3-l0-modal] 
[algo2a-g3-l0-modal] [36m(CommandActor pid=2493)[0m [2026-09-29 20:27:35] INFO:     172.20.6.108:39010 - "POST /generate HTTP/1.1" 200 OK
[algo2a-g3-l1-modal] 
[algo2a-g3-l0-modal] [36m(RolloutExecutor pid=2492)[0m Rollout generation:  75%|███████▌  | 24/32 [00:10<00:02,  3.01it/s]
[algo2a-g3-l0-modal] 
[algo2a-g3-l0-modal] [36m(CommandActor pid=2493)[0m [2026-09-29 20:27:35] INFO:     172.20.6.108:20751 - "POST /generate HTTP/1.1" 200 OK
[algo2a-g3-l0-modal] 
[algo2a-g3-l0-modal] [36m(CommandActor pid=2493)[0m [2026-09-29 20:27:35] INFO:     172.20.6.108:23245 - "POST /generate HTTP/1.1" 200 OK
[algo2a-g3-l0-modal] 
[algo2a-g3-l0-modal] [36m(CommandActor pid=2493)[0m [2026-09-29 20:27:36] INFO:     172.20.6.108:30837 - "POST /generate HTTP/1.1" 200 OK
[algo2a-g3-l0-modal] 
[algo2a-g3-l0-modal] [36m(CommandActor pid=2493)[0m [2026-09-29 20:27:35] Decode batch, #running-req: 4, #token: 695, token usage: 0.00, cuda graph: True, gen throughput (token/s): 1522.81, #queue-req: 0
[algo2a-g3-l0-modal] 
[algo2a-g3-l0-modal] [36m(CommandActor pid=2493)[0m [2026-09-29 20:27:36] Decode batch, #running-req: 1, #token: 333, token usage: 0.00, cuda graph: True, gen throughput (token/s): 320.10, #queue-req: 0
[algo2a-g3-l0-modal] 
[algo2a-g3-l0-modal] [36m(RolloutExecutor pid=2492)[0m Rollout generation: 100%|██████████| 32/32 [00:10<00:00,  4.26it/s]Rollout generation: 100%|██████████| 32/32 [00:10<00:00,  3.06it/s]
[algo2a-g3-l0-modal] 
[algo2a-g3-l0-modal] [36m(RolloutExecutor pid=2492)[0m [2026-09-29 20:27:36.346 rollout_executor] inference_rollout_train.py:161 - Finish rollout: text_preview=<|im_start|>system\nYou are a helpful assistant. Please put the answer within \boxed{}.<|im_end|>\n<|im_start|>user\nBetty is saving money for a new wallet which costs $100. Betty has only half of the money she needs. Her parents decided to give her $15 for that purpose, and her grandparents twice as much as her parents. How much more money does Betty need to buy the wallet?<|im_end|>\n<|im_start|>assistant\n<think>\n\n</think>\n\nLet's solve this step by step:\n\n1. The cost of the wallet is **$100**.\n2. ...<truncated chars=532>, label=5, reward_summary=1.0
[algo2a-g3-l0-modal] 
[algo2a-g3-l0-modal] [36m(RolloutExecutor pid=2492)[0m [2026-09-29 20:27:36.348 rollout_executor] inference_rollout_train.py:33 - Abort request for ['http://172.20.6.108:20000']
[algo2a-g3-l0-modal] 
[algo2a-g3-l0-modal] [36m(RolloutExecutor pid=2492)[0m Using blocking ray.get inside async actor. This blocks the event loop. Please use `await` on object ref with asyncio.gather if you want to yield execution to the event loop instead.
[algo2a-g3-l0-modal] 
[algo2a-g3-l0-modal] [36m(CommandActor pid=2493)[0m [2026-09-29 20:27:36] INFO:     172.20.6.108:62446 - "POST /generate HTTP/1.1" 200 OK
[algo2a-g3-l0-modal] 
[algo2a-g3-l0-modal] [36m(CommandActor pid=2493)[0m [2026-09-29 20:27:36] INFO:     172.20.6.108:31062 - "POST /abort_request HTTP/1.1" 200 OK
[algo2a-g3-l0-modal] 
[algo2a-g3-l0-modal] [36m(CommandActor pid=2493)[0m [2026-09-29 20:27:36] Decode batch, #running-req: 1, #token: 373, token usage: 0.00, cuda graph: True, gen throughput (token/s): 223.80, #queue-req: 0
[algo2a-g3-l0-modal] 
[algo2a-g3-l0-modal] [36m(RolloutExecutor pid=2492)[0m [2026-09-29 20:27:36.368 rollout_executor] rollout_data_conversion.py:39 - Final collected 32 samples from rollout to train
[algo2a-g3-l0-modal] 
[algo2a-g3-l0-modal] [36m(RolloutExecutor pid=2492)[0m [2026-09-29 20:27:36.368 rollout_executor] metrics.py:93 - perf 0: {'rollout/raw_reward_unfiltered': 0.90625, 'rollout/num_training_samples': 32, 'rollout/episode_raw_reward': 0.90625, 'rollout/episode_response_length/mean': 130.25, 'rollout/episode_response_length/median': 128.5, 'rollout/episode_response_length/max': 285, 'rollout/episode_response_length/min': 60, 'rollout/episode_total_response_length/mean': 130.25, 'rollout/response_len/mean': 130.25, 'rollout/response_len/median': 128.5, 'rollout/response_len/max': 285, 'rollout/response_len/min': 60, 'rollout/zero_std/count_1.0': 2, 'rollout/zero_std/all_zero_percentage': 0.0, 'rollout/zero_std/all_one_percentage': 0.5, 'rollout/prefix_cache_hit_rate': 0.0, 'rollout/avg_cached_tokens_per_sample': 0.0, 'rollout/repetition_frac': 0.0, 'rollout/truncated_ratio': 0.0, 'perf/rollout_time': 11.400946855545044, 'perf/tokens_per_gpu_per_sec': 365.58367062055225, 'perf/longest_sample_tokens_per_sec': 24.99792373485062, 'perf/effective_tokens_per_gpu_per_sec': 365.58367062055225, 'perf/longest_effective_sample_tokens_per_sec': 24.99792373485062}
[algo2a-g3-l0-modal] 
[algo2a-g3-l0-modal] [36m(RolloutExecutor pid=2492)[0m YETO_RL_EVENT {"all_one_groups":2,"all_zero_groups":0,"constant_groups":2,"entries":32,"event":"rl_advantage_transform","groups":4,"island_id":0,"nonzero_advantages":16,"rollout_id":0,"samples":32,"time_unix":1790713656.3864865,"transform":"maxrl"}
[algo2a-g3-l0-modal] 
[algo2a-g3-l0-modal] [36m(RolloutExecutor pid=2492)[0m [2026-09-29 20:27:36.379 rollout_executor] reward_pipeline.py:381 - {"all_one_groups": 2, "all_zero_groups": 0, "constant_groups": 2, "entries": 32, "event": "rl_advantage_transform", "groups": 4, "nonzero_advantages": 16, "rollout_id": 0, "samples": 32, "transform": "maxrl"}
[algo2a-g3-l0-modal] 
[algo2a-g3-l0-modal] [36m(RolloutExecutor pid=2492)[0m [2026-09-29 20:27:36.389 rollout_executor] train_data_conversion.py:334 - Rollout-side DP schedule: num_samples=32, num_rollouts=[32], num_microbatches=[32]
[algo2a-g3-l0-modal] 
[algo2a-g3-l0-modal] [36m(CommandActor pid=2493)[0m [2026-09-29 20:27:36] INFO:     172.20.6.108:33015 - "GET /flush_cache HTTP/1.1" 200 OK
[algo2a-g3-l0-modal] 
[algo2a-g3-l0-modal] [36m(CommandActor pid=2493)[0m [2026-09-29 20:27:36] Cache flushed successfully!
[algo2a-g3-l0-modal] 
[algo2a-g3-l0-modal] [36m(CommandActor pid=2493)[0m [2026-09-29 20:27:36] Cache flushed successfully!
[algo2a-g3-l0-modal] 
[algo2a-g3-l0-modal] [36m(InferenceController pid=2491)[0m [2026-09-29 20:27:36.426 inference_controller] _client.py:1740 - HTTP Request: GET http://172.20.6.108:20000/flush_cache "HTTP/1.1 200 OK"
[algo2a-g3-l0-modal] 
[algo2a-g3-l0-modal] YETO_RL_EVENT {"event":"rl_driver_phase","island_id":0,"phase":"onload","rollout_id":0,"time_unix":1790713656.8610582}
[algo2a-g3-l0-modal] 
[algo2a-g3-l0-modal] [36m(CommandActor pid=2493)[0m [2026-09-29 20:27:36] INFO:     172.20.6.108:33015 - "POST /release_memory_occupation HTTP/1.1" 200 OK
[algo2a-g3-l0-modal] 
[algo2a-g3-l0-modal] [36m(InferenceController pid=2491)[0m [2026-09-29 20:27:36.854 inference_controller] _client.py:1740 - HTTP Request: POST http://172.20.6.108:20000/release_memory_occupation "HTTP/1.1 200 OK"
[algo2a-g3-l0-modal] 
[algo2a-g3-l0-modal] [36m(TrainerController pid=2494)[0m [2026-09-29 20:27:36.862 trainer_controller_actor] cell.py:231 - ft op=execute phase=start cell=trainer-engine-actor-00000 fn=wake_up n_actors=1
[algo2a-g3-l0-modal] 
[algo2a-g3-l0-modal] [36m(MegatronTrainRayActor pid=2820)[0m [2026-09-29 20:27:36.863 actor_cell00000_rank00000] structured_log.py:24 - actor cls=MegatronTrainRayActor fn=wake_up phase=start
[algo2a-g3-l0-modal] 
[algo2a-g3-l0-modal] [36m(MegatronTrainRayActor pid=2820)[0m [2026-09-29 20:27:36.864 actor_cell00000_rank00000] timer.py:31 - Timer wake_up start
[algo2a-g3-l0-modal] 
[algo2a-g3-l0-modal] [36m(MegatronTrainRayActor pid=2820)[0m [2026-09-29 20:27:36.864 actor_cell00000_rank00000] memory_utils.py:41 - [Rank 0] Memory-Usage before wake_up model: {'gpu': '0', 'total_GB': 79.18, 'free_GB': 76.24, 'used_GB': 2.94, 'allocated_GB': 1.2, 'reserved_GB': 1.27}
[algo2a-g3-l0-modal] 
[algo2a-g3-l1-modal] [36m(CommandActor pid=2609)[0m Capturing batches (bs=256 avail_mem=45.32 GB):   3%|▎         | 1/36 [00:41<24:22, 41.80s/it]Capturing batches (bs=248 avail_mem=45.21 GB):   3%|▎         | 1/36 [00:41<24:22, 41.80s/it]
[algo2a-g3-l0-modal] YETO_RL_EVENT {"event":"rl_driver_phase","island_id":0,"phase":"train","rollout_id":0,"time_unix":1790713657.64743}
[algo2a-g3-l0-modal] 
[algo2a-g3-l1-modal] 
[algo2a-g3-l0-modal] [36m(TrainerController pid=2494)[0m [2026-09-29 20:27:37.645 trainer_controller_actor] cell.py:239 - ft op=execute phase=end cell=trainer-engine-actor-00000 fn=wake_up ok=true elapsed_s=0.8
[algo2a-g3-l0-modal] 
[algo2a-g3-l0-modal] [36m(TrainerController pid=2494)[0m [2026-09-29 20:27:37.649 trainer_controller_actor] group.py:190 - ft op=train phase=start rollout=0 attempt=0
[algo2a-g3-l0-modal] 
[algo2a-g3-l0-modal] [36m(TrainerController pid=2494)[0m [2026-09-29 20:27:37.650 trainer_controller_actor] group.py:534 - ft op=refresh phase=start rollout=0 alive=0 healing= all_states="(0, 'StateAllocatedAlive')" quorum=0
[algo2a-g3-l0-modal] 
[algo2a-g3-l0-modal] [36m(TrainerController pid=2494)[0m [2026-09-29 20:27:37.650 trainer_controller_actor] group.py:557 - ft op=refresh phase=decision rollout=0 needs_reconfigure=false reason=alive_config_unchanged,no_healing quorum=0
[algo2a-g3-l0-modal] 
[algo2a-g3-l0-modal] [36m(TrainerController pid=2494)[0m [2026-09-29 20:27:37.650 trainer_controller_actor] cell.py:231 - ft op=execute phase=start cell=trainer-engine-actor-00000 fn=train n_actors=1
[algo2a-g3-l0-modal] 
[algo2a-g3-l0-modal] [36m(MegatronTrainRayActor pid=2820)[0m [2026-09-29 20:27:37.643 actor_cell00000_rank00000] reloadable_process_group.py:151 - Reloading 0 process groups in pid 2820
[algo2a-g3-l0-modal] 
[algo2a-g3-l0-modal] [36m(MegatronTrainRayActor pid=2820)[0m [2026-09-29 20:27:37.644 actor_cell00000_rank00000] memory_utils.py:41 - [Rank 0] Memory-Usage after wake_up model: {'gpu': '0', 'total_GB': 79.18, 'free_GB': 75.0, 'used_GB': 4.18, 'allocated_GB': 1.2, 'reserved_GB': 1.27}
[algo2a-g3-l0-modal] 
[algo2a-g3-l0-modal] [36m(MegatronTrainRayActor pid=2820)[0m [2026-09-29 20:27:37.644 actor_cell00000_rank00000] timer.py:42 - Timer wake_up end (elapsed: 0.8s)
[algo2a-g3-l0-modal] 
[algo2a-g3-l0-modal] [36m(MegatronTrainRayActor pid=2820)[0m [2026-09-29 20:27:37.644 actor_cell00000_rank00000] structured_log.py:28 - actor cls=MegatronTrainRayActor fn=wake_up phase=end ok=true elapsed_s=0.8
[algo2a-g3-l0-modal] 
[algo2a-g3-l0-modal] [36m(MegatronTrainRayActor pid=2820)[0m [2026-09-29 20:27:37.651 actor_cell00000_rank00000] structured_log.py:24 - actor cls=MegatronTrainRayActor fn=train phase=start
[algo2a-g3-l0-modal] 
[algo2a-g3-l0-modal] [36m(MegatronTrainRayActor pid=2820)[0m [2026-09-29 20:27:37.652 actor_cell00000_rank00000] timer.py:31 - Timer data_preprocess start
[algo2a-g3-l0-modal] 
[algo2a-g3-l0-modal] [36m(MegatronTrainRayActor pid=2820)[0m [2026-09-29 20:27:37.655 actor_cell00000_rank00000] timer.py:42 - Timer data_preprocess end (elapsed: 0.0s)
[algo2a-g3-l0-modal] 
[algo2a-g3-l0-modal] [36m(MegatronTrainRayActor pid=2820)[0m [2026-09-29 20:27:37.655 actor_cell00000_rank00000] structured_log.py:24 - actor cls=MegatronTrainRayActor fn=_train_actor phase=start
[algo2a-g3-l0-modal] 
[algo2a-g3-l0-modal] [36m(MegatronTrainRayActor pid=2820)[0m [2026-09-29 20:27:37.655 actor_cell00000_rank00000] timer.py:42 - Timer train_wait end (elapsed: 341.1s)
[algo2a-g3-l0-modal] 
[algo2a-g3-l0-modal] [36m(MegatronTrainRayActor pid=2820)[0m [2026-09-29 20:27:37.656 actor_cell00000_rank00000] timer.py:31 - Timer train start
[algo2a-g3-l0-modal] 
[algo2a-g3-l0-modal] [36m(MegatronTrainRayActor pid=2820)[0m [2026-09-29 20:27:37.656 actor_cell00000_rank00000] structured_log.py:24 - actor cls=MegatronTrainRayActor fn=_compute_log_prob phase=start
[algo2a-g3-l0-modal] 
[algo2a-g3-l0-modal] [36m(MegatronTrainRayActor pid=2820)[0m [2026-09-29 20:27:37.656 actor_cell00000_rank00000] timer.py:31 - Timer log_probs start
[algo2a-g3-l0-modal] 
[algo2a-g3-l1-modal] [36m(InferenceController pid=2604)[0m [2026-09-29 20:27:37.692 inference_controller] inference_controller.py:796 - Waiting for 1/1 cells to become ready...
[algo2a-g3-l1-modal] 
[algo2a-g3-l1-modal] [36m(CommandActor pid=2609)[0m Capturing batches (bs=248 avail_mem=45.21 GB):   6%|▌         | 2/36 [00:42<09:53, 17.47s/it]Capturing batches (bs=240 avail_mem=45.21 GB):   6%|▌         | 2/36 [00:42<09:53, 17.47s/it]
[algo2a-g3-l1-modal] 
[algo2a-g3-l1-modal] [36m(CommandActor pid=2609)[0m Capturing batches (bs=240 avail_mem=45.21 GB):   8%|▊         | 3/36 [00:42<05:18,  9.65s/it]Capturing batches (bs=232 avail_mem=45.20 GB):   8%|▊         | 3/36 [00:42<05:18,  9.65s/it]
[algo2a-g3-l1-modal] 
[algo2a-g3-l1-modal] [36m(CommandActor pid=2609)[0m Capturing batches (bs=232 avail_mem=45.20 GB):  11%|█         | 4/36 [00:42<03:09,  5.93s/it]Capturing batches (bs=224 avail_mem=45.20 GB):  11%|█         | 4/36 [00:42<03:09,  5.93s/it]
[algo2a-g3-l1-modal] 
[algo2a-g3-l1-modal] [36m(CommandActor pid=2609)[0m Capturing batches (bs=224 avail_mem=45.20 GB):  14%|█▍        | 5/36 [00:43<01:59,  3.87s/it]Capturing batches (bs=216 avail_mem=45.19 GB):  14%|█▍        | 5/36 [00:43<01:59,  3.87s/it]
[algo2a-g3-l1-modal] 
[algo2a-g3-l1-modal] [36m(CommandActor pid=2609)[0m Capturing batches (bs=216 avail_mem=45.19 GB):  17%|█▋        | 6/36 [00:43<01:18,  2.62s/it]Capturing batches (bs=208 avail_mem=45.19 GB):  17%|█▋        | 6/36 [00:43<01:18,  2.62s/it]
[algo2a-g3-l1-modal] 
[algo2a-g3-l1-modal] [36m(CommandActor pid=2609)[0m Capturing batches (bs=208 avail_mem=45.19 GB):  19%|█▉        | 7/36 [00:43<00:53,  1.83s/it]Capturing batches (bs=200 avail_mem=45.18 GB):  19%|█▉        | 7/36 [00:43<00:53,  1.83s/it]
[algo2a-g3-l1-modal] 
[algo2a-g3-l1-modal] [36m(CommandActor pid=2609)[0m Capturing batches (bs=200 avail_mem=45.18 GB):  22%|██▏       | 8/36 [00:43<00:36,  1.31s/it]Capturing batches (bs=192 avail_mem=45.18 GB):  22%|██▏       | 8/36 [00:43<00:36,  1.31s/it]
[algo2a-g3-l1-modal] 
[algo2a-g3-l1-modal] [36m(InferenceController pid=2604)[0m [2026-09-29 20:27:39.693 inference_controller] inference_controller.py:796 - Waiting for 1/1 cells to become ready...
[algo2a-g3-l1-modal] 
[algo2a-g3-l1-modal] [36m(InferenceController pid=2604)[0m [2026-09-29 20:27:41.694 inference_controller] inference_controller.py:796 - Waiting for 1/1 cells to become ready...
[algo2a-g3-l1-modal] 
[algo2a-g3-l0-modal] [36m(CommandActor pid=2493)[0m [2026-09-29 20:27:43] INFO:     172.20.6.108:31514 - "GET /health HTTP/1.1" 200 OK
[algo2a-g3-l0-modal] 
[algo2a-g3-l1-modal] [36m(InferenceController pid=2604)[0m [2026-09-29 20:27:43.696 inference_controller] inference_controller.py:796 - Waiting for 1/1 cells to become ready...
[algo2a-g3-l1-modal] 
[algo2a-g3-l1-modal] [36m(CommandActor pid=2609)[0m Capturing batches (bs=192 avail_mem=45.18 GB):  25%|██▌       | 9/36 [00:49<01:11,  2.65s/it]Capturing batches (bs=184 avail_mem=45.17 GB):  25%|██▌       | 9/36 [00:49<01:11,  2.65s/it]
[algo2a-g3-l1-modal] 
[algo2a-g3-l1-modal] [36m(CommandActor pid=2609)[0m Capturing batches (bs=184 avail_mem=45.17 GB):  28%|██▊       | 10/36 [00:49<00:49,  1.90s/it]Capturing batches (bs=176 avail_mem=45.17 GB):  28%|██▊       | 10/36 [00:49<00:49,  1.90s/it]
[algo2a-g3-l1-modal] 
[algo2a-g3-l1-modal] [36m(CommandActor pid=2609)[0m Capturing batches (bs=176 avail_mem=45.17 GB):  31%|███       | 11/36 [00:49<00:34,  1.38s/it]Capturing batches (bs=168 avail_mem=45.16 GB):  31%|███       | 11/36 [00:49<00:34,  1.38s/it]
[algo2a-g3-l1-modal] 
[algo2a-g3-l1-modal] [36m(CommandActor pid=2609)[0m Capturing batches (bs=168 avail_mem=45.16 GB):  33%|███▎      | 12/36 [00:49<00:24,  1.02s/it]Capturing batches (bs=160 avail_mem=45.16 GB):  33%|███▎      | 12/36 [00:49<00:24,  1.02s/it]
[algo2a-g3-l1-modal] 
[algo2a-g3-l1-modal] [36m(InferenceController pid=2604)[0m [2026-09-29 20:27:45.697 inference_controller] inference_controller.py:796 - Waiting for 1/1 cells to become ready...
[algo2a-g3-l1-modal] 
[algo2a-g3-l1-modal] [36m(CommandActor pid=2609)[0m Capturing batches (bs=160 avail_mem=45.16 GB):  36%|███▌      | 13/36 [00:50<00:17,  1.29it/s]Capturing batches (bs=152 avail_mem=45.16 GB):  36%|███▌      | 13/36 [00:50<00:17,  1.29it/s]
[algo2a-g3-l1-modal] 
[algo2a-g3-l1-modal] [36m(CommandActor pid=2609)[0m Capturing batches (bs=152 avail_mem=45.16 GB):  39%|███▉      | 14/36 [00:50<00:13,  1.63it/s]Capturing batches (bs=144 avail_mem=45.15 GB):  39%|███▉      | 14/36 [00:50<00:13,  1.63it/s]
[algo2a-g3-l1-modal] 
[algo2a-g3-l1-modal] [36m(CommandActor pid=2609)[0m Capturing batches (bs=144 avail_mem=45.15 GB):  42%|████▏     | 15/36 [00:50<00:10,  1.94it/s]Capturing batches (bs=136 avail_mem=45.15 GB):  42%|████▏     | 15/36 [00:50<00:10,  1.94it/s]
[algo2a-g3-l1-modal] 
[algo2a-g3-l1-modal] [36m(CommandActor pid=2609)[0m Capturing batches (bs=136 avail_mem=45.15 GB):  44%|████▍     | 16/36 [00:50<00:08,  2.34it/s]Capturing batches (bs=128 avail_mem=45.15 GB):  44%|████▍     | 16/36 [00:50<00:08,  2.34it/s]
[algo2a-g3-l1-modal] 
[algo2a-g3-l1-modal] [36m(InferenceController pid=2604)[0m [2026-09-29 20:27:47.699 inference_controller] inference_controller.py:796 - Waiting for 1/1 cells to become ready...
[algo2a-g3-l1-modal] 
[algo2a-g3-l0-modal] [36m(MegatronTrainRayActor pid=2820)[0m [2026-09-29 20:27:48.768 actor_cell00000_rank00000] timer.py:42 - Timer log_probs end (elapsed: 11.1s)
[algo2a-g3-l0-modal] 
[algo2a-g3-l0-modal] [36m(MegatronTrainRayActor pid=2820)[0m [2026-09-29 20:27:48.768 actor_cell00000_rank00000] structured_log.py:28 - actor cls=MegatronTrainRayActor fn=_compute_log_prob phase=end ok=true elapsed_s=11.1
[algo2a-g3-l0-modal] 
[algo2a-g3-l0-modal] [36m(MegatronTrainRayActor pid=2820)[0m [2026-09-29 20:27:48.787 actor_cell00000_rank00000] log_utils.py:100 - ft op=cross_cell phase=start kind=log_gather rank=0
[algo2a-g3-l0-modal] 
[algo2a-g3-l0-modal] [36m(MegatronTrainRayActor pid=2820)[0m [2026-09-29 20:27:48.789 actor_cell00000_rank00000] log_utils.py:106 - ft op=cross_cell phase=end kind=log_gather rank=0 success=true
[algo2a-g3-l0-modal] 
[algo2a-g3-l0-modal] [36m(MegatronTrainRayActor pid=2820)[0m [2026-09-29 20:27:48.789 actor_cell00000_rank00000] log_utils.py:126 - rollout 0: {'rollout/response_lengths': 130.25, 'rollout/rewards': 3.259629011154175e-09, 'rollout/truncated': 0.0, 'rollout/rollout_log_probs': -0.2707560956478119, 'rollout/raw_reward': 0.90625, 'rollout/total_lengths': 207.5, 'rollout/log_probs': -0.27170008420944214, 'rollout/advantages': 6.05359673500061e-09, 'rollout/returns': 6.05359673500061e-09}
[algo2a-g3-l0-modal] 
[algo2a-g3-l0-modal] [36m(MegatronTrainRayActor pid=2820)[0m [2026-09-29 20:27:48.789 actor_cell00000_rank00000] timer.py:31 - Timer actor_train start
[algo2a-g3-l0-modal] 
[algo2a-g3-l1-modal] [36m(InferenceController pid=2604)[0m [2026-09-29 20:27:49.701 inference_controller] inference_controller.py:796 - Waiting for 1/1 cells to become ready...
[algo2a-g3-l1-modal] 
[algo2a-g3-l1-modal] [36m(InferenceController pid=2604)[0m [2026-09-29 20:27:51.702 inference_controller] inference_controller.py:796 - Waiting for 1/1 cells to become ready...
[algo2a-g3-l1-modal] 
[algo2a-g3-l1-modal] [36m(InferenceController pid=2604)[0m [2026-09-29 20:27:53.703 inference_controller] inference_controller.py:796 - Waiting for 1/1 cells to become ready...
[algo2a-g3-l1-modal] 
[algo2a-g3-l0-modal] [36m(MegatronTrainRayActor pid=2820)[0m /root/Megatron-LM/megatron/core/pipeline_parallel/schedules.py:220: UserWarning: The AccumulateGrad node's stream does not match the stream of the node that produced the incoming gradient. This may incur unnecessary synchronization and break CUDA graph capture if the AccumulateGrad node's stream is the default stream. This mismatch is caused by an AccumulateGrad node created prior to the current iteration being kept alive. This can happen if the autograd graph is still being kept alive by tensors such as the loss, or if you are using DDP, which will stash a reference to the node. To resolve the mismatch, delete all references to the autograd graph or ensure that DDP initialization is performed under the same stream as subsequent forwards. If the mismatch is intentional, you can use torch.autograd.graph.set_warn_on_accumulate_grad_stream_mismatch(False) to suppress this warning. (Triggered internally at /__w/pytorch/pytorch/torch/csrc/autograd/input_buffer.cpp:310.)
[algo2a-g3-l0-modal] 
[algo2a-g3-l0-modal] [36m(MegatronTrainRayActor pid=2820)[0m   Variable._execution_engine.run_backward(
[algo2a-g3-l0-modal] 
[algo2a-g3-l1-modal] [36m(CommandActor pid=2609)[0m Capturing batches (bs=128 avail_mem=45.15 GB):  47%|████▋     | 17/36 [00:59<00:55,  2.90s/it]Capturing batches (bs=120 avail_mem=45.14 GB):  47%|████▋     | 17/36 [00:59<00:55,  2.90s/it]
[algo2a-g3-l1-modal] 
[algo2a-g3-l1-modal] [36m(CommandActor pid=2609)[0m Capturing batches (bs=120 avail_mem=45.14 GB):  50%|█████     | 18/36 [00:59<00:37,  2.09s/it]Capturing batches (bs=112 avail_mem=45.13 GB):  50%|█████     | 18/36 [00:59<00:37,  2.09s/it]
[algo2a-g3-l1-modal] 
[algo2a-g3-l1-modal] [36m(CommandActor pid=2609)[0m Capturing batches (bs=112 avail_mem=45.13 GB):  53%|█████▎    | 19/36 [00:59<00:25,  1.53s/it]Capturing batches (bs=104 avail_mem=45.13 GB):  53%|█████▎    | 19/36 [00:59<00:25,  1.53s/it]
[algo2a-g3-l1-modal] 
[algo2a-g3-l1-modal] [36m(InferenceController pid=2604)[0m [2026-09-29 20:27:55.705 inference_controller] inference_controller.py:796 - Waiting for 1/1 cells to become ready...
[algo2a-g3-l1-modal] 
[algo2a-g3-l1-modal] [36m(CommandActor pid=2609)[0m Capturing batches (bs=104 avail_mem=45.13 GB):  56%|█████▌    | 20/36 [01:00<00:18,  1.13s/it]Capturing batches (bs=96 avail_mem=45.12 GB):  56%|█████▌    | 20/36 [01:00<00:18,  1.13s/it]
[algo2a-g3-l1-modal] 
[algo2a-g3-l1-modal] [36m(CommandActor pid=2609)[0m Capturing batches (bs=96 avail_mem=45.12 GB):  58%|█████▊    | 21/36 [01:00<00:13,  1.13it/s]
[algo2a-g3-l1-modal] 
[algo2a-g3-l1-modal] [36m(CommandActor pid=2609)[0m Capturing batches (bs=88 avail_mem=45.12 GB):  58%|█████▊    | 21/36 [01:00<00:13,  1.13it/s]
[algo2a-g3-l1-modal] 
[algo2a-g3-l1-modal] [36m(CommandActor pid=2609)[0m Capturing batches (bs=88 avail_mem=45.12 GB):  61%|██████    | 22/36 [01:00<00:09,  1.42it/s]Capturing batches (bs=80 avail_mem=45.11 GB):  61%|██████    | 22/36 [01:00<00:09,  1.42it/s]
[algo2a-g3-l1-modal] 
[algo2a-g3-l1-modal] [36m(CommandActor pid=2609)[0m Capturing batches (bs=80 avail_mem=45.11 GB):  64%|██████▍   | 23/36 [01:00<00:07,  1.79it/s]Capturing batches (bs=72 avail_mem=45.11 GB):  64%|██████▍   | 23/36 [01:00<00:07,  1.79it/s]
[algo2a-g3-l1-modal] 
[algo2a-g3-l1-modal] [36m(CommandActor pid=2609)[0m Capturing batches (bs=72 avail_mem=45.11 GB):  67%|██████▋   | 24/36 [01:01<00:05,  2.21it/s]Capturing batches (bs=64 avail_mem=45.10 GB):  67%|██████▋   | 24/36 [01:01<00:05,  2.21it/s]
[algo2a-g3-l1-modal] 
[algo2a-g3-l1-modal] [36m(InferenceController pid=2604)[0m [2026-09-29 20:27:57.706 inference_controller] inference_controller.py:796 - Waiting for 1/1 cells to become ready...
[algo2a-g3-l1-modal] 
[algo2a-g3-l1-modal] [36m(InferenceController pid=2604)[0m [2026-09-29 20:27:59.707 inference_controller] inference_controller.py:796 - Waiting for 1/1 cells to become ready...
[algo2a-g3-l1-modal] 
[algo2a-g3-l1-modal] [36m(InferenceController pid=2604)[0m [2026-09-29 20:28:01.708 inference_controller] inference_controller.py:796 - Waiting for 1/1 cells to become ready...
[algo2a-g3-l1-modal] 
[algo2a-g3-l1-modal] [36m(CommandActor pid=2609)[0m Capturing batches (bs=64 avail_mem=45.10 GB):  69%|██████▉   | 25/36 [01:06<00:22,  2.08s/it]Capturing batches (bs=56 avail_mem=45.10 GB):  69%|██████▉   | 25/36 [01:06<00:22,  2.08s/it]
[algo2a-g3-l1-modal] 
[algo2a-g3-l1-modal] [36m(CommandActor pid=2609)[0m Capturing batches (bs=56 avail_mem=45.10 GB):  72%|███████▏  | 26/36 [01:07<00:15,  1.52s/it]Capturing batches (bs=48 avail_mem=45.10 GB):  72%|███████▏  | 26/36 [01:07<00:15,  1.52s/it]
[algo2a-g3-l1-modal] 
[algo2a-g3-l1-modal] [36m(CommandActor pid=2609)[0m Capturing batches (bs=48 avail_mem=45.10 GB):  75%|███████▌  | 27/36 [01:07<00:10,  1.12s/it]Capturing batches (bs=40 avail_mem=45.09 GB):  75%|███████▌  | 27/36 [01:07<00:10,  1.12s/it]
[algo2a-g3-l1-modal] 
[algo2a-g3-l1-modal] [36m(CommandActor pid=2609)[0m Capturing batches (bs=40 avail_mem=45.09 GB):  78%|███████▊  | 28/36 [01:07<00:06,  1.18it/s]Capturing batches (bs=32 avail_mem=45.08 GB):  78%|███████▊  | 28/36 [01:07<00:06,  1.18it/s]
[algo2a-g3-l1-modal] 
[algo2a-g3-l0-modal] [36m(MegatronTrainRayActor pid=2820)[0m /opt/sglang/lib/python3.12/site-packages/torch/distributed/c10d_logger.py:83: FutureWarning: `torch.distributed.reduce_scatter_tensor` is deprecated. Please use `torch.distributed.reduce_scatter_single` instead.
[algo2a-g3-l0-modal] 
[algo2a-g3-l1-modal] [36m(InferenceController pid=2604)[0m [2026-09-29 20:28:03.709 inference_controller] inference_controller.py:796 - Waiting for 1/1 cells to become ready...
[algo2a-g3-l0-modal] [36m(MegatronTrainRayActor pid=2820)[0m   return func(*args, **kwargs)
[algo2a-g3-l0-modal] 
[algo2a-g3-l1-modal] 
[algo2a-g3-l0-modal] [36m(TrainerController pid=2494)[0m [2026-09-29 20:28:03.816 trainer_controller_actor] cell.py:239 - ft op=execute phase=end cell=trainer-engine-actor-00000 fn=train ok=true elapsed_s=26.2
[algo2a-g3-l0-modal] 
[algo2a-g3-l0-modal] [36m(TrainerController pid=2494)[0m [2026-09-29 20:28:03.816 trainer_controller_actor] group.py:290 - ft op=check errored= discarded= normal=0 decision=no_retry reason="survivors normal, gradients valid"
[algo2a-g3-l0-modal] 
[algo2a-g3-l0-modal] [36m(TrainerController pid=2494)[0m [2026-09-29 20:28:03.819 trainer_controller_actor] cell.py:231 - ft op=execute phase=start cell=trainer-engine-actor-00000 fn=run_plugin n_actors=1
[algo2a-g3-l0-modal] 
[algo2a-g3-l0-modal] [36m(TrainerController pid=2494)[0m [2026-09-29 20:28:03.821 trainer_controller_actor] cell.py:239 - ft op=execute phase=end cell=trainer-engine-actor-00000 fn=run_plugin ok=true elapsed_s=0.0
[algo2a-g3-l0-modal] 
[algo2a-g3-l0-modal] [36m(MegatronTrainRayActor pid=2820)[0m /opt/sglang/lib/python3.12/site-packages/torch/distributed/c10d_logger.py:83: FutureWarning: `torch.distributed.all_gather_into_tensor` is deprecated. Please use `torch.distributed.all_gather_single` instead.
[algo2a-g3-l0-modal] 
[algo2a-g3-l0-modal] [36m(MegatronTrainRayActor pid=2820)[0m   return func(*args, **kwargs)
[algo2a-g3-l0-modal] 
[algo2a-g3-l0-modal] [36m(MegatronTrainRayActor pid=2820)[0m [2026-09-29 20:28:03.812 actor_cell00000_rank00000] model.py:637 - train op=train_step rollout=0 step=0 attempt=0 outcome=NORMAL valid_step=true
[algo2a-g3-l0-modal] 
[algo2a-g3-l0-modal] [36m(MegatronTrainRayActor pid=2820)[0m [2026-09-29 20:28:03.813 actor_cell00000_rank00000] log_utils.py:554 - step 0: {'train/loss': -6.05359673500061e-09, 'train/pg_loss': -6.05359673500061e-09, 'train/entropy_loss': 0.0, 'train/pg_clipfrac': 0.0, 'train/ppo_kl': 5.472228226111042e-10, 'train/ess_ratio': 1.0, 'train/train_rollout_logprob_abs_diff': 0.010704593732953072, 'train/train_rollout_kl': 0.0004407993401400745, 'train/grad_norm': 0.28802576661109924, 'train/lr-pg_0': 6.666666666666668e-06, 'train/step': 0}
[algo2a-g3-l0-modal] 
[algo2a-g3-l0-modal] [36m(MegatronTrainRayActor pid=2820)[0m [2026-09-29 20:28:03.813 actor_cell00000_rank00000] model.py:847 - step 0: {'train/loss': -6.05359673500061e-09, 'train/pg_loss': -6.05359673500061e-09, 'train/entropy_loss': 0.0, 'train/pg_clipfrac': 0.0, 'train/ppo_kl': 5.472228226111042e-10, 'train/ess_ratio': 1.0, 'train/train_rollout_logprob_abs_diff': 0.010704593732953072, 'train/train_rollout_kl': 0.0004407993401400745, 'train/grad_norm': 0.28802576661109924, 'train/lr-pg_0': 6.666666666666668e-06, 'train/step': 0}
[algo2a-g3-l0-modal] 
[algo2a-g3-l0-modal] [36m(MegatronTrainRayActor pid=2820)[0m [2026-09-29 20:28:03.813 actor_cell00000_rank00000] timer.py:42 - Timer actor_train end (elapsed: 15.0s)
[algo2a-g3-l0-modal] 
[algo2a-g3-l0-modal] [36m(MegatronTrainRayActor pid=2820)[0m [2026-09-29 20:28:03.813 actor_cell00000_rank00000] timer.py:42 - Timer train end (elapsed: 26.2s)
[algo2a-g3-l0-modal] 
[algo2a-g3-l0-modal] [36m(MegatronTrainRayActor pid=2820)[0m [2026-09-29 20:28:03.813 actor_cell00000_rank00000] timer.py:31 - Timer train_wait start
[algo2a-g3-l0-modal] 
[algo2a-g3-l0-modal] [36m(MegatronTrainRayActor pid=2820)[0m [2026-09-29 20:28:03.813 actor_cell00000_rank00000] train_metric_utils.py:56 - perf 0: {'perf/sleep_time': 4.797772407531738, 'perf/wake_up_time': 3.321709394454956, 'perf/update_weights_implementation_time': 0.08645462989807129, 'perf/finalize_and_resume_engines_time': 0.046269893646240234, 'perf/update_weights_time': 0.17015409469604492, 'perf/data_preprocess_time': 0.0036716461181640625, 'perf/train_wait_time': 341.1260681152344, 'perf/log_probs_time': 11.112245798110962, 'perf/actor_train_time': 15.023953914642334, 'perf/train_time': 26.157480001449585, 'perf/log_probs_tflops': 0.6342862742289403, 'perf/actor_train_tflops': 1.4074214469063344, 'perf/actor_train_tok_per_s': 441.9608871089961, 'perf/mfu_peak_tflops': 989.0, 'perf/actor_train_mfu': 0.0014230752749305707, 'perf/step_time': 367.28354811668396, 'perf/wait_time_ratio': 0.9287812369065344}
[algo2a-g3-l0-modal] 
[algo2a-g3-l0-modal] [36m(MegatronTrainRayActor pid=2820)[0m [2026-09-29 20:28:03.814 actor_cell00000_rank00000] structured_log.py:28 - actor cls=MegatronTrainRayActor fn=_train_actor phase=end ok=true elapsed_s=26.2
[algo2a-g3-l0-modal] 
[algo2a-g3-l0-modal] [36m(MegatronTrainRayActor pid=2820)[0m [2026-09-29 20:28:03.814 actor_cell00000_rank00000] structured_log.py:28 - actor cls=MegatronTrainRayActor fn=train phase=end ok=true elapsed_s=26.2
[algo2a-g3-l0-modal] 
[algo2a-g3-l0-modal] YETO_RL_EVENT {"applied_lrs":[1e-05],"clip_fraction":null,"event":"rl_round_trained","island_id":0,"masked_fraction":null,"nonzero_advantages":16,"rollout_id":0,"time_unix":1790713683.8269463,"trained_groups":4,"trained_sample_ids_sha256":"6ac54d62824c59fa3a8f59264bca872f865403d905926ce326c231e62752ac7d","trained_samples":32}
[algo2a-g3-l0-modal] 
[algo2a-g3-l0-modal] YETO_RL_EVENT {"event":"rl_driver_phase","island_id":0,"phase":"sync","rollout_id":0,"time_unix":1790713683.8272872}
[algo2a-g3-l0-modal] 
[algo2a-g3-l0-modal] [36m(TrainerController pid=2494)[0m [2026-09-29 20:28:03.823 trainer_controller_actor] cell.py:231 - ft op=execute phase=start cell=trainer-engine-actor-00000 fn=run_plugin n_actors=1
[algo2a-g3-l0-modal] 
[algo2a-g3-l0-modal] [36m(TrainerController pid=2494)[0m [2026-09-29 20:28:03.825 trainer_controller_actor] cell.py:239 - ft op=execute phase=end cell=trainer-engine-actor-00000 fn=run_plugin ok=true elapsed_s=0.0
[algo2a-g3-l0-modal] 
[algo2a-g3-l0-modal] YETO_RL_EVENT {"event":"rl_driver_phase","island_id":0,"phase":"export_push","rollout_id":0,"time_unix":1790713683.8276217}
[algo2a-g3-l0-modal] 
[algo2a-g3-l0-modal] [36m(TrainerController pid=2494)[0m [2026-09-29 20:28:03.829 trainer_controller_actor] cell.py:231 - ft op=execute phase=start cell=trainer-engine-actor-00000 fn=run_plugin n_actors=1
[algo2a-g3-l0-modal] 
[algo2a-g3-l0-modal] [36m(TrainerController pid=2494)[0m [2026-09-29 20:28:04.083 trainer_controller_actor] cell.py:239 - ft op=execute phase=end cell=trainer-engine-actor-00000 fn=run_plugin ok=true elapsed_s=0.3
[algo2a-g3-l0-modal] 
[algo2a-g3-l0-modal] YETO_RL_EVENT {"action_tokens":4168,"active_groups":4,"applied_lr":1e-05,"applied_lrs":[1e-05],"base_policy_version":0,"cancelled_groups":0,"clip_fraction":null,"completed_groups":4,"completed_trajectories":32,"delta_l2_norm":0.02336420863866806,"dynamic_filter_dropped_groups":0,"dynamic_filter_generated_groups":0,"dynamic_filter_replacement_attempts":0,"ess_ratio":null,"event":"rl_local_round","grad_norm":0.28802576661109924,"group_p50_seconds":0.0,"group_p95_seconds":0.0,"group_p99_seconds":0.0,"island_id":0,"local_round_id":1,"loss":null,"lr":null,"mean_kl":null,"nonzero_advantage_count":null,"pass_rate":null,"pg_loss":null,"reward_mean":0.90625,"reward_std":0.2914805954090255,"rl/action_tokens":4168,"rl/active_groups":4,"rl/cancelled_groups":0,"rl/clip_fraction":null,"rl/completed_groups":4,"rl/completed_trajectories":32,"rl/current_vs_rollout_kl":null,"rl/ess_ratio":null,"rl/global_policy_version":0,"rl/group_p50_seconds":0.0,"rl/group_p95_seconds":0.0,"rl/group_p99_seconds":0.0,"rl/local_delta_norm":0.02336420863866806,"rl/mixed_version_group_count":0,"rl/reward_mean":0.90625,"rl/reward_std":0.2914805954090255,"rl/rollout_policy_version":0,"rl/rollout_seconds":12.246112982,"rl/tool_wait_seconds":0.0,"rl/zero_variance_group_ratio":0.5,"rollout_seconds":12.246112982,"sync/bytes_sent":40370224,"time_unix":1790713684.4758112,"tool_wait_seconds":0.0,"train_seconds":26.179001975999995,"train_step":null,"zero_variance_group_ratio":0.5}
[algo2a-g3-l0-modal] 
[algo2a-g3-l0-modal] YETO_RL_EVENT {"event":"rl_driver_phase","island_id":0,"phase":"wait_global","policy_version":1,"time_unix":1790713684.5335925}
[algo2a-g3-l0-modal] 
[algo2a-g3-l1-modal] [36m(InferenceController pid=2604)[0m [2026-09-29 20:28:05.710 inference_controller] inference_controller.py:796 - Waiting for 1/1 cells to become ready...
[algo2a-g3-l1-modal] 
[algo2a-g3-l1-modal] [36m(InferenceController pid=2604)[0m [2026-09-29 20:28:07.712 inference_controller] inference_controller.py:796 - Waiting for 1/1 cells to become ready...
[algo2a-g3-l1-modal] 
[algo2a-g3-l1-modal] [36m(InferenceController pid=2604)[0m [2026-09-29 20:28:09.713 inference_controller] inference_controller.py:796 - Waiting for 1/1 cells to become ready...
[algo2a-g3-l1-modal] 
[algo2a-g3-l1-modal] [36m(InferenceController pid=2604)[0m [2026-09-29 20:28:11.715 inference_controller] inference_controller.py:796 - Waiting for 1/1 cells to become ready...
[algo2a-g3-l1-modal] 
[algo2a-g3-l1-modal] [36m(InferenceController pid=2604)[0m [2026-09-29 20:28:13.716 inference_controller] inference_controller.py:796 - Waiting for 1/1 cells to become ready...
[algo2a-g3-l1-modal] 
[algo2a-g3-l1-modal] [36m(CommandActor pid=2609)[0m Capturing batches (bs=32 avail_mem=45.08 GB):  81%|████████  | 29/36 [01:18<00:27,  3.89s/it]Capturing batches (bs=24 avail_mem=45.08 GB):  81%|████████  | 29/36 [01:18<00:27,  3.89s/it]
[algo2a-g3-l1-modal] 
[algo2a-g3-l1-modal] [36m(CommandActor pid=2609)[0m Capturing batches (bs=24 avail_mem=45.08 GB):  83%|████████▎ | 30/36 [01:18<00:16,  2.79s/it]Capturing batches (bs=16 avail_mem=45.08 GB):  83%|████████▎ | 30/36 [01:18<00:16,  2.79s/it]
[algo2a-g3-l1-modal] 
[algo2a-g3-l1-modal] [36m(InferenceController pid=2604)[0m [2026-09-29 20:28:15.716 inference_controller] inference_controller.py:796 - Waiting for 1/1 cells to become ready...
[algo2a-g3-l1-modal] 
[algo2a-g3-l1-modal] [36m(InferenceController pid=2604)[0m [2026-09-29 20:28:17.718 inference_controller] inference_controller.py:796 - Waiting for 1/1 cells to become ready...
[algo2a-g3-l1-modal] 
[algo2a-g3-l1-modal] [36m(InferenceController pid=2604)[0m [2026-09-29 20:28:19.719 inference_controller] inference_controller.py:796 - Waiting for 1/1 cells to become ready...
[algo2a-g3-l1-modal] 
[algo2a-g3-l1-modal] [36m(InferenceController pid=2604)[0m [2026-09-29 20:28:21.720 inference_controller] inference_controller.py:796 - Waiting for 1/1 cells to become ready...
[algo2a-g3-l1-modal] 
[algo2a-g3-l1-modal] [36m(InferenceController pid=2604)[0m [2026-09-29 20:28:23.721 inference_controller] inference_controller.py:796 - Waiting for 1/1 cells to become ready...
[algo2a-g3-l1-modal] 
[algo2a-g3-l1-modal] [36m(CommandActor pid=2609)[0m Capturing batches (bs=16 avail_mem=45.08 GB):  86%|████████▌ | 31/36 [01:29<00:26,  5.27s/it]Capturing batches (bs=12 avail_mem=45.07 GB):  86%|████████▌ | 31/36 [01:29<00:26,  5.27s/it]
[algo2a-g3-l1-modal] 
[algo2a-g3-l1-modal] [36m(InferenceController pid=2604)[0m [2026-09-29 20:28:25.722 inference_controller] inference_controller.py:796 - Waiting for 1/1 cells to become ready...
[algo2a-g3-l1-modal] 
[algo2a-g3-l1-modal] [36m(CommandActor pid=2609)[0m Capturing batches (bs=12 avail_mem=45.07 GB):  89%|████████▉ | 32/36 [01:30<00:15,  3.75s/it]Capturing batches (bs=8 avail_mem=45.07 GB):  89%|████████▉ | 32/36 [01:30<00:15,  3.75s/it]
[algo2a-g3-l1-modal] 
[algo2a-g3-l1-modal] [36m(CommandActor pid=2609)[0m Capturing batches (bs=8 avail_mem=45.07 GB):  92%|█████████▏| 33/36 [01:30<00:08,  2.69s/it]Capturing batches (bs=4 avail_mem=45.07 GB):  92%|█████████▏| 33/36 [01:30<00:08,  2.69s/it]
[algo2a-g3-l1-modal] 
[algo2a-g3-l1-modal] [36m(CommandActor pid=2609)[0m Capturing batches (bs=4 avail_mem=45.07 GB):  94%|█████████▍| 34/36 [01:30<00:03,  1.97s/it]Capturing batches (bs=2 avail_mem=45.06 GB):  94%|█████████▍| 34/36 [01:30<00:03,  1.97s/it]
[algo2a-g3-l1-modal] 
[algo2a-g3-l1-modal] [36m(CommandActor pid=2609)[0m Capturing batches (bs=2 avail_mem=45.06 GB):  97%|█████████▋| 35/36 [01:30<00:01,  1.44s/it]Capturing batches (bs=1 avail_mem=45.06 GB):  97%|█████████▋| 35/36 [01:30<00:01,  1.44s/it]
[algo2a-g3-l1-modal] 
[algo2a-g3-l1-modal] [36m(CommandActor pid=2609)[0m Capturing batches (bs=1 avail_mem=45.06 GB): 100%|██████████| 36/36 [01:31<00:00,  1.14s/it]Capturing batches (bs=1 avail_mem=45.06 GB): 100%|██████████| 36/36 [01:31<00:00,  2.53s/it]
[algo2a-g3-l1-modal] 
[algo2a-g3-l1-modal] [36m(CommandActor pid=2609)[0m [2026-09-29 20:28:27] Capture target decode CUDA graph end. elapsed=92.42 s, mem usage=0.46 GB, avail mem=45.05 GB.
[algo2a-g3-l1-modal] 
[algo2a-g3-l1-modal] [36m(CommandActor pid=2609)[0m [2026-09-29 20:28:27] max_total_num_tokens=275400, chunked_prefill_size=8192, max_prefill_tokens=16384, max_running_requests=3442, context_len=40960, available_gpu_mem=45.05 GB
[algo2a-g3-l1-modal] 
[36m(CommandActor pid=2609)[0m [2026-09-29 20:28:27] Init Unified Radix Cache. Components: (<ComponentType.FULL: 0>,). Tree Core: UnifiedTreeCore
[algo2a-g3-l1-modal] [36m(CommandActor pid=2609)[0m [2026-09-29 20:28:27] Tree cache initialized: source=default impl=UnifiedRadixCache hybrid_swa=False hybrid_ssm=False hicache_attached=False streaming_wrapped=False
[algo2a-g3-l1-modal] 
[algo2a-g3-l1-modal] [36m(InferenceController pid=2604)[0m [2026-09-29 20:28:27.723 inference_controller] inference_controller.py:796 - Waiting for 1/1 cells to become ready...
[algo2a-g3-l1-modal] 
[algo2a-g3-l1-modal] [36m(CommandActor pid=2609)[0m [2026-09-29 20:28:28] Engine startup timings (s): load_weight=0.83, kv_cache_allocation=0.61, scheduler_e2e=218.74, cuda_graph={prefill=0.00, decode=92.42, target_verify=0.00, draft_prefill=0.00, draft_decode=0.00, draft_extend=0.00}, tokenizer_e2e=247.17
[algo2a-g3-l1-modal] 
[algo2a-g3-l1-modal] [36m(CommandActor pid=2609)[0m [2026-09-29 20:28:28] INFO:     Started server process [3554]
[algo2a-g3-l1-modal] 
[algo2a-g3-l1-modal] [36m(CommandActor pid=2609)[0m [2026-09-29 20:28:28] INFO:     Waiting for application startup.
[algo2a-g3-l1-modal] 
[algo2a-g3-l1-modal] [36m(CommandActor pid=2609)[0m [2026-09-29 20:28:28] Using default chat sampling params from model generation config: {'temperature': 0.6, 'top_k': 20, 'top_p': 0.95}
[algo2a-g3-l1-modal] 
[algo2a-g3-l1-modal] [36m(InferenceController pid=2604)[0m [2026-09-29 20:28:29.723 inference_controller] inference_controller.py:796 - Waiting for 1/1 cells to become ready...
[algo2a-g3-l1-modal] 
[algo2a-g3-l1-modal] [36m(CommandActor pid=2609)[0m [2026-09-29 20:28:29] INFO:     Application startup complete.
[algo2a-g3-l1-modal] 
[algo2a-g3-l1-modal] [36m(CommandActor pid=2609)[0m [2026-09-29 20:28:29] INFO:     Uvicorn running on http://172.20.3.137:20002 (Press CTRL+C to quit)
[algo2a-g3-l1-modal] 
[algo2a-g3-l1-modal] [36m(CommandActor pid=2609)[0m [2026-09-29 20:28:29] post-warmup freeze_gc failed
[algo2a-g3-l1-modal] 
[algo2a-g3-l1-modal] [36m(CommandActor pid=2609)[0m Traceback (most recent call last):
[algo2a-g3-l1-modal] 
[algo2a-g3-l1-modal] [36m(CommandActor pid=2609)[0m   File "/opt/sglang/lib/python3.12/site-packages/urllib3/connection.py", line 239, in _new_conn
[algo2a-g3-l1-modal] 
[algo2a-g3-l1-modal] [36m(CommandActor pid=2609)[0m     sock = connection.create_connection(
[algo2a-g3-l1-modal] 
[algo2a-g3-l1-modal] [36m(CommandActor pid=2609)[0m            ^^^^^^^^^^^^^^^^^^^^^^^^^^^^^
[algo2a-g3-l1-modal] 
[algo2a-g3-l1-modal] [36m(CommandActor pid=2609)[0m   File "/opt/sglang/lib/python3.12/site-packages/urllib3/util/connection.py", line 85, in create_connection
[algo2a-g3-l1-modal] 
[algo2a-g3-l1-modal] [36m(CommandActor pid=2609)[0m     raise err
[algo2a-g3-l1-modal] 
[algo2a-g3-l1-modal] [36m(CommandActor pid=2609)[0m   File "/opt/sglang/lib/python3.12/site-packages/urllib3/util/connection.py", line 73, in create_connection
[algo2a-g3-l1-modal] 
[algo2a-g3-l1-modal] [36m(CommandActor pid=2609)[0m     sock.connect(sa)
[algo2a-g3-l1-modal] 
[algo2a-g3-l1-modal] [36m(CommandActor pid=2609)[0m ConnectionRefusedError: [Errno 111] Connection refused
[algo2a-g3-l1-modal] 
[algo2a-g3-l1-modal] [36m(CommandActor pid=2609)[0m
[algo2a-g3-l1-modal] 
[algo2a-g3-l1-modal] [36m(CommandActor pid=2609)[0m The above exception was the direct cause of the following exception:
[algo2a-g3-l1-modal] 
[algo2a-g3-l1-modal] [36m(CommandActor pid=2609)[0m
[algo2a-g3-l1-modal] 
[algo2a-g3-l1-modal] [36m(CommandActor pid=2609)[0m Traceback (most recent call last):
[algo2a-g3-l1-modal] 
[algo2a-g3-l1-modal] [36m(CommandActor pid=2609)[0m   File "/opt/sglang/lib/python3.12/site-packages/urllib3/connectionpool.py", line 793, in urlopen
[algo2a-g3-l1-modal] 
[algo2a-g3-l1-modal] [36m(CommandActor pid=2609)[0m     response = self._make_request(
[algo2a-g3-l1-modal] 
[algo2a-g3-l1-modal] [36m(CommandActor pid=2609)[0m                ^^^^^^^^^^^^^^^^^^^
[algo2a-g3-l1-modal] 
[algo2a-g3-l1-modal] [36m(CommandActor pid=2609)[0m   File "/opt/sglang/lib/python3.12/site-packages/urllib3/connectionpool.py", line 499, in _make_request
[algo2a-g3-l1-modal] 
[algo2a-g3-l1-modal] [36m(CommandActor pid=2609)[0m     conn.request(
[algo2a-g3-l1-modal] 
[algo2a-g3-l1-modal] [36m(CommandActor pid=2609)[0m   File "/opt/sglang/lib/python3.12/site-packages/urllib3/connection.py", line 567, in request
[algo2a-g3-l1-modal] 
[algo2a-g3-l1-modal] [36m(CommandActor pid=2609)[0m     self.endheaders()
[algo2a-g3-l1-modal] 
[algo2a-g3-l1-modal] [36m(CommandActor pid=2609)[0m   File "/usr/lib/python3.12/http/client.py", line 1360, in endheaders
[algo2a-g3-l1-modal] [36m(CommandActor pid=2609)[0m     self._send_output(message_body, encode_chunked=encode_chunked)
[algo2a-g3-l1-modal] 
[algo2a-g3-l1-modal] [36m(CommandActor pid=2609)[0m   File "/usr/lib/python3.12/http/client.py", line 1120, in _send_output
[algo2a-g3-l1-modal] 
[algo2a-g3-l1-modal] [36m(CommandActor pid=2609)[0m     self.send(msg)
[algo2a-g3-l1-modal] 
[algo2a-g3-l1-modal] [36m(CommandActor pid=2609)[0m   File "/usr/lib/python3.12/http/client.py", line 1064, in send
[algo2a-g3-l1-modal] 
[algo2a-g3-l1-modal] [36m(CommandActor pid=2609)[0m     self.connect()
[algo2a-g3-l1-modal] 
[algo2a-g3-l1-modal] [36m(CommandActor pid=2609)[0m   File "/opt/sglang/lib/python3.12/site-packages/urllib3/connection.py", line 398, in connect
[algo2a-g3-l1-modal] 
[algo2a-g3-l1-modal] [36m(CommandActor pid=2609)[0m     self.sock = self._new_conn()
[algo2a-g3-l1-modal] 
[algo2a-g3-l1-modal] [36m(CommandActor pid=2609)[0m                 ^^^^^^^^^^^^^^^^
[algo2a-g3-l1-modal] 
[algo2a-g3-l1-modal] [36m(CommandActor pid=2609)[0m   File "/opt/sglang/lib/python3.12/site-packages/urllib3/connection.py", line 254, in _new_conn
[algo2a-g3-l1-modal] 
[algo2a-g3-l1-modal] [36m(CommandActor pid=2609)[0m     raise NewConnectionError(
[algo2a-g3-l1-modal] 
[algo2a-g3-l1-modal] [36m(CommandActor pid=2609)[0m urllib3.exceptions.NewConnectionError: HTTPConnection(host='172.20.3.137', port=20002): Failed to establish a new connection: [Errno 111] Connection refused
[algo2a-g3-l1-modal] 
[algo2a-g3-l1-modal] [36m(CommandActor pid=2609)[0m
[algo2a-g3-l1-modal] 
[algo2a-g3-l1-modal] [36m(CommandActor pid=2609)[0m The above exception was the direct cause of the following exception:
[algo2a-g3-l1-modal] 
[algo2a-g3-l1-modal] [36m(CommandActor pid=2609)[0m
[algo2a-g3-l1-modal] 
[algo2a-g3-l1-modal] [36m(CommandActor pid=2609)[0m Traceback (most recent call last):
[algo2a-g3-l1-modal] 
[algo2a-g3-l1-modal] [36m(CommandActor pid=2609)[0m   File "/opt/sglang/lib/python3.12/site-packages/requests/adapters.py", line 696, in send
[algo2a-g3-l1-modal] 
[algo2a-g3-l1-modal] [36m(CommandActor pid=2609)[0m     resp = conn.urlopen(
[algo2a-g3-l1-modal] 
[algo2a-g3-l1-modal] [36m(CommandActor pid=2609)[0m            ^^^^^^^^^^^^^
[algo2a-g3-l1-modal] 
[algo2a-g3-l1-modal] [36m(CommandActor pid=2609)[0m   File "/opt/sglang/lib/python3.12/site-packages/urllib3/connectionpool.py", line 847, in urlopen
[algo2a-g3-l1-modal] 
[algo2a-g3-l1-modal] [36m(CommandActor pid=2609)[0m     retries = retries.increment(
[algo2a-g3-l1-modal] 
[algo2a-g3-l1-modal] [36m(CommandActor pid=2609)[0m               ^^^^^^^^^^^^^^^^^^
[algo2a-g3-l1-modal] 
[algo2a-g3-l1-modal] [36m(CommandActor pid=2609)[0m   File "/opt/sglang/lib/python3.12/site-packages/urllib3/util/retry.py", line 555, in increment
[algo2a-g3-l1-modal] 
[algo2a-g3-l1-modal] [36m(CommandActor pid=2609)[0m     raise MaxRetryError(_pool, url, reason) from reason  # type: ignore[arg-type]
[algo2a-g3-l1-modal] 
[algo2a-g3-l1-modal] [36m(CommandActor pid=2609)[0m     ^^^^^^^^^^^^^^^^^^^^^^^^^^^^^^^^^^^^^^^^^^^^^^^^^^^
[algo2a-g3-l1-modal] 
[algo2a-g3-l1-modal] [36m(CommandActor pid=2609)[0m urllib3.exceptions.MaxRetryError: HTTPConnectionPool(host='172.20.3.137', port=20002): Max retries exceeded with url: /freeze_gc (Caused by NewConnectionError("HTTPConnection(host='172.20.3.137', port=20002): Failed to establish a new connection: [Errno 111] Connection refused"))
[algo2a-g3-l1-modal] 
[algo2a-g3-l1-modal] [36m(CommandActor pid=2609)[0m
[algo2a-g3-l1-modal] 
[algo2a-g3-l1-modal] [36m(CommandActor pid=2609)[0m During handling of the above exception, another exception occurred:
[algo2a-g3-l1-modal] 
[algo2a-g3-l1-modal] [36m(CommandActor pid=2609)[0m
[algo2a-g3-l1-modal] 
[algo2a-g3-l1-modal] [36m(CommandActor pid=2609)[0m Traceback (most recent call last):
[algo2a-g3-l1-modal] 
[algo2a-g3-l1-modal] [36m(CommandActor pid=2609)[0m   File "/root/sglang/python/sglang/srt/entrypoints/http_server.py", line 2469, in _freeze_gc_after_server_warmup
[algo2a-g3-l1-modal] 
[algo2a-g3-l1-modal] [36m(CommandActor pid=2609)[0m     res = requests.post(
[algo2a-g3-l1-modal] 
[algo2a-g3-l1-modal] [36m(CommandActor pid=2609)[0m           ^^^^^^^^^^^^^^
[algo2a-g3-l1-modal] 
[algo2a-g3-l1-modal] [36m(CommandActor pid=2609)[0m   File "/opt/sglang/lib/python3.12/site-packages/requests/api.py", line 134, in post
[algo2a-g3-l1-modal] 
[algo2a-g3-l1-modal] [36m(CommandActor pid=2609)[0m     return request("post", url, data=data, json=json, **kwargs)
[algo2a-g3-l1-modal] 
[algo2a-g3-l1-modal] [36m(CommandActor pid=2609)[0m            ^^^^^^^^^^^^^^^^^^^^^^^^^^^^^^^^^^^^^^^^^^^^^^^^^^^^
[algo2a-g3-l1-modal] 
[algo2a-g3-l1-modal] [36m(CommandActor pid=2609)[0m   File "/opt/sglang/lib/python3.12/site-packages/requests/api.py", line 71, in request
[algo2a-g3-l1-modal] 
[algo2a-g3-l1-modal] [36m(CommandActor pid=2609)[0m     return session.request(method=method, url=url, **kwargs)
[algo2a-g3-l1-modal] 
[algo2a-g3-l1-modal] [36m(CommandActor pid=2609)[0m            ^^^^^^^^^^^^^^^^^^^^^^^^^^^^^^^^^^^^^^^^^^^^^^^^^
[algo2a-g3-l1-modal] 
[algo2a-g3-l1-modal] [36m(CommandActor pid=2609)[0m   File "/opt/sglang/lib/python3.12/site-packages/requests/sessions.py", line 651, in request
[algo2a-g3-l1-modal] 
[algo2a-g3-l1-modal] [36m(CommandActor pid=2609)[0m     resp = self.send(prep, **send_kwargs)
[algo2a-g3-l1-modal] 
[algo2a-g3-l1-modal] [36m(CommandActor pid=2609)[0m            ^^^^^^^^^^^^^^^^^^^^^^^^^^^^^^
[algo2a-g3-l1-modal] 
[algo2a-g3-l1-modal] [36m(CommandActor pid=2609)[0m   File "/opt/sglang/lib/python3.12/site-packages/requests/sessions.py", line 784, in send
[algo2a-g3-l1-modal] 
[algo2a-g3-l1-modal] [36m(CommandActor pid=2609)[0m     r = adapter.send(request, **kwargs)
[algo2a-g3-l1-modal] 
[algo2a-g3-l1-modal] [36m(CommandActor pid=2609)[0m         ^^^^^^^^^^^^^^^^^^^^^^^^^^^^^^^
[algo2a-g3-l1-modal] 
[algo2a-g3-l1-modal] [36m(CommandActor pid=2609)[0m   File "/opt/sglang/lib/python3.12/site-packages/requests/adapters.py", line 729, in send
[algo2a-g3-l1-modal] 
[algo2a-g3-l1-modal] [36m(CommandActor pid=2609)[0m     raise ConnectionError(e, request=request)
[algo2a-g3-l1-modal] 
[algo2a-g3-l1-modal] [36m(CommandActor pid=2609)[0m requests.exceptions.ConnectionError: HTTPConnectionPool(host='172.20.3.137', port=20002): Max retries exceeded with url: /freeze_gc (Caused by NewConnectionError("HTTPConnection(host='172.20.3.137', port=20002): Failed to establish a new connection: [Errno 111] Connection refused"))
[algo2a-g3-l1-modal] 
[algo2a-g3-l1-modal] [36m(CommandActor pid=2609)[0m [2026-09-29 20:28:29] The server is fired up and ready to roll!
[algo2a-g3-l1-modal] 
[algo2a-g3-l1-modal] [36m(RolloutExecutor pid=2606)[0m [2026-09-29 20:28:30.406 rollout_executor] reporter.py:90 - audit op=env_report_summary hostname=modal versions="{\"python\":\"3.12.3\",\"platform\":\"Linux-4.19.0-gvisor-x86_64-with-glibc2.39\",\"miles\":\"0.1.1\",\"sglang\":\"0.5.21.dev67+g9f29303\",\"sglang-router\":\"0.3.2\",\"megatron-core\":\"0.19.0+a84b10547\",\"transformers\":\"5.12.1\",\"ray\":\"2.58.0\",\"flashinfer-python\":\"0.6.18\",\"torch\":\"2.13.0+cu130\",\"torch_cuda\":\"13.0\"}" repos="{\"miles\":\"d002615f44816ae243169643dc093eb2c29029d8\",\"sglang\":\"9f29303bef1eea38eb613e5f454a52db1326422d\",\"megatron-core\":\"a84b105473eca9c9c6e49dbf1c8aa460c5cf796e\"}" num_packages=425 num_env_vars=110 packages_probed=true stored=false
[algo2a-g3-l1-modal] 
[algo2a-g3-l1-modal] [36m(MegatronTrainRayActor pid=2911)[0m [2026-09-29 20:28:31.728 actor_cell00000_rank00000] reporter.py:90 - audit op=env_report_summary hostname=modal versions="{\"python\":\"3.12.3\",\"platform\":\"Linux-4.19.0-gvisor-x86_64-with-glibc2.39\",\"miles\":\"0.1.1\",\"sglang\":\"0.5.21.dev67+g9f29303\",\"sglang-router\":\"0.3.2\",\"megatron-core\":\"0.19.0+a84b10547\",\"transformers\":\"5.12.1\",\"ray\":\"2.58.0\",\"flashinfer-python\":\"0.6.18\",\"torch\":\"2.13.0+cu130\",\"torch_cuda\":\"13.0\"}" repos="{\"miles\":\"d002615f44816ae243169643dc093eb2c29029d8\",\"sglang\":\"9f29303bef1eea38eb613e5f454a52db1326422d\",\"megatron-core\":\"a84b105473eca9c9c6e49dbf1c8aa460c5cf796e\"}" num_packages=425 num_env_vars=134 packages_probed=true stored=false
[algo2a-g3-l1-modal] 
[algo2a-g3-l1-modal] [36m(InferenceController pid=2604)[0m [2026-09-29 20:28:36.028 inference_controller] inference_controller.py:796 - Waiting for 1/1 cells to become ready...
[algo2a-g3-l1-modal] 
[algo2a-g3-l1-modal] [36m(InferenceController pid=2604)[0m [2026-09-29 20:28:38.029 inference_controller] inference_controller.py:796 - Waiting for 1/1 cells to become ready...
[algo2a-g3-l1-modal] 
[algo2a-g3-l1-modal] [36m(InferenceController pid=2604)[0m [2026-09-29 20:28:40.030 inference_controller] inference_controller.py:796 - Waiting for 1/1 cells to become ready...
[algo2a-g3-l1-modal] 
[algo2a-g3-l1-modal] [36m(CommandActor pid=2609)[0m [2026-09-29 20:28:40] Prefill batch, #new-seq: 1, #new-token: 1, #cached-token: 0, token usage: 0.00, #running-req: 0, #queue-req: 0, #pending-token: 0, cuda graph: False, input throughput (token/s): 0.08
[algo2a-g3-l1-modal] 
[algo2a-g3-l1-modal] [36m(CommandActor pid=2609)[0m [2026-09-29 20:28:41] Prefill batch, #new-seq: 1, #new-token: 1, #cached-token: 0, token usage: 0.00, #running-req: 0, #queue-req: 0, #pending-token: 0, cuda graph: False, input throughput (token/s): 3.33
[algo2a-g3-l1-modal] 
[algo2a-g3-l1-modal] [36m(CommandActor pid=2609)[0m [2026-09-29 20:28:42] INFO:     172.20.3.137:34041 - "GET /health_generate HTTP/1.1" 200 OK
[algo2a-g3-l1-modal] 
[algo2a-g3-l1-modal] [36m(CommandActor pid=2609)[0m [2026-09-29 20:28:42] INFO:     172.20.3.137:34041 - "GET /flush_cache HTTP/1.1" 200 OK
[algo2a-g3-l1-modal] 
[algo2a-g3-l1-modal] [36m(CommandActor pid=2609)[0m [2026-09-29 20:28:42] Cache flushed successfully!
[algo2a-g3-l1-modal] 
[algo2a-g3-l1-modal] [36m(CommandActor pid=2609)[0m [2026-09-29 20:28:42] Cache flushed successfully!
[algo2a-g3-l1-modal] 
[algo2a-g3-l1-modal] [36m(InferenceController pid=2604)[0m [2026-09-29 20:28:42.033 inference_controller] _client.py:1740 - HTTP Request: GET http://172.20.3.137:20002/health_generate "HTTP/1.1 200 OK"
[algo2a-g3-l1-modal] 
[algo2a-g3-l1-modal] [36m(InferenceController pid=2604)[0m [2026-09-29 20:28:42.041 inference_controller] _client.py:1740 - HTTP Request: GET http://172.20.3.137:20002/flush_cache "HTTP/1.1 200 OK"
[algo2a-g3-l1-modal] 
[algo2a-g3-l0-modal] [36m(CommandActor pid=2493)[0m [2026-09-29 20:28:43] INFO:     172.20.6.108:40153 - "GET /health HTTP/1.1" 200 OK
[algo2a-g3-l0-modal] 
[algo2a-g3-l1-modal] [36m(CommandActor pid=2609)[0m [2026-09-29 20:28:43] INFO:     172.20.3.137:34041 - "POST /release_memory_occupation HTTP/1.1" 200 OK
[algo2a-g3-l1-modal] 
[algo2a-g3-l1-modal] [36m(InferenceController pid=2604)[0m [2026-09-29 20:28:43.834 inference_controller] _client.py:1740 - HTTP Request: POST http://172.20.3.137:20002/release_memory_occupation "HTTP/1.1 200 OK"
[algo2a-g3-l1-modal] 
[algo2a-g3-l1-modal] [36m(CommandActor pid=2609)[0m [2026-09-29 20:28:44] INFO:     172.20.3.137:34041 - "POST /resume_memory_occupation HTTP/1.1" 200 OK
[algo2a-g3-l1-modal] 
[algo2a-g3-l1-modal] [36m(CommandActor pid=2609)[0m [2026-09-29 20:28:44] INFO:     172.20.3.137:34041 - "GET /server_info HTTP/1.1" 200 OK
[algo2a-g3-l1-modal] 
[algo2a-g3-l1-modal] [36m(InferenceController pid=2604)[0m [2026-09-29 20:28:44.306 inference_controller] _client.py:1740 - HTTP Request: POST http://172.20.3.137:20002/resume_memory_occupation "HTTP/1.1 200 OK"
[algo2a-g3-l1-modal] 
[algo2a-g3-l1-modal] [36m(InferenceController pid=2604)[0m [2026-09-29 20:28:44.307 inference_controller] server_cell.py:315 - Cell inference-engine-all-0-0-00000 mark_pending_weights start old=addr_info=CellAddrInfo(server_url='http://172.20.3.137:20002', bootstrap_port=None, gate_url='http://172.20.3.137:20036') start_time=484.641462528
[algo2a-g3-l1-modal] 
[36m(InferenceController pid=2604)[0m [2026-09-29 20:28:44.307 inference_controller] server_cell.py:318 - Cell inference-engine-all-0-0-00000 mark_pending_weights end new=addr_info=CellAddrInfo(server_url='http://172.20.3.137:20002', bootstrap_port=None, gate_url='http://172.20.3.137:20036')
[algo2a-g3-l1-modal] 
[algo2a-g3-l1-modal] [36m(InferenceController pid=2604)[0m [2026-09-29 20:28:44.330 inference_controller] _client.py:1740 - HTTP Request: GET http://172.20.3.137:20002/server_info "HTTP/1.1 200 OK"
[algo2a-g3-l1-modal] 
[algo2a-g3-l1-modal] [36m(TrainerController pid=2610)[0m [2026-09-29 20:28:44.337 trainer_controller_actor] group.py:392 - ft op=update_weights phase=start rollout=
[algo2a-g3-l1-modal] 
[algo2a-g3-l1-modal] [36m(TrainerController pid=2610)[0m [2026-09-29 20:28:44.337 trainer_controller_actor] cell.py:231 - ft op=execute phase=start cell=trainer-engine-actor-00000 fn=update_weights n_actors=1
[algo2a-g3-l1-modal] 
[algo2a-g3-l1-modal] [36m(MegatronTrainRayActor pid=2911)[0m [2026-09-29 20:28:44.340 actor_cell00000_rank00000] structured_log.py:24 - actor cls=MegatronTrainRayActor fn=update_weights phase=start
[algo2a-g3-l1-modal] 
[algo2a-g3-l1-modal] [36m(MegatronTrainRayActor pid=2911)[0m [2026-09-29 20:28:44.340 actor_cell00000_rank00000] timer.py:31 - Timer update_weights start
[algo2a-g3-l1-modal] [36m(MegatronTrainRayActor pid=2911)[0m [2026-09-29 20:28:44.340 actor_cell00000_rank00000] reloadable_process_group.py:151 - Reloading 0 process groups in pid 2911
[algo2a-g3-l1-modal] 
[algo2a-g3-l1-modal] [36m(MegatronTrainRayActor pid=2911)[0m [2026-09-29 20:28:44.346 actor_cell00000_rank00000] memory_utils.py:41 - [Rank 0] Memory-Usage before update_weights: {'gpu': '0', 'total_GB': 79.18, 'free_GB': 75.06, 'used_GB': 4.12, 'allocated_GB': 1.2, 'reserved_GB': 1.27}
[algo2a-g3-l1-modal] 
[algo2a-g3-l1-modal] [36m(CommandActor pid=2609)[0m [2026-09-29 20:28:44] INFO:     172.20.3.137:50845 - "POST /pause_generation HTTP/1.1" 200 OK
[algo2a-g3-l1-modal] 
[algo2a-g3-l1-modal] [36m(CommandActor pid=2609)[0m [2026-09-29 20:28:44] INFO:     172.20.3.137:50845 - "GET /flush_cache HTTP/1.1" 200 OK
[algo2a-g3-l1-modal] [36m(CommandActor pid=2609)[0m [2026-09-29 20:28:44] INFO:     172.20.3.137:50845 - "POST /register_lora_adapter HTTP/1.1" 200 OK
[algo2a-g3-l1-modal] [36m(CommandActor pid=2609)[0m [2026-09-29 20:28:44] INFO:     172.20.3.137:50845 - "POST /begin_weight_update HTTP/1.1" 200 OK
[algo2a-g3-l1-modal] [36m(CommandActor pid=2609)[0m /opt/sglang/lib/python3.12/site-packages/fastapi/routing.py:352: FastAPIDeprecationWarning: ORJSONResponse is deprecated, FastAPI now serializes data directly to JSON bytes via Pydantic when a return type or response model is set, which is faster and doesn't need a custom response class. Read more in the FastAPI docs: https://fastapi.tiangolo.com/advanced/custom-response/#orjson-or-response-model and https://fastapi.tiangolo.com/tutorial/response-model/
[algo2a-g3-l1-modal] 
[algo2a-g3-l1-modal] [36m(CommandActor pid=2609)[0m   return await dependant.call(**values)
[algo2a-g3-l1-modal] 
[algo2a-g3-l1-modal] [36m(CommandActor pid=2609)[0m [2026-09-29 20:28:44] Cache flush skipped: KV cache memory is released.
[algo2a-g3-l1-modal] 
[algo2a-g3-l1-modal] [36m(CommandActor pid=2609)[0m [2026-09-29 20:28:44] LoRA adapter registration: LoRARef(lora_id=7001c43da418497b8209e18feaa86fda, lora_name=miles_lora, lora_path=__stream__, pinned=False, reloadable=False).
[algo2a-g3-l1-modal] 
[algo2a-g3-l1-modal] [36m(CommandActor pid=2609)[0m [2026-09-29 20:28:44] LoRA adapter loading from tensors starts: LoRARef(lora_id=7001c43da418497b8209e18feaa86fda, lora_name=miles_lora, lora_path=__stream__, pinned=False, reloadable=False).
[algo2a-g3-l1-modal] 
[algo2a-g3-l1-modal] [36m(CommandActor pid=2609)[0m [2026-09-29 20:28:44] LoRA adapter loading from tensors completes: LoRARef(lora_id=7001c43da418497b8209e18feaa86fda, lora_name=miles_lora, lora_path=__stream__, pinned=False, reloadable=False).
[algo2a-g3-l1-modal] 
[algo2a-g3-l1-modal] [36m(MegatronTrainRayActor pid=2911)[0m [2026-09-29 20:28:44.381 actor_cell00000_rank00000] _client.py:1740 - HTTP Request: POST http://172.20.3.137:20002/pause_generation "HTTP/1.1 200 OK"
[algo2a-g3-l1-modal] 
[algo2a-g3-l1-modal] [36m(MegatronTrainRayActor pid=2911)[0m [2026-09-29 20:28:44.385 actor_cell00000_rank00000] _client.py:1740 - HTTP Request: GET http://172.20.3.137:20002/flush_cache "HTTP/1.1 200 OK"
[algo2a-g3-l1-modal] 
[algo2a-g3-l1-modal] [36m(MegatronTrainRayActor pid=2911)[0m [2026-09-29 20:28:44.394 actor_cell00000_rank00000] _client.py:1740 - HTTP Request: POST http://172.20.3.137:20002/register_lora_adapter "HTTP/1.1 200 OK"
[algo2a-g3-l1-modal] 
[algo2a-g3-l1-modal] [36m(MegatronTrainRayActor pid=2911)[0m [2026-09-29 20:28:44.399 actor_cell00000_rank00000] _client.py:1740 - HTTP Request: POST http://172.20.3.137:20002/begin_weight_update "HTTP/1.1 200 OK"
[algo2a-g3-l1-modal] 
[algo2a-g3-l1-modal] [36m(MegatronTrainRayActor pid=2911)[0m [2026-09-29 20:28:44.400 actor_cell00000_rank00000] timer.py:31 - Timer update_weights_implementation start
[algo2a-g3-l1-modal] 
[algo2a-g3-l1-modal] [36m(MegatronTrainRayActor pid=2911)[0m [miles-colocate] Update weights: 0it [00:00, ?it/s]
[algo2a-g3-l1-modal] 
[algo2a-g3-l1-modal] [36m(CommandActor pid=2609)[0m [2026-09-29 20:28:44] INFO:     172.20.3.137:50845 - "POST /update_weights_from_tensor HTTP/1.1" 200 OK
[algo2a-g3-l1-modal] 
[algo2a-g3-l1-modal] [36m(CommandActor pid=2609)[0m [2026-09-29 20:28:44] LoRA adapter loading from tensors starts: LoRARef(lora_id=7001c43da418497b8209e18feaa86fda, lora_name=miles_lora, lora_path=__stream__, pinned=False, reloadable=False).
[algo2a-g3-l1-modal] 
[algo2a-g3-l1-modal] [36m(MegatronTrainRayActor pid=2911)[0m [2026-09-29 20:28:44.542 actor_cell00000_rank00000] _client.py:1740 - HTTP Request: POST http://172.20.3.137:20002/update_weights_from_tensor "HTTP/1.1 200 OK"
[algo2a-g3-l1-modal] 
[algo2a-g3-l1-modal] [36m(MegatronTrainRayActor pid=2911)[0m [miles-colocate] Update weights: 1it [00:00,  7.10it/s][2026-09-29 20:28:44.544 actor_cell00000_rank00000] timer.py:42 - Timer update_weights_implementation end (elapsed: 0.1s)
[algo2a-g3-l1-modal] 
[algo2a-g3-l1-modal] [36m(MegatronTrainRayActor pid=2911)[0m [2026-09-29 20:28:44.544 actor_cell00000_rank00000] timer.py:31 - Timer finalize_and_resume_engines start
[algo2a-g3-l1-modal] 
[algo2a-g3-l1-modal] [36m(CommandActor pid=2609)[0m [2026-09-29 20:28:44] INFO:     172.20.3.137:50845 - "POST /end_weight_update HTTP/1.1" 200 OK
[algo2a-g3-l1-modal] 
[algo2a-g3-l1-modal] [36m(CommandActor pid=2609)[0m [2026-09-29 20:28:44] INFO:     172.20.3.137:50845 - "POST /update_weight_version HTTP/1.1" 200 OK
[algo2a-g3-l1-modal] 
[algo2a-g3-l1-modal] [36m(CommandActor pid=2609)[0m [2026-09-29 20:28:44] INFO:     172.20.3.137:50845 - "POST /continue_generation HTTP/1.1" 200 OK
[algo2a-g3-l1-modal] 
[algo2a-g3-l1-modal] [36m(CommandActor pid=2609)[0m [2026-09-29 20:28:44] LoRA adapter loading from tensors completes: LoRARef(lora_id=7001c43da418497b8209e18feaa86fda, lora_name=miles_lora, lora_path=__stream__, pinned=False, reloadable=False).
[algo2a-g3-l1-modal] 
[algo2a-g3-l1-modal] [36m(CommandActor pid=2609)[0m [2026-09-29 20:28:44] Weight version changed. old_version='default' new_version='1' num_recorded=0
[algo2a-g3-l1-modal] 
[algo2a-g3-l1-modal] [36m(MegatronTrainRayActor pid=2911)[0m [2026-09-29 20:28:44.630 actor_cell00000_rank00000] _client.py:1740 - HTTP Request: POST http://172.20.3.137:20002/end_weight_update "HTTP/1.1 200 OK"
[algo2a-g3-l1-modal] 
[algo2a-g3-l1-modal] [36m(MegatronTrainRayActor pid=2911)[0m [2026-09-29 20:28:44.637 actor_cell00000_rank00000] _client.py:1740 - HTTP Request: POST http://172.20.3.137:20002/update_weight_version "HTTP/1.1 200 OK"
[algo2a-g3-l1-modal] 
[36m(MegatronTrainRayActor pid=2911)[0m [2026-09-29 20:28:44.641 actor_cell00000_rank00000] _client.py:1740 - HTTP Request: POST http://172.20.3.137:20002/continue_generation "HTTP/1.1 200 OK"
[algo2a-g3-l1-modal] 
[algo2a-g3-l1-modal] [36m(MegatronTrainRayActor pid=2911)[0m [2026-09-29 20:28:44.642 actor_cell00000_rank00000] timer.py:42 - Timer finalize_and_resume_engines end (elapsed: 0.1s)
[algo2a-g3-l1-modal] 
[algo2a-g3-l1-modal] [36m(MegatronTrainRayActor pid=2911)[0m [miles-colocate] Update weights: 1it [00:00,  4.16it/s]
[algo2a-g3-l1-modal] 
[algo2a-g3-l1-modal] [36m(MegatronTrainRayActor pid=2911)[0m [2026-09-29 20:28:44.653 actor_cell00000_rank00000] memory_utils.py:41 - [Rank 0] Memory-Usage after update_weights: {'gpu': '0', 'total_GB': 79.18, 'free_GB': 75.02, 'used_GB': 4.16, 'allocated_GB': 1.2, 'reserved_GB': 1.29}
[algo2a-g3-l1-modal] 
[algo2a-g3-l1-modal] [36m(CommandActor pid=2609)[0m [2026-09-29 20:28:44] INFO:     172.20.3.137:63662 - "PRI %2A HTTP/2.0" 404 Not Found
[algo2a-g3-l1-modal] 
[algo2a-g3-l1-modal] [36m(CommandActor pid=2609)[0m [2026-09-29 20:28:44] INFO:     172.20.3.137:51747 - "GET /health HTTP/1.1" 200 OK
[algo2a-g3-l1-modal] 
[algo2a-g3-l1-modal] [36m(CommandActor pid=2609)[0m [2026-09-29 20:28:44] INFO:     172.20.3.137:23307 - "PRI %2A HTTP/2.0" 404 Not Found
[algo2a-g3-l1-modal] 
[algo2a-g3-l1-modal] [36m(CommandActor pid=2609)[0m [2026-09-29 20:28:44] [continue_generation] torch.cuda.empty_cache() called: reserved 32306.0 MB -> 32266.0 MB (freed 40.0 MB)
[algo2a-g3-l1-modal] 
[algo2a-g3-l1-modal] [36m(CommandActor pid=2609)[0m [2026-09-29 20:28:44] WARNING:  Invalid HTTP request received.
[algo2a-g3-l1-modal] 
[algo2a-g3-l1-modal] [36m(CommandActor pid=2609)[0m [2026-09-29 20:28:44] WARNING:  Invalid HTTP request received.
[algo2a-g3-l1-modal] 
[algo2a-g3-l1-modal] [36m(InferenceController pid=2604)[0m [2026-09-29 20:28:44.689 inference_controller] _client.py:1740 - HTTP Request: POST http://172.20.3.137:20000/workers "HTTP/1.1 202 Accepted"
[algo2a-g3-l1-modal] 
[algo2a-g3-l1-modal] [36m(InferenceController pid=2604)[0m [2026-09-29 20:28:44.691 inference_controller] server_cell.py:315 - Cell inference-engine-all-0-0-00000 mark_serving start old=addr_info=CellAddrInfo(server_url='http://172.20.3.137:20002', bootstrap_port=None, gate_url='http://172.20.3.137:20036')
[algo2a-g3-l1-modal] 
[algo2a-g3-l1-modal] [36m(InferenceController pid=2604)[0m [2026-09-29 20:28:44.691 inference_controller] server_cell.py:318 - Cell inference-engine-all-0-0-00000 mark_serving end new=addr_info=CellAddrInfo(server_url='http://172.20.3.137:20002', bootstrap_port=None, gate_url='http://172.20.3.137:20036')
[algo2a-g3-l1-modal] 
[algo2a-g3-l1-modal] [36m(TrainerController pid=2610)[0m [2026-09-29 20:28:44.680 trainer_controller_actor] cell.py:239 - ft op=execute phase=end cell=trainer-engine-actor-00000 fn=update_weights ok=true elapsed_s=0.3
[algo2a-g3-l1-modal] 
[algo2a-g3-l1-modal] [36m(MegatronTrainRayActor pid=2911)[0m [2026-09-29 20:28:44.678 actor_cell00000_rank00000] timer.py:42 - Timer update_weights end (elapsed: 0.3s)
[algo2a-g3-l1-modal] 
[algo2a-g3-l1-modal] [36m(MegatronTrainRayActor pid=2911)[0m [2026-09-29 20:28:44.679 actor_cell00000_rank00000] structured_log.py:28 - actor cls=MegatronTrainRayActor fn=update_weights phase=end ok=true elapsed_s=0.3
[algo2a-g3-l1-modal] 
[algo2a-g3-l1-modal] [36m(CommandActor pid=2609)[0m [2026-09-29 20:28:44] INFO:     172.20.3.137:34041 - "POST /resume_memory_occupation HTTP/1.1" 200 OK
[algo2a-g3-l1-modal] 
[algo2a-g3-l1-modal] [36m(CommandActor pid=2609)[0m [2026-09-29 20:28:44] INFO:     172.20.3.137:56125 - "GET /server_info HTTP/1.1" 200 OK
[algo2a-g3-l1-modal] 
[algo2a-g3-l1-modal] [36m(CommandActor pid=2609)[0m [2026-09-29 20:28:44] INFO:     172.20.3.137:56125 - "GET /model_info HTTP/1.1" 200 OK
[algo2a-g3-l1-modal] 
[algo2a-g3-l1-modal] [36m(CommandActor pid=2609)[0m [2026-09-29 20:28:44] INFO:     172.20.3.137:38176 - "POST /update_weight_version HTTP/1.1" 200 OK
[algo2a-g3-l1-modal] 
[algo2a-g3-l1-modal] [36m(CommandActor pid=2609)[0m [2026-09-29 20:28:44] INFO:     172.20.3.137:38176 - "GET /model_info HTTP/1.1" 200 OK
[algo2a-g3-l1-modal] 
[algo2a-g3-l1-modal] [36m(CommandActor pid=2609)[0m [2026-09-29 20:28:44] Weight version changed. old_version='1' new_version='yeto:0:a34cd30f37ee5ffaad784b92defd77b3b6ce68095faf29288d5ea460912617c4' num_recorded=0
[algo2a-g3-l1-modal] 
[algo2a-g3-l1-modal] [36m(CommandActor pid=2609)[0m [2026-09-29 20:28:44] [WeightChecker] handle action=checksum allow_quant_error=False skip_tensor_list=None
[algo2a-g3-l1-modal] 
[algo2a-g3-l1-modal] [36m(InferenceController pid=2604)[0m [2026-09-29 20:28:44.828 inference_controller] _client.py:1740 - HTTP Request: POST http://172.20.3.137:20002/resume_memory_occupation "HTTP/1.1 200 OK"
[algo2a-g3-l1-modal] 
[algo2a-g3-l1-modal] [36m(CommandActor pid=2609)[0m [2026-09-29 20:28:46] Triton kernel 'hash_tiles32_kernel_blocked' took 1.83 s to compile after serving started. Serving-time compilation can stall the engine; pre-compile it during engine init.
[algo2a-g3-l1-modal] 
[algo2a-g3-l1-modal] [36m(CommandActor pid=2609)[0m [2026-09-29 20:28:50] INFO:     172.20.3.137:35309 - "GET /health HTTP/1.1" 200 OK
[algo2a-g3-l1-modal] 
[algo2a-g3-l1-modal] YETO_RL_EVENT {"event":"rl_publication","island_id":1,"policy_version":0,"rl/policy_token":"yeto:0:a34cd30f37ee5ffaad784b92defd77b3b6ce68095faf29288d5ea460912617c4","sync/publication_members":["engine:inference-engine-all-0-0-00000"],"sync/publication_payload_bytes":40370176,"sync/publication_payload_hash":"373abf70cb687c7dfe3b8391c678d27be175a19d0e847349c362ed042f7ba43f","time_unix":1790713730.6452827}
[algo2a-g3-l1-modal] 
[algo2a-g3-l1-modal] YETO_RL_EVENT {"event":"rl_driver_phase","island_id":1,"phase":"offload","rollout_id":0,"time_unix":1790713730.6458545}
[algo2a-g3-l1-modal] 
[algo2a-g3-l1-modal] YETO_RL_EVENT {"event":"rl_driver_phase","island_id":1,"phase":"generate","policy_version":0,"rollout_id":0,"time_unix":1790713730.6553905}
[algo2a-g3-l1-modal] 
[algo2a-g3-l1-modal] [36m(CommandActor pid=2609)[0m [2026-09-29 20:28:50] INFO:     172.20.3.137:34041 - "POST /weights_checker HTTP/1.1" 200 OK
[algo2a-g3-l1-modal] 
[algo2a-g3-l1-modal] [36m(CommandActor pid=2609)[0m [2026-09-29 20:28:50] Triton kernel 'add_tree_reduce_u64_kernel' took 3.88 s to compile after serving started. Serving-time compilation can stall the engine; pre-compile it during engine init.
[algo2a-g3-l1-modal] 
[algo2a-g3-l1-modal] [36m(CommandActor pid=2609)[0m [2026-09-29 20:28:50] [WeightChecker] checksum computed for 226 tensors in 5.749s
[algo2a-g3-l1-modal] 
[algo2a-g3-l1-modal] [36m(InferenceController pid=2604)[0m [2026-09-29 20:28:50.634 inference_controller] _client.py:1740 - HTTP Request: POST http://172.20.3.137:20002/weights_checker "HTTP/1.1 200 OK"
[algo2a-g3-l1-modal] 
[algo2a-g3-l1-modal] [36m(TrainerController pid=2610)[0m [2026-09-29 20:28:50.648 trainer_controller_actor] cell.py:231 - ft op=execute phase=start cell=trainer-engine-actor-00000 fn=sleep n_actors=1
[algo2a-g3-l1-modal] 
[algo2a-g3-l1-modal] [36m(TrainerController pid=2610)[0m [2026-09-29 20:28:50.652 trainer_controller_actor] cell.py:239 - ft op=execute phase=end cell=trainer-engine-actor-00000 fn=sleep ok=true elapsed_s=0.0
[algo2a-g3-l1-modal] 
[algo2a-g3-l1-modal] [36m(MegatronTrainRayActor pid=2911)[0m [2026-09-29 20:28:50.650 actor_cell00000_rank00000] structured_log.py:24 - actor cls=MegatronTrainRayActor fn=sleep phase=start
[algo2a-g3-l1-modal] 
[algo2a-g3-l1-modal] [36m(MegatronTrainRayActor pid=2911)[0m [2026-09-29 20:28:50.650 actor_cell00000_rank00000] timer.py:31 - Timer sleep start
[algo2a-g3-l1-modal] 
[algo2a-g3-l1-modal] [36m(MegatronTrainRayActor pid=2911)[0m [2026-09-29 20:28:50.650 actor_cell00000_rank00000] actor.py:451 - sleep() called while already offloaded; skipping
[algo2a-g3-l1-modal] 
[algo2a-g3-l1-modal] [36m(MegatronTrainRayActor pid=2911)[0m [2026-09-29 20:28:50.650 actor_cell00000_rank00000] timer.py:42 - Timer sleep end (elapsed: 0.0s)
[algo2a-g3-l1-modal] 
[algo2a-g3-l1-modal] [36m(MegatronTrainRayActor pid=2911)[0m [2026-09-29 20:28:50.651 actor_cell00000_rank00000] structured_log.py:28 - actor cls=MegatronTrainRayActor fn=sleep phase=end ok=true elapsed_s=0.0
[algo2a-g3-l1-modal] 
[algo2a-g3-l1-modal] [36m(RolloutExecutor pid=2606)[0m Rollout generation:   0%|          | 0/32 [00:00<?, ?it/s]
[algo2a-g3-l1-modal] 
[algo2a-g3-l1-modal] [36m(CommandActor pid=2609)[0m [2026-09-29 20:28:52] LoRA adapter '7001c43da418497b8209e18feaa86fda': loaded weights for target modules ['down_proj', 'gate_up_proj', 'o_proj', 'qkv_proj'].
[algo2a-g3-l1-modal] 
[algo2a-g3-l1-modal] [36m(InferenceController pid=2604)[0m [2026-09-29 20:29:01.741 inference_controller] reporter.py:90 - audit op=env_report_summary hostname=modal versions="{\"python\":\"3.12.3\",\"platform\":\"Linux-4.19.0-gvisor-x86_64-with-glibc2.39\",\"miles\":\"0.1.1\",\"sglang\":\"0.5.21.dev67+g9f29303\",\"sglang-router\":\"0.3.2\",\"megatron-core\":\"0.19.0+a84b10547\",\"transformers\":\"5.12.1\",\"ray\":\"2.58.0\",\"flashinfer-python\":\"0.6.18\",\"torch\":\"2.13.0+cu130\",\"torch_cuda\":\"13.0\"}" repos="{\"miles\":\"d002615f44816ae243169643dc093eb2c29029d8\",\"sglang\":\"9f29303bef1eea38eb613e5f454a52db1326422d\",\"megatron-core\":\"a84b105473eca9c9c6e49dbf1c8aa460c5cf796e\"}" num_packages=425 num_env_vars=110 packages_probed=true stored=false
[algo2a-g3-l1-modal] 
[algo2a-g3-l1-modal] [36m(CommandActor pid=2609)[0m [2026-09-29 20:29:06] Prefill batch, #new-seq: 1, #new-token: 70, #cached-token: 0, token usage: 0.01, #running-req: 0, #queue-req: 0, #pending-token: 0, cuda graph: False, input throughput (token/s): 2.72
[algo2a-g3-l1-modal] 
[algo2a-g3-l1-modal] [36m(CommandActor pid=2609)[0m [2026-09-29 20:29:06] Prefill batch, #new-seq: 31, #new-token: 2402, #cached-token: 0, token usage: 0.00, #running-req: 1, #queue-req: 0, #pending-token: 0, cuda graph: False, input throughput (token/s): 117910.76
[algo2a-g3-l1-modal] 
[algo2a-g3-l1-modal] [36m(CommandActor pid=2609)[0m [2026-09-29 20:29:07] Decode batch, #running-req: 32, #token: 1555, token usage: 0.01, cuda graph: True, gen throughput (token/s): 32.52, #queue-req: 0
[algo2a-g3-l1-modal] 
[algo2a-g3-l1-modal] [36m(CommandActor pid=2609)[0m [2026-09-29 20:29:07] INFO:     172.20.3.137:29771 - "POST /generate HTTP/1.1" 200 OK
[algo2a-g3-l1-modal] 
[algo2a-g3-l1-modal] [36m(CommandActor pid=2609)[0m [2026-09-29 20:29:07] INFO:     172.20.3.137:20797 - "POST /generate HTTP/1.1" 200 OK
[algo2a-g3-l1-modal] 
[algo2a-g3-l1-modal] [36m(CommandActor pid=2609)[0m [2026-09-29 20:29:07] INFO:     172.20.3.137:38208 - "POST /generate HTTP/1.1" 200 OK
[algo2a-g3-l1-modal] 
[algo2a-g3-l1-modal] [36m(CommandActor pid=2609)[0m [2026-09-29 20:29:07] INFO:     172.20.3.137:40077 - "POST /generate HTTP/1.1" 200 OK
[algo2a-g3-l1-modal] 
[algo2a-g3-l1-modal] [36m(CommandActor pid=2609)[0m [2026-09-29 20:29:07] INFO:     172.20.3.137:29364 - "POST /generate HTTP/1.1" 200 OK
[algo2a-g3-l1-modal] 
[algo2a-g3-l1-modal] [36m(CommandActor pid=2609)[0m [2026-09-29 20:29:07] INFO:     172.20.3.137:34352 - "POST /generate HTTP/1.1" 200 OK
[algo2a-g3-l1-modal] 
[algo2a-g3-l1-modal] [36m(CommandActor pid=2609)[0m [2026-09-29 20:29:07] INFO:     172.20.3.137:32416 - "POST /generate HTTP/1.1" 200 OK
[algo2a-g3-l1-modal] 
[algo2a-g3-l1-modal] [36m(CommandActor pid=2609)[0m [2026-09-29 20:29:07] INFO:     172.20.3.137:48491 - "POST /generate HTTP/1.1" 200 OK
[algo2a-g3-l1-modal] 
[algo2a-g3-l1-modal] [36m(CommandActor pid=2609)[0m [2026-09-29 20:29:07] INFO:     172.20.3.137:60100 - "POST /generate HTTP/1.1" 200 OK
[algo2a-g3-l1-modal] 
[algo2a-g3-l1-modal] [36m(CommandActor pid=2609)[0m [2026-09-29 20:29:07] INFO:     172.20.3.137:63779 - "POST /generate HTTP/1.1" 200 OK
[algo2a-g3-l1-modal] 
[algo2a-g3-l1-modal] [36m(CommandActor pid=2609)[0m [2026-09-29 20:29:07] INFO:     172.20.3.137:22476 - "POST /generate HTTP/1.1" 200 OK
[algo2a-g3-l1-modal] 
[algo2a-g3-l1-modal] [36m(CommandActor pid=2609)[0m [2026-09-29 20:29:07] INFO:     172.20.3.137:44535 - "POST /generate HTTP/1.1" 200 OK
[algo2a-g3-l1-modal] 
[algo2a-g3-l1-modal] [36m(CommandActor pid=2609)[0m [2026-09-29 20:29:07] INFO:     172.20.3.137:57926 - "POST /generate HTTP/1.1" 200 OK
[algo2a-g3-l1-modal] 
[algo2a-g3-l1-modal] [36m(CommandActor pid=2609)[0m [2026-09-29 20:29:07] INFO:     172.20.3.137:23448 - "POST /generate HTTP/1.1" 200 OK
[algo2a-g3-l1-modal] 
[algo2a-g3-l1-modal] [36m(CommandActor pid=2609)[0m [2026-09-29 20:29:07] Decode batch, #running-req: 24, #token: 2106, token usage: 0.01, cuda graph: True, gen throughput (token/s): 5760.22, #queue-req: 0
[algo2a-g3-l1-modal] 
[algo2a-g3-l1-modal] [36m(RolloutExecutor pid=2606)[0m [2026-09-29 20:29:07.380 rollout_executor] inference_rollout_train.py:137 - First rollout sample: text_preview=<|im_start|>system\nYou are a helpful assistant. Please put the answer within \boxed{}.<|im_end|>\n<|im_start|>user\nNatalia sold clips to 48 of her friends in April, and then she sold half as many clips in May. How many clips did Natalia sell altogether in April and May?<|im_end|>\n<|im_start|>assistant\n<think>\n\n</think>\n\nNatalia sold 48 clips in April.\n\nShe sold half as many in May, which means she sold $ \frac{1}{2} \times 48 = 24 $ clips in May.\n\nNow, to find out how many clips she sold in tota...<truncated chars=102>, label=72, reward_summary=1.0
[algo2a-g3-l1-modal] 
[36m(RolloutExecutor pid=2606)[0m Rollout generation:  25%|██▌       | 8/32 [00:14<00:44,  1.84s/it]
[algo2a-g3-l1-modal] [36m(CommandActor pid=2609)[0m [2026-09-29 20:29:07] INFO:     172.20.3.137:63008 - "POST /generate HTTP/1.1" 200 OK
[algo2a-g3-l1-modal] 
[algo2a-g3-l1-modal] [36m(CommandActor pid=2609)[0m [2026-09-29 20:29:07] INFO:     172.20.3.137:64800 - "POST /generate HTTP/1.1" 200 OK
[algo2a-g3-l1-modal] 
[algo2a-g3-l1-modal] [36m(CommandActor pid=2609)[0m [2026-09-29 20:29:07] Decode batch, #running-req: 16, #token: 2091, token usage: 0.01, cuda graph: True, gen throughput (token/s): 3675.64, #queue-req: 0
[algo2a-g3-l1-modal] 
[algo2a-g3-l1-modal] [36m(CommandActor pid=2609)[0m [2026-09-29 20:29:07] INFO:     172.20.3.137:37388 - "POST /generate HTTP/1.1" 200 OK
[algo2a-g3-l1-modal] 
[algo2a-g3-l1-modal] [36m(CommandActor pid=2609)[0m [2026-09-29 20:29:07] INFO:     172.20.3.137:21687 - "POST /generate HTTP/1.1" 200 OK
[algo2a-g3-l1-modal] 
[algo2a-g3-l1-modal] [36m(CommandActor pid=2609)[0m [2026-09-29 20:29:07] INFO:     172.20.3.137:58200 - "POST /generate HTTP/1.1" 200 OK
[algo2a-g3-l1-modal] 
[algo2a-g3-l1-modal] [36m(CommandActor pid=2609)[0m [2026-09-29 20:29:07] INFO:     172.20.3.137:33654 - "POST /generate HTTP/1.1" 200 OK
[algo2a-g3-l1-modal] 
[algo2a-g3-l1-modal] [36m(CommandActor pid=2609)[0m [2026-09-29 20:29:07] INFO:     172.20.3.137:42914 - "POST /generate HTTP/1.1" 200 OK
[algo2a-g3-l1-modal] 
[36m(CommandActor pid=2609)[0m [2026-09-29 20:29:07] INFO:     172.20.3.137:62721 - "POST /generate HTTP/1.1" 200 OK
[algo2a-g3-l1-modal] 
[algo2a-g3-l1-modal] [36m(CommandActor pid=2609)[0m [2026-09-29 20:29:07] INFO:     172.20.3.137:47867 - "POST /generate HTTP/1.1" 200 OK
[algo2a-g3-l1-modal] 
[algo2a-g3-l1-modal] [36m(CommandActor pid=2609)[0m [2026-09-29 20:29:07] INFO:     172.20.3.137:42841 - "POST /generate HTTP/1.1" 200 OK
[algo2a-g3-l1-modal] 
[algo2a-g3-l1-modal] [36m(CommandActor pid=2609)[0m [2026-09-29 20:29:07] INFO:     172.20.3.137:39239 - "POST /generate HTTP/1.1" 200 OK
[algo2a-g3-l1-modal] [36m(CommandActor pid=2609)[0m [2026-09-29 20:29:07] INFO:     172.20.3.137:61326 - "POST /generate HTTP/1.1" 200 OK
[algo2a-g3-l1-modal] 
[algo2a-g3-l1-modal] [36m(CommandActor pid=2609)[0m [2026-09-29 20:29:07] INFO:     172.20.3.137:23925 - "POST /generate HTTP/1.1" 200 OK
[algo2a-g3-l1-modal] 
[algo2a-g3-l1-modal] [36m(CommandActor pid=2609)[0m [2026-09-29 20:29:07] Decode batch, #running-req: 10, #token: 1443, token usage: 0.01, cuda graph: True, gen throughput (token/s): 2738.00, #queue-req: 0
[algo2a-g3-l1-modal] 
[algo2a-g3-l1-modal] [36m(RolloutExecutor pid=2606)[0m Rollout generation:  75%|███████▌  | 24/32 [00:15<00:03,  2.01it/s]
[algo2a-g3-l1-modal] 
[algo2a-g3-l1-modal] [36m(CommandActor pid=2609)[0m [2026-09-29 20:29:07] INFO:     172.20.3.137:24645 - "POST /generate HTTP/1.1" 200 OK
[algo2a-g3-l1-modal] 
[algo2a-g3-l1-modal] [36m(CommandActor pid=2609)[0m [2026-09-29 20:29:07] INFO:     172.20.3.137:42925 - "POST /generate HTTP/1.1" 200 OK
[algo2a-g3-l1-modal] 
[algo2a-g3-l1-modal] [36m(CommandActor pid=2609)[0m [2026-09-29 20:29:07] Decode batch, #running-req: 4, #token: 695, token usage: 0.00, cuda graph: True, gen throughput (token/s): 1151.46, #queue-req: 0
[algo2a-g3-l1-modal] 
[algo2a-g3-l1-modal] [36m(CommandActor pid=2609)[0m [2026-09-29 20:29:07] INFO:     172.20.3.137:31182 - "POST /generate HTTP/1.1" 200 OK
[algo2a-g3-l1-modal] 
[algo2a-g3-l1-modal] [36m(CommandActor pid=2609)[0m [2026-09-29 20:29:07] INFO:     172.20.3.137:57536 - "POST /generate HTTP/1.1" 200 OK
[algo2a-g3-l1-modal] 
[algo2a-g3-l1-modal] [36m(CommandActor pid=2609)[0m [2026-09-29 20:29:08] Decode batch, #running-req: 1, #token: 333, token usage: 0.00, cuda graph: True, gen throughput (token/s): 313.31, #queue-req: 0
[algo2a-g3-l1-modal] 
[algo2a-g3-l1-modal] [36m(RolloutExecutor pid=2606)[0m Rollout generation: 100%|██████████| 32/32 [00:15<00:00,  2.91it/s]Rollout generation: 100%|██████████| 32/32 [00:15<00:00,  2.05it/s]
[algo2a-g3-l1-modal] 
[algo2a-g3-l1-modal] [36m(RolloutExecutor pid=2606)[0m [2026-09-29 20:29:08.283 rollout_executor] inference_rollout_train.py:161 - Finish rollout: text_preview=<|im_start|>system\nYou are a helpful assistant. Please put the answer within \boxed{}.<|im_end|>\n<|im_start|>user\nBetty is saving money for a new wallet which costs $100. Betty has only half of the money she needs. Her parents decided to give her $15 for that purpose, and her grandparents twice as much as her parents. How much more money does Betty need to buy the wallet?<|im_end|>\n<|im_start|>assistant\n<think>\n\n</think>\n\nBetty has **half** of the $100 wallet cost.  \nSo her current savings are:  \...<truncated chars=356>, label=5, reward_summary=1.0
[algo2a-g3-l1-modal] 
[algo2a-g3-l1-modal] [36m(RolloutExecutor pid=2606)[0m [2026-09-29 20:29:08.286 rollout_executor] inference_rollout_train.py:33 - Abort request for ['http://172.20.3.137:20002']
[algo2a-g3-l1-modal] 
[algo2a-g3-l1-modal] [36m(RolloutExecutor pid=2606)[0m Using blocking ray.get inside async actor. This blocks the event loop. Please use `await` on object ref with asyncio.gather if you want to yield execution to the event loop instead.
[algo2a-g3-l1-modal] 
[algo2a-g3-l1-modal] [36m(RolloutExecutor pid=2606)[0m [2026-09-29 20:29:08.307 rollout_executor] rollout_data_conversion.py:39 - Final collected 32 samples from rollout to train
[algo2a-g3-l1-modal] 
[algo2a-g3-l1-modal] [36m(RolloutExecutor pid=2606)[0m [2026-09-29 20:29:08.308 rollout_executor] metrics.py:93 - perf 0: {'rollout/raw_reward_unfiltered': 0.90625, 'rollout/num_training_samples': 32, 'rollout/episode_raw_reward': 0.90625, 'rollout/episode_response_length/mean': 128.03125, 'rollout/episode_response_length/median': 128.5, 'rollout/episode_response_length/max': 285, 'rollout/episode_response_length/min': 60, 'rollout/episode_total_response_length/mean': 128.03125, 'rollout/response_len/mean': 128.03125, 'rollout/response_len/median': 128.5, 'rollout/response_len/max': 285, 'rollout/response_len/min': 60, 'rollout/zero_std/count_1.0': 2, 'rollout/zero_std/all_zero_percentage': 0.0, 'rollout/zero_std/all_one_percentage': 0.5, 'rollout/prefix_cache_hit_rate': 0.0, 'rollout/avg_cached_tokens_per_sample': 0.0, 'rollout/repetition_frac': 0.0, 'rollout/truncated_ratio': 0.0, 'perf/rollout_time': 17.26406979560852, 'perf/tokens_per_gpu_per_sec': 237.313683766626, 'perf/longest_sample_tokens_per_sec': 16.50827431620415, 'perf/effective_tokens_per_gpu_per_sec': 237.313683766626, 'perf/longest_effective_sample_tokens_per_sec': 16.50827431620415}
[algo2a-g3-l1-modal] 
[algo2a-g3-l1-modal] [36m(CommandActor pid=2609)[0m [2026-09-29 20:29:08] INFO:     172.20.3.137:40856 - "POST /generate HTTP/1.1" 200 OK
[algo2a-g3-l1-modal] 
[algo2a-g3-l1-modal] [36m(CommandActor pid=2609)[0m [2026-09-29 20:29:08] INFO:     172.20.3.137:51734 - "POST /abort_request HTTP/1.1" 200 OK
[algo2a-g3-l1-modal] [36m(CommandActor pid=2609)[0m [2026-09-29 20:29:08] Decode batch, #running-req: 1, #token: 373, token usage: 0.00, cuda graph: True, gen throughput (token/s): 214.80, #queue-req: 0
[algo2a-g3-l1-modal] 
[algo2a-g3-l1-modal] [36m(RolloutExecutor pid=2606)[0m YETO_RL_EVENT {"all_one_groups":2,"all_zero_groups":0,"constant_groups":2,"entries":32,"event":"rl_advantage_transform","groups":4,"island_id":1,"nonzero_advantages":16,"rollout_id":0,"samples":32,"time_unix":1790713748.3312092,"transform":"maxrl"}
[algo2a-g3-l1-modal] 
[algo2a-g3-l1-modal] [36m(RolloutExecutor pid=2606)[0m [2026-09-29 20:29:08.322 rollout_executor] reward_pipeline.py:381 - {"all_one_groups": 2, "all_zero_groups": 0, "constant_groups": 2, "entries": 32, "event": "rl_advantage_transform", "groups": 4, "nonzero_advantages": 16, "rollout_id": 0, "samples": 32, "transform": "maxrl"}
[algo2a-g3-l1-modal] 
[algo2a-g3-l1-modal] [36m(RolloutExecutor pid=2606)[0m [2026-09-29 20:29:08.335 rollout_executor] train_data_conversion.py:334 - Rollout-side DP schedule: num_samples=32, num_rollouts=[32], num_microbatches=[32]
[algo2a-g3-l1-modal] 
[algo2a-g3-l1-modal] [36m(CommandActor pid=2609)[0m [2026-09-29 20:29:08] INFO:     172.20.3.137:24343 - "GET /flush_cache HTTP/1.1" 200 OK
[algo2a-g3-l1-modal] 
[algo2a-g3-l1-modal] [36m(CommandActor pid=2609)[0m [2026-09-29 20:29:08] Cache flushed successfully!
[algo2a-g3-l1-modal] 
[algo2a-g3-l1-modal] [36m(CommandActor pid=2609)[0m [2026-09-29 20:29:08] Cache flushed successfully!
[algo2a-g3-l1-modal] 
[algo2a-g3-l1-modal] [36m(InferenceController pid=2604)[0m [2026-09-29 20:29:08.369 inference_controller] _client.py:1740 - HTTP Request: GET http://172.20.3.137:20002/flush_cache "HTTP/1.1 200 OK"
[algo2a-g3-l1-modal] 
[algo2a-g3-l1-modal] YETO_RL_EVENT {"event":"rl_driver_phase","island_id":1,"phase":"onload","rollout_id":0,"time_unix":1790713749.7433045}
[algo2a-g3-l1-modal] 
[algo2a-g3-l1-modal] [36m(CommandActor pid=2609)[0m [2026-09-29 20:29:09] INFO:     172.20.3.137:24343 - "POST /release_memory_occupation HTTP/1.1" 200 OK
[algo2a-g3-l1-modal] 
[algo2a-g3-l1-modal] [36m(InferenceController pid=2604)[0m [2026-09-29 20:29:09.733 inference_controller] _client.py:1740 - HTTP Request: POST http://172.20.3.137:20002/release_memory_occupation "HTTP/1.1 200 OK"
[algo2a-g3-l1-modal] 
[algo2a-g3-l1-modal] [36m(TrainerController pid=2610)[0m [2026-09-29 20:29:09.746 trainer_controller_actor] cell.py:231 - ft op=execute phase=start cell=trainer-engine-actor-00000 fn=wake_up n_actors=1
[algo2a-g3-l1-modal] 
[algo2a-g3-l1-modal] [36m(MegatronTrainRayActor pid=2911)[0m [2026-09-29 20:29:09.747 actor_cell00000_rank00000] structured_log.py:24 - actor cls=MegatronTrainRayActor fn=wake_up phase=start
[algo2a-g3-l1-modal] 
[algo2a-g3-l1-modal] [36m(MegatronTrainRayActor pid=2911)[0m [2026-09-29 20:29:09.748 actor_cell00000_rank00000] timer.py:31 - Timer wake_up start
[algo2a-g3-l1-modal] 
[algo2a-g3-l1-modal] [36m(MegatronTrainRayActor pid=2911)[0m [2026-09-29 20:29:09.748 actor_cell00000_rank00000] memory_utils.py:41 - [Rank 0] Memory-Usage before wake_up model: {'gpu': '0', 'total_GB': 79.18, 'free_GB': 76.24, 'used_GB': 2.94, 'allocated_GB': 1.2, 'reserved_GB': 1.27}
[algo2a-g3-l1-modal] 
[algo2a-g3-l1-modal] [36m(TrainerController pid=2610)[0m [2026-09-29 20:29:10.071 trainer_controller_actor] reporter.py:90 - audit op=env_report_summary hostname=modal versions="{\"python\":\"3.12.3\",\"platform\":\"Linux-4.19.0-gvisor-x86_64-with-glibc2.39\",\"miles\":\"0.1.1\",\"sglang\":\"0.5.21.dev67+g9f29303\",\"sglang-router\":\"0.3.2\",\"megatron-core\":\"0.19.0+a84b10547\",\"transformers\":\"5.12.1\",\"ray\":\"2.58.0\",\"flashinfer-python\":\"0.6.18\",\"torch\":\"2.13.0+cu130\",\"torch_cuda\":\"13.0\"}" repos="{\"miles\":\"d002615f44816ae243169643dc093eb2c29029d8\",\"sglang\":\"9f29303bef1eea38eb613e5f454a52db1326422d\",\"megatron-core\":\"a84b105473eca9c9c6e49dbf1c8aa460c5cf796e\"}" num_packages=425 num_env_vars=113 packages_probed=true stored=false
[algo2a-g3-l1-modal] 
[algo2a-g3-l1-modal] YETO_RL_EVENT {"event":"rl_driver_phase","island_id":1,"phase":"train","rollout_id":0,"time_unix":1790713750.8451273}
[algo2a-g3-l1-modal] 
[algo2a-g3-l1-modal] [36m(TrainerController pid=2610)[0m [2026-09-29 20:29:10.841 trainer_controller_actor] cell.py:239 - ft op=execute phase=end cell=trainer-engine-actor-00000 fn=wake_up ok=true elapsed_s=1.1
[algo2a-g3-l1-modal] 
[algo2a-g3-l1-modal] [36m(TrainerController pid=2610)[0m [2026-09-29 20:29:10.850 trainer_controller_actor] group.py:190 - ft op=train phase=start rollout=0 attempt=0
[algo2a-g3-l1-modal] 
[algo2a-g3-l1-modal] [36m(TrainerController pid=2610)[0m [2026-09-29 20:29:10.850 trainer_controller_actor] group.py:534 - ft op=refresh phase=start rollout=0 alive=0 healing= all_states="(0, 'StateAllocatedAlive')" quorum=0
[algo2a-g3-l1-modal] 
[algo2a-g3-l1-modal] [36m(TrainerController pid=2610)[0m [2026-09-29 20:29:10.850 trainer_controller_actor] group.py:557 - ft op=refresh phase=decision rollout=0 needs_reconfigure=false reason=alive_config_unchanged,no_healing quorum=0
[algo2a-g3-l1-modal] 
[algo2a-g3-l1-modal] [36m(TrainerController pid=2610)[0m [2026-09-29 20:29:10.851 trainer_controller_actor] cell.py:231 - ft op=execute phase=start cell=trainer-engine-actor-00000 fn=train n_actors=1
[algo2a-g3-l1-modal] 
[algo2a-g3-l1-modal] [36m(MegatronTrainRayActor pid=2911)[0m [2026-09-29 20:29:10.837 actor_cell00000_rank00000] reloadable_process_group.py:151 - Reloading 0 process groups in pid 2911
[algo2a-g3-l1-modal] 
[algo2a-g3-l1-modal] [36m(MegatronTrainRayActor pid=2911)[0m [2026-09-29 20:29:10.839 actor_cell00000_rank00000] memory_utils.py:41 - [Rank 0] Memory-Usage after wake_up model: {'gpu': '0', 'total_GB': 79.18, 'free_GB': 75.0, 'used_GB': 4.18, 'allocated_GB': 1.2, 'reserved_GB': 1.27}
[algo2a-g3-l1-modal] 
[36m(MegatronTrainRayActor pid=2911)[0m [2026-09-29 20:29:10.839 actor_cell00000_rank00000] timer.py:42 - Timer wake_up end (elapsed: 1.1s)
[algo2a-g3-l1-modal] 
[algo2a-g3-l1-modal] [36m(MegatronTrainRayActor pid=2911)[0m [2026-09-29 20:29:10.839 actor_cell00000_rank00000] structured_log.py:28 - actor cls=MegatronTrainRayActor fn=wake_up phase=end ok=true elapsed_s=1.1
[algo2a-g3-l1-modal] 
[algo2a-g3-l1-modal] [36m(MegatronTrainRayActor pid=2911)[0m [2026-09-29 20:29:10.854 actor_cell00000_rank00000] structured_log.py:24 - actor cls=MegatronTrainRayActor fn=train phase=start
[algo2a-g3-l1-modal] 
[algo2a-g3-l1-modal] [36m(MegatronTrainRayActor pid=2911)[0m [2026-09-29 20:29:10.855 actor_cell00000_rank00000] timer.py:31 - Timer data_preprocess start
[algo2a-g3-l1-modal] 
[algo2a-g3-l1-modal] [36m(MegatronTrainRayActor pid=2911)[0m [2026-09-29 20:29:10.860 actor_cell00000_rank00000] timer.py:42 - Timer data_preprocess end (elapsed: 0.0s)
[algo2a-g3-l1-modal] 
[algo2a-g3-l1-modal] [36m(MegatronTrainRayActor pid=2911)[0m [2026-09-29 20:29:10.860 actor_cell00000_rank00000] structured_log.py:24 - actor cls=MegatronTrainRayActor fn=_train_actor phase=start
[algo2a-g3-l1-modal] 
[algo2a-g3-l1-modal] [36m(MegatronTrainRayActor pid=2911)[0m [2026-09-29 20:29:10.860 actor_cell00000_rank00000] timer.py:42 - Timer train_wait end (elapsed: 298.1s)
[algo2a-g3-l1-modal] 
[algo2a-g3-l1-modal] [36m(MegatronTrainRayActor pid=2911)[0m [2026-09-29 20:29:10.861 actor_cell00000_rank00000] timer.py:31 - Timer train start
[algo2a-g3-l1-modal] 
[algo2a-g3-l1-modal] [36m(MegatronTrainRayActor pid=2911)[0m [2026-09-29 20:29:10.861 actor_cell00000_rank00000] structured_log.py:24 - actor cls=MegatronTrainRayActor fn=_compute_log_prob phase=start
[algo2a-g3-l1-modal] [36m(MegatronTrainRayActor pid=2911)[0m [2026-09-29 20:29:10.861 actor_cell00000_rank00000] timer.py:31 - Timer log_probs start
[algo2a-g3-l1-modal] 
[algo2a-g3-l1-modal] [36m(MegatronTrainRayActor pid=2911)[0m [2026-09-29 20:29:29.894 actor_cell00000_rank00000] timer.py:42 - Timer log_probs end (elapsed: 19.0s)
[algo2a-g3-l1-modal] 
[algo2a-g3-l1-modal] [36m(MegatronTrainRayActor pid=2911)[0m [2026-09-29 20:29:29.895 actor_cell00000_rank00000] structured_log.py:28 - actor cls=MegatronTrainRayActor fn=_compute_log_prob phase=end ok=true elapsed_s=19.0
[algo2a-g3-l1-modal] 
[algo2a-g3-l1-modal] [36m(MegatronTrainRayActor pid=2911)[0m [2026-09-29 20:29:29.929 actor_cell00000_rank00000] log_utils.py:100 - ft op=cross_cell phase=start kind=log_gather rank=0
[algo2a-g3-l1-modal] 
[algo2a-g3-l1-modal] [36m(MegatronTrainRayActor pid=2911)[0m [2026-09-29 20:29:29.931 actor_cell00000_rank00000] log_utils.py:106 - ft op=cross_cell phase=end kind=log_gather rank=0 success=true
[algo2a-g3-l1-modal] 
[36m(MegatronTrainRayActor pid=2911)[0m [2026-09-29 20:29:29.931 actor_cell00000_rank00000] log_utils.py:126 - rollout 0: {'rollout/response_lengths': 128.03125, 'rollout/rewards': 3.259629011154175e-09, 'rollout/truncated': 0.0, 'rollout/rollout_log_probs': -0.267467737197876, 'rollout/raw_reward': 0.90625, 'rollout/total_lengths': 205.28125, 'rollout/log_probs': -0.268692284822464, 'rollout/advantages': 4.6566128730773926e-09, 'rollout/returns': 4.6566128730773926e-09}
[36m(MegatronTrainRayActor pid=2911)[0m [2026-09-29 20:29:29.932 actor_cell00000_rank00000] timer.py:31 - Timer actor_train start
[algo2a-g3-l1-modal] 
[algo2a-g3-l1-modal] [36m(MegatronTrainRayActor pid=2911)[0m /root/Megatron-LM/megatron/core/pipeline_parallel/schedules.py:220: UserWarning: The AccumulateGrad node's stream does not match the stream of the node that produced the incoming gradient. This may incur unnecessary synchronization and break CUDA graph capture if the AccumulateGrad node's stream is the default stream. This mismatch is caused by an AccumulateGrad node created prior to the current iteration being kept alive. This can happen if the autograd graph is still being kept alive by tensors such as the loss, or if you are using DDP, which will stash a reference to the node. To resolve the mismatch, delete all references to the autograd graph or ensure that DDP initialization is performed under the same stream as subsequent forwards. If the mismatch is intentional, you can use torch.autograd.graph.set_warn_on_accumulate_grad_stream_mismatch(False) to suppress this warning. (Triggered internally at /__w/pytorch/pytorch/torch/csrc/autograd/input_buffer.cpp:310.)
[algo2a-g3-l1-modal] 
[algo2a-g3-l1-modal] [36m(MegatronTrainRayActor pid=2911)[0m   Variable._execution_engine.run_backward(
[algo2a-g3-l1-modal] 
[algo2a-g3-l0-modal] [36m(CommandActor pid=2493)[0m [2026-09-29 20:29:43] INFO:     172.20.6.108:25139 - "GET /health HTTP/1.1" 200 OK
[algo2a-g3-l0-modal] 
[algo2a-g3-l1-modal] [36m(CommandActor pid=2609)[0m [2026-09-29 20:29:50] INFO:     172.20.3.137:44370 - "GET /health HTTP/1.1" 200 OK
[algo2a-g3-l1-modal] 
[algo2a-g3-l1-modal] [36m(MegatronTrainRayActor pid=2911)[0m /opt/sglang/lib/python3.12/site-packages/torch/distributed/c10d_logger.py:83: FutureWarning: `torch.distributed.reduce_scatter_tensor` is deprecated. Please use `torch.distributed.reduce_scatter_single` instead.
[algo2a-g3-l1-modal] 
[algo2a-g3-l1-modal] [36m(MegatronTrainRayActor pid=2911)[0m   return func(*args, **kwargs)
[algo2a-g3-l1-modal] 
[algo2a-g3-l1-modal] YETO_RL_EVENT {"applied_lrs":[1e-05],"clip_fraction":null,"event":"rl_round_trained","island_id":1,"masked_fraction":null,"nonzero_advantages":16,"rollout_id":0,"time_unix":1790713797.8394737,"trained_groups":4,"trained_sample_ids_sha256":"6ac54d62824c59fa3a8f59264bca872f865403d905926ce326c231e62752ac7d","trained_samples":32}
[algo2a-g3-l1-modal] 
[algo2a-g3-l1-modal] YETO_RL_EVENT {"event":"rl_driver_phase","island_id":1,"phase":"sync","rollout_id":0,"time_unix":1790713797.8402054}
[algo2a-g3-l1-modal] 
[algo2a-g3-l1-modal] YETO_RL_EVENT {"event":"rl_driver_phase","island_id":1,"phase":"export_push","rollout_id":0,"time_unix":1790713797.8406727}
[algo2a-g3-l1-modal] 
[algo2a-g3-l1-modal] [36m(TrainerController pid=2610)[0m [2026-09-29 20:29:57.820 trainer_controller_actor] cell.py:239 - ft op=execute phase=end cell=trainer-engine-actor-00000 fn=train ok=true elapsed_s=47.0
[algo2a-g3-l1-modal] 
[algo2a-g3-l1-modal] [36m(TrainerController pid=2610)[0m [2026-09-29 20:29:57.821 trainer_controller_actor] group.py:290 - ft op=check errored= discarded= normal=0 decision=no_retry reason="survivors normal, gradients valid"
[algo2a-g3-l1-modal] 
[algo2a-g3-l1-modal] [36m(TrainerController pid=2610)[0m [2026-09-29 20:29:57.825 trainer_controller_actor] cell.py:231 - ft op=execute phase=start cell=trainer-engine-actor-00000 fn=run_plugin n_actors=1
[algo2a-g3-l1-modal] 
[algo2a-g3-l1-modal] [36m(TrainerController pid=2610)[0m [2026-09-29 20:29:57.829 trainer_controller_actor] cell.py:239 - ft op=execute phase=end cell=trainer-engine-actor-00000 fn=run_plugin ok=true elapsed_s=0.0
[algo2a-g3-l1-modal] 
[algo2a-g3-l1-modal] [36m(TrainerController pid=2610)[0m [2026-09-29 20:29:57.833 trainer_controller_actor] cell.py:231 - ft op=execute phase=start cell=trainer-engine-actor-00000 fn=run_plugin n_actors=1
[algo2a-g3-l1-modal] [36m(TrainerController pid=2610)[0m [2026-09-29 20:29:57.837 trainer_controller_actor] cell.py:239 - ft op=execute phase=end cell=trainer-engine-actor-00000 fn=run_plugin ok=true elapsed_s=0.0
[algo2a-g3-l1-modal] [36m(TrainerController pid=2610)[0m [2026-09-29 20:29:57.842 trainer_controller_actor] cell.py:231 - ft op=execute phase=start cell=trainer-engine-actor-00000 fn=run_plugin n_actors=1
[algo2a-g3-l1-modal] [36m(MegatronTrainRayActor pid=2911)[0m /opt/sglang/lib/python3.12/site-packages/torch/distributed/c10d_logger.py:83: FutureWarning: `torch.distributed.all_gather_into_tensor` is deprecated. Please use `torch.distributed.all_gather_single` instead.
[algo2a-g3-l1-modal] 
[algo2a-g3-l1-modal] [36m(MegatronTrainRayActor pid=2911)[0m   return func(*args, **kwargs)
[algo2a-g3-l1-modal] 
[algo2a-g3-l1-modal] [36m(MegatronTrainRayActor pid=2911)[0m [2026-09-29 20:29:57.812 actor_cell00000_rank00000] model.py:637 - train op=train_step rollout=0 step=0 attempt=0 outcome=NORMAL valid_step=true
[algo2a-g3-l1-modal] 
[algo2a-g3-l1-modal] [36m(MegatronTrainRayActor pid=2911)[0m [2026-09-29 20:29:57.813 actor_cell00000_rank00000] log_utils.py:554 - step 0: {'train/loss': -4.6566128730773926e-09, 'train/pg_loss': -4.6566128730773926e-09, 'train/entropy_loss': 0.0, 'train/pg_clipfrac': 0.0, 'train/ppo_kl': 1.0974370717731219e-10, 'train/ess_ratio': 1.0, 'train/train_rollout_logprob_abs_diff': 0.01062655821442604, 'train/train_rollout_kl': 0.00042801530798897147, 'train/grad_norm': 0.28512442111968994, 'train/lr-pg_0': 6.666666666666668e-06, 'train/step': 0}
[algo2a-g3-l1-modal] 
[algo2a-g3-l1-modal] [36m(MegatronTrainRayActor pid=2911)[0m [2026-09-29 20:29:57.814 actor_cell00000_rank00000] model.py:847 - step 0: {'train/loss': -4.6566128730773926e-09, 'train/pg_loss': -4.6566128730773926e-09, 'train/entropy_loss': 0.0, 'train/pg_clipfrac': 0.0, 'train/ppo_kl': 1.0974370717731219e-10, 'train/ess_ratio': 1.0, 'train/train_rollout_logprob_abs_diff': 0.01062655821442604, 'train/train_rollout_kl': 0.00042801530798897147, 'train/grad_norm': 0.28512442111968994, 'train/lr-pg_0': 6.666666666666668e-06, 'train/step': 0}
[algo2a-g3-l1-modal] 
[algo2a-g3-l1-modal] [36m(MegatronTrainRayActor pid=2911)[0m [2026-09-29 20:29:57.814 actor_cell00000_rank00000] timer.py:42 - Timer actor_train end (elapsed: 27.9s)
[algo2a-g3-l1-modal] 
[algo2a-g3-l1-modal] [36m(MegatronTrainRayActor pid=2911)[0m [2026-09-29 20:29:57.815 actor_cell00000_rank00000] timer.py:42 - Timer train end (elapsed: 47.0s)
[algo2a-g3-l1-modal] 
[algo2a-g3-l1-modal] [36m(MegatronTrainRayActor pid=2911)[0m [2026-09-29 20:29:57.815 actor_cell00000_rank00000] timer.py:31 - Timer train_wait start
[algo2a-g3-l1-modal] 
[algo2a-g3-l1-modal] [36m(MegatronTrainRayActor pid=2911)[0m [2026-09-29 20:29:57.815 actor_cell00000_rank00000] train_metric_utils.py:56 - perf 0: {'perf/sleep_time': 11.08685851097107, 'perf/wake_up_time': 4.8481504917144775, 'perf/update_weights_implementation_time': 0.14382171630859375, 'perf/finalize_and_resume_engines_time': 0.09810233116149902, 'perf/update_weights_time': 0.33808350563049316, 'perf/data_preprocess_time': 0.005095958709716797, 'perf/train_wait_time': 298.1240966320038, 'perf/log_probs_time': 19.033347606658936, 'perf/actor_train_time': 27.882664680480957, 'perf/train_time': 46.95397138595581, 'perf/log_probs_tflops': 0.36620331389447625, 'perf/actor_train_tflops': 0.7499363903633658, 'perf/actor_train_tok_per_s': 235.5944123446199, 'perf/mfu_peak_tflops': 989.0, 'perf/actor_train_mfu': 0.0007582774422278724, 'perf/step_time': 345.0780680179596, 'perf/wait_time_ratio': 0.8639323221680026}
[algo2a-g3-l1-modal] 
[algo2a-g3-l1-modal] [36m(MegatronTrainRayActor pid=2911)[0m [2026-09-29 20:29:57.816 actor_cell00000_rank00000] structured_log.py:28 - actor cls=MegatronTrainRayActor fn=_train_actor phase=end ok=true elapsed_s=47.0
[algo2a-g3-l1-modal] 
[algo2a-g3-l1-modal] [36m(MegatronTrainRayActor pid=2911)[0m [2026-09-29 20:29:57.816 actor_cell00000_rank00000] structured_log.py:28 - actor cls=MegatronTrainRayActor fn=train phase=end ok=true elapsed_s=47.0
[algo2a-g3-l1-modal] 
[algo2a-g3-l1-modal] [36m(TrainerController pid=2610)[0m [2026-09-29 20:29:58.258 trainer_controller_actor] cell.py:239 - ft op=execute phase=end cell=trainer-engine-actor-00000 fn=run_plugin ok=true elapsed_s=0.4
[algo2a-g3-l1-modal] 
[algo2a-g3-l1-modal] YETO_RL_EVENT {"action_tokens":4097,"active_groups":4,"applied_lr":1e-05,"applied_lrs":[1e-05],"base_policy_version":0,"cancelled_groups":0,"clip_fraction":null,"completed_groups":4,"completed_trajectories":32,"delta_l2_norm":0.023364009335637093,"dynamic_filter_dropped_groups":0,"dynamic_filter_generated_groups":0,"dynamic_filter_replacement_attempts":0,"ess_ratio":null,"event":"rl_local_round","grad_norm":0.28512442111968994,"group_p50_seconds":0.0,"group_p95_seconds":0.0,"group_p99_seconds":0.0,"island_id":1,"local_round_id":1,"loss":null,"lr":null,"mean_kl":null,"nonzero_advantage_count":null,"pass_rate":null,"pg_loss":null,"reward_mean":0.90625,"reward_std":0.2914805954090255,"rl/action_tokens":4097,"rl/active_groups":4,"rl/cancelled_groups":0,"rl/clip_fraction":null,"rl/completed_groups":4,"rl/completed_trajectories":32,"rl/current_vs_rollout_kl":null,"rl/ess_ratio":null,"rl/global_policy_version":0,"rl/group_p50_seconds":0.0,"rl/group_p95_seconds":0.0,"rl/group_p99_seconds":0.0,"rl/local_delta_norm":0.023364009335637093,"rl/mixed_version_group_count":0,"rl/reward_mean":0.90625,"rl/reward_std":0.2914805954090255,"rl/rollout_policy_version":0,"rl/rollout_seconds":19.092312865000054,"rl/tool_wait_seconds":0.0,"rl/zero_variance_group_ratio":0.5,"rollout_seconds":19.092312865000054,"sync/bytes_sent":40370224,"time_unix":1790713798.8038573,"tool_wait_seconds":0.0,"train_seconds":46.99306234599999,"train_step":null,"zero_variance_group_ratio":0.5}
[algo2a-g3-l1-modal] 
[algo2a-g3-l1-modal] YETO_RL_EVENT {"event":"rl_driver_phase","island_id":1,"phase":"wait_global","policy_version":1,"time_unix":1790713798.886645}
[algo2a-g3-l1-modal] 
[syncer] 2026-09-29T20:30:01.618299Z  INFO yeto_syncer::server: checkpoint committed step=1 path=/tmp/algo2a/g3home/yeto-output/yeto-state.ckpt
[syncer] 2026-09-29T20:30:01.741615Z  INFO yeto_syncer::server: outer step step=1 fragment=0 responders=[Member { learner_id: 0, generation: 9096641884410840748 }, Member { learner_id: 1, generation: 3620157925610301889 }] gnorm="0.0230" ms=344078
[algo2a-g3-l0-modal] YETO_RL_EVENT {"event":"rl_driver_phase","island_id":0,"optimizer":"reset","phase":"apply","policy_version":1,"time_unix":1790713803.1580322}
[algo2a-g3-l0-modal] 
[algo2a-g3-l1-modal] YETO_RL_EVENT {"event":"rl_driver_phase","island_id":1,"optimizer":"reset","phase":"apply","policy_version":1,"time_unix":1790713803.8492074}
[algo2a-g3-l1-modal] 
[algo2a-g3-l0-modal] [36m(TrainerController pid=2494)[0m [2026-09-29 20:30:28.570 trainer_controller_actor] cell.py:231 - ft op=execute phase=start cell=trainer-engine-actor-00000 fn=run_plugin n_actors=1
[algo2a-g3-l0-modal] 
[algo2a-g3-l0-modal] [36m(CommandActor pid=2493)[0m [2026-09-29 20:30:43] INFO:     172.20.6.108:40949 - "GET /health HTTP/1.1" 200 OK
[algo2a-g3-l0-modal] 
[algo2a-g3-l1-modal] [36m(CommandActor pid=2609)[0m [2026-09-29 20:30:50] INFO:     172.20.3.137:41901 - "GET /health HTTP/1.1" 200 OK
[algo2a-g3-l1-modal] 
[algo2a-g3-l0-modal] [36m(MegatronTrainRayActor pid=2820)[0m /opt/sglang/lib/python3.12/site-packages/torch/distributed/c10d_logger.py:83: UserWarning: barrier(): using the device under current context. You can specify `device_id` in `init_process_group` to mute this warning.
[algo2a-g3-l0-modal] 
[algo2a-g3-l0-modal] [36m(MegatronTrainRayActor pid=2820)[0m   return func(*args, **kwargs)
[algo2a-g3-l0-modal] 
[algo2a-g3-l0-modal] [36m(TrainerController pid=2494)[0m [2026-09-29 20:30:54.419 trainer_controller_actor] cell.py:239 - ft op=execute phase=end cell=trainer-engine-actor-00000 fn=run_plugin ok=true elapsed_s=25.8
[algo2a-g3-l0-modal] 
[algo2a-g3-l0-modal] [36m(TrainerController pid=2494)[0m [2026-09-29 20:30:54.486 trainer_controller_actor] cell.py:231 - ft op=execute phase=start cell=trainer-engine-actor-00000 fn=run_plugin n_actors=1
[algo2a-g3-l0-modal] 
[algo2a-g3-l0-modal] [36m(TrainerController pid=2494)[0m [2026-09-29 20:30:54.727 trainer_controller_actor] cell.py:239 - ft op=execute phase=end cell=trainer-engine-actor-00000 fn=run_plugin ok=true elapsed_s=0.2
[algo2a-g3-l0-modal] 
[algo2a-g3-l0-modal] YETO_RL_EVENT {"event":"rl_policy_apply","island_id":0,"local_step":1,"optimizer":"reset","partial_fragment_apply":false,"policy_version":1,"sync/apply_seconds":51.82408187500005,"sync/global_policy_hash":"41ef498070e23fb76cd882f10d50cf3f9ea516c3111b643891800cd60b2f7016","time_unix":1790713854.982859}
[algo2a-g3-l0-modal] 
[algo2a-g3-l0-modal] YETO_RL_EVENT {"event":"rl_driver_phase","island_id":0,"phase":"publish","policy_version":1,"time_unix":1790713855.0407772}
[algo2a-g3-l0-modal] 
[algo2a-g3-l0-modal] [36m(TrainerController pid=2494)[0m [2026-09-29 20:30:55.099 trainer_controller_actor] cell.py:231 - ft op=execute phase=start cell=trainer-engine-actor-00000 fn=run_plugin n_actors=1
[algo2a-g3-l0-modal] 
[algo2a-g3-l0-modal] [36m(TrainerController pid=2494)[0m [2026-09-29 20:30:55.338 trainer_controller_actor] cell.py:239 - ft op=execute phase=end cell=trainer-engine-actor-00000 fn=run_plugin ok=true elapsed_s=0.2
[algo2a-g3-l0-modal] 
[algo2a-g3-l1-modal] [36m(TrainerController pid=2610)[0m [2026-09-29 20:30:55.442 trainer_controller_actor] cell.py:231 - ft op=execute phase=start cell=trainer-engine-actor-00000 fn=run_plugin n_actors=1
[algo2a-g3-l1-modal] 
[algo2a-g3-l0-modal] [36m(CommandActor pid=2493)[0m [2026-09-29 20:30:55] INFO:     172.20.6.108:52095 - "POST /resume_memory_occupation HTTP/1.1" 200 OK
[algo2a-g3-l0-modal] 
[algo2a-g3-l0-modal] [36m(CommandActor pid=2493)[0m [2026-09-29 20:30:55] INFO:     172.20.6.108:36964 - "POST /pause_generation HTTP/1.1" 200 OK
[algo2a-g3-l0-modal] 
[algo2a-g3-l0-modal] [36m(CommandActor pid=2493)[0m [2026-09-29 20:30:55] Cache flush skipped: KV cache memory is released.
[algo2a-g3-l0-modal] 
[algo2a-g3-l0-modal] [36m(InferenceController pid=2491)[0m [2026-09-29 20:30:55.652 inference_controller] _client.py:1740 - HTTP Request: POST http://172.20.6.108:20000/resume_memory_occupation "HTTP/1.1 200 OK"
[algo2a-g3-l0-modal] 
[algo2a-g3-l0-modal] [36m(TrainerController pid=2494)[0m [2026-09-29 20:30:55.659 trainer_controller_actor] group.py:392 - ft op=update_weights phase=start rollout=
[algo2a-g3-l0-modal] 
[algo2a-g3-l0-modal] [36m(TrainerController pid=2494)[0m [2026-09-29 20:30:55.659 trainer_controller_actor] cell.py:231 - ft op=execute phase=start cell=trainer-engine-actor-00000 fn=update_weights n_actors=1
[algo2a-g3-l0-modal] 
[algo2a-g3-l0-modal] [36m(MegatronTrainRayActor pid=2820)[0m [2026-09-29 20:30:55.661 actor_cell00000_rank00000] structured_log.py:24 - actor cls=MegatronTrainRayActor fn=update_weights phase=start
[algo2a-g3-l0-modal] 
[algo2a-g3-l0-modal] [36m(MegatronTrainRayActor pid=2820)[0m [2026-09-29 20:30:55.661 actor_cell00000_rank00000] timer.py:31 - Timer update_weights start
[algo2a-g3-l0-modal] 
[algo2a-g3-l0-modal] [36m(MegatronTrainRayActor pid=2820)[0m [2026-09-29 20:30:55.662 actor_cell00000_rank00000] memory_utils.py:41 - [Rank 0] Memory-Usage before update_weights: {'gpu': '0', 'total_GB': 79.18, 'free_GB': 70.15, 'used_GB': 9.03, 'allocated_GB': 1.38, 'reserved_GB': 3.3}
[algo2a-g3-l0-modal] 
[algo2a-g3-l0-modal] [36m(MegatronTrainRayActor pid=2820)[0m [2026-09-29 20:30:55.666 actor_cell00000_rank00000] _client.py:1740 - HTTP Request: POST http://172.20.6.108:20000/pause_generation "HTTP/1.1 200 OK"
[algo2a-g3-l0-modal] 
[algo2a-g3-l0-modal] [36m(MegatronTrainRayActor pid=2820)[0m [2026-09-29 20:30:55.669 actor_cell00000_rank00000] _client.py:1740 - HTTP Request: GET http://172.20.6.108:20000/flush_cache "HTTP/1.1 200 OK"
[algo2a-g3-l0-modal] 
[algo2a-g3-l0-modal] [36m(CommandActor pid=2493)[0m [2026-09-29 20:30:55] INFO:     172.20.6.108:36964 - "GET /flush_cache HTTP/1.1" 200 OK
[algo2a-g3-l0-modal] 
[algo2a-g3-l0-modal] [36m(CommandActor pid=2493)[0m [2026-09-29 20:30:55] INFO:     172.20.6.108:36964 - "POST /begin_weight_update HTTP/1.1" 200 OK
[algo2a-g3-l0-modal] 
[algo2a-g3-l0-modal] [36m(MegatronTrainRayActor pid=2820)[0m [2026-09-29 20:30:55.672 actor_cell00000_rank00000] _client.py:1740 - HTTP Request: POST http://172.20.6.108:20000/begin_weight_update "HTTP/1.1 200 OK"
[algo2a-g3-l0-modal] 
[algo2a-g3-l0-modal] [36m(MegatronTrainRayActor pid=2820)[0m [2026-09-29 20:30:55.673 actor_cell00000_rank00000] timer.py:31 - Timer update_weights_implementation start
[algo2a-g3-l0-modal] 
[algo2a-g3-l0-modal] [36m(MegatronTrainRayActor pid=2820)[0m [miles-colocate] Update weights: 0it [00:00, ?it/s]
[algo2a-g3-l0-modal] 
[algo2a-g3-l0-modal] [36m(CommandActor pid=2493)[0m [2026-09-29 20:30:55] INFO:     172.20.6.108:36964 - "POST /update_weights_from_tensor HTTP/1.1" 200 OK
[algo2a-g3-l0-modal] 
[algo2a-g3-l0-modal] [36m(CommandActor pid=2493)[0m [2026-09-29 20:30:55] LoRA adapter loading from tensors starts: LoRARef(lora_id=c4625434834a47b09d0c9689fd9126d2, lora_name=miles_lora, lora_path=__stream__, pinned=False, reloadable=False).
[algo2a-g3-l0-modal] 
[algo2a-g3-l0-modal] [36m(MegatronTrainRayActor pid=2820)[0m [2026-09-29 20:30:55.748 actor_cell00000_rank00000] _client.py:1740 - HTTP Request: POST http://172.20.6.108:20000/update_weights_from_tensor "HTTP/1.1 200 OK"
[algo2a-g3-l0-modal] 
[algo2a-g3-l0-modal] [36m(MegatronTrainRayActor pid=2820)[0m [2026-09-29 20:30:55.749 actor_cell00000_rank00000] timer.py:42 - Timer update_weights_implementation end (elapsed: 0.1s)
[algo2a-g3-l0-modal] 
[algo2a-g3-l0-modal] [36m(MegatronTrainRayActor pid=2820)[0m [2026-09-29 20:30:55.750 actor_cell00000_rank00000] timer.py:31 - Timer finalize_and_resume_engines start
[algo2a-g3-l0-modal] 
[algo2a-g3-l0-modal] [36m(CommandActor pid=2493)[0m [2026-09-29 20:30:55] INFO:     172.20.6.108:36964 - "POST /end_weight_update HTTP/1.1" 200 OK
[algo2a-g3-l0-modal] 
[algo2a-g3-l0-modal] [36m(CommandActor pid=2493)[0m [2026-09-29 20:30:55] INFO:     172.20.6.108:36964 - "POST /update_weight_version HTTP/1.1" 200 OK
[algo2a-g3-l0-modal] 
[algo2a-g3-l0-modal] [36m(CommandActor pid=2493)[0m [2026-09-29 20:30:55] INFO:     172.20.6.108:36964 - "POST /continue_generation HTTP/1.1" 200 OK
[algo2a-g3-l0-modal] 
[algo2a-g3-l0-modal] [36m(CommandActor pid=2493)[0m [2026-09-29 20:30:55] INFO:     172.20.6.108:52095 - "POST /resume_memory_occupation HTTP/1.1" 200 OK
[algo2a-g3-l0-modal] 
[algo2a-g3-l0-modal] [36m(CommandActor pid=2493)[0m [2026-09-29 20:30:55] INFO:     172.20.6.108:52940 - "POST /update_weight_version HTTP/1.1" 200 OK
[algo2a-g3-l0-modal] 
[algo2a-g3-l0-modal] [36m(CommandActor pid=2493)[0m [2026-09-29 20:30:55] INFO:     172.20.6.108:52940 - "GET /model_info HTTP/1.1" 200 OK
[algo2a-g3-l0-modal] 
[algo2a-g3-l0-modal] [36m(CommandActor pid=2493)[0m [2026-09-29 20:30:55] LoRA adapter 'c4625434834a47b09d0c9689fd9126d2': loaded weights for target modules ['down_proj', 'gate_up_proj', 'o_proj', 'qkv_proj'].
[algo2a-g3-l0-modal] 
[algo2a-g3-l0-modal] [36m(CommandActor pid=2493)[0m [2026-09-29 20:30:55] LoRA adapter loading from tensors completes: LoRARef(lora_id=c4625434834a47b09d0c9689fd9126d2, lora_name=miles_lora, lora_path=__stream__, pinned=False, reloadable=False).
[algo2a-g3-l0-modal] 
[algo2a-g3-l0-modal] [36m(CommandActor pid=2493)[0m [2026-09-29 20:30:55] Weight version changed. old_version='yeto:0:a34cd30f37ee5ffaad784b92defd77b3b6ce68095faf29288d5ea460912617c4' new_version='2' num_recorded=0
[algo2a-g3-l0-modal] 
[algo2a-g3-l0-modal] [36m(CommandActor pid=2493)[0m [2026-09-29 20:30:55] [continue_generation] torch.cuda.empty_cache() called: reserved 32306.0 MB -> 32266.0 MB (freed 40.0 MB)
[algo2a-g3-l0-modal] 
[algo2a-g3-l0-modal] [36m(CommandActor pid=2493)[0m [2026-09-29 20:30:55] Weight version changed. old_version='2' new_version='yeto:1:41ef498070e23fb76cd882f10d50cf3f9ea516c3111b643891800cd60b2f7016' num_recorded=0
[algo2a-g3-l0-modal] 
[algo2a-g3-l0-modal] [36m(CommandActor pid=2493)[0m [2026-09-29 20:30:55] [WeightChecker] handle action=checksum allow_quant_error=False skip_tensor_list=None
[algo2a-g3-l0-modal] 
[algo2a-g3-l0-modal] [36m(InferenceController pid=2491)[0m [2026-09-29 20:30:55.864 inference_controller] _client.py:1740 - HTTP Request: POST http://172.20.6.108:20000/resume_memory_occupation "HTTP/1.1 200 OK"
[algo2a-g3-l0-modal] 
[algo2a-g3-l0-modal] [36m(TrainerController pid=2494)[0m [2026-09-29 20:30:55.832 trainer_controller_actor] cell.py:239 - ft op=execute phase=end cell=trainer-engine-actor-00000 fn=update_weights ok=true elapsed_s=0.2
[algo2a-g3-l0-modal] 
[algo2a-g3-l0-modal] [36m(MegatronTrainRayActor pid=2820)[0m [2026-09-29 20:30:55.804 actor_cell00000_rank00000] _client.py:1740 - HTTP Request: POST http://172.20.6.108:20000/end_weight_update "HTTP/1.1 200 OK"
[algo2a-g3-l0-modal] 
[algo2a-g3-l0-modal] [36m(MegatronTrainRayActor pid=2820)[0m [2026-09-29 20:30:55.808 actor_cell00000_rank00000] _client.py:1740 - HTTP Request: POST http://172.20.6.108:20000/update_weight_version "HTTP/1.1 200 OK"
[algo2a-g3-l0-modal] 
[algo2a-g3-l0-modal] [36m(MegatronTrainRayActor pid=2820)[0m [2026-09-29 20:30:55.810 actor_cell00000_rank00000] _client.py:1740 - HTTP Request: POST http://172.20.6.108:20000/continue_generation "HTTP/1.1 200 OK"
[algo2a-g3-l0-modal] 
[algo2a-g3-l0-modal] [36m(MegatronTrainRayActor pid=2820)[0m [2026-09-29 20:30:55.811 actor_cell00000_rank00000] timer.py:42 - Timer finalize_and_resume_engines end (elapsed: 0.1s)
[algo2a-g3-l0-modal] 
[algo2a-g3-l0-modal] [36m(MegatronTrainRayActor pid=2820)[0m [miles-colocate] Update weights: 1it [00:00,  6.37it/s]
[algo2a-g3-l0-modal] 
[algo2a-g3-l0-modal] [36m(MegatronTrainRayActor pid=2820)[0m [2026-09-29 20:30:55.831 actor_cell00000_rank00000] memory_utils.py:41 - [Rank 0] Memory-Usage after update_weights: {'gpu': '0', 'total_GB': 79.18, 'free_GB': 71.98, 'used_GB': 7.2, 'allocated_GB': 1.38, 'reserved_GB': 1.49}
[algo2a-g3-l0-modal] 
[algo2a-g3-l0-modal] [36m(MegatronTrainRayActor pid=2820)[0m [2026-09-29 20:30:55.831 actor_cell00000_rank00000] timer.py:42 - Timer update_weights end (elapsed: 0.2s)
[algo2a-g3-l0-modal] 
[algo2a-g3-l0-modal] [36m(MegatronTrainRayActor pid=2820)[0m [2026-09-29 20:30:55.831 actor_cell00000_rank00000] structured_log.py:28 - actor cls=MegatronTrainRayActor fn=update_weights phase=end ok=true elapsed_s=0.2
[algo2a-g3-l0-modal] 
[algo2a-g3-l0-modal] YETO_RL_EVENT {"event":"rl_publication","island_id":0,"policy_version":1,"rl/policy_token":"yeto:1:41ef498070e23fb76cd882f10d50cf3f9ea516c3111b643891800cd60b2f7016","sync/publication_members":["engine:inference-engine-all-0-0-00000"],"sync/publication_payload_bytes":40370176,"sync/publication_payload_hash":"343af438b4dfd876dd8f5414eadb079733e37259953a61c42703e569f8ea3f93","time_unix":1790713855.9037519}
[algo2a-g3-l0-modal] 
[algo2a-g3-l0-modal] YETO_RL_EVENT {"event":"rl_driver_phase","island_id":0,"phase":"offload","rollout_id":1,"time_unix":1790713855.9042118}
[algo2a-g3-l0-modal] 
[algo2a-g3-l0-modal] [36m(CommandActor pid=2493)[0m [2026-09-29 20:30:55] INFO:     172.20.6.108:52095 - "POST /weights_checker HTTP/1.1" 200 OK
[algo2a-g3-l0-modal] 
[algo2a-g3-l0-modal] [36m(CommandActor pid=2493)[0m [2026-09-29 20:30:55] [WeightChecker] checksum computed for 226 tensors in 0.017s
[algo2a-g3-l0-modal] 
[algo2a-g3-l0-modal] [36m(InferenceController pid=2491)[0m [2026-09-29 20:30:55.899 inference_controller] _client.py:1740 - HTTP Request: POST http://172.20.6.108:20000/weights_checker "HTTP/1.1 200 OK"
[algo2a-g3-l0-modal] 
[algo2a-g3-l0-modal] [36m(TrainerController pid=2494)[0m [2026-09-29 20:30:55.905 trainer_controller_actor] cell.py:231 - ft op=execute phase=start cell=trainer-engine-actor-00000 fn=sleep n_actors=1
[algo2a-g3-l0-modal] 
[algo2a-g3-l0-modal] [36m(MegatronTrainRayActor pid=2820)[0m [2026-09-29 20:30:55.907 actor_cell00000_rank00000] structured_log.py:24 - actor cls=MegatronTrainRayActor fn=sleep phase=start
[algo2a-g3-l0-modal] 
[algo2a-g3-l0-modal] [36m(MegatronTrainRayActor pid=2820)[0m [2026-09-29 20:30:55.907 actor_cell00000_rank00000] timer.py:31 - Timer sleep start
[algo2a-g3-l0-modal] 
[algo2a-g3-l0-modal] [36m(MegatronTrainRayActor pid=2820)[0m [2026-09-29 20:30:56.535 actor_cell00000_rank00000] memory_utils.py:41 - [Rank 0] Memory-Usage before offload model: {'gpu': '0', 'total_GB': 79.18, 'free_GB': 41.95, 'used_GB': 37.23, 'allocated_GB': 1.38, 'reserved_GB': 1.47}
[algo2a-g3-l0-modal] 
[algo2a-g3-l0-modal] YETO_RL_EVENT {"event":"rl_driver_phase","island_id":0,"phase":"generate","policy_version":1,"rollout_id":1,"time_unix":1790713857.1018732}
[algo2a-g3-l0-modal] 
[algo2a-g3-l0-modal] [36m(RolloutExecutor pid=2492)[0m Rollout generation:   0%|          | 0/32 [00:00<?, ?it/s]
[algo2a-g3-l0-modal] 
[algo2a-g3-l0-modal] [36m(TrainerController pid=2494)[0m [2026-09-29 20:30:57.100 trainer_controller_actor] cell.py:239 - ft op=execute phase=end cell=trainer-engine-actor-00000 fn=sleep ok=true elapsed_s=1.2
[algo2a-g3-l0-modal] 
[algo2a-g3-l0-modal] [36m(MegatronTrainRayActor pid=2820)[0m [2026-09-29 20:30:57.038 actor_cell00000_rank00000] memory_utils.py:41 - [Rank 0] Memory-Usage after offload model: {'gpu': '0', 'total_GB': 79.18, 'free_GB': 43.4, 'used_GB': 35.78, 'allocated_GB': 1.38, 'reserved_GB': 1.47}
[algo2a-g3-l0-modal] 
[algo2a-g3-l0-modal] [36m(MegatronTrainRayActor pid=2820)[0m [2026-09-29 20:30:57.098 actor_cell00000_rank00000] log_utils.py:436 - [CPU memory] after_offload_train: 68.67 GB (rollout_id=0, step=0)
[algo2a-g3-l0-modal] 
[algo2a-g3-l0-modal] [36m(MegatronTrainRayActor pid=2820)[0m [2026-09-29 20:30:57.098 actor_cell00000_rank00000] timer.py:42 - Timer sleep end (elapsed: 1.2s)
[algo2a-g3-l0-modal] 
[algo2a-g3-l0-modal] [36m(MegatronTrainRayActor pid=2820)[0m [2026-09-29 20:30:57.099 actor_cell00000_rank00000] structured_log.py:28 - actor cls=MegatronTrainRayActor fn=sleep phase=end ok=true elapsed_s=1.2
[algo2a-g3-l0-modal] 
[algo2a-g3-l0-modal] [36m(CommandActor pid=2493)[0m [2026-09-29 20:31:01] Prefill batch, #new-seq: 1, #new-token: 57, #cached-token: 0, token usage: 0.01, #running-req: 0, #queue-req: 0, #pending-token: 0, cuda graph: False, input throughput (token/s): 0.28
[algo2a-g3-l0-modal] 
[algo2a-g3-l0-modal] [36m(CommandActor pid=2493)[0m [2026-09-29 20:31:01] Prefill batch, #new-seq: 31, #new-token: 2967, #cached-token: 0, token usage: 0.00, #running-req: 1, #queue-req: 0, #pending-token: 0, cuda graph: False, input throughput (token/s): 316423.53
[algo2a-g3-l0-modal] 
[algo2a-g3-l0-modal] [36m(CommandActor pid=2493)[0m [2026-09-29 20:31:01] Decode batch, #running-req: 32, #token: 1624, token usage: 0.01, cuda graph: True, gen throughput (token/s): 6.23, #queue-req: 0
[algo2a-g3-l0-modal] 
[algo2a-g3-l0-modal] [36m(CommandActor pid=2493)[0m [2026-09-29 20:31:01] INFO:     172.20.6.108:37563 - "POST /generate HTTP/1.1" 200 OK
[algo2a-g3-l0-modal] 
[algo2a-g3-l0-modal] [36m(RolloutExecutor pid=2492)[0m [2026-09-29 20:31:02.035 rollout_executor] inference_rollout_train.py:137 - First rollout sample: text_preview=<|im_start|>system\nYou are a helpful assistant. Please put the answer within \boxed{}.<|im_end|>\n<|im_start|>user\nAlbert is wondering how much pizza he can eat in one day. He buys 2 large pizzas and 2 small pizzas. A large pizza has 16 slices and a small pizza has 8 slices. If he eats it all, how many pieces does he eat that day?<|im_end|>\n<|im_start|>assistant\n<think>\n\n</think>\n\nAlbert eats all 2 large pizzas, which is 2 × 16 = 32 slices.\n\nHe also eats 2 small pizzas, which is 2 × 8 = 16 slices....<truncated chars=103>, label=48, reward_summary=1.0
[algo2a-g3-l0-modal] 
[algo2a-g3-l0-modal] [36m(RolloutExecutor pid=2492)[0m Rollout generation:  25%|██▌       | 8/32 [00:04<00:14,  1.62it/s]
[algo2a-g3-l0-modal] 
[algo2a-g3-l0-modal] [36m(CommandActor pid=2493)[0m [2026-09-29 20:31:01] INFO:     172.20.6.108:48033 - "POST /generate HTTP/1.1" 200 OK
[algo2a-g3-l0-modal] 
[algo2a-g3-l0-modal] [36m(CommandActor pid=2493)[0m [2026-09-29 20:31:01] INFO:     172.20.6.108:26877 - "POST /generate HTTP/1.1" 200 OK
[algo2a-g3-l0-modal] 
[algo2a-g3-l0-modal] [36m(CommandActor pid=2493)[0m [2026-09-29 20:31:01] INFO:     172.20.6.108:17730 - "POST /generate HTTP/1.1" 200 OK
[algo2a-g3-l0-modal] 
[algo2a-g3-l0-modal] [36m(CommandActor pid=2493)[0m [2026-09-29 20:31:01] INFO:     172.20.6.108:18842 - "POST /generate HTTP/1.1" 200 OK
[algo2a-g3-l0-modal] 
[algo2a-g3-l0-modal] [36m(CommandActor pid=2493)[0m [2026-09-29 20:31:01] INFO:     172.20.6.108:33811 - "POST /generate HTTP/1.1" 200 OK
[algo2a-g3-l0-modal] 
[algo2a-g3-l0-modal] [36m(CommandActor pid=2493)[0m [2026-09-29 20:31:02] INFO:     172.20.6.108:62985 - "POST /generate HTTP/1.1" 200 OK
[algo2a-g3-l0-modal] 
[algo2a-g3-l0-modal] [36m(CommandActor pid=2493)[0m [2026-09-29 20:31:02] INFO:     172.20.6.108:19438 - "POST /generate HTTP/1.1" 200 OK
[algo2a-g3-l0-modal] 
[algo2a-g3-l0-modal] [36m(CommandActor pid=2493)[0m [2026-09-29 20:31:02] INFO:     172.20.6.108:48810 - "POST /generate HTTP/1.1" 200 OK
[algo2a-g3-l0-modal] 
[algo2a-g3-l0-modal] [36m(CommandActor pid=2493)[0m [2026-09-29 20:31:01] Decode batch, #running-req: 29, #token: 2661, token usage: 0.01, cuda graph: True, gen throughput (token/s): 6075.70, #queue-req: 0
[algo2a-g3-l0-modal] 
[algo2a-g3-l0-modal] [36m(CommandActor pid=2493)[0m [2026-09-29 20:31:02] INFO:     172.20.6.108:43572 - "POST /generate HTTP/1.1" 200 OK
[algo2a-g3-l0-modal] 
[algo2a-g3-l0-modal] [36m(CommandActor pid=2493)[0m [2026-09-29 20:31:02] INFO:     172.20.6.108:27545 - "POST /generate HTTP/1.1" 200 OK
[algo2a-g3-l0-modal] 
[algo2a-g3-l0-modal] [36m(CommandActor pid=2493)[0m [2026-09-29 20:31:02] INFO:     172.20.6.108:27497 - "POST /generate HTTP/1.1" 200 OK
[algo2a-g3-l0-modal] 
[algo2a-g3-l0-modal] [36m(CommandActor pid=2493)[0m [2026-09-29 20:31:02] INFO:     172.20.6.108:47392 - "POST /generate HTTP/1.1" 200 OK
[algo2a-g3-l0-modal] 
[algo2a-g3-l0-modal] [36m(CommandActor pid=2493)[0m [2026-09-29 20:31:02] INFO:     172.20.6.108:31630 - "POST /generate HTTP/1.1" 200 OK
[algo2a-g3-l0-modal] 
[algo2a-g3-l0-modal] [36m(CommandActor pid=2493)[0m [2026-09-29 20:31:02] INFO:     172.20.6.108:42254 - "POST /generate HTTP/1.1" 200 OK
[algo2a-g3-l0-modal] 
[algo2a-g3-l0-modal] [36m(CommandActor pid=2493)[0m [2026-09-29 20:31:02] INFO:     172.20.6.108:47208 - "POST /generate HTTP/1.1" 200 OK
[algo2a-g3-l0-modal] 
[algo2a-g3-l0-modal] [36m(CommandActor pid=2493)[0m [2026-09-29 20:31:02] INFO:     172.20.6.108:55861 - "POST /generate HTTP/1.1" 200 OK
[algo2a-g3-l0-modal] 
[algo2a-g3-l0-modal] [36m(CommandActor pid=2493)[0m [2026-09-29 20:31:02] INFO:     172.20.6.108:17351 - "POST /generate HTTP/1.1" 200 OK
[algo2a-g3-l0-modal] 
[algo2a-g3-l0-modal] [36m(CommandActor pid=2493)[0m [2026-09-29 20:31:02] Decode batch, #running-req: 18, #token: 2303, token usage: 0.01, cuda graph: True, gen throughput (token/s): 4477.07, #queue-req: 0
[algo2a-g3-l0-modal] 
[algo2a-g3-l0-modal] [36m(RolloutExecutor pid=2492)[0m Rollout generation:  50%|█████     | 16/32 [00:05<00:04,  3.64it/s]
[algo2a-g3-l0-modal] 
[algo2a-g3-l0-modal] [36m(CommandActor pid=2493)[0m [2026-09-29 20:31:02] INFO:     172.20.6.108:18055 - "POST /generate HTTP/1.1" 200 OK
[algo2a-g3-l0-modal] 
[algo2a-g3-l0-modal] [36m(CommandActor pid=2493)[0m [2026-09-29 20:31:02] INFO:     172.20.6.108:64807 - "POST /generate HTTP/1.1" 200 OK
[algo2a-g3-l0-modal] 
[algo2a-g3-l0-modal] [36m(CommandActor pid=2493)[0m [2026-09-29 20:31:02] INFO:     172.20.6.108:57307 - "POST /generate HTTP/1.1" 200 OK
[algo2a-g3-l0-modal] 
[algo2a-g3-l0-modal] [36m(CommandActor pid=2493)[0m [2026-09-29 20:31:02] INFO:     172.20.6.108:30803 - "POST /generate HTTP/1.1" 200 OK
[algo2a-g3-l0-modal] 
[algo2a-g3-l0-modal] [36m(CommandActor pid=2493)[0m [2026-09-29 20:31:02] INFO:     172.20.6.108:26664 - "POST /generate HTTP/1.1" 200 OK
[algo2a-g3-l0-modal] 
[algo2a-g3-l0-modal] [36m(CommandActor pid=2493)[0m [2026-09-29 20:31:02] Decode batch, #running-req: 9, #token: 1660, token usage: 0.01, cuda graph: True, gen throughput (token/s): 2683.84, #queue-req: 0
[algo2a-g3-l0-modal] 
[algo2a-g3-l0-modal] [36m(CommandActor pid=2493)[0m [2026-09-29 20:31:02] INFO:     172.20.6.108:49442 - "POST /generate HTTP/1.1" 200 OK
[algo2a-g3-l0-modal] 
[algo2a-g3-l0-modal] [36m(CommandActor pid=2493)[0m [2026-09-29 20:31:02] INFO:     172.20.6.108:38154 - "POST /generate HTTP/1.1" 200 OK
[algo2a-g3-l0-modal] 
[algo2a-g3-l0-modal] [36m(CommandActor pid=2493)[0m [2026-09-29 20:31:02] INFO:     172.20.6.108:37986 - "POST /generate HTTP/1.1" 200 OK
[algo2a-g3-l0-modal] 
[algo2a-g3-l0-modal] [36m(CommandActor pid=2493)[0m [2026-09-29 20:31:02] Decode batch, #running-req: 7, #token: 1618, token usage: 0.01, cuda graph: True, gen throughput (token/s): 1663.55, #queue-req: 0
[algo2a-g3-l0-modal] 
[algo2a-g3-l0-modal] [36m(CommandActor pid=2493)[0m [2026-09-29 20:31:02] Decode batch, #running-req: 6, #token: 1657, token usage: 0.01, cuda graph: True, gen throughput (token/s): 1317.16, #queue-req: 0
[algo2a-g3-l0-modal] 
[algo2a-g3-l0-modal] [36m(CommandActor pid=2493)[0m [2026-09-29 20:31:02] INFO:     172.20.6.108:58095 - "POST /generate HTTP/1.1" 200 OK
[algo2a-g3-l0-modal] 
[algo2a-g3-l0-modal] [36m(CommandActor pid=2493)[0m [2026-09-29 20:31:02] INFO:     172.20.6.108:53989 - "POST /generate HTTP/1.1" 200 OK
[algo2a-g3-l0-modal] 
[algo2a-g3-l0-modal] [36m(CommandActor pid=2493)[0m [2026-09-29 20:31:02] INFO:     172.20.6.108:34261 - "POST /generate HTTP/1.1" 200 OK
[algo2a-g3-l0-modal] 
[algo2a-g3-l0-modal] [36m(CommandActor pid=2493)[0m [2026-09-29 20:31:02] INFO:     172.20.6.108:64340 - "POST /generate HTTP/1.1" 200 OK
[algo2a-g3-l0-modal] 
[algo2a-g3-l0-modal] [36m(CommandActor pid=2493)[0m [2026-09-29 20:31:02] Decode batch, #running-req: 2, #token: 773, token usage: 0.00, cuda graph: True, gen throughput (token/s): 685.17, #queue-req: 0
[algo2a-g3-l0-modal] 
[algo2a-g3-l0-modal] [36m(CommandActor pid=2493)[0m [2026-09-29 20:31:03] Decode batch, #running-req: 2, #token: 853, token usage: 0.00, cuda graph: True, gen throughput (token/s): 418.85, #queue-req: 0
[algo2a-g3-l0-modal] 
[algo2a-g3-l0-modal] [36m(CommandActor pid=2493)[0m [2026-09-29 20:31:03] Decode batch, #running-req: 2, #token: 933, token usage: 0.00, cuda graph: True, gen throughput (token/s): 419.18, #queue-req: 0
[algo2a-g3-l0-modal] 
[algo2a-g3-l0-modal] [36m(RolloutExecutor pid=2492)[0m YETO_RL_EVENT {"all_one_groups":0,"all_zero_groups":2,"constant_groups":2,"entries":32,"event":"rl_advantage_transform","groups":4,"island_id":0,"nonzero_advantages":16,"rollout_id":1,"samples":32,"time_unix":1790713863.4783914,"transform":"maxrl"}
[algo2a-g3-l0-modal] 
[algo2a-g3-l0-modal] [36m(RolloutExecutor pid=2492)[0m Rollout generation:  75%|███████▌  | 24/32 [00:06<00:01,  4.68it/s]Rollout generation: 100%|██████████| 32/32 [00:06<00:00,  5.04it/s]
[algo2a-g3-l0-modal] 
[algo2a-g3-l0-modal] [36m(RolloutExecutor pid=2492)[0m [2026-09-29 20:31:03.455 rollout_executor] inference_rollout_train.py:161 - Finish rollout: text_preview=<|im_start|>system\nYou are a helpful assistant. Please put the answer within \boxed{}.<|im_end|>\n<|im_start|>user\nKen created a care package to send to his brother, who was away at boarding school.  Ken placed a box on a scale, and then he poured into the box enough jelly beans to bring the weight to 2 pounds.  Then, he added enough brownies to cause the weight to triple.  Next, he added another 2 pounds of jelly beans.  And finally, he added enough gummy worms to double the weight once again.  What was ...<truncated chars=530>, label=16, reward_summary=0.0
[algo2a-g3-l0-modal] 
[algo2a-g3-l0-modal] [36m(RolloutExecutor pid=2492)[0m [2026-09-29 20:31:03.458 rollout_executor] inference_rollout_train.py:33 - Abort request for ['http://172.20.6.108:20000']
[algo2a-g3-l0-modal] 
[algo2a-g3-l0-modal] [36m(RolloutExecutor pid=2492)[0m [2026-09-29 20:31:03.467 rollout_executor] rollout_data_conversion.py:39 - Final collected 32 samples from rollout to train
[algo2a-g3-l0-modal] 
[algo2a-g3-l0-modal] [36m(RolloutExecutor pid=2492)[0m [2026-09-29 20:31:03.468 rollout_executor] metrics.py:93 - perf 1: {'rollout/raw_reward_unfiltered': 0.375, 'rollout/num_training_samples': 32, 'rollout/episode_raw_reward': 0.375, 'rollout/episode_response_length/mean': 152.625, 'rollout/episode_response_length/median': 128.0, 'rollout/episode_response_length/max': 384, 'rollout/episode_response_length/min': 63, 'rollout/episode_total_response_length/mean': 152.625, 'rollout/response_len/mean': 152.625, 'rollout/response_len/median': 128.0, 'rollout/response_len/max': 384, 'rollout/response_len/min': 63, 'rollout/zero_std/count_0.0': 2, 'rollout/zero_std/all_zero_percentage': 0.5, 'rollout/zero_std/all_one_percentage': 0.0, 'rollout/prefix_cache_hit_rate': 0.0, 'rollout/avg_cached_tokens_per_sample': 0.0, 'rollout/repetition_frac': 0.0, 'rollout/truncated_ratio': 0.0625, 'perf/rollout_time': 6.36075496673584, 'perf/tokens_per_gpu_per_sec': 767.8333822858029, 'perf/longest_sample_tokens_per_sec': 60.37019221903119, 'perf/effective_tokens_per_gpu_per_sec': 767.8333822858029, 'perf/longest_effective_sample_tokens_per_sec': 60.37019221903119}
[algo2a-g3-l0-modal] 
[algo2a-g3-l0-modal] [36m(RolloutExecutor pid=2492)[0m [2026-09-29 20:31:03.478 rollout_executor] reward_pipeline.py:381 - {"all_one_groups": 0, "all_zero_groups": 2, "constant_groups": 2, "entries": 32, "event": "rl_advantage_transform", "groups": 4, "nonzero_advantages": 16, "rollout_id": 1, "samples": 32, "transform": "maxrl"}
[algo2a-g3-l0-modal] 
[algo2a-g3-l0-modal] [36m(RolloutExecutor pid=2492)[0m [2026-09-29 20:31:03.479 rollout_executor] train_data_conversion.py:334 - Rollout-side DP schedule: num_samples=32, num_rollouts=[32], num_microbatches=[32]
[algo2a-g3-l0-modal] 
[algo2a-g3-l0-modal] [36m(CommandActor pid=2493)[0m [2026-09-29 20:31:03] INFO:     172.20.6.108:43707 - "POST /generate HTTP/1.1" 200 OK
[algo2a-g3-l0-modal] 
[algo2a-g3-l0-modal] [36m(CommandActor pid=2493)[0m [2026-09-29 20:31:03] INFO:     172.20.6.108:63261 - "POST /generate HTTP/1.1" 200 OK
[algo2a-g3-l0-modal] 
[algo2a-g3-l0-modal] [36m(CommandActor pid=2493)[0m [2026-09-29 20:31:03] INFO:     172.20.6.108:23874 - "POST /abort_request HTTP/1.1" 200 OK
[algo2a-g3-l0-modal] 
[algo2a-g3-l0-modal] [36m(CommandActor pid=2493)[0m [2026-09-29 20:31:03] INFO:     172.20.6.108:28318 - "GET /flush_cache HTTP/1.1" 200 OK
[algo2a-g3-l0-modal] 
[algo2a-g3-l0-modal] [36m(CommandActor pid=2493)[0m [2026-09-29 20:31:03] Cache flushed successfully!
[algo2a-g3-l0-modal] 
[algo2a-g3-l0-modal] [36m(CommandActor pid=2493)[0m [2026-09-29 20:31:03] Cache flushed successfully!
[algo2a-g3-l0-modal] 
[algo2a-g3-l0-modal] [36m(InferenceController pid=2491)[0m [2026-09-29 20:31:03.507 inference_controller] _client.py:1740 - HTTP Request: GET http://172.20.6.108:20000/flush_cache "HTTP/1.1 200 OK"
[algo2a-g3-l0-modal] 
[algo2a-g3-l0-modal] YETO_RL_EVENT {"event":"rl_driver_phase","island_id":0,"phase":"onload","rollout_id":1,"time_unix":1790713863.892708}
[algo2a-g3-l0-modal] 
[algo2a-g3-l0-modal] [36m(CommandActor pid=2493)[0m [2026-09-29 20:31:03] INFO:     172.20.6.108:28318 - "POST /release_memory_occupation HTTP/1.1" 200 OK
[algo2a-g3-l0-modal] 
[algo2a-g3-l0-modal] [36m(InferenceController pid=2491)[0m [2026-09-29 20:31:03.881 inference_controller] _client.py:1740 - HTTP Request: POST http://172.20.6.108:20000/release_memory_occupation "HTTP/1.1 200 OK"
[algo2a-g3-l0-modal] 
[algo2a-g3-l0-modal] [36m(TrainerController pid=2494)[0m [2026-09-29 20:31:03.894 trainer_controller_actor] cell.py:231 - ft op=execute phase=start cell=trainer-engine-actor-00000 fn=wake_up n_actors=1
[algo2a-g3-l0-modal] 
[algo2a-g3-l0-modal] [36m(MegatronTrainRayActor pid=2820)[0m [2026-09-29 20:31:03.895 actor_cell00000_rank00000] structured_log.py:24 - actor cls=MegatronTrainRayActor fn=wake_up phase=start
[algo2a-g3-l0-modal] 
[algo2a-g3-l0-modal] [36m(MegatronTrainRayActor pid=2820)[0m [2026-09-29 20:31:03.895 actor_cell00000_rank00000] timer.py:31 - Timer wake_up start
[algo2a-g3-l0-modal] 
[algo2a-g3-l0-modal] [36m(MegatronTrainRayActor pid=2820)[0m [2026-09-29 20:31:03.896 actor_cell00000_rank00000] memory_utils.py:41 - [Rank 0] Memory-Usage before wake_up model: {'gpu': '0', 'total_GB': 79.18, 'free_GB': 74.61, 'used_GB': 4.56, 'allocated_GB': 1.38, 'reserved_GB': 1.47}
[algo2a-g3-l0-modal] 
[algo2a-g3-l0-modal] YETO_RL_EVENT {"event":"rl_driver_phase","island_id":0,"phase":"train","rollout_id":1,"time_unix":1790713864.77332}
[algo2a-g3-l0-modal] 
[algo2a-g3-l0-modal] [36m(TrainerController pid=2494)[0m [2026-09-29 20:31:04.770 trainer_controller_actor] cell.py:239 - ft op=execute phase=end cell=trainer-engine-actor-00000 fn=wake_up ok=true elapsed_s=0.9
[algo2a-g3-l0-modal] 
[algo2a-g3-l0-modal] [36m(TrainerController pid=2494)[0m [2026-09-29 20:31:04.776 trainer_controller_actor] group.py:190 - ft op=train phase=start rollout=1 attempt=0
[algo2a-g3-l0-modal] 
[algo2a-g3-l0-modal] [36m(TrainerController pid=2494)[0m [2026-09-29 20:31:04.776 trainer_controller_actor] group.py:534 - ft op=refresh phase=start rollout=1 alive=0 healing= all_states="(0, 'StateAllocatedAlive')" quorum=0
[algo2a-g3-l0-modal] 
[algo2a-g3-l0-modal] [36m(TrainerController pid=2494)[0m [2026-09-29 20:31:04.776 trainer_controller_actor] group.py:557 - ft op=refresh phase=decision rollout=1 needs_reconfigure=false reason=alive_config_unchanged,no_healing quorum=0
[algo2a-g3-l0-modal] 
[algo2a-g3-l0-modal] [36m(TrainerController pid=2494)[0m [2026-09-29 20:31:04.776 trainer_controller_actor] cell.py:231 - ft op=execute phase=start cell=trainer-engine-actor-00000 fn=train n_actors=1
[algo2a-g3-l0-modal] 
[algo2a-g3-l0-modal] [36m(MegatronTrainRayActor pid=2820)[0m [2026-09-29 20:31:04.768 actor_cell00000_rank00000] reloadable_process_group.py:151 - Reloading 0 process groups in pid 2820
[algo2a-g3-l0-modal] 
[algo2a-g3-l0-modal] [36m(MegatronTrainRayActor pid=2820)[0m [2026-09-29 20:31:04.768 actor_cell00000_rank00000] memory_utils.py:41 - [Rank 0] Memory-Usage after wake_up model: {'gpu': '0', 'total_GB': 79.18, 'free_GB': 73.17, 'used_GB': 6.01, 'allocated_GB': 1.38, 'reserved_GB': 1.47}
[algo2a-g3-l0-modal] 
[algo2a-g3-l0-modal] [36m(MegatronTrainRayActor pid=2820)[0m [2026-09-29 20:31:04.769 actor_cell00000_rank00000] timer.py:42 - Timer wake_up end (elapsed: 0.9s)
[algo2a-g3-l0-modal] 
[algo2a-g3-l0-modal] [36m(MegatronTrainRayActor pid=2820)[0m [2026-09-29 20:31:04.769 actor_cell00000_rank00000] structured_log.py:28 - actor cls=MegatronTrainRayActor fn=wake_up phase=end ok=true elapsed_s=0.9
[algo2a-g3-l0-modal] 
[algo2a-g3-l0-modal] [36m(MegatronTrainRayActor pid=2820)[0m [2026-09-29 20:31:04.778 actor_cell00000_rank00000] structured_log.py:24 - actor cls=MegatronTrainRayActor fn=train phase=start
[algo2a-g3-l0-modal] 
[algo2a-g3-l0-modal] [36m(MegatronTrainRayActor pid=2820)[0m [2026-09-29 20:31:04.779 actor_cell00000_rank00000] timer.py:31 - Timer data_preprocess start
[algo2a-g3-l0-modal] 
[algo2a-g3-l0-modal] [36m(MegatronTrainRayActor pid=2820)[0m [2026-09-29 20:31:04.784 actor_cell00000_rank00000] timer.py:42 - Timer data_preprocess end (elapsed: 0.0s)
[algo2a-g3-l0-modal] 
[algo2a-g3-l0-modal] [36m(MegatronTrainRayActor pid=2820)[0m [2026-09-29 20:31:04.784 actor_cell00000_rank00000] structured_log.py:24 - actor cls=MegatronTrainRayActor fn=_train_actor phase=start
[algo2a-g3-l0-modal] 
[algo2a-g3-l0-modal] [36m(MegatronTrainRayActor pid=2820)[0m [2026-09-29 20:31:04.784 actor_cell00000_rank00000] timer.py:42 - Timer train_wait end (elapsed: 181.0s)
[algo2a-g3-l0-modal] 
[algo2a-g3-l0-modal] [36m(MegatronTrainRayActor pid=2820)[0m [2026-09-29 20:31:04.784 actor_cell00000_rank00000] timer.py:31 - Timer train start
[algo2a-g3-l0-modal] 
[algo2a-g3-l0-modal] [36m(MegatronTrainRayActor pid=2820)[0m [2026-09-29 20:31:04.784 actor_cell00000_rank00000] structured_log.py:24 - actor cls=MegatronTrainRayActor fn=_compute_log_prob phase=start
[algo2a-g3-l0-modal] 
[algo2a-g3-l0-modal] [36m(MegatronTrainRayActor pid=2820)[0m [2026-09-29 20:31:04.784 actor_cell00000_rank00000] timer.py:31 - Timer log_probs start
[algo2a-g3-l0-modal] 
[algo2a-g3-l0-modal] [36m(MegatronTrainRayActor pid=2820)[0m [2026-09-29 20:31:08.856 actor_cell00000_rank00000] timer.py:42 - Timer log_probs end (elapsed: 4.1s)
[algo2a-g3-l0-modal] 
[algo2a-g3-l0-modal] [36m(MegatronTrainRayActor pid=2820)[0m [2026-09-29 20:31:08.856 actor_cell00000_rank00000] structured_log.py:28 - actor cls=MegatronTrainRayActor fn=_compute_log_prob phase=end ok=true elapsed_s=4.1
[algo2a-g3-l0-modal] 
[algo2a-g3-l0-modal] [36m(MegatronTrainRayActor pid=2820)[0m [2026-09-29 20:31:08.862 actor_cell00000_rank00000] log_utils.py:100 - ft op=cross_cell phase=start kind=log_gather rank=0
[algo2a-g3-l0-modal] 
[algo2a-g3-l0-modal] [36m(MegatronTrainRayActor pid=2820)[0m [2026-09-29 20:31:08.863 actor_cell00000_rank00000] log_utils.py:106 - ft op=cross_cell phase=end kind=log_gather rank=0 success=true
[algo2a-g3-l0-modal] 
[algo2a-g3-l0-modal] [36m(MegatronTrainRayActor pid=2820)[0m [2026-09-29 20:31:08.864 actor_cell00000_rank00000] log_utils.py:126 - rollout 1: {'rollout/response_lengths': 152.625, 'rollout/rewards': 3.725290298461914e-09, 'rollout/truncated': 0.0625, 'rollout/rollout_log_probs': -0.3399294912815094, 'rollout/raw_reward': 0.375, 'rollout/total_lengths': 247.125, 'rollout/log_probs': -0.3405703008174896, 'rollout/advantages': 9.313225746154785e-09, 'rollout/returns': 9.313225746154785e-09}
[algo2a-g3-l0-modal] 
[algo2a-g3-l0-modal] [36m(MegatronTrainRayActor pid=2820)[0m [2026-09-29 20:31:08.864 actor_cell00000_rank00000] timer.py:31 - Timer actor_train start
[algo2a-g3-l0-modal] 
[algo2a-g3-l0-modal] YETO_RL_EVENT {"applied_lrs":[6.666666666666668e-06],"clip_fraction":null,"event":"rl_round_trained","island_id":0,"masked_fraction":null,"nonzero_advantages":16,"rollout_id":1,"time_unix":1790713876.6360054,"trained_groups":4,"trained_sample_ids_sha256":"2db44ca8e1db6f0b44c22e6134a0eb33edb7e03f9323974771a6138c41bc9a04","trained_samples":32}
[algo2a-g3-l0-modal] 
[algo2a-g3-l0-modal] YETO_RL_EVENT {"event":"rl_driver_phase","island_id":0,"phase":"sync","rollout_id":1,"time_unix":1790713876.6365082}
[algo2a-g3-l0-modal] 
[algo2a-g3-l0-modal] YETO_RL_EVENT {"event":"rl_driver_phase","island_id":0,"phase":"export_push","rollout_id":1,"time_unix":1790713876.6368885}
[algo2a-g3-l0-modal] 
[algo2a-g3-l0-modal] [36m(TrainerController pid=2494)[0m [2026-09-29 20:31:16.625 trainer_controller_actor] cell.py:239 - ft op=execute phase=end cell=trainer-engine-actor-00000 fn=train ok=true elapsed_s=11.8
[algo2a-g3-l0-modal] 
[algo2a-g3-l0-modal] [36m(TrainerController pid=2494)[0m [2026-09-29 20:31:16.625 trainer_controller_actor] group.py:290 - ft op=check errored= discarded= normal=0 decision=no_retry reason="survivors normal, gradients valid"
[algo2a-g3-l0-modal] 
[algo2a-g3-l0-modal] [36m(TrainerController pid=2494)[0m [2026-09-29 20:31:16.628 trainer_controller_actor] cell.py:231 - ft op=execute phase=start cell=trainer-engine-actor-00000 fn=run_plugin n_actors=1
[algo2a-g3-l0-modal] 
[algo2a-g3-l0-modal] [36m(TrainerController pid=2494)[0m [2026-09-29 20:31:16.630 trainer_controller_actor] cell.py:239 - ft op=execute phase=end cell=trainer-engine-actor-00000 fn=run_plugin ok=true elapsed_s=0.0
[algo2a-g3-l0-modal] 
[algo2a-g3-l0-modal] [36m(TrainerController pid=2494)[0m [2026-09-29 20:31:16.632 trainer_controller_actor] cell.py:231 - ft op=execute phase=start cell=trainer-engine-actor-00000 fn=run_plugin n_actors=1
[algo2a-g3-l0-modal] 
[algo2a-g3-l0-modal] [36m(TrainerController pid=2494)[0m [2026-09-29 20:31:16.634 trainer_controller_actor] cell.py:239 - ft op=execute phase=end cell=trainer-engine-actor-00000 fn=run_plugin ok=true elapsed_s=0.0
[algo2a-g3-l0-modal] 
[algo2a-g3-l0-modal] [36m(TrainerController pid=2494)[0m [2026-09-29 20:31:16.638 trainer_controller_actor] cell.py:231 - ft op=execute phase=start cell=trainer-engine-actor-00000 fn=run_plugin n_actors=1
[algo2a-g3-l0-modal] 
[algo2a-g3-l0-modal] [36m(MegatronTrainRayActor pid=2820)[0m [2026-09-29 20:31:16.621 actor_cell00000_rank00000] model.py:637 - train op=train_step rollout=1 step=0 attempt=0 outcome=NORMAL valid_step=true
[algo2a-g3-l0-modal] 
[algo2a-g3-l0-modal] [36m(MegatronTrainRayActor pid=2820)[0m [2026-09-29 20:31:16.622 actor_cell00000_rank00000] log_utils.py:554 - step 1: {'train/loss': -9.313225746154785e-09, 'train/pg_loss': -9.313225746154785e-09, 'train/entropy_loss': 0.0, 'train/pg_clipfrac': 0.0, 'train/ppo_kl': 0.0, 'train/ess_ratio': 1.0, 'train/train_rollout_logprob_abs_diff': 0.013639097101986408, 'train/train_rollout_kl': 0.0007113540195859969, 'train/grad_norm': 0.29601961374282837, 'train/lr-pg_0': 3.333333333333334e-06, 'train/step': 1}
[algo2a-g3-l0-modal] 
[algo2a-g3-l0-modal] [36m(MegatronTrainRayActor pid=2820)[0m [2026-09-29 20:31:16.622 actor_cell00000_rank00000] model.py:847 - step 1: {'train/loss': -9.313225746154785e-09, 'train/pg_loss': -9.313225746154785e-09, 'train/entropy_loss': 0.0, 'train/pg_clipfrac': 0.0, 'train/ppo_kl': 0.0, 'train/ess_ratio': 1.0, 'train/train_rollout_logprob_abs_diff': 0.013639097101986408, 'train/train_rollout_kl': 0.0007113540195859969, 'train/grad_norm': 0.29601961374282837, 'train/lr-pg_0': 3.333333333333334e-06, 'train/step': 1}
[algo2a-g3-l0-modal] 
[algo2a-g3-l0-modal] [36m(MegatronTrainRayActor pid=2820)[0m [2026-09-29 20:31:16.622 actor_cell00000_rank00000] timer.py:42 - Timer actor_train end (elapsed: 7.8s)
[algo2a-g3-l0-modal] 
[algo2a-g3-l0-modal] [36m(MegatronTrainRayActor pid=2820)[0m [2026-09-29 20:31:16.622 actor_cell00000_rank00000] timer.py:42 - Timer train end (elapsed: 11.8s)
[algo2a-g3-l0-modal] 
[algo2a-g3-l0-modal] [36m(MegatronTrainRayActor pid=2820)[0m [2026-09-29 20:31:16.622 actor_cell00000_rank00000] timer.py:31 - Timer train_wait start
[algo2a-g3-l0-modal] 
[algo2a-g3-l0-modal] [36m(MegatronTrainRayActor pid=2820)[0m [2026-09-29 20:31:16.623 actor_cell00000_rank00000] train_metric_utils.py:56 - perf 1: {'perf/update_weights_implementation_time': 0.07664251327514648, 'perf/finalize_and_resume_engines_time': 0.061127662658691406, 'perf/update_weights_time': 0.17001986503601074, 'perf/sleep_time': 1.1916885375976562, 'perf/wake_up_time': 0.8733546733856201, 'perf/data_preprocess_time': 0.005061149597167969, 'perf/train_wait_time': 180.97109055519104, 'perf/log_probs_time': 4.071041822433472, 'perf/actor_train_time': 7.75850248336792, 'perf/train_time': 11.838078260421753, 'perf/log_probs_tflops': 2.077444772766446, 'perf/actor_train_tflops': 3.270230784300803, 'perf/actor_train_tok_per_s': 1019.2688623806671, 'perf/mfu_peak_tflops': 989.0, 'perf/actor_train_mfu': 0.003306603421942167, 'perf/step_time': 192.8091688156128, 'perf/wait_time_ratio': 0.9386020989917614}
[algo2a-g3-l0-modal] 
[algo2a-g3-l0-modal] [36m(MegatronTrainRayActor pid=2820)[0m [2026-09-29 20:31:16.623 actor_cell00000_rank00000] structured_log.py:28 - actor cls=MegatronTrainRayActor fn=_train_actor phase=end ok=true elapsed_s=11.8
[algo2a-g3-l0-modal] 
[algo2a-g3-l0-modal] [36m(MegatronTrainRayActor pid=2820)[0m [2026-09-29 20:31:16.623 actor_cell00000_rank00000] structured_log.py:28 - actor cls=MegatronTrainRayActor fn=train phase=end ok=true elapsed_s=11.8
[algo2a-g3-l0-modal] 
[algo2a-g3-l0-modal] [36m(TrainerController pid=2494)[0m [2026-09-29 20:31:16.872 trainer_controller_actor] cell.py:239 - ft op=execute phase=end cell=trainer-engine-actor-00000 fn=run_plugin ok=true elapsed_s=0.2
[algo2a-g3-l0-modal] 
[algo2a-g3-l0-modal] YETO_RL_EVENT {"action_tokens":4884,"active_groups":4,"applied_lr":6.666666666666668e-06,"applied_lrs":[6.666666666666668e-06],"base_policy_version":1,"cancelled_groups":0,"clip_fraction":null,"completed_groups":4,"completed_trajectories":32,"delta_l2_norm":0.01834915392100811,"dynamic_filter_dropped_groups":0,"dynamic_filter_generated_groups":0,"dynamic_filter_replacement_attempts":0,"ess_ratio":null,"event":"rl_local_round","grad_norm":0.29601961374282837,"group_p50_seconds":0.0,"group_p95_seconds":0.0,"group_p99_seconds":0.0,"island_id":0,"local_round_id":2,"loss":null,"lr":null,"mean_kl":null,"nonzero_advantage_count":null,"pass_rate":null,"pg_loss":null,"reward_mean":0.375,"reward_std":0.4841229182759271,"rl/action_tokens":4884,"rl/active_groups":4,"rl/cancelled_groups":0,"rl/clip_fraction":null,"rl/completed_groups":4,"rl/completed_trajectories":32,"rl/current_vs_rollout_kl":null,"rl/ess_ratio":null,"rl/global_policy_version":1,"rl/group_p50_seconds":0.0,"rl/group_p95_seconds":0.0,"rl/group_p99_seconds":0.0,"rl/local_delta_norm":0.01834915392100811,"rl/mixed_version_group_count":0,"rl/reward_mean":0.375,"rl/reward_std":0.4841229182759271,"rl/rollout_policy_version":1,"rl/rollout_seconds":7.980869077000079,"rl/tool_wait_seconds":0.0,"rl/zero_variance_group_ratio":0.5,"rollout_seconds":7.980869077000079,"sync/bytes_sent":40370224,"time_unix":1790713877.2103102,"tool_wait_seconds":0.0,"train_seconds":11.861818966999977,"train_step":null,"zero_variance_group_ratio":0.5}
[algo2a-g3-l0-modal] 
[algo2a-g3-l0-modal] YETO_RL_EVENT {"event":"rl_driver_phase","island_id":0,"phase":"wait_global","policy_version":2,"time_unix":1790713877.2495668}
[algo2a-g3-l0-modal] 
[algo2a-g3-l0-modal] [36m(CommandActor pid=2493)[0m [2026-09-29 20:31:43] INFO:     172.20.6.108:54113 - "GET /health HTTP/1.1" 200 OK
[algo2a-g3-l0-modal] 
[algo2a-g3-l1-modal] [36m(CommandActor pid=2609)[0m [2026-09-29 20:31:50] INFO:     172.20.3.137:19536 - "GET /health HTTP/1.1" 200 OK
[algo2a-g3-l1-modal] 
[algo2a-g3-l1-modal] [36m(MegatronTrainRayActor pid=2911)[0m /opt/sglang/lib/python3.12/site-packages/torch/distributed/c10d_logger.py:83: UserWarning: barrier(): using the device under current context. You can specify `device_id` in `init_process_group` to mute this warning.
[algo2a-g3-l1-modal] 
[algo2a-g3-l1-modal] [36m(MegatronTrainRayActor pid=2911)[0m   return func(*args, **kwargs)
[algo2a-g3-l1-modal] 
[algo2a-g3-l1-modal] [36m(TrainerController pid=2610)[0m [2026-09-29 20:31:55.299 trainer_controller_actor] cell.py:239 - ft op=execute phase=end cell=trainer-engine-actor-00000 fn=run_plugin ok=true elapsed_s=59.9
[algo2a-g3-l1-modal] 
[algo2a-g3-l1-modal] [36m(TrainerController pid=2610)[0m [2026-09-29 20:31:55.547 trainer_controller_actor] cell.py:231 - ft op=execute phase=start cell=trainer-engine-actor-00000 fn=run_plugin n_actors=1
[algo2a-g3-l1-modal] 
[algo2a-g3-l1-modal] [36m(TrainerController pid=2610)[0m [2026-09-29 20:31:55.966 trainer_controller_actor] cell.py:239 - ft op=execute phase=end cell=trainer-engine-actor-00000 fn=run_plugin ok=true elapsed_s=0.4
[algo2a-g3-l1-modal] 
[algo2a-g3-l1-modal] YETO_RL_EVENT {"event":"rl_policy_apply","island_id":1,"local_step":1,"optimizer":"reset","partial_fragment_apply":false,"policy_version":1,"sync/apply_seconds":112.46707357700006,"sync/global_policy_hash":"41ef498070e23fb76cd882f10d50cf3f9ea516c3111b643891800cd60b2f7016","time_unix":1790713916.317431}
[algo2a-g3-l1-modal] 
[algo2a-g3-l1-modal] YETO_RL_EVENT {"event":"rl_driver_phase","island_id":1,"phase":"publish","policy_version":1,"time_unix":1790713916.3875751}
[algo2a-g3-l1-modal] 
[algo2a-g3-l1-modal] [36m(TrainerController pid=2610)[0m [2026-09-29 20:31:56.461 trainer_controller_actor] cell.py:231 - ft op=execute phase=start cell=trainer-engine-actor-00000 fn=run_plugin n_actors=1
[algo2a-g3-l1-modal] 
[algo2a-g3-l1-modal] [36m(TrainerController pid=2610)[0m [2026-09-29 20:31:56.949 trainer_controller_actor] cell.py:239 - ft op=execute phase=end cell=trainer-engine-actor-00000 fn=run_plugin ok=true elapsed_s=0.5
[algo2a-g3-l1-modal] 
[algo2a-g3-l1-modal] [36m(CommandActor pid=2609)[0m [2026-09-29 20:31:57] INFO:     172.20.3.137:17129 - "POST /resume_memory_occupation HTTP/1.1" 200 OK
[algo2a-g3-l1-modal] 
[algo2a-g3-l1-modal] [36m(CommandActor pid=2609)[0m [2026-09-29 20:31:57] INFO:     172.20.3.137:52898 - "POST /pause_generation HTTP/1.1" 200 OK
[algo2a-g3-l1-modal] 
[algo2a-g3-l1-modal] [36m(CommandActor pid=2609)[0m [2026-09-29 20:31:57] INFO:     172.20.3.137:52898 - "GET /flush_cache HTTP/1.1" 200 OK
[algo2a-g3-l1-modal] 
[algo2a-g3-l1-modal] [36m(CommandActor pid=2609)[0m [2026-09-29 20:31:57] INFO:     172.20.3.137:52898 - "POST /begin_weight_update HTTP/1.1" 200 OK
[algo2a-g3-l1-modal] 
[algo2a-g3-l1-modal] [36m(CommandActor pid=2609)[0m [2026-09-29 20:31:57] Cache flush skipped: KV cache memory is released.
[algo2a-g3-l1-modal] 
[algo2a-g3-l1-modal] [36m(InferenceController pid=2604)[0m [2026-09-29 20:31:57.459 inference_controller] _client.py:1740 - HTTP Request: POST http://172.20.3.137:20002/resume_memory_occupation "HTTP/1.1 200 OK"
[algo2a-g3-l1-modal] 
[algo2a-g3-l1-modal] [36m(TrainerController pid=2610)[0m [2026-09-29 20:31:57.468 trainer_controller_actor] group.py:392 - ft op=update_weights phase=start rollout=
[algo2a-g3-l1-modal] 
[algo2a-g3-l1-modal] [36m(TrainerController pid=2610)[0m [2026-09-29 20:31:57.469 trainer_controller_actor] cell.py:231 - ft op=execute phase=start cell=trainer-engine-actor-00000 fn=update_weights n_actors=1
[algo2a-g3-l1-modal] 
[algo2a-g3-l1-modal] [36m(MegatronTrainRayActor pid=2911)[0m [2026-09-29 20:31:57.471 actor_cell00000_rank00000] structured_log.py:24 - actor cls=MegatronTrainRayActor fn=update_weights phase=start
[algo2a-g3-l1-modal] 
[algo2a-g3-l1-modal] [36m(MegatronTrainRayActor pid=2911)[0m [2026-09-29 20:31:57.472 actor_cell00000_rank00000] timer.py:31 - Timer update_weights start
[algo2a-g3-l1-modal] 
[algo2a-g3-l1-modal] [36m(MegatronTrainRayActor pid=2911)[0m [2026-09-29 20:31:57.473 actor_cell00000_rank00000] memory_utils.py:41 - [Rank 0] Memory-Usage before update_weights: {'gpu': '0', 'total_GB': 79.18, 'free_GB': 70.15, 'used_GB': 9.03, 'allocated_GB': 1.38, 'reserved_GB': 3.3}
[algo2a-g3-l1-modal] 
[algo2a-g3-l1-modal] [36m(MegatronTrainRayActor pid=2911)[0m [2026-09-29 20:31:57.480 actor_cell00000_rank00000] _client.py:1740 - HTTP Request: POST http://172.20.3.137:20002/pause_generation "HTTP/1.1 200 OK"
[algo2a-g3-l1-modal] 
[algo2a-g3-l1-modal] [36m(MegatronTrainRayActor pid=2911)[0m [2026-09-29 20:31:57.487 actor_cell00000_rank00000] _client.py:1740 - HTTP Request: GET http://172.20.3.137:20002/flush_cache "HTTP/1.1 200 OK"
[algo2a-g3-l1-modal] 
[algo2a-g3-l1-modal] [36m(MegatronTrainRayActor pid=2911)[0m [2026-09-29 20:31:57.492 actor_cell00000_rank00000] _client.py:1740 - HTTP Request: POST http://172.20.3.137:20002/begin_weight_update "HTTP/1.1 200 OK"
[algo2a-g3-l1-modal] 
[algo2a-g3-l1-modal] [36m(MegatronTrainRayActor pid=2911)[0m [2026-09-29 20:31:57.493 actor_cell00000_rank00000] timer.py:31 - Timer update_weights_implementation start
[algo2a-g3-l1-modal] 
[algo2a-g3-l1-modal] [36m(MegatronTrainRayActor pid=2911)[0m [miles-colocate] Update weights: 0it [00:00, ?it/s]
[algo2a-g3-l1-modal] 
[algo2a-g3-l1-modal] [36m(CommandActor pid=2609)[0m [2026-09-29 20:31:57] INFO:     172.20.3.137:52898 - "POST /update_weights_from_tensor HTTP/1.1" 200 OK
[algo2a-g3-l1-modal] 
[algo2a-g3-l1-modal] [36m(CommandActor pid=2609)[0m [2026-09-29 20:31:57] LoRA adapter loading from tensors starts: LoRARef(lora_id=7001c43da418497b8209e18feaa86fda, lora_name=miles_lora, lora_path=__stream__, pinned=False, reloadable=False).
[algo2a-g3-l1-modal] 
[algo2a-g3-l1-modal] [36m(MegatronTrainRayActor pid=2911)[0m [2026-09-29 20:31:57.589 actor_cell00000_rank00000] _client.py:1740 - HTTP Request: POST http://172.20.3.137:20002/update_weights_from_tensor "HTTP/1.1 200 OK"
[algo2a-g3-l1-modal] 
[algo2a-g3-l1-modal] [36m(MegatronTrainRayActor pid=2911)[0m [2026-09-29 20:31:57.591 actor_cell00000_rank00000] timer.py:42 - Timer update_weights_implementation end (elapsed: 0.1s)
[algo2a-g3-l1-modal] 
[algo2a-g3-l1-modal] [36m(MegatronTrainRayActor pid=2911)[0m [2026-09-29 20:31:57.591 actor_cell00000_rank00000] timer.py:31 - Timer finalize_and_resume_engines start
[algo2a-g3-l1-modal] 
[algo2a-g3-l1-modal] [36m(CommandActor pid=2609)[0m [2026-09-29 20:31:57] INFO:     172.20.3.137:52898 - "POST /end_weight_update HTTP/1.1" 200 OK
[algo2a-g3-l1-modal] 
[algo2a-g3-l1-modal] [36m(CommandActor pid=2609)[0m [2026-09-29 20:31:57] INFO:     172.20.3.137:52898 - "POST /update_weight_version HTTP/1.1" 200 OK
[algo2a-g3-l1-modal] 
[algo2a-g3-l1-modal] [36m(CommandActor pid=2609)[0m [2026-09-29 20:31:57] INFO:     172.20.3.137:52898 - "POST /continue_generation HTTP/1.1" 200 OK
[algo2a-g3-l1-modal] 
[algo2a-g3-l1-modal] [36m(CommandActor pid=2609)[0m [2026-09-29 20:31:57] LoRA adapter '7001c43da418497b8209e18feaa86fda': loaded weights for target modules ['down_proj', 'gate_up_proj', 'o_proj', 'qkv_proj'].
[algo2a-g3-l1-modal] 
[algo2a-g3-l1-modal] [36m(CommandActor pid=2609)[0m [2026-09-29 20:31:57] LoRA adapter loading from tensors completes: LoRARef(lora_id=7001c43da418497b8209e18feaa86fda, lora_name=miles_lora, lora_path=__stream__, pinned=False, reloadable=False).
[algo2a-g3-l1-modal] 
[algo2a-g3-l1-modal] [36m(CommandActor pid=2609)[0m [2026-09-29 20:31:57] Weight version changed. old_version='yeto:0:a34cd30f37ee5ffaad784b92defd77b3b6ce68095faf29288d5ea460912617c4' new_version='2' num_recorded=0
[algo2a-g3-l1-modal] 
[algo2a-g3-l1-modal] [36m(CommandActor pid=2609)[0m [2026-09-29 20:31:57] [continue_generation] torch.cuda.empty_cache() called: reserved 32306.0 MB -> 32266.0 MB (freed 40.0 MB)
[algo2a-g3-l1-modal] 
[algo2a-g3-l1-modal] [36m(MegatronTrainRayActor pid=2911)[0m [2026-09-29 20:31:57.723 actor_cell00000_rank00000] _client.py:1740 - HTTP Request: POST http://172.20.3.137:20002/end_weight_update "HTTP/1.1 200 OK"
[algo2a-g3-l1-modal] 
[algo2a-g3-l1-modal] [36m(MegatronTrainRayActor pid=2911)[0m [2026-09-29 20:31:57.730 actor_cell00000_rank00000] _client.py:1740 - HTTP Request: POST http://172.20.3.137:20002/update_weight_version "HTTP/1.1 200 OK"
[algo2a-g3-l1-modal] 
[algo2a-g3-l1-modal] [36m(MegatronTrainRayActor pid=2911)[0m [2026-09-29 20:31:57.734 actor_cell00000_rank00000] _client.py:1740 - HTTP Request: POST http://172.20.3.137:20002/continue_generation "HTTP/1.1 200 OK"
[algo2a-g3-l1-modal] 
[algo2a-g3-l1-modal] [36m(MegatronTrainRayActor pid=2911)[0m [2026-09-29 20:31:57.735 actor_cell00000_rank00000] timer.py:42 - Timer finalize_and_resume_engines end (elapsed: 0.1s)
[algo2a-g3-l1-modal] 
[algo2a-g3-l1-modal] [36m(TrainerController pid=2610)[0m [2026-09-29 20:31:57.824 trainer_controller_actor] cell.py:239 - ft op=execute phase=end cell=trainer-engine-actor-00000 fn=update_weights ok=true elapsed_s=0.4
[algo2a-g3-l1-modal] 
[algo2a-g3-l1-modal] [36m(MegatronTrainRayActor pid=2911)[0m [miles-colocate] Update weights: 1it [00:00,  3.08it/s]
[algo2a-g3-l1-modal] 
[algo2a-g3-l1-modal] [36m(MegatronTrainRayActor pid=2911)[0m [2026-09-29 20:31:57.820 actor_cell00000_rank00000] memory_utils.py:41 - [Rank 0] Memory-Usage after update_weights: {'gpu': '0', 'total_GB': 79.18, 'free_GB': 71.95, 'used_GB': 7.22, 'allocated_GB': 1.38, 'reserved_GB': 1.52}
[algo2a-g3-l1-modal] 
[36m(MegatronTrainRayActor pid=2911)[0m [2026-09-29 20:31:57.821 actor_cell00000_rank00000] timer.py:42 - Timer update_weights end (elapsed: 0.3s)
[algo2a-g3-l1-modal] [36m(MegatronTrainRayActor pid=2911)[0m [2026-09-29 20:31:57.822 actor_cell00000_rank00000] structured_log.py:28 - actor cls=MegatronTrainRayActor fn=update_weights phase=end ok=true elapsed_s=0.3
[algo2a-g3-l1-modal] 
[algo2a-g3-l1-modal] [36m(CommandActor pid=2609)[0m [2026-09-29 20:31:57] INFO:     172.20.3.137:17129 - "POST /resume_memory_occupation HTTP/1.1" 200 OK
[algo2a-g3-l1-modal] 
[algo2a-g3-l1-modal] [36m(CommandActor pid=2609)[0m [2026-09-29 20:31:57] INFO:     172.20.3.137:26511 - "POST /update_weight_version HTTP/1.1" 200 OK
[algo2a-g3-l1-modal] 
[algo2a-g3-l1-modal] [36m(CommandActor pid=2609)[0m [2026-09-29 20:31:57] INFO:     172.20.3.137:26511 - "GET /model_info HTTP/1.1" 200 OK
[algo2a-g3-l1-modal] 
[algo2a-g3-l1-modal] [36m(CommandActor pid=2609)[0m [2026-09-29 20:31:57] Weight version changed. old_version='2' new_version='yeto:1:41ef498070e23fb76cd882f10d50cf3f9ea516c3111b643891800cd60b2f7016' num_recorded=0
[algo2a-g3-l1-modal] 
[algo2a-g3-l1-modal] [36m(CommandActor pid=2609)[0m [2026-09-29 20:31:57] [WeightChecker] handle action=checksum allow_quant_error=False skip_tensor_list=None
[algo2a-g3-l1-modal] 
[algo2a-g3-l1-modal] [36m(InferenceController pid=2604)[0m [2026-09-29 20:31:57.928 inference_controller] _client.py:1740 - HTTP Request: POST http://172.20.3.137:20002/resume_memory_occupation "HTTP/1.1 200 OK"
[algo2a-g3-l1-modal] 
[algo2a-g3-l1-modal] YETO_RL_EVENT {"event":"rl_publication","island_id":1,"policy_version":1,"rl/policy_token":"yeto:1:41ef498070e23fb76cd882f10d50cf3f9ea516c3111b643891800cd60b2f7016","sync/publication_members":["engine:inference-engine-all-0-0-00000"],"sync/publication_payload_bytes":40370176,"sync/publication_payload_hash":"343af438b4dfd876dd8f5414eadb079733e37259953a61c42703e569f8ea3f93","time_unix":1790713918.000827}
[algo2a-g3-l1-modal] 
[algo2a-g3-l1-modal] YETO_RL_EVENT {"event":"rl_driver_phase","island_id":1,"phase":"offload","rollout_id":1,"time_unix":1790713918.001402}
[algo2a-g3-l1-modal] 
[algo2a-g3-l1-modal] [36m(CommandActor pid=2609)[0m [2026-09-29 20:31:57] INFO:     172.20.3.137:17129 - "POST /weights_checker HTTP/1.1" 200 OK
[algo2a-g3-l1-modal] 
[algo2a-g3-l1-modal] [36m(CommandActor pid=2609)[0m [2026-09-29 20:31:57] [WeightChecker] checksum computed for 226 tensors in 0.033s
[algo2a-g3-l1-modal] 
[algo2a-g3-l1-modal] [36m(InferenceController pid=2604)[0m [2026-09-29 20:31:57.993 inference_controller] _client.py:1740 - HTTP Request: POST http://172.20.3.137:20002/weights_checker "HTTP/1.1 200 OK"
[algo2a-g3-l1-modal] 
[algo2a-g3-l1-modal] [36m(TrainerController pid=2610)[0m [2026-09-29 20:31:58.003 trainer_controller_actor] cell.py:231 - ft op=execute phase=start cell=trainer-engine-actor-00000 fn=sleep n_actors=1
[algo2a-g3-l1-modal] 
[algo2a-g3-l1-modal] [36m(MegatronTrainRayActor pid=2911)[0m [2026-09-29 20:31:58.005 actor_cell00000_rank00000] structured_log.py:24 - actor cls=MegatronTrainRayActor fn=sleep phase=start
[algo2a-g3-l1-modal] 
[algo2a-g3-l1-modal] [36m(MegatronTrainRayActor pid=2911)[0m [2026-09-29 20:31:58.005 actor_cell00000_rank00000] timer.py:31 - Timer sleep start
[algo2a-g3-l1-modal] 
[algo2a-g3-l1-modal] [36m(MegatronTrainRayActor pid=2911)[0m [2026-09-29 20:31:58.937 actor_cell00000_rank00000] memory_utils.py:41 - [Rank 0] Memory-Usage before offload model: {'gpu': '0', 'total_GB': 79.18, 'free_GB': 41.92, 'used_GB': 37.26, 'allocated_GB': 1.38, 'reserved_GB': 1.49}
[algo2a-g3-l1-modal] 
[algo2a-g3-l1-modal] YETO_RL_EVENT {"event":"rl_driver_phase","island_id":1,"phase":"generate","policy_version":1,"rollout_id":1,"time_unix":1790713920.6488805}
[algo2a-g3-l1-modal] 
[algo2a-g3-l1-modal] [36m(RolloutExecutor pid=2606)[0m Rollout generation:   0%|          | 0/32 [00:00<?, ?it/s]
[algo2a-g3-l1-modal] 
[algo2a-g3-l1-modal] [36m(TrainerController pid=2610)[0m [2026-09-29 20:32:00.646 trainer_controller_actor] cell.py:239 - ft op=execute phase=end cell=trainer-engine-actor-00000 fn=sleep ok=true elapsed_s=2.6
[algo2a-g3-l1-modal] 
[algo2a-g3-l1-modal] [36m(MegatronTrainRayActor pid=2911)[0m [2026-09-29 20:32:00.602 actor_cell00000_rank00000] memory_utils.py:41 - [Rank 0] Memory-Usage after offload model: {'gpu': '0', 'total_GB': 79.18, 'free_GB': 43.4, 'used_GB': 35.78, 'allocated_GB': 1.38, 'reserved_GB': 1.49}
[algo2a-g3-l1-modal] 
[algo2a-g3-l1-modal] [36m(MegatronTrainRayActor pid=2911)[0m [2026-09-29 20:32:00.643 actor_cell00000_rank00000] log_utils.py:436 - [CPU memory] after_offload_train: 71.75 GB (rollout_id=0, step=0)
[algo2a-g3-l1-modal] 
[algo2a-g3-l1-modal] [36m(MegatronTrainRayActor pid=2911)[0m [2026-09-29 20:32:00.644 actor_cell00000_rank00000] timer.py:42 - Timer sleep end (elapsed: 2.6s)
[algo2a-g3-l1-modal] [36m(MegatronTrainRayActor pid=2911)[0m [2026-09-29 20:32:00.644 actor_cell00000_rank00000] structured_log.py:28 - actor cls=MegatronTrainRayActor fn=sleep phase=end ok=true elapsed_s=2.6
[algo2a-g3-l1-modal] 
[algo2a-g3-l1-modal] [36m(CommandActor pid=2609)[0m [2026-09-29 20:32:07] Prefill batch, #new-seq: 1, #new-token: 57, #cached-token: 0, token usage: 0.01, #running-req: 0, #queue-req: 0, #pending-token: 0, cuda graph: False, input throughput (token/s): 0.32
[algo2a-g3-l1-modal] 
[algo2a-g3-l1-modal] [36m(CommandActor pid=2609)[0m [2026-09-29 20:32:07] Prefill batch, #new-seq: 31, #new-token: 2967, #cached-token: 0, token usage: 0.00, #running-req: 1, #queue-req: 0, #pending-token: 0, cuda graph: False, input throughput (token/s): 135387.11
[algo2a-g3-l1-modal] 
[algo2a-g3-l1-modal] [36m(CommandActor pid=2609)[0m [2026-09-29 20:32:07] Decode batch, #running-req: 32, #token: 1624, token usage: 0.01, cuda graph: True, gen throughput (token/s): 7.13, #queue-req: 0
[algo2a-g3-l1-modal] 
[algo2a-g3-l1-modal] [36m(CommandActor pid=2609)[0m [2026-09-29 20:32:07] INFO:     172.20.3.137:46383 - "POST /generate HTTP/1.1" 200 OK
[algo2a-g3-l1-modal] 
[algo2a-g3-l1-modal] [36m(CommandActor pid=2609)[0m [2026-09-29 20:32:07] INFO:     172.20.3.137:55146 - "POST /generate HTTP/1.1" 200 OK
[algo2a-g3-l1-modal] 
[algo2a-g3-l1-modal] [36m(CommandActor pid=2609)[0m [2026-09-29 20:32:07] INFO:     172.20.3.137:59137 - "POST /generate HTTP/1.1" 200 OK
[algo2a-g3-l1-modal] 
[algo2a-g3-l1-modal] [36m(CommandActor pid=2609)[0m [2026-09-29 20:32:08] INFO:     172.20.3.137:22774 - "POST /generate HTTP/1.1" 200 OK
[algo2a-g3-l1-modal] 
[algo2a-g3-l1-modal] [36m(CommandActor pid=2609)[0m [2026-09-29 20:32:08] INFO:     172.20.3.137:49628 - "POST /generate HTTP/1.1" 200 OK
[algo2a-g3-l1-modal] 
[algo2a-g3-l1-modal] [36m(CommandActor pid=2609)[0m [2026-09-29 20:32:08] INFO:     172.20.3.137:28161 - "POST /generate HTTP/1.1" 200 OK
[algo2a-g3-l1-modal] 
[algo2a-g3-l1-modal] [36m(CommandActor pid=2609)[0m [2026-09-29 20:32:08] INFO:     172.20.3.137:64579 - "POST /generate HTTP/1.1" 200 OK
[algo2a-g3-l1-modal] 
[algo2a-g3-l1-modal] [36m(CommandActor pid=2609)[0m [2026-09-29 20:32:08] INFO:     172.20.3.137:20214 - "POST /generate HTTP/1.1" 200 OK
[algo2a-g3-l1-modal] 
[algo2a-g3-l1-modal] [36m(CommandActor pid=2609)[0m [2026-09-29 20:32:08] Decode batch, #running-req: 29, #token: 2661, token usage: 0.01, cuda graph: True, gen throughput (token/s): 6001.50, #queue-req: 0
[algo2a-g3-l1-modal] 
[algo2a-g3-l1-modal] [36m(RolloutExecutor pid=2606)[0m [2026-09-29 20:32:08.085 rollout_executor] inference_rollout_train.py:137 - First rollout sample: text_preview=<|im_start|>system\nYou are a helpful assistant. Please put the answer within \boxed{}.<|im_end|>\n<|im_start|>user\nAlbert is wondering how much pizza he can eat in one day. He buys 2 large pizzas and 2 small pizzas. A large pizza has 16 slices and a small pizza has 8 slices. If he eats it all, how many pieces does he eat that day?<|im_end|>\n<|im_start|>assistant\n<think>\n\n</think>\n\n- 1 large pizza has 16 slices.\n- 2 large pizzas = $ 2 \times 16 = 32 $ slices.\n- 2 small pizzas = $ 2 \times 8 = 16 $ ...<truncated chars=116>, label=48, reward_summary=1.0
[algo2a-g3-l1-modal] 
[algo2a-g3-l1-modal] [36m(RolloutExecutor pid=2606)[0m Rollout generation:  25%|██▌       | 8/32 [00:07<00:22,  1.08it/s]
[algo2a-g3-l1-modal] 
[algo2a-g3-l1-modal] [36m(CommandActor pid=2609)[0m [2026-09-29 20:32:08] INFO:     172.20.3.137:45194 - "POST /generate HTTP/1.1" 200 OK
[algo2a-g3-l1-modal] 
[algo2a-g3-l1-modal] [36m(CommandActor pid=2609)[0m [2026-09-29 20:32:08] INFO:     172.20.3.137:63013 - "POST /generate HTTP/1.1" 200 OK
[algo2a-g3-l1-modal] 
[algo2a-g3-l1-modal] [36m(CommandActor pid=2609)[0m [2026-09-29 20:32:08] INFO:     172.20.3.137:24687 - "POST /generate HTTP/1.1" 200 OK
[algo2a-g3-l1-modal] 
[algo2a-g3-l1-modal] [36m(CommandActor pid=2609)[0m [2026-09-29 20:32:08] INFO:     172.20.3.137:59828 - "POST /generate HTTP/1.1" 200 OK
[algo2a-g3-l1-modal] [36m(CommandActor pid=2609)[0m [2026-09-29 20:32:08] INFO:     172.20.3.137:21677 - "POST /generate HTTP/1.1" 200 OK
[algo2a-g3-l1-modal] 
[algo2a-g3-l1-modal] [36m(CommandActor pid=2609)[0m [2026-09-29 20:32:08] INFO:     172.20.3.137:41629 - "POST /generate HTTP/1.1" 200 OK
[algo2a-g3-l1-modal] 
[algo2a-g3-l1-modal] [36m(CommandActor pid=2609)[0m [2026-09-29 20:32:08] INFO:     172.20.3.137:52122 - "POST /generate HTTP/1.1" 200 OK
[algo2a-g3-l1-modal] 
[algo2a-g3-l1-modal] [36m(CommandActor pid=2609)[0m [2026-09-29 20:32:08] INFO:     172.20.3.137:51141 - "POST /generate HTTP/1.1" 200 OK
[algo2a-g3-l1-modal] 
[algo2a-g3-l1-modal] [36m(CommandActor pid=2609)[0m [2026-09-29 20:32:08] INFO:     172.20.3.137:51830 - "POST /generate HTTP/1.1" 200 OK
[algo2a-g3-l1-modal] 
[algo2a-g3-l1-modal] [36m(CommandActor pid=2609)[0m [2026-09-29 20:32:08] INFO:     172.20.3.137:27214 - "POST /generate HTTP/1.1" 200 OK
[algo2a-g3-l1-modal] 
[algo2a-g3-l1-modal] [36m(CommandActor pid=2609)[0m [2026-09-29 20:32:08] Decode batch, #running-req: 19, #token: 2424, token usage: 0.01, cuda graph: True, gen throughput (token/s): 4347.56, #queue-req: 0
[algo2a-g3-l1-modal] 
[algo2a-g3-l1-modal] [36m(RolloutExecutor pid=2606)[0m Rollout generation:  50%|█████     | 16/32 [00:07<00:06,  2.49it/s]
[algo2a-g3-l1-modal] 
[algo2a-g3-l1-modal] [36m(CommandActor pid=2609)[0m [2026-09-29 20:32:08] INFO:     172.20.3.137:29402 - "POST /generate HTTP/1.1" 200 OK
[algo2a-g3-l1-modal] 
[algo2a-g3-l1-modal] [36m(CommandActor pid=2609)[0m [2026-09-29 20:32:08] INFO:     172.20.3.137:42253 - "POST /generate HTTP/1.1" 200 OK
[algo2a-g3-l1-modal] 
[algo2a-g3-l1-modal] [36m(CommandActor pid=2609)[0m [2026-09-29 20:32:08] INFO:     172.20.3.137:24931 - "POST /generate HTTP/1.1" 200 OK
[algo2a-g3-l1-modal] 
[algo2a-g3-l1-modal] [36m(CommandActor pid=2609)[0m [2026-09-29 20:32:08] INFO:     172.20.3.137:26962 - "POST /generate HTTP/1.1" 200 OK
[algo2a-g3-l1-modal] 
[algo2a-g3-l1-modal] [36m(CommandActor pid=2609)[0m [2026-09-29 20:32:08] Decode batch, #running-req: 11, #token: 1982, token usage: 0.01, cuda graph: True, gen throughput (token/s): 2780.74, #queue-req: 0
[algo2a-g3-l1-modal] 
[algo2a-g3-l1-modal] [36m(CommandActor pid=2609)[0m [2026-09-29 20:32:08] INFO:     172.20.3.137:45912 - "POST /generate HTTP/1.1" 200 OK
[algo2a-g3-l1-modal] 
[algo2a-g3-l1-modal] [36m(CommandActor pid=2609)[0m [2026-09-29 20:32:08] INFO:     172.20.3.137:41149 - "POST /generate HTTP/1.1" 200 OK
[algo2a-g3-l1-modal] 
[algo2a-g3-l1-modal] [36m(CommandActor pid=2609)[0m [2026-09-29 20:32:08] INFO:     172.20.3.137:21589 - "POST /generate HTTP/1.1" 200 OK
[algo2a-g3-l1-modal] 
[algo2a-g3-l1-modal] [36m(CommandActor pid=2609)[0m [2026-09-29 20:32:08] INFO:     172.20.3.137:57721 - "POST /generate HTTP/1.1" 200 OK
[algo2a-g3-l1-modal] 
[algo2a-g3-l1-modal] [36m(CommandActor pid=2609)[0m [2026-09-29 20:32:08] Decode batch, #running-req: 7, #token: 1618, token usage: 0.01, cuda graph: True, gen throughput (token/s): 1831.29, #queue-req: 0
[algo2a-g3-l1-modal] 
[algo2a-g3-l1-modal] [36m(CommandActor pid=2609)[0m [2026-09-29 20:32:08] Decode batch, #running-req: 6, #token: 1657, token usage: 0.01, cuda graph: True, gen throughput (token/s): 1316.87, #queue-req: 0
[algo2a-g3-l1-modal] 
[algo2a-g3-l1-modal] [36m(CommandActor pid=2609)[0m [2026-09-29 20:32:08] INFO:     172.20.3.137:26937 - "POST /generate HTTP/1.1" 200 OK
[algo2a-g3-l1-modal] 
[algo2a-g3-l1-modal] [36m(CommandActor pid=2609)[0m [2026-09-29 20:32:08] INFO:     172.20.3.137:37066 - "POST /generate HTTP/1.1" 200 OK
[algo2a-g3-l1-modal] 
[algo2a-g3-l1-modal] [36m(CommandActor pid=2609)[0m [2026-09-29 20:32:08] INFO:     172.20.3.137:35029 - "POST /generate HTTP/1.1" 200 OK
[algo2a-g3-l1-modal] 
[36m(CommandActor pid=2609)[0m [2026-09-29 20:32:08] INFO:     172.20.3.137:50881 - "POST /generate HTTP/1.1" 200 OK
[algo2a-g3-l1-modal] 
[algo2a-g3-l1-modal] [36m(CommandActor pid=2609)[0m [2026-09-29 20:32:09] Decode batch, #running-req: 2, #token: 773, token usage: 0.00, cuda graph: True, gen throughput (token/s): 678.80, #queue-req: 0
[algo2a-g3-l1-modal] 
[algo2a-g3-l1-modal] [36m(CommandActor pid=2609)[0m [2026-09-29 20:32:09] Decode batch, #running-req: 2, #token: 853, token usage: 0.00, cuda graph: True, gen throughput (token/s): 415.70, #queue-req: 0
[algo2a-g3-l1-modal] 
[algo2a-g3-l1-modal] [36m(CommandActor pid=2609)[0m [2026-09-29 20:32:09] Decode batch, #running-req: 2, #token: 933, token usage: 0.00, cuda graph: True, gen throughput (token/s): 421.16, #queue-req: 0
[algo2a-g3-l1-modal] 
[algo2a-g3-l1-modal] [36m(RolloutExecutor pid=2606)[0m YETO_RL_EVENT {"all_one_groups":0,"all_zero_groups":1,"constant_groups":1,"entries":32,"event":"rl_advantage_transform","groups":4,"island_id":1,"nonzero_advantages":24,"rollout_id":1,"samples":32,"time_unix":1790713929.539752,"transform":"maxrl"}
[algo2a-g3-l1-modal] 
[algo2a-g3-l1-modal] [36m(RolloutExecutor pid=2606)[0m Rollout generation:  75%|███████▌  | 24/32 [00:08<00:02,  3.51it/s]Rollout generation: 100%|██████████| 32/32 [00:08<00:00,  3.61it/s]
[algo2a-g3-l1-modal] 
[algo2a-g3-l1-modal] [36m(RolloutExecutor pid=2606)[0m [2026-09-29 20:32:09.514 rollout_executor] inference_rollout_train.py:161 - Finish rollout: text_preview=<|im_start|>system\nYou are a helpful assistant. Please put the answer within \boxed{}.<|im_end|>\n<|im_start|>user\nMark has a garden with flowers. He planted plants of three different colors in it. Ten of them are yellow, and there are 80% more of those in purple. There are only 25% as many green flowers as there are yellow and purple flowers. How many flowers does Mark have in his garden?<|im_end|>\n<|im_start|>assistant\n<think>\n\n</think>\n\nLet's break this down step by step:\n\n- Mark has **10 yello...<truncated chars=469>, label=35, reward_summary=1.0
[algo2a-g3-l1-modal] 
[algo2a-g3-l1-modal] [36m(RolloutExecutor pid=2606)[0m [2026-09-29 20:32:09.518 rollout_executor] inference_rollout_train.py:33 - Abort request for ['http://172.20.3.137:20002']
[algo2a-g3-l1-modal] 
[algo2a-g3-l1-modal] [36m(RolloutExecutor pid=2606)[0m [2026-09-29 20:32:09.531 rollout_executor] rollout_data_conversion.py:39 - Final collected 32 samples from rollout to train
[algo2a-g3-l1-modal] 
[algo2a-g3-l1-modal] [36m(RolloutExecutor pid=2606)[0m [2026-09-29 20:32:09.532 rollout_executor] metrics.py:93 - perf 1: {'rollout/raw_reward_unfiltered': 0.40625, 'rollout/num_training_samples': 32, 'rollout/episode_raw_reward': 0.40625, 'rollout/episode_response_length/mean': 154.125, 'rollout/episode_response_length/median': 129.0, 'rollout/episode_response_length/max': 384, 'rollout/episode_response_length/min': 63, 'rollout/episode_total_response_length/mean': 154.125, 'rollout/response_len/mean': 154.125, 'rollout/response_len/median': 129.0, 'rollout/response_len/max': 384, 'rollout/response_len/min': 63, 'rollout/zero_std/count_0.0': 1, 'rollout/zero_std/all_zero_percentage': 0.25, 'rollout/zero_std/all_one_percentage': 0.0, 'rollout/prefix_cache_hit_rate': 0.0, 'rollout/avg_cached_tokens_per_sample': 0.0, 'rollout/repetition_frac': 0.0, 'rollout/truncated_ratio': 0.0625, 'perf/rollout_time': 8.87437891960144, 'perf/tokens_per_gpu_per_sec': 555.7572022427798, 'perf/longest_sample_tokens_per_sec': 43.270633751262665, 'perf/effective_tokens_per_gpu_per_sec': 555.7572022427798, 'perf/longest_effective_sample_tokens_per_sec': 43.270633751262665}
[algo2a-g3-l1-modal] 
[algo2a-g3-l1-modal] [36m(RolloutExecutor pid=2606)[0m [2026-09-29 20:32:09.539 rollout_executor] reward_pipeline.py:381 - {"all_one_groups": 0, "all_zero_groups": 1, "constant_groups": 1, "entries": 32, "event": "rl_advantage_transform", "groups": 4, "nonzero_advantages": 24, "rollout_id": 1, "samples": 32, "transform": "maxrl"}
[algo2a-g3-l1-modal] 
[algo2a-g3-l1-modal] [36m(RolloutExecutor pid=2606)[0m [2026-09-29 20:32:09.541 rollout_executor] train_data_conversion.py:334 - Rollout-side DP schedule: num_samples=32, num_rollouts=[32], num_microbatches=[32]
[algo2a-g3-l1-modal] 
[algo2a-g3-l1-modal] [36m(CommandActor pid=2609)[0m [2026-09-29 20:32:09] INFO:     172.20.3.137:52335 - "POST /generate HTTP/1.1" 200 OK
[algo2a-g3-l1-modal] 
[algo2a-g3-l1-modal] [36m(CommandActor pid=2609)[0m [2026-09-29 20:32:09] INFO:     172.20.3.137:37181 - "POST /generate HTTP/1.1" 200 OK
[algo2a-g3-l1-modal] [36m(CommandActor pid=2609)[0m [2026-09-29 20:32:09] INFO:     172.20.3.137:18973 - "POST /abort_request HTTP/1.1" 200 OK
[algo2a-g3-l1-modal] 
[algo2a-g3-l1-modal] [36m(CommandActor pid=2609)[0m [2026-09-29 20:32:09] INFO:     172.20.3.137:44705 - "GET /flush_cache HTTP/1.1" 200 OK
[algo2a-g3-l1-modal] 
[algo2a-g3-l1-modal] [36m(CommandActor pid=2609)[0m [2026-09-29 20:32:09] Cache flushed successfully!
[algo2a-g3-l1-modal] 
[algo2a-g3-l1-modal] [36m(CommandActor pid=2609)[0m [2026-09-29 20:32:09] Cache flushed successfully!
[algo2a-g3-l1-modal] 
[algo2a-g3-l1-modal] [36m(InferenceController pid=2604)[0m [2026-09-29 20:32:09.563 inference_controller] _client.py:1740 - HTTP Request: GET http://172.20.3.137:20002/flush_cache "HTTP/1.1 200 OK"
[algo2a-g3-l1-modal] 
[algo2a-g3-l1-modal] [36m(CommandActor pid=2609)[0m [2026-09-29 20:32:11] INFO:     172.20.3.137:44705 - "POST /release_memory_occupation HTTP/1.1" 200 OK
[algo2a-g3-l1-modal] 
[algo2a-g3-l1-modal] [36m(InferenceController pid=2604)[0m [2026-09-29 20:32:11.130 inference_controller] _client.py:1740 - HTTP Request: POST http://172.20.3.137:20002/release_memory_occupation "HTTP/1.1 200 OK"
[algo2a-g3-l1-modal] 
[algo2a-g3-l1-modal] YETO_RL_EVENT {"event":"rl_driver_phase","island_id":1,"phase":"onload","rollout_id":1,"time_unix":1790713931.1428318}
[algo2a-g3-l1-modal] 
[algo2a-g3-l1-modal] [36m(TrainerController pid=2610)[0m [2026-09-29 20:32:11.145 trainer_controller_actor] cell.py:231 - ft op=execute phase=start cell=trainer-engine-actor-00000 fn=wake_up n_actors=1
[algo2a-g3-l1-modal] 
[algo2a-g3-l1-modal] [36m(MegatronTrainRayActor pid=2911)[0m [2026-09-29 20:32:11.147 actor_cell00000_rank00000] structured_log.py:24 - actor cls=MegatronTrainRayActor fn=wake_up phase=start
[algo2a-g3-l1-modal] 
[algo2a-g3-l1-modal] [36m(MegatronTrainRayActor pid=2911)[0m [2026-09-29 20:32:11.147 actor_cell00000_rank00000] timer.py:31 - Timer wake_up start
[algo2a-g3-l1-modal] 
[algo2a-g3-l1-modal] [36m(MegatronTrainRayActor pid=2911)[0m [2026-09-29 20:32:11.148 actor_cell00000_rank00000] memory_utils.py:41 - [Rank 0] Memory-Usage before wake_up model: {'gpu': '0', 'total_GB': 79.18, 'free_GB': 74.61, 'used_GB': 4.56, 'allocated_GB': 1.38, 'reserved_GB': 1.49}
[algo2a-g3-l1-modal] 
[algo2a-g3-l1-modal] YETO_RL_EVENT {"event":"rl_driver_phase","island_id":1,"phase":"train","rollout_id":1,"time_unix":1790713932.231971}
[algo2a-g3-l1-modal] 
[algo2a-g3-l1-modal] [36m(TrainerController pid=2610)[0m [2026-09-29 20:32:12.229 trainer_controller_actor] cell.py:239 - ft op=execute phase=end cell=trainer-engine-actor-00000 fn=wake_up ok=true elapsed_s=1.1
[algo2a-g3-l1-modal] 
[algo2a-g3-l1-modal] [36m(TrainerController pid=2610)[0m [2026-09-29 20:32:12.235 trainer_controller_actor] group.py:190 - ft op=train phase=start rollout=1 attempt=0
[algo2a-g3-l1-modal] 
[algo2a-g3-l1-modal] [36m(TrainerController pid=2610)[0m [2026-09-29 20:32:12.235 trainer_controller_actor] group.py:534 - ft op=refresh phase=start rollout=1 alive=0 healing= all_states="(0, 'StateAllocatedAlive')" quorum=0
[algo2a-g3-l1-modal] 
[algo2a-g3-l1-modal] [36m(TrainerController pid=2610)[0m [2026-09-29 20:32:12.235 trainer_controller_actor] group.py:557 - ft op=refresh phase=decision rollout=1 needs_reconfigure=false reason=alive_config_unchanged,no_healing quorum=0
[algo2a-g3-l1-modal] 
[algo2a-g3-l1-modal] [36m(TrainerController pid=2610)[0m [2026-09-29 20:32:12.236 trainer_controller_actor] cell.py:231 - ft op=execute phase=start cell=trainer-engine-actor-00000 fn=train n_actors=1
[algo2a-g3-l1-modal] 
[algo2a-g3-l1-modal] [36m(MegatronTrainRayActor pid=2911)[0m [2026-09-29 20:32:12.223 actor_cell00000_rank00000] reloadable_process_group.py:151 - Reloading 0 process groups in pid 2911
[algo2a-g3-l1-modal] 
[algo2a-g3-l1-modal] [36m(MegatronTrainRayActor pid=2911)[0m [2026-09-29 20:32:12.225 actor_cell00000_rank00000] memory_utils.py:41 - [Rank 0] Memory-Usage after wake_up model: {'gpu': '0', 'total_GB': 79.18, 'free_GB': 73.14, 'used_GB': 6.04, 'allocated_GB': 1.38, 'reserved_GB': 1.49}
[algo2a-g3-l1-modal] 
[36m(MegatronTrainRayActor pid=2911)[0m [2026-09-29 20:32:12.226 actor_cell00000_rank00000] timer.py:42 - Timer wake_up end (elapsed: 1.1s)
[algo2a-g3-l1-modal] 
[algo2a-g3-l1-modal] [36m(MegatronTrainRayActor pid=2911)[0m [2026-09-29 20:32:12.226 actor_cell00000_rank00000] structured_log.py:28 - actor cls=MegatronTrainRayActor fn=wake_up phase=end ok=true elapsed_s=1.1
[algo2a-g3-l1-modal] 
[algo2a-g3-l1-modal] [36m(MegatronTrainRayActor pid=2911)[0m [2026-09-29 20:32:12.238 actor_cell00000_rank00000] structured_log.py:24 - actor cls=MegatronTrainRayActor fn=train phase=start
[algo2a-g3-l1-modal] 
[algo2a-g3-l1-modal] [36m(MegatronTrainRayActor pid=2911)[0m [2026-09-29 20:32:12.238 actor_cell00000_rank00000] timer.py:31 - Timer data_preprocess start
[algo2a-g3-l1-modal] [36m(MegatronTrainRayActor pid=2911)[0m [2026-09-29 20:32:12.244 actor_cell00000_rank00000] timer.py:42 - Timer data_preprocess end (elapsed: 0.0s)
[algo2a-g3-l1-modal] 
[algo2a-g3-l1-modal] [36m(MegatronTrainRayActor pid=2911)[0m [2026-09-29 20:32:12.244 actor_cell00000_rank00000] structured_log.py:24 - actor cls=MegatronTrainRayActor fn=_train_actor phase=start
[algo2a-g3-l1-modal] 
[algo2a-g3-l1-modal] [36m(MegatronTrainRayActor pid=2911)[0m [2026-09-29 20:32:12.244 actor_cell00000_rank00000] timer.py:42 - Timer train_wait end (elapsed: 134.4s)
[algo2a-g3-l1-modal] 
[algo2a-g3-l1-modal] [36m(MegatronTrainRayActor pid=2911)[0m [2026-09-29 20:32:12.245 actor_cell00000_rank00000] timer.py:31 - Timer train start
[algo2a-g3-l1-modal] 
[algo2a-g3-l1-modal] [36m(MegatronTrainRayActor pid=2911)[0m [2026-09-29 20:32:12.245 actor_cell00000_rank00000] structured_log.py:24 - actor cls=MegatronTrainRayActor fn=_compute_log_prob phase=start
[algo2a-g3-l1-modal] 
[algo2a-g3-l1-modal] [36m(MegatronTrainRayActor pid=2911)[0m [2026-09-29 20:32:12.245 actor_cell00000_rank00000] timer.py:31 - Timer log_probs start
[algo2a-g3-l1-modal] 
[algo2a-g3-l1-modal] [36m(MegatronTrainRayActor pid=2911)[0m [2026-09-29 20:32:18.282 actor_cell00000_rank00000] timer.py:42 - Timer log_probs end (elapsed: 6.0s)
[algo2a-g3-l1-modal] 
[algo2a-g3-l1-modal] [36m(MegatronTrainRayActor pid=2911)[0m [2026-09-29 20:32:18.282 actor_cell00000_rank00000] structured_log.py:28 - actor cls=MegatronTrainRayActor fn=_compute_log_prob phase=end ok=true elapsed_s=6.0
[algo2a-g3-l1-modal] 
[algo2a-g3-l1-modal] [36m(MegatronTrainRayActor pid=2911)[0m [2026-09-29 20:32:18.292 actor_cell00000_rank00000] log_utils.py:100 - ft op=cross_cell phase=start kind=log_gather rank=0
[algo2a-g3-l1-modal] 
[algo2a-g3-l1-modal] [36m(MegatronTrainRayActor pid=2911)[0m [2026-09-29 20:32:18.294 actor_cell00000_rank00000] log_utils.py:106 - ft op=cross_cell phase=end kind=log_gather rank=0 success=true
[algo2a-g3-l1-modal] 
[36m(MegatronTrainRayActor pid=2911)[0m [2026-09-29 20:32:18.294 actor_cell00000_rank00000] log_utils.py:126 - rollout 1: {'rollout/response_lengths': 154.125, 'rollout/rewards': 3.725290298461914e-09, 'rollout/truncated': 0.0625, 'rollout/rollout_log_probs': -0.33588728308677673, 'rollout/raw_reward': 0.40625, 'rollout/total_lengths': 248.625, 'rollout/log_probs': -0.33643022179603577, 'rollout/advantages': 0.0, 'rollout/returns': 0.0}
[36m(MegatronTrainRayActor pid=2911)[0m [2026-09-29 20:32:18.294 actor_cell00000_rank00000] timer.py:31 - Timer actor_train start
[algo2a-g3-l1-modal] 
[algo2a-g3-l1-modal] YETO_RL_EVENT {"applied_lrs":[6.666666666666668e-06],"clip_fraction":null,"event":"rl_round_trained","island_id":1,"masked_fraction":null,"nonzero_advantages":24,"rollout_id":1,"time_unix":1790713951.3447886,"trained_groups":4,"trained_sample_ids_sha256":"2db44ca8e1db6f0b44c22e6134a0eb33edb7e03f9323974771a6138c41bc9a04","trained_samples":32}
[algo2a-g3-l1-modal] 
[algo2a-g3-l1-modal] YETO_RL_EVENT {"event":"rl_driver_phase","island_id":1,"phase":"sync","rollout_id":1,"time_unix":1790713951.3457384}
[algo2a-g3-l1-modal] 
[algo2a-g3-l1-modal] YETO_RL_EVENT {"event":"rl_driver_phase","island_id":1,"phase":"export_push","rollout_id":1,"time_unix":1790713951.3464317}
[algo2a-g3-l1-modal] 
[algo2a-g3-l1-modal] [36m(TrainerController pid=2610)[0m [2026-09-29 20:32:31.326 trainer_controller_actor] cell.py:239 - ft op=execute phase=end cell=trainer-engine-actor-00000 fn=train ok=true elapsed_s=19.1
[algo2a-g3-l1-modal] 
[algo2a-g3-l1-modal] [36m(TrainerController pid=2610)[0m [2026-09-29 20:32:31.326 trainer_controller_actor] group.py:290 - ft op=check errored= discarded= normal=0 decision=no_retry reason="survivors normal, gradients valid"
[algo2a-g3-l1-modal] 
[algo2a-g3-l1-modal] [36m(TrainerController pid=2610)[0m [2026-09-29 20:32:31.331 trainer_controller_actor] cell.py:231 - ft op=execute phase=start cell=trainer-engine-actor-00000 fn=run_plugin n_actors=1
[algo2a-g3-l1-modal] 
[algo2a-g3-l1-modal] [36m(TrainerController pid=2610)[0m [2026-09-29 20:32:31.334 trainer_controller_actor] cell.py:239 - ft op=execute phase=end cell=trainer-engine-actor-00000 fn=run_plugin ok=true elapsed_s=0.0
[algo2a-g3-l1-modal] [36m(TrainerController pid=2610)[0m [2026-09-29 20:32:31.339 trainer_controller_actor] cell.py:231 - ft op=execute phase=start cell=trainer-engine-actor-00000 fn=run_plugin n_actors=1
[algo2a-g3-l1-modal] 
[algo2a-g3-l1-modal] [36m(TrainerController pid=2610)[0m [2026-09-29 20:32:31.342 trainer_controller_actor] cell.py:239 - ft op=execute phase=end cell=trainer-engine-actor-00000 fn=run_plugin ok=true elapsed_s=0.0
[algo2a-g3-l1-modal] 
[algo2a-g3-l1-modal] [36m(TrainerController pid=2610)[0m [2026-09-29 20:32:31.348 trainer_controller_actor] cell.py:231 - ft op=execute phase=start cell=trainer-engine-actor-00000 fn=run_plugin n_actors=1
[algo2a-g3-l1-modal] 
[algo2a-g3-l1-modal] [36m(MegatronTrainRayActor pid=2911)[0m [2026-09-29 20:32:31.316 actor_cell00000_rank00000] model.py:637 - train op=train_step rollout=1 step=0 attempt=0 outcome=NORMAL valid_step=true
[algo2a-g3-l1-modal] 
[algo2a-g3-l1-modal] [36m(MegatronTrainRayActor pid=2911)[0m [2026-09-29 20:32:31.318 actor_cell00000_rank00000] log_utils.py:554 - step 1: {'train/loss': 0.0, 'train/pg_loss': 0.0, 'train/entropy_loss': 0.0, 'train/pg_clipfrac': 0.0, 'train/ppo_kl': 0.0, 'train/ess_ratio': 1.0, 'train/train_rollout_logprob_abs_diff': 0.013695278204977512, 'train/train_rollout_kl': 0.0007102472591213882, 'train/grad_norm': 0.7853845357894897, 'train/lr-pg_0': 3.333333333333334e-06, 'train/step': 1}
[algo2a-g3-l1-modal] 
[algo2a-g3-l1-modal] [36m(MegatronTrainRayActor pid=2911)[0m [2026-09-29 20:32:31.319 actor_cell00000_rank00000] model.py:847 - step 1: {'train/loss': 0.0, 'train/pg_loss': 0.0, 'train/entropy_loss': 0.0, 'train/pg_clipfrac': 0.0, 'train/ppo_kl': 0.0, 'train/ess_ratio': 1.0, 'train/train_rollout_logprob_abs_diff': 0.013695278204977512, 'train/train_rollout_kl': 0.0007102472591213882, 'train/grad_norm': 0.7853845357894897, 'train/lr-pg_0': 3.333333333333334e-06, 'train/step': 1}
[algo2a-g3-l1-modal] 
[algo2a-g3-l1-modal] [36m(MegatronTrainRayActor pid=2911)[0m [2026-09-29 20:32:31.319 actor_cell00000_rank00000] timer.py:42 - Timer actor_train end (elapsed: 13.0s)
[algo2a-g3-l1-modal] 
[algo2a-g3-l1-modal] [36m(MegatronTrainRayActor pid=2911)[0m [2026-09-29 20:32:31.320 actor_cell00000_rank00000] timer.py:42 - Timer train end (elapsed: 19.1s)
[algo2a-g3-l1-modal] 
[algo2a-g3-l1-modal] [36m(MegatronTrainRayActor pid=2911)[0m [2026-09-29 20:32:31.320 actor_cell00000_rank00000] timer.py:31 - Timer train_wait start
[algo2a-g3-l1-modal] 
[36m(MegatronTrainRayActor pid=2911)[0m [2026-09-29 20:32:31.321 actor_cell00000_rank00000] train_metric_utils.py:56 - perf 1: {'perf/update_weights_implementation_time': 0.09755134582519531, 'perf/finalize_and_resume_engines_time': 0.14383339881896973, 'perf/update_weights_time': 0.34926891326904297, 'perf/sleep_time': 2.638981342315674, 'perf/wake_up_time': 1.0787322521209717, 'perf/data_preprocess_time': 0.0057392120361328125, 'perf/train_wait_time': 134.4296522140503, 'perf/log_probs_time': 6.036716461181641, 'perf/actor_train_time': 13.024868249893188, 'perf/train_time': 19.075000286102295, 'perf/log_probs_tflops': 1.409967829595549, 'perf/actor_train_tflops': 1.9604596015915476, 'perf/actor_train_tok_per_s': 610.831514557949, 'perf/mfu_peak_tflops': 989.0, 'perf/actor_train_mfu': 0.0019822645112149116, 'perf/step_time': 153.5046525001526, 'perf/wait_time_ratio': 0.8757366635119849}
[algo2a-g3-l1-modal] 
[algo2a-g3-l1-modal] [36m(MegatronTrainRayActor pid=2911)[0m [2026-09-29 20:32:31.322 actor_cell00000_rank00000] structured_log.py:28 - actor cls=MegatronTrainRayActor fn=_train_actor phase=end ok=true elapsed_s=19.1
[algo2a-g3-l1-modal] 
[algo2a-g3-l1-modal] [36m(MegatronTrainRayActor pid=2911)[0m [2026-09-29 20:32:31.323 actor_cell00000_rank00000] structured_log.py:28 - actor cls=MegatronTrainRayActor fn=train phase=end ok=true elapsed_s=19.1
[algo2a-g3-l1-modal] 
[algo2a-g3-l1-modal] [36m(TrainerController pid=2610)[0m [2026-09-29 20:32:31.804 trainer_controller_actor] cell.py:239 - ft op=execute phase=end cell=trainer-engine-actor-00000 fn=run_plugin ok=true elapsed_s=0.5
[algo2a-g3-l1-modal] 
[algo2a-g3-l1-modal] YETO_RL_EVENT {"action_tokens":4932,"active_groups":4,"applied_lr":6.666666666666668e-06,"applied_lrs":[6.666666666666668e-06],"base_policy_version":1,"cancelled_groups":0,"clip_fraction":null,"completed_groups":4,"completed_trajectories":32,"delta_l2_norm":0.01891416311264038,"dynamic_filter_dropped_groups":0,"dynamic_filter_generated_groups":0,"dynamic_filter_replacement_attempts":0,"ess_ratio":null,"event":"rl_local_round","grad_norm":0.7853845357894897,"group_p50_seconds":0.0,"group_p95_seconds":0.0,"group_p99_seconds":0.0,"island_id":1,"local_round_id":2,"loss":null,"lr":null,"mean_kl":null,"nonzero_advantage_count":null,"pass_rate":null,"pg_loss":null,"reward_mean":0.40625,"reward_std":0.4911323014219285,"rl/action_tokens":4932,"rl/active_groups":4,"rl/cancelled_groups":0,"rl/clip_fraction":null,"rl/completed_groups":4,"rl/completed_trajectories":32,"rl/current_vs_rollout_kl":null,"rl/ess_ratio":null,"rl/global_policy_version":1,"rl/group_p50_seconds":0.0,"rl/group_p95_seconds":0.0,"rl/group_p99_seconds":0.0,"rl/local_delta_norm":0.01891416311264038,"rl/mixed_version_group_count":0,"rl/reward_mean":0.40625,"rl/reward_std":0.4911323014219285,"rl/rollout_policy_version":1,"rl/rollout_seconds":13.134869217000073,"rl/tool_wait_seconds":0.0,"rl/zero_variance_group_ratio":0.25,"rollout_seconds":13.134869217000073,"sync/bytes_sent":40370224,"time_unix":1790713952.2907162,"tool_wait_seconds":0.0,"train_seconds":19.112106403999974,"train_step":null,"zero_variance_group_ratio":0.25}
[algo2a-g3-l1-modal] 
[algo2a-g3-l1-modal] YETO_RL_EVENT {"event":"rl_driver_phase","island_id":1,"phase":"wait_global","policy_version":2,"time_unix":1790713952.3631113}
[algo2a-g3-l1-modal] 
[syncer] 2026-09-29T20:32:36.010969Z  INFO yeto_syncer::server: checkpoint committed step=2 path=/tmp/algo2a/g3home/yeto-output/yeto-state.ckpt
[syncer] 2026-09-29T20:32:36.132102Z  INFO yeto_syncer::server: outer step step=2 fragment=0 responders=[Member { learner_id: 0, generation: 9096641884410840748 }, Member { learner_id: 1, generation: 3620157925610301889 }] gnorm="0.0147" ms=154379
[algo2a-g3-l0-modal] YETO_RL_EVENT {"event":"rl_driver_phase","island_id":0,"optimizer":"reset","phase":"apply","policy_version":2,"time_unix":1790713957.8692572}
[algo2a-g3-l0-modal] 
[algo2a-g3-l1-modal] YETO_RL_EVENT {"event":"rl_driver_phase","island_id":1,"optimizer":"reset","phase":"apply","policy_version":2,"time_unix":1790713958.3150222}
[algo2a-g3-l1-modal] 
[algo2a-g3-l0-modal] [36m(CommandActor pid=2493)[0m [2026-09-29 20:32:43] INFO:     172.20.6.108:57943 - "GET /health HTTP/1.1" 200 OK
[algo2a-g3-l0-modal] 
[algo2a-g3-l1-modal] [36m(CommandActor pid=2609)[0m [2026-09-29 20:32:50] INFO:     172.20.3.137:28674 - "GET /health HTTP/1.1" 200 OK
[algo2a-g3-l1-modal] 
[algo2a-g3-l0-modal] [36m(TrainerController pid=2494)[0m [2026-09-29 20:32:59.527 trainer_controller_actor] cell.py:231 - ft op=execute phase=start cell=trainer-engine-actor-00000 fn=run_plugin n_actors=1
[algo2a-g3-l0-modal] 
[algo2a-g3-l1-modal] [36m(TrainerController pid=2610)[0m [2026-09-29 20:33:03.067 trainer_controller_actor] cell.py:231 - ft op=execute phase=start cell=trainer-engine-actor-00000 fn=run_plugin n_actors=1
[algo2a-g3-l1-modal] 
[algo2a-g3-l0-modal] [36m(TrainerController pid=2494)[0m [2026-09-29 20:33:22.055 trainer_controller_actor] cell.py:239 - ft op=execute phase=end cell=trainer-engine-actor-00000 fn=run_plugin ok=true elapsed_s=22.5
[algo2a-g3-l0-modal] 
[algo2a-g3-l0-modal] [36m(TrainerController pid=2494)[0m [2026-09-29 20:33:22.118 trainer_controller_actor] cell.py:231 - ft op=execute phase=start cell=trainer-engine-actor-00000 fn=run_plugin n_actors=1
[algo2a-g3-l0-modal] 
[algo2a-g3-l0-modal] [36m(TrainerController pid=2494)[0m [2026-09-29 20:33:22.404 trainer_controller_actor] cell.py:239 - ft op=execute phase=end cell=trainer-engine-actor-00000 fn=run_plugin ok=true elapsed_s=0.3
[algo2a-g3-l0-modal] 
[algo2a-g3-l0-modal] YETO_RL_EVENT {"event":"rl_policy_apply","island_id":0,"local_step":2,"optimizer":"reset","partial_fragment_apply":false,"policy_version":2,"sync/apply_seconds":44.832954761999986,"sync/global_policy_hash":"8b0cb63c1cd600af6d706ff3f5c92febf4ef359497ae79816c9023e6d5027396","time_unix":1790714002.7030666}
[algo2a-g3-l0-modal] 
[algo2a-g3-l0-modal] YETO_RL_EVENT {"event":"rl_driver_phase","island_id":0,"phase":"publish","policy_version":2,"time_unix":1790714002.7594419}
[algo2a-g3-l0-modal] 
[algo2a-g3-l0-modal] [36m(TrainerController pid=2494)[0m [2026-09-29 20:33:22.816 trainer_controller_actor] cell.py:231 - ft op=execute phase=start cell=trainer-engine-actor-00000 fn=run_plugin n_actors=1
[algo2a-g3-l0-modal] 
[algo2a-g3-l0-modal] [36m(TrainerController pid=2494)[0m [2026-09-29 20:33:23.047 trainer_controller_actor] cell.py:239 - ft op=execute phase=end cell=trainer-engine-actor-00000 fn=run_plugin ok=true elapsed_s=0.2
[algo2a-g3-l0-modal] 
[algo2a-g3-l0-modal] [36m(CommandActor pid=2493)[0m [2026-09-29 20:33:23] INFO:     172.20.6.108:49163 - "POST /resume_memory_occupation HTTP/1.1" 200 OK
[algo2a-g3-l0-modal] 
[algo2a-g3-l0-modal] [36m(CommandActor pid=2493)[0m [2026-09-29 20:33:23] INFO:     172.20.6.108:62443 - "POST /pause_generation HTTP/1.1" 200 OK
[algo2a-g3-l0-modal] 
[algo2a-g3-l0-modal] [36m(CommandActor pid=2493)[0m [2026-09-29 20:33:23] INFO:     172.20.6.108:62443 - "GET /flush_cache HTTP/1.1" 200 OK
[algo2a-g3-l0-modal] 
[algo2a-g3-l0-modal] [36m(CommandActor pid=2493)[0m [2026-09-29 20:33:23] INFO:     172.20.6.108:62443 - "POST /begin_weight_update HTTP/1.1" 200 OK
[algo2a-g3-l0-modal] 
[algo2a-g3-l0-modal] [36m(CommandActor pid=2493)[0m [2026-09-29 20:33:23] INFO:     172.20.6.108:62443 - "POST /update_weights_from_tensor HTTP/1.1" 200 OK
[algo2a-g3-l0-modal] 
[algo2a-g3-l0-modal] [36m(CommandActor pid=2493)[0m [2026-09-29 20:33:23] Cache flush skipped: KV cache memory is released.
[algo2a-g3-l0-modal] 
[algo2a-g3-l0-modal] [36m(CommandActor pid=2493)[0m [2026-09-29 20:33:23] LoRA adapter loading from tensors starts: LoRARef(lora_id=c4625434834a47b09d0c9689fd9126d2, lora_name=miles_lora, lora_path=__stream__, pinned=False, reloadable=False).
[algo2a-g3-l0-modal] 
[algo2a-g3-l0-modal] [36m(InferenceController pid=2491)[0m [2026-09-29 20:33:23.353 inference_controller] _client.py:1740 - HTTP Request: POST http://172.20.6.108:20000/resume_memory_occupation "HTTP/1.1 200 OK"
[algo2a-g3-l0-modal] 
[algo2a-g3-l0-modal] [36m(TrainerController pid=2494)[0m [2026-09-29 20:33:23.359 trainer_controller_actor] group.py:392 - ft op=update_weights phase=start rollout=
[algo2a-g3-l0-modal] 
[algo2a-g3-l0-modal] [36m(TrainerController pid=2494)[0m [2026-09-29 20:33:23.359 trainer_controller_actor] cell.py:231 - ft op=execute phase=start cell=trainer-engine-actor-00000 fn=update_weights n_actors=1
[algo2a-g3-l0-modal] 
[algo2a-g3-l0-modal] [36m(MegatronTrainRayActor pid=2820)[0m [2026-09-29 20:33:23.360 actor_cell00000_rank00000] structured_log.py:24 - actor cls=MegatronTrainRayActor fn=update_weights phase=start
[algo2a-g3-l0-modal] 
[algo2a-g3-l0-modal] [36m(MegatronTrainRayActor pid=2820)[0m [2026-09-29 20:33:23.361 actor_cell00000_rank00000] timer.py:31 - Timer update_weights start
[algo2a-g3-l0-modal] 
[algo2a-g3-l0-modal] [36m(MegatronTrainRayActor pid=2820)[0m [2026-09-29 20:33:23.361 actor_cell00000_rank00000] memory_utils.py:41 - [Rank 0] Memory-Usage before update_weights: {'gpu': '0', 'total_GB': 79.18, 'free_GB': 68.75, 'used_GB': 10.42, 'allocated_GB': 1.38, 'reserved_GB': 4.69}
[algo2a-g3-l0-modal] 
[algo2a-g3-l0-modal] [36m(MegatronTrainRayActor pid=2820)[0m [2026-09-29 20:33:23.365 actor_cell00000_rank00000] _client.py:1740 - HTTP Request: POST http://172.20.6.108:20000/pause_generation "HTTP/1.1 200 OK"
[algo2a-g3-l0-modal] 
[algo2a-g3-l0-modal] [36m(MegatronTrainRayActor pid=2820)[0m [2026-09-29 20:33:23.368 actor_cell00000_rank00000] _client.py:1740 - HTTP Request: GET http://172.20.6.108:20000/flush_cache "HTTP/1.1 200 OK"
[algo2a-g3-l0-modal] 
[algo2a-g3-l0-modal] [36m(MegatronTrainRayActor pid=2820)[0m [2026-09-29 20:33:23.370 actor_cell00000_rank00000] _client.py:1740 - HTTP Request: POST http://172.20.6.108:20000/begin_weight_update "HTTP/1.1 200 OK"
[algo2a-g3-l0-modal] 
[algo2a-g3-l0-modal] [36m(MegatronTrainRayActor pid=2820)[0m [2026-09-29 20:33:23.371 actor_cell00000_rank00000] timer.py:31 - Timer update_weights_implementation start
[algo2a-g3-l0-modal] 
[algo2a-g3-l0-modal] [36m(MegatronTrainRayActor pid=2820)[0m [miles-colocate] Update weights: 0it [00:00, ?it/s][2026-09-29 20:33:23.436 actor_cell00000_rank00000] _client.py:1740 - HTTP Request: POST http://172.20.6.108:20000/update_weights_from_tensor "HTTP/1.1 200 OK"
[algo2a-g3-l0-modal] 
[algo2a-g3-l0-modal] [36m(MegatronTrainRayActor pid=2820)[0m [2026-09-29 20:33:23.436 actor_cell00000_rank00000] timer.py:42 - Timer update_weights_implementation end (elapsed: 0.1s)
[algo2a-g3-l0-modal] 
[algo2a-g3-l0-modal] [36m(MegatronTrainRayActor pid=2820)[0m [2026-09-29 20:33:23.437 actor_cell00000_rank00000] timer.py:31 - Timer finalize_and_resume_engines start
[algo2a-g3-l0-modal] 
[algo2a-g3-l0-modal] [36m(CommandActor pid=2493)[0m [2026-09-29 20:33:23] INFO:     172.20.6.108:62443 - "POST /end_weight_update HTTP/1.1" 200 OK
[algo2a-g3-l0-modal] 
[algo2a-g3-l0-modal] [36m(CommandActor pid=2493)[0m [2026-09-29 20:33:23] INFO:     172.20.6.108:62443 - "POST /update_weight_version HTTP/1.1" 200 OK
[algo2a-g3-l0-modal] 
[algo2a-g3-l0-modal] [36m(CommandActor pid=2493)[0m [2026-09-29 20:33:23] INFO:     172.20.6.108:62443 - "POST /continue_generation HTTP/1.1" 200 OK
[algo2a-g3-l0-modal] 
[algo2a-g3-l0-modal] [36m(CommandActor pid=2493)[0m [2026-09-29 20:33:23] INFO:     172.20.6.108:49163 - "POST /resume_memory_occupation HTTP/1.1" 200 OK
[algo2a-g3-l0-modal] 
[algo2a-g3-l0-modal] [36m(CommandActor pid=2493)[0m [2026-09-29 20:33:23] LoRA adapter 'c4625434834a47b09d0c9689fd9126d2': loaded weights for target modules ['down_proj', 'gate_up_proj', 'o_proj', 'qkv_proj'].
[algo2a-g3-l0-modal] 
[algo2a-g3-l0-modal] [36m(CommandActor pid=2493)[0m [2026-09-29 20:33:23] LoRA adapter loading from tensors completes: LoRARef(lora_id=c4625434834a47b09d0c9689fd9126d2, lora_name=miles_lora, lora_path=__stream__, pinned=False, reloadable=False).
[algo2a-g3-l0-modal] 
[algo2a-g3-l0-modal] [36m(CommandActor pid=2493)[0m [2026-09-29 20:33:23] Weight version changed. old_version='yeto:1:41ef498070e23fb76cd882f10d50cf3f9ea516c3111b643891800cd60b2f7016' new_version='3' num_recorded=0
[algo2a-g3-l0-modal] 
[algo2a-g3-l0-modal] [36m(CommandActor pid=2493)[0m [2026-09-29 20:33:23] [continue_generation] torch.cuda.empty_cache() called: reserved 32306.0 MB -> 32266.0 MB (freed 40.0 MB)
[algo2a-g3-l0-modal] 
[algo2a-g3-l0-modal] [36m(InferenceController pid=2491)[0m [2026-09-29 20:33:23.560 inference_controller] _client.py:1740 - HTTP Request: POST http://172.20.6.108:20000/resume_memory_occupation "HTTP/1.1 200 OK"
[algo2a-g3-l0-modal] 
[algo2a-g3-l0-modal] [36m(TrainerController pid=2494)[0m [2026-09-29 20:33:23.528 trainer_controller_actor] cell.py:239 - ft op=execute phase=end cell=trainer-engine-actor-00000 fn=update_weights ok=true elapsed_s=0.2
[algo2a-g3-l0-modal] 
[algo2a-g3-l0-modal] [36m(MegatronTrainRayActor pid=2820)[0m [2026-09-29 20:33:23.484 actor_cell00000_rank00000] _client.py:1740 - HTTP Request: POST http://172.20.6.108:20000/end_weight_update "HTTP/1.1 200 OK"
[algo2a-g3-l0-modal] 
[algo2a-g3-l0-modal] [36m(MegatronTrainRayActor pid=2820)[0m [2026-09-29 20:33:23.488 actor_cell00000_rank00000] _client.py:1740 - HTTP Request: POST http://172.20.6.108:20000/update_weight_version "HTTP/1.1 200 OK"
[algo2a-g3-l0-modal] 
[algo2a-g3-l0-modal] [36m(MegatronTrainRayActor pid=2820)[0m [2026-09-29 20:33:23.490 actor_cell00000_rank00000] _client.py:1740 - HTTP Request: POST http://172.20.6.108:20000/continue_generation "HTTP/1.1 200 OK"
[algo2a-g3-l0-modal] 
[algo2a-g3-l0-modal] [36m(MegatronTrainRayActor pid=2820)[0m [2026-09-29 20:33:23.490 actor_cell00000_rank00000] timer.py:42 - Timer finalize_and_resume_engines end (elapsed: 0.1s)
[algo2a-g3-l0-modal] 
[algo2a-g3-l0-modal] [36m(MegatronTrainRayActor pid=2820)[0m [miles-colocate] Update weights: 1it [00:00,  6.61it/s]
[algo2a-g3-l0-modal] 
[algo2a-g3-l0-modal] [36m(MegatronTrainRayActor pid=2820)[0m [2026-09-29 20:33:23.526 actor_cell00000_rank00000] memory_utils.py:41 - [Rank 0] Memory-Usage after update_weights: {'gpu': '0', 'total_GB': 79.18, 'free_GB': 71.98, 'used_GB': 7.2, 'allocated_GB': 1.38, 'reserved_GB': 1.49}
[algo2a-g3-l0-modal] 
[algo2a-g3-l0-modal] [36m(MegatronTrainRayActor pid=2820)[0m [2026-09-29 20:33:23.527 actor_cell00000_rank00000] timer.py:42 - Timer update_weights end (elapsed: 0.2s)
[algo2a-g3-l0-modal] 
[algo2a-g3-l0-modal] [36m(MegatronTrainRayActor pid=2820)[0m [2026-09-29 20:33:23.527 actor_cell00000_rank00000] structured_log.py:28 - actor cls=MegatronTrainRayActor fn=update_weights phase=end ok=true elapsed_s=0.2
[algo2a-g3-l0-modal] 
[algo2a-g3-l0-modal] YETO_RL_EVENT {"event":"rl_publication","island_id":0,"policy_version":2,"rl/policy_token":"yeto:2:8b0cb63c1cd600af6d706ff3f5c92febf4ef359497ae79816c9023e6d5027396","sync/publication_members":["engine:inference-engine-all-0-0-00000"],"sync/publication_payload_bytes":40370176,"sync/publication_payload_hash":"4750813eda7caa6d73b9dbbbc6bdb696743d27982d5bbbcbda483a51fa9355d6","time_unix":1790714003.621791}
[algo2a-g3-l0-modal] 
[algo2a-g3-l0-modal] YETO_RL_EVENT {"event":"rl_driver_phase","island_id":0,"phase":"offload","rollout_id":2,"time_unix":1790714003.622525}
[algo2a-g3-l0-modal] 
[algo2a-g3-l0-modal] [36m(CommandActor pid=2493)[0m [2026-09-29 20:33:23] INFO:     172.20.6.108:54351 - "POST /update_weight_version HTTP/1.1" 200 OK
[algo2a-g3-l0-modal] 
[algo2a-g3-l0-modal] [36m(CommandActor pid=2493)[0m [2026-09-29 20:33:23] INFO:     172.20.6.108:54351 - "GET /model_info HTTP/1.1" 200 OK
[algo2a-g3-l0-modal] 
[algo2a-g3-l0-modal] [36m(CommandActor pid=2493)[0m [2026-09-29 20:33:23] INFO:     172.20.6.108:49163 - "POST /weights_checker HTTP/1.1" 200 OK
[algo2a-g3-l0-modal] 
[algo2a-g3-l0-modal] [36m(CommandActor pid=2493)[0m [2026-09-29 20:33:23] Weight version changed. old_version='3' new_version='yeto:2:8b0cb63c1cd600af6d706ff3f5c92febf4ef359497ae79816c9023e6d5027396' num_recorded=0
[algo2a-g3-l0-modal] 
[algo2a-g3-l0-modal] [36m(CommandActor pid=2493)[0m [2026-09-29 20:33:23] [WeightChecker] handle action=checksum allow_quant_error=False skip_tensor_list=None
[algo2a-g3-l0-modal] 
[algo2a-g3-l0-modal] [36m(CommandActor pid=2493)[0m [2026-09-29 20:33:23] [WeightChecker] checksum computed for 226 tensors in 0.038s
[algo2a-g3-l0-modal] 
[algo2a-g3-l0-modal] [36m(InferenceController pid=2491)[0m [2026-09-29 20:33:23.616 inference_controller] _client.py:1740 - HTTP Request: POST http://172.20.6.108:20000/weights_checker "HTTP/1.1 200 OK"
[algo2a-g3-l0-modal] 
[algo2a-g3-l0-modal] [36m(TrainerController pid=2494)[0m [2026-09-29 20:33:23.624 trainer_controller_actor] cell.py:231 - ft op=execute phase=start cell=trainer-engine-actor-00000 fn=sleep n_actors=1
[algo2a-g3-l0-modal] 
[algo2a-g3-l0-modal] [36m(MegatronTrainRayActor pid=2820)[0m [2026-09-29 20:33:23.625 actor_cell00000_rank00000] structured_log.py:24 - actor cls=MegatronTrainRayActor fn=sleep phase=start
[36m(MegatronTrainRayActor pid=2820)[0m [2026-09-29 20:33:23.625 actor_cell00000_rank00000] timer.py:31 - Timer sleep start
[algo2a-g3-l0-modal] 
[algo2a-g3-l0-modal] [36m(MegatronTrainRayActor pid=2820)[0m [2026-09-29 20:33:24.201 actor_cell00000_rank00000] memory_utils.py:41 - [Rank 0] Memory-Usage before offload model: {'gpu': '0', 'total_GB': 79.18, 'free_GB': 41.95, 'used_GB': 37.23, 'allocated_GB': 1.38, 'reserved_GB': 1.47}
[algo2a-g3-l0-modal] 
[algo2a-g3-l0-modal] YETO_RL_EVENT {"event":"rl_driver_phase","island_id":0,"phase":"generate","policy_version":2,"rollout_id":2,"time_unix":1790714004.6576087}
[algo2a-g3-l0-modal] 
[algo2a-g3-l0-modal] [36m(RolloutExecutor pid=2492)[0m Rollout generation:   0%|          | 0/32 [00:00<?, ?it/s]
[algo2a-g3-l0-modal] 
[algo2a-g3-l0-modal] [36m(TrainerController pid=2494)[0m [2026-09-29 20:33:24.655 trainer_controller_actor] cell.py:239 - ft op=execute phase=end cell=trainer-engine-actor-00000 fn=sleep ok=true elapsed_s=1.0
[algo2a-g3-l0-modal] 
[algo2a-g3-l0-modal] [36m(MegatronTrainRayActor pid=2820)[0m [2026-09-29 20:33:24.653 actor_cell00000_rank00000] memory_utils.py:41 - [Rank 0] Memory-Usage after offload model: {'gpu': '0', 'total_GB': 79.18, 'free_GB': 43.4, 'used_GB': 35.78, 'allocated_GB': 1.38, 'reserved_GB': 1.47}
[algo2a-g3-l0-modal] 
[algo2a-g3-l0-modal] [36m(MegatronTrainRayActor pid=2820)[0m [2026-09-29 20:33:24.654 actor_cell00000_rank00000] log_utils.py:436 - [CPU memory] after_offload_train: 67.97 GB (rollout_id=1, step=1)
[algo2a-g3-l0-modal] 
[algo2a-g3-l0-modal] [36m(MegatronTrainRayActor pid=2820)[0m [2026-09-29 20:33:24.654 actor_cell00000_rank00000] timer.py:42 - Timer sleep end (elapsed: 1.0s)
[algo2a-g3-l0-modal] 
[algo2a-g3-l0-modal] [36m(MegatronTrainRayActor pid=2820)[0m [2026-09-29 20:33:24.654 actor_cell00000_rank00000] structured_log.py:28 - actor cls=MegatronTrainRayActor fn=sleep phase=end ok=true elapsed_s=1.0
[algo2a-g3-l0-modal] [36m(CommandActor pid=2493)[0m [2026-09-29 20:33:27] Prefill batch, #new-seq: 1, #new-token: 141, #cached-token: 0, token usage: 0.01, #running-req: 0, #queue-req: 0, #pending-token: 0, cuda graph: False, input throughput (token/s): 0.97
[algo2a-g3-l0-modal] 
[algo2a-g3-l0-modal] [36m(CommandActor pid=2493)[0m [2026-09-29 20:33:27] Prefill batch, #new-seq: 31, #new-token: 3675, #cached-token: 0, token usage: 0.00, #running-req: 1, #queue-req: 0, #pending-token: 0, cuda graph: False, input throughput (token/s): 339916.84
[algo2a-g3-l0-modal] 
[algo2a-g3-l0-modal] [36m(CommandActor pid=2493)[0m [2026-09-29 20:33:27] Decode batch, #running-req: 32, #token: 1722, token usage: 0.01, cuda graph: True, gen throughput (token/s): 8.88, #queue-req: 0
[algo2a-g3-l0-modal] 
[algo2a-g3-l0-modal] [36m(CommandActor pid=2493)[0m [2026-09-29 20:33:27] Decode batch, #running-req: 32, #token: 3002, token usage: 0.01, cuda graph: True, gen throughput (token/s): 5812.31, #queue-req: 0
[algo2a-g3-l0-modal] 
[algo2a-g3-l0-modal] [36m(CommandActor pid=2493)[0m [2026-09-29 20:33:27] INFO:     172.20.6.108:34910 - "POST /generate HTTP/1.1" 200 OK
[algo2a-g3-l0-modal] 
[algo2a-g3-l0-modal] [36m(CommandActor pid=2493)[0m [2026-09-29 20:33:27] INFO:     172.20.6.108:23063 - "POST /generate HTTP/1.1" 200 OK
[algo2a-g3-l0-modal] 
[algo2a-g3-l0-modal] [36m(CommandActor pid=2493)[0m [2026-09-29 20:33:27] INFO:     172.20.6.108:29195 - "POST /generate HTTP/1.1" 200 OK
[algo2a-g3-l0-modal] 
[algo2a-g3-l0-modal] [36m(CommandActor pid=2493)[0m [2026-09-29 20:33:27] INFO:     172.20.6.108:28852 - "POST /generate HTTP/1.1" 200 OK
[algo2a-g3-l0-modal] 
[algo2a-g3-l0-modal] [36m(CommandActor pid=2493)[0m [2026-09-29 20:33:27] Decode batch, #running-req: 29, #token: 3919, token usage: 0.01, cuda graph: True, gen throughput (token/s): 6051.78, #queue-req: 0
[algo2a-g3-l0-modal] 
[algo2a-g3-l0-modal] [36m(CommandActor pid=2493)[0m [2026-09-29 20:33:27] INFO:     172.20.6.108:44008 - "POST /generate HTTP/1.1" 200 OK
[algo2a-g3-l0-modal] 
[algo2a-g3-l0-modal] [36m(CommandActor pid=2493)[0m [2026-09-29 20:33:28] INFO:     172.20.6.108:49694 - "POST /generate HTTP/1.1" 200 OK
[algo2a-g3-l0-modal] 
[algo2a-g3-l0-modal] [36m(CommandActor pid=2493)[0m [2026-09-29 20:33:28] INFO:     172.20.6.108:56760 - "POST /generate HTTP/1.1" 200 OK
[algo2a-g3-l0-modal] 
[algo2a-g3-l0-modal] [36m(CommandActor pid=2493)[0m [2026-09-29 20:33:28] Decode batch, #running-req: 26, #token: 4596, token usage: 0.02, cuda graph: True, gen throughput (token/s): 5201.41, #queue-req: 0
[algo2a-g3-l0-modal] 
[algo2a-g3-l0-modal] [36m(CommandActor pid=2493)[0m [2026-09-29 20:33:28] INFO:     172.20.6.108:55325 - "POST /generate HTTP/1.1" 200 OK
[algo2a-g3-l0-modal] 
[algo2a-g3-l0-modal] [36m(CommandActor pid=2493)[0m [2026-09-29 20:33:28] INFO:     172.20.6.108:57895 - "POST /generate HTTP/1.1" 200 OK
[algo2a-g3-l0-modal] 
[algo2a-g3-l0-modal] [36m(RolloutExecutor pid=2492)[0m [2026-09-29 20:33:28.289 rollout_executor] inference_rollout_train.py:137 - First rollout sample: text_preview=<|im_start|>system\nYou are a helpful assistant. Please put the answer within \boxed{}.<|im_end|>\n<|im_start|>user\nAlexis is applying for a new job and bought a new set of business clothes to wear to the interview. She went to a department store with a budget of $200 and spent $30 on a button-up shirt, $46 on suit pants, $38 on a suit coat, $11 on socks, and $18 on a belt. She also purchased a pair of shoes, but lost the receipt for them. She has $16 left from her budget. How much did Alexis pay for the s...<truncated chars=409>, label=41, reward_summary=0.0
[algo2a-g3-l0-modal] 
[algo2a-g3-l0-modal] [36m(RolloutExecutor pid=2492)[0m Rollout generation:  25%|██▌       | 8/32 [00:03<00:10,  2.21it/s]
[algo2a-g3-l0-modal] 
[algo2a-g3-l0-modal] [36m(CommandActor pid=2493)[0m [2026-09-29 20:33:28] INFO:     172.20.6.108:21896 - "POST /generate HTTP/1.1" 200 OK
[algo2a-g3-l0-modal] 
[algo2a-g3-l0-modal] [36m(CommandActor pid=2493)[0m [2026-09-29 20:33:28] INFO:     172.20.6.108:36736 - "POST /generate HTTP/1.1" 200 OK
[algo2a-g3-l0-modal] 
[algo2a-g3-l0-modal] [36m(CommandActor pid=2493)[0m [2026-09-29 20:33:28] INFO:     172.20.6.108:35256 - "POST /generate HTTP/1.1" 200 OK
[algo2a-g3-l0-modal] 
[algo2a-g3-l0-modal] [36m(CommandActor pid=2493)[0m [2026-09-29 20:33:28] INFO:     172.20.6.108:34677 - "POST /generate HTTP/1.1" 200 OK
[algo2a-g3-l0-modal] 
[algo2a-g3-l0-modal] [36m(CommandActor pid=2493)[0m [2026-09-29 20:33:28] Decode batch, #running-req: 21, #token: 4631, token usage: 0.02, cuda graph: True, gen throughput (token/s): 4500.66, #queue-req: 0
[algo2a-g3-l0-modal] 
[algo2a-g3-l0-modal] [36m(CommandActor pid=2493)[0m [2026-09-29 20:33:28] INFO:     172.20.6.108:60467 - "POST /generate HTTP/1.1" 200 OK
[algo2a-g3-l0-modal] 
[algo2a-g3-l0-modal] [36m(CommandActor pid=2493)[0m [2026-09-29 20:33:28] INFO:     172.20.6.108:41132 - "POST /generate HTTP/1.1" 200 OK
[algo2a-g3-l0-modal] 
[algo2a-g3-l0-modal] [36m(CommandActor pid=2493)[0m [2026-09-29 20:33:28] Decode batch, #running-req: 18, #token: 4388, token usage: 0.02, cuda graph: True, gen throughput (token/s): 3639.59, #queue-req: 0
[algo2a-g3-l0-modal] 
[algo2a-g3-l0-modal] [36m(RolloutExecutor pid=2492)[0m Rollout generation:  50%|█████     | 16/32 [00:03<00:03,  4.67it/s]
[algo2a-g3-l0-modal] 
[algo2a-g3-l0-modal] [36m(CommandActor pid=2493)[0m [2026-09-29 20:33:28] INFO:     172.20.6.108:62177 - "POST /generate HTTP/1.1" 200 OK
[algo2a-g3-l0-modal] 
[algo2a-g3-l0-modal] [36m(CommandActor pid=2493)[0m [2026-09-29 20:33:28] INFO:     172.20.6.108:28317 - "POST /generate HTTP/1.1" 200 OK
[algo2a-g3-l0-modal] 
[algo2a-g3-l0-modal] [36m(CommandActor pid=2493)[0m [2026-09-29 20:33:28] INFO:     172.20.6.108:20051 - "POST /generate HTTP/1.1" 200 OK
[algo2a-g3-l0-modal] 
[algo2a-g3-l0-modal] [36m(CommandActor pid=2493)[0m [2026-09-29 20:33:28] Decode batch, #running-req: 14, #token: 4149, token usage: 0.02, cuda graph: True, gen throughput (token/s): 3243.25, #queue-req: 0
[algo2a-g3-l0-modal] 
[algo2a-g3-l0-modal] [36m(CommandActor pid=2493)[0m [2026-09-29 20:33:28] INFO:     172.20.6.108:30893 - "POST /generate HTTP/1.1" 200 OK
[algo2a-g3-l0-modal] 
[algo2a-g3-l0-modal] [36m(CommandActor pid=2493)[0m [2026-09-29 20:33:28] Decode batch, #running-req: 13, #token: 4388, token usage: 0.02, cuda graph: True, gen throughput (token/s): 2895.37, #queue-req: 0
[algo2a-g3-l0-modal] 
[algo2a-g3-l0-modal] [36m(CommandActor pid=2493)[0m [2026-09-29 20:33:29] INFO:     172.20.6.108:27874 - "POST /generate HTTP/1.1" 200 OK
[algo2a-g3-l0-modal] 
[algo2a-g3-l0-modal] [36m(CommandActor pid=2493)[0m [2026-09-29 20:33:29] INFO:     172.20.6.108:55828 - "POST /generate HTTP/1.1" 200 OK
[algo2a-g3-l0-modal] 
[algo2a-g3-l0-modal] [36m(CommandActor pid=2493)[0m [2026-09-29 20:33:29] Decode batch, #running-req: 12, #token: 4547, token usage: 0.02, cuda graph: True, gen throughput (token/s): 2505.38, #queue-req: 0
[algo2a-g3-l0-modal] 
[algo2a-g3-l0-modal] [36m(RolloutExecutor pid=2492)[0m YETO_RL_EVENT {"all_one_groups":0,"all_zero_groups":4,"constant_groups":4,"entries":32,"event":"rl_advantage_transform","groups":4,"island_id":0,"nonzero_advantages":0,"rollout_id":2,"samples":32,"time_unix":1790714009.2384658,"transform":"maxrl"}
[algo2a-g3-l0-modal] 
[algo2a-g3-l0-modal] [36m(RolloutExecutor pid=2492)[0m Rollout generation:  75%|███████▌  | 24/32 [00:04<00:01,  6.75it/s]Rollout generation: 100%|██████████| 32/32 [00:04<00:00,  7.02it/s]
[algo2a-g3-l0-modal] 
[algo2a-g3-l0-modal] [36m(RolloutExecutor pid=2492)[0m [2026-09-29 20:33:29.221 rollout_executor] inference_rollout_train.py:161 - Finish rollout: text_preview=<|im_start|>system\nYou are a helpful assistant. Please put the answer within \boxed{}.<|im_end|>\n<|im_start|>user\nTobias is buying a new pair of shoes that costs $95. He has been saving up his money each month for the past three months. He gets a $5 allowance a month. He also mows lawns and shovels driveways. He charges $15 to mow a lawn and $7 to shovel. After buying the shoes, he has $15 in change. If he mows 4 lawns, how many driveways did he shovel?<|im_end|>\n<|im_start|>assistant\n<think>\n\n</thin...<truncated chars=1166>, label=5, reward_summary=0.0
[algo2a-g3-l0-modal] 
[algo2a-g3-l0-modal] [36m(RolloutExecutor pid=2492)[0m [2026-09-29 20:33:29.224 rollout_executor] inference_rollout_train.py:33 - Abort request for ['http://172.20.6.108:20000']
[algo2a-g3-l0-modal] 
[algo2a-g3-l0-modal] [36m(RolloutExecutor pid=2492)[0m [2026-09-29 20:33:29.232 rollout_executor] rollout_data_conversion.py:39 - Final collected 32 samples from rollout to train
[algo2a-g3-l0-modal] 
[algo2a-g3-l0-modal] [36m(RolloutExecutor pid=2492)[0m [2026-09-29 20:33:29.233 rollout_executor] metrics.py:93 - perf 2: {'rollout/raw_reward_unfiltered': 0.0, 'rollout/num_training_samples': 32, 'rollout/episode_raw_reward': 0.0, 'rollout/episode_response_length/mean': 268.78125, 'rollout/episode_response_length/median': 272.5, 'rollout/episode_response_length/max': 384, 'rollout/episode_response_length/min': 109, 'rollout/episode_total_response_length/mean': 268.78125, 'rollout/response_len/mean': 268.78125, 'rollout/response_len/median': 272.5, 'rollout/response_len/max': 384, 'rollout/response_len/min': 109, 'rollout/zero_std/count_0.0': 4, 'rollout/zero_std/all_zero_percentage': 1.0, 'rollout/zero_std/all_one_percentage': 0.0, 'rollout/prefix_cache_hit_rate': 0.0, 'rollout/avg_cached_tokens_per_sample': 0.0, 'rollout/repetition_frac': 0.0, 'rollout/truncated_ratio': 0.3125, 'perf/rollout_time': 4.569836854934692, 'perf/tokens_per_gpu_per_sec': 1882.1240829882793, 'perf/longest_sample_tokens_per_sec': 84.02925797785133, 'perf/effective_tokens_per_gpu_per_sec': 1882.1240829882793, 'perf/longest_effective_sample_tokens_per_sec': 84.02925797785133}
[algo2a-g3-l0-modal] 
[algo2a-g3-l0-modal] [36m(RolloutExecutor pid=2492)[0m [2026-09-29 20:33:29.238 rollout_executor] reward_pipeline.py:381 - {"all_one_groups": 0, "all_zero_groups": 4, "constant_groups": 4, "entries": 32, "event": "rl_advantage_transform", "groups": 4, "nonzero_advantages": 0, "rollout_id": 2, "samples": 32, "transform": "maxrl"}
[algo2a-g3-l0-modal] 
[algo2a-g3-l0-modal] [36m(RolloutExecutor pid=2492)[0m [2026-09-29 20:33:29.239 rollout_executor] train_data_conversion.py:334 - Rollout-side DP schedule: num_samples=32, num_rollouts=[32], num_microbatches=[32]
[algo2a-g3-l0-modal] 
[algo2a-g3-l0-modal] [36m(CommandActor pid=2493)[0m [2026-09-29 20:33:29] INFO:     172.20.6.108:52188 - "POST /generate HTTP/1.1" 200 OK
[algo2a-g3-l0-modal] 
[algo2a-g3-l0-modal] [36m(CommandActor pid=2493)[0m [2026-09-29 20:33:29] INFO:     172.20.6.108:57426 - "POST /generate HTTP/1.1" 200 OK
[algo2a-g3-l0-modal] 
[algo2a-g3-l0-modal] [36m(CommandActor pid=2493)[0m [2026-09-29 20:33:29] INFO:     172.20.6.108:64792 - "POST /generate HTTP/1.1" 200 OK
[algo2a-g3-l0-modal] 
[algo2a-g3-l0-modal] [36m(CommandActor pid=2493)[0m [2026-09-29 20:33:29] INFO:     172.20.6.108:23015 - "POST /generate HTTP/1.1" 200 OK
[algo2a-g3-l0-modal] 
[algo2a-g3-l0-modal] [36m(CommandActor pid=2493)[0m [2026-09-29 20:33:29] INFO:     172.20.6.108:45863 - "POST /generate HTTP/1.1" 200 OK
[algo2a-g3-l0-modal] 
[algo2a-g3-l0-modal] [36m(CommandActor pid=2493)[0m [2026-09-29 20:33:29] INFO:     172.20.6.108:43585 - "POST /generate HTTP/1.1" 200 OK
[algo2a-g3-l0-modal] 
[algo2a-g3-l0-modal] [36m(CommandActor pid=2493)[0m [2026-09-29 20:33:29] INFO:     172.20.6.108:59323 - "POST /generate HTTP/1.1" 200 OK
[algo2a-g3-l0-modal] 
[algo2a-g3-l0-modal] [36m(CommandActor pid=2493)[0m [2026-09-29 20:33:29] INFO:     172.20.6.108:25450 - "POST /generate HTTP/1.1" 200 OK
[algo2a-g3-l0-modal] 
[algo2a-g3-l0-modal] [36m(CommandActor pid=2493)[0m [2026-09-29 20:33:29] INFO:     172.20.6.108:40400 - "POST /generate HTTP/1.1" 200 OK
[algo2a-g3-l0-modal] 
[algo2a-g3-l0-modal] [36m(CommandActor pid=2493)[0m [2026-09-29 20:33:29] INFO:     172.20.6.108:17345 - "POST /generate HTTP/1.1" 200 OK
[algo2a-g3-l0-modal] 
[algo2a-g3-l0-modal] [36m(CommandActor pid=2493)[0m [2026-09-29 20:33:29] INFO:     172.20.6.108:57233 - "POST /generate HTTP/1.1" 200 OK
[algo2a-g3-l0-modal] 
[algo2a-g3-l0-modal] [36m(CommandActor pid=2493)[0m [2026-09-29 20:33:29] INFO:     172.20.6.108:54694 - "POST /abort_request HTTP/1.1" 200 OK
[algo2a-g3-l0-modal] 
[algo2a-g3-l0-modal] [36m(CommandActor pid=2493)[0m [2026-09-29 20:33:29] INFO:     172.20.6.108:44995 - "GET /flush_cache HTTP/1.1" 200 OK
[algo2a-g3-l0-modal] 
[algo2a-g3-l0-modal] [36m(CommandActor pid=2493)[0m [2026-09-29 20:33:29] Cache flushed successfully!
[algo2a-g3-l0-modal] 
[algo2a-g3-l0-modal] [36m(CommandActor pid=2493)[0m [2026-09-29 20:33:29] Cache flushed successfully!
[algo2a-g3-l0-modal] 
[algo2a-g3-l0-modal] [36m(InferenceController pid=2491)[0m [2026-09-29 20:33:29.261 inference_controller] _client.py:1740 - HTTP Request: GET http://172.20.6.108:20000/flush_cache "HTTP/1.1 200 OK"
[algo2a-g3-l0-modal] 
[algo2a-g3-l0-modal] YETO_RL_EVENT {"event":"rl_driver_phase","island_id":0,"phase":"onload","rollout_id":2,"time_unix":1790714009.6027646}
[algo2a-g3-l0-modal] 
[algo2a-g3-l0-modal] [36m(CommandActor pid=2493)[0m [2026-09-29 20:33:29] INFO:     172.20.6.108:44995 - "POST /release_memory_occupation HTTP/1.1" 200 OK
[algo2a-g3-l0-modal] 
[algo2a-g3-l0-modal] [36m(InferenceController pid=2491)[0m [2026-09-29 20:33:29.595 inference_controller] _client.py:1740 - HTTP Request: POST http://172.20.6.108:20000/release_memory_occupation "HTTP/1.1 200 OK"
[algo2a-g3-l0-modal] 
[algo2a-g3-l0-modal] [36m(TrainerController pid=2494)[0m [2026-09-29 20:33:29.604 trainer_controller_actor] cell.py:231 - ft op=execute phase=start cell=trainer-engine-actor-00000 fn=wake_up n_actors=1
[algo2a-g3-l0-modal] 
[algo2a-g3-l0-modal] [36m(MegatronTrainRayActor pid=2820)[0m [2026-09-29 20:33:29.605 actor_cell00000_rank00000] structured_log.py:24 - actor cls=MegatronTrainRayActor fn=wake_up phase=start
[algo2a-g3-l0-modal] 
[algo2a-g3-l0-modal] [36m(MegatronTrainRayActor pid=2820)[0m [2026-09-29 20:33:29.605 actor_cell00000_rank00000] timer.py:31 - Timer wake_up start
[algo2a-g3-l0-modal] 
[algo2a-g3-l0-modal] [36m(MegatronTrainRayActor pid=2820)[0m [2026-09-29 20:33:29.606 actor_cell00000_rank00000] memory_utils.py:41 - [Rank 0] Memory-Usage before wake_up model: {'gpu': '0', 'total_GB': 79.18, 'free_GB': 74.61, 'used_GB': 4.57, 'allocated_GB': 1.38, 'reserved_GB': 1.47}
[algo2a-g3-l0-modal] 
[algo2a-g3-l0-modal] YETO_RL_EVENT {"event":"rl_driver_phase","island_id":0,"phase":"train","rollout_id":2,"time_unix":1790714010.3110473}
[algo2a-g3-l0-modal] 
[algo2a-g3-l0-modal] [36m(TrainerController pid=2494)[0m [2026-09-29 20:33:30.309 trainer_controller_actor] cell.py:239 - ft op=execute phase=end cell=trainer-engine-actor-00000 fn=wake_up ok=true elapsed_s=0.7
[algo2a-g3-l0-modal] 
[algo2a-g3-l0-modal] [36m(TrainerController pid=2494)[0m [2026-09-29 20:33:30.313 trainer_controller_actor] group.py:190 - ft op=train phase=start rollout=2 attempt=0
[algo2a-g3-l0-modal] 
[algo2a-g3-l0-modal] [36m(TrainerController pid=2494)[0m [2026-09-29 20:33:30.313 trainer_controller_actor] group.py:534 - ft op=refresh phase=start rollout=2 alive=0 healing= all_states="(0, 'StateAllocatedAlive')" quorum=0
[algo2a-g3-l0-modal] 
[algo2a-g3-l0-modal] [36m(TrainerController pid=2494)[0m [2026-09-29 20:33:30.313 trainer_controller_actor] group.py:557 - ft op=refresh phase=decision rollout=2 needs_reconfigure=false reason=alive_config_unchanged,no_healing quorum=0
[algo2a-g3-l0-modal] 
[algo2a-g3-l0-modal] [36m(TrainerController pid=2494)[0m [2026-09-29 20:33:30.313 trainer_controller_actor] cell.py:231 - ft op=execute phase=start cell=trainer-engine-actor-00000 fn=train n_actors=1
[algo2a-g3-l0-modal] 
[algo2a-g3-l0-modal] [36m(MegatronTrainRayActor pid=2820)[0m [2026-09-29 20:33:30.307 actor_cell00000_rank00000] reloadable_process_group.py:151 - Reloading 0 process groups in pid 2820
[algo2a-g3-l0-modal] 
[algo2a-g3-l0-modal] [36m(MegatronTrainRayActor pid=2820)[0m [2026-09-29 20:33:30.308 actor_cell00000_rank00000] memory_utils.py:41 - [Rank 0] Memory-Usage after wake_up model: {'gpu': '0', 'total_GB': 79.18, 'free_GB': 73.16, 'used_GB': 6.02, 'allocated_GB': 1.38, 'reserved_GB': 1.47}
[algo2a-g3-l0-modal] 
[algo2a-g3-l0-modal] [36m(MegatronTrainRayActor pid=2820)[0m [2026-09-29 20:33:30.308 actor_cell00000_rank00000] timer.py:42 - Timer wake_up end (elapsed: 0.7s)
[algo2a-g3-l0-modal] 
[algo2a-g3-l0-modal] [36m(MegatronTrainRayActor pid=2820)[0m [2026-09-29 20:33:30.308 actor_cell00000_rank00000] structured_log.py:28 - actor cls=MegatronTrainRayActor fn=wake_up phase=end ok=true elapsed_s=0.7
[algo2a-g3-l0-modal] 
[algo2a-g3-l0-modal] [36m(MegatronTrainRayActor pid=2820)[0m [2026-09-29 20:33:30.314 actor_cell00000_rank00000] structured_log.py:24 - actor cls=MegatronTrainRayActor fn=train phase=start
[algo2a-g3-l0-modal] 
[algo2a-g3-l0-modal] [36m(MegatronTrainRayActor pid=2820)[0m [2026-09-29 20:33:30.314 actor_cell00000_rank00000] timer.py:31 - Timer data_preprocess start
[algo2a-g3-l0-modal] 
[algo2a-g3-l0-modal] [36m(MegatronTrainRayActor pid=2820)[0m [2026-09-29 20:33:30.319 actor_cell00000_rank00000] timer.py:42 - Timer data_preprocess end (elapsed: 0.0s)
[algo2a-g3-l0-modal] 
[algo2a-g3-l0-modal] [36m(MegatronTrainRayActor pid=2820)[0m [2026-09-29 20:33:30.319 actor_cell00000_rank00000] structured_log.py:24 - actor cls=MegatronTrainRayActor fn=_train_actor phase=start
[algo2a-g3-l0-modal] 
[algo2a-g3-l0-modal] [36m(MegatronTrainRayActor pid=2820)[0m [2026-09-29 20:33:30.319 actor_cell00000_rank00000] timer.py:42 - Timer train_wait end (elapsed: 133.7s)
[algo2a-g3-l0-modal] 
[algo2a-g3-l0-modal] [36m(MegatronTrainRayActor pid=2820)[0m [2026-09-29 20:33:30.319 actor_cell00000_rank00000] timer.py:31 - Timer train start
[algo2a-g3-l0-modal] 
[algo2a-g3-l0-modal] [36m(MegatronTrainRayActor pid=2820)[0m [2026-09-29 20:33:30.319 actor_cell00000_rank00000] structured_log.py:24 - actor cls=MegatronTrainRayActor fn=_compute_log_prob phase=start
[algo2a-g3-l0-modal] 
[algo2a-g3-l0-modal] [36m(MegatronTrainRayActor pid=2820)[0m [2026-09-29 20:33:30.319 actor_cell00000_rank00000] timer.py:31 - Timer log_probs start
[algo2a-g3-l0-modal] 
[algo2a-g3-l0-modal] [36m(MegatronTrainRayActor pid=2820)[0m [2026-09-29 20:33:34.688 actor_cell00000_rank00000] timer.py:42 - Timer log_probs end (elapsed: 4.4s)
[algo2a-g3-l0-modal] 
[algo2a-g3-l0-modal] [36m(MegatronTrainRayActor pid=2820)[0m [2026-09-29 20:33:34.688 actor_cell00000_rank00000] structured_log.py:28 - actor cls=MegatronTrainRayActor fn=_compute_log_prob phase=end ok=true elapsed_s=4.4
[algo2a-g3-l0-modal] 
[algo2a-g3-l0-modal] [36m(MegatronTrainRayActor pid=2820)[0m [2026-09-29 20:33:34.694 actor_cell00000_rank00000] log_utils.py:100 - ft op=cross_cell phase=start kind=log_gather rank=0
[algo2a-g3-l0-modal] 
[algo2a-g3-l0-modal] [36m(MegatronTrainRayActor pid=2820)[0m [2026-09-29 20:33:34.695 actor_cell00000_rank00000] log_utils.py:106 - ft op=cross_cell phase=end kind=log_gather rank=0 success=true
[algo2a-g3-l0-modal] 
[algo2a-g3-l0-modal] [36m(MegatronTrainRayActor pid=2820)[0m [2026-09-29 20:33:34.695 actor_cell00000_rank00000] log_utils.py:126 - rollout 2: {'rollout/response_lengths': 268.78125, 'rollout/rewards': 0.0, 'rollout/truncated': 0.3125, 'rollout/rollout_log_probs': -0.4910971522331238, 'rollout/raw_reward': 0.0, 'rollout/total_lengths': 388.03125, 'rollout/log_probs': -0.4917434751987457, 'rollout/advantages': 0.0, 'rollout/returns': 0.0}
[algo2a-g3-l0-modal] 
[algo2a-g3-l0-modal] [36m(MegatronTrainRayActor pid=2820)[0m [2026-09-29 20:33:34.695 actor_cell00000_rank00000] timer.py:31 - Timer actor_train start
[algo2a-g3-l0-modal] 
[algo2a-g3-l0-modal] YETO_RL_EVENT {"applied_lrs":[3.333333333333334e-06],"clip_fraction":null,"event":"rl_round_trained","island_id":0,"masked_fraction":null,"nonzero_advantages":0,"rollout_id":2,"time_unix":1790714022.6156416,"trained_groups":4,"trained_sample_ids_sha256":"69be7217a18d7585a50c20b2a7b0af4ddc13146706816ed0c22cf668eda0aaef","trained_samples":32}
[algo2a-g3-l0-modal] 
[algo2a-g3-l0-modal] YETO_RL_EVENT {"event":"rl_driver_phase","island_id":0,"phase":"sync","rollout_id":2,"time_unix":1790714022.6162617}
[algo2a-g3-l0-modal] 
[algo2a-g3-l0-modal] YETO_RL_EVENT {"event":"rl_driver_phase","island_id":0,"phase":"export_push","rollout_id":2,"time_unix":1790714022.6165988}
[algo2a-g3-l0-modal] 
[algo2a-g3-l0-modal] [36m(TrainerController pid=2494)[0m [2026-09-29 20:33:42.606 trainer_controller_actor] cell.py:239 - ft op=execute phase=end cell=trainer-engine-actor-00000 fn=train ok=true elapsed_s=12.3
[algo2a-g3-l0-modal] 
[algo2a-g3-l0-modal] [36m(TrainerController pid=2494)[0m [2026-09-29 20:33:42.606 trainer_controller_actor] group.py:290 - ft op=check errored= discarded= normal=0 decision=no_retry reason="survivors normal, gradients valid"
[algo2a-g3-l0-modal] 
[algo2a-g3-l0-modal] [36m(TrainerController pid=2494)[0m [2026-09-29 20:33:42.609 trainer_controller_actor] cell.py:231 - ft op=execute phase=start cell=trainer-engine-actor-00000 fn=run_plugin n_actors=1
[algo2a-g3-l0-modal] 
[algo2a-g3-l0-modal] [36m(TrainerController pid=2494)[0m [2026-09-29 20:33:42.611 trainer_controller_actor] cell.py:239 - ft op=execute phase=end cell=trainer-engine-actor-00000 fn=run_plugin ok=true elapsed_s=0.0
[algo2a-g3-l0-modal] 
[algo2a-g3-l0-modal] [36m(TrainerController pid=2494)[0m [2026-09-29 20:33:42.613 trainer_controller_actor] cell.py:231 - ft op=execute phase=start cell=trainer-engine-actor-00000 fn=run_plugin n_actors=1
[algo2a-g3-l0-modal] 
[algo2a-g3-l0-modal] [36m(TrainerController pid=2494)[0m [2026-09-29 20:33:42.614 trainer_controller_actor] cell.py:239 - ft op=execute phase=end cell=trainer-engine-actor-00000 fn=run_plugin ok=true elapsed_s=0.0
[algo2a-g3-l0-modal] 
[algo2a-g3-l0-modal] [36m(TrainerController pid=2494)[0m [2026-09-29 20:33:42.617 trainer_controller_actor] cell.py:231 - ft op=execute phase=start cell=trainer-engine-actor-00000 fn=run_plugin n_actors=1
[algo2a-g3-l0-modal] 
[algo2a-g3-l0-modal] [36m(MegatronTrainRayActor pid=2820)[0m [2026-09-29 20:33:42.600 actor_cell00000_rank00000] model.py:637 - train op=train_step rollout=2 step=0 attempt=0 outcome=NORMAL valid_step=true
[algo2a-g3-l0-modal] 
[algo2a-g3-l0-modal] [36m(MegatronTrainRayActor pid=2820)[0m [2026-09-29 20:33:42.602 actor_cell00000_rank00000] log_utils.py:554 - step 2: {'train/loss': 0.0, 'train/pg_loss': 0.0, 'train/entropy_loss': 0.0, 'train/pg_clipfrac': 0.0, 'train/ppo_kl': 0.0, 'train/ess_ratio': 1.0, 'train/train_rollout_logprob_abs_diff': 0.0163190308958292, 'train/train_rollout_kl': 0.000821934430859983, 'train/grad_norm': 0.0, 'train/lr-pg_0': 0.0, 'train/step': 2}
[algo2a-g3-l0-modal] 
[algo2a-g3-l0-modal] [36m(MegatronTrainRayActor pid=2820)[0m [2026-09-29 20:33:42.602 actor_cell00000_rank00000] model.py:847 - step 2: {'train/loss': 0.0, 'train/pg_loss': 0.0, 'train/entropy_loss': 0.0, 'train/pg_clipfrac': 0.0, 'train/ppo_kl': 0.0, 'train/ess_ratio': 1.0, 'train/train_rollout_logprob_abs_diff': 0.0163190308958292, 'train/train_rollout_kl': 0.000821934430859983, 'train/grad_norm': 0.0, 'train/lr-pg_0': 0.0, 'train/step': 2}
[algo2a-g3-l0-modal] 
[algo2a-g3-l0-modal] [36m(MegatronTrainRayActor pid=2820)[0m [2026-09-29 20:33:42.603 actor_cell00000_rank00000] timer.py:42 - Timer actor_train end (elapsed: 7.9s)
[algo2a-g3-l0-modal] 
[algo2a-g3-l0-modal] [36m(MegatronTrainRayActor pid=2820)[0m [2026-09-29 20:33:42.603 actor_cell00000_rank00000] timer.py:42 - Timer train end (elapsed: 12.3s)
[algo2a-g3-l0-modal] 
[algo2a-g3-l0-modal] [36m(MegatronTrainRayActor pid=2820)[0m [2026-09-29 20:33:42.603 actor_cell00000_rank00000] timer.py:31 - Timer train_wait start
[algo2a-g3-l0-modal] 
[algo2a-g3-l0-modal] [36m(MegatronTrainRayActor pid=2820)[0m [2026-09-29 20:33:42.603 actor_cell00000_rank00000] train_metric_utils.py:56 - perf 2: {'perf/update_weights_implementation_time': 0.06551456451416016, 'perf/finalize_and_resume_engines_time': 0.05354475975036621, 'perf/update_weights_time': 0.16616153717041016, 'perf/sleep_time': 1.0289695262908936, 'perf/wake_up_time': 0.7030766010284424, 'perf/data_preprocess_time': 0.004791259765625, 'perf/train_wait_time': 133.69683837890625, 'perf/log_probs_time': 4.368501901626587, 'perf/actor_train_time': 7.907497882843018, 'perf/train_time': 12.283431768417358, 'perf/log_probs_tflops': 3.0925766699384187, 'perf/actor_train_tflops': 5.125487453951003, 'perf/actor_train_tok_per_s': 1570.2817988660227, 'perf/mfu_peak_tflops': 989.0, 'perf/actor_train_mfu': 0.005182494897827101, 'perf/step_time': 145.9802701473236, 'perf/wait_time_ratio': 0.9158555347512312}
[algo2a-g3-l0-modal] 
[algo2a-g3-l0-modal] [36m(MegatronTrainRayActor pid=2820)[0m [2026-09-29 20:33:42.603 actor_cell00000_rank00000] structured_log.py:28 - actor cls=MegatronTrainRayActor fn=_train_actor phase=end ok=true elapsed_s=12.3
[algo2a-g3-l0-modal] 
[algo2a-g3-l0-modal] [36m(MegatronTrainRayActor pid=2820)[0m [2026-09-29 20:33:42.604 actor_cell00000_rank00000] structured_log.py:28 - actor cls=MegatronTrainRayActor fn=train phase=end ok=true elapsed_s=12.3
[algo2a-g3-l0-modal] 
[algo2a-g3-l0-modal] [36m(TrainerController pid=2494)[0m [2026-09-29 20:33:42.853 trainer_controller_actor] cell.py:239 - ft op=execute phase=end cell=trainer-engine-actor-00000 fn=run_plugin ok=true elapsed_s=0.2
[algo2a-g3-l0-modal] 
[algo2a-g3-l0-modal] YETO_RL_EVENT {"action_tokens":8601,"active_groups":4,"applied_lr":3.333333333333334e-06,"applied_lrs":[3.333333333333334e-06],"base_policy_version":2,"cancelled_groups":0,"clip_fraction":null,"completed_groups":4,"completed_trajectories":32,"delta_l2_norm":2.0132295048824744e-06,"dynamic_filter_dropped_groups":0,"dynamic_filter_generated_groups":0,"dynamic_filter_replacement_attempts":0,"ess_ratio":null,"event":"rl_local_round","grad_norm":0.0,"group_p50_seconds":0.0,"group_p95_seconds":0.0,"group_p99_seconds":0.0,"island_id":0,"local_round_id":3,"loss":null,"lr":null,"mean_kl":null,"nonzero_advantage_count":null,"pass_rate":null,"pg_loss":null,"reward_mean":0.0,"reward_std":0.0,"rl/action_tokens":8601,"rl/active_groups":4,"rl/cancelled_groups":0,"rl/clip_fraction":null,"rl/completed_groups":4,"rl/completed_trajectories":32,"rl/current_vs_rollout_kl":null,"rl/ess_ratio":null,"rl/global_policy_version":2,"rl/group_p50_seconds":0.0,"rl/group_p95_seconds":0.0,"rl/group_p99_seconds":0.0,"rl/local_delta_norm":2.0132295048824744e-06,"rl/mixed_version_group_count":0,"rl/reward_mean":0.0,"rl/reward_std":0.0,"rl/rollout_policy_version":2,"rl/rollout_seconds":5.97707441700004,"rl/tool_wait_seconds":0.0,"rl/zero_variance_group_ratio":1.0,"rollout_seconds":5.97707441700004,"sync/bytes_sent":40370224,"time_unix":1790714023.1866784,"tool_wait_seconds":0.0,"train_seconds":12.304068403999963,"train_step":null,"zero_variance_group_ratio":1.0}
[algo2a-g3-l0-modal] 
[algo2a-g3-l0-modal] YETO_RL_EVENT {"event":"rl_driver_phase","island_id":0,"phase":"wait_global","policy_version":3,"time_unix":1790714023.2249923}
[algo2a-g3-l0-modal] 
[algo2a-g3-l0-modal] [36m(CommandActor pid=2493)[0m [2026-09-29 20:33:43] INFO:     172.20.6.108:57628 - "GET /health HTTP/1.1" 200 OK
[algo2a-g3-l0-modal] 
[algo2a-g3-l1-modal] [36m(TrainerController pid=2610)[0m [2026-09-29 20:33:49.677 trainer_controller_actor] cell.py:239 - ft op=execute phase=end cell=trainer-engine-actor-00000 fn=run_plugin ok=true elapsed_s=46.6
[algo2a-g3-l1-modal] 
[algo2a-g3-l1-modal] [36m(TrainerController pid=2610)[0m [2026-09-29 20:33:49.820 trainer_controller_actor] cell.py:231 - ft op=execute phase=start cell=trainer-engine-actor-00000 fn=run_plugin n_actors=1
[algo2a-g3-l1-modal] 
[algo2a-g3-l1-modal] [36m(TrainerController pid=2610)[0m [2026-09-29 20:33:50.254 trainer_controller_actor] cell.py:239 - ft op=execute phase=end cell=trainer-engine-actor-00000 fn=run_plugin ok=true elapsed_s=0.4
[algo2a-g3-l1-modal] 
[algo2a-g3-l1-modal] [36m(CommandActor pid=2609)[0m [2026-09-29 20:33:50] INFO:     172.20.3.137:48379 - "GET /health HTTP/1.1" 200 OK
[algo2a-g3-l1-modal] 
[algo2a-g3-l1-modal] YETO_RL_EVENT {"event":"rl_policy_apply","island_id":1,"local_step":2,"optimizer":"reset","partial_fragment_apply":false,"policy_version":2,"sync/apply_seconds":72.277592916,"sync/global_policy_hash":"8b0cb63c1cd600af6d706ff3f5c92febf4ef359497ae79816c9023e6d5027396","time_unix":1790714030.593636}
[algo2a-g3-l1-modal] 
[algo2a-g3-l1-modal] YETO_RL_EVENT {"event":"rl_driver_phase","island_id":1,"phase":"publish","policy_version":2,"time_unix":1790714030.6625884}
[algo2a-g3-l1-modal] 
[algo2a-g3-l1-modal] [36m(TrainerController pid=2610)[0m [2026-09-29 20:33:50.733 trainer_controller_actor] cell.py:231 - ft op=execute phase=start cell=trainer-engine-actor-00000 fn=run_plugin n_actors=1
[algo2a-g3-l1-modal] 
[algo2a-g3-l1-modal] [36m(TrainerController pid=2610)[0m [2026-09-29 20:33:51.163 trainer_controller_actor] cell.py:239 - ft op=execute phase=end cell=trainer-engine-actor-00000 fn=run_plugin ok=true elapsed_s=0.4
[algo2a-g3-l1-modal] 
[algo2a-g3-l1-modal] [36m(CommandActor pid=2609)[0m [2026-09-29 20:33:51] INFO:     172.20.3.137:44196 - "POST /resume_memory_occupation HTTP/1.1" 200 OK
[algo2a-g3-l1-modal] 
[algo2a-g3-l1-modal] [36m(InferenceController pid=2604)[0m [2026-09-29 20:33:51.662 inference_controller] _client.py:1740 - HTTP Request: POST http://172.20.3.137:20002/resume_memory_occupation "HTTP/1.1 200 OK"
[algo2a-g3-l1-modal] 
[algo2a-g3-l1-modal] [36m(TrainerController pid=2610)[0m [2026-09-29 20:33:51.671 trainer_controller_actor] group.py:392 - ft op=update_weights phase=start rollout=
[algo2a-g3-l1-modal] 
[algo2a-g3-l1-modal] [36m(TrainerController pid=2610)[0m [2026-09-29 20:33:51.672 trainer_controller_actor] cell.py:231 - ft op=execute phase=start cell=trainer-engine-actor-00000 fn=update_weights n_actors=1
[algo2a-g3-l1-modal] 
[algo2a-g3-l1-modal] [36m(MegatronTrainRayActor pid=2911)[0m [2026-09-29 20:33:51.675 actor_cell00000_rank00000] structured_log.py:24 - actor cls=MegatronTrainRayActor fn=update_weights phase=start
[algo2a-g3-l1-modal] 
[algo2a-g3-l1-modal] [36m(MegatronTrainRayActor pid=2911)[0m [2026-09-29 20:33:51.675 actor_cell00000_rank00000] timer.py:31 - Timer update_weights start
[algo2a-g3-l1-modal] 
[algo2a-g3-l1-modal] [36m(MegatronTrainRayActor pid=2911)[0m [2026-09-29 20:33:51.676 actor_cell00000_rank00000] memory_utils.py:41 - [Rank 0] Memory-Usage before update_weights: {'gpu': '0', 'total_GB': 79.18, 'free_GB': 68.76, 'used_GB': 10.42, 'allocated_GB': 1.38, 'reserved_GB': 4.68}
[algo2a-g3-l1-modal] 
[algo2a-g3-l1-modal] [36m(CommandActor pid=2609)[0m [2026-09-29 20:33:51] INFO:     172.20.3.137:36424 - "POST /pause_generation HTTP/1.1" 200 OK
[algo2a-g3-l1-modal] 
[algo2a-g3-l1-modal] [36m(MegatronTrainRayActor pid=2911)[0m [2026-09-29 20:33:51.682 actor_cell00000_rank00000] _client.py:1740 - HTTP Request: POST http://172.20.3.137:20002/pause_generation "HTTP/1.1 200 OK"
[algo2a-g3-l1-modal] 
[algo2a-g3-l1-modal] [36m(CommandActor pid=2609)[0m [2026-09-29 20:33:51] INFO:     172.20.3.137:36424 - "GET /flush_cache HTTP/1.1" 200 OK
[algo2a-g3-l1-modal] 
[algo2a-g3-l1-modal] [36m(CommandActor pid=2609)[0m [2026-09-29 20:33:51] Cache flush skipped: KV cache memory is released.
[algo2a-g3-l1-modal] 
[algo2a-g3-l1-modal] [36m(MegatronTrainRayActor pid=2911)[0m [2026-09-29 20:33:51.687 actor_cell00000_rank00000] _client.py:1740 - HTTP Request: GET http://172.20.3.137:20002/flush_cache "HTTP/1.1 200 OK"
[algo2a-g3-l1-modal] 
[algo2a-g3-l1-modal] [36m(CommandActor pid=2609)[0m [2026-09-29 20:33:51] INFO:     172.20.3.137:36424 - "POST /begin_weight_update HTTP/1.1" 200 OK
[algo2a-g3-l1-modal] 
[algo2a-g3-l1-modal] [36m(MegatronTrainRayActor pid=2911)[0m [2026-09-29 20:33:51.691 actor_cell00000_rank00000] _client.py:1740 - HTTP Request: POST http://172.20.3.137:20002/begin_weight_update "HTTP/1.1 200 OK"
[algo2a-g3-l1-modal] 
[algo2a-g3-l1-modal] [36m(MegatronTrainRayActor pid=2911)[0m [2026-09-29 20:33:51.692 actor_cell00000_rank00000] timer.py:31 - Timer update_weights_implementation start
[algo2a-g3-l1-modal] 
[algo2a-g3-l1-modal] [36m(MegatronTrainRayActor pid=2911)[0m [miles-colocate] Update weights: 0it [00:00, ?it/s]
[algo2a-g3-l1-modal] [36m(CommandActor pid=2609)[0m [2026-09-29 20:33:51] INFO:     172.20.3.137:36424 - "POST /update_weights_from_tensor HTTP/1.1" 200 OK
[algo2a-g3-l1-modal] 
[algo2a-g3-l1-modal] [36m(CommandActor pid=2609)[0m [2026-09-29 20:33:51] LoRA adapter loading from tensors starts: LoRARef(lora_id=7001c43da418497b8209e18feaa86fda, lora_name=miles_lora, lora_path=__stream__, pinned=False, reloadable=False).
[algo2a-g3-l1-modal] 
[algo2a-g3-l1-modal] [36m(CommandActor pid=2609)[0m [2026-09-29 20:33:51] LoRA adapter '7001c43da418497b8209e18feaa86fda': loaded weights for target modules ['down_proj', 'gate_up_proj', 'o_proj', 'qkv_proj'].
[algo2a-g3-l1-modal] [36m(MegatronTrainRayActor pid=2911)[0m [2026-09-29 20:33:51.829 actor_cell00000_rank00000] _client.py:1740 - HTTP Request: POST http://172.20.3.137:20002/update_weights_from_tensor "HTTP/1.1 200 OK"
[algo2a-g3-l1-modal] 
[algo2a-g3-l1-modal] [36m(MegatronTrainRayActor pid=2911)[0m [miles-colocate] Update weights: 1it [00:00,  7.26it/s][2026-09-29 20:33:51.830 actor_cell00000_rank00000] timer.py:42 - Timer update_weights_implementation end (elapsed: 0.1s)
[algo2a-g3-l1-modal] 
[algo2a-g3-l1-modal] [36m(MegatronTrainRayActor pid=2911)[0m [2026-09-29 20:33:51.831 actor_cell00000_rank00000] timer.py:31 - Timer finalize_and_resume_engines start
[algo2a-g3-l1-modal] 
[algo2a-g3-l1-modal] [36m(CommandActor pid=2609)[0m [2026-09-29 20:33:51] INFO:     172.20.3.137:36424 - "POST /end_weight_update HTTP/1.1" 200 OK
[algo2a-g3-l1-modal] 
[algo2a-g3-l1-modal] [36m(CommandActor pid=2609)[0m [2026-09-29 20:33:51] INFO:     172.20.3.137:36424 - "POST /update_weight_version HTTP/1.1" 200 OK
[algo2a-g3-l1-modal] 
[algo2a-g3-l1-modal] [36m(CommandActor pid=2609)[0m [2026-09-29 20:33:51] INFO:     172.20.3.137:36424 - "POST /continue_generation HTTP/1.1" 200 OK
[algo2a-g3-l1-modal] 
[algo2a-g3-l1-modal] [36m(CommandActor pid=2609)[0m [2026-09-29 20:33:51] LoRA adapter loading from tensors completes: LoRARef(lora_id=7001c43da418497b8209e18feaa86fda, lora_name=miles_lora, lora_path=__stream__, pinned=False, reloadable=False).
[algo2a-g3-l1-modal] 
[algo2a-g3-l1-modal] [36m(CommandActor pid=2609)[0m [2026-09-29 20:33:51] Weight version changed. old_version='yeto:1:41ef498070e23fb76cd882f10d50cf3f9ea516c3111b643891800cd60b2f7016' new_version='3' num_recorded=0
[algo2a-g3-l1-modal] 
[algo2a-g3-l1-modal] [36m(CommandActor pid=2609)[0m [2026-09-29 20:33:51] [continue_generation] torch.cuda.empty_cache() called: reserved 32306.0 MB -> 32266.0 MB (freed 40.0 MB)
[algo2a-g3-l1-modal] [36m(TrainerController pid=2610)[0m [2026-09-29 20:33:52.013 trainer_controller_actor] cell.py:239 - ft op=execute phase=end cell=trainer-engine-actor-00000 fn=update_weights ok=true elapsed_s=0.3
[algo2a-g3-l1-modal] 
[algo2a-g3-l1-modal] [36m(MegatronTrainRayActor pid=2911)[0m [2026-09-29 20:33:51.926 actor_cell00000_rank00000] _client.py:1740 - HTTP Request: POST http://172.20.3.137:20002/end_weight_update "HTTP/1.1 200 OK"
[algo2a-g3-l1-modal] 
[algo2a-g3-l1-modal] [36m(MegatronTrainRayActor pid=2911)[0m [2026-09-29 20:33:51.930 actor_cell00000_rank00000] _client.py:1740 - HTTP Request: POST http://172.20.3.137:20002/update_weight_version "HTTP/1.1 200 OK"
[algo2a-g3-l1-modal] 
[algo2a-g3-l1-modal] [36m(MegatronTrainRayActor pid=2911)[0m [2026-09-29 20:33:51.934 actor_cell00000_rank00000] _client.py:1740 - HTTP Request: POST http://172.20.3.137:20002/continue_generation "HTTP/1.1 200 OK"
[algo2a-g3-l1-modal] 
[algo2a-g3-l1-modal] [36m(MegatronTrainRayActor pid=2911)[0m [2026-09-29 20:33:51.935 actor_cell00000_rank00000] timer.py:42 - Timer finalize_and_resume_engines end (elapsed: 0.1s)
[algo2a-g3-l1-modal] 
[algo2a-g3-l1-modal] [36m(MegatronTrainRayActor pid=2911)[0m [miles-colocate] Update weights: 1it [00:00,  3.21it/s]
[algo2a-g3-l1-modal] 
[algo2a-g3-l1-modal] [36m(MegatronTrainRayActor pid=2911)[0m [2026-09-29 20:33:52.006 actor_cell00000_rank00000] memory_utils.py:41 - [Rank 0] Memory-Usage after update_weights: {'gpu': '0', 'total_GB': 79.18, 'free_GB': 71.95, 'used_GB': 7.23, 'allocated_GB': 1.38, 'reserved_GB': 1.52}
[algo2a-g3-l1-modal] 
[algo2a-g3-l1-modal] [36m(MegatronTrainRayActor pid=2911)[0m [2026-09-29 20:33:52.010 actor_cell00000_rank00000] timer.py:42 - Timer update_weights end (elapsed: 0.3s)
[algo2a-g3-l1-modal] 
[algo2a-g3-l1-modal] [36m(MegatronTrainRayActor pid=2911)[0m [2026-09-29 20:33:52.011 actor_cell00000_rank00000] structured_log.py:28 - actor cls=MegatronTrainRayActor fn=update_weights phase=end ok=true elapsed_s=0.3
[algo2a-g3-l1-modal] 
[algo2a-g3-l1-modal] [36m(CommandActor pid=2609)[0m [2026-09-29 20:33:52] INFO:     172.20.3.137:44196 - "POST /resume_memory_occupation HTTP/1.1" 200 OK
[algo2a-g3-l1-modal] 
[algo2a-g3-l1-modal] [36m(InferenceController pid=2604)[0m [2026-09-29 20:33:52.319 inference_controller] _client.py:1740 - HTTP Request: POST http://172.20.3.137:20002/resume_memory_occupation "HTTP/1.1 200 OK"
[algo2a-g3-l1-modal] 
[algo2a-g3-l1-modal] [36m(CommandActor pid=2609)[0m [2026-09-29 20:33:52] INFO:     172.20.3.137:49317 - "POST /update_weight_version HTTP/1.1" 200 OK
[algo2a-g3-l1-modal] 
[algo2a-g3-l1-modal] [36m(CommandActor pid=2609)[0m [2026-09-29 20:33:52] Weight version changed. old_version='3' new_version='yeto:2:8b0cb63c1cd600af6d706ff3f5c92febf4ef359497ae79816c9023e6d5027396' num_recorded=0
[algo2a-g3-l1-modal] 
[algo2a-g3-l1-modal] [36m(CommandActor pid=2609)[0m [2026-09-29 20:33:52] INFO:     172.20.3.137:49317 - "GET /model_info HTTP/1.1" 200 OK
[algo2a-g3-l1-modal] 
[algo2a-g3-l1-modal] YETO_RL_EVENT {"event":"rl_publication","island_id":1,"policy_version":2,"rl/policy_token":"yeto:2:8b0cb63c1cd600af6d706ff3f5c92febf4ef359497ae79816c9023e6d5027396","sync/publication_members":["engine:inference-engine-all-0-0-00000"],"sync/publication_payload_bytes":40370176,"sync/publication_payload_hash":"4750813eda7caa6d73b9dbbbc6bdb696743d27982d5bbbcbda483a51fa9355d6","time_unix":1790714032.387635}
[algo2a-g3-l1-modal] 
[algo2a-g3-l1-modal] YETO_RL_EVENT {"event":"rl_driver_phase","island_id":1,"phase":"offload","rollout_id":2,"time_unix":1790714032.389252}
[algo2a-g3-l1-modal] 
[algo2a-g3-l1-modal] [36m(CommandActor pid=2609)[0m [2026-09-29 20:33:52] INFO:     172.20.3.137:44196 - "POST /weights_checker HTTP/1.1" 200 OK
[algo2a-g3-l1-modal] 
[algo2a-g3-l1-modal] [36m(CommandActor pid=2609)[0m [2026-09-29 20:33:52] [WeightChecker] handle action=checksum allow_quant_error=False skip_tensor_list=None
[algo2a-g3-l1-modal] 
[36m(CommandActor pid=2609)[0m [2026-09-29 20:33:52] [WeightChecker] checksum computed for 226 tensors in 0.034s
[algo2a-g3-l1-modal] [36m(InferenceController pid=2604)[0m [2026-09-29 20:33:52.380 inference_controller] _client.py:1740 - HTTP Request: POST http://172.20.3.137:20002/weights_checker "HTTP/1.1 200 OK"
[algo2a-g3-l1-modal] 
[algo2a-g3-l1-modal] [36m(TrainerController pid=2610)[0m [2026-09-29 20:33:52.392 trainer_controller_actor] cell.py:231 - ft op=execute phase=start cell=trainer-engine-actor-00000 fn=sleep n_actors=1
[algo2a-g3-l1-modal] 
[algo2a-g3-l1-modal] [36m(MegatronTrainRayActor pid=2911)[0m [2026-09-29 20:33:52.393 actor_cell00000_rank00000] structured_log.py:24 - actor cls=MegatronTrainRayActor fn=sleep phase=start
[algo2a-g3-l1-modal] 
[algo2a-g3-l1-modal] [36m(MegatronTrainRayActor pid=2911)[0m [2026-09-29 20:33:52.394 actor_cell00000_rank00000] timer.py:31 - Timer sleep start
[algo2a-g3-l1-modal] 
[algo2a-g3-l1-modal] [36m(MegatronTrainRayActor pid=2911)[0m [2026-09-29 20:33:53.225 actor_cell00000_rank00000] memory_utils.py:41 - [Rank 0] Memory-Usage before offload model: {'gpu': '0', 'total_GB': 79.18, 'free_GB': 41.92, 'used_GB': 37.26, 'allocated_GB': 1.38, 'reserved_GB': 1.5}
[algo2a-g3-l1-modal] 
[algo2a-g3-l1-modal] YETO_RL_EVENT {"event":"rl_driver_phase","island_id":1,"phase":"generate","policy_version":2,"rollout_id":2,"time_unix":1790714034.9613106}
[algo2a-g3-l1-modal] 
[algo2a-g3-l1-modal] [36m(RolloutExecutor pid=2606)[0m Rollout generation:   0%|          | 0/32 [00:00<?, ?it/s]
[algo2a-g3-l1-modal] 
[algo2a-g3-l1-modal] [36m(TrainerController pid=2610)[0m [2026-09-29 20:33:54.958 trainer_controller_actor] cell.py:239 - ft op=execute phase=end cell=trainer-engine-actor-00000 fn=sleep ok=true elapsed_s=2.6
[algo2a-g3-l1-modal] 
[algo2a-g3-l1-modal] [36m(MegatronTrainRayActor pid=2911)[0m [2026-09-29 20:33:54.955 actor_cell00000_rank00000] memory_utils.py:41 - [Rank 0] Memory-Usage after offload model: {'gpu': '0', 'total_GB': 79.18, 'free_GB': 43.4, 'used_GB': 35.78, 'allocated_GB': 1.38, 'reserved_GB': 1.5}
[algo2a-g3-l1-modal] 
[36m(MegatronTrainRayActor pid=2911)[0m [2026-09-29 20:33:54.955 actor_cell00000_rank00000] log_utils.py:436 - [CPU memory] after_offload_train: 71.63 GB (rollout_id=1, step=1)
[algo2a-g3-l1-modal] 
[algo2a-g3-l1-modal] [36m(MegatronTrainRayActor pid=2911)[0m [2026-09-29 20:33:54.956 actor_cell00000_rank00000] timer.py:42 - Timer sleep end (elapsed: 2.6s)
[algo2a-g3-l1-modal] 
[algo2a-g3-l1-modal] [36m(MegatronTrainRayActor pid=2911)[0m [2026-09-29 20:33:54.956 actor_cell00000_rank00000] structured_log.py:28 - actor cls=MegatronTrainRayActor fn=sleep phase=end ok=true elapsed_s=2.6
[algo2a-g3-l1-modal] 
[algo2a-g3-l1-modal] [36m(CommandActor pid=2609)[0m [2026-09-29 20:33:58] Prefill batch, #new-seq: 1, #new-token: 141, #cached-token: 0, token usage: 0.01, #running-req: 0, #queue-req: 0, #pending-token: 0, cuda graph: False, input throughput (token/s): 1.27
[algo2a-g3-l1-modal] 
[algo2a-g3-l1-modal] [36m(CommandActor pid=2609)[0m [2026-09-29 20:33:58] Prefill batch, #new-seq: 31, #new-token: 3675, #cached-token: 0, token usage: 0.00, #running-req: 1, #queue-req: 0, #pending-token: 0, cuda graph: False, input throughput (token/s): 184816.26
[algo2a-g3-l1-modal] 
[algo2a-g3-l1-modal] [36m(CommandActor pid=2609)[0m [2026-09-29 20:33:58] Decode batch, #running-req: 32, #token: 1722, token usage: 0.01, cuda graph: True, gen throughput (token/s): 11.71, #queue-req: 0
[algo2a-g3-l1-modal] 
[algo2a-g3-l1-modal] [36m(CommandActor pid=2609)[0m [2026-09-29 20:33:58] Decode batch, #running-req: 32, #token: 3002, token usage: 0.01, cuda graph: True, gen throughput (token/s): 6290.62, #queue-req: 0
[algo2a-g3-l1-modal] 
[algo2a-g3-l1-modal] [36m(CommandActor pid=2609)[0m [2026-09-29 20:33:59] INFO:     172.20.3.137:32260 - "POST /generate HTTP/1.1" 200 OK
[algo2a-g3-l1-modal] 
[algo2a-g3-l1-modal] [36m(CommandActor pid=2609)[0m [2026-09-29 20:33:59] INFO:     172.20.3.137:31750 - "POST /generate HTTP/1.1" 200 OK
[algo2a-g3-l1-modal] 
[algo2a-g3-l1-modal] [36m(CommandActor pid=2609)[0m [2026-09-29 20:33:59] INFO:     172.20.3.137:23413 - "POST /generate HTTP/1.1" 200 OK
[algo2a-g3-l1-modal] 
[algo2a-g3-l1-modal] [36m(CommandActor pid=2609)[0m [2026-09-29 20:33:59] INFO:     172.20.3.137:43329 - "POST /generate HTTP/1.1" 200 OK
[algo2a-g3-l1-modal] 
[algo2a-g3-l1-modal] [36m(CommandActor pid=2609)[0m [2026-09-29 20:33:59] Decode batch, #running-req: 30, #token: 4040, token usage: 0.01, cuda graph: True, gen throughput (token/s): 6018.39, #queue-req: 0
[algo2a-g3-l1-modal] 
[algo2a-g3-l1-modal] [36m(CommandActor pid=2609)[0m [2026-09-29 20:33:59] INFO:     172.20.3.137:16273 - "POST /generate HTTP/1.1" 200 OK
[algo2a-g3-l1-modal] 
[algo2a-g3-l1-modal] [36m(CommandActor pid=2609)[0m [2026-09-29 20:33:59] INFO:     172.20.3.137:55575 - "POST /generate HTTP/1.1" 200 OK
[algo2a-g3-l1-modal] 
[algo2a-g3-l1-modal] [36m(CommandActor pid=2609)[0m [2026-09-29 20:33:59] INFO:     172.20.3.137:25171 - "POST /generate HTTP/1.1" 200 OK
[algo2a-g3-l1-modal] 
[algo2a-g3-l1-modal] [36m(CommandActor pid=2609)[0m [2026-09-29 20:33:59] Decode batch, #running-req: 26, #token: 4596, token usage: 0.02, cuda graph: True, gen throughput (token/s): 5303.51, #queue-req: 0
[algo2a-g3-l1-modal] 
[algo2a-g3-l1-modal] [36m(CommandActor pid=2609)[0m [2026-09-29 20:33:59] INFO:     172.20.3.137:25770 - "POST /generate HTTP/1.1" 200 OK
[algo2a-g3-l1-modal] 
[algo2a-g3-l1-modal] [36m(CommandActor pid=2609)[0m [2026-09-29 20:33:59] INFO:     172.20.3.137:25991 - "POST /generate HTTP/1.1" 200 OK
[algo2a-g3-l1-modal] 
[algo2a-g3-l1-modal] [36m(CommandActor pid=2609)[0m [2026-09-29 20:33:59] INFO:     172.20.3.137:30330 - "POST /generate HTTP/1.1" 200 OK
[algo2a-g3-l1-modal] [36m(CommandActor pid=2609)[0m [2026-09-29 20:33:59] INFO:     172.20.3.137:55704 - "POST /generate HTTP/1.1" 200 OK
[algo2a-g3-l1-modal] 
[algo2a-g3-l1-modal] [36m(RolloutExecutor pid=2606)[0m [2026-09-29 20:33:59.547 rollout_executor] inference_rollout_train.py:137 - First rollout sample: text_preview=<|im_start|>system\nYou are a helpful assistant. Please put the answer within \boxed{}.<|im_end|>\n<|im_start|>user\nAlexis is applying for a new job and bought a new set of business clothes to wear to the interview. She went to a department store with a budget of $200 and spent $30 on a button-up shirt, $46 on suit pants, $38 on a suit coat, $11 on socks, and $18 on a belt. She also purchased a pair of shoes, but lost the receipt for them. She has $16 left from her budget. How much did Alexis pay for the s...<truncated chars=546>, label=41, reward_summary=0.0
[algo2a-g3-l1-modal] 
[algo2a-g3-l1-modal] [36m(RolloutExecutor pid=2606)[0m Rollout generation:  25%|██▌       | 8/32 [00:04<00:13,  1.75it/s]
[algo2a-g3-l1-modal] 
[algo2a-g3-l1-modal] [36m(CommandActor pid=2609)[0m [2026-09-29 20:33:59] INFO:     172.20.3.137:64489 - "POST /generate HTTP/1.1" 200 OK
[algo2a-g3-l1-modal] 
[algo2a-g3-l1-modal] [36m(CommandActor pid=2609)[0m [2026-09-29 20:33:59] Decode batch, #running-req: 21, #token: 4631, token usage: 0.02, cuda graph: True, gen throughput (token/s): 4608.45, #queue-req: 0
[algo2a-g3-l1-modal] 
[algo2a-g3-l1-modal] [36m(CommandActor pid=2609)[0m [2026-09-29 20:33:59] INFO:     172.20.3.137:28130 - "POST /generate HTTP/1.1" 200 OK
[algo2a-g3-l1-modal] 
[algo2a-g3-l1-modal] [36m(CommandActor pid=2609)[0m [2026-09-29 20:33:59] INFO:     172.20.3.137:50662 - "POST /generate HTTP/1.1" 200 OK
[algo2a-g3-l1-modal] 
[algo2a-g3-l1-modal] [36m(CommandActor pid=2609)[0m [2026-09-29 20:33:59] Decode batch, #running-req: 19, #token: 4629, token usage: 0.02, cuda graph: True, gen throughput (token/s): 3796.42, #queue-req: 0
[algo2a-g3-l1-modal] 
[algo2a-g3-l1-modal] [36m(CommandActor pid=2609)[0m [2026-09-29 20:33:59] INFO:     172.20.3.137:58141 - "POST /generate HTTP/1.1" 200 OK
[algo2a-g3-l1-modal] 
[algo2a-g3-l1-modal] [36m(CommandActor pid=2609)[0m [2026-09-29 20:33:59] INFO:     172.20.3.137:30005 - "POST /generate HTTP/1.1" 200 OK
[algo2a-g3-l1-modal] 
[algo2a-g3-l1-modal] [36m(CommandActor pid=2609)[0m [2026-09-29 20:33:59] INFO:     172.20.3.137:21876 - "POST /generate HTTP/1.1" 200 OK
[algo2a-g3-l1-modal] 
[algo2a-g3-l1-modal] [36m(CommandActor pid=2609)[0m [2026-09-29 20:33:59] Decode batch, #running-req: 15, #token: 4506, token usage: 0.02, cuda graph: True, gen throughput (token/s): 3364.69, #queue-req: 0
[algo2a-g3-l1-modal] 
[algo2a-g3-l1-modal] [36m(RolloutExecutor pid=2606)[0m Rollout generation:  50%|█████     | 16/32 [00:05<00:04,  3.72it/s]
[algo2a-g3-l1-modal] 
[algo2a-g3-l1-modal] [36m(CommandActor pid=2609)[0m [2026-09-29 20:33:59] INFO:     172.20.3.137:40091 - "POST /generate HTTP/1.1" 200 OK
[algo2a-g3-l1-modal] 
[algo2a-g3-l1-modal] [36m(CommandActor pid=2609)[0m [2026-09-29 20:34:00] INFO:     172.20.3.137:16403 - "POST /generate HTTP/1.1" 200 OK
[algo2a-g3-l1-modal] 
[algo2a-g3-l1-modal] [36m(CommandActor pid=2609)[0m [2026-09-29 20:34:00] Decode batch, #running-req: 13, #token: 4388, token usage: 0.02, cuda graph: True, gen throughput (token/s): 2754.87, #queue-req: 0
[algo2a-g3-l1-modal] 
[algo2a-g3-l1-modal] [36m(CommandActor pid=2609)[0m [2026-09-29 20:34:00] INFO:     172.20.3.137:64498 - "POST /generate HTTP/1.1" 200 OK
[algo2a-g3-l1-modal] 
[algo2a-g3-l1-modal] [36m(CommandActor pid=2609)[0m [2026-09-29 20:34:00] Decode batch, #running-req: 12, #token: 4547, token usage: 0.02, cuda graph: True, gen throughput (token/s): 2466.02, #queue-req: 0
[algo2a-g3-l1-modal] 
[algo2a-g3-l1-modal] [36m(CommandActor pid=2609)[0m [2026-09-29 20:34:00] INFO:     172.20.3.137:45259 - "POST /generate HTTP/1.1" 200 OK
[algo2a-g3-l1-modal] 
[algo2a-g3-l1-modal] [36m(CommandActor pid=2609)[0m [2026-09-29 20:34:00] INFO:     172.20.3.137:44199 - "POST /generate HTTP/1.1" 200 OK
[algo2a-g3-l1-modal] 
[algo2a-g3-l1-modal] [36m(CommandActor pid=2609)[0m [2026-09-29 20:34:00] INFO:     172.20.3.137:32069 - "POST /generate HTTP/1.1" 200 OK
[algo2a-g3-l1-modal] 
[algo2a-g3-l1-modal] [36m(CommandActor pid=2609)[0m [2026-09-29 20:34:00] INFO:     172.20.3.137:49961 - "POST /generate HTTP/1.1" 200 OK
[algo2a-g3-l1-modal] 
[algo2a-g3-l1-modal] [36m(CommandActor pid=2609)[0m [2026-09-29 20:34:00] INFO:     172.20.3.137:43744 - "POST /generate HTTP/1.1" 200 OK
[algo2a-g3-l1-modal] 
[algo2a-g3-l1-modal] [36m(CommandActor pid=2609)[0m [2026-09-29 20:34:00] INFO:     172.20.3.137:57512 - "POST /generate HTTP/1.1" 200 OK
[algo2a-g3-l1-modal] 
[algo2a-g3-l1-modal] [36m(CommandActor pid=2609)[0m [2026-09-29 20:34:00] INFO:     172.20.3.137:51759 - "POST /generate HTTP/1.1" 200 OK
[algo2a-g3-l1-modal] 
[algo2a-g3-l1-modal] [36m(CommandActor pid=2609)[0m [2026-09-29 20:34:00] INFO:     172.20.3.137:52393 - "POST /generate HTTP/1.1" 200 OK
[algo2a-g3-l1-modal] 
[algo2a-g3-l1-modal] [36m(CommandActor pid=2609)[0m [2026-09-29 20:34:00] INFO:     172.20.3.137:51099 - "POST /generate HTTP/1.1" 200 OK
[algo2a-g3-l1-modal] 
[algo2a-g3-l1-modal] [36m(CommandActor pid=2609)[0m [2026-09-29 20:34:00] INFO:     172.20.3.137:48558 - "POST /generate HTTP/1.1" 200 OK
[algo2a-g3-l1-modal] 
[algo2a-g3-l1-modal] [36m(CommandActor pid=2609)[0m [2026-09-29 20:34:00] INFO:     172.20.3.137:32820 - "POST /generate HTTP/1.1" 200 OK
[algo2a-g3-l1-modal] 
[algo2a-g3-l1-modal] [36m(CommandActor pid=2609)[0m [2026-09-29 20:34:00] INFO:     172.20.3.137:60000 - "POST /generate HTTP/1.1" 200 OK
[algo2a-g3-l1-modal] 
[algo2a-g3-l1-modal] [36m(RolloutExecutor pid=2606)[0m YETO_RL_EVENT {"all_one_groups":0,"all_zero_groups":4,"constant_groups":4,"entries":32,"event":"rl_advantage_transform","groups":4,"island_id":1,"nonzero_advantages":0,"rollout_id":2,"samples":32,"time_unix":1790714040.5374355,"transform":"maxrl"}
[algo2a-g3-l1-modal] 
[algo2a-g3-l1-modal] [36m(RolloutExecutor pid=2606)[0m Rollout generation:  75%|███████▌  | 24/32 [00:05<00:01,  5.70it/s]Rollout generation: 100%|██████████| 32/32 [00:05<00:00,  5.77it/s]
[algo2a-g3-l1-modal] 
[algo2a-g3-l1-modal] [36m(RolloutExecutor pid=2606)[0m [2026-09-29 20:34:00.516 rollout_executor] inference_rollout_train.py:161 - Finish rollout: text_preview=<|im_start|>system\nYou are a helpful assistant. Please put the answer within \boxed{}.<|im_end|>\n<|im_start|>user\nTobias is buying a new pair of shoes that costs $95. He has been saving up his money each month for the past three months. He gets a $5 allowance a month. He also mows lawns and shovels driveways. He charges $15 to mow a lawn and $7 to shovel. After buying the shoes, he has $15 in change. If he mows 4 lawns, how many driveways did he shovel?<|im_end|>\n<|im_start|>assistant\n<think>\n\n</thin...<truncated chars=1220>, label=5, reward_summary=0.0
[algo2a-g3-l1-modal] [36m(RolloutExecutor pid=2606)[0m [2026-09-29 20:34:00.519 rollout_executor] inference_rollout_train.py:33 - Abort request for ['http://172.20.3.137:20002']
[algo2a-g3-l1-modal] 
[algo2a-g3-l1-modal] [36m(RolloutExecutor pid=2606)[0m [2026-09-29 20:34:00.531 rollout_executor] rollout_data_conversion.py:39 - Final collected 32 samples from rollout to train
[algo2a-g3-l1-modal] 
[algo2a-g3-l1-modal] [36m(RolloutExecutor pid=2606)[0m [2026-09-29 20:34:00.532 rollout_executor] metrics.py:93 - perf 2: {'rollout/raw_reward_unfiltered': 0.0, 'rollout/num_training_samples': 32, 'rollout/episode_raw_reward': 0.0, 'rollout/episode_response_length/mean': 272.84375, 'rollout/episode_response_length/median': 273.5, 'rollout/episode_response_length/max': 384, 'rollout/episode_response_length/min': 109, 'rollout/episode_total_response_length/mean': 272.84375, 'rollout/response_len/mean': 272.84375, 'rollout/response_len/median': 273.5, 'rollout/response_len/max': 384, 'rollout/response_len/min': 109, 'rollout/zero_std/count_0.0': 4, 'rollout/zero_std/all_zero_percentage': 1.0, 'rollout/zero_std/all_one_percentage': 0.0, 'rollout/prefix_cache_hit_rate': 0.0, 'rollout/avg_cached_tokens_per_sample': 0.0, 'rollout/repetition_frac': 0.0, 'rollout/truncated_ratio': 0.34375, 'perf/rollout_time': 5.561658620834351, 'perf/tokens_per_gpu_per_sec': 1569.855432567019, 'perf/longest_sample_tokens_per_sec': 69.04415142661038, 'perf/effective_tokens_per_gpu_per_sec': 1569.855432567019, 'perf/longest_effective_sample_tokens_per_sec': 69.04415142661038}
[algo2a-g3-l1-modal] 
[algo2a-g3-l1-modal] [36m(RolloutExecutor pid=2606)[0m [2026-09-29 20:34:00.537 rollout_executor] reward_pipeline.py:381 - {"all_one_groups": 0, "all_zero_groups": 4, "constant_groups": 4, "entries": 32, "event": "rl_advantage_transform", "groups": 4, "nonzero_advantages": 0, "rollout_id": 2, "samples": 32, "transform": "maxrl"}
[algo2a-g3-l1-modal] 
[algo2a-g3-l1-modal] [36m(RolloutExecutor pid=2606)[0m [2026-09-29 20:34:00.538 rollout_executor] train_data_conversion.py:334 - Rollout-side DP schedule: num_samples=32, num_rollouts=[32], num_microbatches=[32]
[algo2a-g3-l1-modal] 
[algo2a-g3-l1-modal] [36m(CommandActor pid=2609)[0m [2026-09-29 20:34:00] INFO:     172.20.3.137:23122 - "POST /abort_request HTTP/1.1" 200 OK
[algo2a-g3-l1-modal] 
[algo2a-g3-l1-modal] [36m(CommandActor pid=2609)[0m [2026-09-29 20:34:00] INFO:     172.20.3.137:56244 - "GET /flush_cache HTTP/1.1" 200 OK
[algo2a-g3-l1-modal] 
[algo2a-g3-l1-modal] [36m(CommandActor pid=2609)[0m [2026-09-29 20:34:00] Cache flushed successfully!
[algo2a-g3-l1-modal] 
[algo2a-g3-l1-modal] [36m(CommandActor pid=2609)[0m [2026-09-29 20:34:00] Cache flushed successfully!
[algo2a-g3-l1-modal] 
[algo2a-g3-l1-modal] [36m(InferenceController pid=2604)[0m [2026-09-29 20:34:00.588 inference_controller] _client.py:1740 - HTTP Request: GET http://172.20.3.137:20002/flush_cache "HTTP/1.1 200 OK"
[algo2a-g3-l1-modal] 
[algo2a-g3-l1-modal] YETO_RL_EVENT {"event":"rl_driver_phase","island_id":1,"phase":"onload","rollout_id":2,"time_unix":1790714042.2212422}
[algo2a-g3-l1-modal] 
[algo2a-g3-l1-modal] [36m(CommandActor pid=2609)[0m [2026-09-29 20:34:02] INFO:     172.20.3.137:56244 - "POST /release_memory_occupation HTTP/1.1" 200 OK
[algo2a-g3-l1-modal] 
[algo2a-g3-l1-modal] [36m(InferenceController pid=2604)[0m [2026-09-29 20:34:02.210 inference_controller] _client.py:1740 - HTTP Request: POST http://172.20.3.137:20002/release_memory_occupation "HTTP/1.1 200 OK"
[algo2a-g3-l1-modal] 
[algo2a-g3-l1-modal] [36m(TrainerController pid=2610)[0m [2026-09-29 20:34:02.223 trainer_controller_actor] cell.py:231 - ft op=execute phase=start cell=trainer-engine-actor-00000 fn=wake_up n_actors=1
[algo2a-g3-l1-modal] 
[algo2a-g3-l1-modal] [36m(MegatronTrainRayActor pid=2911)[0m [2026-09-29 20:34:02.225 actor_cell00000_rank00000] structured_log.py:24 - actor cls=MegatronTrainRayActor fn=wake_up phase=start
[algo2a-g3-l1-modal] 
[algo2a-g3-l1-modal] [36m(MegatronTrainRayActor pid=2911)[0m [2026-09-29 20:34:02.225 actor_cell00000_rank00000] timer.py:31 - Timer wake_up start
[algo2a-g3-l1-modal] 
[algo2a-g3-l1-modal] [36m(MegatronTrainRayActor pid=2911)[0m [2026-09-29 20:34:02.227 actor_cell00000_rank00000] memory_utils.py:41 - [Rank 0] Memory-Usage before wake_up model: {'gpu': '0', 'total_GB': 79.18, 'free_GB': 74.61, 'used_GB': 4.57, 'allocated_GB': 1.38, 'reserved_GB': 1.5}
[algo2a-g3-l1-modal] YETO_RL_EVENT {"event":"rl_driver_phase","island_id":1,"phase":"train","rollout_id":2,"time_unix":1790714043.4864817}
[algo2a-g3-l1-modal] 
[algo2a-g3-l1-modal] [36m(TrainerController pid=2610)[0m [2026-09-29 20:34:03.483 trainer_controller_actor] cell.py:239 - ft op=execute phase=end cell=trainer-engine-actor-00000 fn=wake_up ok=true elapsed_s=1.3
[algo2a-g3-l1-modal] 
[algo2a-g3-l1-modal] [36m(TrainerController pid=2610)[0m [2026-09-29 20:34:03.489 trainer_controller_actor] group.py:190 - ft op=train phase=start rollout=2 attempt=0
[algo2a-g3-l1-modal] 
[algo2a-g3-l1-modal] [36m(TrainerController pid=2610)[0m [2026-09-29 20:34:03.489 trainer_controller_actor] group.py:534 - ft op=refresh phase=start rollout=2 alive=0 healing= all_states="(0, 'StateAllocatedAlive')" quorum=0
[algo2a-g3-l1-modal] 
[algo2a-g3-l1-modal] [36m(TrainerController pid=2610)[0m [2026-09-29 20:34:03.490 trainer_controller_actor] group.py:557 - ft op=refresh phase=decision rollout=2 needs_reconfigure=false reason=alive_config_unchanged,no_healing quorum=0
[algo2a-g3-l1-modal] 
[algo2a-g3-l1-modal] [36m(TrainerController pid=2610)[0m [2026-09-29 20:34:03.490 trainer_controller_actor] cell.py:231 - ft op=execute phase=start cell=trainer-engine-actor-00000 fn=train n_actors=1
[algo2a-g3-l1-modal] 
[algo2a-g3-l1-modal] [36m(MegatronTrainRayActor pid=2911)[0m [2026-09-29 20:34:03.479 actor_cell00000_rank00000] reloadable_process_group.py:151 - Reloading 0 process groups in pid 2911
[algo2a-g3-l1-modal] 
[algo2a-g3-l1-modal] [36m(MegatronTrainRayActor pid=2911)[0m [2026-09-29 20:34:03.480 actor_cell00000_rank00000] memory_utils.py:41 - [Rank 0] Memory-Usage after wake_up model: {'gpu': '0', 'total_GB': 79.18, 'free_GB': 73.14, 'used_GB': 6.04, 'allocated_GB': 1.38, 'reserved_GB': 1.5}
[algo2a-g3-l1-modal] 
[algo2a-g3-l1-modal] [36m(MegatronTrainRayActor pid=2911)[0m [2026-09-29 20:34:03.481 actor_cell00000_rank00000] timer.py:42 - Timer wake_up end (elapsed: 1.3s)
[algo2a-g3-l1-modal] 
[algo2a-g3-l1-modal] [36m(MegatronTrainRayActor pid=2911)[0m [2026-09-29 20:34:03.481 actor_cell00000_rank00000] structured_log.py:28 - actor cls=MegatronTrainRayActor fn=wake_up phase=end ok=true elapsed_s=1.3
[algo2a-g3-l1-modal] 
[algo2a-g3-l1-modal] [36m(MegatronTrainRayActor pid=2911)[0m [2026-09-29 20:34:03.492 actor_cell00000_rank00000] structured_log.py:24 - actor cls=MegatronTrainRayActor fn=train phase=start
[algo2a-g3-l1-modal] [36m(MegatronTrainRayActor pid=2911)[0m [2026-09-29 20:34:03.493 actor_cell00000_rank00000] timer.py:31 - Timer data_preprocess start
[algo2a-g3-l1-modal] 
[algo2a-g3-l1-modal] [36m(MegatronTrainRayActor pid=2911)[0m [2026-09-29 20:34:03.500 actor_cell00000_rank00000] timer.py:42 - Timer data_preprocess end (elapsed: 0.0s)
[algo2a-g3-l1-modal] 
[algo2a-g3-l1-modal] [36m(MegatronTrainRayActor pid=2911)[0m [2026-09-29 20:34:03.500 actor_cell00000_rank00000] structured_log.py:24 - actor cls=MegatronTrainRayActor fn=_train_actor phase=start
[algo2a-g3-l1-modal] 
[algo2a-g3-l1-modal] [36m(MegatronTrainRayActor pid=2911)[0m [2026-09-29 20:34:03.500 actor_cell00000_rank00000] timer.py:42 - Timer train_wait end (elapsed: 92.2s)
[algo2a-g3-l1-modal] 
[algo2a-g3-l1-modal] [36m(MegatronTrainRayActor pid=2911)[0m [2026-09-29 20:34:03.500 actor_cell00000_rank00000] timer.py:31 - Timer train start
[algo2a-g3-l1-modal] [36m(MegatronTrainRayActor pid=2911)[0m [2026-09-29 20:34:03.500 actor_cell00000_rank00000] structured_log.py:24 - actor cls=MegatronTrainRayActor fn=_compute_log_prob phase=start
[algo2a-g3-l1-modal] [36m(MegatronTrainRayActor pid=2911)[0m [2026-09-29 20:34:03.500 actor_cell00000_rank00000] timer.py:31 - Timer log_probs start
[algo2a-g3-l1-modal] 
[algo2a-g3-l1-modal] [36m(MegatronTrainRayActor pid=2911)[0m [2026-09-29 20:34:09.954 actor_cell00000_rank00000] timer.py:42 - Timer log_probs end (elapsed: 6.5s)
[algo2a-g3-l1-modal] 
[algo2a-g3-l1-modal] [36m(MegatronTrainRayActor pid=2911)[0m [2026-09-29 20:34:09.954 actor_cell00000_rank00000] structured_log.py:28 - actor cls=MegatronTrainRayActor fn=_compute_log_prob phase=end ok=true elapsed_s=6.5
[algo2a-g3-l1-modal] 
[algo2a-g3-l1-modal] [36m(MegatronTrainRayActor pid=2911)[0m [2026-09-29 20:34:09.963 actor_cell00000_rank00000] log_utils.py:100 - ft op=cross_cell phase=start kind=log_gather rank=0
[algo2a-g3-l1-modal] 
[algo2a-g3-l1-modal] [36m(MegatronTrainRayActor pid=2911)[0m [2026-09-29 20:34:09.965 actor_cell00000_rank00000] log_utils.py:106 - ft op=cross_cell phase=end kind=log_gather rank=0 success=true
[algo2a-g3-l1-modal] 
[algo2a-g3-l1-modal] [36m(MegatronTrainRayActor pid=2911)[0m [2026-09-29 20:34:09.965 actor_cell00000_rank00000] log_utils.py:126 - rollout 2: {'rollout/response_lengths': 272.84375, 'rollout/rewards': 0.0, 'rollout/truncated': 0.34375, 'rollout/rollout_log_probs': -0.49763932824134827, 'rollout/raw_reward': 0.0, 'rollout/total_lengths': 392.09375, 'rollout/log_probs': -0.49860385060310364, 'rollout/advantages': 0.0, 'rollout/returns': 0.0}
[algo2a-g3-l1-modal] [36m(MegatronTrainRayActor pid=2911)[0m [2026-09-29 20:34:09.965 actor_cell00000_rank00000] timer.py:31 - Timer actor_train start
[algo2a-g3-l1-modal] 
[algo2a-g3-l1-modal] YETO_RL_EVENT {"applied_lrs":[3.333333333333334e-06],"clip_fraction":null,"event":"rl_round_trained","island_id":1,"masked_fraction":null,"nonzero_advantages":0,"rollout_id":2,"time_unix":1790714063.1051445,"trained_groups":4,"trained_sample_ids_sha256":"69be7217a18d7585a50c20b2a7b0af4ddc13146706816ed0c22cf668eda0aaef","trained_samples":32}
[algo2a-g3-l1-modal] 
[algo2a-g3-l1-modal] YETO_RL_EVENT {"event":"rl_driver_phase","island_id":1,"phase":"sync","rollout_id":2,"time_unix":1790714063.1058254}
[algo2a-g3-l1-modal] 
[algo2a-g3-l1-modal] YETO_RL_EVENT {"event":"rl_driver_phase","island_id":1,"phase":"export_push","rollout_id":2,"time_unix":1790714063.1061428}
[algo2a-g3-l1-modal] 
[algo2a-g3-l1-modal] [36m(TrainerController pid=2610)[0m [2026-09-29 20:34:23.086 trainer_controller_actor] cell.py:239 - ft op=execute phase=end cell=trainer-engine-actor-00000 fn=train ok=true elapsed_s=19.6
[algo2a-g3-l1-modal] 
[algo2a-g3-l1-modal] [36m(TrainerController pid=2610)[0m [2026-09-29 20:34:23.086 trainer_controller_actor] group.py:290 - ft op=check errored= discarded= normal=0 decision=no_retry reason="survivors normal, gradients valid"
[algo2a-g3-l1-modal] 
[algo2a-g3-l1-modal] [36m(TrainerController pid=2610)[0m [2026-09-29 20:34:23.092 trainer_controller_actor] cell.py:231 - ft op=execute phase=start cell=trainer-engine-actor-00000 fn=run_plugin n_actors=1
[algo2a-g3-l1-modal] 
[algo2a-g3-l1-modal] [36m(TrainerController pid=2610)[0m [2026-09-29 20:34:23.095 trainer_controller_actor] cell.py:239 - ft op=execute phase=end cell=trainer-engine-actor-00000 fn=run_plugin ok=true elapsed_s=0.0
[algo2a-g3-l1-modal] 
[algo2a-g3-l1-modal] [36m(TrainerController pid=2610)[0m [2026-09-29 20:34:23.099 trainer_controller_actor] cell.py:231 - ft op=execute phase=start cell=trainer-engine-actor-00000 fn=run_plugin n_actors=1
[algo2a-g3-l1-modal] 
[algo2a-g3-l1-modal] [36m(TrainerController pid=2610)[0m [2026-09-29 20:34:23.102 trainer_controller_actor] cell.py:239 - ft op=execute phase=end cell=trainer-engine-actor-00000 fn=run_plugin ok=true elapsed_s=0.0
[algo2a-g3-l1-modal] 
[algo2a-g3-l1-modal] [36m(TrainerController pid=2610)[0m [2026-09-29 20:34:23.107 trainer_controller_actor] cell.py:231 - ft op=execute phase=start cell=trainer-engine-actor-00000 fn=run_plugin n_actors=1
[algo2a-g3-l1-modal] 
[algo2a-g3-l1-modal] [36m(MegatronTrainRayActor pid=2911)[0m [2026-09-29 20:34:23.078 actor_cell00000_rank00000] model.py:637 - train op=train_step rollout=2 step=0 attempt=0 outcome=NORMAL valid_step=true
[algo2a-g3-l1-modal] 
[algo2a-g3-l1-modal] [36m(MegatronTrainRayActor pid=2911)[0m [2026-09-29 20:34:23.080 actor_cell00000_rank00000] log_utils.py:554 - step 2: {'train/loss': 0.0, 'train/pg_loss': 0.0, 'train/entropy_loss': 0.0, 'train/pg_clipfrac': 0.0, 'train/ppo_kl': 0.0, 'train/ess_ratio': 1.0, 'train/train_rollout_logprob_abs_diff': 0.01662607304751873, 'train/train_rollout_kl': 0.0008457149378955364, 'train/grad_norm': 0.0, 'train/lr-pg_0': 0.0, 'train/step': 2}
[algo2a-g3-l1-modal] 
[algo2a-g3-l1-modal] [36m(MegatronTrainRayActor pid=2911)[0m [2026-09-29 20:34:23.080 actor_cell00000_rank00000] model.py:847 - step 2: {'train/loss': 0.0, 'train/pg_loss': 0.0, 'train/entropy_loss': 0.0, 'train/pg_clipfrac': 0.0, 'train/ppo_kl': 0.0, 'train/ess_ratio': 1.0, 'train/train_rollout_logprob_abs_diff': 0.01662607304751873, 'train/train_rollout_kl': 0.0008457149378955364, 'train/grad_norm': 0.0, 'train/lr-pg_0': 0.0, 'train/step': 2}
[algo2a-g3-l1-modal] 
[algo2a-g3-l1-modal] [36m(MegatronTrainRayActor pid=2911)[0m [2026-09-29 20:34:23.080 actor_cell00000_rank00000] timer.py:42 - Timer actor_train end (elapsed: 13.1s)
[algo2a-g3-l1-modal] 
[algo2a-g3-l1-modal] [36m(MegatronTrainRayActor pid=2911)[0m [2026-09-29 20:34:23.080 actor_cell00000_rank00000] timer.py:42 - Timer train end (elapsed: 19.6s)
[algo2a-g3-l1-modal] 
[algo2a-g3-l1-modal] [36m(MegatronTrainRayActor pid=2911)[0m [2026-09-29 20:34:23.081 actor_cell00000_rank00000] timer.py:31 - Timer train_wait start
[algo2a-g3-l1-modal] 
[algo2a-g3-l1-modal] [36m(MegatronTrainRayActor pid=2911)[0m [2026-09-29 20:34:23.081 actor_cell00000_rank00000] train_metric_utils.py:56 - perf 2: {'perf/update_weights_implementation_time': 0.13858270645141602, 'perf/finalize_and_resume_engines_time': 0.10426855087280273, 'perf/update_weights_time': 0.3353290557861328, 'perf/sleep_time': 2.5621633529663086, 'perf/wake_up_time': 1.2558214664459229, 'perf/data_preprocess_time': 0.007070064544677734, 'perf/train_wait_time': 92.17976713180542, 'perf/log_probs_time': 6.453267812728882, 'perf/actor_train_time': 13.115124464035034, 'perf/train_time': 19.58029317855835, 'perf/log_probs_tflops': 2.1161679091723964, 'perf/actor_train_tflops': 3.12376713435867, 'perf/actor_train_tok_per_s': 956.681732941767, 'perf/mfu_peak_tflops': 989.0, 'perf/actor_train_mfu': 0.0031585107526376846, 'perf/step_time': 111.76006031036377, 'perf/wait_time_ratio': 0.8248006208641727}
[algo2a-g3-l1-modal] 
[algo2a-g3-l1-modal] [36m(MegatronTrainRayActor pid=2911)[0m [2026-09-29 20:34:23.081 actor_cell00000_rank00000] structured_log.py:28 - actor cls=MegatronTrainRayActor fn=_train_actor phase=end ok=true elapsed_s=19.6
[algo2a-g3-l1-modal] 
[algo2a-g3-l1-modal] [36m(MegatronTrainRayActor pid=2911)[0m [2026-09-29 20:34:23.083 actor_cell00000_rank00000] structured_log.py:28 - actor cls=MegatronTrainRayActor fn=train phase=end ok=true elapsed_s=19.6
[algo2a-g3-l1-modal] 
[algo2a-g3-l1-modal] [36m(TrainerController pid=2610)[0m [2026-09-29 20:34:23.573 trainer_controller_actor] cell.py:239 - ft op=execute phase=end cell=trainer-engine-actor-00000 fn=run_plugin ok=true elapsed_s=0.5
[algo2a-g3-l1-modal] 
[algo2a-g3-l1-modal] YETO_RL_EVENT {"action_tokens":8731,"active_groups":4,"applied_lr":3.333333333333334e-06,"applied_lrs":[3.333333333333334e-06],"base_policy_version":2,"cancelled_groups":0,"clip_fraction":null,"completed_groups":4,"completed_trajectories":32,"delta_l2_norm":2.0132295048824744e-06,"dynamic_filter_dropped_groups":0,"dynamic_filter_generated_groups":0,"dynamic_filter_replacement_attempts":0,"ess_ratio":null,"event":"rl_local_round","grad_norm":0.0,"group_p50_seconds":0.0,"group_p95_seconds":0.0,"group_p99_seconds":0.0,"island_id":1,"local_round_id":3,"loss":null,"lr":null,"mean_kl":null,"nonzero_advantage_count":null,"pass_rate":null,"pg_loss":null,"reward_mean":0.0,"reward_std":0.0,"rl/action_tokens":8731,"rl/active_groups":4,"rl/cancelled_groups":0,"rl/clip_fraction":null,"rl/completed_groups":4,"rl/completed_trajectories":32,"rl/current_vs_rollout_kl":null,"rl/ess_ratio":null,"rl/global_policy_version":2,"rl/group_p50_seconds":0.0,"rl/group_p95_seconds":0.0,"rl/group_p99_seconds":0.0,"rl/local_delta_norm":2.0132295048824744e-06,"rl/mixed_version_group_count":0,"rl/reward_mean":0.0,"rl/reward_std":0.0,"rl/rollout_policy_version":2,"rl/rollout_seconds":9.827026420000038,"rl/tool_wait_seconds":0.0,"rl/zero_variance_group_ratio":1.0,"rollout_seconds":9.827026420000038,"sync/bytes_sent":40370224,"time_unix":1790714064.0100663,"tool_wait_seconds":0.0,"train_seconds":19.617973829999983,"train_step":null,"zero_variance_group_ratio":1.0}
[algo2a-g3-l1-modal] 
[algo2a-g3-l1-modal] YETO_RL_EVENT {"event":"rl_driver_phase","island_id":1,"phase":"wait_global","policy_version":3,"time_unix":1790714064.071244}
[algo2a-g3-l1-modal] 
[syncer] 2026-09-29T20:34:28.500258Z  INFO yeto_syncer::server: checkpoint committed step=3 path=/tmp/algo2a/g3home/yeto-output/yeto-state.ckpt
[syncer] 2026-09-29T20:34:28.500292Z  INFO yeto_syncer::server: outer step step=3 fragment=0 responders=[Member { learner_id: 0, generation: 9096641884410840748 }, Member { learner_id: 1, generation: 3620157925610301889 }] gnorm="0.0000" ms=112351
[algo2a-g3-l0-modal] YETO_RL_EVENT {"event":"rl_driver_phase","island_id":0,"optimizer":"reset","phase":"apply","policy_version":3,"time_unix":1790714070.071412}
[algo2a-g3-l0-modal] 
[algo2a-g3-l1-modal] YETO_RL_EVENT {"event":"rl_driver_phase","island_id":1,"optimizer":"reset","phase":"apply","policy_version":3,"time_unix":1790714070.7023802}
[algo2a-g3-l1-modal] 
[algo2a-g3-l0-modal] [36m(CommandActor pid=2493)[0m [2026-09-29 20:34:43] INFO:     172.20.6.108:48284 - "GET /health HTTP/1.1" 200 OK
[algo2a-g3-l0-modal] 
[algo2a-g3-l1-modal] [36m(CommandActor pid=2609)[0m [2026-09-29 20:34:50] INFO:     172.20.3.137:51255 - "GET /health HTTP/1.1" 200 OK
[algo2a-g3-l1-modal] 
[algo2a-g3-l0-modal] [36m(TrainerController pid=2494)[0m [2026-09-29 20:34:52.092 trainer_controller_actor] cell.py:231 - ft op=execute phase=start cell=trainer-engine-actor-00000 fn=run_plugin n_actors=1
[algo2a-g3-l0-modal] 
[algo2a-g3-l1-modal] [36m(TrainerController pid=2610)[0m [2026-09-29 20:35:03.326 trainer_controller_actor] cell.py:231 - ft op=execute phase=start cell=trainer-engine-actor-00000 fn=run_plugin n_actors=1
[algo2a-g3-l1-modal] 
[algo2a-g3-l0-modal] [36m(TrainerController pid=2494)[0m [2026-09-29 20:35:14.240 trainer_controller_actor] cell.py:239 - ft op=execute phase=end cell=trainer-engine-actor-00000 fn=run_plugin ok=true elapsed_s=22.1
[algo2a-g3-l0-modal] 
[algo2a-g3-l0-modal] [36m(TrainerController pid=2494)[0m [2026-09-29 20:35:14.298 trainer_controller_actor] cell.py:231 - ft op=execute phase=start cell=trainer-engine-actor-00000 fn=run_plugin n_actors=1
[algo2a-g3-l0-modal] 
[algo2a-g3-l0-modal] [36m(TrainerController pid=2494)[0m [2026-09-29 20:35:14.543 trainer_controller_actor] cell.py:239 - ft op=execute phase=end cell=trainer-engine-actor-00000 fn=run_plugin ok=true elapsed_s=0.2
[algo2a-g3-l0-modal] 
[algo2a-g3-l0-modal] YETO_RL_EVENT {"event":"rl_policy_apply","island_id":0,"local_step":3,"optimizer":"reset","partial_fragment_apply":false,"policy_version":3,"sync/apply_seconds":44.72166121700002,"sync/global_policy_hash":"b91d487fc5f88932c4574513679d5114d01103bf002f69aaee560e723ac184e0","time_unix":1790714114.7935905}
[algo2a-g3-l0-modal] 
[algo2a-g3-l0-modal] YETO_RL_EVENT {"event":"rl_driver_phase","island_id":0,"phase":"publish","policy_version":3,"time_unix":1790714114.8531935}
[algo2a-g3-l0-modal] 
[algo2a-g3-l0-modal] [36m(TrainerController pid=2494)[0m [2026-09-29 20:35:14.911 trainer_controller_actor] cell.py:231 - ft op=execute phase=start cell=trainer-engine-actor-00000 fn=run_plugin n_actors=1
[algo2a-g3-l0-modal] 
[algo2a-g3-l0-modal] [36m(TrainerController pid=2494)[0m [2026-09-29 20:35:15.150 trainer_controller_actor] cell.py:239 - ft op=execute phase=end cell=trainer-engine-actor-00000 fn=run_plugin ok=true elapsed_s=0.2
[algo2a-g3-l0-modal] 
[algo2a-g3-l0-modal] [36m(CommandActor pid=2493)[0m [2026-09-29 20:35:15] INFO:     172.20.6.108:36824 - "POST /resume_memory_occupation HTTP/1.1" 200 OK
[algo2a-g3-l0-modal] 
[algo2a-g3-l0-modal] [36m(CommandActor pid=2493)[0m [2026-09-29 20:35:15] INFO:     172.20.6.108:21887 - "POST /pause_generation HTTP/1.1" 200 OK
[algo2a-g3-l0-modal] 
[algo2a-g3-l0-modal] [36m(CommandActor pid=2493)[0m [2026-09-29 20:35:15] INFO:     172.20.6.108:21887 - "GET /flush_cache HTTP/1.1" 200 OK
[algo2a-g3-l0-modal] 
[algo2a-g3-l0-modal] [36m(CommandActor pid=2493)[0m [2026-09-29 20:35:15] INFO:     172.20.6.108:21887 - "POST /begin_weight_update HTTP/1.1" 200 OK
[algo2a-g3-l0-modal] 
[algo2a-g3-l0-modal] [36m(CommandActor pid=2493)[0m [2026-09-29 20:35:15] Cache flush skipped: KV cache memory is released.
[algo2a-g3-l0-modal] 
[algo2a-g3-l0-modal] [36m(InferenceController pid=2491)[0m [2026-09-29 20:35:15.487 inference_controller] _client.py:1740 - HTTP Request: POST http://172.20.6.108:20000/resume_memory_occupation "HTTP/1.1 200 OK"
[algo2a-g3-l0-modal] 
[algo2a-g3-l0-modal] [36m(TrainerController pid=2494)[0m [2026-09-29 20:35:15.495 trainer_controller_actor] group.py:392 - ft op=update_weights phase=start rollout=
[algo2a-g3-l0-modal] 
[algo2a-g3-l0-modal] [36m(TrainerController pid=2494)[0m [2026-09-29 20:35:15.495 trainer_controller_actor] cell.py:231 - ft op=execute phase=start cell=trainer-engine-actor-00000 fn=update_weights n_actors=1
[algo2a-g3-l0-modal] 
[algo2a-g3-l0-modal] [36m(MegatronTrainRayActor pid=2820)[0m [2026-09-29 20:35:15.497 actor_cell00000_rank00000] structured_log.py:24 - actor cls=MegatronTrainRayActor fn=update_weights phase=start
[algo2a-g3-l0-modal] 
[algo2a-g3-l0-modal] [36m(MegatronTrainRayActor pid=2820)[0m [2026-09-29 20:35:15.497 actor_cell00000_rank00000] timer.py:31 - Timer update_weights start
[algo2a-g3-l0-modal] 
[algo2a-g3-l0-modal] [36m(MegatronTrainRayActor pid=2820)[0m [2026-09-29 20:35:15.498 actor_cell00000_rank00000] memory_utils.py:41 - [Rank 0] Memory-Usage before update_weights: {'gpu': '0', 'total_GB': 79.18, 'free_GB': 68.9, 'used_GB': 10.28, 'allocated_GB': 1.38, 'reserved_GB': 4.54}
[algo2a-g3-l0-modal] 
[algo2a-g3-l0-modal] [36m(MegatronTrainRayActor pid=2820)[0m [2026-09-29 20:35:15.502 actor_cell00000_rank00000] _client.py:1740 - HTTP Request: POST http://172.20.6.108:20000/pause_generation "HTTP/1.1 200 OK"
[algo2a-g3-l0-modal] 
[algo2a-g3-l0-modal] [36m(MegatronTrainRayActor pid=2820)[0m [2026-09-29 20:35:15.506 actor_cell00000_rank00000] _client.py:1740 - HTTP Request: GET http://172.20.6.108:20000/flush_cache "HTTP/1.1 200 OK"
[algo2a-g3-l0-modal] 
[algo2a-g3-l0-modal] [36m(MegatronTrainRayActor pid=2820)[0m [2026-09-29 20:35:15.509 actor_cell00000_rank00000] _client.py:1740 - HTTP Request: POST http://172.20.6.108:20000/begin_weight_update "HTTP/1.1 200 OK"
[algo2a-g3-l0-modal] 
[algo2a-g3-l0-modal] [36m(MegatronTrainRayActor pid=2820)[0m [2026-09-29 20:35:15.510 actor_cell00000_rank00000] timer.py:31 - Timer update_weights_implementation start
[algo2a-g3-l0-modal] 
[algo2a-g3-l0-modal] [36m(MegatronTrainRayActor pid=2820)[0m [miles-colocate] Update weights: 0it [00:00, ?it/s]
[algo2a-g3-l0-modal] 
[algo2a-g3-l0-modal] [36m(CommandActor pid=2493)[0m [2026-09-29 20:35:15] INFO:     172.20.6.108:21887 - "POST /update_weights_from_tensor HTTP/1.1" 200 OK
[algo2a-g3-l0-modal] 
[algo2a-g3-l0-modal] [36m(CommandActor pid=2493)[0m [2026-09-29 20:35:15] INFO:     172.20.6.108:21887 - "POST /end_weight_update HTTP/1.1" 200 OK
[algo2a-g3-l0-modal] 
[algo2a-g3-l0-modal] [36m(CommandActor pid=2493)[0m [2026-09-29 20:35:15] INFO:     172.20.6.108:21887 - "POST /update_weight_version HTTP/1.1" 200 OK
[algo2a-g3-l0-modal] 
[algo2a-g3-l0-modal] [36m(CommandActor pid=2493)[0m [2026-09-29 20:35:15] INFO:     172.20.6.108:21887 - "POST /continue_generation HTTP/1.1" 200 OK
[algo2a-g3-l0-modal] 
[algo2a-g3-l0-modal] [36m(CommandActor pid=2493)[0m [2026-09-29 20:35:15] LoRA adapter loading from tensors starts: LoRARef(lora_id=c4625434834a47b09d0c9689fd9126d2, lora_name=miles_lora, lora_path=__stream__, pinned=False, reloadable=False).
[algo2a-g3-l0-modal] 
[algo2a-g3-l0-modal] [36m(CommandActor pid=2493)[0m [2026-09-29 20:35:15] LoRA adapter 'c4625434834a47b09d0c9689fd9126d2': loaded weights for target modules ['down_proj', 'gate_up_proj', 'o_proj', 'qkv_proj'].
[algo2a-g3-l0-modal] 
[algo2a-g3-l0-modal] [36m(CommandActor pid=2493)[0m [2026-09-29 20:35:15] LoRA adapter loading from tensors completes: LoRARef(lora_id=c4625434834a47b09d0c9689fd9126d2, lora_name=miles_lora, lora_path=__stream__, pinned=False, reloadable=False).
[algo2a-g3-l0-modal] 
[algo2a-g3-l0-modal] [36m(CommandActor pid=2493)[0m [2026-09-29 20:35:15] Weight version changed. old_version='yeto:2:8b0cb63c1cd600af6d706ff3f5c92febf4ef359497ae79816c9023e6d5027396' new_version='4' num_recorded=0
[algo2a-g3-l0-modal] 
[algo2a-g3-l0-modal] [36m(CommandActor pid=2493)[0m [2026-09-29 20:35:15] [continue_generation] torch.cuda.empty_cache() called: reserved 32306.0 MB -> 32266.0 MB (freed 40.0 MB)
[algo2a-g3-l0-modal] 
[algo2a-g3-l0-modal] [36m(TrainerController pid=2494)[0m [2026-09-29 20:35:15.660 trainer_controller_actor] cell.py:239 - ft op=execute phase=end cell=trainer-engine-actor-00000 fn=update_weights ok=true elapsed_s=0.2
[algo2a-g3-l0-modal] 
[algo2a-g3-l0-modal] [36m(MegatronTrainRayActor pid=2820)[0m [2026-09-29 20:35:15.576 actor_cell00000_rank00000] _client.py:1740 - HTTP Request: POST http://172.20.6.108:20000/update_weights_from_tensor "HTTP/1.1 200 OK"
[algo2a-g3-l0-modal] 
[algo2a-g3-l0-modal] [36m(MegatronTrainRayActor pid=2820)[0m [2026-09-29 20:35:15.577 actor_cell00000_rank00000] timer.py:42 - Timer update_weights_implementation end (elapsed: 0.1s)
[algo2a-g3-l0-modal] 
[algo2a-g3-l0-modal] [36m(MegatronTrainRayActor pid=2820)[0m [2026-09-29 20:35:15.577 actor_cell00000_rank00000] timer.py:31 - Timer finalize_and_resume_engines start
[algo2a-g3-l0-modal] 
[algo2a-g3-l0-modal] [36m(MegatronTrainRayActor pid=2820)[0m [2026-09-29 20:35:15.622 actor_cell00000_rank00000] _client.py:1740 - HTTP Request: POST http://172.20.6.108:20000/end_weight_update "HTTP/1.1 200 OK"
[algo2a-g3-l0-modal] 
[algo2a-g3-l0-modal] [36m(MegatronTrainRayActor pid=2820)[0m [2026-09-29 20:35:15.625 actor_cell00000_rank00000] _client.py:1740 - HTTP Request: POST http://172.20.6.108:20000/update_weight_version "HTTP/1.1 200 OK"
[algo2a-g3-l0-modal] 
[algo2a-g3-l0-modal] [36m(MegatronTrainRayActor pid=2820)[0m [2026-09-29 20:35:15.628 actor_cell00000_rank00000] _client.py:1740 - HTTP Request: POST http://172.20.6.108:20000/continue_generation "HTTP/1.1 200 OK"
[algo2a-g3-l0-modal] 
[algo2a-g3-l0-modal] [36m(MegatronTrainRayActor pid=2820)[0m [2026-09-29 20:35:15.628 actor_cell00000_rank00000] timer.py:42 - Timer finalize_and_resume_engines end (elapsed: 0.1s)
[algo2a-g3-l0-modal] 
[algo2a-g3-l0-modal] [36m(MegatronTrainRayActor pid=2820)[0m [miles-colocate] Update weights: 1it [00:00,  6.84it/s]
[algo2a-g3-l0-modal] 
[algo2a-g3-l0-modal] [36m(MegatronTrainRayActor pid=2820)[0m [2026-09-29 20:35:15.658 actor_cell00000_rank00000] memory_utils.py:41 - [Rank 0] Memory-Usage after update_weights: {'gpu': '0', 'total_GB': 79.18, 'free_GB': 71.98, 'used_GB': 7.2, 'allocated_GB': 1.38, 'reserved_GB': 1.49}
[algo2a-g3-l0-modal] 
[algo2a-g3-l0-modal] [36m(MegatronTrainRayActor pid=2820)[0m [2026-09-29 20:35:15.658 actor_cell00000_rank00000] timer.py:42 - Timer update_weights end (elapsed: 0.2s)
[algo2a-g3-l0-modal] 
[algo2a-g3-l0-modal] [36m(MegatronTrainRayActor pid=2820)[0m [2026-09-29 20:35:15.659 actor_cell00000_rank00000] structured_log.py:28 - actor cls=MegatronTrainRayActor fn=update_weights phase=end ok=true elapsed_s=0.2
[algo2a-g3-l0-modal] 
[algo2a-g3-l0-modal] YETO_RL_EVENT {"event":"rl_publication","island_id":0,"policy_version":3,"rl/policy_token":"yeto:3:b91d487fc5f88932c4574513679d5114d01103bf002f69aaee560e723ac184e0","sync/publication_members":["engine:inference-engine-all-0-0-00000"],"sync/publication_payload_bytes":40370176,"sync/publication_payload_hash":"e736949b46c40f985027d1f4d3dbb26055af71c8aabaf49baecf0e4aa9cf1e53","time_unix":1790714115.7488704}
[algo2a-g3-l0-modal] 
[algo2a-g3-l0-modal] YETO_RL_EVENT {"event":"rl_driver_phase","island_id":0,"phase":"finish","rollout_id":3,"time_unix":1790714115.7496176}
[algo2a-g3-l0-modal] 
[algo2a-g3-l0-modal] [36m(CommandActor pid=2493)[0m [2026-09-29 20:35:15] INFO:     172.20.6.108:36824 - "POST /resume_memory_occupation HTTP/1.1" 200 OK
[algo2a-g3-l0-modal] 
[36m(CommandActor pid=2493)[0m [2026-09-29 20:35:15] INFO:     172.20.6.108:20711 - "POST /update_weight_version HTTP/1.1" 200 OK
[algo2a-g3-l0-modal] 
[algo2a-g3-l0-modal] [36m(CommandActor pid=2493)[0m [2026-09-29 20:35:15] INFO:     172.20.6.108:20711 - "GET /model_info HTTP/1.1" 200 OK
[algo2a-g3-l0-modal] 
[algo2a-g3-l0-modal] [36m(CommandActor pid=2493)[0m [2026-09-29 20:35:15] INFO:     172.20.6.108:36824 - "POST /weights_checker HTTP/1.1" 200 OK
[algo2a-g3-l0-modal] 
[algo2a-g3-l0-modal] [36m(CommandActor pid=2493)[0m [2026-09-29 20:35:15] Weight version changed. old_version='4' new_version='yeto:3:b91d487fc5f88932c4574513679d5114d01103bf002f69aaee560e723ac184e0' num_recorded=0
[algo2a-g3-l0-modal] 
[algo2a-g3-l0-modal] [36m(CommandActor pid=2493)[0m [2026-09-29 20:35:15] [WeightChecker] handle action=checksum allow_quant_error=False skip_tensor_list=None
[algo2a-g3-l0-modal] 
[algo2a-g3-l0-modal] [36m(CommandActor pid=2493)[0m [2026-09-29 20:35:15] [WeightChecker] checksum computed for 226 tensors in 0.020s
[algo2a-g3-l0-modal] 
[algo2a-g3-l0-modal] [36m(InferenceController pid=2491)[0m [2026-09-29 20:35:15.698 inference_controller] _client.py:1740 - HTTP Request: POST http://172.20.6.108:20000/resume_memory_occupation "HTTP/1.1 200 OK"
[algo2a-g3-l0-modal] 
[algo2a-g3-l0-modal] [36m(InferenceController pid=2491)[0m [2026-09-29 20:35:15.742 inference_controller] _client.py:1740 - HTTP Request: POST http://172.20.6.108:20000/weights_checker "HTTP/1.1 200 OK"
[algo2a-g3-l0-modal] 
[algo2a-g3-l0-modal] [36m(RayWorkerManager pid=2230)[0m [2026-09-29 20:35:15.907 worker_manager] ray_worker_manager.py:582 - Killed actor at self=_ServeActorRayCommManager(manager=<miles.utils.workers.ray_worker_manager.RayWorkerManager object at 0x2b9f829cac30>, parent=_CellManager(manager=<miles.utils.workers.ray_worker_manager.RayWorkerManager object at 0x2b9f829cac30>, cell_index=0, spec=ServeWorkerSpec(name='rollout-executor', category=None, port_infos=[PortInfo(name='rpc', static_port=8000, mode='per_worker', allow_dynamic=True, num_consecutive=1, offset_by_cell=False)], env_var=<function spec_rollout_executor.<locals>.<lambda> at 0x2b9f82f71e40>, scheduling=SchedulingSpec(num_cells=1, num_workers_per_cell=1, num_gpus_per_worker=0.0, num_cpus_per_worker=1.0, num_gpu_slots_per_worker=0, num_gpus_per_node=0, pg_name=None, pg_slot_offset=0, pin_to_head=True), meta=None, deploy_component=<DeployComponent.PRIMARY: 'primary'>, platform_access=<PlatformAccess.NONE: 'none'>, worker_class='miles.ray.rollout.rollout_executor.RolloutExecutor', ctor_kwargs=<function spec_rollout_executor.<locals>.<lambda> at 0x2b9f82f73060>, concurrency_groups=None), actors=[...], generation=1, liveness_scan_task=<Task pending name='Task-16' coro=<_CellManager._scan_liveness_forever() running at /root/miles/miles/utils/workers/ray_worker_manager.py:431> wait_for=<Future pending cb=[Task.task_wakeup()]>>, binding=None), worker_in_cell_index=0, spec=ServeWorkerSpec(name='rollout-executor', category=None, port_infos=[PortInfo(name='rpc', static_port=8000, mode='per_worker', allow_dynamic=True, num_consecutive=1, offset_by_cell=False)], env_var=<function spec_rollout_executor.<locals>.<lambda> at 0x2b9f82f71e40>, scheduling=SchedulingSpec(num_cells=1, num_workers_per_cell=1, num_gpus_per_worker=0.0, num_cpus_per_worker=1.0, num_gpu_slots_per_worker=0, num_gpus_per_node=0, pg_name=None, pg_slot_offset=0, pin_to_head=True), meta=None, deploy_component=<DeployComponent.PRIMARY: 'primary'>, platform_access=<PlatformAccess.NONE: 'none'>, worker_class='miles.ray.rollout.rollout_executor.RolloutExecutor', ctor_kwargs=<function spec_rollout_executor.<locals>.<lambda> at 0x2b9f82f73060>, concurrency_groups=None), actor_handle=Actor(RolloutExecutor, bdffdb033577e164a57f7a2401000000), self_addrs={'rpc': HostAndPort(host='172.20.6.108', port=20038, external_host=None)}, local_gpu_ids=[], gpu_slot_index=None)
[algo2a-g3-l0-modal] 
[algo2a-g3-l0-modal] [36m(RayWorkerManager pid=2230)[0m [2026-09-29 20:35:15.908 worker_manager] ray_worker_manager.py:582 - Killed actor at self=_ServeActorRayCommManager(manager=<miles.utils.workers.ray_worker_manager.RayWorkerManager object at 0x2b9f829cac30>, parent=_CellManager(manager=<miles.utils.workers.ray_worker_manager.RayWorkerManager object at 0x2b9f829cac30>, cell_index=0, spec=ServeWorkerSpec(name='inference-controller', category=None, port_infos=[PortInfo(name='rpc', static_port=8000, mode='per_worker', allow_dynamic=True, num_consecutive=1, offset_by_cell=False)], env_var=<function spec_inference_controller.<locals>.<lambda> at 0x2b9f82f731a0>, scheduling=SchedulingSpec(num_cells=1, num_workers_per_cell=1, num_gpus_per_worker=0.0, num_cpus_per_worker=1.0, num_gpu_slots_per_worker=0, num_gpus_per_node=0, pg_name=None, pg_slot_offset=0, pin_to_head=True), meta=None, deploy_component=<DeployComponent.PRIMARY: 'primary'>, platform_access=<PlatformAccess.READ: 'read'>, worker_class='miles.ray.rollout.inference_controller.InferenceController', ctor_kwargs=<function spec_inference_controller.<locals>.<lambda> at 0x2b9fb4beee80>, concurrency_groups=None), actors=[...], generation=1, liveness_scan_task=<Task pending name='Task-17' coro=<_CellManager._scan_liveness_forever() running at /root/miles/miles/utils/workers/ray_worker_manager.py:431> wait_for=<Future pending cb=[Task.task_wakeup()]>>, binding=None), worker_in_cell_index=0, spec=ServeWorkerSpec(name='inference-controller', category=None, port_infos=[PortInfo(name='rpc', static_port=8000, mode='per_worker', allow_dynamic=True, num_consecutive=1, offset_by_cell=False)], env_var=<function spec_inference_controller.<locals>.<lambda> at 0x2b9f82f731a0>, scheduling=SchedulingSpec(num_cells=1, num_workers_per_cell=1, num_gpus_per_worker=0.0, num_cpus_per_worker=1.0, num_gpu_slots_per_worker=0, num_gpus_per_node=0, pg_name=None, pg_slot_offset=0, pin_to_head=True), meta=None, deploy_component=<DeployComponent.PRIMARY: 'primary'>, platform_access=<PlatformAccess.READ: 'read'>, worker_class='miles.ray.rollout.inference_controller.InferenceController', ctor_kwargs=<function spec_inference_controller.<locals>.<lambda> at 0x2b9fb4beee80>, concurrency_groups=None), actor_handle=Actor(InferenceController, 805e56c5e9d0daaece85a35701000000), self_addrs={'rpc': HostAndPort(host='172.20.6.108', port=20037, external_host=None)}, local_gpu_ids=[], gpu_slot_index=None)
[algo2a-g3-l0-modal] 
[algo2a-g3-l0-modal] [36m(RayWorkerManager pid=2230)[0m [2026-09-29 20:35:15.909 worker_manager] ray_worker_manager.py:582 - Killed actor at self=_ServeActorRayCommManager(manager=<miles.utils.workers.ray_worker_manager.RayWorkerManager object at 0x2b9f829cac30>, parent=_CellManager(manager=<miles.utils.workers.ray_worker_manager.RayWorkerManager object at 0x2b9f829cac30>, cell_index=0, spec=ServeWorkerSpec(name='trainer-controller-actor', category=None, port_infos=[PortInfo(name='rpc', static_port=8000, mode='per_worker', allow_dynamic=True, num_consecutive=1, offset_by_cell=False)], env_var=<function _compute_spec_trainer_controller.<locals>.<lambda> at 0x2b9fb4bef4c0>, scheduling=SchedulingSpec(num_cells=1, num_workers_per_cell=1, num_gpus_per_worker=0.0, num_cpus_per_worker=1.0, num_gpu_slots_per_worker=0, num_gpus_per_node=0, pg_name=None, pg_slot_offset=0, pin_to_head=False), meta=None, deploy_component=<DeployComponent.TRAINER: 'trainer'>, platform_access=<PlatformAccess.READ_DELETE: 'read-delete'>, worker_class='miles.ray.train.group.TrainerController', ctor_kwargs=<function _compute_spec_trainer_controller.<locals>.<lambda> at 0x2b9fb4bef600>, concurrency_groups=None), actors=[...], generation=1, liveness_scan_task=<Task pending name='Task-20' coro=<_CellManager._scan_liveness_forever() running at /root/miles/miles/utils/workers/ray_worker_manager.py:431> wait_for=<Future pending cb=[Task.task_wakeup()]>>, binding=None), worker_in_cell_index=0, spec=ServeWorkerSpec(name='trainer-controller-actor', category=None, port_infos=[PortInfo(name='rpc', static_port=8000, mode='per_worker', allow_dynamic=True, num_consecutive=1, offset_by_cell=False)], env_var=<function _compute_spec_trainer_controller.<locals>.<lambda> at 0x2b9fb4bef4c0>, scheduling=SchedulingSpec(num_cells=1, num_workers_per_cell=1, num_gpus_per_worker=0.0, num_cpus_per_worker=1.0, num_gpu_slots_per_worker=0, num_gpus_per_node=0, pg_name=None, pg_slot_offset=0, pin_to_head=False), meta=None, deploy_component=<DeployComponent.TRAINER: 'trainer'>, platform_access=<PlatformAccess.READ_DELETE: 'read-delete'>, worker_class='miles.ray.train.group.TrainerController', ctor_kwargs=<function _compute_spec_trainer_controller.<locals>.<lambda> at 0x2b9fb4bef600>, concurrency_groups=None), actor_handle=Actor(TrainerController, 56cd9c178510692cd1b0db6a01000000), self_addrs={'rpc': HostAndPort(host='172.20.6.108', port=20041, external_host=None)}, local_gpu_ids=[], gpu_slot_index=None)
[algo2a-g3-l0-modal] 
[algo2a-g3-l0-modal] [36m(RayWorkerManager pid=2230)[0m [2026-09-29 20:35:15.909 worker_manager] ray_worker_manager.py:582 - Killed actor at self=_ServeActorRayCommManager(manager=<miles.utils.workers.ray_worker_manager.RayWorkerManager object at 0x2b9f829cac30>, parent=_CellManager(manager=<miles.utils.workers.ray_worker_manager.RayWorkerManager object at 0x2b9f829cac30>, cell_index=0, spec=ServeWorkerSpec(name='trainer-engine-actor', category='trainer_engine', port_infos=[PortInfo(name='master', static_port=9000, mode='master', allow_dynamic=True, num_consecutive=1, offset_by_cell=False), PortInfo(name='rpc', static_port=8000, mode='per_worker', allow_dynamic=True, num_consecutive=1, offset_by_cell=False)], env_var=<function _compute_spec_trainer.<locals>.<lambda> at 0x2b9fb4bef6a0>, scheduling=SchedulingSpec(num_cells=1, num_workers_per_cell=1, num_gpus_per_worker=0.4, num_cpus_per_worker=0.4, num_gpu_slots_per_worker=1, num_gpus_per_node=1, pg_name='actor', pg_slot_offset=0, pin_to_head=False), meta=<function _compute_spec_trainer.<locals>.<lambda> at 0x2b9fb4c20b80>, deploy_component=<DeployComponent.TRAINER: 'trainer'>, platform_access=<PlatformAccess.NONE: 'none'>, worker_class='miles.backends.megatron_utils.actor.MegatronTrainRayActor', ctor_kwargs=<function _compute_spec_trainer.<locals>.<lambda> at 0x2b9fb4c21760>, concurrency_groups=None), actors=[...], generation=1, liveness_scan_task=<Task pending name='Task-21' coro=<_CellManager._scan_liveness_forever() running at /root/miles/miles/utils/workers/ray_worker_manager.py:431> wait_for=<Future pending cb=[Task.task_wakeup()]>>, binding=None), worker_in_cell_index=0, spec=ServeWorkerSpec(name='trainer-engine-actor', category='trainer_engine', port_infos=[PortInfo(name='master', static_port=9000, mode='master', allow_dynamic=True, num_consecutive=1, offset_by_cell=False), PortInfo(name='rpc', static_port=8000, mode='per_worker', allow_dynamic=True, num_consecutive=1, offset_by_cell=False)], env_var=<function _compute_spec_trainer.<locals>.<lambda> at 0x2b9fb4bef6a0>, scheduling=SchedulingSpec(num_cells=1, num_workers_per_cell=1, num_gpus_per_worker=0.4, num_cpus_per_worker=0.4, num_gpu_slots_per_worker=1, num_gpus_per_node=1, pg_name='actor', pg_slot_offset=0, pin_to_head=False), meta=<function _compute_spec_trainer.<locals>.<lambda> at 0x2b9fb4c20b80>, deploy_component=<DeployComponent.TRAINER: 'trainer'>, platform_access=<PlatformAccess.NONE: 'none'>, worker_class='miles.backends.megatron_utils.actor.MegatronTrainRayActor', ctor_kwargs=<function _compute_spec_trainer.<locals>.<lambda> at 0x2b9fb4c21760>, concurrency_groups=None), actor_handle=Actor(MegatronTrainRayActor, 57adf9d1072db6141aacb95a01000000), self_addrs={'master': HostAndPort(host='172.20.6.108', port=20039, external_host=None), 'rpc': HostAndPort(host='172.20.6.108', port=20040, external_host=None)}, local_gpu_ids=[0], gpu_slot_index=0)
[algo2a-g3-l0-modal] 
[algo2a-g3-l0-modal] [36m(CommandActor pid=2493)[0m [2026-09-29 20:35:15] SIGTERM received. signum=None frame=None. Draining requests and shutting down...
[algo2a-g3-l0-modal] 
[algo2a-g3-l0-modal] [36m(InferenceController pid=2491)[0m [2026-09-29 20:35:15.881 inference_controller] rollout_server.py:132 - Killing server cell_id='inference-engine-all-0-0-00000'...
[algo2a-g3-l0-modal] 
[algo2a-g3-l0-modal] [36m(InferenceController pid=2491)[0m [2026-09-29 20:35:15.901 inference_controller] _client.py:1740 - HTTP Request: GET http://172.20.6.108:20001/workers "HTTP/1.1 200 OK"
[algo2a-g3-l0-modal] 
[algo2a-g3-l0-modal] [36m(InferenceController pid=2491)[0m [2026-09-29 20:35:15.903 inference_controller] _client.py:1740 - HTTP Request: DELETE http://172.20.6.108:20001/workers/36384a3d-c449-4f99-a95d-fb918cd740cd "HTTP/1.1 202 Accepted"
[algo2a-g3-l0-modal] 
[algo2a-g3-l0-modal] [36m(InferenceController pid=2491)[0m [2026-09-29 20:35:15.903 inference_controller] server_cell.py:315 - Cell inference-engine-all-0-0-00000 dispose start old=addr_info=CellAddrInfo(server_url='http://172.20.6.108:20000', bootstrap_port=None, gate_url='http://172.20.6.108:20036')
[algo2a-g3-l0-modal] 
[algo2a-g3-l0-modal] [36m(InferenceController pid=2491)[0m [2026-09-29 20:35:15.903 inference_controller] server_cell.py:318 - Cell inference-engine-all-0-0-00000 dispose end new=
[algo2a-g3-l0-modal] 
[syncer] 2026-09-29T20:35:15.805523Z  INFO yeto_syncer::server: learner finalized authoritative parameters learner_id=0 generation=9096641884410840748 step=3 remaining=1
[syncer] 2026-09-29T20:35:15.925712Z  WARN yeto_syncer::server: connection ended: unexpected end of file peer=69.31.39.74:58311
[syncer] 2026-09-29T20:35:15.925730Z  WARN yeto_syncer::server: learner disconnected during finalization; waiting for reconnect learner_id=0 generation=9096641884410840748
[syncer] 2026-09-29T20:35:15.928389Z  WARN yeto_syncer::server: connection ended: unexpected end of file peer=69.31.39.74:43280
[syncer] 2026-09-29T20:35:15.928488Z  WARN yeto_syncer::server: connection ended: unexpected end of file peer=69.31.39.74:29711
[syncer] 2026-09-29T20:35:15.928630Z  WARN yeto_syncer::server: connection ended: unexpected end of file peer=69.31.39.74:17192
[syncer] 2026-09-29T20:35:15.945685Z  WARN yeto_syncer::server: connection ended: unexpected end of file peer=69.31.39.74:60229
[algo2a-g3-l0-modal] [36m(RayWorkerManager pid=2230)[0m [2026-09-29 20:35:16.028 worker_manager] ray_worker_manager.py:582 - Killed actor at self=_CommandActorManager(manager=<miles.utils.workers.ray_worker_manager.RayWorkerManager object at 0x2b9f829cac30>, parent=_CellManager(manager=<miles.utils.workers.ray_worker_manager.RayWorkerManager object at 0x2b9f829cac30>, cell_index=0, spec=CommandWorkerSpec(name='inference-router-0', category=None, port_infos=[PortInfo(name='primary', static_port=8000, mode='per_worker', allow_dynamic=True, num_consecutive=1, offset_by_cell=False), PortInfo(name='prometheus', static_port=9000, mode='per_worker', allow_dynamic=True, num_consecutive=1, offset_by_cell=False)], env_var=<function _compute_spec_router.<locals>.<lambda> at 0x2b9fb4beef20>, scheduling=SchedulingSpec(num_cells=1, num_workers_per_cell=1, num_gpus_per_worker=0.0, num_cpus_per_worker=0.2, num_gpu_slots_per_worker=0, num_gpus_per_node=0, pg_name=None, pg_slot_offset=0, pin_to_head=True), meta=None, deploy_component=<DeployComponent.PRIMARY: 'primary'>, platform_access=<PlatformAccess.NONE: 'none'>, launch_command=<function _compute_spec_router.<locals>._compute_launch_command at 0x2b9fb4beefc0>), actors=[...], generation=1, liveness_scan_task=<Task pending name='Task-18' coro=<_CellManager._scan_liveness_forever() running at /root/miles/miles/utils/workers/ray_worker_manager.py:431> wait_for=<Future pending cb=[Task.task_wakeup()]>>, binding=None), worker_in_cell_index=0, spec=CommandWorkerSpec(name='inference-router-0', category=None, port_infos=[PortInfo(name='primary', static_port=8000, mode='per_worker', allow_dynamic=True, num_consecutive=1, offset_by_cell=False), PortInfo(name='prometheus', static_port=9000, mode='per_worker', allow_dynamic=True, num_consecutive=1, offset_by_cell=False)], env_var=<function _compute_spec_router.<locals>.<lambda> at 0x2b9fb4beef20>, scheduling=SchedulingSpec(num_cells=1, num_workers_per_cell=1, num_gpus_per_worker=0.0, num_cpus_per_worker=0.2, num_gpu_slots_per_worker=0, num_gpus_per_node=0, pg_name=None, pg_slot_offset=0, pin_to_head=True), meta=None, deploy_component=<DeployComponent.PRIMARY: 'primary'>, platform_access=<PlatformAccess.NONE: 'none'>, launch_command=<function _compute_spec_router.<locals>._compute_launch_command at 0x2b9fb4beefc0>), actor_handle=Actor(CommandActor, 08155a44cf409f953883d0dc01000000), self_addrs={'primary': HostAndPort(host='172.20.6.108', port=20001, external_host=None), 'prometheus': HostAndPort(host='172.20.6.108', port=20033, external_host=None)}, local_gpu_ids=[], gpu_slot_index=None)
[algo2a-g3-l0-modal] 
[algo2a-g3-l0-modal] [36m(CommandActor pid=2493)[0m [2026-09-29 20:35:16] Subprocess scheduler_0 (pid=3668) crashed with exit code -15. Triggering SIGQUIT for cleanup...
[algo2a-g3-l0-modal] 
[algo2a-g3-l0-modal] [36m(CommandActor pid=2493)[0m [2026-09-29 20:35:16] SIGQUIT received. signum=None, frame=None. It usually means one child failed.
[algo2a-g3-l0-modal] 
[algo2a-g3-l0-modal] [36m(CommandActor pid=2493)[0m [2026-09-29 20:35:16] Sleeping 5 seconds before crash diagnostics to let GPU activity settle.
[algo2a-g3-l0-modal] 
[algo2a-g3-l0-modal] YETO_RL_EVENT {"event":"rl_learner_finalized","island_id":0,"time_unix":1790714120.9747198}
[algo2a-g3-l0-modal] 
[algo2a-g3-l0-modal] [rl] learner 0 finalized (rl_engine=ports)
[algo2a-g3-l0-modal] 
[algo2a-g3-l0-modal] [36m(RayWorkerManager pid=2230)[0m [2026-09-29 20:35:20.971 worker_manager] ray_worker_manager.py:582 - Killed actor at self=_CommandActorManager(manager=<miles.utils.workers.ray_worker_manager.RayWorkerManager object at 0x2b9f829cac30>, parent=_CellManager(manager=<miles.utils.workers.ray_worker_manager.RayWorkerManager object at 0x2b9f829cac30>, cell_index=0, spec=CommandWorkerSpec(name='inference-engine-all-0-0', category='inference_engine', port_infos=[PortInfo(name='primary', static_port=8000, mode='per_worker', allow_dynamic=True, num_consecutive=1, offset_by_cell=False), PortInfo(name='dist_init', static_port=9000, mode='master', allow_dynamic=True, num_consecutive=31, offset_by_cell=False), PortInfo(name='nccl', static_port=10000, mode='per_worker', allow_dynamic=True, num_consecutive=1, offset_by_cell=False), PortInfo(name='engine_info_bootstrap', static_port=12000, mode='per_worker', allow_dynamic=True, num_consecutive=1, offset_by_cell=False), PortInfo(name='gate', static_port=13000, mode='master', allow_dynamic=True, num_consecutive=1, offset_by_cell=False)], env_var=<function _compute_spec_inference_engine.<locals>.<lambda> at 0x2b9fb4bef1a0>, scheduling=SchedulingSpec(num_cells=1, num_workers_per_cell=1, num_gpus_per_worker=0.2, num_cpus_per_worker=0.2, num_gpu_slots_per_worker=1, num_gpus_per_node=1, pg_name='rollout', pg_slot_offset=0, pin_to_head=False), meta=<function _compute_spec_inference_engine.<locals>.<lambda> at 0x2b9fb4bef2e0>, deploy_component=<DeployComponent.INFERENCE: 'inference'>, platform_access=<PlatformAccess.NONE: 'none'>, launch_command=<function _compute_spec_inference_engine.<locals>._compute_launch_command at 0x2b9fb4bef420>), actors=[...], generation=1, liveness_scan_task=<Task pending name='Task-19' coro=<_CellManager._scan_liveness_forever() running at /root/miles/miles/utils/workers/ray_worker_manager.py:431> wait_for=<Future pending cb=[Task.task_wakeup()]>>, binding=None), worker_in_cell_index=0, spec=CommandWorkerSpec(name='inference-engine-all-0-0', category='inference_engine', port_infos=[PortInfo(name='primary', static_port=8000, mode='per_worker', allow_dynamic=True, num_consecutive=1, offset_by_cell=False), PortInfo(name='dist_init', static_port=9000, mode='master', allow_dynamic=True, num_consecutive=31, offset_by_cell=False), PortInfo(name='nccl', static_port=10000, mode='per_worker', allow_dynamic=True, num_consecutive=1, offset_by_cell=False), PortInfo(name='engine_info_bootstrap', static_port=12000, mode='per_worker', allow_dynamic=True, num_consecutive=1, offset_by_cell=False), PortInfo(name='gate', static_port=13000, mode='master', allow_dynamic=True, num_consecutive=1, offset_by_cell=False)], env_var=<function _compute_spec_inference_engine.<locals>.<lambda> at 0x2b9fb4bef1a0>, scheduling=SchedulingSpec(num_cells=1, num_workers_per_cell=1, num_gpus_per_worker=0.2, num_cpus_per_worker=0.2, num_gpu_slots_per_worker=1, num_gpus_per_node=1, pg_name='rollout', pg_slot_offset=0, pin_to_head=False), meta=<function _compute_spec_inference_engine.<locals>.<lambda> at 0x2b9fb4bef2e0>, deploy_component=<DeployComponent.INFERENCE: 'inference'>, platform_access=<PlatformAccess.NONE: 'none'>, launch_command=<function _compute_spec_inference_engine.<locals>._compute_launch_command at 0x2b9fb4bef420>), actor_handle=Actor(CommandActor, 0994e6a6d955bc15d028f27701000000), self_addrs={'primary': HostAndPort(host='172.20.6.108', port=20000, external_host=None), 'dist_init': HostAndPort(host='172.20.6.108', port=20002, external_host=None), 'nccl': HostAndPort(host='172.20.6.108', port=20034, external_host=None), 'engine_info_bootstrap': HostAndPort(host='172.20.6.108', port=20035, external_host=None), 'gate': HostAndPort(host='172.20.6.108', port=20036, external_host=None)}, local_gpu_ids=[0], gpu_slot_index=0)
[algo2a-g3-l0-modal] 
[algo2a-g3-l0-modal] [36m(CommandActor pid=2493)[0m WARNING:miles.utils.workers.process_utils:Process 3309 did not exit within 5.0s after SIGTERM; escalating to SIGKILL
[algo2a-g3-l0-modal] 
[algo2a-g3-l1-modal] [36m(CommandActor pid=2609)[0m [2026-09-29 20:35:50] INFO:     172.20.3.137:63446 - "GET /health HTTP/1.1" 200 OK
[algo2a-g3-l1-modal] 
[launcher] algo2a-g3-l0-modal job finished: SUCCEEDED
[algo2a-g3-l1-modal] [36m(TrainerController pid=2610)[0m [2026-09-29 20:36:06.091 trainer_controller_actor] cell.py:239 - ft op=execute phase=end cell=trainer-engine-actor-00000 fn=run_plugin ok=true elapsed_s=62.8
[algo2a-g3-l1-modal] 
[algo2a-g3-l1-modal] [36m(TrainerController pid=2610)[0m [2026-09-29 20:36:06.696 trainer_controller_actor] cell.py:231 - ft op=execute phase=start cell=trainer-engine-actor-00000 fn=run_plugin n_actors=1
[algo2a-g3-l1-modal] 
[algo2a-g3-l1-modal] [36m(TrainerController pid=2610)[0m [2026-09-29 20:36:07.162 trainer_controller_actor] cell.py:239 - ft op=execute phase=end cell=trainer-engine-actor-00000 fn=run_plugin ok=true elapsed_s=0.5
[algo2a-g3-l1-modal] 
[algo2a-g3-l1-modal] YETO_RL_EVENT {"event":"rl_policy_apply","island_id":1,"local_step":3,"optimizer":"reset","partial_fragment_apply":false,"policy_version":3,"sync/apply_seconds":96.81840927100006,"sync/global_policy_hash":"b91d487fc5f88932c4574513679d5114d01103bf002f69aaee560e723ac184e0","time_unix":1790714167.521728}
[algo2a-g3-l1-modal] 
[algo2a-g3-l1-modal] YETO_RL_EVENT {"event":"rl_driver_phase","island_id":1,"phase":"publish","policy_version":3,"time_unix":1790714167.5912998}
[algo2a-g3-l1-modal] 
[algo2a-g3-l1-modal] [36m(TrainerController pid=2610)[0m [2026-09-29 20:36:07.660 trainer_controller_actor] cell.py:231 - ft op=execute phase=start cell=trainer-engine-actor-00000 fn=run_plugin n_actors=1
[algo2a-g3-l1-modal] 
[algo2a-g3-l1-modal] [36m(TrainerController pid=2610)[0m [2026-09-29 20:36:08.138 trainer_controller_actor] cell.py:239 - ft op=execute phase=end cell=trainer-engine-actor-00000 fn=run_plugin ok=true elapsed_s=0.5
[algo2a-g3-l1-modal] 
[algo2a-g3-l1-modal] [36m(CommandActor pid=2609)[0m [2026-09-29 20:36:08] INFO:     172.20.3.137:25049 - "POST /resume_memory_occupation HTTP/1.1" 200 OK
[algo2a-g3-l1-modal] 
[algo2a-g3-l1-modal] [36m(CommandActor pid=2609)[0m [2026-09-29 20:36:08] INFO:     172.20.3.137:25614 - "POST /pause_generation HTTP/1.1" 200 OK
[algo2a-g3-l1-modal] 
[algo2a-g3-l1-modal] [36m(CommandActor pid=2609)[0m [2026-09-29 20:36:08] INFO:     172.20.3.137:25614 - "GET /flush_cache HTTP/1.1" 200 OK
[algo2a-g3-l1-modal] 
[algo2a-g3-l1-modal] [36m(CommandActor pid=2609)[0m [2026-09-29 20:36:08] INFO:     172.20.3.137:25614 - "POST /begin_weight_update HTTP/1.1" 200 OK
[algo2a-g3-l1-modal] 
[algo2a-g3-l1-modal] [36m(CommandActor pid=2609)[0m [2026-09-29 20:36:08] Cache flush skipped: KV cache memory is released.
[algo2a-g3-l1-modal] 
[algo2a-g3-l1-modal] [36m(InferenceController pid=2604)[0m [2026-09-29 20:36:08.781 inference_controller] _client.py:1740 - HTTP Request: POST http://172.20.3.137:20002/resume_memory_occupation "HTTP/1.1 200 OK"
[algo2a-g3-l1-modal] 
[algo2a-g3-l1-modal] [36m(TrainerController pid=2610)[0m [2026-09-29 20:36:08.790 trainer_controller_actor] group.py:392 - ft op=update_weights phase=start rollout=
[algo2a-g3-l1-modal] 
[36m(TrainerController pid=2610)[0m [2026-09-29 20:36:08.791 trainer_controller_actor] cell.py:231 - ft op=execute phase=start cell=trainer-engine-actor-00000 fn=update_weights n_actors=1
[algo2a-g3-l1-modal] 
[algo2a-g3-l1-modal] [36m(MegatronTrainRayActor pid=2911)[0m [2026-09-29 20:36:08.793 actor_cell00000_rank00000] structured_log.py:24 - actor cls=MegatronTrainRayActor fn=update_weights phase=start
[algo2a-g3-l1-modal] 
[algo2a-g3-l1-modal] [36m(MegatronTrainRayActor pid=2911)[0m [2026-09-29 20:36:08.793 actor_cell00000_rank00000] timer.py:31 - Timer update_weights start
[algo2a-g3-l1-modal] 
[algo2a-g3-l1-modal] [36m(MegatronTrainRayActor pid=2911)[0m [2026-09-29 20:36:08.794 actor_cell00000_rank00000] memory_utils.py:41 - [Rank 0] Memory-Usage before update_weights: {'gpu': '0', 'total_GB': 79.18, 'free_GB': 68.7, 'used_GB': 10.48, 'allocated_GB': 1.38, 'reserved_GB': 4.75}
[algo2a-g3-l1-modal] 
[algo2a-g3-l1-modal] [36m(MegatronTrainRayActor pid=2911)[0m [2026-09-29 20:36:08.800 actor_cell00000_rank00000] _client.py:1740 - HTTP Request: POST http://172.20.3.137:20002/pause_generation "HTTP/1.1 200 OK"
[algo2a-g3-l1-modal] 
[algo2a-g3-l1-modal] [36m(MegatronTrainRayActor pid=2911)[0m [2026-09-29 20:36:08.808 actor_cell00000_rank00000] _client.py:1740 - HTTP Request: GET http://172.20.3.137:20002/flush_cache "HTTP/1.1 200 OK"
[algo2a-g3-l1-modal] 
[algo2a-g3-l1-modal] [36m(MegatronTrainRayActor pid=2911)[0m [2026-09-29 20:36:08.812 actor_cell00000_rank00000] _client.py:1740 - HTTP Request: POST http://172.20.3.137:20002/begin_weight_update "HTTP/1.1 200 OK"
[algo2a-g3-l1-modal] [36m(MegatronTrainRayActor pid=2911)[0m [2026-09-29 20:36:08.814 actor_cell00000_rank00000] timer.py:31 - Timer update_weights_implementation start
[algo2a-g3-l1-modal] 
[algo2a-g3-l1-modal] [36m(MegatronTrainRayActor pid=2911)[0m [miles-colocate] Update weights: 0it [00:00, ?it/s]
[algo2a-g3-l1-modal] 
[algo2a-g3-l1-modal] [36m(CommandActor pid=2609)[0m [2026-09-29 20:36:08] INFO:     172.20.3.137:25614 - "POST /update_weights_from_tensor HTTP/1.1" 200 OK
[algo2a-g3-l1-modal] 
[algo2a-g3-l1-modal] [36m(CommandActor pid=2609)[0m [2026-09-29 20:36:08] LoRA adapter loading from tensors starts: LoRARef(lora_id=7001c43da418497b8209e18feaa86fda, lora_name=miles_lora, lora_path=__stream__, pinned=False, reloadable=False).
[algo2a-g3-l1-modal] 
[algo2a-g3-l1-modal] [36m(MegatronTrainRayActor pid=2911)[0m [2026-09-29 20:36:08.905 actor_cell00000_rank00000] _client.py:1740 - HTTP Request: POST http://172.20.3.137:20002/update_weights_from_tensor "HTTP/1.1 200 OK"
[algo2a-g3-l1-modal] 
[algo2a-g3-l1-modal] [36m(MegatronTrainRayActor pid=2911)[0m [2026-09-29 20:36:08.906 actor_cell00000_rank00000] timer.py:42 - Timer update_weights_implementation end (elapsed: 0.1s)
[algo2a-g3-l1-modal] 
[algo2a-g3-l1-modal] [36m(MegatronTrainRayActor pid=2911)[0m [2026-09-29 20:36:08.906 actor_cell00000_rank00000] timer.py:31 - Timer finalize_and_resume_engines start
[algo2a-g3-l1-modal] 
[algo2a-g3-l1-modal] [36m(CommandActor pid=2609)[0m [2026-09-29 20:36:08] INFO:     172.20.3.137:25614 - "POST /end_weight_update HTTP/1.1" 200 OK
[algo2a-g3-l1-modal] 
[algo2a-g3-l1-modal] [36m(CommandActor pid=2609)[0m [2026-09-29 20:36:09] INFO:     172.20.3.137:25614 - "POST /update_weight_version HTTP/1.1" 200 OK
[algo2a-g3-l1-modal] 
[algo2a-g3-l1-modal] [36m(CommandActor pid=2609)[0m [2026-09-29 20:36:09] INFO:     172.20.3.137:25614 - "POST /continue_generation HTTP/1.1" 200 OK
[algo2a-g3-l1-modal] 
[algo2a-g3-l1-modal] [36m(CommandActor pid=2609)[0m [2026-09-29 20:36:08] LoRA adapter '7001c43da418497b8209e18feaa86fda': loaded weights for target modules ['down_proj', 'gate_up_proj', 'o_proj', 'qkv_proj'].
[algo2a-g3-l1-modal] 
[algo2a-g3-l1-modal] [36m(CommandActor pid=2609)[0m [2026-09-29 20:36:08] LoRA adapter loading from tensors completes: LoRARef(lora_id=7001c43da418497b8209e18feaa86fda, lora_name=miles_lora, lora_path=__stream__, pinned=False, reloadable=False).
[algo2a-g3-l1-modal] 
[algo2a-g3-l1-modal] [36m(CommandActor pid=2609)[0m [2026-09-29 20:36:09] Weight version changed. old_version='yeto:2:8b0cb63c1cd600af6d706ff3f5c92febf4ef359497ae79816c9023e6d5027396' new_version='4' num_recorded=0
[algo2a-g3-l1-modal] 
[algo2a-g3-l1-modal] [36m(CommandActor pid=2609)[0m [2026-09-29 20:36:09] [continue_generation] torch.cuda.empty_cache() called: reserved 32306.0 MB -> 32266.0 MB (freed 40.0 MB)
[algo2a-g3-l1-modal] 
[algo2a-g3-l1-modal] [36m(MegatronTrainRayActor pid=2911)[0m [2026-09-29 20:36:09.000 actor_cell00000_rank00000] _client.py:1740 - HTTP Request: POST http://172.20.3.137:20002/end_weight_update "HTTP/1.1 200 OK"
[algo2a-g3-l1-modal] 
[algo2a-g3-l1-modal] [36m(MegatronTrainRayActor pid=2911)[0m [2026-09-29 20:36:09.004 actor_cell00000_rank00000] _client.py:1740 - HTTP Request: POST http://172.20.3.137:20002/update_weight_version "HTTP/1.1 200 OK"
[algo2a-g3-l1-modal] 
[algo2a-g3-l1-modal] [36m(MegatronTrainRayActor pid=2911)[0m [2026-09-29 20:36:09.007 actor_cell00000_rank00000] _client.py:1740 - HTTP Request: POST http://172.20.3.137:20002/continue_generation "HTTP/1.1 200 OK"
[algo2a-g3-l1-modal] 
[algo2a-g3-l1-modal] [36m(MegatronTrainRayActor pid=2911)[0m [2026-09-29 20:36:09.008 actor_cell00000_rank00000] timer.py:42 - Timer finalize_and_resume_engines end (elapsed: 0.1s)
[algo2a-g3-l1-modal] 
[algo2a-g3-l1-modal] [36m(TrainerController pid=2610)[0m [2026-09-29 20:36:09.091 trainer_controller_actor] cell.py:239 - ft op=execute phase=end cell=trainer-engine-actor-00000 fn=update_weights ok=true elapsed_s=0.3
[algo2a-g3-l1-modal] 
[algo2a-g3-l1-modal] [36m(MegatronTrainRayActor pid=2911)[0m [miles-colocate] Update weights: 1it [00:00,  3.67it/s]
[algo2a-g3-l1-modal] 
[algo2a-g3-l1-modal] [36m(MegatronTrainRayActor pid=2911)[0m [2026-09-29 20:36:09.088 actor_cell00000_rank00000] memory_utils.py:41 - [Rank 0] Memory-Usage after update_weights: {'gpu': '0', 'total_GB': 79.18, 'free_GB': 71.95, 'used_GB': 7.23, 'allocated_GB': 1.38, 'reserved_GB': 1.52}
[algo2a-g3-l1-modal] 
[algo2a-g3-l1-modal] [36m(MegatronTrainRayActor pid=2911)[0m [2026-09-29 20:36:09.089 actor_cell00000_rank00000] timer.py:42 - Timer update_weights end (elapsed: 0.3s)
[algo2a-g3-l1-modal] 
[algo2a-g3-l1-modal] [36m(MegatronTrainRayActor pid=2911)[0m [2026-09-29 20:36:09.089 actor_cell00000_rank00000] structured_log.py:28 - actor cls=MegatronTrainRayActor fn=update_weights phase=end ok=true elapsed_s=0.3
[algo2a-g3-l1-modal] 
[algo2a-g3-l1-modal] YETO_RL_EVENT {"event":"rl_publication","island_id":1,"policy_version":3,"rl/policy_token":"yeto:3:b91d487fc5f88932c4574513679d5114d01103bf002f69aaee560e723ac184e0","sync/publication_members":["engine:inference-engine-all-0-0-00000"],"sync/publication_payload_bytes":40370176,"sync/publication_payload_hash":"e736949b46c40f985027d1f4d3dbb26055af71c8aabaf49baecf0e4aa9cf1e53","time_unix":1790714169.2487392}
[algo2a-g3-l1-modal] 
[algo2a-g3-l1-modal] YETO_RL_EVENT {"event":"rl_driver_phase","island_id":1,"phase":"finish","rollout_id":3,"time_unix":1790714169.2507405}
[algo2a-g3-l1-modal] 
[algo2a-g3-l1-modal] [36m(CommandActor pid=2609)[0m [2026-09-29 20:36:09] INFO:     172.20.3.137:25049 - "POST /resume_memory_occupation HTTP/1.1" 200 OK
[algo2a-g3-l1-modal] 
[algo2a-g3-l1-modal] [36m(CommandActor pid=2609)[0m [2026-09-29 20:36:09] INFO:     172.20.3.137:33484 - "POST /update_weight_version HTTP/1.1" 200 OK
[algo2a-g3-l1-modal] 
[algo2a-g3-l1-modal] [36m(CommandActor pid=2609)[0m [2026-09-29 20:36:09] INFO:     172.20.3.137:33484 - "GET /model_info HTTP/1.1" 200 OK
[algo2a-g3-l1-modal] 
[algo2a-g3-l1-modal] [36m(CommandActor pid=2609)[0m [2026-09-29 20:36:09] INFO:     172.20.3.137:25049 - "POST /weights_checker HTTP/1.1" 200 OK
[algo2a-g3-l1-modal] 
[algo2a-g3-l1-modal] [36m(CommandActor pid=2609)[0m [2026-09-29 20:36:09] Weight version changed. old_version='4' new_version='yeto:3:b91d487fc5f88932c4574513679d5114d01103bf002f69aaee560e723ac184e0' num_recorded=0
[algo2a-g3-l1-modal] 
[algo2a-g3-l1-modal] [36m(CommandActor pid=2609)[0m [2026-09-29 20:36:09] [WeightChecker] handle action=checksum allow_quant_error=False skip_tensor_list=None
[algo2a-g3-l1-modal] 
[algo2a-g3-l1-modal] [36m(CommandActor pid=2609)[0m [2026-09-29 20:36:09] [WeightChecker] checksum computed for 226 tensors in 0.034s
[algo2a-g3-l1-modal] 
[algo2a-g3-l1-modal] [36m(InferenceController pid=2604)[0m [2026-09-29 20:36:09.177 inference_controller] _client.py:1740 - HTTP Request: POST http://172.20.3.137:20002/resume_memory_occupation "HTTP/1.1 200 OK"
[algo2a-g3-l1-modal] 
[algo2a-g3-l1-modal] [36m(InferenceController pid=2604)[0m [2026-09-29 20:36:09.241 inference_controller] _client.py:1740 - HTTP Request: POST http://172.20.3.137:20002/weights_checker "HTTP/1.1 200 OK"
[algo2a-g3-l1-modal] 
[algo2a-g3-l1-modal] [36m(RayWorkerManager pid=2268)[0m [2026-09-29 20:36:09.418 worker_manager] ray_worker_manager.py:582 - Killed actor at self=_ServeActorRayCommManager(manager=<miles.utils.workers.ray_worker_manager.RayWorkerManager object at 0x2ac816ae42f0>, parent=_CellManager(manager=<miles.utils.workers.ray_worker_manager.RayWorkerManager object at 0x2ac816ae42f0>, cell_index=0, spec=ServeWorkerSpec(name='rollout-executor', category=None, port_infos=[PortInfo(name='rpc', static_port=8000, mode='per_worker', allow_dynamic=True, num_consecutive=1, offset_by_cell=False)], env_var=<function spec_rollout_executor.<locals>.<lambda> at 0x2ac817071ee0>, scheduling=SchedulingSpec(num_cells=1, num_workers_per_cell=1, num_gpus_per_worker=0.0, num_cpus_per_worker=1.0, num_gpu_slots_per_worker=0, num_gpus_per_node=0, pg_name=None, pg_slot_offset=0, pin_to_head=True), meta=None, deploy_component=<DeployComponent.PRIMARY: 'primary'>, platform_access=<PlatformAccess.NONE: 'none'>, worker_class='miles.ray.rollout.rollout_executor.RolloutExecutor', ctor_kwargs=<function spec_rollout_executor.<locals>.<lambda> at 0x2ac817073100>, concurrency_groups=None), actors=[...], generation=1, liveness_scan_task=<Task pending name='Task-16' coro=<_CellManager._scan_liveness_forever() running at /root/miles/miles/utils/workers/ray_worker_manager.py:431> wait_for=<Future pending cb=[Task.task_wakeup()]>>, binding=None), worker_in_cell_index=0, spec=ServeWorkerSpec(name='rollout-executor', category=None, port_infos=[PortInfo(name='rpc', static_port=8000, mode='per_worker', allow_dynamic=True, num_consecutive=1, offset_by_cell=False)], env_var=<function spec_rollout_executor.<locals>.<lambda> at 0x2ac817071ee0>, scheduling=SchedulingSpec(num_cells=1, num_workers_per_cell=1, num_gpus_per_worker=0.0, num_cpus_per_worker=1.0, num_gpu_slots_per_worker=0, num_gpus_per_node=0, pg_name=None, pg_slot_offset=0, pin_to_head=True), meta=None, deploy_component=<DeployComponent.PRIMARY: 'primary'>, platform_access=<PlatformAccess.NONE: 'none'>, worker_class='miles.ray.rollout.rollout_executor.RolloutExecutor', ctor_kwargs=<function spec_rollout_executor.<locals>.<lambda> at 0x2ac817073100>, concurrency_groups=None), actor_handle=Actor(RolloutExecutor, 2c4669c02a222bb05c155d7f01000000), self_addrs={'rpc': HostAndPort(host='172.20.3.137', port=20037, external_host=None)}, local_gpu_ids=[], gpu_slot_index=None)
[algo2a-g3-l1-modal] 
[algo2a-g3-l1-modal] [36m(RayWorkerManager pid=2268)[0m [2026-09-29 20:36:09.419 worker_manager] ray_worker_manager.py:582 - Killed actor at self=_ServeActorRayCommManager(manager=<miles.utils.workers.ray_worker_manager.RayWorkerManager object at 0x2ac816ae42f0>, parent=_CellManager(manager=<miles.utils.workers.ray_worker_manager.RayWorkerManager object at 0x2ac816ae42f0>, cell_index=0, spec=ServeWorkerSpec(name='inference-controller', category=None, port_infos=[PortInfo(name='rpc', static_port=8000, mode='per_worker', allow_dynamic=True, num_consecutive=1, offset_by_cell=False)], env_var=<function spec_inference_controller.<locals>.<lambda> at 0x2ac817073240>, scheduling=SchedulingSpec(num_cells=1, num_workers_per_cell=1, num_gpus_per_worker=0.0, num_cpus_per_worker=1.0, num_gpu_slots_per_worker=0, num_gpus_per_node=0, pg_name=None, pg_slot_offset=0, pin_to_head=True), meta=None, deploy_component=<DeployComponent.PRIMARY: 'primary'>, platform_access=<PlatformAccess.READ: 'read'>, worker_class='miles.ray.rollout.inference_controller.InferenceController', ctor_kwargs=<function spec_inference_controller.<locals>.<lambda> at 0x2ac848b331a0>, concurrency_groups=None), actors=[...], generation=1, liveness_scan_task=<Task pending name='Task-17' coro=<_CellManager._scan_liveness_forever() running at /root/miles/miles/utils/workers/ray_worker_manager.py:431> wait_for=<Future pending cb=[Task.task_wakeup()]>>, binding=None), worker_in_cell_index=0, spec=ServeWorkerSpec(name='inference-controller', category=None, port_infos=[PortInfo(name='rpc', static_port=8000, mode='per_worker', allow_dynamic=True, num_consecutive=1, offset_by_cell=False)], env_var=<function spec_inference_controller.<locals>.<lambda> at 0x2ac817073240>, scheduling=SchedulingSpec(num_cells=1, num_workers_per_cell=1, num_gpus_per_worker=0.0, num_cpus_per_worker=1.0, num_gpu_slots_per_worker=0, num_gpus_per_node=0, pg_name=None, pg_slot_offset=0, pin_to_head=True), meta=None, deploy_component=<DeployComponent.PRIMARY: 'primary'>, platform_access=<PlatformAccess.READ: 'read'>, worker_class='miles.ray.rollout.inference_controller.InferenceController', ctor_kwargs=<function spec_inference_controller.<locals>.<lambda> at 0x2ac848b331a0>, concurrency_groups=None), actor_handle=Actor(InferenceController, 36ebb4defbe9283a18d8728f01000000), self_addrs={'rpc': HostAndPort(host='172.20.3.137', port=20040, external_host=None)}, local_gpu_ids=[], gpu_slot_index=None)
[algo2a-g3-l1-modal] 
[algo2a-g3-l1-modal] [36m(RayWorkerManager pid=2268)[0m [2026-09-29 20:36:09.421 worker_manager] ray_worker_manager.py:582 - Killed actor at self=_ServeActorRayCommManager(manager=<miles.utils.workers.ray_worker_manager.RayWorkerManager object at 0x2ac816ae42f0>, parent=_CellManager(manager=<miles.utils.workers.ray_worker_manager.RayWorkerManager object at 0x2ac816ae42f0>, cell_index=0, spec=ServeWorkerSpec(name='trainer-controller-actor', category=None, port_infos=[PortInfo(name='rpc', static_port=8000, mode='per_worker', allow_dynamic=True, num_consecutive=1, offset_by_cell=False)], env_var=<function _compute_spec_trainer_controller.<locals>.<lambda> at 0x2ac848b337e0>, scheduling=SchedulingSpec(num_cells=1, num_workers_per_cell=1, num_gpus_per_worker=0.0, num_cpus_per_worker=1.0, num_gpu_slots_per_worker=0, num_gpus_per_node=0, pg_name=None, pg_slot_offset=0, pin_to_head=False), meta=None, deploy_component=<DeployComponent.TRAINER: 'trainer'>, platform_access=<PlatformAccess.READ_DELETE: 'read-delete'>, worker_class='miles.ray.train.group.TrainerController', ctor_kwargs=<function _compute_spec_trainer_controller.<locals>.<lambda> at 0x2ac848b33920>, concurrency_groups=None), actors=[...], generation=1, liveness_scan_task=<Task pending name='Task-20' coro=<_CellManager._scan_liveness_forever() running at /root/miles/miles/utils/workers/ray_worker_manager.py:431> wait_for=<Future pending cb=[Task.task_wakeup()]>>, binding=None), worker_in_cell_index=0, spec=ServeWorkerSpec(name='trainer-controller-actor', category=None, port_infos=[PortInfo(name='rpc', static_port=8000, mode='per_worker', allow_dynamic=True, num_consecutive=1, offset_by_cell=False)], env_var=<function _compute_spec_trainer_controller.<locals>.<lambda> at 0x2ac848b337e0>, scheduling=SchedulingSpec(num_cells=1, num_workers_per_cell=1, num_gpus_per_worker=0.0, num_cpus_per_worker=1.0, num_gpu_slots_per_worker=0, num_gpus_per_node=0, pg_name=None, pg_slot_offset=0, pin_to_head=False), meta=None, deploy_component=<DeployComponent.TRAINER: 'trainer'>, platform_access=<PlatformAccess.READ_DELETE: 'read-delete'>, worker_class='miles.ray.train.group.TrainerController', ctor_kwargs=<function _compute_spec_trainer_controller.<locals>.<lambda> at 0x2ac848b33920>, concurrency_groups=None), actor_handle=Actor(TrainerController, c3119852f0569048c9a8d0fe01000000), self_addrs={'rpc': HostAndPort(host='172.20.3.137', port=20041, external_host=None)}, local_gpu_ids=[], gpu_slot_index=None)
[algo2a-g3-l1-modal] 
[algo2a-g3-l1-modal] [36m(RayWorkerManager pid=2268)[0m [2026-09-29 20:36:09.423 worker_manager] ray_worker_manager.py:582 - Killed actor at self=_ServeActorRayCommManager(manager=<miles.utils.workers.ray_worker_manager.RayWorkerManager object at 0x2ac816ae42f0>, parent=_CellManager(manager=<miles.utils.workers.ray_worker_manager.RayWorkerManager object at 0x2ac816ae42f0>, cell_index=0, spec=ServeWorkerSpec(name='trainer-engine-actor', category='trainer_engine', port_infos=[PortInfo(name='master', static_port=9000, mode='master', allow_dynamic=True, num_consecutive=1, offset_by_cell=False), PortInfo(name='rpc', static_port=8000, mode='per_worker', allow_dynamic=True, num_consecutive=1, offset_by_cell=False)], env_var=<function _compute_spec_trainer.<locals>.<lambda> at 0x2ac848b339c0>, scheduling=SchedulingSpec(num_cells=1, num_workers_per_cell=1, num_gpus_per_worker=0.4, num_cpus_per_worker=0.4, num_gpu_slots_per_worker=1, num_gpus_per_node=1, pg_name='actor', pg_slot_offset=0, pin_to_head=False), meta=<function _compute_spec_trainer.<locals>.<lambda> at 0x2ac848b64ea0>, deploy_component=<DeployComponent.TRAINER: 'trainer'>, platform_access=<PlatformAccess.NONE: 'none'>, worker_class='miles.backends.megatron_utils.actor.MegatronTrainRayActor', ctor_kwargs=<function _compute_spec_trainer.<locals>.<lambda> at 0x2ac848b65a80>, concurrency_groups=None), actors=[...], generation=1, liveness_scan_task=<Task pending name='Task-21' coro=<_CellManager._scan_liveness_forever() running at /root/miles/miles/utils/workers/ray_worker_manager.py:431> wait_for=<Future pending cb=[Task.task_wakeup()]>>, binding=None), worker_in_cell_index=0, spec=ServeWorkerSpec(name='trainer-engine-actor', category='trainer_engine', port_infos=[PortInfo(name='master', static_port=9000, mode='master', allow_dynamic=True, num_consecutive=1, offset_by_cell=False), PortInfo(name='rpc', static_port=8000, mode='per_worker', allow_dynamic=True, num_consecutive=1, offset_by_cell=False)], env_var=<function _compute_spec_trainer.<locals>.<lambda> at 0x2ac848b339c0>, scheduling=SchedulingSpec(num_cells=1, num_workers_per_cell=1, num_gpus_per_worker=0.4, num_cpus_per_worker=0.4, num_gpu_slots_per_worker=1, num_gpus_per_node=1, pg_name='actor', pg_slot_offset=0, pin_to_head=False), meta=<function _compute_spec_trainer.<locals>.<lambda> at 0x2ac848b64ea0>, deploy_component=<DeployComponent.TRAINER: 'trainer'>, platform_access=<PlatformAccess.NONE: 'none'>, worker_class='miles.backends.megatron_utils.actor.MegatronTrainRayActor', ctor_kwargs=<function _compute_spec_trainer.<locals>.<lambda> at 0x2ac848b65a80>, concurrency_groups=None), actor_handle=Actor(MegatronTrainRayActor, 09e7f388800f4a38d98d476c01000000), self_addrs={'master': HostAndPort(host='172.20.3.137', port=20038, external_host=None), 'rpc': HostAndPort(host='172.20.3.137', port=20039, external_host=None)}, local_gpu_ids=[0], gpu_slot_index=0)
[algo2a-g3-l1-modal] 
[algo2a-g3-l1-modal] [36m(CommandActor pid=2609)[0m [2026-09-29 20:36:09] SIGTERM received. signum=None frame=None. Draining requests and shutting down...
[algo2a-g3-l1-modal] 
[algo2a-g3-l1-modal] [36m(InferenceController pid=2604)[0m [2026-09-29 20:36:09.404 inference_controller] rollout_server.py:132 - Killing server cell_id='inference-engine-all-0-0-00000'...
[algo2a-g3-l1-modal] 
[algo2a-g3-l1-modal] [36m(InferenceController pid=2604)[0m [2026-09-29 20:36:09.408 inference_controller] _client.py:1740 - HTTP Request: GET http://172.20.3.137:20000/workers "HTTP/1.1 200 OK"
[algo2a-g3-l1-modal] 
[algo2a-g3-l1-modal] [36m(InferenceController pid=2604)[0m [2026-09-29 20:36:09.412 inference_controller] _client.py:1740 - HTTP Request: DELETE http://172.20.3.137:20000/workers/1851bc8d-33f1-4ae9-a00e-2d5d8726c8be "HTTP/1.1 202 Accepted"
[algo2a-g3-l1-modal] 
[algo2a-g3-l1-modal] [36m(InferenceController pid=2604)[0m [2026-09-29 20:36:09.412 inference_controller] server_cell.py:315 - Cell inference-engine-all-0-0-00000 dispose start old=addr_info=CellAddrInfo(server_url='http://172.20.3.137:20002', bootstrap_port=None, gate_url='http://172.20.3.137:20036')
[algo2a-g3-l1-modal] 
[algo2a-g3-l1-modal] [36m(InferenceController pid=2604)[0m [2026-09-29 20:36:09.412 inference_controller] server_cell.py:318 - Cell inference-engine-all-0-0-00000 dispose end new=
[algo2a-g3-l1-modal] 
[syncer] 2026-09-29T20:36:09.333987Z  INFO yeto_syncer::server: learner finalized authoritative parameters learner_id=1 generation=3620157925610301889 step=3 remaining=0
[syncer] 2026-09-29T20:36:09.334055Z  INFO yeto_syncer::server: all learners acknowledged final cut learners=2
[syncer] 2026-09-29T20:36:09.334066Z  INFO yeto_syncer::server: training complete after 3 outer steps
[syncer] 2026-09-29T20:36:09.472702Z  WARN yeto_syncer::server: connection ended: unexpected end of file peer=100.22.119.88:18515
[syncer] 2026-09-29T20:36:09.473417Z  WARN yeto_syncer::server: connection ended: unexpected end of file peer=100.22.119.88:45499
[syncer] 2026-09-29T20:36:09.475802Z  WARN yeto_syncer::server: connection ended: unexpected end of file peer=100.22.119.88:63444
[syncer] 2026-09-29T20:36:09.477614Z  WARN yeto_syncer::server: connection ended: unexpected end of file peer=100.22.119.88:35733
[syncer] 2026-09-29T20:36:09.478768Z  WARN yeto_syncer::server: connection ended: unexpected end of file peer=100.22.119.88:57495
[algo2a-g3-l1-modal] [36m(RayWorkerManager pid=2268)[0m [2026-09-29 20:36:09.541 worker_manager] ray_worker_manager.py:582 - Killed actor at self=_CommandActorManager(manager=<miles.utils.workers.ray_worker_manager.RayWorkerManager object at 0x2ac816ae42f0>, parent=_CellManager(manager=<miles.utils.workers.ray_worker_manager.RayWorkerManager object at 0x2ac816ae42f0>, cell_index=0, spec=CommandWorkerSpec(name='inference-router-0', category=None, port_infos=[PortInfo(name='primary', static_port=8000, mode='per_worker', allow_dynamic=True, num_consecutive=1, offset_by_cell=False), PortInfo(name='prometheus', static_port=9000, mode='per_worker', allow_dynamic=True, num_consecutive=1, offset_by_cell=False)], env_var=<function _compute_spec_router.<locals>.<lambda> at 0x2ac848b33240>, scheduling=SchedulingSpec(num_cells=1, num_workers_per_cell=1, num_gpus_per_worker=0.0, num_cpus_per_worker=0.2, num_gpu_slots_per_worker=0, num_gpus_per_node=0, pg_name=None, pg_slot_offset=0, pin_to_head=True), meta=None, deploy_component=<DeployComponent.PRIMARY: 'primary'>, platform_access=<PlatformAccess.NONE: 'none'>, launch_command=<function _compute_spec_router.<locals>._compute_launch_command at 0x2ac848b332e0>), actors=[...], generation=1, liveness_scan_task=<Task pending name='Task-18' coro=<_CellManager._scan_liveness_forever() running at /root/miles/miles/utils/workers/ray_worker_manager.py:431> wait_for=<Future pending cb=[Task.task_wakeup()]>>, binding=None), worker_in_cell_index=0, spec=CommandWorkerSpec(name='inference-router-0', category=None, port_infos=[PortInfo(name='primary', static_port=8000, mode='per_worker', allow_dynamic=True, num_consecutive=1, offset_by_cell=False), PortInfo(name='prometheus', static_port=9000, mode='per_worker', allow_dynamic=True, num_consecutive=1, offset_by_cell=False)], env_var=<function _compute_spec_router.<locals>.<lambda> at 0x2ac848b33240>, scheduling=SchedulingSpec(num_cells=1, num_workers_per_cell=1, num_gpus_per_worker=0.0, num_cpus_per_worker=0.2, num_gpu_slots_per_worker=0, num_gpus_per_node=0, pg_name=None, pg_slot_offset=0, pin_to_head=True), meta=None, deploy_component=<DeployComponent.PRIMARY: 'primary'>, platform_access=<PlatformAccess.NONE: 'none'>, launch_command=<function _compute_spec_router.<locals>._compute_launch_command at 0x2ac848b332e0>), actor_handle=Actor(CommandActor, 583bb654a27d96eddfdcbdc101000000), self_addrs={'primary': HostAndPort(host='172.20.3.137', port=20000, external_host=None), 'prometheus': HostAndPort(host='172.20.3.137', port=20001, external_host=None)}, local_gpu_ids=[], gpu_slot_index=None)
[algo2a-g3-l1-modal] 
[algo2a-g3-l1-modal] [36m(CommandActor pid=2609)[0m [2026-09-29 20:36:09] Subprocess detokenizer (pid=3964) crashed with exit code -15. Triggering SIGQUIT for cleanup...
[algo2a-g3-l1-modal] 
[algo2a-g3-l1-modal] [36m(CommandActor pid=2609)[0m [2026-09-29 20:36:09] SIGQUIT received. signum=None, frame=None. It usually means one child failed.
[algo2a-g3-l1-modal] 
[algo2a-g3-l1-modal] [36m(CommandActor pid=2609)[0m [2026-09-29 20:36:09] Sleeping 5 seconds before crash diagnostics to let GPU activity settle.
[algo2a-g3-l1-modal] 
[syncer] Terminated
[algo2a-g3-l1-modal] [36m(CommandActor pid=2609)[0m WARNING:miles.utils.workers.process_utils:Process 3554 did not exit within 5.0s after SIGTERM; escalating to SIGKILL
[algo2a-g3-l1-modal] 
[algo2a-g3-l1-modal] YETO_RL_EVENT {"event":"rl_learner_finalized","island_id":1,"time_unix":1790714174.5251973}
[algo2a-g3-l1-modal] 
[algo2a-g3-l1-modal] [rl] learner 1 finalized (rl_engine=ports)
[algo2a-g3-l1-modal] 
[algo2a-g3-l1-modal] [36m(RayWorkerManager pid=2268)[0m [2026-09-29 20:36:14.519 worker_manager] ray_worker_manager.py:582 - Killed actor at self=_CommandActorManager(manager=<miles.utils.workers.ray_worker_manager.RayWorkerManager object at 0x2ac816ae42f0>, parent=_CellManager(manager=<miles.utils.workers.ray_worker_manager.RayWorkerManager object at 0x2ac816ae42f0>, cell_index=0, spec=CommandWorkerSpec(name='inference-engine-all-0-0', category='inference_engine', port_infos=[PortInfo(name='primary', static_port=8000, mode='per_worker', allow_dynamic=True, num_consecutive=1, offset_by_cell=False), PortInfo(name='dist_init', static_port=9000, mode='master', allow_dynamic=True, num_consecutive=31, offset_by_cell=False), PortInfo(name='nccl', static_port=10000, mode='per_worker', allow_dynamic=True, num_consecutive=1, offset_by_cell=False), PortInfo(name='engine_info_bootstrap', static_port=12000, mode='per_worker', allow_dynamic=True, num_consecutive=1, offset_by_cell=False), PortInfo(name='gate', static_port=13000, mode='master', allow_dynamic=True, num_consecutive=1, offset_by_cell=False)], env_var=<function _compute_spec_inference_engine.<locals>.<lambda> at 0x2ac848b334c0>, scheduling=SchedulingSpec(num_cells=1, num_workers_per_cell=1, num_gpus_per_worker=0.2, num_cpus_per_worker=0.2, num_gpu_slots_per_worker=1, num_gpus_per_node=1, pg_name='rollout', pg_slot_offset=0, pin_to_head=False), meta=<function _compute_spec_inference_engine.<locals>.<lambda> at 0x2ac848b33600>, deploy_component=<DeployComponent.INFERENCE: 'inference'>, platform_access=<PlatformAccess.NONE: 'none'>, launch_command=<function _compute_spec_inference_engine.<locals>._compute_launch_command at 0x2ac848b33740>), actors=[...], generation=1, liveness_scan_task=<Task pending name='Task-19' coro=<_CellManager._scan_liveness_forever() running at /root/miles/miles/utils/workers/ray_worker_manager.py:431> wait_for=<Future pending cb=[Task.task_wakeup()]>>, binding=None), worker_in_cell_index=0, spec=CommandWorkerSpec(name='inference-engine-all-0-0', category='inference_engine', port_infos=[PortInfo(name='primary', static_port=8000, mode='per_worker', allow_dynamic=True, num_consecutive=1, offset_by_cell=False), PortInfo(name='dist_init', static_port=9000, mode='master', allow_dynamic=True, num_consecutive=31, offset_by_cell=False), PortInfo(name='nccl', static_port=10000, mode='per_worker', allow_dynamic=True, num_consecutive=1, offset_by_cell=False), PortInfo(name='engine_info_bootstrap', static_port=12000, mode='per_worker', allow_dynamic=True, num_consecutive=1, offset_by_cell=False), PortInfo(name='gate', static_port=13000, mode='master', allow_dynamic=True, num_consecutive=1, offset_by_cell=False)], env_var=<function _compute_spec_inference_engine.<locals>.<lambda> at 0x2ac848b334c0>, scheduling=SchedulingSpec(num_cells=1, num_workers_per_cell=1, num_gpus_per_worker=0.2, num_cpus_per_worker=0.2, num_gpu_slots_per_worker=1, num_gpus_per_node=1, pg_name='rollout', pg_slot_offset=0, pin_to_head=False), meta=<function _compute_spec_inference_engine.<locals>.<lambda> at 0x2ac848b33600>, deploy_component=<DeployComponent.INFERENCE: 'inference'>, platform_access=<PlatformAccess.NONE: 'none'>, launch_command=<function _compute_spec_inference_engine.<locals>._compute_launch_command at 0x2ac848b33740>), actor_handle=Actor(CommandActor, f7df1bc9c73eee854277fd8201000000), self_addrs={'primary': HostAndPort(host='172.20.3.137', port=20002, external_host=None), 'dist_init': HostAndPort(host='172.20.3.137', port=20003, external_host=None), 'nccl': HostAndPort(host='172.20.3.137', port=20034, external_host=None), 'engine_info_bootstrap': HostAndPort(host='172.20.3.137', port=20035, external_host=None), 'gate': HostAndPort(host='172.20.3.137', port=20036, external_host=None)}, local_gpu_ids=[0], gpu_slot_index=0)
[algo2a-g3-l1-modal] 
[algo2a-g3-l1-modal] Exception ignored in atexit callback
[algo2a-g3-l1-modal] : <function shutdown at 0x2a6ee9044d60>
[algo2a-g3-l1-modal] 
[algo2a-g3-l1-modal] Traceback (most recent call last):
  File "/opt/sglang/lib/python3.12/site-packages/ray/_private/client_mode_hook.py", line 134, in wrapper
[algo2a-g3-l1-modal] 
[algo2a-g3-l1-modal] return func(*args, **kwargs)
[algo2a-g3-l1-modal] 
[algo2a-g3-l1-modal] 
[algo2a-g3-l1-modal] 
[algo2a-g3-l1-modal] 
[algo2a-g3-l1-modal] 
[algo2a-g3-l1-modal] 
[algo2a-g3-l1-modal] 
[algo2a-g3-l1-modal] 
[algo2a-g3-l1-modal] 
[algo2a-g3-l1-modal] 
[algo2a-g3-l1-modal] 
[algo2a-g3-l1-modal] 
[algo2a-g3-l1-modal] ^
[algo2a-g3-l1-modal] ^
[algo2a-g3-l1-modal] ^
[algo2a-g3-l1-modal] ^
[algo2a-g3-l1-modal] ^
[algo2a-g3-l1-modal] ^
[algo2a-g3-l1-modal] ^
[algo2a-g3-l1-modal] ^
[algo2a-g3-l1-modal] ^
[algo2a-g3-l1-modal] ^
[algo2a-g3-l1-modal] ^
[algo2a-g3-l1-modal] ^
[algo2a-g3-l1-modal] ^
[algo2a-g3-l1-modal] ^
[algo2a-g3-l1-modal] ^
[algo2a-g3-l1-modal] ^
[algo2a-g3-l1-modal] ^
[algo2a-g3-l1-modal] ^
[algo2a-g3-l1-modal] ^
[algo2a-g3-l1-modal] ^
[algo2a-g3-l1-modal] ^
[algo2a-g3-l1-modal] 
[algo2a-g3-l1-modal]   File "/opt/sglang/lib/python3.12/site-packages/ray/_private/worker.py", line 1170, in wrapper
[algo2a-g3-l1-modal] 
[algo2a-g3-l1-modal] return func(*args, **kwargs)
[algo2a-g3-l1-modal] 
[algo2a-g3-l1-modal] 
[algo2a-g3-l1-modal] 
[algo2a-g3-l1-modal] 
[algo2a-g3-l1-modal] 
[algo2a-g3-l1-modal] 
[algo2a-g3-l1-modal] 
[algo2a-g3-l1-modal] 
[algo2a-g3-l1-modal] 
[algo2a-g3-l1-modal] 
[algo2a-g3-l1-modal] 
[algo2a-g3-l1-modal] 
[algo2a-g3-l1-modal] ^
[algo2a-g3-l1-modal] ^
[algo2a-g3-l1-modal] ^
[algo2a-g3-l1-modal] ^
[algo2a-g3-l1-modal] ^
[algo2a-g3-l1-modal] ^
[algo2a-g3-l1-modal] ^
[algo2a-g3-l1-modal] ^
[algo2a-g3-l1-modal] ^
[algo2a-g3-l1-modal] ^
[algo2a-g3-l1-modal] ^
[algo2a-g3-l1-modal] ^
[algo2a-g3-l1-modal] ^
[algo2a-g3-l1-modal] ^
[algo2a-g3-l1-modal] ^
[algo2a-g3-l1-modal] ^
[algo2a-g3-l1-modal] ^
[algo2a-g3-l1-modal] ^
[algo2a-g3-l1-modal] ^
[algo2a-g3-l1-modal] ^
[algo2a-g3-l1-modal] ^
[algo2a-g3-l1-modal] 
[algo2a-g3-l1-modal]   File "/opt/sglang/lib/python3.12/site-packages/ray/_private/worker.py", line 2130, in shutdown
[algo2a-g3-l1-modal] 
[algo2a-g3-l1-modal] global_worker.core_worker.shutdown_driver()
[algo2a-g3-l1-modal] 
[algo2a-g3-l1-modal] KeyboardInterrupt
[algo2a-g3-l1-modal] :
[algo2a-g3-l1-modal] 
[launcher] syncer: syncer subprocess exited with code 143; restarting the local syncer (resumes from its checkpoint)
[launcher] syncer subprocess started (pid 2000154)
[syncer] 2026-09-29T20:36:27.168166Z  INFO yeto_syncer::server: syncer listening port=29420 semantic_profile_sha256="aed26e2329dc96a013bbc900063ffe45cf73c54476e302db005666a92af16f8d" require_profile_binding=false
[syncer] 2026-09-29T20:36:27.168219Z  INFO yeto_syncer::server: waiting for learners and INIT_PARAMS expected=2
[launcher] algo2a-g3-l1-modal: job ended as FAILED; starting recovery (timeout 1200s)
[modal] relaunch of algo2a-g3-l1-modal failed: Lookup failed for Function 'island-1' from the 'yeto-algo2a-g3' app: App 'yeto-algo2a-g3' not found in environment 'main'.
[launcher] relaunch attempt for algo2a-g3-l1-modal failed; will retry
[modal] relaunch of algo2a-g3-l1-modal failed: Lookup failed for Function 'island-1' from the 'yeto-algo2a-g3' app: App 'yeto-algo2a-g3' not found in environment 'main'.
[launcher] relaunch attempt for algo2a-g3-l1-modal failed; will retry
[modal] relaunch of algo2a-g3-l1-modal failed: Lookup failed for Function 'island-1' from the 'yeto-algo2a-g3' app: App 'yeto-algo2a-g3' not found in environment 'main'.
[launcher] relaunch attempt for algo2a-g3-l1-modal failed; will retry
[modal] relaunch of algo2a-g3-l1-modal failed: Lookup failed for Function 'island-1' from the 'yeto-algo2a-g3' app: App 'yeto-algo2a-g3' not found in environment 'main'.
[launcher] relaunch attempt for algo2a-g3-l1-modal failed; will retry
[modal] relaunch of algo2a-g3-l1-modal failed: Lookup failed for Function 'island-1' from the 'yeto-algo2a-g3' app: App 'yeto-algo2a-g3' not found in environment 'main'.
[launcher] relaunch attempt for algo2a-g3-l1-modal failed; will retry
[modal] relaunch of algo2a-g3-l1-modal failed: Lookup failed for Function 'island-1' from the 'yeto-algo2a-g3' app: App 'yeto-algo2a-g3' not found in environment 'main'.
