[yeto] run 'algo2a-g1-rpp' submitted; worker pid 2146432.
[yeto] log: /home/michael/.yeto/runs/algo2a-g1-rpp/launcher.log
[yeto] streaming logs — Ctrl-C detaches, the run keeps going.

[launcher] --rl-single-island-no-sync: no syncer, no outer sync
[launcher] deploying Modal app yeto-algo2a-g1-rpp (1 island(s))
✓ Created objects.
├── ✓ Uploaded PythonPackage:yeto
├── ✓ Uploaded /home/michael/work/algo-2a
└── ✓ Created Function island-0.
✓ App deployed in 14.107s! 🎉

View Deployment: 
https://modal.com/apps/yetalabs/main/deployed/yeto-algo2a-g1-rpp
[launcher] launching learner 0 on Modal as algo2a-g1-rpp-l0-modal
[algo2a-g1-rpp-l0-modal] [modal-island 0] rank 0/1 starting
[algo2a-g1-rpp-l0-modal] 
[algo2a-g1-rpp-l0-modal] [modal-island 0] requested H100!:1, got ['NVIDIA H100 80GB HBM3']
[algo2a-g1-rpp-l0-modal] 
[algo2a-g1-rpp-l0-modal] /opt/sglang/lib/python3.12/site-packages/huggingface_hub/constants.py:301: FutureWarning: The `HF_HUB_ENABLE_HF_TRANSFER` environment variable is deprecated as 'hf_transfer' is not used anymore. Please use `HF_XET_HIGH_PERFORMANCE` instead to enable high performance transfer with Xet. Visit https://huggingface.co/docs/huggingface_hub/package_reference/environment_variables#hfxethighperformance for more details.
  warnings.warn(
[algo2a-g1-rpp-l0-modal] [yeto-setup] image provides sglang 9f29303bef1eea38eb613e5f454a52db1326422d
[algo2a-g1-rpp-l0-modal] 2026-09-29 18:44:15,077	INFO usage_lib.py:474 -- Usage stats collection is enabled by default without user confirmation because this terminal is detected to be non-interactive. To disable this, add `--disable-usage-stats` to the command that starts the cluster, or run the following command: `ray disable-usage-stats` before starting the cluster. See https://docs.ray.io/en/master/cluster/usage-stats.html for more details.
[algo2a-g1-rpp-l0-modal] 2026-09-29 18:44:15,078	INFO scripts.py:1042 -- [37mLocal node IP[39m: [1m172.20.0.160[22m
[algo2a-g1-rpp-l0-modal] 2026-09-29 18:44:22,336	SUCC scripts.py:1081 -- [32m--------------------[39m
[algo2a-g1-rpp-l0-modal] 
[algo2a-g1-rpp-l0-modal] 2026-09-29 18:44:22,336	SUCC scripts.py:1082 -- [32mRay runtime started.[39m
[algo2a-g1-rpp-l0-modal] 2026-09-29 18:44:22,336	SUCC scripts.py:1083 -- [32m--------------------[39m
[algo2a-g1-rpp-l0-modal] 2026-09-29 18:44:22,336	INFO scripts.py:1085 -- [36mNext steps[39m
[algo2a-g1-rpp-l0-modal] 2026-09-29 18:44:22,337	INFO cli_output_helpers.py:16 -- [2mNote: The following commands are intended for use on[22m
[algo2a-g1-rpp-l0-modal] 2026-09-29 18:44:22,337	INFO cli_output_helpers.py:17 -- [2mthe head node or within the cluster network.[22m
[algo2a-g1-rpp-l0-modal] 2026-09-29 18:44:22,337	INFO scripts.py:1089 -- To add another node to this Ray cluster, run
[algo2a-g1-rpp-l0-modal] 2026-09-29 18:44:22,337	INFO scripts.py:1092 -- [1m  ray start --address='172.20.0.160:6379'[22m
[algo2a-g1-rpp-l0-modal] 
[algo2a-g1-rpp-l0-modal] 2026-09-29 18:44:22,337	INFO scripts.py:1103 -- To connect to this Ray cluster:
[algo2a-g1-rpp-l0-modal] 2026-09-29 18:44:22,337	INFO scripts.py:1105 -- [35mimport[39m[26m ray
[algo2a-g1-rpp-l0-modal] 2026-09-29 18:44:22,337	INFO scripts.py:1106 -- ray[35m.[39m[26minit(_node_ip_address[35m=[39m[26m[33m'172.20.0.160'[39m[26m)
[algo2a-g1-rpp-l0-modal] 2026-09-29 18:44:22,337	INFO scripts.py:1120 -- To submit a Ray job using the Ray Jobs CLI:
[algo2a-g1-rpp-l0-modal] 2026-09-29 18:44:22,337	INFO scripts.py:1121 -- [1m  RAY_API_SERVER_ADDRESS='http://127.0.0.1:8265' ray job submit --working-dir . -- python my_script.py[22m
[algo2a-g1-rpp-l0-modal] 2026-09-29 18:44:22,337	INFO scripts.py:1130 -- See https://docs.ray.io/en/latest/cluster/running-applications/job-submission/index.html
[algo2a-g1-rpp-l0-modal] 2026-09-29 18:44:22,337	INFO scripts.py:1134 -- for more information on submitting Ray jobs to the Ray cluster.
[algo2a-g1-rpp-l0-modal] 2026-09-29 18:44:22,337	INFO scripts.py:1139 -- To terminate the Ray runtime, run
[algo2a-g1-rpp-l0-modal] 2026-09-29 18:44:22,337	INFO scripts.py:1140 -- [1m  ray stop[22m
[algo2a-g1-rpp-l0-modal] 2026-09-29 18:44:22,337	INFO scripts.py:1143 -- To view the status of the cluster, use
[algo2a-g1-rpp-l0-modal] 2026-09-29 18:44:22,337	INFO scripts.py:1144 --   [1mray status[22m[26m
[algo2a-g1-rpp-l0-modal] 2026-09-29 18:44:22,337	INFO scripts.py:1148 -- To monitor and debug Ray, view the dashboard at
[algo2a-g1-rpp-l0-modal] 2026-09-29 18:44:22,338	INFO scripts.py:1149 --   [1m127.0.0.1:8265[22m[26m
[algo2a-g1-rpp-l0-modal] 2026-09-29 18:44:22,338	INFO scripts.py:1156 -- [4mIf connection to the dashboard fails, check your firewall settings and network configuration.[24m
[algo2a-g1-rpp-l0-modal] 
[algo2a-g1-rpp-l0-modal] /opt/sglang/lib/python3.12/site-packages/huggingface_hub/constants.py:301: FutureWarning: The `HF_HUB_ENABLE_HF_TRANSFER` environment variable is deprecated as 'hf_transfer' is not used anymore. Please use `HF_XET_HIGH_PERFORMANCE` instead to enable high performance transfer with Xet. Visit https://huggingface.co/docs/huggingface_hub/package_reference/environment_variables#hfxethighperformance for more details.
  warnings.warn(
[algo2a-g1-rpp-l0-modal] /opt/sglang/lib/python3.12/site-packages/transformer_engine/__init__.py:103: RuntimeWarning: Detected a Jax installation but could not find the shared object file for the Transformer Engine Jax extension library. If this is not intentional, please reinstall Transformer Engine with `pip install transformer_engine[jax]` or build from source with `NVTE_FRAMEWORK=jax`.
  warnings.warn(
[algo2a-g1-rpp-l0-modal] Flax classes are deprecated and will be removed in Diffusers v1.0.0. We recommend migrating to PyTorch classes or pinning your version of Diffusers.
[algo2a-g1-rpp-l0-modal] Flax classes are deprecated and will be removed in Diffusers v1.0.0. We recommend migrating to PyTorch classes or pinning your version of Diffusers.
[algo2a-g1-rpp-l0-modal] WARNING:megatron.bridge.models.muse_glimmer:Muse Glimmer Hugging Face classes are unavailable with transformers 5.12.1. Upgrade transformers to a version that supports Muse Glimmer.
[algo2a-g1-rpp-l0-modal] WARNING:miles_plugins.models.qwen3_vl:megatron-bridge Qwen3VLModel lacks native CP-local vision-embed selection; CP runs with vision tokens will mis-place vision embeddings. Apply the matching Megatron-Bridge patch (radixark/Megatron-Bridge PR #9).
[algo2a-g1-rpp-l0-modal] 
Fetching 10 files:   0%|          | 0/10 [00:00<?, ?it/s]
[algo2a-g1-rpp-l0-modal] Warning: You are sending unauthenticated requests to the HF Hub. Please set a HF_TOKEN to enable higher rate limits and faster downloads.
[algo2a-g1-rpp-l0-modal] WARNING:huggingface_hub.utils._http:Warning: You are sending unauthenticated requests to the HF Hub. Please set a HF_TOKEN to enable higher rate limits and faster downloads.
[algo2a-g1-rpp-l0-modal] 
Fetching 10 files:  20%|██        | 2/10 [00:00<00:00, 19.08it/s]
[algo2a-g1-rpp-l0-modal] 
Fetching 10 files:  80%|████████  | 8/10 [00:00<00:00, 37.01it/s]
[algo2a-g1-rpp-l0-modal] 
Fetching 10 files: 100%|██████████| 10/10 [00:05<00:00,  1.77it/s]
[algo2a-g1-rpp-l0-modal] 
[algo2a-g1-rpp-l0-modal] 
Generating train split: 0 examples [00:00, ? examples/s]
[algo2a-g1-rpp-l0-modal] 
Generating train split: 7473 examples [00:00, 177547.36 examples/s]
[algo2a-g1-rpp-l0-modal] 
[algo2a-g1-rpp-l0-modal] 
Generating test split: 0 examples [00:00, ? examples/s]
[algo2a-g1-rpp-l0-modal] 
Generating test split: 1319 examples [00:00, 63434.93 examples/s]
[algo2a-g1-rpp-l0-modal] WARNING:megatron.bridge.models.conversion.auto_bridge:Loading a model with trust_remote_code=True allows arbitrary code execution from the model repository. Only use this with models you trust.
[algo2a-g1-rpp-l0-modal] /opt/sglang/lib/python3.12/site-packages/megatron/bridge/models/qwen/qwen3_bridge.py:45: FutureWarning: Qwen3Bridge.provider_bridge() and AutoBridge.to_megatron_provider() are deprecated for builder-backed models. Use AutoBridge.get_model_config() for training recipes or AutoBridge.get_model() to construct a model. Legacy provider support will be removed in a future release.
  provider = super().provider_bridge(hf_pretrained)
[algo2a-g1-rpp-l0-modal] [transformers] `torch_dtype` is deprecated! Use `dtype` instead!
[algo2a-g1-rpp-l0-modal] /root/Megatron-LM/megatron/core/transformer/transformer_config.py:3249: UserWarning: full scope is deprecated. Use empty cuda_graph_modules to capture the whole layer.
  warnings.warn(
[algo2a-g1-rpp-l0-modal] WARNING: Inferring the appropriate argparse argument type from <class 'megatron.core.transformer.transformer_config.TransformerConfig'> failed for pad_packed_seq_alignment: typing.Union[int, typing.Literal['max'], NoneType].
Deferring to attribute metadata. If the metadata is incomplete, 'parser.add_argument()' may fail.
Original failure: Unions not supported by argparse: typing.Union[int, typing.Literal['max'], NoneType]
[algo2a-g1-rpp-l0-modal] 
[algo2a-g1-rpp-l0-modal] [2026-09-29 18:45:16.655 main] arguments.py:49 - --tokenizer-model not set, use --hf-checkpoint as tokenizer model.
[algo2a-g1-rpp-l0-modal] [2026-09-29 18:45:16.655 main] arguments.py:3360 - ref_load /root/.cache/huggingface/hub/models--Qwen--Qwen3-0.6B/snapshots/c1899de289a04d12100db370d81485cdf75e47ca does not have latest_checkpointed_iteration.txt, please make sure it is a valid megatron checkpoint directory.
[algo2a-g1-rpp-l0-modal] [2026-09-29 18:45:16.679 main] arguments.py:152 - MoE-expert LoRA layout: per-expert (--experts-shared-outer-loras).
[algo2a-g1-rpp-l0-modal] [2026-09-29 18:45:16.680 main] arguments.py:3616 - Colocate mode: defaulting --sglang-cuda-graph-backend-prefill=disabled to avoid NVLS OOM. Set --sglang-cuda-graph-backend-prefill explicitly to override.
[algo2a-g1-rpp-l0-modal] [2026-09-29 18:45:16.680 main] arguments.py:3626 - rollout_num_gpus None != actor_num_gpus_per_node 1 * actor_num_nodes 1, overriding rollout_num_gpus to match actor_num_gpus_per_node * actor_num_nodes.
[algo2a-g1-rpp-l0-modal] [2026-09-29 18:45:16.680 main] arguments.py:3858 - args.eval_max_context_len is not set. Use args.rollout_max_context_len 1024 as default value.
[algo2a-g1-rpp-l0-modal] [2026-09-29 18:45:16.680 main] arguments.py:3866 - args.rollout_max_prompt_len is not set. Use args.rollout_max_context_len - 1 (1024 - 1) as default value so that there is at least one generated token to compute loss.
[algo2a-g1-rpp-l0-modal] /root/Megatron-LM/megatron/core/_rank_utils.py:39: UserWarning: Could not determine rank from torch.distributed, RANK, or SLURM_PROCID. Defaulting to rank 0.
  warnings.warn(
[algo2a-g1-rpp-l0-modal] using world size: 1, data-parallel size: 1, context-parallel size: 1, hierarchical context-parallel sizes: None, tensor-model-parallel size: 1, pipeline-model-parallel size: 1
[algo2a-g1-rpp-l0-modal] 
[algo2a-g1-rpp-l0-modal] Number of virtual stages per pipeline stage: None
[algo2a-g1-rpp-l0-modal] 
[algo2a-g1-rpp-l0-modal] using torch.bfloat16 for parameters ...
[algo2a-g1-rpp-l0-modal] 
[algo2a-g1-rpp-l0-modal] ------------------------ arguments ------------------------
[algo2a-g1-rpp-l0-modal] 
[algo2a-g1-rpp-l0-modal]   _is_global_batch_size_explicitly_specified ...... True
[algo2a-g1-rpp-l0-modal] 
[algo2a-g1-rpp-l0-modal]   account_for_embedding_in_pipeline_split ......... False
[algo2a-g1-rpp-l0-modal] 
[algo2a-g1-rpp-l0-modal]   account_for_loss_in_pipeline_split .............. False
[algo2a-g1-rpp-l0-modal] 
[algo2a-g1-rpp-l0-modal]   accumulate_allreduce_grads_in_fp32 .............. True
[algo2a-g1-rpp-l0-modal] 
[algo2a-g1-rpp-l0-modal]   activation_func_clamp_shared_expert ............. True
[algo2a-g1-rpp-l0-modal] 
[algo2a-g1-rpp-l0-modal]   activation_func_clamp_value ..................... None
[algo2a-g1-rpp-l0-modal] 
[algo2a-g1-rpp-l0-modal]   activation_offload_fraction ..................... 1.0
[algo2a-g1-rpp-l0-modal] 
[algo2a-g1-rpp-l0-modal]   actor_num_gpus_per_node ......................... 1
[algo2a-g1-rpp-l0-modal] 
[algo2a-g1-rpp-l0-modal]   actor_num_nodes ................................. 1
[algo2a-g1-rpp-l0-modal] 
[algo2a-g1-rpp-l0-modal]   adam_beta1 ...................................... 0.9
[algo2a-g1-rpp-l0-modal] 
[algo2a-g1-rpp-l0-modal]   adam_beta2 ...................................... 0.999
[algo2a-g1-rpp-l0-modal] 
[algo2a-g1-rpp-l0-modal]   adam_eps ........................................ 1e-08
[algo2a-g1-rpp-l0-modal] 
[algo2a-g1-rpp-l0-modal]   add_bias_linear ................................. False
[algo2a-g1-rpp-l0-modal] 
[algo2a-g1-rpp-l0-modal]   add_position_embedding .......................... True
[algo2a-g1-rpp-l0-modal] 
[algo2a-g1-rpp-l0-modal]   add_qkv_bias .................................... False
[algo2a-g1-rpp-l0-modal] 
[algo2a-g1-rpp-l0-modal]   adlr_autoresume ................................. False
[algo2a-g1-rpp-l0-modal] 
[algo2a-g1-rpp-l0-modal]   adlr_autoresume_interval ........................ 1000
[algo2a-g1-rpp-l0-modal] 
[algo2a-g1-rpp-l0-modal]   advantage_estimator ............................. reinforce_plus_plus
[algo2a-g1-rpp-l0-modal] 
[algo2a-g1-rpp-l0-modal]   align_grad_reduce ............................... True
[algo2a-g1-rpp-l0-modal] 
[algo2a-g1-rpp-l0-modal]   align_param_gather .............................. False
[algo2a-g1-rpp-l0-modal] 
[algo2a-g1-rpp-l0-modal]   allgather_cp .................................... False
[algo2a-g1-rpp-l0-modal] 
[algo2a-g1-rpp-l0-modal]   allow_ambiguous_pad_tokens ...................... False
[algo2a-g1-rpp-l0-modal] 
[algo2a-g1-rpp-l0-modal]   allow_partial_train_step ........................ False
[algo2a-g1-rpp-l0-modal] 
[algo2a-g1-rpp-l0-modal]   api_server_host ................................. 127.0.0.1
[algo2a-g1-rpp-l0-modal] 
[algo2a-g1-rpp-l0-modal]   api_server_port ................................. 0
[algo2a-g1-rpp-l0-modal] 
[algo2a-g1-rpp-l0-modal]   app_tag_run_name ................................ None
[algo2a-g1-rpp-l0-modal] 
[algo2a-g1-rpp-l0-modal]   app_tag_run_version ............................. 0.0.0
[algo2a-g1-rpp-l0-modal] 
[algo2a-g1-rpp-l0-modal]   apply_chat_template ............................. True
[algo2a-g1-rpp-l0-modal] 
[algo2a-g1-rpp-l0-modal]   apply_chat_template_kwargs ...................... {'enable_thinking': False}
[algo2a-g1-rpp-l0-modal] 
[algo2a-g1-rpp-l0-modal]   apply_dsa_kernel_fusion ......................... None
[algo2a-g1-rpp-l0-modal] 
[algo2a-g1-rpp-l0-modal]   apply_query_key_layer_scaling ................... False
[algo2a-g1-rpp-l0-modal] 
[algo2a-g1-rpp-l0-modal]   apply_residual_connection_post_layernorm ........ False
[algo2a-g1-rpp-l0-modal] 
[algo2a-g1-rpp-l0-modal]   apply_rope_fusion ............................... True
[algo2a-g1-rpp-l0-modal] 
[algo2a-g1-rpp-l0-modal]   apply_wd_to_qk_layernorm ........................ False
[algo2a-g1-rpp-l0-modal] 
[algo2a-g1-rpp-l0-modal]   async_ckpt_cpu_priority ......................... 10
[algo2a-g1-rpp-l0-modal] 
[algo2a-g1-rpp-l0-modal]   async_ckpt_io_priority .......................... 3
[algo2a-g1-rpp-l0-modal] 
[algo2a-g1-rpp-l0-modal]   async_ckpt_use_cpu_shm .......................... False
[algo2a-g1-rpp-l0-modal] 
[algo2a-g1-rpp-l0-modal]   async_data_buffer_capacity_factor ............... 2.0
[algo2a-g1-rpp-l0-modal] 
[algo2a-g1-rpp-l0-modal]   async_max_concurrent_samples .................... None
[algo2a-g1-rpp-l0-modal] 
[algo2a-g1-rpp-l0-modal]   async_save ...................................... False
[algo2a-g1-rpp-l0-modal] 
[algo2a-g1-rpp-l0-modal]   async_strategy .................................. mcore
[algo2a-g1-rpp-l0-modal] 
[algo2a-g1-rpp-l0-modal]   async_unused_samples_handler .................... drop
[algo2a-g1-rpp-l0-modal] 
[algo2a-g1-rpp-l0-modal]   attention_backend ............................... AttnBackend.unfused
[algo2a-g1-rpp-l0-modal] 
[algo2a-g1-rpp-l0-modal]   attention_dropout ............................... 0.1
[algo2a-g1-rpp-l0-modal] 
[algo2a-g1-rpp-l0-modal]   attention_output_gate ........................... False
[algo2a-g1-rpp-l0-modal] 
[algo2a-g1-rpp-l0-modal]   attention_softmax_in_fp32 ....................... True
  auto_detect_ckpt_format ......................... False
[algo2a-g1-rpp-l0-modal] 
  balance_by_flops ................................ False
[algo2a-g1-rpp-l0-modal] 
[algo2a-g1-rpp-l0-modal]   balance_data .................................... True
[algo2a-g1-rpp-l0-modal] 
[algo2a-g1-rpp-l0-modal]   barrier_with_L1_time ............................ True
[algo2a-g1-rpp-l0-modal] 
[algo2a-g1-rpp-l0-modal]   batch_invariant_mode ............................ False
[algo2a-g1-rpp-l0-modal] 
[algo2a-g1-rpp-l0-modal]   bert_binary_head ................................ True
[algo2a-g1-rpp-l0-modal] 
[algo2a-g1-rpp-l0-modal]   bert_embedder_type .............................. megatron
[algo2a-g1-rpp-l0-modal] 
[algo2a-g1-rpp-l0-modal]   bert_load ....................................... None
[algo2a-g1-rpp-l0-modal] 
[algo2a-g1-rpp-l0-modal]   beta_fast ....................................... 32
[algo2a-g1-rpp-l0-modal] 
[algo2a-g1-rpp-l0-modal]   beta_slow ....................................... 1
[algo2a-g1-rpp-l0-modal] 
[algo2a-g1-rpp-l0-modal]   bf16 ............................................ True
[algo2a-g1-rpp-l0-modal] 
[algo2a-g1-rpp-l0-modal]   bias_dropout_fusion ............................. True
[algo2a-g1-rpp-l0-modal] 
[algo2a-g1-rpp-l0-modal]   bias_gelu_fusion ................................ False
[algo2a-g1-rpp-l0-modal] 
[algo2a-g1-rpp-l0-modal]   bias_swiglu_fusion .............................. True
[algo2a-g1-rpp-l0-modal] 
[algo2a-g1-rpp-l0-modal]   biencoder_projection_dim ........................ 0
[algo2a-g1-rpp-l0-modal] 
[algo2a-g1-rpp-l0-modal]   biencoder_shared_query_context_model ............ False
[algo2a-g1-rpp-l0-modal] 
[algo2a-g1-rpp-l0-modal]   block_data_path ................................. None
[algo2a-g1-rpp-l0-modal] 
[algo2a-g1-rpp-l0-modal]   buffer_filter_path .............................. yeto.rl.engine.miles_adapter.rollout_meta_hook.policy_buffer_filter
  cache_mla_latents ............................... False
[algo2a-g1-rpp-l0-modal] 
[algo2a-g1-rpp-l0-modal]   calc_ft_timeouts ................................ False
[algo2a-g1-rpp-l0-modal] 
[algo2a-g1-rpp-l0-modal]   calculate_per_token_loss ........................ False
[algo2a-g1-rpp-l0-modal] 
[algo2a-g1-rpp-l0-modal]   chat_template ................................... None
[algo2a-g1-rpp-l0-modal] 
[algo2a-g1-rpp-l0-modal]   chat_template_path .............................. None
[algo2a-g1-rpp-l0-modal] 
[algo2a-g1-rpp-l0-modal]   check_for_large_grads ........................... False
[algo2a-g1-rpp-l0-modal] 
[algo2a-g1-rpp-l0-modal]   check_for_nan_in_loss_and_grad .................. True
[algo2a-g1-rpp-l0-modal] 
[algo2a-g1-rpp-l0-modal]   check_for_spiky_loss ............................ False
[algo2a-g1-rpp-l0-modal] 
[algo2a-g1-rpp-l0-modal]   check_lora_weight_equal ......................... False
[algo2a-g1-rpp-l0-modal] 
[algo2a-g1-rpp-l0-modal]   check_rematerialize_param_from_master_weight .... False
[algo2a-g1-rpp-l0-modal] 
[algo2a-g1-rpp-l0-modal]   check_weight_hash_across_dp_replicas_interval ... None
[algo2a-g1-rpp-l0-modal] 
[algo2a-g1-rpp-l0-modal]   check_weight_update_allow_quant_error ........... False
[algo2a-g1-rpp-l0-modal] 
[algo2a-g1-rpp-l0-modal]   check_weight_update_equal ....................... False
[algo2a-g1-rpp-l0-modal] 
[algo2a-g1-rpp-l0-modal]   check_weight_update_selector .................... all
[algo2a-g1-rpp-l0-modal] 
[algo2a-g1-rpp-l0-modal]   check_weight_update_skip_list ................... None
[algo2a-g1-rpp-l0-modal] 
[algo2a-g1-rpp-l0-modal]   chunked_optimizer_state_offload ................. False
[algo2a-g1-rpp-l0-modal] 
[algo2a-g1-rpp-l0-modal]   ci_check_model_hash ............................. False
[algo2a-g1-rpp-l0-modal] 
[algo2a-g1-rpp-l0-modal]   ci_disable_kl_checker ........................... False
[algo2a-g1-rpp-l0-modal] 
[algo2a-g1-rpp-l0-modal]   ci_disable_logprobs_checker ..................... False
[algo2a-g1-rpp-l0-modal] 
[algo2a-g1-rpp-l0-modal]   ci_disable_weight_update_checker ................ False
[algo2a-g1-rpp-l0-modal] 
[algo2a-g1-rpp-l0-modal]   ci_enable_metrics_capture ....................... False
[algo2a-g1-rpp-l0-modal] 
[algo2a-g1-rpp-l0-modal]   ci_ft_test_actions .............................. None
[algo2a-g1-rpp-l0-modal] 
[algo2a-g1-rpp-l0-modal]   ci_ft_test_actions_path ......................... None
[algo2a-g1-rpp-l0-modal] 
[algo2a-g1-rpp-l0-modal]   ci_inject_rollout_data_min_match_ratio .......... 0.9
[algo2a-g1-rpp-l0-modal] 
[algo2a-g1-rpp-l0-modal]   ci_inject_rollout_data_path ..................... None
[algo2a-g1-rpp-l0-modal] 
[algo2a-g1-rpp-l0-modal]   ci_inject_rollout_data_start_rollout_id ......... None
[algo2a-g1-rpp-l0-modal] 
[algo2a-g1-rpp-l0-modal]   ci_load_grad_norm ............................... None
[algo2a-g1-rpp-l0-modal] 
[algo2a-g1-rpp-l0-modal]   ci_metric_checker_expect_num .................... None
[algo2a-g1-rpp-l0-modal] 
[algo2a-g1-rpp-l0-modal]   ci_metric_checker_key ........................... None
[algo2a-g1-rpp-l0-modal] 
[algo2a-g1-rpp-l0-modal]   ci_metric_checker_threshold ..................... None
[algo2a-g1-rpp-l0-modal] 
[algo2a-g1-rpp-l0-modal]   ci_save_grad_norm ............................... None
[algo2a-g1-rpp-l0-modal] 
[algo2a-g1-rpp-l0-modal]   ci_save_model_hash .............................. False
[algo2a-g1-rpp-l0-modal] 
[algo2a-g1-rpp-l0-modal]   ci_test ......................................... False
[algo2a-g1-rpp-l0-modal] 
[algo2a-g1-rpp-l0-modal]   ci_tito_special_token_count_threshold ........... 0.0
[algo2a-g1-rpp-l0-modal] 
[algo2a-g1-rpp-l0-modal]   ckpt_assume_constant_structure .................. False
[algo2a-g1-rpp-l0-modal] 
[algo2a-g1-rpp-l0-modal]   ckpt_convert_format ............................. None
[algo2a-g1-rpp-l0-modal] 
[algo2a-g1-rpp-l0-modal]   ckpt_convert_save ............................... None
[algo2a-g1-rpp-l0-modal] 
[algo2a-g1-rpp-l0-modal]   ckpt_convert_update_legacy_dist_opt_format ...... False
[algo2a-g1-rpp-l0-modal] 
[algo2a-g1-rpp-l0-modal]   ckpt_format ..................................... torch_dist
[algo2a-g1-rpp-l0-modal] 
[algo2a-g1-rpp-l0-modal]   ckpt_fully_parallel_load ........................ False
[algo2a-g1-rpp-l0-modal] 
[algo2a-g1-rpp-l0-modal]   ckpt_fully_parallel_load_exchange_algo .......... broadcast
[algo2a-g1-rpp-l0-modal]   ckpt_fully_parallel_load_process_group .......... dp
[algo2a-g1-rpp-l0-modal] 
[algo2a-g1-rpp-l0-modal]   ckpt_fully_parallel_save ........................ True
[algo2a-g1-rpp-l0-modal] 
[algo2a-g1-rpp-l0-modal]   ckpt_fully_parallel_save_deprecated ............. False
[algo2a-g1-rpp-l0-modal] 
[algo2a-g1-rpp-l0-modal]   ckpt_fully_parallel_save_process_group .......... dp
[algo2a-g1-rpp-l0-modal] 
[algo2a-g1-rpp-l0-modal]   ckpt_load_validate_sharding_integrity ........... True
[algo2a-g1-rpp-l0-modal] 
[algo2a-g1-rpp-l0-modal]   ckpt_step ....................................... None
[algo2a-g1-rpp-l0-modal] 
[algo2a-g1-rpp-l0-modal]   classes_fraction ................................ 1.0
[algo2a-g1-rpp-l0-modal] 
[algo2a-g1-rpp-l0-modal]   clear_quantized_weight_workspaces_on_offload .... True
[algo2a-g1-rpp-l0-modal] 
[algo2a-g1-rpp-l0-modal]   clip_grad ....................................... 1.0
[algo2a-g1-rpp-l0-modal] 
[algo2a-g1-rpp-l0-modal]   clone_scatter_output_in_embedding ............... True
[algo2a-g1-rpp-l0-modal] 
[algo2a-g1-rpp-l0-modal]   cluster_backend ................................. ray
[algo2a-g1-rpp-l0-modal] 
[algo2a-g1-rpp-l0-modal]   colocate ........................................ True
[algo2a-g1-rpp-l0-modal] 
[algo2a-g1-rpp-l0-modal]   colocate_memory_peak_device ..................... cpu
[algo2a-g1-rpp-l0-modal] 
[algo2a-g1-rpp-l0-modal]   compress_ratios ................................. None
[algo2a-g1-rpp-l0-modal] 
[algo2a-g1-rpp-l0-modal]   compute_advantages_and_returns .................. True
[algo2a-g1-rpp-l0-modal] 
[algo2a-g1-rpp-l0-modal]   config_logger_dir ...............................
[algo2a-g1-rpp-l0-modal] 
[algo2a-g1-rpp-l0-modal]   consumed_train_samples .......................... 0
[algo2a-g1-rpp-l0-modal] 
[algo2a-g1-rpp-l0-modal]   consumed_valid_samples .......................... 0
[algo2a-g1-rpp-l0-modal] 
[algo2a-g1-rpp-l0-modal]   context_parallel_size ........................... 1
[algo2a-g1-rpp-l0-modal] 
[algo2a-g1-rpp-l0-modal]   cp_comm_type .................................... ['p2p']
[algo2a-g1-rpp-l0-modal] 
[algo2a-g1-rpp-l0-modal]   cp_partition_mode ............................... zigzag
[algo2a-g1-rpp-l0-modal] 
[algo2a-g1-rpp-l0-modal]   cpu_offloading_num_layers ....................... 0
[algo2a-g1-rpp-l0-modal] 
[algo2a-g1-rpp-l0-modal]   cpu_offloading_retain_pinned_cpu_buffers ........ False
[algo2a-g1-rpp-l0-modal] 
[algo2a-g1-rpp-l0-modal]   create_all_gather_group ......................... False
[algo2a-g1-rpp-l0-modal] 
[algo2a-g1-rpp-l0-modal]   create_attention_mask_in_dataloader ............. True
[algo2a-g1-rpp-l0-modal] 
[algo2a-g1-rpp-l0-modal]   critic_load ..................................... /root/.cache/huggingface/hub/models--Qwen--Qwen3-0.6B/snapshots/c1899de289a04d12100db370d81485cdf75e47ca
[algo2a-g1-rpp-l0-modal] 
[algo2a-g1-rpp-l0-modal]   critic_lr ....................................... 1e-05
[algo2a-g1-rpp-l0-modal] 
[algo2a-g1-rpp-l0-modal]   critic_lr_warmup_iters .......................... 0
[algo2a-g1-rpp-l0-modal] 
[algo2a-g1-rpp-l0-modal]   critic_num_gpus_per_node ........................ None
[algo2a-g1-rpp-l0-modal] 
[algo2a-g1-rpp-l0-modal]   critic_num_nodes ................................ None
[algo2a-g1-rpp-l0-modal] 
[algo2a-g1-rpp-l0-modal]   critic_save ..................................... None
[algo2a-g1-rpp-l0-modal] 
[algo2a-g1-rpp-l0-modal]   cross_entropy_fusion_impl ....................... native
[algo2a-g1-rpp-l0-modal] 
[algo2a-g1-rpp-l0-modal]   cross_entropy_loss_fusion ....................... False
[algo2a-g1-rpp-l0-modal] 
[algo2a-g1-rpp-l0-modal]   csa_compress_ratios ............................. None
[algo2a-g1-rpp-l0-modal] 
[algo2a-g1-rpp-l0-modal]   csa_compress_rotary_base ........................ 40000.0
[algo2a-g1-rpp-l0-modal] 
[algo2a-g1-rpp-l0-modal]   csa_dense_mode .................................. False
[algo2a-g1-rpp-l0-modal] 
[algo2a-g1-rpp-l0-modal]   csa_window_size ................................. 128
[algo2a-g1-rpp-l0-modal] 
[algo2a-g1-rpp-l0-modal]   cuda_graph_dynamic_microbatches ................. False
[algo2a-g1-rpp-l0-modal] 
[algo2a-g1-rpp-l0-modal]   cuda_graph_impl ................................. none
[algo2a-g1-rpp-l0-modal] 
[algo2a-g1-rpp-l0-modal]   cuda_graph_modules .............................. []
[algo2a-g1-rpp-l0-modal] 
[algo2a-g1-rpp-l0-modal]   cuda_graph_warmup_steps ......................... 3
[algo2a-g1-rpp-l0-modal] 
[algo2a-g1-rpp-l0-modal]   custom_async_data_buffer_path ................... None
[algo2a-g1-rpp-l0-modal] 
[algo2a-g1-rpp-l0-modal]   custom_config_path .............................. None
[algo2a-g1-rpp-l0-modal] 
[algo2a-g1-rpp-l0-modal]   custom_convert_samples_to_train_data_path ....... None
[algo2a-g1-rpp-l0-modal] 
[algo2a-g1-rpp-l0-modal]   custom_eval_rollout_log_function_path ........... None
[algo2a-g1-rpp-l0-modal] 
  custom_generate_function_path ................... None
[algo2a-g1-rpp-l0-modal] 
[algo2a-g1-rpp-l0-modal]   custom_inference_engine_provider_path ........... miles.ray.specs.inference.backend_inference_engine_provider
[algo2a-g1-rpp-l0-modal] 
[algo2a-g1-rpp-l0-modal]   custom_loss_function_path ....................... None
[algo2a-g1-rpp-l0-modal] 
[algo2a-g1-rpp-l0-modal]   custom_megatron_before_log_prob_hook_path ....... None
[algo2a-g1-rpp-l0-modal] 
[algo2a-g1-rpp-l0-modal]   custom_megatron_before_train_step_hook_path ..... None
[algo2a-g1-rpp-l0-modal] 
[algo2a-g1-rpp-l0-modal]   custom_megatron_init_path ....................... None
[algo2a-g1-rpp-l0-modal] 
[algo2a-g1-rpp-l0-modal]   custom_megatron_post_save_hook_path ............. None
[algo2a-g1-rpp-l0-modal] 
[algo2a-g1-rpp-l0-modal]   custom_model_provider_path ...................... None
[algo2a-g1-rpp-l0-modal] 
[algo2a-g1-rpp-l0-modal]   custom_pg_loss_reducer_function_path ............ None
[algo2a-g1-rpp-l0-modal] 
[algo2a-g1-rpp-l0-modal]   custom_reward_post_process_path ................. None
[algo2a-g1-rpp-l0-modal] 
[algo2a-g1-rpp-l0-modal]   custom_rm_path .................................. yeto.rl.algos.gdpo_reward.correctness_reward
[algo2a-g1-rpp-l0-modal] 
[algo2a-g1-rpp-l0-modal]   custom_rollout_log_function_path ................ None
[algo2a-g1-rpp-l0-modal] 
[algo2a-g1-rpp-l0-modal]   custom_tis_function_path ........................ None
[algo2a-g1-rpp-l0-modal] 
[algo2a-g1-rpp-l0-modal]   custom_update_weight_post_write_path ............ None
[algo2a-g1-rpp-l0-modal] 
[algo2a-g1-rpp-l0-modal]   dashboard_flush_interval ........................ 5.0
[algo2a-g1-rpp-l0-modal] 
[algo2a-g1-rpp-l0-modal]   dashboard_forward_prometheus .................... False
[algo2a-g1-rpp-l0-modal] 
[algo2a-g1-rpp-l0-modal]   dashboard_gpu_sample_interval ................... 1.0
[algo2a-g1-rpp-l0-modal] 
[algo2a-g1-rpp-l0-modal]   dashboard_sglang_metrics ........................ None
[algo2a-g1-rpp-l0-modal] 
[algo2a-g1-rpp-l0-modal]   dashboard_sglang_scrape_interval ................ 2.0
[algo2a-g1-rpp-l0-modal] 
[algo2a-g1-rpp-l0-modal]   dashboard_sglang_scrape_mode .................... auto
[algo2a-g1-rpp-l0-modal] 
[algo2a-g1-rpp-l0-modal]   data_args_path .................................. None
[algo2a-g1-rpp-l0-modal] 
[algo2a-g1-rpp-l0-modal]   data_cache_path ................................. None
[algo2a-g1-rpp-l0-modal] 
[algo2a-g1-rpp-l0-modal]   data_pad_size_multiplier ........................ 128
[algo2a-g1-rpp-l0-modal] 
[algo2a-g1-rpp-l0-modal]   data_parallel_random_init ....................... False
[algo2a-g1-rpp-l0-modal] 
[algo2a-g1-rpp-l0-modal]   data_parallel_sharding_strategy ................. optim_grads_params
[algo2a-g1-rpp-l0-modal] 
[algo2a-g1-rpp-l0-modal]   data_parallel_size .............................. 1
[algo2a-g1-rpp-l0-modal] 
[algo2a-g1-rpp-l0-modal]   data_path ....................................... None
[algo2a-g1-rpp-l0-modal] 
[algo2a-g1-rpp-l0-modal]   data_per_class_fraction ......................... 1.0
[algo2a-g1-rpp-l0-modal] 
[algo2a-g1-rpp-l0-modal]   data_sharding ................................... True
[algo2a-g1-rpp-l0-modal] 
[algo2a-g1-rpp-l0-modal]   data_source_path ................................ miles.rollout.data_source.RolloutDataSourceWithBuffer
[algo2a-g1-rpp-l0-modal] 
[algo2a-g1-rpp-l0-modal]   dataloader_defer_npy_index_mmap ................. False
[algo2a-g1-rpp-l0-modal] 
[algo2a-g1-rpp-l0-modal]   dataloader_fast_cache_load ...................... False
[algo2a-g1-rpp-l0-modal] 
[algo2a-g1-rpp-l0-modal]   dataloader_inter_document_masking ............... False
[algo2a-g1-rpp-l0-modal] 
[algo2a-g1-rpp-l0-modal]   dataloader_type ................................. single
[algo2a-g1-rpp-l0-modal] 
[algo2a-g1-rpp-l0-modal]   ddp_average_in_collective ....................... False
[algo2a-g1-rpp-l0-modal] 
[algo2a-g1-rpp-l0-modal]   ddp_bucket_size ................................. None
[algo2a-g1-rpp-l0-modal] 
[algo2a-g1-rpp-l0-modal]   ddp_num_buckets ................................. None
[algo2a-g1-rpp-l0-modal] 
[algo2a-g1-rpp-l0-modal]   ddp_pad_buckets_for_high_nccl_busbw ............. False
[algo2a-g1-rpp-l0-modal] 
[algo2a-g1-rpp-l0-modal]   ddp_param_name_patterns_for_fp32_local_accumulation  []
[algo2a-g1-rpp-l0-modal] 
[algo2a-g1-rpp-l0-modal]   ddp_reduce_scatter_with_fp32_accumulation ....... False
[algo2a-g1-rpp-l0-modal] 
[algo2a-g1-rpp-l0-modal]   debug_deterministic_collective .................. False
[algo2a-g1-rpp-l0-modal] 
[algo2a-g1-rpp-l0-modal]   debug_disable_optimizer ......................... False
[algo2a-g1-rpp-l0-modal] 
[algo2a-g1-rpp-l0-modal]   debug_exit_after_rollout ........................ None
[algo2a-g1-rpp-l0-modal] 
[algo2a-g1-rpp-l0-modal]   debug_rollout_only .............................. False
[algo2a-g1-rpp-l0-modal] 
[algo2a-g1-rpp-l0-modal]   debug_skip_weight_update ........................ False
[algo2a-g1-rpp-l0-modal] 
[algo2a-g1-rpp-l0-modal]   debug_train_only ................................ False
[algo2a-g1-rpp-l0-modal] 
[algo2a-g1-rpp-l0-modal]   debug_unified_grad_fused_logprob ................ False
[algo2a-g1-rpp-l0-modal] 
[algo2a-g1-rpp-l0-modal]   decode_only_cuda_graphs ......................... False
[algo2a-g1-rpp-l0-modal] 
[algo2a-g1-rpp-l0-modal]   decoder_first_pipeline_num_layers ............... None
[algo2a-g1-rpp-l0-modal] 
[algo2a-g1-rpp-l0-modal]   decoder_last_pipeline_num_layers ................ None
[algo2a-g1-rpp-l0-modal] 
[algo2a-g1-rpp-l0-modal]   decoder_num_layers .............................. None
[algo2a-g1-rpp-l0-modal] 
[algo2a-g1-rpp-l0-modal]   decoder_seq_length .............................. None
[algo2a-g1-rpp-l0-modal] 
[algo2a-g1-rpp-l0-modal]   decoupled_lr .................................... None
[algo2a-g1-rpp-l0-modal] 
[algo2a-g1-rpp-l0-modal]   decoupled_min_lr ................................ None
[algo2a-g1-rpp-l0-modal] 
[algo2a-g1-rpp-l0-modal]   decrease_batch_size_if_needed ................... False
[algo2a-g1-rpp-l0-modal] 
[algo2a-g1-rpp-l0-modal]   defer_embedding_wgrad_compute ................... False
[algo2a-g1-rpp-l0-modal] 
[algo2a-g1-rpp-l0-modal]   delay_offload_until_cuda_graph .................. False
[algo2a-g1-rpp-l0-modal] 
[algo2a-g1-rpp-l0-modal]   delay_split_train_data_by_dp .................... False
[algo2a-g1-rpp-l0-modal] 
[algo2a-g1-rpp-l0-modal]   delay_wgrad_compute ............................. False
[algo2a-g1-rpp-l0-modal] 
[algo2a-g1-rpp-l0-modal]   delta_offload_bytes_across_pp_ranks ............. 0
[algo2a-g1-rpp-l0-modal] 
[algo2a-g1-rpp-l0-modal]   dense_grouped_gemm .............................. False
[algo2a-g1-rpp-l0-modal] 
[algo2a-g1-rpp-l0-modal]   deploy_component ................................ all
[algo2a-g1-rpp-l0-modal] 
[algo2a-g1-rpp-l0-modal]   deploy_instance_id .............................. None
[algo2a-g1-rpp-l0-modal] 
[algo2a-g1-rpp-l0-modal]   deprecated_use_mcore_models ..................... False
[algo2a-g1-rpp-l0-modal] 
[algo2a-g1-rpp-l0-modal]   deterministic_mode .............................. False
[algo2a-g1-rpp-l0-modal] 
[algo2a-g1-rpp-l0-modal]   dino_bottleneck_size ............................ 256
[algo2a-g1-rpp-l0-modal] 
[algo2a-g1-rpp-l0-modal]   dino_freeze_last_layer .......................... 1
[algo2a-g1-rpp-l0-modal] 
[algo2a-g1-rpp-l0-modal]   dino_head_hidden_size ........................... 2048
[algo2a-g1-rpp-l0-modal] 
[algo2a-g1-rpp-l0-modal]   dino_local_crops_number ......................... 10
[algo2a-g1-rpp-l0-modal] 
[algo2a-g1-rpp-l0-modal]   dino_local_img_size ............................. 96
[algo2a-g1-rpp-l0-modal] 
[algo2a-g1-rpp-l0-modal]   dino_norm_last_layer ............................ False
[algo2a-g1-rpp-l0-modal] 
[algo2a-g1-rpp-l0-modal]   dino_teacher_temp ............................... 0.07
[algo2a-g1-rpp-l0-modal]   dino_warmup_teacher_temp ........................ 0.04
[algo2a-g1-rpp-l0-modal] 
  dino_warmup_teacher_temp_epochs ................. 30
[algo2a-g1-rpp-l0-modal] 
[algo2a-g1-rpp-l0-modal]   disable_bf16_reduced_precision_matmul ........... False
[algo2a-g1-rpp-l0-modal] 
[algo2a-g1-rpp-l0-modal]   disable_grad_buffers_cpu_backup ................. True
[algo2a-g1-rpp-l0-modal] 
[algo2a-g1-rpp-l0-modal]   disable_jit_fuser ............................... False
[algo2a-g1-rpp-l0-modal] 
[algo2a-g1-rpp-l0-modal]   disable_msc_deprecated .......................... False
[algo2a-g1-rpp-l0-modal] 
[algo2a-g1-rpp-l0-modal]   disable_param_buffers_cpu_backup ................ True
[algo2a-g1-rpp-l0-modal] 
[algo2a-g1-rpp-l0-modal]   disable_rollout_trim_samples .................... False
[algo2a-g1-rpp-l0-modal] 
[algo2a-g1-rpp-l0-modal]   disable_straggler_on_startup .................... False
[algo2a-g1-rpp-l0-modal] 
[algo2a-g1-rpp-l0-modal]   disable_symmetric_registration .................. False
[algo2a-g1-rpp-l0-modal] 
[algo2a-g1-rpp-l0-modal]   dist_ckpt_format_deprecated ..................... None
[algo2a-g1-rpp-l0-modal] 
[algo2a-g1-rpp-l0-modal]   dist_ckpt_optim_fully_reshardable ............... False
[algo2a-g1-rpp-l0-modal] 
[algo2a-g1-rpp-l0-modal]   dist_ckpt_save_pre_mcore_014 .................... False
[algo2a-g1-rpp-l0-modal] 
[algo2a-g1-rpp-l0-modal]   dist_ckpt_strictness ............................ assume_ok_unexpected
[algo2a-g1-rpp-l0-modal] 
[algo2a-g1-rpp-l0-modal]   dist_ckpt_workers ............................... 1
[algo2a-g1-rpp-l0-modal] 
[algo2a-g1-rpp-l0-modal]   distrib_optim_fully_reshardable_mem_efficient ... False
[algo2a-g1-rpp-l0-modal] 
[algo2a-g1-rpp-l0-modal]   distribute_saved_activations .................... False
[algo2a-g1-rpp-l0-modal] 
[algo2a-g1-rpp-l0-modal]   distributed_backend ............................. nccl
[algo2a-g1-rpp-l0-modal] 
[algo2a-g1-rpp-l0-modal]   distributed_timeout_minutes ..................... 10
[algo2a-g1-rpp-l0-modal] 
[algo2a-g1-rpp-l0-modal]   distributed_timeout_seconds_after_init .......... None
[algo2a-g1-rpp-l0-modal] 
[algo2a-g1-rpp-l0-modal]   dsa_attention_backend ........................... tilelang
[algo2a-g1-rpp-l0-modal] 
[algo2a-g1-rpp-l0-modal]   dsa_cp_balance_indexer .......................... False
[algo2a-g1-rpp-l0-modal] 
[algo2a-g1-rpp-l0-modal]   dsa_indexer_head_dim ............................ None
[algo2a-g1-rpp-l0-modal] 
[algo2a-g1-rpp-l0-modal]   dsa_indexer_k_norm_epsilon ...................... None
[algo2a-g1-rpp-l0-modal] 
[algo2a-g1-rpp-l0-modal]   dsa_indexer_k_norm_fp32 ......................... False
[algo2a-g1-rpp-l0-modal] 
[algo2a-g1-rpp-l0-modal]   dsa_indexer_loss_coeff .......................... None
[algo2a-g1-rpp-l0-modal] 
[algo2a-g1-rpp-l0-modal]   dsa_indexer_n_heads ............................. None
[algo2a-g1-rpp-l0-modal] 
[algo2a-g1-rpp-l0-modal]   dsa_indexer_precision ........................... bf16
[algo2a-g1-rpp-l0-modal] 
[algo2a-g1-rpp-l0-modal]   dsa_indexer_rope_interleaved .................... False
[algo2a-g1-rpp-l0-modal] 
[algo2a-g1-rpp-l0-modal]   dsa_indexer_rotate_activation ................... True
[algo2a-g1-rpp-l0-modal] 
[algo2a-g1-rpp-l0-modal]   dsa_indexer_scoring_relu ........................ True
[algo2a-g1-rpp-l0-modal] 
[algo2a-g1-rpp-l0-modal]   dsa_indexer_skip_topk_offset .................... 0
[algo2a-g1-rpp-l0-modal] 
[algo2a-g1-rpp-l0-modal]   dsa_indexer_topk ................................ None
[algo2a-g1-rpp-l0-modal] 
[algo2a-g1-rpp-l0-modal]   dsa_indexer_topk_freq ........................... 1
[algo2a-g1-rpp-l0-modal] 
[algo2a-g1-rpp-l0-modal]   dsa_indexer_use_sparse_loss ..................... False
[algo2a-g1-rpp-l0-modal] 
[algo2a-g1-rpp-l0-modal]   dsa_indexer_weights_proj_output_dtype ........... bf16
[algo2a-g1-rpp-l0-modal] 
[algo2a-g1-rpp-l0-modal]   dsa_indexer_weights_proj_use_quantization ....... True
[algo2a-g1-rpp-l0-modal] 
[algo2a-g1-rpp-l0-modal]   dsa_kernel_backend .............................. None
[algo2a-g1-rpp-l0-modal] 
[algo2a-g1-rpp-l0-modal]   dsv4_impl ....................................... megatron
[algo2a-g1-rpp-l0-modal] 
[algo2a-g1-rpp-l0-modal]   dump_details .................................... None
[algo2a-g1-rpp-l0-modal] 
[algo2a-g1-rpp-l0-modal]   dump_param_to_param_group_map ................... None
[algo2a-g1-rpp-l0-modal] 
[algo2a-g1-rpp-l0-modal]   dumper_dir ...................................... /tmp/dumper
[algo2a-g1-rpp-l0-modal] 
[algo2a-g1-rpp-l0-modal]   dumper_enable ................................... False
[algo2a-g1-rpp-l0-modal] 
[algo2a-g1-rpp-l0-modal]   dumper_fwd_bwd .................................. None
[algo2a-g1-rpp-l0-modal] 
  dumper_fwd_only ................................. None
[algo2a-g1-rpp-l0-modal] 
[algo2a-g1-rpp-l0-modal]   dumper_inference ................................ None
[algo2a-g1-rpp-l0-modal] 
[algo2a-g1-rpp-l0-modal]   dumper_source_patcher_config_inference .......... None
[algo2a-g1-rpp-l0-modal] 
[algo2a-g1-rpp-l0-modal]   dumper_source_patcher_config_train .............. None
[algo2a-g1-rpp-l0-modal] 
[algo2a-g1-rpp-l0-modal]   dynamic_context_parallel ........................ False
[algo2a-g1-rpp-l0-modal] 
[algo2a-g1-rpp-l0-modal]   dynamic_sampling_filter_path .................... None
[algo2a-g1-rpp-l0-modal] 
[algo2a-g1-rpp-l0-modal]   embedding_init_method_std ....................... None
[algo2a-g1-rpp-l0-modal] 
[algo2a-g1-rpp-l0-modal]   embedding_path .................................. None
[algo2a-g1-rpp-l0-modal] 
[algo2a-g1-rpp-l0-modal]   empty_unused_memory_level ....................... 0
[algo2a-g1-rpp-l0-modal] 
[algo2a-g1-rpp-l0-modal]   enable_chunked_prefill .......................... False
[algo2a-g1-rpp-l0-modal] 
[algo2a-g1-rpp-l0-modal]   enable_cuda_graph ............................... False
[algo2a-g1-rpp-l0-modal] 
[algo2a-g1-rpp-l0-modal]   enable_event_analyzer ........................... False
[algo2a-g1-rpp-l0-modal] 
[algo2a-g1-rpp-l0-modal]   enable_experimental ............................. False
[algo2a-g1-rpp-l0-modal] 
[algo2a-g1-rpp-l0-modal]   enable_ft_package ............................... False
[algo2a-g1-rpp-l0-modal] 
[algo2a-g1-rpp-l0-modal]   enable_full_sharding_in_hsdp .................... False
[algo2a-g1-rpp-l0-modal] 
[algo2a-g1-rpp-l0-modal]   enable_hyper_connections ........................ False
[algo2a-g1-rpp-l0-modal] 
[algo2a-g1-rpp-l0-modal]   enable_msc ...................................... False
[algo2a-g1-rpp-l0-modal] 
[algo2a-g1-rpp-l0-modal]   enable_mtp_training ............................. False
[algo2a-g1-rpp-l0-modal] 
[algo2a-g1-rpp-l0-modal]   enable_one_logger ............................... True
[algo2a-g1-rpp-l0-modal] 
  enable_witness .................................. False
[algo2a-g1-rpp-l0-modal] 
[algo2a-g1-rpp-l0-modal]   encoder_num_layers .............................. 28
[algo2a-g1-rpp-l0-modal] 
[algo2a-g1-rpp-l0-modal]   encoder_seq_length .............................. 1024
[algo2a-g1-rpp-l0-modal] 
[algo2a-g1-rpp-l0-modal]   end_weight_decay ................................ 0.01
[algo2a-g1-rpp-l0-modal] 
  entropy_coef .................................... 0.0
[algo2a-g1-rpp-l0-modal] 
[algo2a-g1-rpp-l0-modal]   entry ........................................... train
[algo2a-g1-rpp-l0-modal] 
[algo2a-g1-rpp-l0-modal]   env_report ......................................
[algo2a-g1-rpp-l0-modal] 
[algo2a-g1-rpp-l0-modal]   env_report_interval_seconds ..................... 3600.0
[algo2a-g1-rpp-l0-modal] 
[algo2a-g1-rpp-l0-modal]   eod_mask_loss ................................... False
[algo2a-g1-rpp-l0-modal] 
[algo2a-g1-rpp-l0-modal]   ep_overlap_early_attn_memory_release ............ False
[algo2a-g1-rpp-l0-modal] 
  eps_clip ........................................ 0.2
[algo2a-g1-rpp-l0-modal] 
[algo2a-g1-rpp-l0-modal]   eps_clip_c ...................................... None
[algo2a-g1-rpp-l0-modal] 
[algo2a-g1-rpp-l0-modal]   eps_clip_high ................................... 0.2
[algo2a-g1-rpp-l0-modal] 
[algo2a-g1-rpp-l0-modal]   error_injection_rate ............................ 0
[algo2a-g1-rpp-l0-modal] 
[algo2a-g1-rpp-l0-modal]   error_injection_type ............................ transient_error
[algo2a-g1-rpp-l0-modal] 
[algo2a-g1-rpp-l0-modal]   eval_config ..................................... None
[algo2a-g1-rpp-l0-modal] 
[algo2a-g1-rpp-l0-modal]   eval_datasets ................................... []
[algo2a-g1-rpp-l0-modal] 
[algo2a-g1-rpp-l0-modal]   eval_function_path .............................. miles.rollout.inference_rollout.inference_rollout_common.InferenceRolloutFn
[algo2a-g1-rpp-l0-modal] 
[algo2a-g1-rpp-l0-modal]   eval_global_batch_size .......................... 32
[algo2a-g1-rpp-l0-modal] 
[algo2a-g1-rpp-l0-modal]   eval_hf_dir ..................................... None
[algo2a-g1-rpp-l0-modal] 
[algo2a-g1-rpp-l0-modal]   eval_input_key .................................. None
[algo2a-g1-rpp-l0-modal] 
[algo2a-g1-rpp-l0-modal]   eval_interval ................................... None
[algo2a-g1-rpp-l0-modal] 
[algo2a-g1-rpp-l0-modal]   eval_iters ...................................... 100
[algo2a-g1-rpp-l0-modal] 
[algo2a-g1-rpp-l0-modal]   eval_keep_snapshots ............................. 2
[algo2a-g1-rpp-l0-modal] 
[algo2a-g1-rpp-l0-modal]   eval_label_key .................................. None
[algo2a-g1-rpp-l0-modal] 
[algo2a-g1-rpp-l0-modal]   eval_max_context_len ............................ 1024
[algo2a-g1-rpp-l0-modal] 
[algo2a-g1-rpp-l0-modal]   eval_max_in_flight .............................. 2
[algo2a-g1-rpp-l0-modal] 
[algo2a-g1-rpp-l0-modal]   eval_max_prompt_len ............................. None
[algo2a-g1-rpp-l0-modal] 
[algo2a-g1-rpp-l0-modal]   eval_max_response_len ........................... None
[algo2a-g1-rpp-l0-modal] 
[algo2a-g1-rpp-l0-modal]   eval_micro_batch_size ........................... 1
[algo2a-g1-rpp-l0-modal] 
[algo2a-g1-rpp-l0-modal]   eval_min_new_tokens ............................. None
[algo2a-g1-rpp-l0-modal] 
[algo2a-g1-rpp-l0-modal]   eval_num_gpus ................................... 0
[algo2a-g1-rpp-l0-modal] 
[algo2a-g1-rpp-l0-modal]   eval_num_gpus_per_engine ........................ 1
[algo2a-g1-rpp-l0-modal] 
[algo2a-g1-rpp-l0-modal]   eval_overflow_policy ............................ backpressure
[algo2a-g1-rpp-l0-modal] 
[algo2a-g1-rpp-l0-modal]   eval_prompt_data ................................ None
[algo2a-g1-rpp-l0-modal] 
[algo2a-g1-rpp-l0-modal]   eval_reward_key ................................. None
[algo2a-g1-rpp-l0-modal] 
[algo2a-g1-rpp-l0-modal]   eval_temperature ................................ None
[algo2a-g1-rpp-l0-modal] 
[algo2a-g1-rpp-l0-modal]   eval_tool_key ................................... None
[algo2a-g1-rpp-l0-modal] 
[algo2a-g1-rpp-l0-modal]   eval_top_k ...................................... None
[algo2a-g1-rpp-l0-modal] 
[algo2a-g1-rpp-l0-modal]   eval_top_p ...................................... None
[algo2a-g1-rpp-l0-modal] 
[algo2a-g1-rpp-l0-modal]   eval_uses_snapshots ............................. False
[algo2a-g1-rpp-l0-modal] 
[algo2a-g1-rpp-l0-modal]   evidence_data_path .............................. None
[algo2a-g1-rpp-l0-modal] 
[algo2a-g1-rpp-l0-modal]   exclude_modules ................................. None
[algo2a-g1-rpp-l0-modal] 
[algo2a-g1-rpp-l0-modal]   exit_duration_in_mins ........................... None
[algo2a-g1-rpp-l0-modal] 
[algo2a-g1-rpp-l0-modal]   exit_interval ................................... None
[algo2a-g1-rpp-l0-modal] 
[algo2a-g1-rpp-l0-modal]   exit_on_missing_checkpoint ...................... False
[algo2a-g1-rpp-l0-modal] 
[algo2a-g1-rpp-l0-modal]   exit_signal ..................................... 15
[algo2a-g1-rpp-l0-modal] 
[algo2a-g1-rpp-l0-modal]   exit_signal_handler ............................. False
[algo2a-g1-rpp-l0-modal] 
[algo2a-g1-rpp-l0-modal]   exit_signal_handler_for_dataloader .............. False
[algo2a-g1-rpp-l0-modal] 
[algo2a-g1-rpp-l0-modal]   exit_signal_handler_for_training ................ False
[algo2a-g1-rpp-l0-modal] 
[algo2a-g1-rpp-l0-modal]   exp_avg_dtype ................................... torch.float32
[algo2a-g1-rpp-l0-modal] 
[algo2a-g1-rpp-l0-modal]   exp_avg_sq_dtype ................................ torch.float32
[algo2a-g1-rpp-l0-modal] 
[algo2a-g1-rpp-l0-modal]   experimental_attention_variant .................. None
[algo2a-g1-rpp-l0-modal] 
[algo2a-g1-rpp-l0-modal]   expert_model_parallel_size ...................... 1
[algo2a-g1-rpp-l0-modal] 
[algo2a-g1-rpp-l0-modal]   expert_tensor_parallel_size ..................... 1
[algo2a-g1-rpp-l0-modal] 
[algo2a-g1-rpp-l0-modal]   experts_shared_outer_loras ...................... False
[algo2a-g1-rpp-l0-modal] 
[algo2a-g1-rpp-l0-modal]   external_cuda_graph ............................. False
[algo2a-g1-rpp-l0-modal] 
[algo2a-g1-rpp-l0-modal]   extra_high_precision_layers_hf .................. ()
[algo2a-g1-rpp-l0-modal] 
[algo2a-g1-rpp-l0-modal]   extra_high_precision_layers_megatron ............ ()
[algo2a-g1-rpp-l0-modal] 
[algo2a-g1-rpp-l0-modal]   fake_process_group .............................. False
[algo2a-g1-rpp-l0-modal] 
[algo2a-g1-rpp-l0-modal]   fallback_to_eager_attn .......................... False
[algo2a-g1-rpp-l0-modal] 
[algo2a-g1-rpp-l0-modal]   fault_injector_delay_start_iteration ............ None
[algo2a-g1-rpp-l0-modal] 
[algo2a-g1-rpp-l0-modal]   fault_injector_fault_delay ...................... None
[algo2a-g1-rpp-l0-modal] 
[algo2a-g1-rpp-l0-modal]   fault_injector_fault_probabilities .............. None
[algo2a-g1-rpp-l0-modal] 
[algo2a-g1-rpp-l0-modal]   fault_injector_fault_types ...................... None
[algo2a-g1-rpp-l0-modal] 
[algo2a-g1-rpp-l0-modal]   fault_injector_mtti_seconds ..................... None
[algo2a-g1-rpp-l0-modal] 
[algo2a-g1-rpp-l0-modal]   fault_injector_num_ranks ........................ None
[algo2a-g1-rpp-l0-modal] 
[algo2a-g1-rpp-l0-modal]   fault_injector_offset_seconds ................... None
[algo2a-g1-rpp-l0-modal] 
[algo2a-g1-rpp-l0-modal]   fault_injector_ranks ............................ None
[algo2a-g1-rpp-l0-modal] 
[algo2a-g1-rpp-l0-modal]   fault_injector_seed ............................. None
[algo2a-g1-rpp-l0-modal] 
[algo2a-g1-rpp-l0-modal]   fetch_trajectory_retry_times .................... -1
[algo2a-g1-rpp-l0-modal] 
[algo2a-g1-rpp-l0-modal]   ffn_hidden_size ................................. 3072
[algo2a-g1-rpp-l0-modal] 
[algo2a-g1-rpp-l0-modal]   fim_data ........................................ False
[algo2a-g1-rpp-l0-modal] 
[algo2a-g1-rpp-l0-modal]   fim_eod_token ................................... <|endoftext|>
[algo2a-g1-rpp-l0-modal] 
[algo2a-g1-rpp-l0-modal]   fim_fragment_rate ............................... None
[algo2a-g1-rpp-l0-modal] 
[algo2a-g1-rpp-l0-modal]   fim_middle_token ................................ <fim_middle>
[algo2a-g1-rpp-l0-modal] 
[algo2a-g1-rpp-l0-modal]   fim_no_prefix ................................... None
[algo2a-g1-rpp-l0-modal] 
[algo2a-g1-rpp-l0-modal]   fim_pad_token ................................... <fim_pad>
[algo2a-g1-rpp-l0-modal] 
[algo2a-g1-rpp-l0-modal]   fim_prefix_token ................................ <fim_prefix>
[algo2a-g1-rpp-l0-modal] 
[algo2a-g1-rpp-l0-modal]   fim_rate ........................................ 0.5
[algo2a-g1-rpp-l0-modal] 
[algo2a-g1-rpp-l0-modal]   fim_split_sample ................................ None
[algo2a-g1-rpp-l0-modal] 
[algo2a-g1-rpp-l0-modal]   fim_spm_rate .................................... 0.5
[algo2a-g1-rpp-l0-modal] 
[algo2a-g1-rpp-l0-modal]   fim_suffix_token ................................ <fim_suffix>
[algo2a-g1-rpp-l0-modal] 
[algo2a-g1-rpp-l0-modal]   fine_grained_activation_offloading .............. False
[algo2a-g1-rpp-l0-modal] 
[algo2a-g1-rpp-l0-modal]   fine_grained_offloading_max_inflight_offloads ... None
[algo2a-g1-rpp-l0-modal] 
[algo2a-g1-rpp-l0-modal]   finetune ........................................ True
[algo2a-g1-rpp-l0-modal] 
[algo2a-g1-rpp-l0-modal]   first_last_layers_bf16 .......................... False
[algo2a-g1-rpp-l0-modal] 
[algo2a-g1-rpp-l0-modal]   flash_decode .................................... False
[algo2a-g1-rpp-l0-modal] 
[algo2a-g1-rpp-l0-modal]   flight_recorder_dump_on_timeout ................. True
[algo2a-g1-rpp-l0-modal] 
[algo2a-g1-rpp-l0-modal]   flight_recorder_dump_path ....................... None
[algo2a-g1-rpp-l0-modal] 
[algo2a-g1-rpp-l0-modal]   flight_recorder_extra_dump_on_exec .............. True
[algo2a-g1-rpp-l0-modal] 
[algo2a-g1-rpp-l0-modal]   flight_recorder_include_only_active ............. True
[algo2a-g1-rpp-l0-modal] 
[algo2a-g1-rpp-l0-modal]   flight_recorder_include_stack_trace ............. False
[algo2a-g1-rpp-l0-modal] 
[algo2a-g1-rpp-l0-modal]   flight_recorder_trace_buffer_size ............... 2000
[algo2a-g1-rpp-l0-modal] 
[algo2a-g1-rpp-l0-modal]   fp16 ............................................ False
[algo2a-g1-rpp-l0-modal] 
[algo2a-g1-rpp-l0-modal]   fp16_lm_cross_entropy ........................... False
[algo2a-g1-rpp-l0-modal] 
[algo2a-g1-rpp-l0-modal]   fp32_residual_connection ........................ False
[algo2a-g1-rpp-l0-modal] 
[algo2a-g1-rpp-l0-modal]   fp4 ............................................. None
[algo2a-g1-rpp-l0-modal] 
[algo2a-g1-rpp-l0-modal]   fp4_param_gather ................................ False
[algo2a-g1-rpp-l0-modal] 
[algo2a-g1-rpp-l0-modal]   fp4_quantizer_factory ........................... None
[algo2a-g1-rpp-l0-modal] 
[algo2a-g1-rpp-l0-modal]   fp4_recipe ...................................... nvfp4
[algo2a-g1-rpp-l0-modal] 
[algo2a-g1-rpp-l0-modal]   fp8 ............................................. None
[algo2a-g1-rpp-l0-modal] 
[algo2a-g1-rpp-l0-modal]   fp8_amax_compute_algo ........................... most_recent
[algo2a-g1-rpp-l0-modal] 
[algo2a-g1-rpp-l0-modal]   fp8_amax_history_len ............................ 1
[algo2a-g1-rpp-l0-modal] 
[algo2a-g1-rpp-l0-modal]   fp8_interval .................................... 1
[algo2a-g1-rpp-l0-modal] 
[algo2a-g1-rpp-l0-modal]   fp8_margin ...................................... 0
[algo2a-g1-rpp-l0-modal] 
[algo2a-g1-rpp-l0-modal]   fp8_output_proj ................................. False
[algo2a-g1-rpp-l0-modal] 
[algo2a-g1-rpp-l0-modal]   fp8_param_gather ................................ False
[algo2a-g1-rpp-l0-modal] 
[algo2a-g1-rpp-l0-modal]   fp8_quantizer_factory ........................... None
[algo2a-g1-rpp-l0-modal] 
[algo2a-g1-rpp-l0-modal]   fp8_recipe ...................................... delayed
[algo2a-g1-rpp-l0-modal] 
[algo2a-g1-rpp-l0-modal]   fp8_wgrad ....................................... True
[algo2a-g1-rpp-l0-modal] 
[algo2a-g1-rpp-l0-modal]   freeze_all_layers ............................... False
[algo2a-g1-rpp-l0-modal] 
[algo2a-g1-rpp-l0-modal]   freeze_e_score_correction_bias .................. False
[algo2a-g1-rpp-l0-modal] 
[algo2a-g1-rpp-l0-modal]   freeze_indexer .................................. False
[algo2a-g1-rpp-l0-modal] 
[algo2a-g1-rpp-l0-modal]   fsdp_db_use_persist_buf_on_alloc_fail ........... False
[algo2a-g1-rpp-l0-modal] 
[algo2a-g1-rpp-l0-modal]   fsdp_double_buffer .............................. False
[algo2a-g1-rpp-l0-modal] 
[algo2a-g1-rpp-l0-modal]   fsdp_manual_registration ........................ False
[algo2a-g1-rpp-l0-modal] 
[algo2a-g1-rpp-l0-modal]   ft_components ................................... []
[algo2a-g1-rpp-l0-modal] 
[algo2a-g1-rpp-l0-modal]   ft_num_warmup_iters ............................. 5
[algo2a-g1-rpp-l0-modal] 
[algo2a-g1-rpp-l0-modal]   full_validation ................................. False
[algo2a-g1-rpp-l0-modal] 
[algo2a-g1-rpp-l0-modal]   fully_async ..................................... False
[algo2a-g1-rpp-l0-modal] 
[algo2a-g1-rpp-l0-modal]   fused_residual_rmsnorm .......................... False
[algo2a-g1-rpp-l0-modal] 
[algo2a-g1-rpp-l0-modal]   gamma ........................................... 1.0
[algo2a-g1-rpp-l0-modal] 
[algo2a-g1-rpp-l0-modal]   gdn_conv_pad_alignment .......................... None
[algo2a-g1-rpp-l0-modal] 
[algo2a-g1-rpp-l0-modal]   gdn_pre_gated_delta_rule_fusion ................. False
[algo2a-g1-rpp-l0-modal] 
[algo2a-g1-rpp-l0-modal]   get_mismatch_metrics ............................ False
[algo2a-g1-rpp-l0-modal] 
[algo2a-g1-rpp-l0-modal]   global_batch_size ............................... 32
[algo2a-g1-rpp-l0-modal] 
[algo2a-g1-rpp-l0-modal]   glu_linear_offset ............................... 0.0
[algo2a-g1-rpp-l0-modal] 
[algo2a-g1-rpp-l0-modal]   gpu_sniff_test_interval ......................... None
[algo2a-g1-rpp-l0-modal] 
[algo2a-g1-rpp-l0-modal]   grad_reduce_in_bf16 ............................. False
[algo2a-g1-rpp-l0-modal]   gradient_accumulation_fusion .................... False
[algo2a-g1-rpp-l0-modal] 
[algo2a-g1-rpp-l0-modal]   gradient_reduce_div_fusion ...................... True
[algo2a-g1-rpp-l0-modal] 
[algo2a-g1-rpp-l0-modal]   group_query_attention ........................... True
[algo2a-g1-rpp-l0-modal] 
[algo2a-g1-rpp-l0-modal]   group_rm ........................................ False
[algo2a-g1-rpp-l0-modal] 
[algo2a-g1-rpp-l0-modal]   grpo_clamp_eps_lower ............................ 0.01
[algo2a-g1-rpp-l0-modal] 
[algo2a-g1-rpp-l0-modal]   grpo_clamp_eps_upper ............................ 0.01
[algo2a-g1-rpp-l0-modal] 
[algo2a-g1-rpp-l0-modal]   grpo_entropy_term_weight ........................ 0.0
[algo2a-g1-rpp-l0-modal] 
[algo2a-g1-rpp-l0-modal]   grpo_filter_groups_with_same_reward ............. False
[algo2a-g1-rpp-l0-modal] 
[algo2a-g1-rpp-l0-modal]   grpo_group_size ................................. 2
[algo2a-g1-rpp-l0-modal] 
[algo2a-g1-rpp-l0-modal]   grpo_iterations ................................. 2
[algo2a-g1-rpp-l0-modal] 
[algo2a-g1-rpp-l0-modal]   grpo_kl_beta .................................... 0.001
[algo2a-g1-rpp-l0-modal] 
[algo2a-g1-rpp-l0-modal]   grpo_prompts_per_step ........................... 32
[algo2a-g1-rpp-l0-modal] 
[algo2a-g1-rpp-l0-modal]   grpo_std_normalization .......................... True
[algo2a-g1-rpp-l0-modal] 
[algo2a-g1-rpp-l0-modal]   head_lr_mult .................................... 1.0
[algo2a-g1-rpp-l0-modal] 
[algo2a-g1-rpp-l0-modal]   head_wise_attn_gate ............................. False
[algo2a-g1-rpp-l0-modal] 
[algo2a-g1-rpp-l0-modal]   heterogeneous_layers_config_encoded_json ........ None
[algo2a-g1-rpp-l0-modal] 
[algo2a-g1-rpp-l0-modal]   heterogeneous_layers_config_path ................ None
[algo2a-g1-rpp-l0-modal] 
[algo2a-g1-rpp-l0-modal]   hf_checkpoint ................................... /root/.cache/huggingface/hub/models--Qwen--Qwen3-0.6B/snapshots/c1899de289a04d12100db370d81485cdf75e47ca
[algo2a-g1-rpp-l0-modal] 
[algo2a-g1-rpp-l0-modal]   hf_lora_targets ................................. ['down_proj', 'gate_proj', 'k_proj', 'o_proj', 'q_proj', 'up_proj', 'v_proj']
[algo2a-g1-rpp-l0-modal] 
[algo2a-g1-rpp-l0-modal]   hidden_dropout .................................. 0.1
[algo2a-g1-rpp-l0-modal] 
[algo2a-g1-rpp-l0-modal]   hidden_size ..................................... 1024
[algo2a-g1-rpp-l0-modal] 
[algo2a-g1-rpp-l0-modal]   hierarchical_context_parallel_sizes ............. None
[algo2a-g1-rpp-l0-modal] 
[algo2a-g1-rpp-l0-modal]   high_priority_a2a_comm_stream ................... False
[algo2a-g1-rpp-l0-modal] 
[algo2a-g1-rpp-l0-modal]   high_priority_stream_groups ..................... []
[algo2a-g1-rpp-l0-modal] 
[algo2a-g1-rpp-l0-modal]   http_proxy ...................................... None
[algo2a-g1-rpp-l0-modal]   hybrid_context_parallel ......................... False
[algo2a-g1-rpp-l0-modal] 
[algo2a-g1-rpp-l0-modal]   hybrid_layer_pattern ............................ None
[algo2a-g1-rpp-l0-modal] 
[algo2a-g1-rpp-l0-modal]   hybrid_override_pattern ......................... None
[algo2a-g1-rpp-l0-modal] 
[algo2a-g1-rpp-l0-modal]   hysteresis ...................................... 2
[algo2a-g1-rpp-l0-modal] 
[algo2a-g1-rpp-l0-modal]   ict_head_size ................................... None
[algo2a-g1-rpp-l0-modal] 
[algo2a-g1-rpp-l0-modal]   ict_load ........................................ None
[algo2a-g1-rpp-l0-modal] 
[algo2a-g1-rpp-l0-modal]   img_h ........................................... 224
[algo2a-g1-rpp-l0-modal] 
[algo2a-g1-rpp-l0-modal]   img_w ........................................... 224
[algo2a-g1-rpp-l0-modal] 
[algo2a-g1-rpp-l0-modal]   indep_dp ........................................ False
[algo2a-g1-rpp-l0-modal] 
[algo2a-g1-rpp-l0-modal]   indexer_batch_size .............................. 128
[algo2a-g1-rpp-l0-modal] 
[algo2a-g1-rpp-l0-modal]   indexer_log_interval ............................ 1000
[algo2a-g1-rpp-l0-modal] 
[algo2a-g1-rpp-l0-modal]   inference_batch_times_seqlen_threshold .......... -1
[algo2a-g1-rpp-l0-modal] 
[algo2a-g1-rpp-l0-modal]   inference_controller_addr ....................... None
[algo2a-g1-rpp-l0-modal] 
[algo2a-g1-rpp-l0-modal]   inference_coordinator_port ...................... None
[algo2a-g1-rpp-l0-modal] 
[algo2a-g1-rpp-l0-modal]   inference_cuda_graph_all_prefills ............... False
[algo2a-g1-rpp-l0-modal] 
[algo2a-g1-rpp-l0-modal]   inference_cuda_graph_scope ...................... InferenceCudaGraphScope.none
[algo2a-g1-rpp-l0-modal] 
[algo2a-g1-rpp-l0-modal]   inference_disable_ep_consensus .................. False
[algo2a-g1-rpp-l0-modal] 
[algo2a-g1-rpp-l0-modal]   inference_disable_triton_nvls_kernels ........... False
[algo2a-g1-rpp-l0-modal] 
[algo2a-g1-rpp-l0-modal]   inference_dynamic_batching ...................... False
[algo2a-g1-rpp-l0-modal] 
[algo2a-g1-rpp-l0-modal]   inference_dynamic_batching_async_sched_mode ..... legacy
[algo2a-g1-rpp-l0-modal] 
[algo2a-g1-rpp-l0-modal]   inference_dynamic_batching_block_size ........... 256
[algo2a-g1-rpp-l0-modal] 
[algo2a-g1-rpp-l0-modal]   inference_dynamic_batching_buffer_size_gb ....... 40.0
[algo2a-g1-rpp-l0-modal] 
[algo2a-g1-rpp-l0-modal]   inference_dynamic_batching_cuda_graph_max_tokens  16384
[algo2a-g1-rpp-l0-modal] 
[algo2a-g1-rpp-l0-modal]   inference_dynamic_batching_cuda_graph_mixed_prefill_count  16
[algo2a-g1-rpp-l0-modal] 
[algo2a-g1-rpp-l0-modal]   inference_dynamic_batching_cuda_graph_sizing_distribution  exponential
[algo2a-g1-rpp-l0-modal] 
[algo2a-g1-rpp-l0-modal]   inference_dynamic_batching_enable_prefix_caching  False
[algo2a-g1-rpp-l0-modal] 
[algo2a-g1-rpp-l0-modal]   inference_dynamic_batching_logprobs_mode ........ raw_logprobs
[algo2a-g1-rpp-l0-modal] 
[algo2a-g1-rpp-l0-modal]   inference_dynamic_batching_mamba_memory_ratio ... None
[algo2a-g1-rpp-l0-modal] 
[algo2a-g1-rpp-l0-modal]   inference_dynamic_batching_max_requests ......... None
[algo2a-g1-rpp-l0-modal] 
[algo2a-g1-rpp-l0-modal]   inference_dynamic_batching_max_tokens ........... None
[algo2a-g1-rpp-l0-modal] 
[algo2a-g1-rpp-l0-modal]   inference_dynamic_batching_num_cuda_graphs ...... 16
[algo2a-g1-rpp-l0-modal] 
[algo2a-g1-rpp-l0-modal]   inference_dynamic_batching_paused_buffer_size_gb  None
[algo2a-g1-rpp-l0-modal] 
[algo2a-g1-rpp-l0-modal]   inference_dynamic_batching_prefix_caching_coordinator_policy  first_prefix_block
[algo2a-g1-rpp-l0-modal] 
[algo2a-g1-rpp-l0-modal]   inference_dynamic_batching_prefix_caching_eviction_policy  ref_zero
[algo2a-g1-rpp-l0-modal] 
[algo2a-g1-rpp-l0-modal]   inference_dynamic_batching_prefix_caching_mamba_gb  None
[algo2a-g1-rpp-l0-modal] 
[algo2a-g1-rpp-l0-modal]   inference_dynamic_batching_prefix_caching_routing_alpha  0.5
[algo2a-g1-rpp-l0-modal] 
[algo2a-g1-rpp-l0-modal]   inference_dynamic_batching_sampling_backend ..... torch
[algo2a-g1-rpp-l0-modal] 
[algo2a-g1-rpp-l0-modal]   inference_dynamic_batching_track_generated_token_events  False
[algo2a-g1-rpp-l0-modal] 
[algo2a-g1-rpp-l0-modal]   inference_dynamic_batching_track_paused_request_events  False
[algo2a-g1-rpp-l0-modal] 
[algo2a-g1-rpp-l0-modal]   inference_dynamic_batching_unified_memory_level . 0
[algo2a-g1-rpp-l0-modal] 
[algo2a-g1-rpp-l0-modal]   inference_fuse_tp_communication ................. False
[algo2a-g1-rpp-l0-modal] 
[algo2a-g1-rpp-l0-modal]   inference_grouped_gemm_backend .................. vllm
[algo2a-g1-rpp-l0-modal] 
[algo2a-g1-rpp-l0-modal]   inference_logging_step_interval ................. 0
[algo2a-g1-rpp-l0-modal] 
[algo2a-g1-rpp-l0-modal]   inference_max_requests .......................... 8
[algo2a-g1-rpp-l0-modal] 
[algo2a-g1-rpp-l0-modal]   inference_max_seq_length ........................ 2560
[algo2a-g1-rpp-l0-modal] 
[algo2a-g1-rpp-l0-modal]   inference_moe_disable_fused_quant_kernels ....... False
[algo2a-g1-rpp-l0-modal] 
[algo2a-g1-rpp-l0-modal]   inference_moe_token_dispatcher_type ............. nvls
[algo2a-g1-rpp-l0-modal] 
[algo2a-g1-rpp-l0-modal]   inference_rng_tracker ........................... False
[algo2a-g1-rpp-l0-modal] 
[algo2a-g1-rpp-l0-modal]   inference_shards ................................ None
[algo2a-g1-rpp-l0-modal] 
[algo2a-g1-rpp-l0-modal]   inference_text_gen_server_logging ............... False
[algo2a-g1-rpp-l0-modal] 
[algo2a-g1-rpp-l0-modal]   inference_use_synchronous_zmq_collectives ....... False
[algo2a-g1-rpp-l0-modal] 
[algo2a-g1-rpp-l0-modal]   inference_wandb_logging ......................... False
[algo2a-g1-rpp-l0-modal] 
[algo2a-g1-rpp-l0-modal]   init_expected_num_cells ......................... None
[algo2a-g1-rpp-l0-modal] 
[algo2a-g1-rpp-l0-modal]   init_method_std ................................. 0.02
[algo2a-g1-rpp-l0-modal] 
[algo2a-g1-rpp-l0-modal]   init_method_xavier_uniform ...................... False
[algo2a-g1-rpp-l0-modal] 
[algo2a-g1-rpp-l0-modal]   init_model_with_meta_device ..................... False
[algo2a-g1-rpp-l0-modal] 
[algo2a-g1-rpp-l0-modal]   initial_loss_scale .............................. 4294967296
[algo2a-g1-rpp-l0-modal] 
[algo2a-g1-rpp-l0-modal]   inprocess_active_world_size ..................... 1
[algo2a-g1-rpp-l0-modal] 
[algo2a-g1-rpp-l0-modal]   inprocess_barrier_timeout ....................... 120
[algo2a-g1-rpp-l0-modal] 
[algo2a-g1-rpp-l0-modal]   inprocess_completion_timeout .................... 120
[algo2a-g1-rpp-l0-modal] 
[algo2a-g1-rpp-l0-modal]   inprocess_empty_cuda_cache ...................... False
[algo2a-g1-rpp-l0-modal] 
[algo2a-g1-rpp-l0-modal]   inprocess_granularity ........................... node
[algo2a-g1-rpp-l0-modal] 
[algo2a-g1-rpp-l0-modal]   inprocess_hard_timeout .......................... 90
[algo2a-g1-rpp-l0-modal] 
[algo2a-g1-rpp-l0-modal]   inprocess_heartbeat_interval .................... 30
[algo2a-g1-rpp-l0-modal] 
[algo2a-g1-rpp-l0-modal]   inprocess_heartbeat_timeout ..................... 60
[algo2a-g1-rpp-l0-modal] 
[algo2a-g1-rpp-l0-modal]   inprocess_last_call_wait ........................ 1
[algo2a-g1-rpp-l0-modal] 
[algo2a-g1-rpp-l0-modal]   inprocess_max_iterations ........................ None
[algo2a-g1-rpp-l0-modal] 
[algo2a-g1-rpp-l0-modal]   inprocess_monitor_process_interval .............. 1.0
[algo2a-g1-rpp-l0-modal] 
[algo2a-g1-rpp-l0-modal]   inprocess_monitor_thread_interval ............... 1.0
[algo2a-g1-rpp-l0-modal] 
[algo2a-g1-rpp-l0-modal]   inprocess_progress_watchdog_interval ............ 1.0
[algo2a-g1-rpp-l0-modal] 
[algo2a-g1-rpp-l0-modal]   inprocess_restart ............................... False
[algo2a-g1-rpp-l0-modal] 
[algo2a-g1-rpp-l0-modal]   inprocess_soft_timeout .......................... 60
[algo2a-g1-rpp-l0-modal] 
[algo2a-g1-rpp-l0-modal]   inprocess_termination_grace_time ................ 1
[algo2a-g1-rpp-l0-modal] 
[algo2a-g1-rpp-l0-modal]   input_key ....................................... messages
[algo2a-g1-rpp-l0-modal] 
[algo2a-g1-rpp-l0-modal]   is_hybrid_model ................................. False
[algo2a-g1-rpp-l0-modal] 
[algo2a-g1-rpp-l0-modal]   iter_per_epoch .................................. 1250
[algo2a-g1-rpp-l0-modal] 
[algo2a-g1-rpp-l0-modal]   iterations_to_skip .............................. []
[algo2a-g1-rpp-l0-modal] 
[algo2a-g1-rpp-l0-modal]   keep_fp8_transpose_cache ........................ False
[algo2a-g1-rpp-l0-modal]   keep_old_actor .................................. False
[algo2a-g1-rpp-l0-modal] 
[algo2a-g1-rpp-l0-modal]   kitchen_attention_backend ....................... sdpa
[algo2a-g1-rpp-l0-modal] 
[algo2a-g1-rpp-l0-modal]   kl_coef ......................................... 0.01
[algo2a-g1-rpp-l0-modal] 
[algo2a-g1-rpp-l0-modal]   kl_loss_coef .................................... 0.0
[algo2a-g1-rpp-l0-modal] 
[algo2a-g1-rpp-l0-modal]   kl_loss_type .................................... k1
[algo2a-g1-rpp-l0-modal] 
[algo2a-g1-rpp-l0-modal]   kv_channels ..................................... 128
[algo2a-g1-rpp-l0-modal] 
[algo2a-g1-rpp-l0-modal]   kv_lora_rank .................................... 32
[algo2a-g1-rpp-l0-modal] 
[algo2a-g1-rpp-l0-modal]   label_key ....................................... label
[algo2a-g1-rpp-l0-modal] 
[algo2a-g1-rpp-l0-modal]   lambd ........................................... 1.0
[algo2a-g1-rpp-l0-modal] 
[algo2a-g1-rpp-l0-modal]   langrl_env_config ............................... None
[algo2a-g1-rpp-l0-modal] 
[algo2a-g1-rpp-l0-modal]   layernorm_epsilon ............................... 1e-06
[algo2a-g1-rpp-l0-modal] 
[algo2a-g1-rpp-l0-modal]   layernorm_zero_centered_gamma ................... False
[algo2a-g1-rpp-l0-modal] 
[algo2a-g1-rpp-l0-modal]   lazy_mpu_init ................................... False
[algo2a-g1-rpp-l0-modal] 
[algo2a-g1-rpp-l0-modal]   linear_attention_backend ........................ fla
[algo2a-g1-rpp-l0-modal] 
[algo2a-g1-rpp-l0-modal]   linear_attention_freq ........................... None
[algo2a-g1-rpp-l0-modal] 
[algo2a-g1-rpp-l0-modal]   linear_attention_type ........................... None
[algo2a-g1-rpp-l0-modal] 
[algo2a-g1-rpp-l0-modal]   linear_conv_kernel_dim .......................... 4
[algo2a-g1-rpp-l0-modal] 
[algo2a-g1-rpp-l0-modal]   linear_cp_mode .................................. chunkwise
[algo2a-g1-rpp-l0-modal] 
[algo2a-g1-rpp-l0-modal]   linear_key_head_dim ............................. 128
[algo2a-g1-rpp-l0-modal] 
[algo2a-g1-rpp-l0-modal]   linear_num_key_heads ............................ 16
[algo2a-g1-rpp-l0-modal] 
[algo2a-g1-rpp-l0-modal]   linear_num_value_heads .......................... 32
[algo2a-g1-rpp-l0-modal] 
[algo2a-g1-rpp-l0-modal]   linear_value_head_dim ........................... 128
[algo2a-g1-rpp-l0-modal] 
[algo2a-g1-rpp-l0-modal]   lion_beta1 ...................................... 0.95
[algo2a-g1-rpp-l0-modal] 
[algo2a-g1-rpp-l0-modal]   lion_beta2 ...................................... 0.98
[algo2a-g1-rpp-l0-modal] 
[algo2a-g1-rpp-l0-modal]   load ............................................ /root/.cache/huggingface/hub/models--Qwen--Qwen3-0.6B/snapshots/c1899de289a04d12100db370d81485cdf75e47ca
[algo2a-g1-rpp-l0-modal] 
[algo2a-g1-rpp-l0-modal]   load_debug_rollout_data ......................... None
[algo2a-g1-rpp-l0-modal] 
[algo2a-g1-rpp-l0-modal]   load_debug_rollout_data_subsample ............... None
[algo2a-g1-rpp-l0-modal] 
[algo2a-g1-rpp-l0-modal]   load_main_params_from_ckpt ...................... False
[algo2a-g1-rpp-l0-modal] 
[algo2a-g1-rpp-l0-modal]   local_rank ...................................... 0
[algo2a-g1-rpp-l0-modal] 
[algo2a-g1-rpp-l0-modal]   log_correct_samples ............................. False
[algo2a-g1-rpp-l0-modal] 
[algo2a-g1-rpp-l0-modal]   log_device_memory_used .......................... False
[algo2a-g1-rpp-l0-modal] 
[algo2a-g1-rpp-l0-modal]   log_energy ...................................... False
[algo2a-g1-rpp-l0-modal] 
[algo2a-g1-rpp-l0-modal]   log_interval .................................... 100
[algo2a-g1-rpp-l0-modal] 
[algo2a-g1-rpp-l0-modal]   log_loss_scale_to_tensorboard ................... True
[algo2a-g1-rpp-l0-modal] 
[algo2a-g1-rpp-l0-modal]   log_max_attention_logit ......................... False
[algo2a-g1-rpp-l0-modal] 
[algo2a-g1-rpp-l0-modal]   log_memory_interval ............................. None
[algo2a-g1-rpp-l0-modal] 
[algo2a-g1-rpp-l0-modal]   log_memory_to_tensorboard ....................... False
[algo2a-g1-rpp-l0-modal] 
[algo2a-g1-rpp-l0-modal]   log_moe_overload_factor ......................... False
[algo2a-g1-rpp-l0-modal] 
[algo2a-g1-rpp-l0-modal]   log_multi_turn .................................. False
[algo2a-g1-rpp-l0-modal] 
[algo2a-g1-rpp-l0-modal]   log_num_zeros_in_grad ........................... False
[algo2a-g1-rpp-l0-modal] 
[algo2a-g1-rpp-l0-modal]   log_params_norm ................................. False
[algo2a-g1-rpp-l0-modal] 
[algo2a-g1-rpp-l0-modal]   log_passrate .................................... False
[algo2a-g1-rpp-l0-modal] 
[algo2a-g1-rpp-l0-modal]   log_probs_chunk_size ............................ -1
[algo2a-g1-rpp-l0-modal] 
[algo2a-g1-rpp-l0-modal]   log_probs_max_tokens_per_gpu .................... None
[algo2a-g1-rpp-l0-modal] 
[algo2a-g1-rpp-l0-modal]   log_progress .................................... False
[algo2a-g1-rpp-l0-modal] 
[algo2a-g1-rpp-l0-modal]   log_reward_category ............................. None
[algo2a-g1-rpp-l0-modal] 
[algo2a-g1-rpp-l0-modal]   log_straggler ................................... False
[algo2a-g1-rpp-l0-modal] 
[algo2a-g1-rpp-l0-modal]   log_throughput .................................. False
[algo2a-g1-rpp-l0-modal] 
[algo2a-g1-rpp-l0-modal]   log_timers_to_tensorboard ....................... False
[algo2a-g1-rpp-l0-modal] 
[algo2a-g1-rpp-l0-modal]   log_validation_ppl_to_tensorboard ............... False
[algo2a-g1-rpp-l0-modal] 
[algo2a-g1-rpp-l0-modal]   log_world_size_to_tensorboard ................... False
[algo2a-g1-rpp-l0-modal] 
[algo2a-g1-rpp-l0-modal]   logging_level ................................... None
[algo2a-g1-rpp-l0-modal] 
[algo2a-g1-rpp-l0-modal]   logits_load_decode_threads ...................... 4
[algo2a-g1-rpp-l0-modal] 
[algo2a-g1-rpp-l0-modal]   logits_load_dir ................................. None
[algo2a-g1-rpp-l0-modal] 
[algo2a-g1-rpp-l0-modal]   logits_load_ignore_errors ....................... False
[algo2a-g1-rpp-l0-modal] 
[algo2a-g1-rpp-l0-modal]   logits_load_kd_loss_alpha ....................... 1.0
[algo2a-g1-rpp-l0-modal] 
[algo2a-g1-rpp-l0-modal]   logits_load_msc_prefetch_depth .................. 2
[algo2a-g1-rpp-l0-modal] 
[algo2a-g1-rpp-l0-modal]   logits_load_prefetch_factor ..................... 3
[algo2a-g1-rpp-l0-modal] 
[algo2a-g1-rpp-l0-modal]   logits_save_dir ................................. None
[algo2a-g1-rpp-l0-modal] 
[algo2a-g1-rpp-l0-modal]   logits_save_dtype ............................... fp16
[algo2a-g1-rpp-l0-modal] 
[algo2a-g1-rpp-l0-modal]   logits_save_top_k ............................... None
[algo2a-g1-rpp-l0-modal] 
[algo2a-g1-rpp-l0-modal]   logits_save_top_p ............................... None
[algo2a-g1-rpp-l0-modal] 
[algo2a-g1-rpp-l0-modal]   logits_save_top_p_min_k ......................... 1
[algo2a-g1-rpp-l0-modal] 
[algo2a-g1-rpp-l0-modal]   lora_adapter_path ............................... None
[algo2a-g1-rpp-l0-modal] 
[algo2a-g1-rpp-l0-modal]   lora_adapter_targets ............................ ['down_proj', 'gate_proj', 'k_proj', 'o_proj', 'q_proj', 'up_proj', 'v_proj']
[algo2a-g1-rpp-l0-modal] 
[algo2a-g1-rpp-l0-modal]   lora_alpha ...................................... 16
[algo2a-g1-rpp-l0-modal] 
[algo2a-g1-rpp-l0-modal]   lora_base_cpu_backup ............................ True
[algo2a-g1-rpp-l0-modal] 
[algo2a-g1-rpp-l0-modal]   lora_dropout .................................... 0.0
[algo2a-g1-rpp-l0-modal] 
[algo2a-g1-rpp-l0-modal]   lora_rank ....................................... 16
[algo2a-g1-rpp-l0-modal] 
[algo2a-g1-rpp-l0-modal]   lora_sync_from_tensor ........................... False
[algo2a-g1-rpp-l0-modal] 
[algo2a-g1-rpp-l0-modal]   lora_train_only ................................. False
[algo2a-g1-rpp-l0-modal] 
[algo2a-g1-rpp-l0-modal]   lora_type ....................................... canonical_lora
[algo2a-g1-rpp-l0-modal] 
[algo2a-g1-rpp-l0-modal]   loss_mask_type .................................. qwen
[algo2a-g1-rpp-l0-modal] 
[algo2a-g1-rpp-l0-modal]   loss_scale ...................................... None
[algo2a-g1-rpp-l0-modal] 
[algo2a-g1-rpp-l0-modal]   loss_scale_window ............................... 1000
[algo2a-g1-rpp-l0-modal] 
[algo2a-g1-rpp-l0-modal]   loss_type ....................................... policy_loss
[algo2a-g1-rpp-l0-modal] 
[algo2a-g1-rpp-l0-modal]   low_memory_resume ............................... False
[algo2a-g1-rpp-l0-modal] 
[algo2a-g1-rpp-l0-modal]   lr .............................................. 1e-05
[algo2a-g1-rpp-l0-modal] 
[algo2a-g1-rpp-l0-modal]   lr_decay_iters .................................. 3
[algo2a-g1-rpp-l0-modal] 
[algo2a-g1-rpp-l0-modal]   lr_decay_samples ................................ None
[algo2a-g1-rpp-l0-modal] 
[algo2a-g1-rpp-l0-modal]   lr_decay_style .................................. linear
[algo2a-g1-rpp-l0-modal] 
[algo2a-g1-rpp-l0-modal]   lr_warmup_fraction .............................. None
[algo2a-g1-rpp-l0-modal] 
[algo2a-g1-rpp-l0-modal]   lr_warmup_init .................................. 0.0
[algo2a-g1-rpp-l0-modal] 
[algo2a-g1-rpp-l0-modal]   lr_warmup_iters ................................. 0
[algo2a-g1-rpp-l0-modal] 
[algo2a-g1-rpp-l0-modal]   lr_warmup_samples ............................... 0
[algo2a-g1-rpp-l0-modal] 
[algo2a-g1-rpp-l0-modal]   lr_wsd_decay_iters .............................. None
[algo2a-g1-rpp-l0-modal] 
[algo2a-g1-rpp-l0-modal]   lr_wsd_decay_samples ............................ None
[algo2a-g1-rpp-l0-modal] 
[algo2a-g1-rpp-l0-modal]   lr_wsd_decay_style .............................. exponential
[algo2a-g1-rpp-l0-modal] 
[algo2a-g1-rpp-l0-modal]   main_grads_dtype ................................ torch.float32
[algo2a-g1-rpp-l0-modal] 
[algo2a-g1-rpp-l0-modal]   main_params_dtype ............................... torch.float32
[algo2a-g1-rpp-l0-modal] 
[algo2a-g1-rpp-l0-modal]   make_vocab_size_divisible_by .................... 128
[algo2a-g1-rpp-l0-modal] 
[algo2a-g1-rpp-l0-modal]   mamba_head_dim .................................. 64
[algo2a-g1-rpp-l0-modal] 
[algo2a-g1-rpp-l0-modal]   mamba_inference_conv_states_dtype ............... torch.bfloat16
[algo2a-g1-rpp-l0-modal] 
[algo2a-g1-rpp-l0-modal]   mamba_inference_ssm_states_dtype ................ torch.bfloat16
[algo2a-g1-rpp-l0-modal] 
[algo2a-g1-rpp-l0-modal]   mamba_num_groups ................................ 8
[algo2a-g1-rpp-l0-modal] 
[algo2a-g1-rpp-l0-modal]   mamba_num_heads ................................. None
[algo2a-g1-rpp-l0-modal] 
[algo2a-g1-rpp-l0-modal]   mamba_state_dim ................................. 128
[algo2a-g1-rpp-l0-modal] 
[algo2a-g1-rpp-l0-modal]   mamba_training_ssm_states_dtype ................. None
[algo2a-g1-rpp-l0-modal] 
[algo2a-g1-rpp-l0-modal]   manual_gc ....................................... False
[algo2a-g1-rpp-l0-modal] 
[algo2a-g1-rpp-l0-modal]   manual_gc_eval .................................. True
[algo2a-g1-rpp-l0-modal] 
[algo2a-g1-rpp-l0-modal]   manual_gc_interval .............................. 0
[algo2a-g1-rpp-l0-modal] 
[algo2a-g1-rpp-l0-modal]   mask_factor ..................................... 1.0
[algo2a-g1-rpp-l0-modal] 
[algo2a-g1-rpp-l0-modal]   mask_offpolicy_in_partial_rollout ............... False
[algo2a-g1-rpp-l0-modal] 
  mask_prob ....................................... 0.15
  mask_type ....................................... random
[algo2a-g1-rpp-l0-modal]   masked_softmax_fusion ........................... True
[algo2a-g1-rpp-l0-modal] 
  max_position_embeddings ......................... 1024
[algo2a-g1-rpp-l0-modal] 
[algo2a-g1-rpp-l0-modal]   max_seqlen_per_dp_cp_rank ....................... None
[algo2a-g1-rpp-l0-modal] 
[algo2a-g1-rpp-l0-modal]   max_tokens_per_gpu .............................. None
[algo2a-g1-rpp-l0-modal] 
[algo2a-g1-rpp-l0-modal]   max_tokens_to_oom ............................... 12000
[algo2a-g1-rpp-l0-modal] 
[algo2a-g1-rpp-l0-modal]   max_weight_staleness ............................ None
[algo2a-g1-rpp-l0-modal] 
[algo2a-g1-rpp-l0-modal]   megatron_config ................................. None
[algo2a-g1-rpp-l0-modal] 
[algo2a-g1-rpp-l0-modal]   megatron_fsdp_cache_param_bucket_views .......... False
[algo2a-g1-rpp-l0-modal] 
[algo2a-g1-rpp-l0-modal]   megatron_fsdp_enable_fine_grained_param_gather .. False
[algo2a-g1-rpp-l0-modal] 
[algo2a-g1-rpp-l0-modal]   megatron_fsdp_grad_comm_dtype ................... None
[algo2a-g1-rpp-l0-modal] 
[algo2a-g1-rpp-l0-modal]   megatron_fsdp_main_grads_dtype .................. None
[algo2a-g1-rpp-l0-modal] 
[algo2a-g1-rpp-l0-modal]   megatron_fsdp_main_params_dtype ................. torch.float32
[algo2a-g1-rpp-l0-modal] 
[algo2a-g1-rpp-l0-modal]   megatron_fsdp_max_pool_double_buffer ............ False
[algo2a-g1-rpp-l0-modal] 
[algo2a-g1-rpp-l0-modal]   megatron_fsdp_prefetch_recompute_forward_weights  False
[algo2a-g1-rpp-l0-modal] 
[algo2a-g1-rpp-l0-modal]   megatron_to_hf_mode ............................. bridge
[algo2a-g1-rpp-l0-modal] 
[algo2a-g1-rpp-l0-modal]   memory_recorder ................................. torch
[algo2a-g1-rpp-l0-modal] 
[algo2a-g1-rpp-l0-modal]   memory_snapshot_dir ............................. .
[algo2a-g1-rpp-l0-modal] 
[algo2a-g1-rpp-l0-modal]   memory_snapshot_num_steps ....................... None
[algo2a-g1-rpp-l0-modal] 
[algo2a-g1-rpp-l0-modal]   memory_snapshot_path ............................ snapshot.pickle
[algo2a-g1-rpp-l0-modal] 
[algo2a-g1-rpp-l0-modal]   merge_file ...................................... None
[algo2a-g1-rpp-l0-modal] 
[algo2a-g1-rpp-l0-modal]   metadata_key .................................... metadata
[algo2a-g1-rpp-l0-modal] 
[algo2a-g1-rpp-l0-modal]   metadata_path ................................... None
[algo2a-g1-rpp-l0-modal] 
[algo2a-g1-rpp-l0-modal]   mfu_peak_tflops ................................. None
[algo2a-g1-rpp-l0-modal] 
[algo2a-g1-rpp-l0-modal]   mhc_init_gating_factor .......................... 0.01
[algo2a-g1-rpp-l0-modal] 
[algo2a-g1-rpp-l0-modal]   mhc_recompute_layer_num ......................... None
[algo2a-g1-rpp-l0-modal] 
[algo2a-g1-rpp-l0-modal]   mhc_sinkhorn_iterations ......................... 20
[algo2a-g1-rpp-l0-modal] 
[algo2a-g1-rpp-l0-modal]   micro_batch_size ................................ 1
[algo2a-g1-rpp-l0-modal] 
[algo2a-g1-rpp-l0-modal]   microbatch_group_size_per_vp_stage .............. None
[algo2a-g1-rpp-l0-modal] 
[algo2a-g1-rpp-l0-modal]   mid_level_dataset_surplus ....................... 0.005
[algo2a-g1-rpp-l0-modal] 
[algo2a-g1-rpp-l0-modal]   miles_dsa_topk_backend .......................... torch
[algo2a-g1-rpp-l0-modal] 
[algo2a-g1-rpp-l0-modal]   miles_router_health_check_failure_threshold ..... 3
[algo2a-g1-rpp-l0-modal] 
[algo2a-g1-rpp-l0-modal]   miles_router_max_connections .................... None
[algo2a-g1-rpp-l0-modal] 
[algo2a-g1-rpp-l0-modal]   miles_router_timeout ............................ None
[algo2a-g1-rpp-l0-modal] 
[algo2a-g1-rpp-l0-modal]   min_batch_collection_ratio ...................... 1
[algo2a-g1-rpp-l0-modal] 
[algo2a-g1-rpp-l0-modal]   min_dynamic_context_parallel_size ............... 1
[algo2a-g1-rpp-l0-modal] 
[algo2a-g1-rpp-l0-modal]   min_loss_scale .................................. 1.0
[algo2a-g1-rpp-l0-modal] 
[algo2a-g1-rpp-l0-modal]   min_lr .......................................... 0.0
[algo2a-g1-rpp-l0-modal] 
[algo2a-g1-rpp-l0-modal]   min_offloaded_tensor_size ....................... 1048576
[algo2a-g1-rpp-l0-modal] 
[algo2a-g1-rpp-l0-modal]   mini_ft_controller_enable ....................... False
[algo2a-g1-rpp-l0-modal] 
[algo2a-g1-rpp-l0-modal]   mini_ft_controller_poll_interval ................ 10.0
[algo2a-g1-rpp-l0-modal] 
[algo2a-g1-rpp-l0-modal]   mini_ft_controller_resume_delay ................. 10.0
[algo2a-g1-rpp-l0-modal] 
[algo2a-g1-rpp-l0-modal]   mla_down_proj_fusion ............................ False
[algo2a-g1-rpp-l0-modal] 
[algo2a-g1-rpp-l0-modal]   mlflow_experiment_name .......................... miles
[algo2a-g1-rpp-l0-modal] 
[algo2a-g1-rpp-l0-modal]   mlflow_run_id ................................... None
[algo2a-g1-rpp-l0-modal] 
[algo2a-g1-rpp-l0-modal]   mlflow_run_name ................................. None
[algo2a-g1-rpp-l0-modal] 
[algo2a-g1-rpp-l0-modal]   mlflow_tracking_uri ............................. None
[algo2a-g1-rpp-l0-modal] 
[algo2a-g1-rpp-l0-modal]   mlp_chunks_for_prefill .......................... 1
[algo2a-g1-rpp-l0-modal] 
[algo2a-g1-rpp-l0-modal]   mlp_chunks_for_training ......................... 1
[algo2a-g1-rpp-l0-modal] 
[algo2a-g1-rpp-l0-modal]   mmap_bin_files .................................. True
[algo2a-g1-rpp-l0-modal] 
[algo2a-g1-rpp-l0-modal]   mock_data ....................................... False
[algo2a-g1-rpp-l0-modal] 
[algo2a-g1-rpp-l0-modal]   model_name ...................................... GPTModelProvider
[algo2a-g1-rpp-l0-modal] 
[algo2a-g1-rpp-l0-modal]   moe_activation_in_fp32 .......................... False
[algo2a-g1-rpp-l0-modal] 
[algo2a-g1-rpp-l0-modal]   moe_apply_probs_on_input ........................ False
[algo2a-g1-rpp-l0-modal] 
[algo2a-g1-rpp-l0-modal]   moe_aux_loss_coeff .............................. 0.0
[algo2a-g1-rpp-l0-modal] 
[algo2a-g1-rpp-l0-modal]   moe_combine_in_fp32 ............................. False
[algo2a-g1-rpp-l0-modal] 
[algo2a-g1-rpp-l0-modal]   moe_deepep_num_sms .............................. None
[algo2a-g1-rpp-l0-modal] 
[algo2a-g1-rpp-l0-modal]   moe_enable_deepep ............................... False
[algo2a-g1-rpp-l0-modal] 
[algo2a-g1-rpp-l0-modal]   moe_enable_routing_replay ....................... False
[algo2a-g1-rpp-l0-modal] 
[algo2a-g1-rpp-l0-modal]   moe_expert_capacity_factor ...................... None
[algo2a-g1-rpp-l0-modal] 
[algo2a-g1-rpp-l0-modal]   moe_expert_rank_capacity_factor ................. None
[algo2a-g1-rpp-l0-modal] 
[algo2a-g1-rpp-l0-modal]   moe_ffn_hidden_size ............................. None
[algo2a-g1-rpp-l0-modal] 
[algo2a-g1-rpp-l0-modal]   moe_flex_dispatcher_backend ..................... deepep
[algo2a-g1-rpp-l0-modal] 
[algo2a-g1-rpp-l0-modal]   moe_flex_dispatcher_num_sms ..................... None
[algo2a-g1-rpp-l0-modal] 
[algo2a-g1-rpp-l0-modal]   moe_grouped_gemm ................................ False
[algo2a-g1-rpp-l0-modal] 
[algo2a-g1-rpp-l0-modal]   moe_hybridep_num_blocks_permute ................. None
[algo2a-g1-rpp-l0-modal] 
[algo2a-g1-rpp-l0-modal]   moe_hybridep_num_blocks_unpermute ............... None
[algo2a-g1-rpp-l0-modal] 
[algo2a-g1-rpp-l0-modal]   moe_hybridep_num_sms ............................ None
[algo2a-g1-rpp-l0-modal] 
[algo2a-g1-rpp-l0-modal]   moe_hybridep_num_sms_preprocessing .............. 108
[algo2a-g1-rpp-l0-modal] 
[algo2a-g1-rpp-l0-modal]   moe_hybridep_pad_variable_tokens ................ False
[algo2a-g1-rpp-l0-modal] 
[algo2a-g1-rpp-l0-modal]   moe_input_jitter_eps ............................ None
[algo2a-g1-rpp-l0-modal] 
[algo2a-g1-rpp-l0-modal]   moe_latent_size ................................. None
[algo2a-g1-rpp-l0-modal] 
[algo2a-g1-rpp-l0-modal]   moe_latent_use_norm ............................. False
[algo2a-g1-rpp-l0-modal] 
[algo2a-g1-rpp-l0-modal]   moe_layer_freq .................................. 1
[algo2a-g1-rpp-l0-modal] 
[algo2a-g1-rpp-l0-modal]   moe_layer_recompute ............................. False
[algo2a-g1-rpp-l0-modal] 
[algo2a-g1-rpp-l0-modal]   moe_mlp_glu_interleave_size ..................... None
[algo2a-g1-rpp-l0-modal] 
[algo2a-g1-rpp-l0-modal]   moe_n_hash_layers ............................... 0
[algo2a-g1-rpp-l0-modal] 
[algo2a-g1-rpp-l0-modal]   moe_ncclep_static_shape ......................... False
[algo2a-g1-rpp-l0-modal] 
[algo2a-g1-rpp-l0-modal]   moe_ncclep_use_symm_mem ......................... False
[algo2a-g1-rpp-l0-modal] 
[algo2a-g1-rpp-l0-modal]   moe_pad_expert_input_to_capacity ................ False
[algo2a-g1-rpp-l0-modal] 
[algo2a-g1-rpp-l0-modal]   moe_pad_experts_for_cuda_graph_inference ........ False
[algo2a-g1-rpp-l0-modal] 
[algo2a-g1-rpp-l0-modal]   moe_paged_stash ................................. False
[algo2a-g1-rpp-l0-modal] 
[algo2a-g1-rpp-l0-modal]   moe_paged_stash_buffer_size_factor_cpu .......... 0.0
[algo2a-g1-rpp-l0-modal] 
[algo2a-g1-rpp-l0-modal]   moe_paged_stash_buffer_size_factor_cuda ......... 1.1
[algo2a-g1-rpp-l0-modal] 
[algo2a-g1-rpp-l0-modal]   moe_paged_stash_page_size ....................... 64
[algo2a-g1-rpp-l0-modal] 
[algo2a-g1-rpp-l0-modal]   moe_per_layer_logging ........................... False
[algo2a-g1-rpp-l0-modal] 
[algo2a-g1-rpp-l0-modal]   moe_permute_fusion .............................. False
[algo2a-g1-rpp-l0-modal] 
[algo2a-g1-rpp-l0-modal]   moe_permute_fusion_into_hybridep ................ False
[algo2a-g1-rpp-l0-modal] 
[algo2a-g1-rpp-l0-modal]   moe_router_bias_update_rate ..................... 0.001
[algo2a-g1-rpp-l0-modal] 
[algo2a-g1-rpp-l0-modal]   moe_router_dtype ................................ None
[algo2a-g1-rpp-l0-modal] 
[algo2a-g1-rpp-l0-modal]   moe_router_enable_expert_bias ................... False
[algo2a-g1-rpp-l0-modal] 
[algo2a-g1-rpp-l0-modal]   moe_router_force_biased ......................... None
[algo2a-g1-rpp-l0-modal] 
[algo2a-g1-rpp-l0-modal]   moe_router_force_load_balancing ................. False
[algo2a-g1-rpp-l0-modal] 
[algo2a-g1-rpp-l0-modal]   moe_router_freeze_gate .......................... False
[algo2a-g1-rpp-l0-modal] 
[algo2a-g1-rpp-l0-modal]   moe_router_fusion ............................... False
[algo2a-g1-rpp-l0-modal] 
[algo2a-g1-rpp-l0-modal]   moe_router_group_topk ........................... None
[algo2a-g1-rpp-l0-modal] 
[algo2a-g1-rpp-l0-modal]   moe_router_load_balancing_type .................. aux_loss
[algo2a-g1-rpp-l0-modal] 
[algo2a-g1-rpp-l0-modal]   moe_router_num_groups ........................... None
[algo2a-g1-rpp-l0-modal] 
[algo2a-g1-rpp-l0-modal]   moe_router_padding_for_fp8 ...................... False
[algo2a-g1-rpp-l0-modal] 
[algo2a-g1-rpp-l0-modal]   moe_router_padding_for_quantization ............. False
[algo2a-g1-rpp-l0-modal] 
[algo2a-g1-rpp-l0-modal]   moe_router_pre_softmax .......................... False
[algo2a-g1-rpp-l0-modal] 
[algo2a-g1-rpp-l0-modal]   moe_router_score_function ....................... softmax
[algo2a-g1-rpp-l0-modal] 
[algo2a-g1-rpp-l0-modal]   moe_router_topk ................................. 2
[algo2a-g1-rpp-l0-modal] 
[algo2a-g1-rpp-l0-modal]   moe_router_topk_scaling_factor .................. None
[algo2a-g1-rpp-l0-modal] 
[algo2a-g1-rpp-l0-modal]   moe_router_use_torch_mm ......................... True
[algo2a-g1-rpp-l0-modal] 
[algo2a-g1-rpp-l0-modal]   moe_routing_trace_capture_hidden_states ......... False
[algo2a-g1-rpp-l0-modal] 
[algo2a-g1-rpp-l0-modal]   moe_routing_trace_capture_logits ................ False
[algo2a-g1-rpp-l0-modal] 
[algo2a-g1-rpp-l0-modal]   moe_routing_trace_dump_weights .................. False
[algo2a-g1-rpp-l0-modal] 
[algo2a-g1-rpp-l0-modal]   moe_routing_trace_max_training_iters ............ None
[algo2a-g1-rpp-l0-modal] 
[algo2a-g1-rpp-l0-modal]   moe_routing_trace_path .......................... None
[algo2a-g1-rpp-l0-modal] 
[algo2a-g1-rpp-l0-modal]   moe_shared_expert_gate .......................... False
[algo2a-g1-rpp-l0-modal] 
[algo2a-g1-rpp-l0-modal]   moe_shared_expert_glu_interleave_size ........... None
[algo2a-g1-rpp-l0-modal] 
[algo2a-g1-rpp-l0-modal]   moe_shared_expert_intermediate_size ............. None
[algo2a-g1-rpp-l0-modal] 
[algo2a-g1-rpp-l0-modal]   moe_shared_expert_overlap ....................... False
[algo2a-g1-rpp-l0-modal] 
[algo2a-g1-rpp-l0-modal]   moe_single_grouped_bias ......................... False
[algo2a-g1-rpp-l0-modal] 
[algo2a-g1-rpp-l0-modal]   moe_single_grouped_weight ....................... False
[algo2a-g1-rpp-l0-modal] 
[algo2a-g1-rpp-l0-modal]   moe_token_dispatcher_type ....................... allgather
[algo2a-g1-rpp-l0-modal] 
[algo2a-g1-rpp-l0-modal]   moe_token_drop_policy ........................... probs
[algo2a-g1-rpp-l0-modal] 
[algo2a-g1-rpp-l0-modal]   moe_upcycling_granularity ....................... 1
[algo2a-g1-rpp-l0-modal] 
[algo2a-g1-rpp-l0-modal]   moe_use_upcycling ............................... False
[algo2a-g1-rpp-l0-modal] 
[algo2a-g1-rpp-l0-modal]   moe_z_loss_coeff ................................ None
[algo2a-g1-rpp-l0-modal] 
[algo2a-g1-rpp-l0-modal]   mooncake_replica_num ............................ 1
[algo2a-g1-rpp-l0-modal] 
[algo2a-g1-rpp-l0-modal]   mooncake_store_init_kwargs ...................... None
[algo2a-g1-rpp-l0-modal] 
[algo2a-g1-rpp-l0-modal]   mrope_interleaved ............................... False
[algo2a-g1-rpp-l0-modal] 
[algo2a-g1-rpp-l0-modal]   mrope_section ................................... None
[algo2a-g1-rpp-l0-modal] 
[algo2a-g1-rpp-l0-modal]   mscale .......................................... 1.0
[algo2a-g1-rpp-l0-modal] 
[algo2a-g1-rpp-l0-modal]   mscale_all_dim .................................. 0.0
[algo2a-g1-rpp-l0-modal] 
[algo2a-g1-rpp-l0-modal]   mtp_detach_heads ................................ False
[algo2a-g1-rpp-l0-modal] 
[algo2a-g1-rpp-l0-modal]   mtp_hybrid_override_pattern ..................... None
[algo2a-g1-rpp-l0-modal] 
[algo2a-g1-rpp-l0-modal]   mtp_loss_scaling_factor ......................... 0.2
[algo2a-g1-rpp-l0-modal] 
[algo2a-g1-rpp-l0-modal]   mtp_num_layers .................................. None
[algo2a-g1-rpp-l0-modal] 
[algo2a-g1-rpp-l0-modal]   mtp_standalone .................................. False
[algo2a-g1-rpp-l0-modal] 
[algo2a-g1-rpp-l0-modal]   mtp_use_repeated_layer .......................... False
[algo2a-g1-rpp-l0-modal] 
[algo2a-g1-rpp-l0-modal]   multi_latent_attention .......................... False
[algo2a-g1-rpp-l0-modal] 
[algo2a-g1-rpp-l0-modal]   multi_lora ...................................... False
[algo2a-g1-rpp-l0-modal] 
[algo2a-g1-rpp-l0-modal]   multi_lora_n_adapters ........................... 0
[algo2a-g1-rpp-l0-modal] 
[algo2a-g1-rpp-l0-modal]   multimodal_keys ................................. None
[algo2a-g1-rpp-l0-modal] 
[algo2a-g1-rpp-l0-modal]   multiple_validation_sets ........................ False
[algo2a-g1-rpp-l0-modal] 
[algo2a-g1-rpp-l0-modal]   muon_coefficient_type ........................... quintic
[algo2a-g1-rpp-l0-modal] 
[algo2a-g1-rpp-l0-modal]   muon_extra_scale_factor ......................... 1.0
[algo2a-g1-rpp-l0-modal] 
[algo2a-g1-rpp-l0-modal]   muon_fp32_matmul_prec ........................... medium
[algo2a-g1-rpp-l0-modal] 
[algo2a-g1-rpp-l0-modal]   muon_momentum ................................... 0.9
[algo2a-g1-rpp-l0-modal] 
[algo2a-g1-rpp-l0-modal]   muon_nesterov ................................... False
[algo2a-g1-rpp-l0-modal] 
[algo2a-g1-rpp-l0-modal]   muon_num_ns_steps ............................... 5
[algo2a-g1-rpp-l0-modal] 
[algo2a-g1-rpp-l0-modal]   muon_scalar_optimizer ........................... adam
[algo2a-g1-rpp-l0-modal] 
[algo2a-g1-rpp-l0-modal]   muon_scale_mode ................................. spectral
[algo2a-g1-rpp-l0-modal] 
[algo2a-g1-rpp-l0-modal]   muon_split_qkv .................................. True
[algo2a-g1-rpp-l0-modal] 
[algo2a-g1-rpp-l0-modal]   muon_tp_mode .................................... blockwise
[algo2a-g1-rpp-l0-modal] 
[algo2a-g1-rpp-l0-modal]   mup_attn_scale_power ............................ 1.0
[algo2a-g1-rpp-l0-modal] 
[algo2a-g1-rpp-l0-modal]   mup_base_head_dim ............................... None
[algo2a-g1-rpp-l0-modal] 
[algo2a-g1-rpp-l0-modal]   mup_base_hidden_size ............................ None
[algo2a-g1-rpp-l0-modal] 
[algo2a-g1-rpp-l0-modal]   mup_embedding_mult .............................. 1.0
[algo2a-g1-rpp-l0-modal] 
[algo2a-g1-rpp-l0-modal]   mup_output_mult ................................. 1.0
[algo2a-g1-rpp-l0-modal] 
[algo2a-g1-rpp-l0-modal]   mup_width_mult .................................. 1.0
[algo2a-g1-rpp-l0-modal] 
[algo2a-g1-rpp-l0-modal]   n_samples_per_eval_prompt ....................... 1
[algo2a-g1-rpp-l0-modal] 
[algo2a-g1-rpp-l0-modal]   n_samples_per_prompt ............................ 8
[algo2a-g1-rpp-l0-modal] 
[algo2a-g1-rpp-l0-modal]   nccl_all_reduce_for_prefill ..................... False
[algo2a-g1-rpp-l0-modal] 
[algo2a-g1-rpp-l0-modal]   nccl_communicator_config_path ................... None
[algo2a-g1-rpp-l0-modal] 
[algo2a-g1-rpp-l0-modal]   nccl_ub ......................................... False
[algo2a-g1-rpp-l0-modal] 
[algo2a-g1-rpp-l0-modal]   no_load_optim ................................... True
[algo2a-g1-rpp-l0-modal] 
[algo2a-g1-rpp-l0-modal]   no_load_rng ..................................... True
[algo2a-g1-rpp-l0-modal] 
[algo2a-g1-rpp-l0-modal]   no_persist_layer_norm ........................... False
[algo2a-g1-rpp-l0-modal] 
[algo2a-g1-rpp-l0-modal]   no_rope_freq .................................... None
[algo2a-g1-rpp-l0-modal] 
[algo2a-g1-rpp-l0-modal]   no_save_optim ................................... True
[algo2a-g1-rpp-l0-modal] 
[algo2a-g1-rpp-l0-modal]   no_save_rng ..................................... True
[algo2a-g1-rpp-l0-modal] 
[algo2a-g1-rpp-l0-modal]   no_weight_decay_cond_type ....................... None
[algo2a-g1-rpp-l0-modal] 
[algo2a-g1-rpp-l0-modal]   non_persistent_ckpt_type ........................ None
[algo2a-g1-rpp-l0-modal] 
[algo2a-g1-rpp-l0-modal]   non_persistent_global_ckpt_dir .................. None
[algo2a-g1-rpp-l0-modal] 
[algo2a-g1-rpp-l0-modal]   non_persistent_local_ckpt_algo .................. fully_parallel
[algo2a-g1-rpp-l0-modal] 
[algo2a-g1-rpp-l0-modal]   non_persistent_local_ckpt_dir ................... None
[algo2a-g1-rpp-l0-modal] 
[algo2a-g1-rpp-l0-modal]   non_persistent_save_interval .................... None
[algo2a-g1-rpp-l0-modal] 
[algo2a-g1-rpp-l0-modal]   normalization ................................... RMSNorm
[algo2a-g1-rpp-l0-modal] 
[algo2a-g1-rpp-l0-modal]   normalize_advantages ............................ True
[algo2a-g1-rpp-l0-modal] 
[algo2a-g1-rpp-l0-modal]   null_tokenizer_eod_id ........................... None
[algo2a-g1-rpp-l0-modal] 
[algo2a-g1-rpp-l0-modal]   null_tokenizer_pad_id ........................... -1
[algo2a-g1-rpp-l0-modal] 
[algo2a-g1-rpp-l0-modal]   num_attention_heads ............................. 16
[algo2a-g1-rpp-l0-modal] 
[algo2a-g1-rpp-l0-modal]   num_channels .................................... 3
[algo2a-g1-rpp-l0-modal] 
[algo2a-g1-rpp-l0-modal]   num_classes ..................................... 1000
[algo2a-g1-rpp-l0-modal] 
[algo2a-g1-rpp-l0-modal]   num_critic_only_steps ........................... 0
[algo2a-g1-rpp-l0-modal] 
[algo2a-g1-rpp-l0-modal]   num_dataset_builder_threads ..................... 1
[algo2a-g1-rpp-l0-modal] 
[algo2a-g1-rpp-l0-modal]   num_distributed_optimizer_instances ............. 1
[algo2a-g1-rpp-l0-modal] 
[algo2a-g1-rpp-l0-modal]   num_epoch ....................................... None
[algo2a-g1-rpp-l0-modal] 
[algo2a-g1-rpp-l0-modal]   num_experts ..................................... None
[algo2a-g1-rpp-l0-modal] 
[algo2a-g1-rpp-l0-modal]   num_gpus_per_node ............................... 1
[algo2a-g1-rpp-l0-modal] 
[algo2a-g1-rpp-l0-modal]   num_layers ...................................... 28
[algo2a-g1-rpp-l0-modal] 
[algo2a-g1-rpp-l0-modal]   num_layers_at_end_in_bf16 ....................... 1
[algo2a-g1-rpp-l0-modal] 
[algo2a-g1-rpp-l0-modal]   num_layers_at_start_in_bf16 ..................... 1
[algo2a-g1-rpp-l0-modal] 
[algo2a-g1-rpp-l0-modal]   num_layers_per_virtual_pipeline_stage ........... None
[algo2a-g1-rpp-l0-modal] 
[algo2a-g1-rpp-l0-modal]   num_query_groups ................................ 8
[algo2a-g1-rpp-l0-modal] 
[algo2a-g1-rpp-l0-modal]   num_residual_streams ............................ 4
[algo2a-g1-rpp-l0-modal] 
[algo2a-g1-rpp-l0-modal]   num_rollout ..................................... 3
[algo2a-g1-rpp-l0-modal] 
[algo2a-g1-rpp-l0-modal]   num_speculative_tokens .......................... 0
[algo2a-g1-rpp-l0-modal] 
[algo2a-g1-rpp-l0-modal]   num_steps_per_rollout ........................... 1
[algo2a-g1-rpp-l0-modal] 
[algo2a-g1-rpp-l0-modal]   num_virtual_stages_per_pipeline_rank ............ None
[algo2a-g1-rpp-l0-modal] 
[algo2a-g1-rpp-l0-modal]   num_workers ..................................... 2
[algo2a-g1-rpp-l0-modal] 
[algo2a-g1-rpp-l0-modal]   nvtx_ranges ..................................... False
[algo2a-g1-rpp-l0-modal] 
[algo2a-g1-rpp-l0-modal]   o_groups ........................................ 8
[algo2a-g1-rpp-l0-modal] 
[algo2a-g1-rpp-l0-modal]   o_lora_rank ..................................... 1024
[algo2a-g1-rpp-l0-modal] 
[algo2a-g1-rpp-l0-modal]   object_storage_cache_path ....................... None
[algo2a-g1-rpp-l0-modal]   object_store_backend ............................ ray
[algo2a-g1-rpp-l0-modal] 
[algo2a-g1-rpp-l0-modal]   observe_training_entropy ........................ False
[algo2a-g1-rpp-l0-modal] 
[algo2a-g1-rpp-l0-modal]   offload_modules ................................. []
[algo2a-g1-rpp-l0-modal] 
[algo2a-g1-rpp-l0-modal]   offload_optimizer_states ........................ False
[algo2a-g1-rpp-l0-modal] 
[algo2a-g1-rpp-l0-modal]   offload_rollout ................................. True
[algo2a-g1-rpp-l0-modal] 
[algo2a-g1-rpp-l0-modal]   offload_rollout_level ........................... ['kv_cache', 'weight']
[algo2a-g1-rpp-l0-modal] 
[algo2a-g1-rpp-l0-modal]   offload_train ................................... True
[algo2a-g1-rpp-l0-modal] 
[algo2a-g1-rpp-l0-modal]   offload_train_disk_chunk_mb ..................... 256
[algo2a-g1-rpp-l0-modal] 
[algo2a-g1-rpp-l0-modal]   offload_train_disk_dir .......................... None
[algo2a-g1-rpp-l0-modal] 
[algo2a-g1-rpp-l0-modal]   offload_train_target ............................ cpu
[algo2a-g1-rpp-l0-modal] 
[algo2a-g1-rpp-l0-modal]   one_logger_async ................................ False
[algo2a-g1-rpp-l0-modal] 
[algo2a-g1-rpp-l0-modal]   one_logger_project .............................. megatron-lm
[algo2a-g1-rpp-l0-modal] 
[algo2a-g1-rpp-l0-modal]   one_logger_run_name ............................. None
[algo2a-g1-rpp-l0-modal] 
[algo2a-g1-rpp-l0-modal]   onnx_safe ....................................... None
[algo2a-g1-rpp-l0-modal] 
[algo2a-g1-rpp-l0-modal]   opd_kl_coef ..................................... 1.0
[algo2a-g1-rpp-l0-modal] 
[algo2a-g1-rpp-l0-modal]   opd_log_prob_top_k .............................. 0
[algo2a-g1-rpp-l0-modal] 
[algo2a-g1-rpp-l0-modal]   opd_reward_weight_mode .......................... student_p
[algo2a-g1-rpp-l0-modal] 
[algo2a-g1-rpp-l0-modal]   opd_teacher_ckpt_step ........................... None
[algo2a-g1-rpp-l0-modal] 
[algo2a-g1-rpp-l0-modal]   opd_teacher_key ................................. opd_teacher
[algo2a-g1-rpp-l0-modal] 
[algo2a-g1-rpp-l0-modal]   opd_teacher_load ................................ None
[algo2a-g1-rpp-l0-modal] 
[algo2a-g1-rpp-l0-modal]   opd_teacher_urls ................................ None
[algo2a-g1-rpp-l0-modal] 
[algo2a-g1-rpp-l0-modal]   opd_top_k_strategy .............................. only-student
[algo2a-g1-rpp-l0-modal] 
[algo2a-g1-rpp-l0-modal]   opd_topk_per_position ........................... False
[algo2a-g1-rpp-l0-modal] 
[algo2a-g1-rpp-l0-modal]   opd_type ........................................ None
[algo2a-g1-rpp-l0-modal] 
[algo2a-g1-rpp-l0-modal]   openai_gelu ..................................... False
[algo2a-g1-rpp-l0-modal] 
[algo2a-g1-rpp-l0-modal]   opsm_delta ...................................... 0.0001
[algo2a-g1-rpp-l0-modal] 
[algo2a-g1-rpp-l0-modal]   optimizer ....................................... adam
[algo2a-g1-rpp-l0-modal] 
[algo2a-g1-rpp-l0-modal]   optimizer_cpu_offload ........................... False
[algo2a-g1-rpp-l0-modal] 
[algo2a-g1-rpp-l0-modal]   optimizer_cuda_graph ............................ False
[algo2a-g1-rpp-l0-modal] 
[algo2a-g1-rpp-l0-modal]   optimizer_offload_fraction ...................... 1.0
[algo2a-g1-rpp-l0-modal] 
[algo2a-g1-rpp-l0-modal]   optimizer_state_offload_chunk_size_mb ........... 0
[algo2a-g1-rpp-l0-modal] 
[algo2a-g1-rpp-l0-modal]   optimizer_state_offload_fraction ................ 1.0
[algo2a-g1-rpp-l0-modal] 
[algo2a-g1-rpp-l0-modal]   original_max_position_embeddings ................ 4096
[algo2a-g1-rpp-l0-modal] 
[algo2a-g1-rpp-l0-modal]   outer_dp_sharding_strategy ...................... no_shard
[algo2a-g1-rpp-l0-modal] 
[algo2a-g1-rpp-l0-modal]   output_bert_embeddings .......................... False
[algo2a-g1-rpp-l0-modal] 
[algo2a-g1-rpp-l0-modal]   over_sampling_batch_size ........................ 4
[algo2a-g1-rpp-l0-modal] 
[algo2a-g1-rpp-l0-modal]   overlap_cpu_optimizer_d2h_h2d ................... False
[algo2a-g1-rpp-l0-modal] 
[algo2a-g1-rpp-l0-modal]   overlap_dispatch_backward_with_experts_wgrad .... False
[algo2a-g1-rpp-l0-modal] 
[algo2a-g1-rpp-l0-modal]   overlap_grad_reduce ............................. False
[algo2a-g1-rpp-l0-modal] 
[algo2a-g1-rpp-l0-modal]   overlap_moe_expert_parallel_comm ................ False
[algo2a-g1-rpp-l0-modal] 
[algo2a-g1-rpp-l0-modal]   overlap_p2p_comm ................................ False
[algo2a-g1-rpp-l0-modal] 
[algo2a-g1-rpp-l0-modal]   overlap_p2p_comm_warmup_flush ................... False
[algo2a-g1-rpp-l0-modal] 
[algo2a-g1-rpp-l0-modal]   overlap_param_gather ............................ False
[algo2a-g1-rpp-l0-modal] 
[algo2a-g1-rpp-l0-modal]   overlap_param_gather_with_optimizer_step ........ False
[algo2a-g1-rpp-l0-modal] 
[algo2a-g1-rpp-l0-modal]   override_opt_param_scheduler .................... False
[algo2a-g1-rpp-l0-modal] 
[algo2a-g1-rpp-l0-modal]   p2p_transfer_num_workers ........................ 4
[algo2a-g1-rpp-l0-modal] 
[algo2a-g1-rpp-l0-modal]   p2p_transfer_timeout ............................ 30.0
[algo2a-g1-rpp-l0-modal] 
[algo2a-g1-rpp-l0-modal]   pad_packed_seq_alignment ........................ None
[algo2a-g1-rpp-l0-modal] 
[algo2a-g1-rpp-l0-modal]   pad_vocab_size .................................. True
[algo2a-g1-rpp-l0-modal] 
[algo2a-g1-rpp-l0-modal]   padded_vocab_size ............................... 151936
[algo2a-g1-rpp-l0-modal] 
[algo2a-g1-rpp-l0-modal]   params_dtype .................................... torch.bfloat16
[algo2a-g1-rpp-l0-modal] 
[algo2a-g1-rpp-l0-modal]   partial_rollout ................................. False
[algo2a-g1-rpp-l0-modal] 
[algo2a-g1-rpp-l0-modal]   patch_dim ....................................... 16
[algo2a-g1-rpp-l0-modal] 
[algo2a-g1-rpp-l0-modal]   pause_generation_mode ........................... retract
[algo2a-g1-rpp-l0-modal] 
[algo2a-g1-rpp-l0-modal]   per_dataset_sequences_path ...................... None
[algo2a-g1-rpp-l0-modal] 
[algo2a-g1-rpp-l0-modal]   per_split_data_args_path ........................ None
[algo2a-g1-rpp-l0-modal] 
[algo2a-g1-rpp-l0-modal]   perform_initialization .......................... True
[algo2a-g1-rpp-l0-modal] 
[algo2a-g1-rpp-l0-modal]   perform_rl_step ................................. False
[algo2a-g1-rpp-l0-modal] 
[algo2a-g1-rpp-l0-modal]   phase_transition_iterations ..................... None
[algo2a-g1-rpp-l0-modal] 
[algo2a-g1-rpp-l0-modal]   pin_cpu_grads ................................... True
[algo2a-g1-rpp-l0-modal] 
[algo2a-g1-rpp-l0-modal]   pin_cpu_params .................................. True
[algo2a-g1-rpp-l0-modal] 
[algo2a-g1-rpp-l0-modal]   pin_rollout_manager_to_head ..................... True
[algo2a-g1-rpp-l0-modal] 
[algo2a-g1-rpp-l0-modal]   pipeline_model_parallel_comm_backend ............ None
[algo2a-g1-rpp-l0-modal] 
[algo2a-g1-rpp-l0-modal]   pipeline_model_parallel_layout .................. None
[algo2a-g1-rpp-l0-modal] 
[algo2a-g1-rpp-l0-modal]   pipeline_model_parallel_size .................... 1
[algo2a-g1-rpp-l0-modal] 
[algo2a-g1-rpp-l0-modal]   position_embedding_type ......................... rope
[algo2a-g1-rpp-l0-modal] 
[algo2a-g1-rpp-l0-modal]   post_mlp_layernorm .............................. False
[algo2a-g1-rpp-l0-modal] 
[algo2a-g1-rpp-l0-modal]   post_self_attn_layernorm ........................ False
[algo2a-g1-rpp-l0-modal] 
[algo2a-g1-rpp-l0-modal]   prefill_num_servers ............................. None
[algo2a-g1-rpp-l0-modal] 
[algo2a-g1-rpp-l0-modal]   pretrained_checkpoint ........................... None
[algo2a-g1-rpp-l0-modal] 
[algo2a-g1-rpp-l0-modal]   profile ......................................... False
[algo2a-g1-rpp-l0-modal] 
[algo2a-g1-rpp-l0-modal]   profile_ranks ................................... []
[algo2a-g1-rpp-l0-modal] 
[algo2a-g1-rpp-l0-modal]   profile_step_end ................................ 12
[algo2a-g1-rpp-l0-modal] 
[algo2a-g1-rpp-l0-modal]   profile_step_start .............................. 10
[algo2a-g1-rpp-l0-modal] 
[algo2a-g1-rpp-l0-modal]   profile_target .................................. ['train_overall']
[algo2a-g1-rpp-l0-modal] 
[algo2a-g1-rpp-l0-modal]   prometheus_port ................................. 9090
[algo2a-g1-rpp-l0-modal] 
[algo2a-g1-rpp-l0-modal]   prometheus_run_name ............................. None
[algo2a-g1-rpp-l0-modal] 
[algo2a-g1-rpp-l0-modal]   prompt_data ..................................... /root/yeto-rl/prompts.jsonl
[algo2a-g1-rpp-l0-modal] 
[algo2a-g1-rpp-l0-modal]   pytorch_profiler_collect_callstack .............. False
[algo2a-g1-rpp-l0-modal] 
[algo2a-g1-rpp-l0-modal]   pytorch_profiler_collect_chakra ................. False
[algo2a-g1-rpp-l0-modal] 
[algo2a-g1-rpp-l0-modal]   pytorch_profiler_collect_shapes ................. False
[algo2a-g1-rpp-l0-modal] 
[algo2a-g1-rpp-l0-modal]   q_lora_rank ..................................... None
[algo2a-g1-rpp-l0-modal] 
[algo2a-g1-rpp-l0-modal]   qk_clip ......................................... False
[algo2a-g1-rpp-l0-modal] 
[algo2a-g1-rpp-l0-modal]   qk_clip_alpha ................................... 0.5
[algo2a-g1-rpp-l0-modal] 
[algo2a-g1-rpp-l0-modal]   qk_clip_threshold ............................... 100
[algo2a-g1-rpp-l0-modal] 
[algo2a-g1-rpp-l0-modal]   qk_head_dim ..................................... 128
[algo2a-g1-rpp-l0-modal] 
[algo2a-g1-rpp-l0-modal]   qk_l2_norm ...................................... False
[algo2a-g1-rpp-l0-modal] 
[algo2a-g1-rpp-l0-modal]   qk_layernorm .................................... True
[algo2a-g1-rpp-l0-modal] 
[algo2a-g1-rpp-l0-modal]   qk_pos_emb_head_dim ............................. 64
[algo2a-g1-rpp-l0-modal] 
[algo2a-g1-rpp-l0-modal]   qkv_format ...................................... thd
[algo2a-g1-rpp-l0-modal] 
[algo2a-g1-rpp-l0-modal]   query_in_block_prob ............................. 0.1
[algo2a-g1-rpp-l0-modal] 
[algo2a-g1-rpp-l0-modal]   quick_geglu ..................................... False
[algo2a-g1-rpp-l0-modal] 
[algo2a-g1-rpp-l0-modal]   rampup_batch_size ............................... None
[algo2a-g1-rpp-l0-modal] 
[algo2a-g1-rpp-l0-modal]   rank ............................................ 0
[algo2a-g1-rpp-l0-modal] 
[algo2a-g1-rpp-l0-modal]   recompute_granularity ........................... None
[algo2a-g1-rpp-l0-modal] 
[algo2a-g1-rpp-l0-modal]   recompute_logprobs_via_prefill .................. False
[algo2a-g1-rpp-l0-modal] 
[algo2a-g1-rpp-l0-modal]   recompute_loss_function ......................... False
[algo2a-g1-rpp-l0-modal] 
[algo2a-g1-rpp-l0-modal]   recompute_method ................................ None
[algo2a-g1-rpp-l0-modal] 
[algo2a-g1-rpp-l0-modal]   recompute_modules ............................... None
[algo2a-g1-rpp-l0-modal] 
[algo2a-g1-rpp-l0-modal]   recompute_num_layers ............................ None
[algo2a-g1-rpp-l0-modal] 
[algo2a-g1-rpp-l0-modal]   record_memory_history ........................... False
[algo2a-g1-rpp-l0-modal] 
[algo2a-g1-rpp-l0-modal]   record_shapes ................................... False
[algo2a-g1-rpp-l0-modal] 
[algo2a-g1-rpp-l0-modal]   ref_ckpt_step ................................... None
[algo2a-g1-rpp-l0-modal] 
[algo2a-g1-rpp-l0-modal]   ref_load ........................................ /root/.cache/huggingface/hub/models--Qwen--Qwen3-0.6B/snapshots/c1899de289a04d12100db370d81485cdf75e47ca
[algo2a-g1-rpp-l0-modal] 
[algo2a-g1-rpp-l0-modal]   ref_update_interval ............................. None
[algo2a-g1-rpp-l0-modal] 
[algo2a-g1-rpp-l0-modal]   refit_method .................................... gloo
[algo2a-g1-rpp-l0-modal] 
[algo2a-g1-rpp-l0-modal]   relative_attention_max_distance ................. 128
[algo2a-g1-rpp-l0-modal] 
[algo2a-g1-rpp-l0-modal]   relative_attention_num_buckets .................. 32
[algo2a-g1-rpp-l0-modal] 
[algo2a-g1-rpp-l0-modal]   rematerialize_param_from_master_weight .......... False
[algo2a-g1-rpp-l0-modal] 
[algo2a-g1-rpp-l0-modal]   replication ..................................... False
[algo2a-g1-rpp-l0-modal] 
[algo2a-g1-rpp-l0-modal]   replication_factor .............................. 2
[algo2a-g1-rpp-l0-modal] 
[algo2a-g1-rpp-l0-modal]   replication_jump ................................ None
[algo2a-g1-rpp-l0-modal] 
[algo2a-g1-rpp-l0-modal]   requested_load .................................. None
[algo2a-g1-rpp-l0-modal] 
[algo2a-g1-rpp-l0-modal]   rerun_mode ...................................... validate_results
[algo2a-g1-rpp-l0-modal] 
[algo2a-g1-rpp-l0-modal]   reset_attention_mask ............................ False
[algo2a-g1-rpp-l0-modal] 
[algo2a-g1-rpp-l0-modal]   reset_optimizer_states .......................... False
[algo2a-g1-rpp-l0-modal] 
[algo2a-g1-rpp-l0-modal]   reset_position_ids .............................. False
[algo2a-g1-rpp-l0-modal] 
[algo2a-g1-rpp-l0-modal]   result_rejected_tracker_filename ................ None
[algo2a-g1-rpp-l0-modal] 
[algo2a-g1-rpp-l0-modal]   retriever_report_topk_accuracies ................ []
[algo2a-g1-rpp-l0-modal] 
[algo2a-g1-rpp-l0-modal]   retriever_score_scaling ......................... False
[algo2a-g1-rpp-l0-modal] 
[algo2a-g1-rpp-l0-modal]   reuse_grad_buf_for_mxfp8_param_ag ............... False
[algo2a-g1-rpp-l0-modal] 
[algo2a-g1-rpp-l0-modal]   reward_key ...................................... None
[algo2a-g1-rpp-l0-modal] 
[algo2a-g1-rpp-l0-modal]   rewards_normalization ........................... True
[algo2a-g1-rpp-l0-modal] 
[algo2a-g1-rpp-l0-modal]   rl_consumption_granularity ...................... B
[algo2a-g1-rpp-l0-modal] 
[algo2a-g1-rpp-l0-modal]   rl_default_temperature .......................... 1.0
[algo2a-g1-rpp-l0-modal] 
[algo2a-g1-rpp-l0-modal]   rl_default_top_k ................................ -1
[algo2a-g1-rpp-l0-modal] 
[algo2a-g1-rpp-l0-modal]   rl_default_top_p ................................ 0
[algo2a-g1-rpp-l0-modal] 
[algo2a-g1-rpp-l0-modal]   rl_generation_lag ............................... 0
[algo2a-g1-rpp-l0-modal] 
[algo2a-g1-rpp-l0-modal]   rl_importance_sampling_truncation_coef .......... None
[algo2a-g1-rpp-l0-modal] 
[algo2a-g1-rpp-l0-modal]   rl_inference_expert_model_parallel_size ......... None
[algo2a-g1-rpp-l0-modal] 
[algo2a-g1-rpp-l0-modal]   rl_inference_expert_tensor_model_parallel_size .. None
[algo2a-g1-rpp-l0-modal] 
[algo2a-g1-rpp-l0-modal]   rl_inference_logprobs_is_correction ............. False
[algo2a-g1-rpp-l0-modal] 
[algo2a-g1-rpp-l0-modal]   rl_inference_model_unified_memory_level ......... 0
[algo2a-g1-rpp-l0-modal] 
[algo2a-g1-rpp-l0-modal]   rl_inference_parsers ............................ []
[algo2a-g1-rpp-l0-modal] 
[algo2a-g1-rpp-l0-modal]   rl_inference_pipeline_model_parallel_size ....... None
[algo2a-g1-rpp-l0-modal] 
[algo2a-g1-rpp-l0-modal]   rl_inference_tensor_model_parallel_size ......... None
[algo2a-g1-rpp-l0-modal] 
[algo2a-g1-rpp-l0-modal]   rl_kv_cache_management_mode ..................... persist
[algo2a-g1-rpp-l0-modal] 
[algo2a-g1-rpp-l0-modal]   rl_offload_inference_model_weights_when_idle .... False
[algo2a-g1-rpp-l0-modal] 
[algo2a-g1-rpp-l0-modal]   rl_offload_optimizer_during_inference ........... False
[algo2a-g1-rpp-l0-modal] 
[algo2a-g1-rpp-l0-modal]   rl_partial_rollouts ............................. False
[algo2a-g1-rpp-l0-modal] 
[algo2a-g1-rpp-l0-modal]   rl_persist_cuda_graphs .......................... False
[algo2a-g1-rpp-l0-modal] 
[algo2a-g1-rpp-l0-modal]   rl_profile ...................................... False
[algo2a-g1-rpp-l0-modal] 
[algo2a-g1-rpp-l0-modal]   rl_profile_dir .................................. None
[algo2a-g1-rpp-l0-modal] 
[algo2a-g1-rpp-l0-modal]   rl_prompts_per_eval ............................. 32
[algo2a-g1-rpp-l0-modal] 
[algo2a-g1-rpp-l0-modal]   rl_sequence_packing_algo ........................ fifo
[algo2a-g1-rpp-l0-modal] 
[algo2a-g1-rpp-l0-modal]   rl_sequence_packing_max_sequences_per_bin ....... 50
[algo2a-g1-rpp-l0-modal] 
[algo2a-g1-rpp-l0-modal]   rl_skip_bos_token ............................... False
[algo2a-g1-rpp-l0-modal] 
[algo2a-g1-rpp-l0-modal]   rl_submission_granularity ....................... B
[algo2a-g1-rpp-l0-modal] 
[algo2a-g1-rpp-l0-modal]   rl_training_cuda_graphs ......................... False
[algo2a-g1-rpp-l0-modal] 
[algo2a-g1-rpp-l0-modal]   rl_use_sequence_packing ......................... False
[algo2a-g1-rpp-l0-modal] 
[algo2a-g1-rpp-l0-modal]   rl_verify_model_weights_swap .................... False
[algo2a-g1-rpp-l0-modal] 
[algo2a-g1-rpp-l0-modal]   rm_type ......................................... None
[algo2a-g1-rpp-l0-modal] 
[algo2a-g1-rpp-l0-modal]   rm_url .......................................... None
[algo2a-g1-rpp-l0-modal] 
[algo2a-g1-rpp-l0-modal]   rollout_all_samples_process_path ................ yeto.rl.engine.miles_adapter.rollout_meta_hook.extract_rollout_metadata
[algo2a-g1-rpp-l0-modal] 
[algo2a-g1-rpp-l0-modal]   rollout_batch_size .............................. 4
[algo2a-g1-rpp-l0-modal] 
[algo2a-g1-rpp-l0-modal]   rollout_buffer_url .............................. None
[algo2a-g1-rpp-l0-modal] 
[algo2a-g1-rpp-l0-modal]   rollout_data_postprocess_path ................... None
[algo2a-g1-rpp-l0-modal] 
[algo2a-g1-rpp-l0-modal]   rollout_external ................................ False
[algo2a-g1-rpp-l0-modal] 
[algo2a-g1-rpp-l0-modal]   rollout_external_engine_addrs ................... None
[algo2a-g1-rpp-l0-modal] 
[algo2a-g1-rpp-l0-modal]   rollout_external_router_pd ...................... False
[algo2a-g1-rpp-l0-modal] 
[algo2a-g1-rpp-l0-modal]   rollout_function_path ........................... miles.rollout.inference_rollout.inference_rollout_common.InferenceRolloutFn
[algo2a-g1-rpp-l0-modal] 
[algo2a-g1-rpp-l0-modal]   rollout_global_dataset .......................... True
[algo2a-g1-rpp-l0-modal] 
[algo2a-g1-rpp-l0-modal]   rollout_health_check_failure_threshold .......... 1
[algo2a-g1-rpp-l0-modal] 
[algo2a-g1-rpp-l0-modal]   rollout_health_check_first_wait ................. 0.0
[algo2a-g1-rpp-l0-modal] 
[algo2a-g1-rpp-l0-modal]   rollout_health_check_interval ................... 30.0
[algo2a-g1-rpp-l0-modal] 
[algo2a-g1-rpp-l0-modal]   rollout_health_check_timeout .................... 30.0
[algo2a-g1-rpp-l0-modal] 
[algo2a-g1-rpp-l0-modal]   rollout_indexer_topk_num_streams ................ None
[algo2a-g1-rpp-l0-modal] 
[algo2a-g1-rpp-l0-modal]   rollout_max_context_len ......................... 1024
[algo2a-g1-rpp-l0-modal] 
[algo2a-g1-rpp-l0-modal]   rollout_max_prompt_len .......................... 1023
[algo2a-g1-rpp-l0-modal] 
[algo2a-g1-rpp-l0-modal]   rollout_max_response_len ........................ 384
[algo2a-g1-rpp-l0-modal] 
[algo2a-g1-rpp-l0-modal]   rollout_num_gpus ................................ 1
[algo2a-g1-rpp-l0-modal] 
[algo2a-g1-rpp-l0-modal]   rollout_num_gpus_per_engine ..................... 1
[algo2a-g1-rpp-l0-modal] 
[algo2a-g1-rpp-l0-modal]   rollout_sample_filter_path ...................... yeto.rl.engine.miles_adapter.rollout_meta_hook.record_trained_groups
[algo2a-g1-rpp-l0-modal] 
[algo2a-g1-rpp-l0-modal]   rollout_seed .................................... 17
[algo2a-g1-rpp-l0-modal] 
[algo2a-g1-rpp-l0-modal]   rollout_shuffle ................................. False
[algo2a-g1-rpp-l0-modal] 
[algo2a-g1-rpp-l0-modal]   rollout_skip_special_tokens ..................... False
[algo2a-g1-rpp-l0-modal] 
[algo2a-g1-rpp-l0-modal]   rollout_stop .................................... None
[algo2a-g1-rpp-l0-modal] 
[algo2a-g1-rpp-l0-modal]   rollout_stop_token_ids .......................... None
[algo2a-g1-rpp-l0-modal] 
[algo2a-g1-rpp-l0-modal]   rollout_submission_granularity .................. None
[algo2a-g1-rpp-l0-modal] 
[algo2a-g1-rpp-l0-modal]   rollout_task_type ............................... math
[algo2a-g1-rpp-l0-modal] 
[algo2a-g1-rpp-l0-modal]   rollout_temperature ............................. 1.0
[algo2a-g1-rpp-l0-modal] 
[algo2a-g1-rpp-l0-modal]   rollout_top_k ................................... -1
[algo2a-g1-rpp-l0-modal] 
[algo2a-g1-rpp-l0-modal]   rollout_top_p ................................... 1.0
[algo2a-g1-rpp-l0-modal] 
[algo2a-g1-rpp-l0-modal]   rope_scaling_factor ............................. 8.0
[algo2a-g1-rpp-l0-modal] 
[algo2a-g1-rpp-l0-modal]   rope_type ....................................... rope
[algo2a-g1-rpp-l0-modal] 
[algo2a-g1-rpp-l0-modal]   rotary_base ..................................... 1000000
[algo2a-g1-rpp-l0-modal] 
[algo2a-g1-rpp-l0-modal]   rotary_base_per_layer ........................... None
[algo2a-g1-rpp-l0-modal] 
[algo2a-g1-rpp-l0-modal]   rotary_interleaved .............................. False
[algo2a-g1-rpp-l0-modal] 
[algo2a-g1-rpp-l0-modal]   rotary_percent .................................. 1.0
[algo2a-g1-rpp-l0-modal] 
[algo2a-g1-rpp-l0-modal]   rotary_scaling_factor ........................... 1.0
[algo2a-g1-rpp-l0-modal] 
[algo2a-g1-rpp-l0-modal]   rotary_seq_len_interpolation_factor ............. None
[algo2a-g1-rpp-l0-modal] 
[algo2a-g1-rpp-l0-modal]   router_allow_requests_without_routing_key ....... False
[algo2a-g1-rpp-l0-modal] 
[algo2a-g1-rpp-l0-modal]   router_api_key .................................. None
[algo2a-g1-rpp-l0-modal] 
[algo2a-g1-rpp-l0-modal]   router_assignment_mode .......................... random
[algo2a-g1-rpp-l0-modal] 
[algo2a-g1-rpp-l0-modal]   router_backend .................................. sglang
[algo2a-g1-rpp-l0-modal] 
[algo2a-g1-rpp-l0-modal]   router_balance_abs_threshold .................... 64
[algo2a-g1-rpp-l0-modal] 
[algo2a-g1-rpp-l0-modal]   router_balance_rel_threshold .................... 1.5
[algo2a-g1-rpp-l0-modal] 
[algo2a-g1-rpp-l0-modal]   router_bucket_adjust_interval_secs .............. 5
[algo2a-g1-rpp-l0-modal] 
[algo2a-g1-rpp-l0-modal]   router_ca_cert_paths ............................ []
[algo2a-g1-rpp-l0-modal] 
[algo2a-g1-rpp-l0-modal]   router_cache_threshold .......................... 0.3
[algo2a-g1-rpp-l0-modal] 
[algo2a-g1-rpp-l0-modal]   router_cb_failure_threshold ..................... 10
[algo2a-g1-rpp-l0-modal] 
  router_cb_success_threshold ..................... 3
[algo2a-g1-rpp-l0-modal] 
[algo2a-g1-rpp-l0-modal]   router_cb_timeout_duration_secs ................. 60
[algo2a-g1-rpp-l0-modal] 
[algo2a-g1-rpp-l0-modal]   router_cb_window_duration_secs .................. 120
[algo2a-g1-rpp-l0-modal] 
[algo2a-g1-rpp-l0-modal]   router_chat_template ............................ None
[algo2a-g1-rpp-l0-modal] 
[algo2a-g1-rpp-l0-modal]   router_client_cert_path ......................... None
[algo2a-g1-rpp-l0-modal] 
[algo2a-g1-rpp-l0-modal]   router_client_key_path .......................... None
[algo2a-g1-rpp-l0-modal] 
[algo2a-g1-rpp-l0-modal]   router_control_plane_api_keys ................... []
[algo2a-g1-rpp-l0-modal] 
[algo2a-g1-rpp-l0-modal]   router_control_plane_audit_enabled .............. False
[algo2a-g1-rpp-l0-modal] 
[algo2a-g1-rpp-l0-modal]   router_cors_allowed_origins ..................... []
[algo2a-g1-rpp-l0-modal] 
[algo2a-g1-rpp-l0-modal]   router_decode ................................... None
[algo2a-g1-rpp-l0-modal] 
[algo2a-g1-rpp-l0-modal]   router_decode_policy ............................ None
[algo2a-g1-rpp-l0-modal] 
[algo2a-g1-rpp-l0-modal]   router_decode_selector .......................... {}
[algo2a-g1-rpp-l0-modal] 
[algo2a-g1-rpp-l0-modal]   router_disable_circuit_breaker .................. False
[algo2a-g1-rpp-l0-modal] 
[algo2a-g1-rpp-l0-modal]   router_disable_health_check ..................... False
[algo2a-g1-rpp-l0-modal] 
[algo2a-g1-rpp-l0-modal]   router_disable_retries .......................... False
[algo2a-g1-rpp-l0-modal] 
[algo2a-g1-rpp-l0-modal]   router_dp_aware ................................. False
[algo2a-g1-rpp-l0-modal] 
[algo2a-g1-rpp-l0-modal]   router_enable_igw ............................... False
[algo2a-g1-rpp-l0-modal] 
[algo2a-g1-rpp-l0-modal]   router_enable_trace ............................. False
[algo2a-g1-rpp-l0-modal] 
[algo2a-g1-rpp-l0-modal]   router_eviction_interval_secs ................... 60
[algo2a-g1-rpp-l0-modal] 
[algo2a-g1-rpp-l0-modal]   router_health_check_endpoint .................... /health
[algo2a-g1-rpp-l0-modal] 
[algo2a-g1-rpp-l0-modal]   router_health_check_interval_secs ............... 60
[algo2a-g1-rpp-l0-modal] 
[algo2a-g1-rpp-l0-modal]   router_health_check_timeout_secs ................ 5
[algo2a-g1-rpp-l0-modal] 
[algo2a-g1-rpp-l0-modal]   router_health_failure_threshold ................. 3
[algo2a-g1-rpp-l0-modal] 
[algo2a-g1-rpp-l0-modal]   router_health_success_threshold ................. 2
[algo2a-g1-rpp-l0-modal] 
[algo2a-g1-rpp-l0-modal]   router_history_backend .......................... memory
[algo2a-g1-rpp-l0-modal] 
[algo2a-g1-rpp-l0-modal]   router_json_log ................................. False
[algo2a-g1-rpp-l0-modal] 
[algo2a-g1-rpp-l0-modal]   router_jwt_audience ............................. None
[algo2a-g1-rpp-l0-modal] 
[algo2a-g1-rpp-l0-modal]   router_jwt_issuer ............................... None
[algo2a-g1-rpp-l0-modal] 
[algo2a-g1-rpp-l0-modal]   router_jwt_jwks_uri ............................. None
[algo2a-g1-rpp-l0-modal] 
[algo2a-g1-rpp-l0-modal]   router_jwt_role_mapping ......................... []
[algo2a-g1-rpp-l0-modal] 
[algo2a-g1-rpp-l0-modal]   router_log_dir .................................. None
[algo2a-g1-rpp-l0-modal] 
[algo2a-g1-rpp-l0-modal]   router_log_level ................................ info
[algo2a-g1-rpp-l0-modal] 
[algo2a-g1-rpp-l0-modal]   router_max_concurrent_requests .................. -1
[algo2a-g1-rpp-l0-modal] 
[algo2a-g1-rpp-l0-modal]   router_max_idle_secs ............................ 14400
[algo2a-g1-rpp-l0-modal] 
[algo2a-g1-rpp-l0-modal]   router_max_payload_size ......................... 536870912
[algo2a-g1-rpp-l0-modal] 
[algo2a-g1-rpp-l0-modal]   router_max_tree_size ............................ 67108864
[algo2a-g1-rpp-l0-modal] 
[algo2a-g1-rpp-l0-modal]   router_mcp_config_path .......................... None
[algo2a-g1-rpp-l0-modal] 
[algo2a-g1-rpp-l0-modal]   router_mini_lb .................................. False
[algo2a-g1-rpp-l0-modal] 
[algo2a-g1-rpp-l0-modal]   router_model_path ............................... None
[algo2a-g1-rpp-l0-modal] 
[algo2a-g1-rpp-l0-modal]   router_oracle_connect_descriptor ................ None
[algo2a-g1-rpp-l0-modal] 
[algo2a-g1-rpp-l0-modal]   router_oracle_password .......................... None
[algo2a-g1-rpp-l0-modal] 
[algo2a-g1-rpp-l0-modal]   router_oracle_pool_max .......................... 16
[algo2a-g1-rpp-l0-modal] 
[algo2a-g1-rpp-l0-modal]   router_oracle_pool_min .......................... 1
[algo2a-g1-rpp-l0-modal] 
[algo2a-g1-rpp-l0-modal]   router_oracle_pool_timeout_secs ................. 30
[algo2a-g1-rpp-l0-modal] 
[algo2a-g1-rpp-l0-modal]   router_oracle_tns_alias ......................... None
[algo2a-g1-rpp-l0-modal] 
[algo2a-g1-rpp-l0-modal]   router_oracle_username .......................... None
[algo2a-g1-rpp-l0-modal] 
[algo2a-g1-rpp-l0-modal]   router_oracle_wallet_path ....................... None
[algo2a-g1-rpp-l0-modal] 
[algo2a-g1-rpp-l0-modal]   router_otlp_traces_endpoint ..................... localhost:4317
[algo2a-g1-rpp-l0-modal] 
[algo2a-g1-rpp-l0-modal]   router_pd_disaggregation ........................ False
[algo2a-g1-rpp-l0-modal] 
[algo2a-g1-rpp-l0-modal]   router_policy ................................... cache_aware
[algo2a-g1-rpp-l0-modal] 
[algo2a-g1-rpp-l0-modal]   router_postgres_db_url .......................... None
[algo2a-g1-rpp-l0-modal] 
[algo2a-g1-rpp-l0-modal]   router_postgres_pool_max ........................ 16
[algo2a-g1-rpp-l0-modal] 
[algo2a-g1-rpp-l0-modal]   router_prefill .................................. None
[algo2a-g1-rpp-l0-modal] 
[algo2a-g1-rpp-l0-modal]   router_prefill_policy ........................... None
[algo2a-g1-rpp-l0-modal] 
[algo2a-g1-rpp-l0-modal]   router_prefill_selector ......................... {}
[algo2a-g1-rpp-l0-modal] 
[algo2a-g1-rpp-l0-modal]   router_prometheus_duration_buckets .............. None
[algo2a-g1-rpp-l0-modal] 
[algo2a-g1-rpp-l0-modal]   router_prometheus_host .......................... 0.0.0.0
[algo2a-g1-rpp-l0-modal] 
[algo2a-g1-rpp-l0-modal]   router_prometheus_port .......................... 29000
[algo2a-g1-rpp-l0-modal] 
[algo2a-g1-rpp-l0-modal]   router_queue_size ............................... 100
[algo2a-g1-rpp-l0-modal] 
[algo2a-g1-rpp-l0-modal]   router_queue_timeout_secs ....................... 60
[algo2a-g1-rpp-l0-modal] 
[algo2a-g1-rpp-l0-modal]   router_rate_limit_tokens_per_second ............. None
[algo2a-g1-rpp-l0-modal] 
[algo2a-g1-rpp-l0-modal]   router_reasoning_parser ......................... None
[algo2a-g1-rpp-l0-modal] 
[algo2a-g1-rpp-l0-modal]   router_redis_pool_max ........................... 16
[algo2a-g1-rpp-l0-modal] 
[algo2a-g1-rpp-l0-modal]   router_redis_retention_days ..................... 30
[algo2a-g1-rpp-l0-modal] 
[algo2a-g1-rpp-l0-modal]   router_redis_url ................................ None
[algo2a-g1-rpp-l0-modal] 
[algo2a-g1-rpp-l0-modal]   router_request_id_headers ....................... None
[algo2a-g1-rpp-l0-modal] 
[algo2a-g1-rpp-l0-modal]   router_request_timeout_secs ..................... 1800
[algo2a-g1-rpp-l0-modal] 
[algo2a-g1-rpp-l0-modal]   router_retry_backoff_multiplier ................. 1.5
[algo2a-g1-rpp-l0-modal] 
[algo2a-g1-rpp-l0-modal]   router_retry_initial_backoff_ms ................. 50
[algo2a-g1-rpp-l0-modal] 
[algo2a-g1-rpp-l0-modal]   router_retry_jitter_factor ...................... 0.2
[algo2a-g1-rpp-l0-modal] 
[algo2a-g1-rpp-l0-modal]   router_retry_max_backoff_ms ..................... 30000
[algo2a-g1-rpp-l0-modal] 
[algo2a-g1-rpp-l0-modal]   router_retry_max_retries ........................ 5
[algo2a-g1-rpp-l0-modal] 
[algo2a-g1-rpp-l0-modal]   router_selector ................................. {}
[algo2a-g1-rpp-l0-modal] 
[algo2a-g1-rpp-l0-modal]   router_service_discovery ........................ False
[algo2a-g1-rpp-l0-modal] 
[algo2a-g1-rpp-l0-modal]   router_service_discovery_namespace .............. None
[algo2a-g1-rpp-l0-modal] 
[algo2a-g1-rpp-l0-modal]   router_service_discovery_port ................... 80
[algo2a-g1-rpp-l0-modal] 
[algo2a-g1-rpp-l0-modal]   router_shutdown_grace_period_secs ............... 180
[algo2a-g1-rpp-l0-modal] 
[algo2a-g1-rpp-l0-modal]   router_test_external_dp_routing ................. False
[algo2a-g1-rpp-l0-modal] 
[algo2a-g1-rpp-l0-modal]   router_tls_cert_path ............................ None
[algo2a-g1-rpp-l0-modal] 
[algo2a-g1-rpp-l0-modal]   router_tls_key_path ............................. None
[algo2a-g1-rpp-l0-modal] 
[algo2a-g1-rpp-l0-modal]   router_tokenizer_cache_enable_l0 ................ False
[algo2a-g1-rpp-l0-modal] 
[algo2a-g1-rpp-l0-modal]   router_tokenizer_cache_enable_l1 ................ False
[algo2a-g1-rpp-l0-modal] 
[algo2a-g1-rpp-l0-modal]   router_tokenizer_cache_l0_max_entries ........... 10000
[algo2a-g1-rpp-l0-modal] 
[algo2a-g1-rpp-l0-modal]   router_tokenizer_cache_l1_max_memory ............ 52428800
[algo2a-g1-rpp-l0-modal] 
[algo2a-g1-rpp-l0-modal]   router_tokenizer_path ........................... None
[algo2a-g1-rpp-l0-modal] 
[algo2a-g1-rpp-l0-modal]   router_tool_call_parser ......................... None
[algo2a-g1-rpp-l0-modal] 
[algo2a-g1-rpp-l0-modal]   router_worker_startup_check_interval ............ 30
[algo2a-g1-rpp-l0-modal] 
[algo2a-g1-rpp-l0-modal]   router_worker_startup_timeout_secs .............. 1800
[algo2a-g1-rpp-l0-modal] 
[algo2a-g1-rpp-l0-modal]   run_uuid ........................................ 9afea26df490465f
[algo2a-g1-rpp-l0-modal] 
[algo2a-g1-rpp-l0-modal]   run_workload_inspector_server ................... False
[algo2a-g1-rpp-l0-modal] 
[algo2a-g1-rpp-l0-modal]   sample_rate ..................................... 1.0
[algo2a-g1-rpp-l0-modal] 
[algo2a-g1-rpp-l0-modal]   save ............................................ None
[algo2a-g1-rpp-l0-modal] 
[algo2a-g1-rpp-l0-modal]   save_activations_interval ....................... None
[algo2a-g1-rpp-l0-modal] 
[algo2a-g1-rpp-l0-modal]   save_debug_event_data ........................... None
[algo2a-g1-rpp-l0-modal] 
[algo2a-g1-rpp-l0-modal]   save_debug_rollout_data ......................... None
[algo2a-g1-rpp-l0-modal] 
[algo2a-g1-rpp-l0-modal]   save_debug_train_data ........................... None
[algo2a-g1-rpp-l0-modal] 
[algo2a-g1-rpp-l0-modal]   save_debug_trajectory_data ...................... None
[algo2a-g1-rpp-l0-modal] 
[algo2a-g1-rpp-l0-modal]   save_dgrads_interval ............................ None
[algo2a-g1-rpp-l0-modal] 
[algo2a-g1-rpp-l0-modal]   save_hf ......................................... None
[algo2a-g1-rpp-l0-modal] 
[algo2a-g1-rpp-l0-modal]   save_interval ................................... None
[algo2a-g1-rpp-l0-modal] 
[algo2a-g1-rpp-l0-modal]   save_local_weight_checksum ...................... False
[algo2a-g1-rpp-l0-modal] 
[algo2a-g1-rpp-l0-modal]   save_params_interval ............................ None
[algo2a-g1-rpp-l0-modal] 
[algo2a-g1-rpp-l0-modal]   save_retain_interval ............................ None
[algo2a-g1-rpp-l0-modal] 
[algo2a-g1-rpp-l0-modal]   save_tokens_per_expert_interval ................. None
[algo2a-g1-rpp-l0-modal] 
[algo2a-g1-rpp-l0-modal]   save_trigger_sentinel ........................... None
[algo2a-g1-rpp-l0-modal] 
[algo2a-g1-rpp-l0-modal]   save_wgrads_interval ............................ None
[algo2a-g1-rpp-l0-modal] 
[algo2a-g1-rpp-l0-modal]   seed ............................................ 17
[algo2a-g1-rpp-l0-modal] 
[algo2a-g1-rpp-l0-modal]   seq_length ...................................... 1024
[algo2a-g1-rpp-l0-modal] 
[algo2a-g1-rpp-l0-modal]   sequence_packing_scheduler ...................... None
[algo2a-g1-rpp-l0-modal] 
[algo2a-g1-rpp-l0-modal]   sequence_parallel ............................... False
[algo2a-g1-rpp-l0-modal] 
[algo2a-g1-rpp-l0-modal]   session_message_matcher ......................... strict
[algo2a-g1-rpp-l0-modal] 
[algo2a-g1-rpp-l0-modal]   session_sample_picker_path ...................... miles.rollout.session.v2.picker_hub.drop_same_prompt_retries
[algo2a-g1-rpp-l0-modal] 
[algo2a-g1-rpp-l0-modal]   session_sample_postprocessor_path ............... miles.rollout.session.v2.postprocessor_hub.default_postprocess
[algo2a-g1-rpp-l0-modal] 
[algo2a-g1-rpp-l0-modal]   session_server_external_host .................... None
[algo2a-g1-rpp-l0-modal] 
[algo2a-g1-rpp-l0-modal]   session_server_ip ............................... None
[algo2a-g1-rpp-l0-modal] 
[algo2a-g1-rpp-l0-modal]   session_server_port ............................. None
[algo2a-g1-rpp-l0-modal] 
[algo2a-g1-rpp-l0-modal]   session_server_workers .......................... 32
[algo2a-g1-rpp-l0-modal] 
[algo2a-g1-rpp-l0-modal]   sft ............................................. False
[algo2a-g1-rpp-l0-modal] 
[algo2a-g1-rpp-l0-modal]   sft_mock_dataset_config_json .................... None
[algo2a-g1-rpp-l0-modal] 
[algo2a-g1-rpp-l0-modal]   sft_tokenizer_prompt_format ..................... nemotron-h-aligned
[algo2a-g1-rpp-l0-modal] 
[algo2a-g1-rpp-l0-modal]   sgd_momentum .................................... 0.9
[algo2a-g1-rpp-l0-modal] 
[algo2a-g1-rpp-l0-modal]   sglang_abort_on_priority_when_disabled .......... False
[algo2a-g1-rpp-l0-modal] 
[algo2a-g1-rpp-l0-modal]   sglang_admin_api_key ............................ None
[algo2a-g1-rpp-l0-modal] 
[algo2a-g1-rpp-l0-modal]   sglang_allow_auto_truncate ...................... False
[algo2a-g1-rpp-l0-modal] 
[algo2a-g1-rpp-l0-modal]   sglang_allowed_media_domains .................... []
[algo2a-g1-rpp-l0-modal] 
[algo2a-g1-rpp-l0-modal]   sglang_api_key .................................. None
[algo2a-g1-rpp-l0-modal] 
[algo2a-g1-rpp-l0-modal]   sglang_asr_max_buffer_seconds ................... 60
[algo2a-g1-rpp-l0-modal] 
[algo2a-g1-rpp-l0-modal]   sglang_asr_max_concurrent_sessions .............. 32
[algo2a-g1-rpp-l0-modal] 
[algo2a-g1-rpp-l0-modal]   sglang_attention_backend ........................ None
[algo2a-g1-rpp-l0-modal] 
[algo2a-g1-rpp-l0-modal]   sglang_attn_cp_size ............................. 1
[algo2a-g1-rpp-l0-modal] 
[algo2a-g1-rpp-l0-modal]   sglang_batch_notify_size ........................ 16
[algo2a-g1-rpp-l0-modal] 
[algo2a-g1-rpp-l0-modal]   sglang_bf16_gemm_backend ........................ auto
[algo2a-g1-rpp-l0-modal] 
[algo2a-g1-rpp-l0-modal]   sglang_bucket_e2e_request_latency ............... None
[algo2a-g1-rpp-l0-modal] 
[algo2a-g1-rpp-l0-modal]   sglang_bucket_inter_token_latency ............... None
[algo2a-g1-rpp-l0-modal] 
[algo2a-g1-rpp-l0-modal]   sglang_bucket_time_to_first_token ............... None
[algo2a-g1-rpp-l0-modal] 
[algo2a-g1-rpp-l0-modal]   sglang_c128_page_size ........................... 16
[algo2a-g1-rpp-l0-modal] 
[algo2a-g1-rpp-l0-modal]   sglang_chat_template ............................ None
[algo2a-g1-rpp-l0-modal] 
[algo2a-g1-rpp-l0-modal]   sglang_checkpoint_engine_wait_weights_before_ready  False
[algo2a-g1-rpp-l0-modal] 
[algo2a-g1-rpp-l0-modal]   sglang_chunked_prefill_size ..................... None
[algo2a-g1-rpp-l0-modal] 
[algo2a-g1-rpp-l0-modal]   sglang_completion_template ...................... None
[algo2a-g1-rpp-l0-modal] 
[algo2a-g1-rpp-l0-modal]   sglang_config ................................... None
[algo2a-g1-rpp-l0-modal] 
[algo2a-g1-rpp-l0-modal]   sglang_constrained_json_disable_any_whitespace .. False
[algo2a-g1-rpp-l0-modal] 
[algo2a-g1-rpp-l0-modal]   sglang_constrained_json_whitespace_pattern ...... None
[algo2a-g1-rpp-l0-modal] 
[algo2a-g1-rpp-l0-modal]   sglang_context_length ........................... None
[algo2a-g1-rpp-l0-modal] 
[algo2a-g1-rpp-l0-modal]   sglang_cp_strategy .............................. None
[algo2a-g1-rpp-l0-modal] 
[algo2a-g1-rpp-l0-modal]   sglang_cpu_offload_gb ........................... 0
[algo2a-g1-rpp-l0-modal] 
[algo2a-g1-rpp-l0-modal]   sglang_crash_dump_folder ........................ None
[algo2a-g1-rpp-l0-modal] 
[algo2a-g1-rpp-l0-modal]   sglang_cuda_graph_backend_decode ................ None
[algo2a-g1-rpp-l0-modal] 
[algo2a-g1-rpp-l0-modal]   sglang_cuda_graph_backend_prefill ............... disabled
[algo2a-g1-rpp-l0-modal] 
[algo2a-g1-rpp-l0-modal]   sglang_cuda_graph_bs_decode ..................... None
[algo2a-g1-rpp-l0-modal] 
[algo2a-g1-rpp-l0-modal]   sglang_cuda_graph_bs_prefill .................... None
[algo2a-g1-rpp-l0-modal] 
[algo2a-g1-rpp-l0-modal]   sglang_cuda_graph_config ........................ None
[algo2a-g1-rpp-l0-modal] 
[algo2a-g1-rpp-l0-modal]   sglang_cuda_graph_max_bs_decode ................. None
[algo2a-g1-rpp-l0-modal] 
[algo2a-g1-rpp-l0-modal]   sglang_cuda_graph_max_bs_prefill ................ None
[algo2a-g1-rpp-l0-modal] 
[algo2a-g1-rpp-l0-modal]   sglang_cuda_graph_tc_compiler ................... None
[algo2a-g1-rpp-l0-modal] 
[algo2a-g1-rpp-l0-modal]   sglang_custom_pull_weights_pre_read_hook ........ None
[algo2a-g1-rpp-l0-modal] 
[algo2a-g1-rpp-l0-modal]   sglang_custom_weight_loader ..................... None
[algo2a-g1-rpp-l0-modal] 
[algo2a-g1-rpp-l0-modal]   sglang_dcp_comm_backend ......................... None
[algo2a-g1-rpp-l0-modal] 
[algo2a-g1-rpp-l0-modal]   sglang_dcp_replicate_q_proj ..................... None
[algo2a-g1-rpp-l0-modal] 
[algo2a-g1-rpp-l0-modal]   sglang_dcp_size ................................. 1
[algo2a-g1-rpp-l0-modal] 
[algo2a-g1-rpp-l0-modal]   sglang_debug_cuda_graph ......................... False
[algo2a-g1-rpp-l0-modal] 
[algo2a-g1-rpp-l0-modal]   sglang_debug_tensor_dump_input_file ............. None
[algo2a-g1-rpp-l0-modal] 
[algo2a-g1-rpp-l0-modal]   sglang_debug_tensor_dump_layers ................. None
[algo2a-g1-rpp-l0-modal] 
[algo2a-g1-rpp-l0-modal]   sglang_debug_tensor_dump_output_folder .......... None
[algo2a-g1-rpp-l0-modal] 
[algo2a-g1-rpp-l0-modal]   sglang_decode_attention_backend ................. None
[algo2a-g1-rpp-l0-modal] 
[algo2a-g1-rpp-l0-modal]   sglang_decode_log_interval ...................... 40
[algo2a-g1-rpp-l0-modal] 
[algo2a-g1-rpp-l0-modal]   sglang_decoupled_spec_bind_endpoint ............. None
[algo2a-g1-rpp-l0-modal] 
[algo2a-g1-rpp-l0-modal]   sglang_decoupled_spec_connect_endpoints ......... None
[algo2a-g1-rpp-l0-modal] 
[algo2a-g1-rpp-l0-modal]   sglang_decoupled_spec_rank ...................... None
[algo2a-g1-rpp-l0-modal] 
[algo2a-g1-rpp-l0-modal]   sglang_decoupled_spec_role ...................... null
[algo2a-g1-rpp-l0-modal] 
[algo2a-g1-rpp-l0-modal]   sglang_decrypted_config_file .................... None
[algo2a-g1-rpp-l0-modal] 
[algo2a-g1-rpp-l0-modal]   sglang_decrypted_draft_config_file .............. None
[algo2a-g1-rpp-l0-modal] 
[algo2a-g1-rpp-l0-modal]   sglang_deepep_config ............................ None
[algo2a-g1-rpp-l0-modal] 
[algo2a-g1-rpp-l0-modal]   sglang_deepep_dispatcher_output_dtype ........... auto
[algo2a-g1-rpp-l0-modal] 
[algo2a-g1-rpp-l0-modal]   sglang_deepep_mode .............................. auto
[algo2a-g1-rpp-l0-modal] 
[algo2a-g1-rpp-l0-modal]   sglang_deepep_v2_mode ........................... direct
[algo2a-g1-rpp-l0-modal] 
[algo2a-g1-rpp-l0-modal]   sglang_default_chat_template_kwargs ............. None
[algo2a-g1-rpp-l0-modal] 
[algo2a-g1-rpp-l0-modal]   sglang_default_priority_value ................... None
[algo2a-g1-rpp-l0-modal] 
[algo2a-g1-rpp-l0-modal]   sglang_delete_ckpt_after_loading ................ False
[algo2a-g1-rpp-l0-modal] 
[algo2a-g1-rpp-l0-modal]   sglang_detokenizer_worker_num ................... 1
[algo2a-g1-rpp-l0-modal] 
[algo2a-g1-rpp-l0-modal]   sglang_device ................................... None
[algo2a-g1-rpp-l0-modal] 
[algo2a-g1-rpp-l0-modal]   sglang_disable_attn_tp_gather ................... False
[algo2a-g1-rpp-l0-modal] 
[algo2a-g1-rpp-l0-modal]   sglang_disable_chunked_prefix_cache ............. False
[algo2a-g1-rpp-l0-modal] 
[algo2a-g1-rpp-l0-modal]   sglang_disable_cuda_graph ....................... False
[algo2a-g1-rpp-l0-modal] 
[algo2a-g1-rpp-l0-modal]   sglang_disable_cuda_graph_padding ............... False
[algo2a-g1-rpp-l0-modal] 
[algo2a-g1-rpp-l0-modal]   sglang_disable_custom_all_reduce ................ False
[algo2a-g1-rpp-l0-modal] 
[algo2a-g1-rpp-l0-modal]   sglang_disable_decode_cuda_graph ................ False
[algo2a-g1-rpp-l0-modal] 
[algo2a-g1-rpp-l0-modal]   sglang_disable_draft_cuda_graph ................. False
[algo2a-g1-rpp-l0-modal] 
[algo2a-g1-rpp-l0-modal]   sglang_disable_fast_image_processor ............. False
[algo2a-g1-rpp-l0-modal] 
[algo2a-g1-rpp-l0-modal]   sglang_disable_flashinfer_autotune .............. False
[algo2a-g1-rpp-l0-modal] 
[algo2a-g1-rpp-l0-modal]   sglang_disable_flashinfer_cutlass_moe_fp4_allgather  False
[algo2a-g1-rpp-l0-modal] 
[algo2a-g1-rpp-l0-modal]   sglang_disable_hybrid_swa_memory ................ False
[algo2a-g1-rpp-l0-modal] 
[algo2a-g1-rpp-l0-modal]   sglang_disable_outlines_disk_cache .............. False
[algo2a-g1-rpp-l0-modal] 
[algo2a-g1-rpp-l0-modal]   sglang_disable_overlap_schedule ................. False
[algo2a-g1-rpp-l0-modal] 
[algo2a-g1-rpp-l0-modal]   sglang_disable_prefill_cuda_graph ............... False
[algo2a-g1-rpp-l0-modal] 
[algo2a-g1-rpp-l0-modal]   sglang_disable_priority_preemption .............. False
[algo2a-g1-rpp-l0-modal] 
[algo2a-g1-rpp-l0-modal]   sglang_disable_radix_cache ...................... False
[algo2a-g1-rpp-l0-modal] 
[algo2a-g1-rpp-l0-modal]   sglang_disable_shared_experts_fusion ............ False
[algo2a-g1-rpp-l0-modal] 
[algo2a-g1-rpp-l0-modal]   sglang_disable_tokenizer_batch_decode ........... False
[algo2a-g1-rpp-l0-modal] 
[algo2a-g1-rpp-l0-modal]   sglang_disaggregation_bootstrap_port ............ 8998
[algo2a-g1-rpp-l0-modal] 
[algo2a-g1-rpp-l0-modal]   sglang_disaggregation_decode_enable_offload_kvcache  False
[algo2a-g1-rpp-l0-modal] 
[algo2a-g1-rpp-l0-modal]   sglang_disaggregation_decode_enable_radix_cache . False
[algo2a-g1-rpp-l0-modal] 
[algo2a-g1-rpp-l0-modal]   sglang_disaggregation_decode_extra_slots ........ None
[algo2a-g1-rpp-l0-modal] 
[algo2a-g1-rpp-l0-modal]   sglang_disaggregation_decode_polling_interval ... 1
[algo2a-g1-rpp-l0-modal] 
[algo2a-g1-rpp-l0-modal]   sglang_disaggregation_decode_retraction_backup .. None
[algo2a-g1-rpp-l0-modal] 
[algo2a-g1-rpp-l0-modal]   sglang_disaggregation_ib_device ................. None
[algo2a-g1-rpp-l0-modal] 
[algo2a-g1-rpp-l0-modal]   sglang_disaggregation_mode ...................... null
[algo2a-g1-rpp-l0-modal] 
[algo2a-g1-rpp-l0-modal]   sglang_disaggregation_transfer_backend .......... mooncake
[algo2a-g1-rpp-l0-modal] 
[algo2a-g1-rpp-l0-modal]   sglang_dist_timeout ............................. None
[algo2a-g1-rpp-l0-modal] 
[algo2a-g1-rpp-l0-modal]   sglang_dllm_algorithm ........................... None
[algo2a-g1-rpp-l0-modal] 
[algo2a-g1-rpp-l0-modal]   sglang_dllm_algorithm_config .................... None
[algo2a-g1-rpp-l0-modal] 
[algo2a-g1-rpp-l0-modal]   sglang_dllm_fdfo ................................ True
[algo2a-g1-rpp-l0-modal] 
[algo2a-g1-rpp-l0-modal]   sglang_download_dir ............................. None
[algo2a-g1-rpp-l0-modal] 
[algo2a-g1-rpp-l0-modal]   sglang_dp_size .................................. 1
[algo2a-g1-rpp-l0-modal] 
[algo2a-g1-rpp-l0-modal]   sglang_dsa_decode_backend ....................... None
[algo2a-g1-rpp-l0-modal] 
[algo2a-g1-rpp-l0-modal]   sglang_dsa_paged_mqa_logits_backend ............. auto
[algo2a-g1-rpp-l0-modal] 
[algo2a-g1-rpp-l0-modal]   sglang_dsa_prefill_backend ...................... None
[algo2a-g1-rpp-l0-modal] 
[algo2a-g1-rpp-l0-modal]   sglang_dsa_topk_backend ......................... sgl-kernel
[algo2a-g1-rpp-l0-modal] 
[algo2a-g1-rpp-l0-modal]   sglang_dsv4_attn_backend ........................ auto
[algo2a-g1-rpp-l0-modal] 
[algo2a-g1-rpp-l0-modal]   sglang_dsv4_prefill_backend ..................... auto
[algo2a-g1-rpp-l0-modal] 
[algo2a-g1-rpp-l0-modal]   sglang_dtype .................................... auto
[algo2a-g1-rpp-l0-modal] 
[algo2a-g1-rpp-l0-modal]   sglang_dwdp_size ................................ 1
[algo2a-g1-rpp-l0-modal] 
[algo2a-g1-rpp-l0-modal]   sglang_dynamic_batch_tokenizer_batch_size ....... 32
[algo2a-g1-rpp-l0-modal] 
[algo2a-g1-rpp-l0-modal]   sglang_dynamic_batch_tokenizer_batch_timeout .... 0.002
[algo2a-g1-rpp-l0-modal] 
[algo2a-g1-rpp-l0-modal]   sglang_elastic_ep_backend ....................... None
[algo2a-g1-rpp-l0-modal] 
[algo2a-g1-rpp-l0-modal]   sglang_elastic_ep_initial_size .................. None
[algo2a-g1-rpp-l0-modal] 
[algo2a-g1-rpp-l0-modal]   sglang_elastic_ep_rejoin ........................ False
[algo2a-g1-rpp-l0-modal] 
[algo2a-g1-rpp-l0-modal]   sglang_elastic_ep_scale_timeout ................. 600
[algo2a-g1-rpp-l0-modal] 
[algo2a-g1-rpp-l0-modal]   sglang_enable_adaptive_dispatch_to_encoder ...... False
[algo2a-g1-rpp-l0-modal] 
[algo2a-g1-rpp-l0-modal]   sglang_enable_aiter_allreduce_fusion ............ False
[algo2a-g1-rpp-l0-modal] 
[algo2a-g1-rpp-l0-modal]   sglang_enable_attn_tp_input_scattered ........... False
[algo2a-g1-rpp-l0-modal] 
[algo2a-g1-rpp-l0-modal]   sglang_enable_broadcast_mm_inputs_process ....... False
[algo2a-g1-rpp-l0-modal] 
[algo2a-g1-rpp-l0-modal]   sglang_enable_cache_report ...................... False
[algo2a-g1-rpp-l0-modal] 
[algo2a-g1-rpp-l0-modal]   sglang_enable_cp_decode_attn_tp ................. False
[algo2a-g1-rpp-l0-modal] 
[algo2a-g1-rpp-l0-modal]   sglang_enable_cudagraph_gc ...................... False
[algo2a-g1-rpp-l0-modal] 
[algo2a-g1-rpp-l0-modal]   sglang_enable_custom_logit_processor ............ False
[algo2a-g1-rpp-l0-modal] 
[algo2a-g1-rpp-l0-modal]   sglang_enable_deepseek_v4_fp4_indexer ........... False
[algo2a-g1-rpp-l0-modal] 
[algo2a-g1-rpp-l0-modal]   sglang_enable_dense_mlp_attn_tp ................. False
[algo2a-g1-rpp-l0-modal] 
[algo2a-g1-rpp-l0-modal]   sglang_enable_deterministic_inference ........... True
[algo2a-g1-rpp-l0-modal] 
[algo2a-g1-rpp-l0-modal]   sglang_enable_dp_attention ...................... False
[algo2a-g1-rpp-l0-modal] 
[algo2a-g1-rpp-l0-modal]   sglang_enable_dp_attention_local_control_broadcast  False
[algo2a-g1-rpp-l0-modal] 
[algo2a-g1-rpp-l0-modal]   sglang_enable_dp_lm_head ........................ False
[algo2a-g1-rpp-l0-modal] 
[algo2a-g1-rpp-l0-modal]   sglang_enable_draft_weights_cpu_backup .......... False
[algo2a-g1-rpp-l0-modal] 
[algo2a-g1-rpp-l0-modal]   sglang_enable_dsa_cache_layer_split ............. False
[algo2a-g1-rpp-l0-modal] 
[algo2a-g1-rpp-l0-modal]   sglang_enable_dynamic_batch_tokenizer ........... False
[algo2a-g1-rpp-l0-modal] 
[algo2a-g1-rpp-l0-modal]   sglang_enable_dynamic_chunking .................. False
[algo2a-g1-rpp-l0-modal] 
[algo2a-g1-rpp-l0-modal]   sglang_enable_elastic_expert_backup ............. False
[algo2a-g1-rpp-l0-modal] 
[algo2a-g1-rpp-l0-modal]   sglang_enable_engine_info_bootstrap ............. False
[algo2a-g1-rpp-l0-modal] 
[algo2a-g1-rpp-l0-modal]   sglang_enable_eplb .............................. False
[algo2a-g1-rpp-l0-modal] 
[algo2a-g1-rpp-l0-modal]   sglang_enable_flashinfer_allreduce_fusion ....... False
[algo2a-g1-rpp-l0-modal] 
[algo2a-g1-rpp-l0-modal]   sglang_enable_flexkv ............................ False
[algo2a-g1-rpp-l0-modal] 
[algo2a-g1-rpp-l0-modal]   sglang_enable_forward_pass_metrics .............. False
[algo2a-g1-rpp-l0-modal] 
[algo2a-g1-rpp-l0-modal]   sglang_enable_fp32_lm_head ...................... False
[algo2a-g1-rpp-l0-modal] 
[algo2a-g1-rpp-l0-modal]   sglang_enable_fused_moe_sum_all_reduce .......... False
[algo2a-g1-rpp-l0-modal] 
[algo2a-g1-rpp-l0-modal]   sglang_enable_fused_qk_norm_rope ................ False
[algo2a-g1-rpp-l0-modal] 
[algo2a-g1-rpp-l0-modal]   sglang_enable_hierarchical_cache ................ False
[algo2a-g1-rpp-l0-modal] 
[algo2a-g1-rpp-l0-modal]   sglang_enable_hisparse .......................... False
[algo2a-g1-rpp-l0-modal] 
[algo2a-g1-rpp-l0-modal]   sglang_enable_http2 ............................. False
[algo2a-g1-rpp-l0-modal] 
[algo2a-g1-rpp-l0-modal]   sglang_enable_int8_mamba_checkpoint ............. False
[algo2a-g1-rpp-l0-modal] 
[algo2a-g1-rpp-l0-modal]   sglang_enable_layernorm_sp ...................... False
[algo2a-g1-rpp-l0-modal] 
[algo2a-g1-rpp-l0-modal]   sglang_enable_layerwise_nvtx_marker ............. False
[algo2a-g1-rpp-l0-modal] 
[algo2a-g1-rpp-l0-modal]   sglang_enable_lean_attention .................... None
[algo2a-g1-rpp-l0-modal] 
[algo2a-g1-rpp-l0-modal]   sglang_enable_linear_replayssm .................. False
[algo2a-g1-rpp-l0-modal] 
[algo2a-g1-rpp-l0-modal]   sglang_enable_linear_replayssm_spec ............. False
[algo2a-g1-rpp-l0-modal] 
[algo2a-g1-rpp-l0-modal]   sglang_enable_lmcache ........................... False
[algo2a-g1-rpp-l0-modal] 
[algo2a-g1-rpp-l0-modal]   sglang_enable_lora .............................. None
[algo2a-g1-rpp-l0-modal] 
[algo2a-g1-rpp-l0-modal]   sglang_enable_lora_overlap_loading .............. None
[algo2a-g1-rpp-l0-modal] 
[algo2a-g1-rpp-l0-modal]   sglang_enable_mamba_cache_stochastic_rounding ... False
[algo2a-g1-rpp-l0-modal] 
[algo2a-g1-rpp-l0-modal]   sglang_enable_metrics ........................... False
[algo2a-g1-rpp-l0-modal] 
[algo2a-g1-rpp-l0-modal]   sglang_enable_metrics_for_all_schedulers ........ False
[algo2a-g1-rpp-l0-modal] 
[algo2a-g1-rpp-l0-modal]   sglang_enable_mfu_metrics ....................... False
[algo2a-g1-rpp-l0-modal] 
[algo2a-g1-rpp-l0-modal]   sglang_enable_mis ............................... False
[algo2a-g1-rpp-l0-modal] 
[algo2a-g1-rpp-l0-modal]   sglang_enable_mixed_chunk ....................... False
[algo2a-g1-rpp-l0-modal] 
[algo2a-g1-rpp-l0-modal]   sglang_enable_mm_global_cache ................... False
[algo2a-g1-rpp-l0-modal] 
[algo2a-g1-rpp-l0-modal]   sglang_enable_mscclpp ........................... False
[algo2a-g1-rpp-l0-modal] 
[algo2a-g1-rpp-l0-modal]   sglang_enable_multi_layer_eagle ................. False
[algo2a-g1-rpp-l0-modal] 
[algo2a-g1-rpp-l0-modal]   sglang_enable_multimodal ........................ None
[algo2a-g1-rpp-l0-modal]   sglang_enable_nccl_nvls ......................... False
[algo2a-g1-rpp-l0-modal]   sglang_enable_p2p_check ......................... False
[algo2a-g1-rpp-l0-modal] 
[algo2a-g1-rpp-l0-modal]   sglang_enable_page_major_kv_layout .............. False
[algo2a-g1-rpp-l0-modal] 
[algo2a-g1-rpp-l0-modal]   sglang_enable_pdmux ............................. False
[algo2a-g1-rpp-l0-modal]   sglang_enable_precise_embedding_interpolation ... False
[algo2a-g1-rpp-l0-modal] 
[algo2a-g1-rpp-l0-modal] 
[algo2a-g1-rpp-l0-modal]   sglang_enable_prefill_delayer ................... False
[algo2a-g1-rpp-l0-modal] 
[algo2a-g1-rpp-l0-modal]   sglang_enable_prefill_only_deterministic_inference  False
[algo2a-g1-rpp-l0-modal]   sglang_enable_prefix_mm_cache ................... False
[algo2a-g1-rpp-l0-modal] 
[algo2a-g1-rpp-l0-modal]   sglang_enable_priority_scheduling ............... False
[algo2a-g1-rpp-l0-modal] 
[algo2a-g1-rpp-l0-modal] 
[algo2a-g1-rpp-l0-modal]   sglang_enable_quant_communications .............. False
[algo2a-g1-rpp-l0-modal] 
[algo2a-g1-rpp-l0-modal]   sglang_enable_rdt_weight_sync ................... False
[algo2a-g1-rpp-l0-modal]   sglang_enable_request_time_stats_logging ........ False
[algo2a-g1-rpp-l0-modal] 
[algo2a-g1-rpp-l0-modal] 
[algo2a-g1-rpp-l0-modal]   sglang_enable_return_hidden_states .............. False
[algo2a-g1-rpp-l0-modal] 
[algo2a-g1-rpp-l0-modal]   sglang_enable_scattered_sconv ................... False
[algo2a-g1-rpp-l0-modal] 
[algo2a-g1-rpp-l0-modal]   sglang_enable_session_radix_cache ............... False
[algo2a-g1-rpp-l0-modal] 
[algo2a-g1-rpp-l0-modal]   sglang_enable_shared_experts_attn_tp ............ False
[algo2a-g1-rpp-l0-modal]   sglang_enable_single_batch_overlap .............. False
[algo2a-g1-rpp-l0-modal] 
[algo2a-g1-rpp-l0-modal]   sglang_enable_ssl_refresh ....................... False
[algo2a-g1-rpp-l0-modal] 
[algo2a-g1-rpp-l0-modal] 
[algo2a-g1-rpp-l0-modal]   sglang_enable_strict_thinking ................... False
[algo2a-g1-rpp-l0-modal]   sglang_enable_symm_mem .......................... False
[algo2a-g1-rpp-l0-modal] 
[algo2a-g1-rpp-l0-modal]   sglang_enable_tf32_matmul ....................... False
[algo2a-g1-rpp-l0-modal] 
[algo2a-g1-rpp-l0-modal] 
  sglang_enable_torch_compile ..................... False
  sglang_enable_torch_compile_debug_mode .......... False
  sglang_enable_torch_symm_mem .................... False
[algo2a-g1-rpp-l0-modal] 
[algo2a-g1-rpp-l0-modal]   sglang_enable_tp_lm_head_all_to_all ............. None
[algo2a-g1-rpp-l0-modal] 
[algo2a-g1-rpp-l0-modal]   sglang_enable_trace ............................. False
[algo2a-g1-rpp-l0-modal]   sglang_enable_two_batch_overlap ................. False
[algo2a-g1-rpp-l0-modal]   sglang_enable_unified_cache_external_linker ..... False
[algo2a-g1-rpp-l0-modal] 
[algo2a-g1-rpp-l0-modal]   sglang_enable_unified_memory .................... False
[algo2a-g1-rpp-l0-modal] 
[algo2a-g1-rpp-l0-modal]   sglang_enable_w4a4_mxfp4_megamoe ................ False
[algo2a-g1-rpp-l0-modal] 
[algo2a-g1-rpp-l0-modal]   sglang_enable_waterfill ......................... False
[algo2a-g1-rpp-l0-modal] 
[algo2a-g1-rpp-l0-modal]   sglang_enable_weights_cpu_backup ................ False
[algo2a-g1-rpp-l0-modal] 
[algo2a-g1-rpp-l0-modal]   sglang_enable_weights_disk_backup ............... False
[algo2a-g1-rpp-l0-modal] 
[algo2a-g1-rpp-l0-modal]   sglang_encoder_bootstrap_port ................... 8997
[algo2a-g1-rpp-l0-modal] 
[algo2a-g1-rpp-l0-modal]   sglang_encoder_only ............................. False
[algo2a-g1-rpp-l0-modal] 
[algo2a-g1-rpp-l0-modal]   sglang_encoder_register_urls .................... []
[algo2a-g1-rpp-l0-modal] 
[algo2a-g1-rpp-l0-modal]   sglang_encoder_transfer_backend ................. auto
[algo2a-g1-rpp-l0-modal] 
[algo2a-g1-rpp-l0-modal]   sglang_encoder_urls ............................. []
[algo2a-g1-rpp-l0-modal] 
[algo2a-g1-rpp-l0-modal]   sglang_enforce_disable_flashinfer_allreduce_fusion  False
[algo2a-g1-rpp-l0-modal] 
[algo2a-g1-rpp-l0-modal]   sglang_enforce_shared_experts_fusion ............ False
[algo2a-g1-rpp-l0-modal] 
[algo2a-g1-rpp-l0-modal]   sglang_engine_info_bootstrap_port ............... 6789
[algo2a-g1-rpp-l0-modal] 
[algo2a-g1-rpp-l0-modal]   sglang_ep_dispatch_algorithm .................... None
[algo2a-g1-rpp-l0-modal] 
[algo2a-g1-rpp-l0-modal]   sglang_ep_join_mode ............................. None
[algo2a-g1-rpp-l0-modal] 
[algo2a-g1-rpp-l0-modal] 
  sglang_ep_num_redundant_experts ................. 0
[algo2a-g1-rpp-l0-modal] 
[algo2a-g1-rpp-l0-modal]   sglang_ep_size .................................. 1
[algo2a-g1-rpp-l0-modal] 
[algo2a-g1-rpp-l0-modal]   sglang_eplb_algorithm ........................... auto
[algo2a-g1-rpp-l0-modal] 
[algo2a-g1-rpp-l0-modal]   sglang_eplb_min_rebalancing_utilization_threshold  1.0
[algo2a-g1-rpp-l0-modal] 
[algo2a-g1-rpp-l0-modal]   sglang_eplb_rebalance_layers_per_chunk .......... None
[algo2a-g1-rpp-l0-modal] 
[algo2a-g1-rpp-l0-modal] 
[algo2a-g1-rpp-l0-modal]   sglang_expert_balancedness_report_mode .......... off
[algo2a-g1-rpp-l0-modal] 
[algo2a-g1-rpp-l0-modal]   sglang_expert_distribution_recorder_buffer_size . None
[algo2a-g1-rpp-l0-modal]   sglang_expert_distribution_recorder_mode ........ None
[algo2a-g1-rpp-l0-modal] 
[algo2a-g1-rpp-l0-modal] 
[algo2a-g1-rpp-l0-modal]   sglang_export_metrics_to_file ................... False
[algo2a-g1-rpp-l0-modal] 
[algo2a-g1-rpp-l0-modal]   sglang_export_metrics_to_file_dir ............... None
[algo2a-g1-rpp-l0-modal] 
[algo2a-g1-rpp-l0-modal]   sglang_extra_metric_labels ...................... None
[algo2a-g1-rpp-l0-modal]   sglang_fastapi_root_path ........................
[algo2a-g1-rpp-l0-modal] 
[algo2a-g1-rpp-l0-modal]   sglang_file_storage_path ........................ sglang_storage
[algo2a-g1-rpp-l0-modal] 
[algo2a-g1-rpp-l0-modal] 
[algo2a-g1-rpp-l0-modal]   sglang_flashinfer_allreduce_fusion_backend ...... None
[algo2a-g1-rpp-l0-modal] 
[algo2a-g1-rpp-l0-modal]   sglang_flashinfer_autotune_skip_ops ............. None
[algo2a-g1-rpp-l0-modal]   sglang_flashinfer_mla_disable_ragged ............ False
[algo2a-g1-rpp-l0-modal] 
[algo2a-g1-rpp-l0-modal]   sglang_flashinfer_mxfp4_moe_precision ........... default
[algo2a-g1-rpp-l0-modal] 
[algo2a-g1-rpp-l0-modal]   sglang_flexkv_config_file ....................... None
[algo2a-g1-rpp-l0-modal] 
[algo2a-g1-rpp-l0-modal] 
[algo2a-g1-rpp-l0-modal]   sglang_forward_pass_metrics_ipc_name ............ None
[algo2a-g1-rpp-l0-modal] 
[algo2a-g1-rpp-l0-modal]   sglang_forward_pass_metrics_worker_id ...........
[algo2a-g1-rpp-l0-modal] 
[algo2a-g1-rpp-l0-modal]   sglang_fp4_gemm_runner_backend .................. auto
[algo2a-g1-rpp-l0-modal] 
[algo2a-g1-rpp-l0-modal]   sglang_fp8_gemm_runner_backend .................. auto
[algo2a-g1-rpp-l0-modal] 
[algo2a-g1-rpp-l0-modal]   sglang_gc_threshold ............................. None
[algo2a-g1-rpp-l0-modal] 
[algo2a-g1-rpp-l0-modal]   sglang_gc_warning_threshold_secs ................ 0.0
[algo2a-g1-rpp-l0-modal] 
[algo2a-g1-rpp-l0-modal]   sglang_generation_tokens_buckets ................ None
[algo2a-g1-rpp-l0-modal] 
[algo2a-g1-rpp-l0-modal]   sglang_grammar_backend .......................... None
[algo2a-g1-rpp-l0-modal]   sglang_grpc_mode ................................ False
[algo2a-g1-rpp-l0-modal] 
[algo2a-g1-rpp-l0-modal]   sglang_grpc_port ................................ None
[algo2a-g1-rpp-l0-modal] 
[algo2a-g1-rpp-l0-modal] 
[algo2a-g1-rpp-l0-modal]   sglang_hicache_host_memory_mode ................. cache
[algo2a-g1-rpp-l0-modal] 
[algo2a-g1-rpp-l0-modal]   sglang_hicache_io_backend ....................... kernel
[algo2a-g1-rpp-l0-modal]   sglang_hicache_mem_layout ....................... page_first
[algo2a-g1-rpp-l0-modal] 
[algo2a-g1-rpp-l0-modal]   sglang_hicache_ratio ............................ None
[algo2a-g1-rpp-l0-modal] 
[algo2a-g1-rpp-l0-modal]   sglang_hicache_size ............................. 0
[algo2a-g1-rpp-l0-modal] 
[algo2a-g1-rpp-l0-modal] 
[algo2a-g1-rpp-l0-modal]   sglang_hicache_storage_backend_extra_config ..... None
[algo2a-g1-rpp-l0-modal] 
[algo2a-g1-rpp-l0-modal]   sglang_hicache_storage_prefetch_policy .......... timeout
[algo2a-g1-rpp-l0-modal] 
[algo2a-g1-rpp-l0-modal]   sglang_hicache_storage_prefetch_retry_max_attempts  8
[algo2a-g1-rpp-l0-modal] 
[algo2a-g1-rpp-l0-modal]   sglang_hicache_storage_prefetch_retry_poll_interval  8
[algo2a-g1-rpp-l0-modal] 
[algo2a-g1-rpp-l0-modal]   sglang_hicache_write_policy ..................... write_through
[algo2a-g1-rpp-l0-modal] 
[algo2a-g1-rpp-l0-modal]   sglang_hisparse_config .......................... None
[algo2a-g1-rpp-l0-modal] 
[algo2a-g1-rpp-l0-modal]   sglang_host ..................................... 127.0.0.1
[algo2a-g1-rpp-l0-modal] 
[algo2a-g1-rpp-l0-modal]   sglang_http2_initial_connection_window_size ..... 1048576
[algo2a-g1-rpp-l0-modal] 
  sglang_http2_max_concurrent_streams ............. 200
  sglang_image_processor_backend .................. auto
[algo2a-g1-rpp-l0-modal] 
[algo2a-g1-rpp-l0-modal]   sglang_incremental_streaming_output ............. False
[algo2a-g1-rpp-l0-modal] 
[algo2a-g1-rpp-l0-modal]   sglang_init_expert_location ..................... trivial
[algo2a-g1-rpp-l0-modal] 
[algo2a-g1-rpp-l0-modal]   sglang_int8_mamba_ckpt_size ..................... None
[algo2a-g1-rpp-l0-modal] 
[algo2a-g1-rpp-l0-modal]   sglang_is_embedding ............................. False
[algo2a-g1-rpp-l0-modal] 
[algo2a-g1-rpp-l0-modal]   sglang_json_model_override_args ................. {}
[algo2a-g1-rpp-l0-modal] 
[algo2a-g1-rpp-l0-modal]   sglang_keep_mm_feature_on_device ................ False
[algo2a-g1-rpp-l0-modal] 
[algo2a-g1-rpp-l0-modal]   sglang_kt_cpuinfer .............................. None
[algo2a-g1-rpp-l0-modal] 
[algo2a-g1-rpp-l0-modal]   sglang_kt_max_deferred_experts_per_token ........ None
[algo2a-g1-rpp-l0-modal] 
[algo2a-g1-rpp-l0-modal]   sglang_kt_method ................................ AMXINT4
[algo2a-g1-rpp-l0-modal] 
[algo2a-g1-rpp-l0-modal]   sglang_kt_num_gpu_experts ....................... None
[algo2a-g1-rpp-l0-modal] 
[algo2a-g1-rpp-l0-modal]   sglang_kt_threadpool_count ...................... 2
[algo2a-g1-rpp-l0-modal] 
[algo2a-g1-rpp-l0-modal]   sglang_kt_weight_path ........................... None
[algo2a-g1-rpp-l0-modal] 
[algo2a-g1-rpp-l0-modal]   sglang_kv_cache_dtype ........................... auto
[algo2a-g1-rpp-l0-modal] 
[algo2a-g1-rpp-l0-modal]   sglang_kv_canary ................................ none
[algo2a-g1-rpp-l0-modal] 
[algo2a-g1-rpp-l0-modal]   sglang_kv_canary_real_data ...................... none
[algo2a-g1-rpp-l0-modal] 
[algo2a-g1-rpp-l0-modal]   sglang_kv_canary_sweep_interval ................. 0
[algo2a-g1-rpp-l0-modal] 
[algo2a-g1-rpp-l0-modal]   sglang_kv_events_config ......................... None
[algo2a-g1-rpp-l0-modal] 
[algo2a-g1-rpp-l0-modal]   sglang_language_model_only ...................... False
[algo2a-g1-rpp-l0-modal] 
[algo2a-g1-rpp-l0-modal]   sglang_language_only ............................ False
[algo2a-g1-rpp-l0-modal] 
[algo2a-g1-rpp-l0-modal]   sglang_limit_mm_data_per_request ................ None
[algo2a-g1-rpp-l0-modal] 
[algo2a-g1-rpp-l0-modal]   sglang_linear_attn_backend ...................... triton
[algo2a-g1-rpp-l0-modal] 
[algo2a-g1-rpp-l0-modal]   sglang_linear_attn_decode_backend ............... None
[algo2a-g1-rpp-l0-modal] 
[algo2a-g1-rpp-l0-modal]   sglang_linear_attn_prefill_backend .............. None
[algo2a-g1-rpp-l0-modal] 
[algo2a-g1-rpp-l0-modal]   sglang_linear_attn_verify_backend ............... None
[algo2a-g1-rpp-l0-modal] 
[algo2a-g1-rpp-l0-modal]   sglang_linear_replayssm_cache_len ............... 16
[algo2a-g1-rpp-l0-modal] 
[algo2a-g1-rpp-l0-modal]   sglang_lmcache_config_file ...................... None
[algo2a-g1-rpp-l0-modal] 
[algo2a-g1-rpp-l0-modal]   sglang_load_balance_method ...................... auto
[algo2a-g1-rpp-l0-modal] 
[algo2a-g1-rpp-l0-modal]   sglang_load_format .............................. auto
[algo2a-g1-rpp-l0-modal] 
[algo2a-g1-rpp-l0-modal]   sglang_load_publish_endpoint .................... None
[algo2a-g1-rpp-l0-modal] 
[algo2a-g1-rpp-l0-modal]   sglang_load_snapshot_publish_interval ........... 15
[algo2a-g1-rpp-l0-modal] 
[algo2a-g1-rpp-l0-modal]   sglang_log_level ................................ info
[algo2a-g1-rpp-l0-modal] 
[algo2a-g1-rpp-l0-modal]   sglang_log_level_http ........................... None
[algo2a-g1-rpp-l0-modal] 
[algo2a-g1-rpp-l0-modal]   sglang_log_requests ............................. False
[algo2a-g1-rpp-l0-modal] 
[algo2a-g1-rpp-l0-modal]   sglang_log_requests_format ...................... text
[algo2a-g1-rpp-l0-modal] 
[algo2a-g1-rpp-l0-modal]   sglang_log_requests_level ....................... 2
[algo2a-g1-rpp-l0-modal] 
[algo2a-g1-rpp-l0-modal]   sglang_log_requests_target ...................... None
[algo2a-g1-rpp-l0-modal] 
[algo2a-g1-rpp-l0-modal]   sglang_lora_backend ............................. csgmv
[algo2a-g1-rpp-l0-modal] 
[algo2a-g1-rpp-l0-modal]   sglang_lora_drain_wait_threshold ................ 0.0
[algo2a-g1-rpp-l0-modal] 
[algo2a-g1-rpp-l0-modal]   sglang_lora_eviction_policy ..................... lru
[algo2a-g1-rpp-l0-modal] 
[algo2a-g1-rpp-l0-modal]   sglang_lora_no_cpu_backup ....................... False
[algo2a-g1-rpp-l0-modal] 
[algo2a-g1-rpp-l0-modal]   sglang_lora_paths ............................... None
[algo2a-g1-rpp-l0-modal] 
[algo2a-g1-rpp-l0-modal]   sglang_lora_strict_loading ...................... False
[algo2a-g1-rpp-l0-modal] 
[algo2a-g1-rpp-l0-modal]   sglang_lora_target_modules ...................... None
[algo2a-g1-rpp-l0-modal] 
[algo2a-g1-rpp-l0-modal]   sglang_lora_use_virtual_experts ................. True
[algo2a-g1-rpp-l0-modal] 
[algo2a-g1-rpp-l0-modal]   sglang_mamba_backend ............................ triton
[algo2a-g1-rpp-l0-modal] 
[algo2a-g1-rpp-l0-modal]   sglang_mamba_cache_philox_rounds ................ 0
[algo2a-g1-rpp-l0-modal] 
[algo2a-g1-rpp-l0-modal]   sglang_mamba_full_memory_ratio .................. None
[algo2a-g1-rpp-l0-modal] 
[algo2a-g1-rpp-l0-modal]   sglang_mamba_max_states_per_path ................ -1
[algo2a-g1-rpp-l0-modal] 
[algo2a-g1-rpp-l0-modal]   sglang_mamba_radix_cache_strategy ............... auto
[algo2a-g1-rpp-l0-modal] 
[algo2a-g1-rpp-l0-modal]   sglang_mamba_ssm_dtype .......................... None
[algo2a-g1-rpp-l0-modal] 
[algo2a-g1-rpp-l0-modal]   sglang_mamba_track_interval ..................... 256
[algo2a-g1-rpp-l0-modal] 
[algo2a-g1-rpp-l0-modal]   sglang_max_ep_size .............................. None
[algo2a-g1-rpp-l0-modal] 
[algo2a-g1-rpp-l0-modal]   sglang_max_loaded_loras ......................... None
[algo2a-g1-rpp-l0-modal] 
[algo2a-g1-rpp-l0-modal]   sglang_max_lora_chunk_size ...................... 16
[algo2a-g1-rpp-l0-modal] 
[algo2a-g1-rpp-l0-modal]   sglang_max_lora_rank ............................ 16
[algo2a-g1-rpp-l0-modal] 
[algo2a-g1-rpp-l0-modal]   sglang_max_loras_per_batch ...................... 8
[algo2a-g1-rpp-l0-modal] 
[algo2a-g1-rpp-l0-modal]   sglang_max_mamba_cache_size ..................... None
[algo2a-g1-rpp-l0-modal] 
[algo2a-g1-rpp-l0-modal]   sglang_max_prefill_tokens ....................... 16384
[algo2a-g1-rpp-l0-modal] 
[algo2a-g1-rpp-l0-modal]   sglang_max_queued_requests ...................... None
[algo2a-g1-rpp-l0-modal] 
[algo2a-g1-rpp-l0-modal]   sglang_max_running_requests ..................... None
[algo2a-g1-rpp-l0-modal] 
[algo2a-g1-rpp-l0-modal]   sglang_max_total_tokens ......................... None
[algo2a-g1-rpp-l0-modal] 
[algo2a-g1-rpp-l0-modal]   sglang_media_url_max_file_size_mb ............... 64
[algo2a-g1-rpp-l0-modal] 
[algo2a-g1-rpp-l0-modal]   sglang_mem_fraction_static ...................... 0.4
[algo2a-g1-rpp-l0-modal] 
[algo2a-g1-rpp-l0-modal]   sglang_min_free_slots_delay ..................... None
[algo2a-g1-rpp-l0-modal] 
[algo2a-g1-rpp-l0-modal]   sglang_mlx_enable_sampling ...................... False
[algo2a-g1-rpp-l0-modal] 
[algo2a-g1-rpp-l0-modal]   sglang_mm_attention_backend ..................... None
[algo2a-g1-rpp-l0-modal] 
[algo2a-g1-rpp-l0-modal]   sglang_mm_enable_dp_encoder ..................... False
[algo2a-g1-rpp-l0-modal] 
[algo2a-g1-rpp-l0-modal]   sglang_mm_feature_transport ..................... None
[algo2a-g1-rpp-l0-modal] 
[algo2a-g1-rpp-l0-modal]   sglang_mm_global_cache_backend .................. mooncake
[algo2a-g1-rpp-l0-modal] 
[algo2a-g1-rpp-l0-modal]   sglang_mm_io_worker_num ......................... 0
[algo2a-g1-rpp-l0-modal] 
[algo2a-g1-rpp-l0-modal]   sglang_mm_preprocess_cache_size_mb .............. None
[algo2a-g1-rpp-l0-modal] 
[algo2a-g1-rpp-l0-modal]   sglang_mm_process_config ........................ None
[algo2a-g1-rpp-l0-modal] 
[algo2a-g1-rpp-l0-modal]   sglang_mm_processor_worker_num .................. 0
[algo2a-g1-rpp-l0-modal] 
[algo2a-g1-rpp-l0-modal]   sglang_model_checksum ........................... None
[algo2a-g1-rpp-l0-modal] 
[algo2a-g1-rpp-l0-modal]   sglang_model_config_parser ...................... auto
[algo2a-g1-rpp-l0-modal] 
[algo2a-g1-rpp-l0-modal]   sglang_model_impl ............................... auto
[algo2a-g1-rpp-l0-modal] 
[algo2a-g1-rpp-l0-modal]   sglang_model_loader_extra_config ................ {}
[algo2a-g1-rpp-l0-modal] 
[algo2a-g1-rpp-l0-modal]   sglang_model_routers ............................ None
[algo2a-g1-rpp-l0-modal] 
[algo2a-g1-rpp-l0-modal]   sglang_modelexpress_config ...................... None
[algo2a-g1-rpp-l0-modal] 
[algo2a-g1-rpp-l0-modal]   sglang_modelopt_checkpoint_restore_path ......... None
[algo2a-g1-rpp-l0-modal] 
[algo2a-g1-rpp-l0-modal]   sglang_modelopt_checkpoint_save_path ............ None
[algo2a-g1-rpp-l0-modal] 
[algo2a-g1-rpp-l0-modal]   sglang_modelopt_export_path ..................... None
[algo2a-g1-rpp-l0-modal]   sglang_modelopt_quant ........................... None
[algo2a-g1-rpp-l0-modal] 
[algo2a-g1-rpp-l0-modal]   sglang_moe_a2a_backend .......................... none
[algo2a-g1-rpp-l0-modal] 
[algo2a-g1-rpp-l0-modal]   sglang_moe_dense_tp_size ........................ None
[algo2a-g1-rpp-l0-modal] 
[algo2a-g1-rpp-l0-modal]   sglang_moe_dp_size .............................. 1
[algo2a-g1-rpp-l0-modal] 
[algo2a-g1-rpp-l0-modal]   sglang_moe_runner_backend ....................... auto
[algo2a-g1-rpp-l0-modal] 
[algo2a-g1-rpp-l0-modal]   sglang_mooncake_ib_device ....................... None
[algo2a-g1-rpp-l0-modal] 
[algo2a-g1-rpp-l0-modal]   sglang_msprobe_dump_config ...................... None
[algo2a-g1-rpp-l0-modal] 
[algo2a-g1-rpp-l0-modal]   sglang_num_continuous_decode_steps .............. 1
[algo2a-g1-rpp-l0-modal] 
[algo2a-g1-rpp-l0-modal]   sglang_num_reserved_decode_tokens ............... 512
[algo2a-g1-rpp-l0-modal] 
[algo2a-g1-rpp-l0-modal]   sglang_numa_node ................................ None
[algo2a-g1-rpp-l0-modal] 
[algo2a-g1-rpp-l0-modal]   sglang_offload_group_size ....................... -1
[algo2a-g1-rpp-l0-modal] 
[algo2a-g1-rpp-l0-modal]   sglang_offload_mode ............................. cpu
[algo2a-g1-rpp-l0-modal] 
[algo2a-g1-rpp-l0-modal]   sglang_offload_num_in_group ..................... 1
[algo2a-g1-rpp-l0-modal] 
[algo2a-g1-rpp-l0-modal]   sglang_offload_prefetch_step .................... 1
[algo2a-g1-rpp-l0-modal] 
[algo2a-g1-rpp-l0-modal]   sglang_optimistic_prefill_attempts .............. 0
[algo2a-g1-rpp-l0-modal] 
[algo2a-g1-rpp-l0-modal]   sglang_otlp_traces_endpoint ..................... localhost:4317
[algo2a-g1-rpp-l0-modal] 
[algo2a-g1-rpp-l0-modal]   sglang_page_size ................................ None
[algo2a-g1-rpp-l0-modal] 
[algo2a-g1-rpp-l0-modal]   sglang_pdmux_config_path ........................ None
[algo2a-g1-rpp-l0-modal] 
[algo2a-g1-rpp-l0-modal]   sglang_ple_offload_backend ...................... pinned
[algo2a-g1-rpp-l0-modal] 
[algo2a-g1-rpp-l0-modal]   sglang_ple_offload_dir .......................... None
[algo2a-g1-rpp-l0-modal] 
[algo2a-g1-rpp-l0-modal]   sglang_ple_offload_embedding .................... None
[algo2a-g1-rpp-l0-modal] 
[algo2a-g1-rpp-l0-modal]   sglang_pp_async_batch_depth ..................... 0
[algo2a-g1-rpp-l0-modal] 
[algo2a-g1-rpp-l0-modal]   sglang_pp_max_micro_batch_size .................. None
[algo2a-g1-rpp-l0-modal] 
[algo2a-g1-rpp-l0-modal]   sglang_pp_size .................................. 1
[algo2a-g1-rpp-l0-modal] 
[algo2a-g1-rpp-l0-modal]   sglang_pre_warm_nccl ............................ False
[algo2a-g1-rpp-l0-modal] 
[algo2a-g1-rpp-l0-modal]   sglang_preferred_sampling_params ................ None
[algo2a-g1-rpp-l0-modal] 
[algo2a-g1-rpp-l0-modal]   sglang_prefill_attention_backend ................ None
[algo2a-g1-rpp-l0-modal] 
[algo2a-g1-rpp-l0-modal]   sglang_prefill_decode_interval .................. None
[algo2a-g1-rpp-l0-modal] 
[algo2a-g1-rpp-l0-modal]   sglang_prefill_delayer_forward_passes_buckets ... None
[algo2a-g1-rpp-l0-modal] 
[algo2a-g1-rpp-l0-modal]   sglang_prefill_delayer_max_delay_ms ............. None
[algo2a-g1-rpp-l0-modal] 
[algo2a-g1-rpp-l0-modal]   sglang_prefill_delayer_max_delay_passes ......... 30
[algo2a-g1-rpp-l0-modal] 
[algo2a-g1-rpp-l0-modal]   sglang_prefill_delayer_queue_min_ratio .......... None
[algo2a-g1-rpp-l0-modal] 
[algo2a-g1-rpp-l0-modal]   sglang_prefill_delayer_token_usage_low_watermark  None
[algo2a-g1-rpp-l0-modal] 
[algo2a-g1-rpp-l0-modal]   sglang_prefill_delayer_wait_seconds_buckets ..... None
[algo2a-g1-rpp-l0-modal] 
[algo2a-g1-rpp-l0-modal]   sglang_prefill_max_requests ..................... None
[algo2a-g1-rpp-l0-modal] 
[algo2a-g1-rpp-l0-modal]   sglang_prefill_only_disable_kv_cache ............ False
[algo2a-g1-rpp-l0-modal] 
[algo2a-g1-rpp-l0-modal]   sglang_priority_scheduling_preemption_threshold . 10
[algo2a-g1-rpp-l0-modal] 
[algo2a-g1-rpp-l0-modal]   sglang_prompt_tokens_buckets .................... None
[algo2a-g1-rpp-l0-modal] 
[algo2a-g1-rpp-l0-modal]   sglang_quantization ............................. None
[algo2a-g1-rpp-l0-modal] 
[algo2a-g1-rpp-l0-modal]   sglang_quantization_param_path .................. None
[algo2a-g1-rpp-l0-modal] 
[algo2a-g1-rpp-l0-modal]   sglang_quantize_and_serve ....................... False
[algo2a-g1-rpp-l0-modal] 
[algo2a-g1-rpp-l0-modal]   sglang_radix_cache_backend ...................... None
[algo2a-g1-rpp-l0-modal] 
[algo2a-g1-rpp-l0-modal]   sglang_radix_eviction_policy .................... lru
[algo2a-g1-rpp-l0-modal] 
[algo2a-g1-rpp-l0-modal]   sglang_radix_eviction_policy_config ............. None
[algo2a-g1-rpp-l0-modal] 
[algo2a-g1-rpp-l0-modal]   sglang_reasoning_parser ......................... None
[algo2a-g1-rpp-l0-modal] 
[algo2a-g1-rpp-l0-modal]   sglang_remote_instance_weight_loader_backend .... nccl
[algo2a-g1-rpp-l0-modal] 
[algo2a-g1-rpp-l0-modal]   sglang_remote_instance_weight_loader_seed_instance_ip  None
[algo2a-g1-rpp-l0-modal] 
[algo2a-g1-rpp-l0-modal]   sglang_remote_instance_weight_loader_seed_instance_service_port  None
[algo2a-g1-rpp-l0-modal] 
[algo2a-g1-rpp-l0-modal]   sglang_remote_instance_weight_loader_send_weights_group_ports  None
[algo2a-g1-rpp-l0-modal] 
[algo2a-g1-rpp-l0-modal]   sglang_remote_instance_weight_loader_start_seed_via_transfer_engine  False
[algo2a-g1-rpp-l0-modal] 
[algo2a-g1-rpp-l0-modal]   sglang_retraction_policy ........................ length
[algo2a-g1-rpp-l0-modal] 
[algo2a-g1-rpp-l0-modal]   sglang_return_hidden_states_mode ................ None
[algo2a-g1-rpp-l0-modal] 
[algo2a-g1-rpp-l0-modal]   sglang_return_input_ids ......................... False
[algo2a-g1-rpp-l0-modal] 
[algo2a-g1-rpp-l0-modal]   sglang_return_output_ids ........................ False
[algo2a-g1-rpp-l0-modal] 
[algo2a-g1-rpp-l0-modal]   sglang_revision ................................. None
[algo2a-g1-rpp-l0-modal] 
[algo2a-g1-rpp-l0-modal]   sglang_rl_on_policy_target ...................... None
[algo2a-g1-rpp-l0-modal] 
[algo2a-g1-rpp-l0-modal]   sglang_rl_quant_profile ......................... None
[algo2a-g1-rpp-l0-modal] 
[algo2a-g1-rpp-l0-modal]   sglang_router_ip ................................ None
[algo2a-g1-rpp-l0-modal] 
[algo2a-g1-rpp-l0-modal]   sglang_router_policy ............................ None
[algo2a-g1-rpp-l0-modal] 
[algo2a-g1-rpp-l0-modal]   sglang_router_port .............................. None
[algo2a-g1-rpp-l0-modal] 
[algo2a-g1-rpp-l0-modal]   sglang_router_request_timeout_secs .............. 14400
[algo2a-g1-rpp-l0-modal] 
  sglang_sampling_backend ......................... None
[algo2a-g1-rpp-l0-modal] 
[algo2a-g1-rpp-l0-modal]   sglang_sampling_defaults ........................ model
[algo2a-g1-rpp-l0-modal] 
[algo2a-g1-rpp-l0-modal]   sglang_sampling_mask_max_tokens ................. 4096
[algo2a-g1-rpp-l0-modal] 
[algo2a-g1-rpp-l0-modal]   sglang_schedule_conservativeness ................ 1.0
[algo2a-g1-rpp-l0-modal] 
[algo2a-g1-rpp-l0-modal]   sglang_schedule_low_priority_values_first ....... False
[algo2a-g1-rpp-l0-modal] 
[algo2a-g1-rpp-l0-modal]   sglang_schedule_policy .......................... fcfs
[algo2a-g1-rpp-l0-modal] 
[algo2a-g1-rpp-l0-modal]   sglang_scheduler_recv_interval .................. 1
[algo2a-g1-rpp-l0-modal] 
[algo2a-g1-rpp-l0-modal]   sglang_served_model_name ........................ None
[algo2a-g1-rpp-l0-modal] 
[algo2a-g1-rpp-l0-modal]   sglang_server_concurrency ....................... 512
[algo2a-g1-rpp-l0-modal] 
[algo2a-g1-rpp-l0-modal]   sglang_show_time_cost ........................... False
[algo2a-g1-rpp-l0-modal] 
[algo2a-g1-rpp-l0-modal]   sglang_sidecar .................................. None
[algo2a-g1-rpp-l0-modal] 
[algo2a-g1-rpp-l0-modal]   sglang_sidecar_args ............................. None
[algo2a-g1-rpp-l0-modal] 
[algo2a-g1-rpp-l0-modal]   sglang_skip_tokenizer_init ...................... False
[algo2a-g1-rpp-l0-modal] 
[algo2a-g1-rpp-l0-modal]   sglang_sleep_on_idle ............................ False
[algo2a-g1-rpp-l0-modal] 
[algo2a-g1-rpp-l0-modal]   sglang_sm_group_num ............................. 8
[algo2a-g1-rpp-l0-modal] 
[algo2a-g1-rpp-l0-modal]   sglang_smg_grpc_mode ............................ False
[algo2a-g1-rpp-l0-modal] 
[algo2a-g1-rpp-l0-modal]   sglang_smg_http_sidecar_port .................... None
[algo2a-g1-rpp-l0-modal] 
[algo2a-g1-rpp-l0-modal]   sglang_soft_watchdog_timeout .................... None
[algo2a-g1-rpp-l0-modal] 
[algo2a-g1-rpp-l0-modal]   sglang_spec_trace_dir ........................... None
[algo2a-g1-rpp-l0-modal] 
[algo2a-g1-rpp-l0-modal]   sglang_speculative_accept_threshold_acc ......... 1.0
[algo2a-g1-rpp-l0-modal] 
[algo2a-g1-rpp-l0-modal]   sglang_speculative_accept_threshold_single ...... 1.0
[algo2a-g1-rpp-l0-modal] 
[algo2a-g1-rpp-l0-modal]   sglang_speculative_adaptive ..................... False
[algo2a-g1-rpp-l0-modal] 
[algo2a-g1-rpp-l0-modal]   sglang_speculative_adaptive_config .............. None
[algo2a-g1-rpp-l0-modal] 
[algo2a-g1-rpp-l0-modal]   sglang_speculative_algorithm .................... None
[algo2a-g1-rpp-l0-modal] 
[algo2a-g1-rpp-l0-modal]   sglang_speculative_attention_mode ............... prefill
[algo2a-g1-rpp-l0-modal] 
[algo2a-g1-rpp-l0-modal]   sglang_speculative_dflash_block_size ............ None
[algo2a-g1-rpp-l0-modal] 
[algo2a-g1-rpp-l0-modal]   sglang_speculative_domino_candidate_pool_size ... 2048
[algo2a-g1-rpp-l0-modal] 
[algo2a-g1-rpp-l0-modal]   sglang_speculative_draft_attention_backend ...... None
[algo2a-g1-rpp-l0-modal] 
[algo2a-g1-rpp-l0-modal]   sglang_speculative_draft_kv_cache_dtype ......... None
[algo2a-g1-rpp-l0-modal] 
[algo2a-g1-rpp-l0-modal]   sglang_speculative_draft_load_format ............ None
[algo2a-g1-rpp-l0-modal] 
[algo2a-g1-rpp-l0-modal]   sglang_speculative_draft_model_path ............. None
[algo2a-g1-rpp-l0-modal] 
[algo2a-g1-rpp-l0-modal]   sglang_speculative_draft_model_quantization ..... None
[algo2a-g1-rpp-l0-modal] 
[algo2a-g1-rpp-l0-modal]   sglang_speculative_draft_model_revision ......... None
[algo2a-g1-rpp-l0-modal] 
[algo2a-g1-rpp-l0-modal]   sglang_speculative_draft_window_size ............ None
[algo2a-g1-rpp-l0-modal] 
[algo2a-g1-rpp-l0-modal]   sglang_speculative_dsa_topk_backend ............. sgl-kernel
[algo2a-g1-rpp-l0-modal]   sglang_speculative_dspark_align_verify_tokens_to_graph_tier  False
[algo2a-g1-rpp-l0-modal] 
[algo2a-g1-rpp-l0-modal]   sglang_speculative_dspark_block_size ............ None
[algo2a-g1-rpp-l0-modal]   sglang_speculative_dspark_confidence_sts_path ... None
[algo2a-g1-rpp-l0-modal] 
[algo2a-g1-rpp-l0-modal]   sglang_speculative_dspark_sps_table_path ........ None
[algo2a-g1-rpp-l0-modal] 
[algo2a-g1-rpp-l0-modal] 
[algo2a-g1-rpp-l0-modal]   sglang_speculative_moe_a2a_backend .............. None
[algo2a-g1-rpp-l0-modal] 
[algo2a-g1-rpp-l0-modal]   sglang_speculative_moe_runner_backend ........... None
[algo2a-g1-rpp-l0-modal]   sglang_speculative_ngram_capacity ............... 10000000
[algo2a-g1-rpp-l0-modal] 
[algo2a-g1-rpp-l0-modal]   sglang_speculative_ngram_external_corpus_max_tokens  10000000
[algo2a-g1-rpp-l0-modal] 
[algo2a-g1-rpp-l0-modal]   sglang_speculative_ngram_external_corpus_path ... None
[algo2a-g1-rpp-l0-modal] 
[algo2a-g1-rpp-l0-modal] 
[algo2a-g1-rpp-l0-modal]   sglang_speculative_ngram_match_type ............. BFS
[algo2a-g1-rpp-l0-modal]   sglang_speculative_ngram_max_bfs_breadth ........ 10
[algo2a-g1-rpp-l0-modal] 
[algo2a-g1-rpp-l0-modal]   sglang_speculative_ngram_max_trie_depth ......... 18
[algo2a-g1-rpp-l0-modal] 
[algo2a-g1-rpp-l0-modal] 
[algo2a-g1-rpp-l0-modal]   sglang_speculative_num_draft_tokens ............. None
[algo2a-g1-rpp-l0-modal] 
[algo2a-g1-rpp-l0-modal]   sglang_speculative_num_steps .................... None
[algo2a-g1-rpp-l0-modal]   sglang_speculative_skip_dp_mlp_sync ............. False
[algo2a-g1-rpp-l0-modal] 
[algo2a-g1-rpp-l0-modal] 
[algo2a-g1-rpp-l0-modal]   sglang_speculative_use_rejection_sampling ....... False
[algo2a-g1-rpp-l0-modal] 
[algo2a-g1-rpp-l0-modal]   sglang_ssl_ca_certs ............................. None
[algo2a-g1-rpp-l0-modal] 
[algo2a-g1-rpp-l0-modal] 
[algo2a-g1-rpp-l0-modal]   sglang_ssl_keyfile .............................. None
[algo2a-g1-rpp-l0-modal] 
[algo2a-g1-rpp-l0-modal]   sglang_ssl_keyfile_password ..................... None
[algo2a-g1-rpp-l0-modal] 
[algo2a-g1-rpp-l0-modal]   sglang_startup_weight_load_mode ................. serial
[algo2a-g1-rpp-l0-modal] 
[algo2a-g1-rpp-l0-modal] 
[algo2a-g1-rpp-l0-modal]   sglang_stream_response_default_include_usage .... False
[algo2a-g1-rpp-l0-modal] 
[algo2a-g1-rpp-l0-modal]   sglang_strip_thinking_cache ..................... False
[algo2a-g1-rpp-l0-modal] 
[algo2a-g1-rpp-l0-modal]   sglang_swa_full_tokens_ratio .................... None
[algo2a-g1-rpp-l0-modal] 
[algo2a-g1-rpp-l0-modal] 
[algo2a-g1-rpp-l0-modal] 
[algo2a-g1-rpp-l0-modal]   sglang_tokenizer_metrics_allowed_custom_labels .. None
[algo2a-g1-rpp-l0-modal] 
[algo2a-g1-rpp-l0-modal]   sglang_tokenizer_metrics_custom_labels_header ... x-custom-labels
[algo2a-g1-rpp-l0-modal] 
[algo2a-g1-rpp-l0-modal]   sglang_tokenizer_mode ........................... auto
[algo2a-g1-rpp-l0-modal] 
[algo2a-g1-rpp-l0-modal]   sglang_tokenizer_path ........................... None
[algo2a-g1-rpp-l0-modal] 
[algo2a-g1-rpp-l0-modal]   sglang_tokenizer_worker_num ..................... 1
[algo2a-g1-rpp-l0-modal]   sglang_tool_call_parser ......................... None
[algo2a-g1-rpp-l0-modal] 
[algo2a-g1-rpp-l0-modal] 
[algo2a-g1-rpp-l0-modal]   sglang_torch_compile_max_bs ..................... 32
[algo2a-g1-rpp-l0-modal] 
[algo2a-g1-rpp-l0-modal] 
[algo2a-g1-rpp-l0-modal]   sglang_trace_modules ............................ request
[algo2a-g1-rpp-l0-modal] 
[algo2a-g1-rpp-l0-modal]   sglang_triton_attention_num_kv_splits ........... 8
[algo2a-g1-rpp-l0-modal] 
[algo2a-g1-rpp-l0-modal]   sglang_triton_attention_reduce_in_fp32 .......... False
[algo2a-g1-rpp-l0-modal] 
[algo2a-g1-rpp-l0-modal] 
[algo2a-g1-rpp-l0-modal]   sglang_true_on_policy_contract .................. None
[algo2a-g1-rpp-l0-modal] 
[algo2a-g1-rpp-l0-modal]   sglang_trust_mm_content_hashes .................. False
[algo2a-g1-rpp-l0-modal]   sglang_unified_cache_external_linker_backend .... mooncake
[algo2a-g1-rpp-l0-modal] 
[algo2a-g1-rpp-l0-modal] 
[algo2a-g1-rpp-l0-modal]   sglang_use_ray .................................. False
[algo2a-g1-rpp-l0-modal] 
[algo2a-g1-rpp-l0-modal]   sglang_uvicorn_access_log_exclude_prefixes ...... []
[algo2a-g1-rpp-l0-modal] 
[algo2a-g1-rpp-l0-modal]   sglang_warmups .................................. None
[algo2a-g1-rpp-l0-modal]   sglang_watchdog_timeout ......................... 300
[algo2a-g1-rpp-l0-modal] 
[algo2a-g1-rpp-l0-modal] 
[algo2a-g1-rpp-l0-modal]   sglang_weight_cache_socket ...................... None
[algo2a-g1-rpp-l0-modal] 
[algo2a-g1-rpp-l0-modal]   sglang_weight_cache_timeout ..................... 1800
[algo2a-g1-rpp-l0-modal]   sglang_weight_loader_disable_mmap ............... False
[algo2a-g1-rpp-l0-modal] 
[algo2a-g1-rpp-l0-modal]   sglang_weight_loader_drop_cache_after_load ...... False
[algo2a-g1-rpp-l0-modal] 
[algo2a-g1-rpp-l0-modal] 
[algo2a-g1-rpp-l0-modal]   sglang_weight_loader_prefetch_num_threads ....... 4
[algo2a-g1-rpp-l0-modal] 
[algo2a-g1-rpp-l0-modal]   sglang_weight_version ........................... default
[algo2a-g1-rpp-l0-modal]   sharp_enabled_group ............................. None
[algo2a-g1-rpp-l0-modal] 
[algo2a-g1-rpp-l0-modal]   short_seq_prob .................................. 0.1
[algo2a-g1-rpp-l0-modal] 
[algo2a-g1-rpp-l0-modal] 
[algo2a-g1-rpp-l0-modal]   skip_eval_before_train .......................... False
[algo2a-g1-rpp-l0-modal] 
[algo2a-g1-rpp-l0-modal]   skip_train ...................................... False
[algo2a-g1-rpp-l0-modal]   skipped_train_samples ........................... 0
[algo2a-g1-rpp-l0-modal] 
[algo2a-g1-rpp-l0-modal]   softmax_type .................................... vanilla
[algo2a-g1-rpp-l0-modal] 
[algo2a-g1-rpp-l0-modal]   spec ............................................ None
[algo2a-g1-rpp-l0-modal] 
[algo2a-g1-rpp-l0-modal] 
[algo2a-g1-rpp-l0-modal]   split ........................................... None
[algo2a-g1-rpp-l0-modal]   squared_relu .................................... False
[algo2a-g1-rpp-l0-modal] 
[algo2a-g1-rpp-l0-modal]   start_eval_at_iter .............................. None
[algo2a-g1-rpp-l0-modal] 
[algo2a-g1-rpp-l0-modal] 
[algo2a-g1-rpp-l0-modal]   start_weight_decay .............................. 0.01
[algo2a-g1-rpp-l0-modal] 
[algo2a-g1-rpp-l0-modal]   starts_inference_engines ........................ True
[algo2a-g1-rpp-l0-modal]   step_batch_size_schedule ........................ None
[algo2a-g1-rpp-l0-modal] 
[algo2a-g1-rpp-l0-modal] 
[algo2a-g1-rpp-l0-modal]   straggler_minmax_count .......................... 1
[algo2a-g1-rpp-l0-modal] 
[algo2a-g1-rpp-l0-modal]   stream_optimizer_state_moment_dtype ............. fp32
[algo2a-g1-rpp-l0-modal] 
[algo2a-g1-rpp-l0-modal]   stream_optimizer_state_to_disk .................. False
[algo2a-g1-rpp-l0-modal] 
[algo2a-g1-rpp-l0-modal]   strict_fsdp_dtensor_load ........................ True
[algo2a-g1-rpp-l0-modal] 
[algo2a-g1-rpp-l0-modal]   suggested_communication_unit_size ............... None
[algo2a-g1-rpp-l0-modal] 
[algo2a-g1-rpp-l0-modal]   swiglu .......................................... True
[algo2a-g1-rpp-l0-modal] 
  swin_backbone_type .............................. tiny
[algo2a-g1-rpp-l0-modal] 
[algo2a-g1-rpp-l0-modal]   symmetric_ar_type ............................... None
[algo2a-g1-rpp-l0-modal] 
[algo2a-g1-rpp-l0-modal]   target_modules .................................. down_proj,gate_proj,k_proj,o_proj,q_proj,up_proj,v_proj
[algo2a-g1-rpp-l0-modal] 
[algo2a-g1-rpp-l0-modal]   tb_experiment_name .............................. None
[algo2a-g1-rpp-l0-modal] 
[algo2a-g1-rpp-l0-modal]   tb_project_name ................................. None
[algo2a-g1-rpp-l0-modal] 
[algo2a-g1-rpp-l0-modal]   te_precision_config_file ........................ None
[algo2a-g1-rpp-l0-modal] 
[algo2a-g1-rpp-l0-modal]   te_rng_tracker .................................. False
[algo2a-g1-rpp-l0-modal] 
[algo2a-g1-rpp-l0-modal]   tensor_model_parallel_size ...................... 1
[algo2a-g1-rpp-l0-modal] 
[algo2a-g1-rpp-l0-modal]   tensorboard_dir ................................. None
[algo2a-g1-rpp-l0-modal] 
[algo2a-g1-rpp-l0-modal]   tensorboard_log_interval ........................ 1
[algo2a-g1-rpp-l0-modal] 
[algo2a-g1-rpp-l0-modal]   tensorboard_queue_size .......................... 1000
[algo2a-g1-rpp-l0-modal] 
[algo2a-g1-rpp-l0-modal]   test_data_path .................................. None
[algo2a-g1-rpp-l0-modal] 
[algo2a-g1-rpp-l0-modal]   test_mode ....................................... False
[algo2a-g1-rpp-l0-modal] 
[algo2a-g1-rpp-l0-modal]   thd_max_packed_sequences ........................ None
[algo2a-g1-rpp-l0-modal] 
[algo2a-g1-rpp-l0-modal]   thd_tail_padding_policy ......................... None
[algo2a-g1-rpp-l0-modal] 
[algo2a-g1-rpp-l0-modal]   tiktoken_num_special_tokens ..................... 1000
[algo2a-g1-rpp-l0-modal] 
[algo2a-g1-rpp-l0-modal]   tiktoken_pattern ................................ None
[algo2a-g1-rpp-l0-modal] 
[algo2a-g1-rpp-l0-modal]   timing_log_level ................................ 0
[algo2a-g1-rpp-l0-modal] 
[algo2a-g1-rpp-l0-modal]   timing_log_option ............................... minmax
[algo2a-g1-rpp-l0-modal] 
[algo2a-g1-rpp-l0-modal]   tis_clip ........................................ 2.0
[algo2a-g1-rpp-l0-modal] 
[algo2a-g1-rpp-l0-modal]   tis_clip_low .................................... 0
[algo2a-g1-rpp-l0-modal] 
[algo2a-g1-rpp-l0-modal]   titles_data_path ................................ None
[algo2a-g1-rpp-l0-modal] 
[algo2a-g1-rpp-l0-modal]   tito_model ...................................... default
[algo2a-g1-rpp-l0-modal] 
[algo2a-g1-rpp-l0-modal]   tokenizer_hf_no_include_special_tokens .......... False
[algo2a-g1-rpp-l0-modal] 
[algo2a-g1-rpp-l0-modal]   tokenizer_hf_no_use_fast ........................ False
[algo2a-g1-rpp-l0-modal] 
[algo2a-g1-rpp-l0-modal]   tokenizer_model ................................. /root/.cache/huggingface/hub/models--Qwen--Qwen3-0.6B/snapshots/c1899de289a04d12100db370d81485cdf75e47ca
[algo2a-g1-rpp-l0-modal] 
[algo2a-g1-rpp-l0-modal]   tokenizer_sentencepiece_ignore_extra_whitespaces  True
[algo2a-g1-rpp-l0-modal] 
[algo2a-g1-rpp-l0-modal]   tokenizer_sentencepiece_legacy .................. False
[algo2a-g1-rpp-l0-modal] 
[algo2a-g1-rpp-l0-modal]   tokenizer_type .................................. HuggingFaceTokenizer
[algo2a-g1-rpp-l0-modal] 
[algo2a-g1-rpp-l0-modal]   tool_key ........................................ tools
[algo2a-g1-rpp-l0-modal] 
[algo2a-g1-rpp-l0-modal]   torch_fsdp2_reshard_after_forward ............... True
[algo2a-g1-rpp-l0-modal] 
[algo2a-g1-rpp-l0-modal]   tp_comm_bootstrap_backend ....................... nccl
[algo2a-g1-rpp-l0-modal] 
[algo2a-g1-rpp-l0-modal]   tp_comm_bulk_dgrad .............................. True
[algo2a-g1-rpp-l0-modal] 
[algo2a-g1-rpp-l0-modal]   tp_comm_bulk_wgrad .............................. True
[algo2a-g1-rpp-l0-modal] 
[algo2a-g1-rpp-l0-modal]   tp_comm_overlap ................................. False
[algo2a-g1-rpp-l0-modal] 
[algo2a-g1-rpp-l0-modal]   tp_comm_overlap_ag .............................. True
[algo2a-g1-rpp-l0-modal] 
[algo2a-g1-rpp-l0-modal]   tp_comm_overlap_cfg ............................. None
[algo2a-g1-rpp-l0-modal] 
[algo2a-g1-rpp-l0-modal]   tp_comm_overlap_rs .............................. True
[algo2a-g1-rpp-l0-modal] 
[algo2a-g1-rpp-l0-modal]   tp_comm_overlap_rs_dgrad ........................ False
[algo2a-g1-rpp-l0-modal] 
[algo2a-g1-rpp-l0-modal]   tp_comm_split_ag ................................ True
[algo2a-g1-rpp-l0-modal] 
[algo2a-g1-rpp-l0-modal]   tp_comm_split_rs ................................ True
[algo2a-g1-rpp-l0-modal] 
[algo2a-g1-rpp-l0-modal]   train_backend ................................... megatron
[algo2a-g1-rpp-l0-modal] 
[algo2a-g1-rpp-l0-modal]   train_data_path ................................. None
[algo2a-g1-rpp-l0-modal] 
[algo2a-g1-rpp-l0-modal]   train_env_vars .................................. {}
[algo2a-g1-rpp-l0-modal] 
[algo2a-g1-rpp-l0-modal]   train_iters ..................................... None
[algo2a-g1-rpp-l0-modal] 
[algo2a-g1-rpp-l0-modal]   train_memory_margin_bytes ....................... 1073741824
[algo2a-g1-rpp-l0-modal] 
[algo2a-g1-rpp-l0-modal]   train_samples ................................... None
[algo2a-g1-rpp-l0-modal] 
[algo2a-g1-rpp-l0-modal]   train_sync_interval ............................. None
[algo2a-g1-rpp-l0-modal] 
[algo2a-g1-rpp-l0-modal]   trainer_controller_addrs ........................ None
[algo2a-g1-rpp-l0-modal] 
[algo2a-g1-rpp-l0-modal]   trainer_heartbeat_checker_failure_threshold ..... 3
[algo2a-g1-rpp-l0-modal] 
[algo2a-g1-rpp-l0-modal]   trainer_heartbeat_checker_first_wait ............ 300.0
[algo2a-g1-rpp-l0-modal] 
[algo2a-g1-rpp-l0-modal]   trainer_heartbeat_checker_interval .............. 10.0
[algo2a-g1-rpp-l0-modal] 
[algo2a-g1-rpp-l0-modal]   trainer_heartbeat_checker_timeout ............... 10.0
[algo2a-g1-rpp-l0-modal] 
[algo2a-g1-rpp-l0-modal]   trainer_id ...................................... actor
[algo2a-g1-rpp-l0-modal] 
[algo2a-g1-rpp-l0-modal]   trainer_model_id ................................ None
[algo2a-g1-rpp-l0-modal] 
[algo2a-g1-rpp-l0-modal]   transformer_impl ................................ transformer_engine
[algo2a-g1-rpp-l0-modal] 
[algo2a-g1-rpp-l0-modal]   transformer_pipeline_model_parallel_size ........ 1
[algo2a-g1-rpp-l0-modal] 
[algo2a-g1-rpp-l0-modal]   true_on_policy_mode ............................. False
[algo2a-g1-rpp-l0-modal] 
[algo2a-g1-rpp-l0-modal]   trust_remote_code ............................... True
[algo2a-g1-rpp-l0-modal] 
[algo2a-g1-rpp-l0-modal]   untie_embeddings_and_output_weights ............. False
[algo2a-g1-rpp-l0-modal] 
[algo2a-g1-rpp-l0-modal]   update_weight_buffer_size ....................... 536870912
[algo2a-g1-rpp-l0-modal] 
[algo2a-g1-rpp-l0-modal]   update_weight_delta_checksum .................... xxh3-128
[algo2a-g1-rpp-l0-modal] 
[algo2a-g1-rpp-l0-modal]   update_weight_delta_encoding .................... xor
[algo2a-g1-rpp-l0-modal] 
[algo2a-g1-rpp-l0-modal]   update_weight_disk_dir .......................... None
[algo2a-g1-rpp-l0-modal] 
[algo2a-g1-rpp-l0-modal]   update_weight_local_checkpoint_dir .............. None
[algo2a-g1-rpp-l0-modal] 
[algo2a-g1-rpp-l0-modal]   update_weight_transfer_mode ..................... broadcast
[algo2a-g1-rpp-l0-modal] 
[algo2a-g1-rpp-l0-modal]   update_weights_interval ......................... 1
[algo2a-g1-rpp-l0-modal] 
[algo2a-g1-rpp-l0-modal]   use_checkpoint_args ............................. False
[algo2a-g1-rpp-l0-modal] 
[algo2a-g1-rpp-l0-modal]   use_checkpoint_opt_param_scheduler .............. False
[algo2a-g1-rpp-l0-modal]   use_cpu_initialization .......................... None
[algo2a-g1-rpp-l0-modal] 
[algo2a-g1-rpp-l0-modal] 
[algo2a-g1-rpp-l0-modal]   use_dist_ckpt ................................... True
[algo2a-g1-rpp-l0-modal]   use_dist_ckpt_deprecated ........................ False
[algo2a-g1-rpp-l0-modal] 
[algo2a-g1-rpp-l0-modal]   use_distributed_optimizer ....................... True
[algo2a-g1-rpp-l0-modal] 
[algo2a-g1-rpp-l0-modal] 
[algo2a-g1-rpp-l0-modal]   use_dynamic_batch_size .......................... False
[algo2a-g1-rpp-l0-modal] 
[algo2a-g1-rpp-l0-modal]   use_dynamic_global_batch_size ................... False
[algo2a-g1-rpp-l0-modal]   use_fault_tolerance ............................. False
[algo2a-g1-rpp-l0-modal] 
[algo2a-g1-rpp-l0-modal]   use_flash_attn .................................. False
[algo2a-g1-rpp-l0-modal] 
[algo2a-g1-rpp-l0-modal]   use_fused_mhc ................................... False
[algo2a-g1-rpp-l0-modal] 
[algo2a-g1-rpp-l0-modal] 
[algo2a-g1-rpp-l0-modal]   use_gloo_process_groups ......................... True
[algo2a-g1-rpp-l0-modal] 
[algo2a-g1-rpp-l0-modal]   use_grouped_gemm_for_dense_mlp .................. False
[algo2a-g1-rpp-l0-modal]   use_grouped_gemm_for_shared_expert .............. False
[algo2a-g1-rpp-l0-modal] 
[algo2a-g1-rpp-l0-modal]   use_indexer_replay .............................. False
[algo2a-g1-rpp-l0-modal] 
[algo2a-g1-rpp-l0-modal]   use_kitchen_attention ........................... False
[algo2a-g1-rpp-l0-modal]   use_kl_loss ..................................... False
[algo2a-g1-rpp-l0-modal] 
[algo2a-g1-rpp-l0-modal]   use_layer_wise_distributed_optimizer ............ False
[algo2a-g1-rpp-l0-modal] 
[algo2a-g1-rpp-l0-modal] 
[algo2a-g1-rpp-l0-modal]   use_legacy_static_engine ........................ False
[algo2a-g1-rpp-l0-modal] 
[algo2a-g1-rpp-l0-modal]   use_mamba_mem_eff_path .......................... True
[algo2a-g1-rpp-l0-modal]   use_megatron_fsdp ............................... False
[algo2a-g1-rpp-l0-modal]   use_miles_dashboard ............................. False
[algo2a-g1-rpp-l0-modal] 
[algo2a-g1-rpp-l0-modal]   use_miles_router ................................ False
[algo2a-g1-rpp-l0-modal] 
[algo2a-g1-rpp-l0-modal] 
[algo2a-g1-rpp-l0-modal]   use_mp_args_from_checkpoint_args ................ False
[algo2a-g1-rpp-l0-modal] 
[algo2a-g1-rpp-l0-modal]   use_mup ......................................... False
[algo2a-g1-rpp-l0-modal] 
[algo2a-g1-rpp-l0-modal] 
[algo2a-g1-rpp-l0-modal]   use_opd ......................................... False
[algo2a-g1-rpp-l0-modal] 
[algo2a-g1-rpp-l0-modal]   use_opsm ........................................ False
[algo2a-g1-rpp-l0-modal]   use_persistent_ckpt_worker ...................... False
[algo2a-g1-rpp-l0-modal] 
[algo2a-g1-rpp-l0-modal]   use_precision_aware_optimizer ................... False
[algo2a-g1-rpp-l0-modal] 
[algo2a-g1-rpp-l0-modal]   use_prometheus .................................. False
[algo2a-g1-rpp-l0-modal] 
[algo2a-g1-rpp-l0-modal]   use_pytorch_profiler ............................ False
[algo2a-g1-rpp-l0-modal] 
[algo2a-g1-rpp-l0-modal] 
[algo2a-g1-rpp-l0-modal]   use_rollout_entropy ............................. False
[algo2a-g1-rpp-l0-modal] 
[algo2a-g1-rpp-l0-modal]   use_rollout_indexer_replay ...................... False
[algo2a-g1-rpp-l0-modal] 
[algo2a-g1-rpp-l0-modal]   use_rollout_logprobs ............................ False
[algo2a-g1-rpp-l0-modal] 
[algo2a-g1-rpp-l0-modal]   use_rollout_routing_replay ...................... False
[algo2a-g1-rpp-l0-modal]   use_rope_scaling ................................ False
[algo2a-g1-rpp-l0-modal] 
[algo2a-g1-rpp-l0-modal]   use_rotary_position_embeddings .................. False
[algo2a-g1-rpp-l0-modal] 
[algo2a-g1-rpp-l0-modal]   use_routing_replay .............................. False
[algo2a-g1-rpp-l0-modal] 
[algo2a-g1-rpp-l0-modal]   use_sampling_support_replay ..................... False
[algo2a-g1-rpp-l0-modal] 
[algo2a-g1-rpp-l0-modal]   use_session_server .............................. False
[algo2a-g1-rpp-l0-modal] 
[algo2a-g1-rpp-l0-modal]   use_sharp ....................................... False
[algo2a-g1-rpp-l0-modal] 
[algo2a-g1-rpp-l0-modal]   use_te_activation_func .......................... False
[algo2a-g1-rpp-l0-modal] 
[algo2a-g1-rpp-l0-modal]   use_tensorboard ................................. False
[algo2a-g1-rpp-l0-modal] 
[algo2a-g1-rpp-l0-modal]   use_tis ......................................... False
[algo2a-g1-rpp-l0-modal] 
[algo2a-g1-rpp-l0-modal]   use_tokenizer_model_from_checkpoint_args ........ True
[algo2a-g1-rpp-l0-modal] 
[algo2a-g1-rpp-l0-modal]   use_torch_fsdp2 ................................. False
[algo2a-g1-rpp-l0-modal] 
[algo2a-g1-rpp-l0-modal]   use_torch_optimizer_for_cpu_offload ............. False
[algo2a-g1-rpp-l0-modal] 
[algo2a-g1-rpp-l0-modal]   use_tp_pp_dp_mapping ............................ False
[algo2a-g1-rpp-l0-modal] 
[algo2a-g1-rpp-l0-modal]   use_transformer_engine_op_fuser ................. False
[algo2a-g1-rpp-l0-modal] 
[algo2a-g1-rpp-l0-modal]   use_unbiased_kl ................................. False
[algo2a-g1-rpp-l0-modal] 
[algo2a-g1-rpp-l0-modal]   use_varlen_dataset .............................. False
[algo2a-g1-rpp-l0-modal] 
[algo2a-g1-rpp-l0-modal]   use_wandb ....................................... False
[algo2a-g1-rpp-l0-modal] 
[algo2a-g1-rpp-l0-modal]   v_head_dim ...................................... 128
[algo2a-g1-rpp-l0-modal] 
[algo2a-g1-rpp-l0-modal]   valid_data_path ................................. None
[algo2a-g1-rpp-l0-modal] 
[algo2a-g1-rpp-l0-modal]   validation_set_names ............................ None
[algo2a-g1-rpp-l0-modal] 
[algo2a-g1-rpp-l0-modal]   value_clip ...................................... 0.2
[algo2a-g1-rpp-l0-modal] 
[algo2a-g1-rpp-l0-modal]   varlen_mock_dataset_config_json ................. None
[algo2a-g1-rpp-l0-modal] 
[algo2a-g1-rpp-l0-modal]   varlen_sbhd_validation .......................... False
[algo2a-g1-rpp-l0-modal] 
[algo2a-g1-rpp-l0-modal]   verify_integrity ................................ False
[algo2a-g1-rpp-l0-modal] 
[algo2a-g1-rpp-l0-modal]   virtual_pipeline_model_parallel_size ............ None
[algo2a-g1-rpp-l0-modal] 
[algo2a-g1-rpp-l0-modal]   vision_backbone_type ............................ vit
[algo2a-g1-rpp-l0-modal] 
[algo2a-g1-rpp-l0-modal]   vision_pretraining .............................. False
[algo2a-g1-rpp-l0-modal] 
[algo2a-g1-rpp-l0-modal]   vision_pretraining_type ......................... classify
[algo2a-g1-rpp-l0-modal] 
[algo2a-g1-rpp-l0-modal]   vocab_extra_ids ................................. 0
[algo2a-g1-rpp-l0-modal] 
[algo2a-g1-rpp-l0-modal]   vocab_file ...................................... None
[algo2a-g1-rpp-l0-modal] 
[algo2a-g1-rpp-l0-modal]   vocab_size ...................................... 151936
[algo2a-g1-rpp-l0-modal] 
[algo2a-g1-rpp-l0-modal]   wandb_always_use_train_step ..................... False
[algo2a-g1-rpp-l0-modal] 
[algo2a-g1-rpp-l0-modal]   wandb_dir ....................................... None
[algo2a-g1-rpp-l0-modal] 
[algo2a-g1-rpp-l0-modal]   wandb_entity .................................... None
[algo2a-g1-rpp-l0-modal] 
[algo2a-g1-rpp-l0-modal]   wandb_exp_name .................................. None
[algo2a-g1-rpp-l0-modal] 
[algo2a-g1-rpp-l0-modal]   wandb_group ..................................... None
[algo2a-g1-rpp-l0-modal] 
[algo2a-g1-rpp-l0-modal]   wandb_host ...................................... None
[algo2a-g1-rpp-l0-modal] 
[algo2a-g1-rpp-l0-modal]   wandb_key ....................................... None
[algo2a-g1-rpp-l0-modal] 
[algo2a-g1-rpp-l0-modal]   wandb_mode ...................................... None
[algo2a-g1-rpp-l0-modal] 
[algo2a-g1-rpp-l0-modal]   wandb_project ................................... None
[algo2a-g1-rpp-l0-modal] 
[algo2a-g1-rpp-l0-modal] 
[algo2a-g1-rpp-l0-modal]   wandb_run_id .................................... None
[algo2a-g1-rpp-l0-modal] 
[algo2a-g1-rpp-l0-modal]   wandb_save_dir .................................. None
[algo2a-g1-rpp-l0-modal] 
[algo2a-g1-rpp-l0-modal]   wandb_team ...................................... None
[algo2a-g1-rpp-l0-modal] 
[algo2a-g1-rpp-l0-modal]   weight_decay .................................... 0.01
[algo2a-g1-rpp-l0-modal] 
[algo2a-g1-rpp-l0-modal]   weight_decay_incr_style ......................... constant
[algo2a-g1-rpp-l0-modal] 
[algo2a-g1-rpp-l0-modal]   wgrad_deferral_limit ............................ 0
[algo2a-g1-rpp-l0-modal] 
[algo2a-g1-rpp-l0-modal]   window_attn_skip_freq ........................... None
[algo2a-g1-rpp-l0-modal] 
[algo2a-g1-rpp-l0-modal]   window_size ..................................... None
[algo2a-g1-rpp-l0-modal] 
[algo2a-g1-rpp-l0-modal]   witness_buffer_size ............................. 1048576
[algo2a-g1-rpp-l0-modal] 
[algo2a-g1-rpp-l0-modal]   worker_comm_backend ............................. ray
[algo2a-g1-rpp-l0-modal] 
[algo2a-g1-rpp-l0-modal]   worker_dynamic_port_start ....................... 20000
[algo2a-g1-rpp-l0-modal]   worker_urls ..................................... []
[algo2a-g1-rpp-l0-modal] 
[algo2a-g1-rpp-l0-modal]   world_size ...................................... 1
[algo2a-g1-rpp-l0-modal] 
[algo2a-g1-rpp-l0-modal]   yaml_cfg ........................................ None
[algo2a-g1-rpp-l0-modal] 
[algo2a-g1-rpp-l0-modal]   yarn_beta_fast .................................. None
[algo2a-g1-rpp-l0-modal] 
[algo2a-g1-rpp-l0-modal] 
[algo2a-g1-rpp-l0-modal]   yarn_correction_range_round_to_int .............. None
[algo2a-g1-rpp-l0-modal] 
[algo2a-g1-rpp-l0-modal]   yarn_original_max_position_embeddings ........... None
[algo2a-g1-rpp-l0-modal]   yeto_rl_dynamic_sampling_max_replacements ....... None
[algo2a-g1-rpp-l0-modal] 
[algo2a-g1-rpp-l0-modal] -------------------- end of arguments ---------------------
[algo2a-g1-rpp-l0-modal] 
[algo2a-g1-rpp-l0-modal] [2026-09-29 18:45:16.717 main] arguments.py:2843 - --moe-token-dispatcher-type allgather does not support variable sequence length, please use alltoall dispatcher instead.
[algo2a-g1-rpp-l0-modal] 2026-09-29 18:45:16,734	INFO worker.py:1833 -- Connecting to existing Ray cluster at address: 172.20.0.160:6379...
[algo2a-g1-rpp-l0-modal] 2026-09-29 18:45:16,754	INFO worker.py:2015 -- Connected to Ray cluster. View the dashboard at [1m[32mhttp://127.0.0.1:8265 [39m[22m
[algo2a-g1-rpp-l0-modal] YETO_RL_EVENT {"event":"rl_engine_selected","island_id":0,"miles_commit":"0394715083c91182b5eb0c526eeee4196ac694b9","placement":"colocated","rl/algorithm_absorbed_flags":{},"rl/algorithm_spec":"{\"advantage\":{\"estimator\":\"reinforce_plus_plus\",\"reward_binary\":false,\"reward_postprocess\":null,\"rewards_normalization\":true,\"std_normalization\":true,\"whiten\":true},\"correction\":{\"function\":null,\"method\":\"none\",\"mismatch_metrics\":false,\"opsm_delta\":null,\"tis_clip\":null,\"tis_clip_low\":null,\"use_rollout_logprobs\":false},\"entropy_coef\":0.0,\"execution\":{\"group_required\":true,\"max_policy_staleness\":0,\"needs_critic\":false,\"needs_rollout_logprobs\":false},\"kl\":{\"coef\":0.01,\"estimator\":null,\"placement\":\"reward\",\"unbiased\":false},\"loss\":{\"aggregation\":\"default\",\"custom_loss\":null,\"eps_clip\":null,\"eps_clip_c\":null,\"eps_clip_high\":null,\"reducer\":null,\"variant\":\"policy_loss\"},\"plugins\":[],\"sampling\":{\"filter\":null,\"max_replacements\":null,\"over_sampling_batch_size\":null,\"overlong_filter\":false},\"schema\":\"yeto-rl-algorithm-spec-v2\"}","rl/algorithm_spec_sha256":"550cbe39657121116974f43f9c39adc8f7b6b05b8366e2bd56d690e88672922d","rl/contains_unverified_mechanisms":true,"rl/outer_sync":false,"rl/unverified_mechanisms":["advantage_estimators:reinforce_plus_plus","features:whiten_advantages"],"rl_engine":"ports","time_unix":1790707518.622295}
[algo2a-g1-rpp-l0-modal] 
[algo2a-g1-rpp-l0-modal] [2026-09-29 18:45:18.635 main] reporter.py:90 - audit op=env_report_summary hostname=modal versions="{\"python\":\"3.12.3\",\"platform\":\"Linux-4.19.0-gvisor-x86_64-with-glibc2.39\",\"torch\":\"2.13.0+cu130\",\"torch_cuda\":\"13.0\"}" repos="{}" num_packages=0 num_env_vars=105 packages_probed=false stored=false
[algo2a-g1-rpp-l0-modal] [2026-09-29 18:45:18.640 main] placement_group.py:151 - Creating placement group with 1 GPUs...
[algo2a-g1-rpp-l0-modal] [2026-09-29 18:45:19.922 main] placement_group.py:114 -   bundle    0, actual_bundle_index:    0, node: 172.20.0.160, gpu: 0
[algo2a-g1-rpp-l0-modal] [2026-09-29 18:45:23.721 main] reporter.py:90 - audit op=env_report_summary hostname=modal versions="{\"python\":\"3.12.3\",\"platform\":\"Linux-4.19.0-gvisor-x86_64-with-glibc2.39\",\"miles\":\"0.1.1\",\"sglang\":\"0.5.21.dev67+g9f29303\",\"sglang-router\":\"0.3.2\",\"megatron-core\":\"0.19.0+a84b10547\",\"transformers\":\"5.12.1\",\"ray\":\"2.58.0\",\"flashinfer-python\":\"0.6.18\",\"torch\":\"2.13.0+cu130\",\"torch_cuda\":\"13.0\"}" repos="{\"miles\":\"0394715083c91182b5eb0c526eeee4196ac694b9\",\"megatron-core\":\"a84b105473eca9c9c6e49dbf1c8aa460c5cf796e\",\"sglang\":\"9f29303bef1eea38eb613e5f454a52db1326422d\"}" num_packages=425 num_env_vars=105 packages_probed=true stored=false
[algo2a-g1-rpp-l0-modal] [36m(pid=2281)[0m /opt/sglang/lib/python3.12/site-packages/huggingface_hub/constants.py:301: FutureWarning: The `HF_HUB_ENABLE_HF_TRANSFER` environment variable is deprecated as 'hf_transfer' is not used anymore. Please use `HF_XET_HIGH_PERFORMANCE` instead to enable high performance transfer with Xet. Visit https://huggingface.co/docs/huggingface_hub/package_reference/environment_variables#hfxethighperformance for more details.
[algo2a-g1-rpp-l0-modal] 
[algo2a-g1-rpp-l0-modal] [36m(pid=2281)[0m   warnings.warn(
[algo2a-g1-rpp-l0-modal] 
[algo2a-g1-rpp-l0-modal] [36m(pid=2281)[0m /opt/sglang/lib/python3.12/site-packages/transformer_engine/__init__.py:103: RuntimeWarning: Detected a Jax installation but could not find the shared object file for the Transformer Engine Jax extension library. If this is not intentional, please reinstall Transformer Engine with `pip install transformer_engine[jax]` or build from source with `NVTE_FRAMEWORK=jax`.
[algo2a-g1-rpp-l0-modal] 
[algo2a-g1-rpp-l0-modal] [36m(pid=2281)[0m   warnings.warn(
[algo2a-g1-rpp-l0-modal] 
[algo2a-g1-rpp-l0-modal] [36m(pid=2281)[0m Flax classes are deprecated and will be removed in Diffusers v1.0.0. We recommend migrating to PyTorch classes or pinning your version of Diffusers.
[algo2a-g1-rpp-l0-modal] 
[algo2a-g1-rpp-l0-modal] [36m(pid=2281)[0m Flax classes are deprecated and will be removed in Diffusers v1.0.0. We recommend migrating to PyTorch classes or pinning your version of Diffusers.
[algo2a-g1-rpp-l0-modal] 
[algo2a-g1-rpp-l0-modal] [36m(pid=2281)[0m WARNING:megatron.bridge.models.muse_glimmer:Muse Glimmer Hugging Face classes are unavailable with transformers 5.12.1. Upgrade transformers to a version that supports Muse Glimmer.
[algo2a-g1-rpp-l0-modal] 
[algo2a-g1-rpp-l0-modal] [36m(pid=2281)[0m WARNING:miles_plugins.models.qwen3_vl:megatron-bridge Qwen3VLModel lacks native CP-local vision-embed selection; CP runs with vision tokens will mis-place vision embeddings. Apply the matching Megatron-Bridge patch (radixark/Megatron-Bridge PR #9).
[algo2a-g1-rpp-l0-modal] 
[algo2a-g1-rpp-l0-modal] [36m(RayWorkerManager pid=2281)[0m [2026-09-29 18:45:44.201 worker_manager] reporter.py:90 - audit op=env_report_summary hostname=modal versions="{\"python\":\"3.12.3\",\"platform\":\"Linux-4.19.0-gvisor-x86_64-with-glibc2.39\",\"torch\":\"2.13.0+cu130\",\"torch_cuda\":\"13.0\"}" repos="{}" num_packages=0 num_env_vars=109 packages_probed=false stored=false
[algo2a-g1-rpp-l0-modal] 
[algo2a-g1-rpp-l0-modal] [36m(RayWorkerManager pid=2281)[0m [2026-09-29 18:45:48.232 worker_manager] reporter.py:90 - audit op=env_report_summary hostname=modal versions="{\"python\":\"3.12.3\",\"platform\":\"Linux-4.19.0-gvisor-x86_64-with-glibc2.39\",\"miles\":\"0.1.1\",\"sglang\":\"0.5.21.dev67+g9f29303\",\"sglang-router\":\"0.3.2\",\"megatron-core\":\"0.19.0+a84b10547\",\"transformers\":\"5.12.1\",\"ray\":\"2.58.0\",\"flashinfer-python\":\"0.6.18\",\"torch\":\"2.13.0+cu130\",\"torch_cuda\":\"13.0\"}" repos="{\"miles\":\"0394715083c91182b5eb0c526eeee4196ac694b9\",\"megatron-core\":\"a84b105473eca9c9c6e49dbf1c8aa460c5cf796e\",\"sglang\":\"9f29303bef1eea38eb613e5f454a52db1326422d\"}" num_packages=425 num_env_vars=109 packages_probed=true stored=false
[algo2a-g1-rpp-l0-modal] 
[algo2a-g1-rpp-l0-modal] [36m(pid=2504)[0m /opt/sglang/lib/python3.12/site-packages/huggingface_hub/constants.py:301: FutureWarning: The `HF_HUB_ENABLE_HF_TRANSFER` environment variable is deprecated as 'hf_transfer' is not used anymore. Please use `HF_XET_HIGH_PERFORMANCE` instead to enable high performance transfer with Xet. Visit https://huggingface.co/docs/huggingface_hub/package_reference/environment_variables#hfxethighperformance for more details.
[algo2a-g1-rpp-l0-modal] 
[algo2a-g1-rpp-l0-modal] [36m(pid=2504)[0m   warnings.warn(
[algo2a-g1-rpp-l0-modal] 
[algo2a-g1-rpp-l0-modal] [36m(pid=2501)[0m /opt/sglang/lib/python3.12/site-packages/transformer_engine/__init__.py:103: RuntimeWarning: Detected a Jax installation but could not find the shared object file for the Transformer Engine Jax extension library. If this is not intentional, please reinstall Transformer Engine with `pip install transformer_engine[jax]` or build from source with `NVTE_FRAMEWORK=jax`.
[algo2a-g1-rpp-l0-modal] 
[algo2a-g1-rpp-l0-modal] [36m(pid=2503)[0m /opt/sglang/lib/python3.12/site-packages/huggingface_hub/constants.py:301: FutureWarning: The `HF_HUB_ENABLE_HF_TRANSFER` environment variable is deprecated as 'hf_transfer' is not used anymore. Please use `HF_XET_HIGH_PERFORMANCE` instead to enable high performance transfer with Xet. Visit https://huggingface.co/docs/huggingface_hub/package_reference/environment_variables#hfxethighperformance for more details.[32m [repeated 4x across cluster] (Ray deduplicates logs by default. Set RAY_DEDUP_LOGS=0 to disable log deduplication, or see https://docs.ray.io/en/master/ray-observability/user-guides/configure-logging.html#log-deduplication for more options.)[0m
[algo2a-g1-rpp-l0-modal] 
[algo2a-g1-rpp-l0-modal] [36m(pid=2501)[0m   warnings.warn([32m [repeated 5x across cluster][0m
[algo2a-g1-rpp-l0-modal] 
[algo2a-g1-rpp-l0-modal] [36m(pid=2504)[0m /opt/sglang/lib/python3.12/site-packages/transformer_engine/__init__.py:103: RuntimeWarning: Detected a Jax installation but could not find the shared object file for the Transformer Engine Jax extension library. If this is not intentional, please reinstall Transformer Engine with `pip install transformer_engine[jax]` or build from source with `NVTE_FRAMEWORK=jax`.[32m [repeated 5x across cluster][0m
[algo2a-g1-rpp-l0-modal] 
[algo2a-g1-rpp-l0-modal] [36m(pid=2793)[0m /opt/sglang/lib/python3.12/site-packages/huggingface_hub/constants.py:301: FutureWarning: The `HF_HUB_ENABLE_HF_TRANSFER` environment variable is deprecated as 'hf_transfer' is not used anymore. Please use `HF_XET_HIGH_PERFORMANCE` instead to enable high performance transfer with Xet. Visit https://huggingface.co/docs/huggingface_hub/package_reference/environment_variables#hfxethighperformance for more details.
[algo2a-g1-rpp-l0-modal] 
[algo2a-g1-rpp-l0-modal] [36m(pid=2504)[0m   warnings.warn([32m [repeated 6x across cluster][0m
[algo2a-g1-rpp-l0-modal] 
[algo2a-g1-rpp-l0-modal] [36m(pid=2504)[0m Flax classes are deprecated and will be removed in Diffusers v1.0.0. We recommend migrating to PyTorch classes or pinning your version of Diffusers.
[algo2a-g1-rpp-l0-modal] 
[algo2a-g1-rpp-l0-modal] [36m(pid=2504)[0m Flax classes are deprecated and will be removed in Diffusers v1.0.0. We recommend migrating to PyTorch classes or pinning your version of Diffusers.
[algo2a-g1-rpp-l0-modal] 
[algo2a-g1-rpp-l0-modal] [36m(pid=2503)[0m WARNING:megatron.bridge.models.muse_glimmer:Muse Glimmer Hugging Face classes are unavailable with transformers 5.12.1. Upgrade transformers to a version that supports Muse Glimmer.
[algo2a-g1-rpp-l0-modal] 
[algo2a-g1-rpp-l0-modal] [36m(pid=2503)[0m WARNING:miles_plugins.models.qwen3_vl:megatron-bridge Qwen3VLModel lacks native CP-local vision-embed selection; CP runs with vision tokens will mis-place vision embeddings. Apply the matching Megatron-Bridge patch (radixark/Megatron-Bridge PR #9).
[algo2a-g1-rpp-l0-modal] 
[algo2a-g1-rpp-l0-modal] [36m(RolloutExecutor pid=2503)[0m [2026-09-29 18:46:32.333 rollout_executor] reporter.py:90 - audit op=env_report_summary hostname=modal versions="{\"python\":\"3.12.3\",\"platform\":\"Linux-4.19.0-gvisor-x86_64-with-glibc2.39\",\"torch\":\"2.13.0+cu130\",\"torch_cuda\":\"13.0\"}" repos="{}" num_packages=0 num_env_vars=109 packages_probed=false stored=false
[algo2a-g1-rpp-l0-modal] 
[algo2a-g1-rpp-l0-modal] [36m(pid=2793)[0m Flax classes are deprecated and will be removed in Diffusers v1.0.0. We recommend migrating to PyTorch classes or pinning your version of Diffusers.[32m [repeated 8x across cluster][0m
[algo2a-g1-rpp-l0-modal] 
[algo2a-g1-rpp-l0-modal] [36m(MegatronTrainRayActor pid=2793)[0m [2026-09-29 18:46:35.081 actor_cell00000_rank00000] reporter.py:90 - audit op=env_report_summary hostname=modal versions="{\"python\":\"3.12.3\",\"platform\":\"Linux-4.19.0-gvisor-x86_64-with-glibc2.39\",\"torch\":\"2.13.0+cu130\",\"torch_cuda\":\"13.0\"}" repos="{}" num_packages=0 num_env_vars=128 packages_probed=false stored=false
[algo2a-g1-rpp-l0-modal] 
[algo2a-g1-rpp-l0-modal] [36m(pid=2793)[0m WARNING:megatron.bridge.models.muse_glimmer:Muse Glimmer Hugging Face classes are unavailable with transformers 5.12.1. Upgrade transformers to a version that supports Muse Glimmer.[32m [repeated 4x across cluster][0m
[algo2a-g1-rpp-l0-modal] 
[algo2a-g1-rpp-l0-modal] [36m(pid=2793)[0m WARNING:miles_plugins.models.qwen3_vl:megatron-bridge Qwen3VLModel lacks native CP-local vision-embed selection; CP runs with vision tokens will mis-place vision embeddings. Apply the matching Megatron-Bridge patch (radixark/Megatron-Bridge PR #9).[32m [repeated 4x across cluster][0m
[algo2a-g1-rpp-l0-modal] 
[algo2a-g1-rpp-l0-modal] [36m(RolloutExecutor pid=2503)[0m [2026-09-29 18:46:35.798 rollout_executor] reporter.py:90 - audit op=env_report_summary hostname=modal versions="{\"python\":\"3.12.3\",\"platform\":\"Linux-4.19.0-gvisor-x86_64-with-glibc2.39\",\"miles\":\"0.1.1\",\"sglang\":\"0.5.21.dev67+g9f29303\",\"sglang-router\":\"0.3.2\",\"megatron-core\":\"0.19.0+a84b10547\",\"transformers\":\"5.12.1\",\"ray\":\"2.58.0\",\"flashinfer-python\":\"0.6.18\",\"torch\":\"2.13.0+cu130\",\"torch_cuda\":\"13.0\"}" repos="{\"miles\":\"0394715083c91182b5eb0c526eeee4196ac694b9\",\"megatron-core\":\"a84b105473eca9c9c6e49dbf1c8aa460c5cf796e\",\"sglang\":\"9f29303bef1eea38eb613e5f454a52db1326422d\"}" num_packages=425 num_env_vars=109 packages_probed=true stored=false
[algo2a-g1-rpp-l0-modal] 
[algo2a-g1-rpp-l0-modal] [36m(MegatronTrainRayActor pid=2793)[0m [2026-09-29 18:46:38.609 actor_cell00000_rank00000] reporter.py:90 - audit op=env_report_summary hostname=modal versions="{\"python\":\"3.12.3\",\"platform\":\"Linux-4.19.0-gvisor-x86_64-with-glibc2.39\",\"miles\":\"0.1.1\",\"sglang\":\"0.5.21.dev67+g9f29303\",\"sglang-router\":\"0.3.2\",\"megatron-core\":\"0.19.0+a84b10547\",\"transformers\":\"5.12.1\",\"ray\":\"2.58.0\",\"flashinfer-python\":\"0.6.18\",\"torch\":\"2.13.0+cu130\",\"torch_cuda\":\"13.0\"}" repos="{\"miles\":\"0394715083c91182b5eb0c526eeee4196ac694b9\",\"megatron-core\":\"a84b105473eca9c9c6e49dbf1c8aa460c5cf796e\",\"sglang\":\"9f29303bef1eea38eb613e5f454a52db1326422d\"}" num_packages=425 num_env_vars=128 packages_probed=true stored=false
[algo2a-g1-rpp-l0-modal] 
[algo2a-g1-rpp-l0-modal] [36m(pid=2510)[0m Flax classes are deprecated and will be removed in Diffusers v1.0.0. We recommend migrating to PyTorch classes or pinning your version of Diffusers.
[algo2a-g1-rpp-l0-modal] 
[algo2a-g1-rpp-l0-modal] [36m(pid=2510)[0m Flax classes are deprecated and will be removed in Diffusers v1.0.0. We recommend migrating to PyTorch classes or pinning your version of Diffusers.
[algo2a-g1-rpp-l0-modal] 
[algo2a-g1-rpp-l0-modal] [36m(pid=2510)[0m WARNING:megatron.bridge.models.muse_glimmer:Muse Glimmer Hugging Face classes are unavailable with transformers 5.12.1. Upgrade transformers to a version that supports Muse Glimmer.
[algo2a-g1-rpp-l0-modal] 
[algo2a-g1-rpp-l0-modal] [36m(pid=2510)[0m WARNING:miles_plugins.models.qwen3_vl:megatron-bridge Qwen3VLModel lacks native CP-local vision-embed selection; CP runs with vision tokens will mis-place vision embeddings. Apply the matching Megatron-Bridge patch (radixark/Megatron-Bridge PR #9).
[algo2a-g1-rpp-l0-modal] 
[algo2a-g1-rpp-l0-modal] [36m(RayWorkerManager pid=2281)[0m [2026-09-29 18:46:46.561 worker_manager] inference.py:186 - Launch router with args: {'worker_urls': [], 'policy': 'cache_aware', 'prefill_policy': None, 'decode_policy': None, 'cache_threshold': 0.3, 'balance_abs_threshold': 64, 'balance_rel_threshold': 1.5, 'bucket_adjust_interval_secs': 5, 'eviction_interval_secs': 60, 'max_tree_size': 67108864, 'max_idle_secs': 14400, 'assignment_mode': 'random', 'max_payload_size': 536870912, 'dp_aware': False, 'enable_igw': False, 'allow_requests_without_routing_key': False, 'mini_lb': False, 'test_external_dp_routing': False, 'pd_disaggregation': False, 'prefill': None, 'decode': None, 'worker_startup_timeout_secs': 1800, 'worker_startup_check_interval': 30, 'log_dir': None, 'log_level': 'warn', 'json_log': False, 'service_discovery': False, 'selector': {}, 'service_discovery_port': 80, 'service_discovery_namespace': None, 'prefill_selector': {}, 'decode_selector': {}, 'prometheus_port': 20036, 'prometheus_host': '0.0.0.0', 'prometheus_duration_buckets': None, 'request_id_headers': None, 'request_timeout_secs': 14400, 'shutdown_grace_period_secs': 180, 'cors_allowed_origins': [], 'max_concurrent_requests': -1, 'queue_size': 100, 'queue_timeout_secs': 60, 'rate_limit_tokens_per_second': None, 'retry_max_retries': 5, 'retry_initial_backoff_ms': 50, 'retry_max_backoff_ms': 30000, 'retry_backoff_multiplier': 1.5, 'retry_jitter_factor': 0.2, 'disable_retries': False, 'cb_failure_threshold': 10, 'cb_success_threshold': 3, 'cb_timeout_duration_secs': 60, 'cb_window_duration_secs': 120, 'disable_circuit_breaker': False, 'health_failure_threshold': 3, 'health_success_threshold': 2, 'health_check_timeout_secs': 5, 'health_check_interval_secs': 60, 'health_check_endpoint': '/health', 'disable_health_check': False, 'model_path': None, 'tokenizer_path': None, 'chat_template': None, 'tokenizer_cache_enable_l0': False, 'tokenizer_cache_l0_max_entries': 10000, 'tokenizer_cache_enable_l1': False, 'tokenizer_cache_l1_max_memory': 52428800, 'reasoning_parser': None, 'tool_call_parser': None, 'mcp_config_path': None, 'backend': 'sglang', 'history_backend': 'memory', 'oracle_wallet_path': None, 'oracle_tns_alias': None, 'oracle_connect_descriptor': None, 'oracle_username': None, 'oracle_password': None, 'oracle_pool_min': 1, 'oracle_pool_max': 16, 'oracle_pool_timeout_secs': 30, 'postgres_db_url': None, 'postgres_pool_max': 16, 'redis_url': None, 'redis_pool_max': 16, 'redis_retention_days': 30, 'client_cert_path': None, 'client_key_path': None, 'ca_cert_paths': [], 'tls_cert_path': None, 'tls_key_path': None, 'enable_trace': False, 'otlp_traces_endpoint': 'localhost:4317', 'api_key': None, 'control_plane_api_keys': [], 'control_plane_audit_enabled': False, 'jwt_issuer': None, 'jwt_audience': None, 'jwt_jwks_uri': None, 'jwt_role_mapping': [], 'host': '172.20.0.160', 'port': 20035}
[algo2a-g1-rpp-l0-modal] 
[algo2a-g1-rpp-l0-modal] [36m(RayWorkerManager pid=2281)[0m [2026-09-29 18:46:46.564 worker_manager] sglang_engine.py:169 - No pre-trained LoRA adapter_path provided, will use random initial weights
[algo2a-g1-rpp-l0-modal] 
[algo2a-g1-rpp-l0-modal] [36m(RayWorkerManager pid=2281)[0m [2026-09-29 18:46:46.564 worker_manager] sglang_engine.py:178 - LoRA + colocate: enabling SGLang enable_weights_cpu_backup=True; the trainer will skip per-step base weight sync.
[algo2a-g1-rpp-l0-modal] 
[algo2a-g1-rpp-l0-modal] [36m(CommandActor pid=2501)[0m [process_trampoline pid=3301] bound to parent 2501; exec ['/bin/sh', '-c', 'exec /opt/sglang/bin/python3 -m sglang_router.launch_router --log-level warn --prometheus-port 20036 --request-timeout-secs 14400 --host 172.20.0.160 --port 20035']
[algo2a-g1-rpp-l0-modal] 
[algo2a-g1-rpp-l0-modal] [36m(CommandActor pid=2505)[0m [process_trampoline pid=3303] bound to parent 2505; exec ['/bin/sh', '-c', 'exec /opt/sglang/bin/python3 -m sglang.launch_server --trust-remote-code --model-path /root/.cache/huggingface/hub/models--Qwen--Qwen3-0.6B/snapshots/c1899de289a04d12100db370d81485cdf75e47ca --host 172.20.0.160 --port 20000 --device cuda --random-seed 17 --enable-memory-saver --nccl-port 20032 --dist-init-addr 172.20.0.160:20001 --gated-launch-port 20034 --skip-server-warmup --enable-draft-weights-cpu-backup --enable-metrics --engine-info-bootstrap-port 20033 --enable-lora --max-loras-per-batch 1 --max-lora-rank 16 --lora-target-modules down_proj gate_proj k_proj o_proj q_proj up_proj v_proj --enable-weights-cpu-backup --mem-fraction-static 0.4 --cuda-graph-backend-prefill disabled --lora-use-virtual-experts --enable-deterministic-inference']
[algo2a-g1-rpp-l0-modal] 
[algo2a-g1-rpp-l0-modal] [2026-09-29 18:46:47.586 main] router_manager.py:64 - Router ready at host='172.20.0.160' port=20035 external_host=None
[algo2a-g1-rpp-l0-modal] [36m(RolloutExecutor pid=2503)[0m [2026-09-29 18:46:47.652 rollout_executor] router_manager.py:64 - Router ready at host='172.20.0.160' port=20035 external_host=None
[algo2a-g1-rpp-l0-modal] 
[algo2a-g1-rpp-l0-modal] [36m(InferenceController pid=2504)[0m [2026-09-29 18:46:47.628 inference_controller] reporter.py:90 - audit op=env_report_summary hostname=modal versions="{\"python\":\"3.12.3\",\"platform\":\"Linux-4.19.0-gvisor-x86_64-with-glibc2.39\",\"torch\":\"2.13.0+cu130\",\"torch_cuda\":\"13.0\"}" repos="{}" num_packages=0 num_env_vars=109 packages_probed=false stored=false
[algo2a-g1-rpp-l0-modal] 
[algo2a-g1-rpp-l0-modal] [36m(InferenceController pid=2504)[0m [2026-09-29 18:46:47.641 inference_controller] router_manager.py:64 - Router ready at host='172.20.0.160' port=20035 external_host=None
[algo2a-g1-rpp-l0-modal] 
[algo2a-g1-rpp-l0-modal] [36m(InferenceController pid=2504)[0m [2026-09-29 18:46:50.497 inference_controller] reporter.py:90 - audit op=env_report_summary hostname=modal versions="{\"python\":\"3.12.3\",\"platform\":\"Linux-4.19.0-gvisor-x86_64-with-glibc2.39\",\"miles\":\"0.1.1\",\"sglang\":\"0.5.21.dev67+g9f29303\",\"sglang-router\":\"0.3.2\",\"megatron-core\":\"0.19.0+a84b10547\",\"transformers\":\"5.12.1\",\"ray\":\"2.58.0\",\"flashinfer-python\":\"0.6.18\",\"torch\":\"2.13.0+cu130\",\"torch_cuda\":\"13.0\"}" repos="{\"miles\":\"0394715083c91182b5eb0c526eeee4196ac694b9\",\"megatron-core\":\"a84b105473eca9c9c6e49dbf1c8aa460c5cf796e\",\"sglang\":\"9f29303bef1eea38eb613e5f454a52db1326422d\"}" num_packages=425 num_env_vars=109 packages_probed=true stored=false
[algo2a-g1-rpp-l0-modal] 
[algo2a-g1-rpp-l0-modal] [36m(CommandActor pid=2505)[0m /opt/sglang/lib/python3.12/site-packages/huggingface_hub/constants.py:301: FutureWarning: The `HF_HUB_ENABLE_HF_TRANSFER` environment variable is deprecated as 'hf_transfer' is not used anymore. Please use `HF_XET_HIGH_PERFORMANCE` instead to enable high performance transfer with Xet. Visit https://huggingface.co/docs/huggingface_hub/package_reference/environment_variables#hfxethighperformance for more details.
[algo2a-g1-rpp-l0-modal] 
[algo2a-g1-rpp-l0-modal] [36m(CommandActor pid=2505)[0m   warnings.warn(
[algo2a-g1-rpp-l0-modal] 
[algo2a-g1-rpp-l0-modal] [36m(RolloutExecutor pid=2503)[0m [2026-09-29 18:46:51.011 rollout_executor] data.py:133 - Filtered 0 samples longer than max_length=1023.
[algo2a-g1-rpp-l0-modal] 
[algo2a-g1-rpp-l0-modal] [36m(RolloutExecutor pid=2503)[0m [2026-09-29 18:46:52.060 rollout_executor] rollout_executor.py:117 - import miles.rollout.inference_rollout.inference_rollout_common.InferenceRolloutFn as generate_rollout function.
[algo2a-g1-rpp-l0-modal] 
[algo2a-g1-rpp-l0-modal] [36m(RolloutExecutor pid=2503)[0m [2026-09-29 18:46:52.060 rollout_executor] rollout_executor.py:118 - import miles.rollout.inference_rollout.inference_rollout_common.InferenceRolloutFn as eval_generate_rollout function.
[algo2a-g1-rpp-l0-modal] 
[algo2a-g1-rpp-l0-modal] [36m(TrainerController pid=2510)[0m [2026-09-29 18:46:52.099 trainer_controller_actor] reporter.py:90 - audit op=env_report_summary hostname=modal versions="{\"python\":\"3.12.3\",\"platform\":\"Linux-4.19.0-gvisor-x86_64-with-glibc2.39\",\"torch\":\"2.13.0+cu130\",\"torch_cuda\":\"13.0\"}" repos="{}" num_packages=0 num_env_vars=109 packages_probed=false stored=false
[algo2a-g1-rpp-l0-modal] 
[algo2a-g1-rpp-l0-modal] [36m(TrainerController pid=2510)[0m Using blocking ray.get inside async actor. This blocks the event loop. Please use `await` on object ref with asyncio.gather if you want to yield execution to the event loop instead.
[algo2a-g1-rpp-l0-modal] 
[algo2a-g1-rpp-l0-modal] [36m(TrainerController pid=2510)[0m [2026-09-29 18:46:53.891 trainer_controller_actor] cell.py:231 - ft op=execute phase=start cell=trainer-engine-actor-00000 fn=configure_master_addr_and_port n_actors=1
[algo2a-g1-rpp-l0-modal] 
[algo2a-g1-rpp-l0-modal] [36m(TrainerController pid=2510)[0m [2026-09-29 18:46:53.896 trainer_controller_actor] cell.py:239 - ft op=execute phase=end cell=trainer-engine-actor-00000 fn=configure_master_addr_and_port ok=true elapsed_s=0.0
[algo2a-g1-rpp-l0-modal] 
[algo2a-g1-rpp-l0-modal] [36m(TrainerController pid=2510)[0m [2026-09-29 18:46:53.896 trainer_controller_actor] cell.py:231 - ft op=execute phase=start cell=trainer-engine-actor-00000 fn=init n_actors=1
[algo2a-g1-rpp-l0-modal] 
[algo2a-g1-rpp-l0-modal] [36m(MegatronTrainRayActor pid=2793)[0m [2026-09-29 18:46:53.899 actor_cell00000_rank00000] structured_log.py:24 - actor cls=MegatronTrainRayActor fn=init phase=start
[algo2a-g1-rpp-l0-modal] 
[algo2a-g1-rpp-l0-modal] [36m(MegatronTrainRayActor pid=2793)[0m [2026-09-29 18:46:53.899 actor_cell00000_rank00000] reloadable_process_group.py:21 - Applying monkey patch to torch.distributed
[algo2a-g1-rpp-l0-modal] 
[algo2a-g1-rpp-l0-modal] [36m(MegatronTrainRayActor pid=2793)[0m [2026-09-29 18:46:54.017 actor_cell00000_rank00000] reporter.py:90 - audit op=env_report_summary hostname=modal versions="{\"python\":\"3.12.3\",\"platform\":\"Linux-4.19.0-gvisor-x86_64-with-glibc2.39\",\"torch\":\"2.13.0+cu130\",\"torch_cuda\":\"13.0\"}" repos="{}" num_packages=0 num_env_vars=130 packages_probed=false stored=false
[algo2a-g1-rpp-l0-modal] 
[algo2a-g1-rpp-l0-modal] [36m(MegatronTrainRayActor pid=2793)[0m [2026-09-29 18:46:54.056 actor_cell00000_rank00000] train_actor.py:161 - Warning: Failed to set NUMA affinity: Unknown Error
[algo2a-g1-rpp-l0-modal] 
[algo2a-g1-rpp-l0-modal] [36m(MegatronTrainRayActor pid=2793)[0m [2026-09-29 18:46:54.067 actor_cell00000_rank00000] initialize.py:46 - > setting random seeds to 17 ...
[algo2a-g1-rpp-l0-modal] 
[algo2a-g1-rpp-l0-modal] [36m(TrainerController pid=2510)[0m [2026-09-29 18:46:54.983 trainer_controller_actor] reporter.py:90 - audit op=env_report_summary hostname=modal versions="{\"python\":\"3.12.3\",\"platform\":\"Linux-4.19.0-gvisor-x86_64-with-glibc2.39\",\"miles\":\"0.1.1\",\"sglang\":\"0.5.21.dev67+g9f29303\",\"sglang-router\":\"0.3.2\",\"megatron-core\":\"0.19.0+a84b10547\",\"transformers\":\"5.12.1\",\"ray\":\"2.58.0\",\"flashinfer-python\":\"0.6.18\",\"torch\":\"2.13.0+cu130\",\"torch_cuda\":\"13.0\"}" repos="{\"miles\":\"0394715083c91182b5eb0c526eeee4196ac694b9\",\"megatron-core\":\"a84b105473eca9c9c6e49dbf1c8aa460c5cf796e\",\"sglang\":\"9f29303bef1eea38eb613e5f454a52db1326422d\"}" num_packages=425 num_env_vars=109 packages_probed=true stored=false
[algo2a-g1-rpp-l0-modal] 
[algo2a-g1-rpp-l0-modal] [36m(MegatronTrainRayActor pid=2793)[0m [2026-09-29 18:46:55.109 actor_cell00000_rank00000] actor.py:183 - Set torch_memory_saver.memory_margin_bytes to 1073741824
[algo2a-g1-rpp-l0-modal] 
[algo2a-g1-rpp-l0-modal] [36m(MegatronTrainRayActor pid=2793)[0m /root/Megatron-LM/megatron/core/models/mimo/config/base_configs.py:12: UserWarning: MimoModelConfig is experimental and still under active development. The API may change without notice in future releases.
[algo2a-g1-rpp-l0-modal] 
[algo2a-g1-rpp-l0-modal] [36m(MegatronTrainRayActor pid=2793)[0m   class MimoModelConfig:
[algo2a-g1-rpp-l0-modal] 
[algo2a-g1-rpp-l0-modal] [36m(MegatronTrainRayActor pid=2793)[0m [2026-09-29 18:46:55.217 actor_cell00000_rank00000] auto_bridge.py:600 - Loading a model with trust_remote_code=True allows arbitrary code execution from the model repository. Only use this with models you trust.
[algo2a-g1-rpp-l0-modal] 
[algo2a-g1-rpp-l0-modal] [36m(MegatronTrainRayActor pid=2793)[0m /opt/sglang/lib/python3.12/site-packages/megatron/bridge/models/qwen/qwen3_bridge.py:45: FutureWarning: Qwen3Bridge.provider_bridge() and AutoBridge.to_megatron_provider() are deprecated for builder-backed models. Use AutoBridge.get_model_config() for training recipes or AutoBridge.get_model() to construct a model. Legacy provider support will be removed in a future release.
[algo2a-g1-rpp-l0-modal] 
[algo2a-g1-rpp-l0-modal] [36m(MegatronTrainRayActor pid=2793)[0m   provider = super().provider_bridge(hf_pretrained)
[algo2a-g1-rpp-l0-modal] 
[algo2a-g1-rpp-l0-modal] [36m(MegatronTrainRayActor pid=2793)[0m [transformers] `torch_dtype` is deprecated! Use `dtype` instead!
[algo2a-g1-rpp-l0-modal] 
[algo2a-g1-rpp-l0-modal] [36m(MegatronTrainRayActor pid=2793)[0m /root/Megatron-LM/megatron/core/transformer/transformer_config.py:3249: UserWarning: full scope is deprecated. Use empty cuda_graph_modules to capture the whole layer.
[algo2a-g1-rpp-l0-modal] 
[algo2a-g1-rpp-l0-modal] [36m(MegatronTrainRayActor pid=2793)[0m [2026-09-29 18:46:55.264 actor_cell00000_rank00000] utils.py:121 - Patched _ParamAndGradBuffer.__init__ for LoRA colocate mode (disable cpu backup)
[algo2a-g1-rpp-l0-modal] 
[algo2a-g1-rpp-l0-modal] [36m(MegatronTrainRayActor pid=2793)[0m /root/Megatron-LM/megatron/core/models/gpt/gpt_layer_specs.py:225: UserWarning: The fp8 argument in "get_gpt_layer_with_transformer_engine_spec" has been deprecated and will be removed soon. Please update your code accordingly.
[algo2a-g1-rpp-l0-modal] 
[algo2a-g1-rpp-l0-modal] [36m(CommandActor pid=2505)[0m /root/sglang/python/sglang/launch_server.py:71: UserWarning: 'python -m sglang.launch_server' is still supported, but 'sglang serve' is the recommended entrypoint.
[algo2a-g1-rpp-l0-modal] 
[algo2a-g1-rpp-l0-modal] [36m(CommandActor pid=2505)[0m   Example: sglang serve --model-path <model> [options]
[algo2a-g1-rpp-l0-modal] 
[algo2a-g1-rpp-l0-modal] [36m(CommandActor pid=2505)[0m   warnings.warn([32m [repeated 3x across cluster][0m
[algo2a-g1-rpp-l0-modal] 
[algo2a-g1-rpp-l0-modal] [36m(MegatronTrainRayActor pid=2793)[0m [2026-09-29 18:46:56.397 actor_cell00000_rank00000] utils.py:158 - Created CanonicalLoRA: rank=16, alpha=16, dropout=0.0, target_modules=['decoder.layers.*.self_attention.linear_proj', 'decoder.layers.*.mlp.linear_fc2', 'decoder.layers.*.self_attention.linear_k', 'decoder.layers.*.self_attention.linear_q', 'decoder.layers.*.self_attention.linear_v', 'decoder.layers.*.mlp.linear_fc1_up', 'decoder.layers.*.mlp.linear_fc1_gate']
[algo2a-g1-rpp-l0-modal] 
[algo2a-g1-rpp-l0-modal] [36m(MegatronTrainRayActor pid=2793)[0m  > number of parameters on (tensor, pipeline) model parallel rank (0, 0): 606142464
[algo2a-g1-rpp-l0-modal] 
[algo2a-g1-rpp-l0-modal] [36m(MegatronTrainRayActor pid=2793)[0m [2026-09-29 18:46:57.152 actor_cell00000_rank00000] checkpoint.py:215 - Load checkpoint from HuggingFace model into Megatron (path=/root/.cache/huggingface/hub/models--Qwen--Qwen3-0.6B/snapshots/c1899de289a04d12100db370d81485cdf75e47ca)
[algo2a-g1-rpp-l0-modal] 
[algo2a-g1-rpp-l0-modal] [36m(MegatronTrainRayActor pid=2793)[0m [2026-09-29 18:46:57.156 actor_cell00000_rank00000] auto_bridge.py:600 - Loading a model with trust_remote_code=True allows arbitrary code execution from the model repository. Only use this with models you trust.
[algo2a-g1-rpp-l0-modal] 
[algo2a-g1-rpp-l0-modal] [36m(MegatronTrainRayActor pid=2793)[0m Loading from /root/.cache/huggingface/hub/models--Qwen--Qwen3-0.6B/snaps… … Qwe…
[algo2a-g1-rpp-l0-modal] 
[algo2a-g1-rpp-l0-modal] [36m(MegatronTrainRayActor pid=2793)[0m [2026-09-29 18:46:58.627 actor_cell00000_rank00000] structured_log.py:24 - actor cls=MegatronTrainRayActor fn=load_other_checkpoint phase=start
[algo2a-g1-rpp-l0-modal] 
[algo2a-g1-rpp-l0-modal] [36m(MegatronTrainRayActor pid=2793)[0m [2026-09-29 18:46:58.628 actor_cell00000_rank00000] checkpoint.py:215 - Load checkpoint from HuggingFace model into Megatron (path=/root/.cache/huggingface/hub/models--Qwen--Qwen3-0.6B/snapshots/c1899de289a04d12100db370d81485cdf75e47ca)
[algo2a-g1-rpp-l0-modal] 
[algo2a-g1-rpp-l0-modal] [36m(MegatronTrainRayActor pid=2793)[0m [2026-09-29 18:46:58.631 actor_cell00000_rank00000] auto_bridge.py:600 - Loading a model with trust_remote_code=True allows arbitrary code execution from the model repository. Only use this with models you trust.
[algo2a-g1-rpp-l0-modal] 
[algo2a-g1-rpp-l0-modal] [36m(MegatronTrainRayActor pid=2793)[0m Loading from /root/.cache/huggingface/hub/models--Qwen--Qwen3-0.6B/snaps… … Qwe…
[algo2a-g1-rpp-l0-modal] 
[algo2a-g1-rpp-l0-modal] [36m(MegatronTrainRayActor pid=2793)[0m [2026-09-29 18:46:59.472 actor_cell00000_rank00000] structured_log.py:28 - actor cls=MegatronTrainRayActor fn=load_other_checkpoint phase=end ok=true elapsed_s=0.8
[algo2a-g1-rpp-l0-modal] 
[algo2a-g1-rpp-l0-modal] [36m(CommandActor pid=2505)[0m [2026-09-29 18:47:00] FlashInfer allreduce fusion is forcibly disabled via --enforce-disable-flashinfer-allreduce-fusion.
[algo2a-g1-rpp-l0-modal] 
[algo2a-g1-rpp-l0-modal] [36m(CommandActor pid=2505)[0m [2026-09-29 18:47:00] Sampling backend is set to pytorch for deterministic inference.
[algo2a-g1-rpp-l0-modal] 
[algo2a-g1-rpp-l0-modal] [36m(CommandActor pid=2505)[0m [2026-09-29 18:47:00] Attention backend not specified. Falling back to 'fa3' for deterministic inference. You can explicitly set --attention-backend to one of ['ascend', 'fa3', 'fa4', 'flashinfer', 'intel_xpu', 'triton'].
[algo2a-g1-rpp-l0-modal] 
[algo2a-g1-rpp-l0-modal] [36m(MegatronTrainRayActor pid=2793)[0m [2026-09-29 18:47:00.070 actor_cell00000_rank00000] auto_bridge.py:600 - Loading a model with trust_remote_code=True allows arbitrary code execution from the model repository. Only use this with models you trust.
[algo2a-g1-rpp-l0-modal] 
[algo2a-g1-rpp-l0-modal] [36m(MegatronTrainRayActor pid=2793)[0m [2026-09-29 18:47:00.072 actor_cell00000_rank00000] structured_log.py:24 - actor cls=MegatronTrainRayActor fn=sleep phase=start
[algo2a-g1-rpp-l0-modal] 
[algo2a-g1-rpp-l0-modal] [36m(MegatronTrainRayActor pid=2793)[0m [2026-09-29 18:47:00.072 actor_cell00000_rank00000] timer.py:31 - Timer sleep start
[algo2a-g1-rpp-l0-modal] 
[algo2a-g1-rpp-l0-modal] [36m(MegatronTrainRayActor pid=2793)[0m [2026-09-29 18:47:00.579 actor_cell00000_rank00000] memory_utils.py:41 - [Rank 0] Memory-Usage before offload model: {'gpu': '0', 'total_GB': 79.18, 'free_GB': 76.13, 'used_GB': 3.05, 'allocated_GB': 1.2, 'reserved_GB': 1.27}
[algo2a-g1-rpp-l0-modal] 
[algo2a-g1-rpp-l0-modal] [2026-09-29 18:47:00.903 main] placement_group.py:206 - trainer 'actor' restored rollout 1, and --start-rollout-id 0 was asked for, so it starts at 0
[algo2a-g1-rpp-l0-modal] YETO_RL_EVENT {"event":"rl_driver_start","execution_mode":"colocated-serial","island_id":0,"placement":"colocated","rl/algorithm_spec_sha256":"550cbe39657121116974f43f9c39adc8f7b6b05b8366e2bd56d690e88672922d","runtime_fingerprint":"sha256:90308705b565fbb06ba1c8a5b634abff1cd0177e0daf388f4298ff6076f51c0e","time_unix":1790707620.933993}
[algo2a-g1-rpp-l0-modal] 
[algo2a-g1-rpp-l0-modal] [36m(RolloutExecutor pid=2503)[0m [2026-09-29 18:47:00.911 rollout_executor] data_source.py:154 - no dataset state under /root/.cache/huggingface/hub/models--Qwen--Qwen3-0.6B/snapshots/c1899de289a04d12100db370d81485cdf75e47ca/rollout/global_dataset_state_dict_-1.pt: the dataset starts where a fresh run's would
[algo2a-g1-rpp-l0-modal] 
[algo2a-g1-rpp-l0-modal] [36m(TrainerController pid=2510)[0m [2026-09-29 18:47:00.902 trainer_controller_actor] cell.py:239 - ft op=execute phase=end cell=trainer-engine-actor-00000 fn=init ok=true elapsed_s=7.0
[algo2a-g1-rpp-l0-modal] 
[algo2a-g1-rpp-l0-modal] [36m(TrainerController pid=2510)[0m [2026-09-29 18:47:00.902 trainer_controller_actor] cell.py:194 - ft op=state phase=start name=_mark_as_alive cell=trainer-engine-actor-00000 from_state=StateAllocatedUninitialized
[algo2a-g1-rpp-l0-modal] 
[algo2a-g1-rpp-l0-modal] [36m(TrainerController pid=2510)[0m [2026-09-29 18:47:00.902 trainer_controller_actor] cell.py:205 - ft op=state phase=end name=_mark_as_alive cell=trainer-engine-actor-00000 to_state=StateAllocatedAlive
[algo2a-g1-rpp-l0-modal] 
[algo2a-g1-rpp-l0-modal] [36m(TrainerController pid=2510)[0m [2026-09-29 18:47:00.905 trainer_controller_actor] cell.py:231 - ft op=execute phase=start cell=trainer-engine-actor-00000 fn=get_train_parallel_config n_actors=1
[algo2a-g1-rpp-l0-modal] 
[algo2a-g1-rpp-l0-modal] [36m(TrainerController pid=2510)[0m [2026-09-29 18:47:00.906 trainer_controller_actor] cell.py:239 - ft op=execute phase=end cell=trainer-engine-actor-00000 fn=get_train_parallel_config ok=true elapsed_s=0.0
[algo2a-g1-rpp-l0-modal] 
[36m(TrainerController pid=2510)[0m [2026-09-29 18:47:00.935 trainer_controller_actor] cell.py:231 - ft op=execute phase=start cell=trainer-engine-actor-00000 fn=run_plugin n_actors=1
[algo2a-g1-rpp-l0-modal] 
[algo2a-g1-rpp-l0-modal] [36m(MegatronTrainRayActor pid=2793)[0m [2026-09-29 18:47:00.900 actor_cell00000_rank00000] memory_utils.py:41 - [Rank 0] Memory-Usage after offload model: {'gpu': '0', 'total_GB': 79.18, 'free_GB': 77.37, 'used_GB': 1.81, 'allocated_GB': 1.2, 'reserved_GB': 1.27}
[algo2a-g1-rpp-l0-modal] 
[algo2a-g1-rpp-l0-modal] [36m(MegatronTrainRayActor pid=2793)[0m [2026-09-29 18:47:00.900 actor_cell00000_rank00000] timer.py:42 - Timer sleep end (elapsed: 0.8s)
[algo2a-g1-rpp-l0-modal] 
[algo2a-g1-rpp-l0-modal] [36m(MegatronTrainRayActor pid=2793)[0m [2026-09-29 18:47:00.900 actor_cell00000_rank00000] structured_log.py:28 - actor cls=MegatronTrainRayActor fn=sleep phase=end ok=true elapsed_s=0.8
[algo2a-g1-rpp-l0-modal] 
[algo2a-g1-rpp-l0-modal] [36m(MegatronTrainRayActor pid=2793)[0m [2026-09-29 18:47:00.900 actor_cell00000_rank00000] timer.py:31 - Timer train_wait start
[algo2a-g1-rpp-l0-modal] 
[algo2a-g1-rpp-l0-modal] [36m(MegatronTrainRayActor pid=2793)[0m [2026-09-29 18:47:00.900 actor_cell00000_rank00000] structured_log.py:28 - actor cls=MegatronTrainRayActor fn=init phase=end ok=true elapsed_s=7.0
[algo2a-g1-rpp-l0-modal] 
[algo2a-g1-rpp-l0-modal] [36m(MegatronTrainRayActor pid=2793)[0m [2026-09-29 18:47:00.942 actor_cell00000_rank00000] structured_log.py:24 - actor cls=MegatronTrainRayActor fn=wake_up phase=start
[algo2a-g1-rpp-l0-modal] 
[algo2a-g1-rpp-l0-modal] [36m(MegatronTrainRayActor pid=2793)[0m [2026-09-29 18:47:00.942 actor_cell00000_rank00000] timer.py:31 - Timer wake_up start
[algo2a-g1-rpp-l0-modal] 
[algo2a-g1-rpp-l0-modal] [36m(MegatronTrainRayActor pid=2793)[0m [2026-09-29 18:47:00.943 actor_cell00000_rank00000] memory_utils.py:41 - [Rank 0] Memory-Usage before wake_up model: {'gpu': '0', 'total_GB': 79.18, 'free_GB': 77.37, 'used_GB': 1.81, 'allocated_GB': 1.2, 'reserved_GB': 1.27}
[algo2a-g1-rpp-l0-modal] 
[algo2a-g1-rpp-l0-modal] [36m(MegatronTrainRayActor pid=2793)[0m [2026-09-29 18:47:01.528 actor_cell00000_rank00000] reloadable_process_group.py:151 - Reloading 0 process groups in pid 2793
[algo2a-g1-rpp-l0-modal] 
[algo2a-g1-rpp-l0-modal] [36m(MegatronTrainRayActor pid=2793)[0m [2026-09-29 18:47:01.529 actor_cell00000_rank00000] memory_utils.py:41 - [Rank 0] Memory-Usage after wake_up model: {'gpu': '0', 'total_GB': 79.18, 'free_GB': 76.13, 'used_GB': 3.05, 'allocated_GB': 1.2, 'reserved_GB': 1.27}
[algo2a-g1-rpp-l0-modal] 
[algo2a-g1-rpp-l0-modal] [36m(MegatronTrainRayActor pid=2793)[0m [2026-09-29 18:47:01.529 actor_cell00000_rank00000] timer.py:42 - Timer wake_up end (elapsed: 0.6s)
[algo2a-g1-rpp-l0-modal] 
[algo2a-g1-rpp-l0-modal] [36m(MegatronTrainRayActor pid=2793)[0m [2026-09-29 18:47:01.529 actor_cell00000_rank00000] structured_log.py:28 - actor cls=MegatronTrainRayActor fn=wake_up phase=end ok=true elapsed_s=0.6
[algo2a-g1-rpp-l0-modal] 
[algo2a-g1-rpp-l0-modal] [36m(MegatronTrainRayActor pid=2793)[0m [2026-09-29 18:47:01.529 actor_cell00000_rank00000] auto_bridge.py:600 - Loading a model with trust_remote_code=True allows arbitrary code execution from the model repository. Only use this with models you trust.
[algo2a-g1-rpp-l0-modal] 
[algo2a-g1-rpp-l0-modal] [36m(MegatronTrainRayActor pid=2793)[0m [2026-09-29 18:47:01.671 actor_cell00000_rank00000] structured_log.py:24 - actor cls=MegatronTrainRayActor fn=sleep phase=start
[algo2a-g1-rpp-l0-modal] 
[algo2a-g1-rpp-l0-modal] [36m(MegatronTrainRayActor pid=2793)[0m [2026-09-29 18:47:01.671 actor_cell00000_rank00000] timer.py:31 - Timer sleep start
[algo2a-g1-rpp-l0-modal] 
[algo2a-g1-rpp-l0-modal] [36m(MegatronTrainRayActor pid=2793)[0m [2026-09-29 18:47:02.301 actor_cell00000_rank00000] memory_utils.py:41 - [Rank 0] Memory-Usage before offload model: {'gpu': '0', 'total_GB': 79.18, 'free_GB': 76.13, 'used_GB': 3.05, 'allocated_GB': 1.2, 'reserved_GB': 1.27}
[algo2a-g1-rpp-l0-modal] 
[algo2a-g1-rpp-l0-modal] [36m(MegatronTrainRayActor pid=2793)[0m [2026-09-29 18:47:02.636 actor_cell00000_rank00000] memory_utils.py:41 - [Rank 0] Memory-Usage after offload model: {'gpu': '0', 'total_GB': 79.18, 'free_GB': 77.37, 'used_GB': 1.81, 'allocated_GB': 1.2, 'reserved_GB': 1.27}
[algo2a-g1-rpp-l0-modal] 
[algo2a-g1-rpp-l0-modal] [36m(MegatronTrainRayActor pid=2793)[0m [2026-09-29 18:47:02.636 actor_cell00000_rank00000] timer.py:42 - Timer sleep end (elapsed: 1.0s)
[algo2a-g1-rpp-l0-modal] 
[algo2a-g1-rpp-l0-modal] [36m(MegatronTrainRayActor pid=2793)[0m [2026-09-29 18:47:02.637 actor_cell00000_rank00000] structured_log.py:28 - actor cls=MegatronTrainRayActor fn=sleep phase=end ok=true elapsed_s=1.0
[algo2a-g1-rpp-l0-modal] 
[algo2a-g1-rpp-l0-modal] [36m(TrainerController pid=2510)[0m [2026-09-29 18:47:02.934 trainer_controller_actor] cell.py:239 - ft op=execute phase=end cell=trainer-engine-actor-00000 fn=run_plugin ok=true elapsed_s=2.0
[algo2a-g1-rpp-l0-modal] 
[algo2a-g1-rpp-l0-modal] YETO_RL_EVENT {"event":"rl_driver_phase","island_id":0,"phase":"publish","policy_version":0,"time_unix":1790707623.3775291}
[algo2a-g1-rpp-l0-modal] 
[algo2a-g1-rpp-l0-modal] [36m(TrainerController pid=2510)[0m [2026-09-29 18:47:03.434 trainer_controller_actor] cell.py:231 - ft op=execute phase=start cell=trainer-engine-actor-00000 fn=run_plugin n_actors=1
[algo2a-g1-rpp-l0-modal] 
[algo2a-g1-rpp-l0-modal] [36m(MegatronTrainRayActor pid=2793)[0m [2026-09-29 18:47:03.435 actor_cell00000_rank00000] structured_log.py:24 - actor cls=MegatronTrainRayActor fn=wake_up phase=start
[algo2a-g1-rpp-l0-modal] 
[algo2a-g1-rpp-l0-modal] [36m(MegatronTrainRayActor pid=2793)[0m [2026-09-29 18:47:03.436 actor_cell00000_rank00000] timer.py:31 - Timer wake_up start
[algo2a-g1-rpp-l0-modal] 
[algo2a-g1-rpp-l0-modal] [36m(MegatronTrainRayActor pid=2793)[0m [2026-09-29 18:47:03.436 actor_cell00000_rank00000] memory_utils.py:41 - [Rank 0] Memory-Usage before wake_up model: {'gpu': '0', 'total_GB': 79.18, 'free_GB': 77.37, 'used_GB': 1.81, 'allocated_GB': 1.2, 'reserved_GB': 1.27}
[algo2a-g1-rpp-l0-modal] 
[algo2a-g1-rpp-l0-modal] [36m(MegatronTrainRayActor pid=2793)[0m [2026-09-29 18:47:04.014 actor_cell00000_rank00000] reloadable_process_group.py:151 - Reloading 0 process groups in pid 2793
[algo2a-g1-rpp-l0-modal] 
[algo2a-g1-rpp-l0-modal] [36m(MegatronTrainRayActor pid=2793)[0m [2026-09-29 18:47:04.014 actor_cell00000_rank00000] memory_utils.py:41 - [Rank 0] Memory-Usage after wake_up model: {'gpu': '0', 'total_GB': 79.18, 'free_GB': 76.13, 'used_GB': 3.05, 'allocated_GB': 1.2, 'reserved_GB': 1.27}
[algo2a-g1-rpp-l0-modal] 
[algo2a-g1-rpp-l0-modal] [36m(MegatronTrainRayActor pid=2793)[0m [2026-09-29 18:47:04.014 actor_cell00000_rank00000] timer.py:42 - Timer wake_up end (elapsed: 0.6s)
[algo2a-g1-rpp-l0-modal] 
[algo2a-g1-rpp-l0-modal] [36m(MegatronTrainRayActor pid=2793)[0m [2026-09-29 18:47:04.014 actor_cell00000_rank00000] structured_log.py:28 - actor cls=MegatronTrainRayActor fn=wake_up phase=end ok=true elapsed_s=0.6
[algo2a-g1-rpp-l0-modal] 
[algo2a-g1-rpp-l0-modal] [36m(CommandActor pid=2505)[0m [2026-09-29 18:47:04] Compiled-kernel caches now live under SGLANG_CACHE_DIR (/root/.cache/sglang). These older directories are no longer used by sglang, but may still be used by other frameworks on this machine, so they were left alone: /root/.triton, /root/.cache/flashinfer. Remove them yourself if nothing else needs them.
[algo2a-g1-rpp-l0-modal] 
[algo2a-g1-rpp-l0-modal] [36m(CommandActor pid=2505)[0m [2026-09-29 18:47:04] Virtual expert computation enabled.
[algo2a-g1-rpp-l0-modal] 
[algo2a-g1-rpp-l0-modal] [36m(CommandActor pid=2505)[0m [2026-09-29 18:47:04] server_args={'model_path': '/root/.cache/huggingface/hub/models--Qwen--Qwen3-0.6B/snapshots/c1899de289a04d12100db370d81485cdf75e47ca', 'tokenizer_path': '/root/.cache/huggingface/hub/models--Qwen--Qwen3-0.6B/snapshots/c1899de289a04d12100db370d81485cdf75e47ca', 'tokenizer_mode': 'auto', 'tokenizer_backend': 'huggingface', 'tokenizer_worker_num': 1, 'detokenizer_worker_num': 1, 'skip_tokenizer_init': False, 'load_format': 'auto', 'model_loader_extra_config': '{}', 'trust_remote_code': True, 'context_length': None, 'is_embedding': False, 'enable_multimodal': None, 'revision': None, 'model_impl': 'auto', 'model_config_parser': 'auto', 'json_model_override_args': '{}', 'dtype': 'auto', 'quantization': None, 'quantization_param_path': None, 'kv_cache_dtype': 'auto', 'enable_fp32_lm_head': False, 'modelopt_quant': None, 'modelopt_checkpoint_restore_path': None, 'modelopt_checkpoint_save_path': None, 'modelopt_export_path': None, 'quantize_and_serve': False, 'rl_quant_profile': None, 'enable_tf32_matmul': False, 'mem_fraction_static': 0.4, 'max_running_requests': None, 'max_queued_requests': None, 'max_total_tokens': None, 'chunked_prefill_size': 8192, 'prefill_decode_interval': 0, 'enable_dynamic_chunking': False, 'max_prefill_tokens': 16384, 'prefill_max_requests': None, 'schedule_policy': 'fcfs', 'enable_priority_scheduling': False, 'disable_priority_preemption': False, 'default_priority_value': None, 'abort_on_priority_when_disabled': False, 'schedule_low_priority_values_first': False, 'priority_scheduling_preemption_threshold': 10, 'retraction_policy': 'length', 'schedule_conservativeness': 1.0, 'page_size': 1, 'c128_page_size': 16, 'swa_full_tokens_ratio': 0.8, 'disable_hybrid_swa_memory': False, 'radix_eviction_policy': 'lru', 'radix_eviction_policy_config': None, 'prefill_only_disable_kv_cache': False, 'disable_radix_cache': False, 'enable_page_major_kv_layout': False, 'enable_unified_memory': False, 'disable_chunked_prefix_cache': False, 'disable_overlap_schedule': False, 'num_continuous_decode_steps': 1, 'scheduler_recv_interval': 1, 'enable_mixed_chunk': False, 'nccl_port': 20032, 'dist_timeout': None, 'dist_init_addr': '172.20.0.160:20001', 'gated_launch_port': 20034, 'nnodes': 1, 'node_rank': 0, 'tp_size': 1, 'dcp_size': 1, 'pp_size': 1, 'pp_max_micro_batch_size': None, 'pp_async_batch_depth': 0, 'dp_size': 1, 'load_balance_method': 'round_robin', 'attn_cp_size': 1, 'moe_dp_size': 1, 'dwdp_size': 1, 'dcp_comm_backend': 'ag_rs', 'dcp_replicate_q_proj': None, 'enable_prefill_cp': False, 'cp_strategy': None, 'enable_dsa_cache_layer_split': False, 'enable_cp_decode_attn_tp': False, 'enable_dp_attention': False, 'enable_dp_attention_local_control_broadcast': False, 'enable_dp_lm_head': False, 'enable_tp_lm_head_all_to_all': False, 'enable_attn_tp_input_scattered': False, 'enable_shared_experts_attn_tp': False, 'enable_dense_mlp_attn_tp': False, 'enable_layernorm_sp': False, 'disable_attn_tp_gather': False, 'enable_p2p_check': False, 'device': 'cuda', 'base_gpu_id': 0, 'gpu_id_step': 1, 'random_seed': 17, 'mlx_enable_sampling': False, 'watchdog_timeout': 300, 'soft_watchdog_timeout': None, 'sleep_on_idle': False, 'use_ray': False, 'custom_sigquit_handler': None, 'numa_node': None, 'gc_threshold': None, 'host': '172.20.0.160', 'port': 20000, 'fastapi_root_path': '', 'smg_grpc_mode': False, 'grpc_mode': False, 'grpc_port': None, 'grpc_worker_threads': 4, 'sidecar': None, 'sidecar_args': None, 'skip_server_warmup': True, 'warmups': None, 'enable_http2': False, 'http2_max_concurrent_streams': 200, 'http2_initial_connection_window_size': 1048576, 'ssl_keyfile': None, 'ssl_certfile': None, 'ssl_ca_certs': None, 'ssl_keyfile_password': None, 'enable_ssl_refresh': False, 'api_key': None, 'admin_api_key': None, 'served_model_name': '/root/.cache/huggingface/hub/models--Qwen--Qwen3-0.6B/snapshots/c1899de289a04d12100db370d81485cdf75e47ca', 'weight_version': 'default', 'chat_template': None, 'hf_chat_template_name': None, 'completion_template': None, 'file_storage_path': 'sglang_storage', 'enable_cache_report': False, 'return_input_ids': False, 'return_output_ids': False, 'reasoning_parser': None, 'default_chat_template_kwargs': None, 'strip_thinking_cache': False, 'enable_strict_thinking': False, 'tool_call_parser': None, 'tool_server': None, 'sampling_defaults': 'model', 'asr_max_buffer_seconds': 60, 'asr_max_concurrent_sessions': 32, 'preferred_sampling_params': None, 'allow_auto_truncate': False, 'stream_interval': 1, 'batch_notify_size': 16, 'stream_response_default_include_usage': False, 'incremental_streaming_output': False, 'enable_streaming_session': False, 'enable_session_radix_cache': False, 'log_level': 'info', 'log_level_http': None, 'log_requests': False, 'log_requests_level': 2, 'log_requests_format': 'text', 'log_requests_target': None, 'uvicorn_access_log_exclude_prefixes': [], 'crash_dump_folder': None, 'show_time_cost': False, 'enable_metrics': True, 'smg_http_sidecar_port': None, 'enable_mfu_metrics': False, 'enable_metrics_for_all_schedulers': False, 'load_snapshot_publish_interval': 15, 'tokenizer_metrics_custom_labels_header': 'x-custom-labels', 'tokenizer_metrics_allowed_custom_labels': None, 'extra_metric_labels': None, 'bucket_time_to_first_token': None, 'bucket_inter_token_latency': None, 'bucket_e2e_request_latency': None, 'prompt_tokens_buckets': None, 'generation_tokens_buckets': None, 'gc_warning_threshold_secs': 0.0, 'decode_log_interval': 40, 'enable_request_time_stats_logging': False, 'kv_events_config': None, 'load_publish_endpoint': None, 'enable_forward_pass_metrics': False, 'forward_pass_metrics_worker_id': '', 'forward_pass_metrics_ipc_name': None, 'enable_trace': False, 'trace_modules': 'request', 'otlp_traces_endpoint': 'localhost:4317', 'export_metrics_to_file': False, 'export_metrics_to_file_dir': None, 'stat_loggers': None, 'constrained_json_whitespace_pattern': None, 'constrained_json_disable_any_whitespace': False, 'attention_backend': 'fa3', 'decode_attention_backend': None, 'enable_lean_attention': None, 'prefill_attention_backend': None, 'sampling_backend': 'pytorch', 'grammar_backend': 'xgrammar', 'radix_cache_backend': None, 'mm_attention_backend': None, 'fp8_gemm_runner_backend': 'auto', 'fp4_gemm_runner_backend': 'auto', 'bf16_gemm_backend': 'auto', 'dsa_prefill_backend': None, 'dsv4_prefill_backend': 'auto', 'dsa_decode_backend': None, 'dsa_paged_mqa_logits_backend': 'auto', 'dsa_topk_backend': 'sgl-kernel', 'disable_flashinfer_autotune': False, 'flashinfer_autotune_skip_ops': None, 'mamba_backend': 'triton', 'cuda_graph_config': {'decode': {'backend': 'full', 'max_bs': 256, 'bs': [1, 2, 4, 8, 12, 16, 24, 32, 40, 48, 56, 64, 72, 80, 88, 96, 104, 112, 120, 128, 136, 144, 152, 160, 168, 176, 184, 192, 200, 208, 216, 224, 232, 240, 248, 256], 'tc_compiler': 'eager', 'full_prefill_max_req': None, 'full_prefill_prefix_chunk_tokens': None}, 'prefill': {'backend': 'disabled', 'max_bs': 8192, 'bs': [4, 8, 12, 16, 20, 24, 28, 32, 48, 64, 80, 96, 112, 128, 144, 160, 176, 192, 208, 224, 240, 256, 288, 320, 352, 384, 416, 448, 480, 512, 576, 640, 704, 768, 832, 896, 960, 1024, 1280, 1536, 1792, 2048, 2304, 2560, 2816, 3072, 3328, 3584, 3840, 4096, 4608, 5120, 5632, 6144, 6656, 7168, 7680, 8192], 'tc_compiler': 'eager', 'full_prefill_max_req': None, 'full_prefill_prefix_chunk_tokens': None}}, 'cuda_graph_backend_decode': None, 'cuda_graph_backend_prefill': 'disabled', 'cuda_graph_max_bs_decode': None, 'cuda_graph_max_bs_prefill': None, 'cuda_graph_bs_decode': None, 'cuda_graph_bs_prefill': None, 'cuda_graph_tc_compiler': None, 'disable_prefill_cuda_graph': False, 'disable_decode_cuda_graph': False, 'disable_cuda_graph': False, 'disable_cuda_graph_padding': False, 'enable_profile_cuda_graph': False, 'enable_cudagraph_gc': False, 'debug_cuda_graph': False, 'enable_layerwise_nvtx_marker': False, 'enable_nccl_nvls': False, 'enable_symm_mem': False, 'triton_attention_reduce_in_fp32': False, 'triton_attention_num_kv_splits': 8, 'triton_attention_split_tile_size': None, 'flashinfer_mla_disable_ragged': False, 'enable_fused_qk_norm_rope': False, 'enable_precise_e
[algo2a-g1-rpp-l0-modal] mbedding_interpolation': False, 'enable_fused_moe_sum_all_reduce': False, 'enable_deepseek_v4_fp4_indexer': False, 'disable_custom_all_reduce': False, 'enable_mscclpp': False, 'enable_torch_symm_mem': False, 'enable_scattered_sconv': False, 'pre_warm_nccl': False, 'enable_quant_communications': False, 'enable_flashinfer_allreduce_fusion': False, 'enforce_disable_flashinfer_allreduce_fusion': True, 'flashinfer_allreduce_fusion_backend': None, 'enable_aiter_allreduce_fusion': False, 'enable_torch_compile': False, 'enable_torch_compile_debug_mode': False, 'torch_compile_max_bs': 32, 'speculative_algorithm': None, 'uno_lora_path': None, 'speculative_draft_model_path': None, 'speculative_draft_model_revision': None, 'speculative_draft_load_format': None, 'speculative_num_steps': None, 'speculative_eagle_topk': None, 'speculative_num_draft_tokens': None, 'speculative_dflash_block_size': None, 'speculative_dspark_block_size': None, 'speculative_dspark_sps_table_path': None, 'speculative_dspark_confidence_sts_path': None, 'speculative_dspark_align_verify_tokens_to_graph_tier': False, 'speculative_accept_threshold_single': 1.0, 'speculative_accept_threshold_acc': 1.0, 'speculative_use_rejection_sampling': False, 'speculative_token_map': None, 'speculative_attention_mode': 'prefill', 'speculative_draft_attention_backend': None, 'speculative_dsa_topk_backend': 'sgl-kernel', 'speculative_draft_kv_cache_dtype': None, 'speculative_draft_window_size': None, 'speculative_moe_runner_backend': 'auto', 'speculative_moe_a2a_backend': None, 'speculative_draft_model_quantization': None, '_speculative_draft_quantization_explicitly_set': False, 'speculative_skip_dp_mlp_sync': False, 'enable_multi_layer_eagle': False, 'speculative_adaptive': False, 'speculative_adaptive_config': None, 'decoupled_spec_bind_endpoint': None, 'decoupled_spec_connect_endpoints': None, 'decoupled_spec_rank': None, 'decoupled_spec_role': 'null', 'spec_trace_dir': None, 'speculative_ngram_min_bfs_breadth': 1, 'speculative_ngram_max_bfs_breadth': 10, 'speculative_ngram_match_type': 'BFS', 'speculative_ngram_max_trie_depth': 18, 'speculative_ngram_capacity': 10000000, 'speculative_ngram_external_corpus_path': None, 'speculative_ngram_external_sam_budget': 0, 'speculative_ngram_external_corpus_max_tokens': 10000000, 'ep_size': 1, 'moe_a2a_backend': 'none', 'enable_w4a4_mxfp4_megamoe': False, 'deepep_v2_mode': 'direct', 'moe_runner_backend': 'auto', 'flashinfer_mxfp4_moe_precision': 'default', 'deepep_mode': 'auto', 'fuseep_mode': 2, 'deepep_dispatcher_output_dtype': 'auto', 'ep_num_redundant_experts': 0, 'ep_dispatch_algorithm': None, 'init_expert_location': 'trivial', 'enable_eplb': False, 'eplb_algorithm': 'auto', 'eplb_rebalance_num_iterations': 1000, 'eplb_rebalance_layers_per_chunk': None, 'eplb_min_rebalancing_utilization_threshold': 1.0, 'expert_distribution_recorder_mode': None, 'expert_distribution_recorder_buffer_size': 1000, 'expert_balancedness_report_mode': 'off', 'deepep_config': None, 'moe_dense_tp_size': None, 'elastic_ep_backend': None, 'enable_elastic_expert_backup': False, 'mooncake_ib_device': None, 'enable_waterfill': False, 'ep_join_mode': None, 'ep_join_rank_offset': 0, 'elastic_ep_initial_size': None, 'max_ep_size': None, 'elastic_ep_scale_timeout': 600, 'elastic_ep_rejoin': False, 'disable_flashinfer_cutlass_moe_fp4_allgather': False, 'disable_shared_experts_fusion': False, 'enforce_shared_experts_fusion': False, 'max_mamba_cache_size': None, 'mamba_ssm_dtype': None, 'mamba_max_states_per_path': -1, 'enable_mamba_cache_stochastic_rounding': False, 'mamba_cache_philox_rounds': 0, 'mamba_full_memory_ratio': 0.9, 'mamba_radix_cache_strategy': 'auto', 'uses_mamba_radix_cache': False, 'mamba_track_interval': 256, 'enable_int8_mamba_checkpoint': False, 'int8_mamba_ckpt_size': None, 'linear_attn_backend': 'triton', 'linear_attn_decode_backend': None, 'linear_attn_prefill_backend': None, 'linear_attn_verify_backend': None, 'enable_linear_replayssm': False, 'linear_replayssm_cache_len': 16, 'enable_linear_replayssm_spec': False, 'enable_hierarchical_cache': False, 'hicache_host_memory_mode': 'cache', 'hicache_ratio': 2.0, 'hicache_size': 0, 'hicache_write_policy': 'write_through', 'hicache_io_backend': 'kernel', 'hicache_mem_layout': 'page_first', 'hicache_storage_backend': None, 'hicache_storage_prefetch_policy': 'timeout', 'hicache_storage_backend_extra_config': None, 'hicache_storage_prefetch_retry_poll_interval': 8, 'hicache_storage_prefetch_retry_max_attempts': 8, 'enable_unified_cache_external_linker': False, 'unified_cache_external_linker_backend': 'mooncake', 'enable_hisparse': False, 'hisparse_config': None, 'enable_broadcast_mm_inputs_process': False, 'enable_prefix_mm_cache': False, 'mm_enable_dp_encoder': False, 'mm_process_config': {}, 'mm_processor_worker_num': 0, 'mm_io_worker_num': 0, 'allowed_media_domains': [], 'media_url_max_file_size_mb': 64, 'mm_preprocess_cache_size_mb': None, 'trust_mm_content_hashes': False, 'limit_mm_data_per_request': None, 'enable_mm_global_cache': False, 'image_processor_backend': 'auto', 'mm_global_cache_backend': 'mooncake', 'disable_fast_image_processor': False, 'mm_feature_transport': 'cpu', 'keep_mm_feature_on_device': False, 'enable_lora': True, 'enable_lora_overlap_loading': False, 'max_lora_rank': 16, 'lora_target_modules': {'gate_proj', 'v_proj', 'o_proj', 'k_proj', 'up_proj', 'down_proj', 'q_proj'}, 'lora_paths': [], 'max_loaded_loras': None, 'max_loras_per_batch': 1, 'lora_eviction_policy': 'lru', 'lora_backend': 'csgmv', 'max_lora_chunk_size': 16, 'experts_shared_outer_loras': None, 'lora_use_virtual_experts': True, 'lora_strict_loading': False, 'lora_no_cpu_backup': False, 'lora_drain_wait_threshold': 0.0, 'enable_two_batch_overlap': False, 'enable_single_batch_overlap': False, 'tbo_token_distribution_threshold': 0.48, 'cpu_offload_gb': 0, 'offload_group_size': -1, 'offload_num_in_group': 1, 'offload_prefetch_step': 1, 'offload_mode': 'cpu', 'enable_lmcache': False, 'lmcache_config_file': None, 'enable_flexkv': False, 'flexkv_config_file': None, 'kt_weight_path': None, 'kt_method': 'AMXINT4', 'kt_cpuinfer': None, 'kt_threadpool_count': 2, 'kt_num_gpu_experts': None, 'kt_max_deferred_experts_per_token': None, 'dllm_algorithm': None, 'dllm_algorithm_config': None, 'dllm_fdfo': True, 'disaggregation_mode': 'null', 'disaggregation_transfer_backend': 'mooncake', 'disaggregation_bootstrap_port': 8998, 'disaggregation_ib_device': None, 'disaggregation_decode_enable_radix_cache': False, 'disaggregation_decode_enable_offload_kvcache': False, 'disaggregation_decode_retraction_backup': None, 'num_reserved_decode_tokens': 512, 'disaggregation_decode_extra_slots': None, 'disaggregation_decode_polling_interval': 1, 'optimistic_prefill_attempts': 0, 'encoder_only': False, 'language_only': False, 'language_model_only': False, 'encoder_transfer_backend': 'zmq_to_scheduler', 'encoder_urls': [], 'encoder_bootstrap_port': 8997, 'encoder_register_urls': [], 'enable_adaptive_dispatch_to_encoder': False, 'enable_pdmux': False, 'pdmux_config_path': None, 'sm_group_num': 8, 'startup_weight_load_mode': 'serial', 'custom_weight_loader': [], 'weight_loader_disable_mmap': False, 'weight_loader_prefetch_checkpoints': False, 'weight_loader_prefetch_num_threads': 4, 'weight_loader_drop_cache_after_load': False, 'remote_instance_weight_loader_seed_instance_ip': None, 'remote_instance_weight_loader_seed_instance_service_port': None, 'remote_instance_weight_loader_send_weights_group_ports': None, 'remote_instance_weight_loader_backend': 'nccl', 'remote_instance_weight_loader_start_seed_via_transfer_engine': False, 'engine_info_bootstrap_port': 20033, 'modelexpress_config': None, 'download_dir': None, 'model_checksum': None, 'delete_ckpt_after_loading': False, 'decrypted_config_file': None, 'decrypted_draft_config_file': None, 'checkpoint_engine_wait_weights_before_ready': False, 'enable_prefill_delayer': False, 'prefill_delayer_max_delay_passes': 30, 'prefill_delayer_token_usage_low_watermark': None, 'prefill_delayer_forward_passes_buckets': None, 'prefill_delayer_wait_seconds_buckets': None, 'prefill_delayer_queue_min_ratio': None, 'prefill_delayer_
[algo2a-g1-rpp-l0-modal] max_delay_ms': None, 'min_free_slots_delay': None, 'enable_deterministic_inference': True, 'rl_on_policy_target': None, 'kv_canary': 'none', 'kv_canary_real_data': 'none', 'kv_canary_sweep_interval': 0, 'enable_dynamic_batch_tokenizer': False, 'dynamic_batch_tokenizer_batch_size': 32, 'dynamic_batch_tokenizer_batch_timeout': 0.002, 'enable_tokenizer_batch_encode': False, 'disable_tokenizer_batch_decode': False, 'debug_tensor_dump_output_folder': None, 'debug_tensor_dump_layers': None, 'debug_tensor_dump_input_file': None, 'enable_memory_saver': True, 'enable_weights_cpu_backup': True, 'enable_weights_disk_backup': False, 'enable_draft_weights_cpu_backup': True, 'enable_custom_logit_processor': False, 'enable_return_hidden_states': False, 'return_hidden_states_mode': None, 'enable_return_routed_experts': False, 'enable_return_indexer_topk': False, 'sampling_mask_max_tokens': 4096, 'disable_outlines_disk_cache': False, 'enable_mis': False, 'weight_cache_mode': 'off', 'weight_cache_socket': None, 'weight_cache_timeout': 1800, 'forward_hooks': None, 'msprobe_dump_config': None, 'custom_pull_weights_pre_read_hook': None, 'enable_engine_info_bootstrap': False, 'enable_rdt_weight_sync': False, 'enable_prefill_only_deterministic_inference': False, 'true_on_policy_contract': None, 'ple_offload_embedding': None, 'ple_offload_backend': 'pinned', 'ple_offload_dir': None, 'speculative_domino_candidate_pool_size': 2048, 'flashinfer_a2a_dispatch_type': None, 'disable_draft_cuda_graph': False, 'dsv4_attn_backend': 'auto', '_radix_eviction_policy_explicitly_set': False, 'enable_response_store': False}
[algo2a-g1-rpp-l0-modal] [36m(MegatronTrainRayActor pid=2793)[0m [2026-09-29 18:47:04.121 actor_cell00000_rank00000] structured_log.py:24 - actor cls=MegatronTrainRayActor fn=sleep phase=start
[algo2a-g1-rpp-l0-modal] 
[algo2a-g1-rpp-l0-modal] [36m(MegatronTrainRayActor pid=2793)[0m [2026-09-29 18:47:04.121 actor_cell00000_rank00000] timer.py:31 - Timer sleep start
[algo2a-g1-rpp-l0-modal] 
[algo2a-g1-rpp-l0-modal] [36m(MegatronTrainRayActor pid=2793)[0m [2026-09-29 18:47:04.808 actor_cell00000_rank00000] memory_utils.py:41 - [Rank 0] Memory-Usage before offload model: {'gpu': '0', 'total_GB': 79.18, 'free_GB': 76.13, 'used_GB': 3.05, 'allocated_GB': 1.2, 'reserved_GB': 1.27}
[algo2a-g1-rpp-l0-modal] 
[algo2a-g1-rpp-l0-modal] [36m(MegatronTrainRayActor pid=2793)[0m [2026-09-29 18:47:05.138 actor_cell00000_rank00000] memory_utils.py:41 - [Rank 0] Memory-Usage after offload model: {'gpu': '0', 'total_GB': 79.18, 'free_GB': 77.37, 'used_GB': 1.81, 'allocated_GB': 1.2, 'reserved_GB': 1.27}
[algo2a-g1-rpp-l0-modal] 
[algo2a-g1-rpp-l0-modal] [36m(MegatronTrainRayActor pid=2793)[0m [2026-09-29 18:47:05.138 actor_cell00000_rank00000] timer.py:42 - Timer sleep end (elapsed: 1.0s)
[algo2a-g1-rpp-l0-modal] 
[algo2a-g1-rpp-l0-modal] [36m(MegatronTrainRayActor pid=2793)[0m [2026-09-29 18:47:05.138 actor_cell00000_rank00000] structured_log.py:28 - actor cls=MegatronTrainRayActor fn=sleep phase=end ok=true elapsed_s=1.0
[algo2a-g1-rpp-l0-modal] 
[algo2a-g1-rpp-l0-modal] [36m(CommandActor pid=2505)[0m [2026-09-29 18:47:05] Using default HuggingFace chat template with detected content format: string
[algo2a-g1-rpp-l0-modal] 
[algo2a-g1-rpp-l0-modal] [36m(CommandActor pid=2505)[0m [2026-09-29 18:47:05] Auto-detected template features: reasoning_config=ReasoningToggleConfig(toggle_param='enable_thinking', default_enabled=True, special_case=None, effort_kwarg=None), reasoning_parser=qwen3, tool_call_parser=qwen
[algo2a-g1-rpp-l0-modal] [36m(TrainerController pid=2510)[0m [2026-09-29 18:47:05.285 trainer_controller_actor] cell.py:239 - ft op=execute phase=end cell=trainer-engine-actor-00000 fn=run_plugin ok=true elapsed_s=1.9
[algo2a-g1-rpp-l0-modal] 
[algo2a-g1-rpp-l0-modal] [36m(InferenceController pid=2504)[0m [2026-09-29 18:47:05.543 inference_controller] retry_utils.py:85 - op=retry_until_deadline gate_url=http://172.20.0.160:20034 phase=retrying attempt=1 sleep_s=1.076 remaining_s=1799.976 error="ConnectError('All connection attempts failed')"
[algo2a-g1-rpp-l0-modal] 
[algo2a-g1-rpp-l0-modal] [36m(InferenceController pid=2504)[0m [2026-09-29 18:47:06.621 inference_controller] retry_utils.py:85 - op=retry_until_deadline gate_url=http://172.20.0.160:20034 phase=retrying attempt=2 sleep_s=2.006 remaining_s=1798.898 error="ConnectError('All connection attempts failed')"
[algo2a-g1-rpp-l0-modal] 
[algo2a-g1-rpp-l0-modal] [36m(CommandActor pid=2505)[0m /opt/sglang/lib/python3.12/site-packages/huggingface_hub/constants.py:301: FutureWarning: The `HF_HUB_ENABLE_HF_TRANSFER` environment variable is deprecated as 'hf_transfer' is not used anymore. Please use `HF_XET_HIGH_PERFORMANCE` instead to enable high performance transfer with Xet. Visit https://huggingface.co/docs/huggingface_hub/package_reference/environment_variables#hfxethighperformance for more details.
[algo2a-g1-rpp-l0-modal] 
[algo2a-g1-rpp-l0-modal] [36m(CommandActor pid=2505)[0m   warnings.warn(
[algo2a-g1-rpp-l0-modal] 
[algo2a-g1-rpp-l0-modal] [36m(CommandActor pid=2505)[0m /opt/sglang/lib/python3.12/site-packages/huggingface_hub/constants.py:301: FutureWarning: The `HF_HUB_ENABLE_HF_TRANSFER` environment variable is deprecated as 'hf_transfer' is not used anymore. Please use `HF_XET_HIGH_PERFORMANCE` instead to enable high performance transfer with Xet. Visit https://huggingface.co/docs/huggingface_hub/package_reference/environment_variables#hfxethighperformance for more details.
[algo2a-g1-rpp-l0-modal] 
[algo2a-g1-rpp-l0-modal] [36m(CommandActor pid=2505)[0m   warnings.warn(
[algo2a-g1-rpp-l0-modal] 
[algo2a-g1-rpp-l0-modal] [36m(InferenceController pid=2504)[0m [2026-09-29 18:47:08.629 inference_controller] retry_utils.py:85 - op=retry_until_deadline gate_url=http://172.20.0.160:20034 phase=retrying attempt=3 sleep_s=4.022 remaining_s=1796.89 error="ConnectError('All connection attempts failed')"
[algo2a-g1-rpp-l0-modal] 
[algo2a-g1-rpp-l0-modal] [36m(InferenceController pid=2504)[0m [2026-09-29 18:47:12.646 inference_controller] context_lock.py:131 - Still waiting for lock 'InferenceController' after 5s
[algo2a-g1-rpp-l0-modal] 
[algo2a-g1-rpp-l0-modal] [36m(InferenceController pid=2504)[0m [2026-09-29 18:47:12.653 inference_controller] retry_utils.py:85 - op=retry_until_deadline gate_url=http://172.20.0.160:20034 phase=retrying attempt=4 sleep_s=5.237 remaining_s=1792.867 error="ConnectError('All connection attempts failed')"
[algo2a-g1-rpp-l0-modal] 
[algo2a-g1-rpp-l0-modal] [36m(InferenceController pid=2504)[0m [2026-09-29 18:47:17.647 inference_controller] context_lock.py:131 - Still waiting for lock 'InferenceController' after 10s
[algo2a-g1-rpp-l0-modal] 
[algo2a-g1-rpp-l0-modal] [36m(InferenceController pid=2504)[0m [2026-09-29 18:47:17.891 inference_controller] retry_utils.py:85 - op=retry_until_deadline gate_url=http://172.20.0.160:20034 phase=retrying attempt=5 sleep_s=5.073 remaining_s=1787.628 error="ConnectError('All connection attempts failed')"
[algo2a-g1-rpp-l0-modal] 
[algo2a-g1-rpp-l0-modal] [36m(CommandActor pid=2505)[0m /opt/sglang/lib/python3.12/site-packages/transformer_engine/__init__.py:103: RuntimeWarning: Detected a Jax installation but could not find the shared object file for the Transformer Engine Jax extension library. If this is not intentional, please reinstall Transformer Engine with `pip install transformer_engine[jax]` or build from source with `NVTE_FRAMEWORK=jax`.
[algo2a-g1-rpp-l0-modal] 
[algo2a-g1-rpp-l0-modal] [36m(CommandActor pid=2505)[0m   warnings.warn(
[algo2a-g1-rpp-l0-modal] 
[algo2a-g1-rpp-l0-modal] [36m(InferenceController pid=2504)[0m [2026-09-29 18:47:22.647 inference_controller] context_lock.py:131 - Still waiting for lock 'InferenceController' after 15s
[algo2a-g1-rpp-l0-modal] 
[algo2a-g1-rpp-l0-modal] [36m(CommandActor pid=2505)[0m [2026-09-29 18:47:22] Detected Megatron Core, using Megatron-FSDP with Megatron.
[algo2a-g1-rpp-l0-modal] 
[algo2a-g1-rpp-l0-modal] [36m(CommandActor pid=2505)[0m [2026-09-29 18:47:22] Detected Megatron Core, using Megatron-FSDP with Megatron.
[algo2a-g1-rpp-l0-modal] 
[algo2a-g1-rpp-l0-modal] [36m(InferenceController pid=2504)[0m [2026-09-29 18:47:22.966 inference_controller] retry_utils.py:85 - op=retry_until_deadline gate_url=http://172.20.0.160:20034 phase=retrying attempt=6 sleep_s=5.014 remaining_s=1782.553 error="ConnectError('All connection attempts failed')"
[algo2a-g1-rpp-l0-modal] 
[algo2a-g1-rpp-l0-modal] [36m(CommandActor pid=2505)[0m [2026-09-29 18:47:26] Init torch distributed begin.
[algo2a-g1-rpp-l0-modal] 
[algo2a-g1-rpp-l0-modal] [36m(CommandActor pid=2505)[0m [2026-09-29 18:47:26] Gated launch control server started on 172.20.0.160:20034
[algo2a-g1-rpp-l0-modal] 
[algo2a-g1-rpp-l0-modal] [36m(CommandActor pid=2505)[0m [2026-09-29 18:47:26] Gated launch waiting for activation. rank=0
[algo2a-g1-rpp-l0-modal] 
[algo2a-g1-rpp-l0-modal] [36m(InferenceController pid=2504)[0m [2026-09-29 18:47:27.648 inference_controller] context_lock.py:131 - Still waiting for lock 'InferenceController' after 20s
[algo2a-g1-rpp-l0-modal] 
[algo2a-g1-rpp-l0-modal] [36m(InferenceController pid=2504)[0m [2026-09-29 18:47:27.997 inference_controller] _client.py:1740 - HTTP Request: POST http://172.20.0.160:20034/gate/activate "HTTP/1.1 200 OK"
[algo2a-g1-rpp-l0-modal] 
[algo2a-g1-rpp-l0-modal] [36m(InferenceController pid=2504)[0m [2026-09-29 18:47:27.997 inference_controller] server_cell.py:268 - Cell inference-engine-all-0-0-00000 init start old=
[algo2a-g1-rpp-l0-modal] 
[algo2a-g1-rpp-l0-modal] [36m(InferenceController pid=2504)[0m [2026-09-29 18:47:27.997 inference_controller] server_cell.py:271 - Cell inference-engine-all-0-0-00000 init end new=addr_info=CellAddrInfo(server_url='http://172.20.0.160:20000', bootstrap_port=None, gate_url='http://172.20.0.160:20034') start_time=227.249082576
[algo2a-g1-rpp-l0-modal] 
[algo2a-g1-rpp-l0-modal] [36m(InferenceController pid=2504)[0m [2026-09-29 18:47:27.997 inference_controller] inference_controller.py:272 - Waiting for 1/1 cells to become ready...
[algo2a-g1-rpp-l0-modal] 
[algo2a-g1-rpp-l0-modal] [36m(CommandActor pid=2505)[0m [2026-09-29 18:47:28] Gated launch activated. elapsed=2.00 s
[algo2a-g1-rpp-l0-modal] 
[algo2a-g1-rpp-l0-modal] [36m(CommandActor pid=2505)[0m [2026-09-29 18:47:28] Init torch distributed ends. elapsed=2.05 s, mem usage=0.09 GB
[algo2a-g1-rpp-l0-modal] 
[algo2a-g1-rpp-l0-modal] [36m(InferenceController pid=2504)[0m [2026-09-29 18:47:29.998 inference_controller] inference_controller.py:272 - Waiting for 1/1 cells to become ready...
[algo2a-g1-rpp-l0-modal] 
[algo2a-g1-rpp-l0-modal] [36m(CommandActor pid=2505)[0m [2026-09-29 18:47:31] Load weight begin. avail mem=76.70 GB
[algo2a-g1-rpp-l0-modal] 
[algo2a-g1-rpp-l0-modal] [36m(CommandActor pid=2505)[0m 
Multi-thread loading shards:   0% Completed | 0/1 [00:00<?, ?it/s][2026-09-29 18:47:31] Parameter lm_head.weight not found in params_dict
[algo2a-g1-rpp-l0-modal] 
[algo2a-g1-rpp-l0-modal] [36m(CommandActor pid=2505)[0m 
Multi-thread loading shards: 100% Completed | 1/1 [00:00<00:00,  4.93it/s]
Multi-thread loading shards: 100% Completed | 1/1 [00:00<00:00,  4.92it/s]
[algo2a-g1-rpp-l0-modal] 
[algo2a-g1-rpp-l0-modal] [36m(CommandActor pid=2505)[0m [2026-09-29 18:47:31] Load weight end. elapsed=0.36 s, type=Qwen3ForCausalLM, avail mem=75.51 GB, mem usage=1.19 GB.
[algo2a-g1-rpp-l0-modal] 
[algo2a-g1-rpp-l0-modal] [36m(CommandActor pid=2505)[0m [2026-09-29 18:47:31] Using csgmv as backend of LoRA kernels.
[algo2a-g1-rpp-l0-modal] 
[algo2a-g1-rpp-l0-modal] [36m(InferenceController pid=2504)[0m [2026-09-29 18:47:32.000 inference_controller] inference_controller.py:272 - Waiting for 1/1 cells to become ready...
[algo2a-g1-rpp-l0-modal] 
[algo2a-g1-rpp-l0-modal] [36m(CommandActor pid=2505)[0m [2026-09-29 18:47:33] KV Cache is allocated. dtype: torch.bfloat16, #tokens: 275385, K size: 14.71 GB, V size: 14.71 GB
[algo2a-g1-rpp-l0-modal] 
[algo2a-g1-rpp-l0-modal] [36m(CommandActor pid=2505)[0m [2026-09-29 18:47:33] Memory pool end. avail mem=45.51 GB
[algo2a-g1-rpp-l0-modal] 
[algo2a-g1-rpp-l0-modal] [36m(InferenceController pid=2504)[0m [2026-09-29 18:47:34.001 inference_controller] inference_controller.py:272 - Waiting for 1/1 cells to become ready...
[algo2a-g1-rpp-l0-modal] 
[algo2a-g1-rpp-l0-modal] [36m(CommandActor pid=2505)[0m [2026-09-29 18:47:34] Disable prefill CUDA graph because cuda_graph_config resolved prefill.backend='disabled' (e.g. via --cuda-graph-backend-prefill=disabled or auto-disable rules).
[algo2a-g1-rpp-l0-modal] 
[algo2a-g1-rpp-l0-modal] [36m(CommandActor pid=2505)[0m [2026-09-29 18:47:34] Capture target decode CUDA graph begin. backend=full, num_tokens_per_req=1, bs=[1, 2, 4, 8, 12, 16, 24, 32, 40, 48, 56, 64, 72, 80, 88, 96, 104, 112, 120, 128, 136, 144, 152, 160, 168, 176, 184, 192, 200, 208, 216, 224, 232, 240, 248, 256], avail mem=45.51 GB
[algo2a-g1-rpp-l0-modal] 
[algo2a-g1-rpp-l0-modal] [36m(CommandActor pid=2505)[0m 
  0%|          | 0/36 [00:00<?, ?it/s]
[algo2a-g1-rpp-l0-modal] 
[algo2a-g1-rpp-l0-modal] [36m(CommandActor pid=2505)[0m 
Capturing batches (bs=256 avail_mem=45.32 GB):   0%|          | 0/36 [00:00<?, ?it/s]
[algo2a-g1-rpp-l0-modal] 
[algo2a-g1-rpp-l0-modal] [36m(InferenceController pid=2504)[0m [2026-09-29 18:47:36.002 inference_controller] inference_controller.py:272 - Waiting for 1/1 cells to become ready...
[algo2a-g1-rpp-l0-modal] 
[algo2a-g1-rpp-l0-modal] [36m(InferenceController pid=2504)[0m [2026-09-29 18:47:38.004 inference_controller] inference_controller.py:272 - Waiting for 1/1 cells to become ready...
[algo2a-g1-rpp-l0-modal] 
[algo2a-g1-rpp-l0-modal] [36m(CommandActor pid=2505)[0m [2026-09-29 18:47:38] LoRA shrink (K=1024, R=16): no tuned config, using defaults {'BLOCK_N': 16, 'BLOCK_K': 256}
[algo2a-g1-rpp-l0-modal] 
[algo2a-g1-rpp-l0-modal] [36m(CommandActor pid=2505)[0m [2026-09-29 18:47:38] LoRA expand (K=4096, R=16): no tuned config, using defaults {'BLOCK_N': 64, 'BLOCK_K': 16}
[algo2a-g1-rpp-l0-modal] 
[algo2a-g1-rpp-l0-modal] [36m(InferenceController pid=2504)[0m [2026-09-29 18:47:40.004 inference_controller] inference_controller.py:272 - Waiting for 1/1 cells to become ready...
[algo2a-g1-rpp-l0-modal] 
[algo2a-g1-rpp-l0-modal] [36m(InferenceController pid=2504)[0m [2026-09-29 18:47:42.006 inference_controller] inference_controller.py:272 - Waiting for 1/1 cells to become ready...
[algo2a-g1-rpp-l0-modal] 
[algo2a-g1-rpp-l0-modal] [36m(InferenceController pid=2504)[0m [2026-09-29 18:47:44.008 inference_controller] inference_controller.py:272 - Waiting for 1/1 cells to become ready...
[algo2a-g1-rpp-l0-modal] 
[algo2a-g1-rpp-l0-modal] [36m(InferenceController pid=2504)[0m [2026-09-29 18:47:46.009 inference_controller] inference_controller.py:272 - Waiting for 1/1 cells to become ready...
[algo2a-g1-rpp-l0-modal] 
[algo2a-g1-rpp-l0-modal] [36m(InferenceController pid=2504)[0m [2026-09-29 18:47:48.009 inference_controller] inference_controller.py:272 - Waiting for 1/1 cells to become ready...
[algo2a-g1-rpp-l0-modal] 
[algo2a-g1-rpp-l0-modal] [36m(InferenceController pid=2504)[0m [2026-09-29 18:47:50.010 inference_controller] inference_controller.py:272 - Waiting for 1/1 cells to become ready...
[algo2a-g1-rpp-l0-modal] 
[algo2a-g1-rpp-l0-modal] [36m(InferenceController pid=2504)[0m [2026-09-29 18:47:52.011 inference_controller] inference_controller.py:272 - Waiting for 1/1 cells to become ready...
[algo2a-g1-rpp-l0-modal] 
[algo2a-g1-rpp-l0-modal] [36m(CommandActor pid=2505)[0m [2026-09-29 18:47:52] LoRA shrink (K=2048, R=16): no tuned config, using defaults {'BLOCK_N': 16, 'BLOCK_K': 256}
[algo2a-g1-rpp-l0-modal] 
[algo2a-g1-rpp-l0-modal] [36m(CommandActor pid=2505)[0m [2026-09-29 18:47:52] LoRA expand (K=1024, R=16): no tuned config, using defaults {'BLOCK_N': 64, 'BLOCK_K': 16}
[algo2a-g1-rpp-l0-modal] 
[algo2a-g1-rpp-l0-modal] [36m(InferenceController pid=2504)[0m [2026-09-29 18:47:54.010 inference_controller] inference_controller.py:272 - Waiting for 1/1 cells to become ready...
[algo2a-g1-rpp-l0-modal] 
[algo2a-g1-rpp-l0-modal] [36m(CommandActor pid=2505)[0m [2026-09-29 18:47:54] LoRA shrink (K=1024, R=16): no tuned config, using defaults {'BLOCK_N': 16, 'BLOCK_K': 256}
[algo2a-g1-rpp-l0-modal] 
[algo2a-g1-rpp-l0-modal] [36m(CommandActor pid=2505)[0m [2026-09-29 18:47:54] LoRA expand (K=6144, R=16): no tuned config, using defaults {'BLOCK_N': 64, 'BLOCK_K': 16}
[algo2a-g1-rpp-l0-modal] 
[algo2a-g1-rpp-l0-modal] [36m(InferenceController pid=2504)[0m [2026-09-29 18:47:56.011 inference_controller] inference_controller.py:272 - Waiting for 1/1 cells to become ready...
[algo2a-g1-rpp-l0-modal] 
[algo2a-g1-rpp-l0-modal] [36m(InferenceController pid=2504)[0m [2026-09-29 18:47:58.012 inference_controller] inference_controller.py:272 - Waiting for 1/1 cells to become ready...
[algo2a-g1-rpp-l0-modal] 
[algo2a-g1-rpp-l0-modal] [36m(InferenceController pid=2504)[0m [2026-09-29 18:48:00.014 inference_controller] inference_controller.py:272 - Waiting for 1/1 cells to become ready...
[algo2a-g1-rpp-l0-modal] 
[algo2a-g1-rpp-l0-modal] [36m(CommandActor pid=2505)[0m [2026-09-29 18:48:01] LoRA shrink (K=3072, R=16): no tuned config, using defaults {'BLOCK_N': 16, 'BLOCK_K': 256}
[algo2a-g1-rpp-l0-modal] 
[algo2a-g1-rpp-l0-modal] [36m(InferenceController pid=2504)[0m [2026-09-29 18:48:02.014 inference_controller] inference_controller.py:272 - Waiting for 1/1 cells to become ready...
[algo2a-g1-rpp-l0-modal] 
[algo2a-g1-rpp-l0-modal] [36m(CommandActor pid=2505)[0m 
Capturing batches (bs=256 avail_mem=45.32 GB):   3%|▎         | 1/36 [00:28<16:24, 28.14s/it]
Capturing batches (bs=248 avail_mem=45.21 GB):   3%|▎         | 1/36 [00:28<16:24, 28.14s/it]
[algo2a-g1-rpp-l0-modal] 
[algo2a-g1-rpp-l0-modal] [36m(CommandActor pid=2505)[0m 
Capturing batches (bs=248 avail_mem=45.21 GB):   6%|▌         | 2/36 [00:28<06:39, 11.75s/it]
Capturing batches (bs=240 avail_mem=45.21 GB):   6%|▌         | 2/36 [00:28<06:39, 11.75s/it]
[algo2a-g1-rpp-l0-modal] 
[algo2a-g1-rpp-l0-modal] [36m(InferenceController pid=2504)[0m [2026-09-29 18:48:04.015 inference_controller] inference_controller.py:272 - Waiting for 1/1 cells to become ready...
[algo2a-g1-rpp-l0-modal] 
[algo2a-g1-rpp-l0-modal] [36m(CommandActor pid=2505)[0m 
Capturing batches (bs=240 avail_mem=45.21 GB):   8%|▊         | 3/36 [00:28<03:32,  6.45s/it]
Capturing batches (bs=232 avail_mem=45.20 GB):   8%|▊         | 3/36 [00:28<03:32,  6.45s/it]
[algo2a-g1-rpp-l0-modal] 
[algo2a-g1-rpp-l0-modal] [36m(CommandActor pid=2505)[0m 
Capturing batches (bs=232 avail_mem=45.20 GB):  11%|█         | 4/36 [00:28<02:06,  3.96s/it]
Capturing batches (bs=224 avail_mem=45.20 GB):  11%|█         | 4/36 [00:28<02:06,  3.96s/it]
[algo2a-g1-rpp-l0-modal] 
[algo2a-g1-rpp-l0-modal] [36m(CommandActor pid=2505)[0m 
Capturing batches (bs=224 avail_mem=45.20 GB):  14%|█▍        | 5/36 [00:28<01:19,  2.58s/it]
Capturing batches (bs=216 avail_mem=45.19 GB):  14%|█▍        | 5/36 [00:28<01:19,  2.58s/it]
[algo2a-g1-rpp-l0-modal] 
[algo2a-g1-rpp-l0-modal] [36m(CommandActor pid=2505)[0m 
Capturing batches (bs=216 avail_mem=45.19 GB):  17%|█▋        | 6/36 [00:28<00:52,  1.75s/it]
Capturing batches (bs=208 avail_mem=45.19 GB):  17%|█▋        | 6/36 [00:28<00:52,  1.75s/it]
[algo2a-g1-rpp-l0-modal] 
[algo2a-g1-rpp-l0-modal] [36m(CommandActor pid=2505)[0m 
Capturing batches (bs=208 avail_mem=45.19 GB):  19%|█▉        | 7/36 [00:29<00:35,  1.22s/it]
Capturing batches (bs=200 avail_mem=45.18 GB):  19%|█▉        | 7/36 [00:29<00:35,  1.22s/it]
[algo2a-g1-rpp-l0-modal] 
[algo2a-g1-rpp-l0-modal] [36m(CommandActor pid=2505)[0m 
Capturing batches (bs=200 avail_mem=45.18 GB):  22%|██▏       | 8/36 [00:29<00:24,  1.15it/s]
Capturing batches (bs=192 avail_mem=45.18 GB):  22%|██▏       | 8/36 [00:29<00:24,  1.15it/s]
[algo2a-g1-rpp-l0-modal] 
[algo2a-g1-rpp-l0-modal] [36m(InferenceController pid=2504)[0m [2026-09-29 18:48:06.015 inference_controller] inference_controller.py:272 - Waiting for 1/1 cells to become ready...
[algo2a-g1-rpp-l0-modal] 
[algo2a-g1-rpp-l0-modal] [36m(InferenceController pid=2504)[0m [2026-09-29 18:48:08.016 inference_controller] inference_controller.py:272 - Waiting for 1/1 cells to become ready...
[algo2a-g1-rpp-l0-modal] 
[algo2a-g1-rpp-l0-modal] [36m(CommandActor pid=2505)[0m 
Capturing batches (bs=192 avail_mem=45.18 GB):  25%|██▌       | 9/36 [00:32<00:46,  1.71s/it]
Capturing batches (bs=184 avail_mem=45.17 GB):  25%|██▌       | 9/36 [00:32<00:46,  1.71s/it]
[algo2a-g1-rpp-l0-modal] 
[algo2a-g1-rpp-l0-modal] [36m(CommandActor pid=2505)[0m 
Capturing batches (bs=184 avail_mem=45.17 GB):  28%|██▊       | 10/36 [00:32<00:31,  1.22s/it]
Capturing batches (bs=176 avail_mem=45.17 GB):  28%|██▊       | 10/36 [00:32<00:31,  1.22s/it]
[algo2a-g1-rpp-l0-modal] 
[algo2a-g1-rpp-l0-modal] [36m(CommandActor pid=2505)[0m 
Capturing batches (bs=176 avail_mem=45.17 GB):  31%|███       | 11/36 [00:33<00:22,  1.13it/s]
Capturing batches (bs=168 avail_mem=45.16 GB):  31%|███       | 11/36 [00:33<00:22,  1.13it/s]
[algo2a-g1-rpp-l0-modal] 
[algo2a-g1-rpp-l0-modal] [36m(CommandActor pid=2505)[0m 
Capturing batches (bs=168 avail_mem=45.16 GB):  33%|███▎      | 12/36 [00:33<00:15,  1.54it/s]
Capturing batches (bs=160 avail_mem=45.16 GB):  33%|███▎      | 12/36 [00:33<00:15,  1.54it/s]
[algo2a-g1-rpp-l0-modal] 
[algo2a-g1-rpp-l0-modal] [36m(CommandActor pid=2505)[0m 
Capturing batches (bs=160 avail_mem=45.16 GB):  36%|███▌      | 13/36 [00:33<00:11,  2.04it/s]
Capturing batches (bs=152 avail_mem=45.16 GB):  36%|███▌      | 13/36 [00:33<00:11,  2.04it/s]
[algo2a-g1-rpp-l0-modal] 
[algo2a-g1-rpp-l0-modal] [36m(CommandActor pid=2505)[0m 
Capturing batches (bs=152 avail_mem=45.16 GB):  39%|███▉      | 14/36 [00:33<00:08,  2.63it/s]
Capturing batches (bs=144 avail_mem=45.15 GB):  39%|███▉      | 14/36 [00:33<00:08,  2.63it/s]
[algo2a-g1-rpp-l0-modal] 
[algo2a-g1-rpp-l0-modal] [36m(CommandActor pid=2505)[0m 
Capturing batches (bs=144 avail_mem=45.15 GB):  42%|████▏     | 15/36 [00:33<00:06,  3.31it/s]
Capturing batches (bs=136 avail_mem=45.15 GB):  42%|████▏     | 15/36 [00:33<00:06,  3.31it/s]
[algo2a-g1-rpp-l0-modal] 
[algo2a-g1-rpp-l0-modal] [36m(CommandActor pid=2505)[0m 
Capturing batches (bs=136 avail_mem=45.15 GB):  44%|████▍     | 16/36 [00:33<00:04,  4.05it/s]
Capturing batches (bs=128 avail_mem=45.14 GB):  44%|████▍     | 16/36 [00:33<00:04,  4.05it/s]
[algo2a-g1-rpp-l0-modal] 
[algo2a-g1-rpp-l0-modal] [36m(InferenceController pid=2504)[0m [2026-09-29 18:48:10.016 inference_controller] inference_controller.py:272 - Waiting for 1/1 cells to become ready...
[algo2a-g1-rpp-l0-modal] 
[algo2a-g1-rpp-l0-modal] [36m(InferenceController pid=2504)[0m [2026-09-29 18:48:12.017 inference_controller] inference_controller.py:272 - Waiting for 1/1 cells to become ready...
[algo2a-g1-rpp-l0-modal] 
[algo2a-g1-rpp-l0-modal] [36m(InferenceController pid=2504)[0m [2026-09-29 18:48:14.018 inference_controller] inference_controller.py:272 - Waiting for 1/1 cells to become ready...
[algo2a-g1-rpp-l0-modal] 
[algo2a-g1-rpp-l0-modal] [36m(CommandActor pid=2505)[0m 
Capturing batches (bs=128 avail_mem=45.14 GB):  47%|████▋     | 17/36 [00:38<00:33,  1.77s/it]
Capturing batches (bs=120 avail_mem=45.14 GB):  47%|████▋     | 17/36 [00:38<00:33,  1.77s/it]
[algo2a-g1-rpp-l0-modal] 
[algo2a-g1-rpp-l0-modal] [36m(CommandActor pid=2505)[0m 
Capturing batches (bs=120 avail_mem=45.14 GB):  50%|█████     | 18/36 [00:39<00:22,  1.28s/it]
Capturing batches (bs=112 avail_mem=45.13 GB):  50%|█████     | 18/36 [00:39<00:22,  1.28s/it]
[algo2a-g1-rpp-l0-modal] 
[algo2a-g1-rpp-l0-modal] [36m(CommandActor pid=2505)[0m 
Capturing batches (bs=112 avail_mem=45.13 GB):  53%|█████▎    | 19/36 [00:39<00:15,  1.08it/s]
Capturing batches (bs=104 avail_mem=45.13 GB):  53%|█████▎    | 19/36 [00:39<00:15,  1.08it/s]
[algo2a-g1-rpp-l0-modal] 
[algo2a-g1-rpp-l0-modal] [36m(CommandActor pid=2505)[0m 
Capturing batches (bs=104 avail_mem=45.13 GB):  56%|█████▌    | 20/36 [00:39<00:10,  1.46it/s]
Capturing batches (bs=96 avail_mem=45.12 GB):  56%|█████▌    | 20/36 [00:39<00:10,  1.46it/s]
[algo2a-g1-rpp-l0-modal] 
[algo2a-g1-rpp-l0-modal] [36m(CommandActor pid=2505)[0m 
Capturing batches (bs=96 avail_mem=45.12 GB):  58%|█████▊    | 21/36 [00:39<00:07,  1.90it/s]
Capturing batches (bs=88 avail_mem=45.11 GB):  58%|█████▊    | 21/36 [00:39<00:07,  1.90it/s]
[algo2a-g1-rpp-l0-modal] 
[algo2a-g1-rpp-l0-modal] [36m(CommandActor pid=2505)[0m 
Capturing batches (bs=88 avail_mem=45.11 GB):  61%|██████    | 22/36 [00:39<00:05,  2.48it/s]
Capturing batches (bs=80 avail_mem=45.11 GB):  61%|██████    | 22/36 [00:39<00:05,  2.48it/s]
[algo2a-g1-rpp-l0-modal] 
[algo2a-g1-rpp-l0-modal] [36m(CommandActor pid=2505)[0m 
Capturing batches (bs=80 avail_mem=45.11 GB):  64%|██████▍   | 23/36 [00:39<00:04,  3.14it/s]
Capturing batches (bs=72 avail_mem=45.11 GB):  64%|██████▍   | 23/36 [00:39<00:04,  3.14it/s]
[algo2a-g1-rpp-l0-modal] 
[algo2a-g1-rpp-l0-modal] [36m(CommandActor pid=2505)[0m 
Capturing batches (bs=72 avail_mem=45.11 GB):  67%|██████▋   | 24/36 [00:39<00:03,  3.86it/s]
[algo2a-g1-rpp-l0-modal] 
[algo2a-g1-rpp-l0-modal] [36m(CommandActor pid=2505)[0m 
Capturing batches (bs=64 avail_mem=45.10 GB):  67%|██████▋   | 24/36 [00:39<00:03,  3.86it/s]
[algo2a-g1-rpp-l0-modal] 
[algo2a-g1-rpp-l0-modal] [36m(InferenceController pid=2504)[0m [2026-09-29 18:48:16.018 inference_controller] inference_controller.py:272 - Waiting for 1/1 cells to become ready...
[algo2a-g1-rpp-l0-modal] 
[algo2a-g1-rpp-l0-modal] [36m(InferenceController pid=2504)[0m [2026-09-29 18:48:18.019 inference_controller] inference_controller.py:272 - Waiting for 1/1 cells to become ready...
[algo2a-g1-rpp-l0-modal] 
[algo2a-g1-rpp-l0-modal] [36m(CommandActor pid=2505)[0m 
Capturing batches (bs=64 avail_mem=45.10 GB):  69%|██████▉   | 25/36 [00:43<00:14,  1.28s/it]
Capturing batches (bs=56 avail_mem=45.10 GB):  69%|██████▉   | 25/36 [00:43<00:14,  1.28s/it]
[algo2a-g1-rpp-l0-modal] 
[algo2a-g1-rpp-l0-modal] [36m(CommandActor pid=2505)[0m 
Capturing batches (bs=56 avail_mem=45.10 GB):  72%|███████▏  | 26/36 [00:43<00:09,  1.07it/s]
Capturing batches (bs=48 avail_mem=45.09 GB):  72%|███████▏  | 26/36 [00:43<00:09,  1.07it/s]
[algo2a-g1-rpp-l0-modal] 
[algo2a-g1-rpp-l0-modal] [36m(CommandActor pid=2505)[0m 
Capturing batches (bs=48 avail_mem=45.09 GB):  75%|███████▌  | 27/36 [00:43<00:06,  1.44it/s]
Capturing batches (bs=40 avail_mem=45.09 GB):  75%|███████▌  | 27/36 [00:43<00:06,  1.44it/s]
[algo2a-g1-rpp-l0-modal] 
[algo2a-g1-rpp-l0-modal] [36m(CommandActor pid=2505)[0m 
Capturing batches (bs=40 avail_mem=45.09 GB):  78%|███████▊  | 28/36 [00:43<00:04,  1.92it/s]
Capturing batches (bs=32 avail_mem=45.08 GB):  78%|███████▊  | 28/36 [00:43<00:04,  1.92it/s]
[algo2a-g1-rpp-l0-modal] 
[algo2a-g1-rpp-l0-modal] [36m(InferenceController pid=2504)[0m [2026-09-29 18:48:20.021 inference_controller] inference_controller.py:272 - Waiting for 1/1 cells to become ready...
[algo2a-g1-rpp-l0-modal] 
[algo2a-g1-rpp-l0-modal] [36m(InferenceController pid=2504)[0m [2026-09-29 18:48:22.021 inference_controller] inference_controller.py:272 - Waiting for 1/1 cells to become ready...
[algo2a-g1-rpp-l0-modal] 
[algo2a-g1-rpp-l0-modal] [36m(InferenceController pid=2504)[0m [2026-09-29 18:48:24.022 inference_controller] inference_controller.py:272 - Waiting for 1/1 cells to become ready...
[algo2a-g1-rpp-l0-modal] 
[algo2a-g1-rpp-l0-modal] [36m(InferenceController pid=2504)[0m [2026-09-29 18:48:26.023 inference_controller] inference_controller.py:272 - Waiting for 1/1 cells to become ready...
[algo2a-g1-rpp-l0-modal] 
[algo2a-g1-rpp-l0-modal] [36m(CommandActor pid=2505)[0m 
Capturing batches (bs=32 avail_mem=45.08 GB):  81%|████████  | 29/36 [00:50<00:17,  2.45s/it]
Capturing batches (bs=24 avail_mem=45.08 GB):  81%|████████  | 29/36 [00:50<00:17,  2.45s/it]
[algo2a-g1-rpp-l0-modal] 
[algo2a-g1-rpp-l0-modal] [36m(CommandActor pid=2505)[0m 
Capturing batches (bs=24 avail_mem=45.08 GB):  83%|████████▎ | 30/36 [00:50<00:10,  1.75s/it]
Capturing batches (bs=16 avail_mem=45.08 GB):  83%|████████▎ | 30/36 [00:50<00:10,  1.75s/it]
[algo2a-g1-rpp-l0-modal] 
[algo2a-g1-rpp-l0-modal] [36m(InferenceController pid=2504)[0m [2026-09-29 18:48:28.023 inference_controller] inference_controller.py:272 - Waiting for 1/1 cells to become ready...
[algo2a-g1-rpp-l0-modal] 
[algo2a-g1-rpp-l0-modal] [36m(InferenceController pid=2504)[0m [2026-09-29 18:48:30.023 inference_controller] inference_controller.py:272 - Waiting for 1/1 cells to become ready...
[algo2a-g1-rpp-l0-modal] 
[algo2a-g1-rpp-l0-modal] [36m(InferenceController pid=2504)[0m [2026-09-29 18:48:32.024 inference_controller] inference_controller.py:272 - Waiting for 1/1 cells to become ready...
[algo2a-g1-rpp-l0-modal] 
[algo2a-g1-rpp-l0-modal] [36m(CommandActor pid=2505)[0m 
Capturing batches (bs=16 avail_mem=45.08 GB):  86%|████████▌ | 31/36 [00:57<00:16,  3.30s/it]
Capturing batches (bs=12 avail_mem=45.07 GB):  86%|████████▌ | 31/36 [00:57<00:16,  3.30s/it]
[algo2a-g1-rpp-l0-modal] 
[algo2a-g1-rpp-l0-modal] [36m(CommandActor pid=2505)[0m 
Capturing batches (bs=12 avail_mem=45.07 GB):  89%|████████▉ | 32/36 [00:57<00:09,  2.35s/it]
Capturing batches (bs=8 avail_mem=45.07 GB):  89%|████████▉ | 32/36 [00:57<00:09,  2.35s/it]
[algo2a-g1-rpp-l0-modal] 
[algo2a-g1-rpp-l0-modal] [36m(CommandActor pid=2505)[0m 
Capturing batches (bs=8 avail_mem=45.07 GB):  92%|█████████▏| 33/36 [00:58<00:05,  1.68s/it]
Capturing batches (bs=4 avail_mem=45.06 GB):  92%|█████████▏| 33/36 [00:58<00:05,  1.68s/it]
[algo2a-g1-rpp-l0-modal] 
[algo2a-g1-rpp-l0-modal] [36m(CommandActor pid=2505)[0m 
Capturing batches (bs=4 avail_mem=45.06 GB):  94%|█████████▍| 34/36 [00:58<00:02,  1.22s/it]
Capturing batches (bs=2 avail_mem=45.06 GB):  94%|█████████▍| 34/36 [00:58<00:02,  1.22s/it]
[algo2a-g1-rpp-l0-modal] 
[algo2a-g1-rpp-l0-modal] [36m(CommandActor pid=2505)[0m 
Capturing batches (bs=2 avail_mem=45.06 GB):  97%|█████████▋| 35/36 [00:58<00:00,  1.12it/s]
Capturing batches (bs=1 avail_mem=45.05 GB):  97%|█████████▋| 35/36 [00:58<00:00,  1.12it/s]
[algo2a-g1-rpp-l0-modal] 
[algo2a-g1-rpp-l0-modal] [36m(InferenceController pid=2504)[0m [2026-09-29 18:48:34.025 inference_controller] inference_controller.py:272 - Waiting for 1/1 cells to become ready...
[algo2a-g1-rpp-l0-modal] 
[algo2a-g1-rpp-l0-modal] [36m(CommandActor pid=2505)[0m 
Capturing batches (bs=1 avail_mem=45.05 GB): 100%|██████████| 36/36 [00:58<00:00,  1.42it/s]
Capturing batches (bs=1 avail_mem=45.05 GB): 100%|██████████| 36/36 [00:58<00:00,  1.63s/it]
[algo2a-g1-rpp-l0-modal] 
[algo2a-g1-rpp-l0-modal] [36m(CommandActor pid=2505)[0m [2026-09-29 18:48:34] Capture target decode CUDA graph end. elapsed=59.64 s, mem usage=0.46 GB, avail mem=45.05 GB.
[algo2a-g1-rpp-l0-modal] 
[algo2a-g1-rpp-l0-modal] [36m(CommandActor pid=2505)[0m [2026-09-29 18:48:34] max_total_num_tokens=275385, chunked_prefill_size=8192, max_prefill_tokens=16384, max_running_requests=3442, context_len=40960, available_gpu_mem=45.05 GB
[algo2a-g1-rpp-l0-modal] [36m(CommandActor pid=2505)[0m [2026-09-29 18:48:34] Init Unified Radix Cache. Components: (<ComponentType.FULL: 0>,). Tree Core: UnifiedTreeCore
[algo2a-g1-rpp-l0-modal] 
[algo2a-g1-rpp-l0-modal] [36m(CommandActor pid=2505)[0m [2026-09-29 18:48:34] Tree cache initialized: source=default impl=UnifiedRadixCache hybrid_swa=False hybrid_ssm=False hicache_attached=False streaming_wrapped=False
[algo2a-g1-rpp-l0-modal] 
[algo2a-g1-rpp-l0-modal] [36m(CommandActor pid=2505)[0m [2026-09-29 18:48:35] Engine startup timings (s): load_weight=0.36, kv_cache_allocation=0.48, scheduler_e2e=75.44, cuda_graph={prefill=0.00, decode=59.64, target_verify=0.00, draft_prefill=0.00, draft_decode=0.00, draft_extend=0.00}, tokenizer_e2e=90.90
[algo2a-g1-rpp-l0-modal] 
[algo2a-g1-rpp-l0-modal] [36m(CommandActor pid=2505)[0m [2026-09-29 18:48:35] INFO:     Started server process [3303]
[algo2a-g1-rpp-l0-modal] 
[algo2a-g1-rpp-l0-modal] [36m(CommandActor pid=2505)[0m [2026-09-29 18:48:35] INFO:     Waiting for application startup.
[algo2a-g1-rpp-l0-modal] 
[algo2a-g1-rpp-l0-modal] [36m(CommandActor pid=2505)[0m [2026-09-29 18:48:35] Using default chat sampling params from model generation config: {'temperature': 0.6, 'top_k': 20, 'top_p': 0.95}
[algo2a-g1-rpp-l0-modal] 
[algo2a-g1-rpp-l0-modal] [36m(CommandActor pid=2505)[0m [2026-09-29 18:48:35] INFO:     Application startup complete.
[algo2a-g1-rpp-l0-modal] 
[algo2a-g1-rpp-l0-modal] [36m(CommandActor pid=2505)[0m [2026-09-29 18:48:35] INFO:     Uvicorn running on http://172.20.0.160:20000 (Press CTRL+C to quit)
[algo2a-g1-rpp-l0-modal] 
[algo2a-g1-rpp-l0-modal] [36m(CommandActor pid=2505)[0m [2026-09-29 18:48:35] post-warmup freeze_gc failed
[algo2a-g1-rpp-l0-modal] 
[algo2a-g1-rpp-l0-modal] [36m(CommandActor pid=2505)[0m Traceback (most recent call last):
[algo2a-g1-rpp-l0-modal] 
[algo2a-g1-rpp-l0-modal] [36m(CommandActor pid=2505)[0m   File "/opt/sglang/lib/python3.12/site-packages/urllib3/connection.py", line 239, in _new_conn
[algo2a-g1-rpp-l0-modal] 
[algo2a-g1-rpp-l0-modal] [36m(CommandActor pid=2505)[0m     sock = connection.create_connection(
[algo2a-g1-rpp-l0-modal] 
[algo2a-g1-rpp-l0-modal] [36m(CommandActor pid=2505)[0m            ^^^^^^^^^^^^^^^^^^^^^^^^^^^^^
[algo2a-g1-rpp-l0-modal] 
[algo2a-g1-rpp-l0-modal] [36m(CommandActor pid=2505)[0m   File "/opt/sglang/lib/python3.12/site-packages/urllib3/util/connection.py", line 85, in create_connection
[algo2a-g1-rpp-l0-modal] 
[algo2a-g1-rpp-l0-modal] [36m(CommandActor pid=2505)[0m     raise err
[algo2a-g1-rpp-l0-modal] 
[algo2a-g1-rpp-l0-modal] [36m(CommandActor pid=2505)[0m   File "/opt/sglang/lib/python3.12/site-packages/urllib3/util/connection.py", line 73, in create_connection
[algo2a-g1-rpp-l0-modal] 
[algo2a-g1-rpp-l0-modal] [36m(CommandActor pid=2505)[0m     sock.connect(sa)
[algo2a-g1-rpp-l0-modal] 
[algo2a-g1-rpp-l0-modal] [36m(CommandActor pid=2505)[0m ConnectionRefusedError: [Errno 111] Connection refused
[algo2a-g1-rpp-l0-modal] 
[algo2a-g1-rpp-l0-modal] [36m(CommandActor pid=2505)[0m
[algo2a-g1-rpp-l0-modal] 
[algo2a-g1-rpp-l0-modal] [36m(CommandActor pid=2505)[0m The above exception was the direct cause of the following exception:
[algo2a-g1-rpp-l0-modal] 
[algo2a-g1-rpp-l0-modal] [36m(CommandActor pid=2505)[0m
[algo2a-g1-rpp-l0-modal] 
[algo2a-g1-rpp-l0-modal] [36m(CommandActor pid=2505)[0m Traceback (most recent call last):
[algo2a-g1-rpp-l0-modal] 
[algo2a-g1-rpp-l0-modal] [36m(CommandActor pid=2505)[0m   File "/opt/sglang/lib/python3.12/site-packages/urllib3/connectionpool.py", line 793, in urlopen
[algo2a-g1-rpp-l0-modal] 
[algo2a-g1-rpp-l0-modal] [36m(CommandActor pid=2505)[0m     response = self._make_request(
[algo2a-g1-rpp-l0-modal] 
[algo2a-g1-rpp-l0-modal] [36m(CommandActor pid=2505)[0m                ^^^^^^^^^^^^^^^^^^^
[algo2a-g1-rpp-l0-modal] 
[algo2a-g1-rpp-l0-modal] [36m(CommandActor pid=2505)[0m   File "/opt/sglang/lib/python3.12/site-packages/urllib3/connectionpool.py", line 499, in _make_request
[algo2a-g1-rpp-l0-modal] 
[algo2a-g1-rpp-l0-modal] [36m(CommandActor pid=2505)[0m     conn.request(
[algo2a-g1-rpp-l0-modal] 
[algo2a-g1-rpp-l0-modal] [36m(CommandActor pid=2505)[0m   File "/opt/sglang/lib/python3.12/site-packages/urllib3/connection.py", line 567, in request
[algo2a-g1-rpp-l0-modal] 
[algo2a-g1-rpp-l0-modal] [36m(CommandActor pid=2505)[0m     self.endheaders()
[algo2a-g1-rpp-l0-modal] 
[algo2a-g1-rpp-l0-modal] [36m(CommandActor pid=2505)[0m   File "/usr/lib/python3.12/http/client.py", line 1360, in endheaders
[algo2a-g1-rpp-l0-modal] 
[algo2a-g1-rpp-l0-modal] [36m(CommandActor pid=2505)[0m     self._send_output(message_body, encode_chunked=encode_chunked)
[algo2a-g1-rpp-l0-modal] 
[algo2a-g1-rpp-l0-modal] [36m(CommandActor pid=2505)[0m   File "/usr/lib/python3.12/http/client.py", line 1120, in _send_output
[algo2a-g1-rpp-l0-modal] 
[algo2a-g1-rpp-l0-modal] [36m(CommandActor pid=2505)[0m     self.send(msg)
[algo2a-g1-rpp-l0-modal] 
[algo2a-g1-rpp-l0-modal] [36m(CommandActor pid=2505)[0m   File "/usr/lib/python3.12/http/client.py", line 1064, in send
[algo2a-g1-rpp-l0-modal] 
[algo2a-g1-rpp-l0-modal] [36m(CommandActor pid=2505)[0m     self.connect()
[algo2a-g1-rpp-l0-modal] 
[algo2a-g1-rpp-l0-modal] [36m(CommandActor pid=2505)[0m   File "/opt/sglang/lib/python3.12/site-packages/urllib3/connection.py", line 398, in connect
[algo2a-g1-rpp-l0-modal] 
[algo2a-g1-rpp-l0-modal] [36m(CommandActor pid=2505)[0m     self.sock = self._new_conn()
[algo2a-g1-rpp-l0-modal] 
[algo2a-g1-rpp-l0-modal] [36m(CommandActor pid=2505)[0m                 ^^^^^^^^^^^^^^^^
[algo2a-g1-rpp-l0-modal] 
[algo2a-g1-rpp-l0-modal] [36m(CommandActor pid=2505)[0m   File "/opt/sglang/lib/python3.12/site-packages/urllib3/connection.py", line 254, in _new_conn
[algo2a-g1-rpp-l0-modal] 
[algo2a-g1-rpp-l0-modal] [36m(CommandActor pid=2505)[0m     raise NewConnectionError(
[algo2a-g1-rpp-l0-modal] 
[algo2a-g1-rpp-l0-modal] [36m(CommandActor pid=2505)[0m urllib3.exceptions.NewConnectionError: HTTPConnection(host='172.20.0.160', port=20000): Failed to establish a new connection: [Errno 111] Connection refused
[algo2a-g1-rpp-l0-modal] 
[algo2a-g1-rpp-l0-modal] [36m(CommandActor pid=2505)[0m
[algo2a-g1-rpp-l0-modal] 
[algo2a-g1-rpp-l0-modal] [36m(CommandActor pid=2505)[0m The above exception was the direct cause of the following exception:
[algo2a-g1-rpp-l0-modal] 
[algo2a-g1-rpp-l0-modal] [36m(CommandActor pid=2505)[0m
[algo2a-g1-rpp-l0-modal] 
[algo2a-g1-rpp-l0-modal] [36m(CommandActor pid=2505)[0m Traceback (most recent call last):
[algo2a-g1-rpp-l0-modal] 
[algo2a-g1-rpp-l0-modal] [36m(CommandActor pid=2505)[0m   File "/opt/sglang/lib/python3.12/site-packages/requests/adapters.py", line 696, in send
[algo2a-g1-rpp-l0-modal] 
[algo2a-g1-rpp-l0-modal] [36m(CommandActor pid=2505)[0m     resp = conn.urlopen(
[algo2a-g1-rpp-l0-modal] 
[algo2a-g1-rpp-l0-modal] [36m(CommandActor pid=2505)[0m            ^^^^^^^^^^^^^
[algo2a-g1-rpp-l0-modal] 
[algo2a-g1-rpp-l0-modal] [36m(CommandActor pid=2505)[0m   File "/opt/sglang/lib/python3.12/site-packages/urllib3/connectionpool.py", line 847, in urlopen
[algo2a-g1-rpp-l0-modal] 
[algo2a-g1-rpp-l0-modal] [36m(CommandActor pid=2505)[0m     retries = retries.increment(
[algo2a-g1-rpp-l0-modal] 
[algo2a-g1-rpp-l0-modal] [36m(CommandActor pid=2505)[0m               ^^^^^^^^^^^^^^^^^^
[algo2a-g1-rpp-l0-modal] 
[algo2a-g1-rpp-l0-modal] [36m(CommandActor pid=2505)[0m   File "/opt/sglang/lib/python3.12/site-packages/urllib3/util/retry.py", line 555, in increment
[algo2a-g1-rpp-l0-modal] 
[algo2a-g1-rpp-l0-modal] [36m(CommandActor pid=2505)[0m     raise MaxRetryError(_pool, url, reason) from reason  # type: ignore[arg-type]
[algo2a-g1-rpp-l0-modal] 
[algo2a-g1-rpp-l0-modal] [36m(CommandActor pid=2505)[0m     ^^^^^^^^^^^^^^^^^^^^^^^^^^^^^^^^^^^^^^^^^^^^^^^^^^^
[algo2a-g1-rpp-l0-modal] 
[algo2a-g1-rpp-l0-modal] [36m(CommandActor pid=2505)[0m urllib3.exceptions.MaxRetryError: HTTPConnectionPool(host='172.20.0.160', port=20000): Max retries exceeded with url: /freeze_gc (Caused by NewConnectionError("HTTPConnection(host='172.20.0.160', port=20000): Failed to establish a new connection: [Errno 111] Connection refused"))
[algo2a-g1-rpp-l0-modal] 
[algo2a-g1-rpp-l0-modal] [36m(CommandActor pid=2505)[0m
[algo2a-g1-rpp-l0-modal] 
[algo2a-g1-rpp-l0-modal] [36m(CommandActor pid=2505)[0m During handling of the above exception, another exception occurred:
[algo2a-g1-rpp-l0-modal] 
[algo2a-g1-rpp-l0-modal] [36m(CommandActor pid=2505)[0m
[algo2a-g1-rpp-l0-modal] 
[algo2a-g1-rpp-l0-modal] [36m(CommandActor pid=2505)[0m Traceback (most recent call last):
[algo2a-g1-rpp-l0-modal] 
[algo2a-g1-rpp-l0-modal] [36m(CommandActor pid=2505)[0m   File "/root/sglang/python/sglang/srt/entrypoints/http_server.py", line 2469, in _freeze_gc_after_server_warmup
[algo2a-g1-rpp-l0-modal] 
[algo2a-g1-rpp-l0-modal] [36m(CommandActor pid=2505)[0m     res = requests.post(
[algo2a-g1-rpp-l0-modal] 
[algo2a-g1-rpp-l0-modal] [36m(CommandActor pid=2505)[0m           ^^^^^^^^^^^^^^
[algo2a-g1-rpp-l0-modal] 
[algo2a-g1-rpp-l0-modal] [36m(CommandActor pid=2505)[0m   File "/opt/sglang/lib/python3.12/site-packages/requests/api.py", line 134, in post
[algo2a-g1-rpp-l0-modal] 
[algo2a-g1-rpp-l0-modal] [36m(CommandActor pid=2505)[0m     return request("post", url, data=data, json=json, **kwargs)
[algo2a-g1-rpp-l0-modal] 
[algo2a-g1-rpp-l0-modal] [36m(CommandActor pid=2505)[0m            ^^^^^^^^^^^^^^^^^^^^^^^^^^^^^^^^^^^^^^^^^^^^^^^^^^^^
[algo2a-g1-rpp-l0-modal] 
[algo2a-g1-rpp-l0-modal] [36m(CommandActor pid=2505)[0m   File "/opt/sglang/lib/python3.12/site-packages/requests/api.py", line 71, in request
[algo2a-g1-rpp-l0-modal] 
[algo2a-g1-rpp-l0-modal] [36m(CommandActor pid=2505)[0m     return session.request(method=method, url=url, **kwargs)
[algo2a-g1-rpp-l0-modal] 
[algo2a-g1-rpp-l0-modal] [36m(CommandActor pid=2505)[0m            ^^^^^^^^^^^^^^^^^^^^^^^^^^^^^^^^^^^^^^^^^^^^^^^^^
[algo2a-g1-rpp-l0-modal] 
[algo2a-g1-rpp-l0-modal] [36m(CommandActor pid=2505)[0m   File "/opt/sglang/lib/python3.12/site-packages/requests/sessions.py", line 651, in request
[algo2a-g1-rpp-l0-modal] 
[algo2a-g1-rpp-l0-modal] [36m(CommandActor pid=2505)[0m     resp = self.send(prep, **send_kwargs)
[algo2a-g1-rpp-l0-modal] 
[algo2a-g1-rpp-l0-modal] [36m(CommandActor pid=2505)[0m            ^^^^^^^^^^^^^^^^^^^^^^^^^^^^^^
[algo2a-g1-rpp-l0-modal] 
[algo2a-g1-rpp-l0-modal] [36m(CommandActor pid=2505)[0m   File "/opt/sglang/lib/python3.12/site-packages/requests/sessions.py", line 784, in send
[algo2a-g1-rpp-l0-modal] 
[algo2a-g1-rpp-l0-modal] [36m(CommandActor pid=2505)[0m     r = adapter.send(request, **kwargs)
[algo2a-g1-rpp-l0-modal] 
[algo2a-g1-rpp-l0-modal] [36m(CommandActor pid=2505)[0m         ^^^^^^^^^^^^^^^^^^^^^^^^^^^^^^^
[algo2a-g1-rpp-l0-modal] 
[algo2a-g1-rpp-l0-modal] [36m(CommandActor pid=2505)[0m   File "/opt/sglang/lib/python3.12/site-packages/requests/adapters.py", line 729, in send
[algo2a-g1-rpp-l0-modal] 
[algo2a-g1-rpp-l0-modal] [36m(CommandActor pid=2505)[0m     raise ConnectionError(e, request=request)
[algo2a-g1-rpp-l0-modal] 
[algo2a-g1-rpp-l0-modal] [36m(CommandActor pid=2505)[0m requests.exceptions.ConnectionError: HTTPConnectionPool(host='172.20.0.160', port=20000): Max retries exceeded with url: /freeze_gc (Caused by NewConnectionError("HTTPConnection(host='172.20.0.160', port=20000): Failed to establish a new connection: [Errno 111] Connection refused"))
[algo2a-g1-rpp-l0-modal] 
[algo2a-g1-rpp-l0-modal] [36m(CommandActor pid=2505)[0m [2026-09-29 18:48:35] The server is fired up and ready to roll!
[algo2a-g1-rpp-l0-modal] 
[algo2a-g1-rpp-l0-modal] [36m(InferenceController pid=2504)[0m [2026-09-29 18:48:36.026 inference_controller] inference_controller.py:272 - Waiting for 1/1 cells to become ready...
[algo2a-g1-rpp-l0-modal] 
[algo2a-g1-rpp-l0-modal] [36m(InferenceController pid=2504)[0m [2026-09-29 18:48:43.023 inference_controller] inference_controller.py:272 - Waiting for 1/1 cells to become ready...
[algo2a-g1-rpp-l0-modal] 
[algo2a-g1-rpp-l0-modal] [36m(CommandActor pid=2505)[0m [2026-09-29 18:48:43] Prefill batch, #new-seq: 1, #new-token: 1, #cached-token: 0, token usage: 0.00, #running-req: 0, #queue-req: 0, #pending-token: 0, cuda graph: False, input throughput (token/s): 0.11
[algo2a-g1-rpp-l0-modal] 
[algo2a-g1-rpp-l0-modal] [36m(InferenceController pid=2504)[0m [2026-09-29 18:48:45.024 inference_controller] inference_controller.py:272 - Waiting for 1/1 cells to become ready...
[algo2a-g1-rpp-l0-modal] 
[algo2a-g1-rpp-l0-modal] [36m(InferenceController pid=2504)[0m [2026-09-29 18:48:47.024 inference_controller] inference_controller.py:272 - Waiting for 1/1 cells to become ready...
[algo2a-g1-rpp-l0-modal] 
[algo2a-g1-rpp-l0-modal] [36m(CommandActor pid=2505)[0m [2026-09-29 18:48:48] Prefill batch, #new-seq: 1, #new-token: 1, #cached-token: 0, token usage: 0.00, #running-req: 0, #queue-req: 0, #pending-token: 0, cuda graph: False, input throughput (token/s): 0.22
[algo2a-g1-rpp-l0-modal] 
[algo2a-g1-rpp-l0-modal] [36m(InferenceController pid=2504)[0m [2026-09-29 18:48:49.026 inference_controller] _client.py:1740 - HTTP Request: GET http://172.20.0.160:20000/health_generate "HTTP/1.1 200 OK"
[algo2a-g1-rpp-l0-modal] 
[algo2a-g1-rpp-l0-modal] [36m(InferenceController pid=2504)[0m [2026-09-29 18:48:49.030 inference_controller] _client.py:1740 - HTTP Request: GET http://172.20.0.160:20000/flush_cache "HTTP/1.1 200 OK"
[algo2a-g1-rpp-l0-modal] 
[algo2a-g1-rpp-l0-modal] [36m(CommandActor pid=2505)[0m [2026-09-29 18:48:49] INFO:     172.20.0.160:33115 - "GET /health_generate HTTP/1.1" 200 OK
[algo2a-g1-rpp-l0-modal] 
[algo2a-g1-rpp-l0-modal] [36m(CommandActor pid=2505)[0m [2026-09-29 18:48:49] INFO:     172.20.0.160:33115 - "GET /flush_cache HTTP/1.1" 200 OK
[algo2a-g1-rpp-l0-modal] 
[algo2a-g1-rpp-l0-modal] [36m(CommandActor pid=2505)[0m [2026-09-29 18:48:49] Cache flushed successfully!
[algo2a-g1-rpp-l0-modal] 
[algo2a-g1-rpp-l0-modal] [36m(CommandActor pid=2505)[0m [2026-09-29 18:48:49] Cache flushed successfully!
[algo2a-g1-rpp-l0-modal] 
[algo2a-g1-rpp-l0-modal] [36m(InferenceController pid=2504)[0m [2026-09-29 18:48:49.361 inference_controller] _client.py:1740 - HTTP Request: POST http://172.20.0.160:20000/release_memory_occupation "HTTP/1.1 200 OK"
[algo2a-g1-rpp-l0-modal] 
[algo2a-g1-rpp-l0-modal] [36m(InferenceController pid=2504)[0m [2026-09-29 18:48:49.439 inference_controller] _client.py:1740 - HTTP Request: POST http://172.20.0.160:20000/resume_memory_occupation "HTTP/1.1 200 OK"
[algo2a-g1-rpp-l0-modal] 
[algo2a-g1-rpp-l0-modal] [36m(InferenceController pid=2504)[0m [2026-09-29 18:48:49.439 inference_controller] server_cell.py:268 - Cell inference-engine-all-0-0-00000 mark_pending_weights start old=addr_info=CellAddrInfo(server_url='http://172.20.0.160:20000', bootstrap_port=None, gate_url='http://172.20.0.160:20034') start_time=227.249082576
[algo2a-g1-rpp-l0-modal] 
[algo2a-g1-rpp-l0-modal] [36m(InferenceController pid=2504)[0m [2026-09-29 18:48:49.439 inference_controller] server_cell.py:271 - Cell inference-engine-all-0-0-00000 mark_pending_weights end new=addr_info=CellAddrInfo(server_url='http://172.20.0.160:20000', bootstrap_port=None, gate_url='http://172.20.0.160:20034')
[algo2a-g1-rpp-l0-modal] 
[algo2a-g1-rpp-l0-modal] [36m(InferenceController pid=2504)[0m [2026-09-29 18:48:49.453 inference_controller] _client.py:1740 - HTTP Request: GET http://172.20.0.160:20000/server_info "HTTP/1.1 200 OK"
[algo2a-g1-rpp-l0-modal] 
[algo2a-g1-rpp-l0-modal] [36m(CommandActor pid=2505)[0m [2026-09-29 18:48:49] INFO:     172.20.0.160:33115 - "POST /release_memory_occupation HTTP/1.1" 200 OK
[algo2a-g1-rpp-l0-modal] 
[algo2a-g1-rpp-l0-modal] [36m(CommandActor pid=2505)[0m [2026-09-29 18:48:49] INFO:     172.20.0.160:33115 - "POST /resume_memory_occupation HTTP/1.1" 200 OK
[algo2a-g1-rpp-l0-modal] 
[algo2a-g1-rpp-l0-modal] [36m(CommandActor pid=2505)[0m [2026-09-29 18:48:49] INFO:     172.20.0.160:33115 - "GET /server_info HTTP/1.1" 200 OK
[algo2a-g1-rpp-l0-modal] 
[algo2a-g1-rpp-l0-modal] [36m(TrainerController pid=2510)[0m [2026-09-29 18:48:49.457 trainer_controller_actor] group.py:392 - ft op=update_weights phase=start rollout=
[algo2a-g1-rpp-l0-modal] 
[algo2a-g1-rpp-l0-modal] [36m(TrainerController pid=2510)[0m [2026-09-29 18:48:49.457 trainer_controller_actor] cell.py:231 - ft op=execute phase=start cell=trainer-engine-actor-00000 fn=update_weights n_actors=1
[algo2a-g1-rpp-l0-modal] 
[algo2a-g1-rpp-l0-modal] [36m(MegatronTrainRayActor pid=2793)[0m [2026-09-29 18:48:49.458 actor_cell00000_rank00000] structured_log.py:24 - actor cls=MegatronTrainRayActor fn=update_weights phase=start
[algo2a-g1-rpp-l0-modal] 
[algo2a-g1-rpp-l0-modal] [36m(MegatronTrainRayActor pid=2793)[0m [2026-09-29 18:48:49.459 actor_cell00000_rank00000] timer.py:31 - Timer update_weights start
[algo2a-g1-rpp-l0-modal] 
[algo2a-g1-rpp-l0-modal] [36m(MegatronTrainRayActor pid=2793)[0m [2026-09-29 18:48:49.459 actor_cell00000_rank00000] reloadable_process_group.py:151 - Reloading 0 process groups in pid 2793
[algo2a-g1-rpp-l0-modal] 
[algo2a-g1-rpp-l0-modal] [36m(MegatronTrainRayActor pid=2793)[0m [2026-09-29 18:48:49.459 actor_cell00000_rank00000] memory_utils.py:41 - [Rank 0] Memory-Usage before update_weights: {'gpu': '0', 'total_GB': 79.18, 'free_GB': 75.06, 'used_GB': 4.12, 'allocated_GB': 1.2, 'reserved_GB': 1.27}
[algo2a-g1-rpp-l0-modal] 
[algo2a-g1-rpp-l0-modal] [36m(CommandActor pid=2505)[0m [2026-09-29 18:48:49] INFO:     172.20.0.160:48253 - "POST /pause_generation HTTP/1.1" 200 OK
[algo2a-g1-rpp-l0-modal] 
[algo2a-g1-rpp-l0-modal] [36m(CommandActor pid=2505)[0m [2026-09-29 18:48:49] INFO:     172.20.0.160:48253 - "GET /flush_cache HTTP/1.1" 200 OK
[algo2a-g1-rpp-l0-modal] 
[algo2a-g1-rpp-l0-modal] [36m(CommandActor pid=2505)[0m [2026-09-29 18:48:49] INFO:     172.20.0.160:48253 - "POST /register_lora_adapter HTTP/1.1" 200 OK
[algo2a-g1-rpp-l0-modal] 
[algo2a-g1-rpp-l0-modal] [36m(CommandActor pid=2505)[0m [2026-09-29 18:48:49] INFO:     172.20.0.160:48253 - "POST /begin_weight_update HTTP/1.1" 200 OK
[algo2a-g1-rpp-l0-modal] 
[algo2a-g1-rpp-l0-modal] [36m(CommandActor pid=2505)[0m [2026-09-29 18:48:49] INFO:     172.20.0.160:48253 - "POST /update_weights_from_tensor HTTP/1.1" 200 OK
[algo2a-g1-rpp-l0-modal] 
[algo2a-g1-rpp-l0-modal] [36m(CommandActor pid=2505)[0m /opt/sglang/lib/python3.12/site-packages/fastapi/routing.py:352: FastAPIDeprecationWarning: ORJSONResponse is deprecated, FastAPI now serializes data directly to JSON bytes via Pydantic when a return type or response model is set, which is faster and doesn't need a custom response class. Read more in the FastAPI docs: https://fastapi.tiangolo.com/advanced/custom-response/#orjson-or-response-model and https://fastapi.tiangolo.com/tutorial/response-model/
[algo2a-g1-rpp-l0-modal] 
[algo2a-g1-rpp-l0-modal] [36m(CommandActor pid=2505)[0m   return await dependant.call(**values)
[algo2a-g1-rpp-l0-modal] 
[algo2a-g1-rpp-l0-modal] [36m(CommandActor pid=2505)[0m [2026-09-29 18:48:49] Cache flush skipped: KV cache memory is released.
[algo2a-g1-rpp-l0-modal] 
[algo2a-g1-rpp-l0-modal] [36m(CommandActor pid=2505)[0m [2026-09-29 18:48:49] LoRA adapter registration: LoRARef(lora_id=504f77835dc54a4c8bfce4be533b2d7f, lora_name=miles_lora, lora_path=__stream__, pinned=False, reloadable=False).
[algo2a-g1-rpp-l0-modal] [36m(CommandActor pid=2505)[0m [2026-09-29 18:48:49] LoRA adapter loading from tensors starts: LoRARef(lora_id=504f77835dc54a4c8bfce4be533b2d7f, lora_name=miles_lora, lora_path=__stream__, pinned=False, reloadable=False).
[algo2a-g1-rpp-l0-modal] 
[algo2a-g1-rpp-l0-modal] [36m(CommandActor pid=2505)[0m [2026-09-29 18:48:49] LoRA adapter loading from tensors completes: LoRARef(lora_id=504f77835dc54a4c8bfce4be533b2d7f, lora_name=miles_lora, lora_path=__stream__, pinned=False, reloadable=False).
[algo2a-g1-rpp-l0-modal] [36m(CommandActor pid=2505)[0m [2026-09-29 18:48:49] LoRA adapter loading from tensors starts: LoRARef(lora_id=504f77835dc54a4c8bfce4be533b2d7f, lora_name=miles_lora, lora_path=__stream__, pinned=False, reloadable=False).
[algo2a-g1-rpp-l0-modal] 
[algo2a-g1-rpp-l0-modal] [36m(MegatronTrainRayActor pid=2793)[0m [2026-09-29 18:48:49.478 actor_cell00000_rank00000] _client.py:1740 - HTTP Request: POST http://172.20.0.160:20000/pause_generation "HTTP/1.1 200 OK"
[algo2a-g1-rpp-l0-modal] 
[algo2a-g1-rpp-l0-modal] [36m(MegatronTrainRayActor pid=2793)[0m [2026-09-29 18:48:49.480 actor_cell00000_rank00000] _client.py:1740 - HTTP Request: GET http://172.20.0.160:20000/flush_cache "HTTP/1.1 200 OK"
[algo2a-g1-rpp-l0-modal] 
[algo2a-g1-rpp-l0-modal] [36m(MegatronTrainRayActor pid=2793)[0m [2026-09-29 18:48:49.486 actor_cell00000_rank00000] _client.py:1740 - HTTP Request: POST http://172.20.0.160:20000/register_lora_adapter "HTTP/1.1 200 OK"
[algo2a-g1-rpp-l0-modal] 
[algo2a-g1-rpp-l0-modal] [36m(MegatronTrainRayActor pid=2793)[0m [2026-09-29 18:48:49.489 actor_cell00000_rank00000] _client.py:1740 - HTTP Request: POST http://172.20.0.160:20000/begin_weight_update "HTTP/1.1 200 OK"
[algo2a-g1-rpp-l0-modal] 
[algo2a-g1-rpp-l0-modal] [36m(MegatronTrainRayActor pid=2793)[0m [2026-09-29 18:48:49.489 actor_cell00000_rank00000] timer.py:31 - Timer update_weights_implementation start
[algo2a-g1-rpp-l0-modal] 
[algo2a-g1-rpp-l0-modal] [36m(MegatronTrainRayActor pid=2793)[0m 
[miles-colocate] Update weights: 0it [00:00, ?it/s][2026-09-29 18:48:49.556 actor_cell00000_rank00000] _client.py:1740 - HTTP Request: POST http://172.20.0.160:20000/update_weights_from_tensor "HTTP/1.1 200 OK"
[algo2a-g1-rpp-l0-modal] 
[algo2a-g1-rpp-l0-modal] [36m(MegatronTrainRayActor pid=2793)[0m [2026-09-29 18:48:49.556 actor_cell00000_rank00000] timer.py:42 - Timer update_weights_implementation end (elapsed: 0.1s)
[algo2a-g1-rpp-l0-modal] [36m(MegatronTrainRayActor pid=2793)[0m [2026-09-29 18:48:49.556 actor_cell00000_rank00000] timer.py:31 - Timer finalize_and_resume_engines start
[algo2a-g1-rpp-l0-modal] 
[algo2a-g1-rpp-l0-modal] [36m(InferenceController pid=2504)[0m [2026-09-29 18:48:49.607 inference_controller] _client.py:1740 - HTTP Request: POST http://172.20.0.160:20035/workers "HTTP/1.1 202 Accepted"
[algo2a-g1-rpp-l0-modal] 
[algo2a-g1-rpp-l0-modal] [36m(InferenceController pid=2504)[0m [2026-09-29 18:48:49.608 inference_controller] server_cell.py:268 - Cell inference-engine-all-0-0-00000 mark_serving start old=addr_info=CellAddrInfo(server_url='http://172.20.0.160:20000', bootstrap_port=None, gate_url='http://172.20.0.160:20034')
[algo2a-g1-rpp-l0-modal] 
[algo2a-g1-rpp-l0-modal] [36m(InferenceController pid=2504)[0m [2026-09-29 18:48:49.608 inference_controller] server_cell.py:271 - Cell inference-engine-all-0-0-00000 mark_serving end new=addr_info=CellAddrInfo(server_url='http://172.20.0.160:20000', bootstrap_port=None, gate_url='http://172.20.0.160:20034')
[algo2a-g1-rpp-l0-modal] 
[algo2a-g1-rpp-l0-modal] [36m(CommandActor pid=2505)[0m [2026-09-29 18:48:49] INFO:     172.20.0.160:48253 - "POST /end_weight_update HTTP/1.1" 200 OK
[algo2a-g1-rpp-l0-modal] 
[algo2a-g1-rpp-l0-modal] [36m(CommandActor pid=2505)[0m [2026-09-29 18:48:49] INFO:     172.20.0.160:48253 - "POST /update_weight_version HTTP/1.1" 200 OK
[algo2a-g1-rpp-l0-modal] 
[algo2a-g1-rpp-l0-modal] [36m(CommandActor pid=2505)[0m [2026-09-29 18:48:49] INFO:     172.20.0.160:48253 - "POST /continue_generation HTTP/1.1" 200 OK
[algo2a-g1-rpp-l0-modal] 
[algo2a-g1-rpp-l0-modal] [36m(CommandActor pid=2505)[0m [2026-09-29 18:48:49] INFO:     172.20.0.160:30118 - "PRI %2A HTTP/2.0" 404 Not Found
[algo2a-g1-rpp-l0-modal] 
[algo2a-g1-rpp-l0-modal] [36m(CommandActor pid=2505)[0m [2026-09-29 18:48:49] INFO:     172.20.0.160:17419 - "GET /health HTTP/1.1" 200 OK
[algo2a-g1-rpp-l0-modal] 
[algo2a-g1-rpp-l0-modal] [36m(CommandActor pid=2505)[0m [2026-09-29 18:48:49] INFO:     172.20.0.160:23990 - "PRI %2A HTTP/2.0" 404 Not Found
[algo2a-g1-rpp-l0-modal] 
[algo2a-g1-rpp-l0-modal] [36m(CommandActor pid=2505)[0m [2026-09-29 18:48:49] LoRA adapter loading from tensors completes: LoRARef(lora_id=504f77835dc54a4c8bfce4be533b2d7f, lora_name=miles_lora, lora_path=__stream__, pinned=False, reloadable=False).
[algo2a-g1-rpp-l0-modal] 
[algo2a-g1-rpp-l0-modal] [36m(CommandActor pid=2505)[0m [2026-09-29 18:48:49] Weight version changed. old_version='default' new_version='1' num_recorded=0
[algo2a-g1-rpp-l0-modal] 
[algo2a-g1-rpp-l0-modal] [36m(CommandActor pid=2505)[0m [2026-09-29 18:48:49] [continue_generation] torch.cuda.empty_cache() called: reserved 32306.0 MB -> 32266.0 MB (freed 40.0 MB)
[algo2a-g1-rpp-l0-modal] 
[algo2a-g1-rpp-l0-modal] [36m(CommandActor pid=2505)[0m [2026-09-29 18:48:49] WARNING:  Invalid HTTP request received.
[algo2a-g1-rpp-l0-modal] 
[algo2a-g1-rpp-l0-modal] [36m(CommandActor pid=2505)[0m [2026-09-29 18:48:49] WARNING:  Invalid HTTP request received.
[algo2a-g1-rpp-l0-modal] 
[algo2a-g1-rpp-l0-modal] [36m(TrainerController pid=2510)[0m [2026-09-29 18:48:49.602 trainer_controller_actor] cell.py:239 - ft op=execute phase=end cell=trainer-engine-actor-00000 fn=update_weights ok=true elapsed_s=0.1
[algo2a-g1-rpp-l0-modal] 
[algo2a-g1-rpp-l0-modal] [36m(MegatronTrainRayActor pid=2793)[0m [2026-09-29 18:48:49.593 actor_cell00000_rank00000] _client.py:1740 - HTTP Request: POST http://172.20.0.160:20000/end_weight_update "HTTP/1.1 200 OK"
[algo2a-g1-rpp-l0-modal] 
[algo2a-g1-rpp-l0-modal] [36m(MegatronTrainRayActor pid=2793)[0m [2026-09-29 18:48:49.596 actor_cell00000_rank00000] _client.py:1740 - HTTP Request: POST http://172.20.0.160:20000/update_weight_version "HTTP/1.1 200 OK"
[algo2a-g1-rpp-l0-modal] 
[algo2a-g1-rpp-l0-modal] [36m(MegatronTrainRayActor pid=2793)[0m [2026-09-29 18:48:49.599 actor_cell00000_rank00000] _client.py:1740 - HTTP Request: POST http://172.20.0.160:20000/continue_generation "HTTP/1.1 200 OK"
[algo2a-g1-rpp-l0-modal] 
[algo2a-g1-rpp-l0-modal] [36m(MegatronTrainRayActor pid=2793)[0m [2026-09-29 18:48:49.599 actor_cell00000_rank00000] timer.py:42 - Timer finalize_and_resume_engines end (elapsed: 0.0s)
[algo2a-g1-rpp-l0-modal] 
[algo2a-g1-rpp-l0-modal] [36m(MegatronTrainRayActor pid=2793)[0m 
[miles-colocate] Update weights: 1it [00:00,  9.15it/s]
[algo2a-g1-rpp-l0-modal] 
[algo2a-g1-rpp-l0-modal] [36m(MegatronTrainRayActor pid=2793)[0m [2026-09-29 18:48:49.600 actor_cell00000_rank00000] memory_utils.py:41 - [Rank 0] Memory-Usage after update_weights: {'gpu': '0', 'total_GB': 79.18, 'free_GB': 75.05, 'used_GB': 4.13, 'allocated_GB': 1.2, 'reserved_GB': 1.29}
[algo2a-g1-rpp-l0-modal] 
[algo2a-g1-rpp-l0-modal] [36m(MegatronTrainRayActor pid=2793)[0m [2026-09-29 18:48:49.601 actor_cell00000_rank00000] timer.py:42 - Timer update_weights end (elapsed: 0.1s)
[algo2a-g1-rpp-l0-modal] 
[algo2a-g1-rpp-l0-modal] [36m(MegatronTrainRayActor pid=2793)[0m [2026-09-29 18:48:49.601 actor_cell00000_rank00000] structured_log.py:28 - actor cls=MegatronTrainRayActor fn=update_weights phase=end ok=true elapsed_s=0.1
[algo2a-g1-rpp-l0-modal] 
[algo2a-g1-rpp-l0-modal] [36m(InferenceController pid=2504)[0m [2026-09-29 18:48:49.677 inference_controller] _client.py:1740 - HTTP Request: POST http://172.20.0.160:20000/resume_memory_occupation "HTTP/1.1 200 OK"
[algo2a-g1-rpp-l0-modal] 
[algo2a-g1-rpp-l0-modal] [36m(CommandActor pid=2505)[0m [2026-09-29 18:48:49] INFO:     172.20.0.160:33115 - "POST /resume_memory_occupation HTTP/1.1" 200 OK
[algo2a-g1-rpp-l0-modal] 
[algo2a-g1-rpp-l0-modal] [36m(CommandActor pid=2505)[0m [2026-09-29 18:48:49] INFO:     172.20.0.160:19786 - "GET /server_info HTTP/1.1" 200 OK
[algo2a-g1-rpp-l0-modal] 
[algo2a-g1-rpp-l0-modal] [36m(CommandActor pid=2505)[0m [2026-09-29 18:48:49] INFO:     172.20.0.160:19786 - "GET /model_info HTTP/1.1" 200 OK
[algo2a-g1-rpp-l0-modal] 
[algo2a-g1-rpp-l0-modal] [36m(CommandActor pid=2505)[0m [2026-09-29 18:48:49] INFO:     172.20.0.160:16577 - "POST /update_weight_version HTTP/1.1" 200 OK
[algo2a-g1-rpp-l0-modal] [36m(CommandActor pid=2505)[0m [2026-09-29 18:48:49] INFO:     172.20.0.160:16577 - "GET /model_info HTTP/1.1" 200 OK
[algo2a-g1-rpp-l0-modal] 
[algo2a-g1-rpp-l0-modal] [36m(CommandActor pid=2505)[0m [2026-09-29 18:48:49] Weight version changed. old_version='1' new_version='yeto:0:a34cd30f37ee5ffaad784b92defd77b3b6ce68095faf29288d5ea460912617c4' num_recorded=0
[algo2a-g1-rpp-l0-modal] 
[algo2a-g1-rpp-l0-modal] [36m(CommandActor pid=2505)[0m [2026-09-29 18:48:49] [WeightChecker] handle action=checksum allow_quant_error=False skip_tensor_list=None
[algo2a-g1-rpp-l0-modal] 
[algo2a-g1-rpp-l0-modal] [36m(CommandActor pid=2505)[0m [2026-09-29 18:48:50] Triton kernel 'hash_tiles32_kernel_blocked' took 1.24 s to compile after serving started. Serving-time compilation can stall the engine; pre-compile it during engine init.
[algo2a-g1-rpp-l0-modal] 
[algo2a-g1-rpp-l0-modal] YETO_RL_EVENT {"event":"rl_publication","island_id":0,"policy_version":0,"rl/policy_token":"yeto:0:a34cd30f37ee5ffaad784b92defd77b3b6ce68095faf29288d5ea460912617c4","sync/publication_members":["engine:inference-engine-all-0-0-00000"],"sync/publication_payload_bytes":40370176,"sync/publication_payload_hash":"373abf70cb687c7dfe3b8391c678d27be175a19d0e847349c362ed042f7ba43f","time_unix":1790707733.5075266}
[algo2a-g1-rpp-l0-modal] 
[algo2a-g1-rpp-l0-modal] YETO_RL_EVENT {"event":"rl_driver_phase","island_id":0,"phase":"offload","rollout_id":0,"time_unix":1790707733.5078628}
[algo2a-g1-rpp-l0-modal] 
[algo2a-g1-rpp-l0-modal] YETO_RL_EVENT {"event":"rl_driver_phase","island_id":0,"phase":"generate","policy_version":0,"rollout_id":0,"time_unix":1790707733.5123374}
[algo2a-g1-rpp-l0-modal] 
[algo2a-g1-rpp-l0-modal] [36m(InferenceController pid=2504)[0m [2026-09-29 18:48:53.502 inference_controller] _client.py:1740 - HTTP Request: POST http://172.20.0.160:20000/weights_checker "HTTP/1.1 200 OK"
[algo2a-g1-rpp-l0-modal] 
[algo2a-g1-rpp-l0-modal] [36m(CommandActor pid=2505)[0m [2026-09-29 18:48:53] INFO:     172.20.0.160:33115 - "POST /weights_checker HTTP/1.1" 200 OK
[algo2a-g1-rpp-l0-modal] 
[algo2a-g1-rpp-l0-modal] [36m(CommandActor pid=2505)[0m [2026-09-29 18:48:53] Triton kernel 'add_tree_reduce_u64_kernel' took 2.52 s to compile after serving started. Serving-time compilation can stall the engine; pre-compile it during engine init.
[algo2a-g1-rpp-l0-modal] 
[algo2a-g1-rpp-l0-modal] [36m(CommandActor pid=2505)[0m [2026-09-29 18:48:53] [WeightChecker] checksum computed for 226 tensors in 3.791s
[algo2a-g1-rpp-l0-modal] 
[algo2a-g1-rpp-l0-modal] [36m(TrainerController pid=2510)[0m [2026-09-29 18:48:53.509 trainer_controller_actor] cell.py:231 - ft op=execute phase=start cell=trainer-engine-actor-00000 fn=sleep n_actors=1
[algo2a-g1-rpp-l0-modal] 
[algo2a-g1-rpp-l0-modal] [36m(TrainerController pid=2510)[0m [2026-09-29 18:48:53.511 trainer_controller_actor] cell.py:239 - ft op=execute phase=end cell=trainer-engine-actor-00000 fn=sleep ok=true elapsed_s=0.0
[algo2a-g1-rpp-l0-modal] 
[algo2a-g1-rpp-l0-modal] [36m(MegatronTrainRayActor pid=2793)[0m [2026-09-29 18:48:53.510 actor_cell00000_rank00000] structured_log.py:24 - actor cls=MegatronTrainRayActor fn=sleep phase=start
[algo2a-g1-rpp-l0-modal] 
[algo2a-g1-rpp-l0-modal] [36m(MegatronTrainRayActor pid=2793)[0m [2026-09-29 18:48:53.510 actor_cell00000_rank00000] timer.py:31 - Timer sleep start
[algo2a-g1-rpp-l0-modal] 
[algo2a-g1-rpp-l0-modal] [36m(MegatronTrainRayActor pid=2793)[0m [2026-09-29 18:48:53.510 actor_cell00000_rank00000] actor.py:451 - sleep() called while already offloaded; skipping
[algo2a-g1-rpp-l0-modal] 
[algo2a-g1-rpp-l0-modal] [36m(MegatronTrainRayActor pid=2793)[0m [2026-09-29 18:48:53.510 actor_cell00000_rank00000] timer.py:42 - Timer sleep end (elapsed: 0.0s)
[algo2a-g1-rpp-l0-modal] 
[algo2a-g1-rpp-l0-modal] [36m(MegatronTrainRayActor pid=2793)[0m [2026-09-29 18:48:53.510 actor_cell00000_rank00000] structured_log.py:28 - actor cls=MegatronTrainRayActor fn=sleep phase=end ok=true elapsed_s=0.0
[algo2a-g1-rpp-l0-modal] 
[algo2a-g1-rpp-l0-modal] [36m(RolloutExecutor pid=2503)[0m 
Rollout generation:   0%|          | 0/32 [00:00<?, ?it/s]
[algo2a-g1-rpp-l0-modal] 
[algo2a-g1-rpp-l0-modal] [36m(CommandActor pid=2505)[0m [2026-09-29 18:48:54] LoRA adapter '504f77835dc54a4c8bfce4be533b2d7f': loaded weights for target modules ['down_proj', 'gate_up_proj', 'o_proj', 'qkv_proj'].
[algo2a-g1-rpp-l0-modal] 
[algo2a-g1-rpp-l0-modal] [36m(CommandActor pid=2505)[0m [2026-09-29 18:49:02] Prefill batch, #new-seq: 1, #new-token: 70, #cached-token: 0, token usage: 0.01, #running-req: 0, #queue-req: 0, #pending-token: 0, cuda graph: False, input throughput (token/s): 4.94
[algo2a-g1-rpp-l0-modal] 
[algo2a-g1-rpp-l0-modal] [36m(CommandActor pid=2505)[0m [2026-09-29 18:49:02] Prefill batch, #new-seq: 31, #new-token: 2402, #cached-token: 0, token usage: 0.00, #running-req: 1, #queue-req: 0, #pending-token: 0, cuda graph: False, input throughput (token/s): 185337.90
[algo2a-g1-rpp-l0-modal] 
[algo2a-g1-rpp-l0-modal] [36m(CommandActor pid=2505)[0m [2026-09-29 18:49:02] Decode batch, #running-req: 32, #token: 1555, token usage: 0.01, cuda graph: True, gen throughput (token/s): 46.01, #queue-req: 0
[algo2a-g1-rpp-l0-modal] 
[algo2a-g1-rpp-l0-modal] [36m(CommandActor pid=2505)[0m [2026-09-29 18:49:02] INFO:     172.20.0.160:16641 - "POST /generate HTTP/1.1" 200 OK
[algo2a-g1-rpp-l0-modal] 
[algo2a-g1-rpp-l0-modal] [36m(CommandActor pid=2505)[0m [2026-09-29 18:49:02] INFO:     172.20.0.160:55849 - "POST /generate HTTP/1.1" 200 OK
[algo2a-g1-rpp-l0-modal] 
[algo2a-g1-rpp-l0-modal] [36m(CommandActor pid=2505)[0m [2026-09-29 18:49:02] INFO:     172.20.0.160:62283 - "POST /generate HTTP/1.1" 200 OK
[algo2a-g1-rpp-l0-modal] [36m(CommandActor pid=2505)[0m [2026-09-29 18:49:02] INFO:     172.20.0.160:36919 - "POST /generate HTTP/1.1" 200 OK
[algo2a-g1-rpp-l0-modal] 
[algo2a-g1-rpp-l0-modal] [36m(CommandActor pid=2505)[0m [2026-09-29 18:49:02] INFO:     172.20.0.160:56996 - "POST /generate HTTP/1.1" 200 OK
[algo2a-g1-rpp-l0-modal] 
[algo2a-g1-rpp-l0-modal] [36m(CommandActor pid=2505)[0m [2026-09-29 18:49:02] INFO:     172.20.0.160:51878 - "POST /generate HTTP/1.1" 200 OK
[algo2a-g1-rpp-l0-modal] 
[algo2a-g1-rpp-l0-modal] [36m(CommandActor pid=2505)[0m [2026-09-29 18:49:02] INFO:     172.20.0.160:21637 - "POST /generate HTTP/1.1" 200 OK
[algo2a-g1-rpp-l0-modal] 
[algo2a-g1-rpp-l0-modal] [36m(CommandActor pid=2505)[0m [2026-09-29 18:49:02] INFO:     172.20.0.160:41785 - "POST /generate HTTP/1.1" 200 OK
[algo2a-g1-rpp-l0-modal] 
[algo2a-g1-rpp-l0-modal] [36m(CommandActor pid=2505)[0m [2026-09-29 18:49:02] INFO:     172.20.0.160:47752 - "POST /generate HTTP/1.1" 200 OK
[algo2a-g1-rpp-l0-modal] 
[algo2a-g1-rpp-l0-modal] [36m(CommandActor pid=2505)[0m [2026-09-29 18:49:02] INFO:     172.20.0.160:17419 - "POST /generate HTTP/1.1" 200 OK
[algo2a-g1-rpp-l0-modal] 
[algo2a-g1-rpp-l0-modal] [36m(CommandActor pid=2505)[0m [2026-09-29 18:49:02] Decode batch, #running-req: 25, #token: 2187, token usage: 0.01, cuda graph: True, gen throughput (token/s): 5882.15, #queue-req: 0
[algo2a-g1-rpp-l0-modal] 
[algo2a-g1-rpp-l0-modal] [36m(RolloutExecutor pid=2503)[0m [2026-09-29 18:49:02.759 rollout_executor] inference_rollout_train.py:137 - First rollout sample: text_preview=<|im_start|>system\nYou are a helpful assistant. Please put the answer within \boxed{}.<|im_end|>\n<|im_start|>user\nNatalia sold clips to 48 of her friends in April, and then she sold half as many clips in May. How many clips did Natalia sell altogether in April and May?<|im_end|>\n<|im_start|>assistant\n<think>\n\n</think>\n\n- In April, Natalia sold **48** clips.\n- In May, she sold **half** as many clips as in April, which is $ \frac{1}{2} \times 48 = 24 $ clips.\n- So, the total number of clips sold in...<truncated chars=57>, label=72, reward_summary=1.0
[algo2a-g1-rpp-l0-modal] 
[algo2a-g1-rpp-l0-modal] [36m(RolloutExecutor pid=2503)[0m 
Rollout generation:  25%|██▌       | 8/32 [00:08<00:24,  1.04s/it]
[algo2a-g1-rpp-l0-modal] 
[algo2a-g1-rpp-l0-modal] [36m(CommandActor pid=2505)[0m [2026-09-29 18:49:02] INFO:     172.20.0.160:17269 - "POST /generate HTTP/1.1" 200 OK
[algo2a-g1-rpp-l0-modal] 
[algo2a-g1-rpp-l0-modal] [36m(CommandActor pid=2505)[0m [2026-09-29 18:49:02] INFO:     172.20.0.160:65292 - "POST /generate HTTP/1.1" 200 OK
[algo2a-g1-rpp-l0-modal] 
[algo2a-g1-rpp-l0-modal] [36m(CommandActor pid=2505)[0m [2026-09-29 18:49:02] INFO:     172.20.0.160:54804 - "POST /generate HTTP/1.1" 200 OK
[algo2a-g1-rpp-l0-modal] 
[algo2a-g1-rpp-l0-modal] [36m(CommandActor pid=2505)[0m [2026-09-29 18:49:02] INFO:     172.20.0.160:47257 - "POST /generate HTTP/1.1" 200 OK
[algo2a-g1-rpp-l0-modal] 
[algo2a-g1-rpp-l0-modal] [36m(CommandActor pid=2505)[0m [2026-09-29 18:49:02] INFO:     172.20.0.160:52485 - "POST /generate HTTP/1.1" 200 OK
[algo2a-g1-rpp-l0-modal] 
[algo2a-g1-rpp-l0-modal] [36m(CommandActor pid=2505)[0m [2026-09-29 18:49:02] INFO:     172.20.0.160:16376 - "POST /generate HTTP/1.1" 200 OK
[algo2a-g1-rpp-l0-modal] 
[algo2a-g1-rpp-l0-modal] [36m(CommandActor pid=2505)[0m [2026-09-29 18:49:02] Decode batch, #running-req: 16, #token: 2091, token usage: 0.01, cuda graph: True, gen throughput (token/s): 3699.80, #queue-req: 0
[algo2a-g1-rpp-l0-modal] 
[algo2a-g1-rpp-l0-modal] [36m(CommandActor pid=2505)[0m [2026-09-29 18:49:02] INFO:     172.20.0.160:35183 - "POST /generate HTTP/1.1" 200 OK
[algo2a-g1-rpp-l0-modal] 
[algo2a-g1-rpp-l0-modal] [36m(CommandActor pid=2505)[0m [2026-09-29 18:49:02] INFO:     172.20.0.160:51554 - "POST /generate HTTP/1.1" 200 OK
[algo2a-g1-rpp-l0-modal] 
[algo2a-g1-rpp-l0-modal] [36m(CommandActor pid=2505)[0m [2026-09-29 18:49:02] INFO:     172.20.0.160:34680 - "POST /generate HTTP/1.1" 200 OK
[algo2a-g1-rpp-l0-modal] 
[algo2a-g1-rpp-l0-modal] [36m(CommandActor pid=2505)[0m [2026-09-29 18:49:02] INFO:     172.20.0.160:25489 - "POST /generate HTTP/1.1" 200 OK
[algo2a-g1-rpp-l0-modal] 
[algo2a-g1-rpp-l0-modal] [36m(CommandActor pid=2505)[0m [2026-09-29 18:49:03] INFO:     172.20.0.160:21818 - "POST /generate HTTP/1.1" 200 OK
[algo2a-g1-rpp-l0-modal] 
[algo2a-g1-rpp-l0-modal] [36m(CommandActor pid=2505)[0m [2026-09-29 18:49:03] INFO:     172.20.0.160:59949 - "POST /generate HTTP/1.1" 200 OK
[algo2a-g1-rpp-l0-modal] 
[algo2a-g1-rpp-l0-modal] [36m(CommandActor pid=2505)[0m [2026-09-29 18:49:03] INFO:     172.20.0.160:32829 - "POST /generate HTTP/1.1" 200 OK
[algo2a-g1-rpp-l0-modal] 
[algo2a-g1-rpp-l0-modal] [36m(CommandActor pid=2505)[0m [2026-09-29 18:49:03] INFO:     172.20.0.160:46950 - "POST /generate HTTP/1.1" 200 OK
[algo2a-g1-rpp-l0-modal] 
[algo2a-g1-rpp-l0-modal] [36m(CommandActor pid=2505)[0m [2026-09-29 18:49:03] Decode batch, #running-req: 10, #token: 1765, token usage: 0.01, cuda graph: True, gen throughput (token/s): 2876.48, #queue-req: 0
[algo2a-g1-rpp-l0-modal] 
[algo2a-g1-rpp-l0-modal] [36m(CommandActor pid=2505)[0m [2026-09-29 18:49:03] INFO:     172.20.0.160:21275 - "POST /generate HTTP/1.1" 200 OK
[algo2a-g1-rpp-l0-modal] 
[algo2a-g1-rpp-l0-modal] [36m(RolloutExecutor pid=2503)[0m 
Rollout generation:  75%|███████▌  | 24/32 [00:08<00:02,  3.44it/s]
[algo2a-g1-rpp-l0-modal] 
[algo2a-g1-rpp-l0-modal] [36m(CommandActor pid=2505)[0m [2026-09-29 18:49:03] INFO:     172.20.0.160:64412 - "POST /generate HTTP/1.1" 200 OK
[algo2a-g1-rpp-l0-modal] 
[algo2a-g1-rpp-l0-modal] [36m(CommandActor pid=2505)[0m [2026-09-29 18:49:03] INFO:     172.20.0.160:26726 - "POST /generate HTTP/1.1" 200 OK
[algo2a-g1-rpp-l0-modal] 
[algo2a-g1-rpp-l0-modal] [36m(CommandActor pid=2505)[0m [2026-09-29 18:49:03] INFO:     172.20.0.160:27678 - "POST /generate HTTP/1.1" 200 OK
[algo2a-g1-rpp-l0-modal] 
[algo2a-g1-rpp-l0-modal] [36m(CommandActor pid=2505)[0m [2026-09-29 18:49:03] INFO:     172.20.0.160:53425 - "POST /generate HTTP/1.1" 200 OK
[algo2a-g1-rpp-l0-modal] 
[algo2a-g1-rpp-l0-modal] [36m(CommandActor pid=2505)[0m [2026-09-29 18:49:03] INFO:     172.20.0.160:62954 - "POST /generate HTTP/1.1" 200 OK
[algo2a-g1-rpp-l0-modal] 
[algo2a-g1-rpp-l0-modal] [36m(CommandActor pid=2505)[0m [2026-09-29 18:49:03] INFO:     172.20.0.160:42468 - "POST /generate HTTP/1.1" 200 OK
[algo2a-g1-rpp-l0-modal] 
[algo2a-g1-rpp-l0-modal] [36m(CommandActor pid=2505)[0m [2026-09-29 18:49:03] Decode batch, #running-req: 4, #token: 695, token usage: 0.00, cuda graph: True, gen throughput (token/s): 1532.51, #queue-req: 0
[algo2a-g1-rpp-l0-modal] 
[algo2a-g1-rpp-l0-modal] [36m(CommandActor pid=2505)[0m [2026-09-29 18:49:03] Decode batch, #running-req: 1, #token: 333, token usage: 0.00, cuda graph: True, gen throughput (token/s): 318.88, #queue-req: 0
[algo2a-g1-rpp-l0-modal] 
[algo2a-g1-rpp-l0-modal] [36m(CommandActor pid=2505)[0m [2026-09-29 18:49:03] Decode batch, #running-req: 1, #token: 373, token usage: 0.00, cuda graph: True, gen throughput (token/s): 219.65, #queue-req: 0
[algo2a-g1-rpp-l0-modal] 
[algo2a-g1-rpp-l0-modal] [36m(RolloutExecutor pid=2503)[0m 
Rollout generation: 100%|██████████| 32/32 [00:09<00:00,  4.82it/s]
Rollout generation: 100%|██████████| 32/32 [00:09<00:00,  3.49it/s]
[algo2a-g1-rpp-l0-modal] 
[algo2a-g1-rpp-l0-modal] [36m(RolloutExecutor pid=2503)[0m [2026-09-29 18:49:03.635 rollout_executor] inference_rollout_train.py:161 - Finish rollout: text_preview=<|im_start|>system\nYou are a helpful assistant. Please put the answer within \boxed{}.<|im_end|>\n<|im_start|>user\nBetty is saving money for a new wallet which costs $100. Betty has only half of the money she needs. Her parents decided to give her $15 for that purpose, and her grandparents twice as much as her parents. How much more money does Betty need to buy the wallet?<|im_end|>\n<|im_start|>assistant\n<think>\n\n</think>\n\nLet's solve this step by step:\n\n1. The cost of the wallet is **$100**.\n2. ...<truncated chars=532>, label=5, reward_summary=1.0
[algo2a-g1-rpp-l0-modal] 
[algo2a-g1-rpp-l0-modal] [36m(RolloutExecutor pid=2503)[0m [2026-09-29 18:49:03.637 rollout_executor] inference_rollout_train.py:33 - Abort request for ['http://172.20.0.160:20000']
[algo2a-g1-rpp-l0-modal] 
[algo2a-g1-rpp-l0-modal] [36m(RolloutExecutor pid=2503)[0m Using blocking ray.get inside async actor. This blocks the event loop. Please use `await` on object ref with asyncio.gather if you want to yield execution to the event loop instead.
[algo2a-g1-rpp-l0-modal] 
[algo2a-g1-rpp-l0-modal] [36m(RolloutExecutor pid=2503)[0m [2026-09-29 18:49:03.661 rollout_executor] rollout_data_conversion.py:39 - Final collected 32 samples from rollout to train
[algo2a-g1-rpp-l0-modal] 
[algo2a-g1-rpp-l0-modal] [36m(RolloutExecutor pid=2503)[0m [2026-09-29 18:49:03.662 rollout_executor] metrics.py:93 - perf 0: {'rollout/raw_reward_unfiltered': 0.90625, 'rollout/num_training_samples': 32, 'rollout/episode_raw_reward': 0.90625, 'rollout/episode_response_length/mean': 130.25, 'rollout/episode_response_length/median': 128.5, 'rollout/episode_response_length/max': 285, 'rollout/episode_response_length/min': 60, 'rollout/episode_total_response_length/mean': 130.25, 'rollout/response_len/mean': 130.25, 'rollout/response_len/median': 128.5, 'rollout/response_len/max': 285, 'rollout/response_len/min': 60, 'rollout/zero_std/count_1.0': 2, 'rollout/zero_std/all_zero_percentage': 0.0, 'rollout/zero_std/all_one_percentage': 0.5, 'rollout/prefix_cache_hit_rate': 0.0, 'rollout/avg_cached_tokens_per_sample': 0.0, 'rollout/repetition_frac': 0.0, 'rollout/truncated_ratio': 0.0, 'perf/rollout_time': 9.951948404312134, 'perf/tokens_per_gpu_per_sec': 418.81246070307446, 'perf/longest_sample_tokens_per_sec': 28.63760827744151, 'perf/effective_tokens_per_gpu_per_sec': 418.81246070307446, 'perf/longest_effective_sample_tokens_per_sec': 28.63760827744151}
[algo2a-g1-rpp-l0-modal] 
[algo2a-g1-rpp-l0-modal] [36m(RolloutExecutor pid=2503)[0m [2026-09-29 18:49:03.662 rollout_executor] train_data_conversion.py:334 - Rollout-side DP schedule: num_samples=32, num_rollouts=[32], num_microbatches=[32]
[algo2a-g1-rpp-l0-modal] 
[algo2a-g1-rpp-l0-modal] [36m(InferenceController pid=2504)[0m [2026-09-29 18:49:03.676 inference_controller] _client.py:1740 - HTTP Request: GET http://172.20.0.160:20000/flush_cache "HTTP/1.1 200 OK"
[algo2a-g1-rpp-l0-modal] 
[algo2a-g1-rpp-l0-modal] [36m(CommandActor pid=2505)[0m [2026-09-29 18:49:03] INFO:     172.20.0.160:56015 - "POST /generate HTTP/1.1" 200 OK
[algo2a-g1-rpp-l0-modal] 
[algo2a-g1-rpp-l0-modal] [36m(CommandActor pid=2505)[0m [2026-09-29 18:49:03] INFO:     172.20.0.160:52762 - "POST /abort_request HTTP/1.1" 200 OK
[algo2a-g1-rpp-l0-modal] 
[algo2a-g1-rpp-l0-modal] [36m(CommandActor pid=2505)[0m [2026-09-29 18:49:03] INFO:     172.20.0.160:37476 - "GET /flush_cache HTTP/1.1" 200 OK
[algo2a-g1-rpp-l0-modal] 
[algo2a-g1-rpp-l0-modal] [36m(CommandActor pid=2505)[0m [2026-09-29 18:49:03] Cache flushed successfully!
[algo2a-g1-rpp-l0-modal] 
[algo2a-g1-rpp-l0-modal] [36m(CommandActor pid=2505)[0m [2026-09-29 18:49:03] Cache flushed successfully!
[algo2a-g1-rpp-l0-modal] 
[algo2a-g1-rpp-l0-modal] YETO_RL_EVENT {"event":"rl_driver_phase","island_id":0,"phase":"onload","rollout_id":0,"time_unix":1790707744.105361}
[algo2a-g1-rpp-l0-modal] 
[algo2a-g1-rpp-l0-modal] [36m(InferenceController pid=2504)[0m [2026-09-29 18:49:04.101 inference_controller] _client.py:1740 - HTTP Request: POST http://172.20.0.160:20000/release_memory_occupation "HTTP/1.1 200 OK"
[algo2a-g1-rpp-l0-modal] 
[algo2a-g1-rpp-l0-modal] [36m(CommandActor pid=2505)[0m [2026-09-29 18:49:04] INFO:     172.20.0.160:37476 - "POST /release_memory_occupation HTTP/1.1" 200 OK
[algo2a-g1-rpp-l0-modal] 
[algo2a-g1-rpp-l0-modal] [36m(TrainerController pid=2510)[0m [2026-09-29 18:49:04.106 trainer_controller_actor] cell.py:231 - ft op=execute phase=start cell=trainer-engine-actor-00000 fn=wake_up n_actors=1
[algo2a-g1-rpp-l0-modal] 
[algo2a-g1-rpp-l0-modal] [36m(MegatronTrainRayActor pid=2793)[0m [2026-09-29 18:49:04.107 actor_cell00000_rank00000] structured_log.py:24 - actor cls=MegatronTrainRayActor fn=wake_up phase=start
[algo2a-g1-rpp-l0-modal] 
[algo2a-g1-rpp-l0-modal] [36m(MegatronTrainRayActor pid=2793)[0m [2026-09-29 18:49:04.107 actor_cell00000_rank00000] timer.py:31 - Timer wake_up start
[algo2a-g1-rpp-l0-modal] 
[algo2a-g1-rpp-l0-modal] [36m(MegatronTrainRayActor pid=2793)[0m [2026-09-29 18:49:04.108 actor_cell00000_rank00000] memory_utils.py:41 - [Rank 0] Memory-Usage before wake_up model: {'gpu': '0', 'total_GB': 79.18, 'free_GB': 76.24, 'used_GB': 2.94, 'allocated_GB': 1.2, 'reserved_GB': 1.27}
[algo2a-g1-rpp-l0-modal] 
[algo2a-g1-rpp-l0-modal] YETO_RL_EVENT {"event":"rl_driver_phase","island_id":0,"phase":"train","rollout_id":0,"time_unix":1790707744.8482797}
[algo2a-g1-rpp-l0-modal] 
[algo2a-g1-rpp-l0-modal] [36m(TrainerController pid=2510)[0m [2026-09-29 18:49:04.846 trainer_controller_actor] cell.py:239 - ft op=execute phase=end cell=trainer-engine-actor-00000 fn=wake_up ok=true elapsed_s=0.7
[algo2a-g1-rpp-l0-modal] 
[algo2a-g1-rpp-l0-modal] [36m(TrainerController pid=2510)[0m [2026-09-29 18:49:04.850 trainer_controller_actor] group.py:190 - ft op=train phase=start rollout=0 attempt=0
[algo2a-g1-rpp-l0-modal] 
[algo2a-g1-rpp-l0-modal] [36m(TrainerController pid=2510)[0m [2026-09-29 18:49:04.850 trainer_controller_actor] group.py:534 - ft op=refresh phase=start rollout=0 alive=0 healing= all_states="(0, 'StateAllocatedAlive')" quorum=0
[algo2a-g1-rpp-l0-modal] 
[algo2a-g1-rpp-l0-modal] [36m(TrainerController pid=2510)[0m [2026-09-29 18:49:04.850 trainer_controller_actor] group.py:557 - ft op=refresh phase=decision rollout=0 needs_reconfigure=false reason=alive_config_unchanged,no_healing quorum=0
[algo2a-g1-rpp-l0-modal] 
[algo2a-g1-rpp-l0-modal] [36m(TrainerController pid=2510)[0m [2026-09-29 18:49:04.851 trainer_controller_actor] cell.py:231 - ft op=execute phase=start cell=trainer-engine-actor-00000 fn=train n_actors=1
[algo2a-g1-rpp-l0-modal] 
[algo2a-g1-rpp-l0-modal] [36m(MegatronTrainRayActor pid=2793)[0m [2026-09-29 18:49:04.843 actor_cell00000_rank00000] reloadable_process_group.py:151 - Reloading 0 process groups in pid 2793
[algo2a-g1-rpp-l0-modal] 
[algo2a-g1-rpp-l0-modal] [36m(MegatronTrainRayActor pid=2793)[0m [2026-09-29 18:49:04.844 actor_cell00000_rank00000] memory_utils.py:41 - [Rank 0] Memory-Usage after wake_up model: {'gpu': '0', 'total_GB': 79.18, 'free_GB': 74.99, 'used_GB': 4.18, 'allocated_GB': 1.2, 'reserved_GB': 1.27}
[algo2a-g1-rpp-l0-modal] 
[algo2a-g1-rpp-l0-modal] [36m(MegatronTrainRayActor pid=2793)[0m [2026-09-29 18:49:04.845 actor_cell00000_rank00000] timer.py:42 - Timer wake_up end (elapsed: 0.7s)
[algo2a-g1-rpp-l0-modal] 
[algo2a-g1-rpp-l0-modal] [36m(MegatronTrainRayActor pid=2793)[0m [2026-09-29 18:49:04.845 actor_cell00000_rank00000] structured_log.py:28 - actor cls=MegatronTrainRayActor fn=wake_up phase=end ok=true elapsed_s=0.7
[algo2a-g1-rpp-l0-modal] 
[algo2a-g1-rpp-l0-modal] [36m(MegatronTrainRayActor pid=2793)[0m [2026-09-29 18:49:04.852 actor_cell00000_rank00000] structured_log.py:24 - actor cls=MegatronTrainRayActor fn=train phase=start
[algo2a-g1-rpp-l0-modal] 
[algo2a-g1-rpp-l0-modal] [36m(MegatronTrainRayActor pid=2793)[0m [2026-09-29 18:49:04.852 actor_cell00000_rank00000] timer.py:31 - Timer data_preprocess start
[algo2a-g1-rpp-l0-modal] 
[algo2a-g1-rpp-l0-modal] [36m(MegatronTrainRayActor pid=2793)[0m [2026-09-29 18:49:04.855 actor_cell00000_rank00000] timer.py:42 - Timer data_preprocess end (elapsed: 0.0s)
[algo2a-g1-rpp-l0-modal] 
[algo2a-g1-rpp-l0-modal] [36m(MegatronTrainRayActor pid=2793)[0m [2026-09-29 18:49:04.855 actor_cell00000_rank00000] structured_log.py:24 - actor cls=MegatronTrainRayActor fn=_train_actor phase=start
[algo2a-g1-rpp-l0-modal] 
[algo2a-g1-rpp-l0-modal] [36m(MegatronTrainRayActor pid=2793)[0m [2026-09-29 18:49:04.856 actor_cell00000_rank00000] timer.py:42 - Timer train_wait end (elapsed: 124.0s)
[algo2a-g1-rpp-l0-modal] 
[algo2a-g1-rpp-l0-modal] [36m(MegatronTrainRayActor pid=2793)[0m [2026-09-29 18:49:04.856 actor_cell00000_rank00000] timer.py:31 - Timer train start
[algo2a-g1-rpp-l0-modal] 
[algo2a-g1-rpp-l0-modal] [36m(MegatronTrainRayActor pid=2793)[0m [2026-09-29 18:49:04.879 actor_cell00000_rank00000] structured_log.py:24 - actor cls=MegatronTrainRayActor fn=_compute_log_prob phase=start
[algo2a-g1-rpp-l0-modal] 
[algo2a-g1-rpp-l0-modal] [36m(MegatronTrainRayActor pid=2793)[0m [2026-09-29 18:49:04.880 actor_cell00000_rank00000] timer.py:31 - Timer ref_log_probs start
[algo2a-g1-rpp-l0-modal] 
[algo2a-g1-rpp-l0-modal] [36m(MegatronTrainRayActor pid=2793)[0m [2026-09-29 18:49:16.236 actor_cell00000_rank00000] timer.py:42 - Timer ref_log_probs end (elapsed: 11.4s)
[algo2a-g1-rpp-l0-modal] 
[algo2a-g1-rpp-l0-modal] [36m(MegatronTrainRayActor pid=2793)[0m [2026-09-29 18:49:16.236 actor_cell00000_rank00000] structured_log.py:28 - actor cls=MegatronTrainRayActor fn=_compute_log_prob phase=end ok=true elapsed_s=11.4
[algo2a-g1-rpp-l0-modal] 
[algo2a-g1-rpp-l0-modal] [36m(MegatronTrainRayActor pid=2793)[0m [2026-09-29 18:49:16.260 actor_cell00000_rank00000] structured_log.py:24 - actor cls=MegatronTrainRayActor fn=_compute_log_prob phase=start
[algo2a-g1-rpp-l0-modal] 
[algo2a-g1-rpp-l0-modal] [36m(MegatronTrainRayActor pid=2793)[0m [2026-09-29 18:49:16.260 actor_cell00000_rank00000] timer.py:31 - Timer log_probs start
[algo2a-g1-rpp-l0-modal] 
[algo2a-g1-rpp-l0-modal] [36m(MegatronTrainRayActor pid=2793)[0m [2026-09-29 18:49:20.711 actor_cell00000_rank00000] timer.py:42 - Timer log_probs end (elapsed: 4.5s)
[algo2a-g1-rpp-l0-modal] 
[algo2a-g1-rpp-l0-modal] [36m(MegatronTrainRayActor pid=2793)[0m [2026-09-29 18:49:20.712 actor_cell00000_rank00000] structured_log.py:28 - actor cls=MegatronTrainRayActor fn=_compute_log_prob phase=end ok=true elapsed_s=4.5
[algo2a-g1-rpp-l0-modal] 
[algo2a-g1-rpp-l0-modal] [36m(MegatronTrainRayActor pid=2793)[0m [2026-09-29 18:49:21.838 actor_cell00000_rank00000] log_utils.py:100 - ft op=cross_cell phase=start kind=log_gather rank=0
[algo2a-g1-rpp-l0-modal] 
[algo2a-g1-rpp-l0-modal] [36m(MegatronTrainRayActor pid=2793)[0m [2026-09-29 18:49:21.840 actor_cell00000_rank00000] log_utils.py:106 - ft op=cross_cell phase=end kind=log_gather rank=0 success=true
[algo2a-g1-rpp-l0-modal] [36m(MegatronTrainRayActor pid=2793)[0m [2026-09-29 18:49:21.840 actor_cell00000_rank00000] log_utils.py:126 - rollout 0: {'rollout/response_lengths': 130.25, 'rollout/rewards': 0.90625, 'rollout/truncated': 0.0, 'rollout/rollout_log_probs': -0.2707560956478119, 'rollout/raw_reward': 0.90625, 'rollout/total_lengths': 207.5, 'rollout/ref_log_probs': -0.27170008420944214, 'rollout/log_probs': -0.27170008420944214, 'rollout/advantages': 0.015506304800510406, 'rollout/returns': 0.90625}
[algo2a-g1-rpp-l0-modal] 
[algo2a-g1-rpp-l0-modal] [36m(MegatronTrainRayActor pid=2793)[0m [2026-09-29 18:49:21.840 actor_cell00000_rank00000] timer.py:31 - Timer actor_train start
[algo2a-g1-rpp-l0-modal] 
[algo2a-g1-rpp-l0-modal] [36m(MegatronTrainRayActor pid=2793)[0m /root/Megatron-LM/megatron/core/pipeline_parallel/schedules.py:220: UserWarning: The AccumulateGrad node's stream does not match the stream of the node that produced the incoming gradient. This may incur unnecessary synchronization and break CUDA graph capture if the AccumulateGrad node's stream is the default stream. This mismatch is caused by an AccumulateGrad node created prior to the current iteration being kept alive. This can happen if the autograd graph is still being kept alive by tensors such as the loss, or if you are using DDP, which will stash a reference to the node. To resolve the mismatch, delete all references to the autograd graph or ensure that DDP initialization is performed under the same stream as subsequent forwards. If the mismatch is intentional, you can use torch.autograd.graph.set_warn_on_accumulate_grad_stream_mismatch(False) to suppress this warning. (Triggered internally at /__w/pytorch/pytorch/torch/csrc/autograd/input_buffer.cpp:310.)
[algo2a-g1-rpp-l0-modal] 
[algo2a-g1-rpp-l0-modal] [36m(MegatronTrainRayActor pid=2793)[0m   Variable._execution_engine.run_backward(
[algo2a-g1-rpp-l0-modal] [36m(MegatronTrainRayActor pid=2793)[0m /opt/sglang/lib/python3.12/site-packages/torch/distributed/c10d_logger.py:83: FutureWarning: `torch.distributed.reduce_scatter_tensor` is deprecated. Please use `torch.distributed.reduce_scatter_single` instead.
[algo2a-g1-rpp-l0-modal] 
[algo2a-g1-rpp-l0-modal] [36m(MegatronTrainRayActor pid=2793)[0m   return func(*args, **kwargs)
[algo2a-g1-rpp-l0-modal] 
[algo2a-g1-rpp-l0-modal] YETO_RL_EVENT {"clip_fraction":null,"event":"rl_round_trained","island_id":0,"masked_fraction":null,"nonzero_advantages":null,"rollout_id":0,"time_unix":1790707787.2843835,"trained_groups":4,"trained_sample_ids_sha256":"6ac54d62824c59fa3a8f59264bca872f865403d905926ce326c231e62752ac7d","trained_samples":32}
[algo2a-g1-rpp-l0-modal] 
[algo2a-g1-rpp-l0-modal] YETO_RL_EVENT {"event":"rl_driver_phase","island_id":0,"phase":"sync","rollout_id":0,"time_unix":1790707787.285448}
[algo2a-g1-rpp-l0-modal] 
[algo2a-g1-rpp-l0-modal] [36m(CommandActor pid=2505)[0m [2026-09-29 18:49:47] INFO:     172.20.0.160:53629 - "GET /health HTTP/1.1" 200 OK
[algo2a-g1-rpp-l0-modal] 
[algo2a-g1-rpp-l0-modal] [36m(TrainerController pid=2510)[0m [2026-09-29 18:49:47.255 trainer_controller_actor] cell.py:239 - ft op=execute phase=end cell=trainer-engine-actor-00000 fn=train ok=true elapsed_s=42.4
[algo2a-g1-rpp-l0-modal] 
[algo2a-g1-rpp-l0-modal] [36m(TrainerController pid=2510)[0m [2026-09-29 18:49:47.256 trainer_controller_actor] group.py:290 - ft op=check errored= discarded= normal=0 decision=no_retry reason="survivors normal, gradients valid"
[algo2a-g1-rpp-l0-modal] 
[algo2a-g1-rpp-l0-modal] [36m(TrainerController pid=2510)[0m [2026-09-29 18:49:47.264 trainer_controller_actor] cell.py:231 - ft op=execute phase=start cell=trainer-engine-actor-00000 fn=run_plugin n_actors=1
[algo2a-g1-rpp-l0-modal] 
[algo2a-g1-rpp-l0-modal] [36m(TrainerController pid=2510)[0m [2026-09-29 18:49:47.269 trainer_controller_actor] cell.py:239 - ft op=execute phase=end cell=trainer-engine-actor-00000 fn=run_plugin ok=true elapsed_s=0.0
[algo2a-g1-rpp-l0-modal] 
[algo2a-g1-rpp-l0-modal] [36m(TrainerController pid=2510)[0m [2026-09-29 18:49:47.277 trainer_controller_actor] cell.py:231 - ft op=execute phase=start cell=trainer-engine-actor-00000 fn=run_plugin n_actors=1
[algo2a-g1-rpp-l0-modal] 
[algo2a-g1-rpp-l0-modal] [36m(TrainerController pid=2510)[0m [2026-09-29 18:49:47.281 trainer_controller_actor] cell.py:239 - ft op=execute phase=end cell=trainer-engine-actor-00000 fn=run_plugin ok=true elapsed_s=0.0
[algo2a-g1-rpp-l0-modal] 
[algo2a-g1-rpp-l0-modal] [36m(MegatronTrainRayActor pid=2793)[0m /opt/sglang/lib/python3.12/site-packages/torch/distributed/c10d_logger.py:83: FutureWarning: `torch.distributed.all_gather_into_tensor` is deprecated. Please use `torch.distributed.all_gather_single` instead.
[algo2a-g1-rpp-l0-modal] 
[algo2a-g1-rpp-l0-modal] [36m(MegatronTrainRayActor pid=2793)[0m   return func(*args, **kwargs)
[algo2a-g1-rpp-l0-modal] 
[algo2a-g1-rpp-l0-modal] [36m(MegatronTrainRayActor pid=2793)[0m [2026-09-29 18:49:47.217 actor_cell00000_rank00000] model.py:637 - train op=train_step rollout=0 step=0 attempt=0 outcome=NORMAL valid_step=true
[algo2a-g1-rpp-l0-modal] 
[algo2a-g1-rpp-l0-modal] [36m(MegatronTrainRayActor pid=2793)[0m [2026-09-29 18:49:47.219 actor_cell00000_rank00000] log_utils.py:554 - step 0: {'train/loss': -0.015506304800510406, 'train/pg_loss': -0.015506304800510406, 'train/entropy_loss': 0.0, 'train/pg_clipfrac': 0.0, 'train/ppo_kl': 0.0, 'train/ess_ratio': 1.0, 'train/train_rollout_logprob_abs_diff': 0.010704593732953072, 'train/train_rollout_kl': 0.0004407993401400745, 'train/grad_norm': 0.8606950640678406, 'train/lr-pg_0': 6.666666666666668e-06, 'train/step': 0}
[algo2a-g1-rpp-l0-modal] 
[algo2a-g1-rpp-l0-modal] [36m(MegatronTrainRayActor pid=2793)[0m [2026-09-29 18:49:47.220 actor_cell00000_rank00000] model.py:847 - step 0: {'train/loss': -0.015506304800510406, 'train/pg_loss': -0.015506304800510406, 'train/entropy_loss': 0.0, 'train/pg_clipfrac': 0.0, 'train/ppo_kl': 0.0, 'train/ess_ratio': 1.0, 'train/train_rollout_logprob_abs_diff': 0.010704593732953072, 'train/train_rollout_kl': 0.0004407993401400745, 'train/grad_norm': 0.8606950640678406, 'train/lr-pg_0': 6.666666666666668e-06, 'train/step': 0}
[algo2a-g1-rpp-l0-modal] 
[algo2a-g1-rpp-l0-modal] [36m(MegatronTrainRayActor pid=2793)[0m [2026-09-29 18:49:47.220 actor_cell00000_rank00000] timer.py:42 - Timer actor_train end (elapsed: 25.4s)
[algo2a-g1-rpp-l0-modal] 
[algo2a-g1-rpp-l0-modal] [36m(MegatronTrainRayActor pid=2793)[0m [2026-09-29 18:49:47.221 actor_cell00000_rank00000] timer.py:42 - Timer train end (elapsed: 42.4s)
[algo2a-g1-rpp-l0-modal] [36m(MegatronTrainRayActor pid=2793)[0m [2026-09-29 18:49:47.221 actor_cell00000_rank00000] timer.py:31 - Timer train_wait start
[algo2a-g1-rpp-l0-modal] 
[algo2a-g1-rpp-l0-modal] [36m(MegatronTrainRayActor pid=2793)[0m [2026-09-29 18:49:47.250 actor_cell00000_rank00000] train_metric_utils.py:56 - perf 0: {'perf/sleep_time': 2.810746669769287, 'perf/wake_up_time': 1.9028716087341309, 'perf/update_weights_implementation_time': 0.06705832481384277, 'perf/finalize_and_resume_engines_time': 0.042923688888549805, 'perf/update_weights_time': 0.14201903343200684, 'perf/data_preprocess_time': 0.003326416015625, 'perf/train_wait_time': 123.95516538619995, 'perf/ref_log_probs_time': 11.35622763633728, 'perf/log_probs_time': 4.450789928436279, 'perf/actor_train_time': 25.379804134368896, 'perf/train_time': 42.36545538902283, 'perf/log_probs_tflops': 1.5836166386033712, 'perf/ref_log_probs_tflops': 0.6206590085467237, 'perf/actor_train_tflops': 0.8331441347951837, 'perf/actor_train_tok_per_s': 261.62534450012663, 'perf/mfu_peak_tflops': 989.0, 'perf/actor_train_mfu': 0.0008424106519668187, 'perf/step_time': 166.32062077522278, 'perf/wait_time_ratio': 0.7452783954776212}
[algo2a-g1-rpp-l0-modal] [36m(MegatronTrainRayActor pid=2793)[0m [2026-09-29 18:49:47.251 actor_cell00000_rank00000] structured_log.py:28 - actor cls=MegatronTrainRayActor fn=_train_actor phase=end ok=true elapsed_s=42.4
[algo2a-g1-rpp-l0-modal] 
[algo2a-g1-rpp-l0-modal] [36m(MegatronTrainRayActor pid=2793)[0m [2026-09-29 18:49:47.252 actor_cell00000_rank00000] structured_log.py:28 - actor cls=MegatronTrainRayActor fn=train phase=end ok=true elapsed_s=42.4
[algo2a-g1-rpp-l0-modal] 
[algo2a-g1-rpp-l0-modal] [36m(TrainerController pid=2510)[0m [2026-09-29 18:49:47.288 trainer_controller_actor] cell.py:231 - ft op=execute phase=start cell=trainer-engine-actor-00000 fn=run_plugin n_actors=1
[algo2a-g1-rpp-l0-modal] 
[algo2a-g1-rpp-l0-modal] [36m(TrainerController pid=2510)[0m [2026-09-29 18:49:47.637 trainer_controller_actor] cell.py:239 - ft op=execute phase=end cell=trainer-engine-actor-00000 fn=run_plugin ok=true elapsed_s=0.3
[algo2a-g1-rpp-l0-modal] 
[algo2a-g1-rpp-l0-modal] YETO_RL_EVENT {"action_tokens":4168,"active_groups":4,"applied_lr":1e-05,"applied_lrs":[1e-05],"base_policy_version":0,"cancelled_groups":0,"clip_fraction":null,"completed_groups":4,"completed_trajectories":32,"delta_l2_norm":0.0,"dynamic_filter_dropped_groups":0,"dynamic_filter_generated_groups":0,"dynamic_filter_replacement_attempts":0,"ess_ratio":null,"event":"rl_local_round","grad_norm":0.8606950640678406,"group_p50_seconds":0.0,"group_p95_seconds":0.0,"group_p99_seconds":0.0,"island_id":0,"local_round_id":1,"loss":null,"lr":null,"mean_kl":null,"nonzero_advantage_count":null,"pass_rate":null,"pg_loss":null,"reward_mean":0.90625,"reward_std":0.2914805954090255,"rollout_seconds":10.597426342000006,"time_unix":1790707788.0110352,"tool_wait_seconds":0.0,"train_seconds":42.43543080799998,"train_step":null,"zero_variance_group_ratio":0.5}
[algo2a-g1-rpp-l0-modal] 
[algo2a-g1-rpp-l0-modal] YETO_RL_EVENT {"event":"rl_driver_phase","island_id":0,"phase":"publish","policy_version":1,"time_unix":1790707788.1002095}
[algo2a-g1-rpp-l0-modal] 
[algo2a-g1-rpp-l0-modal] [36m(TrainerController pid=2510)[0m [2026-09-29 18:49:48.177 trainer_controller_actor] cell.py:231 - ft op=execute phase=start cell=trainer-engine-actor-00000 fn=run_plugin n_actors=1
[algo2a-g1-rpp-l0-modal] 
[algo2a-g1-rpp-l0-modal] [36m(TrainerController pid=2510)[0m [2026-09-29 18:49:48.492 trainer_controller_actor] cell.py:239 - ft op=execute phase=end cell=trainer-engine-actor-00000 fn=run_plugin ok=true elapsed_s=0.3
[algo2a-g1-rpp-l0-modal] 
[algo2a-g1-rpp-l0-modal] [36m(InferenceController pid=2504)[0m [2026-09-29 18:49:48.841 inference_controller] _client.py:1740 - HTTP Request: POST http://172.20.0.160:20000/resume_memory_occupation "HTTP/1.1 200 OK"
[algo2a-g1-rpp-l0-modal] 
[algo2a-g1-rpp-l0-modal] [36m(CommandActor pid=2505)[0m [2026-09-29 18:49:48] INFO:     172.20.0.160:24281 - "POST /resume_memory_occupation HTTP/1.1" 200 OK
[algo2a-g1-rpp-l0-modal] 
[algo2a-g1-rpp-l0-modal] [36m(CommandActor pid=2505)[0m [2026-09-29 18:49:48] INFO:     172.20.0.160:44430 - "POST /pause_generation HTTP/1.1" 200 OK
[algo2a-g1-rpp-l0-modal] 
[algo2a-g1-rpp-l0-modal] [36m(CommandActor pid=2505)[0m [2026-09-29 18:49:48] INFO:     172.20.0.160:44430 - "GET /flush_cache HTTP/1.1" 200 OK
[algo2a-g1-rpp-l0-modal] 
[algo2a-g1-rpp-l0-modal] [36m(CommandActor pid=2505)[0m [2026-09-29 18:49:48] INFO:     172.20.0.160:44430 - "POST /begin_weight_update HTTP/1.1" 200 OK
[algo2a-g1-rpp-l0-modal] 
[algo2a-g1-rpp-l0-modal] [36m(CommandActor pid=2505)[0m [2026-09-29 18:49:48] Cache flush skipped: KV cache memory is released.
[algo2a-g1-rpp-l0-modal] 
[algo2a-g1-rpp-l0-modal] [36m(TrainerController pid=2510)[0m [2026-09-29 18:49:48.848 trainer_controller_actor] group.py:392 - ft op=update_weights phase=start rollout=
[algo2a-g1-rpp-l0-modal] 
[algo2a-g1-rpp-l0-modal] [36m(TrainerController pid=2510)[0m [2026-09-29 18:49:48.848 trainer_controller_actor] cell.py:231 - ft op=execute phase=start cell=trainer-engine-actor-00000 fn=update_weights n_actors=1
[algo2a-g1-rpp-l0-modal] 
[algo2a-g1-rpp-l0-modal] [36m(MegatronTrainRayActor pid=2793)[0m [2026-09-29 18:49:48.849 actor_cell00000_rank00000] structured_log.py:24 - actor cls=MegatronTrainRayActor fn=update_weights phase=start
[algo2a-g1-rpp-l0-modal] 
[algo2a-g1-rpp-l0-modal] [36m(MegatronTrainRayActor pid=2793)[0m [2026-09-29 18:49:48.849 actor_cell00000_rank00000] timer.py:31 - Timer update_weights start
[algo2a-g1-rpp-l0-modal] 
[algo2a-g1-rpp-l0-modal] [36m(MegatronTrainRayActor pid=2793)[0m [2026-09-29 18:49:48.850 actor_cell00000_rank00000] memory_utils.py:41 - [Rank 0] Memory-Usage before update_weights: {'gpu': '0', 'total_GB': 79.18, 'free_GB': 69.64, 'used_GB': 9.54, 'allocated_GB': 1.38, 'reserved_GB': 3.3}
[algo2a-g1-rpp-l0-modal] 
[algo2a-g1-rpp-l0-modal] [36m(MegatronTrainRayActor pid=2793)[0m [2026-09-29 18:49:48.854 actor_cell00000_rank00000] _client.py:1740 - HTTP Request: POST http://172.20.0.160:20000/pause_generation "HTTP/1.1 200 OK"
[algo2a-g1-rpp-l0-modal] 
[algo2a-g1-rpp-l0-modal] [36m(MegatronTrainRayActor pid=2793)[0m [2026-09-29 18:49:48.856 actor_cell00000_rank00000] _client.py:1740 - HTTP Request: GET http://172.20.0.160:20000/flush_cache "HTTP/1.1 200 OK"
[algo2a-g1-rpp-l0-modal] 
[algo2a-g1-rpp-l0-modal] [36m(MegatronTrainRayActor pid=2793)[0m [2026-09-29 18:49:48.859 actor_cell00000_rank00000] _client.py:1740 - HTTP Request: POST http://172.20.0.160:20000/begin_weight_update "HTTP/1.1 200 OK"
[algo2a-g1-rpp-l0-modal] 
[algo2a-g1-rpp-l0-modal] [36m(MegatronTrainRayActor pid=2793)[0m [2026-09-29 18:49:48.860 actor_cell00000_rank00000] timer.py:31 - Timer update_weights_implementation start
[algo2a-g1-rpp-l0-modal] 
[algo2a-g1-rpp-l0-modal] [36m(MegatronTrainRayActor pid=2793)[0m 
[miles-colocate] Update weights: 0it [00:00, ?it/s]
[algo2a-g1-rpp-l0-modal] 
[algo2a-g1-rpp-l0-modal] [36m(CommandActor pid=2505)[0m [2026-09-29 18:49:48] INFO:     172.20.0.160:44430 - "POST /update_weights_from_tensor HTTP/1.1" 200 OK
[algo2a-g1-rpp-l0-modal] 
[algo2a-g1-rpp-l0-modal] [36m(CommandActor pid=2505)[0m [2026-09-29 18:49:48] LoRA adapter loading from tensors starts: LoRARef(lora_id=504f77835dc54a4c8bfce4be533b2d7f, lora_name=miles_lora, lora_path=__stream__, pinned=False, reloadable=False).
[algo2a-g1-rpp-l0-modal] 
[algo2a-g1-rpp-l0-modal] [36m(CommandActor pid=2505)[0m [2026-09-29 18:49:48] LoRA adapter '504f77835dc54a4c8bfce4be533b2d7f': loaded weights for target modules ['down_proj', 'gate_up_proj', 'o_proj', 'qkv_proj'].
[algo2a-g1-rpp-l0-modal] 
[algo2a-g1-rpp-l0-modal] [36m(MegatronTrainRayActor pid=2793)[0m [2026-09-29 18:49:48.915 actor_cell00000_rank00000] _client.py:1740 - HTTP Request: POST http://172.20.0.160:20000/update_weights_from_tensor "HTTP/1.1 200 OK"
[algo2a-g1-rpp-l0-modal] 
[algo2a-g1-rpp-l0-modal] [36m(MegatronTrainRayActor pid=2793)[0m [2026-09-29 18:49:48.915 actor_cell00000_rank00000] timer.py:42 - Timer update_weights_implementation end (elapsed: 0.1s)
[algo2a-g1-rpp-l0-modal] 
[algo2a-g1-rpp-l0-modal] [36m(MegatronTrainRayActor pid=2793)[0m [2026-09-29 18:49:48.916 actor_cell00000_rank00000] timer.py:31 - Timer finalize_and_resume_engines start
[algo2a-g1-rpp-l0-modal] 
[algo2a-g1-rpp-l0-modal] [36m(CommandActor pid=2505)[0m [2026-09-29 18:49:48] INFO:     172.20.0.160:44430 - "POST /end_weight_update HTTP/1.1" 200 OK
[algo2a-g1-rpp-l0-modal] 
[algo2a-g1-rpp-l0-modal] [36m(CommandActor pid=2505)[0m [2026-09-29 18:49:48] INFO:     172.20.0.160:44430 - "POST /update_weight_version HTTP/1.1" 200 OK
[algo2a-g1-rpp-l0-modal] 
[algo2a-g1-rpp-l0-modal] [36m(CommandActor pid=2505)[0m [2026-09-29 18:49:48] INFO:     172.20.0.160:44430 - "POST /continue_generation HTTP/1.1" 200 OK
[algo2a-g1-rpp-l0-modal] 
[algo2a-g1-rpp-l0-modal] [36m(CommandActor pid=2505)[0m [2026-09-29 18:49:48] LoRA adapter loading from tensors completes: LoRARef(lora_id=504f77835dc54a4c8bfce4be533b2d7f, lora_name=miles_lora, lora_path=__stream__, pinned=False, reloadable=False).
[algo2a-g1-rpp-l0-modal] 
[algo2a-g1-rpp-l0-modal] [36m(CommandActor pid=2505)[0m [2026-09-29 18:49:48] Weight version changed. old_version='yeto:0:a34cd30f37ee5ffaad784b92defd77b3b6ce68095faf29288d5ea460912617c4' new_version='2' num_recorded=0
[algo2a-g1-rpp-l0-modal] 
[algo2a-g1-rpp-l0-modal] [36m(CommandActor pid=2505)[0m [2026-09-29 18:49:48] [continue_generation] torch.cuda.empty_cache() called: reserved 32306.0 MB -> 32266.0 MB (freed 40.0 MB)
[algo2a-g1-rpp-l0-modal] 
[algo2a-g1-rpp-l0-modal] [36m(TrainerController pid=2510)[0m [2026-09-29 18:49:49.006 trainer_controller_actor] cell.py:239 - ft op=execute phase=end cell=trainer-engine-actor-00000 fn=update_weights ok=true elapsed_s=0.2
[algo2a-g1-rpp-l0-modal] 
[algo2a-g1-rpp-l0-modal] [36m(MegatronTrainRayActor pid=2793)[0m [2026-09-29 18:49:48.981 actor_cell00000_rank00000] _client.py:1740 - HTTP Request: POST http://172.20.0.160:20000/end_weight_update "HTTP/1.1 200 OK"
[algo2a-g1-rpp-l0-modal] 
[algo2a-g1-rpp-l0-modal] [36m(MegatronTrainRayActor pid=2793)[0m [2026-09-29 18:49:48.984 actor_cell00000_rank00000] _client.py:1740 - HTTP Request: POST http://172.20.0.160:20000/update_weight_version "HTTP/1.1 200 OK"
[algo2a-g1-rpp-l0-modal] 
[algo2a-g1-rpp-l0-modal] [36m(MegatronTrainRayActor pid=2793)[0m [2026-09-29 18:49:48.986 actor_cell00000_rank00000] _client.py:1740 - HTTP Request: POST http://172.20.0.160:20000/continue_generation "HTTP/1.1 200 OK"
[algo2a-g1-rpp-l0-modal] 
[algo2a-g1-rpp-l0-modal] [36m(MegatronTrainRayActor pid=2793)[0m [2026-09-29 18:49:48.986 actor_cell00000_rank00000] timer.py:42 - Timer finalize_and_resume_engines end (elapsed: 0.1s)
[algo2a-g1-rpp-l0-modal] 
[algo2a-g1-rpp-l0-modal] [36m(MegatronTrainRayActor pid=2793)[0m 
[miles-colocate] Update weights: 1it [00:00,  6.97it/s]
[algo2a-g1-rpp-l0-modal] 
[algo2a-g1-rpp-l0-modal] [36m(MegatronTrainRayActor pid=2793)[0m [2026-09-29 18:49:49.004 actor_cell00000_rank00000] memory_utils.py:41 - [Rank 0] Memory-Usage after update_weights: {'gpu': '0', 'total_GB': 79.18, 'free_GB': 71.48, 'used_GB': 7.7, 'allocated_GB': 1.38, 'reserved_GB': 1.49}
[algo2a-g1-rpp-l0-modal] 
[algo2a-g1-rpp-l0-modal] [36m(MegatronTrainRayActor pid=2793)[0m [2026-09-29 18:49:49.005 actor_cell00000_rank00000] timer.py:42 - Timer update_weights end (elapsed: 0.2s)
[algo2a-g1-rpp-l0-modal] 
[algo2a-g1-rpp-l0-modal] [36m(MegatronTrainRayActor pid=2793)[0m [2026-09-29 18:49:49.005 actor_cell00000_rank00000] structured_log.py:28 - actor cls=MegatronTrainRayActor fn=update_weights phase=end ok=true elapsed_s=0.2
[algo2a-g1-rpp-l0-modal] 
[algo2a-g1-rpp-l0-modal] YETO_RL_EVENT {"event":"rl_publication","island_id":0,"policy_version":1,"rl/policy_token":"yeto:1:345ce50c40f322aef436a265715af3fe9b060f678436129da91ba4d4a39fc708","sync/publication_members":["engine:inference-engine-all-0-0-00000"],"sync/publication_payload_bytes":40370176,"sync/publication_payload_hash":"63289c0dbfeefd1d8c664f9718cee0d1772077e20ba6c780b57c816d367be64a","time_unix":1790707789.1315298}
[algo2a-g1-rpp-l0-modal] 
[algo2a-g1-rpp-l0-modal] YETO_RL_EVENT {"event":"rl_driver_phase","island_id":0,"phase":"offload","rollout_id":1,"time_unix":1790707789.1324983}
[algo2a-g1-rpp-l0-modal] 
[algo2a-g1-rpp-l0-modal] [36m(InferenceController pid=2504)[0m [2026-09-29 18:49:49.082 inference_controller] _client.py:1740 - HTTP Request: POST http://172.20.0.160:20000/resume_memory_occupation "HTTP/1.1 200 OK"
[algo2a-g1-rpp-l0-modal] 
[algo2a-g1-rpp-l0-modal] [36m(InferenceController pid=2504)[0m [2026-09-29 18:49:49.125 inference_controller] _client.py:1740 - HTTP Request: POST http://172.20.0.160:20000/weights_checker "HTTP/1.1 200 OK"
[algo2a-g1-rpp-l0-modal] 
[algo2a-g1-rpp-l0-modal] [36m(CommandActor pid=2505)[0m [2026-09-29 18:49:49] INFO:     172.20.0.160:24281 - "POST /resume_memory_occupation HTTP/1.1" 200 OK
[algo2a-g1-rpp-l0-modal] 
[algo2a-g1-rpp-l0-modal] [36m(CommandActor pid=2505)[0m [2026-09-29 18:49:49] INFO:     172.20.0.160:56551 - "POST /update_weight_version HTTP/1.1" 200 OK
[algo2a-g1-rpp-l0-modal] 
[algo2a-g1-rpp-l0-modal] [36m(CommandActor pid=2505)[0m [2026-09-29 18:49:49] INFO:     172.20.0.160:56551 - "GET /model_info HTTP/1.1" 200 OK
[algo2a-g1-rpp-l0-modal] 
[algo2a-g1-rpp-l0-modal] [36m(CommandActor pid=2505)[0m [2026-09-29 18:49:49] INFO:     172.20.0.160:24281 - "POST /weights_checker HTTP/1.1" 200 OK
[algo2a-g1-rpp-l0-modal] 
[algo2a-g1-rpp-l0-modal] [36m(CommandActor pid=2505)[0m [2026-09-29 18:49:49] Weight version changed. old_version='2' new_version='yeto:1:345ce50c40f322aef436a265715af3fe9b060f678436129da91ba4d4a39fc708' num_recorded=0
[algo2a-g1-rpp-l0-modal] 
[algo2a-g1-rpp-l0-modal] [36m(CommandActor pid=2505)[0m [2026-09-29 18:49:49] [WeightChecker] handle action=checksum allow_quant_error=False skip_tensor_list=None
[algo2a-g1-rpp-l0-modal] 
[algo2a-g1-rpp-l0-modal] [36m(CommandActor pid=2505)[0m [2026-09-29 18:49:49] [WeightChecker] checksum computed for 226 tensors in 0.021s
[algo2a-g1-rpp-l0-modal] 
[algo2a-g1-rpp-l0-modal] [36m(TrainerController pid=2510)[0m [2026-09-29 18:49:49.134 trainer_controller_actor] cell.py:231 - ft op=execute phase=start cell=trainer-engine-actor-00000 fn=sleep n_actors=1
[algo2a-g1-rpp-l0-modal] 
[algo2a-g1-rpp-l0-modal] [36m(MegatronTrainRayActor pid=2793)[0m [2026-09-29 18:49:49.135 actor_cell00000_rank00000] structured_log.py:24 - actor cls=MegatronTrainRayActor fn=sleep phase=start
[algo2a-g1-rpp-l0-modal] 
[algo2a-g1-rpp-l0-modal] [36m(MegatronTrainRayActor pid=2793)[0m [2026-09-29 18:49:49.135 actor_cell00000_rank00000] timer.py:31 - Timer sleep start
[algo2a-g1-rpp-l0-modal] 
[algo2a-g1-rpp-l0-modal] [36m(MegatronTrainRayActor pid=2793)[0m [2026-09-29 18:49:49.972 actor_cell00000_rank00000] memory_utils.py:41 - [Rank 0] Memory-Usage before offload model: {'gpu': '0', 'total_GB': 79.18, 'free_GB': 41.45, 'used_GB': 37.73, 'allocated_GB': 1.38, 'reserved_GB': 1.47}
[algo2a-g1-rpp-l0-modal] 
[algo2a-g1-rpp-l0-modal] YETO_RL_EVENT {"event":"rl_driver_phase","island_id":0,"phase":"generate","policy_version":1,"rollout_id":1,"time_unix":1790707790.3836198}
[algo2a-g1-rpp-l0-modal] 
[algo2a-g1-rpp-l0-modal] [36m(RolloutExecutor pid=2503)[0m 
Rollout generation:   0%|          | 0/32 [00:00<?, ?it/s]
[algo2a-g1-rpp-l0-modal] 
[algo2a-g1-rpp-l0-modal] [36m(TrainerController pid=2510)[0m [2026-09-29 18:49:50.381 trainer_controller_actor] cell.py:239 - ft op=execute phase=end cell=trainer-engine-actor-00000 fn=sleep ok=true elapsed_s=1.2
[algo2a-g1-rpp-l0-modal] 
[algo2a-g1-rpp-l0-modal] [36m(MegatronTrainRayActor pid=2793)[0m [2026-09-29 18:49:50.379 actor_cell00000_rank00000] memory_utils.py:41 - [Rank 0] Memory-Usage after offload model: {'gpu': '0', 'total_GB': 79.18, 'free_GB': 42.89, 'used_GB': 36.29, 'allocated_GB': 1.38, 'reserved_GB': 1.47}
[algo2a-g1-rpp-l0-modal] 
[algo2a-g1-rpp-l0-modal] [36m(MegatronTrainRayActor pid=2793)[0m [2026-09-29 18:49:50.379 actor_cell00000_rank00000] log_utils.py:436 - [CPU memory] after_offload_train: 44.29 GB (rollout_id=0, step=0)
[algo2a-g1-rpp-l0-modal] 
[algo2a-g1-rpp-l0-modal] [36m(MegatronTrainRayActor pid=2793)[0m [2026-09-29 18:49:50.380 actor_cell00000_rank00000] timer.py:42 - Timer sleep end (elapsed: 1.2s)
[algo2a-g1-rpp-l0-modal] 
[algo2a-g1-rpp-l0-modal] [36m(MegatronTrainRayActor pid=2793)[0m [2026-09-29 18:49:50.380 actor_cell00000_rank00000] structured_log.py:28 - actor cls=MegatronTrainRayActor fn=sleep phase=end ok=true elapsed_s=1.2
[algo2a-g1-rpp-l0-modal] 
[algo2a-g1-rpp-l0-modal] [36m(CommandActor pid=2505)[0m [2026-09-29 18:49:54] Prefill batch, #new-seq: 1, #new-token: 57, #cached-token: 0, token usage: 0.01, #running-req: 0, #queue-req: 0, #pending-token: 0, cuda graph: False, input throughput (token/s): 1.10
[algo2a-g1-rpp-l0-modal] 
[algo2a-g1-rpp-l0-modal] [36m(CommandActor pid=2505)[0m [2026-09-29 18:49:54] Prefill batch, #new-seq: 31, #new-token: 2967, #cached-token: 0, token usage: 0.00, #running-req: 1, #queue-req: 0, #pending-token: 0, cuda graph: False, input throughput (token/s): 285889.68
[algo2a-g1-rpp-l0-modal] 
[algo2a-g1-rpp-l0-modal] [36m(CommandActor pid=2505)[0m [2026-09-29 18:49:54] Decode batch, #running-req: 32, #token: 1624, token usage: 0.01, cuda graph: True, gen throughput (token/s): 25.17, #queue-req: 0
[algo2a-g1-rpp-l0-modal] 
[algo2a-g1-rpp-l0-modal] [36m(CommandActor pid=2505)[0m [2026-09-29 18:49:54] INFO:     172.20.0.160:48327 - "POST /generate HTTP/1.1" 200 OK
[algo2a-g1-rpp-l0-modal] 
[algo2a-g1-rpp-l0-modal] [36m(CommandActor pid=2505)[0m [2026-09-29 18:49:54] INFO:     172.20.0.160:61021 - "POST /generate HTTP/1.1" 200 OK
[algo2a-g1-rpp-l0-modal] 
[algo2a-g1-rpp-l0-modal] [36m(CommandActor pid=2505)[0m [2026-09-29 18:49:54] INFO:     172.20.0.160:59039 - "POST /generate HTTP/1.1" 200 OK
[algo2a-g1-rpp-l0-modal] 
[algo2a-g1-rpp-l0-modal] [36m(CommandActor pid=2505)[0m [2026-09-29 18:49:54] INFO:     172.20.0.160:47855 - "POST /generate HTTP/1.1" 200 OK
[algo2a-g1-rpp-l0-modal] 
[algo2a-g1-rpp-l0-modal] [36m(CommandActor pid=2505)[0m [2026-09-29 18:49:54] INFO:     172.20.0.160:47657 - "POST /generate HTTP/1.1" 200 OK
[algo2a-g1-rpp-l0-modal] 
[algo2a-g1-rpp-l0-modal] [36m(CommandActor pid=2505)[0m [2026-09-29 18:49:54] INFO:     172.20.0.160:32774 - "POST /generate HTTP/1.1" 200 OK
[algo2a-g1-rpp-l0-modal] 
[algo2a-g1-rpp-l0-modal] [36m(CommandActor pid=2505)[0m [2026-09-29 18:49:54] INFO:     172.20.0.160:62556 - "POST /generate HTTP/1.1" 200 OK
[algo2a-g1-rpp-l0-modal] 
[algo2a-g1-rpp-l0-modal] [36m(CommandActor pid=2505)[0m [2026-09-29 18:49:54] Decode batch, #running-req: 30, #token: 2742, token usage: 0.01, cuda graph: True, gen throughput (token/s): 6063.08, #queue-req: 0
[algo2a-g1-rpp-l0-modal] 
[algo2a-g1-rpp-l0-modal] [36m(RolloutExecutor pid=2503)[0m [2026-09-29 18:49:54.802 rollout_executor] inference_rollout_train.py:137 - First rollout sample: text_preview=<|im_start|>system\nYou are a helpful assistant. Please put the answer within \boxed{}.<|im_end|>\n<|im_start|>user\nAlbert is wondering how much pizza he can eat in one day. He buys 2 large pizzas and 2 small pizzas. A large pizza has 16 slices and a small pizza has 8 slices. If he eats it all, how many pieces does he eat that day?<|im_end|>\n<|im_start|>assistant\n<think>\n\n</think>\n\n- A large pizza has **16 slices**.\n- A small pizza has **8 slices**.\n\nAlbert buys:\n- 2 large pizzas = $2 \times 16 =...<truncated chars=188>, label=48, reward_summary=1.0
[algo2a-g1-rpp-l0-modal] 
[algo2a-g1-rpp-l0-modal] [36m(RolloutExecutor pid=2503)[0m 
Rollout generation:  25%|██▌       | 8/32 [00:04<00:13,  1.81it/s]
[algo2a-g1-rpp-l0-modal] 
[algo2a-g1-rpp-l0-modal] [36m(CommandActor pid=2505)[0m [2026-09-29 18:49:54] INFO:     172.20.0.160:64728 - "POST /generate HTTP/1.1" 200 OK
[algo2a-g1-rpp-l0-modal] 
[algo2a-g1-rpp-l0-modal] [36m(CommandActor pid=2505)[0m [2026-09-29 18:49:54] INFO:     172.20.0.160:23580 - "POST /generate HTTP/1.1" 200 OK
[algo2a-g1-rpp-l0-modal] 
[algo2a-g1-rpp-l0-modal] [36m(CommandActor pid=2505)[0m [2026-09-29 18:49:54] INFO:     172.20.0.160:38317 - "POST /generate HTTP/1.1" 200 OK
[algo2a-g1-rpp-l0-modal] 
[algo2a-g1-rpp-l0-modal] [36m(CommandActor pid=2505)[0m [2026-09-29 18:49:54] INFO:     172.20.0.160:31309 - "POST /generate HTTP/1.1" 200 OK
[algo2a-g1-rpp-l0-modal] 
[algo2a-g1-rpp-l0-modal] [36m(CommandActor pid=2505)[0m [2026-09-29 18:49:54] INFO:     172.20.0.160:61916 - "POST /generate HTTP/1.1" 200 OK
[algo2a-g1-rpp-l0-modal] 
[algo2a-g1-rpp-l0-modal] [36m(CommandActor pid=2505)[0m [2026-09-29 18:49:54] INFO:     172.20.0.160:58134 - "POST /generate HTTP/1.1" 200 OK
[algo2a-g1-rpp-l0-modal] 
[algo2a-g1-rpp-l0-modal] [36m(CommandActor pid=2505)[0m [2026-09-29 18:49:54] INFO:     172.20.0.160:61442 - "POST /generate HTTP/1.1" 200 OK
[algo2a-g1-rpp-l0-modal] 
[algo2a-g1-rpp-l0-modal] [36m(CommandActor pid=2505)[0m [2026-09-29 18:49:54] INFO:     172.20.0.160:24875 - "POST /generate HTTP/1.1" 200 OK
[algo2a-g1-rpp-l0-modal] 
[algo2a-g1-rpp-l0-modal] [36m(CommandActor pid=2505)[0m [2026-09-29 18:49:54] INFO:     172.20.0.160:37823 - "POST /generate HTTP/1.1" 200 OK
[algo2a-g1-rpp-l0-modal] 
[algo2a-g1-rpp-l0-modal] [36m(CommandActor pid=2505)[0m [2026-09-29 18:49:54] INFO:     172.20.0.160:58642 - "POST /generate HTTP/1.1" 200 OK
[algo2a-g1-rpp-l0-modal] 
[algo2a-g1-rpp-l0-modal] [36m(CommandActor pid=2505)[0m [2026-09-29 18:49:54] INFO:     172.20.0.160:41359 - "POST /generate HTTP/1.1" 200 OK
[algo2a-g1-rpp-l0-modal] 
[algo2a-g1-rpp-l0-modal] [36m(CommandActor pid=2505)[0m [2026-09-29 18:49:54] INFO:     172.20.0.160:58310 - "POST /generate HTTP/1.1" 200 OK
[algo2a-g1-rpp-l0-modal] 
[algo2a-g1-rpp-l0-modal] [36m(CommandActor pid=2505)[0m [2026-09-29 18:49:54] Decode batch, #running-req: 16, #token: 2182, token usage: 0.01, cuda graph: True, gen throughput (token/s): 4512.49, #queue-req: 0
[algo2a-g1-rpp-l0-modal] 
[algo2a-g1-rpp-l0-modal] [36m(RolloutExecutor pid=2503)[0m 
Rollout generation:  50%|█████     | 16/32 [00:04<00:03,  4.11it/s]
[algo2a-g1-rpp-l0-modal] 
[algo2a-g1-rpp-l0-modal] [36m(CommandActor pid=2505)[0m [2026-09-29 18:49:55] INFO:     172.20.0.160:40254 - "POST /generate HTTP/1.1" 200 OK
[algo2a-g1-rpp-l0-modal] 
[algo2a-g1-rpp-l0-modal] [36m(CommandActor pid=2505)[0m [2026-09-29 18:49:55] INFO:     172.20.0.160:20752 - "POST /generate HTTP/1.1" 200 OK
[algo2a-g1-rpp-l0-modal] 
[algo2a-g1-rpp-l0-modal] [36m(CommandActor pid=2505)[0m [2026-09-29 18:49:55] INFO:     172.20.0.160:41153 - "POST /generate HTTP/1.1" 200 OK
[algo2a-g1-rpp-l0-modal] 
[algo2a-g1-rpp-l0-modal] [36m(CommandActor pid=2505)[0m [2026-09-29 18:49:55] INFO:     172.20.0.160:41958 - "POST /generate HTTP/1.1" 200 OK
[algo2a-g1-rpp-l0-modal] 
[algo2a-g1-rpp-l0-modal] [36m(CommandActor pid=2505)[0m [2026-09-29 18:49:55] Decode batch, #running-req: 10, #token: 1821, token usage: 0.01, cuda graph: True, gen throughput (token/s): 2692.99, #queue-req: 0
[algo2a-g1-rpp-l0-modal] 
[algo2a-g1-rpp-l0-modal] [36m(CommandActor pid=2505)[0m [2026-09-29 18:49:55] INFO:     172.20.0.160:53915 - "POST /generate HTTP/1.1" 200 OK
[algo2a-g1-rpp-l0-modal] 
[algo2a-g1-rpp-l0-modal] [36m(CommandActor pid=2505)[0m [2026-09-29 18:49:55] INFO:     172.20.0.160:49600 - "POST /generate HTTP/1.1" 200 OK
[algo2a-g1-rpp-l0-modal] 
[algo2a-g1-rpp-l0-modal] [36m(CommandActor pid=2505)[0m [2026-09-29 18:49:55] Decode batch, #running-req: 7, #token: 1618, token usage: 0.01, cuda graph: True, gen throughput (token/s): 1747.53, #queue-req: 0
[algo2a-g1-rpp-l0-modal] 
[algo2a-g1-rpp-l0-modal] [36m(CommandActor pid=2505)[0m [2026-09-29 18:49:55] Decode batch, #running-req: 7, #token: 1898, token usage: 0.01, cuda graph: True, gen throughput (token/s): 1493.50, #queue-req: 0
[algo2a-g1-rpp-l0-modal] 
[algo2a-g1-rpp-l0-modal] [36m(CommandActor pid=2505)[0m [2026-09-29 18:49:55] INFO:     172.20.0.160:22813 - "POST /generate HTTP/1.1" 200 OK
[algo2a-g1-rpp-l0-modal] 
[algo2a-g1-rpp-l0-modal] [36m(CommandActor pid=2505)[0m [2026-09-29 18:49:55] INFO:     172.20.0.160:62173 - "POST /generate HTTP/1.1" 200 OK
[algo2a-g1-rpp-l0-modal] 
[algo2a-g1-rpp-l0-modal] [36m(CommandActor pid=2505)[0m [2026-09-29 18:49:55] INFO:     172.20.0.160:52427 - "POST /generate HTTP/1.1" 200 OK
[algo2a-g1-rpp-l0-modal] 
[algo2a-g1-rpp-l0-modal] [36m(CommandActor pid=2505)[0m [2026-09-29 18:49:55] INFO:     172.20.0.160:40624 - "POST /generate HTTP/1.1" 200 OK
[algo2a-g1-rpp-l0-modal] 
[algo2a-g1-rpp-l0-modal] [36m(CommandActor pid=2505)[0m [2026-09-29 18:49:55] Decode batch, #running-req: 3, #token: 1054, token usage: 0.00, cuda graph: True, gen throughput (token/s): 955.94, #queue-req: 0
[algo2a-g1-rpp-l0-modal] 
[algo2a-g1-rpp-l0-modal] [36m(CommandActor pid=2505)[0m [2026-09-29 18:49:55] INFO:     172.20.0.160:30761 - "POST /generate HTTP/1.1" 200 OK
[algo2a-g1-rpp-l0-modal] 
[algo2a-g1-rpp-l0-modal] [36m(CommandActor pid=2505)[0m [2026-09-29 18:49:55] Decode batch, #running-req: 2, #token: 853, token usage: 0.00, cuda graph: True, gen throughput (token/s): 512.24, #queue-req: 0
[algo2a-g1-rpp-l0-modal] 
[algo2a-g1-rpp-l0-modal] [36m(CommandActor pid=2505)[0m [2026-09-29 18:49:56] Decode batch, #running-req: 2, #token: 933, token usage: 0.00, cuda graph: True, gen throughput (token/s): 416.27, #queue-req: 0
[algo2a-g1-rpp-l0-modal] 
[algo2a-g1-rpp-l0-modal] [36m(RolloutExecutor pid=2503)[0m 
Rollout generation:  75%|███████▌  | 24/32 [00:05<00:01,  5.09it/s]
Rollout generation: 100%|██████████| 32/32 [00:05<00:00,  5.55it/s]
[algo2a-g1-rpp-l0-modal] 
[algo2a-g1-rpp-l0-modal] [36m(RolloutExecutor pid=2503)[0m [2026-09-29 18:49:56.152 rollout_executor] inference_rollout_train.py:161 - Finish rollout: text_preview=<|im_start|>system\nYou are a helpful assistant. Please put the answer within \boxed{}.<|im_end|>\n<|im_start|>user\nKen created a care package to send to his brother, who was away at boarding school.  Ken placed a box on a scale, and then he poured into the box enough jelly beans to bring the weight to 2 pounds.  Then, he added enough brownies to cause the weight to triple.  Next, he added another 2 pounds of jelly beans.  And finally, he added enough gummy worms to double the weight once again.  What was ...<truncated chars=530>, label=16, reward_summary=0.0
[algo2a-g1-rpp-l0-modal] 
[algo2a-g1-rpp-l0-modal] [36m(RolloutExecutor pid=2503)[0m [2026-09-29 18:49:56.154 rollout_executor] inference_rollout_train.py:33 - Abort request for ['http://172.20.0.160:20000']
[algo2a-g1-rpp-l0-modal] 
[algo2a-g1-rpp-l0-modal] [36m(RolloutExecutor pid=2503)[0m [2026-09-29 18:49:56.161 rollout_executor] rollout_data_conversion.py:39 - Final collected 32 samples from rollout to train
[algo2a-g1-rpp-l0-modal] 
[algo2a-g1-rpp-l0-modal] [36m(RolloutExecutor pid=2503)[0m [2026-09-29 18:49:56.161 rollout_executor] metrics.py:93 - perf 1: {'rollout/raw_reward_unfiltered': 0.375, 'rollout/num_training_samples': 32, 'rollout/episode_raw_reward': 0.375, 'rollout/episode_response_length/mean': 156.28125, 'rollout/episode_response_length/median': 123.0, 'rollout/episode_response_length/max': 384, 'rollout/episode_response_length/min': 63, 'rollout/episode_total_response_length/mean': 156.28125, 'rollout/response_len/mean': 156.28125, 'rollout/response_len/median': 123.0, 'rollout/response_len/max': 384, 'rollout/response_len/min': 63, 'rollout/zero_std/count_0.0': 1, 'rollout/zero_std/all_zero_percentage': 0.25, 'rollout/zero_std/all_one_percentage': 0.0, 'rollout/prefix_cache_hit_rate': 0.0, 'rollout/avg_cached_tokens_per_sample': 0.0, 'rollout/repetition_frac': 0.0, 'rollout/truncated_ratio': 0.0625, 'perf/rollout_time': 5.7723236083984375, 'perf/tokens_per_gpu_per_sec': 866.3755428964168, 'perf/longest_sample_tokens_per_sec': 66.5243368270794, 'perf/effective_tokens_per_gpu_per_sec': 866.3755428964168, 'perf/longest_effective_sample_tokens_per_sec': 66.5243368270794}
[algo2a-g1-rpp-l0-modal] 
[algo2a-g1-rpp-l0-modal] [36m(RolloutExecutor pid=2503)[0m [2026-09-29 18:49:56.162 rollout_executor] train_data_conversion.py:334 - Rollout-side DP schedule: num_samples=32, num_rollouts=[32], num_microbatches=[32]
[algo2a-g1-rpp-l0-modal] 
[algo2a-g1-rpp-l0-modal] [36m(InferenceController pid=2504)[0m [2026-09-29 18:49:56.173 inference_controller] _client.py:1740 - HTTP Request: GET http://172.20.0.160:20000/flush_cache "HTTP/1.1 200 OK"
[algo2a-g1-rpp-l0-modal] 
[algo2a-g1-rpp-l0-modal] [36m(CommandActor pid=2505)[0m [2026-09-29 18:49:56] INFO:     172.20.0.160:29594 - "POST /generate HTTP/1.1" 200 OK
[algo2a-g1-rpp-l0-modal] 
[algo2a-g1-rpp-l0-modal] [36m(CommandActor pid=2505)[0m [2026-09-29 18:49:56] INFO:     172.20.0.160:54898 - "POST /generate HTTP/1.1" 200 OK
[algo2a-g1-rpp-l0-modal] 
[algo2a-g1-rpp-l0-modal] [36m(CommandActor pid=2505)[0m [2026-09-29 18:49:56] INFO:     172.20.0.160:42497 - "POST /abort_request HTTP/1.1" 200 OK
[algo2a-g1-rpp-l0-modal] 
[algo2a-g1-rpp-l0-modal] [36m(CommandActor pid=2505)[0m [2026-09-29 18:49:56] INFO:     172.20.0.160:58523 - "GET /flush_cache HTTP/1.1" 200 OK
[algo2a-g1-rpp-l0-modal] 
[algo2a-g1-rpp-l0-modal] [36m(CommandActor pid=2505)[0m [2026-09-29 18:49:56] Cache flushed successfully!
[algo2a-g1-rpp-l0-modal] 
[algo2a-g1-rpp-l0-modal] [36m(CommandActor pid=2505)[0m [2026-09-29 18:49:56] Cache flushed successfully!
[algo2a-g1-rpp-l0-modal] 
[algo2a-g1-rpp-l0-modal] YETO_RL_EVENT {"event":"rl_driver_phase","island_id":0,"phase":"onload","rollout_id":1,"time_unix":1790707796.5432487}
[algo2a-g1-rpp-l0-modal] 
[algo2a-g1-rpp-l0-modal] [36m(InferenceController pid=2504)[0m [2026-09-29 18:49:56.539 inference_controller] _client.py:1740 - HTTP Request: POST http://172.20.0.160:20000/release_memory_occupation "HTTP/1.1 200 OK"
[algo2a-g1-rpp-l0-modal] 
[algo2a-g1-rpp-l0-modal] [36m(CommandActor pid=2505)[0m [2026-09-29 18:49:56] INFO:     172.20.0.160:58523 - "POST /release_memory_occupation HTTP/1.1" 200 OK
[algo2a-g1-rpp-l0-modal] 
[algo2a-g1-rpp-l0-modal] [36m(TrainerController pid=2510)[0m [2026-09-29 18:49:56.544 trainer_controller_actor] cell.py:231 - ft op=execute phase=start cell=trainer-engine-actor-00000 fn=wake_up n_actors=1
[algo2a-g1-rpp-l0-modal] 
[algo2a-g1-rpp-l0-modal] [36m(MegatronTrainRayActor pid=2793)[0m [2026-09-29 18:49:56.546 actor_cell00000_rank00000] structured_log.py:24 - actor cls=MegatronTrainRayActor fn=wake_up phase=start
[algo2a-g1-rpp-l0-modal] 
[algo2a-g1-rpp-l0-modal] [36m(MegatronTrainRayActor pid=2793)[0m [2026-09-29 18:49:56.546 actor_cell00000_rank00000] timer.py:31 - Timer wake_up start
[algo2a-g1-rpp-l0-modal] 
[algo2a-g1-rpp-l0-modal] [36m(MegatronTrainRayActor pid=2793)[0m [2026-09-29 18:49:56.546 actor_cell00000_rank00000] memory_utils.py:41 - [Rank 0] Memory-Usage before wake_up model: {'gpu': '0', 'total_GB': 79.18, 'free_GB': 74.11, 'used_GB': 5.07, 'allocated_GB': 1.38, 'reserved_GB': 1.47}
[algo2a-g1-rpp-l0-modal] 
[algo2a-g1-rpp-l0-modal] YETO_RL_EVENT {"event":"rl_driver_phase","island_id":0,"phase":"train","rollout_id":1,"time_unix":1790707797.29568}
[algo2a-g1-rpp-l0-modal] 
[algo2a-g1-rpp-l0-modal] [36m(TrainerController pid=2510)[0m [2026-09-29 18:49:57.293 trainer_controller_actor] cell.py:239 - ft op=execute phase=end cell=trainer-engine-actor-00000 fn=wake_up ok=true elapsed_s=0.7
[algo2a-g1-rpp-l0-modal] 
[algo2a-g1-rpp-l0-modal] [36m(TrainerController pid=2510)[0m [2026-09-29 18:49:57.297 trainer_controller_actor] group.py:190 - ft op=train phase=start rollout=1 attempt=0
[algo2a-g1-rpp-l0-modal] 
[algo2a-g1-rpp-l0-modal] [36m(TrainerController pid=2510)[0m [2026-09-29 18:49:57.297 trainer_controller_actor] group.py:534 - ft op=refresh phase=start rollout=1 alive=0 healing= all_states="(0, 'StateAllocatedAlive')" quorum=0
[algo2a-g1-rpp-l0-modal] 
[algo2a-g1-rpp-l0-modal] [36m(TrainerController pid=2510)[0m [2026-09-29 18:49:57.297 trainer_controller_actor] group.py:557 - ft op=refresh phase=decision rollout=1 needs_reconfigure=false reason=alive_config_unchanged,no_healing quorum=0
[algo2a-g1-rpp-l0-modal] 
[algo2a-g1-rpp-l0-modal] [36m(TrainerController pid=2510)[0m [2026-09-29 18:49:57.297 trainer_controller_actor] cell.py:231 - ft op=execute phase=start cell=trainer-engine-actor-00000 fn=train n_actors=1
[algo2a-g1-rpp-l0-modal] 
[algo2a-g1-rpp-l0-modal] [36m(MegatronTrainRayActor pid=2793)[0m [2026-09-29 18:49:57.291 actor_cell00000_rank00000] reloadable_process_group.py:151 - Reloading 0 process groups in pid 2793
[algo2a-g1-rpp-l0-modal] 
[algo2a-g1-rpp-l0-modal] [36m(MegatronTrainRayActor pid=2793)[0m [2026-09-29 18:49:57.292 actor_cell00000_rank00000] memory_utils.py:41 - [Rank 0] Memory-Usage after wake_up model: {'gpu': '0', 'total_GB': 79.18, 'free_GB': 72.66, 'used_GB': 6.52, 'allocated_GB': 1.38, 'reserved_GB': 1.47}
[algo2a-g1-rpp-l0-modal] 
[algo2a-g1-rpp-l0-modal] [36m(MegatronTrainRayActor pid=2793)[0m [2026-09-29 18:49:57.292 actor_cell00000_rank00000] timer.py:42 - Timer wake_up end (elapsed: 0.7s)
[algo2a-g1-rpp-l0-modal] 
[algo2a-g1-rpp-l0-modal] [36m(MegatronTrainRayActor pid=2793)[0m [2026-09-29 18:49:57.292 actor_cell00000_rank00000] structured_log.py:28 - actor cls=MegatronTrainRayActor fn=wake_up phase=end ok=true elapsed_s=0.7
[algo2a-g1-rpp-l0-modal] 
[algo2a-g1-rpp-l0-modal] [36m(MegatronTrainRayActor pid=2793)[0m [2026-09-29 18:49:57.299 actor_cell00000_rank00000] structured_log.py:24 - actor cls=MegatronTrainRayActor fn=train phase=start
[algo2a-g1-rpp-l0-modal] 
[algo2a-g1-rpp-l0-modal] [36m(MegatronTrainRayActor pid=2793)[0m [2026-09-29 18:49:57.299 actor_cell00000_rank00000] timer.py:31 - Timer data_preprocess start
[algo2a-g1-rpp-l0-modal] 
[algo2a-g1-rpp-l0-modal] [36m(MegatronTrainRayActor pid=2793)[0m [2026-09-29 18:49:57.303 actor_cell00000_rank00000] timer.py:42 - Timer data_preprocess end (elapsed: 0.0s)
[algo2a-g1-rpp-l0-modal] 
[algo2a-g1-rpp-l0-modal] [36m(MegatronTrainRayActor pid=2793)[0m [2026-09-29 18:49:57.303 actor_cell00000_rank00000] structured_log.py:24 - actor cls=MegatronTrainRayActor fn=_train_actor phase=start
[algo2a-g1-rpp-l0-modal] 
[algo2a-g1-rpp-l0-modal] [36m(MegatronTrainRayActor pid=2793)[0m [2026-09-29 18:49:57.303 actor_cell00000_rank00000] timer.py:42 - Timer train_wait end (elapsed: 10.1s)
[algo2a-g1-rpp-l0-modal] 
[algo2a-g1-rpp-l0-modal] [36m(MegatronTrainRayActor pid=2793)[0m [2026-09-29 18:49:57.303 actor_cell00000_rank00000] timer.py:31 - Timer train start
[algo2a-g1-rpp-l0-modal] 
[algo2a-g1-rpp-l0-modal] [36m(MegatronTrainRayActor pid=2793)[0m [2026-09-29 18:49:57.327 actor_cell00000_rank00000] structured_log.py:24 - actor cls=MegatronTrainRayActor fn=_compute_log_prob phase=start
[algo2a-g1-rpp-l0-modal] 
[algo2a-g1-rpp-l0-modal] [36m(MegatronTrainRayActor pid=2793)[0m [2026-09-29 18:49:57.327 actor_cell00000_rank00000] timer.py:31 - Timer ref_log_probs start
[algo2a-g1-rpp-l0-modal] 
[algo2a-g1-rpp-l0-modal] [36m(MegatronTrainRayActor pid=2793)[0m [2026-09-29 18:50:01.821 actor_cell00000_rank00000] timer.py:42 - Timer ref_log_probs end (elapsed: 4.5s)
[algo2a-g1-rpp-l0-modal] 
[algo2a-g1-rpp-l0-modal] [36m(MegatronTrainRayActor pid=2793)[0m [2026-09-29 18:50:01.821 actor_cell00000_rank00000] structured_log.py:28 - actor cls=MegatronTrainRayActor fn=_compute_log_prob phase=end ok=true elapsed_s=4.5
[algo2a-g1-rpp-l0-modal] 
[algo2a-g1-rpp-l0-modal] [36m(MegatronTrainRayActor pid=2793)[0m [2026-09-29 18:50:01.845 actor_cell00000_rank00000] structured_log.py:24 - actor cls=MegatronTrainRayActor fn=_compute_log_prob phase=start
[algo2a-g1-rpp-l0-modal] 
[algo2a-g1-rpp-l0-modal] [36m(MegatronTrainRayActor pid=2793)[0m [2026-09-29 18:50:01.845 actor_cell00000_rank00000] timer.py:31 - Timer log_probs start
[algo2a-g1-rpp-l0-modal] [36m(MegatronTrainRayActor pid=2793)[0m [2026-09-29 18:50:06.052 actor_cell00000_rank00000] timer.py:42 - Timer log_probs end (elapsed: 4.2s)
[algo2a-g1-rpp-l0-modal] 
[algo2a-g1-rpp-l0-modal] [36m(MegatronTrainRayActor pid=2793)[0m [2026-09-29 18:50:06.052 actor_cell00000_rank00000] structured_log.py:28 - actor cls=MegatronTrainRayActor fn=_compute_log_prob phase=end ok=true elapsed_s=4.2
[algo2a-g1-rpp-l0-modal] 
[algo2a-g1-rpp-l0-modal] [36m(MegatronTrainRayActor pid=2793)[0m [2026-09-29 18:50:06.165 actor_cell00000_rank00000] log_utils.py:100 - ft op=cross_cell phase=start kind=log_gather rank=0
[algo2a-g1-rpp-l0-modal] 
[algo2a-g1-rpp-l0-modal] [36m(MegatronTrainRayActor pid=2793)[0m [2026-09-29 18:50:06.166 actor_cell00000_rank00000] log_utils.py:106 - ft op=cross_cell phase=end kind=log_gather rank=0 success=true
[algo2a-g1-rpp-l0-modal] 
[algo2a-g1-rpp-l0-modal] [36m(MegatronTrainRayActor pid=2793)[0m [2026-09-29 18:50:06.167 actor_cell00000_rank00000] log_utils.py:126 - rollout 1: {'rollout/response_lengths': 156.28125, 'rollout/rewards': 0.375, 'rollout/truncated': 0.0625, 'rollout/rollout_log_probs': -0.33271700143814087, 'rollout/raw_reward': 0.375, 'rollout/total_lengths': 250.78125, 'rollout/ref_log_probs': -0.33287766575813293, 'rollout/log_probs': -0.33298906683921814, 'rollout/advantages': 0.07423076778650284, 'rollout/returns': 0.3747904896736145}
[algo2a-g1-rpp-l0-modal] 
[algo2a-g1-rpp-l0-modal] [36m(MegatronTrainRayActor pid=2793)[0m [2026-09-29 18:50:06.167 actor_cell00000_rank00000] timer.py:31 - Timer actor_train start
[algo2a-g1-rpp-l0-modal] 
[algo2a-g1-rpp-l0-modal] [36m(TrainerController pid=2510)[0m [2026-09-29 18:50:14.673 trainer_controller_actor] cell.py:239 - ft op=execute phase=end cell=trainer-engine-actor-00000 fn=train ok=true elapsed_s=17.4
[algo2a-g1-rpp-l0-modal] 
[algo2a-g1-rpp-l0-modal] [36m(TrainerController pid=2510)[0m [2026-09-29 18:50:14.673 trainer_controller_actor] group.py:290 - ft op=check errored= discarded= normal=0 decision=no_retry reason="survivors normal, gradients valid"
[algo2a-g1-rpp-l0-modal] 
[algo2a-g1-rpp-l0-modal] [36m(TrainerController pid=2510)[0m [2026-09-29 18:50:14.677 trainer_controller_actor] cell.py:231 - ft op=execute phase=start cell=trainer-engine-actor-00000 fn=run_plugin n_actors=1
[algo2a-g1-rpp-l0-modal] 
[algo2a-g1-rpp-l0-modal] [36m(MegatronTrainRayActor pid=2793)[0m [2026-09-29 18:50:14.644 actor_cell00000_rank00000] model.py:637 - train op=train_step rollout=1 step=0 attempt=0 outcome=NORMAL valid_step=true
[algo2a-g1-rpp-l0-modal] 
[algo2a-g1-rpp-l0-modal] [36m(MegatronTrainRayActor pid=2793)[0m [2026-09-29 18:50:14.645 actor_cell00000_rank00000] log_utils.py:554 - step 1: {'train/loss': -0.07423076778650284, 'train/pg_loss': -0.07423076778650284, 'train/entropy_loss': 0.0, 'train/pg_clipfrac': 0.0, 'train/ppo_kl': 0.0, 'train/ess_ratio': 1.0, 'train/train_rollout_logprob_abs_diff': 0.01285215001553297, 'train/train_rollout_kl': 0.0006194221787154675, 'train/grad_norm': 0.54714035987854, 'train/lr-pg_0': 3.333333333333334e-06, 'train/step': 1}
[algo2a-g1-rpp-l0-modal] 
[algo2a-g1-rpp-l0-modal] [36m(MegatronTrainRayActor pid=2793)[0m [2026-09-29 18:50:14.645 actor_cell00000_rank00000] model.py:847 - step 1: {'train/loss': -0.07423076778650284, 'train/pg_loss': -0.07423076778650284, 'train/entropy_loss': 0.0, 'train/pg_clipfrac': 0.0, 'train/ppo_kl': 0.0, 'train/ess_ratio': 1.0, 'train/train_rollout_logprob_abs_diff': 0.01285215001553297, 'train/train_rollout_kl': 0.0006194221787154675, 'train/grad_norm': 0.54714035987854, 'train/lr-pg_0': 3.333333333333334e-06, 'train/step': 1}
[algo2a-g1-rpp-l0-modal] 
[algo2a-g1-rpp-l0-modal] [36m(MegatronTrainRayActor pid=2793)[0m [2026-09-29 18:50:14.646 actor_cell00000_rank00000] timer.py:42 - Timer actor_train end (elapsed: 8.5s)
[algo2a-g1-rpp-l0-modal] 
[algo2a-g1-rpp-l0-modal] [36m(MegatronTrainRayActor pid=2793)[0m [2026-09-29 18:50:14.646 actor_cell00000_rank00000] timer.py:42 - Timer train end (elapsed: 17.3s)
[algo2a-g1-rpp-l0-modal] 
[algo2a-g1-rpp-l0-modal] [36m(MegatronTrainRayActor pid=2793)[0m [2026-09-29 18:50:14.646 actor_cell00000_rank00000] timer.py:31 - Timer train_wait start
[algo2a-g1-rpp-l0-modal] 
[algo2a-g1-rpp-l0-modal] [36m(MegatronTrainRayActor pid=2793)[0m [2026-09-29 18:50:14.670 actor_cell00000_rank00000] train_metric_utils.py:56 - perf 1: {'perf/update_weights_implementation_time': 0.055649757385253906, 'perf/finalize_and_resume_engines_time': 0.07060456275939941, 'perf/update_weights_time': 0.1553041934967041, 'perf/sleep_time': 1.24452543258667, 'perf/wake_up_time': 0.7460649013519287, 'perf/data_preprocess_time': 0.0041387081146240234, 'perf/train_wait_time': 10.081825971603394, 'perf/ref_log_probs_time': 4.493165493011475, 'perf/log_probs_time': 4.206711530685425, 'perf/actor_train_time': 8.478862285614014, 'perf/train_time': 17.342482805252075, 'perf/log_probs_tflops': 2.0415500660965624, 'perf/ref_log_probs_tflops': 1.9113945873744977, 'perf/actor_train_tflops': 3.038690303329322, 'perf/actor_train_tok_per_s': 946.4713224103101, 'perf/mfu_peak_tflops': 989.0, 'perf/actor_train_mfu': 0.003072487667673733, 'perf/step_time': 27.42430877685547, 'perf/wait_time_ratio': 0.3676237039787078}
[algo2a-g1-rpp-l0-modal] 
[algo2a-g1-rpp-l0-modal] [36m(MegatronTrainRayActor pid=2793)[0m [2026-09-29 18:50:14.670 actor_cell00000_rank00000] structured_log.py:28 - actor cls=MegatronTrainRayActor fn=_train_actor phase=end ok=true elapsed_s=17.4
[algo2a-g1-rpp-l0-modal] 
[algo2a-g1-rpp-l0-modal] [36m(MegatronTrainRayActor pid=2793)[0m [2026-09-29 18:50:14.671 actor_cell00000_rank00000] structured_log.py:28 - actor cls=MegatronTrainRayActor fn=train phase=end ok=true elapsed_s=17.4
[algo2a-g1-rpp-l0-modal] 
[algo2a-g1-rpp-l0-modal] [36m(TrainerController pid=2510)[0m [2026-09-29 18:50:14.679 trainer_controller_actor] cell.py:239 - ft op=execute phase=end cell=trainer-engine-actor-00000 fn=run_plugin ok=true elapsed_s=0.0
[algo2a-g1-rpp-l0-modal] 
[algo2a-g1-rpp-l0-modal] [36m(TrainerController pid=2510)[0m [2026-09-29 18:50:14.681 trainer_controller_actor] cell.py:231 - ft op=execute phase=start cell=trainer-engine-actor-00000 fn=run_plugin n_actors=1
[algo2a-g1-rpp-l0-modal] 
[algo2a-g1-rpp-l0-modal] YETO_RL_EVENT {"clip_fraction":null,"event":"rl_round_trained","island_id":0,"masked_fraction":null,"nonzero_advantages":null,"rollout_id":1,"time_unix":1790707814.6849718,"trained_groups":4,"trained_sample_ids_sha256":"2db44ca8e1db6f0b44c22e6134a0eb33edb7e03f9323974771a6138c41bc9a04","trained_samples":32}
[algo2a-g1-rpp-l0-modal] 
[algo2a-g1-rpp-l0-modal] YETO_RL_EVENT {"event":"rl_driver_phase","island_id":0,"phase":"sync","rollout_id":1,"time_unix":1790707814.685427}
[algo2a-g1-rpp-l0-modal] 
[algo2a-g1-rpp-l0-modal] [36m(TrainerController pid=2510)[0m [2026-09-29 18:50:14.683 trainer_controller_actor] cell.py:239 - ft op=execute phase=end cell=trainer-engine-actor-00000 fn=run_plugin ok=true elapsed_s=0.0
[algo2a-g1-rpp-l0-modal] 
[algo2a-g1-rpp-l0-modal] [36m(TrainerController pid=2510)[0m [2026-09-29 18:50:14.686 trainer_controller_actor] cell.py:231 - ft op=execute phase=start cell=trainer-engine-actor-00000 fn=run_plugin n_actors=1
[algo2a-g1-rpp-l0-modal] 
[algo2a-g1-rpp-l0-modal] [36m(TrainerController pid=2510)[0m [2026-09-29 18:50:14.938 trainer_controller_actor] cell.py:239 - ft op=execute phase=end cell=trainer-engine-actor-00000 fn=run_plugin ok=true elapsed_s=0.3
[algo2a-g1-rpp-l0-modal] 
[algo2a-g1-rpp-l0-modal] YETO_RL_EVENT {"action_tokens":5001,"active_groups":4,"applied_lr":6.666666666666668e-06,"applied_lrs":[6.666666666666668e-06],"base_policy_version":1,"cancelled_groups":0,"clip_fraction":null,"completed_groups":4,"completed_trajectories":32,"delta_l2_norm":0.0,"dynamic_filter_dropped_groups":0,"dynamic_filter_generated_groups":0,"dynamic_filter_replacement_attempts":0,"ess_ratio":null,"event":"rl_local_round","grad_norm":0.54714035987854,"group_p50_seconds":0.0,"group_p95_seconds":0.0,"group_p99_seconds":0.0,"island_id":0,"local_round_id":2,"loss":null,"lr":null,"mean_kl":null,"nonzero_advantage_count":null,"pass_rate":null,"pg_loss":null,"reward_mean":0.375,"reward_std":0.4841229182759271,"rollout_seconds":7.410864774000004,"time_unix":1790707815.165357,"tool_wait_seconds":0.0,"train_seconds":17.388735973999985,"train_step":null,"zero_variance_group_ratio":0.25}
[algo2a-g1-rpp-l0-modal] 
[algo2a-g1-rpp-l0-modal] YETO_RL_EVENT {"event":"rl_driver_phase","island_id":0,"phase":"publish","policy_version":2,"time_unix":1790707815.2240138}
[algo2a-g1-rpp-l0-modal] 
[algo2a-g1-rpp-l0-modal] [36m(TrainerController pid=2510)[0m [2026-09-29 18:50:15.281 trainer_controller_actor] cell.py:231 - ft op=execute phase=start cell=trainer-engine-actor-00000 fn=run_plugin n_actors=1
[algo2a-g1-rpp-l0-modal] 
[algo2a-g1-rpp-l0-modal] [36m(TrainerController pid=2510)[0m [2026-09-29 18:50:15.593 trainer_controller_actor] cell.py:239 - ft op=execute phase=end cell=trainer-engine-actor-00000 fn=run_plugin ok=true elapsed_s=0.3
[algo2a-g1-rpp-l0-modal] 
[algo2a-g1-rpp-l0-modal] [36m(InferenceController pid=2504)[0m [2026-09-29 18:50:15.956 inference_controller] _client.py:1740 - HTTP Request: POST http://172.20.0.160:20000/resume_memory_occupation "HTTP/1.1 200 OK"
[algo2a-g1-rpp-l0-modal] 
[algo2a-g1-rpp-l0-modal] [36m(CommandActor pid=2505)[0m [2026-09-29 18:50:15] INFO:     172.20.0.160:32859 - "POST /resume_memory_occupation HTTP/1.1" 200 OK
[algo2a-g1-rpp-l0-modal] 
[algo2a-g1-rpp-l0-modal] [36m(CommandActor pid=2505)[0m [2026-09-29 18:50:15] INFO:     172.20.0.160:45149 - "POST /pause_generation HTTP/1.1" 200 OK
[algo2a-g1-rpp-l0-modal] [36m(CommandActor pid=2505)[0m [2026-09-29 18:50:15] INFO:     172.20.0.160:45149 - "GET /flush_cache HTTP/1.1" 200 OK
[algo2a-g1-rpp-l0-modal] 
[algo2a-g1-rpp-l0-modal] [36m(CommandActor pid=2505)[0m [2026-09-29 18:50:15] INFO:     172.20.0.160:45149 - "POST /begin_weight_update HTTP/1.1" 200 OK
[algo2a-g1-rpp-l0-modal] 
[algo2a-g1-rpp-l0-modal] [36m(CommandActor pid=2505)[0m [2026-09-29 18:50:15] Cache flush skipped: KV cache memory is released.
[algo2a-g1-rpp-l0-modal] 
[algo2a-g1-rpp-l0-modal] [36m(TrainerController pid=2510)[0m [2026-09-29 18:50:15.963 trainer_controller_actor] group.py:392 - ft op=update_weights phase=start rollout=
[algo2a-g1-rpp-l0-modal] 
[algo2a-g1-rpp-l0-modal] [36m(TrainerController pid=2510)[0m [2026-09-29 18:50:15.963 trainer_controller_actor] cell.py:231 - ft op=execute phase=start cell=trainer-engine-actor-00000 fn=update_weights n_actors=1
[algo2a-g1-rpp-l0-modal] 
[algo2a-g1-rpp-l0-modal] [36m(MegatronTrainRayActor pid=2793)[0m [2026-09-29 18:50:15.964 actor_cell00000_rank00000] structured_log.py:24 - actor cls=MegatronTrainRayActor fn=update_weights phase=start
[algo2a-g1-rpp-l0-modal] 
[algo2a-g1-rpp-l0-modal] [36m(MegatronTrainRayActor pid=2793)[0m [2026-09-29 18:50:15.965 actor_cell00000_rank00000] timer.py:31 - Timer update_weights start
[algo2a-g1-rpp-l0-modal] 
[algo2a-g1-rpp-l0-modal] [36m(MegatronTrainRayActor pid=2793)[0m [2026-09-29 18:50:15.965 actor_cell00000_rank00000] memory_utils.py:41 - [Rank 0] Memory-Usage before update_weights: {'gpu': '0', 'total_GB': 79.18, 'free_GB': 68.24, 'used_GB': 10.94, 'allocated_GB': 1.38, 'reserved_GB': 4.7}
[algo2a-g1-rpp-l0-modal] 
[algo2a-g1-rpp-l0-modal] [36m(MegatronTrainRayActor pid=2793)[0m [2026-09-29 18:50:15.969 actor_cell00000_rank00000] _client.py:1740 - HTTP Request: POST http://172.20.0.160:20000/pause_generation "HTTP/1.1 200 OK"
[algo2a-g1-rpp-l0-modal] 
[algo2a-g1-rpp-l0-modal] [36m(MegatronTrainRayActor pid=2793)[0m [2026-09-29 18:50:15.971 actor_cell00000_rank00000] _client.py:1740 - HTTP Request: GET http://172.20.0.160:20000/flush_cache "HTTP/1.1 200 OK"
[algo2a-g1-rpp-l0-modal] 
[algo2a-g1-rpp-l0-modal] [36m(MegatronTrainRayActor pid=2793)[0m [2026-09-29 18:50:15.974 actor_cell00000_rank00000] _client.py:1740 - HTTP Request: POST http://172.20.0.160:20000/begin_weight_update "HTTP/1.1 200 OK"
[algo2a-g1-rpp-l0-modal] 
[algo2a-g1-rpp-l0-modal] [36m(MegatronTrainRayActor pid=2793)[0m [2026-09-29 18:50:15.975 actor_cell00000_rank00000] timer.py:31 - Timer update_weights_implementation start
[algo2a-g1-rpp-l0-modal] 
[algo2a-g1-rpp-l0-modal] [36m(MegatronTrainRayActor pid=2793)[0m 
[miles-colocate] Update weights: 0it [00:00, ?it/s]
[algo2a-g1-rpp-l0-modal] 
[algo2a-g1-rpp-l0-modal] [36m(CommandActor pid=2505)[0m [2026-09-29 18:50:16] INFO:     172.20.0.160:45149 - "POST /update_weights_from_tensor HTTP/1.1" 200 OK
[algo2a-g1-rpp-l0-modal] 
[algo2a-g1-rpp-l0-modal] [36m(CommandActor pid=2505)[0m [2026-09-29 18:50:16] LoRA adapter loading from tensors starts: LoRARef(lora_id=504f77835dc54a4c8bfce4be533b2d7f, lora_name=miles_lora, lora_path=__stream__, pinned=False, reloadable=False).
[algo2a-g1-rpp-l0-modal] 
[algo2a-g1-rpp-l0-modal] [36m(CommandActor pid=2505)[0m [2026-09-29 18:50:16] LoRA adapter '504f77835dc54a4c8bfce4be533b2d7f': loaded weights for target modules ['down_proj', 'gate_up_proj', 'o_proj', 'qkv_proj'].
[algo2a-g1-rpp-l0-modal] 
[algo2a-g1-rpp-l0-modal] [36m(MegatronTrainRayActor pid=2793)[0m [2026-09-29 18:50:16.087 actor_cell00000_rank00000] _client.py:1740 - HTTP Request: POST http://172.20.0.160:20000/update_weights_from_tensor "HTTP/1.1 200 OK"
[algo2a-g1-rpp-l0-modal] 
[algo2a-g1-rpp-l0-modal] [36m(MegatronTrainRayActor pid=2793)[0m 
[miles-colocate] Update weights: 1it [00:00,  8.89it/s][2026-09-29 18:50:16.088 actor_cell00000_rank00000] timer.py:42 - Timer update_weights_implementation end (elapsed: 0.1s)
[algo2a-g1-rpp-l0-modal] 
[algo2a-g1-rpp-l0-modal] [36m(MegatronTrainRayActor pid=2793)[0m [2026-09-29 18:50:16.088 actor_cell00000_rank00000] timer.py:31 - Timer finalize_and_resume_engines start
[algo2a-g1-rpp-l0-modal] 
[algo2a-g1-rpp-l0-modal] [36m(CommandActor pid=2505)[0m [2026-09-29 18:50:16] INFO:     172.20.0.160:45149 - "POST /end_weight_update HTTP/1.1" 200 OK
[algo2a-g1-rpp-l0-modal] 
[algo2a-g1-rpp-l0-modal] [36m(CommandActor pid=2505)[0m [2026-09-29 18:50:16] INFO:     172.20.0.160:45149 - "POST /update_weight_version HTTP/1.1" 200 OK
[algo2a-g1-rpp-l0-modal] 
[algo2a-g1-rpp-l0-modal] [36m(CommandActor pid=2505)[0m [2026-09-29 18:50:16] INFO:     172.20.0.160:45149 - "POST /continue_generation HTTP/1.1" 200 OK
[algo2a-g1-rpp-l0-modal] 
[algo2a-g1-rpp-l0-modal] [36m(CommandActor pid=2505)[0m [2026-09-29 18:50:16] LoRA adapter loading from tensors completes: LoRARef(lora_id=504f77835dc54a4c8bfce4be533b2d7f, lora_name=miles_lora, lora_path=__stream__, pinned=False, reloadable=False).
[algo2a-g1-rpp-l0-modal] 
[algo2a-g1-rpp-l0-modal] [36m(CommandActor pid=2505)[0m [2026-09-29 18:50:16] Weight version changed. old_version='yeto:1:345ce50c40f322aef436a265715af3fe9b060f678436129da91ba4d4a39fc708' new_version='3' num_recorded=0
[algo2a-g1-rpp-l0-modal] 
[algo2a-g1-rpp-l0-modal] [36m(CommandActor pid=2505)[0m [2026-09-29 18:50:16] [continue_generation] torch.cuda.empty_cache() called: reserved 32306.0 MB -> 32266.0 MB (freed 40.0 MB)
[algo2a-g1-rpp-l0-modal] 
[algo2a-g1-rpp-l0-modal] [36m(TrainerController pid=2510)[0m [2026-09-29 18:50:16.171 trainer_controller_actor] cell.py:239 - ft op=execute phase=end cell=trainer-engine-actor-00000 fn=update_weights ok=true elapsed_s=0.2
[algo2a-g1-rpp-l0-modal] 
[algo2a-g1-rpp-l0-modal] [36m(MegatronTrainRayActor pid=2793)[0m [2026-09-29 18:50:16.136 actor_cell00000_rank00000] _client.py:1740 - HTTP Request: POST http://172.20.0.160:20000/end_weight_update "HTTP/1.1 200 OK"
[algo2a-g1-rpp-l0-modal] 
[algo2a-g1-rpp-l0-modal] [36m(MegatronTrainRayActor pid=2793)[0m [2026-09-29 18:50:16.139 actor_cell00000_rank00000] _client.py:1740 - HTTP Request: POST http://172.20.0.160:20000/update_weight_version "HTTP/1.1 200 OK"
[algo2a-g1-rpp-l0-modal] 
[algo2a-g1-rpp-l0-modal] [36m(MegatronTrainRayActor pid=2793)[0m [2026-09-29 18:50:16.141 actor_cell00000_rank00000] _client.py:1740 - HTTP Request: POST http://172.20.0.160:20000/continue_generation "HTTP/1.1 200 OK"
[algo2a-g1-rpp-l0-modal] 
[algo2a-g1-rpp-l0-modal] [36m(MegatronTrainRayActor pid=2793)[0m [2026-09-29 18:50:16.142 actor_cell00000_rank00000] timer.py:42 - Timer finalize_and_resume_engines end (elapsed: 0.1s)
[algo2a-g1-rpp-l0-modal] 
[algo2a-g1-rpp-l0-modal] [36m(MegatronTrainRayActor pid=2793)[0m 
[miles-colocate] Update weights: 1it [00:00,  5.18it/s]
[algo2a-g1-rpp-l0-modal] 
[algo2a-g1-rpp-l0-modal] [36m(MegatronTrainRayActor pid=2793)[0m [2026-09-29 18:50:16.169 actor_cell00000_rank00000] memory_utils.py:41 - [Rank 0] Memory-Usage after update_weights: {'gpu': '0', 'total_GB': 79.18, 'free_GB': 71.47, 'used_GB': 7.71, 'allocated_GB': 1.38, 'reserved_GB': 1.49}
[algo2a-g1-rpp-l0-modal] 
[algo2a-g1-rpp-l0-modal] [36m(MegatronTrainRayActor pid=2793)[0m [2026-09-29 18:50:16.170 actor_cell00000_rank00000] timer.py:42 - Timer update_weights end (elapsed: 0.2s)
[algo2a-g1-rpp-l0-modal] 
[algo2a-g1-rpp-l0-modal] [36m(MegatronTrainRayActor pid=2793)[0m [2026-09-29 18:50:16.170 actor_cell00000_rank00000] structured_log.py:28 - actor cls=MegatronTrainRayActor fn=update_weights phase=end ok=true elapsed_s=0.2
[algo2a-g1-rpp-l0-modal] 
[algo2a-g1-rpp-l0-modal] YETO_RL_EVENT {"event":"rl_publication","island_id":0,"policy_version":2,"rl/policy_token":"yeto:2:23fb37e7af522baac0c81465d37d03720ba47c76cd739541d7c41907b76d8530","sync/publication_members":["engine:inference-engine-all-0-0-00000"],"sync/publication_payload_bytes":40370176,"sync/publication_payload_hash":"21ccddda675e1db71542d31c9d0e44b162357f8fd0003ba8e5cde85f0d1a80fa","time_unix":1790707816.296051}
[algo2a-g1-rpp-l0-modal] 
[algo2a-g1-rpp-l0-modal] YETO_RL_EVENT {"event":"rl_driver_phase","island_id":0,"phase":"offload","rollout_id":2,"time_unix":1790707816.296936}
[algo2a-g1-rpp-l0-modal] 
[algo2a-g1-rpp-l0-modal] [36m(InferenceController pid=2504)[0m [2026-09-29 18:50:16.251 inference_controller] _client.py:1740 - HTTP Request: POST http://172.20.0.160:20000/resume_memory_occupation "HTTP/1.1 200 OK"
[algo2a-g1-rpp-l0-modal] 
[algo2a-g1-rpp-l0-modal] [36m(InferenceController pid=2504)[0m [2026-09-29 18:50:16.289 inference_controller] _client.py:1740 - HTTP Request: POST http://172.20.0.160:20000/weights_checker "HTTP/1.1 200 OK"
[algo2a-g1-rpp-l0-modal] 
[algo2a-g1-rpp-l0-modal] [36m(CommandActor pid=2505)[0m [2026-09-29 18:50:16] INFO:     172.20.0.160:32859 - "POST /resume_memory_occupation HTTP/1.1" 200 OK
[algo2a-g1-rpp-l0-modal] 
[algo2a-g1-rpp-l0-modal] [36m(CommandActor pid=2505)[0m [2026-09-29 18:50:16] INFO:     172.20.0.160:33538 - "POST /update_weight_version HTTP/1.1" 200 OK
[algo2a-g1-rpp-l0-modal] 
[algo2a-g1-rpp-l0-modal] [36m(CommandActor pid=2505)[0m [2026-09-29 18:50:16] INFO:     172.20.0.160:33538 - "GET /model_info HTTP/1.1" 200 OK
[algo2a-g1-rpp-l0-modal] 
[algo2a-g1-rpp-l0-modal] [36m(CommandActor pid=2505)[0m [2026-09-29 18:50:16] INFO:     172.20.0.160:32859 - "POST /weights_checker HTTP/1.1" 200 OK
[algo2a-g1-rpp-l0-modal] 
[algo2a-g1-rpp-l0-modal] [36m(CommandActor pid=2505)[0m [2026-09-29 18:50:16] Weight version changed. old_version='3' new_version='yeto:2:23fb37e7af522baac0c81465d37d03720ba47c76cd739541d7c41907b76d8530' num_recorded=0
[algo2a-g1-rpp-l0-modal] 
[algo2a-g1-rpp-l0-modal] [36m(CommandActor pid=2505)[0m [2026-09-29 18:50:16] [WeightChecker] handle action=checksum allow_quant_error=False skip_tensor_list=None
[algo2a-g1-rpp-l0-modal] 
[algo2a-g1-rpp-l0-modal] [36m(CommandActor pid=2505)[0m [2026-09-29 18:50:16] [WeightChecker] checksum computed for 226 tensors in 0.020s
[algo2a-g1-rpp-l0-modal] 
[algo2a-g1-rpp-l0-modal] [36m(TrainerController pid=2510)[0m [2026-09-29 18:50:16.298 trainer_controller_actor] cell.py:231 - ft op=execute phase=start cell=trainer-engine-actor-00000 fn=sleep n_actors=1
[algo2a-g1-rpp-l0-modal] 
[algo2a-g1-rpp-l0-modal] [36m(MegatronTrainRayActor pid=2793)[0m [2026-09-29 18:50:16.299 actor_cell00000_rank00000] structured_log.py:24 - actor cls=MegatronTrainRayActor fn=sleep phase=start
[algo2a-g1-rpp-l0-modal] 
[algo2a-g1-rpp-l0-modal] [36m(MegatronTrainRayActor pid=2793)[0m [2026-09-29 18:50:16.299 actor_cell00000_rank00000] timer.py:31 - Timer sleep start
[algo2a-g1-rpp-l0-modal] 
[algo2a-g1-rpp-l0-modal] [36m(MegatronTrainRayActor pid=2793)[0m [2026-09-29 18:50:16.910 actor_cell00000_rank00000] memory_utils.py:41 - [Rank 0] Memory-Usage before offload model: {'gpu': '0', 'total_GB': 79.18, 'free_GB': 41.44, 'used_GB': 37.74, 'allocated_GB': 1.38, 'reserved_GB': 1.47}
[algo2a-g1-rpp-l0-modal] 
[algo2a-g1-rpp-l0-modal] YETO_RL_EVENT {"event":"rl_driver_phase","island_id":0,"phase":"generate","policy_version":2,"rollout_id":2,"time_unix":1790707817.276129}
[algo2a-g1-rpp-l0-modal] 
[algo2a-g1-rpp-l0-modal] [36m(RolloutExecutor pid=2503)[0m 
Rollout generation:   0%|          | 0/32 [00:00<?, ?it/s]
[algo2a-g1-rpp-l0-modal] 
[algo2a-g1-rpp-l0-modal] [36m(TrainerController pid=2510)[0m [2026-09-29 18:50:17.274 trainer_controller_actor] cell.py:239 - ft op=execute phase=end cell=trainer-engine-actor-00000 fn=sleep ok=true elapsed_s=1.0
[algo2a-g1-rpp-l0-modal] 
[algo2a-g1-rpp-l0-modal] [36m(MegatronTrainRayActor pid=2793)[0m [2026-09-29 18:50:17.272 actor_cell00000_rank00000] memory_utils.py:41 - [Rank 0] Memory-Usage after offload model: {'gpu': '0', 'total_GB': 79.18, 'free_GB': 42.89, 'used_GB': 36.29, 'allocated_GB': 1.38, 'reserved_GB': 1.47}
[algo2a-g1-rpp-l0-modal] 
[algo2a-g1-rpp-l0-modal] [36m(MegatronTrainRayActor pid=2793)[0m [2026-09-29 18:50:17.272 actor_cell00000_rank00000] log_utils.py:436 - [CPU memory] after_offload_train: 43.74 GB (rollout_id=1, step=1)
[algo2a-g1-rpp-l0-modal] 
[algo2a-g1-rpp-l0-modal] [36m(MegatronTrainRayActor pid=2793)[0m [2026-09-29 18:50:17.273 actor_cell00000_rank00000] timer.py:42 - Timer sleep end (elapsed: 1.0s)
[algo2a-g1-rpp-l0-modal] 
[algo2a-g1-rpp-l0-modal] [36m(MegatronTrainRayActor pid=2793)[0m [2026-09-29 18:50:17.273 actor_cell00000_rank00000] structured_log.py:28 - actor cls=MegatronTrainRayActor fn=sleep phase=end ok=true elapsed_s=1.0
[algo2a-g1-rpp-l0-modal] 
[algo2a-g1-rpp-l0-modal] [36m(CommandActor pid=2505)[0m [2026-09-29 18:50:19] Prefill batch, #new-seq: 1, #new-token: 141, #cached-token: 0, token usage: 0.01, #running-req: 0, #queue-req: 0, #pending-token: 0, cuda graph: False, input throughput (token/s): 5.61
[algo2a-g1-rpp-l0-modal] 
[algo2a-g1-rpp-l0-modal] [36m(CommandActor pid=2505)[0m [2026-09-29 18:50:19] Prefill batch, #new-seq: 31, #new-token: 3675, #cached-token: 0, token usage: 0.00, #running-req: 1, #queue-req: 0, #pending-token: 0, cuda graph: False, input throughput (token/s): 352985.62
[algo2a-g1-rpp-l0-modal] 
[algo2a-g1-rpp-l0-modal] [36m(CommandActor pid=2505)[0m [2026-09-29 18:50:19] Decode batch, #running-req: 32, #token: 1722, token usage: 0.01, cuda graph: True, gen throughput (token/s): 54.27, #queue-req: 0
[algo2a-g1-rpp-l0-modal] 
[algo2a-g1-rpp-l0-modal] [36m(CommandActor pid=2505)[0m [2026-09-29 18:50:19] INFO:     172.20.0.160:18151 - "POST /generate HTTP/1.1" 200 OK
[algo2a-g1-rpp-l0-modal] 
[algo2a-g1-rpp-l0-modal] [36m(CommandActor pid=2505)[0m [2026-09-29 18:50:19] Decode batch, #running-req: 31, #token: 2921, token usage: 0.01, cuda graph: True, gen throughput (token/s): 6112.54, #queue-req: 0
[algo2a-g1-rpp-l0-modal] 
[algo2a-g1-rpp-l0-modal] [36m(CommandActor pid=2505)[0m [2026-09-29 18:50:19] INFO:     172.20.0.160:41623 - "POST /generate HTTP/1.1" 200 OK
[algo2a-g1-rpp-l0-modal] 
[algo2a-g1-rpp-l0-modal] [36m(CommandActor pid=2505)[0m [2026-09-29 18:50:20] INFO:     172.20.0.160:50677 - "POST /generate HTTP/1.1" 200 OK
[algo2a-g1-rpp-l0-modal] 
[algo2a-g1-rpp-l0-modal] [36m(CommandActor pid=2505)[0m [2026-09-29 18:50:20] Decode batch, #running-req: 29, #token: 3919, token usage: 0.01, cuda graph: True, gen throughput (token/s): 5975.59, #queue-req: 0
[algo2a-g1-rpp-l0-modal] 
[algo2a-g1-rpp-l0-modal] [36m(CommandActor pid=2505)[0m [2026-09-29 18:50:20] INFO:     172.20.0.160:16267 - "POST /generate HTTP/1.1" 200 OK
[algo2a-g1-rpp-l0-modal] 
[algo2a-g1-rpp-l0-modal] [36m(CommandActor pid=2505)[0m [2026-09-29 18:50:20] INFO:     172.20.0.160:58500 - "POST /generate HTTP/1.1" 200 OK
[algo2a-g1-rpp-l0-modal] 
[algo2a-g1-rpp-l0-modal] [36m(CommandActor pid=2505)[0m [2026-09-29 18:50:20] INFO:     172.20.0.160:52858 - "POST /generate HTTP/1.1" 200 OK
[algo2a-g1-rpp-l0-modal] 
[algo2a-g1-rpp-l0-modal] [36m(CommandActor pid=2505)[0m [2026-09-29 18:50:20] INFO:     172.20.0.160:16499 - "POST /generate HTTP/1.1" 200 OK
[algo2a-g1-rpp-l0-modal] 
[algo2a-g1-rpp-l0-modal] [36m(CommandActor pid=2505)[0m [2026-09-29 18:50:20] Decode batch, #running-req: 25, #token: 4435, token usage: 0.02, cuda graph: True, gen throughput (token/s): 5255.36, #queue-req: 0
[algo2a-g1-rpp-l0-modal] 
[algo2a-g1-rpp-l0-modal] [36m(CommandActor pid=2505)[0m [2026-09-29 18:50:20] INFO:     172.20.0.160:30155 - "POST /generate HTTP/1.1" 200 OK
[algo2a-g1-rpp-l0-modal] 
[algo2a-g1-rpp-l0-modal] [36m(CommandActor pid=2505)[0m [2026-09-29 18:50:20] INFO:     172.20.0.160:57511 - "POST /generate HTTP/1.1" 200 OK
[algo2a-g1-rpp-l0-modal] 
[algo2a-g1-rpp-l0-modal] [36m(CommandActor pid=2505)[0m [2026-09-29 18:50:20] INFO:     172.20.0.160:48473 - "POST /generate HTTP/1.1" 200 OK
[algo2a-g1-rpp-l0-modal] 
[algo2a-g1-rpp-l0-modal] [36m(CommandActor pid=2505)[0m [2026-09-29 18:50:20] Decode batch, #running-req: 22, #token: 4832, token usage: 0.02, cuda graph: True, gen throughput (token/s): 4463.86, #queue-req: 0
[algo2a-g1-rpp-l0-modal] 
[algo2a-g1-rpp-l0-modal] [36m(RolloutExecutor pid=2503)[0m [2026-09-29 18:50:20.470 rollout_executor] inference_rollout_train.py:137 - First rollout sample: text_preview=<|im_start|>system\nYou are a helpful assistant. Please put the answer within \boxed{}.<|im_end|>\n<|im_start|>user\nAlexis is applying for a new job and bought a new set of business clothes to wear to the interview. She went to a department store with a budget of $200 and spent $30 on a button-up shirt, $46 on suit pants, $38 on a suit coat, $11 on socks, and $18 on a belt. She also purchased a pair of shoes, but lost the receipt for them. She has $16 left from her budget. How much did Alexis pay for the s...<truncated chars=409>, label=41, reward_summary=0.0
[algo2a-g1-rpp-l0-modal] 
[algo2a-g1-rpp-l0-modal] [36m(RolloutExecutor pid=2503)[0m 
Rollout generation:  25%|██▌       | 8/32 [00:03<00:09,  2.51it/s]
[algo2a-g1-rpp-l0-modal] 
[algo2a-g1-rpp-l0-modal] [36m(CommandActor pid=2505)[0m [2026-09-29 18:50:20] INFO:     172.20.0.160:58760 - "POST /generate HTTP/1.1" 200 OK
[algo2a-g1-rpp-l0-modal] 
[algo2a-g1-rpp-l0-modal] [36m(CommandActor pid=2505)[0m [2026-09-29 18:50:20] INFO:     172.20.0.160:24269 - "POST /generate HTTP/1.1" 200 OK
[algo2a-g1-rpp-l0-modal] 
[algo2a-g1-rpp-l0-modal] [36m(CommandActor pid=2505)[0m [2026-09-29 18:50:20] INFO:     172.20.0.160:49836 - "POST /generate HTTP/1.1" 200 OK
[algo2a-g1-rpp-l0-modal] 
[algo2a-g1-rpp-l0-modal] [36m(CommandActor pid=2505)[0m [2026-09-29 18:50:20] INFO:     172.20.0.160:32516 - "POST /generate HTTP/1.1" 200 OK
[algo2a-g1-rpp-l0-modal] 
[algo2a-g1-rpp-l0-modal] [36m(CommandActor pid=2505)[0m [2026-09-29 18:50:20] INFO:     172.20.0.160:26351 - "POST /generate HTTP/1.1" 200 OK
[algo2a-g1-rpp-l0-modal] 
[algo2a-g1-rpp-l0-modal] [36m(CommandActor pid=2505)[0m [2026-09-29 18:50:20] INFO:     172.20.0.160:53077 - "POST /generate HTTP/1.1" 200 OK
[algo2a-g1-rpp-l0-modal] 
[algo2a-g1-rpp-l0-modal] [36m(CommandActor pid=2505)[0m [2026-09-29 18:50:20] Decode batch, #running-req: 17, #token: 4147, token usage: 0.02, cuda graph: True, gen throughput (token/s): 3648.62, #queue-req: 0
[algo2a-g1-rpp-l0-modal] 
[algo2a-g1-rpp-l0-modal] [36m(CommandActor pid=2505)[0m [2026-09-29 18:50:20] INFO:     172.20.0.160:29367 - "POST /generate HTTP/1.1" 200 OK
[algo2a-g1-rpp-l0-modal] 
[algo2a-g1-rpp-l0-modal] [36m(CommandActor pid=2505)[0m [2026-09-29 18:50:20] INFO:     172.20.0.160:64935 - "POST /generate HTTP/1.1" 200 OK
[algo2a-g1-rpp-l0-modal] 
[algo2a-g1-rpp-l0-modal] [36m(CommandActor pid=2505)[0m [2026-09-29 18:50:20] INFO:     172.20.0.160:18719 - "POST /generate HTTP/1.1" 200 OK
[algo2a-g1-rpp-l0-modal] 
[algo2a-g1-rpp-l0-modal] [36m(CommandActor pid=2505)[0m [2026-09-29 18:50:20] INFO:     172.20.0.160:42772 - "POST /generate HTTP/1.1" 200 OK
[algo2a-g1-rpp-l0-modal] 
[algo2a-g1-rpp-l0-modal] [36m(CommandActor pid=2505)[0m [2026-09-29 18:50:20] Decode batch, #running-req: 13, #token: 3663, token usage: 0.01, cuda graph: True, gen throughput (token/s): 3028.90, #queue-req: 0
[algo2a-g1-rpp-l0-modal] 
[algo2a-g1-rpp-l0-modal] [36m(RolloutExecutor pid=2503)[0m 
Rollout generation:  50%|█████     | 16/32 [00:03<00:03,  4.82it/s]
[algo2a-g1-rpp-l0-modal] 
[algo2a-g1-rpp-l0-modal] [36m(CommandActor pid=2505)[0m [2026-09-29 18:50:21] INFO:     172.20.0.160:57835 - "POST /generate HTTP/1.1" 200 OK
[algo2a-g1-rpp-l0-modal] 
[algo2a-g1-rpp-l0-modal] [36m(CommandActor pid=2505)[0m [2026-09-29 18:50:21] INFO:     172.20.0.160:60536 - "POST /generate HTTP/1.1" 200 OK
[algo2a-g1-rpp-l0-modal] [36m(CommandActor pid=2505)[0m [2026-09-29 18:50:21] Decode batch, #running-req: 12, #token: 3746, token usage: 0.01, cuda graph: True, gen throughput (token/s): 2411.70, #queue-req: 0
[algo2a-g1-rpp-l0-modal] 
[algo2a-g1-rpp-l0-modal] [36m(CommandActor pid=2505)[0m [2026-09-29 18:50:21] Decode batch, #running-req: 10, #token: 3825, token usage: 0.01, cuda graph: True, gen throughput (token/s): 1977.92, #queue-req: 0
[algo2a-g1-rpp-l0-modal] 
[algo2a-g1-rpp-l0-modal] [36m(RolloutExecutor pid=2503)[0m 
Rollout generation:  75%|███████▌  | 24/32 [00:04<00:01,  7.58it/s]
Rollout generation: 100%|██████████| 32/32 [00:04<00:00,  7.78it/s]
[algo2a-g1-rpp-l0-modal] 
[algo2a-g1-rpp-l0-modal] [36m(RolloutExecutor pid=2503)[0m [2026-09-29 18:50:21.397 rollout_executor] inference_rollout_train.py:161 - Finish rollout: text_preview=<|im_start|>system\nYou are a helpful assistant. Please put the answer within \boxed{}.<|im_end|>\n<|im_start|>user\nTobias is buying a new pair of shoes that costs $95. He has been saving up his money each month for the past three months. He gets a $5 allowance a month. He also mows lawns and shovels driveways. He charges $15 to mow a lawn and $7 to shovel. After buying the shoes, he has $15 in change. If he mows 4 lawns, how many driveways did he shovel?<|im_end|>\n<|im_start|>assistant\n<think>\n\n</thin...<truncated chars=1152>, label=5, reward_summary=0.0
[algo2a-g1-rpp-l0-modal] 
[algo2a-g1-rpp-l0-modal] [36m(CommandActor pid=2505)[0m [2026-09-29 18:50:21] INFO:     172.20.0.160:24231 - "POST /generate HTTP/1.1" 200 OK
[algo2a-g1-rpp-l0-modal] 
[algo2a-g1-rpp-l0-modal] [36m(CommandActor pid=2505)[0m [2026-09-29 18:50:21] INFO:     172.20.0.160:27485 - "POST /generate HTTP/1.1" 200 OK
[algo2a-g1-rpp-l0-modal] 
[algo2a-g1-rpp-l0-modal] [36m(CommandActor pid=2505)[0m [2026-09-29 18:50:21] INFO:     172.20.0.160:37697 - "POST /generate HTTP/1.1" 200 OK
[algo2a-g1-rpp-l0-modal] 
[algo2a-g1-rpp-l0-modal] [36m(CommandActor pid=2505)[0m [2026-09-29 18:50:21] INFO:     172.20.0.160:28888 - "POST /generate HTTP/1.1" 200 OK
[algo2a-g1-rpp-l0-modal] 
[algo2a-g1-rpp-l0-modal] [36m(CommandActor pid=2505)[0m [2026-09-29 18:50:21] INFO:     172.20.0.160:62327 - "POST /generate HTTP/1.1" 200 OK
[algo2a-g1-rpp-l0-modal] 
[algo2a-g1-rpp-l0-modal] [36m(CommandActor pid=2505)[0m [2026-09-29 18:50:21] INFO:     172.20.0.160:43272 - "POST /generate HTTP/1.1" 200 OK
[algo2a-g1-rpp-l0-modal] 
[algo2a-g1-rpp-l0-modal] [36m(CommandActor pid=2505)[0m [2026-09-29 18:50:21] INFO:     172.20.0.160:35288 - "POST /generate HTTP/1.1" 200 OK
[algo2a-g1-rpp-l0-modal] 
[algo2a-g1-rpp-l0-modal] [36m(CommandActor pid=2505)[0m [2026-09-29 18:50:21] INFO:     172.20.0.160:18549 - "POST /generate HTTP/1.1" 200 OK
[algo2a-g1-rpp-l0-modal] 
[algo2a-g1-rpp-l0-modal] [36m(CommandActor pid=2505)[0m [2026-09-29 18:50:21] INFO:     172.20.0.160:39478 - "POST /generate HTTP/1.1" 200 OK
[algo2a-g1-rpp-l0-modal] 
[algo2a-g1-rpp-l0-modal] [36m(CommandActor pid=2505)[0m [2026-09-29 18:50:21] INFO:     172.20.0.160:21431 - "POST /generate HTTP/1.1" 200 OK
[algo2a-g1-rpp-l0-modal] 
[algo2a-g1-rpp-l0-modal] [36m(RolloutExecutor pid=2503)[0m [2026-09-29 18:50:21.399 rollout_executor] inference_rollout_train.py:33 - Abort request for ['http://172.20.0.160:20000']
[algo2a-g1-rpp-l0-modal] 
[algo2a-g1-rpp-l0-modal] [36m(CommandActor pid=2505)[0m [2026-09-29 18:50:21] INFO:     172.20.0.160:62271 - "POST /abort_request HTTP/1.1" 200 OK
[algo2a-g1-rpp-l0-modal] 
[algo2a-g1-rpp-l0-modal] [36m(RolloutExecutor pid=2503)[0m [2026-09-29 18:50:21.407 rollout_executor] rollout_data_conversion.py:39 - Final collected 32 samples from rollout to train
[algo2a-g1-rpp-l0-modal] 
[algo2a-g1-rpp-l0-modal] [36m(RolloutExecutor pid=2503)[0m [2026-09-29 18:50:21.407 rollout_executor] metrics.py:93 - perf 2: {'rollout/raw_reward_unfiltered': 0.125, 'rollout/num_training_samples': 32, 'rollout/episode_raw_reward': 0.125, 'rollout/episode_response_length/mean': 258.625, 'rollout/episode_response_length/median': 253.0, 'rollout/episode_response_length/max': 384, 'rollout/episode_response_length/min': 69, 'rollout/episode_total_response_length/mean': 258.625, 'rollout/response_len/mean': 258.625, 'rollout/response_len/median': 253.0, 'rollout/response_len/max': 384, 'rollout/response_len/min': 69, 'rollout/zero_std/count_0.0': 2, 'rollout/zero_std/all_zero_percentage': 0.5, 'rollout/zero_std/all_one_percentage': 0.0, 'rollout/prefix_cache_hit_rate': 0.0, 'rollout/avg_cached_tokens_per_sample': 0.0, 'rollout/repetition_frac': 0.0, 'rollout/truncated_ratio': 0.21875, 'perf/rollout_time': 4.1263251304626465, 'perf/tokens_per_gpu_per_sec': 2005.6587249759664, 'perf/longest_sample_tokens_per_sec': 93.06101382198781, 'perf/effective_tokens_per_gpu_per_sec': 2005.6587249759664, 'perf/longest_effective_sample_tokens_per_sec': 93.06101382198781}
[algo2a-g1-rpp-l0-modal] 
[algo2a-g1-rpp-l0-modal] [36m(RolloutExecutor pid=2503)[0m [2026-09-29 18:50:21.408 rollout_executor] train_data_conversion.py:334 - Rollout-side DP schedule: num_samples=32, num_rollouts=[32], num_microbatches=[32]
[algo2a-g1-rpp-l0-modal] 
[algo2a-g1-rpp-l0-modal] [36m(InferenceController pid=2504)[0m [2026-09-29 18:50:21.426 inference_controller] _client.py:1740 - HTTP Request: GET http://172.20.0.160:20000/flush_cache "HTTP/1.1 200 OK"
[algo2a-g1-rpp-l0-modal] 
[algo2a-g1-rpp-l0-modal] [36m(CommandActor pid=2505)[0m [2026-09-29 18:50:21] INFO:     172.20.0.160:61432 - "GET /flush_cache HTTP/1.1" 200 OK
[algo2a-g1-rpp-l0-modal] 
[algo2a-g1-rpp-l0-modal] [36m(CommandActor pid=2505)[0m [2026-09-29 18:50:21] Cache flushed successfully!
[algo2a-g1-rpp-l0-modal] 
[algo2a-g1-rpp-l0-modal] [36m(CommandActor pid=2505)[0m [2026-09-29 18:50:21] Cache flushed successfully!
[algo2a-g1-rpp-l0-modal] 
[algo2a-g1-rpp-l0-modal] YETO_RL_EVENT {"event":"rl_driver_phase","island_id":0,"phase":"onload","rollout_id":2,"time_unix":1790707821.8191335}
[algo2a-g1-rpp-l0-modal] 
[algo2a-g1-rpp-l0-modal] [36m(InferenceController pid=2504)[0m [2026-09-29 18:50:21.815 inference_controller] _client.py:1740 - HTTP Request: POST http://172.20.0.160:20000/release_memory_occupation "HTTP/1.1 200 OK"
[algo2a-g1-rpp-l0-modal] 
[algo2a-g1-rpp-l0-modal] [36m(CommandActor pid=2505)[0m [2026-09-29 18:50:21] INFO:     172.20.0.160:61432 - "POST /release_memory_occupation HTTP/1.1" 200 OK
[algo2a-g1-rpp-l0-modal] 
[algo2a-g1-rpp-l0-modal] [36m(TrainerController pid=2510)[0m [2026-09-29 18:50:21.820 trainer_controller_actor] cell.py:231 - ft op=execute phase=start cell=trainer-engine-actor-00000 fn=wake_up n_actors=1
[algo2a-g1-rpp-l0-modal] 
[algo2a-g1-rpp-l0-modal] [36m(MegatronTrainRayActor pid=2793)[0m [2026-09-29 18:50:21.821 actor_cell00000_rank00000] structured_log.py:24 - actor cls=MegatronTrainRayActor fn=wake_up phase=start
[algo2a-g1-rpp-l0-modal] 
[algo2a-g1-rpp-l0-modal] [36m(MegatronTrainRayActor pid=2793)[0m [2026-09-29 18:50:21.821 actor_cell00000_rank00000] timer.py:31 - Timer wake_up start
[algo2a-g1-rpp-l0-modal] 
[algo2a-g1-rpp-l0-modal] [36m(MegatronTrainRayActor pid=2793)[0m [2026-09-29 18:50:21.822 actor_cell00000_rank00000] memory_utils.py:41 - [Rank 0] Memory-Usage before wake_up model: {'gpu': '0', 'total_GB': 79.18, 'free_GB': 74.11, 'used_GB': 5.07, 'allocated_GB': 1.38, 'reserved_GB': 1.47}
[algo2a-g1-rpp-l0-modal] 
[algo2a-g1-rpp-l0-modal] YETO_RL_EVENT {"event":"rl_driver_phase","island_id":0,"phase":"train","rollout_id":2,"time_unix":1790707822.5914412}
[algo2a-g1-rpp-l0-modal] 
[algo2a-g1-rpp-l0-modal] [36m(TrainerController pid=2510)[0m [2026-09-29 18:50:22.589 trainer_controller_actor] cell.py:239 - ft op=execute phase=end cell=trainer-engine-actor-00000 fn=wake_up ok=true elapsed_s=0.8
[algo2a-g1-rpp-l0-modal] 
[algo2a-g1-rpp-l0-modal] [36m(TrainerController pid=2510)[0m [2026-09-29 18:50:22.593 trainer_controller_actor] group.py:190 - ft op=train phase=start rollout=2 attempt=0
[algo2a-g1-rpp-l0-modal] 
[algo2a-g1-rpp-l0-modal] [36m(TrainerController pid=2510)[0m [2026-09-29 18:50:22.593 trainer_controller_actor] group.py:534 - ft op=refresh phase=start rollout=2 alive=0 healing= all_states="(0, 'StateAllocatedAlive')" quorum=0
[algo2a-g1-rpp-l0-modal] 
[algo2a-g1-rpp-l0-modal] [36m(TrainerController pid=2510)[0m [2026-09-29 18:50:22.593 trainer_controller_actor] group.py:557 - ft op=refresh phase=decision rollout=2 needs_reconfigure=false reason=alive_config_unchanged,no_healing quorum=0
[algo2a-g1-rpp-l0-modal] 
[algo2a-g1-rpp-l0-modal] [36m(TrainerController pid=2510)[0m [2026-09-29 18:50:22.594 trainer_controller_actor] cell.py:231 - ft op=execute phase=start cell=trainer-engine-actor-00000 fn=train n_actors=1
[algo2a-g1-rpp-l0-modal] 
[algo2a-g1-rpp-l0-modal] [36m(MegatronTrainRayActor pid=2793)[0m [2026-09-29 18:50:22.587 actor_cell00000_rank00000] reloadable_process_group.py:151 - Reloading 0 process groups in pid 2793
[algo2a-g1-rpp-l0-modal] 
[algo2a-g1-rpp-l0-modal] [36m(MegatronTrainRayActor pid=2793)[0m [2026-09-29 18:50:22.588 actor_cell00000_rank00000] memory_utils.py:41 - [Rank 0] Memory-Usage after wake_up model: {'gpu': '0', 'total_GB': 79.18, 'free_GB': 72.66, 'used_GB': 6.52, 'allocated_GB': 1.38, 'reserved_GB': 1.47}
[algo2a-g1-rpp-l0-modal] 
[algo2a-g1-rpp-l0-modal] [36m(MegatronTrainRayActor pid=2793)[0m [2026-09-29 18:50:22.588 actor_cell00000_rank00000] timer.py:42 - Timer wake_up end (elapsed: 0.8s)
[algo2a-g1-rpp-l0-modal] 
[algo2a-g1-rpp-l0-modal] [36m(MegatronTrainRayActor pid=2793)[0m [2026-09-29 18:50:22.588 actor_cell00000_rank00000] structured_log.py:28 - actor cls=MegatronTrainRayActor fn=wake_up phase=end ok=true elapsed_s=0.8
[algo2a-g1-rpp-l0-modal] 
[algo2a-g1-rpp-l0-modal] [36m(MegatronTrainRayActor pid=2793)[0m [2026-09-29 18:50:22.595 actor_cell00000_rank00000] structured_log.py:24 - actor cls=MegatronTrainRayActor fn=train phase=start
[algo2a-g1-rpp-l0-modal] 
[algo2a-g1-rpp-l0-modal] [36m(MegatronTrainRayActor pid=2793)[0m [2026-09-29 18:50:22.595 actor_cell00000_rank00000] timer.py:31 - Timer data_preprocess start
[algo2a-g1-rpp-l0-modal] 
[algo2a-g1-rpp-l0-modal] [36m(MegatronTrainRayActor pid=2793)[0m [2026-09-29 18:50:22.600 actor_cell00000_rank00000] timer.py:42 - Timer data_preprocess end (elapsed: 0.0s)
[algo2a-g1-rpp-l0-modal] 
[algo2a-g1-rpp-l0-modal] [36m(MegatronTrainRayActor pid=2793)[0m [2026-09-29 18:50:22.600 actor_cell00000_rank00000] structured_log.py:24 - actor cls=MegatronTrainRayActor fn=_train_actor phase=start
[algo2a-g1-rpp-l0-modal] 
[algo2a-g1-rpp-l0-modal] [36m(MegatronTrainRayActor pid=2793)[0m [2026-09-29 18:50:22.600 actor_cell00000_rank00000] timer.py:42 - Timer train_wait end (elapsed: 8.0s)
[algo2a-g1-rpp-l0-modal] 
[algo2a-g1-rpp-l0-modal] [36m(MegatronTrainRayActor pid=2793)[0m [2026-09-29 18:50:22.600 actor_cell00000_rank00000] timer.py:31 - Timer train start
[algo2a-g1-rpp-l0-modal] 
[algo2a-g1-rpp-l0-modal] [36m(MegatronTrainRayActor pid=2793)[0m [2026-09-29 18:50:22.624 actor_cell00000_rank00000] structured_log.py:24 - actor cls=MegatronTrainRayActor fn=_compute_log_prob phase=start
[algo2a-g1-rpp-l0-modal] 
[algo2a-g1-rpp-l0-modal] [36m(MegatronTrainRayActor pid=2793)[0m [2026-09-29 18:50:22.624 actor_cell00000_rank00000] timer.py:31 - Timer ref_log_probs start
[algo2a-g1-rpp-l0-modal] 
[algo2a-g1-rpp-l0-modal] [2026-09-29 18:50:26.661 main] reporter.py:90 - audit op=env_report_summary hostname=modal versions="{\"python\":\"3.12.3\",\"platform\":\"Linux-4.19.0-gvisor-x86_64-with-glibc2.39\",\"miles\":\"0.1.1\",\"sglang\":\"0.5.21.dev67+g9f29303\",\"sglang-router\":\"0.3.2\",\"megatron-core\":\"0.19.0+a84b10547\",\"transformers\":\"5.12.1\",\"ray\":\"2.58.0\",\"flashinfer-python\":\"0.6.18\",\"torch\":\"2.13.0+cu130\",\"torch_cuda\":\"13.0\"}" repos="{\"miles\":\"0394715083c91182b5eb0c526eeee4196ac694b9\",\"megatron-core\":\"a84b105473eca9c9c6e49dbf1c8aa460c5cf796e\",\"sglang\":\"9f29303bef1eea38eb613e5f454a52db1326422d\"}" num_packages=425 num_env_vars=105 packages_probed=true stored=false
[algo2a-g1-rpp-l0-modal] [36m(MegatronTrainRayActor pid=2793)[0m [2026-09-29 18:50:27.423 actor_cell00000_rank00000] timer.py:42 - Timer ref_log_probs end (elapsed: 4.8s)
[algo2a-g1-rpp-l0-modal] 
[algo2a-g1-rpp-l0-modal] [36m(MegatronTrainRayActor pid=2793)[0m [2026-09-29 18:50:27.423 actor_cell00000_rank00000] structured_log.py:28 - actor cls=MegatronTrainRayActor fn=_compute_log_prob phase=end ok=true elapsed_s=4.8
[algo2a-g1-rpp-l0-modal] 
[algo2a-g1-rpp-l0-modal] [36m(MegatronTrainRayActor pid=2793)[0m [2026-09-29 18:50:27.447 actor_cell00000_rank00000] structured_log.py:24 - actor cls=MegatronTrainRayActor fn=_compute_log_prob phase=start
[algo2a-g1-rpp-l0-modal] 
[algo2a-g1-rpp-l0-modal] [36m(MegatronTrainRayActor pid=2793)[0m [2026-09-29 18:50:27.447 actor_cell00000_rank00000] timer.py:31 - Timer log_probs start
[algo2a-g1-rpp-l0-modal] 
[algo2a-g1-rpp-l0-modal] [36m(MegatronTrainRayActor pid=2793)[0m [2026-09-29 18:50:32.045 actor_cell00000_rank00000] timer.py:42 - Timer log_probs end (elapsed: 4.6s)
[algo2a-g1-rpp-l0-modal] 
[algo2a-g1-rpp-l0-modal] [36m(MegatronTrainRayActor pid=2793)[0m [2026-09-29 18:50:32.046 actor_cell00000_rank00000] structured_log.py:28 - actor cls=MegatronTrainRayActor fn=_compute_log_prob phase=end ok=true elapsed_s=4.6
[algo2a-g1-rpp-l0-modal] 
[algo2a-g1-rpp-l0-modal] [36m(MegatronTrainRayActor pid=2793)[0m [2026-09-29 18:50:32.219 actor_cell00000_rank00000] log_utils.py:100 - ft op=cross_cell phase=start kind=log_gather rank=0
[algo2a-g1-rpp-l0-modal] 
[algo2a-g1-rpp-l0-modal] [36m(MegatronTrainRayActor pid=2793)[0m [2026-09-29 18:50:32.220 actor_cell00000_rank00000] log_utils.py:106 - ft op=cross_cell phase=end kind=log_gather rank=0 success=true
[algo2a-g1-rpp-l0-modal] 
[algo2a-g1-rpp-l0-modal] [36m(MegatronTrainRayActor pid=2793)[0m [2026-09-29 18:50:32.220 actor_cell00000_rank00000] log_utils.py:126 - rollout 2: {'rollout/response_lengths': 258.625, 'rollout/rewards': 0.125, 'rollout/truncated': 0.21875, 'rollout/rollout_log_probs': -0.45074281096458435, 'rollout/raw_reward': 0.125, 'rollout/total_lengths': 377.875, 'rollout/ref_log_probs': -0.45206668972969055, 'rollout/log_probs': -0.45143240690231323, 'rollout/advantages': -0.021691448986530304, 'rollout/returns': 0.12369560450315475}
[algo2a-g1-rpp-l0-modal] 
[algo2a-g1-rpp-l0-modal] [36m(MegatronTrainRayActor pid=2793)[0m [2026-09-29 18:50:32.221 actor_cell00000_rank00000] timer.py:31 - Timer actor_train start
[algo2a-g1-rpp-l0-modal] 
[algo2a-g1-rpp-l0-modal] [36m(MegatronTrainRayActor pid=2793)[0m [2026-09-29 18:50:41.348 actor_cell00000_rank00000] model.py:637 - train op=train_step rollout=2 step=0 attempt=0 outcome=NORMAL valid_step=true
[algo2a-g1-rpp-l0-modal] 
[algo2a-g1-rpp-l0-modal] [36m(MegatronTrainRayActor pid=2793)[0m [2026-09-29 18:50:41.349 actor_cell00000_rank00000] log_utils.py:554 - step 2: {'train/loss': 0.021691448986530304, 'train/pg_loss': 0.021691448986530304, 'train/entropy_loss': 0.0, 'train/pg_clipfrac': 0.0, 'train/ppo_kl': 0.0, 'train/ess_ratio': 1.0, 'train/train_rollout_logprob_abs_diff': 0.014861793257296085, 'train/train_rollout_kl': 0.0006665904074907303, 'train/grad_norm': 0.37589532136917114, 'train/lr-pg_0': 0.0, 'train/step': 2}
[36m(MegatronTrainRayActor pid=2793)[0m [2026-09-29 18:50:41.350 actor_cell00000_rank00000] model.py:847 - step 2: {'train/loss': 0.021691448986530304, 'train/pg_loss': 0.021691448986530304, 'train/entropy_loss': 0.0, 'train/pg_clipfrac': 0.0, 'train/ppo_kl': 0.0, 'train/ess_ratio': 1.0, 'train/train_rollout_logprob_abs_diff': 0.014861793257296085, 'train/train_rollout_kl': 0.0006665904074907303, 'train/grad_norm': 0.37589532136917114, 'train/lr-pg_0': 0.0, 'train/step': 2}
[36m(MegatronTrainRayActor pid=2793)[0m [2026-09-29 18:50:41.350 actor_cell00000_rank00000] timer.py:42 - Timer actor_train end (elapsed: 9.1s)
[algo2a-g1-rpp-l0-modal] 
[algo2a-g1-rpp-l0-modal] [36m(MegatronTrainRayActor pid=2793)[0m [2026-09-29 18:50:41.350 actor_cell00000_rank00000] timer.py:42 - Timer train end (elapsed: 18.8s)
[algo2a-g1-rpp-l0-modal] 
[algo2a-g1-rpp-l0-modal] [36m(MegatronTrainRayActor pid=2793)[0m [2026-09-29 18:50:41.350 actor_cell00000_rank00000] timer.py:31 - Timer train_wait start
[algo2a-g1-rpp-l0-modal] 
[algo2a-g1-rpp-l0-modal] YETO_RL_EVENT {"clip_fraction":null,"event":"rl_round_trained","island_id":0,"masked_fraction":null,"nonzero_advantages":null,"rollout_id":2,"time_unix":1790707841.396334,"trained_groups":4,"trained_sample_ids_sha256":"69be7217a18d7585a50c20b2a7b0af4ddc13146706816ed0c22cf668eda0aaef","trained_samples":32}
[algo2a-g1-rpp-l0-modal] 
[algo2a-g1-rpp-l0-modal] YETO_RL_EVENT {"event":"rl_driver_phase","island_id":0,"phase":"sync","rollout_id":2,"time_unix":1790707841.3971038}
[algo2a-g1-rpp-l0-modal] 
[algo2a-g1-rpp-l0-modal] [36m(TrainerController pid=2510)[0m [2026-09-29 18:50:41.380 trainer_controller_actor] cell.py:239 - ft op=execute phase=end cell=trainer-engine-actor-00000 fn=train ok=true elapsed_s=18.8
[algo2a-g1-rpp-l0-modal] 
[algo2a-g1-rpp-l0-modal] [36m(TrainerController pid=2510)[0m [2026-09-29 18:50:41.380 trainer_controller_actor] group.py:290 - ft op=check errored= discarded= normal=0 decision=no_retry reason="survivors normal, gradients valid"
[algo2a-g1-rpp-l0-modal] 
[algo2a-g1-rpp-l0-modal] [36m(TrainerController pid=2510)[0m [2026-09-29 18:50:41.385 trainer_controller_actor] cell.py:231 - ft op=execute phase=start cell=trainer-engine-actor-00000 fn=run_plugin n_actors=1
[algo2a-g1-rpp-l0-modal] 
[algo2a-g1-rpp-l0-modal] [36m(TrainerController pid=2510)[0m [2026-09-29 18:50:41.388 trainer_controller_actor] cell.py:239 - ft op=execute phase=end cell=trainer-engine-actor-00000 fn=run_plugin ok=true elapsed_s=0.0
[algo2a-g1-rpp-l0-modal] 
[algo2a-g1-rpp-l0-modal] [36m(TrainerController pid=2510)[0m [2026-09-29 18:50:41.391 trainer_controller_actor] cell.py:231 - ft op=execute phase=start cell=trainer-engine-actor-00000 fn=run_plugin n_actors=1
[algo2a-g1-rpp-l0-modal] [36m(TrainerController pid=2510)[0m [2026-09-29 18:50:41.393 trainer_controller_actor] cell.py:239 - ft op=execute phase=end cell=trainer-engine-actor-00000 fn=run_plugin ok=true elapsed_s=0.0
[algo2a-g1-rpp-l0-modal] 
[algo2a-g1-rpp-l0-modal] [36m(TrainerController pid=2510)[0m [2026-09-29 18:50:41.398 trainer_controller_actor] cell.py:231 - ft op=execute phase=start cell=trainer-engine-actor-00000 fn=run_plugin n_actors=1
[algo2a-g1-rpp-l0-modal] 
[algo2a-g1-rpp-l0-modal] [36m(MegatronTrainRayActor pid=2793)[0m [2026-09-29 18:50:41.375 actor_cell00000_rank00000] train_metric_utils.py:56 - perf 2: {'perf/update_weights_implementation_time': 0.11316585540771484, 'perf/finalize_and_resume_engines_time': 0.05387401580810547, 'perf/update_weights_time': 0.2051234245300293, 'perf/sleep_time': 0.9731383323669434, 'perf/wake_up_time': 0.7665977478027344, 'perf/data_preprocess_time': 0.004796028137207031, 'perf/train_wait_time': 7.9543116092681885, 'perf/ref_log_probs_time': 4.798666477203369, 'perf/log_probs_time': 4.597887277603149, 'perf/actor_train_time': 9.129395723342896, 'perf/train_time': 18.750218152999878, 'perf/log_probs_tflops': 2.857160151137978, 'perf/ref_log_probs_tflops': 2.737614787649943, 'perf/actor_train_tflops': 4.316901372366522, 'perf/actor_train_tok_per_s': 1324.5126365901788, 'perf/mfu_peak_tflops': 989.0, 'perf/actor_train_mfu': 0.004364915442231064, 'perf/step_time': 26.704529762268066, 'perf/wait_time_ratio': 0.29786375869861464}
[algo2a-g1-rpp-l0-modal] 
[algo2a-g1-rpp-l0-modal] [36m(MegatronTrainRayActor pid=2793)[0m [2026-09-29 18:50:41.375 actor_cell00000_rank00000] structured_log.py:28 - actor cls=MegatronTrainRayActor fn=_train_actor phase=end ok=true elapsed_s=18.8
[algo2a-g1-rpp-l0-modal] [36m(MegatronTrainRayActor pid=2793)[0m [2026-09-29 18:50:41.377 actor_cell00000_rank00000] structured_log.py:28 - actor cls=MegatronTrainRayActor fn=train phase=end ok=true elapsed_s=18.8
[algo2a-g1-rpp-l0-modal] 
[algo2a-g1-rpp-l0-modal] [36m(TrainerController pid=2510)[0m [2026-09-29 18:50:41.839 trainer_controller_actor] cell.py:239 - ft op=execute phase=end cell=trainer-engine-actor-00000 fn=run_plugin ok=true elapsed_s=0.4
[algo2a-g1-rpp-l0-modal] 
[algo2a-g1-rpp-l0-modal] YETO_RL_EVENT {"action_tokens":8276,"active_groups":4,"applied_lr":3.333333333333334e-06,"applied_lrs":[3.333333333333334e-06],"base_policy_version":2,"cancelled_groups":0,"clip_fraction":null,"completed_groups":4,"completed_trajectories":32,"delta_l2_norm":0.0,"dynamic_filter_dropped_groups":0,"dynamic_filter_generated_groups":0,"dynamic_filter_replacement_attempts":0,"ess_ratio":null,"event":"rl_local_round","grad_norm":0.37589532136917114,"group_p50_seconds":0.0,"group_p95_seconds":0.0,"group_p99_seconds":0.0,"island_id":0,"local_round_id":3,"loss":null,"lr":null,"mean_kl":null,"nonzero_advantage_count":null,"pass_rate":null,"pg_loss":null,"reward_mean":0.125,"reward_std":0.33071891388307384,"rollout_seconds":5.522241060999988,"time_unix":1790707842.060783,"tool_wait_seconds":0.0,"train_seconds":18.80402738800001,"train_step":null,"zero_variance_group_ratio":0.5}
[algo2a-g1-rpp-l0-modal] 
[algo2a-g1-rpp-l0-modal] YETO_RL_EVENT {"event":"rl_driver_phase","island_id":0,"phase":"publish","policy_version":3,"time_unix":1790707842.1235962}
[algo2a-g1-rpp-l0-modal] 
[algo2a-g1-rpp-l0-modal] [36m(TrainerController pid=2510)[0m [2026-09-29 18:50:42.186 trainer_controller_actor] cell.py:231 - ft op=execute phase=start cell=trainer-engine-actor-00000 fn=run_plugin n_actors=1
[algo2a-g1-rpp-l0-modal] 
[algo2a-g1-rpp-l0-modal] [36m(TrainerController pid=2510)[0m [2026-09-29 18:50:42.466 trainer_controller_actor] cell.py:239 - ft op=execute phase=end cell=trainer-engine-actor-00000 fn=run_plugin ok=true elapsed_s=0.3
[algo2a-g1-rpp-l0-modal] 
[algo2a-g1-rpp-l0-modal] [36m(InferenceController pid=2504)[0m [2026-09-29 18:50:42.943 inference_controller] _client.py:1740 - HTTP Request: POST http://172.20.0.160:20000/resume_memory_occupation "HTTP/1.1 200 OK"
[algo2a-g1-rpp-l0-modal] 
[algo2a-g1-rpp-l0-modal] [36m(CommandActor pid=2505)[0m [2026-09-29 18:50:42] INFO:     172.20.0.160:43609 - "POST /resume_memory_occupation HTTP/1.1" 200 OK
[algo2a-g1-rpp-l0-modal] 
[algo2a-g1-rpp-l0-modal] [36m(TrainerController pid=2510)[0m [2026-09-29 18:50:42.953 trainer_controller_actor] group.py:392 - ft op=update_weights phase=start rollout=
[algo2a-g1-rpp-l0-modal] 
[algo2a-g1-rpp-l0-modal] [36m(TrainerController pid=2510)[0m [2026-09-29 18:50:42.953 trainer_controller_actor] cell.py:231 - ft op=execute phase=start cell=trainer-engine-actor-00000 fn=update_weights n_actors=1
[algo2a-g1-rpp-l0-modal] 
[algo2a-g1-rpp-l0-modal] [36m(MegatronTrainRayActor pid=2793)[0m [2026-09-29 18:50:42.956 actor_cell00000_rank00000] structured_log.py:24 - actor cls=MegatronTrainRayActor fn=update_weights phase=start
[algo2a-g1-rpp-l0-modal] 
[algo2a-g1-rpp-l0-modal] [36m(MegatronTrainRayActor pid=2793)[0m [2026-09-29 18:50:42.956 actor_cell00000_rank00000] timer.py:31 - Timer update_weights start
[algo2a-g1-rpp-l0-modal] 
[algo2a-g1-rpp-l0-modal] [36m(MegatronTrainRayActor pid=2793)[0m [2026-09-29 18:50:42.957 actor_cell00000_rank00000] memory_utils.py:41 - [Rank 0] Memory-Usage before update_weights: {'gpu': '0', 'total_GB': 79.18, 'free_GB': 68.32, 'used_GB': 10.86, 'allocated_GB': 1.38, 'reserved_GB': 4.62}
[algo2a-g1-rpp-l0-modal] 
[algo2a-g1-rpp-l0-modal] [36m(CommandActor pid=2505)[0m [2026-09-29 18:50:42] INFO:     172.20.0.160:54149 - "POST /pause_generation HTTP/1.1" 200 OK
[algo2a-g1-rpp-l0-modal] 
[algo2a-g1-rpp-l0-modal] [36m(CommandActor pid=2505)[0m [2026-09-29 18:50:42] Cache flush skipped: KV cache memory is released.
[algo2a-g1-rpp-l0-modal] 
[algo2a-g1-rpp-l0-modal] [36m(MegatronTrainRayActor pid=2793)[0m [2026-09-29 18:50:42.963 actor_cell00000_rank00000] _client.py:1740 - HTTP Request: POST http://172.20.0.160:20000/pause_generation "HTTP/1.1 200 OK"
[algo2a-g1-rpp-l0-modal] 
[algo2a-g1-rpp-l0-modal] [36m(CommandActor pid=2505)[0m [2026-09-29 18:50:42] INFO:     172.20.0.160:54149 - "GET /flush_cache HTTP/1.1" 200 OK
[algo2a-g1-rpp-l0-modal] 
[algo2a-g1-rpp-l0-modal] [36m(MegatronTrainRayActor pid=2793)[0m [2026-09-29 18:50:42.969 actor_cell00000_rank00000] _client.py:1740 - HTTP Request: GET http://172.20.0.160:20000/flush_cache "HTTP/1.1 200 OK"
[algo2a-g1-rpp-l0-modal] 
[algo2a-g1-rpp-l0-modal] [36m(CommandActor pid=2505)[0m [2026-09-29 18:50:42] INFO:     172.20.0.160:54149 - "POST /begin_weight_update HTTP/1.1" 200 OK
[algo2a-g1-rpp-l0-modal] 
[algo2a-g1-rpp-l0-modal] [36m(MegatronTrainRayActor pid=2793)[0m [2026-09-29 18:50:42.975 actor_cell00000_rank00000] _client.py:1740 - HTTP Request: POST http://172.20.0.160:20000/begin_weight_update "HTTP/1.1 200 OK"
[algo2a-g1-rpp-l0-modal] 
[algo2a-g1-rpp-l0-modal] [36m(MegatronTrainRayActor pid=2793)[0m [2026-09-29 18:50:42.977 actor_cell00000_rank00000] timer.py:31 - Timer update_weights_implementation start
[algo2a-g1-rpp-l0-modal] 
[36m(MegatronTrainRayActor pid=2793)[0m 
[miles-colocate] Update weights: 0it [00:00, ?it/s]
[algo2a-g1-rpp-l0-modal] 
[algo2a-g1-rpp-l0-modal] [36m(CommandActor pid=2505)[0m [2026-09-29 18:50:43] INFO:     172.20.0.160:54149 - "POST /update_weights_from_tensor HTTP/1.1" 200 OK
[algo2a-g1-rpp-l0-modal] 
[algo2a-g1-rpp-l0-modal] [36m(CommandActor pid=2505)[0m [2026-09-29 18:50:43] LoRA adapter loading from tensors starts: LoRARef(lora_id=504f77835dc54a4c8bfce4be533b2d7f, lora_name=miles_lora, lora_path=__stream__, pinned=False, reloadable=False).
[algo2a-g1-rpp-l0-modal] 
[algo2a-g1-rpp-l0-modal] [36m(MegatronTrainRayActor pid=2793)[0m [2026-09-29 18:50:43.082 actor_cell00000_rank00000] _client.py:1740 - HTTP Request: POST http://172.20.0.160:20000/update_weights_from_tensor "HTTP/1.1 200 OK"
[algo2a-g1-rpp-l0-modal] 
[algo2a-g1-rpp-l0-modal] [36m(MegatronTrainRayActor pid=2793)[0m 
[miles-colocate] Update weights: 1it [00:00,  9.42it/s][2026-09-29 18:50:43.084 actor_cell00000_rank00000] timer.py:42 - Timer update_weights_implementation end (elapsed: 0.1s)
[algo2a-g1-rpp-l0-modal] 
[algo2a-g1-rpp-l0-modal] [36m(MegatronTrainRayActor pid=2793)[0m [2026-09-29 18:50:43.085 actor_cell00000_rank00000] timer.py:31 - Timer finalize_and_resume_engines start
[algo2a-g1-rpp-l0-modal] 
[algo2a-g1-rpp-l0-modal] [36m(CommandActor pid=2505)[0m [2026-09-29 18:50:43] INFO:     172.20.0.160:54149 - "POST /end_weight_update HTTP/1.1" 200 OK
[algo2a-g1-rpp-l0-modal] 
[algo2a-g1-rpp-l0-modal] [36m(CommandActor pid=2505)[0m [2026-09-29 18:50:43] INFO:     172.20.0.160:54149 - "POST /update_weight_version HTTP/1.1" 200 OK
[algo2a-g1-rpp-l0-modal] 
[algo2a-g1-rpp-l0-modal] [36m(CommandActor pid=2505)[0m [2026-09-29 18:50:43] INFO:     172.20.0.160:54149 - "POST /continue_generation HTTP/1.1" 200 OK
[algo2a-g1-rpp-l0-modal] 
[algo2a-g1-rpp-l0-modal] [36m(CommandActor pid=2505)[0m [2026-09-29 18:50:43] LoRA adapter '504f77835dc54a4c8bfce4be533b2d7f': loaded weights for target modules ['down_proj', 'gate_up_proj', 'o_proj', 'qkv_proj'].
[algo2a-g1-rpp-l0-modal] 
[algo2a-g1-rpp-l0-modal] [36m(CommandActor pid=2505)[0m [2026-09-29 18:50:43] LoRA adapter loading from tensors completes: LoRARef(lora_id=504f77835dc54a4c8bfce4be533b2d7f, lora_name=miles_lora, lora_path=__stream__, pinned=False, reloadable=False).
[algo2a-g1-rpp-l0-modal] 
[algo2a-g1-rpp-l0-modal] [36m(CommandActor pid=2505)[0m [2026-09-29 18:50:43] Weight version changed. old_version='yeto:2:23fb37e7af522baac0c81465d37d03720ba47c76cd739541d7c41907b76d8530' new_version='4' num_recorded=0
[algo2a-g1-rpp-l0-modal] 
[algo2a-g1-rpp-l0-modal] [36m(CommandActor pid=2505)[0m [2026-09-29 18:50:43] [continue_generation] torch.cuda.empty_cache() called: reserved 32306.0 MB -> 32266.0 MB (freed 40.0 MB)
[algo2a-g1-rpp-l0-modal] 
[algo2a-g1-rpp-l0-modal] [36m(TrainerController pid=2510)[0m [2026-09-29 18:50:43.180 trainer_controller_actor] cell.py:239 - ft op=execute phase=end cell=trainer-engine-actor-00000 fn=update_weights ok=true elapsed_s=0.2
[algo2a-g1-rpp-l0-modal] 
[algo2a-g1-rpp-l0-modal] [36m(MegatronTrainRayActor pid=2793)[0m [2026-09-29 18:50:43.133 actor_cell00000_rank00000] _client.py:1740 - HTTP Request: POST http://172.20.0.160:20000/end_weight_update "HTTP/1.1 200 OK"
[algo2a-g1-rpp-l0-modal] 
[algo2a-g1-rpp-l0-modal] [36m(MegatronTrainRayActor pid=2793)[0m [2026-09-29 18:50:43.139 actor_cell00000_rank00000] _client.py:1740 - HTTP Request: POST http://172.20.0.160:20000/update_weight_version "HTTP/1.1 200 OK"
[algo2a-g1-rpp-l0-modal] 
[algo2a-g1-rpp-l0-modal] [36m(MegatronTrainRayActor pid=2793)[0m [2026-09-29 18:50:43.142 actor_cell00000_rank00000] _client.py:1740 - HTTP Request: POST http://172.20.0.160:20000/continue_generation "HTTP/1.1 200 OK"
[algo2a-g1-rpp-l0-modal] 
[algo2a-g1-rpp-l0-modal] [36m(MegatronTrainRayActor pid=2793)[0m [2026-09-29 18:50:43.143 actor_cell00000_rank00000] timer.py:42 - Timer finalize_and_resume_engines end (elapsed: 0.1s)
[algo2a-g1-rpp-l0-modal] 
[algo2a-g1-rpp-l0-modal] [36m(MegatronTrainRayActor pid=2793)[0m 
[miles-colocate] Update weights: 1it [00:00,  5.07it/s]
[algo2a-g1-rpp-l0-modal] 
[algo2a-g1-rpp-l0-modal] [36m(MegatronTrainRayActor pid=2793)[0m [2026-09-29 18:50:43.176 actor_cell00000_rank00000] memory_utils.py:41 - [Rank 0] Memory-Usage after update_weights: {'gpu': '0', 'total_GB': 79.18, 'free_GB': 71.47, 'used_GB': 7.71, 'allocated_GB': 1.38, 'reserved_GB': 1.49}
[algo2a-g1-rpp-l0-modal] [36m(MegatronTrainRayActor pid=2793)[0m [2026-09-29 18:50:43.177 actor_cell00000_rank00000] timer.py:42 - Timer update_weights end (elapsed: 0.2s)
[algo2a-g1-rpp-l0-modal] 
[algo2a-g1-rpp-l0-modal] [36m(MegatronTrainRayActor pid=2793)[0m [2026-09-29 18:50:43.178 actor_cell00000_rank00000] structured_log.py:28 - actor cls=MegatronTrainRayActor fn=update_weights phase=end ok=true elapsed_s=0.2
[algo2a-g1-rpp-l0-modal] 
[algo2a-g1-rpp-l0-modal] [36m(InferenceController pid=2504)[0m [2026-09-29 18:50:43.246 inference_controller] _client.py:1740 - HTTP Request: POST http://172.20.0.160:20000/resume_memory_occupation "HTTP/1.1 200 OK"
[algo2a-g1-rpp-l0-modal] 
[algo2a-g1-rpp-l0-modal] [36m(InferenceController pid=2504)[0m [2026-09-29 18:50:43.302 inference_controller] _client.py:1740 - HTTP Request: POST http://172.20.0.160:20000/weights_checker "HTTP/1.1 200 OK"
[algo2a-g1-rpp-l0-modal] 
[algo2a-g1-rpp-l0-modal] [36m(CommandActor pid=2505)[0m [2026-09-29 18:50:43] INFO:     172.20.0.160:43609 - "POST /resume_memory_occupation HTTP/1.1" 200 OK
[algo2a-g1-rpp-l0-modal] 
[algo2a-g1-rpp-l0-modal] [36m(CommandActor pid=2505)[0m [2026-09-29 18:50:43] INFO:     172.20.0.160:59698 - "POST /update_weight_version HTTP/1.1" 200 OK
[algo2a-g1-rpp-l0-modal] 
[algo2a-g1-rpp-l0-modal] [36m(CommandActor pid=2505)[0m [2026-09-29 18:50:43] INFO:     172.20.0.160:59698 - "GET /model_info HTTP/1.1" 200 OK
[algo2a-g1-rpp-l0-modal] 
[algo2a-g1-rpp-l0-modal] [36m(CommandActor pid=2505)[0m [2026-09-29 18:50:43] INFO:     172.20.0.160:43609 - "POST /weights_checker HTTP/1.1" 200 OK
[algo2a-g1-rpp-l0-modal] 
[algo2a-g1-rpp-l0-modal] [36m(CommandActor pid=2505)[0m [2026-09-29 18:50:43] Weight version changed. old_version='4' new_version='yeto:3:5339da46d6784d3bb2bb0cff66c1f500f0f680d3e6e66023faeb804fb5c425ed' num_recorded=0
[algo2a-g1-rpp-l0-modal] 
[algo2a-g1-rpp-l0-modal] [36m(CommandActor pid=2505)[0m [2026-09-29 18:50:43] [WeightChecker] handle action=checksum allow_quant_error=False skip_tensor_list=None
[algo2a-g1-rpp-l0-modal] 
[algo2a-g1-rpp-l0-modal] [36m(CommandActor pid=2505)[0m [2026-09-29 18:50:43] [WeightChecker] checksum computed for 226 tensors in 0.019s
[algo2a-g1-rpp-l0-modal] 
[algo2a-g1-rpp-l0-modal] YETO_RL_EVENT {"event":"rl_publication","island_id":0,"policy_version":3,"rl/policy_token":"yeto:3:5339da46d6784d3bb2bb0cff66c1f500f0f680d3e6e66023faeb804fb5c425ed","sync/publication_members":["engine:inference-engine-all-0-0-00000"],"sync/publication_payload_bytes":40370176,"sync/publication_payload_hash":"c10908e251bd61f4f3ca0a55a30a1b68df04c3886d8e0a626f7a78b9fde818f5","time_unix":1790707843.3133109}
[algo2a-g1-rpp-l0-modal] 
[algo2a-g1-rpp-l0-modal] YETO_RL_EVENT {"event":"rl_driver_phase","island_id":0,"phase":"finish","rollout_id":3,"time_unix":1790707843.3146296}
[algo2a-g1-rpp-l0-modal] 
[algo2a-g1-rpp-l0-modal] [36m(RayWorkerManager pid=2281)[0m [2026-09-29 18:50:43.333 worker_manager] ray_worker_manager.py:409 - Killed actor at self=_ServeActorRayCommManager(manager=<miles.utils.workers.ray_worker_manager.RayWorkerManager object at 0x2ae1a564ccb0>, parent=_CellManager(manager=<miles.utils.workers.ray_worker_manager.RayWorkerManager object at 0x2ae1a564ccb0>, cell_index=0, spec=ServeWorkerSpec(name='rollout-executor', category=None, port_infos=[PortInfo(name='rpc', static_port=8000, mode='per_worker', allow_dynamic=True, num_consecutive=1, offset_by_cell=False)], env_var=<function spec_rollout_executor.<locals>.<lambda> at 0x2ae1a5b55b20>, scheduling=SchedulingSpec(num_cells=1, num_workers_per_cell=1, num_gpus_per_worker=0.0, num_cpus_per_worker=1.0, num_gpu_slots_per_worker=0, num_gpus_per_node=0, pg_name=None, pg_slot_offset=0, pin_to_head=True), meta=None, deploy_component=<DeployComponent.PRIMARY: 'primary'>, platform_access=<PlatformAccess.NONE: 'none'>, worker_class='miles.ray.rollout.rollout_executor.RolloutExecutor', ctor_kwargs=<function spec_rollout_executor.<locals>.<lambda> at 0x2ae1a5b55bc0>, concurrency_groups=None), actors=[...], generation=1, liveness_scan_task=<Task pending name='Task-16' coro=<_CellManager._scan_liveness_forever() running at /root/miles/miles/utils/workers/ray_worker_manager.py:258> wait_for=<Future pending cb=[Task.task_wakeup()]>>), worker_in_cell_index=0, spec=ServeWorkerSpec(name='rollout-executor', category=None, port_infos=[PortInfo(name='rpc', static_port=8000, mode='per_worker', allow_dynamic=True, num_consecutive=1, offset_by_cell=False)], env_var=<function spec_rollout_executor.<locals>.<lambda> at 0x2ae1a5b55b20>, scheduling=SchedulingSpec(num_cells=1, num_workers_per_cell=1, num_gpus_per_worker=0.0, num_cpus_per_worker=1.0, num_gpu_slots_per_worker=0, num_gpus_per_node=0, pg_name=None, pg_slot_offset=0, pin_to_head=True), meta=None, deploy_component=<DeployComponent.PRIMARY: 'primary'>, platform_access=<PlatformAccess.NONE: 'none'>, worker_class='miles.ray.rollout.rollout_executor.RolloutExecutor', ctor_kwargs=<function spec_rollout_executor.<locals>.<lambda> at 0x2ae1a5b55bc0>, concurrency_groups=None), actor_handle=Actor(RolloutExecutor, d3e368687c7d0c76975e00e401000000), self_addrs={'rpc': HostAndPort(host='172.20.0.160', port=20038, external_host=None)}, local_gpu_ids=[], gpu_slot_index=None)
[algo2a-g1-rpp-l0-modal] 
[algo2a-g1-rpp-l0-modal] [36m(RayWorkerManager pid=2281)[0m [2026-09-29 18:50:43.334 worker_manager] ray_worker_manager.py:409 - Killed actor at self=_ServeActorRayCommManager(manager=<miles.utils.workers.ray_worker_manager.RayWorkerManager object at 0x2ae1a564ccb0>, parent=_CellManager(manager=<miles.utils.workers.ray_worker_manager.RayWorkerManager object at 0x2ae1a564ccb0>, cell_index=0, spec=ServeWorkerSpec(name='inference-controller', category=None, port_infos=[PortInfo(name='rpc', static_port=8000, mode='per_worker', allow_dynamic=True, num_consecutive=1, offset_by_cell=False)], env_var=<function spec_inference_controller.<locals>.<lambda> at 0x2ae1a5b55d00>, scheduling=SchedulingSpec(num_cells=1, num_workers_per_cell=1, num_gpus_per_worker=0.0, num_cpus_per_worker=1.0, num_gpu_slots_per_worker=0, num_gpus_per_node=0, pg_name=None, pg_slot_offset=0, pin_to_head=True), meta=None, deploy_component=<DeployComponent.PRIMARY: 'primary'>, platform_access=<PlatformAccess.READ: 'read'>, worker_class='miles.ray.rollout.inference_controller.InferenceController', ctor_kwargs=<function spec_inference_controller.<locals>.<lambda> at 0x2ae1d74e9e40>, concurrency_groups=None), actors=[...], generation=1, liveness_scan_task=<Task pending name='Task-17' coro=<_CellManager._scan_liveness_forever() running at /root/miles/miles/utils/workers/ray_worker_manager.py:258> wait_for=<Future pending cb=[Task.task_wakeup()]>>), worker_in_cell_index=0, spec=ServeWorkerSpec(name='inference-controller', category=None, port_infos=[PortInfo(name='rpc', static_port=8000, mode='per_worker', allow_dynamic=True, num_consecutive=1, offset_by_cell=False)], env_var=<function spec_inference_controller.<locals>.<lambda> at 0x2ae1a5b55d00>, scheduling=SchedulingSpec(num_cells=1, num_workers_per_cell=1, num_gpus_per_worker=0.0, num_cpus_per_worker=1.0, num_gpu_slots_per_worker=0, num_gpus_per_node=0, pg_name=None, pg_slot_offset=0, pin_to_head=True), meta=None, deploy_component=<DeployComponent.PRIMARY: 'primary'>, platform_access=<PlatformAccess.READ: 'read'>, worker_class='miles.ray.rollout.inference_controller.InferenceController', ctor_kwargs=<function spec_inference_controller.<locals>.<lambda> at 0x2ae1d74e9e40>, concurrency_groups=None), actor_handle=Actor(InferenceController, ada77ffa6a7077df30aa1e7601000000), self_addrs={'rpc': HostAndPort(host='172.20.0.160', port=20037, external_host=None)}, local_gpu_ids=[], gpu_slot_index=None)
[algo2a-g1-rpp-l0-modal] 
[36m(RayWorkerManager pid=2281)[0m [2026-09-29 18:50:43.336 worker_manager] ray_worker_manager.py:409 - Killed actor at self=_ServeActorRayCommManager(manager=<miles.utils.workers.ray_worker_manager.RayWorkerManager object at 0x2ae1a564ccb0>, parent=_CellManager(manager=<miles.utils.workers.ray_worker_manager.RayWorkerManager object at 0x2ae1a564ccb0>, cell_index=0, spec=ServeWorkerSpec(name='trainer-controller-actor', category=None, port_infos=[PortInfo(name='rpc', static_port=8000, mode='per_worker', allow_dynamic=True, num_consecutive=1, offset_by_cell=False)], env_var=<function _compute_spec_trainer_controller.<locals>.<lambda> at 0x2ae1d74ea480>, scheduling=SchedulingSpec(num_cells=1, num_workers_per_cell=1, num_gpus_per_worker=0.0, num_cpus_per_worker=1.0, num_gpu_slots_per_worker=0, num_gpus_per_node=0, pg_name=None, pg_slot_offset=0, pin_to_head=False), meta=None, deploy_component=<DeployComponent.TRAINER: 'trainer'>, platform_access=<PlatformAccess.READ_DELETE: 'read-delete'>, worker_class='miles.ray.train.group.TrainerController', ctor_kwargs=<function _compute_spec_trainer_controller.<locals>.<lambda> at 0x2ae1d74ea5c0>, concurrency_groups=None), actors=[...], generation=1, liveness_scan_task=<Task pending name='Task-20' coro=<_CellManager._scan_liveness_forever() running at /root/miles/miles/utils/workers/ray_worker_manager.py:258> wait_for=<Future pending cb=[Task.task_wakeup()]>>), worker_in_cell_index=0, spec=ServeWorkerSpec(name='trainer-controller-actor', category=None, port_infos=[PortInfo(name='rpc', static_port=8000, mode='per_worker', allow_dynamic=True, num_consecutive=1, offset_by_cell=False)], env_var=<function _compute_spec_trainer_controller.<locals>.<lambda> at 0x2ae1d74ea480>, scheduling=SchedulingSpec(num_cells=1, num_workers_per_cell=1, num_gpus_per_worker=0.0, num_cpus_per_worker=1.0, num_gpu_slots_per_worker=0, num_gpus_per_node=0, pg_name=None, pg_slot_offset=0, pin_to_head=False), meta=None, deploy_component=<DeployComponent.TRAINER: 'trainer'>, platform_access=<PlatformAccess.READ_DELETE: 'read-delete'>, worker_class='miles.ray.train.group.TrainerController', ctor_kwargs=<function _compute_spec_trainer_controller.<locals>.<lambda> at 0x2ae1d74ea5c0>, concurrency_groups=None), actor_handle=Actor(TrainerController, ecb32450ea8320d8bd2744fd01000000), self_addrs={'rpc': HostAndPort(host='172.20.0.160', port=20041, external_host=None)}, local_gpu_ids=[], gpu_slot_index=None)
[algo2a-g1-rpp-l0-modal] 
[algo2a-g1-rpp-l0-modal] [36m(RayWorkerManager pid=2281)[0m [2026-09-29 18:50:43.339 worker_manager] ray_worker_manager.py:409 - Killed actor at self=_ServeActorRayCommManager(manager=<miles.utils.workers.ray_worker_manager.RayWorkerManager object at 0x2ae1a564ccb0>, parent=_CellManager(manager=<miles.utils.workers.ray_worker_manager.RayWorkerManager object at 0x2ae1a564ccb0>, cell_index=0, spec=ServeWorkerSpec(name='trainer-engine-actor', category='trainer_engine', port_infos=[PortInfo(name='master', static_port=9000, mode='master', allow_dynamic=True, num_consecutive=1, offset_by_cell=False), PortInfo(name='rpc', static_port=8000, mode='per_worker', allow_dynamic=True, num_consecutive=1, offset_by_cell=False)], env_var=<function _compute_spec_trainer.<locals>.<lambda> at 0x2ae1d74ea660>, scheduling=SchedulingSpec(num_cells=1, num_workers_per_cell=1, num_gpus_per_worker=0.4, num_cpus_per_worker=0.4, num_gpu_slots_per_worker=1, num_gpus_per_node=1, pg_name='actor', pg_slot_offset=0, pin_to_head=False), meta=<function _compute_spec_trainer.<locals>.<lambda> at 0x2ae1d74ebb00>, deploy_component=<DeployComponent.TRAINER: 'trainer'>, platform_access=<PlatformAccess.NONE: 'none'>, worker_class='miles.backends.megatron_utils.actor.MegatronTrainRayActor', ctor_kwargs=<function _compute_spec_trainer.<locals>.<lambda> at 0x2ae1d750c720>, concurrency_groups=None), actors=[...], generation=1, liveness_scan_task=<Task pending name='Task-21' coro=<_CellManager._scan_liveness_forever() running at /root/miles/miles/utils/workers/ray_worker_manager.py:258> wait_for=<Future pending cb=[Task.task_wakeup()]>>), worker_in_cell_index=0, spec=ServeWorkerSpec(name='trainer-engine-actor', category='trainer_engine', port_infos=[PortInfo(name='master', static_port=9000, mode='master', allow_dynamic=True, num_consecutive=1, offset_by_cell=False), PortInfo(name='rpc', static_port=8000, mode='per_worker', allow_dynamic=True, num_consecutive=1, offset_by_cell=False)], env_var=<function _compute_spec_trainer.<locals>.<lambda> at 0x2ae1d74ea660>, scheduling=SchedulingSpec(num_cells=1, num_workers_per_cell=1, num_gpus_per_worker=0.4, num_cpus_per_worker=0.4, num_gpu_slots_per_worker=1, num_gpus_per_node=1, pg_name='actor', pg_slot_offset=0, pin_to_head=False), meta=<function _compute_spec_trainer.<locals>.<lambda> at 0x2ae1d74ebb00>, deploy_component=<DeployComponent.TRAINER: 'trainer'>, platform_access=<PlatformAccess.NONE: 'none'>, worker_class='miles.backends.megatron_utils.actor.MegatronTrainRayActor', ctor_kwargs=<function _compute_spec_trainer.<locals>.<lambda> at 0x2ae1d750c720>, concurrency_groups=None), actor_handle=Actor(MegatronTrainRayActor, d43250bfee5d9f20a957d7ca01000000), self_addrs={'master': HostAndPort(host='172.20.0.160', port=20039, external_host=None), 'rpc': HostAndPort(host='172.20.0.160', port=20040, external_host=None)}, local_gpu_ids=[0], gpu_slot_index=0)
[algo2a-g1-rpp-l0-modal] 
[algo2a-g1-rpp-l0-modal] [36m(InferenceController pid=2504)[0m [2026-09-29 18:50:43.322 inference_controller] rollout_server.py:132 - Killing server cell_id='inference-engine-all-0-0-00000'...
[algo2a-g1-rpp-l0-modal] [36m(InferenceController pid=2504)[0m [2026-09-29 18:50:43.326 inference_controller] _client.py:1740 - HTTP Request: GET http://172.20.0.160:20035/workers "HTTP/1.1 200 OK"
[algo2a-g1-rpp-l0-modal] 
[algo2a-g1-rpp-l0-modal] [36m(InferenceController pid=2504)[0m [2026-09-29 18:50:43.328 inference_controller] _client.py:1740 - HTTP Request: DELETE http://172.20.0.160:20035/workers/a82c18cd-1657-4a8a-ace5-b6c511172ef8 "HTTP/1.1 202 Accepted"
[algo2a-g1-rpp-l0-modal] [36m(InferenceController pid=2504)[0m [2026-09-29 18:50:43.329 inference_controller] server_cell.py:268 - Cell inference-engine-all-0-0-00000 dispose start old=addr_info=CellAddrInfo(server_url='http://172.20.0.160:20000', bootstrap_port=None, gate_url='http://172.20.0.160:20034')
[algo2a-g1-rpp-l0-modal] 
[algo2a-g1-rpp-l0-modal] [36m(InferenceController pid=2504)[0m [2026-09-29 18:50:43.329 inference_controller] server_cell.py:271 - Cell inference-engine-all-0-0-00000 dispose end new=
[algo2a-g1-rpp-l0-modal] 
[algo2a-g1-rpp-l0-modal] [36m(CommandActor pid=2505)[0m [2026-09-29 18:50:43] SIGTERM received. signum=None frame=None. Draining requests and shutting down...
[algo2a-g1-rpp-l0-modal] 
[algo2a-g1-rpp-l0-modal] [36m(RayWorkerManager pid=2281)[0m [2026-09-29 18:50:43.504 worker_manager] ray_worker_manager.py:409 - Killed actor at self=_CommandActorManager(manager=<miles.utils.workers.ray_worker_manager.RayWorkerManager object at 0x2ae1a564ccb0>, parent=_CellManager(manager=<miles.utils.workers.ray_worker_manager.RayWorkerManager object at 0x2ae1a564ccb0>, cell_index=0, spec=CommandWorkerSpec(name='inference-router-0', category=None, port_infos=[PortInfo(name='primary', static_port=8000, mode='per_worker', allow_dynamic=True, num_consecutive=1, offset_by_cell=False), PortInfo(name='prometheus', static_port=9000, mode='per_worker', allow_dynamic=True, num_consecutive=1, offset_by_cell=False)], env_var=<function _compute_spec_router.<locals>.<lambda> at 0x2ae1d74e9ee0>, scheduling=SchedulingSpec(num_cells=1, num_workers_per_cell=1, num_gpus_per_worker=0.0, num_cpus_per_worker=0.2, num_gpu_slots_per_worker=0, num_gpus_per_node=0, pg_name=None, pg_slot_offset=0, pin_to_head=True), meta=None, deploy_component=<DeployComponent.PRIMARY: 'primary'>, platform_access=<PlatformAccess.NONE: 'none'>, launch_command=<function _compute_spec_router.<locals>._compute_launch_command at 0x2ae1d74e9f80>), actors=[...], generation=1, liveness_scan_task=<Task pending name='Task-18' coro=<_CellManager._scan_liveness_forever() running at /root/miles/miles/utils/workers/ray_worker_manager.py:258> wait_for=<Future pending cb=[Task.task_wakeup()]>>), worker_in_cell_index=0, spec=CommandWorkerSpec(name='inference-router-0', category=None, port_infos=[PortInfo(name='primary', static_port=8000, mode='per_worker', allow_dynamic=True, num_consecutive=1, offset_by_cell=False), PortInfo(name='prometheus', static_port=9000, mode='per_worker', allow_dynamic=True, num_consecutive=1, offset_by_cell=False)], env_var=<function _compute_spec_router.<locals>.<lambda> at 0x2ae1d74e9ee0>, scheduling=SchedulingSpec(num_cells=1, num_workers_per_cell=1, num_gpus_per_worker=0.0, num_cpus_per_worker=0.2, num_gpu_slots_per_worker=0, num_gpus_per_node=0, pg_name=None, pg_slot_offset=0, pin_to_head=True), meta=None, deploy_component=<DeployComponent.PRIMARY: 'primary'>, platform_access=<PlatformAccess.NONE: 'none'>, launch_command=<function _compute_spec_router.<locals>._compute_launch_command at 0x2ae1d74e9f80>), actor_handle=Actor(CommandActor, 04c475e3706dd3edb491bde701000000), self_addrs={'primary': HostAndPort(host='172.20.0.160', port=20035, external_host=None), 'prometheus': HostAndPort(host='172.20.0.160', port=20036, external_host=None)}, local_gpu_ids=[], gpu_slot_index=None)
[algo2a-g1-rpp-l0-modal] 
[algo2a-g1-rpp-l0-modal] [36m(CommandActor pid=2505)[0m [2026-09-29 18:50:44] Subprocess scheduler_0 (pid=3658) crashed with exit code -15. Triggering SIGQUIT for cleanup...
[algo2a-g1-rpp-l0-modal] 
[algo2a-g1-rpp-l0-modal] [36m(CommandActor pid=2505)[0m [2026-09-29 18:50:44] SIGQUIT received. signum=None, frame=None. It usually means one child failed.
[algo2a-g1-rpp-l0-modal] 
[algo2a-g1-rpp-l0-modal] [36m(CommandActor pid=2505)[0m [2026-09-29 18:50:44] Sleeping 5 seconds before crash diagnostics to let GPU activity settle.
[algo2a-g1-rpp-l0-modal] [rl] learner 0 finalized (rl_engine=ports)
[algo2a-g1-rpp-l0-modal] 
[algo2a-g1-rpp-l0-modal] [36m(RayWorkerManager pid=2281)[0m [2026-09-29 18:50:48.405 worker_manager] ray_worker_manager.py:409 - Killed actor at self=_CommandActorManager(manager=<miles.utils.workers.ray_worker_manager.RayWorkerManager object at 0x2ae1a564ccb0>, parent=_CellManager(manager=<miles.utils.workers.ray_worker_manager.RayWorkerManager object at 0x2ae1a564ccb0>, cell_index=0, spec=CommandWorkerSpec(name='inference-engine-all-0-0', category='inference_engine', port_infos=[PortInfo(name='primary', static_port=8000, mode='per_worker', allow_dynamic=True, num_consecutive=1, offset_by_cell=False), PortInfo(name='dist_init', static_port=9000, mode='master', allow_dynamic=True, num_consecutive=31, offset_by_cell=False), PortInfo(name='nccl', static_port=10000, mode='per_worker', allow_dynamic=True, num_consecutive=1, offset_by_cell=False), PortInfo(name='engine_info_bootstrap', static_port=12000, mode='per_worker', allow_dynamic=True, num_consecutive=1, offset_by_cell=False), PortInfo(name='gate', static_port=13000, mode='master', allow_dynamic=True, num_consecutive=1, offset_by_cell=False)], env_var=<function _compute_spec_inference_engine.<locals>.<lambda> at 0x2ae1d74ea160>, scheduling=SchedulingSpec(num_cells=1, num_workers_per_cell=1, num_gpus_per_worker=0.2, num_cpus_per_worker=0.2, num_gpu_slots_per_worker=1, num_gpus_per_node=1, pg_name='rollout', pg_slot_offset=0, pin_to_head=False), meta=<function _compute_spec_inference_engine.<locals>.<lambda> at 0x2ae1d74ea2a0>, deploy_component=<DeployComponent.INFERENCE: 'inference'>, platform_access=<PlatformAccess.NONE: 'none'>, launch_command=<function _compute_spec_inference_engine.<locals>._compute_launch_command at 0x2ae1d74ea3e0>), actors=[...], generation=1, liveness_scan_task=<Task pending name='Task-19' coro=<_CellManager._scan_liveness_forever() running at /root/miles/miles/utils/workers/ray_worker_manager.py:258> wait_for=<Future pending cb=[Task.task_wakeup()]>>), worker_in_cell_index=0, spec=CommandWorkerSpec(name='inference-engine-all-0-0', category='inference_engine', port_infos=[PortInfo(name='primary', static_port=8000, mode='per_worker', allow_dynamic=True, num_consecutive=1, offset_by_cell=False), PortInfo(name='dist_init', static_port=9000, mode='master', allow_dynamic=True, num_consecutive=31, offset_by_cell=False), PortInfo(name='nccl', static_port=10000, mode='per_worker', allow_dynamic=True, num_consecutive=1, offset_by_cell=False), PortInfo(name='engine_info_bootstrap', static_port=12000, mode='per_worker', allow_dynamic=True, num_consecutive=1, offset_by_cell=False), PortInfo(name='gate', static_port=13000, mode='master', allow_dynamic=True, num_consecutive=1, offset_by_cell=False)], env_var=<function _compute_spec_inference_engine.<locals>.<lambda> at 0x2ae1d74ea160>, scheduling=SchedulingSpec(num_cells=1, num_workers_per_cell=1, num_gpus_per_worker=0.2, num_cpus_per_worker=0.2, num_gpu_slots_per_worker=1, num_gpus_per_node=1, pg_name='rollout', pg_slot_offset=0, pin_to_head=False), meta=<function _compute_spec_inference_engine.<locals>.<lambda> at 0x2ae1d74ea2a0>, deploy_component=<DeployComponent.INFERENCE: 'inference'>, platform_access=<PlatformAccess.NONE: 'none'>, launch_command=<function _compute_spec_inference_engine.<locals>._compute_launch_command at 0x2ae1d74ea3e0>), actor_handle=Actor(CommandActor, 1bce91b39c7d91899d78ce3601000000), self_addrs={'primary': HostAndPort(host='172.20.0.160', port=20000, external_host=None), 'dist_init': HostAndPort(host='172.20.0.160', port=20001, external_host=None), 'nccl': HostAndPort(host='172.20.0.160', port=20032, external_host=None), 'engine_info_bootstrap': HostAndPort(host='172.20.0.160', port=20033, external_host=None), 'gate': HostAndPort(host='172.20.0.160', port=20034, external_host=None)}, local_gpu_ids=[0], gpu_slot_index=0)
[algo2a-g1-rpp-l0-modal] 
[algo2a-g1-rpp-l0-modal] [36m(CommandActor pid=2505)[0m WARNING:miles.utils.workers.process_utils:Process 3303 did not exit within 5.0s after SIGTERM; escalating to SIGKILL
[algo2a-g1-rpp-l0-modal] 
[launcher] algo2a-g1-rpp-l0-modal job finished: SUCCEEDED
[launcher] learner jobs finished: {'algo2a-g1-rpp-l0-modal': 'SUCCEEDED'}
[launcher] algo2a-g1-rpp-l0-modal: 32 event(s) -> /home/michael/.yeto/runs/algo2a-g1-rpp/events/algo2a-g1-rpp-l0-modal.jsonl
[launcher] --rl-single-island-no-sync island ran on Modal (algo2a-g1-rpp-l0-modal); its ~/yeto-output is not fetchable over ssh and there is no syncer checkpoint -- use the streamed island log / event tape as the evidence
[launcher] tearing down algo2a-g1-rpp-l0-modal
[yeto] run 'algo2a-g1-rpp' finished: FAILED (exit code 2)
