path	bytes	sha256	volume	volume_path
openspec/changes/rl-infra-spec/evidence/2026-09-30-img-2f23a0f/build-record.json	617	d9123de47390133af629ef0f3dd66cef87048e809417e3edbf2a18384ee3516e	yeto-evidence-archive	/openspec/changes/rl-infra-spec/evidence/2026-09-30-img-2f23a0f/build-record.json
openspec/changes/rl-infra-spec/evidence/2026-09-30-img-2f23a0f/check_placement.log	1126	835eec09be3fb7f32f2b6293b044e29f3e4504bdef72be780fcc0783ef74fbae	yeto-evidence-archive	/openspec/changes/rl-infra-spec/evidence/2026-09-30-img-2f23a0f/check_placement.log
openspec/changes/rl-infra-spec/evidence/2026-09-30-img-2f23a0f/diff-stat.txt	829	97054c608093b245f64a7a2740fabeba758486282414b8e21e096dd766be5874	yeto-evidence-archive	/openspec/changes/rl-infra-spec/evidence/2026-09-30-img-2f23a0f/diff-stat.txt
openspec/changes/rl-infra-spec/evidence/2026-09-30-img-5c1b49e/build-record.json	617	4703d7ee8b81479615e5cad52d01a62cb9af1e860511a89aa95e72b76febe274	yeto-evidence-archive	/openspec/changes/rl-infra-spec/evidence/2026-09-30-img-5c1b49e/build-record.json
openspec/changes/rl-infra-spec/evidence/2026-09-30-img-e3a11ab/build-record.json	617	d3cb5cdcedd2d7000f21b34aae90b9362a5038c5def104e0770229fff4fce7da	yeto-evidence-archive	/openspec/changes/rl-infra-spec/evidence/2026-09-30-img-e3a11ab/build-record.json
openspec/changes/rl-infra-spec/evidence/2026-09-30-img-e3a11ab/diff-stat.txt	201	7a666ce40e6748d91acf84db64d9ad9a0716a1f13415cf76a3cf4b21cef74810	yeto-evidence-archive	/openspec/changes/rl-infra-spec/evidence/2026-09-30-img-e3a11ab/diff-stat.txt
openspec/changes/rl-infra-spec/evidence/2026-09-30-img-e3a11ab/digest-check.txt	364	06992cfe1a4d1efe1e6fd163f4976f15233a30ea7d065c31cf6502d48bc294e2	yeto-evidence-archive	/openspec/changes/rl-infra-spec/evidence/2026-09-30-img-e3a11ab/digest-check.txt
openspec/changes/rl-infra-spec/evidence/d1/5.1-baseline-cost.json	1286	e17e99b76c3d37de95fdba1bcd99641fc24e2d1a2ad2230778c77e24bb14ab50	yeto-evidence-archive	/openspec/changes/rl-infra-spec/evidence/d1/5.1-baseline-cost.json
openspec/changes/rl-infra-spec/evidence/fn/try27-s12-h100-20261006a/fna/args.txt	1205	d772dcefa68cf02689da5f136a9c4757ad4cbd899728f90494a172a4bacc4ab8	yeto-evidence-archive	/openspec/changes/rl-infra-spec/evidence/fn/try27-s12-h100-20261006a/fna/args.txt
openspec/changes/rl-infra-spec/evidence/fn/try27-s12-h100-20261006a/fna/boot_only.json	456	a584ce07b4a8ab15d41fb11547d10344c02da0f5dba04ec878ce63fff6f8217c	yeto-evidence-archive	/openspec/changes/rl-infra-spec/evidence/fn/try27-s12-h100-20261006a/fna/boot_only.json
openspec/changes/rl-infra-spec/evidence/fn/try27-s12-h100-20261006a/fna/case.txt	5	8e5878b24c1520fe60912c4f22f613418052d82e7f090c7d135ca63c78c6d217	yeto-evidence-archive	/openspec/changes/rl-infra-spec/evidence/fn/try27-s12-h100-20261006a/fna/case.txt
openspec/changes/rl-infra-spec/evidence/fn/try27-s12-h100-20261006a/fna/cluster.txt	34	484c539f2be2ccd42ce9034d467ad1b4bde6e0179cf6a8f4a1fbe59634a5f7c3	yeto-evidence-archive	/openspec/changes/rl-infra-spec/evidence/fn/try27-s12-h100-20261006a/fna/cluster.txt
openspec/changes/rl-infra-spec/evidence/fn/try27-s12-h100-20261006a/fna/coldstart.txt	205868	056882d291adef7e7ce16a7c2c83e3b6c864f0d3615908f0e02a1af4edc33efa	yeto-evidence-archive	/openspec/changes/rl-infra-spec/evidence/fn/try27-s12-h100-20261006a/fna/coldstart.txt
openspec/changes/rl-infra-spec/evidence/fn/try27-s12-h100-20261006a/fna/end_utc.txt	21	b8c581af80e7cb3d1bd2d980f8cf5eaa97ebd7f9b0b00f87eaaae612ad201d7e	yeto-evidence-archive	/openspec/changes/rl-infra-spec/evidence/fn/try27-s12-h100-20261006a/fna/end_utc.txt
openspec/changes/rl-infra-spec/evidence/fn/try27-s12-h100-20261006a/fna/judge-fn-r16.json	2804	32e05beb48642e15f7fbdd18a823180c8b92429abc1381fbf9325c2a82d73d2f	yeto-evidence-archive	/openspec/changes/rl-infra-spec/evidence/fn/try27-s12-h100-20261006a/fna/judge-fn-r16.json
openspec/changes/rl-infra-spec/evidence/fn/try27-s12-h100-20261006a/fna/judge-fn-r16.out	127	88ba2c7737fd3e0fe837b9b5856288f6b775a3214c33e94675cda4891e965dee	yeto-evidence-archive	/openspec/changes/rl-infra-spec/evidence/fn/try27-s12-h100-20261006a/fna/judge-fn-r16.out
openspec/changes/rl-infra-spec/evidence/fn/try27-s12-h100-20261006a/fna/judge-fn-rerun.out	116	94fc0e495b624e6c443849efe93181d0fa212fb158d1e0f1bab443e933b67288	yeto-evidence-archive	/openspec/changes/rl-infra-spec/evidence/fn/try27-s12-h100-20261006a/fna/judge-fn-rerun.out
openspec/changes/rl-infra-spec/evidence/fn/try27-s12-h100-20261006a/fna/judge-fn.json	2760	f3ff93c68ee82273a788eb36fb5d2f901a9f9f40bd7bee0744db4fdc5fd56bb5	yeto-evidence-archive	/openspec/changes/rl-infra-spec/evidence/fn/try27-s12-h100-20261006a/fna/judge-fn.json
openspec/changes/rl-infra-spec/evidence/fn/try27-s12-h100-20261006a/fna/judge-fn.out	476	0273e2c4d5d00f18362d64356ab30ab886ba618be48605d0dfeb5dda57e6d851	yeto-evidence-archive	/openspec/changes/rl-infra-spec/evidence/fn/try27-s12-h100-20261006a/fna/judge-fn.out
openspec/changes/rl-infra-spec/evidence/fn/try27-s12-h100-20261006a/fna/launch.ts.log	1946842	fee8d018c3f644230e54c31e57a735a7b5834091356436cc5013956e11bc6137	yeto-evidence-archive	/openspec/changes/rl-infra-spec/evidence/fn/try27-s12-h100-20261006a/fna/launch.ts.log
openspec/changes/rl-infra-spec/evidence/fn/try27-s12-h100-20261006a/fna/lora.txt	494150	fb53d21526205108b79cee5e08d0594c76f3d521c979632d9ce236360c384abb	yeto-evidence-archive	/openspec/changes/rl-infra-spec/evidence/fn/try27-s12-h100-20261006a/fna/lora.txt
openspec/changes/rl-infra-spec/evidence/fn/try27-s12-h100-20261006a/fna/perf.txt	62747	8ade1ab4c431131222112d7119364d925557b626e062c792f2e0bc815549e9a1	yeto-evidence-archive	/openspec/changes/rl-infra-spec/evidence/fn/try27-s12-h100-20261006a/fna/perf.txt
openspec/changes/rl-infra-spec/evidence/fn/try27-s12-h100-20261006a/fna/rc.txt	5	93ff7811a209e2a8479230bbb9b6bc19f7f311d3af383ec350c1db2a7e7d5494	yeto-evidence-archive	/openspec/changes/rl-infra-spec/evidence/fn/try27-s12-h100-20261006a/fna/rc.txt
openspec/changes/rl-infra-spec/evidence/fn/try27-s12-h100-20261006a/fna/start_utc.txt	21	9bdfb932ba1ce1493b61d78743969c4e4cf61c6d0c3f1f9e84df354a549c14ae	yeto-evidence-archive	/openspec/changes/rl-infra-spec/evidence/fn/try27-s12-h100-20261006a/fna/start_utc.txt
openspec/changes/rl-infra-spec/evidence/fn/try27-s12-h100-20261006a/fna/sweep.json	462	4aed317bed507c31612a5b4908feb8c1a30606688d92174d28458b1ffe2f6b72	yeto-evidence-archive	/openspec/changes/rl-infra-spec/evidence/fn/try27-s12-h100-20261006a/fna/sweep.json
openspec/changes/rl-infra-spec/evidence/fn/try27-s12-h100-20261006a/fna/terminal.txt	246	05bfd459764ca494a30f43566957dacf56346235c396c91949f72e9dbbc744c4	yeto-evidence-archive	/openspec/changes/rl-infra-spec/evidence/fn/try27-s12-h100-20261006a/fna/terminal.txt
openspec/changes/rl-infra-spec/evidence/fn/try27-s12-h100-20261006a/fna/torchdist-load.txt	51564	78ccd84ac5929d5c50e6f273b4ff49582e6dd114970967761abbbcde2c038840	yeto-evidence-archive	/openspec/changes/rl-infra-spec/evidence/fn/try27-s12-h100-20261006a/fna/torchdist-load.txt
openspec/changes/rl-infra-spec/evidence/fn/try27-s12-h100-20261006a/fna/yeto_sha.txt	41	ac031234017eac30e26eaf831bdc567169238a231e437db5d29aab28d0c37d37	yeto-evidence-archive	/openspec/changes/rl-infra-spec/evidence/fn/try27-s12-h100-20261006a/fna/yeto_sha.txt
openspec/changes/rl-infra-spec/evidence/fn/try27-s12-h100-20261006a/fnboot/args.txt	1220	66ed1fc94160b9d75c602aa3cc93f9de3e91ec4e42a36ae92737a3510398192a	yeto-evidence-archive	/openspec/changes/rl-infra-spec/evidence/fn/try27-s12-h100-20261006a/fnboot/args.txt
openspec/changes/rl-infra-spec/evidence/fn/try27-s12-h100-20261006a/fnboot/boot_only.json	456	a584ce07b4a8ab15d41fb11547d10344c02da0f5dba04ec878ce63fff6f8217c	yeto-evidence-archive	/openspec/changes/rl-infra-spec/evidence/fn/try27-s12-h100-20261006a/fnboot/boot_only.json
openspec/changes/rl-infra-spec/evidence/fn/try27-s12-h100-20261006a/fnboot/case.txt	5	8e5878b24c1520fe60912c4f22f613418052d82e7f090c7d135ca63c78c6d217	yeto-evidence-archive	/openspec/changes/rl-infra-spec/evidence/fn/try27-s12-h100-20261006a/fnboot/case.txt
openspec/changes/rl-infra-spec/evidence/fn/try27-s12-h100-20261006a/fnboot/cluster.txt	34	484c539f2be2ccd42ce9034d467ad1b4bde6e0179cf6a8f4a1fbe59634a5f7c3	yeto-evidence-archive	/openspec/changes/rl-infra-spec/evidence/fn/try27-s12-h100-20261006a/fnboot/cluster.txt
openspec/changes/rl-infra-spec/evidence/fn/try27-s12-h100-20261006a/fnboot/coldstart.txt	77367	71480d224ec79b97c00f908141cb869d0859b0f63abf88cd007a1859b300b788	yeto-evidence-archive	/openspec/changes/rl-infra-spec/evidence/fn/try27-s12-h100-20261006a/fnboot/coldstart.txt
openspec/changes/rl-infra-spec/evidence/fn/try27-s12-h100-20261006a/fnboot/end_utc.txt	21	dc02c61580a02963235b4fccfe3d6b1425b20f9d739882feec0f519affe9f812	yeto-evidence-archive	/openspec/changes/rl-infra-spec/evidence/fn/try27-s12-h100-20261006a/fnboot/end_utc.txt
openspec/changes/rl-infra-spec/evidence/fn/try27-s12-h100-20261006a/fnboot/judge-fn.out	476	0273e2c4d5d00f18362d64356ab30ab886ba618be48605d0dfeb5dda57e6d851	yeto-evidence-archive	/openspec/changes/rl-infra-spec/evidence/fn/try27-s12-h100-20261006a/fnboot/judge-fn.out
openspec/changes/rl-infra-spec/evidence/fn/try27-s12-h100-20261006a/fnboot/launch.ts.log	302210	36052de8718620e05bf46fdfd87231edaca6b0bde57432d94a7e2fc1234de0cc	yeto-evidence-archive	/openspec/changes/rl-infra-spec/evidence/fn/try27-s12-h100-20261006a/fnboot/launch.ts.log
openspec/changes/rl-infra-spec/evidence/fn/try27-s12-h100-20261006a/fnboot/lora.txt	6126	9e13e71eb32bf0e57b510231c48c87da83f418b76e219be4b098c2f29f7ef5ff	yeto-evidence-archive	/openspec/changes/rl-infra-spec/evidence/fn/try27-s12-h100-20261006a/fnboot/lora.txt
openspec/changes/rl-infra-spec/evidence/fn/try27-s12-h100-20261006a/fnboot/perf.txt	96	9bdcc6b5b18ddb6260e676025cb48a9202d9efa2dac577c9e72be652b8ffa049	yeto-evidence-archive	/openspec/changes/rl-infra-spec/evidence/fn/try27-s12-h100-20261006a/fnboot/perf.txt
openspec/changes/rl-infra-spec/evidence/fn/try27-s12-h100-20261006a/fnboot/rc.txt	5	6287af74aad3b917a89c5439f344047420fcf7e089e04e310d3c41259b0c9332	yeto-evidence-archive	/openspec/changes/rl-infra-spec/evidence/fn/try27-s12-h100-20261006a/fnboot/rc.txt
openspec/changes/rl-infra-spec/evidence/fn/try27-s12-h100-20261006a/fnboot/start_utc.txt	21	3367054dbc40653ce28fb16440772be6c7e529d278a7064868dab056870b85c0	yeto-evidence-archive	/openspec/changes/rl-infra-spec/evidence/fn/try27-s12-h100-20261006a/fnboot/start_utc.txt
openspec/changes/rl-infra-spec/evidence/fn/try27-s12-h100-20261006a/fnboot/sweep.json	367	d21e3312c1ee64d04eadc3db1d07ed2549b4a18aea7c7e6275302559c537f36c	yeto-evidence-archive	/openspec/changes/rl-infra-spec/evidence/fn/try27-s12-h100-20261006a/fnboot/sweep.json
openspec/changes/rl-infra-spec/evidence/fn/try27-s12-h100-20261006a/fnboot/terminal.txt	246	05bfd459764ca494a30f43566957dacf56346235c396c91949f72e9dbbc744c4	yeto-evidence-archive	/openspec/changes/rl-infra-spec/evidence/fn/try27-s12-h100-20261006a/fnboot/terminal.txt
openspec/changes/rl-infra-spec/evidence/fn/try27-s12-h100-20261006a/fnboot/torchdist-load.txt	1445	daf8ab342d337e3ba76ddae7104f7dde6fba9b12363e4d651321fed00ba535cd	yeto-evidence-archive	/openspec/changes/rl-infra-spec/evidence/fn/try27-s12-h100-20261006a/fnboot/torchdist-load.txt
openspec/changes/rl-infra-spec/evidence/fn/try27-s12-h100-20261006a/fnboot/yeto_sha.txt	41	ac031234017eac30e26eaf831bdc567169238a231e437db5d29aab28d0c37d37	yeto-evidence-archive	/openspec/changes/rl-infra-spec/evidence/fn/try27-s12-h100-20261006a/fnboot/yeto_sha.txt
openspec/changes/rl-infra-spec/evidence/fn/try27-s12-h100-20261006a/s12-h100-20261006a-fna.out	33	0fa4c945a86107d278b05ae161c25658bd307638b19a56d9fd2bc3d46bd6922f	yeto-evidence-archive	/openspec/changes/rl-infra-spec/evidence/fn/try27-s12-h100-20261006a/s12-h100-20261006a-fna.out
openspec/changes/rl-infra-spec/evidence/fn/try27-s12-h100-20261006a/s12-h100-20261006a-fnboot.out	36	58d2d0a3c637f583c41fe964938ac176d58c75ba9fa2af7bcddce28187501b45	yeto-evidence-archive	/openspec/changes/rl-infra-spec/evidence/fn/try27-s12-h100-20261006a/s12-h100-20261006a-fnboot.out
openspec/changes/rl-infra-spec/evidence/fn/try27-s12-h100-20261006a/s12-h100-20261006a-fnprep.out	96	4edc6ee925a1adb51e6f9151f2f7f5f255f7192b0b18e344e6db69f4a54f8f0b	yeto-evidence-archive	/openspec/changes/rl-infra-spec/evidence/fn/try27-s12-h100-20261006a/s12-h100-20261006a-fnprep.out
openspec/changes/rl-infra-spec/evidence/fn/try27-s12-h100-20261006a/s12-h100-20261006a-fp_fn8s.json	5184	c12908c107a9db444533998207a58499c2c05a7f0a22163f1cca786a9147f403	yeto-evidence-archive	/openspec/changes/rl-infra-spec/evidence/fn/try27-s12-h100-20261006a/s12-h100-20261006a-fp_fn8s.json
openspec/changes/rl-infra-spec/evidence/fn/try27-s12-h100-20261006a/s12-h100-20261006a.chain.log	2939	d3c369828451a9e5ab3ca9ead30fa935907145cef9ebf818fb63e8205b2d8072	yeto-evidence-archive	/openspec/changes/rl-infra-spec/evidence/fn/try27-s12-h100-20261006a/s12-h100-20261006a.chain.log
openspec/changes/rl-infra-spec/evidence/fn/try27-s12-h100-20261006a/s12-h100-20261006a.cleanup1.out	702	d064472e1a1af68ab93defa1a74b6d5f13d79bd0ab2d20b19807726b00a5b50e	yeto-evidence-archive	/openspec/changes/rl-infra-spec/evidence/fn/try27-s12-h100-20261006a/s12-h100-20261006a.cleanup1.out
openspec/changes/rl-infra-spec/evidence/fn/try27-s12-h100-20261006a/s12-h100-20261006a.cleanup2.out	510	d583eb1db9f1aa6ee113bf7d3d5ef2a4255d3383a66da3f8d9489b53aec94744	yeto-evidence-archive	/openspec/changes/rl-infra-spec/evidence/fn/try27-s12-h100-20261006a/s12-h100-20261006a.cleanup2.out
openspec/changes/rl-infra-spec/evidence/fn/try27-s12-h100-20261006a/s12-h100-20261006a.wrapper.out	1879	0c8d01347d566e19178b248c7030ee02512b587ad2316babba4af3826e8633d6	yeto-evidence-archive	/openspec/changes/rl-infra-spec/evidence/fn/try27-s12-h100-20261006a/s12-h100-20261006a.wrapper.out
openspec/changes/rl-infra-spec/evidence/image/attempt1/driver.log	3567	8aac4b49af91e8a9b17fe5da75d066f0ba8c5e7093adf6f75082eb91e151409d	yeto-evidence-archive	/openspec/changes/rl-infra-spec/evidence/image/attempt1/driver.log
openspec/changes/rl-infra-spec/evidence/image/attempt1/sandbox_id.txt	26	ec2e9b36aa54ff824ffc74fbfbdf04161f105b599724cb42c917a71015708cd8	yeto-evidence-archive	/openspec/changes/rl-infra-spec/evidence/image/attempt1/sandbox_id.txt
openspec/changes/rl-infra-spec/evidence/image/attempt1/smoke.log	5883	0c92ef3cfc79f306d33b468fc74250038f31b6176305020b6342cf93a77edf25	yeto-evidence-archive	/openspec/changes/rl-infra-spec/evidence/image/attempt1/smoke.log
openspec/changes/rl-infra-spec/evidence/image/attempt1/smoke_in_image.sh.used	4039	1d25760d308cc9bae95f38a12826c41bebb97a6c2b53363c6d489cd7183445c8	yeto-evidence-archive	/openspec/changes/rl-infra-spec/evidence/image/attempt1/smoke_in_image.sh.used
openspec/changes/rl-infra-spec/evidence/image/attempt1/smoke_sbx.py.used	1565	db3a2eca464019d0a6c8994d96d950dbe7baa8a3218e2d0d31caa00044f35e08	yeto-evidence-archive	/openspec/changes/rl-infra-spec/evidence/image/attempt1/smoke_sbx.py.used
openspec/changes/rl-infra-spec/evidence/image/attempt2/driver2.log	4501	3b443978ad161bb32efbb97583721ad459663b98225f63b46d87d11991986ee3	yeto-evidence-archive	/openspec/changes/rl-infra-spec/evidence/image/attempt2/driver2.log
openspec/changes/rl-infra-spec/evidence/image/attempt2/ns_probe.py	1031	bb8abcf13d94d6b46cd48fba873a2ba446afb35a247524c5a9ebe47e22425186	yeto-evidence-archive	/openspec/changes/rl-infra-spec/evidence/image/attempt2/ns_probe.py
openspec/changes/rl-infra-spec/evidence/image/attempt2/sandbox_id.txt	26	967264c83bd300baac1c3f222b550fccff0ef775d6482e7e79be5e99d63efa73	yeto-evidence-archive	/openspec/changes/rl-infra-spec/evidence/image/attempt2/sandbox_id.txt
openspec/changes/rl-infra-spec/evidence/image/attempt2/smoke.log	6821	24e5e6e701242591e9aaeee841dfe1918f7445c153d3ff515a9622d7f6240182	yeto-evidence-archive	/openspec/changes/rl-infra-spec/evidence/image/attempt2/smoke.log
openspec/changes/rl-infra-spec/evidence/image/attempt2/smoke_in_image.sh.used	4049	b3b74c746730d41dab39f76c6eee29815f6220a65bd6cad8126e0e59a80ad0c8	yeto-evidence-archive	/openspec/changes/rl-infra-spec/evidence/image/attempt2/smoke_in_image.sh.used
openspec/changes/rl-infra-spec/evidence/image/attempt2/smoke_sbx.py.used	1565	db3a2eca464019d0a6c8994d96d950dbe7baa8a3218e2d0d31caa00044f35e08	yeto-evidence-archive	/openspec/changes/rl-infra-spec/evidence/image/attempt2/smoke_sbx.py.used
openspec/changes/rl-infra-spec/evidence/image/build-record.json	617	a51f30a36ebcc62cc0991aca5ff20bd5cddfbc636f12eba03be50f5c07bba873	yeto-evidence-archive	/openspec/changes/rl-infra-spec/evidence/image/build-record.json
openspec/changes/rl-infra-spec/evidence/image/elastic-d002615/build-record.json	617	ab49d771c52a8a2c8e9980e8a3b8b184e57258dee1e33fe281954866de53845e	yeto-evidence-archive	/openspec/changes/rl-infra-spec/evidence/image/elastic-d002615/build-record.json
openspec/changes/rl-infra-spec/evidence/image/elastic-d002615/driver.log	4963	50308db1400cade85bb7a06855039897f762bc65bf823e30bfde99975a852a3b	yeto-evidence-archive	/openspec/changes/rl-infra-spec/evidence/image/elastic-d002615/driver.log
openspec/changes/rl-infra-spec/evidence/image/elastic-d002615/failset-after.txt	9036	bb3d123b32f899e116c5a47fd449973aae6b07a6a28b13461599e42e5f6a6d34	yeto-evidence-archive	/openspec/changes/rl-infra-spec/evidence/image/elastic-d002615/failset-after.txt
openspec/changes/rl-infra-spec/evidence/image/elastic-d002615/failset-base-a7e315a.txt	9036	bb3d123b32f899e116c5a47fd449973aae6b07a6a28b13461599e42e5f6a6d34	yeto-evidence-archive	/openspec/changes/rl-infra-spec/evidence/image/elastic-d002615/failset-base-a7e315a.txt
openspec/changes/rl-infra-spec/evidence/image/elastic-d002615/modal_app_list_after_stop.txt	279	2fa44b648477031f4e79010acc2a32bdd3ed7073d0a24604a053a427f1b41fe7	yeto-evidence-archive	/openspec/changes/rl-infra-spec/evidence/image/elastic-d002615/modal_app_list_after_stop.txt
openspec/changes/rl-infra-spec/evidence/image/elastic-d002615/pytest-full-after.txt	29104	b0875384921f4396984893e5d953db981922f482c6336d85f7d18d06ca10d612	yeto-evidence-archive	/openspec/changes/rl-infra-spec/evidence/image/elastic-d002615/pytest-full-after.txt
openspec/changes/rl-infra-spec/evidence/image/elastic-d002615/pytest_cpu.log	3869	00594a28d5a3a3aedd88d76a85902063d4529cfafca4e4772eda513895ee88eb	yeto-evidence-archive	/openspec/changes/rl-infra-spec/evidence/image/elastic-d002615/pytest_cpu.log
openspec/changes/rl-infra-spec/evidence/image/elastic-d002615/pytest_cpu.py	1077	e34be1bfe6d21ae96e7abbe2ae37df3bca912b7edd8544aa815178336a93b5e9	yeto-evidence-archive	/openspec/changes/rl-infra-spec/evidence/image/elastic-d002615/pytest_cpu.py
openspec/changes/rl-infra-spec/evidence/image/elastic-d002615/pytest_gpu.log	2314	ae2c4463c507009e06d65a861e9eedd41800ea99ff0820f5477b1881ff3cff8e	yeto-evidence-archive	/openspec/changes/rl-infra-spec/evidence/image/elastic-d002615/pytest_gpu.log
openspec/changes/rl-infra-spec/evidence/image/elastic-d002615/pytest_gpu.py	1100	560b7e8ba8b6f6a622e3583a628c01883645751c130bb7a9016da8cdf47b204f	yeto-evidence-archive	/openspec/changes/rl-infra-spec/evidence/image/elastic-d002615/pytest_gpu.py
openspec/changes/rl-infra-spec/evidence/image/elastic-d002615/sandbox_id.txt	26	af2a984e02d2d6e7ccfed9de56132193d791a34dd7f0f75d045347ebf4ebbf17	yeto-evidence-archive	/openspec/changes/rl-infra-spec/evidence/image/elastic-d002615/sandbox_id.txt
openspec/changes/rl-infra-spec/evidence/image/elastic-d002615/smoke.log	7090	c32213e0df2af55edeaa9aabf5d8df7fda856001b07fe2d7ce98e2aa8fd37f83	yeto-evidence-archive	/openspec/changes/rl-infra-spec/evidence/image/elastic-d002615/smoke.log
openspec/changes/rl-infra-spec/evidence/image/failset-after-nosync.txt	9036	bb3d123b32f899e116c5a47fd449973aae6b07a6a28b13461599e42e5f6a6d34	yeto-evidence-archive	/openspec/changes/rl-infra-spec/evidence/image/failset-after-nosync.txt
openspec/changes/rl-infra-spec/evidence/image/failset-after-review.txt	9036	bb3d123b32f899e116c5a47fd449973aae6b07a6a28b13461599e42e5f6a6d34	yeto-evidence-archive	/openspec/changes/rl-infra-spec/evidence/image/failset-after-review.txt
openspec/changes/rl-infra-spec/evidence/image/failset-after.txt	9036	bb3d123b32f899e116c5a47fd449973aae6b07a6a28b13461599e42e5f6a6d34	yeto-evidence-archive	/openspec/changes/rl-infra-spec/evidence/image/failset-after.txt
openspec/changes/rl-infra-spec/evidence/image/failset-base-rlinteg+algocap.txt	9036	bb3d123b32f899e116c5a47fd449973aae6b07a6a28b13461599e42e5f6a6d34	yeto-evidence-archive	/openspec/changes/rl-infra-spec/evidence/image/failset-base-rlinteg+algocap.txt
openspec/changes/rl-infra-spec/evidence/image/failset-base-rlinteg-eb25e4c+algocap-95a7da5.txt	9036	bb3d123b32f899e116c5a47fd449973aae6b07a6a28b13461599e42e5f6a6d34	yeto-evidence-archive	/openspec/changes/rl-infra-spec/evidence/image/failset-base-rlinteg-eb25e4c+algocap-95a7da5.txt
openspec/changes/rl-infra-spec/evidence/image/failset-base.txt	9036	bb3d123b32f899e116c5a47fd449973aae6b07a6a28b13461599e42e5f6a6d34	yeto-evidence-archive	/openspec/changes/rl-infra-spec/evidence/image/failset-base.txt
openspec/changes/rl-infra-spec/evidence/image/legacy-task-snapshot-after.json	4829	299fe57038ef308b9052784d24d57a2b12b97ea89a287cf46c1e26643fabcc0a	yeto-evidence-archive	/openspec/changes/rl-infra-spec/evidence/image/legacy-task-snapshot-after.json
openspec/changes/rl-infra-spec/evidence/image/legacy-task-snapshot-base.json	4829	67df794fafd35360fd7fedd0efd87c9a2c407014594474384f9b7606adedc304	yeto-evidence-archive	/openspec/changes/rl-infra-spec/evidence/image/legacy-task-snapshot-base.json
openspec/changes/rl-infra-spec/evidence/image/miles-0af62f4/build-record.json	617	5198097d887cdfd85ae075b7c16bd2c463da91b74574c26826684359a04922b2	yeto-evidence-archive	/openspec/changes/rl-infra-spec/evidence/image/miles-0af62f4/build-record.json
openspec/changes/rl-infra-spec/evidence/image/miles-0af62f4/driver.log	7382	3405f60c37673724c6f4938e7ea14867440019a7bfacb9909ed632c8b49687de	yeto-evidence-archive	/openspec/changes/rl-infra-spec/evidence/image/miles-0af62f4/driver.log
openspec/changes/rl-infra-spec/evidence/image/miles-0af62f4/failset-after.txt	9036	bb3d123b32f899e116c5a47fd449973aae6b07a6a28b13461599e42e5f6a6d34	yeto-evidence-archive	/openspec/changes/rl-infra-spec/evidence/image/miles-0af62f4/failset-after.txt
openspec/changes/rl-infra-spec/evidence/image/miles-0af62f4/failset-base-1bf68ee.txt	9036	bb3d123b32f899e116c5a47fd449973aae6b07a6a28b13461599e42e5f6a6d34	yeto-evidence-archive	/openspec/changes/rl-infra-spec/evidence/image/miles-0af62f4/failset-base-1bf68ee.txt
openspec/changes/rl-infra-spec/evidence/image/miles-0af62f4/modal_app_list_after_stop.txt	372	fd4479737e6cd89e03684fbe644bb4a9c3874d76d465bff50934b9472ad40435	yeto-evidence-archive	/openspec/changes/rl-infra-spec/evidence/image/miles-0af62f4/modal_app_list_after_stop.txt
openspec/changes/rl-infra-spec/evidence/image/miles-0af62f4/pytest-full-after.txt	29104	e3565f4ae2b336532a7904033c075a59f031d7185f855bcc46eb5522a553e272	yeto-evidence-archive	/openspec/changes/rl-infra-spec/evidence/image/miles-0af62f4/pytest-full-after.txt
openspec/changes/rl-infra-spec/evidence/image/miles-0af62f4/sandbox_id.txt	26	618a7f4b3fc07d311a480f5bef0da0a3e3c5f9504de67c69b59243630057e7da	yeto-evidence-archive	/openspec/changes/rl-infra-spec/evidence/image/miles-0af62f4/sandbox_id.txt
openspec/changes/rl-infra-spec/evidence/image/miles-0af62f4/smoke.log	9509	c5addf207b6d2fa5e942035f4c5cfbc5791717c524033a02004214ee444aaf2e	yeto-evidence-archive	/openspec/changes/rl-infra-spec/evidence/image/miles-0af62f4/smoke.log
openspec/changes/rl-infra-spec/evidence/image/modal_app_list_after_stop.txt	372	f2c3e920f4a1d2c56843a3dc219a5d1521a7eaf0337c35a73350dfcac147e08a	yeto-evidence-archive	/openspec/changes/rl-infra-spec/evidence/image/modal_app_list_after_stop.txt
openspec/changes/rl-infra-spec/evidence/image/pytest-full-after-nosync.txt	29104	5c57789ac58646d418f9c570cfdb2fb3d7292fcf8f1a1f8d4256a1db4ab2b235	yeto-evidence-archive	/openspec/changes/rl-infra-spec/evidence/image/pytest-full-after-nosync.txt
openspec/changes/rl-infra-spec/evidence/image/pytest-full-after-review.txt	29104	04a5be6e6302182fdb335d8c5fc0921f25ac673d5e8b13b4f8b774168a22613b	yeto-evidence-archive	/openspec/changes/rl-infra-spec/evidence/image/pytest-full-after-review.txt
openspec/changes/rl-infra-spec/evidence/image/pytest-full-after.txt	29104	89dca6b0cef9d7a611c8de2426cd6a2941d1af0933b2a2fe944b7719534b4f4c	yeto-evidence-archive	/openspec/changes/rl-infra-spec/evidence/image/pytest-full-after.txt
openspec/changes/rl-infra-spec/evidence/image/pytest-full-base-7fffbfd.txt	28894	6816674e7323d0e53251e0f7db9e58f27034f073dfcbad9c862576ec048f396c	yeto-evidence-archive	/openspec/changes/rl-infra-spec/evidence/image/pytest-full-base-7fffbfd.txt
openspec/changes/rl-infra-spec/evidence/image/pytest-full-base-rlinteg+algocap.txt	28924	57c7b4a38a7b34d609e9beee57f113d0499d1afa3615ad4a9d81e33a9591255f	yeto-evidence-archive	/openspec/changes/rl-infra-spec/evidence/image/pytest-full-base-rlinteg+algocap.txt
openspec/changes/rl-infra-spec/evidence/image/sky013-docker-login-config-check.txt	76	9a37356be8c1588a6460746b833ca20a9e6cb294415a598608b962b31bc3e4e3	yeto-evidence-archive	/openspec/changes/rl-infra-spec/evidence/image/sky013-docker-login-config-check.txt
openspec/changes/rl-infra-spec/evidence/image/smoke_sbx.py	1565	db3a2eca464019d0a6c8994d96d950dbe7baa8a3218e2d0d31caa00044f35e08	yeto-evidence-archive	/openspec/changes/rl-infra-spec/evidence/image/smoke_sbx.py
openspec/changes/rl-infra-spec/evidence/infra-a/1.1/attempt1/end_utc.txt	21	b6b201f0cc91a199044f5d01369e3402a2ccbf576166e8f70b57d38542df8153	yeto-evidence-archive	/openspec/changes/rl-infra-spec/evidence/infra-a/1.1/attempt1/end_utc.txt
openspec/changes/rl-infra-spec/evidence/infra-a/1.1/attempt1/modal_app_list_after_stop.txt	95	9b0502dba4b069b886931dc5c2547de3d4441a94a43e06b18e46d3fa7cf5373e	yeto-evidence-archive	/openspec/changes/rl-infra-spec/evidence/infra-a/1.1/attempt1/modal_app_list_after_stop.txt
openspec/changes/rl-infra-spec/evidence/infra-a/1.1/attempt1/sandbox_id.txt	26	964516a1ab481884ac8cf41a84a3e66133c603cf0fff3fb6c8ab9eff16f9cc2f	yeto-evidence-archive	/openspec/changes/rl-infra-spec/evidence/infra-a/1.1/attempt1/sandbox_id.txt
openspec/changes/rl-infra-spec/evidence/infra-a/1.1/attempt1/start_utc.txt	21	0d9948f65d825ec33206e3fdcf42aa54c1d05a7bfd7fa84946cb7712fb93731f	yeto-evidence-archive	/openspec/changes/rl-infra-spec/evidence/infra-a/1.1/attempt1/start_utc.txt
openspec/changes/rl-infra-spec/evidence/infra-a/1.1/attempt2/driver.out	4284	9e2df622ac128c29abf39d3fa747e8f6d74b538dc8ebb96c12eba506d77f7e4f	yeto-evidence-archive	/openspec/changes/rl-infra-spec/evidence/infra-a/1.1/attempt2/driver.out
openspec/changes/rl-infra-spec/evidence/infra-a/1.1/attempt2/end_utc.txt	21	6fb8b850c5c9e70b1de140a45e986a2a9b363880cc6192687da9fc9d23aa518c	yeto-evidence-archive	/openspec/changes/rl-infra-spec/evidence/infra-a/1.1/attempt2/end_utc.txt
openspec/changes/rl-infra-spec/evidence/infra-a/1.1/attempt2/modal_app_list_after_stop.txt	190	eeb1053403129705e96c032e0d5ae7bf128ec389035ea90aa24b41361d7f592a	yeto-evidence-archive	/openspec/changes/rl-infra-spec/evidence/infra-a/1.1/attempt2/modal_app_list_after_stop.txt
openspec/changes/rl-infra-spec/evidence/infra-a/1.1/attempt2/sandbox_id.txt	26	0495085686c67c3f96132e900fb79cdd1aae504ab462bcd0e858a749766f12b9	yeto-evidence-archive	/openspec/changes/rl-infra-spec/evidence/infra-a/1.1/attempt2/sandbox_id.txt
openspec/changes/rl-infra-spec/evidence/infra-a/1.1/attempt2/start_utc.txt	21	2750a9d4d5c9d292fc5015fd39c335827520494c6a73b150558575a74234c0bb	yeto-evidence-archive	/openspec/changes/rl-infra-spec/evidence/infra-a/1.1/attempt2/start_utc.txt
openspec/changes/rl-infra-spec/evidence/infra-a/1.1/run.py	2148	aed654cb112d15d715fbc353a6d56f509098a4318cfce70fe4460bed58043b4f	yeto-evidence-archive	/openspec/changes/rl-infra-spec/evidence/infra-a/1.1/run.py
openspec/changes/rl-infra-spec/evidence/infra-a/1.2/attempt1/end_utc.txt	21	d421047c41cab94b52578dbdcc3eb29519afe2f511feca2d27673ec037939c2e	yeto-evidence-archive	/openspec/changes/rl-infra-spec/evidence/infra-a/1.2/attempt1/end_utc.txt
openspec/changes/rl-infra-spec/evidence/infra-a/1.2/attempt1/rc.txt	5	91d957f8f2748a950526d4d21e0d5cd3bf5518e6c60b1beb470a13be1f978b1d	yeto-evidence-archive	/openspec/changes/rl-infra-spec/evidence/infra-a/1.2/attempt1/rc.txt
openspec/changes/rl-infra-spec/evidence/infra-a/1.2/attempt1/start_utc.txt	21	6be174960fcce7034a5e1ca0c0d53802418d98579443518abaecd9100a9e1e4f	yeto-evidence-archive	/openspec/changes/rl-infra-spec/evidence/infra-a/1.2/attempt1/start_utc.txt
openspec/changes/rl-infra-spec/evidence/infra-a/1.2/attempt2/args.txt	624	0a8808a38e030b924ccf8fbab7afc46750fa30a814f23a73b813592619c2050b	yeto-evidence-archive	/openspec/changes/rl-infra-spec/evidence/infra-a/1.2/attempt2/args.txt
openspec/changes/rl-infra-spec/evidence/infra-a/1.2/attempt2/end_utc.txt	21	afcec8e48150dc0a668c3f4063d065240c32a79aaeab963998568f86b34bd5cb	yeto-evidence-archive	/openspec/changes/rl-infra-spec/evidence/infra-a/1.2/attempt2/end_utc.txt
openspec/changes/rl-infra-spec/evidence/infra-a/1.2/attempt2/gpu-ta-01M3Q12SHE3W5VNYPCB2VB4ZAR.txt	64	b9f96c60b6d8b1367b788e9a131e6bb2cae138b668f4755c12258cbd8fc8304c	yeto-evidence-archive	/openspec/changes/rl-infra-spec/evidence/infra-a/1.2/attempt2/gpu-ta-01M3Q12SHE3W5VNYPCB2VB4ZAR.txt
openspec/changes/rl-infra-spec/evidence/infra-a/1.2/attempt2/gpu-ta-01M3Q12SNCHHWS3X5522ZQ8SJR.txt	0	e3b0c44298fc1c149afbf4c8996fb92427ae41e4649b934ca495991b7852b855	yeto-evidence-archive	/openspec/changes/rl-infra-spec/evidence/infra-a/1.2/attempt2/gpu-ta-01M3Q12SNCHHWS3X5522ZQ8SJR.txt
openspec/changes/rl-infra-spec/evidence/infra-a/1.2/attempt2/gsm8k_reward.sha256	122	32ea635fa13d00261335e73176ff0a2dbb6020d7c05f8ffd8e6c6733e4d7bdec	yeto-evidence-archive	/openspec/changes/rl-infra-spec/evidence/infra-a/1.2/attempt2/gsm8k_reward.sha256
openspec/changes/rl-infra-spec/evidence/infra-a/1.2/attempt2/launch.log.gz	94357	68fc224c901962fa457bbfd188a01602f9649a67db5fcc0db5dceaefe3157ff0	yeto-evidence-archive	/openspec/changes/rl-infra-spec/evidence/infra-a/1.2/attempt2/launch.log.gz
openspec/changes/rl-infra-spec/evidence/infra-a/1.2/attempt2/launch.sh	734	5aa12cd972be0352a6e728941c47d895fecaf3095022c8eea2817cc5c9672ca7	yeto-evidence-archive	/openspec/changes/rl-infra-spec/evidence/infra-a/1.2/attempt2/launch.sh
openspec/changes/rl-infra-spec/evidence/infra-a/1.2/attempt2/puller.sh	830	dc5e301e0734ae9866d1e2de381f6ec819cb9ca1e1d9105cf4eeaf55312d4011	yeto-evidence-archive	/openspec/changes/rl-infra-spec/evidence/infra-a/1.2/attempt2/puller.sh
openspec/changes/rl-infra-spec/evidence/infra-a/1.2/attempt2/rc.txt	5	93ff7811a209e2a8479230bbb9b6bc19f7f311d3af383ec350c1db2a7e7d5494	yeto-evidence-archive	/openspec/changes/rl-infra-spec/evidence/infra-a/1.2/attempt2/rc.txt
openspec/changes/rl-infra-spec/evidence/infra-a/1.2/attempt2/rl-island-0.jsonl	7290	2ba7546eb222d05cc822874c6ba36c7af94fe7d16b79096057d9ce78e5868c96	yeto-evidence-archive	/openspec/changes/rl-infra-spec/evidence/infra-a/1.2/attempt2/rl-island-0.jsonl
openspec/changes/rl-infra-spec/evidence/infra-a/1.2/attempt2/rl-island-1.jsonl	10472	fabd6ecb78acdd775448c59c4edbce93085b3618350c2bbfc36026bca9394e09	yeto-evidence-archive	/openspec/changes/rl-infra-spec/evidence/infra-a/1.2/attempt2/rl-island-1.jsonl
openspec/changes/rl-infra-spec/evidence/infra-a/1.2/attempt2/run_local_head.py	844	1c31bddc80e0261ac6819385571f452dbf90698a99f6b1458effbd422524db4a	yeto-evidence-archive	/openspec/changes/rl-infra-spec/evidence/infra-a/1.2/attempt2/run_local_head.py
openspec/changes/rl-infra-spec/evidence/infra-a/1.2/attempt2/start_utc.txt	21	aa7638e9148eb5b29ceb77c779a436ce2dc324ba149564a1703636e034c05585	yeto-evidence-archive	/openspec/changes/rl-infra-spec/evidence/infra-a/1.2/attempt2/start_utc.txt
openspec/changes/rl-infra-spec/evidence/infra-a/1.2/attempt2/syncer-tape.jsonl	3076	98e1af6b61b056577387a2d261e2909cd0c4c23f11dd1baf2e53bfdf61ad9bfe	yeto-evidence-archive	/openspec/changes/rl-infra-spec/evidence/infra-a/1.2/attempt2/syncer-tape.jsonl
openspec/changes/rl-infra-spec/evidence/infra-a/1.2/attempt2/syncer.sha256	65	ec45e5b4eb742ba531806197f478e0d9e5e3cec0037c62702437e038a2fc5d97	yeto-evidence-archive	/openspec/changes/rl-infra-spec/evidence/infra-a/1.2/attempt2/syncer.sha256
openspec/changes/rl-infra-spec/evidence/infra-a/1.2/attempt2/watchdog.sh	178	24b2fcfe637e383dd402b0ddee7b2398c9e69b05deadf797002f99214d55d3a2	yeto-evidence-archive	/openspec/changes/rl-infra-spec/evidence/infra-a/1.2/attempt2/watchdog.sh
openspec/changes/rl-infra-spec/evidence/infra-a/1.2/check.py	2587	405ff42dcf15cfb05cb499fb63673d3b12c3b30f144ea361a12a2042dca8f785	yeto-evidence-archive	/openspec/changes/rl-infra-spec/evidence/infra-a/1.2/check.py
openspec/changes/rl-infra-spec/evidence/infra-a/1.2/modal_app_list_after.txt	585	aca49c227ee3dd3fd0eaa7e1ca78592d31e03e9c14251db4930f6ec655098aee	yeto-evidence-archive	/openspec/changes/rl-infra-spec/evidence/infra-a/1.2/modal_app_list_after.txt
openspec/changes/rl-infra-spec/evidence/infra-a/2.1a/attempt1/args.txt	682	1f955b2051bb77ce3f1c95d6edacc16ffeb08210ec31aaa1968f5ae799b24913	yeto-evidence-archive	/openspec/changes/rl-infra-spec/evidence/infra-a/2.1a/attempt1/args.txt
openspec/changes/rl-infra-spec/evidence/infra-a/2.1a/attempt1/end_utc.txt	21	94dd489e0ac54a7b62653bae5d323f93b1104278e49ef876bed72d9a07619b8b	yeto-evidence-archive	/openspec/changes/rl-infra-spec/evidence/infra-a/2.1a/attempt1/end_utc.txt
openspec/changes/rl-infra-spec/evidence/infra-a/2.1a/attempt1/gpu.txt	201	a49882aa8b4aa369cd8bfa149358d593c4ec3d78cc4c469c4b86e16671558662	yeto-evidence-archive	/openspec/changes/rl-infra-spec/evidence/infra-a/2.1a/attempt1/gpu.txt
openspec/changes/rl-infra-spec/evidence/infra-a/2.1a/attempt1/launch.log.gz	57453	f475b2136a0b642a1e1d0cb7dad6b9453d27e83ee6f57b0a8432f93dff7a1596	yeto-evidence-archive	/openspec/changes/rl-infra-spec/evidence/infra-a/2.1a/attempt1/launch.log.gz
openspec/changes/rl-infra-spec/evidence/infra-a/2.1a/attempt1/modal_app_after.txt	195	da59cedc3380ae7faa775745238887c1bd26c77a0e59c67f327379847f73f5d0	yeto-evidence-archive	/openspec/changes/rl-infra-spec/evidence/infra-a/2.1a/attempt1/modal_app_after.txt
openspec/changes/rl-infra-spec/evidence/infra-a/2.1a/attempt1/rc.txt	5	93ff7811a209e2a8479230bbb9b6bc19f7f311d3af383ec350c1db2a7e7d5494	yeto-evidence-archive	/openspec/changes/rl-infra-spec/evidence/infra-a/2.1a/attempt1/rc.txt
openspec/changes/rl-infra-spec/evidence/infra-a/2.1a/attempt1/start_utc.txt	21	e9af878269e994cefb4d6e6c94297c545e8e74ff47af192c95b7e34e87107967	yeto-evidence-archive	/openspec/changes/rl-infra-spec/evidence/infra-a/2.1a/attempt1/start_utc.txt
openspec/changes/rl-infra-spec/evidence/infra-a/2.1a/attempt1/tape.jsonl	8829	cb2886041a00c5fe40f1a4681bda96197eb7c18eabca59197baeecc841a1d2a3	yeto-evidence-archive	/openspec/changes/rl-infra-spec/evidence/infra-a/2.1a/attempt1/tape.jsonl
openspec/changes/rl-infra-spec/evidence/infra-a/2.1a/attempt1/yeto_sha.txt	41	520fd4155ea2def1030e634f038bfeabcb0338c1b8657c04ac3cae8fae030aec	yeto-evidence-archive	/openspec/changes/rl-infra-spec/evidence/infra-a/2.1a/attempt1/yeto_sha.txt
openspec/changes/rl-infra-spec/evidence/infra-a/2.1a/attempt2/args.txt	682	93a4957eb6f2cfcc09311b6f5062f5e6c4bdaefc816770a8c6fff36a8416a69f	yeto-evidence-archive	/openspec/changes/rl-infra-spec/evidence/infra-a/2.1a/attempt2/args.txt
openspec/changes/rl-infra-spec/evidence/infra-a/2.1a/attempt2/compute-apps.txt	13499	f1c1c72a62b0f6beabec1ef015b28c73d8b39e7d69e1f5abb355a64df618e4e6	yeto-evidence-archive	/openspec/changes/rl-infra-spec/evidence/infra-a/2.1a/attempt2/compute-apps.txt
openspec/changes/rl-infra-spec/evidence/infra-a/2.1a/attempt2/end_utc.txt	21	8244fa32a1a67bd02e159e05b3881d89c9f208118c85bbf0ea16dbdfdb242c04	yeto-evidence-archive	/openspec/changes/rl-infra-spec/evidence/infra-a/2.1a/attempt2/end_utc.txt
openspec/changes/rl-infra-spec/evidence/infra-a/2.1a/attempt2/gpu.txt	201	f48f9d49e80e469073b64f31da00af98270272d3592da71bd6569594961dbdc0	yeto-evidence-archive	/openspec/changes/rl-infra-spec/evidence/infra-a/2.1a/attempt2/gpu.txt
openspec/changes/rl-infra-spec/evidence/infra-a/2.1a/attempt2/launch.log.gz	56361	181c9d1bed47451695e54d877635e2331d2b0d2cb5fa78f0aecbb4ed2bebcef0	yeto-evidence-archive	/openspec/changes/rl-infra-spec/evidence/infra-a/2.1a/attempt2/launch.log.gz
openspec/changes/rl-infra-spec/evidence/infra-a/2.1a/attempt2/modal_app_after.txt	195	17699c309015ef7e175c5c22b3e5ac0c4f58ae2ef65aed02d31dc875643ef7d7	yeto-evidence-archive	/openspec/changes/rl-infra-spec/evidence/infra-a/2.1a/attempt2/modal_app_after.txt
openspec/changes/rl-infra-spec/evidence/infra-a/2.1a/attempt2/rc.txt	5	93ff7811a209e2a8479230bbb9b6bc19f7f311d3af383ec350c1db2a7e7d5494	yeto-evidence-archive	/openspec/changes/rl-infra-spec/evidence/infra-a/2.1a/attempt2/rc.txt
openspec/changes/rl-infra-spec/evidence/infra-a/2.1a/attempt2/start_utc.txt	21	4ff84802fa2aec4c1c33b73cb7571c76cbc985f5e25b5866ca2796e81d1e6e92	yeto-evidence-archive	/openspec/changes/rl-infra-spec/evidence/infra-a/2.1a/attempt2/start_utc.txt
openspec/changes/rl-infra-spec/evidence/infra-a/2.1a/attempt2/tape.jsonl	8834	b57718b57633df11c67cf9fc11765154d55bd916eb87a648050cd7fcbbffffab	yeto-evidence-archive	/openspec/changes/rl-infra-spec/evidence/infra-a/2.1a/attempt2/tape.jsonl
openspec/changes/rl-infra-spec/evidence/infra-a/2.1a/attempt2/yeto_sha.txt	41	520fd4155ea2def1030e634f038bfeabcb0338c1b8657c04ac3cae8fae030aec	yeto-evidence-archive	/openspec/changes/rl-infra-spec/evidence/infra-a/2.1a/attempt2/yeto_sha.txt
openspec/changes/rl-infra-spec/evidence/infra-a/2.2-2.3/A-attempt1/args.txt	612	4be773b3eff2713be94ce0ca265781f7793fbd9050fe036df69f810cc92873f4	yeto-evidence-archive	/openspec/changes/rl-infra-spec/evidence/infra-a/2.2-2.3/A-attempt1/args.txt
openspec/changes/rl-infra-spec/evidence/infra-a/2.2-2.3/A-attempt1/end_utc.txt	21	153b0b02fb6dd6bb9950d8864c8740dd851bafbe28affb33fe322301415abe70	yeto-evidence-archive	/openspec/changes/rl-infra-spec/evidence/infra-a/2.2-2.3/A-attempt1/end_utc.txt
openspec/changes/rl-infra-spec/evidence/infra-a/2.2-2.3/A-attempt1/rc.txt	5	91d957f8f2748a950526d4d21e0d5cd3bf5518e6c60b1beb470a13be1f978b1d	yeto-evidence-archive	/openspec/changes/rl-infra-spec/evidence/infra-a/2.2-2.3/A-attempt1/rc.txt
openspec/changes/rl-infra-spec/evidence/infra-a/2.2-2.3/A-attempt1/start_utc.txt	21	298c74ad9ba4090bd606dc92a641f34d82ebacf729b87b7e9b12eb92377244d9	yeto-evidence-archive	/openspec/changes/rl-infra-spec/evidence/infra-a/2.2-2.3/A-attempt1/start_utc.txt
openspec/changes/rl-infra-spec/evidence/infra-a/2.2-2.3/A-attempt1/yeto_sha.txt	41	bf28743c5450b9a4159d25b7f0e44f389c52f6692c119d0e494862d7b91c1894	yeto-evidence-archive	/openspec/changes/rl-infra-spec/evidence/infra-a/2.2-2.3/A-attempt1/yeto_sha.txt
openspec/changes/rl-infra-spec/evidence/infra-a/2.2-2.3/A-attempt2/args.txt	612	4be773b3eff2713be94ce0ca265781f7793fbd9050fe036df69f810cc92873f4	yeto-evidence-archive	/openspec/changes/rl-infra-spec/evidence/infra-a/2.2-2.3/A-attempt2/args.txt
openspec/changes/rl-infra-spec/evidence/infra-a/2.2-2.3/A-attempt2/end_utc.txt	21	f87a96bb78a5b0e22152bcfbc11b78ea89ea8b33fc56f36bddb2d88934a01e91	yeto-evidence-archive	/openspec/changes/rl-infra-spec/evidence/infra-a/2.2-2.3/A-attempt2/end_utc.txt
openspec/changes/rl-infra-spec/evidence/infra-a/2.2-2.3/A-attempt2/gpu.txt	64	06282c46ab73f9ce8f67faafe0c97f82e3edc080a2e460828c44d614f2389827	yeto-evidence-archive	/openspec/changes/rl-infra-spec/evidence/infra-a/2.2-2.3/A-attempt2/gpu.txt
openspec/changes/rl-infra-spec/evidence/infra-a/2.2-2.3/A-attempt2/launch.log.gz	58352	355e9f67a498179c454e7d0d54dafe204d49dc21a3dc9c4f31e62957d2dc5eb6	yeto-evidence-archive	/openspec/changes/rl-infra-spec/evidence/infra-a/2.2-2.3/A-attempt2/launch.log.gz
openspec/changes/rl-infra-spec/evidence/infra-a/2.2-2.3/A-attempt2/modal_app_after.txt	195	657b181bb8ad17ed4c3ea2c51e459d42f8fcc13b46f7a2340aec474a7680d70f	yeto-evidence-archive	/openspec/changes/rl-infra-spec/evidence/infra-a/2.2-2.3/A-attempt2/modal_app_after.txt
openspec/changes/rl-infra-spec/evidence/infra-a/2.2-2.3/A-attempt2/rc.txt	5	93ff7811a209e2a8479230bbb9b6bc19f7f311d3af383ec350c1db2a7e7d5494	yeto-evidence-archive	/openspec/changes/rl-infra-spec/evidence/infra-a/2.2-2.3/A-attempt2/rc.txt
openspec/changes/rl-infra-spec/evidence/infra-a/2.2-2.3/A-attempt2/rl-island-0.jsonl	8192	5de1ffd7e65efc3823722d7972f57d00a3f1733fc4dd83b981a28bb774cd716f	yeto-evidence-archive	/openspec/changes/rl-infra-spec/evidence/infra-a/2.2-2.3/A-attempt2/rl-island-0.jsonl
openspec/changes/rl-infra-spec/evidence/infra-a/2.2-2.3/A-attempt2/start_utc.txt	21	7e413a8459f622a51ad32c5e1af00c8b022a3e0eb9d2d4ea1b0aaf8362055e1c	yeto-evidence-archive	/openspec/changes/rl-infra-spec/evidence/infra-a/2.2-2.3/A-attempt2/start_utc.txt
openspec/changes/rl-infra-spec/evidence/infra-a/2.2-2.3/A-attempt2/yeto_sha.txt	41	bf28743c5450b9a4159d25b7f0e44f389c52f6692c119d0e494862d7b91c1894	yeto-evidence-archive	/openspec/changes/rl-infra-spec/evidence/infra-a/2.2-2.3/A-attempt2/yeto_sha.txt
openspec/changes/rl-infra-spec/evidence/infra-a/2.2-2.3/check.py	3513	1946ede0bf24f5e18b2b01d97c20f3256b0fda7c3e1a50a8bf9fdb2e64da52aa	yeto-evidence-archive	/openspec/changes/rl-infra-spec/evidence/infra-a/2.2-2.3/check.py
openspec/changes/rl-infra-spec/evidence/infra-a/2.2-2.3/modal_apps_round2.txt	390	5c41ddfe1bfef0e1fabf9dc5093a6f77395d32c0f9b1becf77aae6303c1c8ad2	yeto-evidence-archive	/openspec/changes/rl-infra-spec/evidence/infra-a/2.2-2.3/modal_apps_round2.txt
openspec/changes/rl-infra-spec/evidence/infra-a/2.2-2.3/modal_apps_round3.txt	585	ee1642a76aff12fb9f3d3b464fda9800698c5509e2f43de2b299cc41dd25e848	yeto-evidence-archive	/openspec/changes/rl-infra-spec/evidence/infra-a/2.2-2.3/modal_apps_round3.txt
openspec/changes/rl-infra-spec/evidence/infra-a/2.2-2.3/modal_apps_round4.txt	390	507a269e3c43fe3e18eb685b8338cc4fa68caba02c56ccf8ceffa9fd691349e2	yeto-evidence-archive	/openspec/changes/rl-infra-spec/evidence/infra-a/2.2-2.3/modal_apps_round4.txt
openspec/changes/rl-infra-spec/evidence/infra-a/2.2-2.3/round2-e0a/args.txt	612	4be773b3eff2713be94ce0ca265781f7793fbd9050fe036df69f810cc92873f4	yeto-evidence-archive	/openspec/changes/rl-infra-spec/evidence/infra-a/2.2-2.3/round2-e0a/args.txt
openspec/changes/rl-infra-spec/evidence/infra-a/2.2-2.3/round2-e0a/end_utc.txt	21	943c4138f52d0604563c9e8dacded7e579dd0baa380c2eecd8de26fe45a6cf5e	yeto-evidence-archive	/openspec/changes/rl-infra-spec/evidence/infra-a/2.2-2.3/round2-e0a/end_utc.txt
openspec/changes/rl-infra-spec/evidence/infra-a/2.2-2.3/round2-e0a/launch.log.gz	62158	1e85b0bca574e0be0d9565fa296ab509e77d4f26fa3de0c720bf6bdae2b945c7	yeto-evidence-archive	/openspec/changes/rl-infra-spec/evidence/infra-a/2.2-2.3/round2-e0a/launch.log.gz
openspec/changes/rl-infra-spec/evidence/infra-a/2.2-2.3/round2-e0a/rc.txt	5	93ff7811a209e2a8479230bbb9b6bc19f7f311d3af383ec350c1db2a7e7d5494	yeto-evidence-archive	/openspec/changes/rl-infra-spec/evidence/infra-a/2.2-2.3/round2-e0a/rc.txt
openspec/changes/rl-infra-spec/evidence/infra-a/2.2-2.3/round2-e0a/start_utc.txt	21	6a94622cda23c5f9065c4a4dc76bd2886bc513e2fffc78bada1c33bb0c580b8e	yeto-evidence-archive	/openspec/changes/rl-infra-spec/evidence/infra-a/2.2-2.3/round2-e0a/start_utc.txt
openspec/changes/rl-infra-spec/evidence/infra-a/2.2-2.3/round2-e0a/yeto_sha.txt	41	9e94ab99ccd1d4d02445b197709c28c845490db70662df94ee43d81aeca24bc4	yeto-evidence-archive	/openspec/changes/rl-infra-spec/evidence/infra-a/2.2-2.3/round2-e0a/yeto_sha.txt
openspec/changes/rl-infra-spec/evidence/infra-a/2.2-2.3/round2-e0b/args.txt	663	0a92204c41166fda9eaa07accc97dc606ddf458542b264f38642dc59ae752efc	yeto-evidence-archive	/openspec/changes/rl-infra-spec/evidence/infra-a/2.2-2.3/round2-e0b/args.txt
openspec/changes/rl-infra-spec/evidence/infra-a/2.2-2.3/round2-e0b/end_utc.txt	21	07d4fa299bdbf775ab36c3651fa385a4cdfa0ec8df450c3d47bbe5a53d2171f7	yeto-evidence-archive	/openspec/changes/rl-infra-spec/evidence/infra-a/2.2-2.3/round2-e0b/end_utc.txt
openspec/changes/rl-infra-spec/evidence/infra-a/2.2-2.3/round2-e0b/launch.log.gz	379	1ab7e759d1cf2c1d47699ab5d4f3e6a875c1702b5831241a76887e241a672e3a	yeto-evidence-archive	/openspec/changes/rl-infra-spec/evidence/infra-a/2.2-2.3/round2-e0b/launch.log.gz
openspec/changes/rl-infra-spec/evidence/infra-a/2.2-2.3/round2-e0b/rc.txt	5	91d957f8f2748a950526d4d21e0d5cd3bf5518e6c60b1beb470a13be1f978b1d	yeto-evidence-archive	/openspec/changes/rl-infra-spec/evidence/infra-a/2.2-2.3/round2-e0b/rc.txt
openspec/changes/rl-infra-spec/evidence/infra-a/2.2-2.3/round2-e0b/start_utc.txt	21	9957757dde98727cb738f744b63b7eef883a3a34249331ebdf3339d7a7b84cdf	yeto-evidence-archive	/openspec/changes/rl-infra-spec/evidence/infra-a/2.2-2.3/round2-e0b/start_utc.txt
openspec/changes/rl-infra-spec/evidence/infra-a/2.2-2.3/round2-e0b/yeto_sha.txt	41	9e94ab99ccd1d4d02445b197709c28c845490db70662df94ee43d81aeca24bc4	yeto-evidence-archive	/openspec/changes/rl-infra-spec/evidence/infra-a/2.2-2.3/round2-e0b/yeto_sha.txt
openspec/changes/rl-infra-spec/evidence/infra-a/2.2-2.3/round2-e0c/args.txt	663	77be6416b2df72e475f77d698d3246e8d7eae8b9bbe58d8cc00aafc4902b8911	yeto-evidence-archive	/openspec/changes/rl-infra-spec/evidence/infra-a/2.2-2.3/round2-e0c/args.txt
openspec/changes/rl-infra-spec/evidence/infra-a/2.2-2.3/round2-e0c/end_utc.txt	21	eeb97c72f6396cd9c2403a567b09a7d5065497425f61983f898a585bacd70ea1	yeto-evidence-archive	/openspec/changes/rl-infra-spec/evidence/infra-a/2.2-2.3/round2-e0c/end_utc.txt
openspec/changes/rl-infra-spec/evidence/infra-a/2.2-2.3/round2-e0c/launch.log.gz	379	d379f0160c3136f2902ec3471bbbacf9aa1c7056482894c61a858fe867307beb	yeto-evidence-archive	/openspec/changes/rl-infra-spec/evidence/infra-a/2.2-2.3/round2-e0c/launch.log.gz
openspec/changes/rl-infra-spec/evidence/infra-a/2.2-2.3/round2-e0c/rc.txt	5	91d957f8f2748a950526d4d21e0d5cd3bf5518e6c60b1beb470a13be1f978b1d	yeto-evidence-archive	/openspec/changes/rl-infra-spec/evidence/infra-a/2.2-2.3/round2-e0c/rc.txt
openspec/changes/rl-infra-spec/evidence/infra-a/2.2-2.3/round2-e0c/start_utc.txt	21	cc956f10474e9c8753b1ed9c233e3851a34bac26d21b903a934c1084912633f5	yeto-evidence-archive	/openspec/changes/rl-infra-spec/evidence/infra-a/2.2-2.3/round2-e0c/start_utc.txt
openspec/changes/rl-infra-spec/evidence/infra-a/2.2-2.3/round2-e0c/yeto_sha.txt	41	9e94ab99ccd1d4d02445b197709c28c845490db70662df94ee43d81aeca24bc4	yeto-evidence-archive	/openspec/changes/rl-infra-spec/evidence/infra-a/2.2-2.3/round2-e0c/yeto_sha.txt
openspec/changes/rl-infra-spec/evidence/infra-a/2.2-2.3/round3-r3a/args.txt	612	541bdd9d88bbe9891cf6795272fa043fc32fbabdecc696bd0d0130ca3fedc141	yeto-evidence-archive	/openspec/changes/rl-infra-spec/evidence/infra-a/2.2-2.3/round3-r3a/args.txt
openspec/changes/rl-infra-spec/evidence/infra-a/2.2-2.3/round3-r3a/end_utc.txt	21	f894340b8d1579651ae5fe1f1164dea860686651673523ba1a0b8a9ef7b63979	yeto-evidence-archive	/openspec/changes/rl-infra-spec/evidence/infra-a/2.2-2.3/round3-r3a/end_utc.txt
openspec/changes/rl-infra-spec/evidence/infra-a/2.2-2.3/round3-r3a/gpu.txt	64	f42d1b533e02132f150bf3e843ef27f04e5d16135c7a8fed56682225350e9915	yeto-evidence-archive	/openspec/changes/rl-infra-spec/evidence/infra-a/2.2-2.3/round3-r3a/gpu.txt
openspec/changes/rl-infra-spec/evidence/infra-a/2.2-2.3/round3-r3a/launch.log.gz	61599	cc93f0361c17017f1af2c3bd72490b78f2979d5631d4c250ae2d836c1d027f80	yeto-evidence-archive	/openspec/changes/rl-infra-spec/evidence/infra-a/2.2-2.3/round3-r3a/launch.log.gz
openspec/changes/rl-infra-spec/evidence/infra-a/2.2-2.3/round3-r3a/pulled-rl-island-0.jsonl	8192	88ccbb881611b62bd33c8277bbf6992184d04f0561db4acd681edccc405cf11e	yeto-evidence-archive	/openspec/changes/rl-infra-spec/evidence/infra-a/2.2-2.3/round3-r3a/pulled-rl-island-0.jsonl
openspec/changes/rl-infra-spec/evidence/infra-a/2.2-2.3/round3-r3a/rc.txt	5	93ff7811a209e2a8479230bbb9b6bc19f7f311d3af383ec350c1db2a7e7d5494	yeto-evidence-archive	/openspec/changes/rl-infra-spec/evidence/infra-a/2.2-2.3/round3-r3a/rc.txt
openspec/changes/rl-infra-spec/evidence/infra-a/2.2-2.3/round3-r3a/start_utc.txt	21	6b9209166002d7bf53ef25c2df85e5903ef32526dac290da1144e3ba0ad20d01	yeto-evidence-archive	/openspec/changes/rl-infra-spec/evidence/infra-a/2.2-2.3/round3-r3a/start_utc.txt
openspec/changes/rl-infra-spec/evidence/infra-a/2.2-2.3/round3-r3a/tape.jsonl	7762	4a42ce5e4bc5f272ba1958961281e0930036f52317251ae737566cd2fb336551	yeto-evidence-archive	/openspec/changes/rl-infra-spec/evidence/infra-a/2.2-2.3/round3-r3a/tape.jsonl
openspec/changes/rl-infra-spec/evidence/infra-a/2.2-2.3/round3-r3a/yeto_sha.txt	41	376de737955484e8748a59ef9997b50eb9db88400c146e67c29dc9afc97cad9e	yeto-evidence-archive	/openspec/changes/rl-infra-spec/evidence/infra-a/2.2-2.3/round3-r3a/yeto_sha.txt
openspec/changes/rl-infra-spec/evidence/infra-a/2.2-2.3/round3-r3b/args.txt	662	99ce87a4d010c5f07ab044b0ce2005d260d60cb5612a41323ffb5a8b11cf4c16	yeto-evidence-archive	/openspec/changes/rl-infra-spec/evidence/infra-a/2.2-2.3/round3-r3b/args.txt
openspec/changes/rl-infra-spec/evidence/infra-a/2.2-2.3/round3-r3b/end_utc.txt	21	079f6bca055d1f5e5142b11fa17d46f14d451fdb53b287879bd0e9dde7cf0b6b	yeto-evidence-archive	/openspec/changes/rl-infra-spec/evidence/infra-a/2.2-2.3/round3-r3b/end_utc.txt
openspec/changes/rl-infra-spec/evidence/infra-a/2.2-2.3/round3-r3b/gpu.txt	128	b8c3445b682df32cb2da3dbbac6f407863c69186a7090936d28cf6cbe97f106e	yeto-evidence-archive	/openspec/changes/rl-infra-spec/evidence/infra-a/2.2-2.3/round3-r3b/gpu.txt
openspec/changes/rl-infra-spec/evidence/infra-a/2.2-2.3/round3-r3b/launch.log.gz	60907	5bc19137ecbff98974de48f7206c6201dfc5b817719d4b45a82a4e385f0db77f	yeto-evidence-archive	/openspec/changes/rl-infra-spec/evidence/infra-a/2.2-2.3/round3-r3b/launch.log.gz
openspec/changes/rl-infra-spec/evidence/infra-a/2.2-2.3/round3-r3b/pulled-rl-island-0.jsonl	10747	f63916a6ed4cbb523a6af4bdac68e4fcd143222fc3849841cd120f4ed945390b	yeto-evidence-archive	/openspec/changes/rl-infra-spec/evidence/infra-a/2.2-2.3/round3-r3b/pulled-rl-island-0.jsonl
openspec/changes/rl-infra-spec/evidence/infra-a/2.2-2.3/round3-r3b/rc.txt	5	93ff7811a209e2a8479230bbb9b6bc19f7f311d3af383ec350c1db2a7e7d5494	yeto-evidence-archive	/openspec/changes/rl-infra-spec/evidence/infra-a/2.2-2.3/round3-r3b/rc.txt
openspec/changes/rl-infra-spec/evidence/infra-a/2.2-2.3/round3-r3b/start_utc.txt	21	bf1533ec61a68bfa883583d3e8e589f2909721461f44c359b7b95c4340e37d48	yeto-evidence-archive	/openspec/changes/rl-infra-spec/evidence/infra-a/2.2-2.3/round3-r3b/start_utc.txt
openspec/changes/rl-infra-spec/evidence/infra-a/2.2-2.3/round3-r3b/tape.jsonl	7086	2e89b23a91d7ab95713e8a3bb9815be10f2b75c53379626535d0e15b9b817ca9	yeto-evidence-archive	/openspec/changes/rl-infra-spec/evidence/infra-a/2.2-2.3/round3-r3b/tape.jsonl
openspec/changes/rl-infra-spec/evidence/infra-a/2.2-2.3/round3-r3b/yeto_sha.txt	41	376de737955484e8748a59ef9997b50eb9db88400c146e67c29dc9afc97cad9e	yeto-evidence-archive	/openspec/changes/rl-infra-spec/evidence/infra-a/2.2-2.3/round3-r3b/yeto_sha.txt
openspec/changes/rl-infra-spec/evidence/infra-a/2.2-2.3/round3-r3c/args.txt	662	a397c404277478984beef1b21ed40ea21c5eadeb250c04ad08f17b78adf9e11d	yeto-evidence-archive	/openspec/changes/rl-infra-spec/evidence/infra-a/2.2-2.3/round3-r3c/args.txt
openspec/changes/rl-infra-spec/evidence/infra-a/2.2-2.3/round3-r3c/end_utc.txt	21	25426413c5d9360f7c6964a07be0d55f34c6a49f6ba7231fac1063958148f407	yeto-evidence-archive	/openspec/changes/rl-infra-spec/evidence/infra-a/2.2-2.3/round3-r3c/end_utc.txt
openspec/changes/rl-infra-spec/evidence/infra-a/2.2-2.3/round3-r3c/gpu.txt	128	ff9ee4cf755475078e56e809c5e5408637f595fee437606c5bce16451a6ad3e2	yeto-evidence-archive	/openspec/changes/rl-infra-spec/evidence/infra-a/2.2-2.3/round3-r3c/gpu.txt
openspec/changes/rl-infra-spec/evidence/infra-a/2.2-2.3/round3-r3c/launch.log.gz	60661	d9e2b5a16e1603be92c46a66a12bff8dec0f12cf9c6a9e706260dcde69a26b31	yeto-evidence-archive	/openspec/changes/rl-infra-spec/evidence/infra-a/2.2-2.3/round3-r3c/launch.log.gz
openspec/changes/rl-infra-spec/evidence/infra-a/2.2-2.3/round3-r3c/pulled-rl-island-0.jsonl	8192	c7cd717a3b8db2cbaab07881e616c616e16e8614e73ae8c7916e9a03280be977	yeto-evidence-archive	/openspec/changes/rl-infra-spec/evidence/infra-a/2.2-2.3/round3-r3c/pulled-rl-island-0.jsonl
openspec/changes/rl-infra-spec/evidence/infra-a/2.2-2.3/round3-r3c/rc.txt	5	93ff7811a209e2a8479230bbb9b6bc19f7f311d3af383ec350c1db2a7e7d5494	yeto-evidence-archive	/openspec/changes/rl-infra-spec/evidence/infra-a/2.2-2.3/round3-r3c/rc.txt
openspec/changes/rl-infra-spec/evidence/infra-a/2.2-2.3/round3-r3c/start_utc.txt	21	8e972e79ce74a62b4aac6610ec214fe4705c02862479d46a2301f84e457a98cc	yeto-evidence-archive	/openspec/changes/rl-infra-spec/evidence/infra-a/2.2-2.3/round3-r3c/start_utc.txt
openspec/changes/rl-infra-spec/evidence/infra-a/2.2-2.3/round3-r3c/tape.jsonl	7666	2d3f08ffd199b46b0e1acc0ebf3d969c7d24ed3449f5641ba5438a6ea627e9dc	yeto-evidence-archive	/openspec/changes/rl-infra-spec/evidence/infra-a/2.2-2.3/round3-r3c/tape.jsonl
openspec/changes/rl-infra-spec/evidence/infra-a/2.2-2.3/round3-r3c/yeto_sha.txt	41	376de737955484e8748a59ef9997b50eb9db88400c146e67c29dc9afc97cad9e	yeto-evidence-archive	/openspec/changes/rl-infra-spec/evidence/infra-a/2.2-2.3/round3-r3c/yeto_sha.txt
openspec/changes/rl-infra-spec/evidence/infra-a/2.2-2.3/round4-r4a/args.txt	612	3c5f3be5c5c145bbf9e846d8d89edac37bb009d382b7ac795b2be79a0c4c3978	yeto-evidence-archive	/openspec/changes/rl-infra-spec/evidence/infra-a/2.2-2.3/round4-r4a/args.txt
openspec/changes/rl-infra-spec/evidence/infra-a/2.2-2.3/round4-r4a/end_utc.txt	21	35c33bbb77ae5756006bad5c48cdb883c27d18e97c399ee1a37fbf0c40f0f393	yeto-evidence-archive	/openspec/changes/rl-infra-spec/evidence/infra-a/2.2-2.3/round4-r4a/end_utc.txt
openspec/changes/rl-infra-spec/evidence/infra-a/2.2-2.3/round4-r4a/launch.log.gz	61818	5235ed8f57717865114352fe67a1755ad8529871bfb84e334dfb34c5767f41e7	yeto-evidence-archive	/openspec/changes/rl-infra-spec/evidence/infra-a/2.2-2.3/round4-r4a/launch.log.gz
openspec/changes/rl-infra-spec/evidence/infra-a/2.2-2.3/round4-r4a/pulled-rl-island-0.jsonl	8192	5d50c2d9b5cbf65b42c421dcb53916ee6fbdea9aa330e9e7ee7235d256f3ba83	yeto-evidence-archive	/openspec/changes/rl-infra-spec/evidence/infra-a/2.2-2.3/round4-r4a/pulled-rl-island-0.jsonl
openspec/changes/rl-infra-spec/evidence/infra-a/2.2-2.3/round4-r4a/rc.txt	5	93ff7811a209e2a8479230bbb9b6bc19f7f311d3af383ec350c1db2a7e7d5494	yeto-evidence-archive	/openspec/changes/rl-infra-spec/evidence/infra-a/2.2-2.3/round4-r4a/rc.txt
openspec/changes/rl-infra-spec/evidence/infra-a/2.2-2.3/round4-r4a/start_utc.txt	21	8159304f983b6fe0e8c05094bcabcd536b0df71e6a1212c4208020ddb931c9da	yeto-evidence-archive	/openspec/changes/rl-infra-spec/evidence/infra-a/2.2-2.3/round4-r4a/start_utc.txt
openspec/changes/rl-infra-spec/evidence/infra-a/2.2-2.3/round4-r4a/tape.jsonl	7877	69105a4b6a7412d77a02e7e7afadf8d5d592f05da3aa62e756490ced191e301f	yeto-evidence-archive	/openspec/changes/rl-infra-spec/evidence/infra-a/2.2-2.3/round4-r4a/tape.jsonl
openspec/changes/rl-infra-spec/evidence/infra-a/2.2-2.3/round4-r4a/yeto_sha.txt	41	5b6b74f05a17da8e8f217368171dd12c927bc55a3d43fa7dd60a59030282625e	yeto-evidence-archive	/openspec/changes/rl-infra-spec/evidence/infra-a/2.2-2.3/round4-r4a/yeto_sha.txt
openspec/changes/rl-infra-spec/evidence/infra-a/2.2-2.3/round4-r4b/args.txt	662	02871c14503d332960a20be711328903eaafcd885e189658d5532f214891f954	yeto-evidence-archive	/openspec/changes/rl-infra-spec/evidence/infra-a/2.2-2.3/round4-r4b/args.txt
openspec/changes/rl-infra-spec/evidence/infra-a/2.2-2.3/round4-r4b/end_utc.txt	21	43ccede7ee7c93d997cccb44a6a9f8a631a3075e4ce5cc2114dde06fd6c42f36	yeto-evidence-archive	/openspec/changes/rl-infra-spec/evidence/infra-a/2.2-2.3/round4-r4b/end_utc.txt
openspec/changes/rl-infra-spec/evidence/infra-a/2.2-2.3/round4-r4b/launch.log.gz	61558	509e071ccaa895081cee578529fcfdfd8310c99ecd1c273f2acd375495093249	yeto-evidence-archive	/openspec/changes/rl-infra-spec/evidence/infra-a/2.2-2.3/round4-r4b/launch.log.gz
openspec/changes/rl-infra-spec/evidence/infra-a/2.2-2.3/round4-r4b/pulled-rl-island-0.jsonl	8192	d001aaa6060131fc2afc616f1b32ec9c0a654ad4366fc1af5bdad3e029200a4b	yeto-evidence-archive	/openspec/changes/rl-infra-spec/evidence/infra-a/2.2-2.3/round4-r4b/pulled-rl-island-0.jsonl
openspec/changes/rl-infra-spec/evidence/infra-a/2.2-2.3/round4-r4b/rc.txt	5	93ff7811a209e2a8479230bbb9b6bc19f7f311d3af383ec350c1db2a7e7d5494	yeto-evidence-archive	/openspec/changes/rl-infra-spec/evidence/infra-a/2.2-2.3/round4-r4b/rc.txt
openspec/changes/rl-infra-spec/evidence/infra-a/2.2-2.3/round4-r4b/start_utc.txt	21	c16f9f3636aaac856588752ec2645e36f4ffaddf73566bc831c4deb9d4f8ad7a	yeto-evidence-archive	/openspec/changes/rl-infra-spec/evidence/infra-a/2.2-2.3/round4-r4b/start_utc.txt
openspec/changes/rl-infra-spec/evidence/infra-a/2.2-2.3/round4-r4b/tape.jsonl	7195	cee1f81ce6fc861fe7854ed460f443b9c06a4c3df7c3ece74ca7eb27132318b3	yeto-evidence-archive	/openspec/changes/rl-infra-spec/evidence/infra-a/2.2-2.3/round4-r4b/tape.jsonl
openspec/changes/rl-infra-spec/evidence/infra-a/2.2-2.3/round4-r4b/yeto_sha.txt	41	5b6b74f05a17da8e8f217368171dd12c927bc55a3d43fa7dd60a59030282625e	yeto-evidence-archive	/openspec/changes/rl-infra-spec/evidence/infra-a/2.2-2.3/round4-r4b/yeto_sha.txt
openspec/changes/rl-infra-spec/evidence/infra-a/2.4/analyze.py	1963	a8a3b888e6b00363ab48ba0cc632e6b818c72f3c7d424a7c424b099855b9dca8	yeto-evidence-archive	/openspec/changes/rl-infra-spec/evidence/infra-a/2.4/analyze.py
openspec/changes/rl-infra-spec/evidence/infra-a/2.4/c4-s17/args.txt	618	b99db2680ef5d7631c69629d2c93b7214ebb59c56acc8cc455e2e2d5dcc6104f	yeto-evidence-archive	/openspec/changes/rl-infra-spec/evidence/infra-a/2.4/c4-s17/args.txt
openspec/changes/rl-infra-spec/evidence/infra-a/2.4/c4-s17/end_utc.txt	21	4ec3b9015e42f990e24a2faba81b887a0c539bee597f98595f0ba6f5752f9556	yeto-evidence-archive	/openspec/changes/rl-infra-spec/evidence/infra-a/2.4/c4-s17/end_utc.txt
openspec/changes/rl-infra-spec/evidence/infra-a/2.4/c4-s17/launch.log.gz	90685	0aadf237882ecd2903a90c0f833297b409e63b4465e16e8c0ff96bd422bb7a2a	yeto-evidence-archive	/openspec/changes/rl-infra-spec/evidence/infra-a/2.4/c4-s17/launch.log.gz
openspec/changes/rl-infra-spec/evidence/infra-a/2.4/c4-s17/rc.txt	5	93ff7811a209e2a8479230bbb9b6bc19f7f311d3af383ec350c1db2a7e7d5494	yeto-evidence-archive	/openspec/changes/rl-infra-spec/evidence/infra-a/2.4/c4-s17/rc.txt
openspec/changes/rl-infra-spec/evidence/infra-a/2.4/c4-s17/start_utc.txt	21	eb2fb58868aee21f3d23b6ff048a8d17df7361a30409d9d7238679a2974b565c	yeto-evidence-archive	/openspec/changes/rl-infra-spec/evidence/infra-a/2.4/c4-s17/start_utc.txt
openspec/changes/rl-infra-spec/evidence/infra-a/2.4/c4-s17/tape.jsonl	24661	755682e68be6b8e11ebabb25fc00a7ae96881733a35f527b9cb6c40f41e9340e	yeto-evidence-archive	/openspec/changes/rl-infra-spec/evidence/infra-a/2.4/c4-s17/tape.jsonl
openspec/changes/rl-infra-spec/evidence/infra-a/2.4/c4-s17/yeto_sha.txt	41	23e381a159b6e92bccee2c8a01f39e23cd0234a6f059440bb3f9fbdd75686af4	yeto-evidence-archive	/openspec/changes/rl-infra-spec/evidence/infra-a/2.4/c4-s17/yeto_sha.txt
openspec/changes/rl-infra-spec/evidence/infra-a/2.4/c4-s29/args.txt	618	9cdcc76e6ca930df51bf95d55a542e36442185bca7fd4245ead8481d44134671	yeto-evidence-archive	/openspec/changes/rl-infra-spec/evidence/infra-a/2.4/c4-s29/args.txt
openspec/changes/rl-infra-spec/evidence/infra-a/2.4/c4-s29/end_utc.txt	21	abd34321f48a58bcd169eba29e2d749e8c34c2b9b3bca4228403ad5214525f49	yeto-evidence-archive	/openspec/changes/rl-infra-spec/evidence/infra-a/2.4/c4-s29/end_utc.txt
openspec/changes/rl-infra-spec/evidence/infra-a/2.4/c4-s29/launch.log.gz	90876	732693d730b7bf005695462d01ea7b78fa32f4adf33eb94e3087d7e6faa1f488	yeto-evidence-archive	/openspec/changes/rl-infra-spec/evidence/infra-a/2.4/c4-s29/launch.log.gz
openspec/changes/rl-infra-spec/evidence/infra-a/2.4/c4-s29/rc.txt	5	93ff7811a209e2a8479230bbb9b6bc19f7f311d3af383ec350c1db2a7e7d5494	yeto-evidence-archive	/openspec/changes/rl-infra-spec/evidence/infra-a/2.4/c4-s29/rc.txt
openspec/changes/rl-infra-spec/evidence/infra-a/2.4/c4-s29/start_utc.txt	21	836924597779333b3e87053cdf7f352ff8b6b999b715ea74a8430c133667a5b6	yeto-evidence-archive	/openspec/changes/rl-infra-spec/evidence/infra-a/2.4/c4-s29/start_utc.txt
openspec/changes/rl-infra-spec/evidence/infra-a/2.4/c4-s29/tape.jsonl	24663	39216ff7349a4e59c8e04ef1e54f18d5fa1c873ff123f5bd4958751963032253	yeto-evidence-archive	/openspec/changes/rl-infra-spec/evidence/infra-a/2.4/c4-s29/tape.jsonl
openspec/changes/rl-infra-spec/evidence/infra-a/2.4/c4-s29/yeto_sha.txt	41	23e381a159b6e92bccee2c8a01f39e23cd0234a6f059440bb3f9fbdd75686af4	yeto-evidence-archive	/openspec/changes/rl-infra-spec/evidence/infra-a/2.4/c4-s29/yeto_sha.txt
openspec/changes/rl-infra-spec/evidence/infra-a/2.4/distopt-cpu/pytest.txt	1612	250ee7185e86c9a4e2f871db83128e2d7a247ea49aaf40c383906e2d30df509b	yeto-evidence-archive	/openspec/changes/rl-infra-spec/evidence/infra-a/2.4/distopt-cpu/pytest.txt
openspec/changes/rl-infra-spec/evidence/infra-a/2.4/distopt-smoke/attempt1/args.txt	663	cdd431798b47607282bd0e210bc993c8baddb77fdad9ca02eb79fc69cf1fa739	yeto-evidence-archive	/openspec/changes/rl-infra-spec/evidence/infra-a/2.4/distopt-smoke/attempt1/args.txt
openspec/changes/rl-infra-spec/evidence/infra-a/2.4/distopt-smoke/attempt1/launch.log.gz	51109	7fe59255982e8d473fa95b57d241c5e39beade7b7a687e85fb6d1f6906e3b4ad	yeto-evidence-archive	/openspec/changes/rl-infra-spec/evidence/infra-a/2.4/distopt-smoke/attempt1/launch.log.gz
openspec/changes/rl-infra-spec/evidence/infra-a/2.4/distopt-smoke/attempt1/modal_app_after.txt	196	fa4d87c39ec019f8d9db2eefb0c000890d9718f40401bca95b7050468a8b274a	yeto-evidence-archive	/openspec/changes/rl-infra-spec/evidence/infra-a/2.4/distopt-smoke/attempt1/modal_app_after.txt
openspec/changes/rl-infra-spec/evidence/infra-a/2.4/distopt-smoke/attempt1/rc.txt	7	786b3e89185dbe1f9234707f10ee7a576f86a02106f44fdd0c5d11b4812dff0b	yeto-evidence-archive	/openspec/changes/rl-infra-spec/evidence/infra-a/2.4/distopt-smoke/attempt1/rc.txt
openspec/changes/rl-infra-spec/evidence/infra-a/2.4/distopt-smoke/attempt1/start_utc.txt	21	fc28727f751172fa15ccf5b87cbd0b58d70c08d45f1babab43a8bd1d25c94a30	yeto-evidence-archive	/openspec/changes/rl-infra-spec/evidence/infra-a/2.4/distopt-smoke/attempt1/start_utc.txt
openspec/changes/rl-infra-spec/evidence/infra-a/2.4/distopt-smoke/attempt1/yeto_sha.txt	41	3585d1ce8cc610ce9925816cd19e34d08f76b0ee9abec0deea7a05444c3bf2ec	yeto-evidence-archive	/openspec/changes/rl-infra-spec/evidence/infra-a/2.4/distopt-smoke/attempt1/yeto_sha.txt
openspec/changes/rl-infra-spec/evidence/infra-a/2.4/distopt-smoke/attempt2/args.txt	663	00a28fbe3ccf2827dd17260f3070577ca0beb3bf7dcf14d90ab5566f29e8bdc7	yeto-evidence-archive	/openspec/changes/rl-infra-spec/evidence/infra-a/2.4/distopt-smoke/attempt2/args.txt
openspec/changes/rl-infra-spec/evidence/infra-a/2.4/distopt-smoke/attempt2/end_utc.txt	21	27cc072417d1ebe78b4108758388a6ea9cf92b3ca4f4b06b18dc5fb160aeb92b	yeto-evidence-archive	/openspec/changes/rl-infra-spec/evidence/infra-a/2.4/distopt-smoke/attempt2/end_utc.txt
openspec/changes/rl-infra-spec/evidence/infra-a/2.4/distopt-smoke/attempt2/launch.log.gz	58922	4ff141a24bb2ac5b18b9f0e4553b4a937cf86dbaa5ab38bc926eec5660f2edb1	yeto-evidence-archive	/openspec/changes/rl-infra-spec/evidence/infra-a/2.4/distopt-smoke/attempt2/launch.log.gz
openspec/changes/rl-infra-spec/evidence/infra-a/2.4/distopt-smoke/attempt2/modal_app_after.txt	196	6a786c35dd2242942d9e296124bcdbfa5e0c1e5e3ab0ee74afdf98c695ff0b93	yeto-evidence-archive	/openspec/changes/rl-infra-spec/evidence/infra-a/2.4/distopt-smoke/attempt2/modal_app_after.txt
openspec/changes/rl-infra-spec/evidence/infra-a/2.4/distopt-smoke/attempt2/rc.txt	5	93ff7811a209e2a8479230bbb9b6bc19f7f311d3af383ec350c1db2a7e7d5494	yeto-evidence-archive	/openspec/changes/rl-infra-spec/evidence/infra-a/2.4/distopt-smoke/attempt2/rc.txt
openspec/changes/rl-infra-spec/evidence/infra-a/2.4/distopt-smoke/attempt2/start_utc.txt	21	1a42413ca8346ab9289357f8d503fe39808f621c7428d4ae1d99c2bd35363a59	yeto-evidence-archive	/openspec/changes/rl-infra-spec/evidence/infra-a/2.4/distopt-smoke/attempt2/start_utc.txt
openspec/changes/rl-infra-spec/evidence/infra-a/2.4/distopt-smoke/attempt2/tape.jsonl	8781	d7b4dfa2592820fc0fe1d7d55f202c7663a05f1a4ab11e0365b60568d50a0b29	yeto-evidence-archive	/openspec/changes/rl-infra-spec/evidence/infra-a/2.4/distopt-smoke/attempt2/tape.jsonl
openspec/changes/rl-infra-spec/evidence/infra-a/2.4/distopt-smoke/attempt2/yeto_sha.txt	41	65d8dacf2f55eedcb2bfb2bd0fb8c1eb9980e376b249aa52a66334734b16361c	yeto-evidence-archive	/openspec/changes/rl-infra-spec/evidence/infra-a/2.4/distopt-smoke/attempt2/yeto_sha.txt
openspec/changes/rl-infra-spec/evidence/infra-a/2.4/modal_apps_sweep.txt	1011	a830376214b69daa2f27fedfbbcf1cecf458601ebae0a416879a2dfc46d0158a	yeto-evidence-archive	/openspec/changes/rl-infra-spec/evidence/infra-a/2.4/modal_apps_sweep.txt
openspec/changes/rl-infra-spec/evidence/infra-a/2.4/sweep-partial.json	2681	3b64add5067a56f4d221f31237485d8ea7751651f5677f32b44df60ffa8b5d02	yeto-evidence-archive	/openspec/changes/rl-infra-spec/evidence/infra-a/2.4/sweep-partial.json
openspec/changes/rl-infra-spec/evidence/infra-a/2.4/t1r3-s17/args.txt	670	86df22769bc61f30192970955e5241ddf38ff3f6551ae921107571b32b92aeb1	yeto-evidence-archive	/openspec/changes/rl-infra-spec/evidence/infra-a/2.4/t1r3-s17/args.txt
openspec/changes/rl-infra-spec/evidence/infra-a/2.4/t1r3-s17/end_utc.txt	21	7146520f90f4c0d8792fc5cc7f8b2ac59e9cc78db54b0e20b0c033ae0b1a00f7	yeto-evidence-archive	/openspec/changes/rl-infra-spec/evidence/infra-a/2.4/t1r3-s17/end_utc.txt
openspec/changes/rl-infra-spec/evidence/infra-a/2.4/t1r3-s17/launch.log.gz	79153	1babc850095ab89e3575826b43433c851dc74d57e9836189c83d96dd93be9770	yeto-evidence-archive	/openspec/changes/rl-infra-spec/evidence/infra-a/2.4/t1r3-s17/launch.log.gz
openspec/changes/rl-infra-spec/evidence/infra-a/2.4/t1r3-s17/rc.txt	5	93ff7811a209e2a8479230bbb9b6bc19f7f311d3af383ec350c1db2a7e7d5494	yeto-evidence-archive	/openspec/changes/rl-infra-spec/evidence/infra-a/2.4/t1r3-s17/rc.txt
openspec/changes/rl-infra-spec/evidence/infra-a/2.4/t1r3-s17/start_utc.txt	21	13292a190c918bc696884873c9d13ed2e72efbc0c91555b3066c3d43ed6e83e8	yeto-evidence-archive	/openspec/changes/rl-infra-spec/evidence/infra-a/2.4/t1r3-s17/start_utc.txt
openspec/changes/rl-infra-spec/evidence/infra-a/2.4/t1r3-s17/tape.jsonl	23129	d2be7ebb9041b2fd00d586021c397e3872eac7caa666577e430c9ceb02b2dbad	yeto-evidence-archive	/openspec/changes/rl-infra-spec/evidence/infra-a/2.4/t1r3-s17/tape.jsonl
openspec/changes/rl-infra-spec/evidence/infra-a/2.4/t1r3-s17/yeto_sha.txt	41	23e381a159b6e92bccee2c8a01f39e23cd0234a6f059440bb3f9fbdd75686af4	yeto-evidence-archive	/openspec/changes/rl-infra-spec/evidence/infra-a/2.4/t1r3-s17/yeto_sha.txt
openspec/changes/rl-infra-spec/evidence/infra-a/2.4/t1r3-s29/args.txt	670	61a1c4d96e92b2997c2d8745814847821767cf4f7d6570bcc3deef219dbfee71	yeto-evidence-archive	/openspec/changes/rl-infra-spec/evidence/infra-a/2.4/t1r3-s29/args.txt
openspec/changes/rl-infra-spec/evidence/infra-a/2.4/t1r3-s29/end_utc.txt	21	47b1e0e872d146afa8305c1422e62a5215419b61ea5ca6165be2f7727918fca5	yeto-evidence-archive	/openspec/changes/rl-infra-spec/evidence/infra-a/2.4/t1r3-s29/end_utc.txt
openspec/changes/rl-infra-spec/evidence/infra-a/2.4/t1r3-s29/launch.log.gz	79508	35ba88665730e8ada0bbd023ad2fbdab9c9d87d5a0089a74623f1360add0260f	yeto-evidence-archive	/openspec/changes/rl-infra-spec/evidence/infra-a/2.4/t1r3-s29/launch.log.gz
openspec/changes/rl-infra-spec/evidence/infra-a/2.4/t1r3-s29/rc.txt	5	93ff7811a209e2a8479230bbb9b6bc19f7f311d3af383ec350c1db2a7e7d5494	yeto-evidence-archive	/openspec/changes/rl-infra-spec/evidence/infra-a/2.4/t1r3-s29/rc.txt
openspec/changes/rl-infra-spec/evidence/infra-a/2.4/t1r3-s29/start_utc.txt	21	089f0f788cf89650641641c0d58682a3321d084b26971810d43e03ce27197786	yeto-evidence-archive	/openspec/changes/rl-infra-spec/evidence/infra-a/2.4/t1r3-s29/start_utc.txt
openspec/changes/rl-infra-spec/evidence/infra-a/2.4/t1r3-s29/tape.jsonl	23144	06ac0ce541801126aaf87b8b415ca7fdba2a0c99078db15e1845e8be11a667ef	yeto-evidence-archive	/openspec/changes/rl-infra-spec/evidence/infra-a/2.4/t1r3-s29/tape.jsonl
openspec/changes/rl-infra-spec/evidence/infra-a/2.4/t1r3-s29/yeto_sha.txt	41	23e381a159b6e92bccee2c8a01f39e23cd0234a6f059440bb3f9fbdd75686af4	yeto-evidence-archive	/openspec/changes/rl-infra-spec/evidence/infra-a/2.4/t1r3-s29/yeto_sha.txt
openspec/changes/rl-infra-spec/evidence/infra-a/2.4/t2r2-s17-attempt1/args.txt	670	18ee41daa796a4b83db276e18f4889b9579b6bd391424656dc5a6522bd666d70	yeto-evidence-archive	/openspec/changes/rl-infra-spec/evidence/infra-a/2.4/t2r2-s17-attempt1/args.txt
openspec/changes/rl-infra-spec/evidence/infra-a/2.4/t2r2-s17-attempt1/launch.log.gz	48238	00040f8978f0821c975fbc2d8dad6ab2101c424f2d7235d3a4096e1c9e9367f5	yeto-evidence-archive	/openspec/changes/rl-infra-spec/evidence/infra-a/2.4/t2r2-s17-attempt1/launch.log.gz
openspec/changes/rl-infra-spec/evidence/infra-a/2.4/t2r2-s17-attempt1/modal_app_after.txt	203	ae64b91bfc5f412fc62d1460e391fae8e27db771d7a6fa7457d0bdc5d38e61cf	yeto-evidence-archive	/openspec/changes/rl-infra-spec/evidence/infra-a/2.4/t2r2-s17-attempt1/modal_app_after.txt
openspec/changes/rl-infra-spec/evidence/infra-a/2.4/t2r2-s17-attempt1/start_utc.txt	21	70844865eba3fb3a13a89e7183313d00c0cb1a55b2fce64199b55ccf6acedb21	yeto-evidence-archive	/openspec/changes/rl-infra-spec/evidence/infra-a/2.4/t2r2-s17-attempt1/start_utc.txt
openspec/changes/rl-infra-spec/evidence/infra-a/2.4/t2r2-s17-attempt1/stopped_utc.txt	21	7bd880f9e93615b6aedab1555ebd9c93f023e7acf59911b66096ff62e39df76c	yeto-evidence-archive	/openspec/changes/rl-infra-spec/evidence/infra-a/2.4/t2r2-s17-attempt1/stopped_utc.txt
openspec/changes/rl-infra-spec/evidence/infra-a/2.4/t2r2-s17-attempt1/yeto_sha.txt	41	887b87510d6a7bbc21bc6cbd09d5bb15d34442bde6d7fd93031c119110c79edc	yeto-evidence-archive	/openspec/changes/rl-infra-spec/evidence/infra-a/2.4/t2r2-s17-attempt1/yeto_sha.txt
openspec/changes/rl-infra-spec/evidence/infra-a/2.4/t2r2-s17/args.txt	670	379be024333c4317a998e00792b30ada2e6a30474c3725f870181738ff6bf0c9	yeto-evidence-archive	/openspec/changes/rl-infra-spec/evidence/infra-a/2.4/t2r2-s17/args.txt
openspec/changes/rl-infra-spec/evidence/infra-a/2.4/t2r2-s17/end_utc.txt	21	7ba8a0832b066120ae0f867862c44443c1bf1f3bdc0555dd1e896edcde14144a	yeto-evidence-archive	/openspec/changes/rl-infra-spec/evidence/infra-a/2.4/t2r2-s17/end_utc.txt
openspec/changes/rl-infra-spec/evidence/infra-a/2.4/t2r2-s17/launch.log.gz	80407	f3ae97ee28f9c07ce0e00a87c4150ca1236821d2f77068fd960a3a6951ebb084	yeto-evidence-archive	/openspec/changes/rl-infra-spec/evidence/infra-a/2.4/t2r2-s17/launch.log.gz
openspec/changes/rl-infra-spec/evidence/infra-a/2.4/t2r2-s17/rc.txt	5	93ff7811a209e2a8479230bbb9b6bc19f7f311d3af383ec350c1db2a7e7d5494	yeto-evidence-archive	/openspec/changes/rl-infra-spec/evidence/infra-a/2.4/t2r2-s17/rc.txt
openspec/changes/rl-infra-spec/evidence/infra-a/2.4/t2r2-s17/start_utc.txt	21	c3cded0371a858b63bd304918af97946735e28ebdb8bb5575915a9c4014dfa28	yeto-evidence-archive	/openspec/changes/rl-infra-spec/evidence/infra-a/2.4/t2r2-s17/start_utc.txt
openspec/changes/rl-infra-spec/evidence/infra-a/2.4/t2r2-s17/tape.jsonl	22858	5d16bda42e7f6bb0368becd43303bd4485378c099ebc81d9c19df5d31b148e0c	yeto-evidence-archive	/openspec/changes/rl-infra-spec/evidence/infra-a/2.4/t2r2-s17/tape.jsonl
openspec/changes/rl-infra-spec/evidence/infra-a/2.4/t2r2-s17/yeto_sha.txt	41	23e381a159b6e92bccee2c8a01f39e23cd0234a6f059440bb3f9fbdd75686af4	yeto-evidence-archive	/openspec/changes/rl-infra-spec/evidence/infra-a/2.4/t2r2-s17/yeto_sha.txt
openspec/changes/rl-infra-spec/evidence/infra-a/2.4/t2r2-s29-attempt1-infra-failure/args.txt	670	0f99e4a50d674c0350e31afdfe4f3bac4d831046c5cb4317b5a5cff2aa659181	yeto-evidence-archive	/openspec/changes/rl-infra-spec/evidence/infra-a/2.4/t2r2-s29-attempt1-infra-failure/args.txt
openspec/changes/rl-infra-spec/evidence/infra-a/2.4/t2r2-s29-attempt1-infra-failure/end_utc.txt	21	bc3d4df794855aa3a316fcbb143cd2569d73deddaf2f0fefee517fedd4fe49c6	yeto-evidence-archive	/openspec/changes/rl-infra-spec/evidence/infra-a/2.4/t2r2-s29-attempt1-infra-failure/end_utc.txt
openspec/changes/rl-infra-spec/evidence/infra-a/2.4/t2r2-s29-attempt1-infra-failure/launch.log.gz	42762	2c65b33b91d6de4240a556715aab203522e6b862433d8d002a80280dc85ca64f	yeto-evidence-archive	/openspec/changes/rl-infra-spec/evidence/infra-a/2.4/t2r2-s29-attempt1-infra-failure/launch.log.gz
openspec/changes/rl-infra-spec/evidence/infra-a/2.4/t2r2-s29-attempt1-infra-failure/rc.txt	7	786b3e89185dbe1f9234707f10ee7a576f86a02106f44fdd0c5d11b4812dff0b	yeto-evidence-archive	/openspec/changes/rl-infra-spec/evidence/infra-a/2.4/t2r2-s29-attempt1-infra-failure/rc.txt
openspec/changes/rl-infra-spec/evidence/infra-a/2.4/t2r2-s29-attempt1-infra-failure/start_utc.txt	21	b78db999da12720bbc4370f9cf2c01b62f7bac94090b91fee3bcb93011e24aa7	yeto-evidence-archive	/openspec/changes/rl-infra-spec/evidence/infra-a/2.4/t2r2-s29-attempt1-infra-failure/start_utc.txt
openspec/changes/rl-infra-spec/evidence/infra-a/2.4/t2r2-s29-attempt1-infra-failure/tape.jsonl	878	c620588d06e01546b1588be828268c8139d1dd0c13e7b113a5c2140375e47cf4	yeto-evidence-archive	/openspec/changes/rl-infra-spec/evidence/infra-a/2.4/t2r2-s29-attempt1-infra-failure/tape.jsonl
openspec/changes/rl-infra-spec/evidence/infra-a/2.4/t2r2-s29-attempt1-infra-failure/tape.jsonl.incomplete	82	63b8284a8615c72404d64edc39571d342d6bb7cc597ce264be5f82b9f8f2e153	yeto-evidence-archive	/openspec/changes/rl-infra-spec/evidence/infra-a/2.4/t2r2-s29-attempt1-infra-failure/tape.jsonl.incomplete
openspec/changes/rl-infra-spec/evidence/infra-a/2.4/t2r2-s29-attempt1-infra-failure/yeto_sha.txt	41	23e381a159b6e92bccee2c8a01f39e23cd0234a6f059440bb3f9fbdd75686af4	yeto-evidence-archive	/openspec/changes/rl-infra-spec/evidence/infra-a/2.4/t2r2-s29-attempt1-infra-failure/yeto_sha.txt
openspec/changes/rl-infra-spec/evidence/infra-a/2.4/t2r2-s29/args.txt	694	c8295123c11d7c423aebb24b9ceac8f7b137026ac72117eb6f2d6739e1016019	yeto-evidence-archive	/openspec/changes/rl-infra-spec/evidence/infra-a/2.4/t2r2-s29/args.txt
openspec/changes/rl-infra-spec/evidence/infra-a/2.4/t2r2-s29/end_utc.txt	21	94dd7f418b984f15db43522bbad35857acbe9a69a2459d4c525103f65c486e80	yeto-evidence-archive	/openspec/changes/rl-infra-spec/evidence/infra-a/2.4/t2r2-s29/end_utc.txt
openspec/changes/rl-infra-spec/evidence/infra-a/2.4/t2r2-s29/launch.log.gz	80057	6172a86091c35373d367b42ed22bc429707e3d63202fd589ddcb9af048ff2170	yeto-evidence-archive	/openspec/changes/rl-infra-spec/evidence/infra-a/2.4/t2r2-s29/launch.log.gz
openspec/changes/rl-infra-spec/evidence/infra-a/2.4/t2r2-s29/modal_app_after.txt	204	7326a4e64cc9e8ed737afda6941640ec9f5634c700d7ebfff46ae6849fb54516	yeto-evidence-archive	/openspec/changes/rl-infra-spec/evidence/infra-a/2.4/t2r2-s29/modal_app_after.txt
openspec/changes/rl-infra-spec/evidence/infra-a/2.4/t2r2-s29/rc.txt	5	93ff7811a209e2a8479230bbb9b6bc19f7f311d3af383ec350c1db2a7e7d5494	yeto-evidence-archive	/openspec/changes/rl-infra-spec/evidence/infra-a/2.4/t2r2-s29/rc.txt
openspec/changes/rl-infra-spec/evidence/infra-a/2.4/t2r2-s29/start_utc.txt	21	b9f3416ee455836c840c05b3d58bae3d2821031660a373b53d46bbd7945d0966	yeto-evidence-archive	/openspec/changes/rl-infra-spec/evidence/infra-a/2.4/t2r2-s29/start_utc.txt
openspec/changes/rl-infra-spec/evidence/infra-a/2.4/t2r2-s29/tape.jsonl	23418	580ef7e524f57d2b9909bceb58f212a0138e6f72fcd15f4b662179c52afc6a70	yeto-evidence-archive	/openspec/changes/rl-infra-spec/evidence/infra-a/2.4/t2r2-s29/tape.jsonl
openspec/changes/rl-infra-spec/evidence/infra-a/2.4/t2r2-s29/yeto_sha.txt	41	09e2ff44b0763abb7e141dceec9712a8c9b96c436f15aaa3affebecc18755361	yeto-evidence-archive	/openspec/changes/rl-infra-spec/evidence/infra-a/2.4/t2r2-s29/yeto_sha.txt
openspec/changes/rl-infra-spec/evidence/infra-a/a2-fix/dryrun-O.json	433	bae5b410e4d1978ff049cd0f3bf3a4d560de1ef975a30089d7e1f22c042861db	yeto-evidence-archive	/openspec/changes/rl-infra-spec/evidence/infra-a/a2-fix/dryrun-O.json
openspec/changes/rl-infra-spec/evidence/infra-a/a2-fix/dryrun-OD.json	434	10b5fec0adbc7b25969ea7ef627f0ccc2d07e8b0d002939ed94cfbbb48ba6cc9	yeto-evidence-archive	/openspec/changes/rl-infra-spec/evidence/infra-a/a2-fix/dryrun-OD.json
openspec/changes/rl-infra-spec/evidence/infra-a/a2-fix/dryrun-S.json	355	0b80c5c324d16f4429b213aca739d812a42b3d5a5f6c9cbea05bf32d70baa148	yeto-evidence-archive	/openspec/changes/rl-infra-spec/evidence/infra-a/a2-fix/dryrun-S.json
openspec/changes/rl-infra-spec/evidence/infra-a/a2-fix/heldout-gsm8k-test-first32.jsonl	12639	74ab49567029189ae0e007186e58442bc09b6c4ed2f516d5e498bf45e51fec47	yeto-evidence-archive	/openspec/changes/rl-infra-spec/evidence/infra-a/a2-fix/heldout-gsm8k-test-first32.jsonl
openspec/changes/rl-infra-spec/evidence/infra-e2/4.2-4.5/dry-run-20260930/infra-e2-g4-c1/args.txt	695	2f712c46dcf0a6cc115c56ae82a3f3b9a6a411323765c2c3c69f78c80a4fa2b0	yeto-evidence-archive	/openspec/changes/rl-infra-spec/evidence/infra-e2/4.2-4.5/dry-run-20260930/infra-e2-g4-c1/args.txt
openspec/changes/rl-infra-spec/evidence/infra-e2/4.2-4.5/dry-run-20260930/infra-e2-g4-c1/harness.json	176	624c36a8acef81a701137b01f1ad42dfbb376b25ee957bb016cf79dc2d10af8d	yeto-evidence-archive	/openspec/changes/rl-infra-spec/evidence/infra-e2/4.2-4.5/dry-run-20260930/infra-e2-g4-c1/harness.json
openspec/changes/rl-infra-spec/evidence/infra-e2/4.2-4.5/dry-run-20260930/infra-e2-g4-c1/launcher-dry-run.txt	2292	b98771f1f571d8cf6dd7d25fd22507f126a5972d2e30387c916dfa3fcdab6bf1	yeto-evidence-archive	/openspec/changes/rl-infra-spec/evidence/infra-e2/4.2-4.5/dry-run-20260930/infra-e2-g4-c1/launcher-dry-run.txt
openspec/changes/rl-infra-spec/evidence/infra-e2/4.2-4.5/dry-run-20260930/infra-e2-g4-c1/learner-preflight.txt	3404	3843fb03b7b8303cbda11e0cfe1c55fb7d3802d688a1c4a4974cc1a6a567d2c1	yeto-evidence-archive	/openspec/changes/rl-infra-spec/evidence/infra-e2/4.2-4.5/dry-run-20260930/infra-e2-g4-c1/learner-preflight.txt
openspec/changes/rl-infra-spec/evidence/infra-e2/4.2-4.5/dry-run-20260930/infra-e2-g4-c1/spec.json	385	37b2f8792e81c9001a8e1481ac0e6f86500e9bdabe4961fe155aec188536fef4	yeto-evidence-archive	/openspec/changes/rl-infra-spec/evidence/infra-e2/4.2-4.5/dry-run-20260930/infra-e2-g4-c1/spec.json
openspec/changes/rl-infra-spec/evidence/infra-e2/4.2-4.5/dry-run-20260930/infra-e2-g4-c2/args.txt	695	90343808fb934b7e41e1399d9e6c85d7b9f9f167244a0e860ede1b26c8908488	yeto-evidence-archive	/openspec/changes/rl-infra-spec/evidence/infra-e2/4.2-4.5/dry-run-20260930/infra-e2-g4-c2/args.txt
openspec/changes/rl-infra-spec/evidence/infra-e2/4.2-4.5/dry-run-20260930/infra-e2-g4-c2/harness.json	176	9eb846a88e16d110a5131fef34e1194340f680127f211970ba70120e1110b146	yeto-evidence-archive	/openspec/changes/rl-infra-spec/evidence/infra-e2/4.2-4.5/dry-run-20260930/infra-e2-g4-c2/harness.json
openspec/changes/rl-infra-spec/evidence/infra-e2/4.2-4.5/dry-run-20260930/infra-e2-g4-c2/launcher-dry-run.txt	2292	4abde1d28747a110496619d8bc2e94d3188dabe538d0e598ca73f41d658da1b7	yeto-evidence-archive	/openspec/changes/rl-infra-spec/evidence/infra-e2/4.2-4.5/dry-run-20260930/infra-e2-g4-c2/launcher-dry-run.txt
openspec/changes/rl-infra-spec/evidence/infra-e2/4.2-4.5/dry-run-20260930/infra-e2-g4-c2/learner-preflight.txt	3403	183d9b697a55496745973ee2645c81d569eb5dd146e8e0a4ef8f4f8a6f418ee3	yeto-evidence-archive	/openspec/changes/rl-infra-spec/evidence/infra-e2/4.2-4.5/dry-run-20260930/infra-e2-g4-c2/learner-preflight.txt
openspec/changes/rl-infra-spec/evidence/infra-e2/4.2-4.5/dry-run-20260930/infra-e2-g4-c2/spec.json	399	7ec9283c9d3a1b9fb8f18cf11ca7915a2b9deab711ad73cfe7c1e61166c01c97	yeto-evidence-archive	/openspec/changes/rl-infra-spec/evidence/infra-e2/4.2-4.5/dry-run-20260930/infra-e2-g4-c2/spec.json
openspec/changes/rl-infra-spec/evidence/infra-e2/4.2-4.5/dry-run-20260930/infra-e2-g4-c3-b1/args.txt	887	5081890cec66d3ebc9022e1528c165804237d6332cac043087cf86be64292d7e	yeto-evidence-archive	/openspec/changes/rl-infra-spec/evidence/infra-e2/4.2-4.5/dry-run-20260930/infra-e2-g4-c3-b1/args.txt
openspec/changes/rl-infra-spec/evidence/infra-e2/4.2-4.5/dry-run-20260930/infra-e2-g4-c3-b1/launcher-dry-run.txt	2520	22de11c4c3fa6e3dee49c95abdf7cd86dfb990bdfd9196c541f896da5bdd00ff	yeto-evidence-archive	/openspec/changes/rl-infra-spec/evidence/infra-e2/4.2-4.5/dry-run-20260930/infra-e2-g4-c3-b1/launcher-dry-run.txt
openspec/changes/rl-infra-spec/evidence/infra-e2/4.2-4.5/dry-run-20260930/infra-e2-g4-c3-b1/learner-preflight.txt	3546	bd453bc755d60e7ee0c30f75d1086c3cce824b9bf570e38c67c96fb2ab6a3e89	yeto-evidence-archive	/openspec/changes/rl-infra-spec/evidence/infra-e2/4.2-4.5/dry-run-20260930/infra-e2-g4-c3-b1/learner-preflight.txt
openspec/changes/rl-infra-spec/evidence/infra-e2/4.2-4.5/dry-run-20260930/infra-e2-g4-c3-b1/spec.json	260	87612d0757270058d93dd2ece938afe244ccc0a88732d1cb67d13278d1d241ae	yeto-evidence-archive	/openspec/changes/rl-infra-spec/evidence/infra-e2/4.2-4.5/dry-run-20260930/infra-e2-g4-c3-b1/spec.json
openspec/changes/rl-infra-spec/evidence/infra-e2/4.2-4.5/dry-run-20260930/infra-e2-g4-c3-f1/args.txt	928	f51a0b7832d1d87e62ff35721e75186ecff8a9e5f7ec4dfff5866380e29a9742	yeto-evidence-archive	/openspec/changes/rl-infra-spec/evidence/infra-e2/4.2-4.5/dry-run-20260930/infra-e2-g4-c3-f1/args.txt
openspec/changes/rl-infra-spec/evidence/infra-e2/4.2-4.5/dry-run-20260930/infra-e2-g4-c3-f1/launcher-dry-run.txt	2520	5b489f48c53036d8a5e2dbb0bc5722b6221bbb1ec7eb52e0d58c08ceeb10e1b6	yeto-evidence-archive	/openspec/changes/rl-infra-spec/evidence/infra-e2/4.2-4.5/dry-run-20260930/infra-e2-g4-c3-f1/launcher-dry-run.txt
openspec/changes/rl-infra-spec/evidence/infra-e2/4.2-4.5/dry-run-20260930/infra-e2-g4-c3-f1/learner-preflight.txt	3341	5f9aa8c0ab3b028cc8e8df061f5667e38cf28fbb1e956fd0ab0bb0a56f964c2c	yeto-evidence-archive	/openspec/changes/rl-infra-spec/evidence/infra-e2/4.2-4.5/dry-run-20260930/infra-e2-g4-c3-f1/learner-preflight.txt
openspec/changes/rl-infra-spec/evidence/infra-e2/4.2-4.5/dry-run-20260930/infra-e2-g4-c3-f1/spec.json	255	e9f0c21e8bc5da4ea2070888d017cbef7c6933a71bc5165b6878107908b5672d	yeto-evidence-archive	/openspec/changes/rl-infra-spec/evidence/infra-e2/4.2-4.5/dry-run-20260930/infra-e2-g4-c3-f1/spec.json
openspec/changes/rl-infra-spec/evidence/infra-e2/4.2-4.5/dry-run-20260930/infra-e2-g4-c3-f2/args.txt	963	65802883d8d11e2dff31dac7bc0f76e344e300cf37d5f3bf935a8859a6b74e09	yeto-evidence-archive	/openspec/changes/rl-infra-spec/evidence/infra-e2/4.2-4.5/dry-run-20260930/infra-e2-g4-c3-f2/args.txt
openspec/changes/rl-infra-spec/evidence/infra-e2/4.2-4.5/dry-run-20260930/infra-e2-g4-c3-f2/launcher-dry-run.txt	2519	0c512bef926547c766214a1c8045c69ee11efc263327aa37db92506623253632	yeto-evidence-archive	/openspec/changes/rl-infra-spec/evidence/infra-e2/4.2-4.5/dry-run-20260930/infra-e2-g4-c3-f2/launcher-dry-run.txt
openspec/changes/rl-infra-spec/evidence/infra-e2/4.2-4.5/dry-run-20260930/infra-e2-g4-c3-f2/learner-preflight.txt	3340	dec9bc41ac67406322cbb3591894ad5af2f7bd8f702dfef9fd5c8c86486c17a4	yeto-evidence-archive	/openspec/changes/rl-infra-spec/evidence/infra-e2/4.2-4.5/dry-run-20260930/infra-e2-g4-c3-f2/learner-preflight.txt
openspec/changes/rl-infra-spec/evidence/infra-e2/4.2-4.5/dry-run-20260930/infra-e2-g4-c3-f2/spec.json	255	8cee704d92bc0d4733141cfaf6ffb15183308bfe3a63fe5e2605a6a0443db8c3	yeto-evidence-archive	/openspec/changes/rl-infra-spec/evidence/infra-e2/4.2-4.5/dry-run-20260930/infra-e2-g4-c3-f2/spec.json
openspec/changes/rl-infra-spec/evidence/infra-e2/4.2-4.5/dry-run-20260930/infra-e2-g4-c3-f3/args.txt	925	5f3bd221d117e6b7813a448cdd7da544e8cb57368e25815e5f6e2e23069779ee	yeto-evidence-archive	/openspec/changes/rl-infra-spec/evidence/infra-e2/4.2-4.5/dry-run-20260930/infra-e2-g4-c3-f3/args.txt
openspec/changes/rl-infra-spec/evidence/infra-e2/4.2-4.5/dry-run-20260930/infra-e2-g4-c3-f3/launcher-dry-run.txt	2520	ec5096474e01605c6140594cfe6d687fa303887c17a7ccce5add6c43719ecd83	yeto-evidence-archive	/openspec/changes/rl-infra-spec/evidence/infra-e2/4.2-4.5/dry-run-20260930/infra-e2-g4-c3-f3/launcher-dry-run.txt
openspec/changes/rl-infra-spec/evidence/infra-e2/4.2-4.5/dry-run-20260930/infra-e2-g4-c3-f3/learner-preflight.txt	3341	dc28906b19c5a677a4b00036c787ed53119d812fe046489f01dcc28fab41ed3f	yeto-evidence-archive	/openspec/changes/rl-infra-spec/evidence/infra-e2/4.2-4.5/dry-run-20260930/infra-e2-g4-c3-f3/learner-preflight.txt
openspec/changes/rl-infra-spec/evidence/infra-e2/4.2-4.5/dry-run-20260930/infra-e2-g4-c3-f3/spec.json	255	68e80f843d54a1d6df990d07164b87184ed3c1615ac01acb88937f6552d2f29e	yeto-evidence-archive	/openspec/changes/rl-infra-spec/evidence/infra-e2/4.2-4.5/dry-run-20260930/infra-e2-g4-c3-f3/spec.json
openspec/changes/rl-infra-spec/evidence/infra-e2/4.2-4.5/dry-run-20260930/infra-e2-g4-c3-f5/args.txt	927	fe0f482c3b5d1bf438e6cfd81d11f66a82b13cdfaca1a27a7f23664f698879c3	yeto-evidence-archive	/openspec/changes/rl-infra-spec/evidence/infra-e2/4.2-4.5/dry-run-20260930/infra-e2-g4-c3-f5/args.txt
openspec/changes/rl-infra-spec/evidence/infra-e2/4.2-4.5/dry-run-20260930/infra-e2-g4-c3-f5/launcher-dry-run.txt	2520	0cbcd7030d2927e9113f2c02222863243acc256732584074fb8c769850b0928b	yeto-evidence-archive	/openspec/changes/rl-infra-spec/evidence/infra-e2/4.2-4.5/dry-run-20260930/infra-e2-g4-c3-f5/launcher-dry-run.txt
openspec/changes/rl-infra-spec/evidence/infra-e2/4.2-4.5/dry-run-20260930/infra-e2-g4-c3-f5/learner-preflight.txt	3341	7ef98579a9b3dc81bdf7137ae0d44098f8729a2325e9d3dab0aab2197c6057c3	yeto-evidence-archive	/openspec/changes/rl-infra-spec/evidence/infra-e2/4.2-4.5/dry-run-20260930/infra-e2-g4-c3-f5/learner-preflight.txt
openspec/changes/rl-infra-spec/evidence/infra-e2/4.2-4.5/dry-run-20260930/infra-e2-g4-c3-f5/spec.json	382	79383ae4f0b7be14dc6c64f8b422c6fe5afa7cfa86a276a74593672650904dfa	yeto-evidence-archive	/openspec/changes/rl-infra-spec/evidence/infra-e2/4.2-4.5/dry-run-20260930/infra-e2-g4-c3-f5/spec.json
openspec/changes/rl-infra-spec/evidence/infra-e2/4.2-4.5/dry-run-20260930/infra-e2-g4-c3-f6a/args.txt	966	88486be54f189bb33ff6431ac2975d254821019709dd8510087cdadb2888e6c0	yeto-evidence-archive	/openspec/changes/rl-infra-spec/evidence/infra-e2/4.2-4.5/dry-run-20260930/infra-e2-g4-c3-f6a/args.txt
openspec/changes/rl-infra-spec/evidence/infra-e2/4.2-4.5/dry-run-20260930/infra-e2-g4-c3-f6a/launcher-dry-run.txt	2542	fcce0974709bad2019b8980735139761ccac39392e27568682f1aa8751e1f193	yeto-evidence-archive	/openspec/changes/rl-infra-spec/evidence/infra-e2/4.2-4.5/dry-run-20260930/infra-e2-g4-c3-f6a/launcher-dry-run.txt
openspec/changes/rl-infra-spec/evidence/infra-e2/4.2-4.5/dry-run-20260930/infra-e2-g4-c3-f6a/learner-preflight.txt	3341	9d3a2a2656ef9b88b59fa7f4b4320dd5c8a77c77767efeb825977aba0b65863e	yeto-evidence-archive	/openspec/changes/rl-infra-spec/evidence/infra-e2/4.2-4.5/dry-run-20260930/infra-e2-g4-c3-f6a/learner-preflight.txt
openspec/changes/rl-infra-spec/evidence/infra-e2/4.2-4.5/dry-run-20260930/infra-e2-g4-c3-f6a/spec.json	267	82394c0746b2a1ff97f4dda8f5b8064b984deba36021c6006ae17b14bad2bb79	yeto-evidence-archive	/openspec/changes/rl-infra-spec/evidence/infra-e2/4.2-4.5/dry-run-20260930/infra-e2-g4-c3-f6a/spec.json
openspec/changes/rl-infra-spec/evidence/infra-e2/4.2-4.5/dry-run-20260930/infra-e2-g4-c3-f6b/args.txt	957	5897bf6c96b711392cffb1ff9508a213bbd6adb445a83846401bc053b140cc94	yeto-evidence-archive	/openspec/changes/rl-infra-spec/evidence/infra-e2/4.2-4.5/dry-run-20260930/infra-e2-g4-c3-f6b/args.txt
openspec/changes/rl-infra-spec/evidence/infra-e2/4.2-4.5/dry-run-20260930/infra-e2-g4-c3-f6b/launcher-dry-run.txt	2542	976e1e1632c6e9964466ac5cd954c96da4d86ff359781628cceb9b7caf313a98	yeto-evidence-archive	/openspec/changes/rl-infra-spec/evidence/infra-e2/4.2-4.5/dry-run-20260930/infra-e2-g4-c3-f6b/launcher-dry-run.txt
openspec/changes/rl-infra-spec/evidence/infra-e2/4.2-4.5/dry-run-20260930/infra-e2-g4-c3-f6b/learner-preflight.txt	3341	7030506f60165af90fa876949b6a82ed1f70a18ce90a8feaeb96514dd8d8ed7d	yeto-evidence-archive	/openspec/changes/rl-infra-spec/evidence/infra-e2/4.2-4.5/dry-run-20260930/infra-e2-g4-c3-f6b/learner-preflight.txt
openspec/changes/rl-infra-spec/evidence/infra-e2/4.2-4.5/dry-run-20260930/infra-e2-g4-c3-f6b/spec.json	266	7bbe0afe90f8eb1067c3d43e4f12242785f6c19a97d761ec9b24c2fff28601eb	yeto-evidence-archive	/openspec/changes/rl-infra-spec/evidence/infra-e2/4.2-4.5/dry-run-20260930/infra-e2-g4-c3-f6b/spec.json
openspec/changes/rl-infra-spec/evidence/infra-e2/4.2-4.5/dry-run-20260930/infra-e2-g4-c3-rb/args.txt	887	7e77c1d1227ea4704415baa656cf4a9fe4d073027276cbdcddd30467a20ea5dc	yeto-evidence-archive	/openspec/changes/rl-infra-spec/evidence/infra-e2/4.2-4.5/dry-run-20260930/infra-e2-g4-c3-rb/args.txt
openspec/changes/rl-infra-spec/evidence/infra-e2/4.2-4.5/dry-run-20260930/infra-e2-g4-c3-rb/launcher-dry-run.txt	2520	7a0d514588212d3c3152184e52deaeb4a6a12a25d50c375ab3a4dc8fafd7a935	yeto-evidence-archive	/openspec/changes/rl-infra-spec/evidence/infra-e2/4.2-4.5/dry-run-20260930/infra-e2-g4-c3-rb/launcher-dry-run.txt
openspec/changes/rl-infra-spec/evidence/infra-e2/4.2-4.5/dry-run-20260930/infra-e2-g4-c3-rb/learner-preflight.txt	3342	35171eac858a8f4f393975150a63eea1ed6efa520430a3df88621d148e01ad51	yeto-evidence-archive	/openspec/changes/rl-infra-spec/evidence/infra-e2/4.2-4.5/dry-run-20260930/infra-e2-g4-c3-rb/learner-preflight.txt
openspec/changes/rl-infra-spec/evidence/infra-e2/4.2-4.5/dry-run-20260930/infra-e2-g4-c3-rb/spec.json	250	63b8f804d6792938cf4c0787d1e33aeedb9863c4581a243b30a5ea5ae80ac5b3	yeto-evidence-archive	/openspec/changes/rl-infra-spec/evidence/infra-e2/4.2-4.5/dry-run-20260930/infra-e2-g4-c3-rb/spec.json
openspec/changes/rl-infra-spec/evidence/infra-e2/4.2-4.5/dry-run-20260930/infra-e2-g4-c3-rbold/args.txt	923	974d4ce704f105c5bd17dc85016a199dae951c8669b28578e52a3821f2689630	yeto-evidence-archive	/openspec/changes/rl-infra-spec/evidence/infra-e2/4.2-4.5/dry-run-20260930/infra-e2-g4-c3-rbold/args.txt
openspec/changes/rl-infra-spec/evidence/infra-e2/4.2-4.5/dry-run-20260930/infra-e2-g4-c3-rbold/launcher-dry-run.txt	2523	b1d431b8e9693d1a68fb533256c47cb35505603d522f4a4e381245fd3e1d819b	yeto-evidence-archive	/openspec/changes/rl-infra-spec/evidence/infra-e2/4.2-4.5/dry-run-20260930/infra-e2-g4-c3-rbold/launcher-dry-run.txt
openspec/changes/rl-infra-spec/evidence/infra-e2/4.2-4.5/dry-run-20260930/infra-e2-g4-c3-rbold/learner-preflight.txt	3341	54d68e43d519acfb824b692f9b10b2b73b3d5c130969e9cc92c478480c6266e7	yeto-evidence-archive	/openspec/changes/rl-infra-spec/evidence/infra-e2/4.2-4.5/dry-run-20260930/infra-e2-g4-c3-rbold/learner-preflight.txt
openspec/changes/rl-infra-spec/evidence/infra-e2/4.2-4.5/dry-run-20260930/infra-e2-g4-c3-rbold/spec.json	281	cfe107ff24b53035e5e6287711075b959afeec6001400951df17625e23323a29	yeto-evidence-archive	/openspec/changes/rl-infra-spec/evidence/infra-e2/4.2-4.5/dry-run-20260930/infra-e2-g4-c3-rbold/spec.json
openspec/changes/rl-infra-spec/evidence/infra-e2/4.2-4.5/dry-run-v4-20260930/infra-e2-g4-c1/args.txt	718	eaed01b3a442c5b3fd3976dfe606980767910ec5ecd058beb9393beb322c3f0d	yeto-evidence-archive	/openspec/changes/rl-infra-spec/evidence/infra-e2/4.2-4.5/dry-run-v4-20260930/infra-e2-g4-c1/args.txt
openspec/changes/rl-infra-spec/evidence/infra-e2/4.2-4.5/dry-run-v4-20260930/infra-e2-g4-c1/harness.json	176	157314c4f8493b43c3418dd22286d96904dbcdfd280a093bdf913ba890e41eba	yeto-evidence-archive	/openspec/changes/rl-infra-spec/evidence/infra-e2/4.2-4.5/dry-run-v4-20260930/infra-e2-g4-c1/harness.json
openspec/changes/rl-infra-spec/evidence/infra-e2/4.2-4.5/dry-run-v4-20260930/infra-e2-g4-c1/launcher-dry-run.txt	2315	4731478152fe309d19a5537d204b1a39636b1360e7264043dbf5c0970f01dba9	yeto-evidence-archive	/openspec/changes/rl-infra-spec/evidence/infra-e2/4.2-4.5/dry-run-v4-20260930/infra-e2-g4-c1/launcher-dry-run.txt
openspec/changes/rl-infra-spec/evidence/infra-e2/4.2-4.5/dry-run-v4-20260930/infra-e2-g4-c1/learner-preflight.txt	3308	2ae40e592289d8b27226048d808e2d635c083aca125758ce3622cc9dad9da868	yeto-evidence-archive	/openspec/changes/rl-infra-spec/evidence/infra-e2/4.2-4.5/dry-run-v4-20260930/infra-e2-g4-c1/learner-preflight.txt
openspec/changes/rl-infra-spec/evidence/infra-e2/4.2-4.5/dry-run-v4-20260930/infra-e2-g4-c1/spec.json	385	37b2f8792e81c9001a8e1481ac0e6f86500e9bdabe4961fe155aec188536fef4	yeto-evidence-archive	/openspec/changes/rl-infra-spec/evidence/infra-e2/4.2-4.5/dry-run-v4-20260930/infra-e2-g4-c1/spec.json
openspec/changes/rl-infra-spec/evidence/infra-e2/4.2-4.5/dry-run-v4-20260930/infra-e2-g4-c2/args.txt	718	81c4aacc3dd2d61cef043c911930769fcddb5f4e450371b1fec7f7ade8be7315	yeto-evidence-archive	/openspec/changes/rl-infra-spec/evidence/infra-e2/4.2-4.5/dry-run-v4-20260930/infra-e2-g4-c2/args.txt
openspec/changes/rl-infra-spec/evidence/infra-e2/4.2-4.5/dry-run-v4-20260930/infra-e2-g4-c2/harness.json	176	98b7277641dc1a1872f9fa7a9afd5f4336a559e9a5735a8e2017f18993e46d91	yeto-evidence-archive	/openspec/changes/rl-infra-spec/evidence/infra-e2/4.2-4.5/dry-run-v4-20260930/infra-e2-g4-c2/harness.json
openspec/changes/rl-infra-spec/evidence/infra-e2/4.2-4.5/dry-run-v4-20260930/infra-e2-g4-c2/launcher-dry-run.txt	2315	381f0848e0145522255e3e694dd83514760c315b1a53b9c397d5056f746fc49e	yeto-evidence-archive	/openspec/changes/rl-infra-spec/evidence/infra-e2/4.2-4.5/dry-run-v4-20260930/infra-e2-g4-c2/launcher-dry-run.txt
openspec/changes/rl-infra-spec/evidence/infra-e2/4.2-4.5/dry-run-v4-20260930/infra-e2-g4-c2/learner-preflight.txt	3308	19b394252177af6524bd0c207d7c786a3c02820c56ecde53a5afa950e3584dfd	yeto-evidence-archive	/openspec/changes/rl-infra-spec/evidence/infra-e2/4.2-4.5/dry-run-v4-20260930/infra-e2-g4-c2/learner-preflight.txt
openspec/changes/rl-infra-spec/evidence/infra-e2/4.2-4.5/dry-run-v4-20260930/infra-e2-g4-c2/spec.json	399	7ec9283c9d3a1b9fb8f18cf11ca7915a2b9deab711ad73cfe7c1e61166c01c97	yeto-evidence-archive	/openspec/changes/rl-infra-spec/evidence/infra-e2/4.2-4.5/dry-run-v4-20260930/infra-e2-g4-c2/spec.json
openspec/changes/rl-infra-spec/evidence/infra-e2/4.2-4.5/dry-run-v4-20260930/infra-e2-g4-c3-b1/args.txt	887	2669a49f0d03e80ef5bf1a65a753f3498ffcd5f67b37df368a6099155beef344	yeto-evidence-archive	/openspec/changes/rl-infra-spec/evidence/infra-e2/4.2-4.5/dry-run-v4-20260930/infra-e2-g4-c3-b1/args.txt
openspec/changes/rl-infra-spec/evidence/infra-e2/4.2-4.5/dry-run-v4-20260930/infra-e2-g4-c3-b1/launcher-dry-run.txt	2520	6bbea8e8558549f1bd3bfebd11c11bc3842dad11c03f1fee78438f0093383c3a	yeto-evidence-archive	/openspec/changes/rl-infra-spec/evidence/infra-e2/4.2-4.5/dry-run-v4-20260930/infra-e2-g4-c3-b1/launcher-dry-run.txt
openspec/changes/rl-infra-spec/evidence/infra-e2/4.2-4.5/dry-run-v4-20260930/infra-e2-g4-c3-b1/learner-preflight.txt	3341	58aa242a8e2ea2c5e9aa6fc73a0f982154e80fa58fccd35fb08d1ad806df8ce1	yeto-evidence-archive	/openspec/changes/rl-infra-spec/evidence/infra-e2/4.2-4.5/dry-run-v4-20260930/infra-e2-g4-c3-b1/learner-preflight.txt
openspec/changes/rl-infra-spec/evidence/infra-e2/4.2-4.5/dry-run-v4-20260930/infra-e2-g4-c3-b1/spec.json	260	87612d0757270058d93dd2ece938afe244ccc0a88732d1cb67d13278d1d241ae	yeto-evidence-archive	/openspec/changes/rl-infra-spec/evidence/infra-e2/4.2-4.5/dry-run-v4-20260930/infra-e2-g4-c3-b1/spec.json
openspec/changes/rl-infra-spec/evidence/infra-e2/4.2-4.5/dry-run-v4-20260930/infra-e2-g4-c3-f1/args.txt	928	ecb1f44eea95c6e76fd8290f25506ef75fbc260392e7c4af03785c0a72288592	yeto-evidence-archive	/openspec/changes/rl-infra-spec/evidence/infra-e2/4.2-4.5/dry-run-v4-20260930/infra-e2-g4-c3-f1/args.txt
openspec/changes/rl-infra-spec/evidence/infra-e2/4.2-4.5/dry-run-v4-20260930/infra-e2-g4-c3-f1/launcher-dry-run.txt	2520	f65614ef4102e93ac7f2339faa1b827cecc1ade5a18097b3d4a1cc885bbaa8a0	yeto-evidence-archive	/openspec/changes/rl-infra-spec/evidence/infra-e2/4.2-4.5/dry-run-v4-20260930/infra-e2-g4-c3-f1/launcher-dry-run.txt
openspec/changes/rl-infra-spec/evidence/infra-e2/4.2-4.5/dry-run-v4-20260930/infra-e2-g4-c3-f1/learner-preflight.txt	3341	7797b5f6ca5bbd970d86622939afe75c7fe2a777530592c1a282ccbeb1760703	yeto-evidence-archive	/openspec/changes/rl-infra-spec/evidence/infra-e2/4.2-4.5/dry-run-v4-20260930/infra-e2-g4-c3-f1/learner-preflight.txt
openspec/changes/rl-infra-spec/evidence/infra-e2/4.2-4.5/dry-run-v4-20260930/infra-e2-g4-c3-f1/spec.json	255	e9f0c21e8bc5da4ea2070888d017cbef7c6933a71bc5165b6878107908b5672d	yeto-evidence-archive	/openspec/changes/rl-infra-spec/evidence/infra-e2/4.2-4.5/dry-run-v4-20260930/infra-e2-g4-c3-f1/spec.json
openspec/changes/rl-infra-spec/evidence/infra-e2/4.2-4.5/dry-run-v4-20260930/infra-e2-g4-c3-f2/args.txt	963	dddcfa034560e3c28c0c880e1dc961e2e047801280ccb6878139feea4a28366f	yeto-evidence-archive	/openspec/changes/rl-infra-spec/evidence/infra-e2/4.2-4.5/dry-run-v4-20260930/infra-e2-g4-c3-f2/args.txt
openspec/changes/rl-infra-spec/evidence/infra-e2/4.2-4.5/dry-run-v4-20260930/infra-e2-g4-c3-f2/launcher-dry-run.txt	2519	bb4464917ea9460f1a700f6841bc831abe2fc9289dca195e3c95fe83de642ba7	yeto-evidence-archive	/openspec/changes/rl-infra-spec/evidence/infra-e2/4.2-4.5/dry-run-v4-20260930/infra-e2-g4-c3-f2/launcher-dry-run.txt
openspec/changes/rl-infra-spec/evidence/infra-e2/4.2-4.5/dry-run-v4-20260930/infra-e2-g4-c3-f2/learner-preflight.txt	3340	6f8fc1fb39284829f95af476b33a0d9ea1399b667628992d59d026aee5b8c10f	yeto-evidence-archive	/openspec/changes/rl-infra-spec/evidence/infra-e2/4.2-4.5/dry-run-v4-20260930/infra-e2-g4-c3-f2/learner-preflight.txt
openspec/changes/rl-infra-spec/evidence/infra-e2/4.2-4.5/dry-run-v4-20260930/infra-e2-g4-c3-f2/spec.json	255	8cee704d92bc0d4733141cfaf6ffb15183308bfe3a63fe5e2605a6a0443db8c3	yeto-evidence-archive	/openspec/changes/rl-infra-spec/evidence/infra-e2/4.2-4.5/dry-run-v4-20260930/infra-e2-g4-c3-f2/spec.json
openspec/changes/rl-infra-spec/evidence/infra-e2/4.2-4.5/dry-run-v4-20260930/infra-e2-g4-c3-f3/args.txt	925	3ce71988ab1c38aa5c1905774fdf9f5ec18e2c0eeb334730cf90c1a930299328	yeto-evidence-archive	/openspec/changes/rl-infra-spec/evidence/infra-e2/4.2-4.5/dry-run-v4-20260930/infra-e2-g4-c3-f3/args.txt
openspec/changes/rl-infra-spec/evidence/infra-e2/4.2-4.5/dry-run-v4-20260930/infra-e2-g4-c3-f3/launcher-dry-run.txt	2520	cfe87e980896a149bbff73e927784c130fe95beadde9540d346e179b56dedd9b	yeto-evidence-archive	/openspec/changes/rl-infra-spec/evidence/infra-e2/4.2-4.5/dry-run-v4-20260930/infra-e2-g4-c3-f3/launcher-dry-run.txt
openspec/changes/rl-infra-spec/evidence/infra-e2/4.2-4.5/dry-run-v4-20260930/infra-e2-g4-c3-f3/learner-preflight.txt	3341	862fc6dc86b36ceb5b72408187bd11cebfbaab514c94697b3e55e29e974fb307	yeto-evidence-archive	/openspec/changes/rl-infra-spec/evidence/infra-e2/4.2-4.5/dry-run-v4-20260930/infra-e2-g4-c3-f3/learner-preflight.txt
openspec/changes/rl-infra-spec/evidence/infra-e2/4.2-4.5/dry-run-v4-20260930/infra-e2-g4-c3-f3/spec.json	255	68e80f843d54a1d6df990d07164b87184ed3c1615ac01acb88937f6552d2f29e	yeto-evidence-archive	/openspec/changes/rl-infra-spec/evidence/infra-e2/4.2-4.5/dry-run-v4-20260930/infra-e2-g4-c3-f3/spec.json
openspec/changes/rl-infra-spec/evidence/infra-e2/4.2-4.5/dry-run-v4-20260930/infra-e2-g4-c3-f5/args.txt	927	f4f47a24856db99bf1eeac64170b9901931bdb2e6cdc5f1fcc3fd42efb9fff10	yeto-evidence-archive	/openspec/changes/rl-infra-spec/evidence/infra-e2/4.2-4.5/dry-run-v4-20260930/infra-e2-g4-c3-f5/args.txt
openspec/changes/rl-infra-spec/evidence/infra-e2/4.2-4.5/dry-run-v4-20260930/infra-e2-g4-c3-f5/launcher-dry-run.txt	2520	ec3762083de6ea1a70151253d550b2ff9f99c743272cef73a591077c6e474448	yeto-evidence-archive	/openspec/changes/rl-infra-spec/evidence/infra-e2/4.2-4.5/dry-run-v4-20260930/infra-e2-g4-c3-f5/launcher-dry-run.txt
openspec/changes/rl-infra-spec/evidence/infra-e2/4.2-4.5/dry-run-v4-20260930/infra-e2-g4-c3-f5/learner-preflight.txt	3341	10e367a252a41d4f6247bb784ee6d55d842818d6ea8749fc2f98f32cbbbb069f	yeto-evidence-archive	/openspec/changes/rl-infra-spec/evidence/infra-e2/4.2-4.5/dry-run-v4-20260930/infra-e2-g4-c3-f5/learner-preflight.txt
openspec/changes/rl-infra-spec/evidence/infra-e2/4.2-4.5/dry-run-v4-20260930/infra-e2-g4-c3-f5/spec.json	255	284ea208bc16b67b86920103fcb04dfd0422673099345e48389a7a506dcbb6c5	yeto-evidence-archive	/openspec/changes/rl-infra-spec/evidence/infra-e2/4.2-4.5/dry-run-v4-20260930/infra-e2-g4-c3-f5/spec.json
openspec/changes/rl-infra-spec/evidence/infra-e2/4.2-4.5/dry-run-v4-20260930/infra-e2-g4-c3-f6a/args.txt	966	ac646c1bd25411b578c096e5547976dfeb9aea7ea25ff24fbff16cc84abbc1ce	yeto-evidence-archive	/openspec/changes/rl-infra-spec/evidence/infra-e2/4.2-4.5/dry-run-v4-20260930/infra-e2-g4-c3-f6a/args.txt
openspec/changes/rl-infra-spec/evidence/infra-e2/4.2-4.5/dry-run-v4-20260930/infra-e2-g4-c3-f6a/launcher-dry-run.txt	2542	ebdebb0d4ba78eeaf42370ff953504b1d5da827ecc1685644bd61846b5c48dd5	yeto-evidence-archive	/openspec/changes/rl-infra-spec/evidence/infra-e2/4.2-4.5/dry-run-v4-20260930/infra-e2-g4-c3-f6a/launcher-dry-run.txt
openspec/changes/rl-infra-spec/evidence/infra-e2/4.2-4.5/dry-run-v4-20260930/infra-e2-g4-c3-f6a/learner-preflight.txt	3341	c3820e4bddf9775045ccee4ccfed4c5ecf678fe6e7d8162bacc07a050e0c9963	yeto-evidence-archive	/openspec/changes/rl-infra-spec/evidence/infra-e2/4.2-4.5/dry-run-v4-20260930/infra-e2-g4-c3-f6a/learner-preflight.txt
openspec/changes/rl-infra-spec/evidence/infra-e2/4.2-4.5/dry-run-v4-20260930/infra-e2-g4-c3-f6a/spec.json	267	82394c0746b2a1ff97f4dda8f5b8064b984deba36021c6006ae17b14bad2bb79	yeto-evidence-archive	/openspec/changes/rl-infra-spec/evidence/infra-e2/4.2-4.5/dry-run-v4-20260930/infra-e2-g4-c3-f6a/spec.json
openspec/changes/rl-infra-spec/evidence/infra-e2/4.2-4.5/dry-run-v4-20260930/infra-e2-g4-c3-f6b/args.txt	957	92bf3381d74470234faff2d2bcc57923630e9cb9a2824534bf43d878000f0642	yeto-evidence-archive	/openspec/changes/rl-infra-spec/evidence/infra-e2/4.2-4.5/dry-run-v4-20260930/infra-e2-g4-c3-f6b/args.txt
openspec/changes/rl-infra-spec/evidence/infra-e2/4.2-4.5/dry-run-v4-20260930/infra-e2-g4-c3-f6b/launcher-dry-run.txt	2542	39aa01476507d5aa11fdd7e6c6d479b36fd70dbe5f01f437cdc4c93499ed862c	yeto-evidence-archive	/openspec/changes/rl-infra-spec/evidence/infra-e2/4.2-4.5/dry-run-v4-20260930/infra-e2-g4-c3-f6b/launcher-dry-run.txt
openspec/changes/rl-infra-spec/evidence/infra-e2/4.2-4.5/dry-run-v4-20260930/infra-e2-g4-c3-f6b/learner-preflight.txt	3341	796e59830d954a37f0a4c920ea80e07176cd746eb2e1b675523a8f2ec477b594	yeto-evidence-archive	/openspec/changes/rl-infra-spec/evidence/infra-e2/4.2-4.5/dry-run-v4-20260930/infra-e2-g4-c3-f6b/learner-preflight.txt
openspec/changes/rl-infra-spec/evidence/infra-e2/4.2-4.5/dry-run-v4-20260930/infra-e2-g4-c3-f6b/spec.json	266	7bbe0afe90f8eb1067c3d43e4f12242785f6c19a97d761ec9b24c2fff28601eb	yeto-evidence-archive	/openspec/changes/rl-infra-spec/evidence/infra-e2/4.2-4.5/dry-run-v4-20260930/infra-e2-g4-c3-f6b/spec.json
openspec/changes/rl-infra-spec/evidence/infra-e2/4.2-4.5/dry-run-v4-20260930/infra-e2-g4-c3-rb/args.txt	887	56c471238605825e38fe68ade474d9fd85bdb7749c141527164f508323be16cd	yeto-evidence-archive	/openspec/changes/rl-infra-spec/evidence/infra-e2/4.2-4.5/dry-run-v4-20260930/infra-e2-g4-c3-rb/args.txt
openspec/changes/rl-infra-spec/evidence/infra-e2/4.2-4.5/dry-run-v4-20260930/infra-e2-g4-c3-rb/launcher-dry-run.txt	2520	2e3203fafe8d0967b8a84a21a51f7a3cc4256c36d74b19b835702d9243718f73	yeto-evidence-archive	/openspec/changes/rl-infra-spec/evidence/infra-e2/4.2-4.5/dry-run-v4-20260930/infra-e2-g4-c3-rb/launcher-dry-run.txt
openspec/changes/rl-infra-spec/evidence/infra-e2/4.2-4.5/dry-run-v4-20260930/infra-e2-g4-c3-rb/learner-preflight.txt	3342	05c78ca3fc2b3ba8c18f83f8ef6f940ed81f45cd9ac18ef97926072346a7c9a1	yeto-evidence-archive	/openspec/changes/rl-infra-spec/evidence/infra-e2/4.2-4.5/dry-run-v4-20260930/infra-e2-g4-c3-rb/learner-preflight.txt
openspec/changes/rl-infra-spec/evidence/infra-e2/4.2-4.5/dry-run-v4-20260930/infra-e2-g4-c3-rb/spec.json	250	63b8f804d6792938cf4c0787d1e33aeedb9863c4581a243b30a5ea5ae80ac5b3	yeto-evidence-archive	/openspec/changes/rl-infra-spec/evidence/infra-e2/4.2-4.5/dry-run-v4-20260930/infra-e2-g4-c3-rb/spec.json
openspec/changes/rl-infra-spec/evidence/infra-e2/4.2-4.5/dry-run-v4-20260930/infra-e2-g4-c3-rbold/args.txt	923	9e7b081305662011fd8656575924cf3f8b7ff452d58b67a539ec7cd648980e5c	yeto-evidence-archive	/openspec/changes/rl-infra-spec/evidence/infra-e2/4.2-4.5/dry-run-v4-20260930/infra-e2-g4-c3-rbold/args.txt
openspec/changes/rl-infra-spec/evidence/infra-e2/4.2-4.5/dry-run-v4-20260930/infra-e2-g4-c3-rbold/launcher-dry-run.txt	2523	946e7344502d5cc2fbbc7d2f2df6206a7cfe99be0ff5f96dc65ca2628ab79740	yeto-evidence-archive	/openspec/changes/rl-infra-spec/evidence/infra-e2/4.2-4.5/dry-run-v4-20260930/infra-e2-g4-c3-rbold/launcher-dry-run.txt
openspec/changes/rl-infra-spec/evidence/infra-e2/4.2-4.5/dry-run-v4-20260930/infra-e2-g4-c3-rbold/learner-preflight.txt	3341	2bc43bef1fac4636260699bc581bb0a5d377edd957af610211dac40d5b07c790	yeto-evidence-archive	/openspec/changes/rl-infra-spec/evidence/infra-e2/4.2-4.5/dry-run-v4-20260930/infra-e2-g4-c3-rbold/learner-preflight.txt
openspec/changes/rl-infra-spec/evidence/infra-e2/4.2-4.5/dry-run-v4-20260930/infra-e2-g4-c3-rbold/spec.json	281	cfe107ff24b53035e5e6287711075b959afeec6001400951df17625e23323a29	yeto-evidence-archive	/openspec/changes/rl-infra-spec/evidence/infra-e2/4.2-4.5/dry-run-v4-20260930/infra-e2-g4-c3-rbold/spec.json
openspec/changes/rl-infra-spec/evidence/infra-e2/4.2-4.5/dry-run-v4b-20260930/infra-e2-g4-c1/args.txt	718	eaed01b3a442c5b3fd3976dfe606980767910ec5ecd058beb9393beb322c3f0d	yeto-evidence-archive	/openspec/changes/rl-infra-spec/evidence/infra-e2/4.2-4.5/dry-run-v4b-20260930/infra-e2-g4-c1/args.txt
openspec/changes/rl-infra-spec/evidence/infra-e2/4.2-4.5/dry-run-v4b-20260930/infra-e2-g4-c1/harness.json	176	157314c4f8493b43c3418dd22286d96904dbcdfd280a093bdf913ba890e41eba	yeto-evidence-archive	/openspec/changes/rl-infra-spec/evidence/infra-e2/4.2-4.5/dry-run-v4b-20260930/infra-e2-g4-c1/harness.json
openspec/changes/rl-infra-spec/evidence/infra-e2/4.2-4.5/dry-run-v4b-20260930/infra-e2-g4-c1/launcher-dry-run.txt	2315	4731478152fe309d19a5537d204b1a39636b1360e7264043dbf5c0970f01dba9	yeto-evidence-archive	/openspec/changes/rl-infra-spec/evidence/infra-e2/4.2-4.5/dry-run-v4b-20260930/infra-e2-g4-c1/launcher-dry-run.txt
openspec/changes/rl-infra-spec/evidence/infra-e2/4.2-4.5/dry-run-v4b-20260930/infra-e2-g4-c1/learner-preflight.txt	3308	bde579f874bb1fb57b4e2285fd6f7fa6561a91f97d42419bcd145c0169b7b787	yeto-evidence-archive	/openspec/changes/rl-infra-spec/evidence/infra-e2/4.2-4.5/dry-run-v4b-20260930/infra-e2-g4-c1/learner-preflight.txt
openspec/changes/rl-infra-spec/evidence/infra-e2/4.2-4.5/dry-run-v4b-20260930/infra-e2-g4-c1/spec.json	385	37b2f8792e81c9001a8e1481ac0e6f86500e9bdabe4961fe155aec188536fef4	yeto-evidence-archive	/openspec/changes/rl-infra-spec/evidence/infra-e2/4.2-4.5/dry-run-v4b-20260930/infra-e2-g4-c1/spec.json
openspec/changes/rl-infra-spec/evidence/infra-e2/4.2-4.5/dry-run-v4b-20260930/infra-e2-g4-c2/args.txt	718	81c4aacc3dd2d61cef043c911930769fcddb5f4e450371b1fec7f7ade8be7315	yeto-evidence-archive	/openspec/changes/rl-infra-spec/evidence/infra-e2/4.2-4.5/dry-run-v4b-20260930/infra-e2-g4-c2/args.txt
openspec/changes/rl-infra-spec/evidence/infra-e2/4.2-4.5/dry-run-v4b-20260930/infra-e2-g4-c2/harness.json	176	98b7277641dc1a1872f9fa7a9afd5f4336a559e9a5735a8e2017f18993e46d91	yeto-evidence-archive	/openspec/changes/rl-infra-spec/evidence/infra-e2/4.2-4.5/dry-run-v4b-20260930/infra-e2-g4-c2/harness.json
openspec/changes/rl-infra-spec/evidence/infra-e2/4.2-4.5/dry-run-v4b-20260930/infra-e2-g4-c2/launcher-dry-run.txt	2315	381f0848e0145522255e3e694dd83514760c315b1a53b9c397d5056f746fc49e	yeto-evidence-archive	/openspec/changes/rl-infra-spec/evidence/infra-e2/4.2-4.5/dry-run-v4b-20260930/infra-e2-g4-c2/launcher-dry-run.txt
openspec/changes/rl-infra-spec/evidence/infra-e2/4.2-4.5/dry-run-v4b-20260930/infra-e2-g4-c2/learner-preflight.txt	3308	5cc659b47192227f35a0f1212e5ecca46b4cc6dfb0182d0eabf928610e297317	yeto-evidence-archive	/openspec/changes/rl-infra-spec/evidence/infra-e2/4.2-4.5/dry-run-v4b-20260930/infra-e2-g4-c2/learner-preflight.txt
openspec/changes/rl-infra-spec/evidence/infra-e2/4.2-4.5/dry-run-v4b-20260930/infra-e2-g4-c2/spec.json	399	7ec9283c9d3a1b9fb8f18cf11ca7915a2b9deab711ad73cfe7c1e61166c01c97	yeto-evidence-archive	/openspec/changes/rl-infra-spec/evidence/infra-e2/4.2-4.5/dry-run-v4b-20260930/infra-e2-g4-c2/spec.json
openspec/changes/rl-infra-spec/evidence/infra-e2/4.2-4.5/dry-run-v4b-20260930/infra-e2-g4-c3-b1/args.txt	910	0aca02a12dd1bc44dab99442cbaae11445a7a33b25ecb96686838534f6e730e7	yeto-evidence-archive	/openspec/changes/rl-infra-spec/evidence/infra-e2/4.2-4.5/dry-run-v4b-20260930/infra-e2-g4-c3-b1/args.txt
openspec/changes/rl-infra-spec/evidence/infra-e2/4.2-4.5/dry-run-v4b-20260930/infra-e2-g4-c3-b1/launcher-dry-run.txt	2543	fa78fe864ee783fd3b9010780364abc90d762c16f051b5915d221befb41467fb	yeto-evidence-archive	/openspec/changes/rl-infra-spec/evidence/infra-e2/4.2-4.5/dry-run-v4b-20260930/infra-e2-g4-c3-b1/launcher-dry-run.txt
openspec/changes/rl-infra-spec/evidence/infra-e2/4.2-4.5/dry-run-v4b-20260930/infra-e2-g4-c3-b1/learner-preflight.txt	3344	8b1656bf04f477b47f6262cb168bd5379530e720afe84350bd034a3195f2c2bd	yeto-evidence-archive	/openspec/changes/rl-infra-spec/evidence/infra-e2/4.2-4.5/dry-run-v4b-20260930/infra-e2-g4-c3-b1/learner-preflight.txt
openspec/changes/rl-infra-spec/evidence/infra-e2/4.2-4.5/dry-run-v4b-20260930/infra-e2-g4-c3-b1/spec.json	260	87612d0757270058d93dd2ece938afe244ccc0a88732d1cb67d13278d1d241ae	yeto-evidence-archive	/openspec/changes/rl-infra-spec/evidence/infra-e2/4.2-4.5/dry-run-v4b-20260930/infra-e2-g4-c3-b1/spec.json
openspec/changes/rl-infra-spec/evidence/infra-e2/4.2-4.5/dry-run-v4b-20260930/infra-e2-g4-c3-f1/args.txt	951	992f26019794042129ceff21dfc6c285449193e6254b4540823b0300398bcb3b	yeto-evidence-archive	/openspec/changes/rl-infra-spec/evidence/infra-e2/4.2-4.5/dry-run-v4b-20260930/infra-e2-g4-c3-f1/args.txt
openspec/changes/rl-infra-spec/evidence/infra-e2/4.2-4.5/dry-run-v4b-20260930/infra-e2-g4-c3-f1/launcher-dry-run.txt	2543	d0ccb270067d6d327e67d6f653f942c55aedfd67f2dad85e61c4252d2a77df5b	yeto-evidence-archive	/openspec/changes/rl-infra-spec/evidence/infra-e2/4.2-4.5/dry-run-v4b-20260930/infra-e2-g4-c3-f1/launcher-dry-run.txt
openspec/changes/rl-infra-spec/evidence/infra-e2/4.2-4.5/dry-run-v4b-20260930/infra-e2-g4-c3-f1/learner-preflight.txt	3344	d3fe1ba847bda8a54504c35f4b8c97fa0542b99d95e38f5f87f6f995e8092e25	yeto-evidence-archive	/openspec/changes/rl-infra-spec/evidence/infra-e2/4.2-4.5/dry-run-v4b-20260930/infra-e2-g4-c3-f1/learner-preflight.txt
openspec/changes/rl-infra-spec/evidence/infra-e2/4.2-4.5/dry-run-v4b-20260930/infra-e2-g4-c3-f1/spec.json	255	e9f0c21e8bc5da4ea2070888d017cbef7c6933a71bc5165b6878107908b5672d	yeto-evidence-archive	/openspec/changes/rl-infra-spec/evidence/infra-e2/4.2-4.5/dry-run-v4b-20260930/infra-e2-g4-c3-f1/spec.json
openspec/changes/rl-infra-spec/evidence/infra-e2/4.2-4.5/dry-run-v4b-20260930/infra-e2-g4-c3-f2/args.txt	986	40add29bad932e7707d4551ff56cf6a1c3635196f04ee382c42b8d520db926f1	yeto-evidence-archive	/openspec/changes/rl-infra-spec/evidence/infra-e2/4.2-4.5/dry-run-v4b-20260930/infra-e2-g4-c3-f2/args.txt
openspec/changes/rl-infra-spec/evidence/infra-e2/4.2-4.5/dry-run-v4b-20260930/infra-e2-g4-c3-f2/launcher-dry-run.txt	2542	d9b5d325c5b96a06a0404fedd236462aee34d880de89a031b078d45c5d301b81	yeto-evidence-archive	/openspec/changes/rl-infra-spec/evidence/infra-e2/4.2-4.5/dry-run-v4b-20260930/infra-e2-g4-c3-f2/launcher-dry-run.txt
openspec/changes/rl-infra-spec/evidence/infra-e2/4.2-4.5/dry-run-v4b-20260930/infra-e2-g4-c3-f2/learner-preflight.txt	3343	77a4d604bd892b9cfdf9984d0397222a0bc9de1b2e9c40551bf77c31de7e2919	yeto-evidence-archive	/openspec/changes/rl-infra-spec/evidence/infra-e2/4.2-4.5/dry-run-v4b-20260930/infra-e2-g4-c3-f2/learner-preflight.txt
openspec/changes/rl-infra-spec/evidence/infra-e2/4.2-4.5/dry-run-v4b-20260930/infra-e2-g4-c3-f2/spec.json	255	8cee704d92bc0d4733141cfaf6ffb15183308bfe3a63fe5e2605a6a0443db8c3	yeto-evidence-archive	/openspec/changes/rl-infra-spec/evidence/infra-e2/4.2-4.5/dry-run-v4b-20260930/infra-e2-g4-c3-f2/spec.json
openspec/changes/rl-infra-spec/evidence/infra-e2/4.2-4.5/dry-run-v4b-20260930/infra-e2-g4-c3-f3/args.txt	948	6134e7184e924532e6093359bebb33bb6b95766bbf6ef5bb7836bbd8ac25984f	yeto-evidence-archive	/openspec/changes/rl-infra-spec/evidence/infra-e2/4.2-4.5/dry-run-v4b-20260930/infra-e2-g4-c3-f3/args.txt
openspec/changes/rl-infra-spec/evidence/infra-e2/4.2-4.5/dry-run-v4b-20260930/infra-e2-g4-c3-f3/launcher-dry-run.txt	2543	ae7d1c0a488adc787898b2fdcf3f599e05b03780389553c73fb9d9aa70e0b2ea	yeto-evidence-archive	/openspec/changes/rl-infra-spec/evidence/infra-e2/4.2-4.5/dry-run-v4b-20260930/infra-e2-g4-c3-f3/launcher-dry-run.txt
openspec/changes/rl-infra-spec/evidence/infra-e2/4.2-4.5/dry-run-v4b-20260930/infra-e2-g4-c3-f3/learner-preflight.txt	3344	cf5f9f0fe0f7dd4d413d045584db6ba0aadaf6f5c9d711c2124354e7876be10f	yeto-evidence-archive	/openspec/changes/rl-infra-spec/evidence/infra-e2/4.2-4.5/dry-run-v4b-20260930/infra-e2-g4-c3-f3/learner-preflight.txt
openspec/changes/rl-infra-spec/evidence/infra-e2/4.2-4.5/dry-run-v4b-20260930/infra-e2-g4-c3-f3/spec.json	255	68e80f843d54a1d6df990d07164b87184ed3c1615ac01acb88937f6552d2f29e	yeto-evidence-archive	/openspec/changes/rl-infra-spec/evidence/infra-e2/4.2-4.5/dry-run-v4b-20260930/infra-e2-g4-c3-f3/spec.json
openspec/changes/rl-infra-spec/evidence/infra-e2/4.2-4.5/dry-run-v4b-20260930/infra-e2-g4-c3-f5/args.txt	950	169fa83ea9583b3e16c43773079778b3b8899cd57ac4fb9d20a625ddd934e1dc	yeto-evidence-archive	/openspec/changes/rl-infra-spec/evidence/infra-e2/4.2-4.5/dry-run-v4b-20260930/infra-e2-g4-c3-f5/args.txt
openspec/changes/rl-infra-spec/evidence/infra-e2/4.2-4.5/dry-run-v4b-20260930/infra-e2-g4-c3-f5/launcher-dry-run.txt	2543	17142e35e3b706a9df0aab2339afd84cafc597dc22dc0c4a4eb8912c0231b4f4	yeto-evidence-archive	/openspec/changes/rl-infra-spec/evidence/infra-e2/4.2-4.5/dry-run-v4b-20260930/infra-e2-g4-c3-f5/launcher-dry-run.txt
openspec/changes/rl-infra-spec/evidence/infra-e2/4.2-4.5/dry-run-v4b-20260930/infra-e2-g4-c3-f5/learner-preflight.txt	3344	5fa9e43dc317caf96defccaee58a0f8cf9034f507de853c29152bda5eab0d181	yeto-evidence-archive	/openspec/changes/rl-infra-spec/evidence/infra-e2/4.2-4.5/dry-run-v4b-20260930/infra-e2-g4-c3-f5/learner-preflight.txt
openspec/changes/rl-infra-spec/evidence/infra-e2/4.2-4.5/dry-run-v4b-20260930/infra-e2-g4-c3-f5/spec.json	255	284ea208bc16b67b86920103fcb04dfd0422673099345e48389a7a506dcbb6c5	yeto-evidence-archive	/openspec/changes/rl-infra-spec/evidence/infra-e2/4.2-4.5/dry-run-v4b-20260930/infra-e2-g4-c3-f5/spec.json
openspec/changes/rl-infra-spec/evidence/infra-e2/4.2-4.5/dry-run-v4b-20260930/infra-e2-g4-c3-f6a/args.txt	989	eb5ad4b82a27732937b13cbd0c456d991614a023d3fe74cadbc8682911a9e24f	yeto-evidence-archive	/openspec/changes/rl-infra-spec/evidence/infra-e2/4.2-4.5/dry-run-v4b-20260930/infra-e2-g4-c3-f6a/args.txt
openspec/changes/rl-infra-spec/evidence/infra-e2/4.2-4.5/dry-run-v4b-20260930/infra-e2-g4-c3-f6a/launcher-dry-run.txt	2565	bb03d3055d93fc91a849064e8546da52040e352c615e011841846c1851c6246c	yeto-evidence-archive	/openspec/changes/rl-infra-spec/evidence/infra-e2/4.2-4.5/dry-run-v4b-20260930/infra-e2-g4-c3-f6a/launcher-dry-run.txt
openspec/changes/rl-infra-spec/evidence/infra-e2/4.2-4.5/dry-run-v4b-20260930/infra-e2-g4-c3-f6a/learner-preflight.txt	3344	b1b98e54b878a3cca4a28782509be2ecb02eed5d561c204f0a423a289b62f4cd	yeto-evidence-archive	/openspec/changes/rl-infra-spec/evidence/infra-e2/4.2-4.5/dry-run-v4b-20260930/infra-e2-g4-c3-f6a/learner-preflight.txt
openspec/changes/rl-infra-spec/evidence/infra-e2/4.2-4.5/dry-run-v4b-20260930/infra-e2-g4-c3-f6a/spec.json	267	82394c0746b2a1ff97f4dda8f5b8064b984deba36021c6006ae17b14bad2bb79	yeto-evidence-archive	/openspec/changes/rl-infra-spec/evidence/infra-e2/4.2-4.5/dry-run-v4b-20260930/infra-e2-g4-c3-f6a/spec.json
openspec/changes/rl-infra-spec/evidence/infra-e2/4.2-4.5/dry-run-v4b-20260930/infra-e2-g4-c3-f6b/args.txt	980	26324435143cde1f44171b158363528495cf8e7c02b2ff4b6f91866e85ab1a2b	yeto-evidence-archive	/openspec/changes/rl-infra-spec/evidence/infra-e2/4.2-4.5/dry-run-v4b-20260930/infra-e2-g4-c3-f6b/args.txt
openspec/changes/rl-infra-spec/evidence/infra-e2/4.2-4.5/dry-run-v4b-20260930/infra-e2-g4-c3-f6b/launcher-dry-run.txt	2565	4592bd62bb2dcb32a253b130bad11715c0cfad3190521ce0a266b8d46e2a5570	yeto-evidence-archive	/openspec/changes/rl-infra-spec/evidence/infra-e2/4.2-4.5/dry-run-v4b-20260930/infra-e2-g4-c3-f6b/launcher-dry-run.txt
openspec/changes/rl-infra-spec/evidence/infra-e2/4.2-4.5/dry-run-v4b-20260930/infra-e2-g4-c3-f6b/learner-preflight.txt	3344	70c82f4fd2bb963d5133c4187a5e35d8577fcd08c8326f22382586fdc63d1ebf	yeto-evidence-archive	/openspec/changes/rl-infra-spec/evidence/infra-e2/4.2-4.5/dry-run-v4b-20260930/infra-e2-g4-c3-f6b/learner-preflight.txt
openspec/changes/rl-infra-spec/evidence/infra-e2/4.2-4.5/dry-run-v4b-20260930/infra-e2-g4-c3-f6b/spec.json	266	7bbe0afe90f8eb1067c3d43e4f12242785f6c19a97d761ec9b24c2fff28601eb	yeto-evidence-archive	/openspec/changes/rl-infra-spec/evidence/infra-e2/4.2-4.5/dry-run-v4b-20260930/infra-e2-g4-c3-f6b/spec.json
openspec/changes/rl-infra-spec/evidence/infra-e2/4.2-4.5/dry-run-v4b-20260930/infra-e2-g4-c3-rb/args.txt	910	58804930389b1a1d6e58d9d1c6e7892b553c421fc4329f8fa24b14d58d97c86a	yeto-evidence-archive	/openspec/changes/rl-infra-spec/evidence/infra-e2/4.2-4.5/dry-run-v4b-20260930/infra-e2-g4-c3-rb/args.txt
openspec/changes/rl-infra-spec/evidence/infra-e2/4.2-4.5/dry-run-v4b-20260930/infra-e2-g4-c3-rb/launcher-dry-run.txt	2543	d8d6a61a5faa5c27606e3e1acf707114f5517198791b651ceb4b975cfa941363	yeto-evidence-archive	/openspec/changes/rl-infra-spec/evidence/infra-e2/4.2-4.5/dry-run-v4b-20260930/infra-e2-g4-c3-rb/launcher-dry-run.txt
openspec/changes/rl-infra-spec/evidence/infra-e2/4.2-4.5/dry-run-v4b-20260930/infra-e2-g4-c3-rb/learner-preflight.txt	3344	c3941cea73d4c8ae6bf48d79ea0ae441bfc85125fe374a814974fd2b2b6a617c	yeto-evidence-archive	/openspec/changes/rl-infra-spec/evidence/infra-e2/4.2-4.5/dry-run-v4b-20260930/infra-e2-g4-c3-rb/learner-preflight.txt
openspec/changes/rl-infra-spec/evidence/infra-e2/4.2-4.5/dry-run-v4b-20260930/infra-e2-g4-c3-rb/spec.json	250	63b8f804d6792938cf4c0787d1e33aeedb9863c4581a243b30a5ea5ae80ac5b3	yeto-evidence-archive	/openspec/changes/rl-infra-spec/evidence/infra-e2/4.2-4.5/dry-run-v4b-20260930/infra-e2-g4-c3-rb/spec.json
openspec/changes/rl-infra-spec/evidence/infra-e2/4.2-4.5/dry-run-v4b-20260930/infra-e2-g4-c3-rbold/args.txt	946	c164642896cef6e5c93b4fa06963ca1b533dab74187f95a2d8dc2cc5b77c1044	yeto-evidence-archive	/openspec/changes/rl-infra-spec/evidence/infra-e2/4.2-4.5/dry-run-v4b-20260930/infra-e2-g4-c3-rbold/args.txt
openspec/changes/rl-infra-spec/evidence/infra-e2/4.2-4.5/dry-run-v4b-20260930/infra-e2-g4-c3-rbold/launcher-dry-run.txt	2546	0587ce4283b60e8437fbaabdc24f90c256ab2e6ff6d71add0b2a937dfcb77ebb	yeto-evidence-archive	/openspec/changes/rl-infra-spec/evidence/infra-e2/4.2-4.5/dry-run-v4b-20260930/infra-e2-g4-c3-rbold/launcher-dry-run.txt
openspec/changes/rl-infra-spec/evidence/infra-e2/4.2-4.5/dry-run-v4b-20260930/infra-e2-g4-c3-rbold/learner-preflight.txt	3344	8963d7062bcd82dfde58fc1a04d1eb1e64d7aaa69d51c139d92e381dfb96ad0a	yeto-evidence-archive	/openspec/changes/rl-infra-spec/evidence/infra-e2/4.2-4.5/dry-run-v4b-20260930/infra-e2-g4-c3-rbold/learner-preflight.txt
openspec/changes/rl-infra-spec/evidence/infra-e2/4.2-4.5/dry-run-v4b-20260930/infra-e2-g4-c3-rbold/spec.json	281	cfe107ff24b53035e5e6287711075b959afeec6001400951df17625e23323a29	yeto-evidence-archive	/openspec/changes/rl-infra-spec/evidence/infra-e2/4.2-4.5/dry-run-v4b-20260930/infra-e2-g4-c3-rbold/spec.json
openspec/changes/rl-infra-spec/evidence/infra-e2/4.2-4.5/gpu-c1-attempt1/args.txt	721	8a75bf67addcc7528f315d9683f3a78a711afae55dcb0b2399993de775546560	yeto-evidence-archive	/openspec/changes/rl-infra-spec/evidence/infra-e2/4.2-4.5/gpu-c1-attempt1/args.txt
openspec/changes/rl-infra-spec/evidence/infra-e2/4.2-4.5/gpu-c1-attempt1/end_utc.txt	21	4104a357c22b25bff58143a01d2a8c04d57217bb4d6635608837a6830d8171dd	yeto-evidence-archive	/openspec/changes/rl-infra-spec/evidence/infra-e2/4.2-4.5/gpu-c1-attempt1/end_utc.txt
openspec/changes/rl-infra-spec/evidence/infra-e2/4.2-4.5/gpu-c1-attempt1/gpu.txt	78	b244ecce4dd8785cc45be5b150d329e0ab3b5d89fc6175874a13f453153fbaa4	yeto-evidence-archive	/openspec/changes/rl-infra-spec/evidence/infra-e2/4.2-4.5/gpu-c1-attempt1/gpu.txt
openspec/changes/rl-infra-spec/evidence/infra-e2/4.2-4.5/gpu-c1-attempt1/harness.json	176	157314c4f8493b43c3418dd22286d96904dbcdfd280a093bdf913ba890e41eba	yeto-evidence-archive	/openspec/changes/rl-infra-spec/evidence/infra-e2/4.2-4.5/gpu-c1-attempt1/harness.json
openspec/changes/rl-infra-spec/evidence/infra-e2/4.2-4.5/gpu-c1-attempt1/image.txt	1596	0dd20f01aecd7790d102e7acc2ef9eb49304f5d136726f12f015c50572b28cba	yeto-evidence-archive	/openspec/changes/rl-infra-spec/evidence/infra-e2/4.2-4.5/gpu-c1-attempt1/image.txt
openspec/changes/rl-infra-spec/evidence/infra-e2/4.2-4.5/gpu-c1-attempt1/rc.txt	5	c4c3332a6470f1e0117990e9d86a49ce41f5e95552fb2f1f045568e5159149b9	yeto-evidence-archive	/openspec/changes/rl-infra-spec/evidence/infra-e2/4.2-4.5/gpu-c1-attempt1/rc.txt
openspec/changes/rl-infra-spec/evidence/infra-e2/4.2-4.5/gpu-c1-attempt1/rl-island-0.attempt1.jsonl	7037	cf4ab2baca4f9e7770178e3d75c81bc0f0fb9673d590bfb5d16360e3bd229919	yeto-evidence-archive	/openspec/changes/rl-infra-spec/evidence/infra-e2/4.2-4.5/gpu-c1-attempt1/rl-island-0.attempt1.jsonl
openspec/changes/rl-infra-spec/evidence/infra-e2/4.2-4.5/gpu-c1-attempt1/spec.json	385	37b2f8792e81c9001a8e1481ac0e6f86500e9bdabe4961fe155aec188536fef4	yeto-evidence-archive	/openspec/changes/rl-infra-spec/evidence/infra-e2/4.2-4.5/gpu-c1-attempt1/spec.json
openspec/changes/rl-infra-spec/evidence/infra-e2/4.2-4.5/gpu-c1-attempt1/start_utc.txt	21	f4921dcc761ade1f66d12b0f3bbd6ffdbeefe7e5f2484bb36782b0822b360012	yeto-evidence-archive	/openspec/changes/rl-infra-spec/evidence/infra-e2/4.2-4.5/gpu-c1-attempt1/start_utc.txt
openspec/changes/rl-infra-spec/evidence/infra-e2/4.2-4.5/gpu-c1-attempt1/teardown_proof.txt	201	1bf9f5141f24df70883a119f94cd34cb5e3b561ededbc258738d6f0bde2c764d	yeto-evidence-archive	/openspec/changes/rl-infra-spec/evidence/infra-e2/4.2-4.5/gpu-c1-attempt1/teardown_proof.txt
openspec/changes/rl-infra-spec/evidence/infra-e2/4.2-4.5/gpu-c1-attempt2/args.txt	763	ccfe272138b1f8571c7153aa5d668f062834a9c8665928894a3ff15e20a938d0	yeto-evidence-archive	/openspec/changes/rl-infra-spec/evidence/infra-e2/4.2-4.5/gpu-c1-attempt2/args.txt
openspec/changes/rl-infra-spec/evidence/infra-e2/4.2-4.5/gpu-c1-attempt2/end_utc.txt	21	73fbb220f9f31f6be36de2cd4dc08b7b67698b0205bd2849809bd290bd74acdd	yeto-evidence-archive	/openspec/changes/rl-infra-spec/evidence/infra-e2/4.2-4.5/gpu-c1-attempt2/end_utc.txt
openspec/changes/rl-infra-spec/evidence/infra-e2/4.2-4.5/gpu-c1-attempt2/exit_stop.txt	21	9ddfb22a43448408e37daccfe54be4b3ab069d32187864de276e2501d2eab67c	yeto-evidence-archive	/openspec/changes/rl-infra-spec/evidence/infra-e2/4.2-4.5/gpu-c1-attempt2/exit_stop.txt
openspec/changes/rl-infra-spec/evidence/infra-e2/4.2-4.5/gpu-c1-attempt2/gpu.txt	78	f201097130026a47f72a7376d3fd75a9d990276ccf45efcdb0e31bcaa6482482	yeto-evidence-archive	/openspec/changes/rl-infra-spec/evidence/infra-e2/4.2-4.5/gpu-c1-attempt2/gpu.txt
openspec/changes/rl-infra-spec/evidence/infra-e2/4.2-4.5/gpu-c1-attempt2/harness.json	176	157314c4f8493b43c3418dd22286d96904dbcdfd280a093bdf913ba890e41eba	yeto-evidence-archive	/openspec/changes/rl-infra-spec/evidence/infra-e2/4.2-4.5/gpu-c1-attempt2/harness.json
openspec/changes/rl-infra-spec/evidence/infra-e2/4.2-4.5/gpu-c1-attempt2/image.txt	1596	0dd20f01aecd7790d102e7acc2ef9eb49304f5d136726f12f015c50572b28cba	yeto-evidence-archive	/openspec/changes/rl-infra-spec/evidence/infra-e2/4.2-4.5/gpu-c1-attempt2/image.txt
openspec/changes/rl-infra-spec/evidence/infra-e2/4.2-4.5/gpu-c1-attempt2/rc.txt	7	786b3e89185dbe1f9234707f10ee7a576f86a02106f44fdd0c5d11b4812dff0b	yeto-evidence-archive	/openspec/changes/rl-infra-spec/evidence/infra-e2/4.2-4.5/gpu-c1-attempt2/rc.txt
openspec/changes/rl-infra-spec/evidence/infra-e2/4.2-4.5/gpu-c1-attempt2/results.json	7932	3c79cfe6abc220e958d17f69e2982126db49f1f88ca7ce377aea775cc7fcb8ea	yeto-evidence-archive	/openspec/changes/rl-infra-spec/evidence/infra-e2/4.2-4.5/gpu-c1-attempt2/results.json
openspec/changes/rl-infra-spec/evidence/infra-e2/4.2-4.5/gpu-c1-attempt2/rl-island-0.jsonl	6489	fba89642ec2948fd2dc4c5a08ad5cdda74109d88d3e9f3a7a2ad69e82b2b5168	yeto-evidence-archive	/openspec/changes/rl-infra-spec/evidence/infra-e2/4.2-4.5/gpu-c1-attempt2/rl-island-0.jsonl
openspec/changes/rl-infra-spec/evidence/infra-e2/4.2-4.5/gpu-c1-attempt2/spec.json	385	37b2f8792e81c9001a8e1481ac0e6f86500e9bdabe4961fe155aec188536fef4	yeto-evidence-archive	/openspec/changes/rl-infra-spec/evidence/infra-e2/4.2-4.5/gpu-c1-attempt2/spec.json
openspec/changes/rl-infra-spec/evidence/infra-e2/4.2-4.5/gpu-c1-attempt2/start_utc.txt	21	ed3c957c16f529760f6b65104bc6d78992ef445e41581bd090330e49bfa5aa52	yeto-evidence-archive	/openspec/changes/rl-infra-spec/evidence/infra-e2/4.2-4.5/gpu-c1-attempt2/start_utc.txt
openspec/changes/rl-infra-spec/evidence/infra-e2/4.2-4.5/gpu-c1-attempt2/steps.jsonl	1244	4aa095733dcbf6f8a73e5d6d1e414a9abefdb793e42728060fcc141be29919e2	yeto-evidence-archive	/openspec/changes/rl-infra-spec/evidence/infra-e2/4.2-4.5/gpu-c1-attempt2/steps.jsonl
openspec/changes/rl-infra-spec/evidence/infra-e2/4.2-4.5/gpu-c1-attempt2/teardown_proof.txt	202	7432ffa0a7f4af2a2e652c930b68ba0e8eef86236e8ce080387cdbd0314617e8	yeto-evidence-archive	/openspec/changes/rl-infra-spec/evidence/infra-e2/4.2-4.5/gpu-c1-attempt2/teardown_proof.txt
openspec/changes/rl-infra-spec/evidence/infra-e2/4.2-4.5/gpu-c1-attempt3/args.txt	763	61078d4eb9756f0d800f91ca104291fc26993694c7fe153b4faeef0a1891f412	yeto-evidence-archive	/openspec/changes/rl-infra-spec/evidence/infra-e2/4.2-4.5/gpu-c1-attempt3/args.txt
openspec/changes/rl-infra-spec/evidence/infra-e2/4.2-4.5/gpu-c1-attempt3/end_utc.txt	21	58543815d3b8be1c22cfbe2bb8a98c4acada13eba655438457119316685e3ad4	yeto-evidence-archive	/openspec/changes/rl-infra-spec/evidence/infra-e2/4.2-4.5/gpu-c1-attempt3/end_utc.txt
openspec/changes/rl-infra-spec/evidence/infra-e2/4.2-4.5/gpu-c1-attempt3/exit_stop.txt	21	f97829ded21049cb75ccbeb48bb703d21216303aec944db7dbe9a5be7697234b	yeto-evidence-archive	/openspec/changes/rl-infra-spec/evidence/infra-e2/4.2-4.5/gpu-c1-attempt3/exit_stop.txt
openspec/changes/rl-infra-spec/evidence/infra-e2/4.2-4.5/gpu-c1-attempt3/gpu.txt	78	4d8d5d474bff0cefea2405d3d9b4df9edcb9cd83dfb6a1368d5dd8bb4059797d	yeto-evidence-archive	/openspec/changes/rl-infra-spec/evidence/infra-e2/4.2-4.5/gpu-c1-attempt3/gpu.txt
openspec/changes/rl-infra-spec/evidence/infra-e2/4.2-4.5/gpu-c1-attempt3/harness.json	176	157314c4f8493b43c3418dd22286d96904dbcdfd280a093bdf913ba890e41eba	yeto-evidence-archive	/openspec/changes/rl-infra-spec/evidence/infra-e2/4.2-4.5/gpu-c1-attempt3/harness.json
openspec/changes/rl-infra-spec/evidence/infra-e2/4.2-4.5/gpu-c1-attempt3/image.txt	1596	0dd20f01aecd7790d102e7acc2ef9eb49304f5d136726f12f015c50572b28cba	yeto-evidence-archive	/openspec/changes/rl-infra-spec/evidence/infra-e2/4.2-4.5/gpu-c1-attempt3/image.txt
openspec/changes/rl-infra-spec/evidence/infra-e2/4.2-4.5/gpu-c1-attempt3/rc.txt	5	6b7c4beff11aa901afed7357924aae696736426905c8665bdc2567c5a400dc33	yeto-evidence-archive	/openspec/changes/rl-infra-spec/evidence/infra-e2/4.2-4.5/gpu-c1-attempt3/rc.txt
openspec/changes/rl-infra-spec/evidence/infra-e2/4.2-4.5/gpu-c1-attempt3/results.json	2279	a1954c8b092c2d3e4f95f4033f8d7931f75445a6d1d5916e86c870794c379ef3	yeto-evidence-archive	/openspec/changes/rl-infra-spec/evidence/infra-e2/4.2-4.5/gpu-c1-attempt3/results.json
openspec/changes/rl-infra-spec/evidence/infra-e2/4.2-4.5/gpu-c1-attempt3/rl-island-0.jsonl	6720	b561ad11a518e2c890f3286483a1c66e01401b135b1bf410b0248f540d5b6b1f	yeto-evidence-archive	/openspec/changes/rl-infra-spec/evidence/infra-e2/4.2-4.5/gpu-c1-attempt3/rl-island-0.jsonl
openspec/changes/rl-infra-spec/evidence/infra-e2/4.2-4.5/gpu-c1-attempt3/spec.json	385	37b2f8792e81c9001a8e1481ac0e6f86500e9bdabe4961fe155aec188536fef4	yeto-evidence-archive	/openspec/changes/rl-infra-spec/evidence/infra-e2/4.2-4.5/gpu-c1-attempt3/spec.json
openspec/changes/rl-infra-spec/evidence/infra-e2/4.2-4.5/gpu-c1-attempt3/start_utc.txt	21	661ab5089256874e4abde92e73f73c95bc52d4f5c9ef8d43cd73eed61ad4b7f5	yeto-evidence-archive	/openspec/changes/rl-infra-spec/evidence/infra-e2/4.2-4.5/gpu-c1-attempt3/start_utc.txt
openspec/changes/rl-infra-spec/evidence/infra-e2/4.2-4.5/gpu-c1-attempt3/steps.jsonl	1344	fe31edb03c83580f83b581e9ed64a0922ade7b6c8d3bf51e756b7e18404eb8d7	yeto-evidence-archive	/openspec/changes/rl-infra-spec/evidence/infra-e2/4.2-4.5/gpu-c1-attempt3/steps.jsonl
openspec/changes/rl-infra-spec/evidence/infra-e2/4.2-4.5/gpu-c1-attempt3/teardown_proof.txt	202	081ac864d3b04b5ff2b6c4bba088713f78797929127881ea4bd05988578a6999	yeto-evidence-archive	/openspec/changes/rl-infra-spec/evidence/infra-e2/4.2-4.5/gpu-c1-attempt3/teardown_proof.txt
openspec/changes/rl-infra-spec/evidence/infra-e2/4.2-4.5/gpu-c1-attempt4/args.txt	814	6a652ca4d739f680ec1228b64a6c39a5f7905b8454d065922e653a6a3ede76bb	yeto-evidence-archive	/openspec/changes/rl-infra-spec/evidence/infra-e2/4.2-4.5/gpu-c1-attempt4/args.txt
openspec/changes/rl-infra-spec/evidence/infra-e2/4.2-4.5/gpu-c1-attempt4/end_utc.txt	21	68b936a4badee4fb9acc59b968ad95a388a22ad1251cafbc0bbeb585aec5819c	yeto-evidence-archive	/openspec/changes/rl-infra-spec/evidence/infra-e2/4.2-4.5/gpu-c1-attempt4/end_utc.txt
openspec/changes/rl-infra-spec/evidence/infra-e2/4.2-4.5/gpu-c1-attempt4/gpu.txt	156	3009c44425cac0d9b4108010c3089944f44ccaaa0d6998e9ab1be669c857cf9a	yeto-evidence-archive	/openspec/changes/rl-infra-spec/evidence/infra-e2/4.2-4.5/gpu-c1-attempt4/gpu.txt
openspec/changes/rl-infra-spec/evidence/infra-e2/4.2-4.5/gpu-c1-attempt4/harness.json	176	1630d625683badd120e4b272f1e7c37955aa0b5f4a1ef2c00243e837dbd0b1d4	yeto-evidence-archive	/openspec/changes/rl-infra-spec/evidence/infra-e2/4.2-4.5/gpu-c1-attempt4/harness.json
openspec/changes/rl-infra-spec/evidence/infra-e2/4.2-4.5/gpu-c1-attempt4/image.txt	1596	0dd20f01aecd7790d102e7acc2ef9eb49304f5d136726f12f015c50572b28cba	yeto-evidence-archive	/openspec/changes/rl-infra-spec/evidence/infra-e2/4.2-4.5/gpu-c1-attempt4/image.txt
openspec/changes/rl-infra-spec/evidence/infra-e2/4.2-4.5/gpu-c1-attempt4/rc.txt	5	6b7c4beff11aa901afed7357924aae696736426905c8665bdc2567c5a400dc33	yeto-evidence-archive	/openspec/changes/rl-infra-spec/evidence/infra-e2/4.2-4.5/gpu-c1-attempt4/rc.txt
openspec/changes/rl-infra-spec/evidence/infra-e2/4.2-4.5/gpu-c1-attempt4/results.json	6001	a76b33db877924c8a58f4be1059a945a45ea0b12395670847c55b06f99b311aa	yeto-evidence-archive	/openspec/changes/rl-infra-spec/evidence/infra-e2/4.2-4.5/gpu-c1-attempt4/results.json
openspec/changes/rl-infra-spec/evidence/infra-e2/4.2-4.5/gpu-c1-attempt4/rl-island-0.jsonl	6315	362fecf1830c13bc7954fa7bfcdc038811604233a9c5ab3cba566e1dfc54f28a	yeto-evidence-archive	/openspec/changes/rl-infra-spec/evidence/infra-e2/4.2-4.5/gpu-c1-attempt4/rl-island-0.jsonl
openspec/changes/rl-infra-spec/evidence/infra-e2/4.2-4.5/gpu-c1-attempt4/spec.json	385	91a9b04abfa19b163e77fc812e0f823c2149d5417d4f3bae33142963fd6e7890	yeto-evidence-archive	/openspec/changes/rl-infra-spec/evidence/infra-e2/4.2-4.5/gpu-c1-attempt4/spec.json
openspec/changes/rl-infra-spec/evidence/infra-e2/4.2-4.5/gpu-c1-attempt4/start_utc.txt	21	ba3aa425e46b367805878c6f044f3eff52c43968c0caa401df82ecde352f5baa	yeto-evidence-archive	/openspec/changes/rl-infra-spec/evidence/infra-e2/4.2-4.5/gpu-c1-attempt4/start_utc.txt
openspec/changes/rl-infra-spec/evidence/infra-e2/4.2-4.5/gpu-c1-attempt4/steps.jsonl	1863	f39e3b5f4cf542c78babddd2d4bba46bcb636cf9c55fd7beb1e1e8e64f61e261	yeto-evidence-archive	/openspec/changes/rl-infra-spec/evidence/infra-e2/4.2-4.5/gpu-c1-attempt4/steps.jsonl
openspec/changes/rl-infra-spec/evidence/infra-e2/4.2-4.5/gpu-c1-attempt4/teardown_proof.txt	202	7cb7ba61607044d40e9eead12a3b42f5e0682103da17d04f3cb78f436934be0c	yeto-evidence-archive	/openspec/changes/rl-infra-spec/evidence/infra-e2/4.2-4.5/gpu-c1-attempt4/teardown_proof.txt
openspec/changes/rl-infra-spec/evidence/infra-e2/4.2-4.5/gpu-c1-diag1/args.txt	814	179e58239dd3f070b8315310b70a3c5407ebda29b5b31f2ceb56d67d603bb4ff	yeto-evidence-archive	/openspec/changes/rl-infra-spec/evidence/infra-e2/4.2-4.5/gpu-c1-diag1/args.txt
openspec/changes/rl-infra-spec/evidence/infra-e2/4.2-4.5/gpu-c1-diag1/end_utc.txt	21	bcd36d10a95f628c57f4a8f5669d96ac0bd362efea78ae18c5a3bb3e81adfb05	yeto-evidence-archive	/openspec/changes/rl-infra-spec/evidence/infra-e2/4.2-4.5/gpu-c1-diag1/end_utc.txt
openspec/changes/rl-infra-spec/evidence/infra-e2/4.2-4.5/gpu-c1-diag1/gpu.txt	156	2b94bf5dcfd5d1dae49266a9684213f1bc4e5506d8dbfd666b1ebbee3b5ac83a	yeto-evidence-archive	/openspec/changes/rl-infra-spec/evidence/infra-e2/4.2-4.5/gpu-c1-diag1/gpu.txt
openspec/changes/rl-infra-spec/evidence/infra-e2/4.2-4.5/gpu-c1-diag1/image.txt	1596	0dd20f01aecd7790d102e7acc2ef9eb49304f5d136726f12f015c50572b28cba	yeto-evidence-archive	/openspec/changes/rl-infra-spec/evidence/infra-e2/4.2-4.5/gpu-c1-diag1/image.txt
openspec/changes/rl-infra-spec/evidence/infra-e2/4.2-4.5/gpu-c1-diag1/rc.txt	5	6b7c4beff11aa901afed7357924aae696736426905c8665bdc2567c5a400dc33	yeto-evidence-archive	/openspec/changes/rl-infra-spec/evidence/infra-e2/4.2-4.5/gpu-c1-diag1/rc.txt
openspec/changes/rl-infra-spec/evidence/infra-e2/4.2-4.5/gpu-c1-diag1/rl-island-0.jsonl	6313	5a732ddf226a9f4dc1e6e9180156a0b15311e9f34b859332588541eea9ac3d19	yeto-evidence-archive	/openspec/changes/rl-infra-spec/evidence/infra-e2/4.2-4.5/gpu-c1-diag1/rl-island-0.jsonl
openspec/changes/rl-infra-spec/evidence/infra-e2/4.2-4.5/gpu-c1-diag1/start_utc.txt	21	232d3ac249aded6f6c951015e91b48752fdc158dcf370914931d38b791cea42c	yeto-evidence-archive	/openspec/changes/rl-infra-spec/evidence/infra-e2/4.2-4.5/gpu-c1-diag1/start_utc.txt
openspec/changes/rl-infra-spec/evidence/infra-e2/4.2-4.5/gpu-c1-diag1/teardown_proof.txt	202	b826a8ab623abec517814a2ac0743f6a2f42598cac7f0de4be9472250a52575a	yeto-evidence-archive	/openspec/changes/rl-infra-spec/evidence/infra-e2/4.2-4.5/gpu-c1-diag1/teardown_proof.txt
openspec/changes/rl-infra-spec/evidence/infra-e2/4.2-4.5/gpu-c1-diag2/args.txt	815	cd86ea57f29d41b11bf6cceed1721fec569fa1f8d4e8d865f38c743091cff36b	yeto-evidence-archive	/openspec/changes/rl-infra-spec/evidence/infra-e2/4.2-4.5/gpu-c1-diag2/args.txt
openspec/changes/rl-infra-spec/evidence/infra-e2/4.2-4.5/gpu-c1-diag2/end_utc.txt	21	ef32778fef36561263ea5a22d13b09260ac16e32ec5acc349389f2862ec03ed6	yeto-evidence-archive	/openspec/changes/rl-infra-spec/evidence/infra-e2/4.2-4.5/gpu-c1-diag2/end_utc.txt
openspec/changes/rl-infra-spec/evidence/infra-e2/4.2-4.5/gpu-c1-diag2/gpu.txt	156	657a1a481ca951c884aa21745332ff9a3b66df52bee329e7d377f4db948c385a	yeto-evidence-archive	/openspec/changes/rl-infra-spec/evidence/infra-e2/4.2-4.5/gpu-c1-diag2/gpu.txt
openspec/changes/rl-infra-spec/evidence/infra-e2/4.2-4.5/gpu-c1-diag2/image.txt	1596	0dd20f01aecd7790d102e7acc2ef9eb49304f5d136726f12f015c50572b28cba	yeto-evidence-archive	/openspec/changes/rl-infra-spec/evidence/infra-e2/4.2-4.5/gpu-c1-diag2/image.txt
openspec/changes/rl-infra-spec/evidence/infra-e2/4.2-4.5/gpu-c1-diag2/rc.txt	5	6b7c4beff11aa901afed7357924aae696736426905c8665bdc2567c5a400dc33	yeto-evidence-archive	/openspec/changes/rl-infra-spec/evidence/infra-e2/4.2-4.5/gpu-c1-diag2/rc.txt
openspec/changes/rl-infra-spec/evidence/infra-e2/4.2-4.5/gpu-c1-diag2/rl-island-0.jsonl	6307	0146afc37c329a235782273d3c6e6f1f830dbc38672660de2f8bfffaf89c89b4	yeto-evidence-archive	/openspec/changes/rl-infra-spec/evidence/infra-e2/4.2-4.5/gpu-c1-diag2/rl-island-0.jsonl
openspec/changes/rl-infra-spec/evidence/infra-e2/4.2-4.5/gpu-c1-diag2/start_utc.txt	21	d50f531d356c74937b25160c2af5c80a36f2057d217ef2718b51a7261168fe92	yeto-evidence-archive	/openspec/changes/rl-infra-spec/evidence/infra-e2/4.2-4.5/gpu-c1-diag2/start_utc.txt
openspec/changes/rl-infra-spec/evidence/infra-e2/4.2-4.5/gpu-c1-diag2/teardown_proof.txt	203	e3aad4255b9c34e9d6d1382491f8326cb2f0d3d5b9bb8862fbb0a33f69165cef	yeto-evidence-archive	/openspec/changes/rl-infra-spec/evidence/infra-e2/4.2-4.5/gpu-c1-diag2/teardown_proof.txt
openspec/changes/rl-infra-spec/evidence/infra-e2/4.2-4.5/gpu-c1-v6-attempt1/args.txt	814	e9995ae6f88af90d90651816f2d2db4ea973526010b546f3d649e72bf5533a40	yeto-evidence-archive	/openspec/changes/rl-infra-spec/evidence/infra-e2/4.2-4.5/gpu-c1-v6-attempt1/args.txt
openspec/changes/rl-infra-spec/evidence/infra-e2/4.2-4.5/gpu-c1-v6-attempt1/end_utc.txt	21	dc87d550438e632c259e26a3d98bbed5498522949ffe85cda3bb307a56f58ccd	yeto-evidence-archive	/openspec/changes/rl-infra-spec/evidence/infra-e2/4.2-4.5/gpu-c1-v6-attempt1/end_utc.txt
openspec/changes/rl-infra-spec/evidence/infra-e2/4.2-4.5/gpu-c1-v6-attempt1/gpu.txt	156	35b7aa5067a9a156c5e4abe6a39c2f343403245424bc72ded5e872a9912e97b8	yeto-evidence-archive	/openspec/changes/rl-infra-spec/evidence/infra-e2/4.2-4.5/gpu-c1-v6-attempt1/gpu.txt
openspec/changes/rl-infra-spec/evidence/infra-e2/4.2-4.5/gpu-c1-v6-attempt1/harness.json	176	546c8eb307c313481305231ca5de9c3d06d75d1cfae706b6baafa826d388fdef	yeto-evidence-archive	/openspec/changes/rl-infra-spec/evidence/infra-e2/4.2-4.5/gpu-c1-v6-attempt1/harness.json
openspec/changes/rl-infra-spec/evidence/infra-e2/4.2-4.5/gpu-c1-v6-attempt1/image.txt	1596	bf3f46c233747dbe7488c40453c353be269153829a5d0b06df7efe44cb76e7f4	yeto-evidence-archive	/openspec/changes/rl-infra-spec/evidence/infra-e2/4.2-4.5/gpu-c1-v6-attempt1/image.txt
openspec/changes/rl-infra-spec/evidence/infra-e2/4.2-4.5/gpu-c1-v6-attempt1/rc.txt	5	6b7c4beff11aa901afed7357924aae696736426905c8665bdc2567c5a400dc33	yeto-evidence-archive	/openspec/changes/rl-infra-spec/evidence/infra-e2/4.2-4.5/gpu-c1-v6-attempt1/rc.txt
openspec/changes/rl-infra-spec/evidence/infra-e2/4.2-4.5/gpu-c1-v6-attempt1/results.json	6629	eb7fa4bb0f715e2a3d1fd7a357d4fe94bc4a55974ba6ffb192589df189c5b643	yeto-evidence-archive	/openspec/changes/rl-infra-spec/evidence/infra-e2/4.2-4.5/gpu-c1-v6-attempt1/results.json
openspec/changes/rl-infra-spec/evidence/infra-e2/4.2-4.5/gpu-c1-v6-attempt1/rl-island-0.jsonl	6313	e6d15736354cbcb1751ce16499b8b6b10032ffda9c02433ca730a797a8158573	yeto-evidence-archive	/openspec/changes/rl-infra-spec/evidence/infra-e2/4.2-4.5/gpu-c1-v6-attempt1/rl-island-0.jsonl
openspec/changes/rl-infra-spec/evidence/infra-e2/4.2-4.5/gpu-c1-v6-attempt1/spec.json	385	91a9b04abfa19b163e77fc812e0f823c2149d5417d4f3bae33142963fd6e7890	yeto-evidence-archive	/openspec/changes/rl-infra-spec/evidence/infra-e2/4.2-4.5/gpu-c1-v6-attempt1/spec.json
openspec/changes/rl-infra-spec/evidence/infra-e2/4.2-4.5/gpu-c1-v6-attempt1/start_utc.txt	21	200f49780dd14955daf62000806fa83d5314009f0e57f10ef65866fdbde359b9	yeto-evidence-archive	/openspec/changes/rl-infra-spec/evidence/infra-e2/4.2-4.5/gpu-c1-v6-attempt1/start_utc.txt
openspec/changes/rl-infra-spec/evidence/infra-e2/4.2-4.5/gpu-c1-v6-attempt1/steps.jsonl	1864	b4ff65b945575bc8dc9634026b9dff40aab79bce1295f6d57136eca3c0fea47c	yeto-evidence-archive	/openspec/changes/rl-infra-spec/evidence/infra-e2/4.2-4.5/gpu-c1-v6-attempt1/steps.jsonl
openspec/changes/rl-infra-spec/evidence/infra-e2/4.2-4.5/gpu-c1-v6-attempt1/teardown_proof.txt	202	98baaba3b9274800ee3ab7aed20f24d37a32499c784e90a86b28a269a44884fe	yeto-evidence-archive	/openspec/changes/rl-infra-spec/evidence/infra-e2/4.2-4.5/gpu-c1-v6-attempt1/teardown_proof.txt
openspec/changes/rl-infra-spec/evidence/infra-e2/4.2-4.5/gpu-c1-v6-attempt2/args.txt	814	ca08ec238bac9eeaf6375a1ac41d9268b6a3f6b80db3fe2eef37b322a22e212e	yeto-evidence-archive	/openspec/changes/rl-infra-spec/evidence/infra-e2/4.2-4.5/gpu-c1-v6-attempt2/args.txt
openspec/changes/rl-infra-spec/evidence/infra-e2/4.2-4.5/gpu-c1-v6-attempt2/end_utc.txt	21	d0bdd37bf833cc8adc7b4af2a2a285ce50449b836bf0c71444b547fef296eab7	yeto-evidence-archive	/openspec/changes/rl-infra-spec/evidence/infra-e2/4.2-4.5/gpu-c1-v6-attempt2/end_utc.txt
openspec/changes/rl-infra-spec/evidence/infra-e2/4.2-4.5/gpu-c1-v6-attempt2/gpu.txt	156	4d1e8ba2f2e799c62b5cb3686d204f5bb170c877196a9584a6355b4721d94e2c	yeto-evidence-archive	/openspec/changes/rl-infra-spec/evidence/infra-e2/4.2-4.5/gpu-c1-v6-attempt2/gpu.txt
openspec/changes/rl-infra-spec/evidence/infra-e2/4.2-4.5/gpu-c1-v6-attempt2/harness.json	176	546c8eb307c313481305231ca5de9c3d06d75d1cfae706b6baafa826d388fdef	yeto-evidence-archive	/openspec/changes/rl-infra-spec/evidence/infra-e2/4.2-4.5/gpu-c1-v6-attempt2/harness.json
openspec/changes/rl-infra-spec/evidence/infra-e2/4.2-4.5/gpu-c1-v6-attempt2/image.txt	1596	bf3f46c233747dbe7488c40453c353be269153829a5d0b06df7efe44cb76e7f4	yeto-evidence-archive	/openspec/changes/rl-infra-spec/evidence/infra-e2/4.2-4.5/gpu-c1-v6-attempt2/image.txt
openspec/changes/rl-infra-spec/evidence/infra-e2/4.2-4.5/gpu-c1-v6-attempt2/rc.txt	5	6b7c4beff11aa901afed7357924aae696736426905c8665bdc2567c5a400dc33	yeto-evidence-archive	/openspec/changes/rl-infra-spec/evidence/infra-e2/4.2-4.5/gpu-c1-v6-attempt2/rc.txt
openspec/changes/rl-infra-spec/evidence/infra-e2/4.2-4.5/gpu-c1-v6-attempt2/rl-island-0.jsonl	6567	ebecba1d86ead11ebb4eb23ef4615ae3907412a26f5d3fa8cb8c1c18da6aa7bb	yeto-evidence-archive	/openspec/changes/rl-infra-spec/evidence/infra-e2/4.2-4.5/gpu-c1-v6-attempt2/rl-island-0.jsonl
openspec/changes/rl-infra-spec/evidence/infra-e2/4.2-4.5/gpu-c1-v6-attempt2/spec.json	385	91a9b04abfa19b163e77fc812e0f823c2149d5417d4f3bae33142963fd6e7890	yeto-evidence-archive	/openspec/changes/rl-infra-spec/evidence/infra-e2/4.2-4.5/gpu-c1-v6-attempt2/spec.json
openspec/changes/rl-infra-spec/evidence/infra-e2/4.2-4.5/gpu-c1-v6-attempt2/start_utc.txt	21	46625103e2bef7bef5faccb52b892f0e8163d0ac986773f00cf4a4b934dfa351	yeto-evidence-archive	/openspec/changes/rl-infra-spec/evidence/infra-e2/4.2-4.5/gpu-c1-v6-attempt2/start_utc.txt
openspec/changes/rl-infra-spec/evidence/infra-e2/4.2-4.5/gpu-c1-v6-attempt2/teardown_proof.txt	202	e9429c12ec35a5a1fedfe50550961bed00865566a14177743e1ae9f244f0eee8	yeto-evidence-archive	/openspec/changes/rl-infra-spec/evidence/infra-e2/4.2-4.5/gpu-c1-v6-attempt2/teardown_proof.txt
openspec/changes/rl-infra-spec/evidence/infra-e2/4.2-4.5/gpu-c1-v6-attempt3-paused/args.txt	814	62c76f825dcec8b98624cedcbbfb0bef478b0ee782dd34f899444b3428afc93a	yeto-evidence-archive	/openspec/changes/rl-infra-spec/evidence/infra-e2/4.2-4.5/gpu-c1-v6-attempt3-paused/args.txt
openspec/changes/rl-infra-spec/evidence/infra-e2/4.2-4.5/gpu-c1-v6-attempt3-paused/end_utc.txt	21	c1dc6afb8c9562d2ff31812f6716a6afaf3f71b0098f72be648762932f023904	yeto-evidence-archive	/openspec/changes/rl-infra-spec/evidence/infra-e2/4.2-4.5/gpu-c1-v6-attempt3-paused/end_utc.txt
openspec/changes/rl-infra-spec/evidence/infra-e2/4.2-4.5/gpu-c1-v6-attempt3-paused/gpu.txt	156	7e1f2d8b3d1fda61ce9253c6e062f155c6058b7273e322e093778bf254fb0246	yeto-evidence-archive	/openspec/changes/rl-infra-spec/evidence/infra-e2/4.2-4.5/gpu-c1-v6-attempt3-paused/gpu.txt
openspec/changes/rl-infra-spec/evidence/infra-e2/4.2-4.5/gpu-c1-v6-attempt3-paused/harness.json	176	546c8eb307c313481305231ca5de9c3d06d75d1cfae706b6baafa826d388fdef	yeto-evidence-archive	/openspec/changes/rl-infra-spec/evidence/infra-e2/4.2-4.5/gpu-c1-v6-attempt3-paused/harness.json
openspec/changes/rl-infra-spec/evidence/infra-e2/4.2-4.5/gpu-c1-v6-attempt3-paused/image.txt	1596	bf3f46c233747dbe7488c40453c353be269153829a5d0b06df7efe44cb76e7f4	yeto-evidence-archive	/openspec/changes/rl-infra-spec/evidence/infra-e2/4.2-4.5/gpu-c1-v6-attempt3-paused/image.txt
openspec/changes/rl-infra-spec/evidence/infra-e2/4.2-4.5/gpu-c1-v6-attempt3-paused/rc.txt	7	786b3e89185dbe1f9234707f10ee7a576f86a02106f44fdd0c5d11b4812dff0b	yeto-evidence-archive	/openspec/changes/rl-infra-spec/evidence/infra-e2/4.2-4.5/gpu-c1-v6-attempt3-paused/rc.txt
openspec/changes/rl-infra-spec/evidence/infra-e2/4.2-4.5/gpu-c1-v6-attempt3-paused/spec.json	385	91a9b04abfa19b163e77fc812e0f823c2149d5417d4f3bae33142963fd6e7890	yeto-evidence-archive	/openspec/changes/rl-infra-spec/evidence/infra-e2/4.2-4.5/gpu-c1-v6-attempt3-paused/spec.json
openspec/changes/rl-infra-spec/evidence/infra-e2/4.2-4.5/gpu-c1-v6-attempt3-paused/start_utc.txt	21	96dbfb7f14918466ad2a332078e095586ec511626f183f2f07cc0bcc017b8079	yeto-evidence-archive	/openspec/changes/rl-infra-spec/evidence/infra-e2/4.2-4.5/gpu-c1-v6-attempt3-paused/start_utc.txt
openspec/changes/rl-infra-spec/evidence/infra-e2/4.2-4.5/gpu-c1-v6-attempt3-paused/teardown_proof.txt	202	dbafe9becde81e3a7e4626a4450cb227866a0234828ac3cf402ae45f65117478	yeto-evidence-archive	/openspec/changes/rl-infra-spec/evidence/infra-e2/4.2-4.5/gpu-c1-v6-attempt3-paused/teardown_proof.txt
openspec/changes/rl-infra-spec/evidence/infra-e2/4.2-4.5/gpu-v6-c1-unsafe/args.txt	821	632efe9abcc838c081d71f41bef954f8389b1bdc51c13c82459b24c973237f69	yeto-evidence-archive	/openspec/changes/rl-infra-spec/evidence/infra-e2/4.2-4.5/gpu-v6-c1-unsafe/args.txt
openspec/changes/rl-infra-spec/evidence/infra-e2/4.2-4.5/gpu-v6-c1-unsafe/end_utc.txt	21	c6b54153bc0ccb60b9c6975c24f1a1ce5090ac66adb32b3ba3fa27b1718ed8fe	yeto-evidence-archive	/openspec/changes/rl-infra-spec/evidence/infra-e2/4.2-4.5/gpu-v6-c1-unsafe/end_utc.txt
openspec/changes/rl-infra-spec/evidence/infra-e2/4.2-4.5/gpu-v6-c1-unsafe/gpu.txt	156	3b87c06b537f3d71eb1686dfff318586f29a839b5d6049c4b3462b461e5d5642	yeto-evidence-archive	/openspec/changes/rl-infra-spec/evidence/infra-e2/4.2-4.5/gpu-v6-c1-unsafe/gpu.txt
openspec/changes/rl-infra-spec/evidence/infra-e2/4.2-4.5/gpu-v6-c1-unsafe/harness-results.json	8678	4c218601fb6e07b56b77c36232fcac1f90d195f973f569b346b68ace96db1de0	yeto-evidence-archive	/openspec/changes/rl-infra-spec/evidence/infra-e2/4.2-4.5/gpu-v6-c1-unsafe/harness-results.json
openspec/changes/rl-infra-spec/evidence/infra-e2/4.2-4.5/gpu-v6-c1-unsafe/harness-steps.jsonl	3379	b07d9c52a62bda11dc5912ccea3d9df60d1535cf1219874df611b8cdecac4800	yeto-evidence-archive	/openspec/changes/rl-infra-spec/evidence/infra-e2/4.2-4.5/gpu-v6-c1-unsafe/harness-steps.jsonl
openspec/changes/rl-infra-spec/evidence/infra-e2/4.2-4.5/gpu-v6-c1-unsafe/harness.json	205	1171b410a9bf334e214f41d6f8184c433a49142c7954f086fc9cd9e7f8c5175c	yeto-evidence-archive	/openspec/changes/rl-infra-spec/evidence/infra-e2/4.2-4.5/gpu-v6-c1-unsafe/harness.json
openspec/changes/rl-infra-spec/evidence/infra-e2/4.2-4.5/gpu-v6-c1-unsafe/image.txt	1596	bf3f46c233747dbe7488c40453c353be269153829a5d0b06df7efe44cb76e7f4	yeto-evidence-archive	/openspec/changes/rl-infra-spec/evidence/infra-e2/4.2-4.5/gpu-v6-c1-unsafe/image.txt
openspec/changes/rl-infra-spec/evidence/infra-e2/4.2-4.5/gpu-v6-c1-unsafe/rc.txt	5	9830ce9d409097e8147e1ce53d55c9b0539a7344c241bd2caad75ca441f08355	yeto-evidence-archive	/openspec/changes/rl-infra-spec/evidence/infra-e2/4.2-4.5/gpu-v6-c1-unsafe/rc.txt
openspec/changes/rl-infra-spec/evidence/infra-e2/4.2-4.5/gpu-v6-c1-unsafe/rl-island-0.jsonl	6649	60f72c7abddb1e1e4368acbf20e36d42bbcb1bb23eccb50de7002f36f9dae263	yeto-evidence-archive	/openspec/changes/rl-infra-spec/evidence/infra-e2/4.2-4.5/gpu-v6-c1-unsafe/rl-island-0.jsonl
openspec/changes/rl-infra-spec/evidence/infra-e2/4.2-4.5/gpu-v6-c1-unsafe/spec.json	292	a0c4153d2e07fb9a75314fab038310672a80bad62f3aa2b3c01cef16b8fdf150	yeto-evidence-archive	/openspec/changes/rl-infra-spec/evidence/infra-e2/4.2-4.5/gpu-v6-c1-unsafe/spec.json
openspec/changes/rl-infra-spec/evidence/infra-e2/4.2-4.5/gpu-v6-c1-unsafe/start_utc.txt	21	d2804b832ec36ec9aa1326a85ac3b5fba4775ab134b5822443ff3b60ec595404	yeto-evidence-archive	/openspec/changes/rl-infra-spec/evidence/infra-e2/4.2-4.5/gpu-v6-c1-unsafe/start_utc.txt
openspec/changes/rl-infra-spec/evidence/infra-e2/4.2-4.5/gpu-v6-c1-unsafe/teardown_proof.txt	209	86e53b428382cd59d6247530a32102d959b7cccf3cb3b5e2f21f50666b5ffd32	yeto-evidence-archive	/openspec/changes/rl-infra-spec/evidence/infra-e2/4.2-4.5/gpu-v6-c1-unsafe/teardown_proof.txt
openspec/changes/rl-infra-spec/evidence/infra-e2/4.2-4.5/gpu-v6-c1/args.txt	814	bb6c88fc9dd359ec0301c440583abe8ce28b6331a69bf68a409c21ce2749f5af	yeto-evidence-archive	/openspec/changes/rl-infra-spec/evidence/infra-e2/4.2-4.5/gpu-v6-c1/args.txt
openspec/changes/rl-infra-spec/evidence/infra-e2/4.2-4.5/gpu-v6-c1/end_utc.txt	21	ca5d6e2c1d9e838e0a8e7ce6a41d26eee45ec1aac6edc644a21dfbef76b3a4e4	yeto-evidence-archive	/openspec/changes/rl-infra-spec/evidence/infra-e2/4.2-4.5/gpu-v6-c1/end_utc.txt
openspec/changes/rl-infra-spec/evidence/infra-e2/4.2-4.5/gpu-v6-c1/gpu.txt	156	a01efbf4943dba32b9db970c4076a59fe9fce36bfd55b6e212ca79a0a182ef23	yeto-evidence-archive	/openspec/changes/rl-infra-spec/evidence/infra-e2/4.2-4.5/gpu-v6-c1/gpu.txt
openspec/changes/rl-infra-spec/evidence/infra-e2/4.2-4.5/gpu-v6-c1/harness-results.json	8535	8b44b6c43ed00a501713035d064c049577e9543b97f526783d9067415dbaf12d	yeto-evidence-archive	/openspec/changes/rl-infra-spec/evidence/infra-e2/4.2-4.5/gpu-v6-c1/harness-results.json
openspec/changes/rl-infra-spec/evidence/infra-e2/4.2-4.5/gpu-v6-c1/harness-steps.jsonl	3272	6d33e8e1016b98aa6e51584ca27354c201d99d438012e5711fe91f8adb07e4d6	yeto-evidence-archive	/openspec/changes/rl-infra-spec/evidence/infra-e2/4.2-4.5/gpu-v6-c1/harness-steps.jsonl
openspec/changes/rl-infra-spec/evidence/infra-e2/4.2-4.5/gpu-v6-c1/harness.json	176	546c8eb307c313481305231ca5de9c3d06d75d1cfae706b6baafa826d388fdef	yeto-evidence-archive	/openspec/changes/rl-infra-spec/evidence/infra-e2/4.2-4.5/gpu-v6-c1/harness.json
openspec/changes/rl-infra-spec/evidence/infra-e2/4.2-4.5/gpu-v6-c1/image.txt	1596	bf3f46c233747dbe7488c40453c353be269153829a5d0b06df7efe44cb76e7f4	yeto-evidence-archive	/openspec/changes/rl-infra-spec/evidence/infra-e2/4.2-4.5/gpu-v6-c1/image.txt
openspec/changes/rl-infra-spec/evidence/infra-e2/4.2-4.5/gpu-v6-c1/rc.txt	5	9830ce9d409097e8147e1ce53d55c9b0539a7344c241bd2caad75ca441f08355	yeto-evidence-archive	/openspec/changes/rl-infra-spec/evidence/infra-e2/4.2-4.5/gpu-v6-c1/rc.txt
openspec/changes/rl-infra-spec/evidence/infra-e2/4.2-4.5/gpu-v6-c1/rl-island-0.jsonl	6650	044754ef00010d54f7b4310e672e4d0660b0f6479354d16521803455a24b94e4	yeto-evidence-archive	/openspec/changes/rl-infra-spec/evidence/infra-e2/4.2-4.5/gpu-v6-c1/rl-island-0.jsonl
openspec/changes/rl-infra-spec/evidence/infra-e2/4.2-4.5/gpu-v6-c1/spec.json	385	91a9b04abfa19b163e77fc812e0f823c2149d5417d4f3bae33142963fd6e7890	yeto-evidence-archive	/openspec/changes/rl-infra-spec/evidence/infra-e2/4.2-4.5/gpu-v6-c1/spec.json
openspec/changes/rl-infra-spec/evidence/infra-e2/4.2-4.5/gpu-v6-c1/start_utc.txt	21	989b77b591e964496e648dbfe30f2b6f1e8b3763889173959a5338e000fa6f18	yeto-evidence-archive	/openspec/changes/rl-infra-spec/evidence/infra-e2/4.2-4.5/gpu-v6-c1/start_utc.txt
openspec/changes/rl-infra-spec/evidence/infra-e2/4.2-4.5/gpu-v6-c1/teardown_proof.txt	202	26cc339de997b74a8346460dd68dcd3ab3a7c20ad6cb18eca374675f3e2fa23f	yeto-evidence-archive	/openspec/changes/rl-infra-spec/evidence/infra-e2/4.2-4.5/gpu-v6-c1/teardown_proof.txt
openspec/changes/rl-infra-spec/evidence/infra-e2/4.2-4.5/gpu-v6-c2/args.txt	814	73676047927d63c3bd9081578e5bac346cf3291e0d90511b8fc8df2cf08986bc	yeto-evidence-archive	/openspec/changes/rl-infra-spec/evidence/infra-e2/4.2-4.5/gpu-v6-c2/args.txt
openspec/changes/rl-infra-spec/evidence/infra-e2/4.2-4.5/gpu-v6-c2/end_utc.txt	21	30a04398cd0373e708202c85519c52c94ec550c077121e8e4470d5e89f669893	yeto-evidence-archive	/openspec/changes/rl-infra-spec/evidence/infra-e2/4.2-4.5/gpu-v6-c2/end_utc.txt
openspec/changes/rl-infra-spec/evidence/infra-e2/4.2-4.5/gpu-v6-c2/gpu.txt	234	6b07fbc9c070e7270479497bdd0fbd04fe6f88051d0d8e2d05617bc13c20322d	yeto-evidence-archive	/openspec/changes/rl-infra-spec/evidence/infra-e2/4.2-4.5/gpu-v6-c2/gpu.txt
openspec/changes/rl-infra-spec/evidence/infra-e2/4.2-4.5/gpu-v6-c2/harness-results.json	9806	11721bd5e0fd3ab4f076e097e66edc1dd9338451588b11c80bbcd6e8e2f2f7e1	yeto-evidence-archive	/openspec/changes/rl-infra-spec/evidence/infra-e2/4.2-4.5/gpu-v6-c2/harness-results.json
openspec/changes/rl-infra-spec/evidence/infra-e2/4.2-4.5/gpu-v6-c2/harness-steps.jsonl	3981	d1b912c90230947cf731f444cdf8b665c8c8a54b961241115ba184fc7fcb87c1	yeto-evidence-archive	/openspec/changes/rl-infra-spec/evidence/infra-e2/4.2-4.5/gpu-v6-c2/harness-steps.jsonl
openspec/changes/rl-infra-spec/evidence/infra-e2/4.2-4.5/gpu-v6-c2/harness.json	176	006ce4e8c1cb780f34c37b9b83ffa6ef08cbeb2f6e53e2b5662f9a47771de1d4	yeto-evidence-archive	/openspec/changes/rl-infra-spec/evidence/infra-e2/4.2-4.5/gpu-v6-c2/harness.json
openspec/changes/rl-infra-spec/evidence/infra-e2/4.2-4.5/gpu-v6-c2/image.txt	1596	bf3f46c233747dbe7488c40453c353be269153829a5d0b06df7efe44cb76e7f4	yeto-evidence-archive	/openspec/changes/rl-infra-spec/evidence/infra-e2/4.2-4.5/gpu-v6-c2/image.txt
openspec/changes/rl-infra-spec/evidence/infra-e2/4.2-4.5/gpu-v6-c2/rc.txt	5	9830ce9d409097e8147e1ce53d55c9b0539a7344c241bd2caad75ca441f08355	yeto-evidence-archive	/openspec/changes/rl-infra-spec/evidence/infra-e2/4.2-4.5/gpu-v6-c2/rc.txt
openspec/changes/rl-infra-spec/evidence/infra-e2/4.2-4.5/gpu-v6-c2/rl-island-0.jsonl	189	72af7723b3e4ecb734cb95d870bac1f6c81d522d550935b6197e6bd7ba5ff3c9	yeto-evidence-archive	/openspec/changes/rl-infra-spec/evidence/infra-e2/4.2-4.5/gpu-v6-c2/rl-island-0.jsonl
openspec/changes/rl-infra-spec/evidence/infra-e2/4.2-4.5/gpu-v6-c2/spec.json	399	22f90a57eb30ca199483e4ade68d5307afdfb445f55ed86c979c8f0a76aadab6	yeto-evidence-archive	/openspec/changes/rl-infra-spec/evidence/infra-e2/4.2-4.5/gpu-v6-c2/spec.json
openspec/changes/rl-infra-spec/evidence/infra-e2/4.2-4.5/gpu-v6-c2/start_utc.txt	21	49b8298a6e59a603c7184127c9ab7079cf0a35989b7c93a34a6c90eaff6597b6	yeto-evidence-archive	/openspec/changes/rl-infra-spec/evidence/infra-e2/4.2-4.5/gpu-v6-c2/start_utc.txt
openspec/changes/rl-infra-spec/evidence/infra-e2/4.2-4.5/gpu-v6-c2/teardown_proof.txt	202	6871b69d133957cee89e57ee073ffc2eebfe7101fc4591e47c433b5fe84312d6	yeto-evidence-archive	/openspec/changes/rl-infra-spec/evidence/infra-e2/4.2-4.5/gpu-v6-c2/teardown_proof.txt
openspec/changes/rl-infra-spec/evidence/infra-e2/4.2-4.5/gpu-v6-c3-b1/args.txt	957	a4fcb4a8a30d581cb5bb1dca8314ac05eeafadfafe2bae04157ef8f11aeb635f	yeto-evidence-archive	/openspec/changes/rl-infra-spec/evidence/infra-e2/4.2-4.5/gpu-v6-c3-b1/args.txt
openspec/changes/rl-infra-spec/evidence/infra-e2/4.2-4.5/gpu-v6-c3-b1/end_utc.txt	21	39da0ce86487e3b64a7e93b041a8947dda3431b6965bd8bebfbf58a9f77d7ba5	yeto-evidence-archive	/openspec/changes/rl-infra-spec/evidence/infra-e2/4.2-4.5/gpu-v6-c3-b1/end_utc.txt
openspec/changes/rl-infra-spec/evidence/infra-e2/4.2-4.5/gpu-v6-c3-b1/events.jsonl	15743	853a75ad190a4f11f9180c9d0de08f2bc8b2c1553307cbf6b3865155ebcf4700	yeto-evidence-archive	/openspec/changes/rl-infra-spec/evidence/infra-e2/4.2-4.5/gpu-v6-c3-b1/events.jsonl
openspec/changes/rl-infra-spec/evidence/infra-e2/4.2-4.5/gpu-v6-c3-b1/gpu.txt	234	1bac92970d3f2e138350bcb27b8784cac071ee184684cd3976c9e99c27e13ab7	yeto-evidence-archive	/openspec/changes/rl-infra-spec/evidence/infra-e2/4.2-4.5/gpu-v6-c3-b1/gpu.txt
openspec/changes/rl-infra-spec/evidence/infra-e2/4.2-4.5/gpu-v6-c3-b1/image.txt	1596	bf3f46c233747dbe7488c40453c353be269153829a5d0b06df7efe44cb76e7f4	yeto-evidence-archive	/openspec/changes/rl-infra-spec/evidence/infra-e2/4.2-4.5/gpu-v6-c3-b1/image.txt
openspec/changes/rl-infra-spec/evidence/infra-e2/4.2-4.5/gpu-v6-c3-b1/rc.txt	5	9830ce9d409097e8147e1ce53d55c9b0539a7344c241bd2caad75ca441f08355	yeto-evidence-archive	/openspec/changes/rl-infra-spec/evidence/infra-e2/4.2-4.5/gpu-v6-c3-b1/rc.txt
openspec/changes/rl-infra-spec/evidence/infra-e2/4.2-4.5/gpu-v6-c3-b1/resources.json	106	5ef4a174e72283c00286ec3edb87e1a0463b855925f2e1af10e78792de1a093a	yeto-evidence-archive	/openspec/changes/rl-infra-spec/evidence/infra-e2/4.2-4.5/gpu-v6-c3-b1/resources.json
openspec/changes/rl-infra-spec/evidence/infra-e2/4.2-4.5/gpu-v6-c3-b1/rl-island-0.jsonl	8192	36c88f1f05cabcd8256940ab3b74ebac266d299be997f5da727ab0a0ebe7ae12	yeto-evidence-archive	/openspec/changes/rl-infra-spec/evidence/infra-e2/4.2-4.5/gpu-v6-c3-b1/rl-island-0.jsonl
openspec/changes/rl-infra-spec/evidence/infra-e2/4.2-4.5/gpu-v6-c3-b1/spec.json	260	87612d0757270058d93dd2ece938afe244ccc0a88732d1cb67d13278d1d241ae	yeto-evidence-archive	/openspec/changes/rl-infra-spec/evidence/infra-e2/4.2-4.5/gpu-v6-c3-b1/spec.json
openspec/changes/rl-infra-spec/evidence/infra-e2/4.2-4.5/gpu-v6-c3-b1/start_utc.txt	21	20672ac3e84266b5986588b7b522874ba62b9a35bad14d00356fc5d01aec84d7	yeto-evidence-archive	/openspec/changes/rl-infra-spec/evidence/infra-e2/4.2-4.5/gpu-v6-c3-b1/start_utc.txt
openspec/changes/rl-infra-spec/evidence/infra-e2/4.2-4.5/gpu-v6-c3-b1/teardown_proof.txt	205	7c36f636463c249bab2de25b6bbd3f4af9dcfecf4f5290d8f08835f98a8a8966	yeto-evidence-archive	/openspec/changes/rl-infra-spec/evidence/infra-e2/4.2-4.5/gpu-v6-c3-b1/teardown_proof.txt
openspec/changes/rl-infra-spec/evidence/infra-e2/4.2-4.5/gpu-v6-c3-f1/args.txt	998	a85cb45963d7c0e289bb9a714dbed61895f83d12a69694e2ea68e71cdd116ed3	yeto-evidence-archive	/openspec/changes/rl-infra-spec/evidence/infra-e2/4.2-4.5/gpu-v6-c3-f1/args.txt
openspec/changes/rl-infra-spec/evidence/infra-e2/4.2-4.5/gpu-v6-c3-f1/elastic-state__cuts__rb-0-cf5ecb1130c6__manifest.json.part	504000	2782dd3e30de81fe32068883abab4e87b5d83aa0d467089a92736e981156fc79	yeto-evidence-archive	/openspec/changes/rl-infra-spec/evidence/infra-e2/4.2-4.5/gpu-v6-c3-f1/elastic-state__cuts__rb-0-cf5ecb1130c6__manifest.json.part
openspec/changes/rl-infra-spec/evidence/infra-e2/4.2-4.5/gpu-v6-c3-f1/end_utc.txt	21	dd1f0ce1a634b4095e064d2e4c0c5e03dcfb6cbc111f5624e04d3f8f516e46c9	yeto-evidence-archive	/openspec/changes/rl-infra-spec/evidence/infra-e2/4.2-4.5/gpu-v6-c3-f1/end_utc.txt
openspec/changes/rl-infra-spec/evidence/infra-e2/4.2-4.5/gpu-v6-c3-f1/g45.json	936	8f241af2cf1f6d019b6ff863b5b7d59fdfab2d7f98fba1ffbafbf4d529348dc4	yeto-evidence-archive	/openspec/changes/rl-infra-spec/evidence/infra-e2/4.2-4.5/gpu-v6-c3-f1/g45.json
openspec/changes/rl-infra-spec/evidence/infra-e2/4.2-4.5/gpu-v6-c3-f1/gpu.txt	234	c467a5422f005c3bde8546717c8485afe5ecdba1b4e77e37e7ac23bf592f80fb	yeto-evidence-archive	/openspec/changes/rl-infra-spec/evidence/infra-e2/4.2-4.5/gpu-v6-c3-f1/gpu.txt
openspec/changes/rl-infra-spec/evidence/infra-e2/4.2-4.5/gpu-v6-c3-f1/image.txt	1596	bf3f46c233747dbe7488c40453c353be269153829a5d0b06df7efe44cb76e7f4	yeto-evidence-archive	/openspec/changes/rl-infra-spec/evidence/infra-e2/4.2-4.5/gpu-v6-c3-f1/image.txt
openspec/changes/rl-infra-spec/evidence/infra-e2/4.2-4.5/gpu-v6-c3-f1/infra-v2-b2-e2y-c3-f1-l0-modal.jsonl	11632	9eb37bc370cf12bbbeeed78be19b9f220a073c31465de11a3eacfbd6f2708602	yeto-evidence-archive	/openspec/changes/rl-infra-spec/evidence/infra-e2/4.2-4.5/gpu-v6-c3-f1/infra-v2-b2-e2y-c3-f1-l0-modal.jsonl
openspec/changes/rl-infra-spec/evidence/infra-e2/4.2-4.5/gpu-v6-c3-f1/rc.txt	5	6b7c4beff11aa901afed7357924aae696736426905c8665bdc2567c5a400dc33	yeto-evidence-archive	/openspec/changes/rl-infra-spec/evidence/infra-e2/4.2-4.5/gpu-v6-c3-f1/rc.txt
openspec/changes/rl-infra-spec/evidence/infra-e2/4.2-4.5/gpu-v6-c3-f1/resources.json	106	5ef4a174e72283c00286ec3edb87e1a0463b855925f2e1af10e78792de1a093a	yeto-evidence-archive	/openspec/changes/rl-infra-spec/evidence/infra-e2/4.2-4.5/gpu-v6-c3-f1/resources.json
openspec/changes/rl-infra-spec/evidence/infra-e2/4.2-4.5/gpu-v6-c3-f1/spec.json	255	e9f0c21e8bc5da4ea2070888d017cbef7c6933a71bc5165b6878107908b5672d	yeto-evidence-archive	/openspec/changes/rl-infra-spec/evidence/infra-e2/4.2-4.5/gpu-v6-c3-f1/spec.json
openspec/changes/rl-infra-spec/evidence/infra-e2/4.2-4.5/gpu-v6-c3-f1/start_utc.txt	21	2334d4ec0674be9154454d0207c3c103a3965b0f0a083a2d8c4e98db9c796b63	yeto-evidence-archive	/openspec/changes/rl-infra-spec/evidence/infra-e2/4.2-4.5/gpu-v6-c3-f1/start_utc.txt
openspec/changes/rl-infra-spec/evidence/infra-e2/4.2-4.5/gpu-v6-c3-f1/teardown_proof.txt	205	16e35c127d7e88d4730b0ded731531ef09cc6290eb4d805b2609232db4d8f796	yeto-evidence-archive	/openspec/changes/rl-infra-spec/evidence/infra-e2/4.2-4.5/gpu-v6-c3-f1/teardown_proof.txt
openspec/changes/rl-infra-spec/evidence/infra-e2/4.2-4.5/gpu-v6-c3-f2/args.txt	1033	544cfa03c8837e96b15c1b8d89bc4e665ada5cdc8efdb0189acf00cd3c6a379f	yeto-evidence-archive	/openspec/changes/rl-infra-spec/evidence/infra-e2/4.2-4.5/gpu-v6-c3-f2/args.txt
openspec/changes/rl-infra-spec/evidence/infra-e2/4.2-4.5/gpu-v6-c3-f2/elastic-state__cuts__rb-0-cf5ecb1130c6__manifest.json.part	234000	709625a5b7d5303e25c33a348863dc4d0d408db9c1fe7c780659e481f53e8cc6	yeto-evidence-archive	/openspec/changes/rl-infra-spec/evidence/infra-e2/4.2-4.5/gpu-v6-c3-f2/elastic-state__cuts__rb-0-cf5ecb1130c6__manifest.json.part
openspec/changes/rl-infra-spec/evidence/infra-e2/4.2-4.5/gpu-v6-c3-f2/end_utc.txt	21	d839172f6d779f431ca71be825f043e75fd8c3674ca9ebb570bf9ad6e4d8c3ce	yeto-evidence-archive	/openspec/changes/rl-infra-spec/evidence/infra-e2/4.2-4.5/gpu-v6-c3-f2/end_utc.txt
openspec/changes/rl-infra-spec/evidence/infra-e2/4.2-4.5/gpu-v6-c3-f2/g45.json	563	bd5d515914c8dd284db5c3977432c3285762869199065c2e96736f29119849c3	yeto-evidence-archive	/openspec/changes/rl-infra-spec/evidence/infra-e2/4.2-4.5/gpu-v6-c3-f2/g45.json
openspec/changes/rl-infra-spec/evidence/infra-e2/4.2-4.5/gpu-v6-c3-f2/gpu.txt	234	68ebfcb7bf2dfd924b66476d75d03637e86d0505c669ec51ae24b014b8f81689	yeto-evidence-archive	/openspec/changes/rl-infra-spec/evidence/infra-e2/4.2-4.5/gpu-v6-c3-f2/gpu.txt
openspec/changes/rl-infra-spec/evidence/infra-e2/4.2-4.5/gpu-v6-c3-f2/image.txt	1596	bf3f46c233747dbe7488c40453c353be269153829a5d0b06df7efe44cb76e7f4	yeto-evidence-archive	/openspec/changes/rl-infra-spec/evidence/infra-e2/4.2-4.5/gpu-v6-c3-f2/image.txt
openspec/changes/rl-infra-spec/evidence/infra-e2/4.2-4.5/gpu-v6-c3-f2/infra-v2-b2-e2y-c3-f2-l0-modal.jsonl	16431	7ffd0c06c0eb028d6034f704fbd51206cd50b9f4ef5fedbca73002f1e4d1e52c	yeto-evidence-archive	/openspec/changes/rl-infra-spec/evidence/infra-e2/4.2-4.5/gpu-v6-c3-f2/infra-v2-b2-e2y-c3-f2-l0-modal.jsonl
openspec/changes/rl-infra-spec/evidence/infra-e2/4.2-4.5/gpu-v6-c3-f2/rc.txt	5	9830ce9d409097e8147e1ce53d55c9b0539a7344c241bd2caad75ca441f08355	yeto-evidence-archive	/openspec/changes/rl-infra-spec/evidence/infra-e2/4.2-4.5/gpu-v6-c3-f2/rc.txt
openspec/changes/rl-infra-spec/evidence/infra-e2/4.2-4.5/gpu-v6-c3-f2/resources.json	106	5ef4a174e72283c00286ec3edb87e1a0463b855925f2e1af10e78792de1a093a	yeto-evidence-archive	/openspec/changes/rl-infra-spec/evidence/infra-e2/4.2-4.5/gpu-v6-c3-f2/resources.json
openspec/changes/rl-infra-spec/evidence/infra-e2/4.2-4.5/gpu-v6-c3-f2/spec.json	255	8cee704d92bc0d4733141cfaf6ffb15183308bfe3a63fe5e2605a6a0443db8c3	yeto-evidence-archive	/openspec/changes/rl-infra-spec/evidence/infra-e2/4.2-4.5/gpu-v6-c3-f2/spec.json
openspec/changes/rl-infra-spec/evidence/infra-e2/4.2-4.5/gpu-v6-c3-f2/start_utc.txt	21	4c35ad19e6366965f735ca90ca2f7def6a423ba6fbe0e6c0f500319f90e06db9	yeto-evidence-archive	/openspec/changes/rl-infra-spec/evidence/infra-e2/4.2-4.5/gpu-v6-c3-f2/start_utc.txt
openspec/changes/rl-infra-spec/evidence/infra-e2/4.2-4.5/gpu-v6-c3-f2/state/elastic-state/cuts/rb-0-cf5ecb1130c6/manifest.json	690549	bf6d4ac79ed8de2c2a334dfb7af6b7f483aceeb98236e45b01d1aea37502089c	yeto-evidence-archive	/openspec/changes/rl-infra-spec/evidence/infra-e2/4.2-4.5/gpu-v6-c3-f2/state/elastic-state/cuts/rb-0-cf5ecb1130c6/manifest.json
openspec/changes/rl-infra-spec/evidence/infra-e2/4.2-4.5/gpu-v6-c3-f2/teardown_proof.txt	205	3e23bd2cbb952597a9750d9c23fa3cbf95cfb86d08fb9d8884f3b1cb15f6fb77	yeto-evidence-archive	/openspec/changes/rl-infra-spec/evidence/infra-e2/4.2-4.5/gpu-v6-c3-f2/teardown_proof.txt
openspec/changes/rl-infra-spec/evidence/infra-e2/4.2-4.5/gpu-v6-c3-f3/args.txt	995	538b76bae4c6cd51257a947f9aa615dc915196b09ab72b1f8aaf0c5becfa9ee1	yeto-evidence-archive	/openspec/changes/rl-infra-spec/evidence/infra-e2/4.2-4.5/gpu-v6-c3-f3/args.txt
openspec/changes/rl-infra-spec/evidence/infra-e2/4.2-4.5/gpu-v6-c3-f3/end_utc.txt	21	68b265ef7580c56ec7cd8c44b885b81cc672f44aaf375fb269512afd1062be53	yeto-evidence-archive	/openspec/changes/rl-infra-spec/evidence/infra-e2/4.2-4.5/gpu-v6-c3-f3/end_utc.txt
openspec/changes/rl-infra-spec/evidence/infra-e2/4.2-4.5/gpu-v6-c3-f3/g45.json	731	056cffc4767e361ed9dfcb09c1e4c49b0e12bd5ca1721cc5f87d54f4d3c6d1a8	yeto-evidence-archive	/openspec/changes/rl-infra-spec/evidence/infra-e2/4.2-4.5/gpu-v6-c3-f3/g45.json
openspec/changes/rl-infra-spec/evidence/infra-e2/4.2-4.5/gpu-v6-c3-f3/gpu.txt	234	5125c462aab66a4aaaa002039852118b2afc19dc36e3f3a3742849c4590fe828	yeto-evidence-archive	/openspec/changes/rl-infra-spec/evidence/infra-e2/4.2-4.5/gpu-v6-c3-f3/gpu.txt
openspec/changes/rl-infra-spec/evidence/infra-e2/4.2-4.5/gpu-v6-c3-f3/image.txt	1596	bf3f46c233747dbe7488c40453c353be269153829a5d0b06df7efe44cb76e7f4	yeto-evidence-archive	/openspec/changes/rl-infra-spec/evidence/infra-e2/4.2-4.5/gpu-v6-c3-f3/image.txt
openspec/changes/rl-infra-spec/evidence/infra-e2/4.2-4.5/gpu-v6-c3-f3/infra-v2-b2-e2y-c3-f3-l0-modal.jsonl	8875	a6b27755ac3ac2787a9804fd77c30141d2fe789d37066d4911fa50cc380ca7a3	yeto-evidence-archive	/openspec/changes/rl-infra-spec/evidence/infra-e2/4.2-4.5/gpu-v6-c3-f3/infra-v2-b2-e2y-c3-f3-l0-modal.jsonl
openspec/changes/rl-infra-spec/evidence/infra-e2/4.2-4.5/gpu-v6-c3-f3/rc.txt	5	6b7c4beff11aa901afed7357924aae696736426905c8665bdc2567c5a400dc33	yeto-evidence-archive	/openspec/changes/rl-infra-spec/evidence/infra-e2/4.2-4.5/gpu-v6-c3-f3/rc.txt
openspec/changes/rl-infra-spec/evidence/infra-e2/4.2-4.5/gpu-v6-c3-f3/resources.json	106	5ef4a174e72283c00286ec3edb87e1a0463b855925f2e1af10e78792de1a093a	yeto-evidence-archive	/openspec/changes/rl-infra-spec/evidence/infra-e2/4.2-4.5/gpu-v6-c3-f3/resources.json
openspec/changes/rl-infra-spec/evidence/infra-e2/4.2-4.5/gpu-v6-c3-f3/spec.json	255	68e80f843d54a1d6df990d07164b87184ed3c1615ac01acb88937f6552d2f29e	yeto-evidence-archive	/openspec/changes/rl-infra-spec/evidence/infra-e2/4.2-4.5/gpu-v6-c3-f3/spec.json
openspec/changes/rl-infra-spec/evidence/infra-e2/4.2-4.5/gpu-v6-c3-f3/start_utc.txt	21	a70930a884f086fa0919c074430106e08c107e3f40a30b194de50c51740d5005	yeto-evidence-archive	/openspec/changes/rl-infra-spec/evidence/infra-e2/4.2-4.5/gpu-v6-c3-f3/start_utc.txt
openspec/changes/rl-infra-spec/evidence/infra-e2/4.2-4.5/gpu-v6-c3-f3/teardown_proof.txt	205	66fd424857117316d0ff1a8143032580abef5809e9dedddc36b351804588281f	yeto-evidence-archive	/openspec/changes/rl-infra-spec/evidence/infra-e2/4.2-4.5/gpu-v6-c3-f3/teardown_proof.txt
openspec/changes/rl-infra-spec/evidence/infra-e2/4.2-4.5/gpu-v6-c3-f5-e2r/args.txt	997	1f6d24b096c76df70b76acf5b9e1f37681d07320d395bde0af5823fc59eab31f	yeto-evidence-archive	/openspec/changes/rl-infra-spec/evidence/infra-e2/4.2-4.5/gpu-v6-c3-f5-e2r/args.txt
openspec/changes/rl-infra-spec/evidence/infra-e2/4.2-4.5/gpu-v6-c3-f5-e2r/elastic-state__cuts__rb-0-cf5ecb1130c6__manifest.json.part	684549	85c0933e6a1401a2406e6f954d9445fee92e8893d7e34b50b6b743033f2cf1b9	yeto-evidence-archive	/openspec/changes/rl-infra-spec/evidence/infra-e2/4.2-4.5/gpu-v6-c3-f5-e2r/elastic-state__cuts__rb-0-cf5ecb1130c6__manifest.json.part
openspec/changes/rl-infra-spec/evidence/infra-e2/4.2-4.5/gpu-v6-c3-f5-e2r/elastic-state__ledger__journal.jsonl	3992	b7386470c31df944e949368d74b6fe976ff4cfa2f11a1fd20610515a8cc487ec	yeto-evidence-archive	/openspec/changes/rl-infra-spec/evidence/infra-e2/4.2-4.5/gpu-v6-c3-f5-e2r/elastic-state__ledger__journal.jsonl
openspec/changes/rl-infra-spec/evidence/infra-e2/4.2-4.5/gpu-v6-c3-f5-e2r/elastic-state__reconfig__epochs.json	185	53d595d9b8a653859443241a044133e908c2847ab7327458bf9797bd0a38c553	yeto-evidence-archive	/openspec/changes/rl-infra-spec/evidence/infra-e2/4.2-4.5/gpu-v6-c3-f5-e2r/elastic-state__reconfig__epochs.json
openspec/changes/rl-infra-spec/evidence/infra-e2/4.2-4.5/gpu-v6-c3-f5-e2r/elastic-state__reconfig__epochs.json.part	0	e3b0c44298fc1c149afbf4c8996fb92427ae41e4649b934ca495991b7852b855	yeto-evidence-archive	/openspec/changes/rl-infra-spec/evidence/infra-e2/4.2-4.5/gpu-v6-c3-f5-e2r/elastic-state__reconfig__epochs.json.part
openspec/changes/rl-infra-spec/evidence/infra-e2/4.2-4.5/gpu-v6-c3-f5-e2r/elastic-state__reconfig__journal.jsonl	2731	b6f6fb5eba6a14f7d09e0f50f094f748c99275d2f1fbde32b59d28633edaa650	yeto-evidence-archive	/openspec/changes/rl-infra-spec/evidence/infra-e2/4.2-4.5/gpu-v6-c3-f5-e2r/elastic-state__reconfig__journal.jsonl
openspec/changes/rl-infra-spec/evidence/infra-e2/4.2-4.5/gpu-v6-c3-f5-e2r/end_utc.txt	21	3fdc8a14f49623d3ea5b7bbd348487968d0205bf01e84526b63f713195fae140	yeto-evidence-archive	/openspec/changes/rl-infra-spec/evidence/infra-e2/4.2-4.5/gpu-v6-c3-f5-e2r/end_utc.txt
openspec/changes/rl-infra-spec/evidence/infra-e2/4.2-4.5/gpu-v6-c3-f5-e2r/g45.json	907	b08457e83e42f052526384bce186794538d63a85cd55747352f59a75512bb51d	yeto-evidence-archive	/openspec/changes/rl-infra-spec/evidence/infra-e2/4.2-4.5/gpu-v6-c3-f5-e2r/g45.json
openspec/changes/rl-infra-spec/evidence/infra-e2/4.2-4.5/gpu-v6-c3-f5-e2r/gpu.txt	234	3df22eccab4f2cddafc0359fac75c6d32d50840ba295ad680266afb90cd8cf60	yeto-evidence-archive	/openspec/changes/rl-infra-spec/evidence/infra-e2/4.2-4.5/gpu-v6-c3-f5-e2r/gpu.txt
openspec/changes/rl-infra-spec/evidence/infra-e2/4.2-4.5/gpu-v6-c3-f5-e2r/image.txt	1596	bf3f46c233747dbe7488c40453c353be269153829a5d0b06df7efe44cb76e7f4	yeto-evidence-archive	/openspec/changes/rl-infra-spec/evidence/infra-e2/4.2-4.5/gpu-v6-c3-f5-e2r/image.txt
openspec/changes/rl-infra-spec/evidence/infra-e2/4.2-4.5/gpu-v6-c3-f5-e2r/infra-v2-b2-e2r-c3-f5-l0-modal.jsonl	9108	03030aa6de3e580e963656dcb49aa7907b3fb6c1403bab0c1a665376dc76b6f0	yeto-evidence-archive	/openspec/changes/rl-infra-spec/evidence/infra-e2/4.2-4.5/gpu-v6-c3-f5-e2r/infra-v2-b2-e2r-c3-f5-l0-modal.jsonl
openspec/changes/rl-infra-spec/evidence/infra-e2/4.2-4.5/gpu-v6-c3-f5-e2r/infra-v2-b2-e2y-c3-f5-l0-modal.jsonl	8947	3cc2c5b817f52d6e6fd403f79531d85b5263fe96208dcbd64a1267b99a712027	yeto-evidence-archive	/openspec/changes/rl-infra-spec/evidence/infra-e2/4.2-4.5/gpu-v6-c3-f5-e2r/infra-v2-b2-e2y-c3-f5-l0-modal.jsonl
openspec/changes/rl-infra-spec/evidence/infra-e2/4.2-4.5/gpu-v6-c3-f5-e2r/infra-v2-b2-e2z-c3-f5-l0-modal.jsonl	16058	7f066cb3def749acf6f7659aea2de44e740b1e82c699723bc9b51bff11a4df1e	yeto-evidence-archive	/openspec/changes/rl-infra-spec/evidence/infra-e2/4.2-4.5/gpu-v6-c3-f5-e2r/infra-v2-b2-e2z-c3-f5-l0-modal.jsonl
openspec/changes/rl-infra-spec/evidence/infra-e2/4.2-4.5/gpu-v6-c3-f5-e2r/rc.txt	5	6b7c4beff11aa901afed7357924aae696736426905c8665bdc2567c5a400dc33	yeto-evidence-archive	/openspec/changes/rl-infra-spec/evidence/infra-e2/4.2-4.5/gpu-v6-c3-f5-e2r/rc.txt
openspec/changes/rl-infra-spec/evidence/infra-e2/4.2-4.5/gpu-v6-c3-f5-e2r/resources.json	106	5ef4a174e72283c00286ec3edb87e1a0463b855925f2e1af10e78792de1a093a	yeto-evidence-archive	/openspec/changes/rl-infra-spec/evidence/infra-e2/4.2-4.5/gpu-v6-c3-f5-e2r/resources.json
openspec/changes/rl-infra-spec/evidence/infra-e2/4.2-4.5/gpu-v6-c3-f5-e2r/spec.json	255	284ea208bc16b67b86920103fcb04dfd0422673099345e48389a7a506dcbb6c5	yeto-evidence-archive	/openspec/changes/rl-infra-spec/evidence/infra-e2/4.2-4.5/gpu-v6-c3-f5-e2r/spec.json
openspec/changes/rl-infra-spec/evidence/infra-e2/4.2-4.5/gpu-v6-c3-f5-e2r/start_utc.txt	21	5cf8f25fa2ab785019451f16026024e5a4804622a781ef47fa914ef4e7b09812	yeto-evidence-archive	/openspec/changes/rl-infra-spec/evidence/infra-e2/4.2-4.5/gpu-v6-c3-f5-e2r/start_utc.txt
openspec/changes/rl-infra-spec/evidence/infra-e2/4.2-4.5/gpu-v6-c3-f5-e2r/teardown_proof.txt	205	72d71c79c42ef7849e7f393b547ff2127999074fde3700008a71c0995fbbd80e	yeto-evidence-archive	/openspec/changes/rl-infra-spec/evidence/infra-e2/4.2-4.5/gpu-v6-c3-f5-e2r/teardown_proof.txt
openspec/changes/rl-infra-spec/evidence/infra-e2/4.2-4.5/gpu-v6-c3-f5-handoff/args.txt	997	db82e3cf5c9834624b4277a4d362df820f0815c79ae425668d65c48aba71c196	yeto-evidence-archive	/openspec/changes/rl-infra-spec/evidence/infra-e2/4.2-4.5/gpu-v6-c3-f5-handoff/args.txt
openspec/changes/rl-infra-spec/evidence/infra-e2/4.2-4.5/gpu-v6-c3-f5-handoff/end_utc.txt	21	b0b33bc1d4a1e2fe28bfb6cb9593991e0ad8e3826e0906d5cb8b79d90f635da2	yeto-evidence-archive	/openspec/changes/rl-infra-spec/evidence/infra-e2/4.2-4.5/gpu-v6-c3-f5-handoff/end_utc.txt
openspec/changes/rl-infra-spec/evidence/infra-e2/4.2-4.5/gpu-v6-c3-f5-handoff/gpu.txt	234	a5589bae847c053517a1323c1e0506d7a60f21b6406de6f521b3b25e549dba42	yeto-evidence-archive	/openspec/changes/rl-infra-spec/evidence/infra-e2/4.2-4.5/gpu-v6-c3-f5-handoff/gpu.txt
openspec/changes/rl-infra-spec/evidence/infra-e2/4.2-4.5/gpu-v6-c3-f5-handoff/image.txt	1596	bf3f46c233747dbe7488c40453c353be269153829a5d0b06df7efe44cb76e7f4	yeto-evidence-archive	/openspec/changes/rl-infra-spec/evidence/infra-e2/4.2-4.5/gpu-v6-c3-f5-handoff/image.txt
openspec/changes/rl-infra-spec/evidence/infra-e2/4.2-4.5/gpu-v6-c3-f5-handoff/infra-v2-b2-e2q-c3-f5-l0-modal.jsonl	7074	90648b9904517b9313271f48526d88fb220bac0ff4424a6bd43aafa42f3d03ec	yeto-evidence-archive	/openspec/changes/rl-infra-spec/evidence/infra-e2/4.2-4.5/gpu-v6-c3-f5-handoff/infra-v2-b2-e2q-c3-f5-l0-modal.jsonl
openspec/changes/rl-infra-spec/evidence/infra-e2/4.2-4.5/gpu-v6-c3-f5-handoff/rc.txt	7	786b3e89185dbe1f9234707f10ee7a576f86a02106f44fdd0c5d11b4812dff0b	yeto-evidence-archive	/openspec/changes/rl-infra-spec/evidence/infra-e2/4.2-4.5/gpu-v6-c3-f5-handoff/rc.txt
openspec/changes/rl-infra-spec/evidence/infra-e2/4.2-4.5/gpu-v6-c3-f5-handoff/start_utc.txt	21	e1f7da714925e1acb6112181437fb917908a9107d5baf4551441175a8a1d71f2	yeto-evidence-archive	/openspec/changes/rl-infra-spec/evidence/infra-e2/4.2-4.5/gpu-v6-c3-f5-handoff/start_utc.txt
openspec/changes/rl-infra-spec/evidence/infra-e2/4.2-4.5/gpu-v6-c3-f5-handoff/teardown_proof.txt	205	90ccde4e5ddf233627175da8bd1791af7bfbb5243b708738e2405f7affbb43e3	yeto-evidence-archive	/openspec/changes/rl-infra-spec/evidence/infra-e2/4.2-4.5/gpu-v6-c3-f5-handoff/teardown_proof.txt
openspec/changes/rl-infra-spec/evidence/infra-e2/4.2-4.5/gpu-v6-c3-f5-rerun/elastic-state__reconfig__journal.jsonl	2620	48422e955e2c1a769b25a44c7b36e0087cf304807bb6c880567757436dc14512	yeto-evidence-archive	/openspec/changes/rl-infra-spec/evidence/infra-e2/4.2-4.5/gpu-v6-c3-f5-rerun/elastic-state__reconfig__journal.jsonl
openspec/changes/rl-infra-spec/evidence/infra-e2/4.2-4.5/gpu-v6-c3-f5-rerun/g45.json	645	6311824556d4f62913edbab3401005b03963c2268058175d7c55c5e8f35b2770	yeto-evidence-archive	/openspec/changes/rl-infra-spec/evidence/infra-e2/4.2-4.5/gpu-v6-c3-f5-rerun/g45.json
openspec/changes/rl-infra-spec/evidence/infra-e2/4.2-4.5/gpu-v6-c3-f5/args.txt	997	3a5ce815f9c8db2da032159f70e49c1b10147f18fe71bcbee251ba85dcf7c65a	yeto-evidence-archive	/openspec/changes/rl-infra-spec/evidence/infra-e2/4.2-4.5/gpu-v6-c3-f5/args.txt
openspec/changes/rl-infra-spec/evidence/infra-e2/4.2-4.5/gpu-v6-c3-f5/elastic-state__cuts__rb-0-cf5ecb1130c6__manifest.json.part	312000	c149dde964aef4e7e298aec9a063c3ffb3ddfc36e83ee855cef89c38c54ed4be	yeto-evidence-archive	/openspec/changes/rl-infra-spec/evidence/infra-e2/4.2-4.5/gpu-v6-c3-f5/elastic-state__cuts__rb-0-cf5ecb1130c6__manifest.json.part
openspec/changes/rl-infra-spec/evidence/infra-e2/4.2-4.5/gpu-v6-c3-f5/elastic-state__ledger__journal.jsonl	7995	ff50cab4e77185c6f77d9a30bf4fc65b28b7006505e49ca5fae53b08849ba72a	yeto-evidence-archive	/openspec/changes/rl-infra-spec/evidence/infra-e2/4.2-4.5/gpu-v6-c3-f5/elastic-state__ledger__journal.jsonl
openspec/changes/rl-infra-spec/evidence/infra-e2/4.2-4.5/gpu-v6-c3-f5/elastic-state__reconfig__epochs.json	185	53d595d9b8a653859443241a044133e908c2847ab7327458bf9797bd0a38c553	yeto-evidence-archive	/openspec/changes/rl-infra-spec/evidence/infra-e2/4.2-4.5/gpu-v6-c3-f5/elastic-state__reconfig__epochs.json
openspec/changes/rl-infra-spec/evidence/infra-e2/4.2-4.5/gpu-v6-c3-f5/elastic-state__reconfig__epochs.json.part	0	e3b0c44298fc1c149afbf4c8996fb92427ae41e4649b934ca495991b7852b855	yeto-evidence-archive	/openspec/changes/rl-infra-spec/evidence/infra-e2/4.2-4.5/gpu-v6-c3-f5/elastic-state__reconfig__epochs.json.part
openspec/changes/rl-infra-spec/evidence/infra-e2/4.2-4.5/gpu-v6-c3-f5/elastic-state__reconfig__journal.jsonl	2620	48422e955e2c1a769b25a44c7b36e0087cf304807bb6c880567757436dc14512	yeto-evidence-archive	/openspec/changes/rl-infra-spec/evidence/infra-e2/4.2-4.5/gpu-v6-c3-f5/elastic-state__reconfig__journal.jsonl
openspec/changes/rl-infra-spec/evidence/infra-e2/4.2-4.5/gpu-v6-c3-f5/end_utc.txt	21	aaf50eec63f552c7fc8858487d7924a6aaf1f5c243a5c739ea71e993c316df5a	yeto-evidence-archive	/openspec/changes/rl-infra-spec/evidence/infra-e2/4.2-4.5/gpu-v6-c3-f5/end_utc.txt
openspec/changes/rl-infra-spec/evidence/infra-e2/4.2-4.5/gpu-v6-c3-f5/g45.json	695	f675212bcc957b247c61701a1418d2a7bd15cc52515454573159d1d9e24ea95d	yeto-evidence-archive	/openspec/changes/rl-infra-spec/evidence/infra-e2/4.2-4.5/gpu-v6-c3-f5/g45.json
openspec/changes/rl-infra-spec/evidence/infra-e2/4.2-4.5/gpu-v6-c3-f5/gpu.txt	234	073815ba656fb065f99aeac26fac94952cc68bc2e3463bd2da12ede174a88d8b	yeto-evidence-archive	/openspec/changes/rl-infra-spec/evidence/infra-e2/4.2-4.5/gpu-v6-c3-f5/gpu.txt
openspec/changes/rl-infra-spec/evidence/infra-e2/4.2-4.5/gpu-v6-c3-f5/image.txt	1596	bf3f46c233747dbe7488c40453c353be269153829a5d0b06df7efe44cb76e7f4	yeto-evidence-archive	/openspec/changes/rl-infra-spec/evidence/infra-e2/4.2-4.5/gpu-v6-c3-f5/image.txt
openspec/changes/rl-infra-spec/evidence/infra-e2/4.2-4.5/gpu-v6-c3-f5/infra-v2-b2-e2y-c3-f5-l0-modal.jsonl	8947	3cc2c5b817f52d6e6fd403f79531d85b5263fe96208dcbd64a1267b99a712027	yeto-evidence-archive	/openspec/changes/rl-infra-spec/evidence/infra-e2/4.2-4.5/gpu-v6-c3-f5/infra-v2-b2-e2y-c3-f5-l0-modal.jsonl
openspec/changes/rl-infra-spec/evidence/infra-e2/4.2-4.5/gpu-v6-c3-f5/infra-v2-b2-e2z-c3-f5-l0-modal.jsonl	16058	7f066cb3def749acf6f7659aea2de44e740b1e82c699723bc9b51bff11a4df1e	yeto-evidence-archive	/openspec/changes/rl-infra-spec/evidence/infra-e2/4.2-4.5/gpu-v6-c3-f5/infra-v2-b2-e2z-c3-f5-l0-modal.jsonl
openspec/changes/rl-infra-spec/evidence/infra-e2/4.2-4.5/gpu-v6-c3-f5/rc.txt	5	9830ce9d409097e8147e1ce53d55c9b0539a7344c241bd2caad75ca441f08355	yeto-evidence-archive	/openspec/changes/rl-infra-spec/evidence/infra-e2/4.2-4.5/gpu-v6-c3-f5/rc.txt
openspec/changes/rl-infra-spec/evidence/infra-e2/4.2-4.5/gpu-v6-c3-f5/resources.json	106	5ef4a174e72283c00286ec3edb87e1a0463b855925f2e1af10e78792de1a093a	yeto-evidence-archive	/openspec/changes/rl-infra-spec/evidence/infra-e2/4.2-4.5/gpu-v6-c3-f5/resources.json
openspec/changes/rl-infra-spec/evidence/infra-e2/4.2-4.5/gpu-v6-c3-f5/spec.json	255	284ea208bc16b67b86920103fcb04dfd0422673099345e48389a7a506dcbb6c5	yeto-evidence-archive	/openspec/changes/rl-infra-spec/evidence/infra-e2/4.2-4.5/gpu-v6-c3-f5/spec.json
openspec/changes/rl-infra-spec/evidence/infra-e2/4.2-4.5/gpu-v6-c3-f5/start_utc.txt	21	5dff5a24965abda1113f46a41f404baccc3f99d412746b661a8fbf0147294644	yeto-evidence-archive	/openspec/changes/rl-infra-spec/evidence/infra-e2/4.2-4.5/gpu-v6-c3-f5/start_utc.txt
openspec/changes/rl-infra-spec/evidence/infra-e2/4.2-4.5/gpu-v6-c3-f5/teardown_proof.txt	205	ad62a97eb5a8a93fe8642ab9615da2bc19691a5dd2fa511845ffc5a24f105662	yeto-evidence-archive	/openspec/changes/rl-infra-spec/evidence/infra-e2/4.2-4.5/gpu-v6-c3-f5/teardown_proof.txt
openspec/changes/rl-infra-spec/evidence/infra-e2/4.2-4.5/gpu-v6-c3-f6a/args.txt	1036	f62a40a96ded41a2507d0daa3cf9d473e92db20e93883270a49295263036edb3	yeto-evidence-archive	/openspec/changes/rl-infra-spec/evidence/infra-e2/4.2-4.5/gpu-v6-c3-f6a/args.txt
openspec/changes/rl-infra-spec/evidence/infra-e2/4.2-4.5/gpu-v6-c3-f6a/end_utc.txt	21	d6dd33adfb25d20ed061710c9a69b553be0e5e83651af0f57877a27638ed056d	yeto-evidence-archive	/openspec/changes/rl-infra-spec/evidence/infra-e2/4.2-4.5/gpu-v6-c3-f6a/end_utc.txt
openspec/changes/rl-infra-spec/evidence/infra-e2/4.2-4.5/gpu-v6-c3-f6a/gpu.txt	234	2d7586b6436251a63afa6f3d091a935a4381d5ba9543781759ed1dfe586a6a2a	yeto-evidence-archive	/openspec/changes/rl-infra-spec/evidence/infra-e2/4.2-4.5/gpu-v6-c3-f6a/gpu.txt
openspec/changes/rl-infra-spec/evidence/infra-e2/4.2-4.5/gpu-v6-c3-f6a/image.txt	1596	bf3f46c233747dbe7488c40453c353be269153829a5d0b06df7efe44cb76e7f4	yeto-evidence-archive	/openspec/changes/rl-infra-spec/evidence/infra-e2/4.2-4.5/gpu-v6-c3-f6a/image.txt
openspec/changes/rl-infra-spec/evidence/infra-e2/4.2-4.5/gpu-v6-c3-f6a/infra-v2-b2-e2y-c3-f6a-l0-modal.jsonl	9444	76b7240b75d4316cdb89a3c27b4da8bb07cb7472ae67e82308f8af929d42ee82	yeto-evidence-archive	/openspec/changes/rl-infra-spec/evidence/infra-e2/4.2-4.5/gpu-v6-c3-f6a/infra-v2-b2-e2y-c3-f6a-l0-modal.jsonl
openspec/changes/rl-infra-spec/evidence/infra-e2/4.2-4.5/gpu-v6-c3-f6a/rc.txt	5	6b7c4beff11aa901afed7357924aae696736426905c8665bdc2567c5a400dc33	yeto-evidence-archive	/openspec/changes/rl-infra-spec/evidence/infra-e2/4.2-4.5/gpu-v6-c3-f6a/rc.txt
openspec/changes/rl-infra-spec/evidence/infra-e2/4.2-4.5/gpu-v6-c3-f6a/resources.json	106	5ef4a174e72283c00286ec3edb87e1a0463b855925f2e1af10e78792de1a093a	yeto-evidence-archive	/openspec/changes/rl-infra-spec/evidence/infra-e2/4.2-4.5/gpu-v6-c3-f6a/resources.json
openspec/changes/rl-infra-spec/evidence/infra-e2/4.2-4.5/gpu-v6-c3-f6a/spec.json	267	82394c0746b2a1ff97f4dda8f5b8064b984deba36021c6006ae17b14bad2bb79	yeto-evidence-archive	/openspec/changes/rl-infra-spec/evidence/infra-e2/4.2-4.5/gpu-v6-c3-f6a/spec.json
openspec/changes/rl-infra-spec/evidence/infra-e2/4.2-4.5/gpu-v6-c3-f6a/start_utc.txt	21	f5ac6e724c2370258243ea49154b02d85f4f688c0dd39c7480e16b6967c45661	yeto-evidence-archive	/openspec/changes/rl-infra-spec/evidence/infra-e2/4.2-4.5/gpu-v6-c3-f6a/start_utc.txt
openspec/changes/rl-infra-spec/evidence/infra-e2/4.2-4.5/gpu-v6-c3-f6a/state/elastic-state/ledger/journal.lock	0	e3b0c44298fc1c149afbf4c8996fb92427ae41e4649b934ca495991b7852b855	yeto-evidence-archive	/openspec/changes/rl-infra-spec/evidence/infra-e2/4.2-4.5/gpu-v6-c3-f6a/state/elastic-state/ledger/journal.lock
openspec/changes/rl-infra-spec/evidence/infra-e2/4.2-4.5/gpu-v6-c3-f6a/teardown_proof.txt	206	51f588e49e883b1ec8538d97d8ccf42b6cb5ce28a4b7015908d251d9577cb86b	yeto-evidence-archive	/openspec/changes/rl-infra-spec/evidence/infra-e2/4.2-4.5/gpu-v6-c3-f6a/teardown_proof.txt
openspec/changes/rl-infra-spec/evidence/infra-e2/4.2-4.5/gpu-v6-c3-rb/args.txt	957	9213479655a86f4526b1abe5cd472e950478b6d0ebe10498d77aaf68cba6259e	yeto-evidence-archive	/openspec/changes/rl-infra-spec/evidence/infra-e2/4.2-4.5/gpu-v6-c3-rb/args.txt
openspec/changes/rl-infra-spec/evidence/infra-e2/4.2-4.5/gpu-v6-c3-rb/end_utc.txt	21	9e73527d954adcafa083e2c4696823f614b51b665d4ee05d40466dca6f7ba145	yeto-evidence-archive	/openspec/changes/rl-infra-spec/evidence/infra-e2/4.2-4.5/gpu-v6-c3-rb/end_utc.txt
openspec/changes/rl-infra-spec/evidence/infra-e2/4.2-4.5/gpu-v6-c3-rb/g44.json	1772	3d0ef9093e076cd121d87ee9074e8c5cfe7152c7d22de175f59b6b3a9492674c	yeto-evidence-archive	/openspec/changes/rl-infra-spec/evidence/infra-e2/4.2-4.5/gpu-v6-c3-rb/g44.json
openspec/changes/rl-infra-spec/evidence/infra-e2/4.2-4.5/gpu-v6-c3-rb/gpu.txt	234	c129e4a0abf4964ef64be6c40b790621c13e1b765c32e017531e62b13a9ba336	yeto-evidence-archive	/openspec/changes/rl-infra-spec/evidence/infra-e2/4.2-4.5/gpu-v6-c3-rb/gpu.txt
openspec/changes/rl-infra-spec/evidence/infra-e2/4.2-4.5/gpu-v6-c3-rb/image.txt	1596	bf3f46c233747dbe7488c40453c353be269153829a5d0b06df7efe44cb76e7f4	yeto-evidence-archive	/openspec/changes/rl-infra-spec/evidence/infra-e2/4.2-4.5/gpu-v6-c3-rb/image.txt
openspec/changes/rl-infra-spec/evidence/infra-e2/4.2-4.5/gpu-v6-c3-rb/infra-v2-b2-e2y-c3-rb-l0-modal.jsonl	16422	58ac29bcd8cd2dfbbd8ae305eff3b8b512b6ea704f382b6d0ce56ff545eab441	yeto-evidence-archive	/openspec/changes/rl-infra-spec/evidence/infra-e2/4.2-4.5/gpu-v6-c3-rb/infra-v2-b2-e2y-c3-rb-l0-modal.jsonl
openspec/changes/rl-infra-spec/evidence/infra-e2/4.2-4.5/gpu-v6-c3-rb/infra-v2-b2-e2z-c3-rb-l0-modal.jsonl	16427	4967767dbddf136b0cf1c143a4fcd90bc419aae4aa1462a4d7a0db0f3a15ffe7	yeto-evidence-archive	/openspec/changes/rl-infra-spec/evidence/infra-e2/4.2-4.5/gpu-v6-c3-rb/infra-v2-b2-e2z-c3-rb-l0-modal.jsonl
openspec/changes/rl-infra-spec/evidence/infra-e2/4.2-4.5/gpu-v6-c3-rb/inwatch-arm.txt	2765	2acd91adc12fc852e344f26ef59fd844107215cdc923271a409a1441547daf30	yeto-evidence-archive	/openspec/changes/rl-infra-spec/evidence/infra-e2/4.2-4.5/gpu-v6-c3-rb/inwatch-arm.txt
openspec/changes/rl-infra-spec/evidence/infra-e2/4.2-4.5/gpu-v6-c3-rb/rc.txt	5	9830ce9d409097e8147e1ce53d55c9b0539a7344c241bd2caad75ca441f08355	yeto-evidence-archive	/openspec/changes/rl-infra-spec/evidence/infra-e2/4.2-4.5/gpu-v6-c3-rb/rc.txt
openspec/changes/rl-infra-spec/evidence/infra-e2/4.2-4.5/gpu-v6-c3-rb/resources.json	106	5ef4a174e72283c00286ec3edb87e1a0463b855925f2e1af10e78792de1a093a	yeto-evidence-archive	/openspec/changes/rl-infra-spec/evidence/infra-e2/4.2-4.5/gpu-v6-c3-rb/resources.json
openspec/changes/rl-infra-spec/evidence/infra-e2/4.2-4.5/gpu-v6-c3-rb/rl-island-0.jsonl	8192	24497f42927470922d6674c0d70e60c32df2c95c13501ffe865aea94f1d02cfd	yeto-evidence-archive	/openspec/changes/rl-infra-spec/evidence/infra-e2/4.2-4.5/gpu-v6-c3-rb/rl-island-0.jsonl
openspec/changes/rl-infra-spec/evidence/infra-e2/4.2-4.5/gpu-v6-c3-rb/spec.json	250	63b8f804d6792938cf4c0787d1e33aeedb9863c4581a243b30a5ea5ae80ac5b3	yeto-evidence-archive	/openspec/changes/rl-infra-spec/evidence/infra-e2/4.2-4.5/gpu-v6-c3-rb/spec.json
openspec/changes/rl-infra-spec/evidence/infra-e2/4.2-4.5/gpu-v6-c3-rb/start_utc.txt	21	28753acd233c8afee4fb7873e6f21c72e1fee0d2d49113e151c2751b94d53720	yeto-evidence-archive	/openspec/changes/rl-infra-spec/evidence/infra-e2/4.2-4.5/gpu-v6-c3-rb/start_utc.txt
openspec/changes/rl-infra-spec/evidence/infra-e2/4.2-4.5/gpu-v6-c3-rb/teardown_proof.txt	205	8c5d7d3a41374ae24d7f5ece8c6386a3142ddf99f246258dc15c56655d4b82a7	yeto-evidence-archive	/openspec/changes/rl-infra-spec/evidence/infra-e2/4.2-4.5/gpu-v6-c3-rb/teardown_proof.txt
openspec/changes/rl-infra-spec/evidence/infra-e2/4.2-4.5/gpu-v6-c3-rbold/args.txt	993	c6e7e923c8a00999e95b04f1d4297ccb44218c2b9186ee58ebcf242ea5cd726c	yeto-evidence-archive	/openspec/changes/rl-infra-spec/evidence/infra-e2/4.2-4.5/gpu-v6-c3-rbold/args.txt
openspec/changes/rl-infra-spec/evidence/infra-e2/4.2-4.5/gpu-v6-c3-rbold/end_utc.txt	21	f301644bc6b2a39801e179f8dd785892c93a743ce46c045fa7a0de738f5017a4	yeto-evidence-archive	/openspec/changes/rl-infra-spec/evidence/infra-e2/4.2-4.5/gpu-v6-c3-rbold/end_utc.txt
openspec/changes/rl-infra-spec/evidence/infra-e2/4.2-4.5/gpu-v6-c3-rbold/g44.json	2528	eec7fcae6617e90d8d7d37405234e12ebac4f465ec07b1f1d7a4efdbbefefb5d	yeto-evidence-archive	/openspec/changes/rl-infra-spec/evidence/infra-e2/4.2-4.5/gpu-v6-c3-rbold/g44.json
openspec/changes/rl-infra-spec/evidence/infra-e2/4.2-4.5/gpu-v6-c3-rbold/gpu.txt	234	ada3a1e552747fe09add7b1acafe2ac2f24c89865b2f213a8a8e9171f72c52d0	yeto-evidence-archive	/openspec/changes/rl-infra-spec/evidence/infra-e2/4.2-4.5/gpu-v6-c3-rbold/gpu.txt
openspec/changes/rl-infra-spec/evidence/infra-e2/4.2-4.5/gpu-v6-c3-rbold/image.txt	1596	bf3f46c233747dbe7488c40453c353be269153829a5d0b06df7efe44cb76e7f4	yeto-evidence-archive	/openspec/changes/rl-infra-spec/evidence/infra-e2/4.2-4.5/gpu-v6-c3-rbold/image.txt
openspec/changes/rl-infra-spec/evidence/infra-e2/4.2-4.5/gpu-v6-c3-rbold/infra-v2-b2-e2y-c3-rbold-l0-modal.jsonl	16429	4712fd90da2b4f8a5492045456d0d636239ad026f00ed03822f5e8d78244e500	yeto-evidence-archive	/openspec/changes/rl-infra-spec/evidence/infra-e2/4.2-4.5/gpu-v6-c3-rbold/infra-v2-b2-e2y-c3-rbold-l0-modal.jsonl
openspec/changes/rl-infra-spec/evidence/infra-e2/4.2-4.5/gpu-v6-c3-rbold/inwatch-arm.txt	2765	053d643bbdd553eed2af086361fb31cd8eb6814921299da3bc6c610802703c2c	yeto-evidence-archive	/openspec/changes/rl-infra-spec/evidence/infra-e2/4.2-4.5/gpu-v6-c3-rbold/inwatch-arm.txt
openspec/changes/rl-infra-spec/evidence/infra-e2/4.2-4.5/gpu-v6-c3-rbold/rc.txt	5	9830ce9d409097e8147e1ce53d55c9b0539a7344c241bd2caad75ca441f08355	yeto-evidence-archive	/openspec/changes/rl-infra-spec/evidence/infra-e2/4.2-4.5/gpu-v6-c3-rbold/rc.txt
openspec/changes/rl-infra-spec/evidence/infra-e2/4.2-4.5/gpu-v6-c3-rbold/resources.json	106	5ef4a174e72283c00286ec3edb87e1a0463b855925f2e1af10e78792de1a093a	yeto-evidence-archive	/openspec/changes/rl-infra-spec/evidence/infra-e2/4.2-4.5/gpu-v6-c3-rbold/resources.json
openspec/changes/rl-infra-spec/evidence/infra-e2/4.2-4.5/gpu-v6-c3-rbold/spec.json	281	cfe107ff24b53035e5e6287711075b959afeec6001400951df17625e23323a29	yeto-evidence-archive	/openspec/changes/rl-infra-spec/evidence/infra-e2/4.2-4.5/gpu-v6-c3-rbold/spec.json
openspec/changes/rl-infra-spec/evidence/infra-e2/4.2-4.5/gpu-v6-c3-rbold/start_utc.txt	21	365fff6c6b58e3bc8f979ec8602b067963d655c7a45f340c601ea5a59195b7ed	yeto-evidence-archive	/openspec/changes/rl-infra-spec/evidence/infra-e2/4.2-4.5/gpu-v6-c3-rbold/start_utc.txt
openspec/changes/rl-infra-spec/evidence/infra-e2/4.2-4.5/gpu-v6-c3-rbold/teardown_proof.txt	208	f0b3b5c821a7d661c34d59e66c2e88625613a73d5dac032d2df46d51d42632d6	yeto-evidence-archive	/openspec/changes/rl-infra-spec/evidence/infra-e2/4.2-4.5/gpu-v6-c3-rbold/teardown_proof.txt
openspec/changes/rl-infra-spec/evidence/infra-e2/4.2-4.5/preflight-cpu-20260930/end_utc.txt	21	9eb4631736653ed36828e30b3c5b62c2a3b1f67c9b9d1ef26632967043707327	yeto-evidence-archive	/openspec/changes/rl-infra-spec/evidence/infra-e2/4.2-4.5/preflight-cpu-20260930/end_utc.txt
openspec/changes/rl-infra-spec/evidence/infra-e2/4.2-4.5/preflight-cpu-20260930/rc.txt	5	93ff7811a209e2a8479230bbb9b6bc19f7f311d3af383ec350c1db2a7e7d5494	yeto-evidence-archive	/openspec/changes/rl-infra-spec/evidence/infra-e2/4.2-4.5/preflight-cpu-20260930/rc.txt
openspec/changes/rl-infra-spec/evidence/infra-e2/4.2-4.5/preflight-cpu-20260930/result-c1.json	3169	0a403009e5fee1b5cc298725d6cb50f8e92e826f05d16931e367e16b34dfdca3	yeto-evidence-archive	/openspec/changes/rl-infra-spec/evidence/infra-e2/4.2-4.5/preflight-cpu-20260930/result-c1.json
openspec/changes/rl-infra-spec/evidence/infra-e2/4.2-4.5/preflight-cpu-20260930/result-c2.json	3169	cb67242ee7d80dbbbc2b16b7a4ed72d867fb284abc1d862652e66a60bc5c90b5	yeto-evidence-archive	/openspec/changes/rl-infra-spec/evidence/infra-e2/4.2-4.5/preflight-cpu-20260930/result-c2.json
openspec/changes/rl-infra-spec/evidence/infra-e2/4.2-4.5/preflight-cpu-20260930/result-c3-rb.json	3172	9a9ecdc696212ce96690f22b01f796710f64d5e8fba412d5624f65684184795a	yeto-evidence-archive	/openspec/changes/rl-infra-spec/evidence/infra-e2/4.2-4.5/preflight-cpu-20260930/result-c3-rb.json
openspec/changes/rl-infra-spec/evidence/infra-e2/4.2-4.5/preflight-cpu-20260930/sandbox_id.txt	73	16b540adc100cf1e67f6e428dfdebc2609f68f0c13705799382fd0a70aa73b8a	yeto-evidence-archive	/openspec/changes/rl-infra-spec/evidence/infra-e2/4.2-4.5/preflight-cpu-20260930/sandbox_id.txt
openspec/changes/rl-infra-spec/evidence/infra-e2/4.2-4.5/preflight-cpu-20260930/start_utc.txt	21	4e4b2a77a89974a56c9820e6b5666693c0c3a5c032c606b19e8e673942a26175	yeto-evidence-archive	/openspec/changes/rl-infra-spec/evidence/infra-e2/4.2-4.5/preflight-cpu-20260930/start_utc.txt
openspec/changes/rl-infra-spec/evidence/infra-e2/4.2-4.5/preflight-cpu-20260930/stdout.txt	14337	fe0d33ea8012b900c7490a834373a70ecdc3d6eddd041822dd3977376e16f509	yeto-evidence-archive	/openspec/changes/rl-infra-spec/evidence/infra-e2/4.2-4.5/preflight-cpu-20260930/stdout.txt
openspec/changes/rl-infra-spec/evidence/infra-e2/4.2-4.5/preflight-cpu-20260930/teardown_proof.txt	226	39e49de0bb5df8e0f85c12778ef3d4683fc904850c1d7c23b3634aab2074f535	yeto-evidence-archive	/openspec/changes/rl-infra-spec/evidence/infra-e2/4.2-4.5/preflight-cpu-20260930/teardown_proof.txt
openspec/changes/rl-infra-spec/evidence/infra-e2/4.2-4.5/preflight-t4-20260930/end_utc.txt	21	817734ad62454a6dd983ca9efc2851236ae81b0f0c8240628be0c71e60291e6e	yeto-evidence-archive	/openspec/changes/rl-infra-spec/evidence/infra-e2/4.2-4.5/preflight-t4-20260930/end_utc.txt
openspec/changes/rl-infra-spec/evidence/infra-e2/4.2-4.5/preflight-t4-20260930/rc.txt	5	93ff7811a209e2a8479230bbb9b6bc19f7f311d3af383ec350c1db2a7e7d5494	yeto-evidence-archive	/openspec/changes/rl-infra-spec/evidence/infra-e2/4.2-4.5/preflight-t4-20260930/rc.txt
openspec/changes/rl-infra-spec/evidence/infra-e2/4.2-4.5/preflight-t4-20260930/result-c1.json	4010	15d13d4019e767d9017e23bbe40c644bb29841634e5d9b816c31c94d2e5b3998	yeto-evidence-archive	/openspec/changes/rl-infra-spec/evidence/infra-e2/4.2-4.5/preflight-t4-20260930/result-c1.json
openspec/changes/rl-infra-spec/evidence/infra-e2/4.2-4.5/preflight-t4-20260930/result-c2.json	4010	b3799586d3a9b2ef8dfa62ae0253d1469fc439c0b4513bc725585a747ac418f3	yeto-evidence-archive	/openspec/changes/rl-infra-spec/evidence/infra-e2/4.2-4.5/preflight-t4-20260930/result-c2.json
openspec/changes/rl-infra-spec/evidence/infra-e2/4.2-4.5/preflight-t4-20260930/result-c3-rb.json	4049	9e4a7c5db9e5e15c00518eb265c441e47bed63f9c7b77299f8cb9058d694a515	yeto-evidence-archive	/openspec/changes/rl-infra-spec/evidence/infra-e2/4.2-4.5/preflight-t4-20260930/result-c3-rb.json
openspec/changes/rl-infra-spec/evidence/infra-e2/4.2-4.5/preflight-t4-20260930/sandbox_id.txt	73	962c9fed0275386c0d157af25a334460120ae4da5f236ce5f953615024e56e87	yeto-evidence-archive	/openspec/changes/rl-infra-spec/evidence/infra-e2/4.2-4.5/preflight-t4-20260930/sandbox_id.txt
openspec/changes/rl-infra-spec/evidence/infra-e2/4.2-4.5/preflight-t4-20260930/start_utc.txt	21	5026628beb08ac08c14e43286be286c96ca55c27e5e43c1192a320a368d84a96	yeto-evidence-archive	/openspec/changes/rl-infra-spec/evidence/infra-e2/4.2-4.5/preflight-t4-20260930/start_utc.txt
openspec/changes/rl-infra-spec/evidence/infra-e2/4.2-4.5/preflight-t4-20260930/stdout_tail.txt	16722	ecc8190bc627f9592965e4760ee2a681c97864c35bb70e2ccbc5dc904a59c38a	yeto-evidence-archive	/openspec/changes/rl-infra-spec/evidence/infra-e2/4.2-4.5/preflight-t4-20260930/stdout_tail.txt
openspec/changes/rl-infra-spec/evidence/infra-e2/4.2-4.5/preflight-t4-20260930/teardown_proof.txt	449	0015bfb6be6a9709111cba4765849eb7555da67d53699fbdbfbf1a770db2a8a1	yeto-evidence-archive	/openspec/changes/rl-infra-spec/evidence/infra-e2/4.2-4.5/preflight-t4-20260930/teardown_proof.txt
openspec/changes/rl-infra-spec/evidence/infra-e2/4.2-4.5/preflight-t4-v6/result-c1.json	4050	8f5dcb381858972d6e5dac414c647a76e29e33f98011588e9e73a07cb0ae8778	yeto-evidence-archive	/openspec/changes/rl-infra-spec/evidence/infra-e2/4.2-4.5/preflight-t4-v6/result-c1.json
openspec/changes/rl-infra-spec/evidence/infra-e2/4.2-4.5/preflight-t4-v6/result-c2.json	4050	c4915699a533ab917d717d88938ea056468a0429160fa18308445d8e44ff3caa	yeto-evidence-archive	/openspec/changes/rl-infra-spec/evidence/infra-e2/4.2-4.5/preflight-t4-v6/result-c2.json
openspec/changes/rl-infra-spec/evidence/infra-e2/4.2-4.5/preflight-t4-v6/result-c3-rb.json	4077	1489e0e010e01df916bbeba4a9f65a740d2d0f10bd0ba9718ebe09eb95eae0e1	yeto-evidence-archive	/openspec/changes/rl-infra-spec/evidence/infra-e2/4.2-4.5/preflight-t4-v6/result-c3-rb.json
openspec/changes/rl-infra-spec/evidence/infra-e2/4.2-4.5/preflight-t4-v6/sandbox_id.txt	73	57c9bd42754d775cfe1d9cc3e80ffb05ad9c9b34d57268d283ea22bb9cfa270a	yeto-evidence-archive	/openspec/changes/rl-infra-spec/evidence/infra-e2/4.2-4.5/preflight-t4-v6/sandbox_id.txt
openspec/changes/rl-infra-spec/evidence/infra-e2/4.2-4.5/preflight-t4-v6/teardown_proof.txt	206	d652a9dc3bd5545091c6cdf74ce5e793f00d8e3cdb0daa687fb6483c0461c01b	yeto-evidence-archive	/openspec/changes/rl-infra-spec/evidence/infra-e2/4.2-4.5/preflight-t4-v6/teardown_proof.txt
openspec/changes/rl-infra-spec/evidence/infra-e3/a8-attempt1-paused/app_stopped.txt	47	1b617332890beeafa32c70f6680e92cf75027049fcca9ffd1e97805a5f013aca	yeto-evidence-archive	/openspec/changes/rl-infra-spec/evidence/infra-e3/a8-attempt1-paused/app_stopped.txt
openspec/changes/rl-infra-spec/evidence/infra-e3/a8-attempt1-paused/local_dry.json	4362	c50f461f8da82e74d0acd480f6828ab409edfec5f41781364dd97bd1b42306ad	yeto-evidence-archive	/openspec/changes/rl-infra-spec/evidence/infra-e3/a8-attempt1-paused/local_dry.json
openspec/changes/rl-infra-spec/evidence/infra-e3/a8-attempt1-paused/modal_app_list_after.txt	95	24db0cd98d21935ff33e64c88a8ce4817b556d3d5c4432e61496be9f4037c559	yeto-evidence-archive	/openspec/changes/rl-infra-spec/evidence/infra-e3/a8-attempt1-paused/modal_app_list_after.txt
openspec/changes/rl-infra-spec/evidence/infra-e3/a8-attempt1-paused/resources.txt	76	e8e718f61e83df3cb6167f4b53e735d0b955459727444d5c3e345df760c8ae28	yeto-evidence-archive	/openspec/changes/rl-infra-spec/evidence/infra-e3/a8-attempt1-paused/resources.txt
openspec/changes/rl-infra-spec/evidence/infra-e3/a8-attempt1-paused/start_utc.txt	21	305942a19474a5a9397c22daff674484b89779ac9de2e2460c5e5b562c0edcdd	yeto-evidence-archive	/openspec/changes/rl-infra-spec/evidence/infra-e3/a8-attempt1-paused/start_utc.txt
openspec/changes/rl-infra-spec/evidence/infra-e3/a8-attempt1-paused/threads_at_start.txt	34	3e788c43c69725ca60b15a5e01f2b0090d100f9e5556072ad245e10b0bb3e522	yeto-evidence-archive	/openspec/changes/rl-infra-spec/evidence/infra-e3/a8-attempt1-paused/threads_at_start.txt
openspec/changes/rl-infra-spec/evidence/infra-e3/a8-run2/app_stopped.txt	47	75dcd09000446a1299ffa6a132ed2203e7b6502d43ac4a355eb8aa7cc192a86e	yeto-evidence-archive	/openspec/changes/rl-infra-spec/evidence/infra-e3/a8-run2/app_stopped.txt
openspec/changes/rl-infra-spec/evidence/infra-e3/a8-run2/arms/A1.events.jsonl.gz	2244	7426c08cf3b917383176afb7a5235bd7074a98da8f3c98b745a9ed13473b19de	yeto-evidence-archive	/openspec/changes/rl-infra-spec/evidence/infra-e3/a8-run2/arms/A1.events.jsonl.gz
openspec/changes/rl-infra-spec/evidence/infra-e3/a8-run2/arms/A2.events.jsonl.gz	2445	bcf5010256f0a08a816c63de35049fb328bf32a165f21ce8f4071a00117be5ae	yeto-evidence-archive	/openspec/changes/rl-infra-spec/evidence/infra-e3/a8-run2/arms/A2.events.jsonl.gz
openspec/changes/rl-infra-spec/evidence/infra-e3/a8-run2/arms/B1.events.jsonl.gz	6231	2c621631bf20188b4b658b2fbf04fdb657c351384dab041819c0dd7f1e7ac8a1	yeto-evidence-archive	/openspec/changes/rl-infra-spec/evidence/infra-e3/a8-run2/arms/B1.events.jsonl.gz
openspec/changes/rl-infra-spec/evidence/infra-e3/a8-run2/arms/B1p.events.jsonl.gz	5169	95e2268488d538efb705407c20e67185947112a53f26c41759caf9f18b19baf2	yeto-evidence-archive	/openspec/changes/rl-infra-spec/evidence/infra-e3/a8-run2/arms/B1p.events.jsonl.gz
openspec/changes/rl-infra-spec/evidence/infra-e3/a8-run2/arms/B2.events.jsonl.gz	5388	862557fafc5246e571da57111ed3621e151b4f0fa937d30f3fe4f1826508e0ae	yeto-evidence-archive	/openspec/changes/rl-infra-spec/evidence/infra-e3/a8-run2/arms/B2.events.jsonl.gz
openspec/changes/rl-infra-spec/evidence/infra-e3/a8-run2/arms/RT.events.jsonl.gz	3959	dd4cfa13fbbdc0960856ab8db3e1ce8fc5a19ed1ba8c27bf13f2c5605d1c8164	yeto-evidence-archive	/openspec/changes/rl-infra-spec/evidence/infra-e3/a8-run2/arms/RT.events.jsonl.gz
openspec/changes/rl-infra-spec/evidence/infra-e3/a8-run2/container.log.gz	9947	a650594dbaea2a0de94c3542fa3d8db8ba3eb689d3be70f7645e33c5c588a69f	yeto-evidence-archive	/openspec/changes/rl-infra-spec/evidence/infra-e3/a8-run2/container.log.gz
openspec/changes/rl-infra-spec/evidence/infra-e3/a8-run2/end_utc.txt	21	62003611938a0e756c7655de7c9e35d8b0cefe57d7187bc6fdbb099736868707	yeto-evidence-archive	/openspec/changes/rl-infra-spec/evidence/infra-e3/a8-run2/end_utc.txt
openspec/changes/rl-infra-spec/evidence/infra-e3/a8-run2/gpus.txt	66	6a6161bd3e0b2351f8a03193645665304eee7a789ba87f58d8eb468153e3057c	yeto-evidence-archive	/openspec/changes/rl-infra-spec/evidence/infra-e3/a8-run2/gpus.txt
openspec/changes/rl-infra-spec/evidence/infra-e3/a8-run2/local_dry.json	4362	c50f461f8da82e74d0acd480f6828ab409edfec5f41781364dd97bd1b42306ad	yeto-evidence-archive	/openspec/changes/rl-infra-spec/evidence/infra-e3/a8-run2/local_dry.json
openspec/changes/rl-infra-spec/evidence/infra-e3/a8-run2/miles_args.arm.A1.json	4467	06c21b48b5e3628409bac49ea651dd6331a7165713cacc92013518896ba2b65f	yeto-evidence-archive	/openspec/changes/rl-infra-spec/evidence/infra-e3/a8-run2/miles_args.arm.A1.json
openspec/changes/rl-infra-spec/evidence/infra-e3/a8-run2/miles_args.arm.A2.json	4467	06c21b48b5e3628409bac49ea651dd6331a7165713cacc92013518896ba2b65f	yeto-evidence-archive	/openspec/changes/rl-infra-spec/evidence/infra-e3/a8-run2/miles_args.arm.A2.json
openspec/changes/rl-infra-spec/evidence/infra-e3/a8-run2/miles_args.arm.B1.json	4467	06c21b48b5e3628409bac49ea651dd6331a7165713cacc92013518896ba2b65f	yeto-evidence-archive	/openspec/changes/rl-infra-spec/evidence/infra-e3/a8-run2/miles_args.arm.B1.json
openspec/changes/rl-infra-spec/evidence/infra-e3/a8-run2/miles_args.arm.B1p.json	4467	06c21b48b5e3628409bac49ea651dd6331a7165713cacc92013518896ba2b65f	yeto-evidence-archive	/openspec/changes/rl-infra-spec/evidence/infra-e3/a8-run2/miles_args.arm.B1p.json
openspec/changes/rl-infra-spec/evidence/infra-e3/a8-run2/miles_args.arm.B2.json	4467	06c21b48b5e3628409bac49ea651dd6331a7165713cacc92013518896ba2b65f	yeto-evidence-archive	/openspec/changes/rl-infra-spec/evidence/infra-e3/a8-run2/miles_args.arm.B2.json
openspec/changes/rl-infra-spec/evidence/infra-e3/a8-run2/miles_args.arm.RT.json	4467	06c21b48b5e3628409bac49ea651dd6331a7165713cacc92013518896ba2b65f	yeto-evidence-archive	/openspec/changes/rl-infra-spec/evidence/infra-e3/a8-run2/miles_args.arm.RT.json
openspec/changes/rl-infra-spec/evidence/infra-e3/a8-run2/miles_args.dry.json	4467	06c21b48b5e3628409bac49ea651dd6331a7165713cacc92013518896ba2b65f	yeto-evidence-archive	/openspec/changes/rl-infra-spec/evidence/infra-e3/a8-run2/miles_args.dry.json
openspec/changes/rl-infra-spec/evidence/infra-e3/a8-run2/miles_args.gen.json	4467	06c21b48b5e3628409bac49ea651dd6331a7165713cacc92013518896ba2b65f	yeto-evidence-archive	/openspec/changes/rl-infra-spec/evidence/infra-e3/a8-run2/miles_args.gen.json
openspec/changes/rl-infra-spec/evidence/infra-e3/a8-run2/modal_app_list_after.txt	95	d3f0a85b5b166972fad73b1c306e9ac4219d3129eb6a97395f2adfcb7868940f	yeto-evidence-archive	/openspec/changes/rl-infra-spec/evidence/infra-e3/a8-run2/modal_app_list_after.txt
openspec/changes/rl-infra-spec/evidence/infra-e3/a8-run2/packed_index.json	12553	592224d8cccb7e54da66ece8fed4b8d024774ca3b9ed2d063f57198418b3fe82	yeto-evidence-archive	/openspec/changes/rl-infra-spec/evidence/infra-e3/a8-run2/packed_index.json
openspec/changes/rl-infra-spec/evidence/infra-e3/a8-run2/pull_report_fsapi.json	262	180a3ae4ca1f5da911a587383e71c32911d0576334bd285c8c6ad88ac35ebd88	yeto-evidence-archive	/openspec/changes/rl-infra-spec/evidence/infra-e3/a8-run2/pull_report_fsapi.json
openspec/changes/rl-infra-spec/evidence/infra-e3/a8-run2/pull_report_legacy_api.json	555	5e72cca192a43b26ce63c97679e94fae11079f9ec89e419efcb5bae544f2d45e	yeto-evidence-archive	/openspec/changes/rl-infra-spec/evidence/infra-e3/a8-run2/pull_report_legacy_api.json
openspec/changes/rl-infra-spec/evidence/infra-e3/a8-run2/resources.txt	76	e8e11ae480980de3ad078ce0c5b81ae5cc995f84b77ab67f6f16c6935f0baf4c	yeto-evidence-archive	/openspec/changes/rl-infra-spec/evidence/infra-e3/a8-run2/resources.txt
openspec/changes/rl-infra-spec/evidence/infra-e3/a8-run2/returncode.txt	1	5feceb66ffc86f38d952786c6d696c79c2dbc239dd4e91b46729d73a27fb57e9	yeto-evidence-archive	/openspec/changes/rl-infra-spec/evidence/infra-e3/a8-run2/returncode.txt
openspec/changes/rl-infra-spec/evidence/infra-e3/a8-run2/start_utc.txt	21	cab1470bad04abd9117c0b7b362533126229267a7a505bafd68cfa0d502215c7	yeto-evidence-archive	/openspec/changes/rl-infra-spec/evidence/infra-e3/a8-run2/start_utc.txt
openspec/changes/rl-infra-spec/evidence/infra-e3/a8-run2/threads_at_start.txt	34	58a20330277c125dd2bf31c10354ca55c78d016792a342c37406fb635608237e	yeto-evidence-archive	/openspec/changes/rl-infra-spec/evidence/infra-e3/a8-run2/threads_at_start.txt
openspec/changes/rl-infra-spec/evidence/infra-e3/dev-gather-run2/app_stopped.txt	47	30b69e49538b5a018c5c794129f4b8792828ce735453237c0d6d3bde3533cabb	yeto-evidence-archive	/openspec/changes/rl-infra-spec/evidence/infra-e3/dev-gather-run2/app_stopped.txt
openspec/changes/rl-infra-spec/evidence/infra-e3/dev-gather-run2/end_utc.txt	21	66a0d653d042765e929789b08a7ae6057544cf90f8d88005e69b285ac5595273	yeto-evidence-archive	/openspec/changes/rl-infra-spec/evidence/infra-e3/dev-gather-run2/end_utc.txt
openspec/changes/rl-infra-spec/evidence/infra-e3/dev-gather-run2/modal_app_list_after.txt	190	6b4030c335abab1f974d2c081d0ddf4f146a8aa8a2a34a83d04f883c5fb6f803	yeto-evidence-archive	/openspec/changes/rl-infra-spec/evidence/infra-e3/dev-gather-run2/modal_app_list_after.txt
openspec/changes/rl-infra-spec/evidence/infra-e3/dev-gather-run2/resources.txt	84	5041000be1c36c94ac8f6fad7399f09886107ee0763172173e173244406df394	yeto-evidence-archive	/openspec/changes/rl-infra-spec/evidence/infra-e3/dev-gather-run2/resources.txt
openspec/changes/rl-infra-spec/evidence/infra-e3/dev-gather-run2/returncode.txt	1	4e07408562bedb8b60ce05c1decfe3ad16b72230967de01f640b7e4729b49fce	yeto-evidence-archive	/openspec/changes/rl-infra-spec/evidence/infra-e3/dev-gather-run2/returncode.txt
openspec/changes/rl-infra-spec/evidence/infra-e3/dev-gather-run2/start_utc.txt	21	9aff47cdbc37561a1170d5e7ab95100f016bf77a93c40c9ad37dc20028673a3d	yeto-evidence-archive	/openspec/changes/rl-infra-spec/evidence/infra-e3/dev-gather-run2/start_utc.txt
openspec/changes/rl-infra-spec/evidence/infra-e3/dev-gather-run2/stderr_head.txt	0	e3b0c44298fc1c149afbf4c8996fb92427ae41e4649b934ca495991b7852b855	yeto-evidence-archive	/openspec/changes/rl-infra-spec/evidence/infra-e3/dev-gather-run2/stderr_head.txt
openspec/changes/rl-infra-spec/evidence/infra-e3/dev-gather-run2/stdout.txt	65	7a73d04ad76e00af85931ac45fda94e6d17a71acf0df1dacbbf0354988e5cea9	yeto-evidence-archive	/openspec/changes/rl-infra-spec/evidence/infra-e3/dev-gather-run2/stdout.txt
openspec/changes/rl-infra-spec/evidence/infra-e3/dev-gather-run2/threads_at_start.txt	34	6fbffb079c145f6c600bd5faaca812536b37629273320cf02faf334832af8149	yeto-evidence-archive	/openspec/changes/rl-infra-spec/evidence/infra-e3/dev-gather-run2/threads_at_start.txt
openspec/changes/rl-infra-spec/evidence/infra-e3/dev-gather-run3/app_stopped.txt	47	878a6e14acda50b5d2bc89a5338f23d0555b785d17fbb5164628393d00c05d7e	yeto-evidence-archive	/openspec/changes/rl-infra-spec/evidence/infra-e3/dev-gather-run3/app_stopped.txt
openspec/changes/rl-infra-spec/evidence/infra-e3/dev-gather-run3/end_utc.txt	21	121cf91e79b1cb7ac76f2d68707ea05ad80a2dc79d7b3a599d913c774bff030a	yeto-evidence-archive	/openspec/changes/rl-infra-spec/evidence/infra-e3/dev-gather-run3/end_utc.txt
openspec/changes/rl-infra-spec/evidence/infra-e3/dev-gather-run3/resources.txt	84	789ec6956bbb06e88f28aabd09b4a889738ac1749a3425d79381d3c0b417bafd	yeto-evidence-archive	/openspec/changes/rl-infra-spec/evidence/infra-e3/dev-gather-run3/resources.txt
openspec/changes/rl-infra-spec/evidence/infra-e3/dev-gather-run3/returncode.txt	3	d80eae6e96d148b3b2abbbc6760077b66c4ea071f847dab573d507a32c4d99a5	yeto-evidence-archive	/openspec/changes/rl-infra-spec/evidence/infra-e3/dev-gather-run3/returncode.txt
openspec/changes/rl-infra-spec/evidence/infra-e3/dev-gather-run3/server_error_lines.txt	5	de550de1b99675b6f1c530e8d01ec96fc49387eca362302b65c80849fa69f089	yeto-evidence-archive	/openspec/changes/rl-infra-spec/evidence/infra-e3/dev-gather-run3/server_error_lines.txt
openspec/changes/rl-infra-spec/evidence/infra-e3/dev-gather-run3/start_utc.txt	21	e10d65f61405eb88a8a274a53d41ab8e0be6eee3a76e3989304f0c0efccb9bfc	yeto-evidence-archive	/openspec/changes/rl-infra-spec/evidence/infra-e3/dev-gather-run3/start_utc.txt
openspec/changes/rl-infra-spec/evidence/infra-e3/dev-gather-run3/stderr_head.txt	6000	36a2d80ab8309c2132a39ef451902341a02d509c7359ff81f7e82f46c5bccb41	yeto-evidence-archive	/openspec/changes/rl-infra-spec/evidence/infra-e3/dev-gather-run3/stderr_head.txt
openspec/changes/rl-infra-spec/evidence/infra-e3/dev-gather-run3/stdout_tail_filtered.txt	4802	312aaa8198b583a641b4986ff908ee965b9cbd1d06203f7546cf91cd65dc69fa	yeto-evidence-archive	/openspec/changes/rl-infra-spec/evidence/infra-e3/dev-gather-run3/stdout_tail_filtered.txt
openspec/changes/rl-infra-spec/evidence/infra-e3/dev-gather-run3/threads_at_start.txt	34	584ca225f96acf79978c572444d0a0a81307b017a04f2b6221c5d537340057f8	yeto-evidence-archive	/openspec/changes/rl-infra-spec/evidence/infra-e3/dev-gather-run3/threads_at_start.txt
openspec/changes/rl-infra-spec/evidence/infra-e3/dev-gather-run4/app_stopped.txt	47	fd1a6fbc2bbc52d62b54688675710f3ce3f13160c0e70be3ec8d563f9190ba08	yeto-evidence-archive	/openspec/changes/rl-infra-spec/evidence/infra-e3/dev-gather-run4/app_stopped.txt
openspec/changes/rl-infra-spec/evidence/infra-e3/dev-gather-run4/first_error.txt	4932	ff6b483deaed31f6242acec7cb3e246b2510038a6ea04134b694f573f5500ffb	yeto-evidence-archive	/openspec/changes/rl-infra-spec/evidence/infra-e3/dev-gather-run4/first_error.txt
openspec/changes/rl-infra-spec/evidence/infra-e3/dev-gather-run4/gen.log.gz	41506	8f369babb2bfecff088fa092a38a4dc18c42382733f0765b3d3bf4aad134982e	yeto-evidence-archive	/openspec/changes/rl-infra-spec/evidence/infra-e3/dev-gather-run4/gen.log.gz
openspec/changes/rl-infra-spec/evidence/infra-e3/dev-gather-run4/gpus.txt	44	b7938a42d2b856c0c4b5d266dda692b4ef4b25a3176698e59958e277222cfb08	yeto-evidence-archive	/openspec/changes/rl-infra-spec/evidence/infra-e3/dev-gather-run4/gpus.txt
openspec/changes/rl-infra-spec/evidence/infra-e3/dev-gather-run4/miles_args.dry.json	4441	a1fcf0d8aa2654dc1b889119dc23ee0c39c7bea142e0b43208dfb336253e97ff	yeto-evidence-archive	/openspec/changes/rl-infra-spec/evidence/infra-e3/dev-gather-run4/miles_args.dry.json
openspec/changes/rl-infra-spec/evidence/infra-e3/dev-gather-run4/miles_args.gen.json	4441	a1fcf0d8aa2654dc1b889119dc23ee0c39c7bea142e0b43208dfb336253e97ff	yeto-evidence-archive	/openspec/changes/rl-infra-spec/evidence/infra-e3/dev-gather-run4/miles_args.gen.json
openspec/changes/rl-infra-spec/evidence/infra-e3/dev-gather-run4/modal_app_list_after.txt	95	0c246c2213558ff063980c534bd66853b0e19637c513a4bded5a425cda47d587	yeto-evidence-archive	/openspec/changes/rl-infra-spec/evidence/infra-e3/dev-gather-run4/modal_app_list_after.txt
openspec/changes/rl-infra-spec/evidence/infra-e3/dev-gather-run4/resources.txt	84	56d40c19ebdca796cb8e43de23a7672952690b148d6fa96d38ef05ee744ecf68	yeto-evidence-archive	/openspec/changes/rl-infra-spec/evidence/infra-e3/dev-gather-run4/resources.txt
openspec/changes/rl-infra-spec/evidence/infra-e3/dev-gather-run4/returncode.txt	1	7902699be42c8a8e46fbbb4501726517e86b22c56a189f7625a6da49081b2451	yeto-evidence-archive	/openspec/changes/rl-infra-spec/evidence/infra-e3/dev-gather-run4/returncode.txt
openspec/changes/rl-infra-spec/evidence/infra-e3/dev-gather-run4/threads_at_start.txt	34	9102991db86fb22716a490a3fd42f99c8079e75ebe1e437145586b3565b214d9	yeto-evidence-archive	/openspec/changes/rl-infra-spec/evidence/infra-e3/dev-gather-run4/threads_at_start.txt
openspec/changes/rl-infra-spec/evidence/infra-e3/dev-gather-run5/app_stopped.txt	47	5937b3fe21bfc0a5850d8df8a8458e96db9107f95c4344bf82b124059d28a6d4	yeto-evidence-archive	/openspec/changes/rl-infra-spec/evidence/infra-e3/dev-gather-run5/app_stopped.txt
openspec/changes/rl-infra-spec/evidence/infra-e3/dev-gather-run5/first_error.txt	10856	c9ba52b292a4d06ccc261cd67d24208837b1add908ebed9d67d7b769fddde876	yeto-evidence-archive	/openspec/changes/rl-infra-spec/evidence/infra-e3/dev-gather-run5/first_error.txt
openspec/changes/rl-infra-spec/evidence/infra-e3/dev-gather-run5/gen.log.gz	43739	bc88acef0f37de85213b936a8b8fe09a42cd2970f6983191c015eadb2a7c79d6	yeto-evidence-archive	/openspec/changes/rl-infra-spec/evidence/infra-e3/dev-gather-run5/gen.log.gz
openspec/changes/rl-infra-spec/evidence/infra-e3/dev-gather-run5/gpus.txt	44	b7938a42d2b856c0c4b5d266dda692b4ef4b25a3176698e59958e277222cfb08	yeto-evidence-archive	/openspec/changes/rl-infra-spec/evidence/infra-e3/dev-gather-run5/gpus.txt
openspec/changes/rl-infra-spec/evidence/infra-e3/dev-gather-run5/miles_args.gen.json	4441	a1fcf0d8aa2654dc1b889119dc23ee0c39c7bea142e0b43208dfb336253e97ff	yeto-evidence-archive	/openspec/changes/rl-infra-spec/evidence/infra-e3/dev-gather-run5/miles_args.gen.json
openspec/changes/rl-infra-spec/evidence/infra-e3/dev-gather-run5/modal_app_list_after.txt	95	47c36dcfe41e9f41f36570a2703360cfb7d9732065217f9396c0d3b934c79361	yeto-evidence-archive	/openspec/changes/rl-infra-spec/evidence/infra-e3/dev-gather-run5/modal_app_list_after.txt
openspec/changes/rl-infra-spec/evidence/infra-e3/dev-gather-run5/resources.txt	84	303a6b70b516d818930680a5672250e335a7d0aab4b828cdebcba2031920b711	yeto-evidence-archive	/openspec/changes/rl-infra-spec/evidence/infra-e3/dev-gather-run5/resources.txt
openspec/changes/rl-infra-spec/evidence/infra-e3/dev-gather-run5/returncode.txt	1	7902699be42c8a8e46fbbb4501726517e86b22c56a189f7625a6da49081b2451	yeto-evidence-archive	/openspec/changes/rl-infra-spec/evidence/infra-e3/dev-gather-run5/returncode.txt
openspec/changes/rl-infra-spec/evidence/infra-e3/dev-gather-run5/threads_at_start.txt	34	8dc496837ef972ca502f39838a510c00d0eb289230fb2dcc1c22b39cc6f35982	yeto-evidence-archive	/openspec/changes/rl-infra-spec/evidence/infra-e3/dev-gather-run5/threads_at_start.txt
openspec/changes/rl-infra-spec/evidence/infra-e3/dev-gather-run6/A1.log.gz	23811	062f43b2e8253f22f8f86e507d1f26895e93b247eb69dfd647de72068e8806b2	yeto-evidence-archive	/openspec/changes/rl-infra-spec/evidence/infra-e3/dev-gather-run6/A1.log.gz
openspec/changes/rl-infra-spec/evidence/infra-e3/dev-gather-run6/A1_events.jsonl	183	e8fd83f8b415e1db8a1debb12d55d22eaaf036c2e79f62535a447b35b014edce	yeto-evidence-archive	/openspec/changes/rl-infra-spec/evidence/infra-e3/dev-gather-run6/A1_events.jsonl
openspec/changes/rl-infra-spec/evidence/infra-e3/dev-gather-run6/app_stopped.txt	47	23a2d449a6075e1ac018b753387c8c93bc2a24d15c7c8a3ec1c68d4b40fd6ad8	yeto-evidence-archive	/openspec/changes/rl-infra-spec/evidence/infra-e3/dev-gather-run6/app_stopped.txt
openspec/changes/rl-infra-spec/evidence/infra-e3/dev-gather-run6/first_error.txt	4032	a342b8bd2f31363d361bf7b7eddfe2ab3e0ad9468d7c9850e37b2537be9d1338	yeto-evidence-archive	/openspec/changes/rl-infra-spec/evidence/infra-e3/dev-gather-run6/first_error.txt
openspec/changes/rl-infra-spec/evidence/infra-e3/dev-gather-run6/gen.log.gz	55886	37e688f617def1df296486197903d01f74a98978bdbab848723b3212a426737c	yeto-evidence-archive	/openspec/changes/rl-infra-spec/evidence/infra-e3/dev-gather-run6/gen.log.gz
openspec/changes/rl-infra-spec/evidence/infra-e3/dev-gather-run6/gpus.txt	44	b7938a42d2b856c0c4b5d266dda692b4ef4b25a3176698e59958e277222cfb08	yeto-evidence-archive	/openspec/changes/rl-infra-spec/evidence/infra-e3/dev-gather-run6/gpus.txt
openspec/changes/rl-infra-spec/evidence/infra-e3/dev-gather-run6/miles_args.arm.A1.json	4441	a1fcf0d8aa2654dc1b889119dc23ee0c39c7bea142e0b43208dfb336253e97ff	yeto-evidence-archive	/openspec/changes/rl-infra-spec/evidence/infra-e3/dev-gather-run6/miles_args.arm.A1.json
openspec/changes/rl-infra-spec/evidence/infra-e3/dev-gather-run6/miles_args.gen.json	4441	a1fcf0d8aa2654dc1b889119dc23ee0c39c7bea142e0b43208dfb336253e97ff	yeto-evidence-archive	/openspec/changes/rl-infra-spec/evidence/infra-e3/dev-gather-run6/miles_args.gen.json
openspec/changes/rl-infra-spec/evidence/infra-e3/dev-gather-run6/modal_app_list_after.txt	95	05e138264e72774ad49e06f8efa1f9fee4bd01190371ad1b929f92792164d2a6	yeto-evidence-archive	/openspec/changes/rl-infra-spec/evidence/infra-e3/dev-gather-run6/modal_app_list_after.txt
openspec/changes/rl-infra-spec/evidence/infra-e3/dev-gather-run6/resources.txt	84	f75fc55f9c14ec61855a46a19e38f0384b27b331a71c6f2a4861d489313f9a21	yeto-evidence-archive	/openspec/changes/rl-infra-spec/evidence/infra-e3/dev-gather-run6/resources.txt
openspec/changes/rl-infra-spec/evidence/infra-e3/dev-gather-run6/returncode.txt	1	7902699be42c8a8e46fbbb4501726517e86b22c56a189f7625a6da49081b2451	yeto-evidence-archive	/openspec/changes/rl-infra-spec/evidence/infra-e3/dev-gather-run6/returncode.txt
openspec/changes/rl-infra-spec/evidence/infra-e3/dev-gather-run6/threads_at_start.txt	34	81e27a2f4ac6a5938b7afe502d9996bfe3ac61317418a89e978e7bd9c7483d41	yeto-evidence-archive	/openspec/changes/rl-infra-spec/evidence/infra-e3/dev-gather-run6/threads_at_start.txt
openspec/changes/rl-infra-spec/evidence/infra-e3/dev-gather-run7/app_stopped.txt	47	1b1589875dd71db180f523c0a387ed701ad9c601a8fe60caed93963556e144db	yeto-evidence-archive	/openspec/changes/rl-infra-spec/evidence/infra-e3/dev-gather-run7/app_stopped.txt
openspec/changes/rl-infra-spec/evidence/infra-e3/dev-gather-run7/arms/A1.events.jsonl.gz	2247	47c22d0296fe1ad4d0bc72bc60daa0b337d900b77ce1f3698a1cb192a94f13ee	yeto-evidence-archive	/openspec/changes/rl-infra-spec/evidence/infra-e3/dev-gather-run7/arms/A1.events.jsonl.gz
openspec/changes/rl-infra-spec/evidence/infra-e3/dev-gather-run7/arms/A2.events.jsonl.gz	2445	88f3780d16c25714a3342688d5b7ee31a3bd5053bc4cb776e7133117c42ac3d7	yeto-evidence-archive	/openspec/changes/rl-infra-spec/evidence/infra-e3/dev-gather-run7/arms/A2.events.jsonl.gz
openspec/changes/rl-infra-spec/evidence/infra-e3/dev-gather-run7/arms/B1.events.jsonl.gz	6242	01d36055ff2b003c4f5a5b21f83f1f1b8fe70cc0787e03eb70081d85739dbea3	yeto-evidence-archive	/openspec/changes/rl-infra-spec/evidence/infra-e3/dev-gather-run7/arms/B1.events.jsonl.gz
openspec/changes/rl-infra-spec/evidence/infra-e3/dev-gather-run7/arms/B1p.events.jsonl.gz	5162	acd787e8c85e62315e32d3f65aaddff7125f38890ae3aa275a1b0721d16b6ba9	yeto-evidence-archive	/openspec/changes/rl-infra-spec/evidence/infra-e3/dev-gather-run7/arms/B1p.events.jsonl.gz
openspec/changes/rl-infra-spec/evidence/infra-e3/dev-gather-run7/arms/B2.events.jsonl.gz	5390	819ee0ee5e4d0ee458b88eccbac3ad8675535c2f237afb7be0e533a1be388184	yeto-evidence-archive	/openspec/changes/rl-infra-spec/evidence/infra-e3/dev-gather-run7/arms/B2.events.jsonl.gz
openspec/changes/rl-infra-spec/evidence/infra-e3/dev-gather-run7/arms/RT.events.jsonl.gz	3966	2f0573ee866b911cacc5410c60ec03dd95b7468e49f6cfa775db4654e589a1e4	yeto-evidence-archive	/openspec/changes/rl-infra-spec/evidence/infra-e3/dev-gather-run7/arms/RT.events.jsonl.gz
openspec/changes/rl-infra-spec/evidence/infra-e3/dev-gather-run7/gpus.txt	44	b7938a42d2b856c0c4b5d266dda692b4ef4b25a3176698e59958e277222cfb08	yeto-evidence-archive	/openspec/changes/rl-infra-spec/evidence/infra-e3/dev-gather-run7/gpus.txt
openspec/changes/rl-infra-spec/evidence/infra-e3/dev-gather-run7/miles_args.arm.A1.json	4441	a1fcf0d8aa2654dc1b889119dc23ee0c39c7bea142e0b43208dfb336253e97ff	yeto-evidence-archive	/openspec/changes/rl-infra-spec/evidence/infra-e3/dev-gather-run7/miles_args.arm.A1.json
openspec/changes/rl-infra-spec/evidence/infra-e3/dev-gather-run7/miles_args.arm.A2.json	4441	a1fcf0d8aa2654dc1b889119dc23ee0c39c7bea142e0b43208dfb336253e97ff	yeto-evidence-archive	/openspec/changes/rl-infra-spec/evidence/infra-e3/dev-gather-run7/miles_args.arm.A2.json
openspec/changes/rl-infra-spec/evidence/infra-e3/dev-gather-run7/miles_args.arm.B1.json	4441	a1fcf0d8aa2654dc1b889119dc23ee0c39c7bea142e0b43208dfb336253e97ff	yeto-evidence-archive	/openspec/changes/rl-infra-spec/evidence/infra-e3/dev-gather-run7/miles_args.arm.B1.json
openspec/changes/rl-infra-spec/evidence/infra-e3/dev-gather-run7/miles_args.arm.B1p.json	4441	a1fcf0d8aa2654dc1b889119dc23ee0c39c7bea142e0b43208dfb336253e97ff	yeto-evidence-archive	/openspec/changes/rl-infra-spec/evidence/infra-e3/dev-gather-run7/miles_args.arm.B1p.json
openspec/changes/rl-infra-spec/evidence/infra-e3/dev-gather-run7/miles_args.arm.B2.json	4441	a1fcf0d8aa2654dc1b889119dc23ee0c39c7bea142e0b43208dfb336253e97ff	yeto-evidence-archive	/openspec/changes/rl-infra-spec/evidence/infra-e3/dev-gather-run7/miles_args.arm.B2.json
openspec/changes/rl-infra-spec/evidence/infra-e3/dev-gather-run7/miles_args.arm.RT.json	4441	a1fcf0d8aa2654dc1b889119dc23ee0c39c7bea142e0b43208dfb336253e97ff	yeto-evidence-archive	/openspec/changes/rl-infra-spec/evidence/infra-e3/dev-gather-run7/miles_args.arm.RT.json
openspec/changes/rl-infra-spec/evidence/infra-e3/dev-gather-run7/miles_args.dry.json	4441	a1fcf0d8aa2654dc1b889119dc23ee0c39c7bea142e0b43208dfb336253e97ff	yeto-evidence-archive	/openspec/changes/rl-infra-spec/evidence/infra-e3/dev-gather-run7/miles_args.dry.json
openspec/changes/rl-infra-spec/evidence/infra-e3/dev-gather-run7/miles_args.gen.json	4441	a1fcf0d8aa2654dc1b889119dc23ee0c39c7bea142e0b43208dfb336253e97ff	yeto-evidence-archive	/openspec/changes/rl-infra-spec/evidence/infra-e3/dev-gather-run7/miles_args.gen.json
openspec/changes/rl-infra-spec/evidence/infra-e3/dev-gather-run7/modal_app_list_after.txt	95	5d776d9a541125830acdacc11ae13a1897ab548279689c3e8cc3535b98502886	yeto-evidence-archive	/openspec/changes/rl-infra-spec/evidence/infra-e3/dev-gather-run7/modal_app_list_after.txt
openspec/changes/rl-infra-spec/evidence/infra-e3/dev-gather-run7/resources.txt	84	d03b12c84b3db00b2f7f61c78a270fb842af2e9fd54ee7458dd6c22ca54f527e	yeto-evidence-archive	/openspec/changes/rl-infra-spec/evidence/infra-e3/dev-gather-run7/resources.txt
openspec/changes/rl-infra-spec/evidence/infra-e3/dev-gather-run7/returncode.txt	1	5feceb66ffc86f38d952786c6d696c79c2dbc239dd4e91b46729d73a27fb57e9	yeto-evidence-archive	/openspec/changes/rl-infra-spec/evidence/infra-e3/dev-gather-run7/returncode.txt
openspec/changes/rl-infra-spec/evidence/infra-e3/dev-gather-run7/threads_at_start.txt	34	8fdb0feefb2b8def9085dbda04f8d1b62dc1ed366ea70f44cd971a6459e6037e	yeto-evidence-archive	/openspec/changes/rl-infra-spec/evidence/infra-e3/dev-gather-run7/threads_at_start.txt
openspec/changes/rl-infra-spec/evidence/infra-v2-b1/a2/O/args.txt	943	cfe2291ebbd4744af5e03cd759731b9644fcdc22019d628c84b46975490dd870	yeto-evidence-archive	/openspec/changes/rl-infra-spec/evidence/infra-v2-b1/a2/O/args.txt
openspec/changes/rl-infra-spec/evidence/infra-v2-b1/a2/O/compute-apps.txt	15763	939c4a18cc313e9cb6f0494f26c5ec204207c1414a99998d7d3e24c83a44b1c5	yeto-evidence-archive	/openspec/changes/rl-infra-spec/evidence/infra-v2-b1/a2/O/compute-apps.txt
openspec/changes/rl-infra-spec/evidence/infra-v2-b1/a2/O/end_utc.txt	21	faca3606121103bbe2470bb725f7c0c7cdccc1a015a64f75b556ef8c8df9a0cf	yeto-evidence-archive	/openspec/changes/rl-infra-spec/evidence/infra-v2-b1/a2/O/end_utc.txt
openspec/changes/rl-infra-spec/evidence/infra-v2-b1/a2/O/gpu.txt	134	b169c6fb76b33fe92c2a734c2b4afa016ae64e3bf21b8187126ec5d8396672eb	yeto-evidence-archive	/openspec/changes/rl-infra-spec/evidence/infra-v2-b1/a2/O/gpu.txt
openspec/changes/rl-infra-spec/evidence/infra-v2-b1/a2/O/launch.log.gz	76674	2ec1289961a75cee43f337cc1463e06af0367a55186a91440faf4dbcf6d30a17	yeto-evidence-archive	/openspec/changes/rl-infra-spec/evidence/infra-v2-b1/a2/O/launch.log.gz
openspec/changes/rl-infra-spec/evidence/infra-v2-b1/a2/O/modal_app.txt	210	1404c70a586f88d1b4010ee76ba4e9a2610e453367b31897dd47389f5ff592f4	yeto-evidence-archive	/openspec/changes/rl-infra-spec/evidence/infra-v2-b1/a2/O/modal_app.txt
openspec/changes/rl-infra-spec/evidence/infra-v2-b1/a2/O/rc.txt	5	93ff7811a209e2a8479230bbb9b6bc19f7f311d3af383ec350c1db2a7e7d5494	yeto-evidence-archive	/openspec/changes/rl-infra-spec/evidence/infra-v2-b1/a2/O/rc.txt
openspec/changes/rl-infra-spec/evidence/infra-v2-b1/a2/O/rl-island-0.jsonl	23159	fbc987d7f29ba5441b0f1a88f67f7a8806965290e5591dc65981c5afb4f2fb56	yeto-evidence-archive	/openspec/changes/rl-infra-spec/evidence/infra-v2-b1/a2/O/rl-island-0.jsonl
openspec/changes/rl-infra-spec/evidence/infra-v2-b1/a2/O/start_utc.txt	21	45fd9fdac5f6946ad4c8a64648853d4be750887094b2e39d3b4545d47d916b98	yeto-evidence-archive	/openspec/changes/rl-infra-spec/evidence/infra-v2-b1/a2/O/start_utc.txt
openspec/changes/rl-infra-spec/evidence/infra-v2-b1/a2/O/yeto_sha.txt	8	a0c3f19f0fc563919a09c8afd8714cc6d7bfb00a4c72bc9ca9fe02f173a77d28	yeto-evidence-archive	/openspec/changes/rl-infra-spec/evidence/infra-v2-b1/a2/O/yeto_sha.txt
openspec/changes/rl-infra-spec/evidence/infra-v2-b1/a2/OD/args.txt	944	2062c919d643442e4f633d86fe4a1aba35ae609da1d0758480835d511635c0f2	yeto-evidence-archive	/openspec/changes/rl-infra-spec/evidence/infra-v2-b1/a2/OD/args.txt
openspec/changes/rl-infra-spec/evidence/infra-v2-b1/a2/OD/compute-apps.txt	15816	6512be9ffac712bb2726b864f3c3f6259debd9f18fe2120b6e98155108294da5	yeto-evidence-archive	/openspec/changes/rl-infra-spec/evidence/infra-v2-b1/a2/OD/compute-apps.txt
openspec/changes/rl-infra-spec/evidence/infra-v2-b1/a2/OD/end_utc.txt	21	a0be54a47761aa8cef9f0c705ff4f59f2622d3b05bc9c8bc2c7fd0201aa95559	yeto-evidence-archive	/openspec/changes/rl-infra-spec/evidence/infra-v2-b1/a2/OD/end_utc.txt
openspec/changes/rl-infra-spec/evidence/infra-v2-b1/a2/OD/gpu.txt	134	5b19d53f467580f459f204a5727afc93eb39bdde24f2ecb3cc34a78c74902bd3	yeto-evidence-archive	/openspec/changes/rl-infra-spec/evidence/infra-v2-b1/a2/OD/gpu.txt
openspec/changes/rl-infra-spec/evidence/infra-v2-b1/a2/OD/launch.log.gz	75928	57d9af182f367dcbe6005ea0ef66001b85469d33a58cb439d48422e71c16937e	yeto-evidence-archive	/openspec/changes/rl-infra-spec/evidence/infra-v2-b1/a2/OD/launch.log.gz
openspec/changes/rl-infra-spec/evidence/infra-v2-b1/a2/OD/modal_app.txt	211	ac217be21f0d1647e487dbe2bbea863d4a06c8b51e5d64512fe0122b08087f9b	yeto-evidence-archive	/openspec/changes/rl-infra-spec/evidence/infra-v2-b1/a2/OD/modal_app.txt
openspec/changes/rl-infra-spec/evidence/infra-v2-b1/a2/OD/rc.txt	5	93ff7811a209e2a8479230bbb9b6bc19f7f311d3af383ec350c1db2a7e7d5494	yeto-evidence-archive	/openspec/changes/rl-infra-spec/evidence/infra-v2-b1/a2/OD/rc.txt
openspec/changes/rl-infra-spec/evidence/infra-v2-b1/a2/OD/rl-island-0.jsonl	23681	eac10d038c0c6a9a6119ddf7c67048156864b09283555d07852bb1a15ba3396e	yeto-evidence-archive	/openspec/changes/rl-infra-spec/evidence/infra-v2-b1/a2/OD/rl-island-0.jsonl
openspec/changes/rl-infra-spec/evidence/infra-v2-b1/a2/OD/start_utc.txt	21	1b4a10e385e5ab52447ba497925fbcd12b2dd96b262fb312d91740df8a51eacd	yeto-evidence-archive	/openspec/changes/rl-infra-spec/evidence/infra-v2-b1/a2/OD/start_utc.txt
openspec/changes/rl-infra-spec/evidence/infra-v2-b1/a2/OD/yeto_sha.txt	8	a0c3f19f0fc563919a09c8afd8714cc6d7bfb00a4c72bc9ca9fe02f173a77d28	yeto-evidence-archive	/openspec/changes/rl-infra-spec/evidence/infra-v2-b1/a2/OD/yeto_sha.txt
openspec/changes/rl-infra-spec/evidence/infra-v2-b1/a2/RESULT-analysis.json	2336	7baafff024323081673ac3c998309c273ee3bc1235e5b1266ed0deb5fd31be12	yeto-evidence-archive	/openspec/changes/rl-infra-spec/evidence/infra-v2-b1/a2/RESULT-analysis.json
openspec/changes/rl-infra-spec/evidence/infra-v2-b1/a2/S/args.txt	925	7f7d303e1e4dfffdc2f14a7b7ab57a42f24cb5570a8e0c36ad41dd9ff67706b7	yeto-evidence-archive	/openspec/changes/rl-infra-spec/evidence/infra-v2-b1/a2/S/args.txt
openspec/changes/rl-infra-spec/evidence/infra-v2-b1/a2/S/compute-apps.txt	14282	e24126840bb20396994aed11cbf50c1e862e6dce8a09776f2dc0698ac52204da	yeto-evidence-archive	/openspec/changes/rl-infra-spec/evidence/infra-v2-b1/a2/S/compute-apps.txt
openspec/changes/rl-infra-spec/evidence/infra-v2-b1/a2/S/end_utc.txt	21	b6c6f8529758b45e862f0f355a2db86efe906794ba039dc261c5454d85098a42	yeto-evidence-archive	/openspec/changes/rl-infra-spec/evidence/infra-v2-b1/a2/S/end_utc.txt
openspec/changes/rl-infra-spec/evidence/infra-v2-b1/a2/S/gpu.txt	134	3fde861bcb304c5f66b19a1a59ac5bbb805c380d3cd508c7d44cc8b5651ebb90	yeto-evidence-archive	/openspec/changes/rl-infra-spec/evidence/infra-v2-b1/a2/S/gpu.txt
openspec/changes/rl-infra-spec/evidence/infra-v2-b1/a2/S/launch.log.gz	75975	dee13f3b22d777ae8012b949d38c562029952b6a8ecd81fb97d2fdbbf0ec101f	yeto-evidence-archive	/openspec/changes/rl-infra-spec/evidence/infra-v2-b1/a2/S/launch.log.gz
openspec/changes/rl-infra-spec/evidence/infra-v2-b1/a2/S/modal_app.txt	210	d707ddbfe4e907958f788c897e8e9b740720820a42569d087f8a633a85e6e264	yeto-evidence-archive	/openspec/changes/rl-infra-spec/evidence/infra-v2-b1/a2/S/modal_app.txt
openspec/changes/rl-infra-spec/evidence/infra-v2-b1/a2/S/rc.txt	5	93ff7811a209e2a8479230bbb9b6bc19f7f311d3af383ec350c1db2a7e7d5494	yeto-evidence-archive	/openspec/changes/rl-infra-spec/evidence/infra-v2-b1/a2/S/rc.txt
openspec/changes/rl-infra-spec/evidence/infra-v2-b1/a2/S/rl-island-0.jsonl	22709	0fd4f843ae9954eff3b66621e810a18301dc3e2407166698d935ec7217317013	yeto-evidence-archive	/openspec/changes/rl-infra-spec/evidence/infra-v2-b1/a2/S/rl-island-0.jsonl
openspec/changes/rl-infra-spec/evidence/infra-v2-b1/a2/S/start_utc.txt	21	1c7afb87578385a1183eccd4a39eecccf9483af2039615c44ef4592380bce8bb	yeto-evidence-archive	/openspec/changes/rl-infra-spec/evidence/infra-v2-b1/a2/S/start_utc.txt
openspec/changes/rl-infra-spec/evidence/infra-v2-b1/a2/S/yeto_sha.txt	8	a0c3f19f0fc563919a09c8afd8714cc6d7bfb00a4c72bc9ca9fe02f173a77d28	yeto-evidence-archive	/openspec/changes/rl-infra-spec/evidence/infra-v2-b1/a2/S/yeto_sha.txt
openspec/changes/rl-infra-spec/evidence/infra-v2-b1/a2/dryrun-O.json	433	bae5b410e4d1978ff049cd0f3bf3a4d560de1ef975a30089d7e1f22c042861db	yeto-evidence-archive	/openspec/changes/rl-infra-spec/evidence/infra-v2-b1/a2/dryrun-O.json
openspec/changes/rl-infra-spec/evidence/infra-v2-b1/a2/dryrun-OD.json	434	10b5fec0adbc7b25969ea7ef627f0ccc2d07e8b0d002939ed94cfbbb48ba6cc9	yeto-evidence-archive	/openspec/changes/rl-infra-spec/evidence/infra-v2-b1/a2/dryrun-OD.json
openspec/changes/rl-infra-spec/evidence/infra-v2-b1/a2/dryrun-S.json	355	0b80c5c324d16f4429b213aca739d812a42b3d5a5f6c9cbea05bf32d70baa148	yeto-evidence-archive	/openspec/changes/rl-infra-spec/evidence/infra-v2-b1/a2/dryrun-S.json
openspec/changes/rl-infra-spec/evidence/infra-v2-b1/a2/heldout-gsm8k-test-first32.jsonl	12639	74ab49567029189ae0e007186e58442bc09b6c4ed2f516d5e498bf45e51fec47	yeto-evidence-archive	/openspec/changes/rl-infra-spec/evidence/infra-v2-b1/a2/heldout-gsm8k-test-first32.jsonl
openspec/changes/rl-infra-spec/evidence/infra-v2-b1/a2/rerun2/O/args.txt	1011	d130bc095c924855a1e23cb93a739099bc9467f957338155cc6ffab83d6be3f1	yeto-evidence-archive	/openspec/changes/rl-infra-spec/evidence/infra-v2-b1/a2/rerun2/O/args.txt
openspec/changes/rl-infra-spec/evidence/infra-v2-b1/a2/rerun2/O/end_utc.txt	21	96dabf8ce49abc32bd7c5f5eb72685fbfca77cb505c177e2b981a898d26bf052	yeto-evidence-archive	/openspec/changes/rl-infra-spec/evidence/infra-v2-b1/a2/rerun2/O/end_utc.txt
openspec/changes/rl-infra-spec/evidence/infra-v2-b1/a2/rerun2/O/events_dir_listing.txt	95	e8d5b8409b9d7c344f669695dcf413ec746a148db2a80b0fda85475b914619a1	yeto-evidence-archive	/openspec/changes/rl-infra-spec/evidence/infra-v2-b1/a2/rerun2/O/events_dir_listing.txt
openspec/changes/rl-infra-spec/evidence/infra-v2-b1/a2/rerun2/O/gpu.txt	156	32459b6a9426c0114a5de20b1928462ff35e37bdb99137ce080fa371cd5775ce	yeto-evidence-archive	/openspec/changes/rl-infra-spec/evidence/infra-v2-b1/a2/rerun2/O/gpu.txt
openspec/changes/rl-infra-spec/evidence/infra-v2-b1/a2/rerun2/O/launch.log.gz	76182	79fa02d6d451ed34abfcb2dfe236ebd419328ca1678e90f7a1176829eaf43aa9	yeto-evidence-archive	/openspec/changes/rl-infra-spec/evidence/infra-v2-b1/a2/rerun2/O/launch.log.gz
openspec/changes/rl-infra-spec/evidence/infra-v2-b1/a2/rerun2/O/modal_app.txt	210	32dac42792e237691530fc041e12e205c910f6fa4f0269d6a297726211f65edd	yeto-evidence-archive	/openspec/changes/rl-infra-spec/evidence/infra-v2-b1/a2/rerun2/O/modal_app.txt
openspec/changes/rl-infra-spec/evidence/infra-v2-b1/a2/rerun2/O/rc.txt	5	6287af74aad3b917a89c5439f344047420fcf7e089e04e310d3c41259b0c9332	yeto-evidence-archive	/openspec/changes/rl-infra-spec/evidence/infra-v2-b1/a2/rerun2/O/rc.txt
openspec/changes/rl-infra-spec/evidence/infra-v2-b1/a2/rerun2/O/rl-island-0.jsonl	23056	ed38d0c8a35b670f0949edcd17087372cfa56ce9e3e854ba77de80ca3f26d589	yeto-evidence-archive	/openspec/changes/rl-infra-spec/evidence/infra-v2-b1/a2/rerun2/O/rl-island-0.jsonl
openspec/changes/rl-infra-spec/evidence/infra-v2-b1/a2/rerun2/O/start_utc.txt	21	3c3dac8d73c144f83155e0ab8d3751f8a2301c306e6da02e3aede070ce4a8049	yeto-evidence-archive	/openspec/changes/rl-infra-spec/evidence/infra-v2-b1/a2/rerun2/O/start_utc.txt
openspec/changes/rl-infra-spec/evidence/infra-v2-b1/a2/rerun2/O/yeto_sha.txt	8	dd8be8ab27abc5524c328ec073bff28f7743b60a3656c467a5c51c39629c7115	yeto-evidence-archive	/openspec/changes/rl-infra-spec/evidence/infra-v2-b1/a2/rerun2/O/yeto_sha.txt
openspec/changes/rl-infra-spec/evidence/infra-v2-b1/a2/rerun2/S/args.txt	993	6a8ae2d8252b0c7e60c5c8eead2a9f10724df979b661c805b040c62e537b48df	yeto-evidence-archive	/openspec/changes/rl-infra-spec/evidence/infra-v2-b1/a2/rerun2/S/args.txt
openspec/changes/rl-infra-spec/evidence/infra-v2-b1/a2/rerun2/S/end_utc.txt	21	e5e0b9ec6dfd5a0f97a8878a9fc69e92c906b2f08ae28bba83896022195b4bee	yeto-evidence-archive	/openspec/changes/rl-infra-spec/evidence/infra-v2-b1/a2/rerun2/S/end_utc.txt
openspec/changes/rl-infra-spec/evidence/infra-v2-b1/a2/rerun2/S/events_dir_listing.txt	42	c3b2063efe7e14e07c50252c245505cdbb7527a9d8cc099c855a81a90dd160f0	yeto-evidence-archive	/openspec/changes/rl-infra-spec/evidence/infra-v2-b1/a2/rerun2/S/events_dir_listing.txt
openspec/changes/rl-infra-spec/evidence/infra-v2-b1/a2/rerun2/S/gpu.txt	156	035a531e3f967b88fe0505c72997bf133c415308815b85cd9136abcb727c6d22	yeto-evidence-archive	/openspec/changes/rl-infra-spec/evidence/infra-v2-b1/a2/rerun2/S/gpu.txt
openspec/changes/rl-infra-spec/evidence/infra-v2-b1/a2/rerun2/S/launch.log.gz	75790	4f1706331338f29d6a740b35d133a060688ccff391c32ba15c001189b3961adc	yeto-evidence-archive	/openspec/changes/rl-infra-spec/evidence/infra-v2-b1/a2/rerun2/S/launch.log.gz
openspec/changes/rl-infra-spec/evidence/infra-v2-b1/a2/rerun2/S/modal_app.txt	210	8aa422259358394a9fe30473693cabfe0f064288a4420f93993da5f545408874	yeto-evidence-archive	/openspec/changes/rl-infra-spec/evidence/infra-v2-b1/a2/rerun2/S/modal_app.txt
openspec/changes/rl-infra-spec/evidence/infra-v2-b1/a2/rerun2/S/rc.txt	5	93ff7811a209e2a8479230bbb9b6bc19f7f311d3af383ec350c1db2a7e7d5494	yeto-evidence-archive	/openspec/changes/rl-infra-spec/evidence/infra-v2-b1/a2/rerun2/S/rc.txt
openspec/changes/rl-infra-spec/evidence/infra-v2-b1/a2/rerun2/S/rl-island-0.jsonl	22722	1c156da3ddb3f1b25d431e6bea6569548f1bb8a1b2144e57078303531166a45f	yeto-evidence-archive	/openspec/changes/rl-infra-spec/evidence/infra-v2-b1/a2/rerun2/S/rl-island-0.jsonl
openspec/changes/rl-infra-spec/evidence/infra-v2-b1/a2/rerun2/S/start_utc.txt	21	ff8cc3a6cbb8f01cb02d04637e9c1c60efc1b8c1e0061adbe1b9b21ffe03d67a	yeto-evidence-archive	/openspec/changes/rl-infra-spec/evidence/infra-v2-b1/a2/rerun2/S/start_utc.txt
openspec/changes/rl-infra-spec/evidence/infra-v2-b1/a2/rerun2/S/yeto_sha.txt	8	dd8be8ab27abc5524c328ec073bff28f7743b60a3656c467a5c51c39629c7115	yeto-evidence-archive	/openspec/changes/rl-infra-spec/evidence/infra-v2-b1/a2/rerun2/S/yeto_sha.txt
openspec/changes/rl-infra-spec/evidence/infra-v2-b1/a2/rerun3/O/args.txt	1011	190f584716b08e46e9ed077defe0855f60e78aa96ca12dba8f742db9975b5509	yeto-evidence-archive	/openspec/changes/rl-infra-spec/evidence/infra-v2-b1/a2/rerun3/O/args.txt
openspec/changes/rl-infra-spec/evidence/infra-v2-b1/a2/rerun3/O/end_utc.txt	21	40e35aa6fa1462a2b2ef2f396368cb838dc624dcb024dba4ab8523caddd67301	yeto-evidence-archive	/openspec/changes/rl-infra-spec/evidence/infra-v2-b1/a2/rerun3/O/end_utc.txt
openspec/changes/rl-infra-spec/evidence/infra-v2-b1/a2/rerun3/O/events_dir_listing.txt	42	2e770c0a3551d62845aef9d3778dc9bda981adf4b6f6d06dde2bcb3e695de245	yeto-evidence-archive	/openspec/changes/rl-infra-spec/evidence/infra-v2-b1/a2/rerun3/O/events_dir_listing.txt
openspec/changes/rl-infra-spec/evidence/infra-v2-b1/a2/rerun3/O/gpu.txt	156	6ff0528e330c66d1ac58a2f8f5e0d77b2efd74147d3dece8784d26b91e882f0a	yeto-evidence-archive	/openspec/changes/rl-infra-spec/evidence/infra-v2-b1/a2/rerun3/O/gpu.txt
openspec/changes/rl-infra-spec/evidence/infra-v2-b1/a2/rerun3/O/launch.log.gz	75956	e0bba85117117628bd5b2e5eb5d4ea37d85f3e96b7d98653eb7b0f6de2cb3bd1	yeto-evidence-archive	/openspec/changes/rl-infra-spec/evidence/infra-v2-b1/a2/rerun3/O/launch.log.gz
openspec/changes/rl-infra-spec/evidence/infra-v2-b1/a2/rerun3/O/rc.txt	5	93ff7811a209e2a8479230bbb9b6bc19f7f311d3af383ec350c1db2a7e7d5494	yeto-evidence-archive	/openspec/changes/rl-infra-spec/evidence/infra-v2-b1/a2/rerun3/O/rc.txt
openspec/changes/rl-infra-spec/evidence/infra-v2-b1/a2/rerun3/O/rl-island-0.jsonl	23142	0f76d4fa1cd6f2f73090204b4de692cfab181de3a4021e4447b297457b498a87	yeto-evidence-archive	/openspec/changes/rl-infra-spec/evidence/infra-v2-b1/a2/rerun3/O/rl-island-0.jsonl
openspec/changes/rl-infra-spec/evidence/infra-v2-b1/a2/rerun3/O/start_utc.txt	21	1ae310a6ca5d20c10d628eaa513b0383d6008f3ef6be0c3f75eeecbbdab1719b	yeto-evidence-archive	/openspec/changes/rl-infra-spec/evidence/infra-v2-b1/a2/rerun3/O/start_utc.txt
openspec/changes/rl-infra-spec/evidence/infra-v2-b1/a2/rerun3/O/yeto_sha.txt	8	3c1198832c94c3194e87af39b8d2ed50d8824152d2052c3b4182d27d7a29288f	yeto-evidence-archive	/openspec/changes/rl-infra-spec/evidence/infra-v2-b1/a2/rerun3/O/yeto_sha.txt
openspec/changes/rl-infra-spec/evidence/infra-v2-b1/a2/rerun3/OD-paused-rc143/args.txt	1012	7e868caf359897c8505d1ba4783243f49cc6de157094a74bb2d781efdb927834	yeto-evidence-archive	/openspec/changes/rl-infra-spec/evidence/infra-v2-b1/a2/rerun3/OD-paused-rc143/args.txt
openspec/changes/rl-infra-spec/evidence/infra-v2-b1/a2/rerun3/OD-paused-rc143/end_utc.txt	21	83a549de4af2c6e5fda1a470c7fa944ceb6989f25207217792be248ae45d7e3c	yeto-evidence-archive	/openspec/changes/rl-infra-spec/evidence/infra-v2-b1/a2/rerun3/OD-paused-rc143/end_utc.txt
openspec/changes/rl-infra-spec/evidence/infra-v2-b1/a2/rerun3/OD-paused-rc143/events_dir_listing.txt	43	4bc4df1b6b87f9995b2febbc4af39bf74785fc5363528c5e284a6d035b118fff	yeto-evidence-archive	/openspec/changes/rl-infra-spec/evidence/infra-v2-b1/a2/rerun3/OD-paused-rc143/events_dir_listing.txt
openspec/changes/rl-infra-spec/evidence/infra-v2-b1/a2/rerun3/OD-paused-rc143/gpu.txt	156	a18eae69751f7564b3918484a03c8f6110b172e2602138c2a34e163ced1cb23c	yeto-evidence-archive	/openspec/changes/rl-infra-spec/evidence/infra-v2-b1/a2/rerun3/OD-paused-rc143/gpu.txt
openspec/changes/rl-infra-spec/evidence/infra-v2-b1/a2/rerun3/OD-paused-rc143/launch.log.gz	47246	102b289a3f86ae6cb50d1e982616714e353de2b33bd851b94cc993ac5f1b6cff	yeto-evidence-archive	/openspec/changes/rl-infra-spec/evidence/infra-v2-b1/a2/rerun3/OD-paused-rc143/launch.log.gz
openspec/changes/rl-infra-spec/evidence/infra-v2-b1/a2/rerun3/OD-paused-rc143/rc.txt	7	786b3e89185dbe1f9234707f10ee7a576f86a02106f44fdd0c5d11b4812dff0b	yeto-evidence-archive	/openspec/changes/rl-infra-spec/evidence/infra-v2-b1/a2/rerun3/OD-paused-rc143/rc.txt
openspec/changes/rl-infra-spec/evidence/infra-v2-b1/a2/rerun3/OD-paused-rc143/rl-island-0.jsonl	1924	32077351507e711255e2fc446c77a3c8ba9eb81806093f5db5b254f72af26f82	yeto-evidence-archive	/openspec/changes/rl-infra-spec/evidence/infra-v2-b1/a2/rerun3/OD-paused-rc143/rl-island-0.jsonl
openspec/changes/rl-infra-spec/evidence/infra-v2-b1/a2/rerun3/OD-paused-rc143/start_utc.txt	21	a3c2d54f14cd5c58256a975805999bd9e5ff13b09029435709615119f890ca1d	yeto-evidence-archive	/openspec/changes/rl-infra-spec/evidence/infra-v2-b1/a2/rerun3/OD-paused-rc143/start_utc.txt
openspec/changes/rl-infra-spec/evidence/infra-v2-b1/a2/rerun3/OD-paused-rc143/yeto_sha.txt	8	3c1198832c94c3194e87af39b8d2ed50d8824152d2052c3b4182d27d7a29288f	yeto-evidence-archive	/openspec/changes/rl-infra-spec/evidence/infra-v2-b1/a2/rerun3/OD-paused-rc143/yeto_sha.txt
openspec/changes/rl-infra-spec/evidence/infra-v2-b1/a2/rerun3/OD/args.txt	1012	ddd446be56113da425138ab18ee47a780b4db0ee6b0df73c6c04b11b90c08b2c	yeto-evidence-archive	/openspec/changes/rl-infra-spec/evidence/infra-v2-b1/a2/rerun3/OD/args.txt
openspec/changes/rl-infra-spec/evidence/infra-v2-b1/a2/rerun3/OD/end_utc.txt	21	c85b6f44496d55e46389b0ff6935c0c092bbf32a856e87ae75bd647831ef4ad6	yeto-evidence-archive	/openspec/changes/rl-infra-spec/evidence/infra-v2-b1/a2/rerun3/OD/end_utc.txt
openspec/changes/rl-infra-spec/evidence/infra-v2-b1/a2/rerun3/OD/events_dir_listing.txt	43	b74f12600ef6f94800319d494444adb7d22805699affc52e21e5b28fb39733ad	yeto-evidence-archive	/openspec/changes/rl-infra-spec/evidence/infra-v2-b1/a2/rerun3/OD/events_dir_listing.txt
openspec/changes/rl-infra-spec/evidence/infra-v2-b1/a2/rerun3/OD/gpu.txt	156	737afd3044d1e94b1833a9a985ee34f1b5ba7b12ef03ac53a2892d3fd8d9dcc9	yeto-evidence-archive	/openspec/changes/rl-infra-spec/evidence/infra-v2-b1/a2/rerun3/OD/gpu.txt
openspec/changes/rl-infra-spec/evidence/infra-v2-b1/a2/rerun3/OD/launch.log.gz	75988	0001c52a8e1374b177d7a8abe5482c4cf7789a8de59e42b1c4da8cc0b91a743a	yeto-evidence-archive	/openspec/changes/rl-infra-spec/evidence/infra-v2-b1/a2/rerun3/OD/launch.log.gz
openspec/changes/rl-infra-spec/evidence/infra-v2-b1/a2/rerun3/OD/modal_app.txt	211	63630753566dc9af0cef80be21c2c20c20978051f89473a0b3f14a82395e875e	yeto-evidence-archive	/openspec/changes/rl-infra-spec/evidence/infra-v2-b1/a2/rerun3/OD/modal_app.txt
openspec/changes/rl-infra-spec/evidence/infra-v2-b1/a2/rerun3/OD/rc.txt	5	93ff7811a209e2a8479230bbb9b6bc19f7f311d3af383ec350c1db2a7e7d5494	yeto-evidence-archive	/openspec/changes/rl-infra-spec/evidence/infra-v2-b1/a2/rerun3/OD/rc.txt
openspec/changes/rl-infra-spec/evidence/infra-v2-b1/a2/rerun3/OD/rl-island-0.jsonl	23670	531e5b62fc93c8ad63d630031ffb0c5fee6e30d941967bb93db5f28ac0104415	yeto-evidence-archive	/openspec/changes/rl-infra-spec/evidence/infra-v2-b1/a2/rerun3/OD/rl-island-0.jsonl
openspec/changes/rl-infra-spec/evidence/infra-v2-b1/a2/rerun3/OD/start_utc.txt	21	d06a0912b3df39a531a44952f0903a0791b6768417a02aaef51a5559dce7c553	yeto-evidence-archive	/openspec/changes/rl-infra-spec/evidence/infra-v2-b1/a2/rerun3/OD/start_utc.txt
openspec/changes/rl-infra-spec/evidence/infra-v2-b1/a2/rerun3/OD/yeto_sha.txt	8	3c1198832c94c3194e87af39b8d2ed50d8824152d2052c3b4182d27d7a29288f	yeto-evidence-archive	/openspec/changes/rl-infra-spec/evidence/infra-v2-b1/a2/rerun3/OD/yeto_sha.txt
openspec/changes/rl-infra-spec/evidence/infra-v2-b1/a2/rerun3/RESULT-analysis.json	2338	c87b5a0c2d17152256bf71cd99c3a583e818b6031a08bcbc9fdf71de3cf7d15c	yeto-evidence-archive	/openspec/changes/rl-infra-spec/evidence/infra-v2-b1/a2/rerun3/RESULT-analysis.json
openspec/changes/rl-infra-spec/evidence/infra-v2-b1/a2/rerun3/S/args.txt	993	27ebd6ce02c4457add186c10abb3ca783b44028c0e8753f2fb1e86e7b78ab101	yeto-evidence-archive	/openspec/changes/rl-infra-spec/evidence/infra-v2-b1/a2/rerun3/S/args.txt
openspec/changes/rl-infra-spec/evidence/infra-v2-b1/a2/rerun3/S/end_utc.txt	21	d62303d083b8ac393eab859e5e5df17963a9701c75b33dc5baeba12fa3f7ef86	yeto-evidence-archive	/openspec/changes/rl-infra-spec/evidence/infra-v2-b1/a2/rerun3/S/end_utc.txt
openspec/changes/rl-infra-spec/evidence/infra-v2-b1/a2/rerun3/S/events_dir_listing.txt	42	bd4364181896a014d3ddc66580319b49b533f9e37b7864c087b5af92047745c2	yeto-evidence-archive	/openspec/changes/rl-infra-spec/evidence/infra-v2-b1/a2/rerun3/S/events_dir_listing.txt
openspec/changes/rl-infra-spec/evidence/infra-v2-b1/a2/rerun3/S/gpu.txt	156	402ee4b445f3dc389072bc1d03a496f1a2966e8edd1ecdd56e4f4e51290b8d77	yeto-evidence-archive	/openspec/changes/rl-infra-spec/evidence/infra-v2-b1/a2/rerun3/S/gpu.txt
openspec/changes/rl-infra-spec/evidence/infra-v2-b1/a2/rerun3/S/launch.log.gz	80915	8a31c536c2ec1562c100f69df112127d4f7e181122b3a037fbfe71b377dd90f9	yeto-evidence-archive	/openspec/changes/rl-infra-spec/evidence/infra-v2-b1/a2/rerun3/S/launch.log.gz
openspec/changes/rl-infra-spec/evidence/infra-v2-b1/a2/rerun3/S/rc.txt	5	93ff7811a209e2a8479230bbb9b6bc19f7f311d3af383ec350c1db2a7e7d5494	yeto-evidence-archive	/openspec/changes/rl-infra-spec/evidence/infra-v2-b1/a2/rerun3/S/rc.txt
openspec/changes/rl-infra-spec/evidence/infra-v2-b1/a2/rerun3/S/rl-island-0.jsonl	22711	db5aa60294f5166276c50f040daf7a9ffee62eb2b551c3447f84815dfdbd42fd	yeto-evidence-archive	/openspec/changes/rl-infra-spec/evidence/infra-v2-b1/a2/rerun3/S/rl-island-0.jsonl
openspec/changes/rl-infra-spec/evidence/infra-v2-b1/a2/rerun3/S/start_utc.txt	21	eda7646545d0267265258755b0129dfd6edaf6939fd90a8c1de7eeadf71109ee	yeto-evidence-archive	/openspec/changes/rl-infra-spec/evidence/infra-v2-b1/a2/rerun3/S/start_utc.txt
openspec/changes/rl-infra-spec/evidence/infra-v2-b1/a2/rerun3/S/yeto_sha.txt	8	3c1198832c94c3194e87af39b8d2ed50d8824152d2052c3b4182d27d7a29288f	yeto-evidence-archive	/openspec/changes/rl-infra-spec/evidence/infra-v2-b1/a2/rerun3/S/yeto_sha.txt
openspec/changes/rl-infra-spec/evidence/infra-v2-b1/a2/test_a2_dryrun_b1.py	5310	07c5235f8b165c5da97b2b98fdb255ff1eb10cbd2074eb2b240b45860844e0ac	yeto-evidence-archive	/openspec/changes/rl-infra-spec/evidence/infra-v2-b1/a2/test_a2_dryrun_b1.py
openspec/changes/rl-infra-spec/evidence/infra-v2-b1/a4-4card/cfg/attestation-4-3.json	279	457aee54867e50e4cc5e8384b6b46edd01739bb0f5a6c98feba1c5a404fc3b9c	yeto-evidence-archive	/openspec/changes/rl-infra-spec/evidence/infra-v2-b1/a4-4card/cfg/attestation-4-3.json
openspec/changes/rl-infra-spec/evidence/infra-v2-b1/a4-4card/cfg/attestation-4-4.json	279	acac384d43480d35492a4b425fc80bb34b6d8a757d6117977b25c8be11064f9b	yeto-evidence-archive	/openspec/changes/rl-infra-spec/evidence/infra-v2-b1/a4-4card/cfg/attestation-4-4.json
openspec/changes/rl-infra-spec/evidence/infra-v2-b1/a4-4card/cfg/attestation-4-6.json	279	d69e909425aaf1db9e33a3eb8764dc544ca2169a016a65949f4f82dcdd303315	yeto-evidence-archive	/openspec/changes/rl-infra-spec/evidence/infra-v2-b1/a4-4card/cfg/attestation-4-6.json
openspec/changes/rl-infra-spec/evidence/infra-v2-b1/a4-4card/cfg/attestation-4-a4b.json	279	acac384d43480d35492a4b425fc80bb34b6d8a757d6117977b25c8be11064f9b	yeto-evidence-archive	/openspec/changes/rl-infra-spec/evidence/infra-v2-b1/a4-4card/cfg/attestation-4-a4b.json
openspec/changes/rl-infra-spec/evidence/infra-v2-b1/a4-4card/cfg/attestation-4-d4.json	279	acac384d43480d35492a4b425fc80bb34b6d8a757d6117977b25c8be11064f9b	yeto-evidence-archive	/openspec/changes/rl-infra-spec/evidence/infra-v2-b1/a4-4card/cfg/attestation-4-d4.json
openspec/changes/rl-infra-spec/evidence/infra-v2-b1/a4-4card/cfg/attestation-4-e1d5.json	279	b979563e677eaf84aad7b49a4a5a326213c9764b997c2acc7917e71db9eb6a72	yeto-evidence-archive	/openspec/changes/rl-infra-spec/evidence/infra-v2-b1/a4-4card/cfg/attestation-4-e1d5.json
openspec/changes/rl-infra-spec/evidence/infra-v2-b1/a4-4card/scripts/a4go4.sh	6528	2bfeb03d0d766e8c21b0bfe3c8fbd5b1f340dddfe0bfa7c2e19bc18ec75bfede	yeto-evidence-archive	/openspec/changes/rl-infra-spec/evidence/infra-v2-b1/a4-4card/scripts/a4go4.sh
openspec/changes/rl-infra-spec/evidence/infra-v2-b1/a4-4card/scripts/arun.sh	4882	2539c9f221fd2c3e2930185c0b543cb4b74c36989bfb9535e0b5569800d94cf9	yeto-evidence-archive	/openspec/changes/rl-infra-spec/evidence/infra-v2-b1/a4-4card/scripts/arun.sh
openspec/changes/rl-infra-spec/evidence/infra-v2-b1/a4-4card/scripts/cleanup_run.sh	6928	a8ba5dabfafe3f480be912bd5eb451175d7da8daa1bd22f8c4dac90e4a6a2892	yeto-evidence-archive	/openspec/changes/rl-infra-spec/evidence/infra-v2-b1/a4-4card/scripts/cleanup_run.sh
openspec/changes/rl-infra-spec/evidence/infra-v2-b1/a4-4card/scripts/fork_probe.py	3942	5cce6a83026b8d4809b47cc5b4d2aba9fe5ddec3723e8a9650c7ba441e78003f	yeto-evidence-archive	/openspec/changes/rl-infra-spec/evidence/infra-v2-b1/a4-4card/scripts/fork_probe.py
openspec/changes/rl-infra-spec/evidence/infra-v2-b1/a4-4card/scripts/fp_local4.py	2990	03ccb23216b641717565baffdc8cf76d160ecb3d4f87a9850e36ceeaa7fb50ba	yeto-evidence-archive	/openspec/changes/rl-infra-spec/evidence/infra-v2-b1/a4-4card/scripts/fp_local4.py
openspec/changes/rl-infra-spec/evidence/infra-v2-b1/a4-4card/scripts/hrun.sh	4064	3582124f91e59cbf6b6f39148fae77386aca7f02ea6506c6c51ebd9671205a28	yeto-evidence-archive	/openspec/changes/rl-infra-spec/evidence/infra-v2-b1/a4-4card/scripts/hrun.sh
openspec/changes/rl-infra-spec/evidence/infra-v2-b1/a4-4card/scripts/judge_after.sh	647	862ec0752382fb5844340ea70acff198408545e2f96b899e3a80698d64dbfbdb	yeto-evidence-archive	/openspec/changes/rl-infra-spec/evidence/infra-v2-b1/a4-4card/scripts/judge_after.sh
openspec/changes/rl-infra-spec/evidence/infra-v2-b1/a4-4card/scripts/mkatt4.sh	1166	02163f21cff821edf29f2a64a5a9f362aed2bdd244a5d64f2581a61cdd34bf41	yeto-evidence-archive	/openspec/changes/rl-infra-spec/evidence/infra-v2-b1/a4-4card/scripts/mkatt4.sh
openspec/changes/rl-infra-spec/evidence/infra-v2-b1/a4-4card/scripts/mrun.sh	4865	f6be8b4ef5e5706c223ead24e947d1811041d966f9a0c2125840433945ba8717	yeto-evidence-archive	/openspec/changes/rl-infra-spec/evidence/infra-v2-b1/a4-4card/scripts/mrun.sh
openspec/changes/rl-infra-spec/evidence/infra-v2-b1/a4-4card/scripts/n2run.sh	4130	b9d814d7ed71e58d50fb4fcce62c2ea5e8b811c562ff50f41c18101687e32aba	yeto-evidence-archive	/openspec/changes/rl-infra-spec/evidence/infra-v2-b1/a4-4card/scripts/n2run.sh
openspec/changes/rl-infra-spec/evidence/infra-v2-b1/a4-4card/scripts/nrun.sh	3215	a92d7f6a861160784040bcd0d7a14da2fb40d4134c286e62713eb3c0ff30ec0e	yeto-evidence-archive	/openspec/changes/rl-infra-spec/evidence/infra-v2-b1/a4-4card/scripts/nrun.sh
openspec/changes/rl-infra-spec/evidence/infra-v2-b1/a4-4card/scripts/nstop.sh	1019	c65085348788b026a1e0058b39b266232913dfd5ce9dd15ccb27297a3393aa12	yeto-evidence-archive	/openspec/changes/rl-infra-spec/evidence/infra-v2-b1/a4-4card/scripts/nstop.sh
openspec/changes/rl-infra-spec/evidence/infra-v2-b1/a4-4card/scripts/probe_remote.sh	1106	64a43aa3c8be9c5b6d96b2997614b7c3776d0ad310f5b60cfd2042d0e54f62b0	yeto-evidence-archive	/openspec/changes/rl-infra-spec/evidence/infra-v2-b1/a4-4card/scripts/probe_remote.sh
openspec/changes/rl-infra-spec/evidence/infra-v2-b1/a4-4card/scripts/probelib.sh	481	0f1eab38715d9b3c1b563ac59b08ed20a9de2815b4cec3f578bf2e626cee3fce	yeto-evidence-archive	/openspec/changes/rl-infra-spec/evidence/infra-v2-b1/a4-4card/scripts/probelib.sh
openspec/changes/rl-infra-spec/evidence/infra-v2-b1/a4-4card/scripts/router_sampler.py	2452	e834458740f4bc58c888856d7ff5037b87128d43a77efe0a13200ae3b3dd9c3b	yeto-evidence-archive	/openspec/changes/rl-infra-spec/evidence/infra-v2-b1/a4-4card/scripts/router_sampler.py
openspec/changes/rl-infra-spec/evidence/infra-v2-b1/a4-4card/scripts/selfcheck.sh	3170	230256771ec3383fd27a3dd2dbe79811f771839f24cf72f0b27bf3a47e9ce7d6	yeto-evidence-archive	/openspec/changes/rl-infra-spec/evidence/infra-v2-b1/a4-4card/scripts/selfcheck.sh
openspec/changes/rl-infra-spec/evidence/infra-v2-b1/a4-4card/tests/test_cleanup.sh	4512	7616e752f897f4ae3e3223e3b79d99feced8762a876a3560c2ea841a756d6f78	yeto-evidence-archive	/openspec/changes/rl-infra-spec/evidence/infra-v2-b1/a4-4card/tests/test_cleanup.sh
openspec/changes/rl-infra-spec/evidence/infra-v2-b1/a4-4card/tests/test_fork_probe.py	2779	31403c6a08b62b29394b30a8d976ed60a7e1452d83f27cd3ece9f8780e637514	yeto-evidence-archive	/openspec/changes/rl-infra-spec/evidence/infra-v2-b1/a4-4card/tests/test_fork_probe.py
openspec/changes/rl-infra-spec/evidence/infra-v2-b1/a4-4card/tests/test_selfcheck.sh	2538	ca2d9d1c88d375736b830ecdd275707f6ee5884a5f1bcd9657beed5425766780	yeto-evidence-archive	/openspec/changes/rl-infra-spec/evidence/infra-v2-b1/a4-4card/tests/test_selfcheck.sh
openspec/changes/rl-infra-spec/evidence/infra-v2-b1/a4-8card-s4/cfg/attestation-8-12.json	279	3796f6a6fe84afa6d06a34a93494018f63289ce4b448636f4c3131baa3a4ca10	yeto-evidence-archive	/openspec/changes/rl-infra-spec/evidence/infra-v2-b1/a4-8card-s4/cfg/attestation-8-12.json
openspec/changes/rl-infra-spec/evidence/infra-v2-b1/a4-8card-s4/cfg/attestation-8-3.json	279	f7338ec7aecc7fd94506761504e6bdae1153a8945953214fa9a04e014cab5233	yeto-evidence-archive	/openspec/changes/rl-infra-spec/evidence/infra-v2-b1/a4-8card-s4/cfg/attestation-8-3.json
openspec/changes/rl-infra-spec/evidence/infra-v2-b1/a4-8card-s4/cfg/attestation-8-4.json	279	58bfa49f92963f60e968e7c6d153a0b87b94e3f18335436af661ddaca316532a	yeto-evidence-archive	/openspec/changes/rl-infra-spec/evidence/infra-v2-b1/a4-8card-s4/cfg/attestation-8-4.json
openspec/changes/rl-infra-spec/evidence/infra-v2-b1/a4-8card-s4/cfg/attestation-8-5.json	279	d1ae63d912df571bcbb126f4d152c095a875b79a85460156b433f5f9b81185ab	yeto-evidence-archive	/openspec/changes/rl-infra-spec/evidence/infra-v2-b1/a4-8card-s4/cfg/attestation-8-5.json
openspec/changes/rl-infra-spec/evidence/infra-v2-b1/a4-8card-s4/chain8-IV-d4/6r1-chain.log.txt	575	080765c90534d9f238159a79f8b0168d3a9cec97ef3c1d76347e774b62147190	yeto-evidence-archive	/openspec/changes/rl-infra-spec/evidence/infra-v2-b1/a4-8card-s4/chain8-IV-d4/6r1-chain.log.txt
openspec/changes/rl-infra-spec/evidence/infra-v2-b1/a4-8card-s4/chain8-IV-d4/7r1-chain.log.txt	574	5f74c3b928f832f9a4375956e652d473e8267f91822284b747a73b1641d4073f	yeto-evidence-archive	/openspec/changes/rl-infra-spec/evidence/infra-v2-b1/a4-8card-s4/chain8-IV-d4/7r1-chain.log.txt
openspec/changes/rl-infra-spec/evidence/infra-v2-b1/a4-8card-s4/chain8-IV-d4/7r1-d4-selfcheck.txt	582	7854aa33075abfc809bd9de30914d85e26c4d234ca203ae854a77e0f2dc4fa2f	yeto-evidence-archive	/openspec/changes/rl-infra-spec/evidence/infra-v2-b1/a4-8card-s4/chain8-IV-d4/7r1-d4-selfcheck.txt
openspec/changes/rl-infra-spec/evidence/infra-v2-b1/a4-8card-s4/chain8-IV-d4/8r1-chain.log.txt	576	f6b6f00189b3c8c5904e875c6d3cd17458be10bba51a8ce82cd0ba1871d03313	yeto-evidence-archive	/openspec/changes/rl-infra-spec/evidence/infra-v2-b1/a4-8card-s4/chain8-IV-d4/8r1-chain.log.txt
openspec/changes/rl-infra-spec/evidence/infra-v2-b1/a4-8card-s4/chain8-IV-d4/8r2-chain.log.txt	502	ff29af052832c1cf5c14c5b2057035c9659793187c8da2c5942f6636b0404c36	yeto-evidence-archive	/openspec/changes/rl-infra-spec/evidence/infra-v2-b1/a4-8card-s4/chain8-IV-d4/8r2-chain.log.txt
openspec/changes/rl-infra-spec/evidence/infra-v2-b1/a4-8card-s4/dryrun/chain8-dryrun-III.txt	3538	a9918b90bf19d5b0110ec93500cc2bda0a538eca86b8274ce8c8ca3b59b2b17f	yeto-evidence-archive	/openspec/changes/rl-infra-spec/evidence/infra-v2-b1/a4-8card-s4/dryrun/chain8-dryrun-III.txt
openspec/changes/rl-infra-spec/evidence/infra-v2-b1/a4-8card-s4/scripts/a4go4.sh	6685	2be26c57b67207e08e48400f3b3b7aa889115a548c946a49dd2a155c3c1894d6	yeto-evidence-archive	/openspec/changes/rl-infra-spec/evidence/infra-v2-b1/a4-8card-s4/scripts/a4go4.sh
openspec/changes/rl-infra-spec/evidence/infra-v2-b1/a4-8card-s4/scripts/a8go.sh	7912	397748d2551f7df640f40608819defea49f6e2e730c792e06ba472cc40de5690	yeto-evidence-archive	/openspec/changes/rl-infra-spec/evidence/infra-v2-b1/a4-8card-s4/scripts/a8go.sh
openspec/changes/rl-infra-spec/evidence/infra-v2-b1/a4-8card-s4/scripts/chain6-retry.sh	1059	30feef28aa7f24344ebaca7473e140d22cf647a7207f4d91eea0e2c269a993ec	yeto-evidence-archive	/openspec/changes/rl-infra-spec/evidence/infra-v2-b1/a4-8card-s4/scripts/chain6-retry.sh
openspec/changes/rl-infra-spec/evidence/infra-v2-b1/a4-8card-s4/scripts/chain8-retry.sh	1798	37f73a0469eba6954eb534e479e00371d0d8d5145ecd6d09dc7362e064acabac	yeto-evidence-archive	/openspec/changes/rl-infra-spec/evidence/infra-v2-b1/a4-8card-s4/scripts/chain8-retry.sh
openspec/changes/rl-infra-spec/evidence/infra-v2-b1/a4-8card-s4/scripts/chk_launch.py	3968	3565c251e361f9d2c0a536bdb95b1ff76a057054e78f5d471b692518728212da	yeto-evidence-archive	/openspec/changes/rl-infra-spec/evidence/infra-v2-b1/a4-8card-s4/scripts/chk_launch.py
openspec/changes/rl-infra-spec/evidence/infra-v2-b1/a4-8card-s4/scripts/chk_launch.sh	2581	661aa2b75e72001e275baddd5b3a717c2fd8ccaf434564d9559ff1dd467ee383	yeto-evidence-archive	/openspec/changes/rl-infra-spec/evidence/infra-v2-b1/a4-8card-s4/scripts/chk_launch.sh
openspec/changes/rl-infra-spec/evidence/infra-v2-b1/a4-8card-s4/scripts/cleanup_run.sh	6928	a8ba5dabfafe3f480be912bd5eb451175d7da8daa1bd22f8c4dac90e4a6a2892	yeto-evidence-archive	/openspec/changes/rl-infra-spec/evidence/infra-v2-b1/a4-8card-s4/scripts/cleanup_run.sh
openspec/changes/rl-infra-spec/evidence/infra-v2-b1/a4-8card-s4/scripts/dctl.py	4278	30e35ca9a6ea4a9a194abd45c33461818ea3ee031fdb32f592263d77895a80b9	yeto-evidence-archive	/openspec/changes/rl-infra-spec/evidence/infra-v2-b1/a4-8card-s4/scripts/dctl.py
openspec/changes/rl-infra-spec/evidence/infra-v2-b1/a4-8card-s4/scripts/dkill.py	3188	160dd9a5daa4387fe8c5d0cf0d23967eb364d59a12e1f74304ab6b8a56be450f	yeto-evidence-archive	/openspec/changes/rl-infra-spec/evidence/infra-v2-b1/a4-8card-s4/scripts/dkill.py
openspec/changes/rl-infra-spec/evidence/infra-v2-b1/a4-8card-s4/scripts/fork_probe.py	3942	5cce6a83026b8d4809b47cc5b4d2aba9fe5ddec3723e8a9650c7ba441e78003f	yeto-evidence-archive	/openspec/changes/rl-infra-spec/evidence/infra-v2-b1/a4-8card-s4/scripts/fork_probe.py
openspec/changes/rl-infra-spec/evidence/infra-v2-b1/a4-8card-s4/scripts/fp_local4.py	2990	03ccb23216b641717565baffdc8cf76d160ecb3d4f87a9850e36ceeaa7fb50ba	yeto-evidence-archive	/openspec/changes/rl-infra-spec/evidence/infra-v2-b1/a4-8card-s4/scripts/fp_local4.py
openspec/changes/rl-infra-spec/evidence/infra-v2-b1/a4-8card-s4/scripts/fp_local8_strict.py	3051	50cbafd18f8c2cd500a63057fccfc7e224e0bab51e2ba394333d12560ea27952	yeto-evidence-archive	/openspec/changes/rl-infra-spec/evidence/infra-v2-b1/a4-8card-s4/scripts/fp_local8_strict.py
openspec/changes/rl-infra-spec/evidence/infra-v2-b1/a4-8card-s4/scripts/inwatch.py	1291	7b8e8f387326ff17186e82b7f41e145458a39ab7df90e19f7dd633327b0d9347	yeto-evidence-archive	/openspec/changes/rl-infra-spec/evidence/infra-v2-b1/a4-8card-s4/scripts/inwatch.py
openspec/changes/rl-infra-spec/evidence/infra-v2-b1/a4-8card-s4/scripts/judge_after.sh	1443	231dfd7eec5ddf50abd9fc461fd8df0a21962c38e0697e8392c1cf29913c6696	yeto-evidence-archive	/openspec/changes/rl-infra-spec/evidence/infra-v2-b1/a4-8card-s4/scripts/judge_after.sh
openspec/changes/rl-infra-spec/evidence/infra-v2-b1/a4-8card-s4/scripts/mkatt4.sh	1166	02163f21cff821edf29f2a64a5a9f362aed2bdd244a5d64f2581a61cdd34bf41	yeto-evidence-archive	/openspec/changes/rl-infra-spec/evidence/infra-v2-b1/a4-8card-s4/scripts/mkatt4.sh
openspec/changes/rl-infra-spec/evidence/infra-v2-b1/a4-8card-s4/scripts/mkatt8.sh	901	8b32e4f5f99bb46379070e1dec00f7037d664fbeb0872da06b71845cf3278ce5	yeto-evidence-archive	/openspec/changes/rl-infra-spec/evidence/infra-v2-b1/a4-8card-s4/scripts/mkatt8.sh
openspec/changes/rl-infra-spec/evidence/infra-v2-b1/a4-8card-s4/scripts/n2arm.sh	953	b1bf95ecfbe822bdabe5e9e5f7b3d9d80f627920f241758820e708ade840aca3	yeto-evidence-archive	/openspec/changes/rl-infra-spec/evidence/infra-v2-b1/a4-8card-s4/scripts/n2arm.sh
openspec/changes/rl-infra-spec/evidence/infra-v2-b1/a4-8card-s4/scripts/n2inwatch.sh	839	7049a4e37fe30b0d9c8948856f87c84f863e9007047e0777a719fb7788b5367c	yeto-evidence-archive	/openspec/changes/rl-infra-spec/evidence/infra-v2-b1/a4-8card-s4/scripts/n2inwatch.sh
openspec/changes/rl-infra-spec/evidence/infra-v2-b1/a4-8card-s4/scripts/n2run.sh	5164	c77ad6ae77c25d7f53d74bf6e29974ef8aab7d3b6ad09b20fc86a87109309395	yeto-evidence-archive	/openspec/changes/rl-infra-spec/evidence/infra-v2-b1/a4-8card-s4/scripts/n2run.sh
openspec/changes/rl-infra-spec/evidence/infra-v2-b1/a4-8card-s4/scripts/n2run_strict.sh	6912	065f142df35c458867670c10f6bed565323b0c9f012537c0c9d39a00f7ee83ea	yeto-evidence-archive	/openspec/changes/rl-infra-spec/evidence/infra-v2-b1/a4-8card-s4/scripts/n2run_strict.sh
openspec/changes/rl-infra-spec/evidence/infra-v2-b1/a4-8card-s4/scripts/nstop.sh	2540	09b4617bffbdd3ed7a36d91a33acf52376ae3d5eff764b25499da77a073305e0	yeto-evidence-archive	/openspec/changes/rl-infra-spec/evidence/infra-v2-b1/a4-8card-s4/scripts/nstop.sh
openspec/changes/rl-infra-spec/evidence/infra-v2-b1/a4-8card-s4/scripts/nstop_item_strict.sh	1075	0debdefddb9f62e16135866162c0da1c7c16bb61132fb830d27cb833ccff442a	yeto-evidence-archive	/openspec/changes/rl-infra-spec/evidence/infra-v2-b1/a4-8card-s4/scripts/nstop_item_strict.sh
openspec/changes/rl-infra-spec/evidence/infra-v2-b1/a4-8card-s4/scripts/probe_after_term.sh	1977	aab88bf057bc2314b98784d7c83641e01f6927520e7a227bbf7f9990cce5bf4c	yeto-evidence-archive	/openspec/changes/rl-infra-spec/evidence/infra-v2-b1/a4-8card-s4/scripts/probe_after_term.sh
openspec/changes/rl-infra-spec/evidence/infra-v2-b1/a4-8card-s4/scripts/probe_remote.sh	1106	64a43aa3c8be9c5b6d96b2997614b7c3776d0ad310f5b60cfd2042d0e54f62b0	yeto-evidence-archive	/openspec/changes/rl-infra-spec/evidence/infra-v2-b1/a4-8card-s4/scripts/probe_remote.sh
openspec/changes/rl-infra-spec/evidence/infra-v2-b1/a4-8card-s4/scripts/probelib.sh	481	0f1eab38715d9b3c1b563ac59b08ed20a9de2815b4cec3f578bf2e626cee3fce	yeto-evidence-archive	/openspec/changes/rl-infra-spec/evidence/infra-v2-b1/a4-8card-s4/scripts/probelib.sh
openspec/changes/rl-infra-spec/evidence/infra-v2-b1/a4-8card-s4/scripts/reset_island_strict.sh	3567	a87b976f193d83a3e5bb3cd7b430629dbdd193b5f2bc15b0214b957ca16389a1	yeto-evidence-archive	/openspec/changes/rl-infra-spec/evidence/infra-v2-b1/a4-8card-s4/scripts/reset_island_strict.sh
openspec/changes/rl-infra-spec/evidence/infra-v2-b1/a4-8card-s4/scripts/router_sampler.py	2452	e834458740f4bc58c888856d7ff5037b87128d43a77efe0a13200ae3b3dd9c3b	yeto-evidence-archive	/openspec/changes/rl-infra-spec/evidence/infra-v2-b1/a4-8card-s4/scripts/router_sampler.py
openspec/changes/rl-infra-spec/evidence/infra-v2-b1/a4-8card-s4/scripts/run_local_head.py	844	1c31bddc80e0261ac6819385571f452dbf90698a99f6b1458effbd422524db4a	yeto-evidence-archive	/openspec/changes/rl-infra-spec/evidence/infra-v2-b1/a4-8card-s4/scripts/run_local_head.py
openspec/changes/rl-infra-spec/evidence/infra-v2-b1/a4-8card-s4/scripts/run_probe.sh	540	85e10ff5b995b5135673958ee2236412eca54cddba41390e067bb15e7464377c	yeto-evidence-archive	/openspec/changes/rl-infra-spec/evidence/infra-v2-b1/a4-8card-s4/scripts/run_probe.sh
openspec/changes/rl-infra-spec/evidence/infra-v2-b1/a4-8card-s4/scripts/save8.sh	2052	86270273e6376f74386be46647bac84b335a03781373a513e80ef9435b26db76	yeto-evidence-archive	/openspec/changes/rl-infra-spec/evidence/infra-v2-b1/a4-8card-s4/scripts/save8.sh
openspec/changes/rl-infra-spec/evidence/infra-v2-b1/a4-8card-s4/scripts/selfcheck.sh	3170	230256771ec3383fd27a3dd2dbe79811f771839f24cf72f0b27bf3a47e9ce7d6	yeto-evidence-archive	/openspec/changes/rl-infra-spec/evidence/infra-v2-b1/a4-8card-s4/scripts/selfcheck.sh
openspec/changes/rl-infra-spec/evidence/infra-v2-b1/a4-8card-s4/scripts/syncer_host_clean.sh	1375	c2520073915c17438c67772f42b924f0a4fe68b05670b4b94ef7fd7f58058553	yeto-evidence-archive	/openspec/changes/rl-infra-spec/evidence/infra-v2-b1/a4-8card-s4/scripts/syncer_host_clean.sh
openspec/changes/rl-infra-spec/evidence/infra-v2-b1/a4-8card-s4/scripts/term_probe.py	2485	80c5849f9b1862d2de476e0917f86a9af74a2d99cf5a04139e79fb26bde38ca3	yeto-evidence-archive	/openspec/changes/rl-infra-spec/evidence/infra-v2-b1/a4-8card-s4/scripts/term_probe.py
openspec/changes/rl-infra-spec/evidence/infra-v2-b1/a4-8card-s4/tests/fixtures/a4s5_1_a4b_journal.jsonl	10176	532d90d4dd9b0e4ad0a1a59c188216aadf52450ec4daf7f92c1da73f3a2cd5b0	yeto-evidence-archive	/openspec/changes/rl-infra-spec/evidence/infra-v2-b1/a4-8card-s4/tests/fixtures/a4s5_1_a4b_journal.jsonl
openspec/changes/rl-infra-spec/evidence/infra-v2-b1/a4-8card-s4/tests/fixtures/a4s5_1_a4b_router_samples.jsonl	13931	c54d5226fcf9458f9e30c7483165b96dbec3636989f31cba7bc1dda90b04472d	yeto-evidence-archive	/openspec/changes/rl-infra-spec/evidence/infra-v2-b1/a4-8card-s4/tests/fixtures/a4s5_1_a4b_router_samples.jsonl
openspec/changes/rl-infra-spec/evidence/infra-v2-b1/a4-8card-s4/tests/fixtures/a4s5_1_a4b_tape_fragment.jsonl	1387	adf39faa9b1bf4a1261e9947664fec24dd63fcad4288840223b10c2858d34334	yeto-evidence-archive	/openspec/changes/rl-infra-spec/evidence/infra-v2-b1/a4-8card-s4/tests/fixtures/a4s5_1_a4b_tape_fragment.jsonl
openspec/changes/rl-infra-spec/evidence/infra-v2-b1/a4-8card-s4/tests/fixtures/a4s6_6r2_d4_journal.jsonl	14817	d9f3e98564fa9c8b8a47a51663f2341c517c0650b790728cf1b78b27c74afd5f	yeto-evidence-archive	/openspec/changes/rl-infra-spec/evidence/infra-v2-b1/a4-8card-s4/tests/fixtures/a4s6_6r2_d4_journal.jsonl
openspec/changes/rl-infra-spec/evidence/infra-v2-b1/a4-8card-s4/tests/fixtures/a4s6_6r2_d4_ledger.jsonl	2682	c7093ea962dae869e220969507e46977d5335de8c88689006ecc0693f5dd7bd4	yeto-evidence-archive	/openspec/changes/rl-infra-spec/evidence/infra-v2-b1/a4-8card-s4/tests/fixtures/a4s6_6r2_d4_ledger.jsonl
openspec/changes/rl-infra-spec/evidence/infra-v2-b1/a4-8card-s4/tests/fixtures/a4s6_6r2_d4_tape.jsonl	15409	7cbd45541e17646060033345c0157a255d1c219a24646d531d1b80c368b73b4c	yeto-evidence-archive	/openspec/changes/rl-infra-spec/evidence/infra-v2-b1/a4-8card-s4/tests/fixtures/a4s6_6r2_d4_tape.jsonl
openspec/changes/rl-infra-spec/evidence/infra-v2-b1/a4-8card-s4/tests/fixtures/a4s7_s0_epochs.json	226	beea986e61b034f803269b1b7dd3c79b4861eed2da964e0d43361a3491370cb1	yeto-evidence-archive	/openspec/changes/rl-infra-spec/evidence/infra-v2-b1/a4-8card-s4/tests/fixtures/a4s7_s0_epochs.json
openspec/changes/rl-infra-spec/evidence/infra-v2-b1/a4-8card-s4/tests/fixtures/a4s7_s0_inbox/dn1.status.json	74	5ed70802963cc4ae10d8e35a9e17d5c02083498f74474dbfa70a1f97b11a080e	yeto-evidence-archive	/openspec/changes/rl-infra-spec/evidence/infra-v2-b1/a4-8card-s4/tests/fixtures/a4s7_s0_inbox/dn1.status.json
openspec/changes/rl-infra-spec/evidence/infra-v2-b1/a4-8card-s4/tests/fixtures/a4s7_s0_inbox/up1.status.json	95	6a93c6b0d26810cd1ddcf20f2b8d8cba90c9d4adbded9c8ecb894fb40dd62cad	yeto-evidence-archive	/openspec/changes/rl-infra-spec/evidence/infra-v2-b1/a4-8card-s4/tests/fixtures/a4s7_s0_inbox/up1.status.json
openspec/changes/rl-infra-spec/evidence/infra-v2-b1/a4-8card-s4/tests/fixtures/a4s7_s0_journal.jsonl	105	8be83c1b7944114d07419c6b8922fb417e5948d0b4f9635ad62c58621f18f6b2	yeto-evidence-archive	/openspec/changes/rl-infra-spec/evidence/infra-v2-b1/a4-8card-s4/tests/fixtures/a4s7_s0_journal.jsonl
openspec/changes/rl-infra-spec/evidence/infra-v2-b1/a4-8card-s4/tests/fixtures/a4s7_s0_ledger.jsonl	8092	d0ebbc2acb74335fbcd6c7edca374573c87af400673ae62607e84d6334dd0de0	yeto-evidence-archive	/openspec/changes/rl-infra-spec/evidence/infra-v2-b1/a4-8card-s4/tests/fixtures/a4s7_s0_ledger.jsonl
openspec/changes/rl-infra-spec/evidence/infra-v2-b1/a4-8card-s4/tests/fixtures/a4s7_s0_rc.txt	5	93ff7811a209e2a8479230bbb9b6bc19f7f311d3af383ec350c1db2a7e7d5494	yeto-evidence-archive	/openspec/changes/rl-infra-spec/evidence/infra-v2-b1/a4-8card-s4/tests/fixtures/a4s7_s0_rc.txt
openspec/changes/rl-infra-spec/evidence/infra-v2-b1/a4-8card-s4/tests/fixtures/a4s7_s0_syncer.log	3484	039fe5070e9affc6d705a508d76a98629530660c15d39198229f5434538fe62e	yeto-evidence-archive	/openspec/changes/rl-infra-spec/evidence/infra-v2-b1/a4-8card-s4/tests/fixtures/a4s7_s0_syncer.log
openspec/changes/rl-infra-spec/evidence/infra-v2-b1/a4-8card-s4/tests/fixtures/a4s7_s0_syncer_clean.txt	413	62c45b29de5ed92a0306f3d2af51d0a9ac73883591cf2efe1b6612bc01d27862	yeto-evidence-archive	/openspec/changes/rl-infra-spec/evidence/infra-v2-b1/a4-8card-s4/tests/fixtures/a4s7_s0_syncer_clean.txt
openspec/changes/rl-infra-spec/evidence/infra-v2-b1/a4-8card-s4/tests/fixtures/a4s7_s0_tape.jsonl	39542	13fcf72702d964ac2d8ef534ae4ac6923e436f382adff338d84848203c3a18f3	yeto-evidence-archive	/openspec/changes/rl-infra-spec/evidence/infra-v2-b1/a4-8card-s4/tests/fixtures/a4s7_s0_tape.jsonl
openspec/changes/rl-infra-spec/evidence/infra-v2-b1/a4-8card-s4/tests/fixtures/a8ch2_wd_gpu_samples.jsonl	191953	04d815df798c744d5e07224c9c50fb743b6333dc78370ec930874692b40ddf59	yeto-evidence-archive	/openspec/changes/rl-infra-spec/evidence/infra-v2-b1/a4-8card-s4/tests/fixtures/a8ch2_wd_gpu_samples.jsonl
openspec/changes/rl-infra-spec/evidence/infra-v2-b1/a4-8card-s4/tests/fixtures/a8ch2_wd_journal.jsonl	6607	c10a5692af12fb45c12bb7c6260e512afdb5bc830b8a8b8616796c20cac655e7	yeto-evidence-archive	/openspec/changes/rl-infra-spec/evidence/infra-v2-b1/a4-8card-s4/tests/fixtures/a8ch2_wd_journal.jsonl
openspec/changes/rl-infra-spec/evidence/infra-v2-b1/a4-8card-s4/tests/fixtures/a8e1a_tape_fragment.jsonl	9483	964660c1e32e30d6219489ab374c06d84baecafec0f6262bb1f23b27b6bb87d5	yeto-evidence-archive	/openspec/changes/rl-infra-spec/evidence/infra-v2-b1/a4-8card-s4/tests/fixtures/a8e1a_tape_fragment.jsonl
openspec/changes/rl-infra-spec/evidence/infra-v2-b1/a4-8card-s4/tests/fixtures/a8e1b3_journal.jsonl	5698	e8af860ed817e73a087db63f2b65a494ae64a13ad814a9985abcec4f19347258	yeto-evidence-archive	/openspec/changes/rl-infra-spec/evidence/infra-v2-b1/a4-8card-s4/tests/fixtures/a8e1b3_journal.jsonl
openspec/changes/rl-infra-spec/evidence/infra-v2-b1/a4-8card-s4/tests/fixtures/a8e1b3_router_samples.jsonl	82681	84c8cc0db15c1795ca12a7a8f36ee036513c34415157ec26bd57d02727a43dc3	yeto-evidence-archive	/openspec/changes/rl-infra-spec/evidence/infra-v2-b1/a4-8card-s4/tests/fixtures/a8e1b3_router_samples.jsonl
openspec/changes/rl-infra-spec/evidence/infra-v2-b1/a4-8card-s4/tests/fixtures/cpu_r5_journal.jsonl	5890	c41ada968b959045ea29ec3a18fc17a3f361785664a42e6bf87cc3e1f9da4c1c	yeto-evidence-archive	/openspec/changes/rl-infra-spec/evidence/infra-v2-b1/a4-8card-s4/tests/fixtures/cpu_r5_journal.jsonl
openspec/changes/rl-infra-spec/evidence/infra-v2-b1/a4-8card-s4/tests/fixtures/cpu_r5_ledger.jsonl	3127	11e0edb299a2f2a7af2cac7e105ad9274ca518f8b57094eb6973ef2b9f18342d	yeto-evidence-archive	/openspec/changes/rl-infra-spec/evidence/infra-v2-b1/a4-8card-s4/tests/fixtures/cpu_r5_ledger.jsonl
openspec/changes/rl-infra-spec/evidence/infra-v2-b1/a4-8card-s4/tests/fixtures/cpu_r5_tape.jsonl	15623	ce6efcd85f9c8e036c0343e56f1e1029c63899183163efa4b65c3616cec272cd	yeto-evidence-archive	/openspec/changes/rl-infra-spec/evidence/infra-v2-b1/a4-8card-s4/tests/fixtures/cpu_r5_tape.jsonl
openspec/changes/rl-infra-spec/evidence/infra-v2-b1/a4-8card-s4/tests/test_a4_dryrun.sh	2992	d01eab9ca8ddc6aa18053117a48572d5f2cfa7ebda50127ba01abc88a5b965a1	yeto-evidence-archive	/openspec/changes/rl-infra-spec/evidence/infra-v2-b1/a4-8card-s4/tests/test_a4_dryrun.sh
openspec/changes/rl-infra-spec/evidence/infra-v2-b1/a4-8card-s4/tests/test_cleanup.sh	4512	7616e752f897f4ae3e3223e3b79d99feced8762a876a3560c2ea841a756d6f78	yeto-evidence-archive	/openspec/changes/rl-infra-spec/evidence/infra-v2-b1/a4-8card-s4/tests/test_cleanup.sh
openspec/changes/rl-infra-spec/evidence/infra-v2-b1/a4-8card-s4/tests/test_fork_probe.py	2779	31403c6a08b62b29394b30a8d976ed60a7e1452d83f27cd3ece9f8780e637514	yeto-evidence-archive	/openspec/changes/rl-infra-spec/evidence/infra-v2-b1/a4-8card-s4/tests/test_fork_probe.py
openspec/changes/rl-infra-spec/evidence/infra-v2-b1/a4-8card-s4/tests/test_selfcheck.sh	2538	ca2d9d1c88d375736b830ecdd275707f6ee5884a5f1bcd9657beed5425766780	yeto-evidence-archive	/openspec/changes/rl-infra-spec/evidence/infra-v2-b1/a4-8card-s4/tests/test_selfcheck.sh
openspec/changes/rl-infra-spec/evidence/infra-v2-b1/a4/base/args.txt	928	ea37b6f0b3c0cb40d02442bfce1be47019ea70d11b9607517caca413fbae0fa7	yeto-evidence-archive	/openspec/changes/rl-infra-spec/evidence/infra-v2-b1/a4/base/args.txt
openspec/changes/rl-infra-spec/evidence/infra-v2-b1/a4/base/compute-apps.txt	5055	ce27f5d925217d1ee87967d7963a5c0a19cb571c2f4b356d0827180f662bc059	yeto-evidence-archive	/openspec/changes/rl-infra-spec/evidence/infra-v2-b1/a4/base/compute-apps.txt
openspec/changes/rl-infra-spec/evidence/infra-v2-b1/a4/base/end_utc.txt	21	723bb98d885b05fb2a07677a642c9ed6a1db4e510cab1bbb52bdaa6d4f14ef72	yeto-evidence-archive	/openspec/changes/rl-infra-spec/evidence/infra-v2-b1/a4/base/end_utc.txt
openspec/changes/rl-infra-spec/evidence/infra-v2-b1/a4/base/gpu.txt	632	d4740c51052d9f969dc13a55ad0b9821d1e2a784166aad9cfe0f05f54f447af4	yeto-evidence-archive	/openspec/changes/rl-infra-spec/evidence/infra-v2-b1/a4/base/gpu.txt
openspec/changes/rl-infra-spec/evidence/infra-v2-b1/a4/base/launch.log.gz	138013	90ac8f6fb41c1ac11e716edfff73485dc1c1342c165c737ade59453bcb8986b7	yeto-evidence-archive	/openspec/changes/rl-infra-spec/evidence/infra-v2-b1/a4/base/launch.log.gz
openspec/changes/rl-infra-spec/evidence/infra-v2-b1/a4/base/ps.txt.gz	13351	174b0dbf8b55ad58d5417cf87ba8debaa7d0cca5206f2ad20cb3eda94fbc337d	yeto-evidence-archive	/openspec/changes/rl-infra-spec/evidence/infra-v2-b1/a4/base/ps.txt.gz
openspec/changes/rl-infra-spec/evidence/infra-v2-b1/a4/base/rc.txt	5	93ff7811a209e2a8479230bbb9b6bc19f7f311d3af383ec350c1db2a7e7d5494	yeto-evidence-archive	/openspec/changes/rl-infra-spec/evidence/infra-v2-b1/a4/base/rc.txt
openspec/changes/rl-infra-spec/evidence/infra-v2-b1/a4/base/rl-island-0.jsonl	56844	c44ff7ae86075b0ccaa02de73413e12888f5e389c76d7fe4d2c9d33175b0361f	yeto-evidence-archive	/openspec/changes/rl-infra-spec/evidence/infra-v2-b1/a4/base/rl-island-0.jsonl
openspec/changes/rl-infra-spec/evidence/infra-v2-b1/a4/base/start_utc.txt	21	26b7801dfa8f310aea0a9940fbbea6ac7e76cbfcc0a2e5a3ff7e40f53a092ec1	yeto-evidence-archive	/openspec/changes/rl-infra-spec/evidence/infra-v2-b1/a4/base/start_utc.txt
openspec/changes/rl-infra-spec/evidence/infra-v2-b1/a4/base/yeto_sha.txt	8	d06967880c67586224cd6e4413469d20b5d83ad1556418b920c7ef2dd4f62c82	yeto-evidence-archive	/openspec/changes/rl-infra-spec/evidence/infra-v2-b1/a4/base/yeto_sha.txt
openspec/changes/rl-infra-spec/evidence/infra-v2-b1/a4/dryrun-base.json	513	7b18411cf30ac87ca8544441cd0e831828d782ed7a79035716cee257931d288e	yeto-evidence-archive	/openspec/changes/rl-infra-spec/evidence/infra-v2-b1/a4/dryrun-base.json
openspec/changes/rl-infra-spec/evidence/infra-v2-b1/a4/dryrun-d34.json	558	f951b0c6cf5479c72b2e5f181dadcdbf882e7442643e72489a4f2a89db97a381	yeto-evidence-archive	/openspec/changes/rl-infra-spec/evidence/infra-v2-b1/a4/dryrun-d34.json
openspec/changes/rl-infra-spec/evidence/infra-v2-b1/a4/dryrun-d4.json	563	b0230f4fe93cd7f2127172bfeb6d9f0713789152e8eb9a4719d6c7e735c29e80	yeto-evidence-archive	/openspec/changes/rl-infra-spec/evidence/infra-v2-b1/a4/dryrun-d4.json
openspec/changes/rl-infra-spec/evidence/infra-v2-b1/a4/dryrun-d5.json	561	d32f14b3f7dd5f3c0e5858151ef8b659ceb5b3940b2fabf0127ff2f9a330e4ca	yeto-evidence-archive	/openspec/changes/rl-infra-spec/evidence/infra-v2-b1/a4/dryrun-d5.json
openspec/changes/rl-infra-spec/evidence/infra-v2-b1/a4/dryrun-d6.json	561	2b62559ba2d6275025e4dc77709b2dfc3379db9f6fa1068fe8d2444b74f4b445	yeto-evidence-archive	/openspec/changes/rl-infra-spec/evidence/infra-v2-b1/a4/dryrun-d6.json
openspec/changes/rl-infra-spec/evidence/infra-v2-b1/a4/dryrun-e1b.json	560	d2624074363229770124479ebf3cbc9aeaec4bb32c73278d715ef3e6a17a332f	yeto-evidence-archive	/openspec/changes/rl-infra-spec/evidence/infra-v2-b1/a4/dryrun-e1b.json
openspec/changes/rl-infra-spec/evidence/infra-v2-b1/a4/dryrun-e1c.json	553	f9d198cd5cc7ec9be8551a6cc628d86bd6a33139b453ddb43dadd683e05b58cf	yeto-evidence-archive	/openspec/changes/rl-infra-spec/evidence/infra-v2-b1/a4/dryrun-e1c.json
openspec/changes/rl-infra-spec/evidence/infra-v2-b1/a4/dryrun-fp.json	513	7b18411cf30ac87ca8544441cd0e831828d782ed7a79035716cee257931d288e	yeto-evidence-archive	/openspec/changes/rl-infra-spec/evidence/infra-v2-b1/a4/dryrun-fp.json
openspec/changes/rl-infra-spec/evidence/infra-v2-b1/a4/dryrun-r5.json	651	02b0045174206f46ec5ba8b25b5799c202e2a63d2f837ccb75b2e70863219220	yeto-evidence-archive	/openspec/changes/rl-infra-spec/evidence/infra-v2-b1/a4/dryrun-r5.json
openspec/changes/rl-infra-spec/evidence/infra-v2-b1/a4/dryrun-r5c.json	651	02b0045174206f46ec5ba8b25b5799c202e2a63d2f837ccb75b2e70863219220	yeto-evidence-archive	/openspec/changes/rl-infra-spec/evidence/infra-v2-b1/a4/dryrun-r5c.json
openspec/changes/rl-infra-spec/evidence/infra-v2-b1/a4/dryrun-r6.json	651	eda54c2d4a4b9ea117c885a5502db78b50a89c62c0b6b43ab32c859ff0f4a775	yeto-evidence-archive	/openspec/changes/rl-infra-spec/evidence/infra-v2-b1/a4/dryrun-r6.json
openspec/changes/rl-infra-spec/evidence/infra-v2-b1/a4/dryrun-r7.json	604	73cfd8c3ce6c707e67380d715845faa23136ec9574f58df25b95c1ae8289ccb4	yeto-evidence-archive	/openspec/changes/rl-infra-spec/evidence/infra-v2-b1/a4/dryrun-r7.json
openspec/changes/rl-infra-spec/evidence/infra-v2-b1/a4/dryrun-s0.json	528	c3ea54fd1d4eafa27911e7b5f6371f82fd682fec4a2952766cb9cd3ac65e7daf	yeto-evidence-archive	/openspec/changes/rl-infra-spec/evidence/infra-v2-b1/a4/dryrun-s0.json
openspec/changes/rl-infra-spec/evidence/infra-v2-b1/a4/dryrun-wd.json	571	770d3a9485f69b1db5c3278afba437101f3e6087153251303a631867bd0fa6a5	yeto-evidence-archive	/openspec/changes/rl-infra-spec/evidence/infra-v2-b1/a4/dryrun-wd.json
openspec/changes/rl-infra-spec/evidence/infra-v2-b1/a4/dryrun-x2.json	513	7b18411cf30ac87ca8544441cd0e831828d782ed7a79035716cee257931d288e	yeto-evidence-archive	/openspec/changes/rl-infra-spec/evidence/infra-v2-b1/a4/dryrun-x2.json
openspec/changes/rl-infra-spec/evidence/infra-v2-b1/a4/e1b/args.txt	1144	74a59edc4ee6d8f18b503c5637bf4016efa45274e47a14e1b2d9c04c001f7786	yeto-evidence-archive	/openspec/changes/rl-infra-spec/evidence/infra-v2-b1/a4/e1b/args.txt
openspec/changes/rl-infra-spec/evidence/infra-v2-b1/a4/e1b/compute-apps.txt	12019	2967ff2afc59cf097fcd2bf4f3240e2c96448971c09daf5966ca2fa43d13380e	yeto-evidence-archive	/openspec/changes/rl-infra-spec/evidence/infra-v2-b1/a4/e1b/compute-apps.txt
openspec/changes/rl-infra-spec/evidence/infra-v2-b1/a4/e1b/e1b_probe.out	275	245ba08a25decbdb8e29b8ed6b96d7324b6b484a346dd8b825ff1ac8ae44487a	yeto-evidence-archive	/openspec/changes/rl-infra-spec/evidence/infra-v2-b1/a4/e1b/e1b_probe.out
openspec/changes/rl-infra-spec/evidence/infra-v2-b1/a4/e1b/elastic-state/inbox/b-up.status.json	192	bf735a860e581ea1c3db447ec86dae1722d714a9f466619faa8f981f6487098b	yeto-evidence-archive	/openspec/changes/rl-infra-spec/evidence/infra-v2-b1/a4/e1b/elastic-state/inbox/b-up.status.json
openspec/changes/rl-infra-spec/evidence/infra-v2-b1/a4/e1b/end_utc.txt	21	ea244f678cc0af33fe33a58b05191884c3291ad3bee2d351654e7271567baef9	yeto-evidence-archive	/openspec/changes/rl-infra-spec/evidence/infra-v2-b1/a4/e1b/end_utc.txt
openspec/changes/rl-infra-spec/evidence/infra-v2-b1/a4/e1b/gpu.txt	632	68cbc76a00370d4f45c9c9b16d9ed41c7de501cb2bf95e53f2eec991085fa9d7	yeto-evidence-archive	/openspec/changes/rl-infra-spec/evidence/infra-v2-b1/a4/e1b/gpu.txt
openspec/changes/rl-infra-spec/evidence/infra-v2-b1/a4/e1b/launch.log.gz	169464	9d0220c44a38138b6c1255797584c7fafbf9d3e13a7458320363cb62fae0d619	yeto-evidence-archive	/openspec/changes/rl-infra-spec/evidence/infra-v2-b1/a4/e1b/launch.log.gz
openspec/changes/rl-infra-spec/evidence/infra-v2-b1/a4/e1b/override_grep.txt	527	bf7e31d7d2d78928e3d5545225d6c063c3d7c224860671a4a04077aa712a91a7	yeto-evidence-archive	/openspec/changes/rl-infra-spec/evidence/infra-v2-b1/a4/e1b/override_grep.txt
openspec/changes/rl-infra-spec/evidence/infra-v2-b1/a4/e1b/ps.txt.gz	15651	5b49c36fb8ccf74a6ef782e39fe0499367030e40a950424b6a4cd097e32e3e9d	yeto-evidence-archive	/openspec/changes/rl-infra-spec/evidence/infra-v2-b1/a4/e1b/ps.txt.gz
openspec/changes/rl-infra-spec/evidence/infra-v2-b1/a4/e1b/rc.txt	7	786b3e89185dbe1f9234707f10ee7a576f86a02106f44fdd0c5d11b4812dff0b	yeto-evidence-archive	/openspec/changes/rl-infra-spec/evidence/infra-v2-b1/a4/e1b/rc.txt
openspec/changes/rl-infra-spec/evidence/infra-v2-b1/a4/e1b/rl-island-0.final.jsonl	58084	4d11ddae42c76951687f3dba2ae2337d3116185598748f95c006634c745427a4	yeto-evidence-archive	/openspec/changes/rl-infra-spec/evidence/infra-v2-b1/a4/e1b/rl-island-0.final.jsonl
openspec/changes/rl-infra-spec/evidence/infra-v2-b1/a4/e1b/rl-island-0.jsonl	58084	4d11ddae42c76951687f3dba2ae2337d3116185598748f95c006634c745427a4	yeto-evidence-archive	/openspec/changes/rl-infra-spec/evidence/infra-v2-b1/a4/e1b/rl-island-0.jsonl
openspec/changes/rl-infra-spec/evidence/infra-v2-b1/a4/e1b/router_samples.jsonl.gz	8369	a41527b78315b9214687d68409604c53e0ed13d801887d97835f746d22d45143	yeto-evidence-archive	/openspec/changes/rl-infra-spec/evidence/infra-v2-b1/a4/e1b/router_samples.jsonl.gz
openspec/changes/rl-infra-spec/evidence/infra-v2-b1/a4/e1b/start_utc.txt	21	f4c2c88cc2675fc1e6c2870fa441ada861cbf81a9e82e9aa467b293f292539e3	yeto-evidence-archive	/openspec/changes/rl-infra-spec/evidence/infra-v2-b1/a4/e1b/start_utc.txt
openspec/changes/rl-infra-spec/evidence/infra-v2-b1/a4/e1b/yeto_sha.txt	8	d06967880c67586224cd6e4413469d20b5d83ad1556418b920c7ef2dd4f62c82	yeto-evidence-archive	/openspec/changes/rl-infra-spec/evidence/infra-v2-b1/a4/e1b/yeto_sha.txt
openspec/changes/rl-infra-spec/evidence/infra-v2-b1/a4/wd-aborted/args.txt	1049	0743e9d5702af56f5d9acda3b8d2a9ddb2d46ffcffc9c9d6c29eac767f9e57d0	yeto-evidence-archive	/openspec/changes/rl-infra-spec/evidence/infra-v2-b1/a4/wd-aborted/args.txt
openspec/changes/rl-infra-spec/evidence/infra-v2-b1/a4/wd-aborted/end_utc.txt	21	4665c8759f32b78839953b68c1b48876193190e72ed333091ab0b62f94943727	yeto-evidence-archive	/openspec/changes/rl-infra-spec/evidence/infra-v2-b1/a4/wd-aborted/end_utc.txt
openspec/changes/rl-infra-spec/evidence/infra-v2-b1/a4/wd-aborted/gpu.txt	0	e3b0c44298fc1c149afbf4c8996fb92427ae41e4649b934ca495991b7852b855	yeto-evidence-archive	/openspec/changes/rl-infra-spec/evidence/infra-v2-b1/a4/wd-aborted/gpu.txt
openspec/changes/rl-infra-spec/evidence/infra-v2-b1/a4/wd-aborted/launch.log.gz	881	39e9a57776a59b37cb172ce8c18cb46003878352e62b816ed8030d22c0513018	yeto-evidence-archive	/openspec/changes/rl-infra-spec/evidence/infra-v2-b1/a4/wd-aborted/launch.log.gz
openspec/changes/rl-infra-spec/evidence/infra-v2-b1/a4/wd-aborted/rc.txt	7	786b3e89185dbe1f9234707f10ee7a576f86a02106f44fdd0c5d11b4812dff0b	yeto-evidence-archive	/openspec/changes/rl-infra-spec/evidence/infra-v2-b1/a4/wd-aborted/rc.txt
openspec/changes/rl-infra-spec/evidence/infra-v2-b1/a4/wd-aborted/start_utc.txt	21	dc366ce46f978c4263ab20dca7f5d07402dc0c5a1826314490de2c8ecc8ba51f	yeto-evidence-archive	/openspec/changes/rl-infra-spec/evidence/infra-v2-b1/a4/wd-aborted/start_utc.txt
openspec/changes/rl-infra-spec/evidence/infra-v2-b1/a4/x2/args.txt	1005	395cdfdddc54069f952c4a1cee7c0f76d5fbba8a727e60245bfb83e086b7c55f	yeto-evidence-archive	/openspec/changes/rl-infra-spec/evidence/infra-v2-b1/a4/x2/args.txt
openspec/changes/rl-infra-spec/evidence/infra-v2-b1/a4/x2/compute-apps.txt	11787	7450962d9421ce9ffe8ece37e21aeeb60fb00d92cc9576ef4313987d826b8494	yeto-evidence-archive	/openspec/changes/rl-infra-spec/evidence/infra-v2-b1/a4/x2/compute-apps.txt
openspec/changes/rl-infra-spec/evidence/infra-v2-b1/a4/x2/elastic-state/inbox/a4down.status.json	196	03a875a611a2ddb83f43588d28eb28ccc26c33002b322fbdae76372eb1ce1dac	yeto-evidence-archive	/openspec/changes/rl-infra-spec/evidence/infra-v2-b1/a4/x2/elastic-state/inbox/a4down.status.json
openspec/changes/rl-infra-spec/evidence/infra-v2-b1/a4/x2/end_utc.txt	21	280d449d6ecbd1f56bb56ab694259fc83856fd23641e2474411d4ff19b50e72f	yeto-evidence-archive	/openspec/changes/rl-infra-spec/evidence/infra-v2-b1/a4/x2/end_utc.txt
openspec/changes/rl-infra-spec/evidence/infra-v2-b1/a4/x2/gpu.txt	632	245d8312b3621dc28675b9bc7095538a614f150cf327acf1f54e2b26eb80ec5c	yeto-evidence-archive	/openspec/changes/rl-infra-spec/evidence/infra-v2-b1/a4/x2/gpu.txt
openspec/changes/rl-infra-spec/evidence/infra-v2-b1/a4/x2/launch.log.gz	163136	01173084cc8bccd60d777f64552648282ab7a6046132411bde3e11be8c5fd2f5	yeto-evidence-archive	/openspec/changes/rl-infra-spec/evidence/infra-v2-b1/a4/x2/launch.log.gz
openspec/changes/rl-infra-spec/evidence/infra-v2-b1/a4/x2/ps.txt.gz	15190	1af9d54173804d913b1581b904bffb84555fdf5c3b1fab244f85522d9a30cc8c	yeto-evidence-archive	/openspec/changes/rl-infra-spec/evidence/infra-v2-b1/a4/x2/ps.txt.gz
openspec/changes/rl-infra-spec/evidence/infra-v2-b1/a4/x2/rc.txt	5	93ff7811a209e2a8479230bbb9b6bc19f7f311d3af383ec350c1db2a7e7d5494	yeto-evidence-archive	/openspec/changes/rl-infra-spec/evidence/infra-v2-b1/a4/x2/rc.txt
openspec/changes/rl-infra-spec/evidence/infra-v2-b1/a4/x2/rl-island-0.jsonl	58053	06d86433e0a103c128189885196fec824dcfcb5afac5198a7dad84bffad39fdc	yeto-evidence-archive	/openspec/changes/rl-infra-spec/evidence/infra-v2-b1/a4/x2/rl-island-0.jsonl
openspec/changes/rl-infra-spec/evidence/infra-v2-b1/a4/x2/start_utc.txt	21	e5da8b54a1b73f39aab387098af9bb61c3f365b96ba0ba540d2d47243da9ff65	yeto-evidence-archive	/openspec/changes/rl-infra-spec/evidence/infra-v2-b1/a4/x2/start_utc.txt
openspec/changes/rl-infra-spec/evidence/infra-v2-b1/a4/x2/yeto_sha.txt	8	d06967880c67586224cd6e4413469d20b5d83ad1556418b920c7ef2dd4f62c82	yeto-evidence-archive	/openspec/changes/rl-infra-spec/evidence/infra-v2-b1/a4/x2/yeto_sha.txt
openspec/changes/rl-infra-spec/evidence/infra-v2-b1/a4s3/e1b/args.txt	1042	cf41d3fb3b0e8ae1dc40d7d10404cd9e5bb992f5655a8933a32f0ebe20786c2b	yeto-evidence-archive	/openspec/changes/rl-infra-spec/evidence/infra-v2-b1/a4s3/e1b/args.txt
openspec/changes/rl-infra-spec/evidence/infra-v2-b1/a4s3/e1b/cluster.txt	42	c95eedefc28ad9f9dc79e9081070c419dfc191484b2dd0175a4977b515d4a61b	yeto-evidence-archive	/openspec/changes/rl-infra-spec/evidence/infra-v2-b1/a4s3/e1b/cluster.txt
openspec/changes/rl-infra-spec/evidence/infra-v2-b1/a4s3/e1b/compute-apps.txt	8850	e54dc484df25a493d5e89fbe716a211eb8c4859256b81948bf7434fe7916235e	yeto-evidence-archive	/openspec/changes/rl-infra-spec/evidence/infra-v2-b1/a4s3/e1b/compute-apps.txt
openspec/changes/rl-infra-spec/evidence/infra-v2-b1/a4s3/e1b/elastic-state/inbox/b-up.status.json	192	bf735a860e581ea1c3db447ec86dae1722d714a9f466619faa8f981f6487098b	yeto-evidence-archive	/openspec/changes/rl-infra-spec/evidence/infra-v2-b1/a4s3/e1b/elastic-state/inbox/b-up.status.json
openspec/changes/rl-infra-spec/evidence/infra-v2-b1/a4s3/e1b/elastic-state/ledger/journal.lock	0	e3b0c44298fc1c149afbf4c8996fb92427ae41e4649b934ca495991b7852b855	yeto-evidence-archive	/openspec/changes/rl-infra-spec/evidence/infra-v2-b1/a4s3/e1b/elastic-state/ledger/journal.lock
openspec/changes/rl-infra-spec/evidence/infra-v2-b1/a4s3/e1b/end_utc.txt	21	0df5ece912fa81c47b426abb42f56e51d91ed9d370135f02c08cff3922c998e6	yeto-evidence-archive	/openspec/changes/rl-infra-spec/evidence/infra-v2-b1/a4s3/e1b/end_utc.txt
openspec/changes/rl-infra-spec/evidence/infra-v2-b1/a4s3/e1b/gpu.txt	632	f846eacf79907640a4fda18188fa5ca28ba0b10f266daaf35b8278f9d4b4667e	yeto-evidence-archive	/openspec/changes/rl-infra-spec/evidence/infra-v2-b1/a4s3/e1b/gpu.txt
openspec/changes/rl-infra-spec/evidence/infra-v2-b1/a4s3/e1b/gpu_samples.jsonl.gz	3323	abe4935e95be99d59450b6c55080a65a1ac4246a5fd1c293d0bdf563138a087f	yeto-evidence-archive	/openspec/changes/rl-infra-spec/evidence/infra-v2-b1/a4s3/e1b/gpu_samples.jsonl.gz
openspec/changes/rl-infra-spec/evidence/infra-v2-b1/a4s3/e1b/inwatch-arm.txt	5261	4b78ef87a8d5c6af914e2a95ee62a7a11eecb9b58603f9c1e396bb7210a0d4c0	yeto-evidence-archive	/openspec/changes/rl-infra-spec/evidence/infra-v2-b1/a4s3/e1b/inwatch-arm.txt
openspec/changes/rl-infra-spec/evidence/infra-v2-b1/a4s3/e1b/launch.log.gz	128879	5c3a0eab878a8bd55f2895853879c5724fb5017f0dfa57048dca81f4485e290c	yeto-evidence-archive	/openspec/changes/rl-infra-spec/evidence/infra-v2-b1/a4s3/e1b/launch.log.gz
openspec/changes/rl-infra-spec/evidence/infra-v2-b1/a4s3/e1b/nstop.out	2	75a11da44c802486bc6f65640aa48a730f0f684c5c07a42ba3cd1735eb3fb070	yeto-evidence-archive	/openspec/changes/rl-infra-spec/evidence/infra-v2-b1/a4s3/e1b/nstop.out
openspec/changes/rl-infra-spec/evidence/infra-v2-b1/a4s3/e1b/probe_after.txt	1551	e466543b91fd0cd96fa065cd2ea5edecee5108b3a84b0ba1eddd2ed327d7f937	yeto-evidence-archive	/openspec/changes/rl-infra-spec/evidence/infra-v2-b1/a4s3/e1b/probe_after.txt
openspec/changes/rl-infra-spec/evidence/infra-v2-b1/a4s3/e1b/probe_after.txt.attempts	3033	97b19b36125b2daf0d394bf6dbd0ad2f8b4c44dcfef403112c1b90d42178af1c	yeto-evidence-archive	/openspec/changes/rl-infra-spec/evidence/infra-v2-b1/a4s3/e1b/probe_after.txt.attempts
openspec/changes/rl-infra-spec/evidence/infra-v2-b1/a4s3/e1b/probe_oldepoch.txt	2133	8b78a3abe03b110ec017741629e60024171bce37e2cc6eb96a12c6f7310e6e11	yeto-evidence-archive	/openspec/changes/rl-infra-spec/evidence/infra-v2-b1/a4s3/e1b/probe_oldepoch.txt
openspec/changes/rl-infra-spec/evidence/infra-v2-b1/a4s3/e1b/probe_stale.txt	7	976a265777857bf9571fdb1315bf7aaeee9ba05b1ce63f067226d39323684243	yeto-evidence-archive	/openspec/changes/rl-infra-spec/evidence/infra-v2-b1/a4s3/e1b/probe_stale.txt
openspec/changes/rl-infra-spec/evidence/infra-v2-b1/a4s3/e1b/ps.txt.gz	20225	8820bf10f6d6fd68b00dcb279f277dfc058ba3c120ca729ea0d20533b55c513c	yeto-evidence-archive	/openspec/changes/rl-infra-spec/evidence/infra-v2-b1/a4s3/e1b/ps.txt.gz
openspec/changes/rl-infra-spec/evidence/infra-v2-b1/a4s3/e1b/rc.txt	7	786b3e89185dbe1f9234707f10ee7a576f86a02106f44fdd0c5d11b4812dff0b	yeto-evidence-archive	/openspec/changes/rl-infra-spec/evidence/infra-v2-b1/a4s3/e1b/rc.txt
openspec/changes/rl-infra-spec/evidence/infra-v2-b1/a4s3/e1b/rl-island-0.jsonl	14334	d839defda7dd4fb8a5c328ab2013e1b646fe92c8ae87e15d4fc8822a761d7238	yeto-evidence-archive	/openspec/changes/rl-infra-spec/evidence/infra-v2-b1/a4s3/e1b/rl-island-0.jsonl
openspec/changes/rl-infra-spec/evidence/infra-v2-b1/a4s3/e1b/router_samples.jsonl.gz	8819	ac50e9f511bb36b2482839cc1d526883d56a97b0ed49ffdea1747af64b65fa59	yeto-evidence-archive	/openspec/changes/rl-infra-spec/evidence/infra-v2-b1/a4s3/e1b/router_samples.jsonl.gz
openspec/changes/rl-infra-spec/evidence/infra-v2-b1/a4s3/e1b/selfcheck.txt	476	05776b9ecb76c199127b4ef8c119e376fa121987fafb9ad6ae41cbae359af5e0	yeto-evidence-archive	/openspec/changes/rl-infra-spec/evidence/infra-v2-b1/a4s3/e1b/selfcheck.txt
openspec/changes/rl-infra-spec/evidence/infra-v2-b1/a4s3/e1b/selfcheck_probe.txt	3113	606cb7f09ccee39778ad6d21e984aab673c287196cfb37709372f348f735ba5c	yeto-evidence-archive	/openspec/changes/rl-infra-spec/evidence/infra-v2-b1/a4s3/e1b/selfcheck_probe.txt
openspec/changes/rl-infra-spec/evidence/infra-v2-b1/a4s3/e1b/start_utc.txt	21	4618c18c8e8ae2ead016de452cbc795aa959451a36fa0af3be66c86013f9650c	yeto-evidence-archive	/openspec/changes/rl-infra-spec/evidence/infra-v2-b1/a4s3/e1b/start_utc.txt
openspec/changes/rl-infra-spec/evidence/infra-v2-b1/a4s3/e1b/terminal_seen.txt	21	8ed76d2ac71dac8da97b364d5cb47031293c210e55e7fe554984b80864335c9d	yeto-evidence-archive	/openspec/changes/rl-infra-spec/evidence/infra-v2-b1/a4s3/e1b/terminal_seen.txt
openspec/changes/rl-infra-spec/evidence/infra-v2-b1/a4s3/e1b/yeto_sha.txt	8	a2aefe99f5dff8e04c8b9d7c362421eccb1823361d6f8954d794e2afd41b2783	yeto-evidence-archive	/openspec/changes/rl-infra-spec/evidence/infra-v2-b1/a4s3/e1b/yeto_sha.txt
openspec/changes/rl-infra-spec/evidence/infra-v2-b1/a4s3/tools/a4go.sh	1169	d4ff6738b1e5577020a45aac60e49505c17d1911b48c8f26cfc61e6aea1682cd	yeto-evidence-archive	/openspec/changes/rl-infra-spec/evidence/infra-v2-b1/a4s3/tools/a4go.sh
openspec/changes/rl-infra-spec/evidence/infra-v2-b1/a4s3/tools/attestation-s3.json	279	f7338ec7aecc7fd94506761504e6bdae1153a8945953214fa9a04e014cab5233	yeto-evidence-archive	/openspec/changes/rl-infra-spec/evidence/infra-v2-b1/a4s3/tools/attestation-s3.json
openspec/changes/rl-infra-spec/evidence/infra-v2-b1/a4s3/tools/attestation-s5.json	279	d1ae63d912df571bcbb126f4d152c095a875b79a85460156b433f5f9b81185ab	yeto-evidence-archive	/openspec/changes/rl-infra-spec/evidence/infra-v2-b1/a4s3/tools/attestation-s5.json
openspec/changes/rl-infra-spec/evidence/infra-v2-b1/a4s3/tools/collect.sh	1684	d883da6f006c220a2897a58bf19e0dc994d5ab0f957a9929f201267713ec1d40	yeto-evidence-archive	/openspec/changes/rl-infra-spec/evidence/infra-v2-b1/a4s3/tools/collect.sh
openspec/changes/rl-infra-spec/evidence/infra-v2-b1/a4s3/tools/dctl.py	2555	1ba49c0875c5ce825ce161916b869937a07376fe1baa3e68f2a03bbbbcf07f53	yeto-evidence-archive	/openspec/changes/rl-infra-spec/evidence/infra-v2-b1/a4s3/tools/dctl.py
openspec/changes/rl-infra-spec/evidence/infra-v2-b1/a4s3/tools/dkill.py	3188	160dd9a5daa4387fe8c5d0cf0d23967eb364d59a12e1f74304ab6b8a56be450f	yeto-evidence-archive	/openspec/changes/rl-infra-spec/evidence/infra-v2-b1/a4s3/tools/dkill.py
openspec/changes/rl-infra-spec/evidence/infra-v2-b1/a4s3/tools/e1b_after2.sh	1608	924d68bc5cfc9f5f53b0b86d13103fd051012af418ee3ee54c1ba4d934db5a55	yeto-evidence-archive	/openspec/changes/rl-infra-spec/evidence/infra-v2-b1/a4s3/tools/e1b_after2.sh
openspec/changes/rl-infra-spec/evidence/infra-v2-b1/a4s3/tools/fork_probe.py	2070	32b48ae390db2fb1d4951f10f5e96563b3147110d09e599ae8ba93d9c4882663	yeto-evidence-archive	/openspec/changes/rl-infra-spec/evidence/infra-v2-b1/a4s3/tools/fork_probe.py
openspec/changes/rl-infra-spec/evidence/infra-v2-b1/a4s3/tools/inwatch.py	1291	7b8e8f387326ff17186e82b7f41e145458a39ab7df90e19f7dd633327b0d9347	yeto-evidence-archive	/openspec/changes/rl-infra-spec/evidence/infra-v2-b1/a4s3/tools/inwatch.py
openspec/changes/rl-infra-spec/evidence/infra-v2-b1/a4s3/tools/mkatt.sh	876	6c1b67adf660f7d071fb2cd0cd8bd93c3b87e1a64d346e50cf023f040366d06a	yeto-evidence-archive	/openspec/changes/rl-infra-spec/evidence/infra-v2-b1/a4s3/tools/mkatt.sh
openspec/changes/rl-infra-spec/evidence/infra-v2-b1/a4s3/tools/n2arm.sh	953	b1bf95ecfbe822bdabe5e9e5f7b3d9d80f627920f241758820e708ade840aca3	yeto-evidence-archive	/openspec/changes/rl-infra-spec/evidence/infra-v2-b1/a4s3/tools/n2arm.sh
openspec/changes/rl-infra-spec/evidence/infra-v2-b1/a4s3/tools/n2inwatch.sh	839	7049a4e37fe30b0d9c8948856f87c84f863e9007047e0777a719fb7788b5367c	yeto-evidence-archive	/openspec/changes/rl-infra-spec/evidence/infra-v2-b1/a4s3/tools/n2inwatch.sh
openspec/changes/rl-infra-spec/evidence/infra-v2-b1/a4s3/tools/n2run.sh	4078	60e44dde1eac7514ca20d6d36306d448f6fa512a4b0903cbe46c65e2fef52751	yeto-evidence-archive	/openspec/changes/rl-infra-spec/evidence/infra-v2-b1/a4s3/tools/n2run.sh
openspec/changes/rl-infra-spec/evidence/infra-v2-b1/a4s3/tools/nstop.sh	1693	96b800ea088df16e9193c04fe739b8cc9e14cd6c0018f6cebcf711307e0a1e0b	yeto-evidence-archive	/openspec/changes/rl-infra-spec/evidence/infra-v2-b1/a4s3/tools/nstop.sh
openspec/changes/rl-infra-spec/evidence/infra-v2-b1/a4s3/tools/probelib.sh	465	5702eb8cd4feed7207fe589f387e50c38289794098dc2081b787edf1290af57a	yeto-evidence-archive	/openspec/changes/rl-infra-spec/evidence/infra-v2-b1/a4s3/tools/probelib.sh
openspec/changes/rl-infra-spec/evidence/infra-v2-b1/a4s3/tools/router_sampler.py	2125	1ddce1e1c5d8761a49d2437a137e7df96f8452d4d924255c5d055142e4ba5b75	yeto-evidence-archive	/openspec/changes/rl-infra-spec/evidence/infra-v2-b1/a4s3/tools/router_sampler.py
openspec/changes/rl-infra-spec/evidence/infra-v2-b1/a4s3/tools/run_probe.sh	540	85e10ff5b995b5135673958ee2236412eca54cddba41390e067bb15e7464377c	yeto-evidence-archive	/openspec/changes/rl-infra-spec/evidence/infra-v2-b1/a4s3/tools/run_probe.sh
openspec/changes/rl-infra-spec/evidence/infra-v2-b1/a4s3/tools/selfcheck.sh	1401	5230e2d2a77dc99667710cb6f6176cf4fc97e301b2b21d017b586a71212a6355	yeto-evidence-archive	/openspec/changes/rl-infra-spec/evidence/infra-v2-b1/a4s3/tools/selfcheck.sh
openspec/changes/rl-infra-spec/evidence/infra-v2-b1/a4s3/watchdog/args.txt	1048	119db028b4cdbe4b2134cbb7abdd4cf8ce993c38dc525db458ce6510faa35b25	yeto-evidence-archive	/openspec/changes/rl-infra-spec/evidence/infra-v2-b1/a4s3/watchdog/args.txt
openspec/changes/rl-infra-spec/evidence/infra-v2-b1/a4s3/watchdog/cluster.txt	41	b6bfea5512e68afd6d207959b8bc7ac44891b5a9a4d1b25dc05117b399448d8f	yeto-evidence-archive	/openspec/changes/rl-infra-spec/evidence/infra-v2-b1/a4s3/watchdog/cluster.txt
openspec/changes/rl-infra-spec/evidence/infra-v2-b1/a4s3/watchdog/compute-apps.txt	9514	c0a2b640ed017d6c7453363dd45990a7ef0b8a46751611dbeb75d7aa5ce23c7e	yeto-evidence-archive	/openspec/changes/rl-infra-spec/evidence/infra-v2-b1/a4s3/watchdog/compute-apps.txt
openspec/changes/rl-infra-spec/evidence/infra-v2-b1/a4s3/watchdog/elastic-state/inbox/wd-up.status.json	194	6ce5069dfd33aef2d3a4c63e55bd830e845eafb6a9231f4127d75340e334eeeb	yeto-evidence-archive	/openspec/changes/rl-infra-spec/evidence/infra-v2-b1/a4s3/watchdog/elastic-state/inbox/wd-up.status.json
openspec/changes/rl-infra-spec/evidence/infra-v2-b1/a4s3/watchdog/elastic-state/ledger/journal.lock	0	e3b0c44298fc1c149afbf4c8996fb92427ae41e4649b934ca495991b7852b855	yeto-evidence-archive	/openspec/changes/rl-infra-spec/evidence/infra-v2-b1/a4s3/watchdog/elastic-state/ledger/journal.lock
openspec/changes/rl-infra-spec/evidence/infra-v2-b1/a4s3/watchdog/end_utc.txt	21	3cdf26d35f69f4629b5cd69beaa2edcf35a76a4f1d42d649a4dfbe98698e51a4	yeto-evidence-archive	/openspec/changes/rl-infra-spec/evidence/infra-v2-b1/a4s3/watchdog/end_utc.txt
openspec/changes/rl-infra-spec/evidence/infra-v2-b1/a4s3/watchdog/gpu.txt	632	d918039e7b898af7db2414e91b38e3f377eb62b87fc162a8297fb37307b7cdcb	yeto-evidence-archive	/openspec/changes/rl-infra-spec/evidence/infra-v2-b1/a4s3/watchdog/gpu.txt
openspec/changes/rl-infra-spec/evidence/infra-v2-b1/a4s3/watchdog/inwatch-arm.txt	5262	c57778d2c175f19512d2e2138ca4cdeba7a690e712ef02012d7c68aa0eb149e9	yeto-evidence-archive	/openspec/changes/rl-infra-spec/evidence/infra-v2-b1/a4s3/watchdog/inwatch-arm.txt
openspec/changes/rl-infra-spec/evidence/infra-v2-b1/a4s3/watchdog/launch.log.gz	103923	a614e548d6e39a07c3818c9fccebe4b170cbff52f925b7dbe16ab3203c5cc8ba	yeto-evidence-archive	/openspec/changes/rl-infra-spec/evidence/infra-v2-b1/a4s3/watchdog/launch.log.gz
openspec/changes/rl-infra-spec/evidence/infra-v2-b1/a4s3/watchdog/nstop.out	150	4ce7196d5b880d8e81a929415671dbd0f7626a1db13a27e179afe069621f8bb4	yeto-evidence-archive	/openspec/changes/rl-infra-spec/evidence/infra-v2-b1/a4s3/watchdog/nstop.out
openspec/changes/rl-infra-spec/evidence/infra-v2-b1/a4s3/watchdog/probe_after.txt	112	fa00f56afcd4dd80ad57b0aad3d3730cd8361cb30a92d9275dc2245485bb129c	yeto-evidence-archive	/openspec/changes/rl-infra-spec/evidence/infra-v2-b1/a4s3/watchdog/probe_after.txt
openspec/changes/rl-infra-spec/evidence/infra-v2-b1/a4s3/watchdog/probe_after.txt.attempts	96	f19bf1153607b1af2856d65a389668e1be8af3523e9098006668069938086be9	yeto-evidence-archive	/openspec/changes/rl-infra-spec/evidence/infra-v2-b1/a4s3/watchdog/probe_after.txt.attempts
openspec/changes/rl-infra-spec/evidence/infra-v2-b1/a4s3/watchdog/ps.txt.gz	14580	37b888c4975e1bcefc4e1b6937360fe90e0c2bcb9e2c05241e926ce255f89e6f	yeto-evidence-archive	/openspec/changes/rl-infra-spec/evidence/infra-v2-b1/a4s3/watchdog/ps.txt.gz
openspec/changes/rl-infra-spec/evidence/infra-v2-b1/a4s3/watchdog/rc.txt	5	93ff7811a209e2a8479230bbb9b6bc19f7f311d3af383ec350c1db2a7e7d5494	yeto-evidence-archive	/openspec/changes/rl-infra-spec/evidence/infra-v2-b1/a4s3/watchdog/rc.txt
openspec/changes/rl-infra-spec/evidence/infra-v2-b1/a4s3/watchdog/rl-island-0.jsonl	20418	e355c79ce19ebadb52400c043a43d22f4a8e56233b99c1bbb69f42271005561f	yeto-evidence-archive	/openspec/changes/rl-infra-spec/evidence/infra-v2-b1/a4s3/watchdog/rl-island-0.jsonl
openspec/changes/rl-infra-spec/evidence/infra-v2-b1/a4s3/watchdog/selfcheck.txt	477	0153621477da45004ed3320c2b17bfbd83cb3a19e96562fead5488be0a386800	yeto-evidence-archive	/openspec/changes/rl-infra-spec/evidence/infra-v2-b1/a4s3/watchdog/selfcheck.txt
openspec/changes/rl-infra-spec/evidence/infra-v2-b1/a4s3/watchdog/selfcheck_probe.txt	2690	88797c4e7bf36a5efcd9c1e840eedb4135af9d79f4cc796e8239b76f3a16a8a9	yeto-evidence-archive	/openspec/changes/rl-infra-spec/evidence/infra-v2-b1/a4s3/watchdog/selfcheck_probe.txt
openspec/changes/rl-infra-spec/evidence/infra-v2-b1/a4s3/watchdog/start_utc.txt	21	5a531395176afacbe36fce5a4480c99e65616b7eb33c8d13345089ea4674e109	yeto-evidence-archive	/openspec/changes/rl-infra-spec/evidence/infra-v2-b1/a4s3/watchdog/start_utc.txt
openspec/changes/rl-infra-spec/evidence/infra-v2-b1/a4s3/watchdog/terminal_seen.txt	21	1771f58175126ab328405d1c2b128557ab61fa87230f853d4c1f80ac91b249ee	yeto-evidence-archive	/openspec/changes/rl-infra-spec/evidence/infra-v2-b1/a4s3/watchdog/terminal_seen.txt
openspec/changes/rl-infra-spec/evidence/infra-v2-b1/a4s3/watchdog/yeto_sha.txt	8	a2aefe99f5dff8e04c8b9d7c362421eccb1823361d6f8954d794e2afd41b2783	yeto-evidence-archive	/openspec/changes/rl-infra-spec/evidence/infra-v2-b1/a4s3/watchdog/yeto_sha.txt
openspec/changes/rl-infra-spec/evidence/infra-v2-b1/a5/dryrun-baseline.json	1244	52767963bc495122147ed88677a5ecd5387755d2b43d9fd26b226867a6f9248b	yeto-evidence-archive	/openspec/changes/rl-infra-spec/evidence/infra-v2-b1/a5/dryrun-baseline.json
openspec/changes/rl-infra-spec/evidence/infra-v2-b1/a5/dryrun-fp.json	1244	52767963bc495122147ed88677a5ecd5387755d2b43d9fd26b226867a6f9248b	yeto-evidence-archive	/openspec/changes/rl-infra-spec/evidence/infra-v2-b1/a5/dryrun-fp.json
openspec/changes/rl-infra-spec/evidence/infra-v2-b1/a5/dryrun-quorum.json	1373	b94b751b73503625359d78563504c1c091db498e711381686dcf4a98b94fc859	yeto-evidence-archive	/openspec/changes/rl-infra-spec/evidence/infra-v2-b1/a5/dryrun-quorum.json
openspec/changes/rl-infra-spec/evidence/infra-v2-b1/a5/dryrun-switch.json	1244	52767963bc495122147ed88677a5ecd5387755d2b43d9fd26b226867a6f9248b	yeto-evidence-archive	/openspec/changes/rl-infra-spec/evidence/infra-v2-b1/a5/dryrun-switch.json
openspec/changes/rl-infra-spec/evidence/infra-v2-b1/a5/resources-3.json	288	46316603a749a7909dcb89b9bb1450b797b631a0752694427517ecb1553e666d	yeto-evidence-archive	/openspec/changes/rl-infra-spec/evidence/infra-v2-b1/a5/resources-3.json
openspec/changes/rl-infra-spec/evidence/infra-v2-b1/cfg/attestation-3.json	281	67814391dba89cf59e3fdb852d93f0a7d0aa28bfcac589913c4ac461504f6f31	yeto-evidence-archive	/openspec/changes/rl-infra-spec/evidence/infra-v2-b1/cfg/attestation-3.json
openspec/changes/rl-infra-spec/evidence/infra-v2-b1/cfg/resources-3.json	288	46316603a749a7909dcb89b9bb1450b797b631a0752694427517ecb1553e666d	yeto-evidence-archive	/openspec/changes/rl-infra-spec/evidence/infra-v2-b1/cfg/resources-3.json
openspec/changes/rl-infra-spec/evidence/infra-v2-b1/f0/args.txt	625	ee44f6b7e0c949c19550255e649387961759fffdf3e04f61f232420aec8db0d6	yeto-evidence-archive	/openspec/changes/rl-infra-spec/evidence/infra-v2-b1/f0/args.txt
openspec/changes/rl-infra-spec/evidence/infra-v2-b1/f0/compute-apps.txt	2005	cdd9903b5b18d74aad1b6482bfe387ae4b7a017dd2fa14d6b07b547b037842ab	yeto-evidence-archive	/openspec/changes/rl-infra-spec/evidence/infra-v2-b1/f0/compute-apps.txt
openspec/changes/rl-infra-spec/evidence/infra-v2-b1/f0/end_utc.txt	21	f0214eb0569f4540b6c7621f66aada07338589ebba55daee236b357de1809b04	yeto-evidence-archive	/openspec/changes/rl-infra-spec/evidence/infra-v2-b1/f0/end_utc.txt
openspec/changes/rl-infra-spec/evidence/infra-v2-b1/f0/events.jsonl	4017	6317ae86365790886e1abe7f9a4a5fa7e6c8c4f9c7e26f5a7b2730e6f57792e0	yeto-evidence-archive	/openspec/changes/rl-infra-spec/evidence/infra-v2-b1/f0/events.jsonl
openspec/changes/rl-infra-spec/evidence/infra-v2-b1/f0/gpu.txt	57	eb50367f1315d7dfb34f3f8f850d52219dcbe41d4d0cc4a324e0a8133ef4d57f	yeto-evidence-archive	/openspec/changes/rl-infra-spec/evidence/infra-v2-b1/f0/gpu.txt
openspec/changes/rl-infra-spec/evidence/infra-v2-b1/f0/launch.log.gz	54144	43ec64e5d3671cfdb9aacbeee1b692f300e4dced38889b5a5d6e2fe67f10ab77	yeto-evidence-archive	/openspec/changes/rl-infra-spec/evidence/infra-v2-b1/f0/launch.log.gz
openspec/changes/rl-infra-spec/evidence/infra-v2-b1/f0/modal_app_list.txt	211	6efe4c05d86a708d12d8954d3e2e148ab1eebc24d8f86683d1fb3ca37598f26f	yeto-evidence-archive	/openspec/changes/rl-infra-spec/evidence/infra-v2-b1/f0/modal_app_list.txt
openspec/changes/rl-infra-spec/evidence/infra-v2-b1/f0/rc.txt	5	9830ce9d409097e8147e1ce53d55c9b0539a7344c241bd2caad75ca441f08355	yeto-evidence-archive	/openspec/changes/rl-infra-spec/evidence/infra-v2-b1/f0/rc.txt
openspec/changes/rl-infra-spec/evidence/infra-v2-b1/f0/start_utc.txt	21	9160343a82d1ad60d3745b049eb6742f7ff68580fb58691c551ad756d1651f5a	yeto-evidence-archive	/openspec/changes/rl-infra-spec/evidence/infra-v2-b1/f0/start_utc.txt
openspec/changes/rl-infra-spec/evidence/infra-v2-b1/f0/yeto_sha.txt	8	36dae34fd01a6814ac8fd18a3288f895ac87e2aaa0d98d478c3dae4474fb7a78	yeto-evidence-archive	/openspec/changes/rl-infra-spec/evidence/infra-v2-b1/f0/yeto_sha.txt
openspec/changes/rl-infra-spec/evidence/infra-v2-b1/fe1/args.txt	924	cb6314ae639859d8496867a64b724c5d74a79973382f667739bc203c64d5586b	yeto-evidence-archive	/openspec/changes/rl-infra-spec/evidence/infra-v2-b1/fe1/args.txt
openspec/changes/rl-infra-spec/evidence/infra-v2-b1/fe1/compute-apps.txt	2479	dd77e0b8e8ad6506431e9198ac091a558bf367d95db1dd9170bea5041d6b9be3	yeto-evidence-archive	/openspec/changes/rl-infra-spec/evidence/infra-v2-b1/fe1/compute-apps.txt
openspec/changes/rl-infra-spec/evidence/infra-v2-b1/fe1/elastic-state/inbox/fe1-down.status.json	79	ff71aa6242e0fb856eb1f2017e436533bc7bff7edd008eafe64ff68c47ac11b1	yeto-evidence-archive	/openspec/changes/rl-infra-spec/evidence/infra-v2-b1/fe1/elastic-state/inbox/fe1-down.status.json
openspec/changes/rl-infra-spec/evidence/infra-v2-b1/fe1/elastic-state/inbox/fe1-up.status.json	196	601f242730ac1c7817f940ab487773abbc4901c5208f9de87d9a1982ac1e9285	yeto-evidence-archive	/openspec/changes/rl-infra-spec/evidence/infra-v2-b1/fe1/elastic-state/inbox/fe1-up.status.json
openspec/changes/rl-infra-spec/evidence/infra-v2-b1/fe1/end_utc.txt	21	d93a13bedf132c1eddfe41228cefb3cf3f4516746656ae74ca0ceff08264882b	yeto-evidence-archive	/openspec/changes/rl-infra-spec/evidence/infra-v2-b1/fe1/end_utc.txt
openspec/changes/rl-infra-spec/evidence/infra-v2-b1/fe1/events.jsonl	11056	1a0db52216d6121eedad5d47cb15195a2709ad8597e79d274cd5a0145b8afbec	yeto-evidence-archive	/openspec/changes/rl-infra-spec/evidence/infra-v2-b1/fe1/events.jsonl
openspec/changes/rl-infra-spec/evidence/infra-v2-b1/fe1/gpu.txt	171	da081de657ff2db8f6d391066f025e9f9c596f66853d98e37c2eb964abb50230	yeto-evidence-archive	/openspec/changes/rl-infra-spec/evidence/infra-v2-b1/fe1/gpu.txt
openspec/changes/rl-infra-spec/evidence/infra-v2-b1/fe1/launch.log.gz	68587	d5eb2e1b9a3902f2245b815b40e07640c0e48b601675aee601286a76e78eff3e	yeto-evidence-archive	/openspec/changes/rl-infra-spec/evidence/infra-v2-b1/fe1/launch.log.gz
openspec/changes/rl-infra-spec/evidence/infra-v2-b1/fe1/rc.txt	7	786b3e89185dbe1f9234707f10ee7a576f86a02106f44fdd0c5d11b4812dff0b	yeto-evidence-archive	/openspec/changes/rl-infra-spec/evidence/infra-v2-b1/fe1/rc.txt
openspec/changes/rl-infra-spec/evidence/infra-v2-b1/fe1/start_utc.txt	21	b8786d6d1dbdcf0fa4c70efbf869b1043ee4158516177a85d9ad2e17f8a16027	yeto-evidence-archive	/openspec/changes/rl-infra-spec/evidence/infra-v2-b1/fe1/start_utc.txt
openspec/changes/rl-infra-spec/evidence/infra-v2-b1/fe1/submit-fe1-down.txt	110	36cb39f33aa385778dc8aa26826249d3205f6595cb38c8940e13df78c8506205	yeto-evidence-archive	/openspec/changes/rl-infra-spec/evidence/infra-v2-b1/fe1/submit-fe1-down.txt
openspec/changes/rl-infra-spec/evidence/infra-v2-b1/fe1/submit-fe1-up.txt	87	58b03d14816ab56573eb335b022643aa8c2baf77ca22c32335c220f86e9ae13a	yeto-evidence-archive	/openspec/changes/rl-infra-spec/evidence/infra-v2-b1/fe1/submit-fe1-up.txt
openspec/changes/rl-infra-spec/evidence/infra-v2-b1/fe1/yeto_sha.txt	8	844f559106ea9af50989d8925db90aab4415d2b9c3f812d967637a571bbed156	yeto-evidence-archive	/openspec/changes/rl-infra-spec/evidence/infra-v2-b1/fe1/yeto_sha.txt
openspec/changes/rl-infra-spec/evidence/infra-v2-b1/fe1fp/app_final.txt	53	9f2665ca3e85c71d62ae9cdcf3325a793e500fc840cf9272b724324d922e4b55	yeto-evidence-archive	/openspec/changes/rl-infra-spec/evidence/infra-v2-b1/fe1fp/app_final.txt
openspec/changes/rl-infra-spec/evidence/infra-v2-b1/fe1fp/args.txt	847	d851232deeab40e799e6492f103f5c604f124e11d703a976ac3808f1e44c2184	yeto-evidence-archive	/openspec/changes/rl-infra-spec/evidence/infra-v2-b1/fe1fp/args.txt
openspec/changes/rl-infra-spec/evidence/infra-v2-b1/fe1fp/compute-apps.txt	1499	bf9cbd02295cad37fa105124ea57dd4f28c3e1b9af48d4a1ff99cabf305755b4	yeto-evidence-archive	/openspec/changes/rl-infra-spec/evidence/infra-v2-b1/fe1fp/compute-apps.txt
openspec/changes/rl-infra-spec/evidence/infra-v2-b1/fe1fp/end_utc.txt	21	e117fc84963b066022afbcce843c9009151214235186806ce21a07bf34c13922	yeto-evidence-archive	/openspec/changes/rl-infra-spec/evidence/infra-v2-b1/fe1fp/end_utc.txt
openspec/changes/rl-infra-spec/evidence/infra-v2-b1/fe1fp/events.jsonl	1610	3d389a7cc529a8ce8dd5250e6cbb7b9dd9e5dd8f99eb46c001b2a581f78a46a5	yeto-evidence-archive	/openspec/changes/rl-infra-spec/evidence/infra-v2-b1/fe1fp/events.jsonl
openspec/changes/rl-infra-spec/evidence/infra-v2-b1/fe1fp/gpu.txt	171	db534bb20a0237eda4b54d27f99254d14fb2b5e4d23480d2462b8b8b590d0925	yeto-evidence-archive	/openspec/changes/rl-infra-spec/evidence/infra-v2-b1/fe1fp/gpu.txt
openspec/changes/rl-infra-spec/evidence/infra-v2-b1/fe1fp/launch.log.gz	47370	d12dfbf8fb4ee70c5aaf4b1dfcd7b8af646e85e0cfe56790e15d94b977ae77c1	yeto-evidence-archive	/openspec/changes/rl-infra-spec/evidence/infra-v2-b1/fe1fp/launch.log.gz
openspec/changes/rl-infra-spec/evidence/infra-v2-b1/fe1fp/rc.txt	7	786b3e89185dbe1f9234707f10ee7a576f86a02106f44fdd0c5d11b4812dff0b	yeto-evidence-archive	/openspec/changes/rl-infra-spec/evidence/infra-v2-b1/fe1fp/rc.txt
openspec/changes/rl-infra-spec/evidence/infra-v2-b1/fe1fp/start_utc.txt	21	859144c42c3cc0a84bf371ed73fd7369bec879475d8b87176710edf8285494eb	yeto-evidence-archive	/openspec/changes/rl-infra-spec/evidence/infra-v2-b1/fe1fp/start_utc.txt
openspec/changes/rl-infra-spec/evidence/infra-v2-b1/fe1fp/yeto_sha.txt	8	99c5240fa1fe30aae744bbe5f75eff6c638c5823261a5100e40345e5964872ff	yeto-evidence-archive	/openspec/changes/rl-infra-spec/evidence/infra-v2-b1/fe1fp/yeto_sha.txt
openspec/changes/rl-infra-spec/evidence/infra-v2-b1/fe1r/attestation-3r.json	281	39364da1d61f5528e693d7b7f6a2c9428bda48285bafbb5c8ad81482689bc2ea	yeto-evidence-archive	/openspec/changes/rl-infra-spec/evidence/infra-v2-b1/fe1r/attestation-3r.json
openspec/changes/rl-infra-spec/evidence/infra-v2-b1/fe1r/dryrun.json	467	30749026842388c0ddc2b19a79e03ccdb5f2a8152ae1bac9bf48be859281df1e	yeto-evidence-archive	/openspec/changes/rl-infra-spec/evidence/infra-v2-b1/fe1r/dryrun.json
openspec/changes/rl-infra-spec/evidence/infra-v2-b1/fe1r/fe1r-args.txt	263	745f89fdc6deb70a22f399e7dc22c458c0006306140e4f6c67670af1f94f900d	yeto-evidence-archive	/openspec/changes/rl-infra-spec/evidence/infra-v2-b1/fe1r/fe1r-args.txt
openspec/changes/rl-infra-spec/evidence/infra-v2-b1/fe1r/fe1r/app_final.txt	53	5471c222a2dac0904edac9cb180dfda80bd7654e56c34e8ea840f2d9b620e36d	yeto-evidence-archive	/openspec/changes/rl-infra-spec/evidence/infra-v2-b1/fe1r/fe1r/app_final.txt
openspec/changes/rl-infra-spec/evidence/infra-v2-b1/fe1r/fe1r/args.txt	954	a39ee1313ca04c48a8b1003ff0a73957d62740bb767832d86881746d2a6d72bf	yeto-evidence-archive	/openspec/changes/rl-infra-spec/evidence/infra-v2-b1/fe1r/fe1r/args.txt
openspec/changes/rl-infra-spec/evidence/infra-v2-b1/fe1r/fe1r/compute-apps.txt	2719	0c57ffa6296151d29a16808374d12c70080f636c0904f05fd4d18b8568d150d8	yeto-evidence-archive	/openspec/changes/rl-infra-spec/evidence/infra-v2-b1/fe1r/fe1r/compute-apps.txt
openspec/changes/rl-infra-spec/evidence/infra-v2-b1/fe1r/fe1r/elastic-state/inbox/up1.status.json	190	8a38e023dc74cb0372509ac570cc14a299a766e490965d6ab68399f010ea3e9a	yeto-evidence-archive	/openspec/changes/rl-infra-spec/evidence/infra-v2-b1/fe1r/fe1r/elastic-state/inbox/up1.status.json
openspec/changes/rl-infra-spec/evidence/infra-v2-b1/fe1r/fe1r/end_utc.txt	21	f243033a52facc5ec32e045e07e00b843ef903e0e8b8916992087b602c848436	yeto-evidence-archive	/openspec/changes/rl-infra-spec/evidence/infra-v2-b1/fe1r/fe1r/end_utc.txt
openspec/changes/rl-infra-spec/evidence/infra-v2-b1/fe1r/fe1r/gpu.txt	171	aed504134223352478cbd5c4427a6a181a7f4b261af6af39ca4bb9734ca7dc78	yeto-evidence-archive	/openspec/changes/rl-infra-spec/evidence/infra-v2-b1/fe1r/fe1r/gpu.txt
openspec/changes/rl-infra-spec/evidence/infra-v2-b1/fe1r/fe1r/launch.log.gz	67386	d64713742aa645ceb264043f4dce63c31ec3bfafa319adeb262d09c810848258	yeto-evidence-archive	/openspec/changes/rl-infra-spec/evidence/infra-v2-b1/fe1r/fe1r/launch.log.gz
openspec/changes/rl-infra-spec/evidence/infra-v2-b1/fe1r/fe1r/rc.txt	7	3c13c15c9ae4b0a41a8499a7a2b1ec2f3b679fb18874bca4ad743aa6173d5f4b	yeto-evidence-archive	/openspec/changes/rl-infra-spec/evidence/infra-v2-b1/fe1r/fe1r/rc.txt
openspec/changes/rl-infra-spec/evidence/infra-v2-b1/fe1r/fe1r/rl-island-0.jsonl	4294	9d3f00de00ef22168c741cd14d9265b5f68e826f971fb8712bf24aa354d97219	yeto-evidence-archive	/openspec/changes/rl-infra-spec/evidence/infra-v2-b1/fe1r/fe1r/rl-island-0.jsonl
openspec/changes/rl-infra-spec/evidence/infra-v2-b1/fe1r/fe1r/start_utc.txt	21	2e68a23b0f9b87bcb171e63696c6c50e8b0015f742e93cbfb7688548e3393084	yeto-evidence-archive	/openspec/changes/rl-infra-spec/evidence/infra-v2-b1/fe1r/fe1r/start_utc.txt
openspec/changes/rl-infra-spec/evidence/infra-v2-b1/fe1r/fe1r/yeto_sha.txt	8	606b53d433a858c98f00c19461598abe712ea459a2a3a24b65c5b30604dc01f0	yeto-evidence-archive	/openspec/changes/rl-infra-spec/evidence/infra-v2-b1/fe1r/fe1r/yeto_sha.txt
openspec/changes/rl-infra-spec/evidence/infra-v2-b1/fe1r/fe1rfp/app_final.txt	53	1577c4e02512009856e5cb2d703e6b6b4f4b391d4d225807b0f8968a9252526b	yeto-evidence-archive	/openspec/changes/rl-infra-spec/evidence/infra-v2-b1/fe1r/fe1rfp/app_final.txt
openspec/changes/rl-infra-spec/evidence/infra-v2-b1/fe1r/fe1rfp/args.txt	876	3925df6090168dbd43b276a703046514ddfffffe5274099642312282e7934511	yeto-evidence-archive	/openspec/changes/rl-infra-spec/evidence/infra-v2-b1/fe1r/fe1rfp/args.txt
openspec/changes/rl-infra-spec/evidence/infra-v2-b1/fe1r/fe1rfp/compute-apps.txt	944	544339d55727f0f1800568298ff8dc7f86ee354c38781dd5a701617c955b3387	yeto-evidence-archive	/openspec/changes/rl-infra-spec/evidence/infra-v2-b1/fe1r/fe1rfp/compute-apps.txt
openspec/changes/rl-infra-spec/evidence/infra-v2-b1/fe1r/fe1rfp/end_utc.txt	21	1dbbb981167bb807d4f7ce35f73ae82b976ea0572efdc5647c9fe7ad29083530	yeto-evidence-archive	/openspec/changes/rl-infra-spec/evidence/infra-v2-b1/fe1r/fe1rfp/end_utc.txt
openspec/changes/rl-infra-spec/evidence/infra-v2-b1/fe1r/fe1rfp/gpu.txt	171	c5162400aad357a043fb9f4822f312f6c93e1eba1d579b8de03b2303e062c2fe	yeto-evidence-archive	/openspec/changes/rl-infra-spec/evidence/infra-v2-b1/fe1r/fe1rfp/gpu.txt
openspec/changes/rl-infra-spec/evidence/infra-v2-b1/fe1r/fe1rfp/launch.log.gz	48815	3da4e9b4dc8c470d37f3488d44579432f604ebeab7993ba52257d5563e9fd4a1	yeto-evidence-archive	/openspec/changes/rl-infra-spec/evidence/infra-v2-b1/fe1r/fe1rfp/launch.log.gz
openspec/changes/rl-infra-spec/evidence/infra-v2-b1/fe1r/fe1rfp/rc.txt	7	786b3e89185dbe1f9234707f10ee7a576f86a02106f44fdd0c5d11b4812dff0b	yeto-evidence-archive	/openspec/changes/rl-infra-spec/evidence/infra-v2-b1/fe1r/fe1rfp/rc.txt
openspec/changes/rl-infra-spec/evidence/infra-v2-b1/fe1r/fe1rfp/rl-island-0.jsonl	1611	f4eee34e85634b52e76a3b0a36968b81eb3ca75e335660c04aee584605fff89b	yeto-evidence-archive	/openspec/changes/rl-infra-spec/evidence/infra-v2-b1/fe1r/fe1rfp/rl-island-0.jsonl
openspec/changes/rl-infra-spec/evidence/infra-v2-b1/fe1r/fe1rfp/start_utc.txt	21	d4a28aa69645d6f0c2a88c07bd63709a1e7526b28a594b27a98db5bda2a99c9a	yeto-evidence-archive	/openspec/changes/rl-infra-spec/evidence/infra-v2-b1/fe1r/fe1rfp/start_utc.txt
openspec/changes/rl-infra-spec/evidence/infra-v2-b1/fe1r/fe1rfp/yeto_sha.txt	8	606b53d433a858c98f00c19461598abe712ea459a2a3a24b65c5b30604dc01f0	yeto-evidence-archive	/openspec/changes/rl-infra-spec/evidence/infra-v2-b1/fe1r/fe1rfp/yeto_sha.txt
openspec/changes/rl-infra-spec/evidence/infra-v2-b1/fe1r/resources-3.json	288	46316603a749a7909dcb89b9bb1450b797b631a0752694427517ecb1553e666d	yeto-evidence-archive	/openspec/changes/rl-infra-spec/evidence/infra-v2-b1/fe1r/resources-3.json
openspec/changes/rl-infra-spec/evidence/infra-v2-b1/fe1r4/attestation-3r5.json	281	10bfa326883261daf28d689e64e80f31cc92ccd1eaee021880778000660fd9d5	yeto-evidence-archive	/openspec/changes/rl-infra-spec/evidence/infra-v2-b1/fe1r4/attestation-3r5.json
openspec/changes/rl-infra-spec/evidence/infra-v2-b1/fe1r4/fe1r5/app_final.txt	53	f11dcce8a735f926cfa616933b44291f1486d37067655862a06cdc4472166432	yeto-evidence-archive	/openspec/changes/rl-infra-spec/evidence/infra-v2-b1/fe1r4/fe1r5/app_final.txt
openspec/changes/rl-infra-spec/evidence/infra-v2-b1/fe1r4/fe1r5/args.txt	997	af38c3c952c533f56faa1cfb4540f4d1d3ddf7ed40a08f28bd2f1f3907735b4c	yeto-evidence-archive	/openspec/changes/rl-infra-spec/evidence/infra-v2-b1/fe1r4/fe1r5/args.txt
openspec/changes/rl-infra-spec/evidence/infra-v2-b1/fe1r4/fe1r5/elastic-state/inbox/down1.status.json	194	ee299dc36f9ba14706e326749d5b98107a6defd09b9f3881707930a4c7cd7845	yeto-evidence-archive	/openspec/changes/rl-infra-spec/evidence/infra-v2-b1/fe1r4/fe1r5/elastic-state/inbox/down1.status.json
openspec/changes/rl-infra-spec/evidence/infra-v2-b1/fe1r4/fe1r5/elastic-state/inbox/up1.status.json	190	8a38e023dc74cb0372509ac570cc14a299a766e490965d6ab68399f010ea3e9a	yeto-evidence-archive	/openspec/changes/rl-infra-spec/evidence/infra-v2-b1/fe1r4/fe1r5/elastic-state/inbox/up1.status.json
openspec/changes/rl-infra-spec/evidence/infra-v2-b1/fe1r4/fe1r5/end_utc.txt	21	df46922157b85f7bf2f21f2b96c5436b678b61657dd762bc3c7fb648b3d18f31	yeto-evidence-archive	/openspec/changes/rl-infra-spec/evidence/infra-v2-b1/fe1r4/fe1r5/end_utc.txt
openspec/changes/rl-infra-spec/evidence/infra-v2-b1/fe1r4/fe1r5/gpu.txt	168	af338e88a7e30cc33eaeec89f0edb745d4cd2981f1ed0cd775cc73a72c0ac9a8	yeto-evidence-archive	/openspec/changes/rl-infra-spec/evidence/infra-v2-b1/fe1r4/fe1r5/gpu.txt
openspec/changes/rl-infra-spec/evidence/infra-v2-b1/fe1r4/fe1r5/launch.log.gz	85751	e3b12f3026fd01935da4d079fb1412fd5d14b1383c67aca29225b3eb79c255d4	yeto-evidence-archive	/openspec/changes/rl-infra-spec/evidence/infra-v2-b1/fe1r4/fe1r5/launch.log.gz
openspec/changes/rl-infra-spec/evidence/infra-v2-b1/fe1r4/fe1r5/rc.txt	7	786b3e89185dbe1f9234707f10ee7a576f86a02106f44fdd0c5d11b4812dff0b	yeto-evidence-archive	/openspec/changes/rl-infra-spec/evidence/infra-v2-b1/fe1r4/fe1r5/rc.txt
openspec/changes/rl-infra-spec/evidence/infra-v2-b1/fe1r4/fe1r5/rl-island-0.jsonl	8192	5c0feda01aafa6e9b8c9966bff87a7df216054a06f9854be07d481002d3358fc	yeto-evidence-archive	/openspec/changes/rl-infra-spec/evidence/infra-v2-b1/fe1r4/fe1r5/rl-island-0.jsonl
openspec/changes/rl-infra-spec/evidence/infra-v2-b1/fe1r4/fe1r5/start_utc.txt	21	791a3ac28934b6bc25508e6a37a29461f29fd2a4ea1db56f6369b2b5d759011d	yeto-evidence-archive	/openspec/changes/rl-infra-spec/evidence/infra-v2-b1/fe1r4/fe1r5/start_utc.txt
openspec/changes/rl-infra-spec/evidence/infra-v2-b1/fe1r4/fe1r5/yeto_sha.txt	8	3c1198832c94c3194e87af39b8d2ed50d8824152d2052c3b4182d27d7a29288f	yeto-evidence-archive	/openspec/changes/rl-infra-spec/evidence/infra-v2-b1/fe1r4/fe1r5/yeto_sha.txt
openspec/changes/rl-infra-spec/evidence/infra-v2-b1/fe1r4/fe1r5fp/app_final.txt	53	19c20a297705ff624b6fc0a36a3b6c5f42c5d9b954a0f5b53d965f287913636a	yeto-evidence-archive	/openspec/changes/rl-infra-spec/evidence/infra-v2-b1/fe1r4/fe1r5fp/app_final.txt
openspec/changes/rl-infra-spec/evidence/infra-v2-b1/fe1r4/fe1r5fp/args.txt	918	e60dd812f5899709213a76d01dbbaccd4fd75132a156a971db0acf1ac2a291dd	yeto-evidence-archive	/openspec/changes/rl-infra-spec/evidence/infra-v2-b1/fe1r4/fe1r5fp/args.txt
openspec/changes/rl-infra-spec/evidence/infra-v2-b1/fe1r4/fe1r5fp/end_utc.txt	21	0577e2aa1ba70999158fbc9a9330cb619ddbc6b71a031aebde0873d704d3472e	yeto-evidence-archive	/openspec/changes/rl-infra-spec/evidence/infra-v2-b1/fe1r4/fe1r5fp/end_utc.txt
openspec/changes/rl-infra-spec/evidence/infra-v2-b1/fe1r4/fe1r5fp/gpu.txt	171	83d53f98a1a9a6f61fa59232346aff8223041923581301e2da7a15e25a096c28	yeto-evidence-archive	/openspec/changes/rl-infra-spec/evidence/infra-v2-b1/fe1r4/fe1r5fp/gpu.txt
openspec/changes/rl-infra-spec/evidence/infra-v2-b1/fe1r4/fe1r5fp/launch.log.gz	52994	a15cdcecc2400e611b992e082fd4a980ab091f470b8cd28079450014c2e29229	yeto-evidence-archive	/openspec/changes/rl-infra-spec/evidence/infra-v2-b1/fe1r4/fe1r5fp/launch.log.gz
openspec/changes/rl-infra-spec/evidence/infra-v2-b1/fe1r4/fe1r5fp/rc.txt	7	786b3e89185dbe1f9234707f10ee7a576f86a02106f44fdd0c5d11b4812dff0b	yeto-evidence-archive	/openspec/changes/rl-infra-spec/evidence/infra-v2-b1/fe1r4/fe1r5fp/rc.txt
openspec/changes/rl-infra-spec/evidence/infra-v2-b1/fe1r4/fe1r5fp/rl-island-0.jsonl	1608	6d2dd833cb2731e5751e14637958d1bb732686e2690e84d67c4c94f756964df9	yeto-evidence-archive	/openspec/changes/rl-infra-spec/evidence/infra-v2-b1/fe1r4/fe1r5fp/rl-island-0.jsonl
openspec/changes/rl-infra-spec/evidence/infra-v2-b1/fe1r4/fe1r5fp/start_utc.txt	21	eda7646545d0267265258755b0129dfd6edaf6939fd90a8c1de7eeadf71109ee	yeto-evidence-archive	/openspec/changes/rl-infra-spec/evidence/infra-v2-b1/fe1r4/fe1r5fp/start_utc.txt
openspec/changes/rl-infra-spec/evidence/infra-v2-b1/fe1r4/fe1r5fp/yeto_sha.txt	8	3c1198832c94c3194e87af39b8d2ed50d8824152d2052c3b4182d27d7a29288f	yeto-evidence-archive	/openspec/changes/rl-infra-spec/evidence/infra-v2-b1/fe1r4/fe1r5fp/yeto_sha.txt
openspec/changes/rl-infra-spec/evidence/infra-v2-b1/fe2/dryrun.json	356	c46c54dc31512e07e22b645f14d78f40b4eb3bca5301ef1cedd03629e34970aa	yeto-evidence-archive	/openspec/changes/rl-infra-spec/evidence/infra-v2-b1/fe2/dryrun.json
openspec/changes/rl-infra-spec/evidence/infra-v2-b1/fe2/run/app_final.txt	53	721eb4f32b671760196778738ee2bd12feb6374321ac76eb054d93621e25697e	yeto-evidence-archive	/openspec/changes/rl-infra-spec/evidence/infra-v2-b1/fe2/run/app_final.txt
openspec/changes/rl-infra-spec/evidence/infra-v2-b1/fe2/run/args.txt	846	fdf3047ce146a8e5acad0f60da88e3d0027367361d9fb23746664dab053c8519	yeto-evidence-archive	/openspec/changes/rl-infra-spec/evidence/infra-v2-b1/fe2/run/args.txt
openspec/changes/rl-infra-spec/evidence/infra-v2-b1/fe2/run/launch.log.gz	722	c4b3a2b23a437f5a6667b96409b84fab84d27e108da35f5fa5751fc62a48379b	yeto-evidence-archive	/openspec/changes/rl-infra-spec/evidence/infra-v2-b1/fe2/run/launch.log.gz
openspec/changes/rl-infra-spec/evidence/infra-v2-b1/fe2/run/progress_stop.txt	71	e20ce2ab43c5dcf50465aac7878ee0af4c921c519a26c732a9aebaf537784d10	yeto-evidence-archive	/openspec/changes/rl-infra-spec/evidence/infra-v2-b1/fe2/run/progress_stop.txt
openspec/changes/rl-infra-spec/evidence/infra-v2-b1/fe2/run/rc.txt	7	786b3e89185dbe1f9234707f10ee7a576f86a02106f44fdd0c5d11b4812dff0b	yeto-evidence-archive	/openspec/changes/rl-infra-spec/evidence/infra-v2-b1/fe2/run/rc.txt
openspec/changes/rl-infra-spec/evidence/infra-v2-b1/fe2/run/start_utc.txt	21	40f714766dd799d96c679beecde2efc02312c0722495ef9f72899039aca91ead	yeto-evidence-archive	/openspec/changes/rl-infra-spec/evidence/infra-v2-b1/fe2/run/start_utc.txt
openspec/changes/rl-infra-spec/evidence/infra-v2-b1/fe2/run/yeto_sha.txt	8	df59d15c87cbc60e8efa446ded2a8d4f891fcc17eace683703dd5671ef11420b	yeto-evidence-archive	/openspec/changes/rl-infra-spec/evidence/infra-v2-b1/fe2/run/yeto_sha.txt
openspec/changes/rl-infra-spec/evidence/infra-v2-b1/ld0/D1/args.txt	766	57767733e8f41f914ccc97b0ce86d7a9b6f2825971dfe511a5a59e70790966fa	yeto-evidence-archive	/openspec/changes/rl-infra-spec/evidence/infra-v2-b1/ld0/D1/args.txt
openspec/changes/rl-infra-spec/evidence/infra-v2-b1/ld0/D1/compute-apps.txt	14491	dfb70e1937e1a9a40bc11b8c455695f18e73c5a15d7ace1a8f2f7dc47339304f	yeto-evidence-archive	/openspec/changes/rl-infra-spec/evidence/infra-v2-b1/ld0/D1/compute-apps.txt
openspec/changes/rl-infra-spec/evidence/infra-v2-b1/ld0/D1/end_utc.txt	21	109bd8b9906eb12a2f0d330e34021376bb7ec23cc85513888a725865ae7beeb4	yeto-evidence-archive	/openspec/changes/rl-infra-spec/evidence/infra-v2-b1/ld0/D1/end_utc.txt
openspec/changes/rl-infra-spec/evidence/infra-v2-b1/ld0/D1/gpu.txt	134	ae338e96c88037c496b6ada93b52a8b1c9115feaa873cd98250578f5fa6ca6cf	yeto-evidence-archive	/openspec/changes/rl-infra-spec/evidence/infra-v2-b1/ld0/D1/gpu.txt
openspec/changes/rl-infra-spec/evidence/infra-v2-b1/ld0/D1/launch.log.gz	70022	eef3c50151e586b835ea5bc34238faef31a108cd10e73ed3dcca4dfe340690a7	yeto-evidence-archive	/openspec/changes/rl-infra-spec/evidence/infra-v2-b1/ld0/D1/launch.log.gz
openspec/changes/rl-infra-spec/evidence/infra-v2-b1/ld0/D1/modal_app.txt	209	893346b7310e84cf69ee9aa216df5d7edffff7647259cd4de65365c443cbee76	yeto-evidence-archive	/openspec/changes/rl-infra-spec/evidence/infra-v2-b1/ld0/D1/modal_app.txt
openspec/changes/rl-infra-spec/evidence/infra-v2-b1/ld0/D1/rc.txt	5	93ff7811a209e2a8479230bbb9b6bc19f7f311d3af383ec350c1db2a7e7d5494	yeto-evidence-archive	/openspec/changes/rl-infra-spec/evidence/infra-v2-b1/ld0/D1/rc.txt
openspec/changes/rl-infra-spec/evidence/infra-v2-b1/ld0/D1/rl-island-0.jsonl	20478	d587873acb47649878affee43a4425a7bd513e053fee3e5cbee7b205bf5df5eb	yeto-evidence-archive	/openspec/changes/rl-infra-spec/evidence/infra-v2-b1/ld0/D1/rl-island-0.jsonl
openspec/changes/rl-infra-spec/evidence/infra-v2-b1/ld0/D1/start_utc.txt	21	f410a430567846d90f8f3674b826545b9b80e7eec8edbf70182e1a30ab517e2e	yeto-evidence-archive	/openspec/changes/rl-infra-spec/evidence/infra-v2-b1/ld0/D1/start_utc.txt
openspec/changes/rl-infra-spec/evidence/infra-v2-b1/ld0/D1/yeto_sha.txt	8	dd8be8ab27abc5524c328ec073bff28f7743b60a3656c467a5c51c39629c7115	yeto-evidence-archive	/openspec/changes/rl-infra-spec/evidence/infra-v2-b1/ld0/D1/yeto_sha.txt
openspec/changes/rl-infra-spec/evidence/infra-v2-b1/ld0/D2/args.txt	766	1ebc15cd44ff44424a343ae7ad3096c2481ac70775d37f859728936dd8438618	yeto-evidence-archive	/openspec/changes/rl-infra-spec/evidence/infra-v2-b1/ld0/D2/args.txt
openspec/changes/rl-infra-spec/evidence/infra-v2-b1/ld0/D2/compute-apps.txt	12892	030a448613078b0af8f4a29882efd31d7bebb9ff1cda854a4ba8819fb898e258	yeto-evidence-archive	/openspec/changes/rl-infra-spec/evidence/infra-v2-b1/ld0/D2/compute-apps.txt
openspec/changes/rl-infra-spec/evidence/infra-v2-b1/ld0/D2/end_utc.txt	21	6bf141be232aded519aa54ef8319c90dc62504d8ac0c42b4e55fd81bc714de29	yeto-evidence-archive	/openspec/changes/rl-infra-spec/evidence/infra-v2-b1/ld0/D2/end_utc.txt
openspec/changes/rl-infra-spec/evidence/infra-v2-b1/ld0/D2/gpu.txt	156	c3438e5c3617c6695c1dc49db17f9f2c77ba24ce1f2e88e3b7d3bab544ecf20f	yeto-evidence-archive	/openspec/changes/rl-infra-spec/evidence/infra-v2-b1/ld0/D2/gpu.txt
openspec/changes/rl-infra-spec/evidence/infra-v2-b1/ld0/D2/launch.log.gz	69898	bb85a305888f3b6a9ca58da60a1bc6f297c9d48e117e08dfbc013da0826b5014	yeto-evidence-archive	/openspec/changes/rl-infra-spec/evidence/infra-v2-b1/ld0/D2/launch.log.gz
openspec/changes/rl-infra-spec/evidence/infra-v2-b1/ld0/D2/modal_app.txt	209	8b23a6e541b627fd45b0edc6970d4e58a0d17bc2d086bb4ed0f631dcce51848f	yeto-evidence-archive	/openspec/changes/rl-infra-spec/evidence/infra-v2-b1/ld0/D2/modal_app.txt
openspec/changes/rl-infra-spec/evidence/infra-v2-b1/ld0/D2/rc.txt	5	93ff7811a209e2a8479230bbb9b6bc19f7f311d3af383ec350c1db2a7e7d5494	yeto-evidence-archive	/openspec/changes/rl-infra-spec/evidence/infra-v2-b1/ld0/D2/rc.txt
openspec/changes/rl-infra-spec/evidence/infra-v2-b1/ld0/D2/rl-island-0.jsonl	20487	745a4fcb33747ef9937a61b80b14f9bba1afa43391199018b1258a2babeebe2b	yeto-evidence-archive	/openspec/changes/rl-infra-spec/evidence/infra-v2-b1/ld0/D2/rl-island-0.jsonl
openspec/changes/rl-infra-spec/evidence/infra-v2-b1/ld0/D2/start_utc.txt	21	1c203dbcbfb142396d503b442119bcd0e8a68128b146fe8592640588499043b2	yeto-evidence-archive	/openspec/changes/rl-infra-spec/evidence/infra-v2-b1/ld0/D2/start_utc.txt
openspec/changes/rl-infra-spec/evidence/infra-v2-b1/ld0/D2/yeto_sha.txt	8	dd8be8ab27abc5524c328ec073bff28f7743b60a3656c467a5c51c39629c7115	yeto-evidence-archive	/openspec/changes/rl-infra-spec/evidence/infra-v2-b1/ld0/D2/yeto_sha.txt
openspec/changes/rl-infra-spec/evidence/infra-v2-b1/ld0/dryrun.json	220	b50acfe5c6a8fb159ef632850cec809d3990bff578f73f591725a37f7c163d12	yeto-evidence-archive	/openspec/changes/rl-infra-spec/evidence/infra-v2-b1/ld0/dryrun.json
openspec/changes/rl-infra-spec/evidence/infra-v2-b1/nsmoke/args.txt	622	59ae87f68d6b32c9c142167573582ef9af7faf306e49cb2744a71760a65ddae9	yeto-evidence-archive	/openspec/changes/rl-infra-spec/evidence/infra-v2-b1/nsmoke/args.txt
openspec/changes/rl-infra-spec/evidence/infra-v2-b1/nsmoke/end_utc.txt	21	4d2519e172950bbf70ac37e295f323ab39e628217923dd3bcc8e1999249c2f17	yeto-evidence-archive	/openspec/changes/rl-infra-spec/evidence/infra-v2-b1/nsmoke/end_utc.txt
openspec/changes/rl-infra-spec/evidence/infra-v2-b1/nsmoke/launch.log	1522	eff19da3f2732f7baec09d6ae2e55e2d062097c184be3cadcb09283be40bdf68	yeto-evidence-archive	/openspec/changes/rl-infra-spec/evidence/infra-v2-b1/nsmoke/launch.log
openspec/changes/rl-infra-spec/evidence/infra-v2-b1/nsmoke/rc.txt	5	91d957f8f2748a950526d4d21e0d5cd3bf5518e6c60b1beb470a13be1f978b1d	yeto-evidence-archive	/openspec/changes/rl-infra-spec/evidence/infra-v2-b1/nsmoke/rc.txt
openspec/changes/rl-infra-spec/evidence/infra-v2-b1/nsmoke/start_utc.txt	21	ee5d30becf95a177677183b386f3b6448bc395fd2a85f24b26bb1ea6b8b98f58	yeto-evidence-archive	/openspec/changes/rl-infra-spec/evidence/infra-v2-b1/nsmoke/start_utc.txt
openspec/changes/rl-infra-spec/evidence/infra-v2-b1/nsmoke2/args.txt	634	6247a2f5dbf92be88b81d3f9bc669c468d687f67418d4695dfb4f3e2ee16a6ca	yeto-evidence-archive	/openspec/changes/rl-infra-spec/evidence/infra-v2-b1/nsmoke2/args.txt
openspec/changes/rl-infra-spec/evidence/infra-v2-b1/nsmoke2/end_utc.txt	21	71b080bfb9cd9b265f0a6d3365ed431c4e99f0f914ab4c5b90243d9b24be847d	yeto-evidence-archive	/openspec/changes/rl-infra-spec/evidence/infra-v2-b1/nsmoke2/end_utc.txt
openspec/changes/rl-infra-spec/evidence/infra-v2-b1/nsmoke2/infra-v2-b1-nsmoke-20260930-2-l0-eu-north1.jsonl	5704	7174ca643153ed059001b369f4b705a6cd1eb62ad6e7a82a5e77852e93c64b43	yeto-evidence-archive	/openspec/changes/rl-infra-spec/evidence/infra-v2-b1/nsmoke2/infra-v2-b1-nsmoke-20260930-2-l0-eu-north1.jsonl
openspec/changes/rl-infra-spec/evidence/infra-v2-b1/nsmoke2/launch.log.gz	53616	324710dc30b8b04d400df01185a854986276d247ae8733c91fc590cc0486fa14	yeto-evidence-archive	/openspec/changes/rl-infra-spec/evidence/infra-v2-b1/nsmoke2/launch.log.gz
openspec/changes/rl-infra-spec/evidence/infra-v2-b1/nsmoke2/rc.txt	5	93ff7811a209e2a8479230bbb9b6bc19f7f311d3af383ec350c1db2a7e7d5494	yeto-evidence-archive	/openspec/changes/rl-infra-spec/evidence/infra-v2-b1/nsmoke2/rc.txt
openspec/changes/rl-infra-spec/evidence/infra-v2-b1/nsmoke2/start_utc.txt	21	7bce767f9f7c337b4deac6b44be2e154b85a96a9f935576a43b07aa1aa4a261d	yeto-evidence-archive	/openspec/changes/rl-infra-spec/evidence/infra-v2-b1/nsmoke2/start_utc.txt
openspec/changes/rl-infra-spec/evidence/infra-v2-b1/nsmoke2/yeto_sha.txt	8	d06967880c67586224cd6e4413469d20b5d83ad1556418b920c7ef2dd4f62c82	yeto-evidence-archive	/openspec/changes/rl-infra-spec/evidence/infra-v2-b1/nsmoke2/yeto_sha.txt
openspec/changes/rl-infra-spec/evidence/infra-v2-b1/sky_status_final.txt	99	6aedd274fa7f1a0f195cbe3d4f87178cd0e9ed8b9078250ffa8e9a100ec09043	yeto-evidence-archive	/openspec/changes/rl-infra-spec/evidence/infra-v2-b1/sky_status_final.txt
openspec/changes/rl-infra-spec/evidence/m4-q38n/adapter-iter_0000009/adapter_config.json	1053	a148ad7f48e837c7ca16cfb6d74b90ad0dce4383d444a0ca701e9b43fcdb93e7	yeto-evidence-archive	/openspec/changes/rl-infra-spec/evidence/m4-q38n/adapter-iter_0000009/adapter_config.json
openspec/changes/rl-infra-spec/evidence/m4-q38n/adapter-iter_0000009/adapter_megatron_rank0.pt.sha256	91	5bb88b10760f5a450bffddf36d56f29aa0bc2f3eb41243328ba05a9ebb79eda4	yeto-evidence-archive	/openspec/changes/rl-infra-spec/evidence/m4-q38n/adapter-iter_0000009/adapter_megatron_rank0.pt.sha256
openspec/changes/rl-infra-spec/evidence/m4-q38n/adapter-iter_0000009/rank0-inspect.txt	4294	8ee6d4be7374a99106bccf75fc372f732f086931aaaa80f071ff3f561ae209be	yeto-evidence-archive	/openspec/changes/rl-infra-spec/evidence/m4-q38n/adapter-iter_0000009/rank0-inspect.txt
openspec/changes/rl-infra-spec/evidence/m4-q38n/b-8gpu/g0-judge.json	472	b1e73e1b7473ce1f7fe8ecac975e24799234898b90524601163d934de27de569	yeto-evidence-archive	/openspec/changes/rl-infra-spec/evidence/m4-q38n/b-8gpu/g0-judge.json
openspec/changes/rl-infra-spec/evidence/m4-q38n/b-8gpu/g0-start.txt	21	cf751715a6208fcf91e90753451584ffe40c652f879d1417caed68cb9c7d4c4e	yeto-evidence-archive	/openspec/changes/rl-infra-spec/evidence/m4-q38n/b-8gpu/g0-start.txt
openspec/changes/rl-infra-spec/evidence/m4-q38n/b-8gpu/g1-judge.json	292	ab6b1b9f5c5591d23fce5e1dc6b3501329164ed29ec141f46c6b6796431f1fd5	yeto-evidence-archive	/openspec/changes/rl-infra-spec/evidence/m4-q38n/b-8gpu/g1-judge.json
openspec/changes/rl-infra-spec/evidence/m4-q38n/b-8gpu/g2-judge.json	694	8e7db62a98ac97a93abd236843b462df85c61dd79d0751b63fd0cfb4f86c5a83	yeto-evidence-archive	/openspec/changes/rl-infra-spec/evidence/m4-q38n/b-8gpu/g2-judge.json
openspec/changes/rl-infra-spec/evidence/m4-q38n/b-8gpu/g2-start.txt	21	0551f88c868a7b0104e45e920847765f70767b95c54eeed88508db0c0fe18a02	yeto-evidence-archive	/openspec/changes/rl-infra-spec/evidence/m4-q38n/b-8gpu/g2-start.txt
openspec/changes/rl-infra-spec/evidence/m4-q38n/b-8gpu/g3-judge.json	3263	30d3e89a4adaa68ee4bd71582d06467fb52559d4f7fe76f2585c315c0969941b	yeto-evidence-archive	/openspec/changes/rl-infra-spec/evidence/m4-q38n/b-8gpu/g3-judge.json
openspec/changes/rl-infra-spec/evidence/m4-q38n/b-8gpu/g3-per-rank-trainable.txt	232	0f45cdbcf88d55358923b6791b88093d2064aa035a1218a5af7a6e5d24f00d68	yeto-evidence-archive	/openspec/changes/rl-infra-spec/evidence/m4-q38n/b-8gpu/g3-per-rank-trainable.txt
openspec/changes/rl-infra-spec/evidence/m4-q38n/b-8gpu/g3-start.txt	21	557c553626f4bb8a9306866301384d1a0b55639687d2053aed9d380f431701fb	yeto-evidence-archive	/openspec/changes/rl-infra-spec/evidence/m4-q38n/b-8gpu/g3-start.txt
openspec/changes/rl-infra-spec/evidence/m4-q38n/b-8gpu/raylogs/job-driver-raysubmit_6ZHmCqS5JGBmwAm9.log.gz	78137	1969f61eca1c00c9662e0c751b4abcdd516d7a2ae9a72ebb4c67bbc3f7f9fa7b	yeto-evidence-archive	/openspec/changes/rl-infra-spec/evidence/m4-q38n/b-8gpu/raylogs/job-driver-raysubmit_6ZHmCqS5JGBmwAm9.log.gz
openspec/changes/rl-infra-spec/evidence/m4-q38n/b-8gpu/raylogs/worker-0a7927843e35d35bc2ece5e08d13b706c7f8cd624238ac6704d09516-02000000-9286.err.gz	7730	9f7d5ce7f3144d4106a822b7fabe5c8f252476473651305e0e262e37497b3657	yeto-evidence-archive	/openspec/changes/rl-infra-spec/evidence/m4-q38n/b-8gpu/raylogs/worker-0a7927843e35d35bc2ece5e08d13b706c7f8cd624238ac6704d09516-02000000-9286.err.gz
openspec/changes/rl-infra-spec/evidence/m4-q38n/b-8gpu/raylogs/worker-0a7a6e830248068f2577889b6c547c8c3039686efab160b13fda37c9-02000000-9262.err.gz	4927	e5b35c0445a12d2e33916bc949b4d59f521dce27c70e3fbb0083000d6ee33d17	yeto-evidence-archive	/openspec/changes/rl-infra-spec/evidence/m4-q38n/b-8gpu/raylogs/worker-0a7a6e830248068f2577889b6c547c8c3039686efab160b13fda37c9-02000000-9262.err.gz
openspec/changes/rl-infra-spec/evidence/m4-q38n/b-8gpu/raylogs/worker-14ac208e4a717169d1940bf0df5e9192abaec2379d84cdcd9e5c1163-02000000-9260.err.gz	5249	f1f90c56e1d01d6d7949b8ac358275b55145882aef69e4f87a6ab32856e81ab5	yeto-evidence-archive	/openspec/changes/rl-infra-spec/evidence/m4-q38n/b-8gpu/raylogs/worker-14ac208e4a717169d1940bf0df5e9192abaec2379d84cdcd9e5c1163-02000000-9260.err.gz
openspec/changes/rl-infra-spec/evidence/m4-q38n/b-8gpu/raylogs/worker-38f10bd1b0d159be59db5ce8d595cbd3c0dc0c9c664049dfae71e825-02000000-9257.err.gz	4907	d44437e52fdd848f48eac44dfbf775d3a0329bcff1980c05d4f7073ad47d661a	yeto-evidence-archive	/openspec/changes/rl-infra-spec/evidence/m4-q38n/b-8gpu/raylogs/worker-38f10bd1b0d159be59db5ce8d595cbd3c0dc0c9c664049dfae71e825-02000000-9257.err.gz
openspec/changes/rl-infra-spec/evidence/m4-q38n/b-8gpu/raylogs/worker-8271930bb9a5652b3c3cd1b74a8fad72e8ec963f6c3568497837c2c4-02000000-9285.err.gz	5277	22a4d22056732a19be9cb5534247aac73de9d1cc40e0aa917271bab009d52150	yeto-evidence-archive	/openspec/changes/rl-infra-spec/evidence/m4-q38n/b-8gpu/raylogs/worker-8271930bb9a5652b3c3cd1b74a8fad72e8ec963f6c3568497837c2c4-02000000-9285.err.gz
openspec/changes/rl-infra-spec/evidence/m4-q38n/b-8gpu/raylogs/worker-8de26f1a46c02ea1cff05628fedbcb14dbabfda04ce76c74b6803a17-02000000-9249.err.gz	4908	62a885d312d4f70ccf6da9636ce39c8c587a56ab6e714056b7d61cbd4489187b	yeto-evidence-archive	/openspec/changes/rl-infra-spec/evidence/m4-q38n/b-8gpu/raylogs/worker-8de26f1a46c02ea1cff05628fedbcb14dbabfda04ce76c74b6803a17-02000000-9249.err.gz
openspec/changes/rl-infra-spec/evidence/m4-q38n/b-8gpu/raylogs/worker-bd1ff80481e6cd22c027f02cc5024d9270893436da418328f9be4e92-02000000-9256.err.gz	6073	ff5847016d141b5ea9e2c42e7ccd10e65e4bae4e39058fe8394d52f4cc1f227e	yeto-evidence-archive	/openspec/changes/rl-infra-spec/evidence/m4-q38n/b-8gpu/raylogs/worker-bd1ff80481e6cd22c027f02cc5024d9270893436da418328f9be4e92-02000000-9256.err.gz
openspec/changes/rl-infra-spec/evidence/m4-q38n/b-8gpu/raylogs/worker-f00b953a67467475e35058fb53a1815e742a438c52aa91a3f49be4a8-02000000-9266.err.gz	5384	bd760714588946440744481382838608b72a38695b645bb6d4aad37d16b4569a	yeto-evidence-archive	/openspec/changes/rl-infra-spec/evidence/m4-q38n/b-8gpu/raylogs/worker-f00b953a67467475e35058fb53a1815e742a438c52aa91a3f49be4a8-02000000-9266.err.gz
openspec/changes/rl-infra-spec/evidence/m4-q38n/b-8gpu/steps.jsonl	1623	9d64a29de3cb79ffa6dc34a0f7c8e6780472e11a5698dfb2004963f3144d9110	yeto-evidence-archive	/openspec/changes/rl-infra-spec/evidence/m4-q38n/b-8gpu/steps.jsonl
openspec/changes/rl-infra-spec/evidence/m4-q38n/g0-start.txt	21	cd0055fc442f6e7af59bb1555de30544e9b7a14a8df8c31853c8254c12531e46	yeto-evidence-archive	/openspec/changes/rl-infra-spec/evidence/m4-q38n/g0-start.txt
openspec/changes/rl-infra-spec/evidence/m4-q38n/g3-judge.json	2426	17e0b721807f23763a686ce885c3078b728192a7b49ab73020302545138b52d8	yeto-evidence-archive	/openspec/changes/rl-infra-spec/evidence/m4-q38n/g3-judge.json
openspec/changes/rl-infra-spec/evidence/m4-q38n/g4-curves.csv	2465	0253fe2e64db761ad40daf65853685e9061724f3e8bb4042d22e1f2afed4581f	yeto-evidence-archive	/openspec/changes/rl-infra-spec/evidence/m4-q38n/g4-curves.csv
openspec/changes/rl-infra-spec/evidence/m4-q38n/g4-judge.json	15136	62bd9a48f6a0e1919671666853f3005aca1cd2b2fabb17e513fb6020ef5a2619	yeto-evidence-archive	/openspec/changes/rl-infra-spec/evidence/m4-q38n/g4-judge.json
openspec/changes/rl-infra-spec/evidence/m4-q38n/g4-per-rank-trainable.txt	489	0ec6e575847037ba90df78b7e260c53219c89e31b593a2fe6bf8b24c159faba7	yeto-evidence-archive	/openspec/changes/rl-infra-spec/evidence/m4-q38n/g4-per-rank-trainable.txt
openspec/changes/rl-infra-spec/evidence/m4-q38n/g4-start.txt	129	2ac32fc77c0a67043f8b4d30b37412a8651b95b29a471161c9a849a635052bcf	yeto-evidence-archive	/openspec/changes/rl-infra-spec/evidence/m4-q38n/g4-start.txt
openspec/changes/rl-infra-spec/evidence/m4-q38n/g4r-judge.json	1658	1047db5c456e9390ec599c8d8bb1a9cce1f6244599061e86dd3577b40db40214	yeto-evidence-archive	/openspec/changes/rl-infra-spec/evidence/m4-q38n/g4r-judge.json
openspec/changes/rl-infra-spec/evidence/m4-q38n/steps.jsonl	2120	400bfe80f8c531a78eba937a971d77859567c6d17a565197ec24a53ae59fc522	yeto-evidence-archive	/openspec/changes/rl-infra-spec/evidence/m4-q38n/steps.jsonl
openspec/changes/rl-infra-spec/evidence/m4-q38n/tensorboard/tensorboard_log/m4-q38n/m4-q38n-g4-restart/events.out.tfevents.1791046872.modal.2985.0	88	d9006952c9ba32b1fd3b55c76e257298d408b144de793009aa127fbf0d92ab40	yeto-evidence-archive	/openspec/changes/rl-infra-spec/evidence/m4-q38n/tensorboard/tensorboard_log/m4-q38n/m4-q38n-g4-restart/events.out.tfevents.1791046872.modal.2985.0
openspec/changes/rl-infra-spec/evidence/m4-q38n/tensorboard/tensorboard_log/m4-q38n/m4-q38n-g4-restart/events.out.tfevents.1791046988.modal.3921.0	88	eb71a9c24d786e4304304dfdfaa742324d4e54ca463c77072c9cf6da8ca53537	yeto-evidence-archive	/openspec/changes/rl-infra-spec/evidence/m4-q38n/tensorboard/tensorboard_log/m4-q38n/m4-q38n-g4-restart/events.out.tfevents.1791046988.modal.3921.0
openspec/changes/rl-infra-spec/evidence/m4-q38n/tensorboard/tensorboard_log/m4-q38n/m4-q38n-g4-restart/events.out.tfevents.1791046997.modal.4327.0	88	1455b4be07c3c1b3660dd348dde8e694e96985d16990079a16f99b40a3fa6f2b	yeto-evidence-archive	/openspec/changes/rl-infra-spec/evidence/m4-q38n/tensorboard/tensorboard_log/m4-q38n/m4-q38n-g4-restart/events.out.tfevents.1791046997.modal.4327.0
openspec/changes/rl-infra-spec/evidence/m4-q38n/tensorboard/tensorboard_log/m4-q38n/m4-q38n-g4-restart/events.out.tfevents.1791047203.modal.2985.0	88	8a18ce0576948e49d97345fc84baf1030da23516cdce8a01fa59a1d3a406c748	yeto-evidence-archive	/openspec/changes/rl-infra-spec/evidence/m4-q38n/tensorboard/tensorboard_log/m4-q38n/m4-q38n-g4-restart/events.out.tfevents.1791047203.modal.2985.0
openspec/changes/rl-infra-spec/evidence/m4-q38n/tensorboard/tensorboard_log/m4-q38n/m4-q38n-g4-restart/events.out.tfevents.1791047320.modal.3917.0	2016	dce76a0c28796f27a25692952ae3359cfcc8af04a8f8671c216e976b3c572a33	yeto-evidence-archive	/openspec/changes/rl-infra-spec/evidence/m4-q38n/tensorboard/tensorboard_log/m4-q38n/m4-q38n-g4-restart/events.out.tfevents.1791047320.modal.3917.0
openspec/changes/rl-infra-spec/evidence/m4-q38n/tensorboard/tensorboard_log/m4-q38n/m4-q38n-g4-restart/events.out.tfevents.1791047330.modal.4309.0	2150	bc3d4f07418a6aabaac9539cac9abc3235d7ee31a7567390634b378aceb128f0	yeto-evidence-archive	/openspec/changes/rl-infra-spec/evidence/m4-q38n/tensorboard/tensorboard_log/m4-q38n/m4-q38n-g4-restart/events.out.tfevents.1791047330.modal.4309.0
openspec/changes/rl-infra-spec/evidence/ports-image/2026-10-01-lora-checksum/build-record.json	617	85198509e88a7b10a758c7def8858ebf00cedba950081f42aac8a3719dfac829	yeto-evidence-archive	/openspec/changes/rl-infra-spec/evidence/ports-image/2026-10-01-lora-checksum/build-record.json
openspec/changes/rl-infra-spec/evidence/ports-image/2026-10-01-lora-checksum/digest-check.txt	333	ec116bd5351d5033ca3c903088ecbd7a6bd003d5bd1c71b962148facfb0120c3	yeto-evidence-archive	/openspec/changes/rl-infra-spec/evidence/ports-image/2026-10-01-lora-checksum/digest-check.txt
openspec/changes/rl-infra-spec/evidence/ports-image/2026-10-02-m3a27/build-record.json	617	a6f53e7932d094dd672610aebb956d8f495e3c8fd5e17b60482e126d67642593	yeto-evidence-archive	/openspec/changes/rl-infra-spec/evidence/ports-image/2026-10-02-m3a27/build-record.json
openspec/changes/rl-infra-spec/evidence/ports-image/2026-10-02-m3a27/build.log	23307	06f60293212f596c2f6f6fb4236ee5a56a4f2704e6f478db58b8486ca2b65d6e	yeto-evidence-archive	/openspec/changes/rl-infra-spec/evidence/ports-image/2026-10-02-m3a27/build.log
openspec/changes/rl-infra-spec/evidence/ports-image/2026-10-02-m3a27/check-new.log	643	9880ab0ecfeee87564b381852d7348cd87b10c0dcaf99a2a63a5bd344c53c7c5	yeto-evidence-archive	/openspec/changes/rl-infra-spec/evidence/ports-image/2026-10-02-m3a27/check-new.log
openspec/changes/rl-infra-spec/evidence/ports-image/2026-10-02-m3a27/full-pytest-failure-ids.txt	7494	b239b7fcad8ec462adab64fabdab81a12e61bfa90ba5a350a5b46e6124fb4f1c	yeto-evidence-archive	/openspec/changes/rl-infra-spec/evidence/ports-image/2026-10-02-m3a27/full-pytest-failure-ids.txt
openspec/changes/rl-infra-spec/evidence/ports-image/2026-10-02-m3a27/full-pytest.log	23065	4248e2107de8be92b11cf3aa1a6914957956ef44cc30abf57a9921312fa0c636	yeto-evidence-archive	/openspec/changes/rl-infra-spec/evidence/ports-image/2026-10-02-m3a27/full-pytest.log
openspec/changes/rl-infra-spec/evidence/ports-image/2026-10-02-m3a27b/build-record.json	617	6f210ed98b0d9daac6d43c86f6c236f607ee1d3706f315d72c4265c327dd33db	yeto-evidence-archive	/openspec/changes/rl-infra-spec/evidence/ports-image/2026-10-02-m3a27b/build-record.json
openspec/changes/rl-infra-spec/evidence/ports-image/2026-10-02-m3a27b/build.log	23309	85ed6fd32b9fccd2f8f24d1c77e8d990c153acd22493a9d75bc3afa245bd106c	yeto-evidence-archive	/openspec/changes/rl-infra-spec/evidence/ports-image/2026-10-02-m3a27b/build.log
openspec/changes/rl-infra-spec/evidence/ports-image/2026-10-02-m3a27b/check-new.log	682	0f4de40dd0e7c1420b41190a405e1b9f3784d3ea3c01c45e7be92e8b4fd75b3c	yeto-evidence-archive	/openspec/changes/rl-infra-spec/evidence/ports-image/2026-10-02-m3a27b/check-new.log
openspec/changes/rl-infra-spec/evidence/ports-image/2026-10-02-m3a27b/full-pytest-failure-ids.txt	7494	b239b7fcad8ec462adab64fabdab81a12e61bfa90ba5a350a5b46e6124fb4f1c	yeto-evidence-archive	/openspec/changes/rl-infra-spec/evidence/ports-image/2026-10-02-m3a27b/full-pytest-failure-ids.txt
openspec/changes/rl-infra-spec/evidence/ports-image/2026-10-02-m3a27b/full-pytest.log	23095	52644c9f17d337cc7056052f48195965e1ce39dcd7c63e58315237f5081080eb	yeto-evidence-archive	/openspec/changes/rl-infra-spec/evidence/ports-image/2026-10-02-m3a27b/full-pytest.log
openspec/changes/rl-infra-spec/evidence/ports-image/2026-10-08-s16-rawlora/build-record.json	758	e1e430e56fee60ef68a3e67bb57404fed074821b5903a4dfa788732d38de0f30	yeto-evidence-archive	/openspec/changes/rl-infra-spec/evidence/ports-image/2026-10-08-s16-rawlora/build-record.json
openspec/changes/rl-infra-spec/evidence/ports-image/2026-10-09-efbbc63-2fa8801/build-record.json	617	502bcdf27b595650fe5b0f1c1724bc844d02597f7b7e2f04d66c2274f647eb0a	yeto-evidence-archive	/openspec/changes/rl-infra-spec/evidence/ports-image/2026-10-09-efbbc63-2fa8801/build-record.json
openspec/changes/rl-infra-spec/evidence/s17-a5/attestation-a5.json	281	11becafe347c3383a658a6cef7ea09f0626a52747044798a8338ea694e27546e	yeto-evidence-archive	/openspec/changes/rl-infra-spec/evidence/s17-a5/attestation-a5.json
openspec/changes/rl-infra-spec/evidence/s17-a5/deliver-merged-d.jsonl	2128	3c3f38a9aabc47b74ee9ff9388a21b79f61148fef328efae3b1c8fe4136fa026	yeto-evidence-archive	/openspec/changes/rl-infra-spec/evidence/s17-a5/deliver-merged-d.jsonl
openspec/changes/rl-infra-spec/evidence/s17-a5/preflight-merged-d.json	706	eff9a33eb9e045d164ef713133fc40bc123a5e6c3f1e4a1c38b1ddc5b6c55555	yeto-evidence-archive	/openspec/changes/rl-infra-spec/evidence/s17-a5/preflight-merged-d.json
openspec/changes/rl-infra-spec/evidence/s17-i3-45/c3-f1-deliver.jsonl	798	3ca78aa22c0a50eabb3442ca0ee2d42f195e026572e5584135ed0799904833ad	yeto-evidence-archive	/openspec/changes/rl-infra-spec/evidence/s17-i3-45/c3-f1-deliver.jsonl
openspec/changes/rl-infra-spec/evidence/s17-i3-45/c3-f1-extract.json	762	5699a8dfdc0ad3b0602cae22c841156966371822272b8623648fcf0c69b1605d	yeto-evidence-archive	/openspec/changes/rl-infra-spec/evidence/s17-i3-45/c3-f1-extract.json
openspec/changes/rl-infra-spec/evidence/s17-i3-45/c3-f3-deliver.jsonl	802	53125c0ca0397209137ae0d5c70d992165165832de8521965e63fe4fc19ce520	yeto-evidence-archive	/openspec/changes/rl-infra-spec/evidence/s17-i3-45/c3-f3-deliver.jsonl
openspec/changes/rl-infra-spec/evidence/s17-i3-45/c3-f3-extract.json	2656	36e99ba62c48c7e0a1e2ad0c08a6fc3b75b9ab4232f8340737d7493e7fc788c1	yeto-evidence-archive	/openspec/changes/rl-infra-spec/evidence/s17-i3-45/c3-f3-extract.json
openspec/changes/rl-infra-spec/evidence/s17-i3-45/c3-f5-deliver.jsonl	800	0ab66b5545ca3838f611ae6d21073483660baed76fbb6193a9945be0a7528882	yeto-evidence-archive	/openspec/changes/rl-infra-spec/evidence/s17-i3-45/c3-f5-deliver.jsonl
openspec/changes/rl-infra-spec/evidence/s17-i3-45/c3-f5-extract.json	577	b5a7989f395c312f2025f85082ee6a4352c9becec9a8383c87bdfe06e635d4f5	yeto-evidence-archive	/openspec/changes/rl-infra-spec/evidence/s17-i3-45/c3-f5-extract.json
openspec/changes/rl-infra-spec/evidence/s17-i3-45/c3-f6a-deliver.jsonl	933	c55d8f2dcbbbd1888614005de4aee130beb0a2f95774b32cd430e344cc240d78	yeto-evidence-archive	/openspec/changes/rl-infra-spec/evidence/s17-i3-45/c3-f6a-deliver.jsonl
openspec/changes/rl-infra-spec/evidence/s17-i3-45/c3-f6a-extract.json	2123	5ee473cea3ecd7159a92cc1567408165f6e41d04fb6fc4d7a51d23b83d1c8bb0	yeto-evidence-archive	/openspec/changes/rl-infra-spec/evidence/s17-i3-45/c3-f6a-extract.json
openspec/changes/rl-infra-spec/evidence/s17-i3-45/c3-rb-deliver.jsonl	800	905be4b776c1d403b0ac947549147b9b3093dc6cee49910f44aa8cf5e030dc07	yeto-evidence-archive	/openspec/changes/rl-infra-spec/evidence/s17-i3-45/c3-rb-deliver.jsonl
openspec/changes/rl-infra-spec/evidence/s17-i3-45/c3-rb-extract.json	1411	4b0613071fb3239be93904cbbae10b7384d50a3df733b295798c612b396df11b	yeto-evidence-archive	/openspec/changes/rl-infra-spec/evidence/s17-i3-45/c3-rb-extract.json
openspec/changes/rl-infra-spec/evidence/s17-i3-45/c3-rbold-deliver.jsonl	801	2e55618a30ce8f6455f1c6e0a17f013f3fd3cef995f24c74bf128320a9a84df3	yeto-evidence-archive	/openspec/changes/rl-infra-spec/evidence/s17-i3-45/c3-rbold-deliver.jsonl
openspec/changes/rl-infra-spec/evidence/s17-i3-45/c3-rbold-extract.json	1010	ec3aa8e60acd2e57434b18bf029955768af07d8c7cbdabf47d0c6b65ba094deb	yeto-evidence-archive	/openspec/changes/rl-infra-spec/evidence/s17-i3-45/c3-rbold-extract.json
openspec/changes/rl-infra-spec/evidence/s17-i3-45/c3-rbold2-deliver.jsonl	800	06b68f552f7d6dd638b4d4a5ebbf2d8a6395e1d389dec9232d6767598ccbde10	yeto-evidence-archive	/openspec/changes/rl-infra-spec/evidence/s17-i3-45/c3-rbold2-deliver.jsonl
openspec/changes/rl-infra-spec/evidence/s17-i3-45/c3-rbold2-extract.json	1414	756ad9f7baacbc9e37c702d6dbb8b6a5505ed04d8c1b18f7c2dfd0153fc109d4	yeto-evidence-archive	/openspec/changes/rl-infra-spec/evidence/s17-i3-45/c3-rbold2-extract.json
openspec/changes/rl-infra-spec/evidence/s17-i3-45/c3-rbold2-journal.jsonl	2935	be1427a87b773e1114de2a904fd53c53f7011e48c1506241327d29f2e6d7335d	yeto-evidence-archive	/openspec/changes/rl-infra-spec/evidence/s17-i3-45/c3-rbold2-journal.jsonl
openspec/changes/rl-infra-spec/evidence/s17-i3-45/extract.py	4977	f7322601f91b9fea02acf58b81342ccbe9df02db143f28673be647e4b9756abe	yeto-evidence-archive	/openspec/changes/rl-infra-spec/evidence/s17-i3-45/extract.py
openspec/changes/rl-infra-spec/evidence/s17-n17/c3-rb-deliver.jsonl	802	c6efea3b288c93e4b083b3e11763e89f9f6cf4b9dc1fecff641e8958442c6322	yeto-evidence-archive	/openspec/changes/rl-infra-spec/evidence/s17-n17/c3-rb-deliver.jsonl
openspec/changes/rl-infra-spec/evidence/s17-n17/c3-rb-extract.json	1435	2060d348d79379fa5ae703ee1a5c659d299fccacf3532a267dcb32dcbdbe5cba	yeto-evidence-archive	/openspec/changes/rl-infra-spec/evidence/s17-n17/c3-rb-extract.json
openspec/changes/rl-infra-spec/evidence/s17-n17/c3-rbdl-deliver.jsonl	933	179cd69182322e501ac0e2c3ca5dc3879ded6374a7f8d7dca520eb2d789daf8c	yeto-evidence-archive	/openspec/changes/rl-infra-spec/evidence/s17-n17/c3-rbdl-deliver.jsonl
openspec/changes/rl-infra-spec/evidence/s17-n17/c3-rbdl-extract.json	2428	2809ad6f8e31a5a797a23151c15ea89d8f8455c1d0f7957cf74b7c04e0891fa9	yeto-evidence-archive	/openspec/changes/rl-infra-spec/evidence/s17-n17/c3-rbdl-extract.json
openspec/changes/rl-infra-spec/evidence/s17-n17/toolprobe.py	6185	1fa444ea89718abaea52355a45ad3228a96def33af417f81238bb31abb626c39	yeto-evidence-archive	/openspec/changes/rl-infra-spec/evidence/s17-n17/toolprobe.py
