path	bytes	sha256	volume	volume_path
openspec/changes/rl-algo-grpo-knobs/evidence/2026-09-29-algo1b-cpu-img/YETO_SHA.txt	584	5a6269c4a6f2afded31a82ad25c3e6b716f2c3f13d75610e9d00a16d6680110b	yeto-evidence-archive	/openspec/changes/rl-algo-grpo-knobs/evidence/2026-09-29-algo1b-cpu-img/YETO_SHA.txt
openspec/changes/rl-algo-grpo-knobs/evidence/2026-09-29-algo1b-cpu-img/modal_cpu_img.py	4109	3d6f06c7f3531ece3dd6138f89acd0c55c94a91884713a943d6599fa9b837989	yeto-evidence-archive	/openspec/changes/rl-algo-grpo-knobs/evidence/2026-09-29-algo1b-cpu-img/modal_cpu_img.py
openspec/changes/rl-algo-grpo-knobs/evidence/2026-09-29-algo1b-cpu-img/run1.log	5672	425124b956c6b38062e2d6cbe7032acfed44ba6311f2f24613d82015126d8dec	yeto-evidence-archive	/openspec/changes/rl-algo-grpo-knobs/evidence/2026-09-29-algo1b-cpu-img/run1.log
openspec/changes/rl-algo-grpo-knobs/evidence/2026-09-29-algo1b-cpu-img/run2.log	6032	52948c70affb06111cd6ecd14bb03f1f3e449b791a68c1ecebb5df4cc1e040bf	yeto-evidence-archive	/openspec/changes/rl-algo-grpo-knobs/evidence/2026-09-29-algo1b-cpu-img/run2.log
openspec/changes/rl-algo-grpo-knobs/evidence/2026-09-29-algo1b-cpu-img/run4.log	5612	6201aa69435c0a760cb8bed806118baccf181862972c0fa0c361cb2014896ca7	yeto-evidence-archive	/openspec/changes/rl-algo-grpo-knobs/evidence/2026-09-29-algo1b-cpu-img/run4.log
openspec/changes/rl-algo-grpo-knobs/evidence/2026-09-29-algo1b-cpu-img/start_time.txt	21	0855762b0b8a748c6a6d8a8ab027d5d94a2f7b7daecf9c3f2ffc7fa29d2033e2	yeto-evidence-archive	/openspec/changes/rl-algo-grpo-knobs/evidence/2026-09-29-algo1b-cpu-img/start_time.txt
openspec/changes/rl-algo-grpo-knobs/evidence/2026-09-29-algo1b-cpu-img/start_time_run2.txt	21	d12617d8cc0ff1b564a3e2555359f9aad289462595edfbf8ed57f497f7ea785a	yeto-evidence-archive	/openspec/changes/rl-algo-grpo-knobs/evidence/2026-09-29-algo1b-cpu-img/start_time_run2.txt
openspec/changes/rl-algo-grpo-knobs/evidence/2026-09-29-algo1b-cpu-img/start_time_run3.txt	21	b51159c64dfe18a7f9373de03c6e0b6ebe460e113082fdfc4a556d1afc1a2fc4	yeto-evidence-archive	/openspec/changes/rl-algo-grpo-knobs/evidence/2026-09-29-algo1b-cpu-img/start_time_run3.txt
openspec/changes/rl-algo-grpo-knobs/evidence/2026-09-29-algo1b-cpu-img/teardown_proof.txt	862	72d4510aebf599498e109957b10049740aac09ca4ba98aed57711279b7101705	yeto-evidence-archive	/openspec/changes/rl-algo-grpo-knobs/evidence/2026-09-29-algo1b-cpu-img/teardown_proof.txt
openspec/changes/rl-algo-grpo-knobs/evidence/2026-09-29-algo1b-dryrun/kl_k3.json	909	93906d92b24386e230c0315273f8c501f873d228b1f5b169b8ab9b7753d9d156	yeto-evidence-archive	/openspec/changes/rl-algo-grpo-knobs/evidence/2026-09-29-algo1b-dryrun/kl_k3.json
openspec/changes/rl-algo-grpo-knobs/evidence/2026-09-29-algo1b-g1/analyze.py	4303	b6f711e1900fdc42574645a6a81f9b9a4d5395c5971a136da085301412ce138e	yeto-evidence-archive	/openspec/changes/rl-algo-grpo-knobs/evidence/2026-09-29-algo1b-g1/analyze.py
openspec/changes/rl-algo-grpo-knobs/evidence/2026-09-29-algo1b-g1/attempt1/out/baseline.exec.log	249	4eac29c2d1cbe8c6eb22bad32d3d0523042d2ce8b6e119d8967c7eef40cb3965	yeto-evidence-archive	/openspec/changes/rl-algo-grpo-knobs/evidence/2026-09-29-algo1b-g1/attempt1/out/baseline.exec.log
openspec/changes/rl-algo-grpo-knobs/evidence/2026-09-29-algo1b-g1/attempt1/out/clip_higher.exec.log	255	dbba9176be77e430ce8daa2ff1221ae58e7ae045ca7f21b87b5a44d287245cd0	yeto-evidence-archive	/openspec/changes/rl-algo-grpo-knobs/evidence/2026-09-29-algo1b-g1/attempt1/out/clip_higher.exec.log
openspec/changes/rl-algo-grpo-knobs/evidence/2026-09-29-algo1b-g1/attempt1/out/drgrpo.exec.log	245	89ce89cf727a5fcb97a68643491a224b51ebe1edeeadc7273b10005246f964ec	yeto-evidence-archive	/openspec/changes/rl-algo-grpo-knobs/evidence/2026-09-29-algo1b-g1/attempt1/out/drgrpo.exec.log
openspec/changes/rl-algo-grpo-knobs/evidence/2026-09-29-algo1b-g1/attempt1/out/dual_clip.exec.log	251	7bbc139a97793f7141e3d1e7fc9933906cc683122ee9531048bcbb6659389da0	yeto-evidence-archive	/openspec/changes/rl-algo-grpo-knobs/evidence/2026-09-29-algo1b-g1/attempt1/out/dual_clip.exec.log
openspec/changes/rl-algo-grpo-knobs/evidence/2026-09-29-algo1b-g1/attempt1/out/entropy.exec.log	247	a1536d63633feabe659d2270ff25052bbb4a4e6cbf744e9a6c84f85b9a5a3e93	yeto-evidence-archive	/openspec/changes/rl-algo-grpo-knobs/evidence/2026-09-29-algo1b-g1/attempt1/out/entropy.exec.log
openspec/changes/rl-algo-grpo-knobs/evidence/2026-09-29-algo1b-g1/attempt1/out/kl_k3.exec.log	243	a165c7ac25162d8d2762ed273fdb4fb296c4d8172bc3a94df8beee1d8eadf81b	yeto-evidence-archive	/openspec/changes/rl-algo-grpo-knobs/evidence/2026-09-29-algo1b-g1/attempt1/out/kl_k3.exec.log
openspec/changes/rl-algo-grpo-knobs/evidence/2026-09-29-algo1b-g1/attempt1/out/over_sampling.exec.log	259	61006c332ffc15b4af11b25b62b589f4f779f6bf500f95253ed6c82d34d1d92c	yeto-evidence-archive	/openspec/changes/rl-algo-grpo-knobs/evidence/2026-09-29-algo1b-g1/attempt1/out/over_sampling.exec.log
openspec/changes/rl-algo-grpo-knobs/evidence/2026-09-29-algo1b-g1/attempt1/out/overlong_penalty.exec.log	265	d253a5e590f6a47416a8d34d938921b4c0d7e7ac453fa3014adaaf083de7d1e9	yeto-evidence-archive	/openspec/changes/rl-algo-grpo-knobs/evidence/2026-09-29-algo1b-g1/attempt1/out/overlong_penalty.exec.log
openspec/changes/rl-algo-grpo-knobs/evidence/2026-09-29-algo1b-g1/attempt1/out/t_end	21	7d99b9bc41746535744bcbf511aa46043e31dac5b8acc5f5cd606597d10f027b	yeto-evidence-archive	/openspec/changes/rl-algo-grpo-knobs/evidence/2026-09-29-algo1b-g1/attempt1/out/t_end
openspec/changes/rl-algo-grpo-knobs/evidence/2026-09-29-algo1b-g1/attempt1/out/t_start	21	5972d79752500a6ebed3a82da6cd79d909d54340a661b74b0955ec64ee59bda3	yeto-evidence-archive	/openspec/changes/rl-algo-grpo-knobs/evidence/2026-09-29-algo1b-g1/attempt1/out/t_start
openspec/changes/rl-algo-grpo-knobs/evidence/2026-09-29-algo1b-g1/attempt1/out/token.exec.log	243	9622644fbb8986f1429022dea885ab47cafcf1f1a3d6b70f1ad55c8eee045952	yeto-evidence-archive	/openspec/changes/rl-algo-grpo-knobs/evidence/2026-09-29-algo1b-g1/attempt1/out/token.exec.log
openspec/changes/rl-algo-grpo-knobs/evidence/2026-09-29-algo1b-g1/attempt1/out/watchdog_pid	8	7387ab8c13e9dd600fc4cb28b0cc7aaf2d715705520ca84a430526845c35d129	yeto-evidence-archive	/openspec/changes/rl-algo-grpo-knobs/evidence/2026-09-29-algo1b-g1/attempt1/out/watchdog_pid
openspec/changes/rl-algo-grpo-knobs/evidence/2026-09-29-algo1b-g1/attempt1/out_run_all.txt	925	fcb7f04599acc508d6913f2cf7e630ef62cdbeb91841cf88df35031293c31a49	yeto-evidence-archive	/openspec/changes/rl-algo-grpo-knobs/evidence/2026-09-29-algo1b-g1/attempt1/out_run_all.txt
openspec/changes/rl-algo-grpo-knobs/evidence/2026-09-29-algo1b-g1/harness/setup.sh	1005	9ac173bfca94d2e746c2a19ee00e6efbab8d7f822227df6d68e1f292e674fcd3	yeto-evidence-archive	/openspec/changes/rl-algo-grpo-knobs/evidence/2026-09-29-algo1b-g1/harness/setup.sh
openspec/changes/rl-algo-grpo-knobs/evidence/2026-09-29-algo1b-g1/harness/worker.py	358	10f67b70ff342b1a310ed10b27450de3de56d8642d0e670a9a223c406661ffa3	yeto-evidence-archive	/openspec/changes/rl-algo-grpo-knobs/evidence/2026-09-29-algo1b-g1/harness/worker.py
openspec/changes/rl-algo-grpo-knobs/evidence/2026-09-29-algo1b-g1/out/baseline.exec.log	605	416153d6254276256ddd408436cbf06ca30ee06ef89c1f4ae5d224d5aa48497e	yeto-evidence-archive	/openspec/changes/rl-algo-grpo-knobs/evidence/2026-09-29-algo1b-g1/out/baseline.exec.log
openspec/changes/rl-algo-grpo-knobs/evidence/2026-09-29-algo1b-g1/out/baseline.log	600	56b15cf9b6b819e7bcb4d6e1d4049ea4b8d713748cbf5e7de92249e8f9558b04	yeto-evidence-archive	/openspec/changes/rl-algo-grpo-knobs/evidence/2026-09-29-algo1b-g1/out/baseline.log
openspec/changes/rl-algo-grpo-knobs/evidence/2026-09-29-algo1b-g1/out/baseline/algorithm_spec.json	175	27df1133c924e7a337e90246c7e1e30699017f461e9f35b1dd165a0263e65bea	yeto-evidence-archive	/openspec/changes/rl-algo-grpo-knobs/evidence/2026-09-29-algo1b-g1/out/baseline/algorithm_spec.json
openspec/changes/rl-algo-grpo-knobs/evidence/2026-09-29-algo1b-g1/out/baseline/g1_meta.json	161	8b2eced147e87ee84c1e5b9dfc754a4c33c635746242f87b48a283b9d616f2a1	yeto-evidence-archive	/openspec/changes/rl-algo-grpo-knobs/evidence/2026-09-29-algo1b-g1/out/baseline/g1_meta.json
openspec/changes/rl-algo-grpo-knobs/evidence/2026-09-29-algo1b-g1/out/baseline/g1_result.json	75	b6480e4e9fac93b179ae31f2c1cd4450a2b97f64a7e6d3f956b60a2c5a477635	yeto-evidence-archive	/openspec/changes/rl-algo-grpo-knobs/evidence/2026-09-29-algo1b-g1/out/baseline/g1_result.json
openspec/changes/rl-algo-grpo-knobs/evidence/2026-09-29-algo1b-g1/out/baseline/miles.log	315691	bc5fd09aa9d8f7c69f11cd09d7d697473e8c17f26599dca7139797a0f487f868	yeto-evidence-archive	/openspec/changes/rl-algo-grpo-knobs/evidence/2026-09-29-algo1b-g1/out/baseline/miles.log
openspec/changes/rl-algo-grpo-knobs/evidence/2026-09-29-algo1b-g1/out/baseline/native-checkpoint/events/actor_cell00000_rank00000.jsonl	234186	5350f4047c005af113e5fff23c1cc7ef2eb1c65c547e730a129e4bcdbe64d39b	yeto-evidence-archive	/openspec/changes/rl-algo-grpo-knobs/evidence/2026-09-29-algo1b-g1/out/baseline/native-checkpoint/events/actor_cell00000_rank00000.jsonl
openspec/changes/rl-algo-grpo-knobs/evidence/2026-09-29-algo1b-g1/out/baseline/native-checkpoint/events/inference_controller.jsonl	192673	5fee90a6e5a7a07c48d1394fb64708844e4d8c68dce6233205fb4cadc98cd4c8	yeto-evidence-archive	/openspec/changes/rl-algo-grpo-knobs/evidence/2026-09-29-algo1b-g1/out/baseline/native-checkpoint/events/inference_controller.jsonl
openspec/changes/rl-algo-grpo-knobs/evidence/2026-09-29-algo1b-g1/out/baseline/native-checkpoint/events/main.jsonl	303401	ffd7b6474bfa298ed36d940bd9f2e581608df57ff3c48010c1ee746b167a752a	yeto-evidence-archive	/openspec/changes/rl-algo-grpo-knobs/evidence/2026-09-29-algo1b-g1/out/baseline/native-checkpoint/events/main.jsonl
openspec/changes/rl-algo-grpo-knobs/evidence/2026-09-29-algo1b-g1/out/baseline/native-checkpoint/events/rollout_executor.jsonl	160018	559ba13305dc3e5784ed8caccd40e9169e849dc686cec2eb159c05e33d862ae0	yeto-evidence-archive	/openspec/changes/rl-algo-grpo-knobs/evidence/2026-09-29-algo1b-g1/out/baseline/native-checkpoint/events/rollout_executor.jsonl
openspec/changes/rl-algo-grpo-knobs/evidence/2026-09-29-algo1b-g1/out/baseline/native-checkpoint/events/trainer_controller_actor.jsonl	157303	3c4986cda1c216c7d5c6f9f6b6183c34cf01f6c3b3b8dfb2097e3d8700c18449	yeto-evidence-archive	/openspec/changes/rl-algo-grpo-knobs/evidence/2026-09-29-algo1b-g1/out/baseline/native-checkpoint/events/trainer_controller_actor.jsonl
openspec/changes/rl-algo-grpo-knobs/evidence/2026-09-29-algo1b-g1/out/baseline/native-checkpoint/events/worker_manager.jsonl	244521	65f07ef047eb37b6adc0b08eebbaab9bf3a50a152c2c14fede46b91ddd5095c6	yeto-evidence-archive	/openspec/changes/rl-algo-grpo-knobs/evidence/2026-09-29-algo1b-g1/out/baseline/native-checkpoint/events/worker_manager.jsonl
openspec/changes/rl-algo-grpo-knobs/evidence/2026-09-29-algo1b-g1/out/baseline/prompts.jsonl	14446	b086101979a3d2a8d8c3110e3f648dd88d5429faa6113b9ac3b5de1aa126b94b	yeto-evidence-archive	/openspec/changes/rl-algo-grpo-knobs/evidence/2026-09-29-algo1b-g1/out/baseline/prompts.jsonl
openspec/changes/rl-algo-grpo-knobs/evidence/2026-09-29-algo1b-g1/out/baseline/rollouts/island-0/dashboard_columns/rollout_0.parquet	31027	9d5057261683f9a537831201af156b47a232903cc7cbe1504546257ccb117b44	yeto-evidence-archive	/openspec/changes/rl-algo-grpo-knobs/evidence/2026-09-29-algo1b-g1/out/baseline/rollouts/island-0/dashboard_columns/rollout_0.parquet
openspec/changes/rl-algo-grpo-knobs/evidence/2026-09-29-algo1b-g1/out/baseline/rollouts/island-0/dashboard_columns/rollout_1.parquet	35836	f2bcf6f678a19b471236d80acf69fdd604a5da9ed06aad40112a6583a2f6695a	yeto-evidence-archive	/openspec/changes/rl-algo-grpo-knobs/evidence/2026-09-29-algo1b-g1/out/baseline/rollouts/island-0/dashboard_columns/rollout_1.parquet
openspec/changes/rl-algo-grpo-knobs/evidence/2026-09-29-algo1b-g1/out/baseline/rollouts/island-0/dashboard_columns/rollout_2.parquet	53177	c76329912339118236cacc05ace1131952e807a77891635f9b36c6bc12f0f06b	yeto-evidence-archive	/openspec/changes/rl-algo-grpo-knobs/evidence/2026-09-29-algo1b-g1/out/baseline/rollouts/island-0/dashboard_columns/rollout_2.parquet
openspec/changes/rl-algo-grpo-knobs/evidence/2026-09-29-algo1b-g1/out/baseline/worker.json	2150	649ffa1ffbef12810b22ecd2fe5779ad679427b6a1ca0b5a299760f86536527a	yeto-evidence-archive	/openspec/changes/rl-algo-grpo-knobs/evidence/2026-09-29-algo1b-g1/out/baseline/worker.json
openspec/changes/rl-algo-grpo-knobs/evidence/2026-09-29-algo1b-g1/out/clip_higher.exec.log	380	b47bc472db663eae21530097429ff67e125cfa23e080f46d71d57424af1361af	yeto-evidence-archive	/openspec/changes/rl-algo-grpo-knobs/evidence/2026-09-29-algo1b-g1/out/clip_higher.exec.log
openspec/changes/rl-algo-grpo-knobs/evidence/2026-09-29-algo1b-g1/out/clip_higher.log	375	de826bd232d3d5ea2f5174d8e2a50d436db7bceb1aa2009a70b6f7c3c164ab69	yeto-evidence-archive	/openspec/changes/rl-algo-grpo-knobs/evidence/2026-09-29-algo1b-g1/out/clip_higher.log
openspec/changes/rl-algo-grpo-knobs/evidence/2026-09-29-algo1b-g1/out/clip_higher/algorithm_spec.json	812	281d623cb3a78e759fef58bc4d866a0fa9fe38db3731491eff4597cd1cb86d86	yeto-evidence-archive	/openspec/changes/rl-algo-grpo-knobs/evidence/2026-09-29-algo1b-g1/out/clip_higher/algorithm_spec.json
openspec/changes/rl-algo-grpo-knobs/evidence/2026-09-29-algo1b-g1/out/clip_higher/g1_meta.json	214	f36930d3248750d1ebf47ca7cbcabf1d3857bdcac128f25b173eee4dcef33864	yeto-evidence-archive	/openspec/changes/rl-algo-grpo-knobs/evidence/2026-09-29-algo1b-g1/out/clip_higher/g1_meta.json
openspec/changes/rl-algo-grpo-knobs/evidence/2026-09-29-algo1b-g1/out/clip_higher/g1_result.json	78	2ffbeb5544995d116b18edc81c7c1cd0fbec3fb988e5054d5d64c727092fe580	yeto-evidence-archive	/openspec/changes/rl-algo-grpo-knobs/evidence/2026-09-29-algo1b-g1/out/clip_higher/g1_result.json
openspec/changes/rl-algo-grpo-knobs/evidence/2026-09-29-algo1b-g1/out/clip_higher/miles.log	318073	098b2f11a4c35a9e3d2ab85423a4bce5e789b521fb04ad1c80e1c048c32e5e92	yeto-evidence-archive	/openspec/changes/rl-algo-grpo-knobs/evidence/2026-09-29-algo1b-g1/out/clip_higher/miles.log
openspec/changes/rl-algo-grpo-knobs/evidence/2026-09-29-algo1b-g1/out/clip_higher/native-checkpoint/events/actor_cell00000_rank00000.jsonl	234384	eb96d4faafe968fbe941ffa416c801974f92740093006d9e7306513649c22ffb	yeto-evidence-archive	/openspec/changes/rl-algo-grpo-knobs/evidence/2026-09-29-algo1b-g1/out/clip_higher/native-checkpoint/events/actor_cell00000_rank00000.jsonl
openspec/changes/rl-algo-grpo-knobs/evidence/2026-09-29-algo1b-g1/out/clip_higher/native-checkpoint/events/inference_controller.jsonl	192802	aa6bcc886bf47d4d3fd14cd6a6a6945ac221bec86c57f643f24deddfeaf660c7	yeto-evidence-archive	/openspec/changes/rl-algo-grpo-knobs/evidence/2026-09-29-algo1b-g1/out/clip_higher/native-checkpoint/events/inference_controller.jsonl
openspec/changes/rl-algo-grpo-knobs/evidence/2026-09-29-algo1b-g1/out/clip_higher/native-checkpoint/events/main.jsonl	216444	0d6b5297ad00f34c35daa398333f44804a116f0d6463d36a3dc110f3932cb90f	yeto-evidence-archive	/openspec/changes/rl-algo-grpo-knobs/evidence/2026-09-29-algo1b-g1/out/clip_higher/native-checkpoint/events/main.jsonl
openspec/changes/rl-algo-grpo-knobs/evidence/2026-09-29-algo1b-g1/out/clip_higher/native-checkpoint/events/rollout_executor.jsonl	160154	41296fdd201929d3aa0b74287f833e9d11225745d6955ba01243219cf9998f5e	yeto-evidence-archive	/openspec/changes/rl-algo-grpo-knobs/evidence/2026-09-29-algo1b-g1/out/clip_higher/native-checkpoint/events/rollout_executor.jsonl
openspec/changes/rl-algo-grpo-knobs/evidence/2026-09-29-algo1b-g1/out/clip_higher/native-checkpoint/events/trainer_controller_actor.jsonl	157435	564fbe9195a4799e3000a9045382503a5ae17671c5941e9feb2dcfa50fcdb26d	yeto-evidence-archive	/openspec/changes/rl-algo-grpo-knobs/evidence/2026-09-29-algo1b-g1/out/clip_higher/native-checkpoint/events/trainer_controller_actor.jsonl
openspec/changes/rl-algo-grpo-knobs/evidence/2026-09-29-algo1b-g1/out/clip_higher/native-checkpoint/events/worker_manager.jsonl	156660	717c3e978c383b0ad37470bc8993461fa9db24408d5cd91c7323467380af083c	yeto-evidence-archive	/openspec/changes/rl-algo-grpo-knobs/evidence/2026-09-29-algo1b-g1/out/clip_higher/native-checkpoint/events/worker_manager.jsonl
openspec/changes/rl-algo-grpo-knobs/evidence/2026-09-29-algo1b-g1/out/clip_higher/prompts.jsonl	14446	b086101979a3d2a8d8c3110e3f648dd88d5429faa6113b9ac3b5de1aa126b94b	yeto-evidence-archive	/openspec/changes/rl-algo-grpo-knobs/evidence/2026-09-29-algo1b-g1/out/clip_higher/prompts.jsonl
openspec/changes/rl-algo-grpo-knobs/evidence/2026-09-29-algo1b-g1/out/clip_higher/rollouts/island-0/dashboard_columns/rollout_0.parquet	31027	9d5057261683f9a537831201af156b47a232903cc7cbe1504546257ccb117b44	yeto-evidence-archive	/openspec/changes/rl-algo-grpo-knobs/evidence/2026-09-29-algo1b-g1/out/clip_higher/rollouts/island-0/dashboard_columns/rollout_0.parquet
openspec/changes/rl-algo-grpo-knobs/evidence/2026-09-29-algo1b-g1/out/clip_higher/rollouts/island-0/dashboard_columns/rollout_1.parquet	35836	f2bcf6f678a19b471236d80acf69fdd604a5da9ed06aad40112a6583a2f6695a	yeto-evidence-archive	/openspec/changes/rl-algo-grpo-knobs/evidence/2026-09-29-algo1b-g1/out/clip_higher/rollouts/island-0/dashboard_columns/rollout_1.parquet
openspec/changes/rl-algo-grpo-knobs/evidence/2026-09-29-algo1b-g1/out/clip_higher/rollouts/island-0/dashboard_columns/rollout_2.parquet	53177	c76329912339118236cacc05ace1131952e807a77891635f9b36c6bc12f0f06b	yeto-evidence-archive	/openspec/changes/rl-algo-grpo-knobs/evidence/2026-09-29-algo1b-g1/out/clip_higher/rollouts/island-0/dashboard_columns/rollout_2.parquet
openspec/changes/rl-algo-grpo-knobs/evidence/2026-09-29-algo1b-g1/out/clip_higher/worker.json	2224	8e740b92f0525a4c0c6feaac2bc0551bb3a9ac9ee54ef0370c3ad7bdf5aa1b55	yeto-evidence-archive	/openspec/changes/rl-algo-grpo-knobs/evidence/2026-09-29-algo1b-g1/out/clip_higher/worker.json
openspec/changes/rl-algo-grpo-knobs/evidence/2026-09-29-algo1b-g1/out/drgrpo.exec.log	375	8fef1082664f97854faaf531f44b7f200cb13adf3f4a0a3e86d45d8925251a78	yeto-evidence-archive	/openspec/changes/rl-algo-grpo-knobs/evidence/2026-09-29-algo1b-g1/out/drgrpo.exec.log
openspec/changes/rl-algo-grpo-knobs/evidence/2026-09-29-algo1b-g1/out/drgrpo.log	370	4df12d03ac3b9758fc304150676e2f4521656faa2850fbae702f70d78815b3d4	yeto-evidence-archive	/openspec/changes/rl-algo-grpo-knobs/evidence/2026-09-29-algo1b-g1/out/drgrpo.log
openspec/changes/rl-algo-grpo-knobs/evidence/2026-09-29-algo1b-g1/out/drgrpo/g1_meta.json	269	edc21b9ffa6fc91d82b8fea16e3615dd0376ffb6d56df3e9348bdf539056f2a9	yeto-evidence-archive	/openspec/changes/rl-algo-grpo-knobs/evidence/2026-09-29-algo1b-g1/out/drgrpo/g1_meta.json
openspec/changes/rl-algo-grpo-knobs/evidence/2026-09-29-algo1b-g1/out/drgrpo/g1_result.json	73	b5acf52f3d506c0d16728a513c5804dcf6f4f24bb51ffffd1ee3ab31853eae20	yeto-evidence-archive	/openspec/changes/rl-algo-grpo-knobs/evidence/2026-09-29-algo1b-g1/out/drgrpo/g1_result.json
openspec/changes/rl-algo-grpo-knobs/evidence/2026-09-29-algo1b-g1/out/drgrpo/miles.log	318564	cb01e3e679153faa445a8e65dd97da689b281d66a0db502521f6ebb2249f8bfe	yeto-evidence-archive	/openspec/changes/rl-algo-grpo-knobs/evidence/2026-09-29-algo1b-g1/out/drgrpo/miles.log
openspec/changes/rl-algo-grpo-knobs/evidence/2026-09-29-algo1b-g1/out/drgrpo/native-checkpoint/events/actor_cell00000_rank00000.jsonl	235249	b4767c1e72c22ec2e2b5d0e9bd8faa2b47faa374b0040de638fc0ee1a2d60225	yeto-evidence-archive	/openspec/changes/rl-algo-grpo-knobs/evidence/2026-09-29-algo1b-g1/out/drgrpo/native-checkpoint/events/actor_cell00000_rank00000.jsonl
openspec/changes/rl-algo-grpo-knobs/evidence/2026-09-29-algo1b-g1/out/drgrpo/native-checkpoint/events/inference_controller.jsonl	193486	70f714a5efae32d4d1af4995a231d127ba7de63bd8587c0bf833e0c40cf96947	yeto-evidence-archive	/openspec/changes/rl-algo-grpo-knobs/evidence/2026-09-29-algo1b-g1/out/drgrpo/native-checkpoint/events/inference_controller.jsonl
openspec/changes/rl-algo-grpo-knobs/evidence/2026-09-29-algo1b-g1/out/drgrpo/native-checkpoint/events/main.jsonl	217114	9a59dc729791ad11d6d17e340c374b655c30d4faa9d0031c07ad05db2ad73a61	yeto-evidence-archive	/openspec/changes/rl-algo-grpo-knobs/evidence/2026-09-29-algo1b-g1/out/drgrpo/native-checkpoint/events/main.jsonl
openspec/changes/rl-algo-grpo-knobs/evidence/2026-09-29-algo1b-g1/out/drgrpo/native-checkpoint/events/rollout_executor.jsonl	160866	6b2eba5f399045513a3ad9615ddfed9b73fcd1db673cb83310950dde6c8587cc	yeto-evidence-archive	/openspec/changes/rl-algo-grpo-knobs/evidence/2026-09-29-algo1b-g1/out/drgrpo/native-checkpoint/events/rollout_executor.jsonl
openspec/changes/rl-algo-grpo-knobs/evidence/2026-09-29-algo1b-g1/out/drgrpo/native-checkpoint/events/trainer_controller_actor.jsonl	158119	65042f1542be8b5ffc6e83f7e65a44752fbe47668d27c98ad5433218aea1621d	yeto-evidence-archive	/openspec/changes/rl-algo-grpo-knobs/evidence/2026-09-29-algo1b-g1/out/drgrpo/native-checkpoint/events/trainer_controller_actor.jsonl
openspec/changes/rl-algo-grpo-knobs/evidence/2026-09-29-algo1b-g1/out/drgrpo/native-checkpoint/events/worker_manager.jsonl	157344	413ed45d7b958940fc1bc01b885e1cad3fd115d075b57a8b419fcfb2cb736911	yeto-evidence-archive	/openspec/changes/rl-algo-grpo-knobs/evidence/2026-09-29-algo1b-g1/out/drgrpo/native-checkpoint/events/worker_manager.jsonl
openspec/changes/rl-algo-grpo-knobs/evidence/2026-09-29-algo1b-g1/out/drgrpo/prompts.jsonl	14446	b086101979a3d2a8d8c3110e3f648dd88d5429faa6113b9ac3b5de1aa126b94b	yeto-evidence-archive	/openspec/changes/rl-algo-grpo-knobs/evidence/2026-09-29-algo1b-g1/out/drgrpo/prompts.jsonl
openspec/changes/rl-algo-grpo-knobs/evidence/2026-09-29-algo1b-g1/out/drgrpo/rollouts/island-0/dashboard_columns/rollout_0.parquet	31027	9d5057261683f9a537831201af156b47a232903cc7cbe1504546257ccb117b44	yeto-evidence-archive	/openspec/changes/rl-algo-grpo-knobs/evidence/2026-09-29-algo1b-g1/out/drgrpo/rollouts/island-0/dashboard_columns/rollout_0.parquet
openspec/changes/rl-algo-grpo-knobs/evidence/2026-09-29-algo1b-g1/out/drgrpo/rollouts/island-0/dashboard_columns/rollout_1.parquet	36400	ca71593a5ccd9275416fe4ed12c9cf246742eb3129d7c3533a9b4d9fc6a6c2c1	yeto-evidence-archive	/openspec/changes/rl-algo-grpo-knobs/evidence/2026-09-29-algo1b-g1/out/drgrpo/rollouts/island-0/dashboard_columns/rollout_1.parquet
openspec/changes/rl-algo-grpo-knobs/evidence/2026-09-29-algo1b-g1/out/drgrpo/rollouts/island-0/dashboard_columns/rollout_2.parquet	52653	9f57639eec7577ffcb5ed6b96e1a1ec8b90c6a225acd4b0d211d0db5e181f479	yeto-evidence-archive	/openspec/changes/rl-algo-grpo-knobs/evidence/2026-09-29-algo1b-g1/out/drgrpo/rollouts/island-0/dashboard_columns/rollout_2.parquet
openspec/changes/rl-algo-grpo-knobs/evidence/2026-09-29-algo1b-g1/out/drgrpo/worker.json	2250	562d843e0c43471a5fe01be77f6b008e8270aff6270fb44c594689b2dd2677aa	yeto-evidence-archive	/openspec/changes/rl-algo-grpo-knobs/evidence/2026-09-29-algo1b-g1/out/drgrpo/worker.json
openspec/changes/rl-algo-grpo-knobs/evidence/2026-09-29-algo1b-g1/out/dual_clip.exec.log	378	1775b062e15a361e954e828dc12f98bbdda70451316f5e1ae971c99930efd2b1	yeto-evidence-archive	/openspec/changes/rl-algo-grpo-knobs/evidence/2026-09-29-algo1b-g1/out/dual_clip.exec.log
openspec/changes/rl-algo-grpo-knobs/evidence/2026-09-29-algo1b-g1/out/dual_clip.log	373	84683025b26280d0df9a1789611dbe8fb3471a3026a47eb740da5a7962cdc935	yeto-evidence-archive	/openspec/changes/rl-algo-grpo-knobs/evidence/2026-09-29-algo1b-g1/out/dual_clip.log
openspec/changes/rl-algo-grpo-knobs/evidence/2026-09-29-algo1b-g1/out/dual_clip/algorithm_spec.json	812	6401cd10b4704384dd0142695f2f041b5f2a272b6957649980878105d1fd0ccb	yeto-evidence-archive	/openspec/changes/rl-algo-grpo-knobs/evidence/2026-09-29-algo1b-g1/out/dual_clip/algorithm_spec.json
openspec/changes/rl-algo-grpo-knobs/evidence/2026-09-29-algo1b-g1/out/dual_clip/g1_meta.json	187	0b9e3e7a8f288bbe6b9c8aed97e79628b52d3e2298267cadba471fbd011888a4	yeto-evidence-archive	/openspec/changes/rl-algo-grpo-knobs/evidence/2026-09-29-algo1b-g1/out/dual_clip/g1_meta.json
openspec/changes/rl-algo-grpo-knobs/evidence/2026-09-29-algo1b-g1/out/dual_clip/g1_result.json	76	a15bf7d58797de00a5ae0c7b647569b6f289c304377aed24228e7e7bf3f079fb	yeto-evidence-archive	/openspec/changes/rl-algo-grpo-knobs/evidence/2026-09-29-algo1b-g1/out/dual_clip/g1_result.json
openspec/changes/rl-algo-grpo-knobs/evidence/2026-09-29-algo1b-g1/out/dual_clip/miles.log	318718	51137a5085edcd0c915b9eaf8821d2e2d8a8bd4fa1d9f39a813bb7990da5b5a7	yeto-evidence-archive	/openspec/changes/rl-algo-grpo-knobs/evidence/2026-09-29-algo1b-g1/out/dual_clip/miles.log
openspec/changes/rl-algo-grpo-knobs/evidence/2026-09-29-algo1b-g1/out/dual_clip/native-checkpoint/events/actor_cell00000_rank00000.jsonl	234282	486153d237a6714b17297c615e1ad06a1e08151d9a6b63003f0950a66a8ebe38	yeto-evidence-archive	/openspec/changes/rl-algo-grpo-knobs/evidence/2026-09-29-algo1b-g1/out/dual_clip/native-checkpoint/events/actor_cell00000_rank00000.jsonl
openspec/changes/rl-algo-grpo-knobs/evidence/2026-09-29-algo1b-g1/out/dual_clip/native-checkpoint/events/inference_controller.jsonl	192742	6727848863f6ec06fe91493a2dd28fa0dae28560d1a0241c966b8c4593752d25	yeto-evidence-archive	/openspec/changes/rl-algo-grpo-knobs/evidence/2026-09-29-algo1b-g1/out/dual_clip/native-checkpoint/events/inference_controller.jsonl
openspec/changes/rl-algo-grpo-knobs/evidence/2026-09-29-algo1b-g1/out/dual_clip/native-checkpoint/events/main.jsonl	303479	fa56371ba0ef48960e9225a1c16845cc729dcb153e2f4e96e09635782d826787	yeto-evidence-archive	/openspec/changes/rl-algo-grpo-knobs/evidence/2026-09-29-algo1b-g1/out/dual_clip/native-checkpoint/events/main.jsonl
openspec/changes/rl-algo-grpo-knobs/evidence/2026-09-29-algo1b-g1/out/dual_clip/native-checkpoint/events/rollout_executor.jsonl	160088	702afb75f0348dfc61a803abe4d87dd984714d75ae23a66b8d99d6ef1293ea75	yeto-evidence-archive	/openspec/changes/rl-algo-grpo-knobs/evidence/2026-09-29-algo1b-g1/out/dual_clip/native-checkpoint/events/rollout_executor.jsonl
openspec/changes/rl-algo-grpo-knobs/evidence/2026-09-29-algo1b-g1/out/dual_clip/native-checkpoint/events/trainer_controller_actor.jsonl	157371	e2a38758a7264b6efe1c29ef58ac00754d2263971e751232efb5c4a21f0a27a3	yeto-evidence-archive	/openspec/changes/rl-algo-grpo-knobs/evidence/2026-09-29-algo1b-g1/out/dual_clip/native-checkpoint/events/trainer_controller_actor.jsonl
openspec/changes/rl-algo-grpo-knobs/evidence/2026-09-29-algo1b-g1/out/dual_clip/native-checkpoint/events/worker_manager.jsonl	156596	64c7a2b1bf59c955f2f650227a4199277c0f182b4d64b556b87ecf9bafd94956	yeto-evidence-archive	/openspec/changes/rl-algo-grpo-knobs/evidence/2026-09-29-algo1b-g1/out/dual_clip/native-checkpoint/events/worker_manager.jsonl
openspec/changes/rl-algo-grpo-knobs/evidence/2026-09-29-algo1b-g1/out/dual_clip/prompts.jsonl	14446	b086101979a3d2a8d8c3110e3f648dd88d5429faa6113b9ac3b5de1aa126b94b	yeto-evidence-archive	/openspec/changes/rl-algo-grpo-knobs/evidence/2026-09-29-algo1b-g1/out/dual_clip/prompts.jsonl
openspec/changes/rl-algo-grpo-knobs/evidence/2026-09-29-algo1b-g1/out/dual_clip/rollouts/island-0/dashboard_columns/rollout_0.parquet	31027	9d5057261683f9a537831201af156b47a232903cc7cbe1504546257ccb117b44	yeto-evidence-archive	/openspec/changes/rl-algo-grpo-knobs/evidence/2026-09-29-algo1b-g1/out/dual_clip/rollouts/island-0/dashboard_columns/rollout_0.parquet
openspec/changes/rl-algo-grpo-knobs/evidence/2026-09-29-algo1b-g1/out/dual_clip/rollouts/island-0/dashboard_columns/rollout_1.parquet	35836	f2bcf6f678a19b471236d80acf69fdd604a5da9ed06aad40112a6583a2f6695a	yeto-evidence-archive	/openspec/changes/rl-algo-grpo-knobs/evidence/2026-09-29-algo1b-g1/out/dual_clip/rollouts/island-0/dashboard_columns/rollout_1.parquet
openspec/changes/rl-algo-grpo-knobs/evidence/2026-09-29-algo1b-g1/out/dual_clip/rollouts/island-0/dashboard_columns/rollout_2.parquet	53177	c76329912339118236cacc05ace1131952e807a77891635f9b36c6bc12f0f06b	yeto-evidence-archive	/openspec/changes/rl-algo-grpo-knobs/evidence/2026-09-29-algo1b-g1/out/dual_clip/rollouts/island-0/dashboard_columns/rollout_2.parquet
openspec/changes/rl-algo-grpo-knobs/evidence/2026-09-29-algo1b-g1/out/dual_clip/worker.json	2184	0e971cec0c140214144905a505369312c7ae118144ec7f716919dc6a79b6510e	yeto-evidence-archive	/openspec/changes/rl-algo-grpo-knobs/evidence/2026-09-29-algo1b-g1/out/dual_clip/worker.json
openspec/changes/rl-algo-grpo-knobs/evidence/2026-09-29-algo1b-g1/out/entropy.exec.log	376	70c980c7b4ee61d2a085cd882029dea37cd6e34f5827137f40cd2d6593972a37	yeto-evidence-archive	/openspec/changes/rl-algo-grpo-knobs/evidence/2026-09-29-algo1b-g1/out/entropy.exec.log
openspec/changes/rl-algo-grpo-knobs/evidence/2026-09-29-algo1b-g1/out/entropy.log	371	f4cac6b80ecae09a5fac42dcaa532c51f2fc843226762bed9d3f6f27f13a8265	yeto-evidence-archive	/openspec/changes/rl-algo-grpo-knobs/evidence/2026-09-29-algo1b-g1/out/entropy.log
openspec/changes/rl-algo-grpo-knobs/evidence/2026-09-29-algo1b-g1/out/entropy/algorithm_spec.json	815	8ae4308f214095e2c0496937d9108bd6f2a2f9a4a49928f4d3d81f42e2c7632d	yeto-evidence-archive	/openspec/changes/rl-algo-grpo-knobs/evidence/2026-09-29-algo1b-g1/out/entropy/algorithm_spec.json
openspec/changes/rl-algo-grpo-knobs/evidence/2026-09-29-algo1b-g1/out/entropy/g1_meta.json	189	0e34bff5a45e316cf59c5481f3a214fd238d7922a5a10201701fc8a076dfdf13	yeto-evidence-archive	/openspec/changes/rl-algo-grpo-knobs/evidence/2026-09-29-algo1b-g1/out/entropy/g1_meta.json
openspec/changes/rl-algo-grpo-knobs/evidence/2026-09-29-algo1b-g1/out/entropy/g1_result.json	74	0227d968ef11369d7c5cc0f440b5f5e9282bb89667dad927225b0fd7fac70873	yeto-evidence-archive	/openspec/changes/rl-algo-grpo-knobs/evidence/2026-09-29-algo1b-g1/out/entropy/g1_result.json
openspec/changes/rl-algo-grpo-knobs/evidence/2026-09-29-algo1b-g1/out/entropy/miles.log	318085	c1187a2072f3381f1a98d7321fc63eee0457f68d3cca15603063f3e117c8d696	yeto-evidence-archive	/openspec/changes/rl-algo-grpo-knobs/evidence/2026-09-29-algo1b-g1/out/entropy/miles.log
openspec/changes/rl-algo-grpo-knobs/evidence/2026-09-29-algo1b-g1/out/entropy/native-checkpoint/events/actor_cell00000_rank00000.jsonl	234337	0068a3f719bfbb67e503d722bf977037f0e8c49a576530e83b520ae3404dcf9a	yeto-evidence-archive	/openspec/changes/rl-algo-grpo-knobs/evidence/2026-09-29-algo1b-g1/out/entropy/native-checkpoint/events/actor_cell00000_rank00000.jsonl
openspec/changes/rl-algo-grpo-knobs/evidence/2026-09-29-algo1b-g1/out/entropy/native-checkpoint/events/inference_controller.jsonl	192729	64efbf0304dc6431f1cae9241d4ee15e20b1b058a850056339ad9a0d0c1ff229	yeto-evidence-archive	/openspec/changes/rl-algo-grpo-knobs/evidence/2026-09-29-algo1b-g1/out/entropy/native-checkpoint/events/inference_controller.jsonl
openspec/changes/rl-algo-grpo-knobs/evidence/2026-09-29-algo1b-g1/out/entropy/native-checkpoint/events/main.jsonl	216354	288966325b6fd7eac1249ef15342ce84ecde108e6bc6ac7b6e504d78cef44dad	yeto-evidence-archive	/openspec/changes/rl-algo-grpo-knobs/evidence/2026-09-29-algo1b-g1/out/entropy/native-checkpoint/events/main.jsonl
openspec/changes/rl-algo-grpo-knobs/evidence/2026-09-29-algo1b-g1/out/entropy/native-checkpoint/events/rollout_executor.jsonl	160119	2f8ba7c5965c9054b7109a8858075bb1ab8f960cb220bf65bdadcb0694748613	yeto-evidence-archive	/openspec/changes/rl-algo-grpo-knobs/evidence/2026-09-29-algo1b-g1/out/entropy/native-checkpoint/events/rollout_executor.jsonl
openspec/changes/rl-algo-grpo-knobs/evidence/2026-09-29-algo1b-g1/out/entropy/native-checkpoint/events/trainer_controller_actor.jsonl	157361	6e20be24f83e53b353b63b1349f8411892d893c431da4c6114e2a210aeb804bb	yeto-evidence-archive	/openspec/changes/rl-algo-grpo-knobs/evidence/2026-09-29-algo1b-g1/out/entropy/native-checkpoint/events/trainer_controller_actor.jsonl
openspec/changes/rl-algo-grpo-knobs/evidence/2026-09-29-algo1b-g1/out/entropy/native-checkpoint/events/worker_manager.jsonl	156586	327e7eb4df039e5244d5af34671cf79a0aa0d1e25b02ab3b8d7908d3bf993468	yeto-evidence-archive	/openspec/changes/rl-algo-grpo-knobs/evidence/2026-09-29-algo1b-g1/out/entropy/native-checkpoint/events/worker_manager.jsonl
openspec/changes/rl-algo-grpo-knobs/evidence/2026-09-29-algo1b-g1/out/entropy/prompts.jsonl	14446	b086101979a3d2a8d8c3110e3f648dd88d5429faa6113b9ac3b5de1aa126b94b	yeto-evidence-archive	/openspec/changes/rl-algo-grpo-knobs/evidence/2026-09-29-algo1b-g1/out/entropy/prompts.jsonl
openspec/changes/rl-algo-grpo-knobs/evidence/2026-09-29-algo1b-g1/out/entropy/rollouts/island-0/dashboard_columns/rollout_0.parquet	31027	9d5057261683f9a537831201af156b47a232903cc7cbe1504546257ccb117b44	yeto-evidence-archive	/openspec/changes/rl-algo-grpo-knobs/evidence/2026-09-29-algo1b-g1/out/entropy/rollouts/island-0/dashboard_columns/rollout_0.parquet
openspec/changes/rl-algo-grpo-knobs/evidence/2026-09-29-algo1b-g1/out/entropy/rollouts/island-0/dashboard_columns/rollout_1.parquet	33354	234159fec9e0e46b55811e66e8aa7c38070f46cf17fb56a92098f11b3a0f6cdc	yeto-evidence-archive	/openspec/changes/rl-algo-grpo-knobs/evidence/2026-09-29-algo1b-g1/out/entropy/rollouts/island-0/dashboard_columns/rollout_1.parquet
openspec/changes/rl-algo-grpo-knobs/evidence/2026-09-29-algo1b-g1/out/entropy/rollouts/island-0/dashboard_columns/rollout_2.parquet	54323	230afc3f9a2437d9be418d35c7c0c951526da8e3e9f5e2ef83e98bbb64eb2a4e	yeto-evidence-archive	/openspec/changes/rl-algo-grpo-knobs/evidence/2026-09-29-algo1b-g1/out/entropy/rollouts/island-0/dashboard_columns/rollout_2.parquet
openspec/changes/rl-algo-grpo-knobs/evidence/2026-09-29-algo1b-g1/out/entropy/worker.json	2174	610648011e21f5dcc556d412882de8e6138bb70a0a44534a4d6635797bceecc1	yeto-evidence-archive	/openspec/changes/rl-algo-grpo-knobs/evidence/2026-09-29-algo1b-g1/out/entropy/worker.json
openspec/changes/rl-algo-grpo-knobs/evidence/2026-09-29-algo1b-g1/out/kl_k3.exec.log	374	90b13f2b11d736fc7d71bdef3e97eac53e2803b31ec32e31e243ec3499cfed4d	yeto-evidence-archive	/openspec/changes/rl-algo-grpo-knobs/evidence/2026-09-29-algo1b-g1/out/kl_k3.exec.log
openspec/changes/rl-algo-grpo-knobs/evidence/2026-09-29-algo1b-g1/out/kl_k3.log	369	d919558b381e61a0335113db5738e31533057a352a531ae3d1ab10244bd1f70e	yeto-evidence-archive	/openspec/changes/rl-algo-grpo-knobs/evidence/2026-09-29-algo1b-g1/out/kl_k3.log
openspec/changes/rl-algo-grpo-knobs/evidence/2026-09-29-algo1b-g1/out/kl_k3/algorithm_spec.json	909	93906d92b24386e230c0315273f8c501f873d228b1f5b169b8ab9b7753d9d156	yeto-evidence-archive	/openspec/changes/rl-algo-grpo-knobs/evidence/2026-09-29-algo1b-g1/out/kl_k3/algorithm_spec.json
openspec/changes/rl-algo-grpo-knobs/evidence/2026-09-29-algo1b-g1/out/kl_k3/g1_meta.json	215	a49069ef3b96520cef0376c30f43f982a6450a81d868f563f6885ed823724b5f	yeto-evidence-archive	/openspec/changes/rl-algo-grpo-knobs/evidence/2026-09-29-algo1b-g1/out/kl_k3/g1_meta.json
openspec/changes/rl-algo-grpo-knobs/evidence/2026-09-29-algo1b-g1/out/kl_k3/g1_result.json	72	3e6d4424018b214af9928a3816ed803786e7b2ff42f7b2ca6d0ffc96434cfbe5	yeto-evidence-archive	/openspec/changes/rl-algo-grpo-knobs/evidence/2026-09-29-algo1b-g1/out/kl_k3/g1_result.json
openspec/changes/rl-algo-grpo-knobs/evidence/2026-09-29-algo1b-g1/out/kl_k3/miles.log	322568	10a69e6145d0bfabb5e21372f6184626377ba673bf046fff944258b0294b757a	yeto-evidence-archive	/openspec/changes/rl-algo-grpo-knobs/evidence/2026-09-29-algo1b-g1/out/kl_k3/miles.log
openspec/changes/rl-algo-grpo-knobs/evidence/2026-09-29-algo1b-g1/out/kl_k3/native-checkpoint/events/actor_cell00000_rank00000.jsonl	234808	3b868509ce26e105cdb8cd8de71a87616397ce74e81c6e6f9e6757627c83de91	yeto-evidence-archive	/openspec/changes/rl-algo-grpo-knobs/evidence/2026-09-29-algo1b-g1/out/kl_k3/native-checkpoint/events/actor_cell00000_rank00000.jsonl
openspec/changes/rl-algo-grpo-knobs/evidence/2026-09-29-algo1b-g1/out/kl_k3/native-checkpoint/events/inference_controller.jsonl	192754	988af3bc1bc2cbfda4575d7d75d6d0f7c9ea13204549b04073801f607915f6ae	yeto-evidence-archive	/openspec/changes/rl-algo-grpo-knobs/evidence/2026-09-29-algo1b-g1/out/kl_k3/native-checkpoint/events/inference_controller.jsonl
openspec/changes/rl-algo-grpo-knobs/evidence/2026-09-29-algo1b-g1/out/kl_k3/native-checkpoint/events/main.jsonl	303488	5c425b7a1d0e663942bb29445079ef8b67f27a2a943b87af8afa2eaf8938589e	yeto-evidence-archive	/openspec/changes/rl-algo-grpo-knobs/evidence/2026-09-29-algo1b-g1/out/kl_k3/native-checkpoint/events/main.jsonl
openspec/changes/rl-algo-grpo-knobs/evidence/2026-09-29-algo1b-g1/out/kl_k3/native-checkpoint/events/rollout_executor.jsonl	160109	e84917d5aed57c28c9141e5cd1117870ee074355857ba842081cc2b7731f2d92	yeto-evidence-archive	/openspec/changes/rl-algo-grpo-knobs/evidence/2026-09-29-algo1b-g1/out/kl_k3/native-checkpoint/events/rollout_executor.jsonl
openspec/changes/rl-algo-grpo-knobs/evidence/2026-09-29-algo1b-g1/out/kl_k3/native-checkpoint/events/trainer_controller_actor.jsonl	157385	1213117076c4bedbccb075aeb4af1af7a2104a3670dc8b46892884dc77adcd7b	yeto-evidence-archive	/openspec/changes/rl-algo-grpo-knobs/evidence/2026-09-29-algo1b-g1/out/kl_k3/native-checkpoint/events/trainer_controller_actor.jsonl
openspec/changes/rl-algo-grpo-knobs/evidence/2026-09-29-algo1b-g1/out/kl_k3/native-checkpoint/events/worker_manager.jsonl	156610	5612bafb55f83c09aeb04e3be6eefe8dce5085673538dc41bbb27513198ad2ad	yeto-evidence-archive	/openspec/changes/rl-algo-grpo-knobs/evidence/2026-09-29-algo1b-g1/out/kl_k3/native-checkpoint/events/worker_manager.jsonl
openspec/changes/rl-algo-grpo-knobs/evidence/2026-09-29-algo1b-g1/out/kl_k3/prompts.jsonl	14446	b086101979a3d2a8d8c3110e3f648dd88d5429faa6113b9ac3b5de1aa126b94b	yeto-evidence-archive	/openspec/changes/rl-algo-grpo-knobs/evidence/2026-09-29-algo1b-g1/out/kl_k3/prompts.jsonl
openspec/changes/rl-algo-grpo-knobs/evidence/2026-09-29-algo1b-g1/out/kl_k3/rollouts/island-0/dashboard_columns/rollout_0.parquet	31027	9d5057261683f9a537831201af156b47a232903cc7cbe1504546257ccb117b44	yeto-evidence-archive	/openspec/changes/rl-algo-grpo-knobs/evidence/2026-09-29-algo1b-g1/out/kl_k3/rollouts/island-0/dashboard_columns/rollout_0.parquet
openspec/changes/rl-algo-grpo-knobs/evidence/2026-09-29-algo1b-g1/out/kl_k3/rollouts/island-0/dashboard_columns/rollout_1.parquet	35836	f2bcf6f678a19b471236d80acf69fdd604a5da9ed06aad40112a6583a2f6695a	yeto-evidence-archive	/openspec/changes/rl-algo-grpo-knobs/evidence/2026-09-29-algo1b-g1/out/kl_k3/rollouts/island-0/dashboard_columns/rollout_1.parquet
openspec/changes/rl-algo-grpo-knobs/evidence/2026-09-29-algo1b-g1/out/kl_k3/rollouts/island-0/dashboard_columns/rollout_2.parquet	54406	1fdd1eaf830aebc5397803370e45ec6a8c4b74d73c9793da07cd14daf618977a	yeto-evidence-archive	/openspec/changes/rl-algo-grpo-knobs/evidence/2026-09-29-algo1b-g1/out/kl_k3/rollouts/island-0/dashboard_columns/rollout_2.parquet
openspec/changes/rl-algo-grpo-knobs/evidence/2026-09-29-algo1b-g1/out/kl_k3/worker.json	2189	8074e00f88774c8dd4a87917f515cae886fc77d2451b6964052a715d8e395b27	yeto-evidence-archive	/openspec/changes/rl-algo-grpo-knobs/evidence/2026-09-29-algo1b-g1/out/kl_k3/worker.json
openspec/changes/rl-algo-grpo-knobs/evidence/2026-09-29-algo1b-g1/out/over_sampling.exec.log	382	bebd86d1d18573615d919affa9d9df38861589cff439d2e9f3ca301b1ba0545f	yeto-evidence-archive	/openspec/changes/rl-algo-grpo-knobs/evidence/2026-09-29-algo1b-g1/out/over_sampling.exec.log
openspec/changes/rl-algo-grpo-knobs/evidence/2026-09-29-algo1b-g1/out/over_sampling.log	377	0eace04913c876e66d6cd114bec2efb90d6f3251360a1e3b5aa645dd60f62b2a	yeto-evidence-archive	/openspec/changes/rl-algo-grpo-knobs/evidence/2026-09-29-algo1b-g1/out/over_sampling.log
openspec/changes/rl-algo-grpo-knobs/evidence/2026-09-29-algo1b-g1/out/over_sampling/algorithm_spec.json	847	6053fad26acf57ba5f022a08baca5a7384ae74917174b351a5c586e661be77f9	yeto-evidence-archive	/openspec/changes/rl-algo-grpo-knobs/evidence/2026-09-29-algo1b-g1/out/over_sampling/algorithm_spec.json
openspec/changes/rl-algo-grpo-knobs/evidence/2026-09-29-algo1b-g1/out/over_sampling/g1_meta.json	195	1bc774f815d700afabe88202336c17bedeca367ed7d0b2700f5eebfa91354fba	yeto-evidence-archive	/openspec/changes/rl-algo-grpo-knobs/evidence/2026-09-29-algo1b-g1/out/over_sampling/g1_meta.json
openspec/changes/rl-algo-grpo-knobs/evidence/2026-09-29-algo1b-g1/out/over_sampling/g1_result.json	80	22c21d9c07a732ae3148dad302cd3dca0e79877ae6112a46ba3954534de40bb8	yeto-evidence-archive	/openspec/changes/rl-algo-grpo-knobs/evidence/2026-09-29-algo1b-g1/out/over_sampling/g1_result.json
openspec/changes/rl-algo-grpo-knobs/evidence/2026-09-29-algo1b-g1/out/over_sampling/miles.log	329124	1369fc327a4f0332cbfec47c20059c6c31ddd441476c8e38666c794e1a9f801e	yeto-evidence-archive	/openspec/changes/rl-algo-grpo-knobs/evidence/2026-09-29-algo1b-g1/out/over_sampling/miles.log
openspec/changes/rl-algo-grpo-knobs/evidence/2026-09-29-algo1b-g1/out/over_sampling/native-checkpoint/events/actor_cell00000_rank00000.jsonl	234384	a78b01379254ec32a031df4b03b59d723399e357e1fd03bc251c2cf0cc29dec6	yeto-evidence-archive	/openspec/changes/rl-algo-grpo-knobs/evidence/2026-09-29-algo1b-g1/out/over_sampling/native-checkpoint/events/actor_cell00000_rank00000.jsonl
openspec/changes/rl-algo-grpo-knobs/evidence/2026-09-29-algo1b-g1/out/over_sampling/native-checkpoint/events/inference_controller.jsonl	192872	303cdf100a8fbecebc153daf66850a939e1d094a826e650e9aeeeddf90676cfa	yeto-evidence-archive	/openspec/changes/rl-algo-grpo-knobs/evidence/2026-09-29-algo1b-g1/out/over_sampling/native-checkpoint/events/inference_controller.jsonl
openspec/changes/rl-algo-grpo-knobs/evidence/2026-09-29-algo1b-g1/out/over_sampling/native-checkpoint/events/main.jsonl	216508	fb21195d9828172db3c23ce76729380b3af85da97d1932d8a4a1ca7b193bbb78	yeto-evidence-archive	/openspec/changes/rl-algo-grpo-knobs/evidence/2026-09-29-algo1b-g1/out/over_sampling/native-checkpoint/events/main.jsonl
openspec/changes/rl-algo-grpo-knobs/evidence/2026-09-29-algo1b-g1/out/over_sampling/native-checkpoint/events/rollout_executor.jsonl	160269	fd593e5dbf9d6f0d50e6e2b97b19d8a9d234b8d43cc37df75fcfab5ac763d594	yeto-evidence-archive	/openspec/changes/rl-algo-grpo-knobs/evidence/2026-09-29-algo1b-g1/out/over_sampling/native-checkpoint/events/rollout_executor.jsonl
openspec/changes/rl-algo-grpo-knobs/evidence/2026-09-29-algo1b-g1/out/over_sampling/native-checkpoint/events/trainer_controller_actor.jsonl	157503	615c43cfad10112e254b1f0fd7ce55673370c97b195baaab3c81ad7aa7d0ec67	yeto-evidence-archive	/openspec/changes/rl-algo-grpo-knobs/evidence/2026-09-29-algo1b-g1/out/over_sampling/native-checkpoint/events/trainer_controller_actor.jsonl
openspec/changes/rl-algo-grpo-knobs/evidence/2026-09-29-algo1b-g1/out/over_sampling/native-checkpoint/events/worker_manager.jsonl	156728	c947d0869a97926b25fa347e523f069c4412c1e64cc1a8c10ddde4ed9ee1cb96	yeto-evidence-archive	/openspec/changes/rl-algo-grpo-knobs/evidence/2026-09-29-algo1b-g1/out/over_sampling/native-checkpoint/events/worker_manager.jsonl
openspec/changes/rl-algo-grpo-knobs/evidence/2026-09-29-algo1b-g1/out/over_sampling/prompts.jsonl	14446	b086101979a3d2a8d8c3110e3f648dd88d5429faa6113b9ac3b5de1aa126b94b	yeto-evidence-archive	/openspec/changes/rl-algo-grpo-knobs/evidence/2026-09-29-algo1b-g1/out/over_sampling/prompts.jsonl
openspec/changes/rl-algo-grpo-knobs/evidence/2026-09-29-algo1b-g1/out/over_sampling/rollouts/island-0/dashboard_columns/rollout_0.parquet	31756	65deb9bb0378143f9d1fab071853185a63504c094e8b3ff7b9d85b38a70e8ea0	yeto-evidence-archive	/openspec/changes/rl-algo-grpo-knobs/evidence/2026-09-29-algo1b-g1/out/over_sampling/rollouts/island-0/dashboard_columns/rollout_0.parquet
openspec/changes/rl-algo-grpo-knobs/evidence/2026-09-29-algo1b-g1/out/over_sampling/rollouts/island-0/dashboard_columns/rollout_1.parquet	36823	ca26215abcb14949711705b71e66a4c6fc10099970bdfe39ed79fd460d2fd115	yeto-evidence-archive	/openspec/changes/rl-algo-grpo-knobs/evidence/2026-09-29-algo1b-g1/out/over_sampling/rollouts/island-0/dashboard_columns/rollout_1.parquet
openspec/changes/rl-algo-grpo-knobs/evidence/2026-09-29-algo1b-g1/out/over_sampling/rollouts/island-0/dashboard_columns/rollout_2.parquet	45299	f5e39424b5e4f547653ca6729c1d9300b7175c54615520085cb38b95419563ea	yeto-evidence-archive	/openspec/changes/rl-algo-grpo-knobs/evidence/2026-09-29-algo1b-g1/out/over_sampling/rollouts/island-0/dashboard_columns/rollout_2.parquet
openspec/changes/rl-algo-grpo-knobs/evidence/2026-09-29-algo1b-g1/out/over_sampling/worker.json	2253	ff51cb37638f1e2fd86f7c69ce27cbe26ee0245d11e04e3e09a96dfffb0de534	yeto-evidence-archive	/openspec/changes/rl-algo-grpo-knobs/evidence/2026-09-29-algo1b-g1/out/over_sampling/worker.json
openspec/changes/rl-algo-grpo-knobs/evidence/2026-09-29-algo1b-g1/out/overlong_penalty.exec.log	385	5ab43b622a7963be411f083e62d06c2ef197cfed9a67149f04768388ad4c5141	yeto-evidence-archive	/openspec/changes/rl-algo-grpo-knobs/evidence/2026-09-29-algo1b-g1/out/overlong_penalty.exec.log
openspec/changes/rl-algo-grpo-knobs/evidence/2026-09-29-algo1b-g1/out/overlong_penalty.log	380	d4ccc6ac435eb2fc56723e01fef17a1f9105dfed50739d410e9a345ce8d97966	yeto-evidence-archive	/openspec/changes/rl-algo-grpo-knobs/evidence/2026-09-29-algo1b-g1/out/overlong_penalty.log
openspec/changes/rl-algo-grpo-knobs/evidence/2026-09-29-algo1b-g1/out/overlong_penalty/algorithm_spec.json	1150	89be72472cddf7424f1096b5e2114434c9a3481fb2681c722e6b791adc191031	yeto-evidence-archive	/openspec/changes/rl-algo-grpo-knobs/evidence/2026-09-29-algo1b-g1/out/overlong_penalty/algorithm_spec.json
openspec/changes/rl-algo-grpo-knobs/evidence/2026-09-29-algo1b-g1/out/overlong_penalty/g1_meta.json	254	fb4699a3d50485748820daa895fd83c81a1f1cc229652fbf1b56d8e2f3c16692	yeto-evidence-archive	/openspec/changes/rl-algo-grpo-knobs/evidence/2026-09-29-algo1b-g1/out/overlong_penalty/g1_meta.json
openspec/changes/rl-algo-grpo-knobs/evidence/2026-09-29-algo1b-g1/out/overlong_penalty/g1_result.json	83	06f0527ea6d264ff6de17d457a54b7c0b39ff8a83fb6dbb29790b6db4184db4c	yeto-evidence-archive	/openspec/changes/rl-algo-grpo-knobs/evidence/2026-09-29-algo1b-g1/out/overlong_penalty/g1_result.json
openspec/changes/rl-algo-grpo-knobs/evidence/2026-09-29-algo1b-g1/out/overlong_penalty/miles.log	321087	0001823922dcfd28a51bddff80812822f704fbd5d1e3bdfd27b7d07ace0251a9	yeto-evidence-archive	/openspec/changes/rl-algo-grpo-knobs/evidence/2026-09-29-algo1b-g1/out/overlong_penalty/miles.log
openspec/changes/rl-algo-grpo-knobs/evidence/2026-09-29-algo1b-g1/out/overlong_penalty/native-checkpoint/events/actor_cell00000_rank00000.jsonl	236156	523222431c79d4b0fbc2dc1f0cd9231573a78b775013f0f24671a0adb5e17bd0	yeto-evidence-archive	/openspec/changes/rl-algo-grpo-knobs/evidence/2026-09-29-algo1b-g1/out/overlong_penalty/native-checkpoint/events/actor_cell00000_rank00000.jsonl
openspec/changes/rl-algo-grpo-knobs/evidence/2026-09-29-algo1b-g1/out/overlong_penalty/native-checkpoint/events/inference_controller.jsonl	193978	e09a7e1003047ca632c34e0fc7c8db835b1b2e3e71e3c1c7b0021a53f44e4396	yeto-evidence-archive	/openspec/changes/rl-algo-grpo-knobs/evidence/2026-09-29-algo1b-g1/out/overlong_penalty/native-checkpoint/events/inference_controller.jsonl
openspec/changes/rl-algo-grpo-knobs/evidence/2026-09-29-algo1b-g1/out/overlong_penalty/native-checkpoint/events/main.jsonl	305357	37157435203304e4f6b149e6f3f7ce3a2e77287e4b959b408e6b7404ea4a00b6	yeto-evidence-archive	/openspec/changes/rl-algo-grpo-knobs/evidence/2026-09-29-algo1b-g1/out/overlong_penalty/native-checkpoint/events/main.jsonl
openspec/changes/rl-algo-grpo-knobs/evidence/2026-09-29-algo1b-g1/out/overlong_penalty/native-checkpoint/events/rollout_executor.jsonl	161369	c553e67c31a40f5e8e2a181ddc293b6c7a09bc1fd3980cccc708e5ba4627011c	yeto-evidence-archive	/openspec/changes/rl-algo-grpo-knobs/evidence/2026-09-29-algo1b-g1/out/overlong_penalty/native-checkpoint/events/rollout_executor.jsonl
openspec/changes/rl-algo-grpo-knobs/evidence/2026-09-29-algo1b-g1/out/overlong_penalty/native-checkpoint/events/trainer_controller_actor.jsonl	158611	fb61ae33ce593298f5bd13d860fe278b8a9c54f5c3e515312a82ec07f526f0bc	yeto-evidence-archive	/openspec/changes/rl-algo-grpo-knobs/evidence/2026-09-29-algo1b-g1/out/overlong_penalty/native-checkpoint/events/trainer_controller_actor.jsonl
openspec/changes/rl-algo-grpo-knobs/evidence/2026-09-29-algo1b-g1/out/overlong_penalty/native-checkpoint/events/worker_manager.jsonl	157836	2e97e414a4e202d99165f55fa544746bfbcc0884d21ca7ba1151228a82b22139	yeto-evidence-archive	/openspec/changes/rl-algo-grpo-knobs/evidence/2026-09-29-algo1b-g1/out/overlong_penalty/native-checkpoint/events/worker_manager.jsonl
openspec/changes/rl-algo-grpo-knobs/evidence/2026-09-29-algo1b-g1/out/overlong_penalty/prompts.jsonl	14446	b086101979a3d2a8d8c3110e3f648dd88d5429faa6113b9ac3b5de1aa126b94b	yeto-evidence-archive	/openspec/changes/rl-algo-grpo-knobs/evidence/2026-09-29-algo1b-g1/out/overlong_penalty/prompts.jsonl
openspec/changes/rl-algo-grpo-knobs/evidence/2026-09-29-algo1b-g1/out/overlong_penalty/rollouts/island-0/dashboard_columns/rollout_0.parquet	31027	9d5057261683f9a537831201af156b47a232903cc7cbe1504546257ccb117b44	yeto-evidence-archive	/openspec/changes/rl-algo-grpo-knobs/evidence/2026-09-29-algo1b-g1/out/overlong_penalty/rollouts/island-0/dashboard_columns/rollout_0.parquet
openspec/changes/rl-algo-grpo-knobs/evidence/2026-09-29-algo1b-g1/out/overlong_penalty/rollouts/island-0/dashboard_columns/rollout_1.parquet	34241	741920bcde02c0e62173cdc4d556e7e834f873f35a0b5f022e4531c7edab765f	yeto-evidence-archive	/openspec/changes/rl-algo-grpo-knobs/evidence/2026-09-29-algo1b-g1/out/overlong_penalty/rollouts/island-0/dashboard_columns/rollout_1.parquet
openspec/changes/rl-algo-grpo-knobs/evidence/2026-09-29-algo1b-g1/out/overlong_penalty/rollouts/island-0/dashboard_columns/rollout_2.parquet	53096	f1864df2319408ae061a4e73a51e65f04da59b4c17887c8b973a5f0050798c83	yeto-evidence-archive	/openspec/changes/rl-algo-grpo-knobs/evidence/2026-09-29-algo1b-g1/out/overlong_penalty/rollouts/island-0/dashboard_columns/rollout_2.parquet
openspec/changes/rl-algo-grpo-knobs/evidence/2026-09-29-algo1b-g1/out/overlong_penalty/worker.json	2294	a63da25124564fdbc8d2303ee9b6d9f0f19844de632dcd2f5d4c33e6acffa7ce	yeto-evidence-archive	/openspec/changes/rl-algo-grpo-knobs/evidence/2026-09-29-algo1b-g1/out/overlong_penalty/worker.json
openspec/changes/rl-algo-grpo-knobs/evidence/2026-09-29-algo1b-g1/out/t_end	21	efc81680aee723ac0b8b1d83c80743e3ce030b11b9399aec4fc6b854f47cb310	yeto-evidence-archive	/openspec/changes/rl-algo-grpo-knobs/evidence/2026-09-29-algo1b-g1/out/t_end
openspec/changes/rl-algo-grpo-knobs/evidence/2026-09-29-algo1b-g1/out/t_start	21	41e6e119292b0a96097c8a851218be6d4668ad2a2c768a5ba538d5ae5211e793	yeto-evidence-archive	/openspec/changes/rl-algo-grpo-knobs/evidence/2026-09-29-algo1b-g1/out/t_start
openspec/changes/rl-algo-grpo-knobs/evidence/2026-09-29-algo1b-g1/out/token.exec.log	374	c591d443688ca69e4c8ac527e599e7cd858b7f51fc991e98cbade87b2b71b9ac	yeto-evidence-archive	/openspec/changes/rl-algo-grpo-knobs/evidence/2026-09-29-algo1b-g1/out/token.exec.log
openspec/changes/rl-algo-grpo-knobs/evidence/2026-09-29-algo1b-g1/out/token.log	369	1fc41586f7b47001a41f4c8aa3f638f82714a10692d29186ef51bf1780bd12b9	yeto-evidence-archive	/openspec/changes/rl-algo-grpo-knobs/evidence/2026-09-29-algo1b-g1/out/token.log
openspec/changes/rl-algo-grpo-knobs/evidence/2026-09-29-algo1b-g1/out/token/algorithm_spec.json	811	c55f2f709dc78581751e0440c926d0314c2450330f1cfc5b1a518c9ee3806ca4	yeto-evidence-archive	/openspec/changes/rl-algo-grpo-knobs/evidence/2026-09-29-algo1b-g1/out/token/algorithm_spec.json
openspec/changes/rl-algo-grpo-knobs/evidence/2026-09-29-algo1b-g1/out/token/g1_meta.json	188	f199ec9f177610724b53a66589ddb5ef243a31f9b4206095aedf464c12de2ac0	yeto-evidence-archive	/openspec/changes/rl-algo-grpo-knobs/evidence/2026-09-29-algo1b-g1/out/token/g1_meta.json
openspec/changes/rl-algo-grpo-knobs/evidence/2026-09-29-algo1b-g1/out/token/g1_result.json	72	13de91ef9cf36caec425c2b1c2308e68016922c93f79aec4b2ff0bf148935d2c	yeto-evidence-archive	/openspec/changes/rl-algo-grpo-knobs/evidence/2026-09-29-algo1b-g1/out/token/g1_result.json
openspec/changes/rl-algo-grpo-knobs/evidence/2026-09-29-algo1b-g1/out/token/miles.log	321000	b6c635959c3022293c9d0201f4b44b66338da672b69b5cc15602902df9eb820e	yeto-evidence-archive	/openspec/changes/rl-algo-grpo-knobs/evidence/2026-09-29-algo1b-g1/out/token/miles.log
openspec/changes/rl-algo-grpo-knobs/evidence/2026-09-29-algo1b-g1/out/token/native-checkpoint/events/actor_cell00000_rank00000.jsonl	234218	e5f495f3ebe2544125fa1424fa4a22d2b992d2eb5f288f08f5cf0a15dff4e85d	yeto-evidence-archive	/openspec/changes/rl-algo-grpo-knobs/evidence/2026-09-29-algo1b-g1/out/token/native-checkpoint/events/actor_cell00000_rank00000.jsonl
openspec/changes/rl-algo-grpo-knobs/evidence/2026-09-29-algo1b-g1/out/token/native-checkpoint/events/inference_controller.jsonl	192702	2d20b1f45fd4cd49485818b435c7f8665524082ca1c6d64775f8b3dccad3a5f0	yeto-evidence-archive	/openspec/changes/rl-algo-grpo-knobs/evidence/2026-09-29-algo1b-g1/out/token/native-checkpoint/events/inference_controller.jsonl
openspec/changes/rl-algo-grpo-knobs/evidence/2026-09-29-algo1b-g1/out/token/native-checkpoint/events/main.jsonl	303410	9f983e7b73a8345dad30a1f594cf08d82b20adf2461f30e477fc8dc855294d72	yeto-evidence-archive	/openspec/changes/rl-algo-grpo-knobs/evidence/2026-09-29-algo1b-g1/out/token/native-checkpoint/events/main.jsonl
openspec/changes/rl-algo-grpo-knobs/evidence/2026-09-29-algo1b-g1/out/token/native-checkpoint/events/rollout_executor.jsonl	160053	c63249143040e290e04a55c55d74ace31ce77f4c3f0db2e8223974db2e00885a	yeto-evidence-archive	/openspec/changes/rl-algo-grpo-knobs/evidence/2026-09-29-algo1b-g1/out/token/native-checkpoint/events/rollout_executor.jsonl
openspec/changes/rl-algo-grpo-knobs/evidence/2026-09-29-algo1b-g1/out/token/native-checkpoint/events/trainer_controller_actor.jsonl	157335	46faa79f070a9daf1a0227e2e195422938e6aaf3338f097730b9102af738d72e	yeto-evidence-archive	/openspec/changes/rl-algo-grpo-knobs/evidence/2026-09-29-algo1b-g1/out/token/native-checkpoint/events/trainer_controller_actor.jsonl
openspec/changes/rl-algo-grpo-knobs/evidence/2026-09-29-algo1b-g1/out/token/native-checkpoint/events/worker_manager.jsonl	156560	5e485b61d920c586778f82a0647594f1abade53c0da2c6127a38885e36a67051	yeto-evidence-archive	/openspec/changes/rl-algo-grpo-knobs/evidence/2026-09-29-algo1b-g1/out/token/native-checkpoint/events/worker_manager.jsonl
openspec/changes/rl-algo-grpo-knobs/evidence/2026-09-29-algo1b-g1/out/token/prompts.jsonl	14446	b086101979a3d2a8d8c3110e3f648dd88d5429faa6113b9ac3b5de1aa126b94b	yeto-evidence-archive	/openspec/changes/rl-algo-grpo-knobs/evidence/2026-09-29-algo1b-g1/out/token/prompts.jsonl
openspec/changes/rl-algo-grpo-knobs/evidence/2026-09-29-algo1b-g1/out/token/rollouts/island-0/dashboard_columns/rollout_0.parquet	31027	9d5057261683f9a537831201af156b47a232903cc7cbe1504546257ccb117b44	yeto-evidence-archive	/openspec/changes/rl-algo-grpo-knobs/evidence/2026-09-29-algo1b-g1/out/token/rollouts/island-0/dashboard_columns/rollout_0.parquet
openspec/changes/rl-algo-grpo-knobs/evidence/2026-09-29-algo1b-g1/out/token/rollouts/island-0/dashboard_columns/rollout_1.parquet	35836	f2bcf6f678a19b471236d80acf69fdd604a5da9ed06aad40112a6583a2f6695a	yeto-evidence-archive	/openspec/changes/rl-algo-grpo-knobs/evidence/2026-09-29-algo1b-g1/out/token/rollouts/island-0/dashboard_columns/rollout_1.parquet
openspec/changes/rl-algo-grpo-knobs/evidence/2026-09-29-algo1b-g1/out/token/rollouts/island-0/dashboard_columns/rollout_2.parquet	53177	c76329912339118236cacc05ace1131952e807a77891635f9b36c6bc12f0f06b	yeto-evidence-archive	/openspec/changes/rl-algo-grpo-knobs/evidence/2026-09-29-algo1b-g1/out/token/rollouts/island-0/dashboard_columns/rollout_2.parquet
openspec/changes/rl-algo-grpo-knobs/evidence/2026-09-29-algo1b-g1/out/token/worker.json	2161	26e4be38f38abcba89ad6d3a7e9d3923d067b96657ab207070f29b546ccc0300	yeto-evidence-archive	/openspec/changes/rl-algo-grpo-knobs/evidence/2026-09-29-algo1b-g1/out/token/worker.json
openspec/changes/rl-algo-grpo-knobs/evidence/2026-09-29-algo1b-g1/out/watchdog_pid	8	d1ed1f4dcbafc9582e1b3487ab1888c8979c0103ce1c8a6d3bd1d02c1469f3a4	yeto-evidence-archive	/openspec/changes/rl-algo-grpo-knobs/evidence/2026-09-29-algo1b-g1/out/watchdog_pid
openspec/changes/rl-algo-grpo-knobs/evidence/2026-09-29-algo1b-g1/out_run_all.txt	2247	a017c277fbdb5298012690b0d3331ac252dbad7bf68640299f614c44480c85cf	yeto-evidence-archive	/openspec/changes/rl-algo-grpo-knobs/evidence/2026-09-29-algo1b-g1/out_run_all.txt
openspec/changes/rl-algo-grpo-knobs/evidence/2026-09-29-algo1b-g1/run_all.sh	1807	9abc836260430e59269244f3f59afd73d837db7949d25f45852d354ceb0ba73f	yeto-evidence-archive	/openspec/changes/rl-algo-grpo-knobs/evidence/2026-09-29-algo1b-g1/run_all.sh
openspec/changes/rl-algo-grpo-knobs/evidence/2026-09-29-algo1b-g1/sbx.py	2202	251c3809c7a2b0ebee51894692fb8503e2fe7b2a272f1488d8efff03d7b12dd3	yeto-evidence-archive	/openspec/changes/rl-algo-grpo-knobs/evidence/2026-09-29-algo1b-g1/sbx.py
openspec/changes/rl-algo-grpo-knobs/evidence/2026-09-29-algo1b-g1/teardown_proof.txt	1192	fd187f0fc6e3588fc63d6115ed74dfaa758467d44bf05147f7866ae2f4f58ad7	yeto-evidence-archive	/openspec/changes/rl-algo-grpo-knobs/evidence/2026-09-29-algo1b-g1/teardown_proof.txt
openspec/changes/rl-algo-grpo-knobs/evidence/2026-09-29-algo1b-g1b/attempt1-out-a/YETO_SHA	41	39b7c9134f66f3b007f47c1eef03bf0c8e43ffb608c0480bdb3f3dcc2f53aa18	yeto-evidence-archive	/openspec/changes/rl-algo-grpo-knobs/evidence/2026-09-29-algo1b-g1b/attempt1-out-a/YETO_SHA
openspec/changes/rl-algo-grpo-knobs/evidence/2026-09-29-algo1b-g1b/attempt1-out-a/cmd.txt	869	59e05950288708643f5968b7cbd75d3a6bc7c27d554bdb52a8442e64e6404afc	yeto-evidence-archive	/openspec/changes/rl-algo-grpo-knobs/evidence/2026-09-29-algo1b-g1b/attempt1-out-a/cmd.txt
openspec/changes/rl-algo-grpo-knobs/evidence/2026-09-29-algo1b-g1b/attempt1-out-a/launch.log	15316	c2da35d9c86cd1c14d4cff0a33fb925c8773975bb39cbc4718a455c8d47c9240	yeto-evidence-archive	/openspec/changes/rl-algo-grpo-knobs/evidence/2026-09-29-algo1b-g1b/attempt1-out-a/launch.log
openspec/changes/rl-algo-grpo-knobs/evidence/2026-09-29-algo1b-g1b/attempt1-out-a/run_a.txt	0	e3b0c44298fc1c149afbf4c8996fb92427ae41e4649b934ca495991b7852b855	yeto-evidence-archive	/openspec/changes/rl-algo-grpo-knobs/evidence/2026-09-29-algo1b-g1b/attempt1-out-a/run_a.txt
openspec/changes/rl-algo-grpo-knobs/evidence/2026-09-29-algo1b-g1b/attempt1-out-a/t_end	21	ac0aa724b881075190affaba0d6c7da1004c235103849c55ade04ce0bc213cdc	yeto-evidence-archive	/openspec/changes/rl-algo-grpo-knobs/evidence/2026-09-29-algo1b-g1b/attempt1-out-a/t_end
openspec/changes/rl-algo-grpo-knobs/evidence/2026-09-29-algo1b-g1b/attempt1-out-a/t_start	21	187c11fae9876d1cb73073d1c37bac1f854e13c89a0a20b1062f2681ed476d83	yeto-evidence-archive	/openspec/changes/rl-algo-grpo-knobs/evidence/2026-09-29-algo1b-g1b/attempt1-out-a/t_start
openspec/changes/rl-algo-grpo-knobs/evidence/2026-09-29-algo1b-g1b/attempt1-out-a/watchdog_pid	8	d78d13b777fb072c30a773a0c244afda59e905af51c4ca41ef605ba3754de6ac	yeto-evidence-archive	/openspec/changes/rl-algo-grpo-knobs/evidence/2026-09-29-algo1b-g1b/attempt1-out-a/watchdog_pid
openspec/changes/rl-algo-grpo-knobs/evidence/2026-09-29-algo1b-g1b/attempt2-out-a/YETO_SHA	41	a0b6f37a30f9fb655d889ade6e76fcad71afbda8b22f19b605b9f2212ce38cec	yeto-evidence-archive	/openspec/changes/rl-algo-grpo-knobs/evidence/2026-09-29-algo1b-g1b/attempt2-out-a/YETO_SHA
openspec/changes/rl-algo-grpo-knobs/evidence/2026-09-29-algo1b-g1b/attempt2-out-a/cmd.txt	869	59e05950288708643f5968b7cbd75d3a6bc7c27d554bdb52a8442e64e6404afc	yeto-evidence-archive	/openspec/changes/rl-algo-grpo-knobs/evidence/2026-09-29-algo1b-g1b/attempt2-out-a/cmd.txt
openspec/changes/rl-algo-grpo-knobs/evidence/2026-09-29-algo1b-g1b/attempt2-out-a/launch.log.gz	1072521	5567baf3735712089c59fc94b93a0f7ca829d365e5e6514bc43d4a99ce007941	yeto-evidence-archive	/openspec/changes/rl-algo-grpo-knobs/evidence/2026-09-29-algo1b-g1b/attempt2-out-a/launch.log.gz
openspec/changes/rl-algo-grpo-knobs/evidence/2026-09-29-algo1b-g1b/attempt2-out-a/run_a.txt	0	e3b0c44298fc1c149afbf4c8996fb92427ae41e4649b934ca495991b7852b855	yeto-evidence-archive	/openspec/changes/rl-algo-grpo-knobs/evidence/2026-09-29-algo1b-g1b/attempt2-out-a/run_a.txt
openspec/changes/rl-algo-grpo-knobs/evidence/2026-09-29-algo1b-g1b/attempt2-out-a/t_end	21	b5d6cd9e5d23d135bcb71bf76c757035306fae9a1f89978bd0decb131caf1417	yeto-evidence-archive	/openspec/changes/rl-algo-grpo-knobs/evidence/2026-09-29-algo1b-g1b/attempt2-out-a/t_end
openspec/changes/rl-algo-grpo-knobs/evidence/2026-09-29-algo1b-g1b/attempt2-out-a/t_start	21	ca76ef3e5ef9c9898df5652b7436a326407e8a61e40ecddb861850994f27c2eb	yeto-evidence-archive	/openspec/changes/rl-algo-grpo-knobs/evidence/2026-09-29-algo1b-g1b/attempt2-out-a/t_start
openspec/changes/rl-algo-grpo-knobs/evidence/2026-09-29-algo1b-g1b/attempt2-out-a/watchdog_pid	8	50bb4419cf7fb0759437fe8e13915f6b5b69c496c0eaff370606e6b6c42ff96b	yeto-evidence-archive	/openspec/changes/rl-algo-grpo-knobs/evidence/2026-09-29-algo1b-g1b/attempt2-out-a/watchdog_pid
openspec/changes/rl-algo-grpo-knobs/evidence/2026-09-29-algo1b-g1b/attempt2-out-a/yeto-run/events/algo1b-g1b-a-l0-modal.jsonl.gz	1065	1a62a926ce1d45c6152c644cf48d212b140e5964b6cd6bc21aef17c8fc5fa851	yeto-evidence-archive	/openspec/changes/rl-algo-grpo-knobs/evidence/2026-09-29-algo1b-g1b/attempt2-out-a/yeto-run/events/algo1b-g1b-a-l0-modal.jsonl.gz
openspec/changes/rl-algo-grpo-knobs/evidence/2026-09-29-algo1b-g1b/attempt2-out-a/yeto-run/meta.json	7721	2ded31017030d036c88dc87017e50dd0d5d0f481cd862f69ca5a6515f91aa1af	yeto-evidence-archive	/openspec/changes/rl-algo-grpo-knobs/evidence/2026-09-29-algo1b-g1b/attempt2-out-a/yeto-run/meta.json
openspec/changes/rl-algo-grpo-knobs/evidence/2026-09-29-algo1b-g1b/attempt3-out-a/YETO_SHA	41	ce12b64e91cf524f291bcf086f908cf42d726215d9a2d628568c466c9f49cbdb	yeto-evidence-archive	/openspec/changes/rl-algo-grpo-knobs/evidence/2026-09-29-algo1b-g1b/attempt3-out-a/YETO_SHA
openspec/changes/rl-algo-grpo-knobs/evidence/2026-09-29-algo1b-g1b/attempt3-out-a/cmd.txt	875	165089a03a82f6c15e35a15af9e7066ca7c5a37432544c93b5de4b9941c14f9a	yeto-evidence-archive	/openspec/changes/rl-algo-grpo-knobs/evidence/2026-09-29-algo1b-g1b/attempt3-out-a/cmd.txt
openspec/changes/rl-algo-grpo-knobs/evidence/2026-09-29-algo1b-g1b/attempt3-out-a/run_a.txt	0	e3b0c44298fc1c149afbf4c8996fb92427ae41e4649b934ca495991b7852b855	yeto-evidence-archive	/openspec/changes/rl-algo-grpo-knobs/evidence/2026-09-29-algo1b-g1b/attempt3-out-a/run_a.txt
openspec/changes/rl-algo-grpo-knobs/evidence/2026-09-29-algo1b-g1b/attempt3-out-a/t_end	21	f86a440c0f2e06a163865ea366e678ed7d757fb66f3d8bd79d106e170db07408	yeto-evidence-archive	/openspec/changes/rl-algo-grpo-knobs/evidence/2026-09-29-algo1b-g1b/attempt3-out-a/t_end
openspec/changes/rl-algo-grpo-knobs/evidence/2026-09-29-algo1b-g1b/attempt3-out-a/t_start	21	3b2eef66760d46c7569c8e21c8776097ac1bb7082e2a7bfd62ded27a093e4ec6	yeto-evidence-archive	/openspec/changes/rl-algo-grpo-knobs/evidence/2026-09-29-algo1b-g1b/attempt3-out-a/t_start
openspec/changes/rl-algo-grpo-knobs/evidence/2026-09-29-algo1b-g1b/attempt3-out-a/watchdog_pid	8	7fa9df0c1ce21c420158fa80059c78b12b3394073ee5ec74c895b73fbabc5d58	yeto-evidence-archive	/openspec/changes/rl-algo-grpo-knobs/evidence/2026-09-29-algo1b-g1b/attempt3-out-a/watchdog_pid
openspec/changes/rl-algo-grpo-knobs/evidence/2026-09-29-algo1b-g1b/attempt4-out-a/YETO_SHA	41	febb7d94c2e3c2481293dd80179bd60c15694767114743f089429957bc3d801c	yeto-evidence-archive	/openspec/changes/rl-algo-grpo-knobs/evidence/2026-09-29-algo1b-g1b/attempt4-out-a/YETO_SHA
openspec/changes/rl-algo-grpo-knobs/evidence/2026-09-29-algo1b-g1b/attempt4-out-a/cmd.txt	875	165089a03a82f6c15e35a15af9e7066ca7c5a37432544c93b5de4b9941c14f9a	yeto-evidence-archive	/openspec/changes/rl-algo-grpo-knobs/evidence/2026-09-29-algo1b-g1b/attempt4-out-a/cmd.txt
openspec/changes/rl-algo-grpo-knobs/evidence/2026-09-29-algo1b-g1b/attempt4-out-a/t_end	21	1bd32e9fb8c0bea6f491819fa9004f3ddaa1b5c5ce370d61b999a7b20ca71b43	yeto-evidence-archive	/openspec/changes/rl-algo-grpo-knobs/evidence/2026-09-29-algo1b-g1b/attempt4-out-a/t_end
openspec/changes/rl-algo-grpo-knobs/evidence/2026-09-29-algo1b-g1b/attempt4-out-a/t_start	21	66f002aeab520002d3f12549b5543df46b1b411c2e546a608f2e3f1dcb088c48	yeto-evidence-archive	/openspec/changes/rl-algo-grpo-knobs/evidence/2026-09-29-algo1b-g1b/attempt4-out-a/t_start
openspec/changes/rl-algo-grpo-knobs/evidence/2026-09-29-algo1b-g1b/attempt4-out-a/watchdog_pid	8	12554f128bade54cce00141791c83e37e959d05c2dd34289d546a15e17d8ec41	yeto-evidence-archive	/openspec/changes/rl-algo-grpo-knobs/evidence/2026-09-29-algo1b-g1b/attempt4-out-a/watchdog_pid
openspec/changes/rl-algo-grpo-knobs/evidence/2026-09-29-algo1b-g1b/attempt5-out-a/YETO_SHA	41	f7acf2503170988a7a8101753b8f30555111353c3094bdc102b953b04aabc119	yeto-evidence-archive	/openspec/changes/rl-algo-grpo-knobs/evidence/2026-09-29-algo1b-g1b/attempt5-out-a/YETO_SHA
openspec/changes/rl-algo-grpo-knobs/evidence/2026-09-29-algo1b-g1b/attempt5-out-a/cmd.txt	877	cfa2fb327c77ad14fe1ce157d24a1b49387ba9f0ef9711debe7e3fa57584dcfb	yeto-evidence-archive	/openspec/changes/rl-algo-grpo-knobs/evidence/2026-09-29-algo1b-g1b/attempt5-out-a/cmd.txt
openspec/changes/rl-algo-grpo-knobs/evidence/2026-09-29-algo1b-g1b/attempt5-out-a/launch.log.gz	64948	828b9990a0c48b908ecb7cb15f8120bb36517d240d027f75a75de944ce4e6d47	yeto-evidence-archive	/openspec/changes/rl-algo-grpo-knobs/evidence/2026-09-29-algo1b-g1b/attempt5-out-a/launch.log.gz
openspec/changes/rl-algo-grpo-knobs/evidence/2026-09-29-algo1b-g1b/attempt5-out-a/t_end	21	3d060b5a7e9d11239b5084fdbeab77118200c62d5208952f94f8e2f5c8c9eb3a	yeto-evidence-archive	/openspec/changes/rl-algo-grpo-knobs/evidence/2026-09-29-algo1b-g1b/attempt5-out-a/t_end
openspec/changes/rl-algo-grpo-knobs/evidence/2026-09-29-algo1b-g1b/attempt5-out-a/t_start	21	7a81c69997238a521b2b93941d3d77a1a671133ec4bd85815b5b64fd33bb41a4	yeto-evidence-archive	/openspec/changes/rl-algo-grpo-knobs/evidence/2026-09-29-algo1b-g1b/attempt5-out-a/t_start
openspec/changes/rl-algo-grpo-knobs/evidence/2026-09-29-algo1b-g1b/attempt5-out-a/watchdog_pid	8	15c2ac7f48d2798c91e181b96a344d11f90bcef961125629f57bcfa90a0f94bd	yeto-evidence-archive	/openspec/changes/rl-algo-grpo-knobs/evidence/2026-09-29-algo1b-g1b/attempt5-out-a/watchdog_pid
openspec/changes/rl-algo-grpo-knobs/evidence/2026-09-29-algo1b-g1b/clip_higher.json	815	a7c0394f92ecc2988b80242379718011aa4d7ca77a763eb7970d2e66b26b977a	yeto-evidence-archive	/openspec/changes/rl-algo-grpo-knobs/evidence/2026-09-29-algo1b-g1b/clip_higher.json
openspec/changes/rl-algo-grpo-knobs/evidence/2026-09-29-algo1b-g1b/noprogress.sh	1444	9fec5bbcb9c963300d6fff25424e80eb35054cf3fa8e32679df1583a32c01a28	yeto-evidence-archive	/openspec/changes/rl-algo-grpo-knobs/evidence/2026-09-29-algo1b-g1b/noprogress.sh
openspec/changes/rl-algo-grpo-knobs/evidence/2026-09-29-algo1b-g1b/out-a/YETO_SHA	41	f0b6bdb1b03ae6768bdf2e6fa4e8c22a2519e0041ea091dc579101c6d0bb65c6	yeto-evidence-archive	/openspec/changes/rl-algo-grpo-knobs/evidence/2026-09-29-algo1b-g1b/out-a/YETO_SHA
openspec/changes/rl-algo-grpo-knobs/evidence/2026-09-29-algo1b-g1b/out-a/algo1b-g1b-a-r1-l0-modal.jsonl	9023	f6e544b058315595b12a9f6db97dc5bb995397cd106ce3a75370abdaa55d05a2	yeto-evidence-archive	/openspec/changes/rl-algo-grpo-knobs/evidence/2026-09-29-algo1b-g1b/out-a/algo1b-g1b-a-r1-l0-modal.jsonl
openspec/changes/rl-algo-grpo-knobs/evidence/2026-09-29-algo1b-g1b/out-a/cmd.txt	878	2f8e2f89d8a189e962b09037a5adfa6cce7a0ffe57d976d496f614f0dc1f1796	yeto-evidence-archive	/openspec/changes/rl-algo-grpo-knobs/evidence/2026-09-29-algo1b-g1b/out-a/cmd.txt
openspec/changes/rl-algo-grpo-knobs/evidence/2026-09-29-algo1b-g1b/out-a/launch.log.gz	65329	3b175b028215d2b2337c5cf4dd4cabb372a45d2a61cccbb8be8ea69dc0fb78f3	yeto-evidence-archive	/openspec/changes/rl-algo-grpo-knobs/evidence/2026-09-29-algo1b-g1b/out-a/launch.log.gz
openspec/changes/rl-algo-grpo-knobs/evidence/2026-09-29-algo1b-g1b/out-a/t_end	21	3492964e1cef908462eaf77de10296a19d696be56ea724b614ebcaebab97a012	yeto-evidence-archive	/openspec/changes/rl-algo-grpo-knobs/evidence/2026-09-29-algo1b-g1b/out-a/t_end
openspec/changes/rl-algo-grpo-knobs/evidence/2026-09-29-algo1b-g1b/out-a/t_start	21	d43038f152e0e7dfa405aad4b54d0472af1e156d91c8af228a64ba862cf165b7	yeto-evidence-archive	/openspec/changes/rl-algo-grpo-knobs/evidence/2026-09-29-algo1b-g1b/out-a/t_start
openspec/changes/rl-algo-grpo-knobs/evidence/2026-09-29-algo1b-g1b/out-a/watchdog_pid	8	d6ea10c5cf54ecdde267eeea4fc72054502164ef65cd462ff125cc84a0f19e61	yeto-evidence-archive	/openspec/changes/rl-algo-grpo-knobs/evidence/2026-09-29-algo1b-g1b/out-a/watchdog_pid
openspec/changes/rl-algo-grpo-knobs/evidence/2026-09-29-algo1b-g1b/out-c/YETO_SHA	41	234a136bece9dc4d4818cc4e0e2648884388d8793a0c44753c38b3cd2947fd50	yeto-evidence-archive	/openspec/changes/rl-algo-grpo-knobs/evidence/2026-09-29-algo1b-g1b/out-c/YETO_SHA
openspec/changes/rl-algo-grpo-knobs/evidence/2026-09-29-algo1b-g1b/out-c/algo1b-g1b-c-l0-modal.jsonl	13341	cdf58585dbeee2169b5d17ce203d979c764f7f207b37395854df9e926563d40a	yeto-evidence-archive	/openspec/changes/rl-algo-grpo-knobs/evidence/2026-09-29-algo1b-g1b/out-c/algo1b-g1b-c-l0-modal.jsonl
openspec/changes/rl-algo-grpo-knobs/evidence/2026-09-29-algo1b-g1b/out-c/cmd.txt	948	53fa47c3be3e48c573cfd6da80edcb7d32bfe03674d732fa8ebf70439dc7d673	yeto-evidence-archive	/openspec/changes/rl-algo-grpo-knobs/evidence/2026-09-29-algo1b-g1b/out-c/cmd.txt
openspec/changes/rl-algo-grpo-knobs/evidence/2026-09-29-algo1b-g1b/out-c/launch.log.gz	79366	4a720910a57e5280268cd90ee0ae331476db4ee9144e6377c9d3c47b61b5e33c	yeto-evidence-archive	/openspec/changes/rl-algo-grpo-knobs/evidence/2026-09-29-algo1b-g1b/out-c/launch.log.gz
openspec/changes/rl-algo-grpo-knobs/evidence/2026-09-29-algo1b-g1b/out-c/t_end	21	dfaf3686e910dd0db7a4409493bea895703440074c348db58b2fbdd432b193b1	yeto-evidence-archive	/openspec/changes/rl-algo-grpo-knobs/evidence/2026-09-29-algo1b-g1b/out-c/t_end
openspec/changes/rl-algo-grpo-knobs/evidence/2026-09-29-algo1b-g1b/out-c/t_start	21	af8ebc50716036f6cb08fca4aa90c9743104fbcd8e08ccbd8c65d4788ced7c60	yeto-evidence-archive	/openspec/changes/rl-algo-grpo-knobs/evidence/2026-09-29-algo1b-g1b/out-c/t_start
openspec/changes/rl-algo-grpo-knobs/evidence/2026-09-29-algo1b-g1b/out-c/watchdog_pid	7	09ae0377f4c2a955ef8ef427ca91dd4c7fbb28d59dfd5dcf97a750d4f816c71a	yeto-evidence-archive	/openspec/changes/rl-algo-grpo-knobs/evidence/2026-09-29-algo1b-g1b/out-c/watchdog_pid
openspec/changes/rl-algo-grpo-knobs/evidence/2026-09-29-algo1b-g1b/run.sh	2632	22340f9a255add2ea9f538f466ca1cb117b67bff3c858877344242302bda26dd	yeto-evidence-archive	/openspec/changes/rl-algo-grpo-knobs/evidence/2026-09-29-algo1b-g1b/run.sh
openspec/changes/rl-algo-grpo-knobs/evidence/2026-09-29-algo1b-g1b/run_a.txt	0	e3b0c44298fc1c149afbf4c8996fb92427ae41e4649b934ca495991b7852b855	yeto-evidence-archive	/openspec/changes/rl-algo-grpo-knobs/evidence/2026-09-29-algo1b-g1b/run_a.txt
openspec/changes/rl-algo-grpo-knobs/evidence/2026-09-29-algo1b-g1b/run_c.txt	0	e3b0c44298fc1c149afbf4c8996fb92427ae41e4649b934ca495991b7852b855	yeto-evidence-archive	/openspec/changes/rl-algo-grpo-knobs/evidence/2026-09-29-algo1b-g1b/run_c.txt
openspec/changes/rl-algo-grpo-knobs/evidence/2026-09-29-algo1b-g1c/analyze.py	5298	8533250e01ba12d33509f6d36ee4fdb0e5c88b41b950486b2523fe3bdbbe0c01	yeto-evidence-archive	/openspec/changes/rl-algo-grpo-knobs/evidence/2026-09-29-algo1b-g1c/analyze.py
openspec/changes/rl-algo-grpo-knobs/evidence/2026-09-29-algo1b-g1c/attempt1/out/t_end	21	394b6ae22bb889590eea5f74aeb1a0c3f4da51ebb26dff295062bcb99e0cdbfc	yeto-evidence-archive	/openspec/changes/rl-algo-grpo-knobs/evidence/2026-09-29-algo1b-g1c/attempt1/out/t_end
openspec/changes/rl-algo-grpo-knobs/evidence/2026-09-29-algo1b-g1c/attempt1/out/t_start	21	1c6c2357503e2568f6c8ef638e511792d1d1bae8ae2f0854801530650ac92437	yeto-evidence-archive	/openspec/changes/rl-algo-grpo-knobs/evidence/2026-09-29-algo1b-g1c/attempt1/out/t_start
openspec/changes/rl-algo-grpo-knobs/evidence/2026-09-29-algo1b-g1c/attempt1/out/watchdog.log	11	17d3ca169f585c1e11d475d2927469da5a84f87231ac17f5c4b92fb7cdb56221	yeto-evidence-archive	/openspec/changes/rl-algo-grpo-knobs/evidence/2026-09-29-algo1b-g1c/attempt1/out/watchdog.log
openspec/changes/rl-algo-grpo-knobs/evidence/2026-09-29-algo1b-g1c/attempt1/out/watchdog_pid	8	89d5110fb7fbba102605e5ce80b4b3a1408dbe22a70566811868a4cdd53d88a1	yeto-evidence-archive	/openspec/changes/rl-algo-grpo-knobs/evidence/2026-09-29-algo1b-g1c/attempt1/out/watchdog_pid
openspec/changes/rl-algo-grpo-knobs/evidence/2026-09-29-algo1b-g1c/attempt1/out_run_all.txt	76	cdfd8835269223d1bd3f3861a7acaa774ae54e4093614d8881d1f4a9b36078d0	yeto-evidence-archive	/openspec/changes/rl-algo-grpo-knobs/evidence/2026-09-29-algo1b-g1c/attempt1/out_run_all.txt
openspec/changes/rl-algo-grpo-knobs/evidence/2026-09-29-algo1b-g1c/harness/setup.sh	1036	4fffcec0d14b1b872b444e7ef74390fae178c24a5f128994ac828dcfcbab25b5	yeto-evidence-archive	/openspec/changes/rl-algo-grpo-knobs/evidence/2026-09-29-algo1b-g1c/harness/setup.sh
openspec/changes/rl-algo-grpo-knobs/evidence/2026-09-29-algo1b-g1c/harness/worker.py	358	10f67b70ff342b1a310ed10b27450de3de56d8642d0e670a9a223c406661ffa3	yeto-evidence-archive	/openspec/changes/rl-algo-grpo-knobs/evidence/2026-09-29-algo1b-g1c/harness/worker.py
openspec/changes/rl-algo-grpo-knobs/evidence/2026-09-29-algo1b-g1c/out/baseline.exec.log	523	e7ca4914d5e104b6e95c26c2885019dcbacc6f34dd66fc50300689e2348d9e58	yeto-evidence-archive	/openspec/changes/rl-algo-grpo-knobs/evidence/2026-09-29-algo1b-g1c/out/baseline.exec.log
openspec/changes/rl-algo-grpo-knobs/evidence/2026-09-29-algo1b-g1c/out/baseline.log	518	26bb57c0646f39accef43372b7e942f44d76c115d394328376ed9e94dbadc7b6	yeto-evidence-archive	/openspec/changes/rl-algo-grpo-knobs/evidence/2026-09-29-algo1b-g1c/out/baseline.log
openspec/changes/rl-algo-grpo-knobs/evidence/2026-09-29-algo1b-g1c/out/baseline/algorithm_spec.json	175	27df1133c924e7a337e90246c7e1e30699017f461e9f35b1dd165a0263e65bea	yeto-evidence-archive	/openspec/changes/rl-algo-grpo-knobs/evidence/2026-09-29-algo1b-g1c/out/baseline/algorithm_spec.json
openspec/changes/rl-algo-grpo-knobs/evidence/2026-09-29-algo1b-g1c/out/baseline/g1_meta.json	161	8b2eced147e87ee84c1e5b9dfc754a4c33c635746242f87b48a283b9d616f2a1	yeto-evidence-archive	/openspec/changes/rl-algo-grpo-knobs/evidence/2026-09-29-algo1b-g1c/out/baseline/g1_meta.json
openspec/changes/rl-algo-grpo-knobs/evidence/2026-09-29-algo1b-g1c/out/baseline/g1_result.json	75	b0e7e65a8e5be745e6a46a11585f86fa6186b55f9963cc3158e922f57fe0eb28	yeto-evidence-archive	/openspec/changes/rl-algo-grpo-knobs/evidence/2026-09-29-algo1b-g1c/out/baseline/g1_result.json
openspec/changes/rl-algo-grpo-knobs/evidence/2026-09-29-algo1b-g1c/out/baseline/miles.log	331419	4473f3c22c91d00f2e93cdcdd87ecfbe9acbc5bc63b59aa294e957d347a90147	yeto-evidence-archive	/openspec/changes/rl-algo-grpo-knobs/evidence/2026-09-29-algo1b-g1c/out/baseline/miles.log
openspec/changes/rl-algo-grpo-knobs/evidence/2026-09-29-algo1b-g1c/out/baseline/native-checkpoint/events/actor_cell00000_rank00000.jsonl	234217	c8384eda020082af2784de1d4142b0857c9957ee23464ce627e949f711df44c5	yeto-evidence-archive	/openspec/changes/rl-algo-grpo-knobs/evidence/2026-09-29-algo1b-g1c/out/baseline/native-checkpoint/events/actor_cell00000_rank00000.jsonl
openspec/changes/rl-algo-grpo-knobs/evidence/2026-09-29-algo1b-g1c/out/baseline/native-checkpoint/events/inference_controller.jsonl	192687	f75ef20ac264821babea4848fb289e6228104215c4e53a57f0dfdb1444d101da	yeto-evidence-archive	/openspec/changes/rl-algo-grpo-knobs/evidence/2026-09-29-algo1b-g1c/out/baseline/native-checkpoint/events/inference_controller.jsonl
openspec/changes/rl-algo-grpo-knobs/evidence/2026-09-29-algo1b-g1c/out/baseline/native-checkpoint/events/main.jsonl	303441	2cd5439a00c476f19b2ef3d59a3da852cbfe802d7406d40c4f60b2d5ef689b04	yeto-evidence-archive	/openspec/changes/rl-algo-grpo-knobs/evidence/2026-09-29-algo1b-g1c/out/baseline/native-checkpoint/events/main.jsonl
openspec/changes/rl-algo-grpo-knobs/evidence/2026-09-29-algo1b-g1c/out/baseline/native-checkpoint/events/rollout_executor.jsonl	160049	ddfc31bb4a22b548064d0c56306e2bd024f6d8318af68d2dfea4f44934f47b30	yeto-evidence-archive	/openspec/changes/rl-algo-grpo-knobs/evidence/2026-09-29-algo1b-g1c/out/baseline/native-checkpoint/events/rollout_executor.jsonl
openspec/changes/rl-algo-grpo-knobs/evidence/2026-09-29-algo1b-g1c/out/baseline/native-checkpoint/events/trainer_controller_actor.jsonl	157327	44dcaed75393a01d32c5b799e15219fbcb7318a9c5ebd8fa388a2de863f8bdc2	yeto-evidence-archive	/openspec/changes/rl-algo-grpo-knobs/evidence/2026-09-29-algo1b-g1c/out/baseline/native-checkpoint/events/trainer_controller_actor.jsonl
openspec/changes/rl-algo-grpo-knobs/evidence/2026-09-29-algo1b-g1c/out/baseline/native-checkpoint/events/worker_manager.jsonl	244563	6d57672c6cf9b9ac5b2b9b1786d362e08581185f1ee44781273f6cd6401f4049	yeto-evidence-archive	/openspec/changes/rl-algo-grpo-knobs/evidence/2026-09-29-algo1b-g1c/out/baseline/native-checkpoint/events/worker_manager.jsonl
openspec/changes/rl-algo-grpo-knobs/evidence/2026-09-29-algo1b-g1c/out/baseline/prompts.jsonl	14446	b086101979a3d2a8d8c3110e3f648dd88d5429faa6113b9ac3b5de1aa126b94b	yeto-evidence-archive	/openspec/changes/rl-algo-grpo-knobs/evidence/2026-09-29-algo1b-g1c/out/baseline/prompts.jsonl
openspec/changes/rl-algo-grpo-knobs/evidence/2026-09-29-algo1b-g1c/out/baseline/rollouts/island-0/dashboard_columns/rollout_0.parquet	31027	9d5057261683f9a537831201af156b47a232903cc7cbe1504546257ccb117b44	yeto-evidence-archive	/openspec/changes/rl-algo-grpo-knobs/evidence/2026-09-29-algo1b-g1c/out/baseline/rollouts/island-0/dashboard_columns/rollout_0.parquet
openspec/changes/rl-algo-grpo-knobs/evidence/2026-09-29-algo1b-g1c/out/baseline/rollouts/island-0/dashboard_columns/rollout_1.parquet	35836	f2bcf6f678a19b471236d80acf69fdd604a5da9ed06aad40112a6583a2f6695a	yeto-evidence-archive	/openspec/changes/rl-algo-grpo-knobs/evidence/2026-09-29-algo1b-g1c/out/baseline/rollouts/island-0/dashboard_columns/rollout_1.parquet
openspec/changes/rl-algo-grpo-knobs/evidence/2026-09-29-algo1b-g1c/out/baseline/rollouts/island-0/dashboard_columns/rollout_2.parquet	53177	c76329912339118236cacc05ace1131952e807a77891635f9b36c6bc12f0f06b	yeto-evidence-archive	/openspec/changes/rl-algo-grpo-knobs/evidence/2026-09-29-algo1b-g1c/out/baseline/rollouts/island-0/dashboard_columns/rollout_2.parquet
openspec/changes/rl-algo-grpo-knobs/evidence/2026-09-29-algo1b-g1c/out/baseline/worker.json	2150	a7c2be2ad5067d2bfc99524b0c9b109c878ea64e4ce9a0b5f591f21ccf101b4c	yeto-evidence-archive	/openspec/changes/rl-algo-grpo-knobs/evidence/2026-09-29-algo1b-g1c/out/baseline/worker.json
openspec/changes/rl-algo-grpo-knobs/evidence/2026-09-29-algo1b-g1c/out/no_std.exec.log	375	30c93ff19e05d9c9ec9f2b1b01bd00d4b56ce44542ce4d6cff071e9d063aa8b6	yeto-evidence-archive	/openspec/changes/rl-algo-grpo-knobs/evidence/2026-09-29-algo1b-g1c/out/no_std.exec.log
openspec/changes/rl-algo-grpo-knobs/evidence/2026-09-29-algo1b-g1c/out/no_std.log	370	e2bee787d818de3d6eb26ec13b6d1276bdb3999bb490a22784eb742c3026149d	yeto-evidence-archive	/openspec/changes/rl-algo-grpo-knobs/evidence/2026-09-29-algo1b-g1c/out/no_std.log
openspec/changes/rl-algo-grpo-knobs/evidence/2026-09-29-algo1b-g1c/out/no_std/algorithm_spec.json	814	06d2760aaa4027ed2b93b5e492088dbe054a60526516b824f371e7fdbcd1cb83	yeto-evidence-archive	/openspec/changes/rl-algo-grpo-knobs/evidence/2026-09-29-algo1b-g1c/out/no_std/algorithm_spec.json
openspec/changes/rl-algo-grpo-knobs/evidence/2026-09-29-algo1b-g1c/out/no_std/g1_meta.json	200	c4b8a8dc9d1737c149dd6dabe4653bff181d86314133b94ff6c6309144d5e602	yeto-evidence-archive	/openspec/changes/rl-algo-grpo-knobs/evidence/2026-09-29-algo1b-g1c/out/no_std/g1_meta.json
openspec/changes/rl-algo-grpo-knobs/evidence/2026-09-29-algo1b-g1c/out/no_std/g1_result.json	73	e433de651a8691621784941e2a0ee61b7fc4d08baf7a4c448f743c82f9166e3e	yeto-evidence-archive	/openspec/changes/rl-algo-grpo-knobs/evidence/2026-09-29-algo1b-g1c/out/no_std/g1_result.json
openspec/changes/rl-algo-grpo-knobs/evidence/2026-09-29-algo1b-g1c/out/no_std/miles.log	328360	90de6e094bb3bc4ad8b289b1d6fb2564740ff6e8b5314c592f4f6c5197ceb27e	yeto-evidence-archive	/openspec/changes/rl-algo-grpo-knobs/evidence/2026-09-29-algo1b-g1c/out/no_std/miles.log
openspec/changes/rl-algo-grpo-knobs/evidence/2026-09-29-algo1b-g1c/out/no_std/native-checkpoint/events/actor_cell00000_rank00000.jsonl	234063	5484e6ba50bdb3b8998e9cd7eb55a2cac9e773a8a646b81311993b1a902611fc	yeto-evidence-archive	/openspec/changes/rl-algo-grpo-knobs/evidence/2026-09-29-algo1b-g1c/out/no_std/native-checkpoint/events/actor_cell00000_rank00000.jsonl
openspec/changes/rl-algo-grpo-knobs/evidence/2026-09-29-algo1b-g1c/out/no_std/native-checkpoint/events/inference_controller.jsonl	192759	5a56c7e6c1fdeb23b26df6fbc2c182afadc75921f57ba37e12476940eed3c80b	yeto-evidence-archive	/openspec/changes/rl-algo-grpo-knobs/evidence/2026-09-29-algo1b-g1c/out/no_std/native-checkpoint/events/inference_controller.jsonl
openspec/changes/rl-algo-grpo-knobs/evidence/2026-09-29-algo1b-g1c/out/no_std/native-checkpoint/events/main.jsonl	303510	afb209f6b81a1346189e7ddc23316ca89108d061999bd801eb3bd9aaf74c2777	yeto-evidence-archive	/openspec/changes/rl-algo-grpo-knobs/evidence/2026-09-29-algo1b-g1c/out/no_std/native-checkpoint/events/main.jsonl
openspec/changes/rl-algo-grpo-knobs/evidence/2026-09-29-algo1b-g1c/out/no_std/native-checkpoint/events/rollout_executor.jsonl	160148	673cdae3a9db6e57c2e92cff80d23b07d4a336ec51911a3573cc831ff748c589	yeto-evidence-archive	/openspec/changes/rl-algo-grpo-knobs/evidence/2026-09-29-algo1b-g1c/out/no_std/native-checkpoint/events/rollout_executor.jsonl
openspec/changes/rl-algo-grpo-knobs/evidence/2026-09-29-algo1b-g1c/out/no_std/native-checkpoint/events/trainer_controller_actor.jsonl	157391	b6ed7eed2fa62930379be4e6c1f466f916e7f730ec823c67cab888ff952830ba	yeto-evidence-archive	/openspec/changes/rl-algo-grpo-knobs/evidence/2026-09-29-algo1b-g1c/out/no_std/native-checkpoint/events/trainer_controller_actor.jsonl
openspec/changes/rl-algo-grpo-knobs/evidence/2026-09-29-algo1b-g1c/out/no_std/native-checkpoint/events/worker_manager.jsonl	156620	068c72635ea4a67c1abbd18c128df5422c1899f64f373b44e35a873cbd26f63c	yeto-evidence-archive	/openspec/changes/rl-algo-grpo-knobs/evidence/2026-09-29-algo1b-g1c/out/no_std/native-checkpoint/events/worker_manager.jsonl
openspec/changes/rl-algo-grpo-knobs/evidence/2026-09-29-algo1b-g1c/out/no_std/prompts.jsonl	14446	b086101979a3d2a8d8c3110e3f648dd88d5429faa6113b9ac3b5de1aa126b94b	yeto-evidence-archive	/openspec/changes/rl-algo-grpo-knobs/evidence/2026-09-29-algo1b-g1c/out/no_std/prompts.jsonl
openspec/changes/rl-algo-grpo-knobs/evidence/2026-09-29-algo1b-g1c/out/no_std/rollouts/island-0/dashboard_columns/rollout_0.parquet	31027	9d5057261683f9a537831201af156b47a232903cc7cbe1504546257ccb117b44	yeto-evidence-archive	/openspec/changes/rl-algo-grpo-knobs/evidence/2026-09-29-algo1b-g1c/out/no_std/rollouts/island-0/dashboard_columns/rollout_0.parquet
openspec/changes/rl-algo-grpo-knobs/evidence/2026-09-29-algo1b-g1c/out/no_std/rollouts/island-0/dashboard_columns/rollout_1.parquet	33535	249dc3e0b3a3d8e8b73487858fc10dfb72ecf3c5006a7486e471ec1998acb0ed	yeto-evidence-archive	/openspec/changes/rl-algo-grpo-knobs/evidence/2026-09-29-algo1b-g1c/out/no_std/rollouts/island-0/dashboard_columns/rollout_1.parquet
openspec/changes/rl-algo-grpo-knobs/evidence/2026-09-29-algo1b-g1c/out/no_std/rollouts/island-0/dashboard_columns/rollout_2.parquet	52173	92d777e852c5f1e79e541a045648adba7a64725298604e4a1bba03f85c196b05	yeto-evidence-archive	/openspec/changes/rl-algo-grpo-knobs/evidence/2026-09-29-algo1b-g1c/out/no_std/rollouts/island-0/dashboard_columns/rollout_2.parquet
openspec/changes/rl-algo-grpo-knobs/evidence/2026-09-29-algo1b-g1c/out/no_std/worker.json	2179	5ff476762d92f1cd73adbea203f656c69be8af72a5dc1555d16ad229036768df	yeto-evidence-archive	/openspec/changes/rl-algo-grpo-knobs/evidence/2026-09-29-algo1b-g1c/out/no_std/worker.json
openspec/changes/rl-algo-grpo-knobs/evidence/2026-09-29-algo1b-g1c/out/t_end	21	b24b8cbc2d2e86de584e975f1439954b3a19054df7ebacc2a4db707262df80c0	yeto-evidence-archive	/openspec/changes/rl-algo-grpo-knobs/evidence/2026-09-29-algo1b-g1c/out/t_end
openspec/changes/rl-algo-grpo-knobs/evidence/2026-09-29-algo1b-g1c/out/t_start	21	ef0cbe96701bb6a9bab05cec28a104105a16e00b59a7251cfd403cd5dc841ba8	yeto-evidence-archive	/openspec/changes/rl-algo-grpo-knobs/evidence/2026-09-29-algo1b-g1c/out/t_start
openspec/changes/rl-algo-grpo-knobs/evidence/2026-09-29-algo1b-g1c/out/token.exec.log	374	1f7fddd1bc8491745f80b69f03d25a5fadc673dfe8fffade04ae6d15129f38d3	yeto-evidence-archive	/openspec/changes/rl-algo-grpo-knobs/evidence/2026-09-29-algo1b-g1c/out/token.exec.log
openspec/changes/rl-algo-grpo-knobs/evidence/2026-09-29-algo1b-g1c/out/token.log	369	68fcb606f0ceb585469bc2fe56e1d963f8f80bebdd41b86b1469ba426af555bd	yeto-evidence-archive	/openspec/changes/rl-algo-grpo-knobs/evidence/2026-09-29-algo1b-g1c/out/token.log
openspec/changes/rl-algo-grpo-knobs/evidence/2026-09-29-algo1b-g1c/out/token/algorithm_spec.json	811	c55f2f709dc78581751e0440c926d0314c2450330f1cfc5b1a518c9ee3806ca4	yeto-evidence-archive	/openspec/changes/rl-algo-grpo-knobs/evidence/2026-09-29-algo1b-g1c/out/token/algorithm_spec.json
openspec/changes/rl-algo-grpo-knobs/evidence/2026-09-29-algo1b-g1c/out/token/g1_meta.json	188	f199ec9f177610724b53a66589ddb5ef243a31f9b4206095aedf464c12de2ac0	yeto-evidence-archive	/openspec/changes/rl-algo-grpo-knobs/evidence/2026-09-29-algo1b-g1c/out/token/g1_meta.json
openspec/changes/rl-algo-grpo-knobs/evidence/2026-09-29-algo1b-g1c/out/token/g1_result.json	72	15f58670fd8966684ac724f668745f15c959958ab5020bc8d1745b2855b57b70	yeto-evidence-archive	/openspec/changes/rl-algo-grpo-knobs/evidence/2026-09-29-algo1b-g1c/out/token/g1_result.json
openspec/changes/rl-algo-grpo-knobs/evidence/2026-09-29-algo1b-g1c/out/token/miles.log	328918	6907ac66d5a53d5c039991731ed608d93ecb6bbd84f96576086c69638abd904e	yeto-evidence-archive	/openspec/changes/rl-algo-grpo-knobs/evidence/2026-09-29-algo1b-g1c/out/token/miles.log
openspec/changes/rl-algo-grpo-knobs/evidence/2026-09-29-algo1b-g1c/out/token/native-checkpoint/events/actor_cell00000_rank00000.jsonl	234243	3a61b97ddbf205dc80732c9f0e3851bb6601784871f0d91f605a3941088fc3c0	yeto-evidence-archive	/openspec/changes/rl-algo-grpo-knobs/evidence/2026-09-29-algo1b-g1c/out/token/native-checkpoint/events/actor_cell00000_rank00000.jsonl
openspec/changes/rl-algo-grpo-knobs/evidence/2026-09-29-algo1b-g1c/out/token/native-checkpoint/events/inference_controller.jsonl	192701	343eb8889cf1f4ceb8e2c8b8dd476635fc2649a5313ac36ec21ae2c9c5ebc0e0	yeto-evidence-archive	/openspec/changes/rl-algo-grpo-knobs/evidence/2026-09-29-algo1b-g1c/out/token/native-checkpoint/events/inference_controller.jsonl
openspec/changes/rl-algo-grpo-knobs/evidence/2026-09-29-algo1b-g1c/out/token/native-checkpoint/events/main.jsonl	303450	b14e15a805e1465901ed323785f1da1fa6787c2efaf246a1d064026a8fd94d3b	yeto-evidence-archive	/openspec/changes/rl-algo-grpo-knobs/evidence/2026-09-29-algo1b-g1c/out/token/native-checkpoint/events/main.jsonl
openspec/changes/rl-algo-grpo-knobs/evidence/2026-09-29-algo1b-g1c/out/token/native-checkpoint/events/rollout_executor.jsonl	160067	d7f3e9e01a5701c3d3262023eae1b3f539f00b0ee38efcd063944157134af455	yeto-evidence-archive	/openspec/changes/rl-algo-grpo-knobs/evidence/2026-09-29-algo1b-g1c/out/token/native-checkpoint/events/rollout_executor.jsonl
openspec/changes/rl-algo-grpo-knobs/evidence/2026-09-29-algo1b-g1c/out/token/native-checkpoint/events/trainer_controller_actor.jsonl	157345	fbeaa73f0349e8e50428c66bec735044460e6dcc76da7da865c896b1fb477d2f	yeto-evidence-archive	/openspec/changes/rl-algo-grpo-knobs/evidence/2026-09-29-algo1b-g1c/out/token/native-checkpoint/events/trainer_controller_actor.jsonl
openspec/changes/rl-algo-grpo-knobs/evidence/2026-09-29-algo1b-g1c/out/token/native-checkpoint/events/worker_manager.jsonl	156574	49ebf306ce60aa9371ebe4a40f7bc8fdb9277a16b8844f46bad93c683fa66b62	yeto-evidence-archive	/openspec/changes/rl-algo-grpo-knobs/evidence/2026-09-29-algo1b-g1c/out/token/native-checkpoint/events/worker_manager.jsonl
openspec/changes/rl-algo-grpo-knobs/evidence/2026-09-29-algo1b-g1c/out/token/prompts.jsonl	14446	b086101979a3d2a8d8c3110e3f648dd88d5429faa6113b9ac3b5de1aa126b94b	yeto-evidence-archive	/openspec/changes/rl-algo-grpo-knobs/evidence/2026-09-29-algo1b-g1c/out/token/prompts.jsonl
openspec/changes/rl-algo-grpo-knobs/evidence/2026-09-29-algo1b-g1c/out/token/rollouts/island-0/dashboard_columns/rollout_0.parquet	31027	9d5057261683f9a537831201af156b47a232903cc7cbe1504546257ccb117b44	yeto-evidence-archive	/openspec/changes/rl-algo-grpo-knobs/evidence/2026-09-29-algo1b-g1c/out/token/rollouts/island-0/dashboard_columns/rollout_0.parquet
openspec/changes/rl-algo-grpo-knobs/evidence/2026-09-29-algo1b-g1c/out/token/rollouts/island-0/dashboard_columns/rollout_1.parquet	35836	f2bcf6f678a19b471236d80acf69fdd604a5da9ed06aad40112a6583a2f6695a	yeto-evidence-archive	/openspec/changes/rl-algo-grpo-knobs/evidence/2026-09-29-algo1b-g1c/out/token/rollouts/island-0/dashboard_columns/rollout_1.parquet
openspec/changes/rl-algo-grpo-knobs/evidence/2026-09-29-algo1b-g1c/out/token/rollouts/island-0/dashboard_columns/rollout_2.parquet	53177	c76329912339118236cacc05ace1131952e807a77891635f9b36c6bc12f0f06b	yeto-evidence-archive	/openspec/changes/rl-algo-grpo-knobs/evidence/2026-09-29-algo1b-g1c/out/token/rollouts/island-0/dashboard_columns/rollout_2.parquet
openspec/changes/rl-algo-grpo-knobs/evidence/2026-09-29-algo1b-g1c/out/token/worker.json	2161	7cefbdf09bf47b82d4c338d23a2899db62d937b4bcd1c097a0507b51506a40ee	yeto-evidence-archive	/openspec/changes/rl-algo-grpo-knobs/evidence/2026-09-29-algo1b-g1c/out/token/worker.json
openspec/changes/rl-algo-grpo-knobs/evidence/2026-09-29-algo1b-g1c/out/watchdog.log	11	17d3ca169f585c1e11d475d2927469da5a84f87231ac17f5c4b92fb7cdb56221	yeto-evidence-archive	/openspec/changes/rl-algo-grpo-knobs/evidence/2026-09-29-algo1b-g1c/out/watchdog.log
openspec/changes/rl-algo-grpo-knobs/evidence/2026-09-29-algo1b-g1c/out/watchdog_pid	8	d1b4c8824a1af8ef42f71cd6661b39f52e15039299d5d66002bc3092f4c7cca0	yeto-evidence-archive	/openspec/changes/rl-algo-grpo-knobs/evidence/2026-09-29-algo1b-g1c/out/watchdog_pid
openspec/changes/rl-algo-grpo-knobs/evidence/2026-09-29-algo1b-g1c/out_run_all.txt	808	1e24f61602fc91045da30032e4f0190de88e97fc624e7f46b57be0f2c6043739	yeto-evidence-archive	/openspec/changes/rl-algo-grpo-knobs/evidence/2026-09-29-algo1b-g1c/out_run_all.txt
openspec/changes/rl-algo-grpo-knobs/evidence/2026-09-29-algo1b-g1c/run_all.sh	1741	a1b675ae7a9e918f7bbb56c65a5d00d789c130e47395f27cc71cf23edc6cd5d0	yeto-evidence-archive	/openspec/changes/rl-algo-grpo-knobs/evidence/2026-09-29-algo1b-g1c/run_all.sh
openspec/changes/rl-algo-grpo-knobs/evidence/2026-09-29-algo1b-g1c/sbx.py	2203	dfcc2cb70eb9394b353e5d390ec0f7878a646d4286dbbd645cb65696615f4b48	yeto-evidence-archive	/openspec/changes/rl-algo-grpo-knobs/evidence/2026-09-29-algo1b-g1c/sbx.py
openspec/changes/rl-algo-grpo-knobs/evidence/2026-09-29-algo1b-g1d/harness/setup.sh	1036	4fffcec0d14b1b872b444e7ef74390fae178c24a5f128994ac828dcfcbab25b5	yeto-evidence-archive	/openspec/changes/rl-algo-grpo-knobs/evidence/2026-09-29-algo1b-g1d/harness/setup.sh
openspec/changes/rl-algo-grpo-knobs/evidence/2026-09-29-algo1b-g1d/harness/worker.py	358	10f67b70ff342b1a310ed10b27450de3de56d8642d0e670a9a223c406661ffa3	yeto-evidence-archive	/openspec/changes/rl-algo-grpo-knobs/evidence/2026-09-29-algo1b-g1d/harness/worker.py
openspec/changes/rl-algo-grpo-knobs/evidence/2026-09-29-algo1b-g1d/out/os_off.exec.log	605	e69137ed8c6f28b0aeda96047a189d95f280d11b8896ea2e1c1ef66fc5207d85	yeto-evidence-archive	/openspec/changes/rl-algo-grpo-knobs/evidence/2026-09-29-algo1b-g1d/out/os_off.exec.log
openspec/changes/rl-algo-grpo-knobs/evidence/2026-09-29-algo1b-g1d/out/os_off.log	600	237cd42f5e0e76b417f40652c7d7fd43d6d6b19dec207a3b47da392553172100	yeto-evidence-archive	/openspec/changes/rl-algo-grpo-knobs/evidence/2026-09-29-algo1b-g1d/out/os_off.log
openspec/changes/rl-algo-grpo-knobs/evidence/2026-09-29-algo1b-g1d/out/os_off/algorithm_spec.json	212	32ba45a6d3e466e6b664f938779959fdae8767236d5177eabf59f62957e5a47a	yeto-evidence-archive	/openspec/changes/rl-algo-grpo-knobs/evidence/2026-09-29-algo1b-g1d/out/os_off/algorithm_spec.json
openspec/changes/rl-algo-grpo-knobs/evidence/2026-09-29-algo1b-g1d/out/os_off/g1_meta.json	159	5e94ef5ef736301c7b3ad37b176e92c103efd6491aef0a7a4334ebf24409ac27	yeto-evidence-archive	/openspec/changes/rl-algo-grpo-knobs/evidence/2026-09-29-algo1b-g1d/out/os_off/g1_meta.json
openspec/changes/rl-algo-grpo-knobs/evidence/2026-09-29-algo1b-g1d/out/os_off/g1_result.json	73	a2cfefc934a017e288bdeb62c4da4d8b71a7d6efba70d9efef68891b9f4d3949	yeto-evidence-archive	/openspec/changes/rl-algo-grpo-knobs/evidence/2026-09-29-algo1b-g1d/out/os_off/g1_result.json
openspec/changes/rl-algo-grpo-knobs/evidence/2026-09-29-algo1b-g1d/out/os_off/miles.log	426694	ce45acb9456d051375556a2c19602f9d87fb828925b164a82e92de304d893464	yeto-evidence-archive	/openspec/changes/rl-algo-grpo-knobs/evidence/2026-09-29-algo1b-g1d/out/os_off/miles.log
openspec/changes/rl-algo-grpo-knobs/evidence/2026-09-29-algo1b-g1d/out/os_off/native-checkpoint/events/actor_cell00000_rank00000.jsonl	327712	e1818c99d26738cfa670759f450d22db433ea652c74f75d5e58f86ee809e888b	yeto-evidence-archive	/openspec/changes/rl-algo-grpo-knobs/evidence/2026-09-29-algo1b-g1d/out/os_off/native-checkpoint/events/actor_cell00000_rank00000.jsonl
openspec/changes/rl-algo-grpo-knobs/evidence/2026-09-29-algo1b-g1d/out/os_off/native-checkpoint/events/inference_controller.jsonl	280776	1e69882883e0cf265908b402b1046b52a13cae0225c7e61acdc960ddfc9d2105	yeto-evidence-archive	/openspec/changes/rl-algo-grpo-knobs/evidence/2026-09-29-algo1b-g1d/out/os_off/native-checkpoint/events/inference_controller.jsonl
openspec/changes/rl-algo-grpo-knobs/evidence/2026-09-29-algo1b-g1d/out/os_off/native-checkpoint/events/main.jsonl	334322	84bf9abe1bade350850a1947951912dedcb932dc7531c56690e04a06f212c8bd	yeto-evidence-archive	/openspec/changes/rl-algo-grpo-knobs/evidence/2026-09-29-algo1b-g1d/out/os_off/native-checkpoint/events/main.jsonl
openspec/changes/rl-algo-grpo-knobs/evidence/2026-09-29-algo1b-g1d/out/os_off/native-checkpoint/events/rollout_executor.jsonl	250907	e81f9306a742c586780f76833f6235fd83cffea9d8778fc45ad7ecdb100ce05d	yeto-evidence-archive	/openspec/changes/rl-algo-grpo-knobs/evidence/2026-09-29-algo1b-g1d/out/os_off/native-checkpoint/events/rollout_executor.jsonl
openspec/changes/rl-algo-grpo-knobs/evidence/2026-09-29-algo1b-g1d/out/os_off/native-checkpoint/events/trainer_controller_actor.jsonl	245953	459bf830cc220b0b3bfb9864beefe71c93b3698dcfd77135d32a25e07bb9f49d	yeto-evidence-archive	/openspec/changes/rl-algo-grpo-knobs/evidence/2026-09-29-algo1b-g1d/out/os_off/native-checkpoint/events/trainer_controller_actor.jsonl
openspec/changes/rl-algo-grpo-knobs/evidence/2026-09-29-algo1b-g1d/out/os_off/native-checkpoint/events/worker_manager.jsonl	244695	6e699ffcb52b788e6b35f22414650e6616537c5ec53604001d922cb739eb0916	yeto-evidence-archive	/openspec/changes/rl-algo-grpo-knobs/evidence/2026-09-29-algo1b-g1d/out/os_off/native-checkpoint/events/worker_manager.jsonl
openspec/changes/rl-algo-grpo-knobs/evidence/2026-09-29-algo1b-g1d/out/os_off/prompts.jsonl	24197	06bac541cb9742980f654d1530a73f6c6b898b18a339123ea4b5fc1555370ddc	yeto-evidence-archive	/openspec/changes/rl-algo-grpo-knobs/evidence/2026-09-29-algo1b-g1d/out/os_off/prompts.jsonl
openspec/changes/rl-algo-grpo-knobs/evidence/2026-09-29-algo1b-g1d/out/os_off/rollouts/island-0/dashboard_columns/rollout_0.parquet	32933	8342315de1cff8f78f8298be1bd688ba12793618518a8962e80818cf511ad0d6	yeto-evidence-archive	/openspec/changes/rl-algo-grpo-knobs/evidence/2026-09-29-algo1b-g1d/out/os_off/rollouts/island-0/dashboard_columns/rollout_0.parquet
openspec/changes/rl-algo-grpo-knobs/evidence/2026-09-29-algo1b-g1d/out/os_off/rollouts/island-0/dashboard_columns/rollout_1.parquet	48668	1b745c9b46f04f8868da68940c34917c553353f1f77b1f1154aea59fc37ec763	yeto-evidence-archive	/openspec/changes/rl-algo-grpo-knobs/evidence/2026-09-29-algo1b-g1d/out/os_off/rollouts/island-0/dashboard_columns/rollout_1.parquet
openspec/changes/rl-algo-grpo-knobs/evidence/2026-09-29-algo1b-g1d/out/os_off/rollouts/island-0/dashboard_columns/rollout_2.parquet	41244	26b00f3948da3cfc54501f21c8d21365fe662b0d4767ed985e5c7e484d05cf1e	yeto-evidence-archive	/openspec/changes/rl-algo-grpo-knobs/evidence/2026-09-29-algo1b-g1d/out/os_off/rollouts/island-0/dashboard_columns/rollout_2.parquet
openspec/changes/rl-algo-grpo-knobs/evidence/2026-09-29-algo1b-g1d/out/os_off/rollouts/island-0/dashboard_columns/rollout_3.parquet	41414	a0a4d15e94f3b0d7849cfa7f9db51626d521874b717c95735ec25f7ab8c7db78	yeto-evidence-archive	/openspec/changes/rl-algo-grpo-knobs/evidence/2026-09-29-algo1b-g1d/out/os_off/rollouts/island-0/dashboard_columns/rollout_3.parquet
openspec/changes/rl-algo-grpo-knobs/evidence/2026-09-29-algo1b-g1d/out/os_off/rollouts/island-0/dashboard_columns/rollout_4.parquet	33130	446fae54bdc1c0e50dad51d560fdd810dfe9831ac777a24c1a9ade0ef8f77d6d	yeto-evidence-archive	/openspec/changes/rl-algo-grpo-knobs/evidence/2026-09-29-algo1b-g1d/out/os_off/rollouts/island-0/dashboard_columns/rollout_4.parquet
openspec/changes/rl-algo-grpo-knobs/evidence/2026-09-29-algo1b-g1d/out/os_off/worker.json	2173	1838b4e7bcb65aa0a2b0984af864e94d64c9bb3479df53b394ec4996054c871d	yeto-evidence-archive	/openspec/changes/rl-algo-grpo-knobs/evidence/2026-09-29-algo1b-g1d/out/os_off/worker.json
openspec/changes/rl-algo-grpo-knobs/evidence/2026-09-29-algo1b-g1d/out/over_sampling.exec.log	382	e529d0938514262d0c750aae4384cf6dbd5a6c65e8cea55a9b2c9e794c999242	yeto-evidence-archive	/openspec/changes/rl-algo-grpo-knobs/evidence/2026-09-29-algo1b-g1d/out/over_sampling.exec.log
openspec/changes/rl-algo-grpo-knobs/evidence/2026-09-29-algo1b-g1d/out/over_sampling.log	377	73dfc49af7850133debe35167bfc69b11858153521d9f81fe6b33932faa8c19c	yeto-evidence-archive	/openspec/changes/rl-algo-grpo-knobs/evidence/2026-09-29-algo1b-g1d/out/over_sampling.log
openspec/changes/rl-algo-grpo-knobs/evidence/2026-09-29-algo1b-g1d/out/over_sampling/algorithm_spec.json	847	6053fad26acf57ba5f022a08baca5a7384ae74917174b351a5c586e661be77f9	yeto-evidence-archive	/openspec/changes/rl-algo-grpo-knobs/evidence/2026-09-29-algo1b-g1d/out/over_sampling/algorithm_spec.json
openspec/changes/rl-algo-grpo-knobs/evidence/2026-09-29-algo1b-g1d/out/over_sampling/g1_meta.json	195	dd5751e1cb395531b179cdb8744c8ab1be52ff2c4714f67268a39cc4a5f0296b	yeto-evidence-archive	/openspec/changes/rl-algo-grpo-knobs/evidence/2026-09-29-algo1b-g1d/out/over_sampling/g1_meta.json
openspec/changes/rl-algo-grpo-knobs/evidence/2026-09-29-algo1b-g1d/out/over_sampling/g1_result.json	80	1e747d43925d2c66833fc44968179393e288315235ed4f2602514ef6e0831f2a	yeto-evidence-archive	/openspec/changes/rl-algo-grpo-knobs/evidence/2026-09-29-algo1b-g1d/out/over_sampling/g1_result.json
openspec/changes/rl-algo-grpo-knobs/evidence/2026-09-29-algo1b-g1d/out/over_sampling/miles.log	416401	c690534fd83b4ed5c6bc8d9231f3c23ebd9a2d8be6f4b57d93a7acb2c4482f25	yeto-evidence-archive	/openspec/changes/rl-algo-grpo-knobs/evidence/2026-09-29-algo1b-g1d/out/over_sampling/miles.log
openspec/changes/rl-algo-grpo-knobs/evidence/2026-09-29-algo1b-g1d/out/over_sampling/native-checkpoint/events/actor_cell00000_rank00000.jsonl	239083	b433233804cfab00c34bfc00f082f894bc42699527b517e63442b5e45c630774	yeto-evidence-archive	/openspec/changes/rl-algo-grpo-knobs/evidence/2026-09-29-algo1b-g1d/out/over_sampling/native-checkpoint/events/actor_cell00000_rank00000.jsonl
openspec/changes/rl-algo-grpo-knobs/evidence/2026-09-29-algo1b-g1d/out/over_sampling/native-checkpoint/events/inference_controller.jsonl	192925	b2f47fb562c9712ce2d4269fcb96fb216f085ef60907096f81930d795289336b	yeto-evidence-archive	/openspec/changes/rl-algo-grpo-knobs/evidence/2026-09-29-algo1b-g1d/out/over_sampling/native-checkpoint/events/inference_controller.jsonl
openspec/changes/rl-algo-grpo-knobs/evidence/2026-09-29-algo1b-g1d/out/over_sampling/native-checkpoint/events/main.jsonl	334541	d97447f4a613dfc1d65c14a9b387498a3ae0abca5a6c22acb8e142e57454d7ca	yeto-evidence-archive	/openspec/changes/rl-algo-grpo-knobs/evidence/2026-09-29-algo1b-g1d/out/over_sampling/native-checkpoint/events/main.jsonl
openspec/changes/rl-algo-grpo-knobs/evidence/2026-09-29-algo1b-g1d/out/over_sampling/native-checkpoint/events/rollout_executor.jsonl	162804	c1b9a0af1681943bddc3db8be527d249f9f9ac831213161860b74097faa56c41	yeto-evidence-archive	/openspec/changes/rl-algo-grpo-knobs/evidence/2026-09-29-algo1b-g1d/out/over_sampling/native-checkpoint/events/rollout_executor.jsonl
openspec/changes/rl-algo-grpo-knobs/evidence/2026-09-29-algo1b-g1d/out/over_sampling/native-checkpoint/events/trainer_controller_actor.jsonl	157969	5f3a68cc679389ca5b36533ab079d10e05e73aa11118e32877c277b3107b5196	yeto-evidence-archive	/openspec/changes/rl-algo-grpo-knobs/evidence/2026-09-29-algo1b-g1d/out/over_sampling/native-checkpoint/events/trainer_controller_actor.jsonl
openspec/changes/rl-algo-grpo-knobs/evidence/2026-09-29-algo1b-g1d/out/over_sampling/native-checkpoint/events/worker_manager.jsonl	244917	4890c8f8059bfe4aa957867f717a93e14b148163193ec8f6a90f13edd26f4bf3	yeto-evidence-archive	/openspec/changes/rl-algo-grpo-knobs/evidence/2026-09-29-algo1b-g1d/out/over_sampling/native-checkpoint/events/worker_manager.jsonl
openspec/changes/rl-algo-grpo-knobs/evidence/2026-09-29-algo1b-g1d/out/over_sampling/prompts.jsonl	24197	06bac541cb9742980f654d1530a73f6c6b898b18a339123ea4b5fc1555370ddc	yeto-evidence-archive	/openspec/changes/rl-algo-grpo-knobs/evidence/2026-09-29-algo1b-g1d/out/over_sampling/prompts.jsonl
openspec/changes/rl-algo-grpo-knobs/evidence/2026-09-29-algo1b-g1d/out/over_sampling/rollouts/island-0/dashboard_columns/rollout_0.parquet	31756	65deb9bb0378143f9d1fab071853185a63504c094e8b3ff7b9d85b38a70e8ea0	yeto-evidence-archive	/openspec/changes/rl-algo-grpo-knobs/evidence/2026-09-29-algo1b-g1d/out/over_sampling/rollouts/island-0/dashboard_columns/rollout_0.parquet
openspec/changes/rl-algo-grpo-knobs/evidence/2026-09-29-algo1b-g1d/out/over_sampling/rollouts/island-0/dashboard_columns/rollout_1.parquet	36823	ca26215abcb14949711705b71e66a4c6fc10099970bdfe39ed79fd460d2fd115	yeto-evidence-archive	/openspec/changes/rl-algo-grpo-knobs/evidence/2026-09-29-algo1b-g1d/out/over_sampling/rollouts/island-0/dashboard_columns/rollout_1.parquet
openspec/changes/rl-algo-grpo-knobs/evidence/2026-09-29-algo1b-g1d/out/over_sampling/rollouts/island-0/dashboard_columns/rollout_2.parquet	44774	1a14ea7e2c1b44a9342152f4ca8cbc14dcb2c638931e2cea089a8ebfdbb87da9	yeto-evidence-archive	/openspec/changes/rl-algo-grpo-knobs/evidence/2026-09-29-algo1b-g1d/out/over_sampling/rollouts/island-0/dashboard_columns/rollout_2.parquet
openspec/changes/rl-algo-grpo-knobs/evidence/2026-09-29-algo1b-g1d/out/over_sampling/rollouts/island-0/dashboard_columns/rollout_3.parquet	39831	e8e3f38f4348dd601ce81f91314a82dc8bf9792416a296d7e50c68cf3d05184e	yeto-evidence-archive	/openspec/changes/rl-algo-grpo-knobs/evidence/2026-09-29-algo1b-g1d/out/over_sampling/rollouts/island-0/dashboard_columns/rollout_3.parquet
openspec/changes/rl-algo-grpo-knobs/evidence/2026-09-29-algo1b-g1d/out/over_sampling/rollouts/island-0/dashboard_columns/rollout_4.parquet	33645	1c9151bd72fd95624c312be48662f03240bcc182680dd04d5bb541730d4456fa	yeto-evidence-archive	/openspec/changes/rl-algo-grpo-knobs/evidence/2026-09-29-algo1b-g1d/out/over_sampling/rollouts/island-0/dashboard_columns/rollout_4.parquet
openspec/changes/rl-algo-grpo-knobs/evidence/2026-09-29-algo1b-g1d/out/over_sampling/worker.json	2253	09e539f728f0d6855f5df136e81db288d6921c4dd3f317fa67582a00b51e56ca	yeto-evidence-archive	/openspec/changes/rl-algo-grpo-knobs/evidence/2026-09-29-algo1b-g1d/out/over_sampling/worker.json
openspec/changes/rl-algo-grpo-knobs/evidence/2026-09-29-algo1b-g1d/out/t_end	21	0782f8e141c3fe8dba8a1ec5ac61cff0501c29ff06e8a4a95c038b5978c57ae8	yeto-evidence-archive	/openspec/changes/rl-algo-grpo-knobs/evidence/2026-09-29-algo1b-g1d/out/t_end
openspec/changes/rl-algo-grpo-knobs/evidence/2026-09-29-algo1b-g1d/out/t_start	21	47f1f86c54903402833db8d4b63e0996cf0f0df55fb2fd59adc146615e3f8548	yeto-evidence-archive	/openspec/changes/rl-algo-grpo-knobs/evidence/2026-09-29-algo1b-g1d/out/t_start
openspec/changes/rl-algo-grpo-knobs/evidence/2026-09-29-algo1b-g1d/out/watchdog.log	11	17d3ca169f585c1e11d475d2927469da5a84f87231ac17f5c4b92fb7cdb56221	yeto-evidence-archive	/openspec/changes/rl-algo-grpo-knobs/evidence/2026-09-29-algo1b-g1d/out/watchdog.log
openspec/changes/rl-algo-grpo-knobs/evidence/2026-09-29-algo1b-g1d/out/watchdog_pid	8	7cdd95c661ad50370e5a41da0162f8d710bbefef52304f0e0ae2bd206cd2487b	yeto-evidence-archive	/openspec/changes/rl-algo-grpo-knobs/evidence/2026-09-29-algo1b-g1d/out/watchdog_pid
openspec/changes/rl-algo-grpo-knobs/evidence/2026-09-29-algo1b-g1d/out_run_all.txt	676	3e368ac53c381b06dbae8a3663032055d38237d2a91238fef7dc83543b165cb2	yeto-evidence-archive	/openspec/changes/rl-algo-grpo-knobs/evidence/2026-09-29-algo1b-g1d/out_run_all.txt
openspec/changes/rl-algo-grpo-knobs/evidence/2026-09-29-algo1b-g1d/run_all.sh	1749	4a7462b5bcbc7b427e8d02eaa938d59ec27e925cb65ec6b721a54133f077f9cc	yeto-evidence-archive	/openspec/changes/rl-algo-grpo-knobs/evidence/2026-09-29-algo1b-g1d/run_all.sh
openspec/changes/rl-algo-grpo-knobs/evidence/2026-09-29-algo1b-g1d/sbx.py	2203	baaa875a544ef1cdcf5e6d388c0680fb848ed11ecfe7055ea910dda66b89efb4	yeto-evidence-archive	/openspec/changes/rl-algo-grpo-knobs/evidence/2026-09-29-algo1b-g1d/sbx.py
openspec/changes/rl-algo-grpo-knobs/evidence/2026-09-29-algo1b-g1e/harness/setup.sh	1036	4fffcec0d14b1b872b444e7ef74390fae178c24a5f128994ac828dcfcbab25b5	yeto-evidence-archive	/openspec/changes/rl-algo-grpo-knobs/evidence/2026-09-29-algo1b-g1e/harness/setup.sh
openspec/changes/rl-algo-grpo-knobs/evidence/2026-09-29-algo1b-g1e/harness/worker.py	358	10f67b70ff342b1a310ed10b27450de3de56d8642d0e670a9a223c406661ffa3	yeto-evidence-archive	/openspec/changes/rl-algo-grpo-knobs/evidence/2026-09-29-algo1b-g1e/harness/worker.py
openspec/changes/rl-algo-grpo-knobs/evidence/2026-09-29-algo1b-g1e/out/clip_hi.exec.log	375	e14bed3e088145b11e1091412eb58c644cd6345f88bc6c92be2ad6db677fcc3e	yeto-evidence-archive	/openspec/changes/rl-algo-grpo-knobs/evidence/2026-09-29-algo1b-g1e/out/clip_hi.exec.log
openspec/changes/rl-algo-grpo-knobs/evidence/2026-09-29-algo1b-g1e/out/clip_hi.log	370	13852e170cc64efdcccd2711e4a997f93f68ad0f2df583c45e91ad105202d825	yeto-evidence-archive	/openspec/changes/rl-algo-grpo-knobs/evidence/2026-09-29-algo1b-g1e/out/clip_hi.log
openspec/changes/rl-algo-grpo-knobs/evidence/2026-09-29-algo1b-g1e/out/clip_hi/algorithm_spec.json	814	8c9b009da719cd40f80212c5aef38e4d9110207a7132f4de37d85518d33a2627	yeto-evidence-archive	/openspec/changes/rl-algo-grpo-knobs/evidence/2026-09-29-algo1b-g1e/out/clip_hi/algorithm_spec.json
openspec/changes/rl-algo-grpo-knobs/evidence/2026-09-29-algo1b-g1e/out/clip_hi/g1_meta.json	210	a010a81f36921a1784873ea811b4fb0b0398bef3f8fba6bc630d6c198ba49ebb	yeto-evidence-archive	/openspec/changes/rl-algo-grpo-knobs/evidence/2026-09-29-algo1b-g1e/out/clip_hi/g1_meta.json
openspec/changes/rl-algo-grpo-knobs/evidence/2026-09-29-algo1b-g1e/out/clip_hi/g1_result.json	74	980bd3244229aeed9b20deee97656c18368821c16ad2773f265a63459dc2e9e7	yeto-evidence-archive	/openspec/changes/rl-algo-grpo-knobs/evidence/2026-09-29-algo1b-g1e/out/clip_hi/g1_result.json
openspec/changes/rl-algo-grpo-knobs/evidence/2026-09-29-algo1b-g1e/out/clip_hi/miles.log	331606	612e5992371762c8e0529175b76e88c607397605b588ae4b59884a91757c6511	yeto-evidence-archive	/openspec/changes/rl-algo-grpo-knobs/evidence/2026-09-29-algo1b-g1e/out/clip_hi/miles.log
openspec/changes/rl-algo-grpo-knobs/evidence/2026-09-29-algo1b-g1e/out/clip_hi/native-checkpoint/events/actor_cell00000_rank00000.jsonl	236228	b5a45c04a3383b9eb93277d5c14613ef6ed5b4fef7a841f0fb883bc66cf3d191	yeto-evidence-archive	/openspec/changes/rl-algo-grpo-knobs/evidence/2026-09-29-algo1b-g1e/out/clip_hi/native-checkpoint/events/actor_cell00000_rank00000.jsonl
openspec/changes/rl-algo-grpo-knobs/evidence/2026-09-29-algo1b-g1e/out/clip_hi/native-checkpoint/events/inference_controller.jsonl	192861	db98d42ad7b5ea9e1b6cdff31696fb452d6e1596824849fd5d00c56fa32940cb	yeto-evidence-archive	/openspec/changes/rl-algo-grpo-knobs/evidence/2026-09-29-algo1b-g1e/out/clip_hi/native-checkpoint/events/inference_controller.jsonl
openspec/changes/rl-algo-grpo-knobs/evidence/2026-09-29-algo1b-g1e/out/clip_hi/native-checkpoint/events/main.jsonl	216502	3fc081b9138bbf247e1b3c8caf34909e8ee0a642e615a210dd82220cf49424c8	yeto-evidence-archive	/openspec/changes/rl-algo-grpo-knobs/evidence/2026-09-29-algo1b-g1e/out/clip_hi/native-checkpoint/events/main.jsonl
openspec/changes/rl-algo-grpo-knobs/evidence/2026-09-29-algo1b-g1e/out/clip_hi/native-checkpoint/events/rollout_executor.jsonl	160249	6d30968196e2cc999e5e858eb332b9173b1b472b55c1cbe58a70fd7aedfcdcf0	yeto-evidence-archive	/openspec/changes/rl-algo-grpo-knobs/evidence/2026-09-29-algo1b-g1e/out/clip_hi/native-checkpoint/events/rollout_executor.jsonl
openspec/changes/rl-algo-grpo-knobs/evidence/2026-09-29-algo1b-g1e/out/clip_hi/native-checkpoint/events/trainer_controller_actor.jsonl	157495	594ff8613af216c610600aae944c70b1edc82ad3abb8078ffa35024b57f1314f	yeto-evidence-archive	/openspec/changes/rl-algo-grpo-knobs/evidence/2026-09-29-algo1b-g1e/out/clip_hi/native-checkpoint/events/trainer_controller_actor.jsonl
openspec/changes/rl-algo-grpo-knobs/evidence/2026-09-29-algo1b-g1e/out/clip_hi/native-checkpoint/events/worker_manager.jsonl	156724	d56f99809077a0bd31a75be74bf7c57c9b592e9a6a160b555125c75f34fbcb7f	yeto-evidence-archive	/openspec/changes/rl-algo-grpo-knobs/evidence/2026-09-29-algo1b-g1e/out/clip_hi/native-checkpoint/events/worker_manager.jsonl
openspec/changes/rl-algo-grpo-knobs/evidence/2026-09-29-algo1b-g1e/out/clip_hi/prompts.jsonl	14446	b086101979a3d2a8d8c3110e3f648dd88d5429faa6113b9ac3b5de1aa126b94b	yeto-evidence-archive	/openspec/changes/rl-algo-grpo-knobs/evidence/2026-09-29-algo1b-g1e/out/clip_hi/prompts.jsonl
openspec/changes/rl-algo-grpo-knobs/evidence/2026-09-29-algo1b-g1e/out/clip_hi/rollouts/island-0/dashboard_columns/rollout_0.parquet	31027	9d5057261683f9a537831201af156b47a232903cc7cbe1504546257ccb117b44	yeto-evidence-archive	/openspec/changes/rl-algo-grpo-knobs/evidence/2026-09-29-algo1b-g1e/out/clip_hi/rollouts/island-0/dashboard_columns/rollout_0.parquet
openspec/changes/rl-algo-grpo-knobs/evidence/2026-09-29-algo1b-g1e/out/clip_hi/rollouts/island-0/dashboard_columns/rollout_1.parquet	36406	ad8d600fe6f2e42c526b4333f46c2881d053ef5f6414b04a8204e619148dfb06	yeto-evidence-archive	/openspec/changes/rl-algo-grpo-knobs/evidence/2026-09-29-algo1b-g1e/out/clip_hi/rollouts/island-0/dashboard_columns/rollout_1.parquet
openspec/changes/rl-algo-grpo-knobs/evidence/2026-09-29-algo1b-g1e/out/clip_hi/rollouts/island-0/dashboard_columns/rollout_2.parquet	55354	83bf2e68dc006157f7a0fd745d8b16aca7234d482521ce7ef11a0ed79d856257	yeto-evidence-archive	/openspec/changes/rl-algo-grpo-knobs/evidence/2026-09-29-algo1b-g1e/out/clip_hi/rollouts/island-0/dashboard_columns/rollout_2.parquet
openspec/changes/rl-algo-grpo-knobs/evidence/2026-09-29-algo1b-g1e/out/clip_hi/worker.json	2197	e1d9622073100746bd3d041ac83bcf7363ec5a036426b84c59b775f65e7ee245	yeto-evidence-archive	/openspec/changes/rl-algo-grpo-knobs/evidence/2026-09-29-algo1b-g1e/out/clip_hi/worker.json
openspec/changes/rl-algo-grpo-knobs/evidence/2026-09-29-algo1b-g1e/out/clip_sym.exec.log	607	b7acdaa439a7fcdb4c7454b8bc7d9c272f461fc2f8e7d1e285f71232434e2155	yeto-evidence-archive	/openspec/changes/rl-algo-grpo-knobs/evidence/2026-09-29-algo1b-g1e/out/clip_sym.exec.log
openspec/changes/rl-algo-grpo-knobs/evidence/2026-09-29-algo1b-g1e/out/clip_sym.log	602	ff88731cb406bb0a47e707728b9d71e2ebacc7ecdcfc34efa09ec628da5bf30f	yeto-evidence-archive	/openspec/changes/rl-algo-grpo-knobs/evidence/2026-09-29-algo1b-g1e/out/clip_sym.log
openspec/changes/rl-algo-grpo-knobs/evidence/2026-09-29-algo1b-g1e/out/clip_sym/algorithm_spec.json	814	4a1a13fc0b72f07fae03b089b0b168cdd7889105954b1816871cc4b48de590be	yeto-evidence-archive	/openspec/changes/rl-algo-grpo-knobs/evidence/2026-09-29-algo1b-g1e/out/clip_sym/algorithm_spec.json
openspec/changes/rl-algo-grpo-knobs/evidence/2026-09-29-algo1b-g1e/out/clip_sym/g1_meta.json	185	289157273285c36ff9ac2b121066301a627fc422bd8afa6e34a37d9a7b865941	yeto-evidence-archive	/openspec/changes/rl-algo-grpo-knobs/evidence/2026-09-29-algo1b-g1e/out/clip_sym/g1_meta.json
openspec/changes/rl-algo-grpo-knobs/evidence/2026-09-29-algo1b-g1e/out/clip_sym/g1_result.json	75	35b67353cb275fe7889413868e012ccc166e5675754a1715a499512496970eaf	yeto-evidence-archive	/openspec/changes/rl-algo-grpo-knobs/evidence/2026-09-29-algo1b-g1e/out/clip_sym/g1_result.json
openspec/changes/rl-algo-grpo-knobs/evidence/2026-09-29-algo1b-g1e/out/clip_sym/miles.log	339996	384c749000eb53674adfe321822283beab809d09b88798b12d922874ce599719	yeto-evidence-archive	/openspec/changes/rl-algo-grpo-knobs/evidence/2026-09-29-algo1b-g1e/out/clip_sym/miles.log
openspec/changes/rl-algo-grpo-knobs/evidence/2026-09-29-algo1b-g1e/out/clip_sym/native-checkpoint/events/actor_cell00000_rank00000.jsonl	235975	09374434346fa9de114c70ea010945520d0f4cc4391724c8061dd1398263ef87	yeto-evidence-archive	/openspec/changes/rl-algo-grpo-knobs/evidence/2026-09-29-algo1b-g1e/out/clip_sym/native-checkpoint/events/actor_cell00000_rank00000.jsonl
openspec/changes/rl-algo-grpo-knobs/evidence/2026-09-29-algo1b-g1e/out/clip_sym/native-checkpoint/events/inference_controller.jsonl	192801	6b08309e93979006f4bc7ff64697d8268dd7bb6a671e4fd24049a77e150a0507	yeto-evidence-archive	/openspec/changes/rl-algo-grpo-knobs/evidence/2026-09-29-algo1b-g1e/out/clip_sym/native-checkpoint/events/inference_controller.jsonl
openspec/changes/rl-algo-grpo-knobs/evidence/2026-09-29-algo1b-g1e/out/clip_sym/native-checkpoint/events/main.jsonl	303318	3e43d95976bfd4e14afead27f0c5e1b383a10f25314763f837da282b338b02b3	yeto-evidence-archive	/openspec/changes/rl-algo-grpo-knobs/evidence/2026-09-29-algo1b-g1e/out/clip_sym/native-checkpoint/events/main.jsonl
openspec/changes/rl-algo-grpo-knobs/evidence/2026-09-29-algo1b-g1e/out/clip_sym/native-checkpoint/events/rollout_executor.jsonl	160198	e700415796fdb442c8ee587bc97c9999324308255368d8ea302bcd48f69e922a	yeto-evidence-archive	/openspec/changes/rl-algo-grpo-knobs/evidence/2026-09-29-algo1b-g1e/out/clip_sym/native-checkpoint/events/rollout_executor.jsonl
openspec/changes/rl-algo-grpo-knobs/evidence/2026-09-29-algo1b-g1e/out/clip_sym/native-checkpoint/events/trainer_controller_actor.jsonl	157138	5f8dc017232098be4f459953f019b3d13f2d452f3c227fbc973377b9b307d2d5	yeto-evidence-archive	/openspec/changes/rl-algo-grpo-knobs/evidence/2026-09-29-algo1b-g1e/out/clip_sym/native-checkpoint/events/trainer_controller_actor.jsonl
openspec/changes/rl-algo-grpo-knobs/evidence/2026-09-29-algo1b-g1e/out/clip_sym/native-checkpoint/events/worker_manager.jsonl	244752	5c40beedd473936080406b5a742613ab407e0dc0ff2a2d965e73eea92563eb65	yeto-evidence-archive	/openspec/changes/rl-algo-grpo-knobs/evidence/2026-09-29-algo1b-g1e/out/clip_sym/native-checkpoint/events/worker_manager.jsonl
openspec/changes/rl-algo-grpo-knobs/evidence/2026-09-29-algo1b-g1e/out/clip_sym/prompts.jsonl	14446	b086101979a3d2a8d8c3110e3f648dd88d5429faa6113b9ac3b5de1aa126b94b	yeto-evidence-archive	/openspec/changes/rl-algo-grpo-knobs/evidence/2026-09-29-algo1b-g1e/out/clip_sym/prompts.jsonl
openspec/changes/rl-algo-grpo-knobs/evidence/2026-09-29-algo1b-g1e/out/clip_sym/rollouts/island-0/dashboard_columns/rollout_0.parquet	31027	9d5057261683f9a537831201af156b47a232903cc7cbe1504546257ccb117b44	yeto-evidence-archive	/openspec/changes/rl-algo-grpo-knobs/evidence/2026-09-29-algo1b-g1e/out/clip_sym/rollouts/island-0/dashboard_columns/rollout_0.parquet
openspec/changes/rl-algo-grpo-knobs/evidence/2026-09-29-algo1b-g1e/out/clip_sym/rollouts/island-0/dashboard_columns/rollout_1.parquet	33617	014b37169464fdb3b4380d4712d81ef49f92e6453e86e164de355bff20648cc4	yeto-evidence-archive	/openspec/changes/rl-algo-grpo-knobs/evidence/2026-09-29-algo1b-g1e/out/clip_sym/rollouts/island-0/dashboard_columns/rollout_1.parquet
openspec/changes/rl-algo-grpo-knobs/evidence/2026-09-29-algo1b-g1e/out/clip_sym/rollouts/island-0/dashboard_columns/rollout_2.parquet	53065	811376df2528823bea5a5a0ff6687014beb538cf72de271e965d37aa22204c80	yeto-evidence-archive	/openspec/changes/rl-algo-grpo-knobs/evidence/2026-09-29-algo1b-g1e/out/clip_sym/rollouts/island-0/dashboard_columns/rollout_2.parquet
openspec/changes/rl-algo-grpo-knobs/evidence/2026-09-29-algo1b-g1e/out/clip_sym/worker.json	2177	152bbac1595c959a334b902852e2e4dd9ec62d4b7eb03a1f6e6810efeb116f36	yeto-evidence-archive	/openspec/changes/rl-algo-grpo-knobs/evidence/2026-09-29-algo1b-g1e/out/clip_sym/worker.json
openspec/changes/rl-algo-grpo-knobs/evidence/2026-09-29-algo1b-g1e/out/t_end	21	64a534b8f12e733a4b4a1c622ff2ea3e5e1a66aa16889c316e3ccc9f138ce3ef	yeto-evidence-archive	/openspec/changes/rl-algo-grpo-knobs/evidence/2026-09-29-algo1b-g1e/out/t_end
openspec/changes/rl-algo-grpo-knobs/evidence/2026-09-29-algo1b-g1e/out/t_start	21	3a8f9390a05a839f44cca3c8af8971c513108c47d09ad5f93c0a74006a2e12eb	yeto-evidence-archive	/openspec/changes/rl-algo-grpo-knobs/evidence/2026-09-29-algo1b-g1e/out/t_start
openspec/changes/rl-algo-grpo-knobs/evidence/2026-09-29-algo1b-g1e/out/watchdog.log	11	17d3ca169f585c1e11d475d2927469da5a84f87231ac17f5c4b92fb7cdb56221	yeto-evidence-archive	/openspec/changes/rl-algo-grpo-knobs/evidence/2026-09-29-algo1b-g1e/out/watchdog.log
openspec/changes/rl-algo-grpo-knobs/evidence/2026-09-29-algo1b-g1e/out/watchdog_pid	8	ebf8f12b4964f19ae15cf45e1e66ed9e4f3e6a200ac92723a825a7ed12f77ca9	yeto-evidence-archive	/openspec/changes/rl-algo-grpo-knobs/evidence/2026-09-29-algo1b-g1e/out/watchdog_pid
openspec/changes/rl-algo-grpo-knobs/evidence/2026-09-29-algo1b-g1e/out_run_all.txt	672	6c8e48129f78f07abbeb70296ca932295d4f6480cb82dfda73b943e175d7e29a	yeto-evidence-archive	/openspec/changes/rl-algo-grpo-knobs/evidence/2026-09-29-algo1b-g1e/out_run_all.txt
openspec/changes/rl-algo-grpo-knobs/evidence/2026-09-29-algo1b-g1e/run_all.sh	1762	84e9b1698e25e32cd17bf1e0c2e0be1cb7b545e40d40d66024fc5fe916dd8c06	yeto-evidence-archive	/openspec/changes/rl-algo-grpo-knobs/evidence/2026-09-29-algo1b-g1e/run_all.sh
openspec/changes/rl-algo-grpo-knobs/evidence/2026-09-29-algo1b-g1e/sbx.py	2203	4936bb97fcb8866c2c66a3f8c6661ce6a8442f4766829015e1703dc0f5ab416e	yeto-evidence-archive	/openspec/changes/rl-algo-grpo-knobs/evidence/2026-09-29-algo1b-g1e/sbx.py
openspec/changes/rl-algo-grpo-knobs/evidence/2026-09-29-algo1b-g1f/attempt1/alldone	8	5c91bc5fb3c4c9ab3cc8ceee39df4d1ff7bb892e5eb34ed8f809873d8f1dd969	yeto-evidence-archive	/openspec/changes/rl-algo-grpo-knobs/evidence/2026-09-29-algo1b-g1f/attempt1/alldone
openspec/changes/rl-algo-grpo-knobs/evidence/2026-09-29-algo1b-g1f/attempt1/out-baseline/YETO_SHA	41	5dcd6aefc8f8e4362b19ac030902403ff496dacc0976eef758a5ec941dd2bd8f	yeto-evidence-archive	/openspec/changes/rl-algo-grpo-knobs/evidence/2026-09-29-algo1b-g1f/attempt1/out-baseline/YETO_SHA
openspec/changes/rl-algo-grpo-knobs/evidence/2026-09-29-algo1b-g1f/attempt1/out-baseline/cmd.txt	757	43699428d7e8fad49d574ad8f9428539687e91c30d940ae9e5cffe861d2004b6	yeto-evidence-archive	/openspec/changes/rl-algo-grpo-knobs/evidence/2026-09-29-algo1b-g1f/attempt1/out-baseline/cmd.txt
openspec/changes/rl-algo-grpo-knobs/evidence/2026-09-29-algo1b-g1f/attempt1/out-baseline/launch.log	3958	64c555563b447a262be58f91e27baf5d3baa8268dc03122d7482405c1c64b29d	yeto-evidence-archive	/openspec/changes/rl-algo-grpo-knobs/evidence/2026-09-29-algo1b-g1f/attempt1/out-baseline/launch.log
openspec/changes/rl-algo-grpo-knobs/evidence/2026-09-29-algo1b-g1f/attempt1/out-baseline/noprogress.log	41	a57b19c4a6e5a606c52c22b356134fe7b7df2aef6045922840dc2fe9a548ea1d	yeto-evidence-archive	/openspec/changes/rl-algo-grpo-knobs/evidence/2026-09-29-algo1b-g1f/attempt1/out-baseline/noprogress.log
openspec/changes/rl-algo-grpo-knobs/evidence/2026-09-29-algo1b-g1f/attempt1/out-baseline/t_end	21	3d5b8be6f002dbf36ed64c656964bd21059075be1b3a4c6e1f3172bf3b1a2996	yeto-evidence-archive	/openspec/changes/rl-algo-grpo-knobs/evidence/2026-09-29-algo1b-g1f/attempt1/out-baseline/t_end
openspec/changes/rl-algo-grpo-knobs/evidence/2026-09-29-algo1b-g1f/attempt1/out-baseline/t_start	21	c4e8cf88b85b0ff530ec3b1e0bff71cd89afc893a14ecbb1b18fc1ee469b31ff	yeto-evidence-archive	/openspec/changes/rl-algo-grpo-knobs/evidence/2026-09-29-algo1b-g1f/attempt1/out-baseline/t_start
openspec/changes/rl-algo-grpo-knobs/evidence/2026-09-29-algo1b-g1f/attempt1/out-baseline/teardown.log	1436	829691f28d6aca02c117305b4c51c2a987f143b0bd2d6e113923851c59da5e00	yeto-evidence-archive	/openspec/changes/rl-algo-grpo-knobs/evidence/2026-09-29-algo1b-g1f/attempt1/out-baseline/teardown.log
openspec/changes/rl-algo-grpo-knobs/evidence/2026-09-29-algo1b-g1f/attempt1/out-baseline/watchdog.log	553	a7dba16d713b5dca4c43fa6243d58559252b4c88af8eb1a9c3344fb184fe13a4	yeto-evidence-archive	/openspec/changes/rl-algo-grpo-knobs/evidence/2026-09-29-algo1b-g1f/attempt1/out-baseline/watchdog.log
openspec/changes/rl-algo-grpo-knobs/evidence/2026-09-29-algo1b-g1f/attempt1/out-baseline/watchdog_pid	8	bcb15c13fcb782105a4f8ed28ffcb7ec627e8fb14b176ed6b177a87f1fc09aa6	yeto-evidence-archive	/openspec/changes/rl-algo-grpo-knobs/evidence/2026-09-29-algo1b-g1f/attempt1/out-baseline/watchdog_pid
openspec/changes/rl-algo-grpo-knobs/evidence/2026-09-29-algo1b-g1f/attempt1/out-token/YETO_SHA	41	5dcd6aefc8f8e4362b19ac030902403ff496dacc0976eef758a5ec941dd2bd8f	yeto-evidence-archive	/openspec/changes/rl-algo-grpo-knobs/evidence/2026-09-29-algo1b-g1f/attempt1/out-token/YETO_SHA
openspec/changes/rl-algo-grpo-knobs/evidence/2026-09-29-algo1b-g1f/attempt1/out-token/cmd.txt	807	94c8c079a27c3fa8ea0e83effafe7b7982c55e0f1a11da0a06a058a919f0d907	yeto-evidence-archive	/openspec/changes/rl-algo-grpo-knobs/evidence/2026-09-29-algo1b-g1f/attempt1/out-token/cmd.txt
openspec/changes/rl-algo-grpo-knobs/evidence/2026-09-29-algo1b-g1f/attempt1/out-token/launch.log	3806	d94c36ec00cec7723edaaaa59c04082d61d51402a15e754ccbe77cada8be9bea	yeto-evidence-archive	/openspec/changes/rl-algo-grpo-knobs/evidence/2026-09-29-algo1b-g1f/attempt1/out-token/launch.log
openspec/changes/rl-algo-grpo-knobs/evidence/2026-09-29-algo1b-g1f/attempt1/out-token/noprogress.log	41	b91de79bcaf6a1cded7a65ac1de578ccc6fe5a11375ce0e5378c3dfa5c1c4d79	yeto-evidence-archive	/openspec/changes/rl-algo-grpo-knobs/evidence/2026-09-29-algo1b-g1f/attempt1/out-token/noprogress.log
openspec/changes/rl-algo-grpo-knobs/evidence/2026-09-29-algo1b-g1f/attempt1/out-token/t_end	21	cde110d316ec5892755104239e1b9d31fe66e8146d73a44182b9b071385a32d5	yeto-evidence-archive	/openspec/changes/rl-algo-grpo-knobs/evidence/2026-09-29-algo1b-g1f/attempt1/out-token/t_end
openspec/changes/rl-algo-grpo-knobs/evidence/2026-09-29-algo1b-g1f/attempt1/out-token/t_start	21	3d5b8be6f002dbf36ed64c656964bd21059075be1b3a4c6e1f3172bf3b1a2996	yeto-evidence-archive	/openspec/changes/rl-algo-grpo-knobs/evidence/2026-09-29-algo1b-g1f/attempt1/out-token/t_start
openspec/changes/rl-algo-grpo-knobs/evidence/2026-09-29-algo1b-g1f/attempt1/out-token/teardown.log	1421	db1629802c4799a58d3cb7b8c10953ae67dbed7caf8b99e95c286c11c030352c	yeto-evidence-archive	/openspec/changes/rl-algo-grpo-knobs/evidence/2026-09-29-algo1b-g1f/attempt1/out-token/teardown.log
openspec/changes/rl-algo-grpo-knobs/evidence/2026-09-29-algo1b-g1f/attempt1/out-token/watchdog.log	553	5170115605b0b965f171d071a3821b6e34aba94f90c4ea5753ce78a5bf86c303	yeto-evidence-archive	/openspec/changes/rl-algo-grpo-knobs/evidence/2026-09-29-algo1b-g1f/attempt1/out-token/watchdog.log
openspec/changes/rl-algo-grpo-knobs/evidence/2026-09-29-algo1b-g1f/attempt1/out-token/watchdog_pid	8	4082e152b17ba68948f816f30f373620b165ec0b07b5b5794b7b93311622e6b3	yeto-evidence-archive	/openspec/changes/rl-algo-grpo-knobs/evidence/2026-09-29-algo1b-g1f/attempt1/out-token/watchdog_pid
openspec/changes/rl-algo-grpo-knobs/evidence/2026-09-29-algo1b-g1f/attempt1/run_baseline.txt	0	e3b0c44298fc1c149afbf4c8996fb92427ae41e4649b934ca495991b7852b855	yeto-evidence-archive	/openspec/changes/rl-algo-grpo-knobs/evidence/2026-09-29-algo1b-g1f/attempt1/run_baseline.txt
openspec/changes/rl-algo-grpo-knobs/evidence/2026-09-29-algo1b-g1f/attempt1/run_token.txt	0	e3b0c44298fc1c149afbf4c8996fb92427ae41e4649b934ca495991b7852b855	yeto-evidence-archive	/openspec/changes/rl-algo-grpo-knobs/evidence/2026-09-29-algo1b-g1f/attempt1/run_token.txt
openspec/changes/rl-algo-grpo-knobs/evidence/2026-09-29-algo1b-g1f/baseline.json	175	27df1133c924e7a337e90246c7e1e30699017f461e9f35b1dd165a0263e65bea	yeto-evidence-archive	/openspec/changes/rl-algo-grpo-knobs/evidence/2026-09-29-algo1b-g1f/baseline.json
openspec/changes/rl-algo-grpo-knobs/evidence/2026-09-29-algo1b-g1f/noprogress.sh	1437	8c1bbcd22306af73a1968839533d1426ba44ba9bf23b4f863ef58e66aea1ec65	yeto-evidence-archive	/openspec/changes/rl-algo-grpo-knobs/evidence/2026-09-29-algo1b-g1f/noprogress.sh
openspec/changes/rl-algo-grpo-knobs/evidence/2026-09-29-algo1b-g1f/out-baseline/YETO_SHA	41	8d50dcd7f66490893523e8d3090e9ba89575553e236df29caf94e8ba5a75c76c	yeto-evidence-archive	/openspec/changes/rl-algo-grpo-knobs/evidence/2026-09-29-algo1b-g1f/out-baseline/YETO_SHA
openspec/changes/rl-algo-grpo-knobs/evidence/2026-09-29-algo1b-g1f/out-baseline/algo1b-g1f-baseline-l0-modal.jsonl	8754	dfb0a7cab4f866c8841113183039cb5891e57ead19ea27a1a4dcee3807a1dfdb	yeto-evidence-archive	/openspec/changes/rl-algo-grpo-knobs/evidence/2026-09-29-algo1b-g1f/out-baseline/algo1b-g1f-baseline-l0-modal.jsonl
openspec/changes/rl-algo-grpo-knobs/evidence/2026-09-29-algo1b-g1f/out-baseline/cmd.txt	757	43699428d7e8fad49d574ad8f9428539687e91c30d940ae9e5cffe861d2004b6	yeto-evidence-archive	/openspec/changes/rl-algo-grpo-knobs/evidence/2026-09-29-algo1b-g1f/out-baseline/cmd.txt
openspec/changes/rl-algo-grpo-knobs/evidence/2026-09-29-algo1b-g1f/out-baseline/launch.log.gz	63691	5502d8c00796a1f39751bd4ff406ee0a99ae9453b4eaf45716b88acb50172712	yeto-evidence-archive	/openspec/changes/rl-algo-grpo-knobs/evidence/2026-09-29-algo1b-g1f/out-baseline/launch.log.gz
openspec/changes/rl-algo-grpo-knobs/evidence/2026-09-29-algo1b-g1f/out-baseline/t_end	21	ea41ea82c60883c0b012c58d36792ab7a36e5386c94cf428e218640a0f45e9e2	yeto-evidence-archive	/openspec/changes/rl-algo-grpo-knobs/evidence/2026-09-29-algo1b-g1f/out-baseline/t_end
openspec/changes/rl-algo-grpo-knobs/evidence/2026-09-29-algo1b-g1f/out-baseline/t_start	21	132fc1591cedd12ccab6ca336bd90297c301b114c156804098f82b46bd4604ff	yeto-evidence-archive	/openspec/changes/rl-algo-grpo-knobs/evidence/2026-09-29-algo1b-g1f/out-baseline/t_start
openspec/changes/rl-algo-grpo-knobs/evidence/2026-09-29-algo1b-g1f/out-baseline/watchdog_pid	8	d33778120f17195b631dcd6d28996702ea84f647ebd7ac8606fbca03b7aee281	yeto-evidence-archive	/openspec/changes/rl-algo-grpo-knobs/evidence/2026-09-29-algo1b-g1f/out-baseline/watchdog_pid
openspec/changes/rl-algo-grpo-knobs/evidence/2026-09-29-algo1b-g1f/out-token/YETO_SHA	41	8d50dcd7f66490893523e8d3090e9ba89575553e236df29caf94e8ba5a75c76c	yeto-evidence-archive	/openspec/changes/rl-algo-grpo-knobs/evidence/2026-09-29-algo1b-g1f/out-token/YETO_SHA
openspec/changes/rl-algo-grpo-knobs/evidence/2026-09-29-algo1b-g1f/out-token/algo1b-g1f-token-l0-modal.jsonl	9556	097cc08bfd828790b974f8aa79ed9f3dd550ea349bd33aa122a63adbb069e49b	yeto-evidence-archive	/openspec/changes/rl-algo-grpo-knobs/evidence/2026-09-29-algo1b-g1f/out-token/algo1b-g1f-token-l0-modal.jsonl
openspec/changes/rl-algo-grpo-knobs/evidence/2026-09-29-algo1b-g1f/out-token/cmd.txt	807	94c8c079a27c3fa8ea0e83effafe7b7982c55e0f1a11da0a06a058a919f0d907	yeto-evidence-archive	/openspec/changes/rl-algo-grpo-knobs/evidence/2026-09-29-algo1b-g1f/out-token/cmd.txt
openspec/changes/rl-algo-grpo-knobs/evidence/2026-09-29-algo1b-g1f/out-token/launch.log.gz	64976	d25d8921a3b3a869c202ba2f0abddc112159b15e2c81c3bf1c9e53100bd58031	yeto-evidence-archive	/openspec/changes/rl-algo-grpo-knobs/evidence/2026-09-29-algo1b-g1f/out-token/launch.log.gz
openspec/changes/rl-algo-grpo-knobs/evidence/2026-09-29-algo1b-g1f/out-token/t_end	21	24859fa7444f11cb9ea5eb31e509beefe7709c3a7bdb48dc8cc975b1fa444a84	yeto-evidence-archive	/openspec/changes/rl-algo-grpo-knobs/evidence/2026-09-29-algo1b-g1f/out-token/t_end
openspec/changes/rl-algo-grpo-knobs/evidence/2026-09-29-algo1b-g1f/out-token/t_start	21	ea41ea82c60883c0b012c58d36792ab7a36e5386c94cf428e218640a0f45e9e2	yeto-evidence-archive	/openspec/changes/rl-algo-grpo-knobs/evidence/2026-09-29-algo1b-g1f/out-token/t_start
openspec/changes/rl-algo-grpo-knobs/evidence/2026-09-29-algo1b-g1f/out-token/watchdog_pid	8	d0e99f8c67c9a6e6a66dbf088e9de33eac8883c3c6e70a581e171fa033b1261b	yeto-evidence-archive	/openspec/changes/rl-algo-grpo-knobs/evidence/2026-09-29-algo1b-g1f/out-token/watchdog_pid
openspec/changes/rl-algo-grpo-knobs/evidence/2026-09-29-algo1b-g1f/run.sh	2350	554c6b8bf71d175f6ffdf1f2261c72349f10ef5f607e216b99e9710c5a4ad879	yeto-evidence-archive	/openspec/changes/rl-algo-grpo-knobs/evidence/2026-09-29-algo1b-g1f/run.sh
openspec/changes/rl-algo-grpo-knobs/evidence/2026-09-29-algo1b-g1f/token.json	811	c55f2f709dc78581751e0440c926d0314c2450330f1cfc5b1a518c9ee3806ca4	yeto-evidence-archive	/openspec/changes/rl-algo-grpo-knobs/evidence/2026-09-29-algo1b-g1f/token.json
openspec/changes/rl-algo-grpo-knobs/evidence/2026-09-29-algo1b-g1g/harness/setup.sh	1036	4fffcec0d14b1b872b444e7ef74390fae178c24a5f128994ac828dcfcbab25b5	yeto-evidence-archive	/openspec/changes/rl-algo-grpo-knobs/evidence/2026-09-29-algo1b-g1g/harness/setup.sh
openspec/changes/rl-algo-grpo-knobs/evidence/2026-09-29-algo1b-g1g/harness/worker.py	358	10f67b70ff342b1a310ed10b27450de3de56d8642d0e670a9a223c406661ffa3	yeto-evidence-archive	/openspec/changes/rl-algo-grpo-knobs/evidence/2026-09-29-algo1b-g1g/harness/worker.py
openspec/changes/rl-algo-grpo-knobs/evidence/2026-09-29-algo1b-g1g/out/clip_hi.exec.log	375	4b25c91954cdec340851803e20c65f1e2ce674444b93fe4f5e98d3d3b910befb	yeto-evidence-archive	/openspec/changes/rl-algo-grpo-knobs/evidence/2026-09-29-algo1b-g1g/out/clip_hi.exec.log
openspec/changes/rl-algo-grpo-knobs/evidence/2026-09-29-algo1b-g1g/out/clip_hi.log	370	145b452a513859cda305fe9608c336251e81d65e9ae8fe6c676771cd9d65bede	yeto-evidence-archive	/openspec/changes/rl-algo-grpo-knobs/evidence/2026-09-29-algo1b-g1g/out/clip_hi.log
openspec/changes/rl-algo-grpo-knobs/evidence/2026-09-29-algo1b-g1g/out/clip_hi/algorithm_spec.json	814	8c9b009da719cd40f80212c5aef38e4d9110207a7132f4de37d85518d33a2627	yeto-evidence-archive	/openspec/changes/rl-algo-grpo-knobs/evidence/2026-09-29-algo1b-g1g/out/clip_hi/algorithm_spec.json
openspec/changes/rl-algo-grpo-knobs/evidence/2026-09-29-algo1b-g1g/out/clip_hi/g1_meta.json	210	a010a81f36921a1784873ea811b4fb0b0398bef3f8fba6bc630d6c198ba49ebb	yeto-evidence-archive	/openspec/changes/rl-algo-grpo-knobs/evidence/2026-09-29-algo1b-g1g/out/clip_hi/g1_meta.json
openspec/changes/rl-algo-grpo-knobs/evidence/2026-09-29-algo1b-g1g/out/clip_hi/g1_result.json	74	e219190c49e1c4518612abedc2ed8306975e439b5eb52dd15923a100c40c2b2d	yeto-evidence-archive	/openspec/changes/rl-algo-grpo-knobs/evidence/2026-09-29-algo1b-g1g/out/clip_hi/g1_result.json
openspec/changes/rl-algo-grpo-knobs/evidence/2026-09-29-algo1b-g1g/out/clip_hi/miles.log	346740	53c5d86637c06372e7a18eee525aaee742318a7bd3e85ca43dc105eff5083340	yeto-evidence-archive	/openspec/changes/rl-algo-grpo-knobs/evidence/2026-09-29-algo1b-g1g/out/clip_hi/miles.log
openspec/changes/rl-algo-grpo-knobs/evidence/2026-09-29-algo1b-g1g/out/clip_hi/native-checkpoint/events/actor_cell00000_rank00000.jsonl	324691	f09c8acb53bcd521723f3579d5d5e95d8555d327f93321fb8434c66b3fb50257	yeto-evidence-archive	/openspec/changes/rl-algo-grpo-knobs/evidence/2026-09-29-algo1b-g1g/out/clip_hi/native-checkpoint/events/actor_cell00000_rank00000.jsonl
openspec/changes/rl-algo-grpo-knobs/evidence/2026-09-29-algo1b-g1g/out/clip_hi/native-checkpoint/events/inference_controller.jsonl	192863	8c8a1eafd5dfce07b846ce262c212b4a0ffc6d51c49459bea902e1c6e7609ec6	yeto-evidence-archive	/openspec/changes/rl-algo-grpo-knobs/evidence/2026-09-29-algo1b-g1g/out/clip_hi/native-checkpoint/events/inference_controller.jsonl
openspec/changes/rl-algo-grpo-knobs/evidence/2026-09-29-algo1b-g1g/out/clip_hi/native-checkpoint/events/main.jsonl	303682	cbabfaad536f67b13f1ee5ac0d58d64baa923638094295facfbd5723d26b4c14	yeto-evidence-archive	/openspec/changes/rl-algo-grpo-knobs/evidence/2026-09-29-algo1b-g1g/out/clip_hi/native-checkpoint/events/main.jsonl
openspec/changes/rl-algo-grpo-knobs/evidence/2026-09-29-algo1b-g1g/out/clip_hi/native-checkpoint/events/rollout_executor.jsonl	248107	61aab733d90b5a9868040b6210ec95e9a6d24dcaf4614649d00d291072a9d3ca	yeto-evidence-archive	/openspec/changes/rl-algo-grpo-knobs/evidence/2026-09-29-algo1b-g1g/out/clip_hi/native-checkpoint/events/rollout_executor.jsonl
openspec/changes/rl-algo-grpo-knobs/evidence/2026-09-29-algo1b-g1g/out/clip_hi/native-checkpoint/events/trainer_controller_actor.jsonl	157499	1b4cbc2a9597a3db246ac9c9c7f228dcdb1c5c7dfded1b7149800bbb16d2d423	yeto-evidence-archive	/openspec/changes/rl-algo-grpo-knobs/evidence/2026-09-29-algo1b-g1g/out/clip_hi/native-checkpoint/events/trainer_controller_actor.jsonl
openspec/changes/rl-algo-grpo-knobs/evidence/2026-09-29-algo1b-g1g/out/clip_hi/native-checkpoint/events/worker_manager.jsonl	244827	070c04ee5b0c723c16bc4ed597d093c2a91633abd77b53a8812365ea1f15963d	yeto-evidence-archive	/openspec/changes/rl-algo-grpo-knobs/evidence/2026-09-29-algo1b-g1g/out/clip_hi/native-checkpoint/events/worker_manager.jsonl
openspec/changes/rl-algo-grpo-knobs/evidence/2026-09-29-algo1b-g1g/out/clip_hi/prompts.jsonl	14446	b086101979a3d2a8d8c3110e3f648dd88d5429faa6113b9ac3b5de1aa126b94b	yeto-evidence-archive	/openspec/changes/rl-algo-grpo-knobs/evidence/2026-09-29-algo1b-g1g/out/clip_hi/prompts.jsonl
openspec/changes/rl-algo-grpo-knobs/evidence/2026-09-29-algo1b-g1g/out/clip_hi/rollouts/island-0/dashboard_columns/rollout_0.parquet	30722	7a84ba6e20bf860c899513f66bcdc7735ee44c873778d2782c56ca0a88beac20	yeto-evidence-archive	/openspec/changes/rl-algo-grpo-knobs/evidence/2026-09-29-algo1b-g1g/out/clip_hi/rollouts/island-0/dashboard_columns/rollout_0.parquet
openspec/changes/rl-algo-grpo-knobs/evidence/2026-09-29-algo1b-g1g/out/clip_hi/rollouts/island-0/dashboard_columns/rollout_1.parquet	34512	cb93ed612895d52350f6384017e0f41bf148f83eefdd5fd3979d16a4fc110258	yeto-evidence-archive	/openspec/changes/rl-algo-grpo-knobs/evidence/2026-09-29-algo1b-g1g/out/clip_hi/rollouts/island-0/dashboard_columns/rollout_1.parquet
openspec/changes/rl-algo-grpo-knobs/evidence/2026-09-29-algo1b-g1g/out/clip_hi/rollouts/island-0/dashboard_columns/rollout_2.parquet	58742	5777febac944cb7c97e61ea379f2bcd13199e81b59e71d956ba94e716df738d2	yeto-evidence-archive	/openspec/changes/rl-algo-grpo-knobs/evidence/2026-09-29-algo1b-g1g/out/clip_hi/rollouts/island-0/dashboard_columns/rollout_2.parquet
openspec/changes/rl-algo-grpo-knobs/evidence/2026-09-29-algo1b-g1g/out/clip_hi/worker.json	2197	61a588a6a146982450567e0e5cfd6bf94726b270d393464ecfa9bfa409eb4492	yeto-evidence-archive	/openspec/changes/rl-algo-grpo-knobs/evidence/2026-09-29-algo1b-g1g/out/clip_hi/worker.json
openspec/changes/rl-algo-grpo-knobs/evidence/2026-09-29-algo1b-g1g/out/clip_sym.exec.log	679	aee97e8fc23ad3a5e4e30ab01f6b8d52a76af96b10a49b9c9e5eb1af8a6d06a9	yeto-evidence-archive	/openspec/changes/rl-algo-grpo-knobs/evidence/2026-09-29-algo1b-g1g/out/clip_sym.exec.log
openspec/changes/rl-algo-grpo-knobs/evidence/2026-09-29-algo1b-g1g/out/clip_sym.log	674	d48c6cd5499927fce9fc3427ec8362b8852dcac3d20b1fa3f42406ef18b81bff	yeto-evidence-archive	/openspec/changes/rl-algo-grpo-knobs/evidence/2026-09-29-algo1b-g1g/out/clip_sym.log
openspec/changes/rl-algo-grpo-knobs/evidence/2026-09-29-algo1b-g1g/out/clip_sym/algorithm_spec.json	814	4a1a13fc0b72f07fae03b089b0b168cdd7889105954b1816871cc4b48de590be	yeto-evidence-archive	/openspec/changes/rl-algo-grpo-knobs/evidence/2026-09-29-algo1b-g1g/out/clip_sym/algorithm_spec.json
openspec/changes/rl-algo-grpo-knobs/evidence/2026-09-29-algo1b-g1g/out/clip_sym/g1_meta.json	185	289157273285c36ff9ac2b121066301a627fc422bd8afa6e34a37d9a7b865941	yeto-evidence-archive	/openspec/changes/rl-algo-grpo-knobs/evidence/2026-09-29-algo1b-g1g/out/clip_sym/g1_meta.json
openspec/changes/rl-algo-grpo-knobs/evidence/2026-09-29-algo1b-g1g/out/clip_sym/g1_result.json	75	b584fa59c194a5ddf190511e7638ab0334c0deda26fe1934f778b37ffe870237	yeto-evidence-archive	/openspec/changes/rl-algo-grpo-knobs/evidence/2026-09-29-algo1b-g1g/out/clip_sym/g1_result.json
openspec/changes/rl-algo-grpo-knobs/evidence/2026-09-29-algo1b-g1g/out/clip_sym/miles.log	349648	a08815ebb29a94bc94cb286ff584e73381c18a9c35748f9e09cfe2c91ed857d9	yeto-evidence-archive	/openspec/changes/rl-algo-grpo-knobs/evidence/2026-09-29-algo1b-g1g/out/clip_sym/miles.log
openspec/changes/rl-algo-grpo-knobs/evidence/2026-09-29-algo1b-g1g/out/clip_sym/native-checkpoint/events/actor_cell00000_rank00000.jsonl	324868	22900eeafe3a95bbe1bdbfd25afaf45ecf4bd149446c392931e83348d6df8ed7	yeto-evidence-archive	/openspec/changes/rl-algo-grpo-knobs/evidence/2026-09-29-algo1b-g1g/out/clip_sym/native-checkpoint/events/actor_cell00000_rank00000.jsonl
openspec/changes/rl-algo-grpo-knobs/evidence/2026-09-29-algo1b-g1g/out/clip_sym/native-checkpoint/events/inference_controller.jsonl	280834	350745ae89075ca670721bd6df88478aff1cf4fccd7ce207fd1cad970066913d	yeto-evidence-archive	/openspec/changes/rl-algo-grpo-knobs/evidence/2026-09-29-algo1b-g1g/out/clip_sym/native-checkpoint/events/inference_controller.jsonl
openspec/changes/rl-algo-grpo-knobs/evidence/2026-09-29-algo1b-g1g/out/clip_sym/native-checkpoint/events/main.jsonl	303322	d41f95f81558d8204761e5b654b7a710dff4eaa49ffeeeb0e7bcc54625900489	yeto-evidence-archive	/openspec/changes/rl-algo-grpo-knobs/evidence/2026-09-29-algo1b-g1g/out/clip_sym/native-checkpoint/events/main.jsonl
openspec/changes/rl-algo-grpo-knobs/evidence/2026-09-29-algo1b-g1g/out/clip_sym/native-checkpoint/events/rollout_executor.jsonl	248345	a3958c357139ce745778428d77654d8a5917ccc84630edb383e35ab2d8a3d66d	yeto-evidence-archive	/openspec/changes/rl-algo-grpo-knobs/evidence/2026-09-29-algo1b-g1g/out/clip_sym/native-checkpoint/events/rollout_executor.jsonl
openspec/changes/rl-algo-grpo-knobs/evidence/2026-09-29-algo1b-g1g/out/clip_sym/native-checkpoint/events/trainer_controller_actor.jsonl	245598	f132c66c794588332fce46665f99d6d9373d6da81b621231e6b1d1b785399cdf	yeto-evidence-archive	/openspec/changes/rl-algo-grpo-knobs/evidence/2026-09-29-algo1b-g1g/out/clip_sym/native-checkpoint/events/trainer_controller_actor.jsonl
openspec/changes/rl-algo-grpo-knobs/evidence/2026-09-29-algo1b-g1g/out/clip_sym/native-checkpoint/events/worker_manager.jsonl	244437	d2b02c9c506358333d3b7e61736fae1fa522d160b7b3c28f160b6c8c48251dd0	yeto-evidence-archive	/openspec/changes/rl-algo-grpo-knobs/evidence/2026-09-29-algo1b-g1g/out/clip_sym/native-checkpoint/events/worker_manager.jsonl
openspec/changes/rl-algo-grpo-knobs/evidence/2026-09-29-algo1b-g1g/out/clip_sym/prompts.jsonl	14446	b086101979a3d2a8d8c3110e3f648dd88d5429faa6113b9ac3b5de1aa126b94b	yeto-evidence-archive	/openspec/changes/rl-algo-grpo-knobs/evidence/2026-09-29-algo1b-g1g/out/clip_sym/prompts.jsonl
openspec/changes/rl-algo-grpo-knobs/evidence/2026-09-29-algo1b-g1g/out/clip_sym/rollouts/island-0/dashboard_columns/rollout_0.parquet	30722	7a84ba6e20bf860c899513f66bcdc7735ee44c873778d2782c56ca0a88beac20	yeto-evidence-archive	/openspec/changes/rl-algo-grpo-knobs/evidence/2026-09-29-algo1b-g1g/out/clip_sym/rollouts/island-0/dashboard_columns/rollout_0.parquet
openspec/changes/rl-algo-grpo-knobs/evidence/2026-09-29-algo1b-g1g/out/clip_sym/rollouts/island-0/dashboard_columns/rollout_1.parquet	34512	cb93ed612895d52350f6384017e0f41bf148f83eefdd5fd3979d16a4fc110258	yeto-evidence-archive	/openspec/changes/rl-algo-grpo-knobs/evidence/2026-09-29-algo1b-g1g/out/clip_sym/rollouts/island-0/dashboard_columns/rollout_1.parquet
openspec/changes/rl-algo-grpo-knobs/evidence/2026-09-29-algo1b-g1g/out/clip_sym/rollouts/island-0/dashboard_columns/rollout_2.parquet	56979	a1be6f7f50bbf4c89ee9cc86390934ea495bdb792201a1755f248b0d2b47d3fa	yeto-evidence-archive	/openspec/changes/rl-algo-grpo-knobs/evidence/2026-09-29-algo1b-g1g/out/clip_sym/rollouts/island-0/dashboard_columns/rollout_2.parquet
openspec/changes/rl-algo-grpo-knobs/evidence/2026-09-29-algo1b-g1g/out/clip_sym/worker.json	2177	c4031c5f00b933e0e3c7d60f36cad8840704a2d023d542e521980fecf4bfa451	yeto-evidence-archive	/openspec/changes/rl-algo-grpo-knobs/evidence/2026-09-29-algo1b-g1g/out/clip_sym/worker.json
openspec/changes/rl-algo-grpo-knobs/evidence/2026-09-29-algo1b-g1g/out/t_end	21	e768538e8b262eaf4e14bc464d93cbfdc15ac02184372e9d78f6f07f001b572b	yeto-evidence-archive	/openspec/changes/rl-algo-grpo-knobs/evidence/2026-09-29-algo1b-g1g/out/t_end
openspec/changes/rl-algo-grpo-knobs/evidence/2026-09-29-algo1b-g1g/out/t_start	21	ff26a0f053c32ade33d23a34b665224c9d6e6294e92ca270e70fea9f4ac2a977	yeto-evidence-archive	/openspec/changes/rl-algo-grpo-knobs/evidence/2026-09-29-algo1b-g1g/out/t_start
openspec/changes/rl-algo-grpo-knobs/evidence/2026-09-29-algo1b-g1g/out/watchdog.log	11	17d3ca169f585c1e11d475d2927469da5a84f87231ac17f5c4b92fb7cdb56221	yeto-evidence-archive	/openspec/changes/rl-algo-grpo-knobs/evidence/2026-09-29-algo1b-g1g/out/watchdog.log
openspec/changes/rl-algo-grpo-knobs/evidence/2026-09-29-algo1b-g1g/out/watchdog_pid	8	415e0e0d1a19e43b1a837e041f39abb784527194df6562597e91ef59a1377aa5	yeto-evidence-archive	/openspec/changes/rl-algo-grpo-knobs/evidence/2026-09-29-algo1b-g1g/out/watchdog_pid
openspec/changes/rl-algo-grpo-knobs/evidence/2026-09-29-algo1b-g1g/out_run_all.txt	744	2db2f7284b260e84f0abcd46fb2549a9b2fb9e2144ef11f53243f5289d6bb23e	yeto-evidence-archive	/openspec/changes/rl-algo-grpo-knobs/evidence/2026-09-29-algo1b-g1g/out_run_all.txt
openspec/changes/rl-algo-grpo-knobs/evidence/2026-09-29-algo1b-g1g/run_all.sh	1770	10210c748ce5680137b1cb5fc06b3d635d860f9edc77fe3aa6ca7358ff120d80	yeto-evidence-archive	/openspec/changes/rl-algo-grpo-knobs/evidence/2026-09-29-algo1b-g1g/run_all.sh
openspec/changes/rl-algo-grpo-knobs/evidence/2026-09-29-algo1b-g1g/sbx.py	2203	21ba4f8362cf81b266a8bd45236aa980ffe2b0b7b5d9e9ac6ef9ede0bbb5c994	yeto-evidence-archive	/openspec/changes/rl-algo-grpo-knobs/evidence/2026-09-29-algo1b-g1g/sbx.py
openspec/changes/rl-algo-grpo-knobs/evidence/2026-09-29-algo1b-g1h/harness/setup.sh	1036	4fffcec0d14b1b872b444e7ef74390fae178c24a5f128994ac828dcfcbab25b5	yeto-evidence-archive	/openspec/changes/rl-algo-grpo-knobs/evidence/2026-09-29-algo1b-g1h/harness/setup.sh
openspec/changes/rl-algo-grpo-knobs/evidence/2026-09-29-algo1b-g1h/harness/worker.py	358	10f67b70ff342b1a310ed10b27450de3de56d8642d0e670a9a223c406661ffa3	yeto-evidence-archive	/openspec/changes/rl-algo-grpo-knobs/evidence/2026-09-29-algo1b-g1h/harness/worker.py
openspec/changes/rl-algo-grpo-knobs/evidence/2026-09-29-algo1b-g1h/out/os_off.exec.log	525	98f63c48e43ab57a8a5afa4ac3fa414d950b9d97901a6aee7a15ffc7fd01e28f	yeto-evidence-archive	/openspec/changes/rl-algo-grpo-knobs/evidence/2026-09-29-algo1b-g1h/out/os_off.exec.log
openspec/changes/rl-algo-grpo-knobs/evidence/2026-09-29-algo1b-g1h/out/os_off.log	520	b6cc01681d4060ea442b1d44bd47dc3fb3194fd0a952eb00287a8cfe289d75ce	yeto-evidence-archive	/openspec/changes/rl-algo-grpo-knobs/evidence/2026-09-29-algo1b-g1h/out/os_off.log
openspec/changes/rl-algo-grpo-knobs/evidence/2026-09-29-algo1b-g1h/out/os_off/algorithm_spec.json	212	32ba45a6d3e466e6b664f938779959fdae8767236d5177eabf59f62957e5a47a	yeto-evidence-archive	/openspec/changes/rl-algo-grpo-knobs/evidence/2026-09-29-algo1b-g1h/out/os_off/algorithm_spec.json
openspec/changes/rl-algo-grpo-knobs/evidence/2026-09-29-algo1b-g1h/out/os_off/g1_meta.json	159	6fc60266e9abd2df184b36b6d06f47540ce6c8fc2d16229cf21ae4e3e5508a20	yeto-evidence-archive	/openspec/changes/rl-algo-grpo-knobs/evidence/2026-09-29-algo1b-g1h/out/os_off/g1_meta.json
openspec/changes/rl-algo-grpo-knobs/evidence/2026-09-29-algo1b-g1h/out/os_off/g1_result.json	73	55a4b92825824d669f50c88b098957058718ecdd22201c21e93979f513448ebe	yeto-evidence-archive	/openspec/changes/rl-algo-grpo-knobs/evidence/2026-09-29-algo1b-g1h/out/os_off/g1_result.json
openspec/changes/rl-algo-grpo-knobs/evidence/2026-09-29-algo1b-g1h/out/os_off/miles.log	457728	483a1c418bd91fdf6cfc02dd9a94543568ae348b36655cca2cd342908b165a54	yeto-evidence-archive	/openspec/changes/rl-algo-grpo-knobs/evidence/2026-09-29-algo1b-g1h/out/os_off/miles.log
openspec/changes/rl-algo-grpo-knobs/evidence/2026-09-29-algo1b-g1h/out/os_off/native-checkpoint/events/actor_cell00000_rank00000.jsonl	330415	c0c6299fbb1963f97069fd9fc7c0e1f601dda4b2f683c7f7906eb9f9017e61a6	yeto-evidence-archive	/openspec/changes/rl-algo-grpo-knobs/evidence/2026-09-29-algo1b-g1h/out/os_off/native-checkpoint/events/actor_cell00000_rank00000.jsonl
openspec/changes/rl-algo-grpo-knobs/evidence/2026-09-29-algo1b-g1h/out/os_off/native-checkpoint/events/inference_controller.jsonl	192986	28a974f55e899fa46b881e45afac55ee83294f735eefd8e10f60f493ff227955	yeto-evidence-archive	/openspec/changes/rl-algo-grpo-knobs/evidence/2026-09-29-algo1b-g1h/out/os_off/native-checkpoint/events/inference_controller.jsonl
openspec/changes/rl-algo-grpo-knobs/evidence/2026-09-29-algo1b-g1h/out/os_off/native-checkpoint/events/main.jsonl	350000	998c2b8bd40920179916e33454773ee8d20440e4e97d1d516d9f5a2d48052612	yeto-evidence-archive	/openspec/changes/rl-algo-grpo-knobs/evidence/2026-09-29-algo1b-g1h/out/os_off/native-checkpoint/events/main.jsonl
openspec/changes/rl-algo-grpo-knobs/evidence/2026-09-29-algo1b-g1h/out/os_off/native-checkpoint/events/rollout_executor.jsonl	252341	d31a15cdf1405f4178b9bd8d4f991986099f864f6bc89dfb72e47df8416cd7ed	yeto-evidence-archive	/openspec/changes/rl-algo-grpo-knobs/evidence/2026-09-29-algo1b-g1h/out/os_off/native-checkpoint/events/rollout_executor.jsonl
openspec/changes/rl-algo-grpo-knobs/evidence/2026-09-29-algo1b-g1h/out/os_off/native-checkpoint/events/trainer_controller_actor.jsonl	158238	85628439df852ec9cc14bd2fb9061b02ca4de49350e960c550860af777a1095c	yeto-evidence-archive	/openspec/changes/rl-algo-grpo-knobs/evidence/2026-09-29-algo1b-g1h/out/os_off/native-checkpoint/events/trainer_controller_actor.jsonl
openspec/changes/rl-algo-grpo-knobs/evidence/2026-09-29-algo1b-g1h/out/os_off/native-checkpoint/events/worker_manager.jsonl	245010	b4ddb0aa9f8551722bb483a9ff67dd262abe0df12d235fa29c04cc8dc4be5793	yeto-evidence-archive	/openspec/changes/rl-algo-grpo-knobs/evidence/2026-09-29-algo1b-g1h/out/os_off/native-checkpoint/events/worker_manager.jsonl
openspec/changes/rl-algo-grpo-knobs/evidence/2026-09-29-algo1b-g1h/out/os_off/prompts.jsonl	93682	dae7b066477a52d2a71d2170330923ac8a6fc7bf3ba8f27180750e83d25d81bb	yeto-evidence-archive	/openspec/changes/rl-algo-grpo-knobs/evidence/2026-09-29-algo1b-g1h/out/os_off/prompts.jsonl
openspec/changes/rl-algo-grpo-knobs/evidence/2026-09-29-algo1b-g1h/out/os_off/rollouts/island-0/dashboard_columns/rollout_0.parquet	32933	8342315de1cff8f78f8298be1bd688ba12793618518a8962e80818cf511ad0d6	yeto-evidence-archive	/openspec/changes/rl-algo-grpo-knobs/evidence/2026-09-29-algo1b-g1h/out/os_off/rollouts/island-0/dashboard_columns/rollout_0.parquet
openspec/changes/rl-algo-grpo-knobs/evidence/2026-09-29-algo1b-g1h/out/os_off/rollouts/island-0/dashboard_columns/rollout_1.parquet	48668	1b745c9b46f04f8868da68940c34917c553353f1f77b1f1154aea59fc37ec763	yeto-evidence-archive	/openspec/changes/rl-algo-grpo-knobs/evidence/2026-09-29-algo1b-g1h/out/os_off/rollouts/island-0/dashboard_columns/rollout_1.parquet
openspec/changes/rl-algo-grpo-knobs/evidence/2026-09-29-algo1b-g1h/out/os_off/rollouts/island-0/dashboard_columns/rollout_2.parquet	46415	3fb674797c5140a93d00017ad6013cda10ce04aca722bedaae855009d2c55ef9	yeto-evidence-archive	/openspec/changes/rl-algo-grpo-knobs/evidence/2026-09-29-algo1b-g1h/out/os_off/rollouts/island-0/dashboard_columns/rollout_2.parquet
openspec/changes/rl-algo-grpo-knobs/evidence/2026-09-29-algo1b-g1h/out/os_off/rollouts/island-0/dashboard_columns/rollout_3.parquet	47589	b65b08eb9e264a6d4c06a344db6d72353c58a27d22464e3b997ea9e7146fb3ee	yeto-evidence-archive	/openspec/changes/rl-algo-grpo-knobs/evidence/2026-09-29-algo1b-g1h/out/os_off/rollouts/island-0/dashboard_columns/rollout_3.parquet
openspec/changes/rl-algo-grpo-knobs/evidence/2026-09-29-algo1b-g1h/out/os_off/rollouts/island-0/dashboard_columns/rollout_4.parquet	44609	9fa08eb48a7a97683ab5dbbf16ba1bd9d859772e9827a4ecabb899eb231f1a3a	yeto-evidence-archive	/openspec/changes/rl-algo-grpo-knobs/evidence/2026-09-29-algo1b-g1h/out/os_off/rollouts/island-0/dashboard_columns/rollout_4.parquet
openspec/changes/rl-algo-grpo-knobs/evidence/2026-09-29-algo1b-g1h/out/os_off/rollouts/island-0/dashboard_columns/rollout_5.parquet	37545	92653bd76309d2f1de04de3cae6ff0e43ab356b4601603dcf15288fa486d6768	yeto-evidence-archive	/openspec/changes/rl-algo-grpo-knobs/evidence/2026-09-29-algo1b-g1h/out/os_off/rollouts/island-0/dashboard_columns/rollout_5.parquet
openspec/changes/rl-algo-grpo-knobs/evidence/2026-09-29-algo1b-g1h/out/os_off/worker.json	2173	2565c2fc3dcd5247cc6cdade1b0c2c60bcfb71e514df5cc10130311ed267a8eb	yeto-evidence-archive	/openspec/changes/rl-algo-grpo-knobs/evidence/2026-09-29-algo1b-g1h/out/os_off/worker.json
openspec/changes/rl-algo-grpo-knobs/evidence/2026-09-29-algo1b-g1h/out/over_sampling.exec.log	382	1dcbfcc42014ff948dc4e5e1f4dde02b470a26442c65b5c15cbe57c43f61b10f	yeto-evidence-archive	/openspec/changes/rl-algo-grpo-knobs/evidence/2026-09-29-algo1b-g1h/out/over_sampling.exec.log
openspec/changes/rl-algo-grpo-knobs/evidence/2026-09-29-algo1b-g1h/out/over_sampling.log	377	b63a16c3ddfe8a110bc29d588137228c78cdb9d75ea30dc5564eafc0d51953b0	yeto-evidence-archive	/openspec/changes/rl-algo-grpo-knobs/evidence/2026-09-29-algo1b-g1h/out/over_sampling.log
openspec/changes/rl-algo-grpo-knobs/evidence/2026-09-29-algo1b-g1h/out/over_sampling/algorithm_spec.json	847	6053fad26acf57ba5f022a08baca5a7384ae74917174b351a5c586e661be77f9	yeto-evidence-archive	/openspec/changes/rl-algo-grpo-knobs/evidence/2026-09-29-algo1b-g1h/out/over_sampling/algorithm_spec.json
openspec/changes/rl-algo-grpo-knobs/evidence/2026-09-29-algo1b-g1h/out/over_sampling/g1_meta.json	195	57905da66d93a5bc267b01e981b492a6ab07330674b825d02c71fe5a085ce315	yeto-evidence-archive	/openspec/changes/rl-algo-grpo-knobs/evidence/2026-09-29-algo1b-g1h/out/over_sampling/g1_meta.json
openspec/changes/rl-algo-grpo-knobs/evidence/2026-09-29-algo1b-g1h/out/over_sampling/g1_result.json	80	e69bb04790174d680e9d0fecaf26a35e9c4b17df0d8b2bbc585602d8daa42fd0	yeto-evidence-archive	/openspec/changes/rl-algo-grpo-knobs/evidence/2026-09-29-algo1b-g1h/out/over_sampling/g1_result.json
openspec/changes/rl-algo-grpo-knobs/evidence/2026-09-29-algo1b-g1h/out/over_sampling/miles.log	453781	99802fcf65ad3918a1c35ea6723eeb54df3a0b134332a6b2f925efa04260e570	yeto-evidence-archive	/openspec/changes/rl-algo-grpo-knobs/evidence/2026-09-29-algo1b-g1h/out/over_sampling/miles.log
openspec/changes/rl-algo-grpo-knobs/evidence/2026-09-29-algo1b-g1h/out/over_sampling/native-checkpoint/events/actor_cell00000_rank00000.jsonl	241579	3942af7c93e6e4b76a10f22e7efb181916859e22508429e7d9fdafdbc65d4dc5	yeto-evidence-archive	/openspec/changes/rl-algo-grpo-knobs/evidence/2026-09-29-algo1b-g1h/out/over_sampling/native-checkpoint/events/actor_cell00000_rank00000.jsonl
openspec/changes/rl-algo-grpo-knobs/evidence/2026-09-29-algo1b-g1h/out/over_sampling/native-checkpoint/events/inference_controller.jsonl	193138	cd065755376fc4c804ae0bcaf2bfd28bde7ba2a03e4bab2eb86df0dfaad50da3	yeto-evidence-archive	/openspec/changes/rl-algo-grpo-knobs/evidence/2026-09-29-algo1b-g1h/out/over_sampling/native-checkpoint/events/inference_controller.jsonl
openspec/changes/rl-algo-grpo-knobs/evidence/2026-09-29-algo1b-g1h/out/over_sampling/native-checkpoint/events/main.jsonl	350219	8f49a5ab464e93cef52df3634b7ab2bc1e9b502089a6ab89926c369f17b4dbe6	yeto-evidence-archive	/openspec/changes/rl-algo-grpo-knobs/evidence/2026-09-29-algo1b-g1h/out/over_sampling/native-checkpoint/events/main.jsonl
openspec/changes/rl-algo-grpo-knobs/evidence/2026-09-29-algo1b-g1h/out/over_sampling/native-checkpoint/events/rollout_executor.jsonl	164105	0df94f417cc6de571b4b21f7730825fc87bae7cc761535916d0fc6f5d4eea6c2	yeto-evidence-archive	/openspec/changes/rl-algo-grpo-knobs/evidence/2026-09-29-algo1b-g1h/out/over_sampling/native-checkpoint/events/rollout_executor.jsonl
openspec/changes/rl-algo-grpo-knobs/evidence/2026-09-29-algo1b-g1h/out/over_sampling/native-checkpoint/events/trainer_controller_actor.jsonl	158378	ed081f4b3b50efccac4f4b2dc26f773d795000bf72b47647162caf2f3a3c7ac8	yeto-evidence-archive	/openspec/changes/rl-algo-grpo-knobs/evidence/2026-09-29-algo1b-g1h/out/over_sampling/native-checkpoint/events/trainer_controller_actor.jsonl
openspec/changes/rl-algo-grpo-knobs/evidence/2026-09-29-algo1b-g1h/out/over_sampling/native-checkpoint/events/worker_manager.jsonl	245220	5ca4082b4c44416db25b5603b2ed215d561ea33a9e1e5ad7815396d74c201178	yeto-evidence-archive	/openspec/changes/rl-algo-grpo-knobs/evidence/2026-09-29-algo1b-g1h/out/over_sampling/native-checkpoint/events/worker_manager.jsonl
openspec/changes/rl-algo-grpo-knobs/evidence/2026-09-29-algo1b-g1h/out/over_sampling/prompts.jsonl	93682	dae7b066477a52d2a71d2170330923ac8a6fc7bf3ba8f27180750e83d25d81bb	yeto-evidence-archive	/openspec/changes/rl-algo-grpo-knobs/evidence/2026-09-29-algo1b-g1h/out/over_sampling/prompts.jsonl
openspec/changes/rl-algo-grpo-knobs/evidence/2026-09-29-algo1b-g1h/out/over_sampling/rollouts/island-0/dashboard_columns/rollout_0.parquet	31756	65deb9bb0378143f9d1fab071853185a63504c094e8b3ff7b9d85b38a70e8ea0	yeto-evidence-archive	/openspec/changes/rl-algo-grpo-knobs/evidence/2026-09-29-algo1b-g1h/out/over_sampling/rollouts/island-0/dashboard_columns/rollout_0.parquet
openspec/changes/rl-algo-grpo-knobs/evidence/2026-09-29-algo1b-g1h/out/over_sampling/rollouts/island-0/dashboard_columns/rollout_1.parquet	36823	ca26215abcb14949711705b71e66a4c6fc10099970bdfe39ed79fd460d2fd115	yeto-evidence-archive	/openspec/changes/rl-algo-grpo-knobs/evidence/2026-09-29-algo1b-g1h/out/over_sampling/rollouts/island-0/dashboard_columns/rollout_1.parquet
openspec/changes/rl-algo-grpo-knobs/evidence/2026-09-29-algo1b-g1h/out/over_sampling/rollouts/island-0/dashboard_columns/rollout_2.parquet	43017	dc629b09e7631c520a8c2eee17949648808446d292c330cb626d9c442ee4cfbf	yeto-evidence-archive	/openspec/changes/rl-algo-grpo-knobs/evidence/2026-09-29-algo1b-g1h/out/over_sampling/rollouts/island-0/dashboard_columns/rollout_2.parquet
openspec/changes/rl-algo-grpo-knobs/evidence/2026-09-29-algo1b-g1h/out/over_sampling/rollouts/island-0/dashboard_columns/rollout_3.parquet	40468	5a17c5727c8628097626521ccb9d654f1801bd946895209303b64225749526fa	yeto-evidence-archive	/openspec/changes/rl-algo-grpo-knobs/evidence/2026-09-29-algo1b-g1h/out/over_sampling/rollouts/island-0/dashboard_columns/rollout_3.parquet
openspec/changes/rl-algo-grpo-knobs/evidence/2026-09-29-algo1b-g1h/out/over_sampling/rollouts/island-0/dashboard_columns/rollout_4.parquet	32012	0bd929a100e167976914e084ccc14553aa7a052bed4f4aaa71cfed7fa141612c	yeto-evidence-archive	/openspec/changes/rl-algo-grpo-knobs/evidence/2026-09-29-algo1b-g1h/out/over_sampling/rollouts/island-0/dashboard_columns/rollout_4.parquet
openspec/changes/rl-algo-grpo-knobs/evidence/2026-09-29-algo1b-g1h/out/over_sampling/rollouts/island-0/dashboard_columns/rollout_5.parquet	36019	2a41edb8f403a5e9eaa267ec94babd2219251d923b317a785fd048f76caf526c	yeto-evidence-archive	/openspec/changes/rl-algo-grpo-knobs/evidence/2026-09-29-algo1b-g1h/out/over_sampling/rollouts/island-0/dashboard_columns/rollout_5.parquet
openspec/changes/rl-algo-grpo-knobs/evidence/2026-09-29-algo1b-g1h/out/over_sampling/worker.json	2253	39721817721aac355060156fd2097103ecba0a5c3ab3a35cad0a9001a920d322	yeto-evidence-archive	/openspec/changes/rl-algo-grpo-knobs/evidence/2026-09-29-algo1b-g1h/out/over_sampling/worker.json
openspec/changes/rl-algo-grpo-knobs/evidence/2026-09-29-algo1b-g1h/out/t_end	21	b7ea81941f7d5ebd846e04605f437554904bd5419024ce88678fd4f1ff3f1bbf	yeto-evidence-archive	/openspec/changes/rl-algo-grpo-knobs/evidence/2026-09-29-algo1b-g1h/out/t_end
openspec/changes/rl-algo-grpo-knobs/evidence/2026-09-29-algo1b-g1h/out/t_start	21	cfd7ad7b8d5e3a3f13cb796102c8efeede1004673a9bc123a97892c81952db98	yeto-evidence-archive	/openspec/changes/rl-algo-grpo-knobs/evidence/2026-09-29-algo1b-g1h/out/t_start
openspec/changes/rl-algo-grpo-knobs/evidence/2026-09-29-algo1b-g1h/out/watchdog.log	11	17d3ca169f585c1e11d475d2927469da5a84f87231ac17f5c4b92fb7cdb56221	yeto-evidence-archive	/openspec/changes/rl-algo-grpo-knobs/evidence/2026-09-29-algo1b-g1h/out/watchdog.log
openspec/changes/rl-algo-grpo-knobs/evidence/2026-09-29-algo1b-g1h/out/watchdog_pid	8	c3cf71fbc44b191a9764acde669220a475672f4c0b6ab46986e635e417464c3f	yeto-evidence-archive	/openspec/changes/rl-algo-grpo-knobs/evidence/2026-09-29-algo1b-g1h/out/watchdog_pid
openspec/changes/rl-algo-grpo-knobs/evidence/2026-09-29-algo1b-g1h/out_run_all.txt	596	c037a13eb7f549b1f360d77a35a6962d2abf1d12851528e424a1dc9f7c79b827	yeto-evidence-archive	/openspec/changes/rl-algo-grpo-knobs/evidence/2026-09-29-algo1b-g1h/out_run_all.txt
openspec/changes/rl-algo-grpo-knobs/evidence/2026-09-29-algo1b-g1h/run_all.sh	1767	8ac294e705d4cb27978b14df9c0fc418bc318be89c0c5385edd2bfab6a030c11	yeto-evidence-archive	/openspec/changes/rl-algo-grpo-knobs/evidence/2026-09-29-algo1b-g1h/run_all.sh
openspec/changes/rl-algo-grpo-knobs/evidence/2026-09-29-algo1b-g1h/sbx.py	2203	f35e49a9082c89276eccc685777e47da3b00a0b8c089a0b1a6199819a0c626f1	yeto-evidence-archive	/openspec/changes/rl-algo-grpo-knobs/evidence/2026-09-29-algo1b-g1h/sbx.py
openspec/changes/rl-algo-grpo-knobs/evidence/2026-09-29-algo1b-g1i/harness/setup.sh	1036	4fffcec0d14b1b872b444e7ef74390fae178c24a5f128994ac828dcfcbab25b5	yeto-evidence-archive	/openspec/changes/rl-algo-grpo-knobs/evidence/2026-09-29-algo1b-g1i/harness/setup.sh
openspec/changes/rl-algo-grpo-knobs/evidence/2026-09-29-algo1b-g1i/harness/worker.py	358	10f67b70ff342b1a310ed10b27450de3de56d8642d0e670a9a223c406661ffa3	yeto-evidence-archive	/openspec/changes/rl-algo-grpo-knobs/evidence/2026-09-29-algo1b-g1i/harness/worker.py
openspec/changes/rl-algo-grpo-knobs/evidence/2026-09-29-algo1b-g1i/out/of_off.exec.log	521	3d4b6205359a0ba07f7ede90e9848c6304436fecf0ae4e050ebc6d888d8f4cde	yeto-evidence-archive	/openspec/changes/rl-algo-grpo-knobs/evidence/2026-09-29-algo1b-g1i/out/of_off.exec.log
openspec/changes/rl-algo-grpo-knobs/evidence/2026-09-29-algo1b-g1i/out/of_off.log	516	c7238e02bf53550aa80da2d965b9b8bfeb51363f7398aaacf2d67492afecde68	yeto-evidence-archive	/openspec/changes/rl-algo-grpo-knobs/evidence/2026-09-29-algo1b-g1i/out/of_off.log
openspec/changes/rl-algo-grpo-knobs/evidence/2026-09-29-algo1b-g1i/out/of_off/algorithm_spec.json	175	27df1133c924e7a337e90246c7e1e30699017f461e9f35b1dd165a0263e65bea	yeto-evidence-archive	/openspec/changes/rl-algo-grpo-knobs/evidence/2026-09-29-algo1b-g1i/out/of_off/algorithm_spec.json
openspec/changes/rl-algo-grpo-knobs/evidence/2026-09-29-algo1b-g1i/out/of_off/g1_meta.json	159	46d6d6814505d6a37c1873cbd28812bc0eb159d00a7a50bebdcd446647a199c6	yeto-evidence-archive	/openspec/changes/rl-algo-grpo-knobs/evidence/2026-09-29-algo1b-g1i/out/of_off/g1_meta.json
openspec/changes/rl-algo-grpo-knobs/evidence/2026-09-29-algo1b-g1i/out/of_off/g1_result.json	73	08348c47c51447c83458a6ff8cf4fb67f1c63d433a307bed9b91a9f946806b29	yeto-evidence-archive	/openspec/changes/rl-algo-grpo-knobs/evidence/2026-09-29-algo1b-g1i/out/of_off/g1_result.json
openspec/changes/rl-algo-grpo-knobs/evidence/2026-09-29-algo1b-g1i/out/of_off/miles.log	329335	5d46c70dcba74450889cf18d8c0a00a8b6969827aa6dc1455708d61c294b8ce0	yeto-evidence-archive	/openspec/changes/rl-algo-grpo-knobs/evidence/2026-09-29-algo1b-g1i/out/of_off/miles.log
openspec/changes/rl-algo-grpo-knobs/evidence/2026-09-29-algo1b-g1i/out/of_off/native-checkpoint/events/actor_cell00000_rank00000.jsonl	234463	b95d4302286e9942797152af91a40ad9405b06fd3ca833a6c0ca1b77cc01fda5	yeto-evidence-archive	/openspec/changes/rl-algo-grpo-knobs/evidence/2026-09-29-algo1b-g1i/out/of_off/native-checkpoint/events/actor_cell00000_rank00000.jsonl
openspec/changes/rl-algo-grpo-knobs/evidence/2026-09-29-algo1b-g1i/out/of_off/native-checkpoint/events/inference_controller.jsonl	192888	158da1bec7c8749ad8530f2db4fcae27179bc5d34b77c99c423535de22c7cc91	yeto-evidence-archive	/openspec/changes/rl-algo-grpo-knobs/evidence/2026-09-29-algo1b-g1i/out/of_off/native-checkpoint/events/inference_controller.jsonl
openspec/changes/rl-algo-grpo-knobs/evidence/2026-09-29-algo1b-g1i/out/of_off/native-checkpoint/events/main.jsonl	303747	57c38321de74a63b0d5eeb6de7c4da1591393f525f19017bd65ffa96db55cce8	yeto-evidence-archive	/openspec/changes/rl-algo-grpo-knobs/evidence/2026-09-29-algo1b-g1i/out/of_off/native-checkpoint/events/main.jsonl
openspec/changes/rl-algo-grpo-knobs/evidence/2026-09-29-algo1b-g1i/out/of_off/native-checkpoint/events/rollout_executor.jsonl	160277	774b5ae1672b6d54d0bc92ffdfa1e7712eeef5cc672ca869350f046d1fcf330a	yeto-evidence-archive	/openspec/changes/rl-algo-grpo-knobs/evidence/2026-09-29-algo1b-g1i/out/of_off/native-checkpoint/events/rollout_executor.jsonl
openspec/changes/rl-algo-grpo-knobs/evidence/2026-09-29-algo1b-g1i/out/of_off/native-checkpoint/events/trainer_controller_actor.jsonl	157533	6fe3205cd719ac2dcf200f223c73f0431f9a5f84aab5a83aaaae5d13737f725b	yeto-evidence-archive	/openspec/changes/rl-algo-grpo-knobs/evidence/2026-09-29-algo1b-g1i/out/of_off/native-checkpoint/events/trainer_controller_actor.jsonl
openspec/changes/rl-algo-grpo-knobs/evidence/2026-09-29-algo1b-g1i/out/of_off/native-checkpoint/events/worker_manager.jsonl	244872	83fb197f35b3d7cc9e0064d2ffb574759bbe759d55cd2aebc9b5ca52c597ae1e	yeto-evidence-archive	/openspec/changes/rl-algo-grpo-knobs/evidence/2026-09-29-algo1b-g1i/out/of_off/native-checkpoint/events/worker_manager.jsonl
openspec/changes/rl-algo-grpo-knobs/evidence/2026-09-29-algo1b-g1i/out/of_off/prompts.jsonl	14446	b086101979a3d2a8d8c3110e3f648dd88d5429faa6113b9ac3b5de1aa126b94b	yeto-evidence-archive	/openspec/changes/rl-algo-grpo-knobs/evidence/2026-09-29-algo1b-g1i/out/of_off/prompts.jsonl
openspec/changes/rl-algo-grpo-knobs/evidence/2026-09-29-algo1b-g1i/out/of_off/rollouts/island-0/dashboard_columns/rollout_0.parquet	26559	f7f505f7e96709ac8ef5c0814f6b30187f67b3dedeade18b43d48839588bfe05	yeto-evidence-archive	/openspec/changes/rl-algo-grpo-knobs/evidence/2026-09-29-algo1b-g1i/out/of_off/rollouts/island-0/dashboard_columns/rollout_0.parquet
openspec/changes/rl-algo-grpo-knobs/evidence/2026-09-29-algo1b-g1i/out/of_off/rollouts/island-0/dashboard_columns/rollout_1.parquet	28435	18f069a691f0096bea7addb74937cd8d63939f5c90e8dba5dd5950d501dd30e4	yeto-evidence-archive	/openspec/changes/rl-algo-grpo-knobs/evidence/2026-09-29-algo1b-g1i/out/of_off/rollouts/island-0/dashboard_columns/rollout_1.parquet
openspec/changes/rl-algo-grpo-knobs/evidence/2026-09-29-algo1b-g1i/out/of_off/rollouts/island-0/dashboard_columns/rollout_2.parquet	31907	eb62e411217766f24c783d2e7ff64c6511bc807c0e8a06d9edd89c3a3ca29b1e	yeto-evidence-archive	/openspec/changes/rl-algo-grpo-knobs/evidence/2026-09-29-algo1b-g1i/out/of_off/rollouts/island-0/dashboard_columns/rollout_2.parquet
openspec/changes/rl-algo-grpo-knobs/evidence/2026-09-29-algo1b-g1i/out/of_off/worker.json	2136	2d62ec04982d347ed0ae1c865c6c2e3320faa76d1e34b7f9c5d84fe2d014e3c5	yeto-evidence-archive	/openspec/changes/rl-algo-grpo-knobs/evidence/2026-09-29-algo1b-g1i/out/of_off/worker.json
openspec/changes/rl-algo-grpo-knobs/evidence/2026-09-29-algo1b-g1i/out/of_on.exec.log	374	edcba02ccef2e881c7e0bf31f9271c0f48fdcf9b24a2f10043864aa944afe72f	yeto-evidence-archive	/openspec/changes/rl-algo-grpo-knobs/evidence/2026-09-29-algo1b-g1i/out/of_on.exec.log
openspec/changes/rl-algo-grpo-knobs/evidence/2026-09-29-algo1b-g1i/out/of_on.log	369	f5ab535e4deceadc6a9c7dac9a5f5c4b298b506d3a694169734fb51c00577375	yeto-evidence-archive	/openspec/changes/rl-algo-grpo-knobs/evidence/2026-09-29-algo1b-g1i/out/of_on.log
openspec/changes/rl-algo-grpo-knobs/evidence/2026-09-29-algo1b-g1i/out/of_on/algorithm_spec.json	948	aa394d50849252c8422f7d3731a26d1365e876077b41304854c630b4d80c52a1	yeto-evidence-archive	/openspec/changes/rl-algo-grpo-knobs/evidence/2026-09-29-algo1b-g1i/out/of_on/algorithm_spec.json
openspec/changes/rl-algo-grpo-knobs/evidence/2026-09-29-algo1b-g1i/out/of_on/g1_meta.json	189	5de6d78f44f84e8ca2a858606081f769dfac7b16c3ef004f28ba8884f02f14c4	yeto-evidence-archive	/openspec/changes/rl-algo-grpo-knobs/evidence/2026-09-29-algo1b-g1i/out/of_on/g1_meta.json
openspec/changes/rl-algo-grpo-knobs/evidence/2026-09-29-algo1b-g1i/out/of_on/g1_result.json	72	530681e230178f0f3078273a630b560e6fd8931d7f31d334cbdd04df33330626	yeto-evidence-archive	/openspec/changes/rl-algo-grpo-knobs/evidence/2026-09-29-algo1b-g1i/out/of_on/g1_result.json
openspec/changes/rl-algo-grpo-knobs/evidence/2026-09-29-algo1b-g1i/out/of_on/miles.log	327138	1f9d66bac18add60549615240f6203f4e088b6cc0999a8e30fa5be14f192ecd5	yeto-evidence-archive	/openspec/changes/rl-algo-grpo-knobs/evidence/2026-09-29-algo1b-g1i/out/of_on/miles.log
openspec/changes/rl-algo-grpo-knobs/evidence/2026-09-29-algo1b-g1i/out/of_on/native-checkpoint/events/actor_cell00000_rank00000.jsonl	235569	d5af5ffe7756284840bd5dd37fcfae8911851fd9b29047999af3836d69d9e328	yeto-evidence-archive	/openspec/changes/rl-algo-grpo-knobs/evidence/2026-09-29-algo1b-g1i/out/of_on/native-checkpoint/events/actor_cell00000_rank00000.jsonl
openspec/changes/rl-algo-grpo-knobs/evidence/2026-09-29-algo1b-g1i/out/of_on/native-checkpoint/events/inference_controller.jsonl	193639	d0d8274824759cbc0215ba87556d1e725bf48c9d7426139f031394fa96101953	yeto-evidence-archive	/openspec/changes/rl-algo-grpo-knobs/evidence/2026-09-29-algo1b-g1i/out/of_on/native-checkpoint/events/inference_controller.jsonl
openspec/changes/rl-algo-grpo-knobs/evidence/2026-09-29-algo1b-g1i/out/of_on/native-checkpoint/events/main.jsonl	304842	264e7124cf66ecd6c57aca3cbf31d483f9279ce3fe3e48533930de36bb992abc	yeto-evidence-archive	/openspec/changes/rl-algo-grpo-knobs/evidence/2026-09-29-algo1b-g1i/out/of_on/native-checkpoint/events/main.jsonl
openspec/changes/rl-algo-grpo-knobs/evidence/2026-09-29-algo1b-g1i/out/of_on/native-checkpoint/events/rollout_executor.jsonl	161014	56f507c104a15721ba08a69d16513ef7180b6c272a60fd8c574cc0896128b13c	yeto-evidence-archive	/openspec/changes/rl-algo-grpo-knobs/evidence/2026-09-29-algo1b-g1i/out/of_on/native-checkpoint/events/rollout_executor.jsonl
openspec/changes/rl-algo-grpo-knobs/evidence/2026-09-29-algo1b-g1i/out/of_on/native-checkpoint/events/trainer_controller_actor.jsonl	158273	3c4c4b445360edd9956717561a51562d57f8b1bb3a14927de313846d85aa46a7	yeto-evidence-archive	/openspec/changes/rl-algo-grpo-knobs/evidence/2026-09-29-algo1b-g1i/out/of_on/native-checkpoint/events/trainer_controller_actor.jsonl
openspec/changes/rl-algo-grpo-knobs/evidence/2026-09-29-algo1b-g1i/out/of_on/native-checkpoint/events/worker_manager.jsonl	157502	74a04e6087732bbdd53b9c545532d926d8854810f9ce3251f89af04b7fb5ba4b	yeto-evidence-archive	/openspec/changes/rl-algo-grpo-knobs/evidence/2026-09-29-algo1b-g1i/out/of_on/native-checkpoint/events/worker_manager.jsonl
openspec/changes/rl-algo-grpo-knobs/evidence/2026-09-29-algo1b-g1i/out/of_on/prompts.jsonl	14446	b086101979a3d2a8d8c3110e3f648dd88d5429faa6113b9ac3b5de1aa126b94b	yeto-evidence-archive	/openspec/changes/rl-algo-grpo-knobs/evidence/2026-09-29-algo1b-g1i/out/of_on/prompts.jsonl
openspec/changes/rl-algo-grpo-knobs/evidence/2026-09-29-algo1b-g1i/out/of_on/rollouts/island-0/dashboard_columns/rollout_0.parquet	26559	f7f505f7e96709ac8ef5c0814f6b30187f67b3dedeade18b43d48839588bfe05	yeto-evidence-archive	/openspec/changes/rl-algo-grpo-knobs/evidence/2026-09-29-algo1b-g1i/out/of_on/rollouts/island-0/dashboard_columns/rollout_0.parquet
openspec/changes/rl-algo-grpo-knobs/evidence/2026-09-29-algo1b-g1i/out/of_on/rollouts/island-0/dashboard_columns/rollout_1.parquet	28373	cf868d9f7424816737de79ed546dd6421733bd97dc875b61b1d0e18a5160725f	yeto-evidence-archive	/openspec/changes/rl-algo-grpo-knobs/evidence/2026-09-29-algo1b-g1i/out/of_on/rollouts/island-0/dashboard_columns/rollout_1.parquet
openspec/changes/rl-algo-grpo-knobs/evidence/2026-09-29-algo1b-g1i/out/of_on/rollouts/island-0/dashboard_columns/rollout_2.parquet	31799	8b6e4d821da27036e5695bb5de1c384fb7af5dc8f74f54d939d9a4d8e84eff1d	yeto-evidence-archive	/openspec/changes/rl-algo-grpo-knobs/evidence/2026-09-29-algo1b-g1i/out/of_on/rollouts/island-0/dashboard_columns/rollout_2.parquet
openspec/changes/rl-algo-grpo-knobs/evidence/2026-09-29-algo1b-g1i/out/of_on/worker.json	2162	ab44373017d5897242994a8f3d783e90114d4dd129c36d06b3041e76ec1f7ff7	yeto-evidence-archive	/openspec/changes/rl-algo-grpo-knobs/evidence/2026-09-29-algo1b-g1i/out/of_on/worker.json
openspec/changes/rl-algo-grpo-knobs/evidence/2026-09-29-algo1b-g1i/out/t_end	21	7a54b8275a00686957d0eabb5672c79a348dfe653ebe15354f77aa17a44d1435	yeto-evidence-archive	/openspec/changes/rl-algo-grpo-knobs/evidence/2026-09-29-algo1b-g1i/out/t_end
openspec/changes/rl-algo-grpo-knobs/evidence/2026-09-29-algo1b-g1i/out/t_start	21	3e227e043fb14b61023ed1172eb5dd455c7d2224ab97c324a9774f30dddc0a17	yeto-evidence-archive	/openspec/changes/rl-algo-grpo-knobs/evidence/2026-09-29-algo1b-g1i/out/t_start
openspec/changes/rl-algo-grpo-knobs/evidence/2026-09-29-algo1b-g1i/out/watchdog.log	11	17d3ca169f585c1e11d475d2927469da5a84f87231ac17f5c4b92fb7cdb56221	yeto-evidence-archive	/openspec/changes/rl-algo-grpo-knobs/evidence/2026-09-29-algo1b-g1i/out/watchdog.log
openspec/changes/rl-algo-grpo-knobs/evidence/2026-09-29-algo1b-g1i/out/watchdog_pid	8	ec2f6126d9f4c36e19c03b34dc5c169180c4844376424e3f85c4d808786a5dec	yeto-evidence-archive	/openspec/changes/rl-algo-grpo-knobs/evidence/2026-09-29-algo1b-g1i/out/watchdog_pid
openspec/changes/rl-algo-grpo-knobs/evidence/2026-09-29-algo1b-g1i/out_run_all.txt	584	5b46f2914a3b17018deeb6229ca7007fc3b553f30729643935d161e0bfa3921d	yeto-evidence-archive	/openspec/changes/rl-algo-grpo-knobs/evidence/2026-09-29-algo1b-g1i/out_run_all.txt
openspec/changes/rl-algo-grpo-knobs/evidence/2026-09-29-algo1b-g1i/run_all.sh	1756	51ef6c9904d5eb6974c75a5c2ef8524b31cc86892e432de3d6a18423749d63a6	yeto-evidence-archive	/openspec/changes/rl-algo-grpo-knobs/evidence/2026-09-29-algo1b-g1i/run_all.sh
openspec/changes/rl-algo-grpo-knobs/evidence/2026-09-29-algo1b-g1i/sbx.py	2203	7124cbf860abf9f277a522fb9790b4d24ef3dc69b621265a02f5c47f3e41eb63	yeto-evidence-archive	/openspec/changes/rl-algo-grpo-knobs/evidence/2026-09-29-algo1b-g1i/sbx.py
openspec/changes/rl-algo-grpo-knobs/evidence/2026-09-29-algo1b-g1j/attempt1/out/clip_hi.exec.log	371	27ac66c9f164544cb2c747b415485d4a259eff94ef8c8618e1cebd9258f9dacd	yeto-evidence-archive	/openspec/changes/rl-algo-grpo-knobs/evidence/2026-09-29-algo1b-g1j/attempt1/out/clip_hi.exec.log
openspec/changes/rl-algo-grpo-knobs/evidence/2026-09-29-algo1b-g1j/attempt1/out/clip_hi.log	366	ae307f854c8feb92b1dbacd11cca53725abac5e0fab17f1a4f756d8738c28df1	yeto-evidence-archive	/openspec/changes/rl-algo-grpo-knobs/evidence/2026-09-29-algo1b-g1j/attempt1/out/clip_hi.log
openspec/changes/rl-algo-grpo-knobs/evidence/2026-09-29-algo1b-g1j/attempt1/out/clip_hi/algorithm_spec.json	814	8c9b009da719cd40f80212c5aef38e4d9110207a7132f4de37d85518d33a2627	yeto-evidence-archive	/openspec/changes/rl-algo-grpo-knobs/evidence/2026-09-29-algo1b-g1j/attempt1/out/clip_hi/algorithm_spec.json
openspec/changes/rl-algo-grpo-knobs/evidence/2026-09-29-algo1b-g1j/attempt1/out/clip_hi/g1_meta.json	187	d47d7327736c4d266a5198fa6c7b83d7de4c4057f943a6b6219ae9f012262669	yeto-evidence-archive	/openspec/changes/rl-algo-grpo-knobs/evidence/2026-09-29-algo1b-g1j/attempt1/out/clip_hi/g1_meta.json
openspec/changes/rl-algo-grpo-knobs/evidence/2026-09-29-algo1b-g1j/attempt1/out/clip_hi/g1_result.json	69	dad45cdac041fdb1352f63607d4ab6ca2d92158c5e2bae0346e6ca4bd978beff	yeto-evidence-archive	/openspec/changes/rl-algo-grpo-knobs/evidence/2026-09-29-algo1b-g1j/attempt1/out/clip_hi/g1_result.json
openspec/changes/rl-algo-grpo-knobs/evidence/2026-09-29-algo1b-g1j/attempt1/out/clip_hi/miles.log	2631	240777b592d658edc42f754597aec447909f5780425da488ea3732267bb5c93d	yeto-evidence-archive	/openspec/changes/rl-algo-grpo-knobs/evidence/2026-09-29-algo1b-g1j/attempt1/out/clip_hi/miles.log
openspec/changes/rl-algo-grpo-knobs/evidence/2026-09-29-algo1b-g1j/attempt1/out/clip_hi/prompts.jsonl	14446	b086101979a3d2a8d8c3110e3f648dd88d5429faa6113b9ac3b5de1aa126b94b	yeto-evidence-archive	/openspec/changes/rl-algo-grpo-knobs/evidence/2026-09-29-algo1b-g1j/attempt1/out/clip_hi/prompts.jsonl
openspec/changes/rl-algo-grpo-knobs/evidence/2026-09-29-algo1b-g1j/attempt1/out/clip_hi/worker.json	2173	7425dd306d5d271e009f4b31378f44e3763cb2d0a2fa90990a9dd871320789b7	yeto-evidence-archive	/openspec/changes/rl-algo-grpo-knobs/evidence/2026-09-29-algo1b-g1j/attempt1/out/clip_hi/worker.json
openspec/changes/rl-algo-grpo-knobs/evidence/2026-09-29-algo1b-g1j/attempt1/out/clip_sym.exec.log	448	6b18c8f03fe2b3604668b52f0555b0c6809abbc0eaa7296176b77048ed039317	yeto-evidence-archive	/openspec/changes/rl-algo-grpo-knobs/evidence/2026-09-29-algo1b-g1j/attempt1/out/clip_sym.exec.log
openspec/changes/rl-algo-grpo-knobs/evidence/2026-09-29-algo1b-g1j/attempt1/out/clip_sym.log	443	23852c14157a0e587d4de9cd66159221d06e9bb0e36a9eca905125abd95d885b	yeto-evidence-archive	/openspec/changes/rl-algo-grpo-knobs/evidence/2026-09-29-algo1b-g1j/attempt1/out/clip_sym.log
openspec/changes/rl-algo-grpo-knobs/evidence/2026-09-29-algo1b-g1j/attempt1/out/clip_sym/algorithm_spec.json	814	4a1a13fc0b72f07fae03b089b0b168cdd7889105954b1816871cc4b48de590be	yeto-evidence-archive	/openspec/changes/rl-algo-grpo-knobs/evidence/2026-09-29-algo1b-g1j/attempt1/out/clip_sym/algorithm_spec.json
openspec/changes/rl-algo-grpo-knobs/evidence/2026-09-29-algo1b-g1j/attempt1/out/clip_sym/g1_meta.json	161	c6cb4a1c22c8d7ac99ffa6f069241e2d33f9221e7f6f071dc1b5bc6107806d6a	yeto-evidence-archive	/openspec/changes/rl-algo-grpo-knobs/evidence/2026-09-29-algo1b-g1j/attempt1/out/clip_sym/g1_meta.json
openspec/changes/rl-algo-grpo-knobs/evidence/2026-09-29-algo1b-g1j/attempt1/out/clip_sym/g1_result.json	70	68e691689ba18fe653b49761efeada8effc6d4e0998c968e353662e8f9f167c4	yeto-evidence-archive	/openspec/changes/rl-algo-grpo-knobs/evidence/2026-09-29-algo1b-g1j/attempt1/out/clip_sym/g1_result.json
openspec/changes/rl-algo-grpo-knobs/evidence/2026-09-29-algo1b-g1j/attempt1/out/clip_sym/miles.log	2631	240777b592d658edc42f754597aec447909f5780425da488ea3732267bb5c93d	yeto-evidence-archive	/openspec/changes/rl-algo-grpo-knobs/evidence/2026-09-29-algo1b-g1j/attempt1/out/clip_sym/miles.log
openspec/changes/rl-algo-grpo-knobs/evidence/2026-09-29-algo1b-g1j/attempt1/out/clip_sym/prompts.jsonl	14446	b086101979a3d2a8d8c3110e3f648dd88d5429faa6113b9ac3b5de1aa126b94b	yeto-evidence-archive	/openspec/changes/rl-algo-grpo-knobs/evidence/2026-09-29-algo1b-g1j/attempt1/out/clip_sym/prompts.jsonl
openspec/changes/rl-algo-grpo-knobs/evidence/2026-09-29-algo1b-g1j/attempt1/out/clip_sym/worker.json	2151	ca096805e4a1c39e766c7ce2661a3ffb4186bad6e145edc8ea20a35c7c0ae780	yeto-evidence-archive	/openspec/changes/rl-algo-grpo-knobs/evidence/2026-09-29-algo1b-g1j/attempt1/out/clip_sym/worker.json
openspec/changes/rl-algo-grpo-knobs/evidence/2026-09-29-algo1b-g1j/attempt1/out/t_end	21	02ffebc16af2ce01c6f93c9a2b876d926314a223ddd6c012edf8fa6d5f6940bd	yeto-evidence-archive	/openspec/changes/rl-algo-grpo-knobs/evidence/2026-09-29-algo1b-g1j/attempt1/out/t_end
openspec/changes/rl-algo-grpo-knobs/evidence/2026-09-29-algo1b-g1j/attempt1/out/t_start	21	6b6adb9e9eeac390148d8e4267fe97a407e0e8afb94660dcb9a10f53940a7e3c	yeto-evidence-archive	/openspec/changes/rl-algo-grpo-knobs/evidence/2026-09-29-algo1b-g1j/attempt1/out/t_start
openspec/changes/rl-algo-grpo-knobs/evidence/2026-09-29-algo1b-g1j/attempt1/out/watchdog_pid	8	56bca25d122c4afac25dd051f66a22616b5bb08b3e4b0fa602a3fffe66f8504a	yeto-evidence-archive	/openspec/changes/rl-algo-grpo-knobs/evidence/2026-09-29-algo1b-g1j/attempt1/out/watchdog_pid
openspec/changes/rl-algo-grpo-knobs/evidence/2026-09-29-algo1b-g1j/attempt1/out_run_all.txt	508	889c7614d60926409ddb7b025c28ee18e541afe4ef81723a0a769ebab6f11216	yeto-evidence-archive	/openspec/changes/rl-algo-grpo-knobs/evidence/2026-09-29-algo1b-g1j/attempt1/out_run_all.txt
openspec/changes/rl-algo-grpo-knobs/evidence/2026-09-29-algo1b-g1j/harness/setup.sh	1036	4fffcec0d14b1b872b444e7ef74390fae178c24a5f128994ac828dcfcbab25b5	yeto-evidence-archive	/openspec/changes/rl-algo-grpo-knobs/evidence/2026-09-29-algo1b-g1j/harness/setup.sh
openspec/changes/rl-algo-grpo-knobs/evidence/2026-09-29-algo1b-g1j/harness/worker.py	358	10f67b70ff342b1a310ed10b27450de3de56d8642d0e670a9a223c406661ffa3	yeto-evidence-archive	/openspec/changes/rl-algo-grpo-knobs/evidence/2026-09-29-algo1b-g1j/harness/worker.py
openspec/changes/rl-algo-grpo-knobs/evidence/2026-09-29-algo1b-g1j/out/clip_hi.exec.log	376	f4bb8ada23597d5b126069e41f9a2247aa8f14de7cc5035a8b74d976f0eacb86	yeto-evidence-archive	/openspec/changes/rl-algo-grpo-knobs/evidence/2026-09-29-algo1b-g1j/out/clip_hi.exec.log
openspec/changes/rl-algo-grpo-knobs/evidence/2026-09-29-algo1b-g1j/out/clip_hi.log	371	f7ba4c71ec9a68a354978d6d1946fb0d3081c9ae8b38d00703d9069dbf030467	yeto-evidence-archive	/openspec/changes/rl-algo-grpo-knobs/evidence/2026-09-29-algo1b-g1j/out/clip_hi.log
openspec/changes/rl-algo-grpo-knobs/evidence/2026-09-29-algo1b-g1j/out/clip_hi/algorithm_spec.json	814	8c9b009da719cd40f80212c5aef38e4d9110207a7132f4de37d85518d33a2627	yeto-evidence-archive	/openspec/changes/rl-algo-grpo-knobs/evidence/2026-09-29-algo1b-g1j/out/clip_hi/algorithm_spec.json
openspec/changes/rl-algo-grpo-knobs/evidence/2026-09-29-algo1b-g1j/out/clip_hi/g1_meta.json	187	d47d7327736c4d266a5198fa6c7b83d7de4c4057f943a6b6219ae9f012262669	yeto-evidence-archive	/openspec/changes/rl-algo-grpo-knobs/evidence/2026-09-29-algo1b-g1j/out/clip_hi/g1_meta.json
openspec/changes/rl-algo-grpo-knobs/evidence/2026-09-29-algo1b-g1j/out/clip_hi/g1_result.json	74	b82a01bde5a0cb4d55b89597a6e3cff02401a59edf9ab1c9df8c116f9d6ea657	yeto-evidence-archive	/openspec/changes/rl-algo-grpo-knobs/evidence/2026-09-29-algo1b-g1j/out/clip_hi/g1_result.json
openspec/changes/rl-algo-grpo-knobs/evidence/2026-09-29-algo1b-g1j/out/clip_hi/miles.log	343169	e5ab3e47a6dea4055ce4af117abf4a17e2da0bd4ff21b806867039ff02281868	yeto-evidence-archive	/openspec/changes/rl-algo-grpo-knobs/evidence/2026-09-29-algo1b-g1j/out/clip_hi/miles.log
openspec/changes/rl-algo-grpo-knobs/evidence/2026-09-29-algo1b-g1j/out/clip_hi/native-checkpoint/events/actor_cell00000_rank00000.jsonl	237974	4231201f0c2c309b8af27f71c8888a68426507ebcb072f19a48b0d8423142d48	yeto-evidence-archive	/openspec/changes/rl-algo-grpo-knobs/evidence/2026-09-29-algo1b-g1j/out/clip_hi/native-checkpoint/events/actor_cell00000_rank00000.jsonl
openspec/changes/rl-algo-grpo-knobs/evidence/2026-09-29-algo1b-g1j/out/clip_hi/native-checkpoint/events/inference_controller.jsonl	192868	7e34fe7410246da4afa3a647e003255718ba2a502e539e31131dabd1b72e7d23	yeto-evidence-archive	/openspec/changes/rl-algo-grpo-knobs/evidence/2026-09-29-algo1b-g1j/out/clip_hi/native-checkpoint/events/inference_controller.jsonl
openspec/changes/rl-algo-grpo-knobs/evidence/2026-09-29-algo1b-g1j/out/clip_hi/native-checkpoint/events/main.jsonl	303695	41e0e08ac39ceea547746128f635214e05d0bb8dd4b5a1d9c21900f8d3c27223	yeto-evidence-archive	/openspec/changes/rl-algo-grpo-knobs/evidence/2026-09-29-algo1b-g1j/out/clip_hi/native-checkpoint/events/main.jsonl
openspec/changes/rl-algo-grpo-knobs/evidence/2026-09-29-algo1b-g1j/out/clip_hi/native-checkpoint/events/rollout_executor.jsonl	160442	2d4fdd3c3531941d08d114fd02cacbbdefd5d7ccaaf25992fd834ec5ca4d8218	yeto-evidence-archive	/openspec/changes/rl-algo-grpo-knobs/evidence/2026-09-29-algo1b-g1j/out/clip_hi/native-checkpoint/events/rollout_executor.jsonl
openspec/changes/rl-algo-grpo-knobs/evidence/2026-09-29-algo1b-g1j/out/clip_hi/native-checkpoint/events/trainer_controller_actor.jsonl	157511	fcf4286933350afaa4ad88ca0590e1c58c16ac105221b22216ddc68e65ac354f	yeto-evidence-archive	/openspec/changes/rl-algo-grpo-knobs/evidence/2026-09-29-algo1b-g1j/out/clip_hi/native-checkpoint/events/trainer_controller_actor.jsonl
openspec/changes/rl-algo-grpo-knobs/evidence/2026-09-29-algo1b-g1j/out/clip_hi/native-checkpoint/events/worker_manager.jsonl	156736	58cb498797bec7467f0465ca5337c09b604b5802a9d99f5653e1b86ce3ac9402	yeto-evidence-archive	/openspec/changes/rl-algo-grpo-knobs/evidence/2026-09-29-algo1b-g1j/out/clip_hi/native-checkpoint/events/worker_manager.jsonl
openspec/changes/rl-algo-grpo-knobs/evidence/2026-09-29-algo1b-g1j/out/clip_hi/prompts.jsonl	21642	03b4e2ab45b48ab1000613b18309de1050ec64196d242f3ceff01a8d8d4b0d7e	yeto-evidence-archive	/openspec/changes/rl-algo-grpo-knobs/evidence/2026-09-29-algo1b-g1j/out/clip_hi/prompts.jsonl
openspec/changes/rl-algo-grpo-knobs/evidence/2026-09-29-algo1b-g1j/out/clip_hi/rollouts/island-0/dashboard_columns/rollout_0.parquet	51322	7424ec70cf0523c1313edd9063d7d2a3bff153fe2f0a718dba60f98dd6421210	yeto-evidence-archive	/openspec/changes/rl-algo-grpo-knobs/evidence/2026-09-29-algo1b-g1j/out/clip_hi/rollouts/island-0/dashboard_columns/rollout_0.parquet
openspec/changes/rl-algo-grpo-knobs/evidence/2026-09-29-algo1b-g1j/out/clip_hi/rollouts/island-0/dashboard_columns/rollout_1.parquet	69461	467e1e41f293ebcbf8c7cd2258a4cf2b5f808dea22702e5d385c5c645461bb0d	yeto-evidence-archive	/openspec/changes/rl-algo-grpo-knobs/evidence/2026-09-29-algo1b-g1j/out/clip_hi/rollouts/island-0/dashboard_columns/rollout_1.parquet
openspec/changes/rl-algo-grpo-knobs/evidence/2026-09-29-algo1b-g1j/out/clip_hi/rollouts/island-0/dashboard_columns/rollout_2.parquet	61246	3c1ef2e147e98b4f6e85f667edb786d4519f7409a21fe26236db60b2e3987803	yeto-evidence-archive	/openspec/changes/rl-algo-grpo-knobs/evidence/2026-09-29-algo1b-g1j/out/clip_hi/rollouts/island-0/dashboard_columns/rollout_2.parquet
openspec/changes/rl-algo-grpo-knobs/evidence/2026-09-29-algo1b-g1j/out/clip_hi/worker.json	2173	79225ffc636b1f62a3b47867078547af1077fc83a87a9fd13d21b8e66f704467	yeto-evidence-archive	/openspec/changes/rl-algo-grpo-knobs/evidence/2026-09-29-algo1b-g1j/out/clip_hi/worker.json
openspec/changes/rl-algo-grpo-knobs/evidence/2026-09-29-algo1b-g1j/out/clip_sym.exec.log	610	d18a0fd2927b215feae13464a6816c24289ac63d8c55866482347c2cb47e5372	yeto-evidence-archive	/openspec/changes/rl-algo-grpo-knobs/evidence/2026-09-29-algo1b-g1j/out/clip_sym.exec.log
openspec/changes/rl-algo-grpo-knobs/evidence/2026-09-29-algo1b-g1j/out/clip_sym.log	605	8b727fa4b908ee76e61b39bb76f89f09894a3c539c1f4e073e68f3eeaaee0b29	yeto-evidence-archive	/openspec/changes/rl-algo-grpo-knobs/evidence/2026-09-29-algo1b-g1j/out/clip_sym.log
openspec/changes/rl-algo-grpo-knobs/evidence/2026-09-29-algo1b-g1j/out/clip_sym/algorithm_spec.json	814	4a1a13fc0b72f07fae03b089b0b168cdd7889105954b1816871cc4b48de590be	yeto-evidence-archive	/openspec/changes/rl-algo-grpo-knobs/evidence/2026-09-29-algo1b-g1j/out/clip_sym/algorithm_spec.json
openspec/changes/rl-algo-grpo-knobs/evidence/2026-09-29-algo1b-g1j/out/clip_sym/g1_meta.json	161	c6cb4a1c22c8d7ac99ffa6f069241e2d33f9221e7f6f071dc1b5bc6107806d6a	yeto-evidence-archive	/openspec/changes/rl-algo-grpo-knobs/evidence/2026-09-29-algo1b-g1j/out/clip_sym/g1_meta.json
openspec/changes/rl-algo-grpo-knobs/evidence/2026-09-29-algo1b-g1j/out/clip_sym/g1_result.json	75	821c1fa3cd81b617e21b5320aa6ca58ecd9d4629301214924979ad5e2b9b8808	yeto-evidence-archive	/openspec/changes/rl-algo-grpo-knobs/evidence/2026-09-29-algo1b-g1j/out/clip_sym/g1_result.json
openspec/changes/rl-algo-grpo-knobs/evidence/2026-09-29-algo1b-g1j/out/clip_sym/miles.log	346891	2ac4dcf8aef15c1e715b3d3b886ec25e3d672504a0d1eb98dc71fb884a2c97ac	yeto-evidence-archive	/openspec/changes/rl-algo-grpo-knobs/evidence/2026-09-29-algo1b-g1j/out/clip_sym/miles.log
openspec/changes/rl-algo-grpo-knobs/evidence/2026-09-29-algo1b-g1j/out/clip_sym/native-checkpoint/events/actor_cell00000_rank00000.jsonl	238025	09d47db08e6556ee6bf41625438213208dd0bd94899348197dc451603bda0f27	yeto-evidence-archive	/openspec/changes/rl-algo-grpo-knobs/evidence/2026-09-29-algo1b-g1j/out/clip_sym/native-checkpoint/events/actor_cell00000_rank00000.jsonl
openspec/changes/rl-algo-grpo-knobs/evidence/2026-09-29-algo1b-g1j/out/clip_sym/native-checkpoint/events/inference_controller.jsonl	192841	cc7271769a3339e70218be104d0c22086762057834e29422813e06e9d939da0c	yeto-evidence-archive	/openspec/changes/rl-algo-grpo-knobs/evidence/2026-09-29-algo1b-g1j/out/clip_sym/native-checkpoint/events/inference_controller.jsonl
openspec/changes/rl-algo-grpo-knobs/evidence/2026-09-29-algo1b-g1j/out/clip_sym/native-checkpoint/events/main.jsonl	303653	fb29dd7ca3feb964b613390ef76d039b8167037017dc9f4330687bc2bdf44295	yeto-evidence-archive	/openspec/changes/rl-algo-grpo-knobs/evidence/2026-09-29-algo1b-g1j/out/clip_sym/native-checkpoint/events/main.jsonl
openspec/changes/rl-algo-grpo-knobs/evidence/2026-09-29-algo1b-g1j/out/clip_sym/native-checkpoint/events/rollout_executor.jsonl	160390	3ede744c17b108ec50e381fc9d3e85ddf0563755224cd38964e797125e718ccf	yeto-evidence-archive	/openspec/changes/rl-algo-grpo-knobs/evidence/2026-09-29-algo1b-g1j/out/clip_sym/native-checkpoint/events/rollout_executor.jsonl
openspec/changes/rl-algo-grpo-knobs/evidence/2026-09-29-algo1b-g1j/out/clip_sym/native-checkpoint/events/trainer_controller_actor.jsonl	157473	1ed5ed750e056845e48bc67747b6356a4e8db0e2148bfbcc7816c9bcbe92995d	yeto-evidence-archive	/openspec/changes/rl-algo-grpo-knobs/evidence/2026-09-29-algo1b-g1j/out/clip_sym/native-checkpoint/events/trainer_controller_actor.jsonl
openspec/changes/rl-algo-grpo-knobs/evidence/2026-09-29-algo1b-g1j/out/clip_sym/native-checkpoint/events/worker_manager.jsonl	244776	e056de79c5500d59024654c7546439402c44f7b01c9fa0808a1e4987fb68a462	yeto-evidence-archive	/openspec/changes/rl-algo-grpo-knobs/evidence/2026-09-29-algo1b-g1j/out/clip_sym/native-checkpoint/events/worker_manager.jsonl
openspec/changes/rl-algo-grpo-knobs/evidence/2026-09-29-algo1b-g1j/out/clip_sym/prompts.jsonl	21642	03b4e2ab45b48ab1000613b18309de1050ec64196d242f3ceff01a8d8d4b0d7e	yeto-evidence-archive	/openspec/changes/rl-algo-grpo-knobs/evidence/2026-09-29-algo1b-g1j/out/clip_sym/prompts.jsonl
openspec/changes/rl-algo-grpo-knobs/evidence/2026-09-29-algo1b-g1j/out/clip_sym/rollouts/island-0/dashboard_columns/rollout_0.parquet	51322	7424ec70cf0523c1313edd9063d7d2a3bff153fe2f0a718dba60f98dd6421210	yeto-evidence-archive	/openspec/changes/rl-algo-grpo-knobs/evidence/2026-09-29-algo1b-g1j/out/clip_sym/rollouts/island-0/dashboard_columns/rollout_0.parquet
openspec/changes/rl-algo-grpo-knobs/evidence/2026-09-29-algo1b-g1j/out/clip_sym/rollouts/island-0/dashboard_columns/rollout_1.parquet	66173	915219510bef156fdb82816bce9245c384a8e0d964fc46be75317be39f6d165f	yeto-evidence-archive	/openspec/changes/rl-algo-grpo-knobs/evidence/2026-09-29-algo1b-g1j/out/clip_sym/rollouts/island-0/dashboard_columns/rollout_1.parquet
openspec/changes/rl-algo-grpo-knobs/evidence/2026-09-29-algo1b-g1j/out/clip_sym/rollouts/island-0/dashboard_columns/rollout_2.parquet	61267	6c54ce1f244b92e81f3a3264dbee0fd2f35f4452905a70e408f8fb19de879f90	yeto-evidence-archive	/openspec/changes/rl-algo-grpo-knobs/evidence/2026-09-29-algo1b-g1j/out/clip_sym/rollouts/island-0/dashboard_columns/rollout_2.parquet
openspec/changes/rl-algo-grpo-knobs/evidence/2026-09-29-algo1b-g1j/out/clip_sym/worker.json	2151	c3b308dea6f59460eedafe50cd63cf640d69f4d6d431f24db69bdf17453eae85	yeto-evidence-archive	/openspec/changes/rl-algo-grpo-knobs/evidence/2026-09-29-algo1b-g1j/out/clip_sym/worker.json
openspec/changes/rl-algo-grpo-knobs/evidence/2026-09-29-algo1b-g1j/out/t_end	21	a2759d9d7f23ce0dcec411004cb170697bae65e0ebb07afc5730e808d639a3ef	yeto-evidence-archive	/openspec/changes/rl-algo-grpo-knobs/evidence/2026-09-29-algo1b-g1j/out/t_end
openspec/changes/rl-algo-grpo-knobs/evidence/2026-09-29-algo1b-g1j/out/t_start	21	34b21cd7a612eab3bdf2b5c2c211ff3eea8b24d7eb468d3f131de53ee6a154aa	yeto-evidence-archive	/openspec/changes/rl-algo-grpo-knobs/evidence/2026-09-29-algo1b-g1j/out/t_start
openspec/changes/rl-algo-grpo-knobs/evidence/2026-09-29-algo1b-g1j/out/watchdog.log	11	17d3ca169f585c1e11d475d2927469da5a84f87231ac17f5c4b92fb7cdb56221	yeto-evidence-archive	/openspec/changes/rl-algo-grpo-knobs/evidence/2026-09-29-algo1b-g1j/out/watchdog.log
openspec/changes/rl-algo-grpo-knobs/evidence/2026-09-29-algo1b-g1j/out/watchdog_pid	8	fd22c2b7d1a54ad74e2f1e8f9ece8f4184e40f1ac7d85636ade6119380949811	yeto-evidence-archive	/openspec/changes/rl-algo-grpo-knobs/evidence/2026-09-29-algo1b-g1j/out/watchdog_pid
openspec/changes/rl-algo-grpo-knobs/evidence/2026-09-29-algo1b-g1j/out_run_all.txt	607	362e90f368ac8f4c6f6be759687023b666e4bf7e1263140fa930614c547846b3	yeto-evidence-archive	/openspec/changes/rl-algo-grpo-knobs/evidence/2026-09-29-algo1b-g1j/out_run_all.txt
openspec/changes/rl-algo-grpo-knobs/evidence/2026-09-29-algo1b-g1j/run_all.sh	1782	293a79a33c7a34cc46c5eb129fa5a2fc534ca8523baee615e7b066ebe37a5936	yeto-evidence-archive	/openspec/changes/rl-algo-grpo-knobs/evidence/2026-09-29-algo1b-g1j/run_all.sh
openspec/changes/rl-algo-grpo-knobs/evidence/2026-09-29-algo1b-g1j/sbx.py	2203	8e19e2bb427d18068b9a26f145f5db81735cce3870ca66487536a14fe06a3d0e	yeto-evidence-archive	/openspec/changes/rl-algo-grpo-knobs/evidence/2026-09-29-algo1b-g1j/sbx.py
openspec/changes/rl-algo-grpo-knobs/evidence/2026-10-08-s17-g1-knobs/args.txt	1043	9213ada3bc62eea31c1d7dc02fdb1c9199a54c239f11316857e8b1eb317ae5a6	yeto-evidence-archive	/openspec/changes/rl-algo-grpo-knobs/evidence/2026-10-08-s17-g1-knobs/args.txt
openspec/changes/rl-algo-grpo-knobs/evidence/2026-10-08-s17-g1-knobs/end_utc.txt	21	7a64a925da31cdfecd513a643a1cf23244e5d65eb3e6dead20e8e44921ff1d05	yeto-evidence-archive	/openspec/changes/rl-algo-grpo-knobs/evidence/2026-10-08-s17-g1-knobs/end_utc.txt
openspec/changes/rl-algo-grpo-knobs/evidence/2026-10-08-s17-g1-knobs/final-applist.json	215	56c1aebe9de7d2d1204c1dd026a69465790a0504cf5c9787b4a4293b3de04028	yeto-evidence-archive	/openspec/changes/rl-algo-grpo-knobs/evidence/2026-10-08-s17-g1-knobs/final-applist.json
openspec/changes/rl-algo-grpo-knobs/evidence/2026-10-08-s17-g1-knobs/final-down.out	911	1bb061f0c3aa62e8964a33c5b802bc87011545d02929cff821daa56e42a03e74	yeto-evidence-archive	/openspec/changes/rl-algo-grpo-knobs/evidence/2026-10-08-s17-g1-knobs/final-down.out
openspec/changes/rl-algo-grpo-knobs/evidence/2026-10-08-s17-g1-knobs/final-skystatus.txt	132	6a445d8ce0170881d5c385c681d26fffb85d3a116ca0ed2611a273a26564d355	yeto-evidence-archive	/openspec/changes/rl-algo-grpo-knobs/evidence/2026-10-08-s17-g1-knobs/final-skystatus.txt
openspec/changes/rl-algo-grpo-knobs/evidence/2026-10-08-s17-g1-knobs/launch.log.gz	144671	739c0c0b7988d5ffeb2533627a8b2780f7955254801f958fe3cd748e8d302fc2	yeto-evidence-archive	/openspec/changes/rl-algo-grpo-knobs/evidence/2026-10-08-s17-g1-knobs/launch.log.gz
openspec/changes/rl-algo-grpo-knobs/evidence/2026-10-08-s17-g1-knobs/metrics-g1.json	1107	b2abdb8e08c684cacd93a54923fa8867289a29e08cdea7cc2c38f7eefdaaa5cc	yeto-evidence-archive	/openspec/changes/rl-algo-grpo-knobs/evidence/2026-10-08-s17-g1-knobs/metrics-g1.json
openspec/changes/rl-algo-grpo-knobs/evidence/2026-10-08-s17-g1-knobs/rc.txt	5	93ff7811a209e2a8479230bbb9b6bc19f7f311d3af383ec350c1db2a7e7d5494	yeto-evidence-archive	/openspec/changes/rl-algo-grpo-knobs/evidence/2026-10-08-s17-g1-knobs/rc.txt
openspec/changes/rl-algo-grpo-knobs/evidence/2026-10-08-s17-g1-knobs/s17-g1-island.sh	17750	018e8d8d3deeae49e098adb0c224631e269b96b13a8e578516fe8a8e4438f1d6	yeto-evidence-archive	/openspec/changes/rl-algo-grpo-knobs/evidence/2026-10-08-s17-g1-knobs/s17-g1-island.sh
openspec/changes/rl-algo-grpo-knobs/evidence/2026-10-08-s17-g1-knobs/s17-g1-knobs-judge.py	2927	3ecd55ce00d1167401e9bac5549bdf69db8405a1305863591927f3679c4c517d	yeto-evidence-archive	/openspec/changes/rl-algo-grpo-knobs/evidence/2026-10-08-s17-g1-knobs/s17-g1-knobs-judge.py
openspec/changes/rl-algo-grpo-knobs/evidence/2026-10-08-s17-g1-knobs/spec.json	1397	aeda00efabe3722c82a6880c6fccc84880045f84becad00d54f2dfbc75a05c61	yeto-evidence-archive	/openspec/changes/rl-algo-grpo-knobs/evidence/2026-10-08-s17-g1-knobs/spec.json
openspec/changes/rl-algo-grpo-knobs/evidence/2026-10-08-s17-g1-knobs/start_utc.txt	21	eac37df576c69c6f55cbb1c9cc6f83386a9ac3d248396fe7b9331c35ea06b691	yeto-evidence-archive	/openspec/changes/rl-algo-grpo-knobs/evidence/2026-10-08-s17-g1-knobs/start_utc.txt
openspec/changes/rl-algo-grpo-knobs/evidence/2026-10-08-s17-g1-knobs/syncer-tape.jsonl	3085	26c98b98e932f593bbce96ef2109f9e77d99154d84dd148ea1700d01857f0fc0	yeto-evidence-archive	/openspec/changes/rl-algo-grpo-knobs/evidence/2026-10-08-s17-g1-knobs/syncer-tape.jsonl
openspec/changes/rl-algo-grpo-knobs/evidence/2026-10-08-s17-g1-knobs/yeto_sha.txt	41	939c142bfd72a38a66f79d0e5ff51de75f9d2c2ecb65b4c5366f290c252561a4	yeto-evidence-archive	/openspec/changes/rl-algo-grpo-knobs/evidence/2026-10-08-s17-g1-knobs/yeto_sha.txt
