[local-head] syncer port 29410
[launcher] syncer subprocess started (pid 2676269)
[launcher] syncer runs on this head node at 185.189.44.160:29410
[launcher] deploying Modal app yeto-algo1a-g3 (2 island(s))
[syncer] 2026-09-29T18:00:00.818182Z  INFO yeto_syncer::server: syncer listening port=29410 semantic_profile_sha256="1e3a092fbeb8c06c79dcc3d771088ab76debcdc692d0507904484411c0864cd6" require_profile_binding=false
[syncer] 2026-09-29T18:00:00.818237Z  INFO yeto_syncer::server: waiting for learners and INIT_PARAMS expected=2
✓ Created objects.
├── ✓ Uploaded /tmp/algo1a/tree-g3
├── ✓ Uploaded PythonPackage:yeto
├── ✓ Created Function island-1.
└── ✓ Created Function island-0.
✓ App deployed in 4.653s! 🎉

View Deployment: https://modal.com/apps/yetalabs/main/deployed/yeto-algo1a-g3
[launcher] launching learner 0 on Modal as algo1a-g3-l0-modal
[launcher] launching learner 1 on Modal as algo1a-g3-l1-modal
[algo1a-g3-l0-modal] [modal-island 0] rank 0/1 starting
[algo1a-g3-l0-modal] 
[algo1a-g3-l0-modal] [modal-island 0] requested H100!:1, got ['NVIDIA H100 80GB HBM3']
[algo1a-g3-l0-modal] 
[algo1a-g3-l1-modal] [modal-island 1] rank 0/1 starting
[algo1a-g3-l1-modal] [modal-island 1] requested H100!:1, got ['NVIDIA H100 80GB HBM3']
[algo1a-g3-l1-modal] 
[algo1a-g3-l0-modal] /opt/sglang/lib/python3.12/site-packages/huggingface_hub/constants.py:301: FutureWarning: The `HF_HUB_ENABLE_HF_TRANSFER` environment variable is deprecated as 'hf_transfer' is not used anymore. Please use `HF_XET_HIGH_PERFORMANCE` instead to enable high performance transfer with Xet. Visit https://huggingface.co/docs/huggingface_hub/package_reference/environment_variables#hfxethighperformance for more details.
  warnings.warn(
[algo1a-g3-l0-modal] [yeto-setup] image provides sglang 9f29303bef1eea38eb613e5f454a52db1326422d
[algo1a-g3-l0-modal] 2026-09-29 18:00:50,050	INFO usage_lib.py:474 -- Usage stats collection is enabled by default without user confirmation because this terminal is detected to be non-interactive. To disable this, add `--disable-usage-stats` to the command that starts the cluster, or run the following command: `ray disable-usage-stats` before starting the cluster. See https://docs.ray.io/en/master/cluster/usage-stats.html for more details.
[algo1a-g3-l0-modal] 2026-09-29 18:00:50,051	INFO scripts.py:1042 -- [37mLocal node IP[39m: [1m172.20.8.163[22m
[algo1a-g3-l1-modal] /opt/sglang/lib/python3.12/site-packages/huggingface_hub/constants.py:301: FutureWarning: The `HF_HUB_ENABLE_HF_TRANSFER` environment variable is deprecated as 'hf_transfer' is not used anymore. Please use `HF_XET_HIGH_PERFORMANCE` instead to enable high performance transfer with Xet. Visit https://huggingface.co/docs/huggingface_hub/package_reference/environment_variables#hfxethighperformance for more details.
  warnings.warn(
[algo1a-g3-l0-modal] 2026-09-29 18:00:57,818	SUCC scripts.py:1081 -- [32m--------------------[39m
[algo1a-g3-l0-modal] 2026-09-29 18:00:57,818	SUCC scripts.py:1082 -- [32mRay runtime started.[39m
[algo1a-g3-l0-modal] 2026-09-29 18:00:57,819	SUCC scripts.py:1083 -- [32m--------------------[39m
[algo1a-g3-l0-modal] 2026-09-29 18:00:57,819	INFO scripts.py:1085 -- [36mNext steps[39m
[algo1a-g3-l0-modal] 2026-09-29 18:00:57,819	INFO cli_output_helpers.py:16 -- [2mNote: The following commands are intended for use on[22m
[algo1a-g3-l0-modal] 2026-09-29 18:00:57,819	INFO cli_output_helpers.py:17 -- [2mthe head node or within the cluster network.[22m
[algo1a-g3-l0-modal] 2026-09-29 18:00:57,819	INFO scripts.py:1089 -- To add another node to this Ray cluster, run
[algo1a-g3-l0-modal] 2026-09-29 18:00:57,819	INFO scripts.py:1092 -- [1m  ray start --address='172.20.8.163:6379'[22m
[algo1a-g3-l0-modal] 2026-09-29 18:00:57,819	INFO scripts.py:1103 -- To connect to this Ray cluster:
[algo1a-g3-l0-modal] 2026-09-29 18:00:57,819	INFO scripts.py:1105 -- [35mimport[39m[26m ray
[algo1a-g3-l0-modal] 2026-09-29 18:00:57,819	INFO scripts.py:1106 -- ray[35m.[39m[26minit(_node_ip_address[35m=[39m[26m[33m'172.20.8.163'[39m[26m)
[algo1a-g3-l0-modal] 2026-09-29 18:00:57,819	INFO scripts.py:1120 -- To submit a Ray job using the Ray Jobs CLI:
[algo1a-g3-l0-modal] 2026-09-29 18:00:57,819	INFO scripts.py:1121 -- [1m  RAY_API_SERVER_ADDRESS='http://127.0.0.1:8265' ray job submit --working-dir . -- python my_script.py[22m
[algo1a-g3-l0-modal] 2026-09-29 18:00:57,819	INFO scripts.py:1130 -- See https://docs.ray.io/en/latest/cluster/running-applications/job-submission/index.html
[algo1a-g3-l0-modal] 2026-09-29 18:00:57,819	INFO scripts.py:1134 -- for more information on submitting Ray jobs to the Ray cluster.
[algo1a-g3-l0-modal] 2026-09-29 18:00:57,819	INFO scripts.py:1139 -- To terminate the Ray runtime, run
[algo1a-g3-l0-modal] 2026-09-29 18:00:57,819	INFO scripts.py:1140 -- [1m  ray stop[22m
[algo1a-g3-l0-modal] 2026-09-29 18:00:57,819	INFO scripts.py:1143 -- To view the status of the cluster, use
[algo1a-g3-l0-modal] 2026-09-29 18:00:57,820	INFO scripts.py:1144 --   [1mray status[22m[26m
[algo1a-g3-l0-modal] 2026-09-29 18:00:57,820	INFO scripts.py:1148 -- To monitor and debug Ray, view the dashboard at
[algo1a-g3-l0-modal] 2026-09-29 18:00:57,820	INFO scripts.py:1149 --   [1m127.0.0.1:8265[22m[26m
[algo1a-g3-l0-modal] 2026-09-29 18:00:57,820	INFO scripts.py:1156 -- [4mIf connection to the dashboard fails, check your firewall settings and network configuration.[24m
[algo1a-g3-l1-modal] [yeto-setup] image provides sglang 9f29303bef1eea38eb613e5f454a52db1326422d
[algo1a-g3-l1-modal] 2026-09-29 18:01:06,639	INFO usage_lib.py:474 -- Usage stats collection is enabled by default without user confirmation because this terminal is detected to be non-interactive. To disable this, add `--disable-usage-stats` to the command that starts the cluster, or run the following command: `ray disable-usage-stats` before starting the cluster. See https://docs.ray.io/en/master/cluster/usage-stats.html for more details.
[algo1a-g3-l1-modal] 2026-09-29 18:01:06,640	INFO scripts.py:1042 -- [37mLocal node IP[39m: [1m172.20.9.67[22m
[algo1a-g3-l1-modal] 
[algo1a-g3-l0-modal] /opt/sglang/lib/python3.12/site-packages/huggingface_hub/constants.py:301: FutureWarning: The `HF_HUB_ENABLE_HF_TRANSFER` environment variable is deprecated as 'hf_transfer' is not used anymore. Please use `HF_XET_HIGH_PERFORMANCE` instead to enable high performance transfer with Xet. Visit https://huggingface.co/docs/huggingface_hub/package_reference/environment_variables#hfxethighperformance for more details.
  warnings.warn(
[algo1a-g3-l0-modal] /opt/sglang/lib/python3.12/site-packages/transformer_engine/__init__.py:103: RuntimeWarning: Detected a Jax installation but could not find the shared object file for the Transformer Engine Jax extension library. If this is not intentional, please reinstall Transformer Engine with `pip install transformer_engine[jax]` or build from source with `NVTE_FRAMEWORK=jax`.
  warnings.warn(
[algo1a-g3-l1-modal] 2026-09-29 18:01:16,246	SUCC scripts.py:1081 -- [32m--------------------[39m
[algo1a-g3-l1-modal] 
[algo1a-g3-l1-modal] 2026-09-29 18:01:16,246	SUCC scripts.py:1082 -- [32mRay runtime started.[39m
[algo1a-g3-l1-modal] 2026-09-29 18:01:16,247	SUCC scripts.py:1083 -- [32m--------------------[39m
[algo1a-g3-l1-modal] 2026-09-29 18:01:16,247	INFO scripts.py:1085 -- [36mNext steps[39m
[algo1a-g3-l1-modal] 2026-09-29 18:01:16,247	INFO cli_output_helpers.py:16 -- [2mNote: The following commands are intended for use on[22m
[algo1a-g3-l1-modal] 2026-09-29 18:01:16,247	INFO cli_output_helpers.py:17 -- [2mthe head node or within the cluster network.[22m
[algo1a-g3-l1-modal] 2026-09-29 18:01:16,247	INFO scripts.py:1089 -- To add another node to this Ray cluster, run
[algo1a-g3-l1-modal] 2026-09-29 18:01:16,247	INFO scripts.py:1092 -- [1m  ray start --address='172.20.9.67:6379'[22m
[algo1a-g3-l1-modal] 2026-09-29 18:01:16,247	INFO scripts.py:1103 -- To connect to this Ray cluster:
[algo1a-g3-l1-modal] 2026-09-29 18:01:16,247	INFO scripts.py:1105 -- [35mimport[39m[26m ray
[algo1a-g3-l1-modal] 2026-09-29 18:01:16,247	INFO scripts.py:1106 -- ray[35m.[39m[26minit(_node_ip_address[35m=[39m[26m[33m'172.20.9.67'[39m[26m)
[algo1a-g3-l1-modal] 2026-09-29 18:01:16,247	INFO scripts.py:1120 -- To submit a Ray job using the Ray Jobs CLI:
[algo1a-g3-l1-modal] 2026-09-29 18:01:16,247	INFO scripts.py:1121 -- [1m  RAY_API_SERVER_ADDRESS='http://127.0.0.1:8265' ray job submit --working-dir . -- python my_script.py[22m
[algo1a-g3-l1-modal] 
[algo1a-g3-l1-modal] 2026-09-29 18:01:16,247	INFO scripts.py:1130 -- See https://docs.ray.io/en/latest/cluster/running-applications/job-submission/index.html
[algo1a-g3-l1-modal] 2026-09-29 18:01:16,247	INFO scripts.py:1134 -- for more information on submitting Ray jobs to the Ray cluster.
[algo1a-g3-l1-modal] 2026-09-29 18:01:16,247	INFO scripts.py:1139 -- To terminate the Ray runtime, run
[algo1a-g3-l1-modal] 
[algo1a-g3-l1-modal] 2026-09-29 18:01:16,247	INFO scripts.py:1140 -- [1m  ray stop[22m
[algo1a-g3-l1-modal] 2026-09-29 18:01:16,247	INFO scripts.py:1143 -- To view the status of the cluster, use
[algo1a-g3-l1-modal] 
[algo1a-g3-l1-modal] 2026-09-29 18:01:16,247	INFO scripts.py:1144 --   [1mray status[22m[26m
[algo1a-g3-l1-modal] 2026-09-29 18:01:16,247	INFO scripts.py:1148 -- To monitor and debug Ray, view the dashboard at
[algo1a-g3-l1-modal] 2026-09-29 18:01:16,247	INFO scripts.py:1149 --   [1m127.0.0.1:8265[22m[26m
[algo1a-g3-l1-modal] 
[algo1a-g3-l1-modal] 2026-09-29 18:01:16,247	INFO scripts.py:1156 -- [4mIf connection to the dashboard fails, check your firewall settings and network configuration.[24m
[algo1a-g3-l1-modal] /opt/sglang/lib/python3.12/site-packages/huggingface_hub/constants.py:301: FutureWarning: The `HF_HUB_ENABLE_HF_TRANSFER` environment variable is deprecated as 'hf_transfer' is not used anymore. Please use `HF_XET_HIGH_PERFORMANCE` instead to enable high performance transfer with Xet. Visit https://huggingface.co/docs/huggingface_hub/package_reference/environment_variables#hfxethighperformance for more details.
  warnings.warn(
[algo1a-g3-l0-modal] Flax classes are deprecated and will be removed in Diffusers v1.0.0. We recommend migrating to PyTorch classes or pinning your version of Diffusers.
[algo1a-g3-l1-modal] /opt/sglang/lib/python3.12/site-packages/transformer_engine/__init__.py:103: RuntimeWarning: Detected a Jax installation but could not find the shared object file for the Transformer Engine Jax extension library. If this is not intentional, please reinstall Transformer Engine with `pip install transformer_engine[jax]` or build from source with `NVTE_FRAMEWORK=jax`.
  warnings.warn(
[algo1a-g3-l0-modal] Flax classes are deprecated and will be removed in Diffusers v1.0.0. We recommend migrating to PyTorch classes or pinning your version of Diffusers.
[algo1a-g3-l0-modal] WARNING:megatron.bridge.models.muse_glimmer:Muse Glimmer Hugging Face classes are unavailable with transformers 5.12.1. Upgrade transformers to a version that supports Muse Glimmer.
[algo1a-g3-l0-modal] WARNING:miles_plugins.models.qwen3_vl:megatron-bridge Qwen3VLModel lacks native CP-local vision-embed selection; CP runs with vision tokens will mis-place vision embeddings. Apply the matching Megatron-Bridge patch (radixark/Megatron-Bridge PR #9).
[algo1a-g3-l0-modal] Fetching 10 files:   0%|          | 0/10 [00:00<?, ?it/s]
[algo1a-g3-l0-modal] Warning: You are sending unauthenticated requests to the HF Hub. Please set a HF_TOKEN to enable higher rate limits and faster downloads.
[algo1a-g3-l0-modal] WARNING:huggingface_hub.utils._http:Warning: You are sending unauthenticated requests to the HF Hub. Please set a HF_TOKEN to enable higher rate limits and faster downloads.
[algo1a-g3-l0-modal] Fetching 10 files:  10%|█         | 1/10 [00:00<00:02,  3.61it/s]
[algo1a-g3-l0-modal] Fetching 10 files:  70%|███████   | 7/10 [00:00<00:00, 15.08it/s]
[algo1a-g3-l0-modal] Fetching 10 files:  90%|█████████ | 9/10 [00:02<00:00,  2.71it/s]
[algo1a-g3-l0-modal] Fetching 10 files: 100%|██████████| 10/10 [00:10<00:00,  1.61s/it]
[algo1a-g3-l0-modal] Fetching 10 files: 100%|██████████| 10/10 [00:10<00:00,  1.01s/it]
[algo1a-g3-l0-modal] 
[algo1a-g3-l0-modal] Generating train split: 0 examples [00:00, ? examples/s]
[algo1a-g3-l0-modal] Generating train split: 7473 examples [00:00, 394726.33 examples/s]
[algo1a-g3-l0-modal] 
[algo1a-g3-l0-modal] Generating test split: 0 examples [00:00, ? examples/s]
[algo1a-g3-l0-modal] Generating test split: 1319 examples [00:00, 206505.67 examples/s]
[algo1a-g3-l0-modal] 
[algo1a-g3-l1-modal] Flax classes are deprecated and will be removed in Diffusers v1.0.0. We recommend migrating to PyTorch classes or pinning your version of Diffusers.
[algo1a-g3-l1-modal] Flax classes are deprecated and will be removed in Diffusers v1.0.0. We recommend migrating to PyTorch classes or pinning your version of Diffusers.
[algo1a-g3-l0-modal] WARNING:megatron.bridge.models.conversion.auto_bridge:Loading a model with trust_remote_code=True allows arbitrary code execution from the model repository. Only use this with models you trust.
[algo1a-g3-l0-modal] /opt/sglang/lib/python3.12/site-packages/megatron/bridge/models/qwen/qwen3_bridge.py:45: FutureWarning: Qwen3Bridge.provider_bridge() and AutoBridge.to_megatron_provider() are deprecated for builder-backed models. Use AutoBridge.get_model_config() for training recipes or AutoBridge.get_model() to construct a model. Legacy provider support will be removed in a future release.
  provider = super().provider_bridge(hf_pretrained)
[algo1a-g3-l0-modal] [transformers] `torch_dtype` is deprecated! Use `dtype` instead!
[algo1a-g3-l0-modal] /root/Megatron-LM/megatron/core/transformer/transformer_config.py:3249: UserWarning: full scope is deprecated. Use empty cuda_graph_modules to capture the whole layer.
  warnings.warn(
[algo1a-g3-l0-modal] WARNING: Inferring the appropriate argparse argument type from <class 'megatron.core.transformer.transformer_config.TransformerConfig'> failed for pad_packed_seq_alignment: typing.Union[int, typing.Literal['max'], NoneType].
Deferring to attribute metadata. If the metadata is incomplete, 'parser.add_argument()' may fail.
Original failure: Unions not supported by argparse: typing.Union[int, typing.Literal['max'], NoneType]
[algo1a-g3-l0-modal] 
[algo1a-g3-l0-modal] [2026-09-29 18:02:04.230 main] arguments.py:49 - --tokenizer-model not set, use --hf-checkpoint as tokenizer model.
[algo1a-g3-l0-modal] [2026-09-29 18:02:04.257 main] arguments.py:152 - MoE-expert LoRA layout: per-expert (--experts-shared-outer-loras).
[algo1a-g3-l0-modal] [2026-09-29 18:02:04.258 main] arguments.py:3616 - Colocate mode: defaulting --sglang-cuda-graph-backend-prefill=disabled to avoid NVLS OOM. Set --sglang-cuda-graph-backend-prefill explicitly to override.
[algo1a-g3-l0-modal] [2026-09-29 18:02:04.258 main] arguments.py:3626 - rollout_num_gpus None != actor_num_gpus_per_node 1 * actor_num_nodes 1, overriding rollout_num_gpus to match actor_num_gpus_per_node * actor_num_nodes.
[algo1a-g3-l0-modal] [2026-09-29 18:02:04.259 main] arguments.py:3858 - args.eval_max_context_len is not set. Use args.rollout_max_context_len 1024 as default value.
[algo1a-g3-l0-modal] [2026-09-29 18:02:04.259 main] arguments.py:3866 - args.rollout_max_prompt_len is not set. Use args.rollout_max_context_len - 1 (1024 - 1) as default value so that there is at least one generated token to compute loss.
[algo1a-g3-l0-modal] /root/Megatron-LM/megatron/core/_rank_utils.py:39: UserWarning: Could not determine rank from torch.distributed, RANK, or SLURM_PROCID. Defaulting to rank 0.
  warnings.warn(
[algo1a-g3-l0-modal] using world size: 1, data-parallel size: 1, context-parallel size: 1, hierarchical context-parallel sizes: None, tensor-model-parallel size: 1, pipeline-model-parallel size: 1
[algo1a-g3-l0-modal] 
[algo1a-g3-l0-modal] Number of virtual stages per pipeline stage: None
[algo1a-g3-l0-modal] 
[algo1a-g3-l0-modal] using torch.bfloat16 for parameters ...
[algo1a-g3-l0-modal] 
[algo1a-g3-l0-modal] ------------------------ arguments ------------------------
[algo1a-g3-l0-modal] 
[algo1a-g3-l0-modal]   _is_global_batch_size_explicitly_specified ...... True
[algo1a-g3-l0-modal] 
[algo1a-g3-l0-modal]   account_for_embedding_in_pipeline_split ......... False
[algo1a-g3-l0-modal] 
[algo1a-g3-l0-modal]   account_for_loss_in_pipeline_split .............. False
[algo1a-g3-l0-modal] 
[algo1a-g3-l0-modal]   accumulate_allreduce_grads_in_fp32 .............. True
[algo1a-g3-l0-modal] 
[algo1a-g3-l0-modal]   activation_func_clamp_shared_expert ............. True
[algo1a-g3-l0-modal] 
[algo1a-g3-l0-modal]   activation_func_clamp_value ..................... None
[algo1a-g3-l0-modal] 
[algo1a-g3-l0-modal]   activation_offload_fraction ..................... 1.0
[algo1a-g3-l0-modal] 
[algo1a-g3-l0-modal]   actor_num_gpus_per_node ......................... 1
[algo1a-g3-l0-modal] 
  actor_num_nodes ................................. 1
  adam_beta1 ...................................... 0.9
  adam_beta2 ...................................... 0.999
[algo1a-g3-l0-modal]   adam_eps ........................................ 1e-08
[algo1a-g3-l0-modal] 
[algo1a-g3-l0-modal]   add_bias_linear ................................. False
[algo1a-g3-l0-modal] 
[algo1a-g3-l0-modal]   add_position_embedding .......................... True
[algo1a-g3-l0-modal] 
[algo1a-g3-l0-modal]   add_qkv_bias .................................... False
[algo1a-g3-l0-modal] 
[algo1a-g3-l0-modal]   adlr_autoresume ................................. False
[algo1a-g3-l0-modal] 
[algo1a-g3-l0-modal]   adlr_autoresume_interval ........................ 1000
[algo1a-g3-l0-modal] 
[algo1a-g3-l0-modal]   advantage_estimator ............................. grpo
[algo1a-g3-l0-modal] 
[algo1a-g3-l0-modal]   align_grad_reduce ............................... True
[algo1a-g3-l0-modal] 
[algo1a-g3-l0-modal]   align_param_gather .............................. False
[algo1a-g3-l0-modal] 
[algo1a-g3-l0-modal]   allgather_cp .................................... False
[algo1a-g3-l0-modal] 
[algo1a-g3-l0-modal]   allow_ambiguous_pad_tokens ...................... False
[algo1a-g3-l0-modal] 
[algo1a-g3-l0-modal]   allow_partial_train_step ........................ False
[algo1a-g3-l0-modal] 
[algo1a-g3-l0-modal]   api_server_host ................................. 127.0.0.1
[algo1a-g3-l0-modal] 
[algo1a-g3-l0-modal]   api_server_port ................................. 0
[algo1a-g3-l0-modal] 
[algo1a-g3-l0-modal]   app_tag_run_name ................................ None
[algo1a-g3-l0-modal] 
[algo1a-g3-l0-modal]   app_tag_run_version ............................. 0.0.0
[algo1a-g3-l0-modal] 
[algo1a-g3-l0-modal]   apply_chat_template ............................. True
[algo1a-g3-l0-modal] 
[algo1a-g3-l0-modal]   apply_chat_template_kwargs ...................... {'enable_thinking': False}
[algo1a-g3-l0-modal] 
[algo1a-g3-l0-modal]   apply_dsa_kernel_fusion ......................... None
[algo1a-g3-l0-modal] 
[algo1a-g3-l0-modal]   apply_query_key_layer_scaling ................... False
[algo1a-g3-l0-modal] 
[algo1a-g3-l0-modal]   apply_residual_connection_post_layernorm ........ False
[algo1a-g3-l0-modal] 
[algo1a-g3-l0-modal]   apply_rope_fusion ............................... True
[algo1a-g3-l0-modal] 
[algo1a-g3-l0-modal]   apply_wd_to_qk_layernorm ........................ False
[algo1a-g3-l0-modal] 
[algo1a-g3-l0-modal]   async_ckpt_cpu_priority ......................... 10
[algo1a-g3-l0-modal] 
[algo1a-g3-l0-modal]   async_ckpt_io_priority .......................... 3
[algo1a-g3-l0-modal] 
[algo1a-g3-l0-modal]   async_ckpt_use_cpu_shm .......................... False
[algo1a-g3-l0-modal] 
[algo1a-g3-l0-modal]   async_data_buffer_capacity_factor ............... 2.0
[algo1a-g3-l0-modal] 
[algo1a-g3-l0-modal]   async_max_concurrent_samples .................... None
[algo1a-g3-l0-modal] 
[algo1a-g3-l0-modal]   async_save ...................................... False
[algo1a-g3-l0-modal] 
[algo1a-g3-l0-modal]   async_strategy .................................. mcore
[algo1a-g3-l0-modal] 
[algo1a-g3-l0-modal]   async_unused_samples_handler .................... drop
[algo1a-g3-l0-modal] 
[algo1a-g3-l0-modal]   attention_backend ............................... AttnBackend.unfused
[algo1a-g3-l0-modal] 
[algo1a-g3-l0-modal]   attention_dropout ............................... 0.1
[algo1a-g3-l0-modal] 
[algo1a-g3-l0-modal]   attention_output_gate ........................... False
[algo1a-g3-l0-modal] 
[algo1a-g3-l0-modal]   attention_softmax_in_fp32 ....................... True
[algo1a-g3-l0-modal] 
[algo1a-g3-l0-modal]   auto_detect_ckpt_format ......................... False
[algo1a-g3-l0-modal] 
[algo1a-g3-l0-modal]   balance_by_flops ................................ False
[algo1a-g3-l0-modal] 
[algo1a-g3-l0-modal]   balance_data .................................... True
[algo1a-g3-l0-modal] 
[algo1a-g3-l0-modal]   barrier_with_L1_time ............................ True
[algo1a-g3-l0-modal] 
[algo1a-g3-l0-modal]   batch_invariant_mode ............................ False
[algo1a-g3-l0-modal] 
[algo1a-g3-l0-modal]   bert_binary_head ................................ True
[algo1a-g3-l0-modal] 
[algo1a-g3-l0-modal]   bert_embedder_type .............................. megatron
[algo1a-g3-l0-modal] 
[algo1a-g3-l0-modal]   bert_load ....................................... None
[algo1a-g3-l0-modal] 
[algo1a-g3-l0-modal]   beta_fast ....................................... 32
[algo1a-g3-l0-modal] 
[algo1a-g3-l0-modal]   beta_slow ....................................... 1
[algo1a-g3-l0-modal] 
[algo1a-g3-l0-modal]   bf16 ............................................ True
[algo1a-g3-l0-modal] 
[algo1a-g3-l0-modal]   bias_dropout_fusion ............................. True
[algo1a-g3-l0-modal] 
[algo1a-g3-l0-modal]   bias_gelu_fusion ................................ False
[algo1a-g3-l0-modal] 
[algo1a-g3-l0-modal]   bias_swiglu_fusion .............................. True
[algo1a-g3-l0-modal] 
[algo1a-g3-l0-modal]   biencoder_projection_dim ........................ 0
[algo1a-g3-l0-modal] 
[algo1a-g3-l0-modal]   biencoder_shared_query_context_model ............ False
[algo1a-g3-l0-modal] 
[algo1a-g3-l0-modal]   block_data_path ................................. None
[algo1a-g3-l0-modal] 
[algo1a-g3-l0-modal]   buffer_filter_path .............................. yeto.rl.engine.miles_adapter.rollout_meta_hook.policy_buffer_filter
[algo1a-g3-l0-modal] 
[algo1a-g3-l0-modal]   cache_mla_latents ............................... False
[algo1a-g3-l0-modal] 
[algo1a-g3-l0-modal]   calc_ft_timeouts ................................ False
[algo1a-g3-l0-modal] 
[algo1a-g3-l0-modal]   calculate_per_token_loss ........................ False
[algo1a-g3-l0-modal] 
[algo1a-g3-l0-modal]   chat_template ................................... None
[algo1a-g3-l0-modal] 
[algo1a-g3-l0-modal]   chat_template_path .............................. None
[algo1a-g3-l0-modal] 
[algo1a-g3-l0-modal]   check_for_large_grads ........................... False
[algo1a-g3-l0-modal] 
[algo1a-g3-l0-modal]   check_for_nan_in_loss_and_grad .................. True
[algo1a-g3-l0-modal] 
[algo1a-g3-l0-modal]   check_for_spiky_loss ............................ False
[algo1a-g3-l0-modal] 
[algo1a-g3-l0-modal]   check_lora_weight_equal ......................... False
[algo1a-g3-l0-modal] 
[algo1a-g3-l0-modal]   check_rematerialize_param_from_master_weight .... False
[algo1a-g3-l0-modal] 
[algo1a-g3-l0-modal]   check_weight_hash_across_dp_replicas_interval ... None
[algo1a-g3-l0-modal] 
[algo1a-g3-l0-modal]   check_weight_update_allow_quant_error ........... False
[algo1a-g3-l0-modal] 
[algo1a-g3-l0-modal]   check_weight_update_equal ....................... False
[algo1a-g3-l0-modal] 
[algo1a-g3-l0-modal]   check_weight_update_selector .................... all
[algo1a-g3-l0-modal] 
[algo1a-g3-l0-modal]   check_weight_update_skip_list ................... None
[algo1a-g3-l0-modal] 
[algo1a-g3-l0-modal]   chunked_optimizer_state_offload ................. False
[algo1a-g3-l0-modal] 
[algo1a-g3-l0-modal]   ci_check_model_hash ............................. False
[algo1a-g3-l0-modal] 
[algo1a-g3-l0-modal]   ci_disable_kl_checker ........................... False
[algo1a-g3-l0-modal] 
[algo1a-g3-l0-modal]   ci_disable_logprobs_checker ..................... False
[algo1a-g3-l0-modal] 
[algo1a-g3-l0-modal]   ci_disable_weight_update_checker ................ False
[algo1a-g3-l0-modal] 
[algo1a-g3-l0-modal]   ci_enable_metrics_capture ....................... False
[algo1a-g3-l0-modal] 
[algo1a-g3-l0-modal]   ci_ft_test_actions .............................. None
[algo1a-g3-l0-modal] 
[algo1a-g3-l0-modal]   ci_ft_test_actions_path ......................... None
[algo1a-g3-l0-modal] 
[algo1a-g3-l0-modal]   ci_inject_rollout_data_min_match_ratio .......... 0.9
[algo1a-g3-l0-modal] 
[algo1a-g3-l0-modal]   ci_inject_rollout_data_path ..................... None
[algo1a-g3-l0-modal] 
[algo1a-g3-l0-modal]   ci_inject_rollout_data_start_rollout_id ......... None
[algo1a-g3-l0-modal] 
[algo1a-g3-l0-modal]   ci_load_grad_norm ............................... None
[algo1a-g3-l0-modal] 
[algo1a-g3-l0-modal]   ci_metric_checker_expect_num .................... None
[algo1a-g3-l0-modal] 
[algo1a-g3-l0-modal]   ci_metric_checker_key ........................... None
[algo1a-g3-l0-modal] 
[algo1a-g3-l0-modal]   ci_metric_checker_threshold ..................... None
[algo1a-g3-l0-modal] 
[algo1a-g3-l0-modal]   ci_save_grad_norm ............................... None
[algo1a-g3-l0-modal] 
[algo1a-g3-l0-modal]   ci_save_model_hash .............................. False
[algo1a-g3-l0-modal] 
[algo1a-g3-l0-modal]   ci_test ......................................... False
[algo1a-g3-l0-modal] 
[algo1a-g3-l0-modal]   ci_tito_special_token_count_threshold ........... 0.0
[algo1a-g3-l0-modal] 
[algo1a-g3-l0-modal]   ckpt_assume_constant_structure .................. False
[algo1a-g3-l0-modal] 
[algo1a-g3-l0-modal]   ckpt_convert_format ............................. None
[algo1a-g3-l0-modal] 
[algo1a-g3-l0-modal]   ckpt_convert_save ............................... None
[algo1a-g3-l0-modal] 
[algo1a-g3-l0-modal]   ckpt_convert_update_legacy_dist_opt_format ...... False
[algo1a-g3-l0-modal] 
[algo1a-g3-l0-modal]   ckpt_format ..................................... torch_dist
[algo1a-g3-l0-modal] 
[algo1a-g3-l0-modal]   ckpt_fully_parallel_load ........................ False
[algo1a-g3-l0-modal] 
[algo1a-g3-l0-modal]   ckpt_fully_parallel_load_exchange_algo .......... broadcast
[algo1a-g3-l0-modal] 
[algo1a-g3-l0-modal]   ckpt_fully_parallel_load_process_group .......... dp
[algo1a-g3-l0-modal] 
[algo1a-g3-l0-modal]   ckpt_fully_parallel_save ........................ True
  ckpt_fully_parallel_save_deprecated ............. False
  ckpt_fully_parallel_save_process_group .......... dp
  ckpt_load_validate_sharding_integrity ........... True
  ckpt_step ....................................... None
  classes_fraction ................................ 1.0
  clear_quantized_weight_workspaces_on_offload .... True
  clip_grad ....................................... 1.0
  clone_scatter_output_in_embedding ............... True
  cluster_backend ................................. ray
[algo1a-g3-l0-modal] 
  colocate ........................................ True
[algo1a-g3-l0-modal] 
[algo1a-g3-l0-modal]   colocate_memory_peak_device ..................... cpu
[algo1a-g3-l0-modal]   compress_ratios ................................. None
[algo1a-g3-l0-modal] 
[algo1a-g3-l0-modal]   compute_advantages_and_returns .................. True
[algo1a-g3-l0-modal] 
[algo1a-g3-l0-modal]   config_logger_dir ...............................
[algo1a-g3-l0-modal] 
[algo1a-g3-l0-modal]   consumed_train_samples .......................... 0
[algo1a-g3-l0-modal] 
[algo1a-g3-l0-modal]   consumed_valid_samples .......................... 0
[algo1a-g3-l0-modal] 
[algo1a-g3-l0-modal]   context_parallel_size ........................... 1
[algo1a-g3-l0-modal] 
[algo1a-g3-l0-modal]   cp_comm_type .................................... ['p2p']
[algo1a-g3-l0-modal] 
[algo1a-g3-l0-modal]   cp_partition_mode ............................... zigzag
[algo1a-g3-l0-modal] 
[algo1a-g3-l0-modal]   cpu_offloading_num_layers ....................... 0
[algo1a-g3-l0-modal] 
[algo1a-g3-l0-modal]   cpu_offloading_retain_pinned_cpu_buffers ........ False
[algo1a-g3-l0-modal] 
[algo1a-g3-l0-modal]   create_all_gather_group ......................... False
[algo1a-g3-l0-modal] 
[algo1a-g3-l0-modal]   create_attention_mask_in_dataloader ............. True
[algo1a-g3-l0-modal] 
[algo1a-g3-l0-modal]   critic_load ..................................... /root/.cache/huggingface/hub/models--Qwen--Qwen3-0.6B/snapshots/c1899de289a04d12100db370d81485cdf75e47ca
[algo1a-g3-l0-modal] 
[algo1a-g3-l0-modal]   critic_lr ....................................... 1e-05
[algo1a-g3-l0-modal] 
[algo1a-g3-l0-modal]   critic_lr_warmup_iters .......................... 0
[algo1a-g3-l0-modal] 
[algo1a-g3-l0-modal]   critic_num_gpus_per_node ........................ None
[algo1a-g3-l0-modal] 
[algo1a-g3-l0-modal]   critic_num_nodes ................................ None
[algo1a-g3-l0-modal] 
[algo1a-g3-l0-modal]   critic_save ..................................... None
[algo1a-g3-l0-modal] 
[algo1a-g3-l0-modal]   cross_entropy_fusion_impl ....................... native
[algo1a-g3-l0-modal] 
[algo1a-g3-l0-modal]   cross_entropy_loss_fusion ....................... False
[algo1a-g3-l0-modal] 
[algo1a-g3-l0-modal]   csa_compress_ratios ............................. None
[algo1a-g3-l0-modal] 
[algo1a-g3-l0-modal]   csa_compress_rotary_base ........................ 40000.0
[algo1a-g3-l0-modal] 
[algo1a-g3-l0-modal]   csa_dense_mode .................................. False
[algo1a-g3-l0-modal] 
[algo1a-g3-l0-modal]   csa_window_size ................................. 128
[algo1a-g3-l0-modal] 
[algo1a-g3-l0-modal]   cuda_graph_dynamic_microbatches ................. False
[algo1a-g3-l0-modal] 
[algo1a-g3-l0-modal]   cuda_graph_impl ................................. none
[algo1a-g3-l0-modal] 
[algo1a-g3-l0-modal]   cuda_graph_modules .............................. []
[algo1a-g3-l0-modal] 
[algo1a-g3-l0-modal]   cuda_graph_warmup_steps ......................... 3
[algo1a-g3-l0-modal] 
[algo1a-g3-l0-modal]   custom_async_data_buffer_path ................... None
[algo1a-g3-l0-modal] 
[algo1a-g3-l0-modal]   custom_config_path .............................. None
[algo1a-g3-l0-modal] 
[algo1a-g3-l0-modal]   custom_convert_samples_to_train_data_path ....... None
[algo1a-g3-l0-modal] 
[algo1a-g3-l0-modal]   custom_eval_rollout_log_function_path ........... None
[algo1a-g3-l0-modal] 
[algo1a-g3-l0-modal]   custom_generate_function_path ................... None
[algo1a-g3-l0-modal] 
[algo1a-g3-l0-modal]   custom_inference_engine_provider_path ........... miles.ray.specs.inference.backend_inference_engine_provider
[algo1a-g3-l0-modal] 
[algo1a-g3-l0-modal]   custom_loss_function_path ....................... None
[algo1a-g3-l0-modal] 
[algo1a-g3-l0-modal]   custom_megatron_before_log_prob_hook_path ....... None
[algo1a-g3-l0-modal] 
[algo1a-g3-l0-modal]   custom_megatron_before_train_step_hook_path ..... None
[algo1a-g3-l0-modal] 
[algo1a-g3-l0-modal]   custom_megatron_init_path ....................... None
[algo1a-g3-l1-modal] WARNING:megatron.bridge.models.muse_glimmer:Muse Glimmer Hugging Face classes are unavailable with transformers 5.12.1. Upgrade transformers to a version that supports Muse Glimmer.
[algo1a-g3-l0-modal] 
[algo1a-g3-l0-modal]   custom_megatron_post_save_hook_path ............. None
[algo1a-g3-l0-modal] 
[algo1a-g3-l0-modal]   custom_model_provider_path ...................... None
[algo1a-g3-l0-modal] 
[algo1a-g3-l0-modal]   custom_pg_loss_reducer_function_path ............ None
[algo1a-g3-l0-modal] 
[algo1a-g3-l0-modal]   custom_reward_post_process_path ................. None
[algo1a-g3-l0-modal] 
[algo1a-g3-l0-modal]   custom_rm_path .................................. gsm8k_reward.score
[algo1a-g3-l0-modal] 
[algo1a-g3-l0-modal]   custom_rollout_log_function_path ................ None
[algo1a-g3-l0-modal] 
[algo1a-g3-l0-modal]   custom_tis_function_path ........................ None
[algo1a-g3-l0-modal] 
[algo1a-g3-l0-modal]   custom_update_weight_post_write_path ............ None
[algo1a-g3-l0-modal] 
[algo1a-g3-l0-modal]   dashboard_flush_interval ........................ 5.0
[algo1a-g3-l0-modal] 
[algo1a-g3-l0-modal]   dashboard_forward_prometheus .................... False
[algo1a-g3-l0-modal] 
[algo1a-g3-l0-modal]   dashboard_gpu_sample_interval ................... 1.0
[algo1a-g3-l0-modal] 
[algo1a-g3-l0-modal]   dashboard_sglang_metrics ........................ None
[algo1a-g3-l0-modal] 
[algo1a-g3-l0-modal]   dashboard_sglang_scrape_interval ................ 2.0
[algo1a-g3-l0-modal] 
[algo1a-g3-l0-modal]   dashboard_sglang_scrape_mode .................... auto
[algo1a-g3-l0-modal] 
[algo1a-g3-l0-modal]   data_args_path .................................. None
[algo1a-g3-l0-modal] 
[algo1a-g3-l0-modal]   data_cache_path ................................. None
[algo1a-g3-l0-modal] 
[algo1a-g3-l0-modal]   data_pad_size_multiplier ........................ 128
[algo1a-g3-l0-modal] 
[algo1a-g3-l0-modal]   data_parallel_random_init ....................... False
[algo1a-g3-l0-modal] 
[algo1a-g3-l0-modal]   data_parallel_sharding_strategy ................. optim_grads_params
[algo1a-g3-l0-modal] 
[algo1a-g3-l0-modal]   data_parallel_size .............................. 1
[algo1a-g3-l0-modal] 
[algo1a-g3-l0-modal]   data_path ....................................... None
[algo1a-g3-l0-modal] 
[algo1a-g3-l0-modal]   data_per_class_fraction ......................... 1.0
[algo1a-g3-l0-modal] 
[algo1a-g3-l0-modal]   data_sharding ................................... True
[algo1a-g3-l0-modal] 
[algo1a-g3-l0-modal]   data_source_path ................................ miles.rollout.data_source.RolloutDataSourceWithBuffer
[algo1a-g3-l0-modal] 
[algo1a-g3-l0-modal]   dataloader_defer_npy_index_mmap ................. False
[algo1a-g3-l0-modal] 
[algo1a-g3-l0-modal]   dataloader_fast_cache_load ...................... False
[algo1a-g3-l0-modal] 
[algo1a-g3-l0-modal]   dataloader_inter_document_masking ............... False
[algo1a-g3-l0-modal] 
[algo1a-g3-l0-modal]   dataloader_type ................................. single
[algo1a-g3-l0-modal] 
[algo1a-g3-l0-modal]   ddp_average_in_collective ....................... False
[algo1a-g3-l0-modal] 
[algo1a-g3-l0-modal]   ddp_bucket_size ................................. None
[algo1a-g3-l0-modal] 
[algo1a-g3-l0-modal]   ddp_num_buckets ................................. None
[algo1a-g3-l0-modal] 
[algo1a-g3-l0-modal]   ddp_pad_buckets_for_high_nccl_busbw ............. False
[algo1a-g3-l0-modal] 
[algo1a-g3-l0-modal]   ddp_param_name_patterns_for_fp32_local_accumulation  []
[algo1a-g3-l0-modal] 
[algo1a-g3-l0-modal]   ddp_reduce_scatter_with_fp32_accumulation ....... False
[algo1a-g3-l0-modal] 
[algo1a-g3-l0-modal]   debug_deterministic_collective .................. False
[algo1a-g3-l0-modal] 
[algo1a-g3-l0-modal]   debug_disable_optimizer ......................... False
[algo1a-g3-l0-modal] 
[algo1a-g3-l0-modal]   debug_exit_after_rollout ........................ None
[algo1a-g3-l0-modal] 
[algo1a-g3-l0-modal]   debug_rollout_only .............................. False
[algo1a-g3-l0-modal] 
[algo1a-g3-l0-modal]   debug_skip_weight_update ........................ False
[algo1a-g3-l0-modal] 
[algo1a-g3-l0-modal]   debug_train_only ................................ False
[algo1a-g3-l0-modal] 
[algo1a-g3-l0-modal]   debug_unified_grad_fused_logprob ................ False
[algo1a-g3-l0-modal] 
[algo1a-g3-l0-modal]   decode_only_cuda_graphs ......................... False
[algo1a-g3-l0-modal] 
[algo1a-g3-l0-modal]   decoder_first_pipeline_num_layers ............... None
[algo1a-g3-l0-modal] 
[algo1a-g3-l0-modal]   decoder_last_pipeline_num_layers ................ None
[algo1a-g3-l0-modal] 
[algo1a-g3-l0-modal]   decoder_num_layers .............................. None
[algo1a-g3-l0-modal] 
[algo1a-g3-l0-modal]   decoder_seq_length .............................. None
[algo1a-g3-l0-modal] 
[algo1a-g3-l0-modal]   decoupled_lr .................................... None
[algo1a-g3-l0-modal] 
[algo1a-g3-l0-modal]   decoupled_min_lr ................................ None
[algo1a-g3-l0-modal] 
[algo1a-g3-l0-modal]   decrease_batch_size_if_needed ................... False
[algo1a-g3-l0-modal] 
[algo1a-g3-l0-modal]   defer_embedding_wgrad_compute ................... False
[algo1a-g3-l0-modal] 
[algo1a-g3-l0-modal]   delay_offload_until_cuda_graph .................. False
[algo1a-g3-l0-modal] 
[algo1a-g3-l0-modal]   delay_split_train_data_by_dp .................... False
[algo1a-g3-l0-modal] 
[algo1a-g3-l0-modal]   delay_wgrad_compute ............................. False
[algo1a-g3-l0-modal] 
[algo1a-g3-l0-modal]   delta_offload_bytes_across_pp_ranks ............. 0
[algo1a-g3-l0-modal] 
[algo1a-g3-l0-modal]   dense_grouped_gemm .............................. False
[algo1a-g3-l0-modal] 
[algo1a-g3-l0-modal]   deploy_component ................................ all
[algo1a-g3-l0-modal] 
[algo1a-g3-l0-modal]   deploy_instance_id .............................. None
[algo1a-g3-l0-modal] 
[algo1a-g3-l0-modal]   deprecated_use_mcore_models ..................... False
[algo1a-g3-l0-modal] 
[algo1a-g3-l0-modal]   deterministic_mode .............................. False
[algo1a-g3-l0-modal] 
[algo1a-g3-l0-modal]   dino_bottleneck_size ............................ 256
[algo1a-g3-l0-modal] 
[algo1a-g3-l0-modal]   dino_freeze_last_layer .......................... 1
[algo1a-g3-l0-modal] 
[algo1a-g3-l0-modal]   dino_head_hidden_size ........................... 2048
[algo1a-g3-l0-modal] 
[algo1a-g3-l0-modal]   dino_local_crops_number ......................... 10
[algo1a-g3-l0-modal] 
[algo1a-g3-l0-modal]   dino_local_img_size ............................. 96
[algo1a-g3-l0-modal] 
[algo1a-g3-l0-modal]   dino_norm_last_layer ............................ False
[algo1a-g3-l0-modal] 
[algo1a-g3-l0-modal]   dino_teacher_temp ............................... 0.07
[algo1a-g3-l0-modal] 
[algo1a-g3-l0-modal]   dino_warmup_teacher_temp ........................ 0.04
[algo1a-g3-l0-modal] 
[algo1a-g3-l0-modal]   dino_warmup_teacher_temp_epochs ................. 30
[algo1a-g3-l0-modal] 
[algo1a-g3-l0-modal]   disable_bf16_reduced_precision_matmul ........... False
[algo1a-g3-l0-modal] 
[algo1a-g3-l0-modal]   disable_grad_buffers_cpu_backup ................. True
[algo1a-g3-l0-modal] 
[algo1a-g3-l0-modal]   disable_jit_fuser ............................... False
[algo1a-g3-l0-modal] 
  disable_msc_deprecated .......................... False
[algo1a-g3-l0-modal] 
[algo1a-g3-l0-modal]   disable_param_buffers_cpu_backup ................ True
[algo1a-g3-l0-modal] 
[algo1a-g3-l0-modal]   disable_rollout_trim_samples .................... False
[algo1a-g3-l0-modal] 
[algo1a-g3-l0-modal]   disable_straggler_on_startup .................... False
[algo1a-g3-l0-modal] 
[algo1a-g3-l0-modal]   disable_symmetric_registration .................. False
[algo1a-g3-l0-modal] 
[algo1a-g3-l0-modal]   dist_ckpt_format_deprecated ..................... None
[algo1a-g3-l0-modal] 
[algo1a-g3-l0-modal]   dist_ckpt_optim_fully_reshardable ............... False
[algo1a-g3-l0-modal] 
[algo1a-g3-l0-modal]   dist_ckpt_save_pre_mcore_014 .................... False
[algo1a-g3-l0-modal] 
[algo1a-g3-l0-modal]   dist_ckpt_strictness ............................ assume_ok_unexpected
[algo1a-g3-l0-modal] 
[algo1a-g3-l0-modal]   dist_ckpt_workers ............................... 1
[algo1a-g3-l0-modal] 
[algo1a-g3-l0-modal]   distrib_optim_fully_reshardable_mem_efficient ... False
[algo1a-g3-l0-modal] 
[algo1a-g3-l0-modal]   distribute_saved_activations .................... False
[algo1a-g3-l0-modal] 
[algo1a-g3-l0-modal]   distributed_backend ............................. nccl
[algo1a-g3-l0-modal] 
[algo1a-g3-l0-modal]   distributed_timeout_minutes ..................... 10
[algo1a-g3-l0-modal] 
[algo1a-g3-l0-modal]   distributed_timeout_seconds_after_init .......... None
[algo1a-g3-l0-modal] 
[algo1a-g3-l0-modal]   dsa_attention_backend ........................... tilelang
[algo1a-g3-l0-modal] 
[algo1a-g3-l0-modal]   dsa_cp_balance_indexer .......................... False
[algo1a-g3-l0-modal] 
[algo1a-g3-l0-modal]   dsa_indexer_head_dim ............................ None
[algo1a-g3-l0-modal] 
[algo1a-g3-l0-modal]   dsa_indexer_k_norm_epsilon ...................... None
[algo1a-g3-l0-modal] 
[algo1a-g3-l0-modal]   dsa_indexer_k_norm_fp32 ......................... False
[algo1a-g3-l0-modal] 
[algo1a-g3-l0-modal]   dsa_indexer_loss_coeff .......................... None
[algo1a-g3-l0-modal] 
[algo1a-g3-l0-modal]   dsa_indexer_n_heads ............................. None
[algo1a-g3-l0-modal] 
[algo1a-g3-l0-modal]   dsa_indexer_precision ........................... bf16
[algo1a-g3-l0-modal] 
[algo1a-g3-l0-modal]   dsa_indexer_rope_interleaved .................... False
[algo1a-g3-l0-modal] 
[algo1a-g3-l0-modal]   dsa_indexer_rotate_activation ................... True
[algo1a-g3-l0-modal] 
[algo1a-g3-l0-modal]   dsa_indexer_scoring_relu ........................ True
[algo1a-g3-l0-modal] 
[algo1a-g3-l0-modal]   dsa_indexer_skip_topk_offset .................... 0
[algo1a-g3-l0-modal] 
[algo1a-g3-l0-modal]   dsa_indexer_topk ................................ None
[algo1a-g3-l0-modal] 
[algo1a-g3-l0-modal]   dsa_indexer_topk_freq ........................... 1
[algo1a-g3-l0-modal] 
[algo1a-g3-l1-modal] WARNING:miles_plugins.models.qwen3_vl:megatron-bridge Qwen3VLModel lacks native CP-local vision-embed selection; CP runs with vision tokens will mis-place vision embeddings. Apply the matching Megatron-Bridge patch (radixark/Megatron-Bridge PR #9).
[algo1a-g3-l0-modal]   dsa_indexer_use_sparse_loss ..................... False
[algo1a-g3-l0-modal] 
[algo1a-g3-l0-modal]   dsa_indexer_weights_proj_output_dtype ........... bf16
[algo1a-g3-l0-modal] 
[algo1a-g3-l0-modal]   dsa_indexer_weights_proj_use_quantization ....... True
[algo1a-g3-l0-modal] 
[algo1a-g3-l0-modal]   dsa_kernel_backend .............................. None
[algo1a-g3-l0-modal] 
[algo1a-g3-l0-modal]   dsv4_impl ....................................... megatron
[algo1a-g3-l0-modal] 
[algo1a-g3-l0-modal]   dump_details .................................... None
[algo1a-g3-l0-modal] 
[algo1a-g3-l0-modal]   dump_param_to_param_group_map ................... None
[algo1a-g3-l0-modal] 
[algo1a-g3-l0-modal]   dumper_dir ...................................... /tmp/dumper
[algo1a-g3-l0-modal] 
[algo1a-g3-l0-modal]   dumper_enable ................................... False
[algo1a-g3-l0-modal] 
[algo1a-g3-l0-modal]   dumper_fwd_bwd .................................. None
[algo1a-g3-l0-modal] 
[algo1a-g3-l0-modal]   dumper_fwd_only ................................. None
[algo1a-g3-l0-modal] 
[algo1a-g3-l0-modal]   dumper_inference ................................ None
[algo1a-g3-l0-modal] 
[algo1a-g3-l0-modal]   dumper_source_patcher_config_inference .......... None
[algo1a-g3-l0-modal] 
[algo1a-g3-l0-modal]   dumper_source_patcher_config_train .............. None
[algo1a-g3-l0-modal] 
[algo1a-g3-l0-modal]   dynamic_context_parallel ........................ False
[algo1a-g3-l0-modal] 
[algo1a-g3-l0-modal]   dynamic_sampling_filter_path .................... None
[algo1a-g3-l0-modal] 
[algo1a-g3-l0-modal]   embedding_init_method_std ....................... None
[algo1a-g3-l0-modal] 
[algo1a-g3-l0-modal]   embedding_path .................................. None
[algo1a-g3-l0-modal] 
[algo1a-g3-l0-modal]   empty_unused_memory_level ....................... 0
[algo1a-g3-l0-modal] 
[algo1a-g3-l0-modal]   enable_chunked_prefill .......................... False
[algo1a-g3-l0-modal] 
[algo1a-g3-l0-modal]   enable_cuda_graph ............................... False
[algo1a-g3-l0-modal] 
[algo1a-g3-l0-modal]   enable_event_analyzer ........................... False
[algo1a-g3-l0-modal] 
[algo1a-g3-l0-modal]   enable_experimental ............................. False
[algo1a-g3-l0-modal] 
[algo1a-g3-l0-modal]   enable_ft_package ............................... False
[algo1a-g3-l0-modal] 
[algo1a-g3-l0-modal]   enable_full_sharding_in_hsdp .................... False
[algo1a-g3-l0-modal] 
[algo1a-g3-l0-modal]   enable_hyper_connections ........................ False
[algo1a-g3-l0-modal] 
[algo1a-g3-l0-modal]   enable_msc ...................................... False
[algo1a-g3-l0-modal] 
[algo1a-g3-l0-modal]   enable_mtp_training ............................. False
[algo1a-g3-l0-modal] 
[algo1a-g3-l0-modal]   enable_one_logger ............................... True
[algo1a-g3-l0-modal] 
[algo1a-g3-l0-modal]   enable_witness .................................. False
[algo1a-g3-l0-modal] 
[algo1a-g3-l0-modal]   encoder_num_layers .............................. 28
[algo1a-g3-l0-modal] 
[algo1a-g3-l0-modal]   encoder_seq_length .............................. 1024
[algo1a-g3-l0-modal] 
[algo1a-g3-l0-modal]   end_weight_decay ................................ 0.01
[algo1a-g3-l0-modal] 
[algo1a-g3-l0-modal]   entropy_coef .................................... 0.0
[algo1a-g3-l0-modal] 
[algo1a-g3-l0-modal]   entry ........................................... train
[algo1a-g3-l0-modal] 
[algo1a-g3-l0-modal]   env_report ......................................
[algo1a-g3-l0-modal] 
[algo1a-g3-l0-modal]   env_report_interval_seconds ..................... 3600.0
[algo1a-g3-l0-modal] 
[algo1a-g3-l0-modal]   eod_mask_loss ................................... False
[algo1a-g3-l0-modal] 
[algo1a-g3-l0-modal]   ep_overlap_early_attn_memory_release ............ False
[algo1a-g3-l0-modal] 
[algo1a-g3-l0-modal]   eps_clip ........................................ 0.2
[algo1a-g3-l0-modal] 
[algo1a-g3-l0-modal]   eps_clip_c ...................................... None
[algo1a-g3-l0-modal] 
[algo1a-g3-l0-modal]   eps_clip_high ................................... 0.2
[algo1a-g3-l0-modal] 
[algo1a-g3-l0-modal]   error_injection_rate ............................ 0
[algo1a-g3-l0-modal] 
[algo1a-g3-l0-modal]   error_injection_type ............................ transient_error
[algo1a-g3-l0-modal] 
[algo1a-g3-l0-modal]   eval_config ..................................... None
[algo1a-g3-l0-modal] 
[algo1a-g3-l0-modal]   eval_datasets ................................... []
[algo1a-g3-l0-modal] 
[algo1a-g3-l0-modal]   eval_function_path .............................. miles.rollout.inference_rollout.inference_rollout_common.InferenceRolloutFn
[algo1a-g3-l0-modal] 
[algo1a-g3-l0-modal]   eval_global_batch_size .......................... 32
[algo1a-g3-l0-modal] 
[algo1a-g3-l0-modal]   eval_hf_dir ..................................... None
[algo1a-g3-l0-modal] 
[algo1a-g3-l0-modal]   eval_input_key .................................. None
[algo1a-g3-l0-modal] 
[algo1a-g3-l0-modal]   eval_interval ................................... None
[algo1a-g3-l0-modal] 
[algo1a-g3-l0-modal]   eval_iters ...................................... 100
[algo1a-g3-l0-modal] 
[algo1a-g3-l0-modal]   eval_keep_snapshots ............................. 2
[algo1a-g3-l0-modal] 
[algo1a-g3-l0-modal]   eval_label_key .................................. None
[algo1a-g3-l0-modal] 
[algo1a-g3-l0-modal]   eval_max_context_len ............................ 1024
[algo1a-g3-l0-modal] 
[algo1a-g3-l0-modal]   eval_max_in_flight .............................. 2
[algo1a-g3-l0-modal] 
[algo1a-g3-l0-modal]   eval_max_prompt_len ............................. None
[algo1a-g3-l0-modal] 
[algo1a-g3-l0-modal]   eval_max_response_len ........................... None
[algo1a-g3-l0-modal] 
[algo1a-g3-l0-modal]   eval_micro_batch_size ........................... 1
[algo1a-g3-l0-modal] 
[algo1a-g3-l0-modal]   eval_min_new_tokens ............................. None
[algo1a-g3-l0-modal] 
[algo1a-g3-l0-modal]   eval_num_gpus ................................... 0
[algo1a-g3-l0-modal] 
[algo1a-g3-l0-modal]   eval_num_gpus_per_engine ........................ 1
[algo1a-g3-l0-modal] 
[algo1a-g3-l0-modal]   eval_overflow_policy ............................ backpressure
[algo1a-g3-l0-modal] 
[algo1a-g3-l0-modal]   eval_prompt_data ................................ None
[algo1a-g3-l0-modal] 
[algo1a-g3-l0-modal]   eval_reward_key ................................. None
[algo1a-g3-l0-modal] 
[algo1a-g3-l0-modal]   eval_temperature ................................ None
[algo1a-g3-l0-modal] 
[algo1a-g3-l0-modal]   eval_tool_key ................................... None
[algo1a-g3-l0-modal] 
[algo1a-g3-l0-modal]   eval_top_k ...................................... None
[algo1a-g3-l0-modal] 
[algo1a-g3-l0-modal]   eval_top_p ...................................... None
[algo1a-g3-l0-modal] 
[algo1a-g3-l0-modal]   eval_uses_snapshots ............................. False
[algo1a-g3-l0-modal] 
[algo1a-g3-l0-modal]   evidence_data_path .............................. None
[algo1a-g3-l0-modal] 
[algo1a-g3-l0-modal]   exclude_modules ................................. None
[algo1a-g3-l0-modal] 
[algo1a-g3-l0-modal]   exit_duration_in_mins ........................... None
[algo1a-g3-l0-modal] 
[algo1a-g3-l0-modal]   exit_interval ................................... None
[algo1a-g3-l0-modal] 
[algo1a-g3-l0-modal]   exit_on_missing_checkpoint ...................... False
[algo1a-g3-l0-modal] 
[algo1a-g3-l0-modal]   exit_signal ..................................... 15
[algo1a-g3-l0-modal] 
[algo1a-g3-l0-modal]   exit_signal_handler ............................. False
[algo1a-g3-l0-modal] 
[algo1a-g3-l0-modal]   exit_signal_handler_for_dataloader .............. False
[algo1a-g3-l0-modal] 
[algo1a-g3-l0-modal]   exit_signal_handler_for_training ................ False
[algo1a-g3-l0-modal] 
[algo1a-g3-l0-modal]   exp_avg_dtype ................................... torch.float32
[algo1a-g3-l0-modal] 
[algo1a-g3-l0-modal]   exp_avg_sq_dtype ................................ torch.float32
[algo1a-g3-l0-modal] 
[algo1a-g3-l0-modal]   experimental_attention_variant .................. None
[algo1a-g3-l0-modal] 
[algo1a-g3-l0-modal]   expert_model_parallel_size ...................... 1
[algo1a-g3-l0-modal] 
[algo1a-g3-l0-modal]   expert_tensor_parallel_size ..................... 1
[algo1a-g3-l0-modal] 
[algo1a-g3-l0-modal]   experts_shared_outer_loras ...................... False
[algo1a-g3-l0-modal] 
[algo1a-g3-l0-modal]   external_cuda_graph ............................. False
[algo1a-g3-l0-modal] 
[algo1a-g3-l0-modal]   extra_high_precision_layers_hf .................. ()
[algo1a-g3-l0-modal] 
[algo1a-g3-l0-modal]   extra_high_precision_layers_megatron ............ ()
[algo1a-g3-l0-modal] 
[algo1a-g3-l0-modal]   fake_process_group .............................. False
[algo1a-g3-l0-modal] 
[algo1a-g3-l0-modal]   fallback_to_eager_attn .......................... False
[algo1a-g3-l0-modal] 
[algo1a-g3-l0-modal]   fault_injector_delay_start_iteration ............ None
[algo1a-g3-l0-modal] 
[algo1a-g3-l0-modal]   fault_injector_fault_delay ...................... None
[algo1a-g3-l0-modal] 
[algo1a-g3-l0-modal]   fault_injector_fault_probabilities .............. None
[algo1a-g3-l0-modal] 
[algo1a-g3-l0-modal]   fault_injector_fault_types ...................... None
[algo1a-g3-l0-modal] 
[algo1a-g3-l0-modal]   fault_injector_mtti_seconds ..................... None
[algo1a-g3-l0-modal] 
[algo1a-g3-l0-modal]   fault_injector_num_ranks ........................ None
[algo1a-g3-l0-modal] 
[algo1a-g3-l0-modal]   fault_injector_offset_seconds ................... None
[algo1a-g3-l0-modal] 
[algo1a-g3-l0-modal]   fault_injector_ranks ............................ None
[algo1a-g3-l0-modal] 
[algo1a-g3-l0-modal]   fault_injector_seed ............................. None
[algo1a-g3-l0-modal] 
[algo1a-g3-l0-modal]   fetch_trajectory_retry_times .................... -1
[algo1a-g3-l0-modal] 
[algo1a-g3-l0-modal]   ffn_hidden_size ................................. 3072
[algo1a-g3-l0-modal] 
[algo1a-g3-l0-modal]   fim_data ........................................ False
[algo1a-g3-l0-modal] 
[algo1a-g3-l0-modal]   fim_eod_token ................................... <|endoftext|>
[algo1a-g3-l0-modal] 
[algo1a-g3-l0-modal]   fim_fragment_rate ............................... None
[algo1a-g3-l0-modal] 
[algo1a-g3-l0-modal]   fim_middle_token ................................ <fim_middle>
[algo1a-g3-l0-modal] 
[algo1a-g3-l0-modal]   fim_no_prefix ................................... None
[algo1a-g3-l0-modal] 
[algo1a-g3-l0-modal]   fim_pad_token ................................... <fim_pad>
[algo1a-g3-l0-modal] 
[algo1a-g3-l0-modal]   fim_prefix_token ................................ <fim_prefix>
[algo1a-g3-l0-modal] 
[algo1a-g3-l0-modal]   fim_rate ........................................ 0.5
[algo1a-g3-l0-modal] 
[algo1a-g3-l0-modal]   fim_split_sample ................................ None
[algo1a-g3-l0-modal] 
[algo1a-g3-l0-modal]   fim_spm_rate .................................... 0.5
[algo1a-g3-l0-modal] 
[algo1a-g3-l0-modal]   fim_suffix_token ................................ <fim_suffix>
[algo1a-g3-l0-modal] 
  fine_grained_activation_offloading .............. False
[algo1a-g3-l0-modal] 
[algo1a-g3-l0-modal]   fine_grained_offloading_max_inflight_offloads ... None
[algo1a-g3-l0-modal] 
[algo1a-g3-l0-modal]   finetune ........................................ True
[algo1a-g3-l0-modal] 
[algo1a-g3-l0-modal]   first_last_layers_bf16 .......................... False
[algo1a-g3-l0-modal] 
[algo1a-g3-l0-modal]   flash_decode .................................... False
[algo1a-g3-l0-modal] 
[algo1a-g3-l0-modal]   flight_recorder_dump_on_timeout ................. True
[algo1a-g3-l0-modal] 
[algo1a-g3-l0-modal]   flight_recorder_dump_path ....................... None
[algo1a-g3-l0-modal] 
[algo1a-g3-l0-modal]   flight_recorder_extra_dump_on_exec .............. True
[algo1a-g3-l0-modal] 
[algo1a-g3-l0-modal]   flight_recorder_include_only_active ............. True
[algo1a-g3-l0-modal] 
[algo1a-g3-l0-modal]   flight_recorder_include_stack_trace ............. False
[algo1a-g3-l0-modal] 
[algo1a-g3-l0-modal]   flight_recorder_trace_buffer_size ............... 2000
[algo1a-g3-l0-modal] 
[algo1a-g3-l0-modal]   fp16 ............................................ False
[algo1a-g3-l0-modal] 
[algo1a-g3-l0-modal]   fp16_lm_cross_entropy ........................... False
[algo1a-g3-l0-modal] 
[algo1a-g3-l0-modal]   fp32_residual_connection ........................ False
[algo1a-g3-l0-modal] 
[algo1a-g3-l0-modal]   fp4 ............................................. None
[algo1a-g3-l0-modal] 
[algo1a-g3-l0-modal]   fp4_param_gather ................................ False
[algo1a-g3-l0-modal] 
[algo1a-g3-l0-modal]   fp4_quantizer_factory ........................... None
[algo1a-g3-l0-modal] 
[algo1a-g3-l0-modal]   fp4_recipe ...................................... nvfp4
[algo1a-g3-l0-modal] 
[algo1a-g3-l0-modal]   fp8 ............................................. None
[algo1a-g3-l0-modal] 
[algo1a-g3-l0-modal]   fp8_amax_compute_algo ........................... most_recent
[algo1a-g3-l0-modal] 
[algo1a-g3-l0-modal]   fp8_amax_history_len ............................ 1
[algo1a-g3-l0-modal] 
[algo1a-g3-l0-modal]   fp8_interval .................................... 1
[algo1a-g3-l0-modal] 
[algo1a-g3-l0-modal]   fp8_margin ...................................... 0
[algo1a-g3-l0-modal] 
[algo1a-g3-l0-modal]   fp8_output_proj ................................. False
[algo1a-g3-l0-modal] 
[algo1a-g3-l0-modal]   fp8_param_gather ................................ False
[algo1a-g3-l0-modal] 
[algo1a-g3-l0-modal]   fp8_quantizer_factory ........................... None
[algo1a-g3-l0-modal] 
[algo1a-g3-l0-modal]   fp8_recipe ...................................... delayed
[algo1a-g3-l0-modal] 
[algo1a-g3-l0-modal]   fp8_wgrad ....................................... True
[algo1a-g3-l0-modal] 
[algo1a-g3-l0-modal]   freeze_all_layers ............................... False
[algo1a-g3-l0-modal] 
[algo1a-g3-l0-modal]   freeze_e_score_correction_bias .................. False
[algo1a-g3-l0-modal] 
[algo1a-g3-l0-modal]   freeze_indexer .................................. False
[algo1a-g3-l0-modal] 
[algo1a-g3-l0-modal]   fsdp_db_use_persist_buf_on_alloc_fail ........... False
[algo1a-g3-l0-modal] 
[algo1a-g3-l0-modal]   fsdp_double_buffer .............................. False
[algo1a-g3-l0-modal] 
[algo1a-g3-l0-modal]   fsdp_manual_registration ........................ False
[algo1a-g3-l0-modal] 
[algo1a-g3-l0-modal]   ft_components ................................... []
[algo1a-g3-l0-modal] 
[algo1a-g3-l0-modal]   ft_num_warmup_iters ............................. 5
[algo1a-g3-l0-modal] 
[algo1a-g3-l0-modal]   full_validation ................................. False
[algo1a-g3-l0-modal] 
[algo1a-g3-l0-modal]   fully_async ..................................... False
[algo1a-g3-l0-modal] 
[algo1a-g3-l0-modal]   fused_residual_rmsnorm .......................... False
[algo1a-g3-l0-modal] 
[algo1a-g3-l0-modal]   gamma ........................................... 1.0
[algo1a-g3-l0-modal] 
[algo1a-g3-l0-modal]   gdn_conv_pad_alignment .......................... None
[algo1a-g3-l0-modal] 
[algo1a-g3-l0-modal]   gdn_pre_gated_delta_rule_fusion ................. False
[algo1a-g3-l0-modal] 
[algo1a-g3-l0-modal]   get_mismatch_metrics ............................ False
[algo1a-g3-l0-modal] 
[algo1a-g3-l0-modal]   global_batch_size ............................... 32
[algo1a-g3-l0-modal] 
[algo1a-g3-l0-modal]   glu_linear_offset ............................... 0.0
[algo1a-g3-l0-modal] 
[algo1a-g3-l0-modal]   gpu_sniff_test_interval ......................... None
[algo1a-g3-l0-modal] 
[algo1a-g3-l0-modal]   grad_reduce_in_bf16 ............................. False
[algo1a-g3-l0-modal] 
[algo1a-g3-l0-modal]   gradient_accumulation_fusion .................... False
[algo1a-g3-l0-modal] 
[algo1a-g3-l0-modal]   gradient_reduce_div_fusion ...................... True
[algo1a-g3-l0-modal] 
[algo1a-g3-l0-modal]   group_query_attention ........................... True
[algo1a-g3-l0-modal] 
[algo1a-g3-l0-modal]   group_rm ........................................ False
[algo1a-g3-l0-modal] 
[algo1a-g3-l0-modal]   grpo_clamp_eps_lower ............................ 0.01
[algo1a-g3-l0-modal] 
[algo1a-g3-l0-modal]   grpo_clamp_eps_upper ............................ 0.01
[algo1a-g3-l0-modal] 
[algo1a-g3-l0-modal]   grpo_entropy_term_weight ........................ 0.0
[algo1a-g3-l0-modal] 
[algo1a-g3-l0-modal]   grpo_filter_groups_with_same_reward ............. False
[algo1a-g3-l0-modal] 
[algo1a-g3-l0-modal]   grpo_group_size ................................. 2
[algo1a-g3-l0-modal] 
[algo1a-g3-l0-modal]   grpo_iterations ................................. 2
[algo1a-g3-l0-modal] 
[algo1a-g3-l0-modal]   grpo_kl_beta .................................... 0.001
[algo1a-g3-l0-modal] 
[algo1a-g3-l0-modal]   grpo_prompts_per_step ........................... 32
[algo1a-g3-l0-modal] 
[algo1a-g3-l0-modal]   grpo_std_normalization .......................... True
[algo1a-g3-l0-modal] 
[algo1a-g3-l0-modal]   head_lr_mult .................................... 1.0
[algo1a-g3-l0-modal] 
[algo1a-g3-l0-modal]   head_wise_attn_gate ............................. False
[algo1a-g3-l0-modal] 
[algo1a-g3-l0-modal]   heterogeneous_layers_config_encoded_json ........ None
[algo1a-g3-l0-modal] 
[algo1a-g3-l0-modal]   heterogeneous_layers_config_path ................ None
[algo1a-g3-l0-modal] 
[algo1a-g3-l0-modal]   hf_checkpoint ................................... /root/.cache/huggingface/hub/models--Qwen--Qwen3-0.6B/snapshots/c1899de289a04d12100db370d81485cdf75e47ca
[algo1a-g3-l0-modal] 
[algo1a-g3-l0-modal]   hf_lora_targets ................................. ['down_proj', 'gate_proj', 'k_proj', 'o_proj', 'q_proj', 'up_proj', 'v_proj']
[algo1a-g3-l0-modal] 
[algo1a-g3-l0-modal]   hidden_dropout .................................. 0.1
[algo1a-g3-l0-modal] 
[algo1a-g3-l0-modal]   hidden_size ..................................... 1024
[algo1a-g3-l0-modal] 
[algo1a-g3-l0-modal]   hierarchical_context_parallel_sizes ............. None
[algo1a-g3-l0-modal] 
[algo1a-g3-l0-modal]   high_priority_a2a_comm_stream ................... False
[algo1a-g3-l0-modal] 
[algo1a-g3-l0-modal]   high_priority_stream_groups ..................... []
[algo1a-g3-l0-modal] 
[algo1a-g3-l0-modal]   http_proxy ...................................... None
[algo1a-g3-l0-modal] 
[algo1a-g3-l0-modal]   hybrid_context_parallel ......................... False
[algo1a-g3-l0-modal] 
[algo1a-g3-l0-modal]   hybrid_layer_pattern ............................ None
[algo1a-g3-l0-modal] 
[algo1a-g3-l0-modal]   hybrid_override_pattern ......................... None
[algo1a-g3-l0-modal] 
[algo1a-g3-l0-modal]   hysteresis ...................................... 2
[algo1a-g3-l0-modal] 
[algo1a-g3-l0-modal]   ict_head_size ................................... None
[algo1a-g3-l0-modal] 
[algo1a-g3-l0-modal]   ict_load ........................................ None
[algo1a-g3-l0-modal] 
[algo1a-g3-l0-modal]   img_h ........................................... 224
[algo1a-g3-l0-modal] 
[algo1a-g3-l0-modal]   img_w ........................................... 224
[algo1a-g3-l0-modal] 
[algo1a-g3-l0-modal]   indep_dp ........................................ False
[algo1a-g3-l0-modal] 
[algo1a-g3-l0-modal]   indexer_batch_size .............................. 128
[algo1a-g3-l0-modal] 
[algo1a-g3-l0-modal]   indexer_log_interval ............................ 1000
[algo1a-g3-l0-modal] 
[algo1a-g3-l0-modal]   inference_batch_times_seqlen_threshold .......... -1
[algo1a-g3-l0-modal] 
[algo1a-g3-l0-modal]   inference_controller_addr ....................... None
[algo1a-g3-l0-modal] 
[algo1a-g3-l0-modal]   inference_coordinator_port ...................... None
[algo1a-g3-l0-modal] 
[algo1a-g3-l0-modal]   inference_cuda_graph_all_prefills ............... False
[algo1a-g3-l0-modal] 
[algo1a-g3-l0-modal]   inference_cuda_graph_scope ...................... InferenceCudaGraphScope.none
[algo1a-g3-l0-modal] 
[algo1a-g3-l0-modal]   inference_disable_ep_consensus .................. False
[algo1a-g3-l0-modal] 
[algo1a-g3-l0-modal]   inference_disable_triton_nvls_kernels ........... False
[algo1a-g3-l0-modal] 
[algo1a-g3-l0-modal]   inference_dynamic_batching ...................... False
[algo1a-g3-l0-modal] 
[algo1a-g3-l0-modal]   inference_dynamic_batching_async_sched_mode ..... legacy
[algo1a-g3-l0-modal] 
[algo1a-g3-l0-modal]   inference_dynamic_batching_block_size ........... 256
[algo1a-g3-l0-modal] 
[algo1a-g3-l0-modal]   inference_dynamic_batching_buffer_size_gb ....... 40.0
[algo1a-g3-l0-modal] 
[algo1a-g3-l0-modal]   inference_dynamic_batching_cuda_graph_max_tokens  16384
[algo1a-g3-l0-modal] 
[algo1a-g3-l0-modal]   inference_dynamic_batching_cuda_graph_mixed_prefill_count  16
[algo1a-g3-l0-modal] 
[algo1a-g3-l0-modal]   inference_dynamic_batching_cuda_graph_sizing_distribution  exponential
[algo1a-g3-l0-modal] 
[algo1a-g3-l0-modal]   inference_dynamic_batching_enable_prefix_caching  False
[algo1a-g3-l0-modal] 
[algo1a-g3-l0-modal]   inference_dynamic_batching_logprobs_mode ........ raw_logprobs
[algo1a-g3-l0-modal] 
[algo1a-g3-l0-modal]   inference_dynamic_batching_mamba_memory_ratio ... None
[algo1a-g3-l0-modal] 
[algo1a-g3-l0-modal]   inference_dynamic_batching_max_requests ......... None
[algo1a-g3-l0-modal] 
[algo1a-g3-l0-modal]   inference_dynamic_batching_max_tokens ........... None
[algo1a-g3-l0-modal] 
[algo1a-g3-l0-modal]   inference_dynamic_batching_num_cuda_graphs ...... 16
[algo1a-g3-l0-modal] 
[algo1a-g3-l0-modal]   inference_dynamic_batching_paused_buffer_size_gb  None
[algo1a-g3-l0-modal] 
[algo1a-g3-l0-modal]   inference_dynamic_batching_prefix_caching_coordinator_policy  first_prefix_block
[algo1a-g3-l0-modal] 
[algo1a-g3-l0-modal]   inference_dynamic_batching_prefix_caching_eviction_policy  ref_zero
[algo1a-g3-l0-modal] 
[algo1a-g3-l0-modal]   inference_dynamic_batching_prefix_caching_mamba_gb  None
[algo1a-g3-l0-modal] 
[algo1a-g3-l0-modal]   inference_dynamic_batching_prefix_caching_routing_alpha  0.5
[algo1a-g3-l0-modal] 
[algo1a-g3-l0-modal]   inference_dynamic_batching_sampling_backend ..... torch
[algo1a-g3-l0-modal] 
[algo1a-g3-l0-modal]   inference_dynamic_batching_track_generated_token_events  False
[algo1a-g3-l0-modal] 
[algo1a-g3-l0-modal]   inference_dynamic_batching_track_paused_request_events  False
[algo1a-g3-l0-modal] 
[algo1a-g3-l0-modal]   inference_dynamic_batching_unified_memory_level . 0
[algo1a-g3-l0-modal] 
[algo1a-g3-l0-modal]   inference_fuse_tp_communication ................. False
[algo1a-g3-l0-modal] 
[algo1a-g3-l0-modal]   inference_grouped_gemm_backend .................. vllm
[algo1a-g3-l0-modal] 
[algo1a-g3-l0-modal]   inference_logging_step_interval ................. 0
[algo1a-g3-l0-modal] 
[algo1a-g3-l0-modal]   inference_max_requests .......................... 8
[algo1a-g3-l0-modal] 
[algo1a-g3-l0-modal]   inference_max_seq_length ........................ 2560
[algo1a-g3-l0-modal] 
[algo1a-g3-l0-modal]   inference_moe_disable_fused_quant_kernels ....... False
[algo1a-g3-l0-modal] 
[algo1a-g3-l0-modal]   inference_moe_token_dispatcher_type ............. nvls
[algo1a-g3-l0-modal] 
[algo1a-g3-l0-modal]   inference_rng_tracker ........................... False
[algo1a-g3-l0-modal] 
[algo1a-g3-l0-modal]   inference_shards ................................ None
[algo1a-g3-l0-modal] 
[algo1a-g3-l0-modal]   inference_text_gen_server_logging ............... False
[algo1a-g3-l0-modal] 
[algo1a-g3-l0-modal]   inference_use_synchronous_zmq_collectives ....... False
[algo1a-g3-l0-modal] 
[algo1a-g3-l0-modal]   inference_wandb_logging ......................... False
[algo1a-g3-l0-modal] 
[algo1a-g3-l0-modal]   init_expected_num_cells ......................... None
[algo1a-g3-l0-modal] 
[algo1a-g3-l0-modal]   init_method_std ................................. 0.02
[algo1a-g3-l0-modal] 
[algo1a-g3-l0-modal]   init_method_xavier_uniform ...................... False
[algo1a-g3-l0-modal] 
[algo1a-g3-l0-modal]   init_model_with_meta_device ..................... False
[algo1a-g3-l0-modal] 
[algo1a-g3-l0-modal]   initial_loss_scale .............................. 4294967296
[algo1a-g3-l0-modal] 
[algo1a-g3-l0-modal]   inprocess_active_world_size ..................... 1
[algo1a-g3-l0-modal] 
[algo1a-g3-l0-modal]   inprocess_barrier_timeout ....................... 120
[algo1a-g3-l0-modal] 
[algo1a-g3-l0-modal]   inprocess_completion_timeout .................... 120
[algo1a-g3-l0-modal] 
[algo1a-g3-l0-modal]   inprocess_empty_cuda_cache ...................... False
[algo1a-g3-l0-modal] 
[algo1a-g3-l0-modal]   inprocess_granularity ........................... node
[algo1a-g3-l0-modal] 
[algo1a-g3-l0-modal]   inprocess_hard_timeout .......................... 90
[algo1a-g3-l0-modal] 
[algo1a-g3-l0-modal]   inprocess_heartbeat_interval .................... 30
[algo1a-g3-l0-modal] 
[algo1a-g3-l0-modal]   inprocess_heartbeat_timeout ..................... 60
[algo1a-g3-l0-modal] 
[algo1a-g3-l0-modal]   inprocess_last_call_wait ........................ 1
[algo1a-g3-l0-modal] 
[algo1a-g3-l0-modal]   inprocess_max_iterations ........................ None
[algo1a-g3-l0-modal] 
[algo1a-g3-l0-modal]   inprocess_monitor_process_interval .............. 1.0
[algo1a-g3-l0-modal] 
[algo1a-g3-l0-modal]   inprocess_monitor_thread_interval ............... 1.0
[algo1a-g3-l0-modal] 
[algo1a-g3-l0-modal]   inprocess_progress_watchdog_interval ............ 1.0
[algo1a-g3-l0-modal] 
[algo1a-g3-l0-modal]   inprocess_restart ............................... False
[algo1a-g3-l0-modal] 
[algo1a-g3-l0-modal]   inprocess_soft_timeout .......................... 60
[algo1a-g3-l0-modal] 
[algo1a-g3-l0-modal]   inprocess_termination_grace_time ................ 1
[algo1a-g3-l0-modal] 
[algo1a-g3-l0-modal]   input_key ....................................... messages
[algo1a-g3-l0-modal] 
[algo1a-g3-l0-modal]   is_hybrid_model ................................. False
[algo1a-g3-l0-modal] 
[algo1a-g3-l0-modal]   iter_per_epoch .................................. 1250
[algo1a-g3-l0-modal] 
[algo1a-g3-l0-modal]   iterations_to_skip .............................. []
[algo1a-g3-l0-modal] 
[algo1a-g3-l0-modal]   keep_fp8_transpose_cache ........................ False
[algo1a-g3-l0-modal] 
[algo1a-g3-l0-modal]   keep_old_actor .................................. False
[algo1a-g3-l0-modal] 
[algo1a-g3-l0-modal]   kitchen_attention_backend ....................... sdpa
[algo1a-g3-l0-modal] 
[algo1a-g3-l0-modal]   kl_coef ......................................... 0.0
[algo1a-g3-l0-modal] 
[algo1a-g3-l0-modal]   kl_loss_coef .................................... 0.0
[algo1a-g3-l0-modal] 
[algo1a-g3-l0-modal]   kl_loss_type .................................... k1
[algo1a-g3-l0-modal] 
[algo1a-g3-l0-modal]   kv_channels ..................................... 128
[algo1a-g3-l0-modal] 
[algo1a-g3-l0-modal]   kv_lora_rank .................................... 32
[algo1a-g3-l0-modal] 
[algo1a-g3-l0-modal]   label_key ....................................... label
[algo1a-g3-l0-modal] 
[algo1a-g3-l0-modal]   lambd ........................................... 1.0
[algo1a-g3-l0-modal] 
[algo1a-g3-l0-modal]   langrl_env_config ............................... None
[algo1a-g3-l0-modal] 
[algo1a-g3-l0-modal]   layernorm_epsilon ............................... 1e-06
[algo1a-g3-l0-modal] 
[algo1a-g3-l0-modal]   layernorm_zero_centered_gamma ................... False
[algo1a-g3-l0-modal] 
[algo1a-g3-l0-modal]   lazy_mpu_init ................................... False
[algo1a-g3-l0-modal] 
[algo1a-g3-l0-modal]   linear_attention_backend ........................ fla
[algo1a-g3-l0-modal] 
[algo1a-g3-l0-modal]   linear_attention_freq ........................... None
[algo1a-g3-l0-modal] 
[algo1a-g3-l0-modal]   linear_attention_type ........................... None
[algo1a-g3-l0-modal] 
[algo1a-g3-l0-modal]   linear_conv_kernel_dim .......................... 4
[algo1a-g3-l0-modal] 
[algo1a-g3-l0-modal]   linear_cp_mode .................................. chunkwise
[algo1a-g3-l0-modal] 
[algo1a-g3-l0-modal]   linear_key_head_dim ............................. 128
[algo1a-g3-l0-modal] 
[algo1a-g3-l0-modal]   linear_num_key_heads ............................ 16
[algo1a-g3-l0-modal] 
[algo1a-g3-l0-modal]   linear_num_value_heads .......................... 32
[algo1a-g3-l0-modal] 
[algo1a-g3-l0-modal]   linear_value_head_dim ........................... 128
[algo1a-g3-l0-modal] 
[algo1a-g3-l0-modal]   lion_beta1 ...................................... 0.95
[algo1a-g3-l0-modal] 
[algo1a-g3-l0-modal]   lion_beta2 ...................................... 0.98
[algo1a-g3-l0-modal] 
[algo1a-g3-l0-modal]   load ............................................ /root/.cache/huggingface/hub/models--Qwen--Qwen3-0.6B/snapshots/c1899de289a04d12100db370d81485cdf75e47ca
[algo1a-g3-l0-modal] 
[algo1a-g3-l0-modal]   load_debug_rollout_data ......................... None
[algo1a-g3-l0-modal] 
[algo1a-g3-l0-modal]   load_debug_rollout_data_subsample ............... None
[algo1a-g3-l0-modal] 
[algo1a-g3-l0-modal]   load_main_params_from_ckpt ...................... False
[algo1a-g3-l0-modal] 
[algo1a-g3-l0-modal]   local_rank ...................................... 0
[algo1a-g3-l0-modal] 
[algo1a-g3-l0-modal]   log_correct_samples ............................. False
[algo1a-g3-l0-modal] 
[algo1a-g3-l0-modal]   log_device_memory_used .......................... False
[algo1a-g3-l0-modal] 
[algo1a-g3-l0-modal]   log_energy ...................................... False
[algo1a-g3-l0-modal] 
[algo1a-g3-l0-modal]   log_interval .................................... 100
[algo1a-g3-l0-modal] 
[algo1a-g3-l0-modal]   log_loss_scale_to_tensorboard ................... True
[algo1a-g3-l0-modal] 
[algo1a-g3-l0-modal]   log_max_attention_logit ......................... False
[algo1a-g3-l0-modal] 
[algo1a-g3-l0-modal]   log_memory_interval ............................. None
[algo1a-g3-l0-modal] 
[algo1a-g3-l0-modal]   log_memory_to_tensorboard ....................... False
[algo1a-g3-l0-modal] 
[algo1a-g3-l0-modal]   log_moe_overload_factor ......................... False
[algo1a-g3-l0-modal] 
[algo1a-g3-l0-modal]   log_multi_turn .................................. False
[algo1a-g3-l0-modal] 
[algo1a-g3-l0-modal]   log_num_zeros_in_grad ........................... False
[algo1a-g3-l0-modal] 
[algo1a-g3-l0-modal]   log_params_norm ................................. False
[algo1a-g3-l0-modal] 
[algo1a-g3-l0-modal]   log_passrate .................................... False
[algo1a-g3-l0-modal] 
[algo1a-g3-l0-modal]   log_probs_chunk_size ............................ -1
[algo1a-g3-l0-modal] 
[algo1a-g3-l0-modal]   log_probs_max_tokens_per_gpu .................... None
[algo1a-g3-l0-modal] 
[algo1a-g3-l0-modal]   log_progress .................................... False
[algo1a-g3-l0-modal] 
[algo1a-g3-l0-modal]   log_reward_category ............................. None
[algo1a-g3-l0-modal] 
[algo1a-g3-l0-modal]   log_straggler ................................... False
[algo1a-g3-l0-modal] 
[algo1a-g3-l0-modal]   log_throughput .................................. False
[algo1a-g3-l0-modal] 
[algo1a-g3-l0-modal]   log_timers_to_tensorboard ....................... False
[algo1a-g3-l0-modal] 
[algo1a-g3-l0-modal]   log_validation_ppl_to_tensorboard ............... False
[algo1a-g3-l0-modal] 
[algo1a-g3-l0-modal]   log_world_size_to_tensorboard ................... False
[algo1a-g3-l0-modal] 
[algo1a-g3-l0-modal]   logging_level ................................... None
[algo1a-g3-l0-modal] 
[algo1a-g3-l0-modal]   logits_load_decode_threads ...................... 4
[algo1a-g3-l0-modal] 
[algo1a-g3-l0-modal]   logits_load_dir ................................. None
[algo1a-g3-l0-modal] 
[algo1a-g3-l0-modal]   logits_load_ignore_errors ....................... False
[algo1a-g3-l0-modal] 
[algo1a-g3-l0-modal]   logits_load_kd_loss_alpha ....................... 1.0
[algo1a-g3-l0-modal] 
[algo1a-g3-l0-modal]   logits_load_msc_prefetch_depth .................. 2
[algo1a-g3-l0-modal] 
[algo1a-g3-l0-modal]   logits_load_prefetch_factor ..................... 3
[algo1a-g3-l0-modal] 
[algo1a-g3-l0-modal]   logits_save_dir ................................. None
[algo1a-g3-l0-modal] 
[algo1a-g3-l0-modal]   logits_save_dtype ............................... fp16
[algo1a-g3-l0-modal] 
[algo1a-g3-l0-modal]   logits_save_top_k ............................... None
[algo1a-g3-l0-modal] 
[algo1a-g3-l0-modal]   logits_save_top_p ............................... None
[algo1a-g3-l0-modal] 
[algo1a-g3-l0-modal]   logits_save_top_p_min_k ......................... 1
[algo1a-g3-l0-modal] 
[algo1a-g3-l0-modal]   lora_adapter_path ............................... None
[algo1a-g3-l0-modal] 
[algo1a-g3-l0-modal]   lora_adapter_targets ............................ ['down_proj', 'gate_proj', 'k_proj', 'o_proj', 'q_proj', 'up_proj', 'v_proj']
[algo1a-g3-l0-modal] 
[algo1a-g3-l0-modal]   lora_alpha ...................................... 16
[algo1a-g3-l0-modal] 
[algo1a-g3-l0-modal]   lora_base_cpu_backup ............................ True
[algo1a-g3-l0-modal] 
[algo1a-g3-l0-modal]   lora_dropout .................................... 0.0
[algo1a-g3-l0-modal] 
[algo1a-g3-l0-modal]   lora_rank ....................................... 16
[algo1a-g3-l0-modal] 
[algo1a-g3-l0-modal]   lora_sync_from_tensor ........................... False
[algo1a-g3-l0-modal] 
[algo1a-g3-l0-modal]   lora_train_only ................................. False
[algo1a-g3-l0-modal] 
[algo1a-g3-l0-modal]   lora_type ....................................... canonical_lora
[algo1a-g3-l0-modal] 
[algo1a-g3-l0-modal]   loss_mask_type .................................. qwen
[algo1a-g3-l0-modal] 
[algo1a-g3-l0-modal]   loss_scale ...................................... None
[algo1a-g3-l0-modal] 
[algo1a-g3-l0-modal]   loss_scale_window ............................... 1000
[algo1a-g3-l0-modal] 
[algo1a-g3-l0-modal]   loss_type ....................................... policy_loss
[algo1a-g3-l0-modal] 
[algo1a-g3-l0-modal]   low_memory_resume ............................... False
[algo1a-g3-l0-modal] 
[algo1a-g3-l0-modal]   lr .............................................. 1e-05
[algo1a-g3-l0-modal] 
[algo1a-g3-l0-modal]   lr_decay_iters .................................. 3
[algo1a-g3-l0-modal] 
[algo1a-g3-l0-modal]   lr_decay_samples ................................ None
[algo1a-g3-l0-modal] 
[algo1a-g3-l0-modal]   lr_decay_style .................................. linear
[algo1a-g3-l0-modal] 
[algo1a-g3-l0-modal]   lr_warmup_fraction .............................. None
[algo1a-g3-l0-modal] 
[algo1a-g3-l0-modal]   lr_warmup_init .................................. 0.0
[algo1a-g3-l0-modal] 
[algo1a-g3-l0-modal]   lr_warmup_iters ................................. 0
[algo1a-g3-l0-modal] 
[algo1a-g3-l0-modal]   lr_warmup_samples ............................... 0
[algo1a-g3-l0-modal] 
[algo1a-g3-l0-modal]   lr_wsd_decay_iters .............................. None
[algo1a-g3-l0-modal] 
[algo1a-g3-l0-modal]   lr_wsd_decay_samples ............................ None
[algo1a-g3-l0-modal] 
[algo1a-g3-l0-modal]   lr_wsd_decay_style .............................. exponential
[algo1a-g3-l0-modal] 
[algo1a-g3-l0-modal]   main_grads_dtype ................................ torch.float32
[algo1a-g3-l0-modal] 
[algo1a-g3-l0-modal]   main_params_dtype ............................... torch.float32
[algo1a-g3-l0-modal] 
[algo1a-g3-l0-modal]   make_vocab_size_divisible_by .................... 128
[algo1a-g3-l0-modal] 
[algo1a-g3-l0-modal]   mamba_head_dim .................................. 64
[algo1a-g3-l0-modal] 
[algo1a-g3-l0-modal]   mamba_inference_conv_states_dtype ............... torch.bfloat16
[algo1a-g3-l0-modal] 
[algo1a-g3-l0-modal]   mamba_inference_ssm_states_dtype ................ torch.bfloat16
[algo1a-g3-l0-modal] 
[algo1a-g3-l0-modal]   mamba_num_groups ................................ 8
[algo1a-g3-l0-modal] 
[algo1a-g3-l0-modal]   mamba_num_heads ................................. None
[algo1a-g3-l0-modal] 
[algo1a-g3-l0-modal]   mamba_state_dim ................................. 128
[algo1a-g3-l0-modal] 
[algo1a-g3-l0-modal]   mamba_training_ssm_states_dtype ................. None
[algo1a-g3-l0-modal] 
[algo1a-g3-l0-modal]   manual_gc ....................................... False
[algo1a-g3-l0-modal] 
[algo1a-g3-l0-modal]   manual_gc_eval .................................. True
[algo1a-g3-l0-modal] 
[algo1a-g3-l0-modal]   manual_gc_interval .............................. 0
[algo1a-g3-l0-modal] 
[algo1a-g3-l0-modal]   mask_factor ..................................... 1.0
[algo1a-g3-l0-modal] 
[algo1a-g3-l0-modal]   mask_offpolicy_in_partial_rollout ............... False
[algo1a-g3-l0-modal] 
[algo1a-g3-l0-modal]   mask_prob ....................................... 0.15
[algo1a-g3-l0-modal] 
[algo1a-g3-l0-modal]   mask_type ....................................... random
[algo1a-g3-l0-modal] 
[algo1a-g3-l0-modal]   masked_softmax_fusion ........................... True
[algo1a-g3-l0-modal] 
[algo1a-g3-l0-modal]   max_position_embeddings ......................... 1024
[algo1a-g3-l0-modal] 
[algo1a-g3-l0-modal]   max_seqlen_per_dp_cp_rank ....................... None
[algo1a-g3-l0-modal] 
[algo1a-g3-l0-modal]   max_tokens_per_gpu .............................. None
[algo1a-g3-l0-modal] 
[algo1a-g3-l0-modal]   max_tokens_to_oom ............................... 12000
[algo1a-g3-l0-modal] 
[algo1a-g3-l0-modal]   max_weight_staleness ............................ None
[algo1a-g3-l0-modal] 
[algo1a-g3-l0-modal]   megatron_config ................................. None
[algo1a-g3-l0-modal] 
[algo1a-g3-l0-modal]   megatron_fsdp_cache_param_bucket_views .......... False
[algo1a-g3-l0-modal] 
[algo1a-g3-l0-modal]   megatron_fsdp_enable_fine_grained_param_gather .. False
[algo1a-g3-l0-modal] 
[algo1a-g3-l0-modal]   megatron_fsdp_grad_comm_dtype ................... None
[algo1a-g3-l0-modal] 
[algo1a-g3-l0-modal]   megatron_fsdp_main_grads_dtype .................. None
[algo1a-g3-l0-modal] 
[algo1a-g3-l0-modal]   megatron_fsdp_main_params_dtype ................. torch.float32
[algo1a-g3-l0-modal] 
[algo1a-g3-l0-modal]   megatron_fsdp_max_pool_double_buffer ............ False
[algo1a-g3-l0-modal] 
[algo1a-g3-l0-modal]   megatron_fsdp_prefetch_recompute_forward_weights  False
[algo1a-g3-l0-modal] 
[algo1a-g3-l0-modal]   megatron_to_hf_mode ............................. bridge
[algo1a-g3-l0-modal] 
[algo1a-g3-l0-modal]   memory_recorder ................................. torch
[algo1a-g3-l0-modal] 
[algo1a-g3-l0-modal]   memory_snapshot_dir ............................. .
[algo1a-g3-l0-modal] 
[algo1a-g3-l0-modal]   memory_snapshot_num_steps ....................... None
[algo1a-g3-l0-modal] 
[algo1a-g3-l0-modal]   memory_snapshot_path ............................ snapshot.pickle
[algo1a-g3-l0-modal] 
[algo1a-g3-l0-modal]   merge_file ...................................... None
[algo1a-g3-l0-modal] 
[algo1a-g3-l0-modal]   metadata_key .................................... metadata
[algo1a-g3-l0-modal] 
[algo1a-g3-l0-modal]   metadata_path ................................... None
[algo1a-g3-l0-modal] 
[algo1a-g3-l0-modal]   mfu_peak_tflops ................................. None
[algo1a-g3-l0-modal] 
[algo1a-g3-l0-modal]   mhc_init_gating_factor .......................... 0.01
[algo1a-g3-l0-modal] 
[algo1a-g3-l0-modal]   mhc_recompute_layer_num ......................... None
[algo1a-g3-l0-modal] 
[algo1a-g3-l0-modal]   mhc_sinkhorn_iterations ......................... 20
[algo1a-g3-l0-modal] 
[algo1a-g3-l0-modal]   micro_batch_size ................................ 1
[algo1a-g3-l0-modal] 
[algo1a-g3-l0-modal]   microbatch_group_size_per_vp_stage .............. None
[algo1a-g3-l0-modal] 
[algo1a-g3-l0-modal]   mid_level_dataset_surplus ....................... 0.005
[algo1a-g3-l0-modal] 
[algo1a-g3-l0-modal]   miles_dsa_topk_backend .......................... torch
[algo1a-g3-l0-modal] 
[algo1a-g3-l0-modal]   miles_router_health_check_failure_threshold ..... 3
[algo1a-g3-l0-modal] 
[algo1a-g3-l0-modal]   miles_router_max_connections .................... None
[algo1a-g3-l0-modal] 
[algo1a-g3-l0-modal]   miles_router_timeout ............................ None
[algo1a-g3-l0-modal] 
[algo1a-g3-l0-modal]   min_batch_collection_ratio ...................... 1
[algo1a-g3-l0-modal] 
[algo1a-g3-l0-modal]   min_dynamic_context_parallel_size ............... 1
[algo1a-g3-l0-modal] 
[algo1a-g3-l0-modal]   min_loss_scale .................................. 1.0
[algo1a-g3-l0-modal] 
[algo1a-g3-l0-modal]   min_lr .......................................... 0.0
[algo1a-g3-l0-modal] 
[algo1a-g3-l0-modal]   min_offloaded_tensor_size ....................... 1048576
[algo1a-g3-l0-modal] 
[algo1a-g3-l0-modal]   mini_ft_controller_enable ....................... False
[algo1a-g3-l0-modal] 
[algo1a-g3-l0-modal]   mini_ft_controller_poll_interval ................ 10.0
[algo1a-g3-l0-modal] 
[algo1a-g3-l0-modal]   mini_ft_controller_resume_delay ................. 10.0
[algo1a-g3-l0-modal] 
[algo1a-g3-l0-modal]   mla_down_proj_fusion ............................ False
[algo1a-g3-l0-modal] 
[algo1a-g3-l0-modal]   mlflow_experiment_name .......................... miles
[algo1a-g3-l0-modal] 
[algo1a-g3-l0-modal]   mlflow_run_id ................................... None
[algo1a-g3-l0-modal] 
[algo1a-g3-l0-modal]   mlflow_run_name ................................. None
[algo1a-g3-l0-modal] 
[algo1a-g3-l0-modal]   mlflow_tracking_uri ............................. None
[algo1a-g3-l0-modal] 
[algo1a-g3-l0-modal]   mlp_chunks_for_prefill .......................... 1
[algo1a-g3-l0-modal] 
[algo1a-g3-l0-modal]   mlp_chunks_for_training ......................... 1
[algo1a-g3-l0-modal] 
[algo1a-g3-l0-modal]   mmap_bin_files .................................. True
[algo1a-g3-l0-modal] 
[algo1a-g3-l0-modal]   mock_data ....................................... False
[algo1a-g3-l0-modal] 
[algo1a-g3-l0-modal]   model_name ...................................... GPTModelProvider
[algo1a-g3-l0-modal] 
[algo1a-g3-l0-modal]   moe_activation_in_fp32 .......................... False
[algo1a-g3-l0-modal] 
[algo1a-g3-l0-modal]   moe_apply_probs_on_input ........................ False
[algo1a-g3-l0-modal] 
[algo1a-g3-l0-modal]   moe_aux_loss_coeff .............................. 0.0
[algo1a-g3-l0-modal] 
[algo1a-g3-l0-modal]   moe_combine_in_fp32 ............................. False
[algo1a-g3-l0-modal] 
[algo1a-g3-l0-modal]   moe_deepep_num_sms .............................. None
[algo1a-g3-l0-modal] 
[algo1a-g3-l0-modal]   moe_enable_deepep ............................... False
[algo1a-g3-l0-modal] 
[algo1a-g3-l0-modal]   moe_enable_routing_replay ....................... False
[algo1a-g3-l0-modal] 
[algo1a-g3-l0-modal]   moe_expert_capacity_factor ...................... None
[algo1a-g3-l0-modal] 
[algo1a-g3-l0-modal]   moe_expert_rank_capacity_factor ................. None
[algo1a-g3-l0-modal] 
[algo1a-g3-l0-modal]   moe_ffn_hidden_size ............................. None
[algo1a-g3-l0-modal] 
[algo1a-g3-l0-modal]   moe_flex_dispatcher_backend ..................... deepep
[algo1a-g3-l0-modal] 
[algo1a-g3-l0-modal]   moe_flex_dispatcher_num_sms ..................... None
[algo1a-g3-l0-modal] 
[algo1a-g3-l0-modal]   moe_grouped_gemm ................................ False
[algo1a-g3-l0-modal] 
[algo1a-g3-l0-modal]   moe_hybridep_num_blocks_permute ................. None
[algo1a-g3-l0-modal] 
[algo1a-g3-l0-modal]   moe_hybridep_num_blocks_unpermute ............... None
[algo1a-g3-l0-modal] 
[algo1a-g3-l0-modal]   moe_hybridep_num_sms ............................ None
[algo1a-g3-l0-modal] 
[algo1a-g3-l0-modal]   moe_hybridep_num_sms_preprocessing .............. 108
[algo1a-g3-l0-modal] 
[algo1a-g3-l0-modal]   moe_hybridep_pad_variable_tokens ................ False
[algo1a-g3-l0-modal] 
[algo1a-g3-l0-modal]   moe_input_jitter_eps ............................ None
[algo1a-g3-l0-modal] 
[algo1a-g3-l0-modal]   moe_latent_size ................................. None
[algo1a-g3-l0-modal] 
[algo1a-g3-l0-modal]   moe_latent_use_norm ............................. False
[algo1a-g3-l0-modal] 
[algo1a-g3-l0-modal]   moe_layer_freq .................................. 1
[algo1a-g3-l0-modal] 
[algo1a-g3-l0-modal]   moe_layer_recompute ............................. False
[algo1a-g3-l0-modal] 
[algo1a-g3-l0-modal]   moe_mlp_glu_interleave_size ..................... None
[algo1a-g3-l0-modal] 
[algo1a-g3-l0-modal]   moe_n_hash_layers ............................... 0
[algo1a-g3-l0-modal] 
[algo1a-g3-l0-modal]   moe_ncclep_static_shape ......................... False
[algo1a-g3-l0-modal] 
[algo1a-g3-l0-modal]   moe_ncclep_use_symm_mem ......................... False
[algo1a-g3-l0-modal] 
[algo1a-g3-l0-modal]   moe_pad_expert_input_to_capacity ................ False
[algo1a-g3-l0-modal] 
[algo1a-g3-l0-modal]   moe_pad_experts_for_cuda_graph_inference ........ False
[algo1a-g3-l0-modal] 
[algo1a-g3-l0-modal]   moe_paged_stash ................................. False
[algo1a-g3-l0-modal] 
[algo1a-g3-l0-modal]   moe_paged_stash_buffer_size_factor_cpu .......... 0.0
[algo1a-g3-l0-modal] 
[algo1a-g3-l0-modal]   moe_paged_stash_buffer_size_factor_cuda ......... 1.1
[algo1a-g3-l0-modal] 
[algo1a-g3-l0-modal]   moe_paged_stash_page_size ....................... 64
[algo1a-g3-l0-modal] 
[algo1a-g3-l0-modal]   moe_per_layer_logging ........................... False
[algo1a-g3-l0-modal] 
[algo1a-g3-l0-modal]   moe_permute_fusion .............................. False
[algo1a-g3-l0-modal] 
[algo1a-g3-l0-modal]   moe_permute_fusion_into_hybridep ................ False
[algo1a-g3-l0-modal] 
[algo1a-g3-l0-modal]   moe_router_bias_update_rate ..................... 0.001
[algo1a-g3-l0-modal] 
[algo1a-g3-l0-modal]   moe_router_dtype ................................ None
[algo1a-g3-l0-modal] 
[algo1a-g3-l0-modal]   moe_router_enable_expert_bias ................... False
[algo1a-g3-l0-modal] 
[algo1a-g3-l0-modal]   moe_router_force_biased ......................... None
[algo1a-g3-l0-modal] 
[algo1a-g3-l0-modal]   moe_router_force_load_balancing ................. False
[algo1a-g3-l0-modal] 
[algo1a-g3-l0-modal]   moe_router_freeze_gate .......................... False
[algo1a-g3-l0-modal] 
[algo1a-g3-l0-modal]   moe_router_fusion ............................... False
[algo1a-g3-l0-modal] 
[algo1a-g3-l0-modal]   moe_router_group_topk ........................... None
[algo1a-g3-l0-modal] 
[algo1a-g3-l0-modal]   moe_router_load_balancing_type .................. aux_loss
[algo1a-g3-l0-modal] 
[algo1a-g3-l0-modal]   moe_router_num_groups ........................... None
[algo1a-g3-l0-modal] 
[algo1a-g3-l0-modal]   moe_router_padding_for_fp8 ...................... False
[algo1a-g3-l0-modal] 
[algo1a-g3-l0-modal]   moe_router_padding_for_quantization ............. False
[algo1a-g3-l0-modal] 
[algo1a-g3-l0-modal]   moe_router_pre_softmax .......................... False
[algo1a-g3-l0-modal] 
[algo1a-g3-l0-modal]   moe_router_score_function ....................... softmax
[algo1a-g3-l0-modal] 
[algo1a-g3-l0-modal]   moe_router_topk ................................. 2
[algo1a-g3-l0-modal] 
[algo1a-g3-l0-modal]   moe_router_topk_scaling_factor .................. None
[algo1a-g3-l0-modal] 
[algo1a-g3-l0-modal]   moe_router_use_torch_mm ......................... True
[algo1a-g3-l0-modal] 
[algo1a-g3-l0-modal]   moe_routing_trace_capture_hidden_states ......... False
[algo1a-g3-l0-modal] 
[algo1a-g3-l0-modal]   moe_routing_trace_capture_logits ................ False
[algo1a-g3-l0-modal] 
[algo1a-g3-l0-modal]   moe_routing_trace_dump_weights .................. False
[algo1a-g3-l0-modal] 
[algo1a-g3-l0-modal]   moe_routing_trace_max_training_iters ............ None
[algo1a-g3-l0-modal] 
[algo1a-g3-l0-modal]   moe_routing_trace_path .......................... None
[algo1a-g3-l0-modal] 
[algo1a-g3-l0-modal]   moe_shared_expert_gate .......................... False
[algo1a-g3-l0-modal] 
[algo1a-g3-l0-modal]   moe_shared_expert_glu_interleave_size ........... None
[algo1a-g3-l0-modal] 
[algo1a-g3-l0-modal]   moe_shared_expert_intermediate_size ............. None
[algo1a-g3-l0-modal] 
[algo1a-g3-l0-modal]   moe_shared_expert_overlap ....................... False
[algo1a-g3-l0-modal] 
[algo1a-g3-l0-modal]   moe_single_grouped_bias ......................... False
[algo1a-g3-l0-modal] 
[algo1a-g3-l0-modal]   moe_single_grouped_weight ....................... False
[algo1a-g3-l0-modal] 
[algo1a-g3-l0-modal]   moe_token_dispatcher_type ....................... allgather
[algo1a-g3-l0-modal] 
[algo1a-g3-l0-modal]   moe_token_drop_policy ........................... probs
[algo1a-g3-l0-modal] 
[algo1a-g3-l0-modal]   moe_upcycling_granularity ....................... 1
[algo1a-g3-l0-modal] 
[algo1a-g3-l0-modal]   moe_use_upcycling ............................... False
[algo1a-g3-l0-modal] 
[algo1a-g3-l0-modal]   moe_z_loss_coeff ................................ None
[algo1a-g3-l0-modal] 
[algo1a-g3-l0-modal]   mooncake_replica_num ............................ 1
[algo1a-g3-l0-modal] 
[algo1a-g3-l0-modal]   mooncake_store_init_kwargs ...................... None
[algo1a-g3-l0-modal] 
[algo1a-g3-l0-modal]   mrope_interleaved ............................... False
[algo1a-g3-l0-modal] 
[algo1a-g3-l0-modal]   mrope_section ................................... None
[algo1a-g3-l0-modal] 
[algo1a-g3-l0-modal]   mscale .......................................... 1.0
[algo1a-g3-l0-modal] 
[algo1a-g3-l0-modal]   mscale_all_dim .................................. 0.0
[algo1a-g3-l0-modal] 
[algo1a-g3-l0-modal]   mtp_detach_heads ................................ False
[algo1a-g3-l0-modal] 
[algo1a-g3-l0-modal]   mtp_hybrid_override_pattern ..................... None
[algo1a-g3-l0-modal] 
[algo1a-g3-l0-modal]   mtp_loss_scaling_factor ......................... 0.2
[algo1a-g3-l0-modal] 
[algo1a-g3-l0-modal]   mtp_num_layers .................................. None
[algo1a-g3-l0-modal] 
[algo1a-g3-l0-modal]   mtp_standalone .................................. False
[algo1a-g3-l0-modal] 
[algo1a-g3-l0-modal]   mtp_use_repeated_layer .......................... False
[algo1a-g3-l0-modal] 
[algo1a-g3-l0-modal]   multi_latent_attention .......................... False
[algo1a-g3-l0-modal] 
[algo1a-g3-l0-modal]   multi_lora ...................................... False
[algo1a-g3-l0-modal] 
[algo1a-g3-l0-modal]   multi_lora_n_adapters ........................... 0
[algo1a-g3-l0-modal] 
[algo1a-g3-l0-modal]   multimodal_keys ................................. None
[algo1a-g3-l0-modal] 
[algo1a-g3-l0-modal]   multiple_validation_sets ........................ False
[algo1a-g3-l0-modal] 
[algo1a-g3-l0-modal]   muon_coefficient_type ........................... quintic
[algo1a-g3-l0-modal] 
[algo1a-g3-l0-modal]   muon_extra_scale_factor ......................... 1.0
[algo1a-g3-l0-modal] 
[algo1a-g3-l0-modal]   muon_fp32_matmul_prec ........................... medium
[algo1a-g3-l0-modal] 
[algo1a-g3-l0-modal]   muon_momentum ................................... 0.9
[algo1a-g3-l0-modal] 
[algo1a-g3-l0-modal]   muon_nesterov ................................... False
[algo1a-g3-l0-modal] 
[algo1a-g3-l0-modal]   muon_num_ns_steps ............................... 5
[algo1a-g3-l0-modal] 
[algo1a-g3-l0-modal]   muon_scalar_optimizer ........................... adam
[algo1a-g3-l0-modal] 
[algo1a-g3-l0-modal]   muon_scale_mode ................................. spectral
[algo1a-g3-l0-modal] 
[algo1a-g3-l0-modal]   muon_split_qkv .................................. True
[algo1a-g3-l0-modal] 
[algo1a-g3-l0-modal]   muon_tp_mode .................................... blockwise
[algo1a-g3-l0-modal] 
[algo1a-g3-l0-modal]   mup_attn_scale_power ............................ 1.0
[algo1a-g3-l0-modal] 
[algo1a-g3-l0-modal]   mup_base_head_dim ............................... None
[algo1a-g3-l0-modal] 
[algo1a-g3-l0-modal]   mup_base_hidden_size ............................ None
[algo1a-g3-l0-modal] 
[algo1a-g3-l0-modal]   mup_embedding_mult .............................. 1.0
[algo1a-g3-l0-modal] 
[algo1a-g3-l0-modal]   mup_output_mult ................................. 1.0
[algo1a-g3-l0-modal] 
[algo1a-g3-l0-modal]   mup_width_mult .................................. 1.0
[algo1a-g3-l0-modal] 
[algo1a-g3-l0-modal]   n_samples_per_eval_prompt ....................... 1
[algo1a-g3-l0-modal] 
[algo1a-g3-l0-modal]   n_samples_per_prompt ............................ 8
[algo1a-g3-l0-modal] 
[algo1a-g3-l0-modal]   nccl_all_reduce_for_prefill ..................... False
[algo1a-g3-l0-modal] 
[algo1a-g3-l0-modal]   nccl_communicator_config_path ................... None
[algo1a-g3-l0-modal] 
[algo1a-g3-l0-modal]   nccl_ub ......................................... False
[algo1a-g3-l0-modal] 
[algo1a-g3-l0-modal]   no_load_optim ................................... True
[algo1a-g3-l0-modal] 
[algo1a-g3-l0-modal]   no_load_rng ..................................... True
[algo1a-g3-l0-modal] 
[algo1a-g3-l0-modal]   no_persist_layer_norm ........................... False
[algo1a-g3-l0-modal] 
[algo1a-g3-l0-modal]   no_rope_freq .................................... None
[algo1a-g3-l0-modal] 
[algo1a-g3-l0-modal]   no_save_optim ................................... True
[algo1a-g3-l0-modal] 
[algo1a-g3-l0-modal]   no_save_rng ..................................... True
[algo1a-g3-l0-modal] 
[algo1a-g3-l0-modal]   no_weight_decay_cond_type ....................... None
[algo1a-g3-l0-modal] 
[algo1a-g3-l0-modal]   non_persistent_ckpt_type ........................ None
[algo1a-g3-l0-modal] 
[algo1a-g3-l0-modal]   non_persistent_global_ckpt_dir .................. None
[algo1a-g3-l0-modal] 
[algo1a-g3-l0-modal]   non_persistent_local_ckpt_algo .................. fully_parallel
[algo1a-g3-l0-modal] 
[algo1a-g3-l0-modal]   non_persistent_local_ckpt_dir ................... None
[algo1a-g3-l0-modal] 
[algo1a-g3-l0-modal]   non_persistent_save_interval .................... None
[algo1a-g3-l0-modal] 
[algo1a-g3-l0-modal]   normalization ................................... RMSNorm
[algo1a-g3-l0-modal] 
[algo1a-g3-l0-modal]   normalize_advantages ............................ False
[algo1a-g3-l0-modal] 
[algo1a-g3-l0-modal]   null_tokenizer_eod_id ........................... None
[algo1a-g3-l0-modal] 
[algo1a-g3-l0-modal]   null_tokenizer_pad_id ........................... -1
[algo1a-g3-l0-modal] 
[algo1a-g3-l0-modal]   num_attention_heads ............................. 16
[algo1a-g3-l0-modal] 
[algo1a-g3-l0-modal]   num_channels .................................... 3
[algo1a-g3-l0-modal] 
[algo1a-g3-l0-modal]   num_classes ..................................... 1000
[algo1a-g3-l0-modal] 
[algo1a-g3-l0-modal]   num_critic_only_steps ........................... 0
[algo1a-g3-l0-modal] 
[algo1a-g3-l0-modal]   num_dataset_builder_threads ..................... 1
[algo1a-g3-l0-modal] 
[algo1a-g3-l0-modal]   num_distributed_optimizer_instances ............. 1
[algo1a-g3-l0-modal] 
[algo1a-g3-l0-modal]   num_epoch ....................................... None
[algo1a-g3-l0-modal] 
[algo1a-g3-l0-modal]   num_experts ..................................... None
[algo1a-g3-l0-modal] 
[algo1a-g3-l0-modal]   num_gpus_per_node ............................... 1
[algo1a-g3-l0-modal] 
[algo1a-g3-l0-modal]   num_layers ...................................... 28
[algo1a-g3-l0-modal] 
[algo1a-g3-l0-modal]   num_layers_at_end_in_bf16 ....................... 1
[algo1a-g3-l0-modal] 
[algo1a-g3-l0-modal]   num_layers_at_start_in_bf16 ..................... 1
[algo1a-g3-l0-modal] 
[algo1a-g3-l0-modal]   num_layers_per_virtual_pipeline_stage ........... None
[algo1a-g3-l0-modal] 
[algo1a-g3-l0-modal]   num_query_groups ................................ 8
[algo1a-g3-l0-modal] 
[algo1a-g3-l0-modal]   num_residual_streams ............................ 4
[algo1a-g3-l0-modal] 
[algo1a-g3-l0-modal]   num_rollout ..................................... 3
[algo1a-g3-l0-modal] 
[algo1a-g3-l0-modal]   num_speculative_tokens .......................... 0
[algo1a-g3-l0-modal] 
[algo1a-g3-l0-modal]   num_steps_per_rollout ........................... 1
[algo1a-g3-l0-modal] 
[algo1a-g3-l0-modal]   num_virtual_stages_per_pipeline_rank ............ None
[algo1a-g3-l0-modal] 
[algo1a-g3-l0-modal]   num_workers ..................................... 2
[algo1a-g3-l0-modal] 
[algo1a-g3-l0-modal]   nvtx_ranges ..................................... False
[algo1a-g3-l0-modal] 
[algo1a-g3-l0-modal]   o_groups ........................................ 8
[algo1a-g3-l0-modal] 
[algo1a-g3-l0-modal]   o_lora_rank ..................................... 1024
[algo1a-g3-l0-modal] 
[algo1a-g3-l0-modal]   object_storage_cache_path ....................... None
[algo1a-g3-l0-modal] 
[algo1a-g3-l0-modal]   object_store_backend ............................ ray
[algo1a-g3-l0-modal] 
[algo1a-g3-l0-modal]   observe_training_entropy ........................ False
[algo1a-g3-l0-modal] 
[algo1a-g3-l0-modal]   offload_modules ................................. []
[algo1a-g3-l0-modal] 
[algo1a-g3-l0-modal]   offload_optimizer_states ........................ False
[algo1a-g3-l0-modal] 
[algo1a-g3-l0-modal]   offload_rollout ................................. True
[algo1a-g3-l0-modal] 
[algo1a-g3-l0-modal]   offload_rollout_level ........................... ['kv_cache', 'weight']
[algo1a-g3-l0-modal] 
[algo1a-g3-l0-modal]   offload_train ................................... True
[algo1a-g3-l0-modal] 
[algo1a-g3-l0-modal]   offload_train_disk_chunk_mb ..................... 256
[algo1a-g3-l0-modal] 
[algo1a-g3-l0-modal]   offload_train_disk_dir .......................... None
[algo1a-g3-l0-modal] 
[algo1a-g3-l0-modal]   offload_train_target ............................ cpu
[algo1a-g3-l0-modal] 
[algo1a-g3-l0-modal]   one_logger_async ................................ False
[algo1a-g3-l0-modal] 
[algo1a-g3-l0-modal]   one_logger_project .............................. megatron-lm
[algo1a-g3-l0-modal] 
[algo1a-g3-l0-modal]   one_logger_run_name ............................. None
[algo1a-g3-l0-modal] 
[algo1a-g3-l0-modal]   onnx_safe ....................................... None
[algo1a-g3-l0-modal] 
[algo1a-g3-l0-modal]   opd_kl_coef ..................................... 1.0
[algo1a-g3-l0-modal] 
[algo1a-g3-l0-modal]   opd_log_prob_top_k .............................. 0
[algo1a-g3-l0-modal] 
[algo1a-g3-l0-modal]   opd_reward_weight_mode .......................... student_p
[algo1a-g3-l0-modal] 
[algo1a-g3-l0-modal]   opd_teacher_ckpt_step ........................... None
[algo1a-g3-l0-modal] 
[algo1a-g3-l0-modal]   opd_teacher_key ................................. opd_teacher
[algo1a-g3-l0-modal] 
[algo1a-g3-l0-modal]   opd_teacher_load ................................ None
[algo1a-g3-l0-modal] 
[algo1a-g3-l0-modal]   opd_teacher_urls ................................ None
[algo1a-g3-l0-modal] 
[algo1a-g3-l0-modal]   opd_top_k_strategy .............................. only-student
[algo1a-g3-l0-modal] 
[algo1a-g3-l0-modal]   opd_topk_per_position ........................... False
[algo1a-g3-l0-modal] 
[algo1a-g3-l0-modal]   opd_type ........................................ None
[algo1a-g3-l0-modal] 
[algo1a-g3-l0-modal]   openai_gelu ..................................... False
[algo1a-g3-l0-modal] 
[algo1a-g3-l0-modal]   opsm_delta ...................................... 0.0001
[algo1a-g3-l0-modal] 
[algo1a-g3-l0-modal]   optimizer ....................................... adam
[algo1a-g3-l0-modal] 
[algo1a-g3-l0-modal]   optimizer_cpu_offload ........................... False
[algo1a-g3-l0-modal] 
[algo1a-g3-l0-modal]   optimizer_cuda_graph ............................ False
[algo1a-g3-l0-modal] 
[algo1a-g3-l0-modal]   optimizer_offload_fraction ...................... 1.0
[algo1a-g3-l0-modal] 
[algo1a-g3-l0-modal]   optimizer_state_offload_chunk_size_mb ........... 0
[algo1a-g3-l0-modal] 
[algo1a-g3-l0-modal]   optimizer_state_offload_fraction ................ 1.0
[algo1a-g3-l0-modal] 
[algo1a-g3-l0-modal]   original_max_position_embeddings ................ 4096
[algo1a-g3-l0-modal] 
[algo1a-g3-l0-modal]   outer_dp_sharding_strategy ...................... no_shard
[algo1a-g3-l0-modal] 
[algo1a-g3-l0-modal]   output_bert_embeddings .......................... False
[algo1a-g3-l0-modal] 
[algo1a-g3-l0-modal]   over_sampling_batch_size ........................ 4
[algo1a-g3-l0-modal] 
[algo1a-g3-l0-modal]   overlap_cpu_optimizer_d2h_h2d ................... False
[algo1a-g3-l0-modal] 
[algo1a-g3-l0-modal]   overlap_dispatch_backward_with_experts_wgrad .... False
[algo1a-g3-l0-modal] 
[algo1a-g3-l0-modal]   overlap_grad_reduce ............................. False
[algo1a-g3-l0-modal] 
[algo1a-g3-l0-modal]   overlap_moe_expert_parallel_comm ................ False
[algo1a-g3-l0-modal] 
[algo1a-g3-l0-modal]   overlap_p2p_comm ................................ False
[algo1a-g3-l0-modal] 
[algo1a-g3-l0-modal]   overlap_p2p_comm_warmup_flush ................... False
[algo1a-g3-l0-modal] 
[algo1a-g3-l0-modal]   overlap_param_gather ............................ False
[algo1a-g3-l0-modal] 
[algo1a-g3-l0-modal]   overlap_param_gather_with_optimizer_step ........ False
[algo1a-g3-l0-modal] 
[algo1a-g3-l0-modal]   override_opt_param_scheduler .................... False
[algo1a-g3-l0-modal] 
[algo1a-g3-l0-modal]   p2p_transfer_num_workers ........................ 4
[algo1a-g3-l0-modal] 
[algo1a-g3-l0-modal]   p2p_transfer_timeout ............................ 30.0
[algo1a-g3-l0-modal] 
[algo1a-g3-l0-modal]   pad_packed_seq_alignment ........................ None
[algo1a-g3-l0-modal] 
[algo1a-g3-l0-modal]   pad_vocab_size .................................. True
[algo1a-g3-l0-modal] 
[algo1a-g3-l0-modal]   padded_vocab_size ............................... 151936
[algo1a-g3-l0-modal] 
[algo1a-g3-l0-modal]   params_dtype .................................... torch.bfloat16
[algo1a-g3-l0-modal] 
[algo1a-g3-l0-modal]   partial_rollout ................................. False
[algo1a-g3-l0-modal] 
[algo1a-g3-l0-modal]   patch_dim ....................................... 16
[algo1a-g3-l0-modal] 
[algo1a-g3-l0-modal]   pause_generation_mode ........................... retract
[algo1a-g3-l0-modal] 
[algo1a-g3-l0-modal]   per_dataset_sequences_path ...................... None
[algo1a-g3-l0-modal] 
[algo1a-g3-l0-modal]   per_split_data_args_path ........................ None
[algo1a-g3-l0-modal] 
[algo1a-g3-l0-modal]   perform_initialization .......................... True
[algo1a-g3-l0-modal] 
[algo1a-g3-l0-modal]   perform_rl_step ................................. False
[algo1a-g3-l0-modal] 
[algo1a-g3-l0-modal]   phase_transition_iterations ..................... None
[algo1a-g3-l0-modal] 
[algo1a-g3-l0-modal]   pin_cpu_grads ................................... True
[algo1a-g3-l0-modal] 
[algo1a-g3-l0-modal]   pin_cpu_params .................................. True
[algo1a-g3-l0-modal] 
[algo1a-g3-l0-modal]   pin_rollout_manager_to_head ..................... True
[algo1a-g3-l0-modal] 
[algo1a-g3-l0-modal]   pipeline_model_parallel_comm_backend ............ None
[algo1a-g3-l0-modal] 
[algo1a-g3-l0-modal]   pipeline_model_parallel_layout .................. None
[algo1a-g3-l0-modal] 
[algo1a-g3-l0-modal]   pipeline_model_parallel_size .................... 1
[algo1a-g3-l0-modal] 
[algo1a-g3-l0-modal]   position_embedding_type ......................... rope
[algo1a-g3-l0-modal] 
[algo1a-g3-l0-modal]   post_mlp_layernorm .............................. False
[algo1a-g3-l0-modal] 
[algo1a-g3-l0-modal]   post_self_attn_layernorm ........................ False
[algo1a-g3-l0-modal] 
[algo1a-g3-l0-modal]   prefill_num_servers ............................. None
[algo1a-g3-l0-modal] 
[algo1a-g3-l0-modal]   pretrained_checkpoint ........................... None
[algo1a-g3-l0-modal] 
[algo1a-g3-l0-modal]   profile ......................................... False
[algo1a-g3-l0-modal] 
[algo1a-g3-l0-modal]   profile_ranks ................................... []
[algo1a-g3-l0-modal] 
[algo1a-g3-l0-modal]   profile_step_end ................................ 12
[algo1a-g3-l0-modal] 
[algo1a-g3-l0-modal]   profile_step_start .............................. 10
[algo1a-g3-l0-modal] 
[algo1a-g3-l0-modal]   profile_target .................................. ['train_overall']
[algo1a-g3-l0-modal] 
[algo1a-g3-l0-modal]   prometheus_port ................................. 9090
[algo1a-g3-l0-modal] 
[algo1a-g3-l0-modal]   prometheus_run_name ............................. None
[algo1a-g3-l0-modal] 
[algo1a-g3-l0-modal]   prompt_data ..................................... /root/yeto-rl/prompts.jsonl
[algo1a-g3-l0-modal] 
  pytorch_profiler_collect_callstack .............. False
[algo1a-g3-l0-modal] 
[algo1a-g3-l0-modal]   pytorch_profiler_collect_chakra ................. False
[algo1a-g3-l0-modal] 
[algo1a-g3-l0-modal]   pytorch_profiler_collect_shapes ................. False
[algo1a-g3-l0-modal] 
[algo1a-g3-l0-modal]   q_lora_rank ..................................... None
[algo1a-g3-l0-modal] 
[algo1a-g3-l0-modal]   qk_clip ......................................... False
[algo1a-g3-l0-modal] 
[algo1a-g3-l0-modal]   qk_clip_alpha ................................... 0.5
[algo1a-g3-l0-modal] 
[algo1a-g3-l0-modal]   qk_clip_threshold ............................... 100
[algo1a-g3-l0-modal] 
[algo1a-g3-l0-modal]   qk_head_dim ..................................... 128
[algo1a-g3-l0-modal] 
[algo1a-g3-l0-modal]   qk_l2_norm ...................................... False
[algo1a-g3-l0-modal] 
[algo1a-g3-l0-modal]   qk_layernorm .................................... True
[algo1a-g3-l0-modal] 
[algo1a-g3-l0-modal]   qk_pos_emb_head_dim ............................. 64
[algo1a-g3-l0-modal] 
[algo1a-g3-l0-modal]   qkv_format ...................................... thd
[algo1a-g3-l0-modal] 
[algo1a-g3-l0-modal]   query_in_block_prob ............................. 0.1
[algo1a-g3-l0-modal] 
[algo1a-g3-l0-modal]   quick_geglu ..................................... False
[algo1a-g3-l0-modal] 
[algo1a-g3-l0-modal]   rampup_batch_size ............................... None
[algo1a-g3-l0-modal] 
[algo1a-g3-l0-modal]   rank ............................................ 0
[algo1a-g3-l0-modal] 
[algo1a-g3-l0-modal]   recompute_granularity ........................... None
[algo1a-g3-l0-modal] 
[algo1a-g3-l0-modal]   recompute_logprobs_via_prefill .................. False
[algo1a-g3-l0-modal] 
[algo1a-g3-l0-modal]   recompute_loss_function ......................... False
[algo1a-g3-l0-modal] 
[algo1a-g3-l0-modal]   recompute_method ................................ None
[algo1a-g3-l0-modal] 
[algo1a-g3-l0-modal]   recompute_modules ............................... None
[algo1a-g3-l0-modal] 
[algo1a-g3-l0-modal]   recompute_num_layers ............................ None
[algo1a-g3-l0-modal] 
[algo1a-g3-l0-modal]   record_memory_history ........................... False
[algo1a-g3-l0-modal] 
[algo1a-g3-l0-modal]   record_shapes ................................... False
[algo1a-g3-l0-modal] 
[algo1a-g3-l0-modal]   ref_ckpt_step ................................... None
[algo1a-g3-l0-modal] 
[algo1a-g3-l0-modal]   ref_load ........................................ /root/.cache/huggingface/hub/models--Qwen--Qwen3-0.6B/snapshots/c1899de289a04d12100db370d81485cdf75e47ca
[algo1a-g3-l0-modal] 
[algo1a-g3-l0-modal]   ref_update_interval ............................. None
[algo1a-g3-l0-modal] 
[algo1a-g3-l0-modal]   refit_method .................................... gloo
[algo1a-g3-l0-modal] 
[algo1a-g3-l0-modal]   relative_attention_max_distance ................. 128
[algo1a-g3-l0-modal] 
[algo1a-g3-l0-modal]   relative_attention_num_buckets .................. 32
[algo1a-g3-l0-modal] 
[algo1a-g3-l0-modal]   rematerialize_param_from_master_weight .......... False
[algo1a-g3-l0-modal] 
[algo1a-g3-l0-modal]   replication ..................................... False
[algo1a-g3-l0-modal] 
[algo1a-g3-l0-modal]   replication_factor .............................. 2
[algo1a-g3-l0-modal] 
[algo1a-g3-l0-modal]   replication_jump ................................ None
[algo1a-g3-l0-modal] 
[algo1a-g3-l0-modal]   requested_load .................................. None
[algo1a-g3-l0-modal] 
[algo1a-g3-l0-modal]   rerun_mode ...................................... validate_results
[algo1a-g3-l0-modal] 
[algo1a-g3-l0-modal]   reset_attention_mask ............................ False
[algo1a-g3-l0-modal] 
[algo1a-g3-l0-modal]   reset_optimizer_states .......................... False
[algo1a-g3-l0-modal] 
[algo1a-g3-l0-modal]   reset_position_ids .............................. False
[algo1a-g3-l0-modal] 
[algo1a-g3-l0-modal]   result_rejected_tracker_filename ................ None
[algo1a-g3-l0-modal] 
[algo1a-g3-l0-modal]   retriever_report_topk_accuracies ................ []
[algo1a-g3-l0-modal] 
[algo1a-g3-l0-modal]   retriever_score_scaling ......................... False
[algo1a-g3-l0-modal] 
[algo1a-g3-l0-modal]   reuse_grad_buf_for_mxfp8_param_ag ............... False
[algo1a-g3-l0-modal] 
[algo1a-g3-l0-modal]   reward_key ...................................... None
[algo1a-g3-l0-modal] 
[algo1a-g3-l0-modal]   rewards_normalization ........................... True
[algo1a-g3-l0-modal] 
[algo1a-g3-l0-modal]   rl_consumption_granularity ...................... B
[algo1a-g3-l0-modal] 
[algo1a-g3-l0-modal]   rl_default_temperature .......................... 1.0
[algo1a-g3-l0-modal] 
[algo1a-g3-l0-modal]   rl_default_top_k ................................ -1
[algo1a-g3-l0-modal] 
[algo1a-g3-l0-modal]   rl_default_top_p ................................ 0
[algo1a-g3-l0-modal] 
[algo1a-g3-l0-modal]   rl_generation_lag ............................... 0
[algo1a-g3-l0-modal] 
[algo1a-g3-l0-modal]   rl_importance_sampling_truncation_coef .......... None
[algo1a-g3-l0-modal] 
[algo1a-g3-l0-modal]   rl_inference_expert_model_parallel_size ......... None
[algo1a-g3-l0-modal] 
[algo1a-g3-l0-modal]   rl_inference_expert_tensor_model_parallel_size .. None
[algo1a-g3-l0-modal] 
[algo1a-g3-l0-modal]   rl_inference_logprobs_is_correction ............. False
[algo1a-g3-l0-modal] 
[algo1a-g3-l0-modal]   rl_inference_model_unified_memory_level ......... 0
[algo1a-g3-l0-modal] 
[algo1a-g3-l0-modal]   rl_inference_parsers ............................ []
[algo1a-g3-l0-modal] 
[algo1a-g3-l0-modal]   rl_inference_pipeline_model_parallel_size ....... None
[algo1a-g3-l0-modal] 
[algo1a-g3-l0-modal]   rl_inference_tensor_model_parallel_size ......... None
[algo1a-g3-l0-modal] 
[algo1a-g3-l0-modal]   rl_kv_cache_management_mode ..................... persist
[algo1a-g3-l0-modal] 
[algo1a-g3-l0-modal]   rl_offload_inference_model_weights_when_idle .... False
[algo1a-g3-l0-modal] 
[algo1a-g3-l0-modal]   rl_offload_optimizer_during_inference ........... False
[algo1a-g3-l0-modal] 
[algo1a-g3-l0-modal]   rl_partial_rollouts ............................. False
[algo1a-g3-l0-modal] 
[algo1a-g3-l0-modal]   rl_persist_cuda_graphs .......................... False
[algo1a-g3-l0-modal] 
[algo1a-g3-l0-modal]   rl_profile ...................................... False
[algo1a-g3-l0-modal] 
[algo1a-g3-l0-modal]   rl_profile_dir .................................. None
[algo1a-g3-l0-modal] 
[algo1a-g3-l0-modal]   rl_prompts_per_eval ............................. 32
[algo1a-g3-l0-modal] 
[algo1a-g3-l0-modal]   rl_sequence_packing_algo ........................ fifo
[algo1a-g3-l0-modal] 
[algo1a-g3-l0-modal]   rl_sequence_packing_max_sequences_per_bin ....... 50
[algo1a-g3-l0-modal] 
[algo1a-g3-l0-modal]   rl_skip_bos_token ............................... False
[algo1a-g3-l0-modal] 
[algo1a-g3-l0-modal]   rl_submission_granularity ....................... B
[algo1a-g3-l0-modal] 
[algo1a-g3-l0-modal]   rl_training_cuda_graphs ......................... False
[algo1a-g3-l0-modal] 
[algo1a-g3-l0-modal]   rl_use_sequence_packing ......................... False
[algo1a-g3-l0-modal] 
[algo1a-g3-l0-modal]   rl_verify_model_weights_swap .................... False
[algo1a-g3-l0-modal] 
[algo1a-g3-l0-modal]   rm_type ......................................... None
[algo1a-g3-l0-modal] 
[algo1a-g3-l0-modal]   rm_url .......................................... None
[algo1a-g3-l0-modal] 
[algo1a-g3-l0-modal]   rollout_all_samples_process_path ................ yeto.rl.engine.miles_adapter.rollout_meta_hook.extract_rollout_metadata
[algo1a-g3-l0-modal] 
[algo1a-g3-l0-modal]   rollout_batch_size .............................. 4
[algo1a-g3-l0-modal] 
[algo1a-g3-l0-modal]   rollout_buffer_url .............................. None
[algo1a-g3-l0-modal] 
[algo1a-g3-l0-modal]   rollout_data_postprocess_path ................... None
[algo1a-g3-l0-modal] 
[algo1a-g3-l0-modal]   rollout_external ................................ False
[algo1a-g3-l0-modal] 
[algo1a-g3-l0-modal]   rollout_external_engine_addrs ................... None
[algo1a-g3-l0-modal] 
[algo1a-g3-l0-modal]   rollout_external_router_pd ...................... False
[algo1a-g3-l0-modal] 
[algo1a-g3-l0-modal]   rollout_function_path ........................... miles.rollout.inference_rollout.inference_rollout_common.InferenceRolloutFn
[algo1a-g3-l0-modal] 
[algo1a-g3-l0-modal]   rollout_global_dataset .......................... True
[algo1a-g3-l0-modal] 
[algo1a-g3-l0-modal]   rollout_health_check_failure_threshold .......... 1
[algo1a-g3-l0-modal] 
[algo1a-g3-l0-modal]   rollout_health_check_first_wait ................. 0.0
[algo1a-g3-l0-modal] 
[algo1a-g3-l0-modal]   rollout_health_check_interval ................... 30.0
[algo1a-g3-l0-modal] 
[algo1a-g3-l0-modal]   rollout_health_check_timeout .................... 30.0
[algo1a-g3-l0-modal] 
[algo1a-g3-l0-modal]   rollout_indexer_topk_num_streams ................ None
[algo1a-g3-l0-modal] 
[algo1a-g3-l0-modal]   rollout_max_context_len ......................... 1024
[algo1a-g3-l0-modal] 
[algo1a-g3-l0-modal]   rollout_max_prompt_len .......................... 1023
[algo1a-g3-l0-modal] 
[algo1a-g3-l0-modal]   rollout_max_response_len ........................ 384
[algo1a-g3-l0-modal] 
[algo1a-g3-l0-modal]   rollout_num_gpus ................................ 1
[algo1a-g3-l0-modal] 
[algo1a-g3-l0-modal]   rollout_num_gpus_per_engine ..................... 1
[algo1a-g3-l0-modal] 
[algo1a-g3-l0-modal]   rollout_sample_filter_path ...................... yeto.rl.engine.miles_adapter.rollout_meta_hook.record_trained_groups
[algo1a-g3-l0-modal] 
[algo1a-g3-l0-modal]   rollout_seed .................................... 17
[algo1a-g3-l0-modal] 
[algo1a-g3-l0-modal]   rollout_shuffle ................................. False
[algo1a-g3-l0-modal] 
[algo1a-g3-l0-modal]   rollout_skip_special_tokens ..................... False
[algo1a-g3-l0-modal] 
[algo1a-g3-l0-modal]   rollout_stop .................................... None
[algo1a-g3-l0-modal] 
[algo1a-g3-l0-modal]   rollout_stop_token_ids .......................... None
[algo1a-g3-l0-modal] 
[algo1a-g3-l0-modal]   rollout_submission_granularity .................. None
[algo1a-g3-l0-modal] 
[algo1a-g3-l0-modal]   rollout_task_type ............................... math
[algo1a-g3-l0-modal] 
[algo1a-g3-l0-modal]   rollout_temperature ............................. 1.0
[algo1a-g3-l0-modal] 
[algo1a-g3-l0-modal]   rollout_top_k ................................... -1
[algo1a-g3-l0-modal] 
[algo1a-g3-l0-modal]   rollout_top_p ................................... 1.0
[algo1a-g3-l0-modal] 
[algo1a-g3-l0-modal]   rope_scaling_factor ............................. 8.0
[algo1a-g3-l0-modal] 
[algo1a-g3-l0-modal]   rope_type ....................................... rope
[algo1a-g3-l0-modal] 
[algo1a-g3-l0-modal]   rotary_base ..................................... 1000000
[algo1a-g3-l0-modal] 
[algo1a-g3-l0-modal]   rotary_base_per_layer ........................... None
[algo1a-g3-l0-modal] 
[algo1a-g3-l0-modal]   rotary_interleaved .............................. False
[algo1a-g3-l0-modal] 
[algo1a-g3-l0-modal]   rotary_percent .................................. 1.0
[algo1a-g3-l0-modal] 
[algo1a-g3-l0-modal]   rotary_scaling_factor ........................... 1.0
[algo1a-g3-l0-modal] 
[algo1a-g3-l0-modal]   rotary_seq_len_interpolation_factor ............. None
[algo1a-g3-l0-modal] 
[algo1a-g3-l0-modal]   router_allow_requests_without_routing_key ....... False
[algo1a-g3-l0-modal] 
[algo1a-g3-l0-modal]   router_api_key .................................. None
[algo1a-g3-l0-modal] 
[algo1a-g3-l0-modal]   router_assignment_mode .......................... random
[algo1a-g3-l0-modal] 
[algo1a-g3-l0-modal]   router_backend .................................. sglang
[algo1a-g3-l0-modal] 
[algo1a-g3-l0-modal]   router_balance_abs_threshold .................... 64
[algo1a-g3-l0-modal] 
[algo1a-g3-l0-modal]   router_balance_rel_threshold .................... 1.5
[algo1a-g3-l0-modal] 
[algo1a-g3-l0-modal]   router_bucket_adjust_interval_secs .............. 5
[algo1a-g3-l0-modal] 
[algo1a-g3-l0-modal]   router_ca_cert_paths ............................ []
[algo1a-g3-l0-modal] 
[algo1a-g3-l0-modal]   router_cache_threshold .......................... 0.3
[algo1a-g3-l0-modal] 
[algo1a-g3-l0-modal]   router_cb_failure_threshold ..................... 10
[algo1a-g3-l0-modal] 
[algo1a-g3-l0-modal]   router_cb_success_threshold ..................... 3
[algo1a-g3-l0-modal] 
[algo1a-g3-l0-modal]   router_cb_timeout_duration_secs ................. 60
[algo1a-g3-l0-modal] 
[algo1a-g3-l0-modal]   router_cb_window_duration_secs .................. 120
[algo1a-g3-l0-modal] 
[algo1a-g3-l0-modal]   router_chat_template ............................ None
[algo1a-g3-l0-modal] 
[algo1a-g3-l0-modal]   router_client_cert_path ......................... None
[algo1a-g3-l0-modal] 
[algo1a-g3-l0-modal]   router_client_key_path .......................... None
[algo1a-g3-l0-modal] 
[algo1a-g3-l0-modal]   router_control_plane_api_keys ................... []
[algo1a-g3-l0-modal] 
[algo1a-g3-l0-modal]   router_control_plane_audit_enabled .............. False
[algo1a-g3-l0-modal] 
[algo1a-g3-l0-modal]   router_cors_allowed_origins ..................... []
[algo1a-g3-l0-modal] 
[algo1a-g3-l0-modal]   router_decode ................................... None
[algo1a-g3-l0-modal] 
[algo1a-g3-l0-modal]   router_decode_policy ............................ None
[algo1a-g3-l0-modal] 
[algo1a-g3-l0-modal]   router_decode_selector .......................... {}
[algo1a-g3-l0-modal] 
[algo1a-g3-l0-modal]   router_disable_circuit_breaker .................. False
[algo1a-g3-l0-modal] 
[algo1a-g3-l0-modal]   router_disable_health_check ..................... False
[algo1a-g3-l0-modal] 
[algo1a-g3-l0-modal]   router_disable_retries .......................... False
[algo1a-g3-l0-modal] 
[algo1a-g3-l0-modal]   router_dp_aware ................................. False
[algo1a-g3-l0-modal] 
[algo1a-g3-l0-modal]   router_enable_igw ............................... False
[algo1a-g3-l0-modal] 
[algo1a-g3-l0-modal]   router_enable_trace ............................. False
[algo1a-g3-l0-modal] 
[algo1a-g3-l0-modal]   router_eviction_interval_secs ................... 60
[algo1a-g3-l0-modal] 
[algo1a-g3-l0-modal]   router_health_check_endpoint .................... /health
[algo1a-g3-l0-modal] 
[algo1a-g3-l0-modal]   router_health_check_interval_secs ............... 60
[algo1a-g3-l0-modal] 
[algo1a-g3-l0-modal]   router_health_check_timeout_secs ................ 5
[algo1a-g3-l0-modal] 
[algo1a-g3-l0-modal]   router_health_failure_threshold ................. 3
[algo1a-g3-l0-modal] 
[algo1a-g3-l0-modal]   router_health_success_threshold ................. 2
[algo1a-g3-l0-modal] 
[algo1a-g3-l0-modal]   router_history_backend .......................... memory
[algo1a-g3-l0-modal] 
[algo1a-g3-l0-modal]   router_json_log ................................. False
[algo1a-g3-l0-modal] 
[algo1a-g3-l0-modal]   router_jwt_audience ............................. None
[algo1a-g3-l0-modal] 
[algo1a-g3-l0-modal]   router_jwt_issuer ............................... None
[algo1a-g3-l0-modal] 
[algo1a-g3-l0-modal]   router_jwt_jwks_uri ............................. None
[algo1a-g3-l0-modal] 
[algo1a-g3-l0-modal]   router_jwt_role_mapping ......................... []
[algo1a-g3-l0-modal] 
[algo1a-g3-l0-modal]   router_log_dir .................................. None
[algo1a-g3-l0-modal] 
[algo1a-g3-l0-modal]   router_log_level ................................ info
[algo1a-g3-l0-modal] 
[algo1a-g3-l0-modal]   router_max_concurrent_requests .................. -1
[algo1a-g3-l0-modal] 
[algo1a-g3-l0-modal]   router_max_idle_secs ............................ 14400
[algo1a-g3-l0-modal] 
[algo1a-g3-l0-modal]   router_max_payload_size ......................... 536870912
[algo1a-g3-l0-modal] 
[algo1a-g3-l0-modal]   router_max_tree_size ............................ 67108864
[algo1a-g3-l0-modal] 
[algo1a-g3-l0-modal]   router_mcp_config_path .......................... None
[algo1a-g3-l0-modal] 
[algo1a-g3-l0-modal]   router_mini_lb .................................. False
[algo1a-g3-l0-modal] 
[algo1a-g3-l0-modal]   router_model_path ............................... None
[algo1a-g3-l0-modal] 
[algo1a-g3-l0-modal]   router_oracle_connect_descriptor ................ None
[algo1a-g3-l0-modal] 
[algo1a-g3-l0-modal]   router_oracle_password .......................... None
[algo1a-g3-l0-modal] 
[algo1a-g3-l0-modal]   router_oracle_pool_max .......................... 16
[algo1a-g3-l0-modal] 
[algo1a-g3-l0-modal]   router_oracle_pool_min .......................... 1
[algo1a-g3-l0-modal] 
[algo1a-g3-l0-modal]   router_oracle_pool_timeout_secs ................. 30
[algo1a-g3-l0-modal] 
[algo1a-g3-l0-modal]   router_oracle_tns_alias ......................... None
[algo1a-g3-l0-modal] 
[algo1a-g3-l0-modal]   router_oracle_username .......................... None
[algo1a-g3-l0-modal] 
[algo1a-g3-l0-modal]   router_oracle_wallet_path ....................... None
[algo1a-g3-l0-modal] 
[algo1a-g3-l0-modal]   router_otlp_traces_endpoint ..................... localhost:4317
[algo1a-g3-l0-modal] 
[algo1a-g3-l0-modal]   router_pd_disaggregation ........................ False
[algo1a-g3-l0-modal] 
[algo1a-g3-l0-modal]   router_policy ................................... cache_aware
[algo1a-g3-l0-modal] 
[algo1a-g3-l0-modal]   router_postgres_db_url .......................... None
[algo1a-g3-l0-modal] 
[algo1a-g3-l0-modal]   router_postgres_pool_max ........................ 16
[algo1a-g3-l0-modal] 
[algo1a-g3-l0-modal]   router_prefill .................................. None
[algo1a-g3-l0-modal] 
[algo1a-g3-l0-modal]   router_prefill_policy ........................... None
[algo1a-g3-l0-modal] 
[algo1a-g3-l0-modal]   router_prefill_selector ......................... {}
[algo1a-g3-l0-modal] 
[algo1a-g3-l0-modal]   router_prometheus_duration_buckets .............. None
[algo1a-g3-l0-modal] 
[algo1a-g3-l0-modal]   router_prometheus_host .......................... 0.0.0.0
[algo1a-g3-l0-modal] 
[algo1a-g3-l0-modal]   router_prometheus_port .......................... 29000
[algo1a-g3-l0-modal] 
[algo1a-g3-l0-modal]   router_queue_size ............................... 100
[algo1a-g3-l0-modal] 
[algo1a-g3-l0-modal]   router_queue_timeout_secs ....................... 60
[algo1a-g3-l0-modal] 
[algo1a-g3-l0-modal]   router_rate_limit_tokens_per_second ............. None
[algo1a-g3-l0-modal] 
[algo1a-g3-l0-modal]   router_reasoning_parser ......................... None
[algo1a-g3-l0-modal] 
[algo1a-g3-l0-modal]   router_redis_pool_max ........................... 16
[algo1a-g3-l0-modal] 
[algo1a-g3-l0-modal]   router_redis_retention_days ..................... 30
[algo1a-g3-l0-modal] 
[algo1a-g3-l0-modal]   router_redis_url ................................ None
[algo1a-g3-l0-modal] 
[algo1a-g3-l0-modal]   router_request_id_headers ....................... None
[algo1a-g3-l0-modal] 
[algo1a-g3-l0-modal]   router_request_timeout_secs ..................... 1800
[algo1a-g3-l0-modal] 
[algo1a-g3-l0-modal]   router_retry_backoff_multiplier ................. 1.5
[algo1a-g3-l0-modal] 
[algo1a-g3-l0-modal]   router_retry_initial_backoff_ms ................. 50
[algo1a-g3-l0-modal] 
[algo1a-g3-l0-modal]   router_retry_jitter_factor ...................... 0.2
[algo1a-g3-l0-modal] 
[algo1a-g3-l0-modal]   router_retry_max_backoff_ms ..................... 30000
[algo1a-g3-l0-modal] 
[algo1a-g3-l0-modal]   router_retry_max_retries ........................ 5
[algo1a-g3-l0-modal] 
[algo1a-g3-l0-modal]   router_selector ................................. {}
[algo1a-g3-l0-modal] 
[algo1a-g3-l0-modal]   router_service_discovery ........................ False
[algo1a-g3-l0-modal] 
[algo1a-g3-l0-modal]   router_service_discovery_namespace .............. None
[algo1a-g3-l0-modal] 
[algo1a-g3-l0-modal]   router_service_discovery_port ................... 80
[algo1a-g3-l0-modal] 
[algo1a-g3-l0-modal]   router_shutdown_grace_period_secs ............... 180
[algo1a-g3-l0-modal] 
[algo1a-g3-l0-modal]   router_test_external_dp_routing ................. False
[algo1a-g3-l0-modal] 
[algo1a-g3-l0-modal]   router_tls_cert_path ............................ None
[algo1a-g3-l0-modal] 
[algo1a-g3-l0-modal]   router_tls_key_path ............................. None
[algo1a-g3-l0-modal] 
[algo1a-g3-l0-modal]   router_tokenizer_cache_enable_l0 ................ False
[algo1a-g3-l0-modal] 
[algo1a-g3-l0-modal]   router_tokenizer_cache_enable_l1 ................ False
[algo1a-g3-l0-modal] 
[algo1a-g3-l0-modal]   router_tokenizer_cache_l0_max_entries ........... 10000
[algo1a-g3-l0-modal] 
[algo1a-g3-l0-modal]   router_tokenizer_cache_l1_max_memory ............ 52428800
[algo1a-g3-l0-modal] 
[algo1a-g3-l0-modal]   router_tokenizer_path ........................... None
[algo1a-g3-l0-modal] 
[algo1a-g3-l0-modal]   router_tool_call_parser ......................... None
[algo1a-g3-l0-modal] 
[algo1a-g3-l0-modal]   router_worker_startup_check_interval ............ 30
[algo1a-g3-l0-modal] 
[algo1a-g3-l0-modal]   router_worker_startup_timeout_secs .............. 1800
[algo1a-g3-l0-modal] 
[algo1a-g3-l0-modal]   run_uuid ........................................ 885c163d5fa141e2
[algo1a-g3-l0-modal] 
[algo1a-g3-l0-modal]   run_workload_inspector_server ................... False
[algo1a-g3-l0-modal] 
[algo1a-g3-l0-modal]   sample_rate ..................................... 1.0
[algo1a-g3-l0-modal] 
[algo1a-g3-l0-modal]   save ............................................ None
[algo1a-g3-l0-modal] 
[algo1a-g3-l0-modal]   save_activations_interval ....................... None
[algo1a-g3-l0-modal] 
[algo1a-g3-l0-modal]   save_debug_event_data ........................... None
[algo1a-g3-l0-modal] 
[algo1a-g3-l0-modal]   save_debug_rollout_data ......................... None
[algo1a-g3-l0-modal] 
[algo1a-g3-l0-modal]   save_debug_train_data ........................... None
[algo1a-g3-l0-modal] 
[algo1a-g3-l0-modal]   save_debug_trajectory_data ...................... None
[algo1a-g3-l0-modal] 
[algo1a-g3-l0-modal]   save_dgrads_interval ............................ None
[algo1a-g3-l0-modal] 
[algo1a-g3-l0-modal]   save_hf ......................................... None
[algo1a-g3-l0-modal] 
[algo1a-g3-l0-modal]   save_interval ................................... None
[algo1a-g3-l0-modal] 
[algo1a-g3-l0-modal]   save_local_weight_checksum ...................... False
[algo1a-g3-l0-modal] 
[algo1a-g3-l0-modal]   save_params_interval ............................ None
[algo1a-g3-l0-modal] 
[algo1a-g3-l0-modal]   save_retain_interval ............................ None
[algo1a-g3-l0-modal] 
[algo1a-g3-l0-modal]   save_tokens_per_expert_interval ................. None
[algo1a-g3-l0-modal] 
[algo1a-g3-l0-modal]   save_trigger_sentinel ........................... None
[algo1a-g3-l0-modal] 
[algo1a-g3-l0-modal]   save_wgrads_interval ............................ None
[algo1a-g3-l0-modal] 
[algo1a-g3-l0-modal]   seed ............................................ 17
[algo1a-g3-l0-modal] 
[algo1a-g3-l0-modal]   seq_length ...................................... 1024
[algo1a-g3-l0-modal] 
[algo1a-g3-l0-modal]   sequence_packing_scheduler ...................... None
[algo1a-g3-l0-modal] 
[algo1a-g3-l0-modal]   sequence_parallel ............................... False
[algo1a-g3-l0-modal] 
[algo1a-g3-l0-modal]   session_message_matcher ......................... strict
[algo1a-g3-l0-modal] 
[algo1a-g3-l0-modal]   session_sample_picker_path ...................... miles.rollout.session.v2.picker_hub.drop_same_prompt_retries
[algo1a-g3-l0-modal] 
[algo1a-g3-l0-modal]   session_sample_postprocessor_path ............... miles.rollout.session.v2.postprocessor_hub.default_postprocess
[algo1a-g3-l0-modal] 
[algo1a-g3-l0-modal]   session_server_external_host .................... None
[algo1a-g3-l0-modal] 
[algo1a-g3-l0-modal]   session_server_ip ............................... None
[algo1a-g3-l0-modal] 
[algo1a-g3-l0-modal]   session_server_port ............................. None
[algo1a-g3-l0-modal] 
[algo1a-g3-l0-modal]   session_server_workers .......................... 32
[algo1a-g3-l0-modal] 
[algo1a-g3-l0-modal]   sft ............................................. False
[algo1a-g3-l0-modal] 
[algo1a-g3-l0-modal]   sft_mock_dataset_config_json .................... None
[algo1a-g3-l0-modal] 
[algo1a-g3-l0-modal]   sft_tokenizer_prompt_format ..................... nemotron-h-aligned
[algo1a-g3-l0-modal] 
[algo1a-g3-l0-modal]   sgd_momentum .................................... 0.9
[algo1a-g3-l0-modal] 
[algo1a-g3-l0-modal]   sglang_abort_on_priority_when_disabled .......... False
[algo1a-g3-l0-modal] 
[algo1a-g3-l0-modal]   sglang_admin_api_key ............................ None
[algo1a-g3-l0-modal] 
[algo1a-g3-l0-modal]   sglang_allow_auto_truncate ...................... False
[algo1a-g3-l0-modal] 
[algo1a-g3-l0-modal]   sglang_allowed_media_domains .................... []
[algo1a-g3-l0-modal] 
[algo1a-g3-l0-modal]   sglang_api_key .................................. None
[algo1a-g3-l0-modal] 
[algo1a-g3-l0-modal]   sglang_asr_max_buffer_seconds ................... 60
[algo1a-g3-l0-modal] 
[algo1a-g3-l0-modal]   sglang_asr_max_concurrent_sessions .............. 32
[algo1a-g3-l0-modal] 
[algo1a-g3-l0-modal]   sglang_attention_backend ........................ None
[algo1a-g3-l0-modal] 
[algo1a-g3-l0-modal]   sglang_attn_cp_size ............................. 1
[algo1a-g3-l0-modal] 
[algo1a-g3-l0-modal]   sglang_batch_notify_size ........................ 16
[algo1a-g3-l0-modal] 
[algo1a-g3-l0-modal]   sglang_bf16_gemm_backend ........................ auto
[algo1a-g3-l0-modal] 
[algo1a-g3-l0-modal]   sglang_bucket_e2e_request_latency ............... None
[algo1a-g3-l0-modal] 
[algo1a-g3-l0-modal]   sglang_bucket_inter_token_latency ............... None
[algo1a-g3-l0-modal] 
[algo1a-g3-l0-modal]   sglang_bucket_time_to_first_token ............... None
[algo1a-g3-l0-modal] 
[algo1a-g3-l0-modal]   sglang_c128_page_size ........................... 16
[algo1a-g3-l0-modal] 
[algo1a-g3-l0-modal]   sglang_chat_template ............................ None
[algo1a-g3-l0-modal] 
[algo1a-g3-l0-modal]   sglang_checkpoint_engine_wait_weights_before_ready  False
[algo1a-g3-l0-modal] 
[algo1a-g3-l0-modal]   sglang_chunked_prefill_size ..................... None
[algo1a-g3-l0-modal] 
[algo1a-g3-l0-modal]   sglang_completion_template ...................... None
[algo1a-g3-l0-modal] 
[algo1a-g3-l0-modal]   sglang_config ................................... None
[algo1a-g3-l0-modal] 
[algo1a-g3-l0-modal]   sglang_constrained_json_disable_any_whitespace .. False
[algo1a-g3-l0-modal] 
[algo1a-g3-l0-modal]   sglang_constrained_json_whitespace_pattern ...... None
[algo1a-g3-l0-modal] 
[algo1a-g3-l0-modal]   sglang_context_length ........................... None
[algo1a-g3-l0-modal] 
[algo1a-g3-l0-modal]   sglang_cp_strategy .............................. None
[algo1a-g3-l0-modal] 
[algo1a-g3-l0-modal]   sglang_cpu_offload_gb ........................... 0
[algo1a-g3-l0-modal] 
[algo1a-g3-l0-modal]   sglang_crash_dump_folder ........................ None
[algo1a-g3-l0-modal] 
[algo1a-g3-l0-modal]   sglang_cuda_graph_backend_decode ................ None
[algo1a-g3-l0-modal] 
[algo1a-g3-l0-modal]   sglang_cuda_graph_backend_prefill ............... disabled
[algo1a-g3-l0-modal] 
[algo1a-g3-l0-modal]   sglang_cuda_graph_bs_decode ..................... None
[algo1a-g3-l0-modal] 
[algo1a-g3-l0-modal]   sglang_cuda_graph_bs_prefill .................... None
[algo1a-g3-l0-modal] 
[algo1a-g3-l0-modal]   sglang_cuda_graph_config ........................ None
[algo1a-g3-l0-modal] 
[algo1a-g3-l0-modal]   sglang_cuda_graph_max_bs_decode ................. None
[algo1a-g3-l0-modal] 
[algo1a-g3-l0-modal]   sglang_cuda_graph_max_bs_prefill ................ None
[algo1a-g3-l0-modal] 
[algo1a-g3-l0-modal]   sglang_cuda_graph_tc_compiler ................... None
[algo1a-g3-l0-modal] 
[algo1a-g3-l0-modal]   sglang_custom_pull_weights_pre_read_hook ........ None
[algo1a-g3-l0-modal] 
[algo1a-g3-l0-modal]   sglang_custom_weight_loader ..................... None
[algo1a-g3-l0-modal] 
[algo1a-g3-l0-modal]   sglang_dcp_comm_backend ......................... None
[algo1a-g3-l0-modal] 
[algo1a-g3-l0-modal]   sglang_dcp_replicate_q_proj ..................... None
[algo1a-g3-l0-modal] 
[algo1a-g3-l0-modal]   sglang_dcp_size ................................. 1
[algo1a-g3-l0-modal] 
[algo1a-g3-l0-modal]   sglang_debug_cuda_graph ......................... False
[algo1a-g3-l0-modal] 
[algo1a-g3-l0-modal]   sglang_debug_tensor_dump_input_file ............. None
[algo1a-g3-l0-modal] 
[algo1a-g3-l0-modal]   sglang_debug_tensor_dump_layers ................. None
[algo1a-g3-l0-modal] 
[algo1a-g3-l0-modal]   sglang_debug_tensor_dump_output_folder .......... None
[algo1a-g3-l0-modal] 
[algo1a-g3-l0-modal]   sglang_decode_attention_backend ................. None
[algo1a-g3-l0-modal] 
[algo1a-g3-l0-modal]   sglang_decode_log_interval ...................... 40
[algo1a-g3-l0-modal] 
[algo1a-g3-l0-modal]   sglang_decoupled_spec_bind_endpoint ............. None
[algo1a-g3-l0-modal] 
[algo1a-g3-l0-modal]   sglang_decoupled_spec_connect_endpoints ......... None
[algo1a-g3-l0-modal] 
[algo1a-g3-l0-modal]   sglang_decoupled_spec_rank ...................... None
[algo1a-g3-l0-modal] 
[algo1a-g3-l0-modal]   sglang_decoupled_spec_role ...................... null
[algo1a-g3-l0-modal] 
[algo1a-g3-l0-modal]   sglang_decrypted_config_file .................... None
[algo1a-g3-l0-modal] 
[algo1a-g3-l0-modal]   sglang_decrypted_draft_config_file .............. None
[algo1a-g3-l0-modal] 
[algo1a-g3-l0-modal]   sglang_deepep_config ............................ None
[algo1a-g3-l0-modal] 
[algo1a-g3-l0-modal]   sglang_deepep_dispatcher_output_dtype ........... auto
[algo1a-g3-l0-modal] 
[algo1a-g3-l0-modal]   sglang_deepep_mode .............................. auto
[algo1a-g3-l0-modal] 
[algo1a-g3-l0-modal]   sglang_deepep_v2_mode ........................... direct
[algo1a-g3-l0-modal] 
[algo1a-g3-l0-modal]   sglang_default_chat_template_kwargs ............. None
[algo1a-g3-l0-modal] 
[algo1a-g3-l0-modal]   sglang_default_priority_value ................... None
[algo1a-g3-l0-modal] 
[algo1a-g3-l0-modal]   sglang_delete_ckpt_after_loading ................ False
[algo1a-g3-l0-modal] 
[algo1a-g3-l0-modal]   sglang_detokenizer_worker_num ................... 1
[algo1a-g3-l0-modal] 
[algo1a-g3-l0-modal]   sglang_device ................................... None
[algo1a-g3-l0-modal] 
[algo1a-g3-l0-modal]   sglang_disable_attn_tp_gather ................... False
[algo1a-g3-l0-modal] 
[algo1a-g3-l0-modal]   sglang_disable_chunked_prefix_cache ............. False
[algo1a-g3-l0-modal] 
[algo1a-g3-l0-modal]   sglang_disable_cuda_graph ....................... False
[algo1a-g3-l0-modal] 
[algo1a-g3-l0-modal]   sglang_disable_cuda_graph_padding ............... False
[algo1a-g3-l0-modal] 
[algo1a-g3-l0-modal]   sglang_disable_custom_all_reduce ................ False
[algo1a-g3-l0-modal] 
[algo1a-g3-l0-modal]   sglang_disable_decode_cuda_graph ................ False
[algo1a-g3-l0-modal] 
[algo1a-g3-l0-modal]   sglang_disable_draft_cuda_graph ................. False
[algo1a-g3-l0-modal] 
[algo1a-g3-l0-modal]   sglang_disable_fast_image_processor ............. False
[algo1a-g3-l0-modal] 
[algo1a-g3-l0-modal]   sglang_disable_flashinfer_autotune .............. False
[algo1a-g3-l0-modal] 
[algo1a-g3-l0-modal]   sglang_disable_flashinfer_cutlass_moe_fp4_allgather  False
[algo1a-g3-l0-modal] 
[algo1a-g3-l0-modal]   sglang_disable_hybrid_swa_memory ................ False
[algo1a-g3-l0-modal] 
[algo1a-g3-l0-modal]   sglang_disable_outlines_disk_cache .............. False
[algo1a-g3-l0-modal] 
[algo1a-g3-l0-modal]   sglang_disable_overlap_schedule ................. False
[algo1a-g3-l0-modal] 
[algo1a-g3-l0-modal]   sglang_disable_prefill_cuda_graph ............... False
[algo1a-g3-l0-modal] 
[algo1a-g3-l0-modal]   sglang_disable_priority_preemption .............. False
[algo1a-g3-l0-modal] 
[algo1a-g3-l0-modal]   sglang_disable_radix_cache ...................... False
[algo1a-g3-l0-modal] 
[algo1a-g3-l0-modal]   sglang_disable_shared_experts_fusion ............ False
[algo1a-g3-l0-modal] 
[algo1a-g3-l0-modal]   sglang_disable_tokenizer_batch_decode ........... False
[algo1a-g3-l0-modal] 
[algo1a-g3-l0-modal]   sglang_disaggregation_bootstrap_port ............ 8998
[algo1a-g3-l0-modal] 
[algo1a-g3-l0-modal]   sglang_disaggregation_decode_enable_offload_kvcache  False
[algo1a-g3-l0-modal] 
[algo1a-g3-l0-modal]   sglang_disaggregation_decode_enable_radix_cache . False
[algo1a-g3-l0-modal] 
[algo1a-g3-l0-modal]   sglang_disaggregation_decode_extra_slots ........ None
[algo1a-g3-l0-modal] 
[algo1a-g3-l0-modal]   sglang_disaggregation_decode_polling_interval ... 1
[algo1a-g3-l0-modal] 
[algo1a-g3-l0-modal]   sglang_disaggregation_decode_retraction_backup .. None
[algo1a-g3-l0-modal] 
[algo1a-g3-l0-modal]   sglang_disaggregation_ib_device ................. None
[algo1a-g3-l0-modal] 
[algo1a-g3-l0-modal]   sglang_disaggregation_mode ...................... null
[algo1a-g3-l0-modal] 
[algo1a-g3-l0-modal]   sglang_disaggregation_transfer_backend .......... mooncake
[algo1a-g3-l0-modal] 
[algo1a-g3-l0-modal]   sglang_dist_timeout ............................. None
[algo1a-g3-l0-modal] 
[algo1a-g3-l0-modal]   sglang_dllm_algorithm ........................... None
[algo1a-g3-l0-modal] 
[algo1a-g3-l0-modal]   sglang_dllm_algorithm_config .................... None
[algo1a-g3-l0-modal] 
[algo1a-g3-l0-modal]   sglang_dllm_fdfo ................................ True
[algo1a-g3-l0-modal] 
[algo1a-g3-l0-modal]   sglang_download_dir ............................. None
[algo1a-g3-l0-modal] 
[algo1a-g3-l0-modal]   sglang_dp_size .................................. 1
[algo1a-g3-l0-modal] 
[algo1a-g3-l0-modal]   sglang_dsa_decode_backend ....................... None
[algo1a-g3-l0-modal] 
[algo1a-g3-l0-modal]   sglang_dsa_paged_mqa_logits_backend ............. auto
[algo1a-g3-l0-modal] 
[algo1a-g3-l0-modal]   sglang_dsa_prefill_backend ...................... None
[algo1a-g3-l0-modal] 
[algo1a-g3-l0-modal]   sglang_dsa_topk_backend ......................... sgl-kernel
[algo1a-g3-l0-modal] 
[algo1a-g3-l0-modal]   sglang_dsv4_attn_backend ........................ auto
[algo1a-g3-l0-modal] 
[algo1a-g3-l0-modal]   sglang_dsv4_prefill_backend ..................... auto
[algo1a-g3-l0-modal] 
[algo1a-g3-l0-modal]   sglang_dtype .................................... auto
[algo1a-g3-l0-modal] 
[algo1a-g3-l0-modal]   sglang_dwdp_size ................................ 1
[algo1a-g3-l0-modal] 
[algo1a-g3-l0-modal]   sglang_dynamic_batch_tokenizer_batch_size ....... 32
[algo1a-g3-l0-modal] 
[algo1a-g3-l0-modal]   sglang_dynamic_batch_tokenizer_batch_timeout .... 0.002
[algo1a-g3-l0-modal] 
[algo1a-g3-l0-modal]   sglang_elastic_ep_backend ....................... None
[algo1a-g3-l0-modal] 
[algo1a-g3-l0-modal]   sglang_elastic_ep_initial_size .................. None
[algo1a-g3-l0-modal] 
[algo1a-g3-l0-modal]   sglang_elastic_ep_rejoin ........................ False
[algo1a-g3-l0-modal] 
[algo1a-g3-l0-modal]   sglang_elastic_ep_scale_timeout ................. 600
[algo1a-g3-l0-modal] 
[algo1a-g3-l0-modal]   sglang_enable_adaptive_dispatch_to_encoder ...... False
[algo1a-g3-l0-modal] 
[algo1a-g3-l0-modal]   sglang_enable_aiter_allreduce_fusion ............ False
[algo1a-g3-l0-modal] 
[algo1a-g3-l0-modal]   sglang_enable_attn_tp_input_scattered ........... False
[algo1a-g3-l0-modal] 
[algo1a-g3-l0-modal]   sglang_enable_broadcast_mm_inputs_process ....... False
[algo1a-g3-l0-modal] 
[algo1a-g3-l0-modal]   sglang_enable_cache_report ...................... False
[algo1a-g3-l0-modal] 
[algo1a-g3-l0-modal]   sglang_enable_cp_decode_attn_tp ................. False
[algo1a-g3-l0-modal] 
[algo1a-g3-l0-modal]   sglang_enable_cudagraph_gc ...................... False
[algo1a-g3-l0-modal] 
[algo1a-g3-l0-modal]   sglang_enable_custom_logit_processor ............ False
[algo1a-g3-l0-modal] 
[algo1a-g3-l0-modal]   sglang_enable_deepseek_v4_fp4_indexer ........... False
[algo1a-g3-l0-modal] 
[algo1a-g3-l0-modal]   sglang_enable_dense_mlp_attn_tp ................. False
[algo1a-g3-l0-modal] 
[algo1a-g3-l0-modal]   sglang_enable_deterministic_inference ........... True
[algo1a-g3-l0-modal] 
[algo1a-g3-l0-modal]   sglang_enable_dp_attention ...................... False
[algo1a-g3-l0-modal] 
[algo1a-g3-l0-modal]   sglang_enable_dp_attention_local_control_broadcast  False
[algo1a-g3-l0-modal] 
[algo1a-g3-l0-modal]   sglang_enable_dp_lm_head ........................ False
[algo1a-g3-l0-modal] 
[algo1a-g3-l0-modal]   sglang_enable_draft_weights_cpu_backup .......... False
[algo1a-g3-l0-modal] 
[algo1a-g3-l0-modal]   sglang_enable_dsa_cache_layer_split ............. False
[algo1a-g3-l0-modal] 
[algo1a-g3-l0-modal]   sglang_enable_dynamic_batch_tokenizer ........... False
[algo1a-g3-l0-modal] 
[algo1a-g3-l0-modal]   sglang_enable_dynamic_chunking .................. False
[algo1a-g3-l0-modal] 
[algo1a-g3-l0-modal]   sglang_enable_elastic_expert_backup ............. False
[algo1a-g3-l0-modal] 
[algo1a-g3-l0-modal]   sglang_enable_engine_info_bootstrap ............. False
[algo1a-g3-l0-modal] 
[algo1a-g3-l0-modal]   sglang_enable_eplb .............................. False
[algo1a-g3-l0-modal] 
[algo1a-g3-l0-modal]   sglang_enable_flashinfer_allreduce_fusion ....... False
[algo1a-g3-l0-modal] 
[algo1a-g3-l0-modal]   sglang_enable_flexkv ............................ False
[algo1a-g3-l0-modal] 
[algo1a-g3-l0-modal]   sglang_enable_forward_pass_metrics .............. False
[algo1a-g3-l0-modal] 
[algo1a-g3-l0-modal]   sglang_enable_fp32_lm_head ...................... False
[algo1a-g3-l0-modal] 
[algo1a-g3-l0-modal]   sglang_enable_fused_moe_sum_all_reduce .......... False
[algo1a-g3-l0-modal] 
[algo1a-g3-l0-modal]   sglang_enable_fused_qk_norm_rope ................ False
[algo1a-g3-l0-modal] 
[algo1a-g3-l0-modal]   sglang_enable_hierarchical_cache ................ False
[algo1a-g3-l0-modal] 
[algo1a-g3-l0-modal]   sglang_enable_hisparse .......................... False
[algo1a-g3-l0-modal] 
[algo1a-g3-l0-modal]   sglang_enable_http2 ............................. False
[algo1a-g3-l0-modal] 
[algo1a-g3-l0-modal]   sglang_enable_int8_mamba_checkpoint ............. False
[algo1a-g3-l0-modal] 
[algo1a-g3-l0-modal]   sglang_enable_layernorm_sp ...................... False
[algo1a-g3-l0-modal] 
[algo1a-g3-l0-modal]   sglang_enable_layerwise_nvtx_marker ............. False
[algo1a-g3-l0-modal] 
[algo1a-g3-l0-modal]   sglang_enable_lean_attention .................... None
[algo1a-g3-l0-modal] 
[algo1a-g3-l0-modal]   sglang_enable_linear_replayssm .................. False
[algo1a-g3-l0-modal] 
[algo1a-g3-l0-modal]   sglang_enable_linear_replayssm_spec ............. False
[algo1a-g3-l0-modal] 
[algo1a-g3-l0-modal]   sglang_enable_lmcache ........................... False
[algo1a-g3-l0-modal] 
[algo1a-g3-l0-modal]   sglang_enable_lora .............................. None
[algo1a-g3-l0-modal] 
[algo1a-g3-l0-modal]   sglang_enable_lora_overlap_loading .............. None
[algo1a-g3-l0-modal] 
[algo1a-g3-l0-modal]   sglang_enable_mamba_cache_stochastic_rounding ... False
[algo1a-g3-l0-modal] 
[algo1a-g3-l0-modal]   sglang_enable_metrics ........................... False
[algo1a-g3-l0-modal] 
[algo1a-g3-l0-modal]   sglang_enable_metrics_for_all_schedulers ........ False
[algo1a-g3-l0-modal] 
[algo1a-g3-l0-modal]   sglang_enable_mfu_metrics ....................... False
[algo1a-g3-l0-modal] 
[algo1a-g3-l0-modal]   sglang_enable_mis ............................... False
[algo1a-g3-l0-modal] 
[algo1a-g3-l0-modal]   sglang_enable_mixed_chunk ....................... False
[algo1a-g3-l0-modal] 
[algo1a-g3-l0-modal]   sglang_enable_mm_global_cache ................... False
[algo1a-g3-l0-modal] 
[algo1a-g3-l0-modal]   sglang_enable_mscclpp ........................... False
[algo1a-g3-l0-modal] 
[algo1a-g3-l0-modal]   sglang_enable_multi_layer_eagle ................. False
[algo1a-g3-l0-modal] 
[algo1a-g3-l0-modal]   sglang_enable_multimodal ........................ None
[algo1a-g3-l0-modal] 
[algo1a-g3-l0-modal]   sglang_enable_nccl_nvls ......................... False
[algo1a-g3-l0-modal] 
[algo1a-g3-l0-modal]   sglang_enable_p2p_check ......................... False
[algo1a-g3-l0-modal] 
[algo1a-g3-l0-modal]   sglang_enable_page_major_kv_layout .............. False
[algo1a-g3-l0-modal] 
[algo1a-g3-l0-modal]   sglang_enable_pdmux ............................. False
[algo1a-g3-l0-modal] 
[algo1a-g3-l0-modal]   sglang_enable_precise_embedding_interpolation ... False
[algo1a-g3-l0-modal] 
[algo1a-g3-l0-modal]   sglang_enable_prefill_cp ........................ False
[algo1a-g3-l0-modal] 
[algo1a-g3-l0-modal]   sglang_enable_prefill_delayer ................... False
[algo1a-g3-l0-modal] 
[algo1a-g3-l0-modal]   sglang_enable_prefill_only_deterministic_inference  False
[algo1a-g3-l0-modal] 
[algo1a-g3-l0-modal]   sglang_enable_prefix_mm_cache ................... False
[algo1a-g3-l0-modal] 
[algo1a-g3-l0-modal]   sglang_enable_priority_scheduling ............... False
[algo1a-g3-l0-modal] 
[algo1a-g3-l0-modal]   sglang_enable_profile_cuda_graph ................ False
[algo1a-g3-l0-modal] 
[algo1a-g3-l0-modal]   sglang_enable_quant_communications .............. False
[algo1a-g3-l0-modal] 
[algo1a-g3-l0-modal]   sglang_enable_rdt_weight_sync ................... False
[algo1a-g3-l0-modal] 
[algo1a-g3-l0-modal]   sglang_enable_request_time_stats_logging ........ False
[algo1a-g3-l0-modal] 
[algo1a-g3-l0-modal]   sglang_enable_response_store .................... False
[algo1a-g3-l0-modal] 
[algo1a-g3-l0-modal]   sglang_enable_return_hidden_states .............. False
[algo1a-g3-l0-modal] 
[algo1a-g3-l0-modal]   sglang_enable_scattered_sconv ................... False
[algo1a-g3-l0-modal] 
[algo1a-g3-l0-modal]   sglang_enable_session_radix_cache ............... False
[algo1a-g3-l0-modal] 
[algo1a-g3-l0-modal]   sglang_enable_shared_experts_attn_tp ............ False
[algo1a-g3-l0-modal] 
[algo1a-g3-l0-modal]   sglang_enable_single_batch_overlap .............. False
[algo1a-g3-l0-modal] 
[algo1a-g3-l0-modal]   sglang_enable_ssl_refresh ....................... False
[algo1a-g3-l0-modal] 
[algo1a-g3-l0-modal]   sglang_enable_streaming_session ................. False
[algo1a-g3-l0-modal] 
[algo1a-g3-l0-modal]   sglang_enable_strict_thinking ................... False
[algo1a-g3-l0-modal] 
[algo1a-g3-l0-modal]   sglang_enable_symm_mem .......................... False
[algo1a-g3-l0-modal] 
[algo1a-g3-l0-modal]   sglang_enable_tf32_matmul ....................... False
[algo1a-g3-l0-modal] 
[algo1a-g3-l0-modal]   sglang_enable_tokenizer_batch_encode ............ False
[algo1a-g3-l0-modal] 
[algo1a-g3-l0-modal]   sglang_enable_torch_compile ..................... False
[algo1a-g3-l0-modal] 
[algo1a-g3-l0-modal]   sglang_enable_torch_compile_debug_mode .......... False
[algo1a-g3-l0-modal] 
[algo1a-g3-l0-modal]   sglang_enable_torch_symm_mem .................... False
[algo1a-g3-l0-modal] 
[algo1a-g3-l0-modal]   sglang_enable_tp_lm_head_all_to_all ............. None
[algo1a-g3-l0-modal] 
[algo1a-g3-l0-modal]   sglang_enable_trace ............................. False
[algo1a-g3-l0-modal] 
[algo1a-g3-l0-modal]   sglang_enable_two_batch_overlap ................. False
[algo1a-g3-l0-modal] 
[algo1a-g3-l0-modal]   sglang_enable_unified_cache_external_linker ..... False
[algo1a-g3-l0-modal] 
[algo1a-g3-l0-modal]   sglang_enable_unified_memory .................... False
[algo1a-g3-l0-modal] 
[algo1a-g3-l0-modal]   sglang_enable_w4a4_mxfp4_megamoe ................ False
[algo1a-g3-l0-modal] 
[algo1a-g3-l0-modal]   sglang_enable_waterfill ......................... False
[algo1a-g3-l0-modal] 
[algo1a-g3-l0-modal]   sglang_enable_weights_cpu_backup ................ False
[algo1a-g3-l0-modal] 
[algo1a-g3-l0-modal]   sglang_enable_weights_disk_backup ............... False
[algo1a-g3-l0-modal] 
[algo1a-g3-l0-modal]   sglang_encoder_bootstrap_port ................... 8997
[algo1a-g3-l0-modal] 
[algo1a-g3-l0-modal]   sglang_encoder_only ............................. False
[algo1a-g3-l0-modal] 
[algo1a-g3-l0-modal]   sglang_encoder_register_urls .................... []
[algo1a-g3-l0-modal] 
[algo1a-g3-l0-modal]   sglang_encoder_transfer_backend ................. auto
[algo1a-g3-l0-modal] 
[algo1a-g3-l0-modal]   sglang_encoder_urls ............................. []
[algo1a-g3-l0-modal] 
[algo1a-g3-l0-modal]   sglang_enforce_disable_flashinfer_allreduce_fusion  False
[algo1a-g3-l0-modal] 
[algo1a-g3-l0-modal]   sglang_enforce_shared_experts_fusion ............ False
[algo1a-g3-l0-modal] 
[algo1a-g3-l0-modal]   sglang_engine_info_bootstrap_port ............... 6789
[algo1a-g3-l0-modal] 
[algo1a-g3-l0-modal]   sglang_ep_dispatch_algorithm .................... None
[algo1a-g3-l0-modal] 
[algo1a-g3-l0-modal]   sglang_ep_join_mode ............................. None
[algo1a-g3-l0-modal] 
[algo1a-g3-l0-modal]   sglang_ep_join_rank_offset ...................... 0
[algo1a-g3-l0-modal] 
[algo1a-g3-l0-modal]   sglang_ep_num_redundant_experts ................. 0
[algo1a-g3-l0-modal] 
[algo1a-g3-l0-modal]   sglang_ep_size .................................. 1
[algo1a-g3-l0-modal] 
[algo1a-g3-l0-modal]   sglang_eplb_algorithm ........................... auto
[algo1a-g3-l0-modal] 
[algo1a-g3-l0-modal]   sglang_eplb_min_rebalancing_utilization_threshold  1.0
[algo1a-g3-l0-modal] 
[algo1a-g3-l0-modal]   sglang_eplb_rebalance_layers_per_chunk .......... None
[algo1a-g3-l0-modal] 
[algo1a-g3-l0-modal]   sglang_eplb_rebalance_num_iterations ............ 1000
[algo1a-g3-l0-modal] 
[algo1a-g3-l0-modal]   sglang_expert_balancedness_report_mode .......... off
[algo1a-g3-l0-modal] 
[algo1a-g3-l0-modal]   sglang_expert_distribution_recorder_buffer_size . None
[algo1a-g3-l0-modal] 
[algo1a-g3-l0-modal]   sglang_expert_distribution_recorder_mode ........ None
[algo1a-g3-l0-modal] 
[algo1a-g3-l0-modal]   sglang_experts_shared_outer_loras ............... None
[algo1a-g3-l0-modal] 
[algo1a-g3-l0-modal]   sglang_export_metrics_to_file ................... False
[algo1a-g3-l0-modal] 
[algo1a-g3-l0-modal]   sglang_export_metrics_to_file_dir ............... None
[algo1a-g3-l0-modal] 
[algo1a-g3-l0-modal]   sglang_extra_metric_labels ...................... None
[algo1a-g3-l0-modal] 
[algo1a-g3-l0-modal]   sglang_fastapi_root_path ........................
[algo1a-g3-l0-modal] 
[algo1a-g3-l0-modal]   sglang_file_storage_path ........................ sglang_storage
[algo1a-g3-l0-modal] 
[algo1a-g3-l0-modal]   sglang_flashinfer_a2a_dispatch_type ............. None
[algo1a-g3-l0-modal] 
[algo1a-g3-l0-modal]   sglang_flashinfer_allreduce_fusion_backend ...... None
[algo1a-g3-l0-modal] 
[algo1a-g3-l0-modal]   sglang_flashinfer_autotune_skip_ops ............. None
[algo1a-g3-l0-modal] 
[algo1a-g3-l0-modal]   sglang_flashinfer_mla_disable_ragged ............ False
[algo1a-g3-l0-modal] 
[algo1a-g3-l0-modal]   sglang_flashinfer_mxfp4_moe_precision ........... default
[algo1a-g3-l0-modal] 
[algo1a-g3-l0-modal]   sglang_flexkv_config_file ....................... None
[algo1a-g3-l0-modal] 
[algo1a-g3-l0-modal]   sglang_forward_hooks ............................ None
[algo1a-g3-l0-modal] 
[algo1a-g3-l0-modal]   sglang_forward_pass_metrics_ipc_name ............ None
[algo1a-g3-l0-modal] 
[algo1a-g3-l0-modal]   sglang_forward_pass_metrics_worker_id ...........
[algo1a-g3-l0-modal] 
[algo1a-g3-l0-modal]   sglang_fp4_gemm_runner_backend .................. auto
[algo1a-g3-l0-modal] 
[algo1a-g3-l0-modal]   sglang_fp8_gemm_runner_backend .................. auto
[algo1a-g3-l0-modal] 
[algo1a-g3-l0-modal]   sglang_fuseep_mode .............................. 2
[algo1a-g3-l0-modal] 
[algo1a-g3-l0-modal]   sglang_gc_threshold ............................. None
[algo1a-g3-l0-modal] 
[algo1a-g3-l0-modal]   sglang_gc_warning_threshold_secs ................ 0.0
[algo1a-g3-l0-modal] 
[algo1a-g3-l0-modal]   sglang_generation_tokens_buckets ................ None
[algo1a-g3-l0-modal] 
[algo1a-g3-l0-modal]   sglang_grammar_backend .......................... None
[algo1a-g3-l0-modal] 
[algo1a-g3-l0-modal]   sglang_grpc_mode ................................ False
[algo1a-g3-l0-modal] 
[algo1a-g3-l0-modal]   sglang_grpc_port ................................ None
[algo1a-g3-l0-modal] 
[algo1a-g3-l0-modal]   sglang_hf_chat_template_name .................... None
[algo1a-g3-l0-modal] 
[algo1a-g3-l0-modal]   sglang_hicache_host_memory_mode ................. cache
[algo1a-g3-l0-modal] 
[algo1a-g3-l0-modal]   sglang_hicache_io_backend ....................... kernel
[algo1a-g3-l0-modal] 
[algo1a-g3-l0-modal]   sglang_hicache_mem_layout ....................... page_first
[algo1a-g3-l0-modal] 
[algo1a-g3-l0-modal]   sglang_hicache_ratio ............................ None
[algo1a-g3-l0-modal] 
[algo1a-g3-l0-modal]   sglang_hicache_size ............................. 0
[algo1a-g3-l0-modal] 
[algo1a-g3-l0-modal]   sglang_hicache_storage_backend .................. None
[algo1a-g3-l0-modal] 
[algo1a-g3-l0-modal]   sglang_hicache_storage_backend_extra_config ..... None
[algo1a-g3-l0-modal] 
[algo1a-g3-l0-modal]   sglang_hicache_storage_prefetch_policy .......... timeout
[algo1a-g3-l0-modal] 
[algo1a-g3-l0-modal]   sglang_hicache_storage_prefetch_retry_max_attempts  8
[algo1a-g3-l0-modal] 
[algo1a-g3-l0-modal]   sglang_hicache_storage_prefetch_retry_poll_interval  8
[algo1a-g3-l0-modal] 
[algo1a-g3-l0-modal]   sglang_hicache_write_policy ..................... write_through
[algo1a-g3-l0-modal] 
[algo1a-g3-l0-modal]   sglang_hisparse_config .......................... None
[algo1a-g3-l0-modal] 
[algo1a-g3-l0-modal]   sglang_host ..................................... 127.0.0.1
[algo1a-g3-l0-modal] 
[algo1a-g3-l0-modal]   sglang_http2_initial_connection_window_size ..... 1048576
[algo1a-g3-l0-modal] 
[algo1a-g3-l0-modal]   sglang_http2_max_concurrent_streams ............. 200
[algo1a-g3-l0-modal] 
[algo1a-g3-l0-modal]   sglang_image_processor_backend .................. auto
[algo1a-g3-l0-modal] 
[algo1a-g3-l0-modal]   sglang_incremental_streaming_output ............. False
[algo1a-g3-l0-modal] 
[algo1a-g3-l0-modal]   sglang_init_expert_location ..................... trivial
[algo1a-g3-l0-modal] 
[algo1a-g3-l0-modal]   sglang_int8_mamba_ckpt_size ..................... None
[algo1a-g3-l0-modal] 
[algo1a-g3-l0-modal]   sglang_is_embedding ............................. False
[algo1a-g3-l0-modal] 
[algo1a-g3-l0-modal]   sglang_json_model_override_args ................. {}
[algo1a-g3-l0-modal] 
[algo1a-g3-l0-modal]   sglang_keep_mm_feature_on_device ................ False
[algo1a-g3-l0-modal] 
[algo1a-g3-l0-modal]   sglang_kt_cpuinfer .............................. None
[algo1a-g3-l0-modal] 
[algo1a-g3-l0-modal]   sglang_kt_max_deferred_experts_per_token ........ None
[algo1a-g3-l0-modal] 
[algo1a-g3-l0-modal]   sglang_kt_method ................................ AMXINT4
[algo1a-g3-l0-modal] 
[algo1a-g3-l0-modal]   sglang_kt_num_gpu_experts ....................... None
[algo1a-g3-l0-modal] 
[algo1a-g3-l0-modal]   sglang_kt_threadpool_count ...................... 2
[algo1a-g3-l0-modal] 
[algo1a-g3-l0-modal]   sglang_kt_weight_path ........................... None
[algo1a-g3-l0-modal] 
[algo1a-g3-l0-modal]   sglang_kv_cache_dtype ........................... auto
[algo1a-g3-l0-modal] 
[algo1a-g3-l0-modal]   sglang_kv_canary ................................ none
[algo1a-g3-l0-modal] 
[algo1a-g3-l0-modal]   sglang_kv_canary_real_data ...................... none
[algo1a-g3-l0-modal] 
[algo1a-g3-l0-modal]   sglang_kv_canary_sweep_interval ................. 0
[algo1a-g3-l0-modal] 
[algo1a-g3-l0-modal]   sglang_kv_events_config ......................... None
[algo1a-g3-l0-modal] 
[algo1a-g3-l0-modal]   sglang_language_model_only ...................... False
[algo1a-g3-l0-modal] 
[algo1a-g3-l0-modal]   sglang_language_only ............................ False
[algo1a-g3-l0-modal] 
[algo1a-g3-l0-modal]   sglang_limit_mm_data_per_request ................ None
[algo1a-g3-l0-modal] 
[algo1a-g3-l0-modal]   sglang_linear_attn_backend ...................... triton
[algo1a-g3-l0-modal] 
[algo1a-g3-l0-modal]   sglang_linear_attn_decode_backend ............... None
[algo1a-g3-l0-modal] 
[algo1a-g3-l0-modal]   sglang_linear_attn_prefill_backend .............. None
[algo1a-g3-l0-modal] 
[algo1a-g3-l0-modal]   sglang_linear_attn_verify_backend ............... None
[algo1a-g3-l0-modal] 
[algo1a-g3-l0-modal]   sglang_linear_replayssm_cache_len ............... 16
[algo1a-g3-l0-modal] 
[algo1a-g3-l0-modal]   sglang_lmcache_config_file ...................... None
[algo1a-g3-l0-modal] 
[algo1a-g3-l0-modal]   sglang_load_balance_method ...................... auto
[algo1a-g3-l0-modal] 
[algo1a-g3-l0-modal]   sglang_load_format .............................. auto
[algo1a-g3-l0-modal] 
[algo1a-g3-l0-modal]   sglang_load_publish_endpoint .................... None
[algo1a-g3-l0-modal] 
[algo1a-g3-l0-modal]   sglang_load_snapshot_publish_interval ........... 15
[algo1a-g3-l0-modal] 
[algo1a-g3-l0-modal]   sglang_log_level ................................ info
[algo1a-g3-l0-modal] 
[algo1a-g3-l0-modal]   sglang_log_level_http ........................... None
[algo1a-g3-l0-modal] 
[algo1a-g3-l0-modal]   sglang_log_requests ............................. False
[algo1a-g3-l0-modal] 
[algo1a-g3-l0-modal]   sglang_log_requests_format ...................... text
[algo1a-g3-l0-modal] 
[algo1a-g3-l0-modal]   sglang_log_requests_level ....................... 2
[algo1a-g3-l0-modal] 
[algo1a-g3-l0-modal]   sglang_log_requests_target ...................... None
[algo1a-g3-l0-modal] 
[algo1a-g3-l0-modal]   sglang_lora_backend ............................. csgmv
[algo1a-g3-l0-modal] 
[algo1a-g3-l0-modal]   sglang_lora_drain_wait_threshold ................ 0.0
[algo1a-g3-l0-modal] 
[algo1a-g3-l0-modal]   sglang_lora_eviction_policy ..................... lru
[algo1a-g3-l0-modal] 
[algo1a-g3-l0-modal]   sglang_lora_no_cpu_backup ....................... False
[algo1a-g3-l0-modal] 
[algo1a-g3-l0-modal]   sglang_lora_paths ............................... None
[algo1a-g3-l0-modal] 
[algo1a-g3-l0-modal]   sglang_lora_strict_loading ...................... False
[algo1a-g3-l0-modal] 
[algo1a-g3-l0-modal]   sglang_lora_target_modules ...................... None
[algo1a-g3-l0-modal] 
[algo1a-g3-l0-modal]   sglang_lora_use_virtual_experts ................. True
[algo1a-g3-l0-modal] 
[algo1a-g3-l0-modal]   sglang_mamba_backend ............................ triton
[algo1a-g3-l0-modal] 
[algo1a-g3-l0-modal]   sglang_mamba_cache_philox_rounds ................ 0
[algo1a-g3-l0-modal] 
[algo1a-g3-l0-modal]   sglang_mamba_full_memory_ratio .................. None
[algo1a-g3-l0-modal] 
[algo1a-g3-l0-modal]   sglang_mamba_max_states_per_path ................ -1
[algo1a-g3-l0-modal] 
[algo1a-g3-l0-modal]   sglang_mamba_radix_cache_strategy ............... auto
[algo1a-g3-l0-modal] 
[algo1a-g3-l0-modal]   sglang_mamba_ssm_dtype .......................... None
[algo1a-g3-l0-modal] 
[algo1a-g3-l0-modal]   sglang_mamba_track_interval ..................... 256
[algo1a-g3-l0-modal] 
[algo1a-g3-l0-modal]   sglang_max_ep_size .............................. None
[algo1a-g3-l0-modal] 
[algo1a-g3-l0-modal]   sglang_max_loaded_loras ......................... None
[algo1a-g3-l0-modal] 
[algo1a-g3-l0-modal]   sglang_max_lora_chunk_size ...................... 16
[algo1a-g3-l0-modal] 
[algo1a-g3-l0-modal]   sglang_max_lora_rank ............................ 16
[algo1a-g3-l0-modal] 
[algo1a-g3-l0-modal]   sglang_max_loras_per_batch ...................... 8
[algo1a-g3-l0-modal] 
[algo1a-g3-l0-modal]   sglang_max_mamba_cache_size ..................... None
[algo1a-g3-l0-modal] 
[algo1a-g3-l0-modal]   sglang_max_prefill_tokens ....................... 16384
[algo1a-g3-l0-modal] 
[algo1a-g3-l0-modal]   sglang_max_queued_requests ...................... None
[algo1a-g3-l0-modal] 
[algo1a-g3-l1-modal] Fetching 10 files:   0%|          | 0/10 [00:00<?, ?it/s]
[algo1a-g3-l1-modal] Warning: You are sending unauthenticated requests to the HF Hub. Please set a HF_TOKEN to enable higher rate limits and faster downloads.
[algo1a-g3-l1-modal] WARNING:huggingface_hub.utils._http:Warning: You are sending unauthenticated requests to the HF Hub. Please set a HF_TOKEN to enable higher rate limits and faster downloads.
[algo1a-g3-l0-modal]   sglang_max_running_requests ..................... None
[algo1a-g3-l0-modal] 
[algo1a-g3-l0-modal]   sglang_max_total_tokens ......................... None
[algo1a-g3-l0-modal] 
[algo1a-g3-l0-modal]   sglang_media_url_max_file_size_mb ............... 64
[algo1a-g3-l0-modal] 
[algo1a-g3-l0-modal]   sglang_mem_fraction_static ...................... 0.4
[algo1a-g3-l0-modal] 
[algo1a-g3-l0-modal]   sglang_min_free_slots_delay ..................... None
[algo1a-g3-l0-modal] 
[algo1a-g3-l0-modal]   sglang_mlx_enable_sampling ...................... False
[algo1a-g3-l0-modal] 
[algo1a-g3-l0-modal]   sglang_mm_attention_backend ..................... None
[algo1a-g3-l0-modal] 
[algo1a-g3-l0-modal]   sglang_mm_enable_dp_encoder ..................... False
[algo1a-g3-l0-modal] 
[algo1a-g3-l0-modal]   sglang_mm_feature_transport ..................... None
[algo1a-g3-l0-modal] 
[algo1a-g3-l0-modal]   sglang_mm_global_cache_backend .................. mooncake
[algo1a-g3-l0-modal] 
[algo1a-g3-l0-modal]   sglang_mm_io_worker_num ......................... 0
[algo1a-g3-l0-modal] 
[algo1a-g3-l0-modal]   sglang_mm_preprocess_cache_size_mb .............. None
[algo1a-g3-l0-modal] 
[algo1a-g3-l0-modal]   sglang_mm_process_config ........................ None
[algo1a-g3-l0-modal] 
[algo1a-g3-l0-modal]   sglang_mm_processor_worker_num .................. 0
[algo1a-g3-l0-modal] 
[algo1a-g3-l0-modal]   sglang_model_checksum ........................... None
[algo1a-g3-l0-modal] 
[algo1a-g3-l0-modal]   sglang_model_config_parser ...................... auto
[algo1a-g3-l0-modal] 
[algo1a-g3-l0-modal]   sglang_model_impl ............................... auto
[algo1a-g3-l0-modal] 
[algo1a-g3-l0-modal]   sglang_model_loader_extra_config ................ {}
[algo1a-g3-l0-modal] 
[algo1a-g3-l0-modal]   sglang_model_routers ............................ None
[algo1a-g3-l0-modal] 
[algo1a-g3-l0-modal]   sglang_modelexpress_config ...................... None
[algo1a-g3-l0-modal] 
[algo1a-g3-l0-modal]   sglang_modelopt_checkpoint_restore_path ......... None
[algo1a-g3-l0-modal] 
[algo1a-g3-l0-modal]   sglang_modelopt_checkpoint_save_path ............ None
[algo1a-g3-l0-modal] 
[algo1a-g3-l0-modal]   sglang_modelopt_export_path ..................... None
[algo1a-g3-l0-modal] 
[algo1a-g3-l0-modal]   sglang_modelopt_quant ........................... None
[algo1a-g3-l0-modal] 
[algo1a-g3-l0-modal]   sglang_moe_a2a_backend .......................... none
[algo1a-g3-l0-modal] 
[algo1a-g3-l0-modal]   sglang_moe_dense_tp_size ........................ None
[algo1a-g3-l0-modal] 
[algo1a-g3-l0-modal]   sglang_moe_dp_size .............................. 1
[algo1a-g3-l0-modal] 
[algo1a-g3-l0-modal]   sglang_moe_runner_backend ....................... auto
[algo1a-g3-l0-modal] 
[algo1a-g3-l0-modal]   sglang_mooncake_ib_device ....................... None
[algo1a-g3-l0-modal] 
[algo1a-g3-l0-modal]   sglang_msprobe_dump_config ...................... None
[algo1a-g3-l0-modal] 
[algo1a-g3-l0-modal]   sglang_num_continuous_decode_steps .............. 1
[algo1a-g3-l0-modal] 
[algo1a-g3-l0-modal]   sglang_num_reserved_decode_tokens ............... 512
[algo1a-g3-l0-modal] 
[algo1a-g3-l0-modal]   sglang_numa_node ................................ None
[algo1a-g3-l0-modal] 
[algo1a-g3-l0-modal]   sglang_offload_group_size ....................... -1
[algo1a-g3-l0-modal] 
[algo1a-g3-l0-modal]   sglang_offload_mode ............................. cpu
[algo1a-g3-l0-modal] 
[algo1a-g3-l0-modal]   sglang_offload_num_in_group ..................... 1
[algo1a-g3-l0-modal] 
[algo1a-g3-l0-modal]   sglang_offload_prefetch_step .................... 1
[algo1a-g3-l0-modal] 
[algo1a-g3-l0-modal]   sglang_optimistic_prefill_attempts .............. 0
[algo1a-g3-l0-modal] 
[algo1a-g3-l0-modal]   sglang_otlp_traces_endpoint ..................... localhost:4317
[algo1a-g3-l0-modal] 
[algo1a-g3-l0-modal]   sglang_page_size ................................ None
[algo1a-g3-l0-modal] 
[algo1a-g3-l0-modal]   sglang_pdmux_config_path ........................ None
[algo1a-g3-l0-modal] 
[algo1a-g3-l0-modal]   sglang_ple_offload_backend ...................... pinned
[algo1a-g3-l0-modal] 
[algo1a-g3-l0-modal]   sglang_ple_offload_dir .......................... None
[algo1a-g3-l0-modal] 
[algo1a-g3-l0-modal]   sglang_ple_offload_embedding .................... None
[algo1a-g3-l0-modal] 
[algo1a-g3-l0-modal]   sglang_pp_async_batch_depth ..................... 0
[algo1a-g3-l0-modal] 
[algo1a-g3-l0-modal]   sglang_pp_max_micro_batch_size .................. None
[algo1a-g3-l0-modal] 
[algo1a-g3-l0-modal]   sglang_pp_size .................................. 1
[algo1a-g3-l0-modal] 
[algo1a-g3-l0-modal]   sglang_pre_warm_nccl ............................ False
[algo1a-g3-l0-modal] 
[algo1a-g3-l0-modal]   sglang_preferred_sampling_params ................ None
[algo1a-g3-l0-modal] 
[algo1a-g3-l0-modal]   sglang_prefill_attention_backend ................ None
[algo1a-g3-l0-modal] 
[algo1a-g3-l1-modal] Fetching 10 files:  10%|█         | 1/10 [00:00<00:01,  5.67it/s]
[algo1a-g3-l1-modal] Fetching 10 files:  70%|███████   | 7/10 [00:00<00:00, 22.83it/s]
[algo1a-g3-l0-modal]   sglang_prefill_decode_interval .................. None
[algo1a-g3-l0-modal] 
[algo1a-g3-l0-modal]   sglang_prefill_delayer_forward_passes_buckets ... None
[algo1a-g3-l0-modal] 
[algo1a-g3-l0-modal]   sglang_prefill_delayer_max_delay_ms ............. None
[algo1a-g3-l0-modal] 
[algo1a-g3-l0-modal]   sglang_prefill_delayer_max_delay_passes ......... 30
[algo1a-g3-l0-modal] 
[algo1a-g3-l0-modal]   sglang_prefill_delayer_queue_min_ratio .......... None
[algo1a-g3-l0-modal] 
[algo1a-g3-l0-modal]   sglang_prefill_delayer_token_usage_low_watermark  None
[algo1a-g3-l0-modal] 
[algo1a-g3-l0-modal]   sglang_prefill_delayer_wait_seconds_buckets ..... None
[algo1a-g3-l0-modal] 
[algo1a-g3-l0-modal]   sglang_prefill_max_requests ..................... None
[algo1a-g3-l0-modal] 
[algo1a-g3-l0-modal]   sglang_prefill_only_disable_kv_cache ............ False
[algo1a-g3-l0-modal] 
[algo1a-g3-l0-modal]   sglang_priority_scheduling_preemption_threshold . 10
[algo1a-g3-l0-modal] 
[algo1a-g3-l0-modal]   sglang_prompt_tokens_buckets .................... None
[algo1a-g3-l0-modal] 
[algo1a-g3-l0-modal]   sglang_quantization ............................. None
[algo1a-g3-l0-modal] 
[algo1a-g3-l0-modal]   sglang_quantization_param_path .................. None
[algo1a-g3-l0-modal] 
[algo1a-g3-l0-modal]   sglang_quantize_and_serve ....................... False
[algo1a-g3-l0-modal] 
[algo1a-g3-l0-modal]   sglang_radix_cache_backend ...................... None
[algo1a-g3-l0-modal] 
[algo1a-g3-l0-modal]   sglang_radix_eviction_policy .................... lru
[algo1a-g3-l0-modal] 
[algo1a-g3-l0-modal]   sglang_radix_eviction_policy_config ............. None
[algo1a-g3-l0-modal] 
[algo1a-g3-l0-modal]   sglang_reasoning_parser ......................... None
[algo1a-g3-l0-modal] 
[algo1a-g3-l0-modal]   sglang_remote_instance_weight_loader_backend .... nccl
[algo1a-g3-l0-modal] 
[algo1a-g3-l0-modal]   sglang_remote_instance_weight_loader_seed_instance_ip  None
[algo1a-g3-l0-modal] 
[algo1a-g3-l0-modal]   sglang_remote_instance_weight_loader_seed_instance_service_port  None
[algo1a-g3-l0-modal] 
[algo1a-g3-l0-modal]   sglang_remote_instance_weight_loader_send_weights_group_ports  None
[algo1a-g3-l0-modal] 
[algo1a-g3-l0-modal]   sglang_remote_instance_weight_loader_start_seed_via_transfer_engine  False
[algo1a-g3-l0-modal] 
[algo1a-g3-l0-modal]   sglang_retraction_policy ........................ length
[algo1a-g3-l0-modal] 
[algo1a-g3-l0-modal]   sglang_return_hidden_states_mode ................ None
[algo1a-g3-l0-modal] 
[algo1a-g3-l0-modal]   sglang_return_input_ids ......................... False
[algo1a-g3-l0-modal] 
[algo1a-g3-l0-modal]   sglang_return_output_ids ........................ False
[algo1a-g3-l0-modal] 
[algo1a-g3-l0-modal]   sglang_revision ................................. None
[algo1a-g3-l0-modal] 
[algo1a-g3-l0-modal]   sglang_rl_on_policy_target ...................... None
[algo1a-g3-l0-modal] 
[algo1a-g3-l0-modal]   sglang_rl_quant_profile ......................... None
[algo1a-g3-l0-modal] 
[algo1a-g3-l0-modal]   sglang_router_ip ................................ None
[algo1a-g3-l0-modal] 
[algo1a-g3-l0-modal]   sglang_router_policy ............................ None
[algo1a-g3-l0-modal] 
[algo1a-g3-l0-modal]   sglang_router_port .............................. None
[algo1a-g3-l0-modal] 
[algo1a-g3-l0-modal]   sglang_router_request_timeout_secs .............. 14400
[algo1a-g3-l0-modal] 
[algo1a-g3-l0-modal]   sglang_sampling_backend ......................... None
[algo1a-g3-l0-modal] 
[algo1a-g3-l0-modal]   sglang_sampling_defaults ........................ model
[algo1a-g3-l0-modal] 
[algo1a-g3-l0-modal]   sglang_sampling_mask_max_tokens ................. 4096
[algo1a-g3-l0-modal] 
[algo1a-g3-l0-modal]   sglang_schedule_conservativeness ................ 1.0
[algo1a-g3-l0-modal] 
[algo1a-g3-l0-modal]   sglang_schedule_low_priority_values_first ....... False
[algo1a-g3-l0-modal] 
[algo1a-g3-l0-modal]   sglang_schedule_policy .......................... fcfs
[algo1a-g3-l0-modal] 
[algo1a-g3-l0-modal]   sglang_scheduler_recv_interval .................. 1
[algo1a-g3-l0-modal] 
[algo1a-g3-l0-modal]   sglang_served_model_name ........................ None
[algo1a-g3-l0-modal] 
[algo1a-g3-l0-modal]   sglang_server_concurrency ....................... 512
[algo1a-g3-l0-modal] 
[algo1a-g3-l0-modal]   sglang_show_time_cost ........................... False
[algo1a-g3-l0-modal] 
[algo1a-g3-l0-modal]   sglang_sidecar .................................. None
[algo1a-g3-l0-modal] 
[algo1a-g3-l0-modal]   sglang_sidecar_args ............................. None
[algo1a-g3-l0-modal] 
[algo1a-g3-l0-modal]   sglang_skip_tokenizer_init ...................... False
[algo1a-g3-l0-modal] 
[algo1a-g3-l0-modal]   sglang_sleep_on_idle ............................ False
[algo1a-g3-l0-modal] 
[algo1a-g3-l0-modal]   sglang_sm_group_num ............................. 8
[algo1a-g3-l0-modal] 
[algo1a-g3-l0-modal]   sglang_smg_grpc_mode ............................ False
[algo1a-g3-l0-modal] 
[algo1a-g3-l0-modal]   sglang_smg_http_sidecar_port .................... None
[algo1a-g3-l0-modal] 
[algo1a-g3-l0-modal]   sglang_soft_watchdog_timeout .................... None
[algo1a-g3-l0-modal] 
[algo1a-g3-l0-modal]   sglang_spec_trace_dir ........................... None
[algo1a-g3-l0-modal] 
[algo1a-g3-l0-modal]   sglang_speculative_accept_threshold_acc ......... 1.0
[algo1a-g3-l0-modal] 
[algo1a-g3-l0-modal]   sglang_speculative_accept_threshold_single ...... 1.0
[algo1a-g3-l0-modal] 
[algo1a-g3-l0-modal]   sglang_speculative_adaptive ..................... False
[algo1a-g3-l0-modal] 
[algo1a-g3-l0-modal]   sglang_speculative_adaptive_config .............. None
[algo1a-g3-l0-modal] 
[algo1a-g3-l0-modal]   sglang_speculative_algorithm .................... None
[algo1a-g3-l0-modal] 
[algo1a-g3-l0-modal]   sglang_speculative_attention_mode ............... prefill
[algo1a-g3-l0-modal] 
[algo1a-g3-l0-modal]   sglang_speculative_dflash_block_size ............ None
[algo1a-g3-l0-modal] 
[algo1a-g3-l0-modal]   sglang_speculative_domino_candidate_pool_size ... 2048
[algo1a-g3-l0-modal] 
[algo1a-g3-l0-modal]   sglang_speculative_draft_attention_backend ...... None
[algo1a-g3-l0-modal] 
[algo1a-g3-l0-modal]   sglang_speculative_draft_kv_cache_dtype ......... None
[algo1a-g3-l0-modal] 
[algo1a-g3-l0-modal]   sglang_speculative_draft_load_format ............ None
[algo1a-g3-l0-modal] 
[algo1a-g3-l0-modal]   sglang_speculative_draft_model_path ............. None
[algo1a-g3-l0-modal] 
[algo1a-g3-l0-modal]   sglang_speculative_draft_model_quantization ..... None
[algo1a-g3-l0-modal] 
[algo1a-g3-l0-modal]   sglang_speculative_draft_model_revision ......... None
[algo1a-g3-l0-modal] 
[algo1a-g3-l0-modal]   sglang_speculative_draft_window_size ............ None
[algo1a-g3-l0-modal] 
[algo1a-g3-l0-modal]   sglang_speculative_dsa_topk_backend ............. sgl-kernel
[algo1a-g3-l0-modal] 
[algo1a-g3-l0-modal]   sglang_speculative_dspark_align_verify_tokens_to_graph_tier  False
[algo1a-g3-l0-modal] 
[algo1a-g3-l0-modal]   sglang_speculative_dspark_block_size ............ None
[algo1a-g3-l0-modal] 
[algo1a-g3-l0-modal]   sglang_speculative_dspark_confidence_sts_path ... None
[algo1a-g3-l0-modal] 
[algo1a-g3-l0-modal]   sglang_speculative_dspark_sps_table_path ........ None
[algo1a-g3-l0-modal] 
[algo1a-g3-l0-modal]   sglang_speculative_eagle_topk ................... None
[algo1a-g3-l0-modal] 
[algo1a-g3-l0-modal]   sglang_speculative_moe_a2a_backend .............. None
[algo1a-g3-l0-modal] 
[algo1a-g3-l0-modal]   sglang_speculative_moe_runner_backend ........... None
[algo1a-g3-l0-modal] 
[algo1a-g3-l0-modal]   sglang_speculative_ngram_capacity ............... 10000000
[algo1a-g3-l0-modal] 
[algo1a-g3-l0-modal]   sglang_speculative_ngram_external_corpus_max_tokens  10000000
[algo1a-g3-l0-modal] 
[algo1a-g3-l0-modal]   sglang_speculative_ngram_external_corpus_path ... None
[algo1a-g3-l0-modal] 
[algo1a-g3-l0-modal]   sglang_speculative_ngram_external_sam_budget .... 0
[algo1a-g3-l0-modal] 
[algo1a-g3-l0-modal]   sglang_speculative_ngram_match_type ............. BFS
[algo1a-g3-l0-modal] 
[algo1a-g3-l0-modal]   sglang_speculative_ngram_max_bfs_breadth ........ 10
[algo1a-g3-l0-modal] 
[algo1a-g3-l0-modal]   sglang_speculative_ngram_max_trie_depth ......... 18
[algo1a-g3-l0-modal] 
[algo1a-g3-l0-modal]   sglang_speculative_ngram_min_bfs_breadth ........ 1
[algo1a-g3-l0-modal] 
[algo1a-g3-l0-modal]   sglang_speculative_num_draft_tokens ............. None
[algo1a-g3-l0-modal] 
[algo1a-g3-l0-modal]   sglang_speculative_num_steps .................... None
[algo1a-g3-l0-modal] 
[algo1a-g3-l0-modal]   sglang_speculative_skip_dp_mlp_sync ............. False
[algo1a-g3-l0-modal] 
[algo1a-g3-l0-modal]   sglang_speculative_token_map .................... None
[algo1a-g3-l0-modal] 
[algo1a-g3-l0-modal]   sglang_speculative_use_rejection_sampling ....... False
[algo1a-g3-l0-modal] 
[algo1a-g3-l0-modal]   sglang_ssl_ca_certs ............................. None
[algo1a-g3-l0-modal] 
[algo1a-g3-l0-modal]   sglang_ssl_certfile ............................. None
[algo1a-g3-l0-modal] 
[algo1a-g3-l0-modal]   sglang_ssl_keyfile .............................. None
[algo1a-g3-l0-modal] 
[algo1a-g3-l0-modal]   sglang_ssl_keyfile_password ..................... None
[algo1a-g3-l0-modal] 
[algo1a-g3-l0-modal]   sglang_startup_weight_load_mode ................. serial
[algo1a-g3-l0-modal] 
[algo1a-g3-l0-modal]   sglang_stream_interval .......................... 1
[algo1a-g3-l0-modal] 
[algo1a-g3-l0-modal]   sglang_stream_response_default_include_usage .... False
[algo1a-g3-l0-modal] 
[algo1a-g3-l0-modal]   sglang_strip_thinking_cache ..................... False
[algo1a-g3-l0-modal] 
[algo1a-g3-l0-modal]   sglang_swa_full_tokens_ratio .................... None
[algo1a-g3-l0-modal] 
[algo1a-g3-l0-modal]   sglang_tbo_token_distribution_threshold ......... 0.48
[algo1a-g3-l0-modal] 
[algo1a-g3-l0-modal]   sglang_tokenizer_backend ........................ huggingface
[algo1a-g3-l0-modal] 
[algo1a-g3-l0-modal]   sglang_tokenizer_metrics_allowed_custom_labels .. None
[algo1a-g3-l0-modal] 
[algo1a-g3-l0-modal]   sglang_tokenizer_metrics_custom_labels_header ... x-custom-labels
[algo1a-g3-l0-modal] 
[algo1a-g3-l0-modal]   sglang_tokenizer_mode ........................... auto
[algo1a-g3-l0-modal] 
[algo1a-g3-l0-modal]   sglang_tokenizer_path ........................... None
[algo1a-g3-l0-modal] 
[algo1a-g3-l0-modal]   sglang_tokenizer_worker_num ..................... 1
[algo1a-g3-l0-modal] 
[algo1a-g3-l0-modal]   sglang_tool_call_parser ......................... None
[algo1a-g3-l0-modal] 
[algo1a-g3-l0-modal]   sglang_tool_server .............................. None
[algo1a-g3-l0-modal] 
[algo1a-g3-l0-modal]   sglang_torch_compile_max_bs ..................... 32
[algo1a-g3-l0-modal] 
[algo1a-g3-l0-modal]   sglang_tp_size .................................. 1
[algo1a-g3-l0-modal] 
[algo1a-g3-l0-modal]   sglang_trace_modules ............................ request
[algo1a-g3-l0-modal] 
[algo1a-g3-l0-modal]   sglang_triton_attention_num_kv_splits ........... 8
[algo1a-g3-l0-modal] 
[algo1a-g3-l0-modal]   sglang_triton_attention_reduce_in_fp32 .......... False
[algo1a-g3-l0-modal] 
[algo1a-g3-l0-modal]   sglang_triton_attention_split_tile_size ......... None
[algo1a-g3-l0-modal] 
[algo1a-g3-l0-modal]   sglang_true_on_policy_contract .................. None
[algo1a-g3-l0-modal] 
[algo1a-g3-l0-modal]   sglang_trust_mm_content_hashes .................. False
[algo1a-g3-l0-modal] 
[algo1a-g3-l0-modal]   sglang_unified_cache_external_linker_backend .... mooncake
[algo1a-g3-l0-modal] 
[algo1a-g3-l0-modal]   sglang_uno_lora_path ............................ None
[algo1a-g3-l0-modal] 
[algo1a-g3-l0-modal]   sglang_use_ray .................................. False
[algo1a-g3-l0-modal] 
[algo1a-g3-l0-modal]   sglang_uvicorn_access_log_exclude_prefixes ...... []
[algo1a-g3-l0-modal] 
[algo1a-g3-l0-modal]   sglang_warmups .................................. None
[algo1a-g3-l0-modal] 
[algo1a-g3-l0-modal]   sglang_watchdog_timeout ......................... 300
[algo1a-g3-l0-modal] 
[algo1a-g3-l0-modal]   sglang_weight_cache_mode ........................ off
[algo1a-g3-l0-modal] 
[algo1a-g3-l0-modal]   sglang_weight_cache_socket ...................... None
[algo1a-g3-l0-modal] 
[algo1a-g3-l0-modal]   sglang_weight_cache_timeout ..................... 1800
[algo1a-g3-l0-modal] 
[algo1a-g3-l0-modal]   sglang_weight_loader_disable_mmap ............... False
[algo1a-g3-l0-modal] 
[algo1a-g3-l0-modal]   sglang_weight_loader_drop_cache_after_load ...... False
[algo1a-g3-l0-modal] 
[algo1a-g3-l0-modal]   sglang_weight_loader_prefetch_checkpoints ....... False
[algo1a-g3-l0-modal] 
[algo1a-g3-l0-modal]   sglang_weight_loader_prefetch_num_threads ....... 4
[algo1a-g3-l0-modal] 
[algo1a-g3-l0-modal]   sglang_weight_version ........................... default
[algo1a-g3-l0-modal] 
[algo1a-g3-l0-modal]   sharp_enabled_group ............................. None
[algo1a-g3-l0-modal] 
[algo1a-g3-l0-modal]   short_seq_prob .................................. 0.1
[algo1a-g3-l0-modal] 
[algo1a-g3-l0-modal]   skip_actor_forward_only ......................... False
[algo1a-g3-l0-modal] 
[algo1a-g3-l0-modal]   skip_eval_before_train .......................... False
[algo1a-g3-l0-modal] 
[algo1a-g3-l0-modal]   skip_train ...................................... False
[algo1a-g3-l0-modal] 
[algo1a-g3-l0-modal]   skipped_train_samples ........................... 0
[algo1a-g3-l0-modal] 
[algo1a-g3-l0-modal]   softmax_type .................................... vanilla
[algo1a-g3-l0-modal] 
[algo1a-g3-l0-modal]   spec ............................................ None
[algo1a-g3-l0-modal] 
[algo1a-g3-l0-modal]   special_tokens .................................. None
[algo1a-g3-l0-modal] 
[algo1a-g3-l0-modal]   split ........................................... None
[algo1a-g3-l0-modal] 
[algo1a-g3-l0-modal]   squared_relu .................................... False
[algo1a-g3-l0-modal] 
[algo1a-g3-l0-modal]   start_eval_at_iter .............................. None
[algo1a-g3-l0-modal] 
[algo1a-g3-l0-modal]   start_rollout_id ................................ 0
[algo1a-g3-l0-modal] 
[algo1a-g3-l0-modal]   start_weight_decay .............................. 0.01
[algo1a-g3-l0-modal] 
[algo1a-g3-l0-modal]   starts_inference_engines ........................ True
[algo1a-g3-l0-modal] 
[algo1a-g3-l0-modal]   step_batch_size_schedule ........................ None
[algo1a-g3-l0-modal] 
[algo1a-g3-l0-modal]   straggler_ctrlr_port ............................ 65535
[algo1a-g3-l0-modal] 
[algo1a-g3-l0-modal]   straggler_minmax_count .......................... 1
[algo1a-g3-l0-modal] 
[algo1a-g3-l0-modal]   stream_optimizer_state_moment_dtype ............. fp32
[algo1a-g3-l0-modal] 
[algo1a-g3-l0-modal]   stream_optimizer_state_to_disk .................. False
[algo1a-g3-l0-modal] 
[algo1a-g3-l0-modal]   strict_fsdp_dtensor_load ........................ True
[algo1a-g3-l0-modal] 
[algo1a-g3-l0-modal]   suggested_communication_unit_size ............... None
[algo1a-g3-l0-modal] 
[algo1a-g3-l0-modal]   swiglu .......................................... True
[algo1a-g3-l0-modal] 
[algo1a-g3-l0-modal]   swin_backbone_type .............................. tiny
[algo1a-g3-l0-modal] 
[algo1a-g3-l0-modal]   symmetric_ar_type ............................... None
[algo1a-g3-l0-modal] 
[algo1a-g3-l0-modal]   target_modules .................................. down_proj,gate_proj,k_proj,o_proj,q_proj,up_proj,v_proj
[algo1a-g3-l0-modal] 
[algo1a-g3-l0-modal]   tb_experiment_name .............................. None
[algo1a-g3-l0-modal] 
[algo1a-g3-l0-modal]   tb_project_name ................................. None
[algo1a-g3-l0-modal] 
[algo1a-g3-l0-modal]   te_precision_config_file ........................ None
[algo1a-g3-l0-modal] 
[algo1a-g3-l0-modal]   te_rng_tracker .................................. False
[algo1a-g3-l0-modal] 
[algo1a-g3-l0-modal]   tensor_model_parallel_size ...................... 1
[algo1a-g3-l0-modal] 
[algo1a-g3-l0-modal]   tensorboard_dir ................................. None
[algo1a-g3-l0-modal] 
[algo1a-g3-l0-modal]   tensorboard_log_interval ........................ 1
[algo1a-g3-l0-modal] 
[algo1a-g3-l0-modal]   tensorboard_queue_size .......................... 1000
[algo1a-g3-l0-modal] 
[algo1a-g3-l0-modal]   test_data_path .................................. None
[algo1a-g3-l0-modal] 
[algo1a-g3-l0-modal]   test_mode ....................................... False
[algo1a-g3-l0-modal] 
[algo1a-g3-l0-modal]   thd_max_packed_sequences ........................ None
[algo1a-g3-l0-modal] 
[algo1a-g3-l0-modal]   thd_tail_padding_policy ......................... None
[algo1a-g3-l0-modal] 
[algo1a-g3-l0-modal]   tiktoken_num_special_tokens ..................... 1000
[algo1a-g3-l0-modal] 
[algo1a-g3-l0-modal]   tiktoken_pattern ................................ None
[algo1a-g3-l0-modal] 
[algo1a-g3-l0-modal]   timing_log_level ................................ 0
[algo1a-g3-l0-modal] 
[algo1a-g3-l0-modal]   timing_log_option ............................... minmax
[algo1a-g3-l0-modal] 
[algo1a-g3-l0-modal]   tis_clip ........................................ 2.0
[algo1a-g3-l0-modal] 
[algo1a-g3-l0-modal]   tis_clip_low .................................... 0.0
[algo1a-g3-l0-modal] 
[algo1a-g3-l0-modal]   titles_data_path ................................ None
[algo1a-g3-l0-modal] 
[algo1a-g3-l0-modal]   tito_model ...................................... default
[algo1a-g3-l0-modal] 
[algo1a-g3-l0-modal]   tokenizer_hf_no_include_special_tokens .......... False
[algo1a-g3-l0-modal] 
[algo1a-g3-l0-modal]   tokenizer_hf_no_use_fast ........................ False
[algo1a-g3-l0-modal] 
[algo1a-g3-l0-modal]   tokenizer_model ................................. /root/.cache/huggingface/hub/models--Qwen--Qwen3-0.6B/snapshots/c1899de289a04d12100db370d81485cdf75e47ca
[algo1a-g3-l0-modal] 
[algo1a-g3-l0-modal]   tokenizer_sentencepiece_ignore_extra_whitespaces  True
[algo1a-g3-l0-modal] 
[algo1a-g3-l0-modal]   tokenizer_sentencepiece_legacy .................. False
[algo1a-g3-l0-modal] 
[algo1a-g3-l0-modal]   tokenizer_type .................................. HuggingFaceTokenizer
[algo1a-g3-l0-modal] 
[algo1a-g3-l0-modal]   tool_key ........................................ tools
[algo1a-g3-l0-modal] 
[algo1a-g3-l0-modal]   torch_fsdp2_reshard_after_forward ............... True
[algo1a-g3-l0-modal] 
[algo1a-g3-l0-modal]   tp_comm_bootstrap_backend ....................... nccl
[algo1a-g3-l0-modal] 
[algo1a-g3-l0-modal]   tp_comm_bulk_dgrad .............................. True
[algo1a-g3-l0-modal] 
[algo1a-g3-l0-modal]   tp_comm_bulk_wgrad .............................. True
[algo1a-g3-l0-modal] 
[algo1a-g3-l0-modal]   tp_comm_overlap ................................. False
[algo1a-g3-l0-modal] 
[algo1a-g3-l0-modal]   tp_comm_overlap_ag .............................. True
[algo1a-g3-l0-modal] 
[algo1a-g3-l0-modal]   tp_comm_overlap_cfg ............................. None
[algo1a-g3-l0-modal] 
[algo1a-g3-l0-modal]   tp_comm_overlap_rs .............................. True
[algo1a-g3-l0-modal] 
[algo1a-g3-l0-modal]   tp_comm_overlap_rs_dgrad ........................ False
[algo1a-g3-l0-modal] 
[algo1a-g3-l0-modal]   tp_comm_split_ag ................................ True
[algo1a-g3-l0-modal] 
[algo1a-g3-l0-modal]   tp_comm_split_rs ................................ True
[algo1a-g3-l0-modal] 
[algo1a-g3-l0-modal]   train_backend ................................... megatron
[algo1a-g3-l0-modal] 
[algo1a-g3-l0-modal]   train_data_path ................................. None
[algo1a-g3-l0-modal] 
[algo1a-g3-l0-modal]   train_env_vars .................................. {}
[algo1a-g3-l0-modal] 
[algo1a-g3-l0-modal]   train_iters ..................................... None
[algo1a-g3-l0-modal] 
[algo1a-g3-l0-modal]   train_memory_margin_bytes ....................... 1073741824
[algo1a-g3-l0-modal] 
[algo1a-g3-l0-modal]   train_samples ................................... None
[algo1a-g3-l0-modal] 
[algo1a-g3-l0-modal]   train_sync_interval ............................. None
[algo1a-g3-l0-modal] 
[algo1a-g3-l0-modal]   trainer_controller_addrs ........................ None
[algo1a-g3-l0-modal] 
[algo1a-g3-l0-modal]   trainer_heartbeat_checker_failure_threshold ..... 3
[algo1a-g3-l0-modal] 
[algo1a-g3-l0-modal]   trainer_heartbeat_checker_first_wait ............ 300.0
[algo1a-g3-l0-modal] 
[algo1a-g3-l0-modal]   trainer_heartbeat_checker_interval .............. 10.0
[algo1a-g3-l0-modal] 
[algo1a-g3-l0-modal]   trainer_heartbeat_checker_timeout ............... 10.0
[algo1a-g3-l0-modal] 
[algo1a-g3-l0-modal]   trainer_id ...................................... actor
[algo1a-g3-l0-modal] 
[algo1a-g3-l0-modal]   trainer_model_id ................................ None
[algo1a-g3-l0-modal] 
[algo1a-g3-l0-modal]   transformer_impl ................................ transformer_engine
[algo1a-g3-l0-modal] 
[algo1a-g3-l0-modal]   transformer_pipeline_model_parallel_size ........ 1
[algo1a-g3-l0-modal] 
[algo1a-g3-l0-modal]   true_on_policy_mode ............................. False
[algo1a-g3-l0-modal] 
[algo1a-g3-l0-modal]   trust_remote_code ............................... True
[algo1a-g3-l0-modal] 
[algo1a-g3-l0-modal]   untie_embeddings_and_output_weights ............. False
[algo1a-g3-l0-modal] 
[algo1a-g3-l0-modal]   update_weight_buffer_size ....................... 536870912
[algo1a-g3-l0-modal] 
[algo1a-g3-l0-modal]   update_weight_delta_checksum .................... xxh3-128
[algo1a-g3-l0-modal] 
[algo1a-g3-l0-modal]   update_weight_delta_encoding .................... xor
[algo1a-g3-l0-modal] 
[algo1a-g3-l0-modal]   update_weight_disk_dir .......................... None
[algo1a-g3-l0-modal] 
[algo1a-g3-l0-modal]   update_weight_local_checkpoint_dir .............. None
[algo1a-g3-l0-modal] 
[algo1a-g3-l0-modal]   update_weight_transfer_mode ..................... broadcast
[algo1a-g3-l0-modal] 
[algo1a-g3-l0-modal]   update_weights_interval ......................... 1
[algo1a-g3-l0-modal] 
[algo1a-g3-l0-modal]   use_checkpoint_args ............................. False
[algo1a-g3-l0-modal] 
[algo1a-g3-l0-modal]   use_checkpoint_opt_param_scheduler .............. False
[algo1a-g3-l0-modal] 
[algo1a-g3-l0-modal]   use_cpu_initialization .......................... None
[algo1a-g3-l0-modal] 
[algo1a-g3-l0-modal]   use_critic ...................................... False
[algo1a-g3-l0-modal] 
[algo1a-g3-l0-modal]   use_dist_ckpt ................................... True
[algo1a-g3-l0-modal] 
[algo1a-g3-l0-modal]   use_dist_ckpt_deprecated ........................ False
[algo1a-g3-l0-modal] 
[algo1a-g3-l0-modal]   use_distributed_optimizer ....................... True
[algo1a-g3-l0-modal] 
[algo1a-g3-l0-modal]   use_distributed_post ............................ False
[algo1a-g3-l0-modal] 
[algo1a-g3-l0-modal]   use_dynamic_batch_size .......................... False
[algo1a-g3-l0-modal] 
[algo1a-g3-l0-modal]   use_dynamic_global_batch_size ................... False
[algo1a-g3-l0-modal] 
[algo1a-g3-l0-modal]   use_fault_tolerance ............................. False
[algo1a-g3-l0-modal] 
[algo1a-g3-l0-modal]   use_flash_attn .................................. False
[algo1a-g3-l0-modal] 
[algo1a-g3-l0-modal]   use_fused_mhc ................................... False
[algo1a-g3-l0-modal] 
[algo1a-g3-l0-modal]   use_fused_weighted_squared_relu ................. False
[algo1a-g3-l0-modal] 
[algo1a-g3-l0-modal]   use_gloo_process_groups ......................... True
[algo1a-g3-l0-modal] 
[algo1a-g3-l0-modal]   use_grouped_gemm_for_dense_mlp .................. False
[algo1a-g3-l0-modal] 
[algo1a-g3-l0-modal]   use_grouped_gemm_for_shared_expert .............. False
[algo1a-g3-l0-modal] 
[algo1a-g3-l0-modal]   use_indexer_replay .............................. False
[algo1a-g3-l0-modal] 
[algo1a-g3-l0-modal]   use_kitchen_attention ........................... False
[algo1a-g3-l0-modal] 
[algo1a-g3-l0-modal]   use_kl_loss ..................................... False
[algo1a-g3-l0-modal] 
[algo1a-g3-l0-modal]   use_layer_wise_distributed_optimizer ............ False
[algo1a-g3-l0-modal] 
[algo1a-g3-l0-modal]   use_layer_wise_param_layout ..................... False
[algo1a-g3-l0-modal] 
[algo1a-g3-l0-modal]   use_legacy_static_engine ........................ False
[algo1a-g3-l0-modal] 
[algo1a-g3-l0-modal]   use_mamba_mem_eff_path .......................... True
[algo1a-g3-l0-modal] 
[algo1a-g3-l0-modal]   use_megatron_fsdp ............................... False
[algo1a-g3-l0-modal] 
[algo1a-g3-l0-modal]   use_miles_dashboard ............................. False
[algo1a-g3-l0-modal] 
[algo1a-g3-l0-modal]   use_miles_router ................................ False
[algo1a-g3-l0-modal] 
[algo1a-g3-l0-modal]   use_mlflow ...................................... False
[algo1a-g3-l0-modal] 
[algo1a-g3-l0-modal]   use_mp_args_from_checkpoint_args ................ False
[algo1a-g3-l0-modal] 
[algo1a-g3-l0-modal]   use_mup ......................................... False
[algo1a-g3-l0-modal] 
[algo1a-g3-l0-modal]   use_one_sent_docs ............................... False
[algo1a-g3-l0-modal] 
[algo1a-g3-l0-modal]   use_opd ......................................... False
[algo1a-g3-l0-modal] 
[algo1a-g3-l0-modal]   use_opsm ........................................ False
[algo1a-g3-l0-modal] 
[algo1a-g3-l0-modal]   use_persistent_ckpt_worker ...................... False
[algo1a-g3-l0-modal] 
[algo1a-g3-l0-modal]   use_precision_aware_optimizer ................... False
[algo1a-g3-l0-modal] 
[algo1a-g3-l0-modal]   use_prometheus .................................. False
[algo1a-g3-l0-modal] 
[algo1a-g3-l0-modal]   use_pytorch_profiler ............................ False
[algo1a-g3-l0-modal] 
[algo1a-g3-l0-modal]   use_ring_exchange_p2p ........................... False
[algo1a-g3-l0-modal] 
[algo1a-g3-l0-modal]   use_rollout_entropy ............................. False
[algo1a-g3-l0-modal] 
[algo1a-g3-l0-modal]   use_rollout_indexer_replay ...................... False
[algo1a-g3-l0-modal] 
[algo1a-g3-l0-modal]   use_rollout_logprobs ............................ False
[algo1a-g3-l0-modal] 
[algo1a-g3-l0-modal]   use_rollout_routing_replay ...................... False
[algo1a-g3-l0-modal] 
[algo1a-g3-l0-modal]   use_rope_scaling ................................ False
[algo1a-g3-l0-modal] 
[algo1a-g3-l0-modal]   use_rotary_position_embeddings .................. False
[algo1a-g3-l0-modal] 
[algo1a-g3-l0-modal]   use_routing_replay .............................. False
[algo1a-g3-l0-modal] 
[algo1a-g3-l0-modal]   use_sampling_support_replay ..................... False
[algo1a-g3-l0-modal] 
[algo1a-g3-l0-modal]   use_session_server .............................. False
[algo1a-g3-l0-modal] 
[algo1a-g3-l0-modal]   use_sharp ....................................... False
[algo1a-g3-l0-modal] 
[algo1a-g3-l0-modal]   use_te_activation_func .......................... False
[algo1a-g3-l0-modal] 
[algo1a-g3-l0-modal]   use_tensorboard ................................. False
[algo1a-g3-l0-modal] 
[algo1a-g3-l0-modal]   use_tis ......................................... True
[algo1a-g3-l0-modal] 
[algo1a-g3-l0-modal]   use_tokenizer_model_from_checkpoint_args ........ True
[algo1a-g3-l0-modal] 
[algo1a-g3-l0-modal]   use_torch_fsdp2 ................................. False
[algo1a-g3-l0-modal] 
[algo1a-g3-l0-modal]   use_torch_optimizer_for_cpu_offload ............. False
[algo1a-g3-l0-modal] 
[algo1a-g3-l0-modal]   use_tp_pp_dp_mapping ............................ False
[algo1a-g3-l0-modal] 
[algo1a-g3-l0-modal]   use_transformer_engine_op_fuser ................. False
[algo1a-g3-l0-modal] 
[algo1a-g3-l0-modal]   use_unbiased_kl ................................. False
[algo1a-g3-l0-modal] 
[algo1a-g3-l0-modal]   use_varlen_dataset .............................. False
[algo1a-g3-l0-modal] 
[algo1a-g3-l0-modal]   use_wandb ....................................... False
[algo1a-g3-l0-modal] 
[algo1a-g3-l0-modal]   v_head_dim ...................................... 128
[algo1a-g3-l0-modal] 
[algo1a-g3-l0-modal]   valid_data_path ................................. None
[algo1a-g3-l0-modal] 
[algo1a-g3-l0-modal]   validation_set_names ............................ None
[algo1a-g3-l0-modal] 
[algo1a-g3-l0-modal]   value_clip ...................................... 0.2
[algo1a-g3-l0-modal] 
[algo1a-g3-l0-modal]   varlen_mock_dataset_config_json ................. None
[algo1a-g3-l0-modal] 
[algo1a-g3-l0-modal]   varlen_sbhd_validation .......................... False
[algo1a-g3-l0-modal] 
[algo1a-g3-l0-modal]   verify_integrity ................................ False
[algo1a-g3-l0-modal] 
[algo1a-g3-l0-modal]   virtual_pipeline_model_parallel_size ............ None
[algo1a-g3-l0-modal] 
[algo1a-g3-l0-modal]   vision_backbone_type ............................ vit
[algo1a-g3-l0-modal] 
[algo1a-g3-l0-modal]   vision_pretraining .............................. False
[algo1a-g3-l0-modal] 
[algo1a-g3-l0-modal]   vision_pretraining_type ......................... classify
[algo1a-g3-l0-modal] 
[algo1a-g3-l0-modal]   vocab_extra_ids ................................. 0
[algo1a-g3-l0-modal] 
[algo1a-g3-l0-modal]   vocab_file ...................................... None
[algo1a-g3-l0-modal] 
[algo1a-g3-l0-modal]   vocab_size ...................................... 151936
[algo1a-g3-l0-modal] 
[algo1a-g3-l0-modal]   wandb_always_use_train_step ..................... False
[algo1a-g3-l0-modal] 
[algo1a-g3-l0-modal]   wandb_dir ....................................... None
[algo1a-g3-l0-modal] 
[algo1a-g3-l0-modal]   wandb_entity .................................... None
[algo1a-g3-l0-modal] 
[algo1a-g3-l0-modal]   wandb_exp_name .................................. None
[algo1a-g3-l0-modal] 
[algo1a-g3-l0-modal]   wandb_group ..................................... None
[algo1a-g3-l0-modal] 
[algo1a-g3-l0-modal]   wandb_host ...................................... None
[algo1a-g3-l0-modal] 
[algo1a-g3-l0-modal]   wandb_key ....................................... None
[algo1a-g3-l0-modal] 
[algo1a-g3-l0-modal]   wandb_mode ...................................... None
[algo1a-g3-l0-modal] 
[algo1a-g3-l0-modal]   wandb_project ................................... None
[algo1a-g3-l0-modal] 
[algo1a-g3-l0-modal]   wandb_random_suffix ............................. True
[algo1a-g3-l0-modal] 
[algo1a-g3-l0-modal]   wandb_run_id .................................... None
[algo1a-g3-l0-modal] 
[algo1a-g3-l0-modal]   wandb_save_dir .................................. None
[algo1a-g3-l0-modal] 
[algo1a-g3-l0-modal]   wandb_team ...................................... None
[algo1a-g3-l0-modal] 
[algo1a-g3-l0-modal]   weight_decay .................................... 0.01
[algo1a-g3-l0-modal] 
[algo1a-g3-l0-modal]   weight_decay_incr_style ......................... constant
[algo1a-g3-l0-modal] 
[algo1a-g3-l0-modal]   wgrad_deferral_limit ............................ 0
[algo1a-g3-l0-modal] 
[algo1a-g3-l0-modal]   window_attn_skip_freq ........................... None
[algo1a-g3-l0-modal] 
[algo1a-g3-l0-modal]   window_size ..................................... None
[algo1a-g3-l0-modal] 
[algo1a-g3-l0-modal]   witness_buffer_size ............................. 1048576
[algo1a-g3-l0-modal] 
[algo1a-g3-l0-modal]   worker_comm_backend ............................. ray
[algo1a-g3-l0-modal] 
[algo1a-g3-l0-modal]   worker_dynamic_port_start ....................... 20000
[algo1a-g3-l0-modal] 
[algo1a-g3-l0-modal]   worker_urls ..................................... []
[algo1a-g3-l0-modal] 
[algo1a-g3-l0-modal]   world_size ...................................... 1
[algo1a-g3-l0-modal] 
[algo1a-g3-l0-modal]   yaml_cfg ........................................ None
[algo1a-g3-l0-modal] 
[algo1a-g3-l0-modal]   yarn_beta_fast .................................. None
[algo1a-g3-l0-modal] 
[algo1a-g3-l0-modal]   yarn_beta_slow .................................. None
[algo1a-g3-l0-modal] 
[algo1a-g3-l0-modal]   yarn_correction_range_round_to_int .............. None
[algo1a-g3-l0-modal] 
[algo1a-g3-l0-modal]   yarn_original_max_position_embeddings ........... None
[algo1a-g3-l0-modal] 
[algo1a-g3-l0-modal]   yeto_rl_dynamic_sampling_max_replacements ....... None
[algo1a-g3-l0-modal] 
[algo1a-g3-l0-modal] -------------------- end of arguments ---------------------
[algo1a-g3-l0-modal] 
[algo1a-g3-l0-modal] [2026-09-29 18:02:04.302 main] arguments.py:2843 - --moe-token-dispatcher-type allgather does not support variable sequence length, please use alltoall dispatcher instead.
[algo1a-g3-l0-modal] 2026-09-29 18:02:04,324	INFO worker.py:1833 -- Connecting to existing Ray cluster at address: 172.20.8.163:6379...
[algo1a-g3-l0-modal] 2026-09-29 18:02:04,342	INFO worker.py:2015 -- Connected to Ray cluster. View the dashboard at [1m[32mhttp://127.0.0.1:8265 [39m[22m
[algo1a-g3-l0-modal] [2026-09-29 18:02:06.461 main] reporter.py:90 - audit op=env_report_summary hostname=modal versions="{\"python\":\"3.12.3\",\"platform\":\"Linux-4.19.0-gvisor-x86_64-with-glibc2.39\",\"torch\":\"2.13.0+cu130\",\"torch_cuda\":\"13.0\"}" repos="{}" num_packages=0 num_env_vars=105 packages_probed=false stored=false
[algo1a-g3-l0-modal] [2026-09-29 18:02:06.482 main] placement_group.py:151 - Creating placement group with 1 GPUs...
[algo1a-g3-l0-modal] [2026-09-29 18:02:07.960 main] placement_group.py:114 -   bundle    0, actual_bundle_index:    0, node: 172.20.8.163, gpu: 0
[algo1a-g3-l0-modal] [2026-09-29 18:02:12.136 main] reporter.py:90 - audit op=env_report_summary hostname=modal versions="{\"python\":\"3.12.3\",\"platform\":\"Linux-4.19.0-gvisor-x86_64-with-glibc2.39\",\"miles\":\"0.1.1\",\"sglang\":\"0.5.21.dev67+g9f29303\",\"sglang-router\":\"0.3.2\",\"megatron-core\":\"0.19.0+a84b10547\",\"transformers\":\"5.12.1\",\"ray\":\"2.58.0\",\"flashinfer-python\":\"0.6.18\",\"torch\":\"2.13.0+cu130\",\"torch_cuda\":\"13.0\"}" repos="{\"miles\":\"0394715083c91182b5eb0c526eeee4196ac694b9\",\"megatron-core\":\"a84b105473eca9c9c6e49dbf1c8aa460c5cf796e\",\"sglang\":\"9f29303bef1eea38eb613e5f454a52db1326422d\"}" num_packages=425 num_env_vars=105 packages_probed=true stored=false
[algo1a-g3-l0-modal] [36m(pid=2274)[0m /opt/sglang/lib/python3.12/site-packages/huggingface_hub/constants.py:301: FutureWarning: The `HF_HUB_ENABLE_HF_TRANSFER` environment variable is deprecated as 'hf_transfer' is not used anymore. Please use `HF_XET_HIGH_PERFORMANCE` instead to enable high performance transfer with Xet. Visit https://huggingface.co/docs/huggingface_hub/package_reference/environment_variables#hfxethighperformance for more details.
[algo1a-g3-l0-modal] 
[algo1a-g3-l0-modal] [36m(pid=2274)[0m   warnings.warn(
[algo1a-g3-l0-modal] 
[algo1a-g3-l0-modal] [36m(pid=2274)[0m /opt/sglang/lib/python3.12/site-packages/transformer_engine/__init__.py:103: RuntimeWarning: Detected a Jax installation but could not find the shared object file for the Transformer Engine Jax extension library. If this is not intentional, please reinstall Transformer Engine with `pip install transformer_engine[jax]` or build from source with `NVTE_FRAMEWORK=jax`.
[algo1a-g3-l0-modal] 
[algo1a-g3-l0-modal] [36m(pid=2274)[0m   warnings.warn(
[algo1a-g3-l0-modal] 
[algo1a-g3-l1-modal] Fetching 10 files: 100%|██████████| 10/10 [00:05<00:00,  1.51it/s]
[algo1a-g3-l1-modal] Fetching 10 files: 100%|██████████| 10/10 [00:05<00:00,  1.91it/s]
[algo1a-g3-l1-modal] 
[algo1a-g3-l1-modal] Generating train split: 0 examples [00:00, ? examples/s]
[algo1a-g3-l1-modal] Generating train split: 7473 examples [00:00, 312443.64 examples/s]
[algo1a-g3-l1-modal] 
[algo1a-g3-l1-modal] Generating test split: 0 examples [00:00, ? examples/s]
[algo1a-g3-l1-modal] Generating test split: 1319 examples [00:00, 243809.75 examples/s]
[algo1a-g3-l1-modal] 
[algo1a-g3-l0-modal] [36m(pid=2274)[0m Flax classes are deprecated and will be removed in Diffusers v1.0.0. We recommend migrating to PyTorch classes or pinning your version of Diffusers.
[36m(pid=2274)[0m Flax classes are deprecated and will be removed in Diffusers v1.0.0. We recommend migrating to PyTorch classes or pinning your version of Diffusers.
[algo1a-g3-l0-modal] [36m(pid=2274)[0m WARNING:megatron.bridge.models.muse_glimmer:Muse Glimmer Hugging Face classes are unavailable with transformers 5.12.1. Upgrade transformers to a version that supports Muse Glimmer.
[algo1a-g3-l0-modal] 
[algo1a-g3-l0-modal] [36m(pid=2274)[0m WARNING:miles_plugins.models.qwen3_vl:megatron-bridge Qwen3VLModel lacks native CP-local vision-embed selection; CP runs with vision tokens will mis-place vision embeddings. Apply the matching Megatron-Bridge patch (radixark/Megatron-Bridge PR #9).
[algo1a-g3-l0-modal] 
[algo1a-g3-l1-modal] WARNING:megatron.bridge.models.conversion.auto_bridge:Loading a model with trust_remote_code=True allows arbitrary code execution from the model repository. Only use this with models you trust.
[algo1a-g3-l1-modal] /opt/sglang/lib/python3.12/site-packages/megatron/bridge/models/qwen/qwen3_bridge.py:45: FutureWarning: Qwen3Bridge.provider_bridge() and AutoBridge.to_megatron_provider() are deprecated for builder-backed models. Use AutoBridge.get_model_config() for training recipes or AutoBridge.get_model() to construct a model. Legacy provider support will be removed in a future release.
  provider = super().provider_bridge(hf_pretrained)
[algo1a-g3-l1-modal] [transformers] `torch_dtype` is deprecated! Use `dtype` instead!
[algo1a-g3-l1-modal] /root/Megatron-LM/megatron/core/transformer/transformer_config.py:3249: UserWarning: full scope is deprecated. Use empty cuda_graph_modules to capture the whole layer.
  warnings.warn(
[algo1a-g3-l1-modal] WARNING: Inferring the appropriate argparse argument type from <class 'megatron.core.transformer.transformer_config.TransformerConfig'> failed for pad_packed_seq_alignment: typing.Union[int, typing.Literal['max'], NoneType].
Deferring to attribute metadata. If the metadata is incomplete, 'parser.add_argument()' may fail.
Original failure: Unions not supported by argparse: typing.Union[int, typing.Literal['max'], NoneType]
[algo1a-g3-l1-modal] 
[algo1a-g3-l1-modal] [2026-09-29 18:02:37.019 main] arguments.py:49 - --tokenizer-model not set, use --hf-checkpoint as tokenizer model.
[algo1a-g3-l1-modal] [2026-09-29 18:02:37.044 main] arguments.py:152 - MoE-expert LoRA layout: per-expert (--experts-shared-outer-loras).
[algo1a-g3-l1-modal] [2026-09-29 18:02:37.044 main] arguments.py:3616 - Colocate mode: defaulting --sglang-cuda-graph-backend-prefill=disabled to avoid NVLS OOM. Set --sglang-cuda-graph-backend-prefill explicitly to override.
[algo1a-g3-l1-modal] [2026-09-29 18:02:37.044 main] arguments.py:3626 - rollout_num_gpus None != actor_num_gpus_per_node 1 * actor_num_nodes 1, overriding rollout_num_gpus to match actor_num_gpus_per_node * actor_num_nodes.
[algo1a-g3-l1-modal] [2026-09-29 18:02:37.044 main] arguments.py:3858 - args.eval_max_context_len is not set. Use args.rollout_max_context_len 1024 as default value.
[algo1a-g3-l1-modal] [2026-09-29 18:02:37.045 main] arguments.py:3866 - args.rollout_max_prompt_len is not set. Use args.rollout_max_context_len - 1 (1024 - 1) as default value so that there is at least one generated token to compute loss.
[algo1a-g3-l1-modal] /root/Megatron-LM/megatron/core/_rank_utils.py:39: UserWarning: Could not determine rank from torch.distributed, RANK, or SLURM_PROCID. Defaulting to rank 0.
  warnings.warn(
[algo1a-g3-l1-modal] using world size: 1, data-parallel size: 1, context-parallel size: 1, hierarchical context-parallel sizes: None, tensor-model-parallel size: 1, pipeline-model-parallel size: 1
[algo1a-g3-l1-modal] 
[algo1a-g3-l1-modal] Number of virtual stages per pipeline stage: None
[algo1a-g3-l1-modal] 
[algo1a-g3-l1-modal] using torch.bfloat16 for parameters ...
[algo1a-g3-l1-modal] 
[algo1a-g3-l1-modal] ------------------------ arguments ------------------------
[algo1a-g3-l1-modal] 
[algo1a-g3-l1-modal]   _is_global_batch_size_explicitly_specified ...... True
[algo1a-g3-l1-modal] 
[algo1a-g3-l1-modal]   account_for_embedding_in_pipeline_split ......... False
[algo1a-g3-l1-modal] 
[algo1a-g3-l1-modal]   account_for_loss_in_pipeline_split .............. False
[algo1a-g3-l1-modal] 
[algo1a-g3-l1-modal]   accumulate_allreduce_grads_in_fp32 .............. True
[algo1a-g3-l1-modal] 
[algo1a-g3-l1-modal]   activation_func_clamp_shared_expert ............. True
[algo1a-g3-l1-modal] 
[algo1a-g3-l1-modal]   activation_func_clamp_value ..................... None
[algo1a-g3-l1-modal] 
[algo1a-g3-l1-modal]   activation_offload_fraction ..................... 1.0
[algo1a-g3-l1-modal] 
[algo1a-g3-l1-modal]   actor_num_gpus_per_node ......................... 1
[algo1a-g3-l1-modal] 
[algo1a-g3-l1-modal]   actor_num_nodes ................................. 1
[algo1a-g3-l1-modal] 
[algo1a-g3-l1-modal]   adam_beta1 ...................................... 0.9
[algo1a-g3-l1-modal] 
[algo1a-g3-l1-modal]   adam_beta2 ...................................... 0.999
[algo1a-g3-l1-modal] 
[algo1a-g3-l1-modal]   adam_eps ........................................ 1e-08
[algo1a-g3-l1-modal] 
[algo1a-g3-l1-modal]   add_bias_linear ................................. False
[algo1a-g3-l1-modal] 
[algo1a-g3-l1-modal]   add_position_embedding .......................... True
[algo1a-g3-l1-modal] 
[algo1a-g3-l1-modal]   add_qkv_bias .................................... False
[algo1a-g3-l1-modal] 
[algo1a-g3-l1-modal]   adlr_autoresume ................................. False
[algo1a-g3-l1-modal] 
[algo1a-g3-l1-modal]   adlr_autoresume_interval ........................ 1000
[algo1a-g3-l1-modal] 
[algo1a-g3-l1-modal]   advantage_estimator ............................. grpo
[algo1a-g3-l1-modal] 
[algo1a-g3-l1-modal]   align_grad_reduce ............................... True
[algo1a-g3-l1-modal] 
[algo1a-g3-l1-modal]   align_param_gather .............................. False
[algo1a-g3-l1-modal] 
[algo1a-g3-l1-modal]   allgather_cp .................................... False
[algo1a-g3-l1-modal] 
[algo1a-g3-l1-modal]   allow_ambiguous_pad_tokens ...................... False
[algo1a-g3-l1-modal] 
[algo1a-g3-l1-modal]   allow_partial_train_step ........................ False
[algo1a-g3-l1-modal] 
[algo1a-g3-l1-modal]   api_server_host ................................. 127.0.0.1
[algo1a-g3-l1-modal] 
[algo1a-g3-l1-modal]   api_server_port ................................. 0
[algo1a-g3-l1-modal] 
[algo1a-g3-l1-modal]   app_tag_run_name ................................ None
[algo1a-g3-l1-modal] 
[algo1a-g3-l1-modal]   app_tag_run_version ............................. 0.0.0
[algo1a-g3-l1-modal] 
[algo1a-g3-l1-modal]   apply_chat_template ............................. True
[algo1a-g3-l1-modal] 
[algo1a-g3-l1-modal]   apply_chat_template_kwargs ...................... {'enable_thinking': False}
[algo1a-g3-l1-modal] 
[algo1a-g3-l1-modal]   apply_dsa_kernel_fusion ......................... None
[algo1a-g3-l1-modal] 
[algo1a-g3-l1-modal]   apply_query_key_layer_scaling ................... False
[algo1a-g3-l1-modal] 
[algo1a-g3-l1-modal]   apply_residual_connection_post_layernorm ........ False
[algo1a-g3-l1-modal] 
[algo1a-g3-l1-modal]   apply_rope_fusion ............................... True
[algo1a-g3-l1-modal] 
[algo1a-g3-l1-modal]   apply_wd_to_qk_layernorm ........................ False
[algo1a-g3-l1-modal] 
[algo1a-g3-l1-modal]   async_ckpt_cpu_priority ......................... 10
[algo1a-g3-l1-modal] 
[algo1a-g3-l1-modal]   async_ckpt_io_priority .......................... 3
[algo1a-g3-l1-modal] 
[algo1a-g3-l1-modal]   async_ckpt_use_cpu_shm .......................... False
[algo1a-g3-l1-modal] 
[algo1a-g3-l1-modal]   async_data_buffer_capacity_factor ............... 2.0
[algo1a-g3-l1-modal] 
[algo1a-g3-l1-modal]   async_max_concurrent_samples .................... None
[algo1a-g3-l1-modal] 
[algo1a-g3-l1-modal]   async_save ...................................... False
[algo1a-g3-l1-modal] 
[algo1a-g3-l1-modal]   async_strategy .................................. mcore
[algo1a-g3-l1-modal] 
[algo1a-g3-l1-modal]   async_unused_samples_handler .................... drop
[algo1a-g3-l1-modal] 
[algo1a-g3-l1-modal]   attention_backend ............................... AttnBackend.unfused
[algo1a-g3-l1-modal] 
[algo1a-g3-l1-modal]   attention_dropout ............................... 0.1
[algo1a-g3-l1-modal] 
[algo1a-g3-l1-modal]   attention_output_gate ........................... False
[algo1a-g3-l1-modal] 
[algo1a-g3-l1-modal]   attention_softmax_in_fp32 ....................... True
[algo1a-g3-l1-modal] 
[algo1a-g3-l1-modal]   auto_detect_ckpt_format ......................... False
[algo1a-g3-l1-modal] 
[algo1a-g3-l1-modal]   balance_by_flops ................................ False
[algo1a-g3-l1-modal] 
[algo1a-g3-l1-modal]   balance_data .................................... True
[algo1a-g3-l1-modal] 
[algo1a-g3-l1-modal]   barrier_with_L1_time ............................ True
[algo1a-g3-l1-modal] 
[algo1a-g3-l1-modal]   batch_invariant_mode ............................ False
[algo1a-g3-l1-modal] 
[algo1a-g3-l1-modal]   bert_binary_head ................................ True
[algo1a-g3-l1-modal] 
[algo1a-g3-l1-modal]   bert_embedder_type .............................. megatron
[algo1a-g3-l1-modal] 
[algo1a-g3-l1-modal]   bert_load ....................................... None
[algo1a-g3-l1-modal] 
[algo1a-g3-l1-modal]   beta_fast ....................................... 32
[algo1a-g3-l1-modal] 
[algo1a-g3-l1-modal]   beta_slow ....................................... 1
[algo1a-g3-l1-modal] 
[algo1a-g3-l1-modal]   bf16 ............................................ True
[algo1a-g3-l1-modal] 
[algo1a-g3-l1-modal]   bias_dropout_fusion ............................. True
[algo1a-g3-l1-modal] 
[algo1a-g3-l1-modal]   bias_gelu_fusion ................................ False
[algo1a-g3-l1-modal] 
[algo1a-g3-l1-modal]   bias_swiglu_fusion .............................. True
[algo1a-g3-l1-modal] 
[algo1a-g3-l1-modal]   biencoder_projection_dim ........................ 0
[algo1a-g3-l1-modal] 
[algo1a-g3-l1-modal]   biencoder_shared_query_context_model ............ False
[algo1a-g3-l1-modal] 
[algo1a-g3-l1-modal]   block_data_path ................................. None
[algo1a-g3-l1-modal] 
[algo1a-g3-l1-modal]   buffer_filter_path .............................. yeto.rl.engine.miles_adapter.rollout_meta_hook.policy_buffer_filter
[algo1a-g3-l1-modal] 
[algo1a-g3-l1-modal]   cache_mla_latents ............................... False
[algo1a-g3-l1-modal] 
[algo1a-g3-l1-modal]   calc_ft_timeouts ................................ False
[algo1a-g3-l1-modal] 
[algo1a-g3-l1-modal]   calculate_per_token_loss ........................ False
[algo1a-g3-l1-modal] 
[algo1a-g3-l1-modal]   chat_template ................................... None
[algo1a-g3-l1-modal] 
[algo1a-g3-l1-modal]   chat_template_path .............................. None
[algo1a-g3-l1-modal] 
[algo1a-g3-l1-modal]   check_for_large_grads ........................... False
[algo1a-g3-l1-modal] 
[algo1a-g3-l1-modal]   check_for_nan_in_loss_and_grad .................. True
[algo1a-g3-l1-modal] 
[algo1a-g3-l1-modal]   check_for_spiky_loss ............................ False
[algo1a-g3-l1-modal] 
[algo1a-g3-l1-modal]   check_lora_weight_equal ......................... False
[algo1a-g3-l1-modal] 
[algo1a-g3-l1-modal]   check_rematerialize_param_from_master_weight .... False
[algo1a-g3-l1-modal] 
[algo1a-g3-l1-modal]   check_weight_hash_across_dp_replicas_interval ... None
[algo1a-g3-l1-modal] 
[algo1a-g3-l1-modal]   check_weight_update_allow_quant_error ........... False
[algo1a-g3-l1-modal] 
[algo1a-g3-l1-modal]   check_weight_update_equal ....................... False
[algo1a-g3-l1-modal] 
[algo1a-g3-l1-modal]   check_weight_update_selector .................... all
[algo1a-g3-l1-modal] 
[algo1a-g3-l1-modal]   check_weight_update_skip_list ................... None
[algo1a-g3-l1-modal] 
[algo1a-g3-l1-modal]   chunked_optimizer_state_offload ................. False
[algo1a-g3-l1-modal] 
[algo1a-g3-l1-modal]   ci_check_model_hash ............................. False
[algo1a-g3-l1-modal] 
[algo1a-g3-l1-modal]   ci_disable_kl_checker ........................... False
[algo1a-g3-l1-modal] 
[algo1a-g3-l1-modal]   ci_disable_logprobs_checker ..................... False
[algo1a-g3-l1-modal] 
[algo1a-g3-l1-modal]   ci_disable_weight_update_checker ................ False
[algo1a-g3-l1-modal] 
[algo1a-g3-l1-modal]   ci_enable_metrics_capture ....................... False
[algo1a-g3-l1-modal] 
[algo1a-g3-l1-modal]   ci_ft_test_actions .............................. None
[algo1a-g3-l1-modal] 
[algo1a-g3-l1-modal]   ci_ft_test_actions_path ......................... None
[algo1a-g3-l1-modal] 
[algo1a-g3-l1-modal]   ci_inject_rollout_data_min_match_ratio .......... 0.9
[algo1a-g3-l1-modal] 
[algo1a-g3-l1-modal]   ci_inject_rollout_data_path ..................... None
[algo1a-g3-l1-modal] 
[algo1a-g3-l1-modal]   ci_inject_rollout_data_start_rollout_id ......... None
[algo1a-g3-l1-modal] 
[algo1a-g3-l1-modal]   ci_load_grad_norm ............................... None
[algo1a-g3-l1-modal] 
[algo1a-g3-l1-modal]   ci_metric_checker_expect_num .................... None
[algo1a-g3-l1-modal] 
[algo1a-g3-l1-modal]   ci_metric_checker_key ........................... None
[algo1a-g3-l1-modal] 
[algo1a-g3-l1-modal]   ci_metric_checker_threshold ..................... None
[algo1a-g3-l1-modal] 
[algo1a-g3-l1-modal]   ci_save_grad_norm ............................... None
[algo1a-g3-l1-modal] 
[algo1a-g3-l1-modal]   ci_save_model_hash .............................. False
[algo1a-g3-l1-modal] 
[algo1a-g3-l1-modal]   ci_test ......................................... False
[algo1a-g3-l1-modal] 
[algo1a-g3-l1-modal]   ci_tito_special_token_count_threshold ........... 0.0
[algo1a-g3-l1-modal] 
[algo1a-g3-l1-modal]   ckpt_assume_constant_structure .................. False
[algo1a-g3-l1-modal] 
[algo1a-g3-l1-modal]   ckpt_convert_format ............................. None
[algo1a-g3-l1-modal] 
[algo1a-g3-l1-modal]   ckpt_convert_save ............................... None
[algo1a-g3-l1-modal] 
[algo1a-g3-l1-modal]   ckpt_convert_update_legacy_dist_opt_format ...... False
[algo1a-g3-l1-modal] 
[algo1a-g3-l1-modal]   ckpt_format ..................................... torch_dist
[algo1a-g3-l1-modal] 
[algo1a-g3-l1-modal]   ckpt_fully_parallel_load ........................ False
[algo1a-g3-l1-modal] 
[algo1a-g3-l1-modal]   ckpt_fully_parallel_load_exchange_algo .......... broadcast
[algo1a-g3-l1-modal] 
[algo1a-g3-l1-modal]   ckpt_fully_parallel_load_process_group .......... dp
[algo1a-g3-l1-modal] 
[algo1a-g3-l1-modal]   ckpt_fully_parallel_save ........................ True
[algo1a-g3-l1-modal] 
[algo1a-g3-l1-modal]   ckpt_fully_parallel_save_deprecated ............. False
[algo1a-g3-l1-modal] 
[algo1a-g3-l1-modal]   ckpt_fully_parallel_save_process_group .......... dp
[algo1a-g3-l1-modal] 
[algo1a-g3-l1-modal]   ckpt_load_validate_sharding_integrity ........... True
[algo1a-g3-l1-modal] 
[algo1a-g3-l1-modal]   ckpt_step ....................................... None
[algo1a-g3-l1-modal] 
[algo1a-g3-l1-modal]   classes_fraction ................................ 1.0
[algo1a-g3-l1-modal] 
[algo1a-g3-l1-modal]   clear_quantized_weight_workspaces_on_offload .... True
[algo1a-g3-l1-modal] 
[algo1a-g3-l1-modal]   clip_grad ....................................... 1.0
[algo1a-g3-l1-modal] 
[algo1a-g3-l1-modal]   clone_scatter_output_in_embedding ............... True
[algo1a-g3-l1-modal] 
[algo1a-g3-l1-modal]   cluster_backend ................................. ray
[algo1a-g3-l1-modal] 
[algo1a-g3-l1-modal]   colocate ........................................ True
[algo1a-g3-l1-modal] 
[algo1a-g3-l1-modal]   colocate_memory_peak_device ..................... cpu
[algo1a-g3-l1-modal] 
[algo1a-g3-l1-modal]   compress_ratios ................................. None
[algo1a-g3-l1-modal] 
[algo1a-g3-l1-modal]   compute_advantages_and_returns .................. True
[algo1a-g3-l1-modal] 
[algo1a-g3-l1-modal]   config_logger_dir ...............................
[algo1a-g3-l1-modal] 
[algo1a-g3-l1-modal]   consumed_train_samples .......................... 0
[algo1a-g3-l1-modal] 
[algo1a-g3-l1-modal]   consumed_valid_samples .......................... 0
[algo1a-g3-l1-modal] 
[algo1a-g3-l1-modal]   context_parallel_size ........................... 1
[algo1a-g3-l1-modal] 
[algo1a-g3-l1-modal]   cp_comm_type .................................... ['p2p']
[algo1a-g3-l1-modal] 
[algo1a-g3-l1-modal]   cp_partition_mode ............................... zigzag
[algo1a-g3-l1-modal] 
[algo1a-g3-l1-modal]   cpu_offloading_num_layers ....................... 0
[algo1a-g3-l1-modal] 
[algo1a-g3-l1-modal]   cpu_offloading_retain_pinned_cpu_buffers ........ False
[algo1a-g3-l1-modal] 
[algo1a-g3-l1-modal]   create_all_gather_group ......................... False
[algo1a-g3-l1-modal] 
[algo1a-g3-l1-modal]   create_attention_mask_in_dataloader ............. True
[algo1a-g3-l1-modal] 
[algo1a-g3-l1-modal]   critic_load ..................................... /root/.cache/huggingface/hub/models--Qwen--Qwen3-0.6B/snapshots/c1899de289a04d12100db370d81485cdf75e47ca
[algo1a-g3-l1-modal] 
[algo1a-g3-l1-modal]   critic_lr ....................................... 1e-05
[algo1a-g3-l1-modal] 
[algo1a-g3-l1-modal]   critic_lr_warmup_iters .......................... 0
[algo1a-g3-l1-modal] 
[algo1a-g3-l1-modal]   critic_num_gpus_per_node ........................ None
[algo1a-g3-l1-modal] 
[algo1a-g3-l1-modal]   critic_num_nodes ................................ None
[algo1a-g3-l1-modal] 
[algo1a-g3-l1-modal]   critic_save ..................................... None
[algo1a-g3-l1-modal] 
[algo1a-g3-l1-modal]   cross_entropy_fusion_impl ....................... native
[algo1a-g3-l1-modal] 
[algo1a-g3-l1-modal]   cross_entropy_loss_fusion ....................... False
[algo1a-g3-l1-modal] 
[algo1a-g3-l1-modal]   csa_compress_ratios ............................. None
[algo1a-g3-l1-modal] 
[algo1a-g3-l1-modal]   csa_compress_rotary_base ........................ 40000.0
[algo1a-g3-l1-modal] 
[algo1a-g3-l1-modal]   csa_dense_mode .................................. False
[algo1a-g3-l1-modal] 
[algo1a-g3-l1-modal]   csa_window_size ................................. 128
[algo1a-g3-l1-modal] 
[algo1a-g3-l1-modal]   cuda_graph_dynamic_microbatches ................. False
[algo1a-g3-l1-modal] 
[algo1a-g3-l0-modal] [36m(RayWorkerManager pid=2274)[0m [2026-09-29 18:02:37.461 worker_manager] reporter.py:90 - audit op=env_report_summary hostname=modal versions="{\"python\":\"3.12.3\",\"platform\":\"Linux-4.19.0-gvisor-x86_64-with-glibc2.39\",\"torch\":\"2.13.0+cu130\",\"torch_cuda\":\"13.0\"}" repos="{}" num_packages=0 num_env_vars=109 packages_probed=false stored=false
[algo1a-g3-l1-modal]   cuda_graph_impl ................................. none
[algo1a-g3-l1-modal] 
[algo1a-g3-l1-modal]   cuda_graph_modules .............................. []
[algo1a-g3-l1-modal] 
[algo1a-g3-l1-modal]   cuda_graph_warmup_steps ......................... 3
[algo1a-g3-l1-modal] 
[algo1a-g3-l1-modal]   custom_async_data_buffer_path ................... None
[algo1a-g3-l1-modal] 
[algo1a-g3-l1-modal]   custom_config_path .............................. None
[algo1a-g3-l1-modal] 
[algo1a-g3-l1-modal]   custom_convert_samples_to_train_data_path ....... None
[algo1a-g3-l1-modal] 
[algo1a-g3-l1-modal]   custom_eval_rollout_log_function_path ........... None
[algo1a-g3-l1-modal] 
[algo1a-g3-l1-modal]   custom_generate_function_path ................... None
[algo1a-g3-l1-modal] 
[algo1a-g3-l1-modal]   custom_inference_engine_provider_path ........... miles.ray.specs.inference.backend_inference_engine_provider
[algo1a-g3-l1-modal] 
[algo1a-g3-l1-modal]   custom_loss_function_path ....................... None
[algo1a-g3-l1-modal] 
[algo1a-g3-l1-modal]   custom_megatron_before_log_prob_hook_path ....... None
[algo1a-g3-l1-modal] 
[algo1a-g3-l1-modal]   custom_megatron_before_train_step_hook_path ..... None
[algo1a-g3-l1-modal] 
[algo1a-g3-l1-modal]   custom_megatron_init_path ....................... None
[algo1a-g3-l1-modal] 
[algo1a-g3-l1-modal]   custom_megatron_post_save_hook_path ............. None
[algo1a-g3-l1-modal] 
[algo1a-g3-l1-modal]   custom_model_provider_path ...................... None
[algo1a-g3-l1-modal] 
[algo1a-g3-l1-modal]   custom_pg_loss_reducer_function_path ............ None
[algo1a-g3-l1-modal] 
[algo1a-g3-l1-modal]   custom_reward_post_process_path ................. None
[algo1a-g3-l1-modal] 
[algo1a-g3-l1-modal]   custom_rm_path .................................. gsm8k_reward.score
[algo1a-g3-l1-modal] 
[algo1a-g3-l1-modal]   custom_rollout_log_function_path ................ None
[algo1a-g3-l1-modal] 
[algo1a-g3-l1-modal]   custom_tis_function_path ........................ None
[algo1a-g3-l1-modal] 
[algo1a-g3-l1-modal]   custom_update_weight_post_write_path ............ None
[algo1a-g3-l1-modal] 
[algo1a-g3-l1-modal]   dashboard_flush_interval ........................ 5.0
[algo1a-g3-l1-modal] 
[algo1a-g3-l1-modal]   dashboard_forward_prometheus .................... False
[algo1a-g3-l1-modal] 
[algo1a-g3-l1-modal]   dashboard_gpu_sample_interval ................... 1.0
[algo1a-g3-l1-modal] 
[algo1a-g3-l1-modal]   dashboard_sglang_metrics ........................ None
[algo1a-g3-l1-modal] 
[algo1a-g3-l1-modal]   dashboard_sglang_scrape_interval ................ 2.0
[algo1a-g3-l1-modal] 
[algo1a-g3-l1-modal]   dashboard_sglang_scrape_mode .................... auto
[algo1a-g3-l1-modal] 
[algo1a-g3-l1-modal]   data_args_path .................................. None
[algo1a-g3-l1-modal] 
[algo1a-g3-l1-modal]   data_cache_path ................................. None
[algo1a-g3-l1-modal] 
[algo1a-g3-l1-modal]   data_pad_size_multiplier ........................ 128
[algo1a-g3-l1-modal] 
[algo1a-g3-l1-modal]   data_parallel_random_init ....................... False
[algo1a-g3-l1-modal] 
[algo1a-g3-l1-modal]   data_parallel_sharding_strategy ................. optim_grads_params
[algo1a-g3-l1-modal] 
[algo1a-g3-l1-modal]   data_parallel_size .............................. 1
[algo1a-g3-l1-modal] 
[algo1a-g3-l1-modal]   data_path ....................................... None
[algo1a-g3-l1-modal] 
[algo1a-g3-l1-modal]   data_per_class_fraction ......................... 1.0
[algo1a-g3-l1-modal] 
[algo1a-g3-l1-modal]   data_sharding ................................... True
[algo1a-g3-l1-modal] 
[algo1a-g3-l1-modal]   data_source_path ................................ miles.rollout.data_source.RolloutDataSourceWithBuffer
[algo1a-g3-l1-modal] 
[algo1a-g3-l1-modal]   dataloader_defer_npy_index_mmap ................. False
[algo1a-g3-l1-modal] 
[algo1a-g3-l1-modal]   dataloader_fast_cache_load ...................... False
[algo1a-g3-l1-modal] 
[algo1a-g3-l1-modal]   dataloader_inter_document_masking ............... False
[algo1a-g3-l1-modal] 
[algo1a-g3-l1-modal]   dataloader_type ................................. single
[algo1a-g3-l1-modal] 
[algo1a-g3-l1-modal]   ddp_average_in_collective ....................... False
[algo1a-g3-l1-modal] 
[algo1a-g3-l1-modal]   ddp_bucket_size ................................. None
[algo1a-g3-l1-modal] 
[algo1a-g3-l1-modal]   ddp_num_buckets ................................. None
[algo1a-g3-l1-modal] 
[algo1a-g3-l1-modal]   ddp_pad_buckets_for_high_nccl_busbw ............. False
[algo1a-g3-l1-modal] 
[algo1a-g3-l1-modal]   ddp_param_name_patterns_for_fp32_local_accumulation  []
[algo1a-g3-l1-modal] 
[algo1a-g3-l1-modal]   ddp_reduce_scatter_with_fp32_accumulation ....... False
[algo1a-g3-l1-modal] 
[algo1a-g3-l1-modal]   debug_deterministic_collective .................. False
[algo1a-g3-l1-modal] 
[algo1a-g3-l1-modal]   debug_disable_optimizer ......................... False
[algo1a-g3-l1-modal] 
[algo1a-g3-l1-modal]   debug_exit_after_rollout ........................ None
[algo1a-g3-l1-modal] 
[algo1a-g3-l1-modal]   debug_rollout_only .............................. False
[algo1a-g3-l1-modal] 
[algo1a-g3-l1-modal]   debug_skip_weight_update ........................ False
[algo1a-g3-l1-modal] 
[algo1a-g3-l1-modal]   debug_train_only ................................ False
[algo1a-g3-l1-modal] 
[algo1a-g3-l1-modal]   debug_unified_grad_fused_logprob ................ False
[algo1a-g3-l1-modal] 
[algo1a-g3-l1-modal]   decode_only_cuda_graphs ......................... False
[algo1a-g3-l1-modal] 
[algo1a-g3-l1-modal]   decoder_first_pipeline_num_layers ............... None
[algo1a-g3-l1-modal] 
[algo1a-g3-l1-modal]   decoder_last_pipeline_num_layers ................ None
[algo1a-g3-l1-modal] 
[algo1a-g3-l1-modal]   decoder_num_layers .............................. None
[algo1a-g3-l1-modal] 
[algo1a-g3-l1-modal]   decoder_seq_length .............................. None
[algo1a-g3-l1-modal] 
[algo1a-g3-l1-modal]   decoupled_lr .................................... None
[algo1a-g3-l1-modal] 
[algo1a-g3-l1-modal]   decoupled_min_lr ................................ None
[algo1a-g3-l1-modal] 
[algo1a-g3-l1-modal]   decrease_batch_size_if_needed ................... False
[algo1a-g3-l1-modal] 
[algo1a-g3-l1-modal]   defer_embedding_wgrad_compute ................... False
[algo1a-g3-l1-modal] 
[algo1a-g3-l1-modal]   delay_offload_until_cuda_graph .................. False
[algo1a-g3-l1-modal] 
[algo1a-g3-l1-modal]   delay_split_train_data_by_dp .................... False
[algo1a-g3-l1-modal] 
[algo1a-g3-l1-modal]   delay_wgrad_compute ............................. False
[algo1a-g3-l1-modal] 
[algo1a-g3-l1-modal]   delta_offload_bytes_across_pp_ranks ............. 0
[algo1a-g3-l1-modal] 
[algo1a-g3-l1-modal]   dense_grouped_gemm .............................. False
[algo1a-g3-l1-modal] 
[algo1a-g3-l1-modal]   deploy_component ................................ all
[algo1a-g3-l1-modal] 
[algo1a-g3-l1-modal]   deploy_instance_id .............................. None
[algo1a-g3-l1-modal] 
[algo1a-g3-l1-modal]   deprecated_use_mcore_models ..................... False
[algo1a-g3-l1-modal] 
[algo1a-g3-l1-modal]   deterministic_mode .............................. False
[algo1a-g3-l1-modal] 
[algo1a-g3-l1-modal]   dino_bottleneck_size ............................ 256
[algo1a-g3-l1-modal] 
[algo1a-g3-l1-modal]   dino_freeze_last_layer .......................... 1
[algo1a-g3-l1-modal] 
[algo1a-g3-l1-modal]   dino_head_hidden_size ........................... 2048
[algo1a-g3-l1-modal] 
[algo1a-g3-l1-modal]   dino_local_crops_number ......................... 10
[algo1a-g3-l1-modal] 
[algo1a-g3-l1-modal]   dino_local_img_size ............................. 96
[algo1a-g3-l1-modal] 
[algo1a-g3-l1-modal]   dino_norm_last_layer ............................ False
[algo1a-g3-l1-modal] 
[algo1a-g3-l1-modal]   dino_teacher_temp ............................... 0.07
[algo1a-g3-l1-modal] 
[algo1a-g3-l1-modal]   dino_warmup_teacher_temp ........................ 0.04
[algo1a-g3-l1-modal] 
[algo1a-g3-l1-modal]   dino_warmup_teacher_temp_epochs ................. 30
[algo1a-g3-l1-modal] 
[algo1a-g3-l1-modal]   disable_bf16_reduced_precision_matmul ........... False
[algo1a-g3-l1-modal] 
[algo1a-g3-l1-modal]   disable_grad_buffers_cpu_backup ................. True
[algo1a-g3-l1-modal] 
[algo1a-g3-l1-modal]   disable_jit_fuser ............................... False
[algo1a-g3-l1-modal] 
[algo1a-g3-l1-modal]   disable_msc_deprecated .......................... False
[algo1a-g3-l1-modal] 
[algo1a-g3-l1-modal]   disable_param_buffers_cpu_backup ................ True
[algo1a-g3-l1-modal] 
[algo1a-g3-l1-modal]   disable_rollout_trim_samples .................... False
[algo1a-g3-l1-modal] 
[algo1a-g3-l1-modal]   disable_straggler_on_startup .................... False
[algo1a-g3-l1-modal] 
[algo1a-g3-l1-modal]   disable_symmetric_registration .................. False
[algo1a-g3-l1-modal] 
[algo1a-g3-l1-modal]   dist_ckpt_format_deprecated ..................... None
[algo1a-g3-l1-modal] 
[algo1a-g3-l1-modal]   dist_ckpt_optim_fully_reshardable ............... False
[algo1a-g3-l1-modal] 
[algo1a-g3-l1-modal]   dist_ckpt_save_pre_mcore_014 .................... False
[algo1a-g3-l1-modal] 
[algo1a-g3-l1-modal]   dist_ckpt_strictness ............................ assume_ok_unexpected
[algo1a-g3-l1-modal] 
[algo1a-g3-l1-modal]   dist_ckpt_workers ............................... 1
[algo1a-g3-l1-modal] 
[algo1a-g3-l1-modal]   distrib_optim_fully_reshardable_mem_efficient ... False
[algo1a-g3-l1-modal] 
[algo1a-g3-l1-modal]   distribute_saved_activations .................... False
[algo1a-g3-l1-modal] 
[algo1a-g3-l1-modal]   distributed_backend ............................. nccl
[algo1a-g3-l1-modal] 
[algo1a-g3-l1-modal]   distributed_timeout_minutes ..................... 10
[algo1a-g3-l1-modal] 
[algo1a-g3-l1-modal]   distributed_timeout_seconds_after_init .......... None
[algo1a-g3-l1-modal] 
[algo1a-g3-l1-modal]   dsa_attention_backend ........................... tilelang
[algo1a-g3-l1-modal] 
[algo1a-g3-l0-modal] 
[algo1a-g3-l1-modal]   dsa_cp_balance_indexer .......................... False
[algo1a-g3-l1-modal] 
[algo1a-g3-l1-modal]   dsa_indexer_head_dim ............................ None
[algo1a-g3-l1-modal] 
[algo1a-g3-l1-modal]   dsa_indexer_k_norm_epsilon ...................... None
[algo1a-g3-l1-modal] 
[algo1a-g3-l1-modal]   dsa_indexer_k_norm_fp32 ......................... False
[algo1a-g3-l1-modal] 
[algo1a-g3-l1-modal]   dsa_indexer_loss_coeff .......................... None
[algo1a-g3-l1-modal] 
[algo1a-g3-l1-modal]   dsa_indexer_n_heads ............................. None
[algo1a-g3-l1-modal] 
[algo1a-g3-l1-modal]   dsa_indexer_precision ........................... bf16
[algo1a-g3-l1-modal] 
[algo1a-g3-l1-modal]   dsa_indexer_rope_interleaved .................... False
[algo1a-g3-l1-modal] 
[algo1a-g3-l1-modal]   dsa_indexer_rotate_activation ................... True
[algo1a-g3-l1-modal] 
[algo1a-g3-l1-modal]   dsa_indexer_scoring_relu ........................ True
[algo1a-g3-l1-modal] 
[algo1a-g3-l1-modal]   dsa_indexer_skip_topk_offset .................... 0
[algo1a-g3-l1-modal] 
[algo1a-g3-l1-modal]   dsa_indexer_topk ................................ None
[algo1a-g3-l1-modal] 
[algo1a-g3-l1-modal]   dsa_indexer_topk_freq ........................... 1
[algo1a-g3-l1-modal] 
[algo1a-g3-l1-modal]   dsa_indexer_use_sparse_loss ..................... False
[algo1a-g3-l1-modal] 
[algo1a-g3-l1-modal]   dsa_indexer_weights_proj_output_dtype ........... bf16
[algo1a-g3-l1-modal] 
[algo1a-g3-l1-modal]   dsa_indexer_weights_proj_use_quantization ....... True
[algo1a-g3-l1-modal] 
[algo1a-g3-l1-modal]   dsa_kernel_backend .............................. None
[algo1a-g3-l1-modal] 
[algo1a-g3-l1-modal]   dsv4_impl ....................................... megatron
[algo1a-g3-l1-modal] 
[algo1a-g3-l1-modal]   dump_details .................................... None
[algo1a-g3-l1-modal] 
[algo1a-g3-l1-modal]   dump_param_to_param_group_map ................... None
[algo1a-g3-l1-modal] 
[algo1a-g3-l1-modal]   dumper_dir ...................................... /tmp/dumper
[algo1a-g3-l1-modal] 
[algo1a-g3-l1-modal]   dumper_enable ................................... False
[algo1a-g3-l1-modal] 
[algo1a-g3-l1-modal]   dumper_fwd_bwd .................................. None
[algo1a-g3-l1-modal] 
[algo1a-g3-l1-modal]   dumper_fwd_only ................................. None
[algo1a-g3-l1-modal] 
[algo1a-g3-l1-modal]   dumper_inference ................................ None
[algo1a-g3-l1-modal] 
[algo1a-g3-l1-modal]   dumper_source_patcher_config_inference .......... None
[algo1a-g3-l1-modal] 
[algo1a-g3-l1-modal]   dumper_source_patcher_config_train .............. None
[algo1a-g3-l1-modal] 
[algo1a-g3-l1-modal]   dynamic_context_parallel ........................ False
[algo1a-g3-l1-modal] 
[algo1a-g3-l1-modal]   dynamic_sampling_filter_path .................... None
[algo1a-g3-l1-modal] 
[algo1a-g3-l1-modal]   embedding_init_method_std ....................... None
[algo1a-g3-l1-modal] 
[algo1a-g3-l1-modal]   embedding_path .................................. None
[algo1a-g3-l1-modal] 
[algo1a-g3-l1-modal]   empty_unused_memory_level ....................... 0
[algo1a-g3-l1-modal] 
[algo1a-g3-l1-modal]   enable_chunked_prefill .......................... False
[algo1a-g3-l1-modal] 
[algo1a-g3-l1-modal]   enable_cuda_graph ............................... False
[algo1a-g3-l1-modal] 
[algo1a-g3-l1-modal]   enable_event_analyzer ........................... False
[algo1a-g3-l1-modal] 
[algo1a-g3-l1-modal]   enable_experimental ............................. False
[algo1a-g3-l1-modal] 
[algo1a-g3-l1-modal]   enable_ft_package ............................... False
[algo1a-g3-l1-modal] 
[algo1a-g3-l1-modal]   enable_full_sharding_in_hsdp .................... False
[algo1a-g3-l1-modal] 
[algo1a-g3-l1-modal]   enable_hyper_connections ........................ False
[algo1a-g3-l1-modal] 
[algo1a-g3-l1-modal]   enable_msc ...................................... False
[algo1a-g3-l1-modal] 
[algo1a-g3-l1-modal]   enable_mtp_training ............................. False
[algo1a-g3-l1-modal] 
[algo1a-g3-l1-modal]   enable_one_logger ............................... True
[algo1a-g3-l1-modal] 
[algo1a-g3-l1-modal]   enable_witness .................................. False
[algo1a-g3-l1-modal] 
[algo1a-g3-l1-modal]   encoder_num_layers .............................. 28
[algo1a-g3-l1-modal] 
[algo1a-g3-l1-modal]   encoder_seq_length .............................. 1024
[algo1a-g3-l1-modal] 
[algo1a-g3-l1-modal]   end_weight_decay ................................ 0.01
[algo1a-g3-l1-modal] 
[algo1a-g3-l1-modal]   entropy_coef .................................... 0.0
[algo1a-g3-l1-modal] 
[algo1a-g3-l1-modal]   entry ........................................... train
[algo1a-g3-l1-modal] 
[algo1a-g3-l1-modal]   env_report ......................................
[algo1a-g3-l1-modal] 
[algo1a-g3-l1-modal]   env_report_interval_seconds ..................... 3600.0
[algo1a-g3-l1-modal] 
[algo1a-g3-l1-modal]   eod_mask_loss ................................... False
[algo1a-g3-l1-modal] 
[algo1a-g3-l1-modal]   ep_overlap_early_attn_memory_release ............ False
[algo1a-g3-l1-modal] 
[algo1a-g3-l1-modal]   eps_clip ........................................ 0.2
[algo1a-g3-l1-modal] 
[algo1a-g3-l1-modal]   eps_clip_c ...................................... None
[algo1a-g3-l1-modal] 
[algo1a-g3-l1-modal]   eps_clip_high ................................... 0.2
[algo1a-g3-l1-modal] 
[algo1a-g3-l1-modal]   error_injection_rate ............................ 0
[algo1a-g3-l1-modal] 
[algo1a-g3-l1-modal]   error_injection_type ............................ transient_error
[algo1a-g3-l1-modal] 
[algo1a-g3-l1-modal]   eval_config ..................................... None
[algo1a-g3-l1-modal] 
[algo1a-g3-l1-modal]   eval_datasets ................................... []
[algo1a-g3-l1-modal] 
[algo1a-g3-l1-modal]   eval_function_path .............................. miles.rollout.inference_rollout.inference_rollout_common.InferenceRolloutFn
[algo1a-g3-l1-modal] 
[algo1a-g3-l1-modal]   eval_global_batch_size .......................... 32
[algo1a-g3-l1-modal] 
[algo1a-g3-l1-modal]   eval_hf_dir ..................................... None
[algo1a-g3-l1-modal] 
[algo1a-g3-l1-modal]   eval_input_key .................................. None
[algo1a-g3-l1-modal] 
[algo1a-g3-l1-modal]   eval_interval ................................... None
[algo1a-g3-l1-modal] 
[algo1a-g3-l1-modal]   eval_iters ...................................... 100
[algo1a-g3-l1-modal] 
[algo1a-g3-l1-modal]   eval_keep_snapshots ............................. 2
[algo1a-g3-l1-modal] 
[algo1a-g3-l1-modal]   eval_label_key .................................. None
[algo1a-g3-l1-modal] 
[algo1a-g3-l1-modal]   eval_max_context_len ............................ 1024
[algo1a-g3-l1-modal] 
[algo1a-g3-l1-modal]   eval_max_in_flight .............................. 2
[algo1a-g3-l1-modal] 
[algo1a-g3-l1-modal]   eval_max_prompt_len ............................. None
[algo1a-g3-l1-modal] 
[algo1a-g3-l1-modal]   eval_max_response_len ........................... None
[algo1a-g3-l1-modal] 
[algo1a-g3-l1-modal]   eval_micro_batch_size ........................... 1
[algo1a-g3-l1-modal] 
[algo1a-g3-l1-modal]   eval_min_new_tokens ............................. None
[algo1a-g3-l1-modal] 
[algo1a-g3-l1-modal]   eval_num_gpus ................................... 0
[algo1a-g3-l1-modal] 
[algo1a-g3-l1-modal]   eval_num_gpus_per_engine ........................ 1
[algo1a-g3-l1-modal] 
[algo1a-g3-l1-modal]   eval_overflow_policy ............................ backpressure
[algo1a-g3-l1-modal] 
[algo1a-g3-l1-modal]   eval_prompt_data ................................ None
[algo1a-g3-l1-modal] 
[algo1a-g3-l1-modal]   eval_reward_key ................................. None
[algo1a-g3-l1-modal] 
[algo1a-g3-l1-modal]   eval_temperature ................................ None
[algo1a-g3-l1-modal] 
[algo1a-g3-l1-modal]   eval_tool_key ................................... None
[algo1a-g3-l1-modal] 
[algo1a-g3-l1-modal]   eval_top_k ...................................... None
[algo1a-g3-l1-modal] 
[algo1a-g3-l1-modal]   eval_top_p ...................................... None
[algo1a-g3-l1-modal] 
[algo1a-g3-l1-modal]   eval_uses_snapshots ............................. False
[algo1a-g3-l1-modal] 
[algo1a-g3-l1-modal]   evidence_data_path .............................. None
[algo1a-g3-l1-modal] 
[algo1a-g3-l1-modal]   exclude_modules ................................. None
[algo1a-g3-l1-modal] 
[algo1a-g3-l1-modal]   exit_duration_in_mins ........................... None
[algo1a-g3-l1-modal] 
[algo1a-g3-l1-modal]   exit_interval ................................... None
[algo1a-g3-l1-modal] 
[algo1a-g3-l1-modal]   exit_on_missing_checkpoint ...................... False
[algo1a-g3-l1-modal] 
[algo1a-g3-l1-modal]   exit_signal ..................................... 15
[algo1a-g3-l1-modal] 
[algo1a-g3-l1-modal]   exit_signal_handler ............................. False
[algo1a-g3-l1-modal] 
[algo1a-g3-l1-modal]   exit_signal_handler_for_dataloader .............. False
[algo1a-g3-l1-modal] 
[algo1a-g3-l1-modal]   exit_signal_handler_for_training ................ False
[algo1a-g3-l1-modal] 
[algo1a-g3-l1-modal]   exp_avg_dtype ................................... torch.float32
[algo1a-g3-l1-modal] 
[algo1a-g3-l1-modal]   exp_avg_sq_dtype ................................ torch.float32
[algo1a-g3-l1-modal] 
[algo1a-g3-l1-modal]   experimental_attention_variant .................. None
[algo1a-g3-l1-modal] 
[algo1a-g3-l1-modal]   expert_model_parallel_size ...................... 1
[algo1a-g3-l1-modal] 
[algo1a-g3-l1-modal]   expert_tensor_parallel_size ..................... 1
[algo1a-g3-l1-modal] 
[algo1a-g3-l1-modal]   experts_shared_outer_loras ...................... False
[algo1a-g3-l1-modal] 
[algo1a-g3-l1-modal]   external_cuda_graph ............................. False
[algo1a-g3-l1-modal] 
[algo1a-g3-l1-modal]   extra_high_precision_layers_hf .................. ()
[algo1a-g3-l1-modal] 
[algo1a-g3-l1-modal]   extra_high_precision_layers_megatron ............ ()
[algo1a-g3-l1-modal] 
[algo1a-g3-l1-modal]   fake_process_group .............................. False
[algo1a-g3-l1-modal] 
[algo1a-g3-l1-modal]   fallback_to_eager_attn .......................... False
[algo1a-g3-l1-modal] 
[algo1a-g3-l1-modal]   fault_injector_delay_start_iteration ............ None
[algo1a-g3-l1-modal] 
[algo1a-g3-l1-modal]   fault_injector_fault_delay ...................... None
[algo1a-g3-l1-modal] 
[algo1a-g3-l1-modal]   fault_injector_fault_probabilities .............. None
[algo1a-g3-l1-modal] 
[algo1a-g3-l1-modal]   fault_injector_fault_types ...................... None
[algo1a-g3-l1-modal] 
[algo1a-g3-l1-modal]   fault_injector_mtti_seconds ..................... None
[algo1a-g3-l1-modal] 
[algo1a-g3-l1-modal]   fault_injector_num_ranks ........................ None
[algo1a-g3-l1-modal] 
[algo1a-g3-l1-modal]   fault_injector_offset_seconds ................... None
[algo1a-g3-l1-modal] 
[algo1a-g3-l1-modal]   fault_injector_ranks ............................ None
[algo1a-g3-l1-modal] 
[algo1a-g3-l1-modal]   fault_injector_seed ............................. None
[algo1a-g3-l1-modal] 
[algo1a-g3-l1-modal]   fetch_trajectory_retry_times .................... -1
[algo1a-g3-l1-modal] 
[algo1a-g3-l1-modal]   ffn_hidden_size ................................. 3072
[algo1a-g3-l1-modal] 
[algo1a-g3-l1-modal]   fim_data ........................................ False
[algo1a-g3-l1-modal] 
[algo1a-g3-l1-modal]   fim_eod_token ................................... <|endoftext|>
[algo1a-g3-l1-modal] 
[algo1a-g3-l1-modal]   fim_fragment_rate ............................... None
[algo1a-g3-l1-modal] 
[algo1a-g3-l1-modal]   fim_middle_token ................................ <fim_middle>
[algo1a-g3-l1-modal] 
[algo1a-g3-l1-modal]   fim_no_prefix ................................... None
[algo1a-g3-l1-modal] 
[algo1a-g3-l1-modal]   fim_pad_token ................................... <fim_pad>
[algo1a-g3-l1-modal] 
[algo1a-g3-l1-modal]   fim_prefix_token ................................ <fim_prefix>
[algo1a-g3-l1-modal] 
[algo1a-g3-l1-modal]   fim_rate ........................................ 0.5
[algo1a-g3-l1-modal] 
[algo1a-g3-l1-modal]   fim_split_sample ................................ None
[algo1a-g3-l1-modal] 
[algo1a-g3-l1-modal]   fim_spm_rate .................................... 0.5
[algo1a-g3-l1-modal] 
[algo1a-g3-l1-modal]   fim_suffix_token ................................ <fim_suffix>
[algo1a-g3-l1-modal] 
[algo1a-g3-l1-modal]   fine_grained_activation_offloading .............. False
[algo1a-g3-l1-modal] 
[algo1a-g3-l1-modal]   fine_grained_offloading_max_inflight_offloads ... None
[algo1a-g3-l1-modal] 
[algo1a-g3-l1-modal]   finetune ........................................ True
[algo1a-g3-l1-modal] 
[algo1a-g3-l1-modal]   first_last_layers_bf16 .......................... False
[algo1a-g3-l1-modal] 
[algo1a-g3-l1-modal]   flash_decode .................................... False
[algo1a-g3-l1-modal] 
[algo1a-g3-l1-modal]   flight_recorder_dump_on_timeout ................. True
[algo1a-g3-l1-modal] 
[algo1a-g3-l1-modal]   flight_recorder_dump_path ....................... None
[algo1a-g3-l1-modal] 
[algo1a-g3-l1-modal]   flight_recorder_extra_dump_on_exec .............. True
[algo1a-g3-l1-modal] 
[algo1a-g3-l1-modal]   flight_recorder_include_only_active ............. True
[algo1a-g3-l1-modal] 
[algo1a-g3-l1-modal]   flight_recorder_include_stack_trace ............. False
[algo1a-g3-l1-modal] 
[algo1a-g3-l1-modal]   flight_recorder_trace_buffer_size ............... 2000
[algo1a-g3-l1-modal] 
[algo1a-g3-l1-modal]   fp16 ............................................ False
[algo1a-g3-l1-modal] 
[algo1a-g3-l1-modal]   fp16_lm_cross_entropy ........................... False
[algo1a-g3-l1-modal] 
[algo1a-g3-l1-modal]   fp32_residual_connection ........................ False
[algo1a-g3-l1-modal] 
[algo1a-g3-l1-modal]   fp4 ............................................. None
[algo1a-g3-l1-modal] 
[algo1a-g3-l1-modal]   fp4_param_gather ................................ False
[algo1a-g3-l1-modal] 
[algo1a-g3-l1-modal]   fp4_quantizer_factory ........................... None
[algo1a-g3-l1-modal] 
[algo1a-g3-l1-modal]   fp4_recipe ...................................... nvfp4
[algo1a-g3-l1-modal] 
[algo1a-g3-l1-modal]   fp8 ............................................. None
[algo1a-g3-l1-modal] 
[algo1a-g3-l1-modal]   fp8_amax_compute_algo ........................... most_recent
[algo1a-g3-l1-modal] 
[algo1a-g3-l1-modal]   fp8_amax_history_len ............................ 1
[algo1a-g3-l1-modal] 
[algo1a-g3-l1-modal]   fp8_interval .................................... 1
[algo1a-g3-l1-modal] 
[algo1a-g3-l1-modal]   fp8_margin ...................................... 0
[algo1a-g3-l1-modal] 
[algo1a-g3-l1-modal]   fp8_output_proj ................................. False
[algo1a-g3-l1-modal] 
[algo1a-g3-l1-modal]   fp8_param_gather ................................ False
[algo1a-g3-l1-modal] 
[algo1a-g3-l1-modal]   fp8_quantizer_factory ........................... None
[algo1a-g3-l1-modal] 
[algo1a-g3-l1-modal]   fp8_recipe ...................................... delayed
[algo1a-g3-l1-modal] 
[algo1a-g3-l1-modal]   fp8_wgrad ....................................... True
[algo1a-g3-l1-modal] 
[algo1a-g3-l1-modal]   freeze_all_layers ............................... False
[algo1a-g3-l1-modal] 
[algo1a-g3-l1-modal]   freeze_e_score_correction_bias .................. False
[algo1a-g3-l1-modal] 
[algo1a-g3-l1-modal]   freeze_indexer .................................. False
[algo1a-g3-l1-modal] 
[algo1a-g3-l1-modal]   fsdp_db_use_persist_buf_on_alloc_fail ........... False
[algo1a-g3-l1-modal] 
[algo1a-g3-l1-modal]   fsdp_double_buffer .............................. False
[algo1a-g3-l1-modal] 
[algo1a-g3-l1-modal]   fsdp_manual_registration ........................ False
[algo1a-g3-l1-modal] 
[algo1a-g3-l1-modal]   ft_components ................................... []
[algo1a-g3-l1-modal] 
[algo1a-g3-l1-modal]   ft_num_warmup_iters ............................. 5
[algo1a-g3-l1-modal] 
[algo1a-g3-l1-modal]   full_validation ................................. False
[algo1a-g3-l1-modal] 
[algo1a-g3-l1-modal]   fully_async ..................................... False
[algo1a-g3-l1-modal] 
[algo1a-g3-l1-modal]   fused_residual_rmsnorm .......................... False
[algo1a-g3-l1-modal] 
[algo1a-g3-l1-modal]   gamma ........................................... 1.0
[algo1a-g3-l1-modal] 
[algo1a-g3-l1-modal]   gdn_conv_pad_alignment .......................... None
[algo1a-g3-l1-modal] 
[algo1a-g3-l1-modal]   gdn_pre_gated_delta_rule_fusion ................. False
[algo1a-g3-l1-modal] 
[algo1a-g3-l1-modal]   get_mismatch_metrics ............................ False
[algo1a-g3-l1-modal] 
[algo1a-g3-l1-modal]   global_batch_size ............................... 32
[algo1a-g3-l1-modal] 
[algo1a-g3-l1-modal]   glu_linear_offset ............................... 0.0
[algo1a-g3-l1-modal] 
[algo1a-g3-l1-modal]   gpu_sniff_test_interval ......................... None
[algo1a-g3-l1-modal] 
[algo1a-g3-l1-modal]   grad_reduce_in_bf16 ............................. False
[algo1a-g3-l1-modal] 
[algo1a-g3-l1-modal]   gradient_accumulation_fusion .................... False
[algo1a-g3-l1-modal] 
[algo1a-g3-l1-modal]   gradient_reduce_div_fusion ...................... True
[algo1a-g3-l1-modal] 
[algo1a-g3-l1-modal]   group_query_attention ........................... True
[algo1a-g3-l1-modal] 
[algo1a-g3-l1-modal]   group_rm ........................................ False
[algo1a-g3-l1-modal] 
[algo1a-g3-l1-modal]   grpo_clamp_eps_lower ............................ 0.01
[algo1a-g3-l1-modal] 
[algo1a-g3-l1-modal]   grpo_clamp_eps_upper ............................ 0.01
[algo1a-g3-l1-modal] 
[algo1a-g3-l1-modal]   grpo_entropy_term_weight ........................ 0.0
[algo1a-g3-l1-modal] 
[algo1a-g3-l1-modal]   grpo_filter_groups_with_same_reward ............. False
[algo1a-g3-l1-modal] 
[algo1a-g3-l1-modal]   grpo_group_size ................................. 2
[algo1a-g3-l1-modal] 
[algo1a-g3-l1-modal]   grpo_iterations ................................. 2
[algo1a-g3-l1-modal] 
[algo1a-g3-l1-modal]   grpo_kl_beta .................................... 0.001
[algo1a-g3-l1-modal] 
[algo1a-g3-l1-modal]   grpo_prompts_per_step ........................... 32
[algo1a-g3-l1-modal] 
[algo1a-g3-l1-modal]   grpo_std_normalization .......................... True
[algo1a-g3-l1-modal] 
[algo1a-g3-l1-modal]   head_lr_mult .................................... 1.0
[algo1a-g3-l1-modal] 
[algo1a-g3-l1-modal]   head_wise_attn_gate ............................. False
[algo1a-g3-l1-modal] 
[algo1a-g3-l1-modal]   heterogeneous_layers_config_encoded_json ........ None
[algo1a-g3-l1-modal] 
[algo1a-g3-l1-modal]   heterogeneous_layers_config_path ................ None
[algo1a-g3-l1-modal] 
[algo1a-g3-l1-modal]   hf_checkpoint ................................... /root/.cache/huggingface/hub/models--Qwen--Qwen3-0.6B/snapshots/c1899de289a04d12100db370d81485cdf75e47ca
[algo1a-g3-l1-modal] 
[algo1a-g3-l1-modal]   hf_lora_targets ................................. ['down_proj', 'gate_proj', 'k_proj', 'o_proj', 'q_proj', 'up_proj', 'v_proj']
[algo1a-g3-l1-modal] 
[algo1a-g3-l1-modal]   hidden_dropout .................................. 0.1
[algo1a-g3-l1-modal] 
[algo1a-g3-l1-modal]   hidden_size ..................................... 1024
[algo1a-g3-l1-modal] 
[algo1a-g3-l1-modal]   hierarchical_context_parallel_sizes ............. None
[algo1a-g3-l1-modal] 
[algo1a-g3-l1-modal]   high_priority_a2a_comm_stream ................... False
[algo1a-g3-l1-modal] 
[algo1a-g3-l1-modal]   high_priority_stream_groups ..................... []
[algo1a-g3-l1-modal] 
[algo1a-g3-l1-modal]   http_proxy ...................................... None
[algo1a-g3-l1-modal] 
[algo1a-g3-l1-modal]   hybrid_context_parallel ......................... False
[algo1a-g3-l1-modal] 
[algo1a-g3-l1-modal]   hybrid_layer_pattern ............................ None
[algo1a-g3-l1-modal] 
[algo1a-g3-l1-modal]   hybrid_override_pattern ......................... None
[algo1a-g3-l1-modal] 
[algo1a-g3-l1-modal]   hysteresis ...................................... 2
[algo1a-g3-l1-modal] 
[algo1a-g3-l1-modal]   ict_head_size ................................... None
[algo1a-g3-l1-modal] 
[algo1a-g3-l1-modal]   ict_load ........................................ None
[algo1a-g3-l1-modal] 
[algo1a-g3-l1-modal]   img_h ........................................... 224
[algo1a-g3-l1-modal] 
[algo1a-g3-l1-modal]   img_w ........................................... 224
[algo1a-g3-l1-modal] 
[algo1a-g3-l1-modal]   indep_dp ........................................ False
[algo1a-g3-l1-modal] 
[algo1a-g3-l1-modal]   indexer_batch_size .............................. 128
[algo1a-g3-l1-modal] 
[algo1a-g3-l1-modal]   indexer_log_interval ............................ 1000
[algo1a-g3-l1-modal] 
[algo1a-g3-l1-modal]   inference_batch_times_seqlen_threshold .......... -1
[algo1a-g3-l1-modal] 
[algo1a-g3-l1-modal]   inference_controller_addr ....................... None
[algo1a-g3-l1-modal] 
[algo1a-g3-l1-modal]   inference_coordinator_port ...................... None
[algo1a-g3-l1-modal] 
[algo1a-g3-l1-modal]   inference_cuda_graph_all_prefills ............... False
[algo1a-g3-l1-modal] 
[algo1a-g3-l1-modal]   inference_cuda_graph_scope ...................... InferenceCudaGraphScope.none
[algo1a-g3-l1-modal] 
[algo1a-g3-l1-modal]   inference_disable_ep_consensus .................. False
[algo1a-g3-l1-modal] 
[algo1a-g3-l1-modal]   inference_disable_triton_nvls_kernels ........... False
[algo1a-g3-l1-modal] 
[algo1a-g3-l1-modal]   inference_dynamic_batching ...................... False
[algo1a-g3-l1-modal] 
[algo1a-g3-l1-modal]   inference_dynamic_batching_async_sched_mode ..... legacy
[algo1a-g3-l1-modal] 
[algo1a-g3-l1-modal]   inference_dynamic_batching_block_size ........... 256
[algo1a-g3-l1-modal] 
[algo1a-g3-l1-modal]   inference_dynamic_batching_buffer_size_gb ....... 40.0
[algo1a-g3-l1-modal] 
[algo1a-g3-l1-modal]   inference_dynamic_batching_cuda_graph_max_tokens  16384
[algo1a-g3-l1-modal] 
[algo1a-g3-l1-modal]   inference_dynamic_batching_cuda_graph_mixed_prefill_count  16
[algo1a-g3-l1-modal] 
[algo1a-g3-l1-modal]   inference_dynamic_batching_cuda_graph_sizing_distribution  exponential
[algo1a-g3-l1-modal] 
[algo1a-g3-l1-modal]   inference_dynamic_batching_enable_prefix_caching  False
[algo1a-g3-l1-modal] 
[algo1a-g3-l1-modal]   inference_dynamic_batching_logprobs_mode ........ raw_logprobs
[algo1a-g3-l1-modal] 
[algo1a-g3-l1-modal]   inference_dynamic_batching_mamba_memory_ratio ... None
[algo1a-g3-l1-modal] 
[algo1a-g3-l1-modal]   inference_dynamic_batching_max_requests ......... None
[algo1a-g3-l1-modal] 
[algo1a-g3-l1-modal]   inference_dynamic_batching_max_tokens ........... None
[algo1a-g3-l1-modal] 
[algo1a-g3-l1-modal]   inference_dynamic_batching_num_cuda_graphs ...... 16
[algo1a-g3-l1-modal] 
[algo1a-g3-l1-modal]   inference_dynamic_batching_paused_buffer_size_gb  None
[algo1a-g3-l1-modal] 
[algo1a-g3-l1-modal]   inference_dynamic_batching_prefix_caching_coordinator_policy  first_prefix_block
[algo1a-g3-l1-modal] 
[algo1a-g3-l1-modal]   inference_dynamic_batching_prefix_caching_eviction_policy  ref_zero
[algo1a-g3-l1-modal] 
[algo1a-g3-l1-modal]   inference_dynamic_batching_prefix_caching_mamba_gb  None
[algo1a-g3-l1-modal] 
[algo1a-g3-l1-modal]   inference_dynamic_batching_prefix_caching_routing_alpha  0.5
[algo1a-g3-l1-modal] 
[algo1a-g3-l1-modal]   inference_dynamic_batching_sampling_backend ..... torch
[algo1a-g3-l1-modal] 
[algo1a-g3-l1-modal]   inference_dynamic_batching_track_generated_token_events  False
[algo1a-g3-l1-modal] 
[algo1a-g3-l1-modal]   inference_dynamic_batching_track_paused_request_events  False
[algo1a-g3-l1-modal] 
[algo1a-g3-l1-modal]   inference_dynamic_batching_unified_memory_level . 0
[algo1a-g3-l1-modal] 
[algo1a-g3-l1-modal]   inference_fuse_tp_communication ................. False
[algo1a-g3-l1-modal] 
[algo1a-g3-l1-modal]   inference_grouped_gemm_backend .................. vllm
[algo1a-g3-l1-modal] 
[algo1a-g3-l1-modal]   inference_logging_step_interval ................. 0
[algo1a-g3-l1-modal] 
[algo1a-g3-l1-modal]   inference_max_requests .......................... 8
[algo1a-g3-l1-modal] 
[algo1a-g3-l1-modal]   inference_max_seq_length ........................ 2560
[algo1a-g3-l1-modal] 
[algo1a-g3-l1-modal]   inference_moe_disable_fused_quant_kernels ....... False
[algo1a-g3-l1-modal] 
[algo1a-g3-l1-modal]   inference_moe_token_dispatcher_type ............. nvls
[algo1a-g3-l1-modal] 
[algo1a-g3-l1-modal]   inference_rng_tracker ........................... False
[algo1a-g3-l1-modal] 
[algo1a-g3-l1-modal]   inference_shards ................................ None
[algo1a-g3-l1-modal] 
[algo1a-g3-l1-modal]   inference_text_gen_server_logging ............... False
[algo1a-g3-l1-modal] 
[algo1a-g3-l1-modal]   inference_use_synchronous_zmq_collectives ....... False
[algo1a-g3-l1-modal] 
[algo1a-g3-l1-modal]   inference_wandb_logging ......................... False
[algo1a-g3-l1-modal] 
[algo1a-g3-l1-modal]   init_expected_num_cells ......................... None
[algo1a-g3-l1-modal] 
[algo1a-g3-l1-modal]   init_method_std ................................. 0.02
[algo1a-g3-l1-modal] 
[algo1a-g3-l1-modal]   init_method_xavier_uniform ...................... False
[algo1a-g3-l1-modal] 
[algo1a-g3-l1-modal]   init_model_with_meta_device ..................... False
[algo1a-g3-l1-modal] 
[algo1a-g3-l1-modal]   initial_loss_scale .............................. 4294967296
[algo1a-g3-l1-modal] 
[algo1a-g3-l1-modal]   inprocess_active_world_size ..................... 1
[algo1a-g3-l1-modal] 
[algo1a-g3-l1-modal]   inprocess_barrier_timeout ....................... 120
[algo1a-g3-l1-modal] 
[algo1a-g3-l1-modal]   inprocess_completion_timeout .................... 120
[algo1a-g3-l1-modal] 
[algo1a-g3-l1-modal]   inprocess_empty_cuda_cache ...................... False
[algo1a-g3-l1-modal] 
[algo1a-g3-l1-modal]   inprocess_granularity ........................... node
[algo1a-g3-l1-modal] 
[algo1a-g3-l1-modal]   inprocess_hard_timeout .......................... 90
[algo1a-g3-l1-modal] 
[algo1a-g3-l1-modal]   inprocess_heartbeat_interval .................... 30
[algo1a-g3-l1-modal] 
[algo1a-g3-l1-modal]   inprocess_heartbeat_timeout ..................... 60
[algo1a-g3-l1-modal] 
[algo1a-g3-l1-modal]   inprocess_last_call_wait ........................ 1
[algo1a-g3-l1-modal] 
[algo1a-g3-l1-modal]   inprocess_max_iterations ........................ None
[algo1a-g3-l1-modal] 
[algo1a-g3-l1-modal]   inprocess_monitor_process_interval .............. 1.0
[algo1a-g3-l1-modal] 
[algo1a-g3-l1-modal]   inprocess_monitor_thread_interval ............... 1.0
[algo1a-g3-l1-modal] 
[algo1a-g3-l1-modal]   inprocess_progress_watchdog_interval ............ 1.0
[algo1a-g3-l1-modal] 
[algo1a-g3-l1-modal]   inprocess_restart ............................... False
[algo1a-g3-l1-modal] 
[algo1a-g3-l1-modal]   inprocess_soft_timeout .......................... 60
[algo1a-g3-l1-modal] 
[algo1a-g3-l1-modal]   inprocess_termination_grace_time ................ 1
[algo1a-g3-l1-modal] 
[algo1a-g3-l1-modal]   input_key ....................................... messages
[algo1a-g3-l1-modal] 
[algo1a-g3-l1-modal]   is_hybrid_model ................................. False
[algo1a-g3-l1-modal] 
[algo1a-g3-l1-modal]   iter_per_epoch .................................. 1250
[algo1a-g3-l1-modal] 
[algo1a-g3-l1-modal]   iterations_to_skip .............................. []
[algo1a-g3-l1-modal] 
[algo1a-g3-l1-modal]   keep_fp8_transpose_cache ........................ False
[algo1a-g3-l1-modal] 
[algo1a-g3-l1-modal]   keep_old_actor .................................. False
[algo1a-g3-l1-modal] 
[algo1a-g3-l1-modal]   kitchen_attention_backend ....................... sdpa
[algo1a-g3-l1-modal] 
[algo1a-g3-l1-modal]   kl_coef ......................................... 0.0
[algo1a-g3-l1-modal] 
[algo1a-g3-l1-modal]   kl_loss_coef .................................... 0.0
[algo1a-g3-l1-modal] 
[algo1a-g3-l1-modal]   kl_loss_type .................................... k1
[algo1a-g3-l1-modal] 
[algo1a-g3-l1-modal]   kv_channels ..................................... 128
[algo1a-g3-l1-modal] 
[algo1a-g3-l1-modal]   kv_lora_rank .................................... 32
[algo1a-g3-l1-modal] 
[algo1a-g3-l1-modal]   label_key ....................................... label
[algo1a-g3-l1-modal] 
[algo1a-g3-l1-modal]   lambd ........................................... 1.0
[algo1a-g3-l1-modal] 
[algo1a-g3-l1-modal]   langrl_env_config ............................... None
[algo1a-g3-l1-modal] 
[algo1a-g3-l1-modal]   layernorm_epsilon ............................... 1e-06
[algo1a-g3-l1-modal] 
[algo1a-g3-l1-modal]   layernorm_zero_centered_gamma ................... False
[algo1a-g3-l1-modal] 
[algo1a-g3-l1-modal]   lazy_mpu_init ................................... False
[algo1a-g3-l1-modal] 
[algo1a-g3-l1-modal]   linear_attention_backend ........................ fla
[algo1a-g3-l1-modal] 
[algo1a-g3-l1-modal]   linear_attention_freq ........................... None
[algo1a-g3-l1-modal] 
[algo1a-g3-l1-modal]   linear_attention_type ........................... None
[algo1a-g3-l1-modal] 
[algo1a-g3-l1-modal]   linear_conv_kernel_dim .......................... 4
[algo1a-g3-l1-modal] 
[algo1a-g3-l1-modal]   linear_cp_mode .................................. chunkwise
[algo1a-g3-l1-modal] 
[algo1a-g3-l1-modal]   linear_key_head_dim ............................. 128
[algo1a-g3-l1-modal] 
[algo1a-g3-l1-modal]   linear_num_key_heads ............................ 16
[algo1a-g3-l1-modal] 
[algo1a-g3-l1-modal]   linear_num_value_heads .......................... 32
[algo1a-g3-l1-modal] 
[algo1a-g3-l1-modal]   linear_value_head_dim ........................... 128
[algo1a-g3-l1-modal] 
[algo1a-g3-l1-modal]   lion_beta1 ...................................... 0.95
[algo1a-g3-l1-modal] 
[algo1a-g3-l1-modal]   lion_beta2 ...................................... 0.98
[algo1a-g3-l1-modal] 
[algo1a-g3-l1-modal]   load ............................................ /root/.cache/huggingface/hub/models--Qwen--Qwen3-0.6B/snapshots/c1899de289a04d12100db370d81485cdf75e47ca
[algo1a-g3-l1-modal] 
[algo1a-g3-l1-modal]   load_debug_rollout_data ......................... None
[algo1a-g3-l1-modal] 
[algo1a-g3-l1-modal]   load_debug_rollout_data_subsample ............... None
[algo1a-g3-l1-modal] 
[algo1a-g3-l1-modal]   load_main_params_from_ckpt ...................... False
[algo1a-g3-l1-modal] 
[algo1a-g3-l1-modal]   local_rank ...................................... 0
[algo1a-g3-l1-modal] 
[algo1a-g3-l1-modal]   log_correct_samples ............................. False
[algo1a-g3-l1-modal] 
[algo1a-g3-l1-modal]   log_device_memory_used .......................... False
[algo1a-g3-l1-modal] 
[algo1a-g3-l1-modal]   log_energy ...................................... False
[algo1a-g3-l1-modal] 
[algo1a-g3-l1-modal]   log_interval .................................... 100
[algo1a-g3-l1-modal] 
[algo1a-g3-l1-modal]   log_loss_scale_to_tensorboard ................... True
[algo1a-g3-l1-modal] 
[algo1a-g3-l1-modal]   log_max_attention_logit ......................... False
[algo1a-g3-l1-modal] 
[algo1a-g3-l1-modal]   log_memory_interval ............................. None
[algo1a-g3-l1-modal] 
[algo1a-g3-l1-modal]   log_memory_to_tensorboard ....................... False
[algo1a-g3-l1-modal] 
[algo1a-g3-l1-modal]   log_moe_overload_factor ......................... False
[algo1a-g3-l1-modal] 
[algo1a-g3-l1-modal]   log_multi_turn .................................. False
[algo1a-g3-l1-modal] 
[algo1a-g3-l1-modal]   log_num_zeros_in_grad ........................... False
[algo1a-g3-l1-modal] 
[algo1a-g3-l1-modal]   log_params_norm ................................. False
[algo1a-g3-l1-modal] 
[algo1a-g3-l1-modal]   log_passrate .................................... False
[algo1a-g3-l1-modal] 
[algo1a-g3-l1-modal]   log_probs_chunk_size ............................ -1
[algo1a-g3-l1-modal] 
[algo1a-g3-l1-modal]   log_probs_max_tokens_per_gpu .................... None
[algo1a-g3-l1-modal] 
[algo1a-g3-l1-modal]   log_progress .................................... False
[algo1a-g3-l1-modal] 
[algo1a-g3-l1-modal]   log_reward_category ............................. None
[algo1a-g3-l1-modal] 
[algo1a-g3-l1-modal]   log_straggler ................................... False
[algo1a-g3-l1-modal] 
[algo1a-g3-l1-modal]   log_throughput .................................. False
[algo1a-g3-l1-modal] 
[algo1a-g3-l1-modal]   log_timers_to_tensorboard ....................... False
[algo1a-g3-l1-modal] 
[algo1a-g3-l1-modal]   log_validation_ppl_to_tensorboard ............... False
[algo1a-g3-l1-modal] 
[algo1a-g3-l1-modal]   log_world_size_to_tensorboard ................... False
[algo1a-g3-l1-modal] 
[algo1a-g3-l1-modal]   logging_level ................................... None
[algo1a-g3-l1-modal] 
[algo1a-g3-l1-modal]   logits_load_decode_threads ...................... 4
[algo1a-g3-l1-modal] 
[algo1a-g3-l1-modal]   logits_load_dir ................................. None
[algo1a-g3-l1-modal] 
[algo1a-g3-l1-modal]   logits_load_ignore_errors ....................... False
[algo1a-g3-l1-modal] 
[algo1a-g3-l1-modal]   logits_load_kd_loss_alpha ....................... 1.0
[algo1a-g3-l1-modal] 
[algo1a-g3-l1-modal]   logits_load_msc_prefetch_depth .................. 2
[algo1a-g3-l1-modal] 
[algo1a-g3-l1-modal]   logits_load_prefetch_factor ..................... 3
[algo1a-g3-l1-modal] 
[algo1a-g3-l1-modal]   logits_save_dir ................................. None
[algo1a-g3-l1-modal] 
[algo1a-g3-l1-modal]   logits_save_dtype ............................... fp16
[algo1a-g3-l1-modal] 
[algo1a-g3-l1-modal]   logits_save_top_k ............................... None
[algo1a-g3-l1-modal] 
[algo1a-g3-l1-modal]   logits_save_top_p ............................... None
[algo1a-g3-l1-modal] 
[algo1a-g3-l1-modal]   logits_save_top_p_min_k ......................... 1
[algo1a-g3-l1-modal] 
[algo1a-g3-l1-modal]   lora_adapter_path ............................... None
[algo1a-g3-l1-modal] 
[algo1a-g3-l1-modal]   lora_adapter_targets ............................ ['down_proj', 'gate_proj', 'k_proj', 'o_proj', 'q_proj', 'up_proj', 'v_proj']
[algo1a-g3-l1-modal] 
[algo1a-g3-l1-modal]   lora_alpha ...................................... 16
[algo1a-g3-l1-modal] 
[algo1a-g3-l1-modal]   lora_base_cpu_backup ............................ True
[algo1a-g3-l1-modal] 
[algo1a-g3-l1-modal]   lora_dropout .................................... 0.0
[algo1a-g3-l1-modal] 
[algo1a-g3-l1-modal]   lora_rank ....................................... 16
[algo1a-g3-l1-modal] 
[algo1a-g3-l1-modal]   lora_sync_from_tensor ........................... False
[algo1a-g3-l1-modal] 
[algo1a-g3-l1-modal]   lora_train_only ................................. False
[algo1a-g3-l1-modal] 
[algo1a-g3-l1-modal]   lora_type ....................................... canonical_lora
[algo1a-g3-l1-modal] 
[algo1a-g3-l1-modal]   loss_mask_type .................................. qwen
[algo1a-g3-l1-modal] 
[algo1a-g3-l1-modal]   loss_scale ...................................... None
[algo1a-g3-l1-modal] 
[algo1a-g3-l1-modal]   loss_scale_window ............................... 1000
[algo1a-g3-l1-modal] 
[algo1a-g3-l1-modal]   loss_type ....................................... policy_loss
[algo1a-g3-l1-modal] 
[algo1a-g3-l1-modal]   low_memory_resume ............................... False
[algo1a-g3-l1-modal] 
[algo1a-g3-l1-modal]   lr .............................................. 1e-05
[algo1a-g3-l1-modal] 
[algo1a-g3-l1-modal]   lr_decay_iters .................................. 3
[algo1a-g3-l1-modal] 
[algo1a-g3-l1-modal]   lr_decay_samples ................................ None
[algo1a-g3-l1-modal] 
[algo1a-g3-l1-modal]   lr_decay_style .................................. linear
[algo1a-g3-l1-modal] 
[algo1a-g3-l1-modal]   lr_warmup_fraction .............................. None
[algo1a-g3-l1-modal] 
[algo1a-g3-l1-modal]   lr_warmup_init .................................. 0.0
[algo1a-g3-l1-modal] 
[algo1a-g3-l1-modal]   lr_warmup_iters ................................. 0
[algo1a-g3-l1-modal] 
[algo1a-g3-l1-modal]   lr_warmup_samples ............................... 0
[algo1a-g3-l1-modal] 
[algo1a-g3-l1-modal]   lr_wsd_decay_iters .............................. None
[algo1a-g3-l1-modal] 
[algo1a-g3-l1-modal]   lr_wsd_decay_samples ............................ None
[algo1a-g3-l1-modal] 
[algo1a-g3-l1-modal]   lr_wsd_decay_style .............................. exponential
[algo1a-g3-l1-modal] 
[algo1a-g3-l1-modal]   main_grads_dtype ................................ torch.float32
[algo1a-g3-l1-modal] 
[algo1a-g3-l1-modal]   main_params_dtype ............................... torch.float32
[algo1a-g3-l1-modal] 
[algo1a-g3-l1-modal]   make_vocab_size_divisible_by .................... 128
[algo1a-g3-l1-modal] 
[algo1a-g3-l1-modal]   mamba_head_dim .................................. 64
[algo1a-g3-l1-modal] 
[algo1a-g3-l1-modal]   mamba_inference_conv_states_dtype ............... torch.bfloat16
[algo1a-g3-l1-modal] 
[algo1a-g3-l1-modal]   mamba_inference_ssm_states_dtype ................ torch.bfloat16
[algo1a-g3-l1-modal] 
[algo1a-g3-l1-modal]   mamba_num_groups ................................ 8
[algo1a-g3-l1-modal] 
[algo1a-g3-l1-modal]   mamba_num_heads ................................. None
[algo1a-g3-l1-modal] 
[algo1a-g3-l1-modal]   mamba_state_dim ................................. 128
[algo1a-g3-l1-modal] 
[algo1a-g3-l1-modal]   mamba_training_ssm_states_dtype ................. None
[algo1a-g3-l1-modal] 
[algo1a-g3-l1-modal]   manual_gc ....................................... False
[algo1a-g3-l1-modal] 
[algo1a-g3-l1-modal]   manual_gc_eval .................................. True
[algo1a-g3-l1-modal] 
[algo1a-g3-l1-modal]   manual_gc_interval .............................. 0
[algo1a-g3-l1-modal] 
[algo1a-g3-l1-modal]   mask_factor ..................................... 1.0
[algo1a-g3-l1-modal] 
[algo1a-g3-l1-modal]   mask_offpolicy_in_partial_rollout ............... False
[algo1a-g3-l1-modal] 
[algo1a-g3-l1-modal]   mask_prob ....................................... 0.15
[algo1a-g3-l1-modal] 
[algo1a-g3-l1-modal]   mask_type ....................................... random
[algo1a-g3-l1-modal] 
[algo1a-g3-l1-modal]   masked_softmax_fusion ........................... True
[algo1a-g3-l1-modal] 
[algo1a-g3-l1-modal]   max_position_embeddings ......................... 1024
[algo1a-g3-l1-modal] 
[algo1a-g3-l1-modal]   max_seqlen_per_dp_cp_rank ....................... None
[algo1a-g3-l1-modal] 
[algo1a-g3-l1-modal]   max_tokens_per_gpu .............................. None
[algo1a-g3-l1-modal] 
[algo1a-g3-l1-modal]   max_tokens_to_oom ............................... 12000
[algo1a-g3-l1-modal] 
[algo1a-g3-l1-modal]   max_weight_staleness ............................ None
[algo1a-g3-l1-modal] 
[algo1a-g3-l1-modal]   megatron_config ................................. None
[algo1a-g3-l1-modal] 
[algo1a-g3-l1-modal]   megatron_fsdp_cache_param_bucket_views .......... False
[algo1a-g3-l1-modal] 
[algo1a-g3-l1-modal]   megatron_fsdp_enable_fine_grained_param_gather .. False
[algo1a-g3-l1-modal] 
[algo1a-g3-l1-modal]   megatron_fsdp_grad_comm_dtype ................... None
[algo1a-g3-l1-modal] 
[algo1a-g3-l1-modal]   megatron_fsdp_main_grads_dtype .................. None
[algo1a-g3-l1-modal] 
[algo1a-g3-l1-modal]   megatron_fsdp_main_params_dtype ................. torch.float32
[algo1a-g3-l1-modal] 
[algo1a-g3-l1-modal]   megatron_fsdp_max_pool_double_buffer ............ False
[algo1a-g3-l1-modal] 
[algo1a-g3-l1-modal]   megatron_fsdp_prefetch_recompute_forward_weights  False
[algo1a-g3-l1-modal] 
[algo1a-g3-l1-modal]   megatron_to_hf_mode ............................. bridge
[algo1a-g3-l1-modal] 
[algo1a-g3-l1-modal]   memory_recorder ................................. torch
[algo1a-g3-l1-modal] 
[algo1a-g3-l1-modal]   memory_snapshot_dir ............................. .
[algo1a-g3-l1-modal] 
[algo1a-g3-l1-modal]   memory_snapshot_num_steps ....................... None
[algo1a-g3-l1-modal] 
[algo1a-g3-l1-modal]   memory_snapshot_path ............................ snapshot.pickle
[algo1a-g3-l1-modal] 
[algo1a-g3-l1-modal]   merge_file ...................................... None
[algo1a-g3-l1-modal] 
[algo1a-g3-l1-modal]   metadata_key .................................... metadata
[algo1a-g3-l1-modal] 
[algo1a-g3-l1-modal]   metadata_path ................................... None
[algo1a-g3-l1-modal] 
[algo1a-g3-l1-modal]   mfu_peak_tflops ................................. None
[algo1a-g3-l1-modal] 
[algo1a-g3-l1-modal]   mhc_init_gating_factor .......................... 0.01
[algo1a-g3-l1-modal] 
[algo1a-g3-l1-modal]   mhc_recompute_layer_num ......................... None
[algo1a-g3-l1-modal] 
[algo1a-g3-l1-modal]   mhc_sinkhorn_iterations ......................... 20
[algo1a-g3-l1-modal] 
[algo1a-g3-l1-modal]   micro_batch_size ................................ 1
[algo1a-g3-l1-modal] 
[algo1a-g3-l1-modal]   microbatch_group_size_per_vp_stage .............. None
[algo1a-g3-l1-modal] 
[algo1a-g3-l1-modal]   mid_level_dataset_surplus ....................... 0.005
[algo1a-g3-l1-modal] 
[algo1a-g3-l1-modal]   miles_dsa_topk_backend .......................... torch
[algo1a-g3-l1-modal] 
[algo1a-g3-l1-modal]   miles_router_health_check_failure_threshold ..... 3
[algo1a-g3-l1-modal] 
[algo1a-g3-l1-modal]   miles_router_max_connections .................... None
[algo1a-g3-l1-modal] 
[algo1a-g3-l1-modal]   miles_router_timeout ............................ None
[algo1a-g3-l1-modal] 
[algo1a-g3-l1-modal]   min_batch_collection_ratio ...................... 1
[algo1a-g3-l1-modal] 
[algo1a-g3-l1-modal]   min_dynamic_context_parallel_size ............... 1
[algo1a-g3-l1-modal] 
[algo1a-g3-l1-modal]   min_loss_scale .................................. 1.0
[algo1a-g3-l1-modal] 
[algo1a-g3-l1-modal]   min_lr .......................................... 0.0
[algo1a-g3-l1-modal] 
[algo1a-g3-l1-modal]   min_offloaded_tensor_size ....................... 1048576
[algo1a-g3-l1-modal] 
[algo1a-g3-l1-modal]   mini_ft_controller_enable ....................... False
[algo1a-g3-l1-modal] 
[algo1a-g3-l1-modal]   mini_ft_controller_poll_interval ................ 10.0
[algo1a-g3-l1-modal] 
[algo1a-g3-l1-modal]   mini_ft_controller_resume_delay ................. 10.0
[algo1a-g3-l1-modal] 
[algo1a-g3-l1-modal]   mla_down_proj_fusion ............................ False
[algo1a-g3-l1-modal] 
[algo1a-g3-l1-modal]   mlflow_experiment_name .......................... miles
[algo1a-g3-l1-modal] 
[algo1a-g3-l1-modal]   mlflow_run_id ................................... None
[algo1a-g3-l1-modal] 
[algo1a-g3-l1-modal]   mlflow_run_name ................................. None
[algo1a-g3-l1-modal] 
[algo1a-g3-l1-modal]   mlflow_tracking_uri ............................. None
[algo1a-g3-l1-modal] 
[algo1a-g3-l1-modal]   mlp_chunks_for_prefill .......................... 1
[algo1a-g3-l1-modal] 
[algo1a-g3-l1-modal]   mlp_chunks_for_training ......................... 1
[algo1a-g3-l1-modal] 
[algo1a-g3-l1-modal]   mmap_bin_files .................................. True
[algo1a-g3-l1-modal] 
[algo1a-g3-l1-modal]   mock_data ....................................... False
[algo1a-g3-l1-modal] 
[algo1a-g3-l1-modal]   model_name ...................................... GPTModelProvider
[algo1a-g3-l1-modal] 
[algo1a-g3-l1-modal]   moe_activation_in_fp32 .......................... False
[algo1a-g3-l1-modal] 
[algo1a-g3-l1-modal]   moe_apply_probs_on_input ........................ False
[algo1a-g3-l1-modal] 
[algo1a-g3-l1-modal]   moe_aux_loss_coeff .............................. 0.0
[algo1a-g3-l1-modal] 
[algo1a-g3-l1-modal]   moe_combine_in_fp32 ............................. False
[algo1a-g3-l1-modal] 
[algo1a-g3-l1-modal]   moe_deepep_num_sms .............................. None
[algo1a-g3-l1-modal] 
[algo1a-g3-l1-modal]   moe_enable_deepep ............................... False
[algo1a-g3-l1-modal] 
[algo1a-g3-l1-modal]   moe_enable_routing_replay ....................... False
[algo1a-g3-l1-modal] 
[algo1a-g3-l1-modal]   moe_expert_capacity_factor ...................... None
[algo1a-g3-l1-modal] 
[algo1a-g3-l1-modal]   moe_expert_rank_capacity_factor ................. None
[algo1a-g3-l1-modal] 
[algo1a-g3-l1-modal]   moe_ffn_hidden_size ............................. None
[algo1a-g3-l1-modal] 
[algo1a-g3-l1-modal]   moe_flex_dispatcher_backend ..................... deepep
[algo1a-g3-l1-modal] 
[algo1a-g3-l1-modal]   moe_flex_dispatcher_num_sms ..................... None
[algo1a-g3-l1-modal] 
[algo1a-g3-l1-modal]   moe_grouped_gemm ................................ False
[algo1a-g3-l1-modal] 
[algo1a-g3-l1-modal]   moe_hybridep_num_blocks_permute ................. None
[algo1a-g3-l1-modal] 
[algo1a-g3-l1-modal]   moe_hybridep_num_blocks_unpermute ............... None
[algo1a-g3-l1-modal] 
[algo1a-g3-l1-modal]   moe_hybridep_num_sms ............................ None
[algo1a-g3-l1-modal] 
[algo1a-g3-l1-modal]   moe_hybridep_num_sms_preprocessing .............. 108
[algo1a-g3-l1-modal] 
[algo1a-g3-l1-modal]   moe_hybridep_pad_variable_tokens ................ False
[algo1a-g3-l1-modal] 
[algo1a-g3-l1-modal]   moe_input_jitter_eps ............................ None
[algo1a-g3-l1-modal] 
[algo1a-g3-l1-modal]   moe_latent_size ................................. None
[algo1a-g3-l1-modal] 
[algo1a-g3-l1-modal]   moe_latent_use_norm ............................. False
[algo1a-g3-l1-modal] 
[algo1a-g3-l1-modal]   moe_layer_freq .................................. 1
[algo1a-g3-l1-modal] 
[algo1a-g3-l1-modal]   moe_layer_recompute ............................. False
[algo1a-g3-l1-modal] 
[algo1a-g3-l1-modal]   moe_mlp_glu_interleave_size ..................... None
[algo1a-g3-l1-modal] 
[algo1a-g3-l1-modal]   moe_n_hash_layers ............................... 0
[algo1a-g3-l1-modal] 
[algo1a-g3-l1-modal]   moe_ncclep_static_shape ......................... False
[algo1a-g3-l1-modal] 
[algo1a-g3-l1-modal]   moe_ncclep_use_symm_mem ......................... False
[algo1a-g3-l1-modal] 
[algo1a-g3-l1-modal]   moe_pad_expert_input_to_capacity ................ False
[algo1a-g3-l1-modal] 
[algo1a-g3-l1-modal]   moe_pad_experts_for_cuda_graph_inference ........ False
[algo1a-g3-l1-modal] 
[algo1a-g3-l1-modal]   moe_paged_stash ................................. False
[algo1a-g3-l1-modal] 
[algo1a-g3-l1-modal]   moe_paged_stash_buffer_size_factor_cpu .......... 0.0
[algo1a-g3-l1-modal] 
[algo1a-g3-l1-modal]   moe_paged_stash_buffer_size_factor_cuda ......... 1.1
[algo1a-g3-l1-modal] 
[algo1a-g3-l1-modal]   moe_paged_stash_page_size ....................... 64
[algo1a-g3-l1-modal] 
[algo1a-g3-l1-modal]   moe_per_layer_logging ........................... False
[algo1a-g3-l1-modal] 
[algo1a-g3-l1-modal]   moe_permute_fusion .............................. False
[algo1a-g3-l1-modal] 
[algo1a-g3-l1-modal]   moe_permute_fusion_into_hybridep ................ False
[algo1a-g3-l1-modal] 
[algo1a-g3-l1-modal]   moe_router_bias_update_rate ..................... 0.001
[algo1a-g3-l1-modal] 
[algo1a-g3-l1-modal]   moe_router_dtype ................................ None
[algo1a-g3-l1-modal] 
[algo1a-g3-l1-modal]   moe_router_enable_expert_bias ................... False
[algo1a-g3-l1-modal] 
[algo1a-g3-l1-modal]   moe_router_force_biased ......................... None
[algo1a-g3-l1-modal] 
[algo1a-g3-l1-modal]   moe_router_force_load_balancing ................. False
[algo1a-g3-l1-modal] 
[algo1a-g3-l1-modal]   moe_router_freeze_gate .......................... False
[algo1a-g3-l1-modal] 
[algo1a-g3-l1-modal]   moe_router_fusion ............................... False
[algo1a-g3-l1-modal] 
[algo1a-g3-l1-modal]   moe_router_group_topk ........................... None
[algo1a-g3-l1-modal] 
[algo1a-g3-l1-modal]   moe_router_load_balancing_type .................. aux_loss
[algo1a-g3-l1-modal] 
[algo1a-g3-l1-modal]   moe_router_num_groups ........................... None
[algo1a-g3-l1-modal] 
[algo1a-g3-l1-modal]   moe_router_padding_for_fp8 ...................... False
[algo1a-g3-l1-modal] 
[algo1a-g3-l1-modal]   moe_router_padding_for_quantization ............. False
[algo1a-g3-l1-modal] 
[algo1a-g3-l1-modal]   moe_router_pre_softmax .......................... False
[algo1a-g3-l1-modal] 
[algo1a-g3-l1-modal]   moe_router_score_function ....................... softmax
[algo1a-g3-l1-modal] 
[algo1a-g3-l1-modal]   moe_router_topk ................................. 2
[algo1a-g3-l1-modal] 
[algo1a-g3-l1-modal]   moe_router_topk_scaling_factor .................. None
[algo1a-g3-l1-modal] 
[algo1a-g3-l1-modal]   moe_router_use_torch_mm ......................... True
[algo1a-g3-l1-modal] 
[algo1a-g3-l1-modal]   moe_routing_trace_capture_hidden_states ......... False
[algo1a-g3-l1-modal] 
[algo1a-g3-l1-modal]   moe_routing_trace_capture_logits ................ False
[algo1a-g3-l1-modal] 
[algo1a-g3-l1-modal]   moe_routing_trace_dump_weights .................. False
[algo1a-g3-l1-modal] 
[algo1a-g3-l1-modal]   moe_routing_trace_max_training_iters ............ None
[algo1a-g3-l1-modal] 
[algo1a-g3-l1-modal]   moe_routing_trace_path .......................... None
[algo1a-g3-l1-modal] 
[algo1a-g3-l1-modal]   moe_shared_expert_gate .......................... False
[algo1a-g3-l1-modal] 
[algo1a-g3-l1-modal]   moe_shared_expert_glu_interleave_size ........... None
[algo1a-g3-l1-modal] 
[algo1a-g3-l1-modal]   moe_shared_expert_intermediate_size ............. None
[algo1a-g3-l1-modal] 
[algo1a-g3-l1-modal]   moe_shared_expert_overlap ....................... False
[algo1a-g3-l1-modal] 
[algo1a-g3-l1-modal]   moe_single_grouped_bias ......................... False
[algo1a-g3-l1-modal] 
[algo1a-g3-l1-modal]   moe_single_grouped_weight ....................... False
[algo1a-g3-l1-modal] 
[algo1a-g3-l1-modal]   moe_token_dispatcher_type ....................... allgather
[algo1a-g3-l1-modal] 
[algo1a-g3-l1-modal]   moe_token_drop_policy ........................... probs
[algo1a-g3-l1-modal] 
[algo1a-g3-l1-modal]   moe_upcycling_granularity ....................... 1
[algo1a-g3-l1-modal] 
[algo1a-g3-l1-modal]   moe_use_upcycling ............................... False
[algo1a-g3-l1-modal] 
[algo1a-g3-l1-modal]   moe_z_loss_coeff ................................ None
[algo1a-g3-l1-modal] 
[algo1a-g3-l1-modal]   mooncake_replica_num ............................ 1
[algo1a-g3-l1-modal] 
[algo1a-g3-l1-modal]   mooncake_store_init_kwargs ...................... None
[algo1a-g3-l1-modal] 
[algo1a-g3-l1-modal]   mrope_interleaved ............................... False
[algo1a-g3-l1-modal] 
[algo1a-g3-l1-modal]   mrope_section ................................... None
[algo1a-g3-l1-modal] 
[algo1a-g3-l1-modal]   mscale .......................................... 1.0
[algo1a-g3-l1-modal] 
[algo1a-g3-l1-modal]   mscale_all_dim .................................. 0.0
[algo1a-g3-l1-modal] 
[algo1a-g3-l1-modal]   mtp_detach_heads ................................ False
[algo1a-g3-l1-modal] 
[algo1a-g3-l1-modal]   mtp_hybrid_override_pattern ..................... None
[algo1a-g3-l1-modal] 
[algo1a-g3-l1-modal]   mtp_loss_scaling_factor ......................... 0.2
[algo1a-g3-l1-modal] 
[algo1a-g3-l1-modal]   mtp_num_layers .................................. None
[algo1a-g3-l1-modal] 
[algo1a-g3-l1-modal]   mtp_standalone .................................. False
[algo1a-g3-l1-modal] 
[algo1a-g3-l1-modal]   mtp_use_repeated_layer .......................... False
[algo1a-g3-l1-modal] 
[algo1a-g3-l1-modal]   multi_latent_attention .......................... False
[algo1a-g3-l1-modal] 
[algo1a-g3-l1-modal]   multi_lora ...................................... False
[algo1a-g3-l1-modal] 
[algo1a-g3-l1-modal]   multi_lora_n_adapters ........................... 0
[algo1a-g3-l1-modal] 
[algo1a-g3-l1-modal]   multimodal_keys ................................. None
[algo1a-g3-l1-modal] 
[algo1a-g3-l1-modal]   multiple_validation_sets ........................ False
[algo1a-g3-l1-modal] 
[algo1a-g3-l1-modal]   muon_coefficient_type ........................... quintic
[algo1a-g3-l1-modal] 
[algo1a-g3-l1-modal]   muon_extra_scale_factor ......................... 1.0
[algo1a-g3-l1-modal] 
[algo1a-g3-l1-modal]   muon_fp32_matmul_prec ........................... medium
[algo1a-g3-l1-modal] 
[algo1a-g3-l1-modal]   muon_momentum ................................... 0.9
[algo1a-g3-l1-modal] 
[algo1a-g3-l1-modal]   muon_nesterov ................................... False
[algo1a-g3-l1-modal] 
[algo1a-g3-l1-modal]   muon_num_ns_steps ............................... 5
[algo1a-g3-l1-modal] 
[algo1a-g3-l1-modal]   muon_scalar_optimizer ........................... adam
[algo1a-g3-l1-modal] 
[algo1a-g3-l1-modal]   muon_scale_mode ................................. spectral
[algo1a-g3-l1-modal] 
[algo1a-g3-l1-modal]   muon_split_qkv .................................. True
[algo1a-g3-l1-modal] 
[algo1a-g3-l1-modal]   muon_tp_mode .................................... blockwise
[algo1a-g3-l1-modal] 
[algo1a-g3-l1-modal]   mup_attn_scale_power ............................ 1.0
[algo1a-g3-l1-modal] 
[algo1a-g3-l1-modal]   mup_base_head_dim ............................... None
[algo1a-g3-l1-modal] 
[algo1a-g3-l1-modal]   mup_base_hidden_size ............................ None
[algo1a-g3-l1-modal] 
[algo1a-g3-l1-modal]   mup_embedding_mult .............................. 1.0
[algo1a-g3-l1-modal] 
[algo1a-g3-l1-modal]   mup_output_mult ................................. 1.0
[algo1a-g3-l1-modal] 
[algo1a-g3-l1-modal]   mup_width_mult .................................. 1.0
[algo1a-g3-l1-modal] 
[algo1a-g3-l1-modal]   n_samples_per_eval_prompt ....................... 1
[algo1a-g3-l1-modal] 
[algo1a-g3-l1-modal]   n_samples_per_prompt ............................ 8
[algo1a-g3-l1-modal] 
[algo1a-g3-l1-modal]   nccl_all_reduce_for_prefill ..................... False
[algo1a-g3-l1-modal] 
[algo1a-g3-l1-modal]   nccl_communicator_config_path ................... None
[algo1a-g3-l1-modal] 
[algo1a-g3-l1-modal]   nccl_ub ......................................... False
[algo1a-g3-l1-modal] 
[algo1a-g3-l1-modal]   no_load_optim ................................... True
[algo1a-g3-l1-modal] 
[algo1a-g3-l1-modal]   no_load_rng ..................................... True
[algo1a-g3-l1-modal] 
[algo1a-g3-l1-modal]   no_persist_layer_norm ........................... False
[algo1a-g3-l1-modal] 
[algo1a-g3-l1-modal]   no_rope_freq .................................... None
[algo1a-g3-l1-modal] 
[algo1a-g3-l1-modal]   no_save_optim ................................... True
[algo1a-g3-l1-modal] 
[algo1a-g3-l1-modal]   no_save_rng ..................................... True
[algo1a-g3-l1-modal] 
[algo1a-g3-l1-modal]   no_weight_decay_cond_type ....................... None
[algo1a-g3-l1-modal] 
[algo1a-g3-l1-modal]   non_persistent_ckpt_type ........................ None
[algo1a-g3-l1-modal] 
[algo1a-g3-l1-modal]   non_persistent_global_ckpt_dir .................. None
[algo1a-g3-l1-modal] 
[algo1a-g3-l1-modal]   non_persistent_local_ckpt_algo .................. fully_parallel
[algo1a-g3-l1-modal] 
[algo1a-g3-l1-modal]   non_persistent_local_ckpt_dir ................... None
[algo1a-g3-l1-modal] 
[algo1a-g3-l1-modal]   non_persistent_save_interval .................... None
[algo1a-g3-l1-modal] 
[algo1a-g3-l1-modal]   normalization ................................... RMSNorm
[algo1a-g3-l1-modal] 
[algo1a-g3-l1-modal]   normalize_advantages ............................ False
[algo1a-g3-l1-modal] 
[algo1a-g3-l1-modal]   null_tokenizer_eod_id ........................... None
[algo1a-g3-l1-modal] 
[algo1a-g3-l1-modal]   null_tokenizer_pad_id ........................... -1
[algo1a-g3-l1-modal] 
[algo1a-g3-l1-modal]   num_attention_heads ............................. 16
[algo1a-g3-l1-modal] 
[algo1a-g3-l1-modal]   num_channels .................................... 3
[algo1a-g3-l1-modal] 
[algo1a-g3-l1-modal]   num_classes ..................................... 1000
[algo1a-g3-l1-modal] 
[algo1a-g3-l1-modal]   num_critic_only_steps ........................... 0
[algo1a-g3-l1-modal] 
[algo1a-g3-l1-modal]   num_dataset_builder_threads ..................... 1
[algo1a-g3-l1-modal] 
[algo1a-g3-l1-modal]   num_distributed_optimizer_instances ............. 1
[algo1a-g3-l1-modal] 
[algo1a-g3-l1-modal]   num_epoch ....................................... None
[algo1a-g3-l1-modal] 
[algo1a-g3-l1-modal]   num_experts ..................................... None
[algo1a-g3-l1-modal] 
[algo1a-g3-l1-modal]   num_gpus_per_node ............................... 1
[algo1a-g3-l1-modal] 
[algo1a-g3-l1-modal]   num_layers ...................................... 28
[algo1a-g3-l1-modal] 
[algo1a-g3-l1-modal]   num_layers_at_end_in_bf16 ....................... 1
[algo1a-g3-l1-modal] 
[algo1a-g3-l1-modal]   num_layers_at_start_in_bf16 ..................... 1
[algo1a-g3-l1-modal] 
[algo1a-g3-l1-modal]   num_layers_per_virtual_pipeline_stage ........... None
[algo1a-g3-l1-modal] 
[algo1a-g3-l1-modal]   num_query_groups ................................ 8
[algo1a-g3-l1-modal] 
[algo1a-g3-l1-modal]   num_residual_streams ............................ 4
[algo1a-g3-l1-modal] 
[algo1a-g3-l1-modal]   num_rollout ..................................... 3
[algo1a-g3-l1-modal] 
[algo1a-g3-l1-modal]   num_speculative_tokens .......................... 0
[algo1a-g3-l1-modal] 
[algo1a-g3-l1-modal]   num_steps_per_rollout ........................... 1
[algo1a-g3-l1-modal] 
[algo1a-g3-l1-modal]   num_virtual_stages_per_pipeline_rank ............ None
[algo1a-g3-l1-modal] 
[algo1a-g3-l1-modal]   num_workers ..................................... 2
[algo1a-g3-l1-modal] 
[algo1a-g3-l1-modal]   nvtx_ranges ..................................... False
[algo1a-g3-l1-modal] 
[algo1a-g3-l1-modal]   o_groups ........................................ 8
[algo1a-g3-l1-modal] 
[algo1a-g3-l1-modal]   o_lora_rank ..................................... 1024
[algo1a-g3-l1-modal] 
[algo1a-g3-l1-modal]   object_storage_cache_path ....................... None
[algo1a-g3-l1-modal] 
[algo1a-g3-l1-modal]   object_store_backend ............................ ray
[algo1a-g3-l1-modal] 
[algo1a-g3-l1-modal]   observe_training_entropy ........................ False
[algo1a-g3-l1-modal] 
[algo1a-g3-l1-modal]   offload_modules ................................. []
[algo1a-g3-l1-modal] 
[algo1a-g3-l1-modal]   offload_optimizer_states ........................ False
[algo1a-g3-l1-modal] 
[algo1a-g3-l1-modal]   offload_rollout ................................. True
[algo1a-g3-l1-modal] 
[algo1a-g3-l1-modal]   offload_rollout_level ........................... ['kv_cache', 'weight']
[algo1a-g3-l1-modal] 
[algo1a-g3-l1-modal]   offload_train ................................... True
[algo1a-g3-l1-modal] 
[algo1a-g3-l1-modal]   offload_train_disk_chunk_mb ..................... 256
[algo1a-g3-l1-modal] 
[algo1a-g3-l1-modal]   offload_train_disk_dir .......................... None
[algo1a-g3-l1-modal] 
[algo1a-g3-l1-modal]   offload_train_target ............................ cpu
[algo1a-g3-l1-modal] 
[algo1a-g3-l1-modal]   one_logger_async ................................ False
[algo1a-g3-l1-modal] 
[algo1a-g3-l1-modal]   one_logger_project .............................. megatron-lm
[algo1a-g3-l1-modal] 
[algo1a-g3-l1-modal]   one_logger_run_name ............................. None
[algo1a-g3-l1-modal] 
[algo1a-g3-l1-modal]   onnx_safe ....................................... None
[algo1a-g3-l1-modal] 
[algo1a-g3-l1-modal]   opd_kl_coef ..................................... 1.0
[algo1a-g3-l1-modal] 
[algo1a-g3-l1-modal]   opd_log_prob_top_k .............................. 0
[algo1a-g3-l1-modal] 
[algo1a-g3-l1-modal]   opd_reward_weight_mode .......................... student_p
[algo1a-g3-l1-modal] 
[algo1a-g3-l1-modal]   opd_teacher_ckpt_step ........................... None
[algo1a-g3-l1-modal] 
[algo1a-g3-l1-modal]   opd_teacher_key ................................. opd_teacher
[algo1a-g3-l1-modal] 
[algo1a-g3-l1-modal]   opd_teacher_load ................................ None
[algo1a-g3-l1-modal] 
[algo1a-g3-l1-modal]   opd_teacher_urls ................................ None
[algo1a-g3-l1-modal] 
[algo1a-g3-l1-modal]   opd_top_k_strategy .............................. only-student
[algo1a-g3-l1-modal] 
[algo1a-g3-l1-modal]   opd_topk_per_position ........................... False
[algo1a-g3-l1-modal] 
[algo1a-g3-l1-modal]   opd_type ........................................ None
[algo1a-g3-l1-modal] 
[algo1a-g3-l1-modal]   openai_gelu ..................................... False
[algo1a-g3-l1-modal] 
[algo1a-g3-l1-modal]   opsm_delta ...................................... 0.0001
[algo1a-g3-l1-modal] 
[algo1a-g3-l1-modal]   optimizer ....................................... adam
[algo1a-g3-l1-modal] 
[algo1a-g3-l1-modal]   optimizer_cpu_offload ........................... False
[algo1a-g3-l1-modal] 
[algo1a-g3-l1-modal]   optimizer_cuda_graph ............................ False
[algo1a-g3-l1-modal] 
[algo1a-g3-l1-modal]   optimizer_offload_fraction ...................... 1.0
[algo1a-g3-l1-modal] 
[algo1a-g3-l1-modal]   optimizer_state_offload_chunk_size_mb ........... 0
[algo1a-g3-l1-modal] 
[algo1a-g3-l1-modal]   optimizer_state_offload_fraction ................ 1.0
[algo1a-g3-l1-modal] 
[algo1a-g3-l1-modal]   original_max_position_embeddings ................ 4096
[algo1a-g3-l1-modal] 
[algo1a-g3-l1-modal]   outer_dp_sharding_strategy ...................... no_shard
[algo1a-g3-l1-modal] 
[algo1a-g3-l1-modal]   output_bert_embeddings .......................... False
[algo1a-g3-l1-modal] 
[algo1a-g3-l1-modal]   over_sampling_batch_size ........................ 4
[algo1a-g3-l1-modal] 
[algo1a-g3-l1-modal]   overlap_cpu_optimizer_d2h_h2d ................... False
[algo1a-g3-l1-modal] 
[algo1a-g3-l1-modal]   overlap_dispatch_backward_with_experts_wgrad .... False
[algo1a-g3-l1-modal] 
[algo1a-g3-l1-modal]   overlap_grad_reduce ............................. False
[algo1a-g3-l1-modal] 
[algo1a-g3-l1-modal]   overlap_moe_expert_parallel_comm ................ False
[algo1a-g3-l1-modal] 
[algo1a-g3-l1-modal]   overlap_p2p_comm ................................ False
[algo1a-g3-l1-modal] 
[algo1a-g3-l1-modal]   overlap_p2p_comm_warmup_flush ................... False
[algo1a-g3-l1-modal] 
[algo1a-g3-l1-modal]   overlap_param_gather ............................ False
[algo1a-g3-l1-modal] 
[algo1a-g3-l1-modal]   overlap_param_gather_with_optimizer_step ........ False
[algo1a-g3-l1-modal] 
[algo1a-g3-l1-modal]   override_opt_param_scheduler .................... False
[algo1a-g3-l1-modal] 
[algo1a-g3-l1-modal]   p2p_transfer_num_workers ........................ 4
[algo1a-g3-l1-modal] 
[algo1a-g3-l1-modal]   p2p_transfer_timeout ............................ 30.0
[algo1a-g3-l1-modal] 
[algo1a-g3-l1-modal]   pad_packed_seq_alignment ........................ None
[algo1a-g3-l1-modal] 
[algo1a-g3-l1-modal]   pad_vocab_size .................................. True
[algo1a-g3-l1-modal] 
[algo1a-g3-l1-modal]   padded_vocab_size ............................... 151936
[algo1a-g3-l1-modal] 
[algo1a-g3-l1-modal]   params_dtype .................................... torch.bfloat16
[algo1a-g3-l1-modal] 
[algo1a-g3-l1-modal]   partial_rollout ................................. False
[algo1a-g3-l1-modal] 
[algo1a-g3-l1-modal]   patch_dim ....................................... 16
[algo1a-g3-l1-modal] 
[algo1a-g3-l1-modal]   pause_generation_mode ........................... retract
[algo1a-g3-l1-modal] 
[algo1a-g3-l1-modal]   per_dataset_sequences_path ...................... None
[algo1a-g3-l1-modal] 
[algo1a-g3-l1-modal]   per_split_data_args_path ........................ None
[algo1a-g3-l1-modal] 
[algo1a-g3-l1-modal]   perform_initialization .......................... True
[algo1a-g3-l1-modal] 
[algo1a-g3-l1-modal]   perform_rl_step ................................. False
[algo1a-g3-l1-modal] 
[algo1a-g3-l1-modal]   phase_transition_iterations ..................... None
[algo1a-g3-l1-modal] 
[algo1a-g3-l1-modal]   pin_cpu_grads ................................... True
[algo1a-g3-l1-modal] 
[algo1a-g3-l1-modal]   pin_cpu_params .................................. True
[algo1a-g3-l1-modal] 
[algo1a-g3-l1-modal]   pin_rollout_manager_to_head ..................... True
[algo1a-g3-l1-modal] 
[algo1a-g3-l1-modal]   pipeline_model_parallel_comm_backend ............ None
[algo1a-g3-l1-modal] 
[algo1a-g3-l1-modal]   pipeline_model_parallel_layout .................. None
[algo1a-g3-l1-modal] 
[algo1a-g3-l1-modal]   pipeline_model_parallel_size .................... 1
[algo1a-g3-l1-modal] 
[algo1a-g3-l1-modal]   position_embedding_type ......................... rope
[algo1a-g3-l1-modal] 
[algo1a-g3-l1-modal]   post_mlp_layernorm .............................. False
[algo1a-g3-l1-modal] 
[algo1a-g3-l1-modal]   post_self_attn_layernorm ........................ False
[algo1a-g3-l1-modal] 
[algo1a-g3-l1-modal]   prefill_num_servers ............................. None
[algo1a-g3-l1-modal] 
[algo1a-g3-l1-modal]   pretrained_checkpoint ........................... None
[algo1a-g3-l1-modal] 
[algo1a-g3-l1-modal]   profile ......................................... False
[algo1a-g3-l1-modal] 
[algo1a-g3-l1-modal]   profile_ranks ................................... []
[algo1a-g3-l1-modal] 
[algo1a-g3-l1-modal]   profile_step_end ................................ 12
[algo1a-g3-l1-modal] 
[algo1a-g3-l1-modal]   profile_step_start .............................. 10
[algo1a-g3-l1-modal] 
[algo1a-g3-l1-modal]   profile_target .................................. ['train_overall']
[algo1a-g3-l1-modal] 
[algo1a-g3-l1-modal]   prometheus_port ................................. 9090
[algo1a-g3-l1-modal] 
[algo1a-g3-l1-modal]   prometheus_run_name ............................. None
[algo1a-g3-l1-modal] 
[algo1a-g3-l1-modal]   prompt_data ..................................... /root/yeto-rl/prompts.jsonl
[algo1a-g3-l1-modal] 
[algo1a-g3-l1-modal]   pytorch_profiler_collect_callstack .............. False
[algo1a-g3-l1-modal] 
[algo1a-g3-l1-modal]   pytorch_profiler_collect_chakra ................. False
[algo1a-g3-l1-modal] 
[algo1a-g3-l1-modal]   pytorch_profiler_collect_shapes ................. False
[algo1a-g3-l1-modal] 
[algo1a-g3-l1-modal]   q_lora_rank ..................................... None
[algo1a-g3-l1-modal] 
[algo1a-g3-l1-modal]   qk_clip ......................................... False
[algo1a-g3-l1-modal] 
[algo1a-g3-l1-modal]   qk_clip_alpha ................................... 0.5
[algo1a-g3-l1-modal] 
[algo1a-g3-l1-modal]   qk_clip_threshold ............................... 100
[algo1a-g3-l1-modal] 
[algo1a-g3-l1-modal]   qk_head_dim ..................................... 128
[algo1a-g3-l1-modal] 
[algo1a-g3-l1-modal]   qk_l2_norm ...................................... False
[algo1a-g3-l1-modal] 
[algo1a-g3-l1-modal]   qk_layernorm .................................... True
[algo1a-g3-l1-modal] 
[algo1a-g3-l1-modal]   qk_pos_emb_head_dim ............................. 64
[algo1a-g3-l1-modal] 
[algo1a-g3-l1-modal]   qkv_format ...................................... thd
[algo1a-g3-l1-modal] 
[algo1a-g3-l1-modal]   query_in_block_prob ............................. 0.1
[algo1a-g3-l1-modal] 
[algo1a-g3-l1-modal]   quick_geglu ..................................... False
[algo1a-g3-l1-modal] 
[algo1a-g3-l1-modal]   rampup_batch_size ............................... None
[algo1a-g3-l1-modal] 
[algo1a-g3-l1-modal]   rank ............................................ 0
[algo1a-g3-l1-modal] 
[algo1a-g3-l1-modal]   recompute_granularity ........................... None
[algo1a-g3-l1-modal] 
[algo1a-g3-l1-modal]   recompute_logprobs_via_prefill .................. False
[algo1a-g3-l1-modal] 
[algo1a-g3-l1-modal]   recompute_loss_function ......................... False
[algo1a-g3-l1-modal] 
[algo1a-g3-l1-modal]   recompute_method ................................ None
[algo1a-g3-l1-modal] 
[algo1a-g3-l1-modal]   recompute_modules ............................... None
[algo1a-g3-l1-modal] 
[algo1a-g3-l1-modal]   recompute_num_layers ............................ None
[algo1a-g3-l1-modal] 
[algo1a-g3-l1-modal]   record_memory_history ........................... False
[algo1a-g3-l1-modal] 
[algo1a-g3-l1-modal]   record_shapes ................................... False
[algo1a-g3-l1-modal] 
[algo1a-g3-l1-modal]   ref_ckpt_step ................................... None
[algo1a-g3-l1-modal] 
[algo1a-g3-l1-modal]   ref_load ........................................ /root/.cache/huggingface/hub/models--Qwen--Qwen3-0.6B/snapshots/c1899de289a04d12100db370d81485cdf75e47ca
[algo1a-g3-l1-modal] 
[algo1a-g3-l1-modal]   ref_update_interval ............................. None
[algo1a-g3-l1-modal] 
[algo1a-g3-l1-modal]   refit_method .................................... gloo
[algo1a-g3-l1-modal] 
[algo1a-g3-l1-modal]   relative_attention_max_distance ................. 128
[algo1a-g3-l1-modal] 
[algo1a-g3-l1-modal]   relative_attention_num_buckets .................. 32
[algo1a-g3-l1-modal] 
[algo1a-g3-l1-modal]   rematerialize_param_from_master_weight .......... False
[algo1a-g3-l1-modal] 
[algo1a-g3-l1-modal]   replication ..................................... False
[algo1a-g3-l1-modal] 
[algo1a-g3-l1-modal]   replication_factor .............................. 2
[algo1a-g3-l1-modal] 
[algo1a-g3-l1-modal]   replication_jump ................................ None
[algo1a-g3-l1-modal] 
[algo1a-g3-l1-modal]   requested_load .................................. None
[algo1a-g3-l1-modal] 
[algo1a-g3-l1-modal]   rerun_mode ...................................... validate_results
[algo1a-g3-l1-modal] 
[algo1a-g3-l1-modal]   reset_attention_mask ............................ False
[algo1a-g3-l1-modal] 
[algo1a-g3-l1-modal]   reset_optimizer_states .......................... False
[algo1a-g3-l1-modal] 
[algo1a-g3-l1-modal]   reset_position_ids .............................. False
[algo1a-g3-l1-modal] 
[algo1a-g3-l1-modal]   result_rejected_tracker_filename ................ None
[algo1a-g3-l1-modal] 
[algo1a-g3-l1-modal]   retriever_report_topk_accuracies ................ []
[algo1a-g3-l1-modal] 
[algo1a-g3-l1-modal]   retriever_score_scaling ......................... False
[algo1a-g3-l1-modal] 
[algo1a-g3-l1-modal]   reuse_grad_buf_for_mxfp8_param_ag ............... False
[algo1a-g3-l1-modal] 
[algo1a-g3-l1-modal]   reward_key ...................................... None
[algo1a-g3-l1-modal] 
[algo1a-g3-l1-modal]   rewards_normalization ........................... True
[algo1a-g3-l1-modal] 
[algo1a-g3-l1-modal]   rl_consumption_granularity ...................... B
[algo1a-g3-l1-modal] 
[algo1a-g3-l1-modal]   rl_default_temperature .......................... 1.0
[algo1a-g3-l1-modal] 
[algo1a-g3-l1-modal]   rl_default_top_k ................................ -1
[algo1a-g3-l1-modal] 
[algo1a-g3-l1-modal]   rl_default_top_p ................................ 0
[algo1a-g3-l1-modal] 
[algo1a-g3-l1-modal]   rl_generation_lag ............................... 0
[algo1a-g3-l1-modal] 
[algo1a-g3-l1-modal]   rl_importance_sampling_truncation_coef .......... None
[algo1a-g3-l1-modal] 
[algo1a-g3-l1-modal]   rl_inference_expert_model_parallel_size ......... None
[algo1a-g3-l1-modal] 
[algo1a-g3-l1-modal]   rl_inference_expert_tensor_model_parallel_size .. None
[algo1a-g3-l1-modal] 
[algo1a-g3-l1-modal]   rl_inference_logprobs_is_correction ............. False
[algo1a-g3-l1-modal] 
[algo1a-g3-l1-modal]   rl_inference_model_unified_memory_level ......... 0
[algo1a-g3-l1-modal] 
[algo1a-g3-l1-modal]   rl_inference_parsers ............................ []
[algo1a-g3-l1-modal] 
[algo1a-g3-l1-modal]   rl_inference_pipeline_model_parallel_size ....... None
[algo1a-g3-l1-modal] 
[algo1a-g3-l1-modal]   rl_inference_tensor_model_parallel_size ......... None
[algo1a-g3-l1-modal] 
[algo1a-g3-l1-modal]   rl_kv_cache_management_mode ..................... persist
[algo1a-g3-l1-modal] 
[algo1a-g3-l1-modal]   rl_offload_inference_model_weights_when_idle .... False
[algo1a-g3-l1-modal] 
[algo1a-g3-l1-modal]   rl_offload_optimizer_during_inference ........... False
[algo1a-g3-l1-modal] 
[algo1a-g3-l1-modal]   rl_partial_rollouts ............................. False
[algo1a-g3-l1-modal] 
[algo1a-g3-l1-modal]   rl_persist_cuda_graphs .......................... False
[algo1a-g3-l1-modal] 
[algo1a-g3-l1-modal]   rl_profile ...................................... False
[algo1a-g3-l1-modal] 
[algo1a-g3-l1-modal]   rl_profile_dir .................................. None
[algo1a-g3-l1-modal] 
[algo1a-g3-l1-modal]   rl_prompts_per_eval ............................. 32
[algo1a-g3-l1-modal] 
[algo1a-g3-l1-modal]   rl_sequence_packing_algo ........................ fifo
[algo1a-g3-l1-modal] 
[algo1a-g3-l1-modal]   rl_sequence_packing_max_sequences_per_bin ....... 50
[algo1a-g3-l1-modal] 
[algo1a-g3-l1-modal]   rl_skip_bos_token ............................... False
[algo1a-g3-l1-modal] 
[algo1a-g3-l1-modal]   rl_submission_granularity ....................... B
[algo1a-g3-l1-modal] 
[algo1a-g3-l1-modal]   rl_training_cuda_graphs ......................... False
[algo1a-g3-l1-modal] 
[algo1a-g3-l1-modal]   rl_use_sequence_packing ......................... False
[algo1a-g3-l1-modal] 
[algo1a-g3-l1-modal]   rl_verify_model_weights_swap .................... False
[algo1a-g3-l1-modal] 
[algo1a-g3-l1-modal]   rm_type ......................................... None
[algo1a-g3-l1-modal] 
[algo1a-g3-l1-modal]   rm_url .......................................... None
[algo1a-g3-l1-modal] 
[algo1a-g3-l1-modal]   rollout_all_samples_process_path ................ yeto.rl.engine.miles_adapter.rollout_meta_hook.extract_rollout_metadata
[algo1a-g3-l1-modal] 
[algo1a-g3-l1-modal]   rollout_batch_size .............................. 4
[algo1a-g3-l1-modal] 
[algo1a-g3-l1-modal]   rollout_buffer_url .............................. None
[algo1a-g3-l1-modal] 
[algo1a-g3-l1-modal]   rollout_data_postprocess_path ................... None
[algo1a-g3-l1-modal] 
[algo1a-g3-l1-modal]   rollout_external ................................ False
[algo1a-g3-l1-modal] 
[algo1a-g3-l1-modal]   rollout_external_engine_addrs ................... None
[algo1a-g3-l1-modal] 
[algo1a-g3-l1-modal]   rollout_external_router_pd ...................... False
[algo1a-g3-l1-modal] 
[algo1a-g3-l1-modal]   rollout_function_path ........................... miles.rollout.inference_rollout.inference_rollout_common.InferenceRolloutFn
[algo1a-g3-l1-modal] 
[algo1a-g3-l1-modal]   rollout_global_dataset .......................... True
[algo1a-g3-l1-modal] 
[algo1a-g3-l1-modal]   rollout_health_check_failure_threshold .......... 1
[algo1a-g3-l1-modal] 
[algo1a-g3-l1-modal]   rollout_health_check_first_wait ................. 0.0
[algo1a-g3-l1-modal] 
[algo1a-g3-l1-modal]   rollout_health_check_interval ................... 30.0
[algo1a-g3-l1-modal] 
[algo1a-g3-l1-modal]   rollout_health_check_timeout .................... 30.0
[algo1a-g3-l1-modal] 
[algo1a-g3-l1-modal]   rollout_indexer_topk_num_streams ................ None
[algo1a-g3-l1-modal] 
[algo1a-g3-l1-modal]   rollout_max_context_len ......................... 1024
[algo1a-g3-l1-modal] 
[algo1a-g3-l1-modal]   rollout_max_prompt_len .......................... 1023
[algo1a-g3-l1-modal] 
[algo1a-g3-l1-modal]   rollout_max_response_len ........................ 384
[algo1a-g3-l1-modal] 
[algo1a-g3-l1-modal]   rollout_num_gpus ................................ 1
[algo1a-g3-l1-modal] 
[algo1a-g3-l1-modal]   rollout_num_gpus_per_engine ..................... 1
[algo1a-g3-l1-modal] 
[algo1a-g3-l1-modal]   rollout_sample_filter_path ...................... yeto.rl.engine.miles_adapter.rollout_meta_hook.record_trained_groups
[algo1a-g3-l1-modal] 
[algo1a-g3-l1-modal]   rollout_seed .................................... 18
[algo1a-g3-l1-modal] 
[algo1a-g3-l1-modal]   rollout_shuffle ................................. False
[algo1a-g3-l1-modal] 
[algo1a-g3-l1-modal]   rollout_skip_special_tokens ..................... False
[algo1a-g3-l1-modal] 
[algo1a-g3-l1-modal]   rollout_stop .................................... None
[algo1a-g3-l1-modal] 
[algo1a-g3-l1-modal]   rollout_stop_token_ids .......................... None
[algo1a-g3-l1-modal] 
[algo1a-g3-l1-modal]   rollout_submission_granularity .................. None
[algo1a-g3-l1-modal] 
[algo1a-g3-l1-modal]   rollout_task_type ............................... math
[algo1a-g3-l1-modal] 
[algo1a-g3-l1-modal]   rollout_temperature ............................. 1.0
[algo1a-g3-l1-modal] 
[algo1a-g3-l1-modal]   rollout_top_k ................................... -1
[algo1a-g3-l1-modal] 
[algo1a-g3-l1-modal]   rollout_top_p ................................... 1.0
[algo1a-g3-l1-modal] 
[algo1a-g3-l1-modal]   rope_scaling_factor ............................. 8.0
[algo1a-g3-l1-modal] 
[algo1a-g3-l1-modal]   rope_type ....................................... rope
[algo1a-g3-l1-modal] 
[algo1a-g3-l1-modal]   rotary_base ..................................... 1000000
[algo1a-g3-l1-modal] 
[algo1a-g3-l1-modal]   rotary_base_per_layer ........................... None
[algo1a-g3-l1-modal] 
[algo1a-g3-l1-modal]   rotary_interleaved .............................. False
[algo1a-g3-l1-modal] 
[algo1a-g3-l1-modal]   rotary_percent .................................. 1.0
[algo1a-g3-l1-modal] 
[algo1a-g3-l1-modal]   rotary_scaling_factor ........................... 1.0
[algo1a-g3-l1-modal] 
[algo1a-g3-l1-modal]   rotary_seq_len_interpolation_factor ............. None
[algo1a-g3-l1-modal] 
[algo1a-g3-l1-modal]   router_allow_requests_without_routing_key ....... False
[algo1a-g3-l1-modal] 
[algo1a-g3-l1-modal]   router_api_key .................................. None
[algo1a-g3-l1-modal] 
[algo1a-g3-l1-modal]   router_assignment_mode .......................... random
[algo1a-g3-l1-modal] 
[algo1a-g3-l1-modal]   router_backend .................................. sglang
[algo1a-g3-l1-modal] 
[algo1a-g3-l1-modal]   router_balance_abs_threshold .................... 64
[algo1a-g3-l1-modal] 
[algo1a-g3-l1-modal]   router_balance_rel_threshold .................... 1.5
[algo1a-g3-l1-modal] 
[algo1a-g3-l1-modal]   router_bucket_adjust_interval_secs .............. 5
[algo1a-g3-l1-modal] 
[algo1a-g3-l1-modal]   router_ca_cert_paths ............................ []
[algo1a-g3-l1-modal] 
[algo1a-g3-l1-modal]   router_cache_threshold .......................... 0.3
[algo1a-g3-l1-modal] 
[algo1a-g3-l1-modal]   router_cb_failure_threshold ..................... 10
[algo1a-g3-l1-modal] 
[algo1a-g3-l1-modal]   router_cb_success_threshold ..................... 3
[algo1a-g3-l1-modal] 
[algo1a-g3-l1-modal]   router_cb_timeout_duration_secs ................. 60
[algo1a-g3-l1-modal] 
[algo1a-g3-l1-modal]   router_cb_window_duration_secs .................. 120
[algo1a-g3-l1-modal] 
[algo1a-g3-l1-modal]   router_chat_template ............................ None
[algo1a-g3-l1-modal] 
[algo1a-g3-l1-modal]   router_client_cert_path ......................... None
[algo1a-g3-l1-modal] 
[algo1a-g3-l1-modal]   router_client_key_path .......................... None
[algo1a-g3-l1-modal] 
[algo1a-g3-l1-modal]   router_control_plane_api_keys ................... []
[algo1a-g3-l1-modal] 
[algo1a-g3-l1-modal]   router_control_plane_audit_enabled .............. False
[algo1a-g3-l1-modal] 
[algo1a-g3-l1-modal]   router_cors_allowed_origins ..................... []
[algo1a-g3-l1-modal] 
[algo1a-g3-l1-modal]   router_decode ................................... None
[algo1a-g3-l1-modal] 
[algo1a-g3-l1-modal]   router_decode_policy ............................ None
[algo1a-g3-l1-modal] 
[algo1a-g3-l1-modal]   router_decode_selector .......................... {}
[algo1a-g3-l1-modal] 
[algo1a-g3-l1-modal]   router_disable_circuit_breaker .................. False
[algo1a-g3-l1-modal] 
[algo1a-g3-l1-modal]   router_disable_health_check ..................... False
[algo1a-g3-l1-modal] 
[algo1a-g3-l1-modal]   router_disable_retries .......................... False
[algo1a-g3-l1-modal] 
[algo1a-g3-l1-modal]   router_dp_aware ................................. False
[algo1a-g3-l1-modal] 
[algo1a-g3-l1-modal]   router_enable_igw ............................... False
[algo1a-g3-l1-modal] 
[algo1a-g3-l1-modal]   router_enable_trace ............................. False
[algo1a-g3-l1-modal] 
[algo1a-g3-l1-modal]   router_eviction_interval_secs ................... 60
[algo1a-g3-l1-modal] 
[algo1a-g3-l1-modal]   router_health_check_endpoint .................... /health
[algo1a-g3-l1-modal] 
[algo1a-g3-l1-modal]   router_health_check_interval_secs ............... 60
[algo1a-g3-l1-modal] 
[algo1a-g3-l1-modal]   router_health_check_timeout_secs ................ 5
[algo1a-g3-l1-modal] 
[algo1a-g3-l1-modal]   router_health_failure_threshold ................. 3
[algo1a-g3-l1-modal] 
[algo1a-g3-l1-modal]   router_health_success_threshold ................. 2
[algo1a-g3-l1-modal] 
[algo1a-g3-l1-modal]   router_history_backend .......................... memory
[algo1a-g3-l1-modal] 
[algo1a-g3-l1-modal]   router_json_log ................................. False
[algo1a-g3-l1-modal] 
[algo1a-g3-l1-modal]   router_jwt_audience ............................. None
[algo1a-g3-l1-modal] 
[algo1a-g3-l1-modal]   router_jwt_issuer ............................... None
[algo1a-g3-l1-modal] 
[algo1a-g3-l1-modal]   router_jwt_jwks_uri ............................. None
[algo1a-g3-l1-modal] 
[algo1a-g3-l1-modal]   router_jwt_role_mapping ......................... []
[algo1a-g3-l1-modal] 
[algo1a-g3-l1-modal]   router_log_dir .................................. None
[algo1a-g3-l1-modal] 
[algo1a-g3-l1-modal]   router_log_level ................................ info
[algo1a-g3-l1-modal] 
[algo1a-g3-l1-modal]   router_max_concurrent_requests .................. -1
[algo1a-g3-l1-modal] 
[algo1a-g3-l1-modal]   router_max_idle_secs ............................ 14400
[algo1a-g3-l1-modal] 
[algo1a-g3-l1-modal]   router_max_payload_size ......................... 536870912
[algo1a-g3-l1-modal] 
[algo1a-g3-l1-modal]   router_max_tree_size ............................ 67108864
[algo1a-g3-l1-modal] 
[algo1a-g3-l1-modal]   router_mcp_config_path .......................... None
[algo1a-g3-l1-modal] 
[algo1a-g3-l1-modal]   router_mini_lb .................................. False
[algo1a-g3-l1-modal] 
[algo1a-g3-l1-modal]   router_model_path ............................... None
[algo1a-g3-l1-modal] 
[algo1a-g3-l1-modal]   router_oracle_connect_descriptor ................ None
[algo1a-g3-l1-modal] 
[algo1a-g3-l1-modal]   router_oracle_password .......................... None
[algo1a-g3-l1-modal] 
[algo1a-g3-l1-modal]   router_oracle_pool_max .......................... 16
[algo1a-g3-l1-modal] 
[algo1a-g3-l1-modal]   router_oracle_pool_min .......................... 1
[algo1a-g3-l1-modal] 
[algo1a-g3-l1-modal]   router_oracle_pool_timeout_secs ................. 30
[algo1a-g3-l1-modal] 
[algo1a-g3-l1-modal]   router_oracle_tns_alias ......................... None
[algo1a-g3-l1-modal] 
[algo1a-g3-l1-modal]   router_oracle_username .......................... None
[algo1a-g3-l1-modal] 
[algo1a-g3-l1-modal]   router_oracle_wallet_path ....................... None
[algo1a-g3-l1-modal] 
[algo1a-g3-l1-modal]   router_otlp_traces_endpoint ..................... localhost:4317
[algo1a-g3-l1-modal] 
[algo1a-g3-l1-modal]   router_pd_disaggregation ........................ False
[algo1a-g3-l1-modal] 
[algo1a-g3-l1-modal]   router_policy ................................... cache_aware
[algo1a-g3-l1-modal] 
[algo1a-g3-l1-modal]   router_postgres_db_url .......................... None
[algo1a-g3-l1-modal] 
[algo1a-g3-l1-modal]   router_postgres_pool_max ........................ 16
[algo1a-g3-l1-modal] 
[algo1a-g3-l1-modal]   router_prefill .................................. None
[algo1a-g3-l1-modal] 
[algo1a-g3-l1-modal]   router_prefill_policy ........................... None
[algo1a-g3-l1-modal] 
[algo1a-g3-l1-modal]   router_prefill_selector ......................... {}
[algo1a-g3-l1-modal] 
[algo1a-g3-l1-modal]   router_prometheus_duration_buckets .............. None
[algo1a-g3-l1-modal] 
[algo1a-g3-l1-modal]   router_prometheus_host .......................... 0.0.0.0
[algo1a-g3-l1-modal] 
[algo1a-g3-l1-modal]   router_prometheus_port .......................... 29000
[algo1a-g3-l1-modal] 
[algo1a-g3-l1-modal]   router_queue_size ............................... 100
[algo1a-g3-l1-modal] 
[algo1a-g3-l1-modal]   router_queue_timeout_secs ....................... 60
[algo1a-g3-l1-modal] 
[algo1a-g3-l1-modal]   router_rate_limit_tokens_per_second ............. None
[algo1a-g3-l1-modal] 
[algo1a-g3-l1-modal]   router_reasoning_parser ......................... None
[algo1a-g3-l1-modal] 
[algo1a-g3-l1-modal]   router_redis_pool_max ........................... 16
[algo1a-g3-l1-modal] 
[algo1a-g3-l1-modal]   router_redis_retention_days ..................... 30
[algo1a-g3-l1-modal] 
[algo1a-g3-l1-modal]   router_redis_url ................................ None
[algo1a-g3-l1-modal] 
[algo1a-g3-l1-modal]   router_request_id_headers ....................... None
[algo1a-g3-l1-modal] 
[algo1a-g3-l1-modal]   router_request_timeout_secs ..................... 1800
[algo1a-g3-l1-modal] 
[algo1a-g3-l1-modal]   router_retry_backoff_multiplier ................. 1.5
[algo1a-g3-l1-modal] 
[algo1a-g3-l1-modal]   router_retry_initial_backoff_ms ................. 50
[algo1a-g3-l1-modal] 
[algo1a-g3-l1-modal]   router_retry_jitter_factor ...................... 0.2
[algo1a-g3-l1-modal] 
[algo1a-g3-l1-modal]   router_retry_max_backoff_ms ..................... 30000
[algo1a-g3-l1-modal] 
[algo1a-g3-l1-modal]   router_retry_max_retries ........................ 5
[algo1a-g3-l1-modal] 
[algo1a-g3-l1-modal]   router_selector ................................. {}
[algo1a-g3-l1-modal] 
[algo1a-g3-l1-modal]   router_service_discovery ........................ False
[algo1a-g3-l1-modal] 
[algo1a-g3-l1-modal]   router_service_discovery_namespace .............. None
[algo1a-g3-l1-modal] 
[algo1a-g3-l1-modal]   router_service_discovery_port ................... 80
[algo1a-g3-l1-modal] 
[algo1a-g3-l1-modal]   router_shutdown_grace_period_secs ............... 180
[algo1a-g3-l1-modal] 
[algo1a-g3-l1-modal]   router_test_external_dp_routing ................. False
[algo1a-g3-l1-modal] 
[algo1a-g3-l1-modal]   router_tls_cert_path ............................ None
[algo1a-g3-l1-modal] 
[algo1a-g3-l1-modal]   router_tls_key_path ............................. None
[algo1a-g3-l1-modal] 
[algo1a-g3-l1-modal]   router_tokenizer_cache_enable_l0 ................ False
[algo1a-g3-l1-modal] 
[algo1a-g3-l1-modal]   router_tokenizer_cache_enable_l1 ................ False
[algo1a-g3-l1-modal] 
[algo1a-g3-l1-modal]   router_tokenizer_cache_l0_max_entries ........... 10000
[algo1a-g3-l1-modal] 
[algo1a-g3-l1-modal]   router_tokenizer_cache_l1_max_memory ............ 52428800
[algo1a-g3-l1-modal] 
[algo1a-g3-l1-modal]   router_tokenizer_path ........................... None
[algo1a-g3-l1-modal] 
[algo1a-g3-l1-modal]   router_tool_call_parser ......................... None
[algo1a-g3-l1-modal] 
[algo1a-g3-l1-modal]   router_worker_startup_check_interval ............ 30
[algo1a-g3-l1-modal] 
[algo1a-g3-l1-modal]   router_worker_startup_timeout_secs .............. 1800
[algo1a-g3-l1-modal] 
[algo1a-g3-l1-modal]   run_uuid ........................................ 73dbcf39b64b437e
[algo1a-g3-l1-modal] 
[algo1a-g3-l1-modal]   run_workload_inspector_server ................... False
[algo1a-g3-l1-modal] 
[algo1a-g3-l1-modal]   sample_rate ..................................... 1.0
[algo1a-g3-l1-modal] 
[algo1a-g3-l1-modal]   save ............................................ None
[algo1a-g3-l1-modal] 
[algo1a-g3-l1-modal]   save_activations_interval ....................... None
[algo1a-g3-l1-modal] 
[algo1a-g3-l1-modal]   save_debug_event_data ........................... None
[algo1a-g3-l1-modal] 
[algo1a-g3-l1-modal]   save_debug_rollout_data ......................... None
[algo1a-g3-l1-modal] 
[algo1a-g3-l1-modal]   save_debug_train_data ........................... None
[algo1a-g3-l1-modal] 
[algo1a-g3-l1-modal]   save_debug_trajectory_data ...................... None
[algo1a-g3-l1-modal] 
[algo1a-g3-l1-modal]   save_dgrads_interval ............................ None
[algo1a-g3-l1-modal] 
[algo1a-g3-l1-modal]   save_hf ......................................... None
[algo1a-g3-l1-modal] 
[algo1a-g3-l1-modal]   save_interval ................................... None
[algo1a-g3-l1-modal] 
[algo1a-g3-l1-modal]   save_local_weight_checksum ...................... False
[algo1a-g3-l1-modal] 
[algo1a-g3-l1-modal]   save_params_interval ............................ None
[algo1a-g3-l1-modal] 
[algo1a-g3-l1-modal]   save_retain_interval ............................ None
[algo1a-g3-l1-modal] 
[algo1a-g3-l1-modal]   save_tokens_per_expert_interval ................. None
[algo1a-g3-l1-modal] 
[algo1a-g3-l1-modal]   save_trigger_sentinel ........................... None
[algo1a-g3-l1-modal] 
[algo1a-g3-l1-modal]   save_wgrads_interval ............................ None
[algo1a-g3-l1-modal] 
[algo1a-g3-l1-modal]   seed ............................................ 17
[algo1a-g3-l1-modal] 
[algo1a-g3-l1-modal]   seq_length ...................................... 1024
[algo1a-g3-l1-modal] 
[algo1a-g3-l1-modal]   sequence_packing_scheduler ...................... None
[algo1a-g3-l1-modal] 
[algo1a-g3-l1-modal]   sequence_parallel ............................... False
[algo1a-g3-l1-modal] 
[algo1a-g3-l1-modal]   session_message_matcher ......................... strict
[algo1a-g3-l1-modal] 
[algo1a-g3-l1-modal]   session_sample_picker_path ...................... miles.rollout.session.v2.picker_hub.drop_same_prompt_retries
[algo1a-g3-l1-modal] 
[algo1a-g3-l1-modal]   session_sample_postprocessor_path ............... miles.rollout.session.v2.postprocessor_hub.default_postprocess
[algo1a-g3-l1-modal] 
[algo1a-g3-l1-modal]   session_server_external_host .................... None
[algo1a-g3-l1-modal] 
[algo1a-g3-l1-modal]   session_server_ip ............................... None
[algo1a-g3-l1-modal] 
[algo1a-g3-l1-modal]   session_server_port ............................. None
[algo1a-g3-l1-modal] 
[algo1a-g3-l1-modal]   session_server_workers .......................... 32
[algo1a-g3-l1-modal] 
[algo1a-g3-l1-modal]   sft ............................................. False
[algo1a-g3-l1-modal] 
[algo1a-g3-l1-modal]   sft_mock_dataset_config_json .................... None
[algo1a-g3-l1-modal] 
[algo1a-g3-l1-modal]   sft_tokenizer_prompt_format ..................... nemotron-h-aligned
[algo1a-g3-l1-modal] 
[algo1a-g3-l1-modal]   sgd_momentum .................................... 0.9
[algo1a-g3-l1-modal] 
[algo1a-g3-l1-modal]   sglang_abort_on_priority_when_disabled .......... False
[algo1a-g3-l1-modal] 
[algo1a-g3-l1-modal]   sglang_admin_api_key ............................ None
[algo1a-g3-l1-modal] 
[algo1a-g3-l1-modal]   sglang_allow_auto_truncate ...................... False
[algo1a-g3-l1-modal] 
[algo1a-g3-l1-modal]   sglang_allowed_media_domains .................... []
[algo1a-g3-l1-modal] 
[algo1a-g3-l1-modal]   sglang_api_key .................................. None
[algo1a-g3-l1-modal] 
[algo1a-g3-l1-modal]   sglang_asr_max_buffer_seconds ................... 60
[algo1a-g3-l1-modal] 
[algo1a-g3-l1-modal]   sglang_asr_max_concurrent_sessions .............. 32
[algo1a-g3-l1-modal] 
[algo1a-g3-l1-modal]   sglang_attention_backend ........................ None
[algo1a-g3-l1-modal] 
[algo1a-g3-l1-modal]   sglang_attn_cp_size ............................. 1
[algo1a-g3-l1-modal] 
[algo1a-g3-l1-modal]   sglang_batch_notify_size ........................ 16
[algo1a-g3-l1-modal] 
[algo1a-g3-l1-modal]   sglang_bf16_gemm_backend ........................ auto
[algo1a-g3-l1-modal] 
[algo1a-g3-l1-modal]   sglang_bucket_e2e_request_latency ............... None
[algo1a-g3-l1-modal] 
[algo1a-g3-l1-modal]   sglang_bucket_inter_token_latency ............... None
[algo1a-g3-l1-modal] 
[algo1a-g3-l1-modal]   sglang_bucket_time_to_first_token ............... None
[algo1a-g3-l1-modal] 
[algo1a-g3-l1-modal]   sglang_c128_page_size ........................... 16
[algo1a-g3-l1-modal] 
[algo1a-g3-l1-modal]   sglang_chat_template ............................ None
[algo1a-g3-l1-modal] 
[algo1a-g3-l1-modal]   sglang_checkpoint_engine_wait_weights_before_ready  False
[algo1a-g3-l1-modal] 
[algo1a-g3-l1-modal]   sglang_chunked_prefill_size ..................... None
[algo1a-g3-l1-modal] 
[algo1a-g3-l1-modal]   sglang_completion_template ...................... None
[algo1a-g3-l1-modal] 
[algo1a-g3-l1-modal]   sglang_config ................................... None
[algo1a-g3-l1-modal] 
[algo1a-g3-l1-modal]   sglang_constrained_json_disable_any_whitespace .. False
[algo1a-g3-l1-modal] 
[algo1a-g3-l1-modal]   sglang_constrained_json_whitespace_pattern ...... None
[algo1a-g3-l1-modal] 
[algo1a-g3-l1-modal]   sglang_context_length ........................... None
[algo1a-g3-l1-modal] 
[algo1a-g3-l1-modal]   sglang_cp_strategy .............................. None
[algo1a-g3-l1-modal] 
[algo1a-g3-l1-modal]   sglang_cpu_offload_gb ........................... 0
[algo1a-g3-l1-modal] 
[algo1a-g3-l1-modal]   sglang_crash_dump_folder ........................ None
[algo1a-g3-l1-modal] 
[algo1a-g3-l1-modal]   sglang_cuda_graph_backend_decode ................ None
[algo1a-g3-l1-modal] 
[algo1a-g3-l1-modal]   sglang_cuda_graph_backend_prefill ............... disabled
[algo1a-g3-l1-modal] 
[algo1a-g3-l1-modal]   sglang_cuda_graph_bs_decode ..................... None
[algo1a-g3-l1-modal] 
[algo1a-g3-l1-modal]   sglang_cuda_graph_bs_prefill .................... None
[algo1a-g3-l1-modal] 
[algo1a-g3-l1-modal]   sglang_cuda_graph_config ........................ None
[algo1a-g3-l1-modal] 
[algo1a-g3-l1-modal]   sglang_cuda_graph_max_bs_decode ................. None
[algo1a-g3-l1-modal] 
[algo1a-g3-l1-modal]   sglang_cuda_graph_max_bs_prefill ................ None
[algo1a-g3-l1-modal] 
[algo1a-g3-l1-modal]   sglang_cuda_graph_tc_compiler ................... None
[algo1a-g3-l1-modal] 
[algo1a-g3-l1-modal]   sglang_custom_pull_weights_pre_read_hook ........ None
[algo1a-g3-l1-modal] 
[algo1a-g3-l1-modal]   sglang_custom_weight_loader ..................... None
[algo1a-g3-l1-modal] 
[algo1a-g3-l1-modal]   sglang_dcp_comm_backend ......................... None
[algo1a-g3-l1-modal] 
[algo1a-g3-l1-modal]   sglang_dcp_replicate_q_proj ..................... None
[algo1a-g3-l1-modal] 
[algo1a-g3-l1-modal]   sglang_dcp_size ................................. 1
[algo1a-g3-l1-modal] 
[algo1a-g3-l1-modal]   sglang_debug_cuda_graph ......................... False
[algo1a-g3-l1-modal] 
[algo1a-g3-l1-modal]   sglang_debug_tensor_dump_input_file ............. None
[algo1a-g3-l1-modal] 
[algo1a-g3-l1-modal]   sglang_debug_tensor_dump_layers ................. None
[algo1a-g3-l1-modal] 
[algo1a-g3-l1-modal]   sglang_debug_tensor_dump_output_folder .......... None
[algo1a-g3-l1-modal] 
[algo1a-g3-l1-modal]   sglang_decode_attention_backend ................. None
[algo1a-g3-l1-modal] 
[algo1a-g3-l1-modal]   sglang_decode_log_interval ...................... 40
[algo1a-g3-l1-modal] 
[algo1a-g3-l1-modal]   sglang_decoupled_spec_bind_endpoint ............. None
[algo1a-g3-l1-modal] 
[algo1a-g3-l1-modal]   sglang_decoupled_spec_connect_endpoints ......... None
[algo1a-g3-l1-modal] 
[algo1a-g3-l1-modal]   sglang_decoupled_spec_rank ...................... None
[algo1a-g3-l1-modal] 
[algo1a-g3-l1-modal]   sglang_decoupled_spec_role ...................... null
[algo1a-g3-l1-modal] 
[algo1a-g3-l1-modal]   sglang_decrypted_config_file .................... None
[algo1a-g3-l1-modal] 
[algo1a-g3-l1-modal]   sglang_decrypted_draft_config_file .............. None
[algo1a-g3-l1-modal] 
[algo1a-g3-l1-modal]   sglang_deepep_config ............................ None
[algo1a-g3-l1-modal] 
[algo1a-g3-l1-modal]   sglang_deepep_dispatcher_output_dtype ........... auto
[algo1a-g3-l1-modal] 
[algo1a-g3-l1-modal]   sglang_deepep_mode .............................. auto
[algo1a-g3-l1-modal] 
[algo1a-g3-l1-modal]   sglang_deepep_v2_mode ........................... direct
[algo1a-g3-l1-modal] 
[algo1a-g3-l1-modal]   sglang_default_chat_template_kwargs ............. None
[algo1a-g3-l1-modal] 
[algo1a-g3-l1-modal]   sglang_default_priority_value ................... None
[algo1a-g3-l1-modal] 
[algo1a-g3-l1-modal]   sglang_delete_ckpt_after_loading ................ False
[algo1a-g3-l1-modal] 
[algo1a-g3-l1-modal]   sglang_detokenizer_worker_num ................... 1
[algo1a-g3-l1-modal] 
[algo1a-g3-l1-modal]   sglang_device ................................... None
[algo1a-g3-l1-modal] 
[algo1a-g3-l1-modal]   sglang_disable_attn_tp_gather ................... False
[algo1a-g3-l1-modal] 
[algo1a-g3-l1-modal]   sglang_disable_chunked_prefix_cache ............. False
[algo1a-g3-l1-modal] 
[algo1a-g3-l1-modal]   sglang_disable_cuda_graph ....................... False
[algo1a-g3-l1-modal] 
[algo1a-g3-l1-modal]   sglang_disable_cuda_graph_padding ............... False
[algo1a-g3-l1-modal] 
[algo1a-g3-l1-modal]   sglang_disable_custom_all_reduce ................ False
[algo1a-g3-l1-modal] 
[algo1a-g3-l1-modal]   sglang_disable_decode_cuda_graph ................ False
[algo1a-g3-l1-modal] 
[algo1a-g3-l1-modal]   sglang_disable_draft_cuda_graph ................. False
[algo1a-g3-l1-modal] 
[algo1a-g3-l1-modal]   sglang_disable_fast_image_processor ............. False
[algo1a-g3-l1-modal] 
[algo1a-g3-l1-modal]   sglang_disable_flashinfer_autotune .............. False
[algo1a-g3-l1-modal] 
[algo1a-g3-l1-modal]   sglang_disable_flashinfer_cutlass_moe_fp4_allgather  False
[algo1a-g3-l1-modal] 
[algo1a-g3-l1-modal]   sglang_disable_hybrid_swa_memory ................ False
[algo1a-g3-l1-modal] 
[algo1a-g3-l1-modal]   sglang_disable_outlines_disk_cache .............. False
[algo1a-g3-l1-modal] 
[algo1a-g3-l1-modal]   sglang_disable_overlap_schedule ................. False
[algo1a-g3-l1-modal] 
[algo1a-g3-l1-modal]   sglang_disable_prefill_cuda_graph ............... False
[algo1a-g3-l1-modal] 
[algo1a-g3-l1-modal]   sglang_disable_priority_preemption .............. False
[algo1a-g3-l1-modal] 
[algo1a-g3-l1-modal]   sglang_disable_radix_cache ...................... False
[algo1a-g3-l1-modal] 
[algo1a-g3-l1-modal]   sglang_disable_shared_experts_fusion ............ False
[algo1a-g3-l1-modal] 
[algo1a-g3-l1-modal]   sglang_disable_tokenizer_batch_decode ........... False
[algo1a-g3-l1-modal] 
[algo1a-g3-l1-modal]   sglang_disaggregation_bootstrap_port ............ 8998
[algo1a-g3-l1-modal] 
[algo1a-g3-l1-modal]   sglang_disaggregation_decode_enable_offload_kvcache  False
[algo1a-g3-l1-modal] 
[algo1a-g3-l1-modal]   sglang_disaggregation_decode_enable_radix_cache . False
[algo1a-g3-l1-modal] 
[algo1a-g3-l1-modal]   sglang_disaggregation_decode_extra_slots ........ None
[algo1a-g3-l1-modal] 
[algo1a-g3-l1-modal]   sglang_disaggregation_decode_polling_interval ... 1
[algo1a-g3-l1-modal] 
[algo1a-g3-l1-modal]   sglang_disaggregation_decode_retraction_backup .. None
[algo1a-g3-l1-modal] 
[algo1a-g3-l1-modal]   sglang_disaggregation_ib_device ................. None
[algo1a-g3-l1-modal] 
[algo1a-g3-l1-modal]   sglang_disaggregation_mode ...................... null
[algo1a-g3-l1-modal] 
[algo1a-g3-l1-modal]   sglang_disaggregation_transfer_backend .......... mooncake
[algo1a-g3-l1-modal] 
[algo1a-g3-l1-modal]   sglang_dist_timeout ............................. None
[algo1a-g3-l1-modal] 
[algo1a-g3-l1-modal]   sglang_dllm_algorithm ........................... None
[algo1a-g3-l1-modal] 
[algo1a-g3-l1-modal]   sglang_dllm_algorithm_config .................... None
[algo1a-g3-l1-modal] 
[algo1a-g3-l1-modal]   sglang_dllm_fdfo ................................ True
[algo1a-g3-l1-modal] 
[algo1a-g3-l1-modal]   sglang_download_dir ............................. None
[algo1a-g3-l1-modal] 
[algo1a-g3-l1-modal]   sglang_dp_size .................................. 1
[algo1a-g3-l1-modal] 
[algo1a-g3-l1-modal]   sglang_dsa_decode_backend ....................... None
[algo1a-g3-l1-modal] 
[algo1a-g3-l1-modal]   sglang_dsa_paged_mqa_logits_backend ............. auto
[algo1a-g3-l1-modal] 
[algo1a-g3-l1-modal]   sglang_dsa_prefill_backend ...................... None
[algo1a-g3-l1-modal] 
[algo1a-g3-l1-modal]   sglang_dsa_topk_backend ......................... sgl-kernel
[algo1a-g3-l1-modal] 
[algo1a-g3-l1-modal]   sglang_dsv4_attn_backend ........................ auto
[algo1a-g3-l1-modal] 
[algo1a-g3-l1-modal]   sglang_dsv4_prefill_backend ..................... auto
[algo1a-g3-l1-modal] 
[algo1a-g3-l1-modal]   sglang_dtype .................................... auto
[algo1a-g3-l1-modal] 
[algo1a-g3-l1-modal]   sglang_dwdp_size ................................ 1
[algo1a-g3-l1-modal] 
[algo1a-g3-l1-modal]   sglang_dynamic_batch_tokenizer_batch_size ....... 32
[algo1a-g3-l1-modal] 
[algo1a-g3-l1-modal]   sglang_dynamic_batch_tokenizer_batch_timeout .... 0.002
[algo1a-g3-l1-modal] 
[algo1a-g3-l1-modal]   sglang_elastic_ep_backend ....................... None
[algo1a-g3-l1-modal] 
[algo1a-g3-l1-modal]   sglang_elastic_ep_initial_size .................. None
[algo1a-g3-l1-modal] 
[algo1a-g3-l1-modal]   sglang_elastic_ep_rejoin ........................ False
[algo1a-g3-l1-modal] 
[algo1a-g3-l1-modal]   sglang_elastic_ep_scale_timeout ................. 600
[algo1a-g3-l1-modal] 
[algo1a-g3-l1-modal]   sglang_enable_adaptive_dispatch_to_encoder ...... False
[algo1a-g3-l1-modal] 
[algo1a-g3-l1-modal]   sglang_enable_aiter_allreduce_fusion ............ False
[algo1a-g3-l1-modal] 
[algo1a-g3-l1-modal]   sglang_enable_attn_tp_input_scattered ........... False
[algo1a-g3-l1-modal] 
[algo1a-g3-l1-modal]   sglang_enable_broadcast_mm_inputs_process ....... False
[algo1a-g3-l1-modal] 
[algo1a-g3-l1-modal]   sglang_enable_cache_report ...................... False
[algo1a-g3-l1-modal] 
[algo1a-g3-l1-modal]   sglang_enable_cp_decode_attn_tp ................. False
[algo1a-g3-l1-modal] 
[algo1a-g3-l1-modal]   sglang_enable_cudagraph_gc ...................... False
[algo1a-g3-l1-modal] 
[algo1a-g3-l1-modal]   sglang_enable_custom_logit_processor ............ False
[algo1a-g3-l1-modal] 
[algo1a-g3-l1-modal]   sglang_enable_deepseek_v4_fp4_indexer ........... False
[algo1a-g3-l1-modal] 
[algo1a-g3-l1-modal]   sglang_enable_dense_mlp_attn_tp ................. False
[algo1a-g3-l1-modal] 
[algo1a-g3-l1-modal]   sglang_enable_deterministic_inference ........... True
[algo1a-g3-l1-modal] 
[algo1a-g3-l1-modal]   sglang_enable_dp_attention ...................... False
[algo1a-g3-l1-modal] 
[algo1a-g3-l1-modal]   sglang_enable_dp_attention_local_control_broadcast  False
[algo1a-g3-l1-modal] 
[algo1a-g3-l1-modal]   sglang_enable_dp_lm_head ........................ False
[algo1a-g3-l1-modal] 
[algo1a-g3-l1-modal]   sglang_enable_draft_weights_cpu_backup .......... False
[algo1a-g3-l1-modal] 
[algo1a-g3-l1-modal]   sglang_enable_dsa_cache_layer_split ............. False
[algo1a-g3-l1-modal] 
[algo1a-g3-l1-modal]   sglang_enable_dynamic_batch_tokenizer ........... False
[algo1a-g3-l1-modal] 
[algo1a-g3-l1-modal]   sglang_enable_dynamic_chunking .................. False
[algo1a-g3-l1-modal] 
[algo1a-g3-l1-modal]   sglang_enable_elastic_expert_backup ............. False
[algo1a-g3-l1-modal] 
[algo1a-g3-l1-modal]   sglang_enable_engine_info_bootstrap ............. False
[algo1a-g3-l1-modal] 
[algo1a-g3-l1-modal]   sglang_enable_eplb .............................. False
[algo1a-g3-l1-modal] 
[algo1a-g3-l1-modal]   sglang_enable_flashinfer_allreduce_fusion ....... False
[algo1a-g3-l1-modal] 
[algo1a-g3-l1-modal]   sglang_enable_flexkv ............................ False
[algo1a-g3-l1-modal] 
[algo1a-g3-l1-modal]   sglang_enable_forward_pass_metrics .............. False
[algo1a-g3-l1-modal] 
[algo1a-g3-l1-modal]   sglang_enable_fp32_lm_head ...................... False
[algo1a-g3-l1-modal] 
[algo1a-g3-l1-modal]   sglang_enable_fused_moe_sum_all_reduce .......... False
[algo1a-g3-l1-modal] 
[algo1a-g3-l1-modal]   sglang_enable_fused_qk_norm_rope ................ False
[algo1a-g3-l1-modal] 
[algo1a-g3-l1-modal]   sglang_enable_hierarchical_cache ................ False
[algo1a-g3-l1-modal] 
[algo1a-g3-l1-modal]   sglang_enable_hisparse .......................... False
[algo1a-g3-l1-modal] 
[algo1a-g3-l1-modal]   sglang_enable_http2 ............................. False
[algo1a-g3-l1-modal] 
[algo1a-g3-l1-modal]   sglang_enable_int8_mamba_checkpoint ............. False
[algo1a-g3-l1-modal] 
[algo1a-g3-l1-modal]   sglang_enable_layernorm_sp ...................... False
[algo1a-g3-l1-modal] 
[algo1a-g3-l1-modal]   sglang_enable_layerwise_nvtx_marker ............. False
[algo1a-g3-l1-modal] 
[algo1a-g3-l1-modal]   sglang_enable_lean_attention .................... None
[algo1a-g3-l1-modal] 
[algo1a-g3-l1-modal]   sglang_enable_linear_replayssm .................. False
[algo1a-g3-l1-modal] 
[algo1a-g3-l1-modal]   sglang_enable_linear_replayssm_spec ............. False
[algo1a-g3-l1-modal] 
[algo1a-g3-l1-modal]   sglang_enable_lmcache ........................... False
[algo1a-g3-l1-modal] 
[algo1a-g3-l1-modal]   sglang_enable_lora .............................. None
[algo1a-g3-l1-modal] 
[algo1a-g3-l1-modal]   sglang_enable_lora_overlap_loading .............. None
[algo1a-g3-l1-modal] 
[algo1a-g3-l1-modal]   sglang_enable_mamba_cache_stochastic_rounding ... False
[algo1a-g3-l1-modal] 
[algo1a-g3-l1-modal]   sglang_enable_metrics ........................... False
[algo1a-g3-l1-modal] 
[algo1a-g3-l1-modal]   sglang_enable_metrics_for_all_schedulers ........ False
[algo1a-g3-l1-modal] 
[algo1a-g3-l1-modal]   sglang_enable_mfu_metrics ....................... False
[algo1a-g3-l1-modal] 
[algo1a-g3-l1-modal]   sglang_enable_mis ............................... False
[algo1a-g3-l1-modal] 
[algo1a-g3-l1-modal]   sglang_enable_mixed_chunk ....................... False
[algo1a-g3-l1-modal] 
[algo1a-g3-l1-modal]   sglang_enable_mm_global_cache ................... False
[algo1a-g3-l1-modal] 
[algo1a-g3-l1-modal]   sglang_enable_mscclpp ........................... False
[algo1a-g3-l1-modal] 
[algo1a-g3-l1-modal]   sglang_enable_multi_layer_eagle ................. False
[algo1a-g3-l1-modal] 
[algo1a-g3-l1-modal]   sglang_enable_multimodal ........................ None
[algo1a-g3-l1-modal] 
[algo1a-g3-l1-modal]   sglang_enable_nccl_nvls ......................... False
[algo1a-g3-l1-modal] 
[algo1a-g3-l1-modal]   sglang_enable_p2p_check ......................... False
[algo1a-g3-l1-modal] 
[algo1a-g3-l1-modal]   sglang_enable_page_major_kv_layout .............. False
[algo1a-g3-l1-modal] 
[algo1a-g3-l1-modal]   sglang_enable_pdmux ............................. False
[algo1a-g3-l1-modal] 
[algo1a-g3-l1-modal]   sglang_enable_precise_embedding_interpolation ... False
[algo1a-g3-l1-modal] 
[algo1a-g3-l1-modal]   sglang_enable_prefill_cp ........................ False
[algo1a-g3-l1-modal] 
[algo1a-g3-l1-modal]   sglang_enable_prefill_delayer ................... False
[algo1a-g3-l1-modal] 
[algo1a-g3-l1-modal]   sglang_enable_prefill_only_deterministic_inference  False
[algo1a-g3-l1-modal] 
[algo1a-g3-l1-modal]   sglang_enable_prefix_mm_cache ................... False
[algo1a-g3-l1-modal] 
[algo1a-g3-l1-modal]   sglang_enable_priority_scheduling ............... False
[algo1a-g3-l1-modal] 
[algo1a-g3-l1-modal]   sglang_enable_profile_cuda_graph ................ False
[algo1a-g3-l1-modal] 
[algo1a-g3-l1-modal]   sglang_enable_quant_communications .............. False
[algo1a-g3-l1-modal] 
[algo1a-g3-l1-modal]   sglang_enable_rdt_weight_sync ................... False
[algo1a-g3-l1-modal] 
[algo1a-g3-l1-modal]   sglang_enable_request_time_stats_logging ........ False
[algo1a-g3-l1-modal] 
[algo1a-g3-l1-modal]   sglang_enable_response_store .................... False
[algo1a-g3-l1-modal] 
[algo1a-g3-l1-modal]   sglang_enable_return_hidden_states .............. False
[algo1a-g3-l1-modal] 
[algo1a-g3-l1-modal]   sglang_enable_scattered_sconv ................... False
[algo1a-g3-l1-modal] 
[algo1a-g3-l1-modal]   sglang_enable_session_radix_cache ............... False
[algo1a-g3-l1-modal] 
[algo1a-g3-l1-modal]   sglang_enable_shared_experts_attn_tp ............ False
[algo1a-g3-l1-modal] 
[algo1a-g3-l1-modal]   sglang_enable_single_batch_overlap .............. False
[algo1a-g3-l1-modal] 
[algo1a-g3-l1-modal]   sglang_enable_ssl_refresh ....................... False
[algo1a-g3-l1-modal] 
[algo1a-g3-l1-modal]   sglang_enable_streaming_session ................. False
[algo1a-g3-l1-modal] 
[algo1a-g3-l1-modal]   sglang_enable_strict_thinking ................... False
[algo1a-g3-l1-modal] 
[algo1a-g3-l1-modal]   sglang_enable_symm_mem .......................... False
[algo1a-g3-l1-modal] 
[algo1a-g3-l1-modal]   sglang_enable_tf32_matmul ....................... False
[algo1a-g3-l1-modal] 
[algo1a-g3-l1-modal]   sglang_enable_tokenizer_batch_encode ............ False
[algo1a-g3-l1-modal] 
[algo1a-g3-l1-modal]   sglang_enable_torch_compile ..................... False
[algo1a-g3-l1-modal] 
[algo1a-g3-l1-modal]   sglang_enable_torch_compile_debug_mode .......... False
[algo1a-g3-l1-modal] 
[algo1a-g3-l1-modal]   sglang_enable_torch_symm_mem .................... False
[algo1a-g3-l1-modal] 
[algo1a-g3-l1-modal]   sglang_enable_tp_lm_head_all_to_all ............. None
[algo1a-g3-l1-modal] 
[algo1a-g3-l1-modal]   sglang_enable_trace ............................. False
[algo1a-g3-l1-modal] 
[algo1a-g3-l1-modal]   sglang_enable_two_batch_overlap ................. False
[algo1a-g3-l1-modal] 
[algo1a-g3-l1-modal]   sglang_enable_unified_cache_external_linker ..... False
[algo1a-g3-l1-modal] 
[algo1a-g3-l1-modal]   sglang_enable_unified_memory .................... False
[algo1a-g3-l1-modal] 
[algo1a-g3-l1-modal]   sglang_enable_w4a4_mxfp4_megamoe ................ False
[algo1a-g3-l1-modal] 
[algo1a-g3-l1-modal]   sglang_enable_waterfill ......................... False
[algo1a-g3-l1-modal] 
[algo1a-g3-l1-modal]   sglang_enable_weights_cpu_backup ................ False
[algo1a-g3-l1-modal] 
[algo1a-g3-l1-modal]   sglang_enable_weights_disk_backup ............... False
[algo1a-g3-l1-modal] 
[algo1a-g3-l1-modal]   sglang_encoder_bootstrap_port ................... 8997
[algo1a-g3-l1-modal] 
[algo1a-g3-l1-modal]   sglang_encoder_only ............................. False
[algo1a-g3-l1-modal] 
[algo1a-g3-l1-modal]   sglang_encoder_register_urls .................... []
[algo1a-g3-l1-modal] 
[algo1a-g3-l1-modal]   sglang_encoder_transfer_backend ................. auto
[algo1a-g3-l1-modal] 
[algo1a-g3-l1-modal]   sglang_encoder_urls ............................. []
[algo1a-g3-l1-modal] 
[algo1a-g3-l1-modal]   sglang_enforce_disable_flashinfer_allreduce_fusion  False
[algo1a-g3-l1-modal] 
[algo1a-g3-l1-modal]   sglang_enforce_shared_experts_fusion ............ False
[algo1a-g3-l1-modal] 
[algo1a-g3-l1-modal]   sglang_engine_info_bootstrap_port ............... 6789
[algo1a-g3-l1-modal] 
[algo1a-g3-l1-modal]   sglang_ep_dispatch_algorithm .................... None
[algo1a-g3-l1-modal] 
[algo1a-g3-l1-modal]   sglang_ep_join_mode ............................. None
[algo1a-g3-l1-modal] 
[algo1a-g3-l1-modal]   sglang_ep_join_rank_offset ...................... 0
[algo1a-g3-l1-modal] 
[algo1a-g3-l1-modal]   sglang_ep_num_redundant_experts ................. 0
[algo1a-g3-l1-modal] 
[algo1a-g3-l1-modal]   sglang_ep_size .................................. 1
[algo1a-g3-l1-modal] 
[algo1a-g3-l1-modal]   sglang_eplb_algorithm ........................... auto
[algo1a-g3-l1-modal] 
[algo1a-g3-l1-modal]   sglang_eplb_min_rebalancing_utilization_threshold  1.0
[algo1a-g3-l1-modal] 
[algo1a-g3-l1-modal]   sglang_eplb_rebalance_layers_per_chunk .......... None
[algo1a-g3-l1-modal] 
[algo1a-g3-l1-modal]   sglang_eplb_rebalance_num_iterations ............ 1000
[algo1a-g3-l1-modal] 
[algo1a-g3-l1-modal]   sglang_expert_balancedness_report_mode .......... off
[algo1a-g3-l1-modal] 
[algo1a-g3-l1-modal]   sglang_expert_distribution_recorder_buffer_size . None
[algo1a-g3-l1-modal] 
[algo1a-g3-l1-modal]   sglang_expert_distribution_recorder_mode ........ None
[algo1a-g3-l1-modal] 
[algo1a-g3-l1-modal]   sglang_experts_shared_outer_loras ............... None
[algo1a-g3-l1-modal] 
[algo1a-g3-l1-modal]   sglang_export_metrics_to_file ................... False
[algo1a-g3-l1-modal] 
[algo1a-g3-l1-modal]   sglang_export_metrics_to_file_dir ............... None
[algo1a-g3-l1-modal] 
[algo1a-g3-l1-modal]   sglang_extra_metric_labels ...................... None
[algo1a-g3-l1-modal] 
[algo1a-g3-l1-modal]   sglang_fastapi_root_path ........................
[algo1a-g3-l1-modal] 
[algo1a-g3-l1-modal]   sglang_file_storage_path ........................ sglang_storage
[algo1a-g3-l1-modal] 
[algo1a-g3-l1-modal]   sglang_flashinfer_a2a_dispatch_type ............. None
[algo1a-g3-l1-modal] 
[algo1a-g3-l1-modal]   sglang_flashinfer_allreduce_fusion_backend ...... None
[algo1a-g3-l1-modal] 
[algo1a-g3-l1-modal]   sglang_flashinfer_autotune_skip_ops ............. None
[algo1a-g3-l1-modal] 
[algo1a-g3-l1-modal]   sglang_flashinfer_mla_disable_ragged ............ False
[algo1a-g3-l1-modal] 
[algo1a-g3-l1-modal]   sglang_flashinfer_mxfp4_moe_precision ........... default
[algo1a-g3-l1-modal] 
[algo1a-g3-l1-modal]   sglang_flexkv_config_file ....................... None
[algo1a-g3-l1-modal] 
[algo1a-g3-l1-modal]   sglang_forward_hooks ............................ None
[algo1a-g3-l1-modal] 
[algo1a-g3-l1-modal]   sglang_forward_pass_metrics_ipc_name ............ None
[algo1a-g3-l1-modal] 
[algo1a-g3-l1-modal]   sglang_forward_pass_metrics_worker_id ...........
[algo1a-g3-l1-modal] 
[algo1a-g3-l1-modal]   sglang_fp4_gemm_runner_backend .................. auto
[algo1a-g3-l1-modal] 
[algo1a-g3-l1-modal]   sglang_fp8_gemm_runner_backend .................. auto
[algo1a-g3-l1-modal] 
[algo1a-g3-l1-modal]   sglang_fuseep_mode .............................. 2
[algo1a-g3-l1-modal] 
[algo1a-g3-l1-modal]   sglang_gc_threshold ............................. None
[algo1a-g3-l1-modal] 
[algo1a-g3-l1-modal]   sglang_gc_warning_threshold_secs ................ 0.0
[algo1a-g3-l1-modal] 
[algo1a-g3-l1-modal]   sglang_generation_tokens_buckets ................ None
[algo1a-g3-l1-modal] 
[algo1a-g3-l1-modal]   sglang_grammar_backend .......................... None
[algo1a-g3-l1-modal] 
[algo1a-g3-l1-modal]   sglang_grpc_mode ................................ False
[algo1a-g3-l1-modal] 
[algo1a-g3-l1-modal]   sglang_grpc_port ................................ None
[algo1a-g3-l1-modal] 
[algo1a-g3-l1-modal]   sglang_hf_chat_template_name .................... None
[algo1a-g3-l1-modal] 
[algo1a-g3-l1-modal]   sglang_hicache_host_memory_mode ................. cache
[algo1a-g3-l1-modal] 
[algo1a-g3-l1-modal]   sglang_hicache_io_backend ....................... kernel
[algo1a-g3-l1-modal] 
[algo1a-g3-l1-modal]   sglang_hicache_mem_layout ....................... page_first
[algo1a-g3-l1-modal] 
[algo1a-g3-l1-modal]   sglang_hicache_ratio ............................ None
[algo1a-g3-l1-modal] 
[algo1a-g3-l1-modal]   sglang_hicache_size ............................. 0
[algo1a-g3-l1-modal] 
[algo1a-g3-l1-modal]   sglang_hicache_storage_backend .................. None
[algo1a-g3-l1-modal] 
[algo1a-g3-l1-modal]   sglang_hicache_storage_backend_extra_config ..... None
[algo1a-g3-l1-modal] 
[algo1a-g3-l1-modal]   sglang_hicache_storage_prefetch_policy .......... timeout
[algo1a-g3-l1-modal] 
[algo1a-g3-l1-modal]   sglang_hicache_storage_prefetch_retry_max_attempts  8
[algo1a-g3-l1-modal] 
[algo1a-g3-l1-modal]   sglang_hicache_storage_prefetch_retry_poll_interval  8
[algo1a-g3-l1-modal] 
[algo1a-g3-l1-modal]   sglang_hicache_write_policy ..................... write_through
[algo1a-g3-l1-modal] 
[algo1a-g3-l1-modal]   sglang_hisparse_config .......................... None
[algo1a-g3-l1-modal] 
[algo1a-g3-l1-modal]   sglang_host ..................................... 127.0.0.1
[algo1a-g3-l1-modal] 
[algo1a-g3-l1-modal]   sglang_http2_initial_connection_window_size ..... 1048576
[algo1a-g3-l1-modal] 
[algo1a-g3-l1-modal]   sglang_http2_max_concurrent_streams ............. 200
[algo1a-g3-l1-modal] 
[algo1a-g3-l1-modal]   sglang_image_processor_backend .................. auto
[algo1a-g3-l1-modal] 
[algo1a-g3-l1-modal]   sglang_incremental_streaming_output ............. False
[algo1a-g3-l1-modal] 
[algo1a-g3-l1-modal]   sglang_init_expert_location ..................... trivial
[algo1a-g3-l1-modal] 
[algo1a-g3-l1-modal]   sglang_int8_mamba_ckpt_size ..................... None
[algo1a-g3-l1-modal] 
[algo1a-g3-l1-modal]   sglang_is_embedding ............................. False
[algo1a-g3-l1-modal] 
[algo1a-g3-l1-modal]   sglang_json_model_override_args ................. {}
[algo1a-g3-l1-modal] 
[algo1a-g3-l1-modal]   sglang_keep_mm_feature_on_device ................ False
[algo1a-g3-l1-modal] 
[algo1a-g3-l1-modal]   sglang_kt_cpuinfer .............................. None
[algo1a-g3-l1-modal] 
[algo1a-g3-l1-modal]   sglang_kt_max_deferred_experts_per_token ........ None
[algo1a-g3-l1-modal] 
[algo1a-g3-l1-modal]   sglang_kt_method ................................ AMXINT4
[algo1a-g3-l1-modal] 
[algo1a-g3-l1-modal]   sglang_kt_num_gpu_experts ....................... None
[algo1a-g3-l1-modal] 
[algo1a-g3-l1-modal]   sglang_kt_threadpool_count ...................... 2
[algo1a-g3-l1-modal] 
[algo1a-g3-l1-modal]   sglang_kt_weight_path ........................... None
[algo1a-g3-l1-modal] 
[algo1a-g3-l1-modal]   sglang_kv_cache_dtype ........................... auto
[algo1a-g3-l1-modal] 
[algo1a-g3-l1-modal]   sglang_kv_canary ................................ none
[algo1a-g3-l1-modal] 
[algo1a-g3-l1-modal]   sglang_kv_canary_real_data ...................... none
[algo1a-g3-l1-modal] 
[algo1a-g3-l1-modal]   sglang_kv_canary_sweep_interval ................. 0
[algo1a-g3-l1-modal] 
[algo1a-g3-l1-modal]   sglang_kv_events_config ......................... None
[algo1a-g3-l1-modal] 
[algo1a-g3-l1-modal]   sglang_language_model_only ...................... False
[algo1a-g3-l1-modal] 
[algo1a-g3-l1-modal]   sglang_language_only ............................ False
[algo1a-g3-l1-modal] 
[algo1a-g3-l1-modal]   sglang_limit_mm_data_per_request ................ None
[algo1a-g3-l1-modal] 
[algo1a-g3-l1-modal]   sglang_linear_attn_backend ...................... triton
[algo1a-g3-l1-modal] 
[algo1a-g3-l1-modal]   sglang_linear_attn_decode_backend ............... None
[algo1a-g3-l1-modal] 
[algo1a-g3-l1-modal]   sglang_linear_attn_prefill_backend .............. None
[algo1a-g3-l1-modal] 
[algo1a-g3-l1-modal]   sglang_linear_attn_verify_backend ............... None
[algo1a-g3-l1-modal] 
[algo1a-g3-l1-modal]   sglang_linear_replayssm_cache_len ............... 16
[algo1a-g3-l1-modal] 
[algo1a-g3-l1-modal]   sglang_lmcache_config_file ...................... None
[algo1a-g3-l1-modal] 
[algo1a-g3-l1-modal]   sglang_load_balance_method ...................... auto
[algo1a-g3-l1-modal] 
[algo1a-g3-l1-modal]   sglang_load_format .............................. auto
[algo1a-g3-l1-modal] 
[algo1a-g3-l1-modal]   sglang_load_publish_endpoint .................... None
[algo1a-g3-l1-modal] 
[algo1a-g3-l1-modal]   sglang_load_snapshot_publish_interval ........... 15
[algo1a-g3-l1-modal] 
[algo1a-g3-l1-modal]   sglang_log_level ................................ info
[algo1a-g3-l1-modal] 
[algo1a-g3-l1-modal]   sglang_log_level_http ........................... None
[algo1a-g3-l1-modal] 
[algo1a-g3-l1-modal]   sglang_log_requests ............................. False
[algo1a-g3-l1-modal] 
[algo1a-g3-l1-modal]   sglang_log_requests_format ...................... text
[algo1a-g3-l1-modal] 
[algo1a-g3-l1-modal]   sglang_log_requests_level ....................... 2
[algo1a-g3-l1-modal] 
[algo1a-g3-l1-modal]   sglang_log_requests_target ...................... None
[algo1a-g3-l1-modal] 
[algo1a-g3-l1-modal]   sglang_lora_backend ............................. csgmv
[algo1a-g3-l1-modal] 
[algo1a-g3-l1-modal]   sglang_lora_drain_wait_threshold ................ 0.0
[algo1a-g3-l1-modal] 
[algo1a-g3-l1-modal]   sglang_lora_eviction_policy ..................... lru
[algo1a-g3-l1-modal] 
[algo1a-g3-l1-modal]   sglang_lora_no_cpu_backup ....................... False
[algo1a-g3-l1-modal] 
[algo1a-g3-l1-modal]   sglang_lora_paths ............................... None
[algo1a-g3-l1-modal] 
[algo1a-g3-l1-modal]   sglang_lora_strict_loading ...................... False
[algo1a-g3-l1-modal] 
[algo1a-g3-l1-modal]   sglang_lora_target_modules ...................... None
[algo1a-g3-l1-modal] 
[algo1a-g3-l1-modal]   sglang_lora_use_virtual_experts ................. True
[algo1a-g3-l1-modal] 
[algo1a-g3-l1-modal]   sglang_mamba_backend ............................ triton
[algo1a-g3-l1-modal] 
[algo1a-g3-l0-modal] [36m(RayWorkerManager pid=2274)[0m [2026-09-29 18:02:42.660 worker_manager] reporter.py:90 - audit op=env_report_summary hostname=modal versions="{\"python\":\"3.12.3\",\"platform\":\"Linux-4.19.0-gvisor-x86_64-with-glibc2.39\",\"miles\":\"0.1.1\",\"sglang\":\"0.5.21.dev67+g9f29303\",\"sglang-router\":\"0.3.2\",\"megatron-core\":\"0.19.0+a84b10547\",\"transformers\":\"5.12.1\",\"ray\":\"2.58.0\",\"flashinfer-python\":\"0.6.18\",\"torch\":\"2.13.0+cu130\",\"torch_cuda\":\"13.0\"}" repos="{\"miles\":\"0394715083c91182b5eb0c526eeee4196ac694b9\",\"megatron-core\":\"a84b105473eca9c9c6e49dbf1c8aa460c5cf796e\",\"sglang\":\"9f29303bef1eea38eb613e5f454a52db1326422d\"}" num_packages=425 num_env_vars=109 packages_probed=true stored=false
[algo1a-g3-l0-modal] 
[algo1a-g3-l1-modal]   sglang_mamba_cache_philox_rounds ................ 0
[algo1a-g3-l1-modal] 
[algo1a-g3-l1-modal]   sglang_mamba_full_memory_ratio .................. None
[algo1a-g3-l1-modal] 
[algo1a-g3-l1-modal]   sglang_mamba_max_states_per_path ................ -1
[algo1a-g3-l1-modal] 
[algo1a-g3-l1-modal]   sglang_mamba_radix_cache_strategy ............... auto
[algo1a-g3-l1-modal] 
[algo1a-g3-l1-modal]   sglang_mamba_ssm_dtype .......................... None
[algo1a-g3-l1-modal] 
[algo1a-g3-l1-modal]   sglang_mamba_track_interval ..................... 256
[algo1a-g3-l1-modal] 
[algo1a-g3-l1-modal]   sglang_max_ep_size .............................. None
[algo1a-g3-l1-modal] 
[algo1a-g3-l1-modal]   sglang_max_loaded_loras ......................... None
[algo1a-g3-l1-modal] 
[algo1a-g3-l1-modal]   sglang_max_lora_chunk_size ...................... 16
[algo1a-g3-l1-modal] 
[algo1a-g3-l1-modal]   sglang_max_lora_rank ............................ 16
[algo1a-g3-l1-modal] 
[algo1a-g3-l1-modal]   sglang_max_loras_per_batch ...................... 8
[algo1a-g3-l1-modal] 
[algo1a-g3-l1-modal]   sglang_max_mamba_cache_size ..................... None
[algo1a-g3-l1-modal] 
[algo1a-g3-l1-modal]   sglang_max_prefill_tokens ....................... 16384
[algo1a-g3-l1-modal] 
[algo1a-g3-l1-modal]   sglang_max_queued_requests ...................... None
[algo1a-g3-l1-modal] 
[algo1a-g3-l1-modal]   sglang_max_running_requests ..................... None
[algo1a-g3-l1-modal] 
[algo1a-g3-l1-modal]   sglang_max_total_tokens ......................... None
[algo1a-g3-l1-modal] 
[algo1a-g3-l1-modal]   sglang_media_url_max_file_size_mb ............... 64
[algo1a-g3-l1-modal] 
[algo1a-g3-l1-modal]   sglang_mem_fraction_static ...................... 0.4
[algo1a-g3-l1-modal] 
[algo1a-g3-l1-modal]   sglang_min_free_slots_delay ..................... None
[algo1a-g3-l1-modal] 
[algo1a-g3-l1-modal]   sglang_mlx_enable_sampling ...................... False
[algo1a-g3-l1-modal] 
[algo1a-g3-l1-modal]   sglang_mm_attention_backend ..................... None
[algo1a-g3-l1-modal] 
[algo1a-g3-l1-modal]   sglang_mm_enable_dp_encoder ..................... False
[algo1a-g3-l1-modal] 
[algo1a-g3-l1-modal]   sglang_mm_feature_transport ..................... None
[algo1a-g3-l1-modal] 
[algo1a-g3-l1-modal]   sglang_mm_global_cache_backend .................. mooncake
[algo1a-g3-l1-modal] 
[algo1a-g3-l1-modal]   sglang_mm_io_worker_num ......................... 0
[algo1a-g3-l1-modal] 
[algo1a-g3-l1-modal]   sglang_mm_preprocess_cache_size_mb .............. None
[algo1a-g3-l1-modal] 
[algo1a-g3-l1-modal]   sglang_mm_process_config ........................ None
[algo1a-g3-l1-modal] 
[algo1a-g3-l1-modal]   sglang_mm_processor_worker_num .................. 0
[algo1a-g3-l1-modal] 
[algo1a-g3-l1-modal]   sglang_model_checksum ........................... None
[algo1a-g3-l1-modal] 
[algo1a-g3-l1-modal]   sglang_model_config_parser ...................... auto
[algo1a-g3-l1-modal] 
[algo1a-g3-l1-modal]   sglang_model_impl ............................... auto
[algo1a-g3-l1-modal] 
[algo1a-g3-l1-modal]   sglang_model_loader_extra_config ................ {}
[algo1a-g3-l1-modal] 
[algo1a-g3-l1-modal]   sglang_model_routers ............................ None
[algo1a-g3-l1-modal] 
[algo1a-g3-l1-modal]   sglang_modelexpress_config ...................... None
[algo1a-g3-l1-modal] 
[algo1a-g3-l1-modal]   sglang_modelopt_checkpoint_restore_path ......... None
[algo1a-g3-l1-modal] 
[algo1a-g3-l1-modal]   sglang_modelopt_checkpoint_save_path ............ None
[algo1a-g3-l1-modal] 
[algo1a-g3-l1-modal]   sglang_modelopt_export_path ..................... None
[algo1a-g3-l1-modal] 
[algo1a-g3-l1-modal]   sglang_modelopt_quant ........................... None
[algo1a-g3-l1-modal] 
[algo1a-g3-l1-modal]   sglang_moe_a2a_backend .......................... none
[algo1a-g3-l1-modal] 
[algo1a-g3-l1-modal]   sglang_moe_dense_tp_size ........................ None
[algo1a-g3-l1-modal] 
[algo1a-g3-l1-modal]   sglang_moe_dp_size .............................. 1
[algo1a-g3-l1-modal] 
[algo1a-g3-l1-modal]   sglang_moe_runner_backend ....................... auto
[algo1a-g3-l1-modal] 
[algo1a-g3-l1-modal]   sglang_mooncake_ib_device ....................... None
[algo1a-g3-l1-modal] 
[algo1a-g3-l1-modal]   sglang_msprobe_dump_config ...................... None
[algo1a-g3-l1-modal] 
[algo1a-g3-l1-modal]   sglang_num_continuous_decode_steps .............. 1
[algo1a-g3-l1-modal] 
[algo1a-g3-l1-modal]   sglang_num_reserved_decode_tokens ............... 512
[algo1a-g3-l1-modal] 
[algo1a-g3-l1-modal]   sglang_numa_node ................................ None
[algo1a-g3-l1-modal] 
[algo1a-g3-l1-modal]   sglang_offload_group_size ....................... -1
[algo1a-g3-l1-modal] 
[algo1a-g3-l1-modal]   sglang_offload_mode ............................. cpu
[algo1a-g3-l1-modal] 
[algo1a-g3-l1-modal]   sglang_offload_num_in_group ..................... 1
[algo1a-g3-l1-modal] 
[algo1a-g3-l1-modal]   sglang_offload_prefetch_step .................... 1
[algo1a-g3-l1-modal] 
[algo1a-g3-l1-modal]   sglang_optimistic_prefill_attempts .............. 0
[algo1a-g3-l1-modal] 
[algo1a-g3-l1-modal]   sglang_otlp_traces_endpoint ..................... localhost:4317
[algo1a-g3-l1-modal] 
[algo1a-g3-l1-modal]   sglang_page_size ................................ None
[algo1a-g3-l1-modal] 
[algo1a-g3-l1-modal]   sglang_pdmux_config_path ........................ None
[algo1a-g3-l1-modal] 
[algo1a-g3-l1-modal]   sglang_ple_offload_backend ...................... pinned
[algo1a-g3-l1-modal] 
[algo1a-g3-l1-modal]   sglang_ple_offload_dir .......................... None
[algo1a-g3-l1-modal] 
[algo1a-g3-l1-modal]   sglang_ple_offload_embedding .................... None
[algo1a-g3-l1-modal] 
[algo1a-g3-l1-modal]   sglang_pp_async_batch_depth ..................... 0
[algo1a-g3-l1-modal] 
[algo1a-g3-l1-modal]   sglang_pp_max_micro_batch_size .................. None
[algo1a-g3-l1-modal] 
[algo1a-g3-l1-modal]   sglang_pp_size .................................. 1
[algo1a-g3-l1-modal] 
[algo1a-g3-l1-modal]   sglang_pre_warm_nccl ............................ False
[algo1a-g3-l1-modal] 
[algo1a-g3-l1-modal]   sglang_preferred_sampling_params ................ None
[algo1a-g3-l1-modal] 
[algo1a-g3-l1-modal]   sglang_prefill_attention_backend ................ None
[algo1a-g3-l1-modal] 
[algo1a-g3-l1-modal]   sglang_prefill_decode_interval .................. None
[algo1a-g3-l1-modal] 
[algo1a-g3-l1-modal]   sglang_prefill_delayer_forward_passes_buckets ... None
[algo1a-g3-l1-modal] 
[algo1a-g3-l1-modal]   sglang_prefill_delayer_max_delay_ms ............. None
[algo1a-g3-l1-modal] 
[algo1a-g3-l1-modal]   sglang_prefill_delayer_max_delay_passes ......... 30
[algo1a-g3-l1-modal] 
[algo1a-g3-l1-modal]   sglang_prefill_delayer_queue_min_ratio .......... None
[algo1a-g3-l1-modal] 
[algo1a-g3-l1-modal]   sglang_prefill_delayer_token_usage_low_watermark  None
[algo1a-g3-l1-modal] 
[algo1a-g3-l1-modal]   sglang_prefill_delayer_wait_seconds_buckets ..... None
[algo1a-g3-l1-modal] 
[algo1a-g3-l1-modal]   sglang_prefill_max_requests ..................... None
[algo1a-g3-l1-modal] 
[algo1a-g3-l1-modal]   sglang_prefill_only_disable_kv_cache ............ False
[algo1a-g3-l1-modal] 
[algo1a-g3-l1-modal]   sglang_priority_scheduling_preemption_threshold . 10
[algo1a-g3-l1-modal] 
[algo1a-g3-l1-modal]   sglang_prompt_tokens_buckets .................... None
[algo1a-g3-l1-modal] 
[algo1a-g3-l1-modal]   sglang_quantization ............................. None
[algo1a-g3-l1-modal] 
[algo1a-g3-l1-modal]   sglang_quantization_param_path .................. None
[algo1a-g3-l1-modal] 
[algo1a-g3-l1-modal]   sglang_quantize_and_serve ....................... False
[algo1a-g3-l1-modal] 
[algo1a-g3-l1-modal]   sglang_radix_cache_backend ...................... None
[algo1a-g3-l1-modal] 
[algo1a-g3-l1-modal]   sglang_radix_eviction_policy .................... lru
[algo1a-g3-l1-modal] 
[algo1a-g3-l1-modal]   sglang_radix_eviction_policy_config ............. None
[algo1a-g3-l1-modal] 
[algo1a-g3-l1-modal]   sglang_reasoning_parser ......................... None
[algo1a-g3-l1-modal] 
[algo1a-g3-l1-modal]   sglang_remote_instance_weight_loader_backend .... nccl
[algo1a-g3-l1-modal] 
[algo1a-g3-l1-modal]   sglang_remote_instance_weight_loader_seed_instance_ip  None
[algo1a-g3-l1-modal] 
[algo1a-g3-l1-modal]   sglang_remote_instance_weight_loader_seed_instance_service_port  None
[algo1a-g3-l1-modal] 
[algo1a-g3-l1-modal]   sglang_remote_instance_weight_loader_send_weights_group_ports  None
[algo1a-g3-l1-modal] 
[algo1a-g3-l1-modal]   sglang_remote_instance_weight_loader_start_seed_via_transfer_engine  False
[algo1a-g3-l1-modal] 
[algo1a-g3-l1-modal]   sglang_retraction_policy ........................ length
[algo1a-g3-l1-modal] 
[algo1a-g3-l1-modal]   sglang_return_hidden_states_mode ................ None
[algo1a-g3-l1-modal] 
[algo1a-g3-l1-modal]   sglang_return_input_ids ......................... False
[algo1a-g3-l1-modal] 
[algo1a-g3-l1-modal]   sglang_return_output_ids ........................ False
[algo1a-g3-l1-modal] 
[algo1a-g3-l1-modal]   sglang_revision ................................. None
[algo1a-g3-l1-modal] 
[algo1a-g3-l1-modal]   sglang_rl_on_policy_target ...................... None
[algo1a-g3-l1-modal] 
[algo1a-g3-l1-modal]   sglang_rl_quant_profile ......................... None
[algo1a-g3-l1-modal] 
[algo1a-g3-l1-modal]   sglang_router_ip ................................ None
[algo1a-g3-l1-modal] 
[algo1a-g3-l1-modal]   sglang_router_policy ............................ None
[algo1a-g3-l1-modal] 
[algo1a-g3-l1-modal]   sglang_router_port .............................. None
[algo1a-g3-l1-modal] 
[algo1a-g3-l1-modal]   sglang_router_request_timeout_secs .............. 14400
[algo1a-g3-l1-modal] 
[algo1a-g3-l1-modal]   sglang_sampling_backend ......................... None
[algo1a-g3-l1-modal] 
[algo1a-g3-l1-modal]   sglang_sampling_defaults ........................ model
[algo1a-g3-l1-modal] 
[algo1a-g3-l1-modal]   sglang_sampling_mask_max_tokens ................. 4096
[algo1a-g3-l1-modal] 
[algo1a-g3-l1-modal]   sglang_schedule_conservativeness ................ 1.0
[algo1a-g3-l1-modal] 
[algo1a-g3-l1-modal]   sglang_schedule_low_priority_values_first ....... False
[algo1a-g3-l1-modal] 
[algo1a-g3-l1-modal]   sglang_schedule_policy .......................... fcfs
[algo1a-g3-l1-modal] 
[algo1a-g3-l1-modal]   sglang_scheduler_recv_interval .................. 1
[algo1a-g3-l1-modal] 
[algo1a-g3-l1-modal]   sglang_served_model_name ........................ None
[algo1a-g3-l1-modal] 
[algo1a-g3-l1-modal]   sglang_server_concurrency ....................... 512
[algo1a-g3-l1-modal] 
[algo1a-g3-l1-modal]   sglang_show_time_cost ........................... False
[algo1a-g3-l1-modal] 
[algo1a-g3-l1-modal]   sglang_sidecar .................................. None
[algo1a-g3-l1-modal] 
[algo1a-g3-l1-modal]   sglang_sidecar_args ............................. None
[algo1a-g3-l1-modal] 
[algo1a-g3-l1-modal]   sglang_skip_tokenizer_init ...................... False
[algo1a-g3-l1-modal] 
[algo1a-g3-l1-modal]   sglang_sleep_on_idle ............................ False
[algo1a-g3-l1-modal] 
[algo1a-g3-l1-modal]   sglang_sm_group_num ............................. 8
[algo1a-g3-l1-modal] 
[algo1a-g3-l1-modal]   sglang_smg_grpc_mode ............................ False
[algo1a-g3-l1-modal] 
[algo1a-g3-l1-modal]   sglang_smg_http_sidecar_port .................... None
[algo1a-g3-l1-modal] 
[algo1a-g3-l1-modal]   sglang_soft_watchdog_timeout .................... None
[algo1a-g3-l1-modal] 
[algo1a-g3-l1-modal]   sglang_spec_trace_dir ........................... None
[algo1a-g3-l1-modal] 
[algo1a-g3-l1-modal]   sglang_speculative_accept_threshold_acc ......... 1.0
[algo1a-g3-l1-modal] 
[algo1a-g3-l1-modal]   sglang_speculative_accept_threshold_single ...... 1.0
[algo1a-g3-l1-modal] 
[algo1a-g3-l1-modal]   sglang_speculative_adaptive ..................... False
[algo1a-g3-l1-modal] 
[algo1a-g3-l1-modal]   sglang_speculative_adaptive_config .............. None
[algo1a-g3-l1-modal] 
[algo1a-g3-l1-modal]   sglang_speculative_algorithm .................... None
[algo1a-g3-l1-modal] 
[algo1a-g3-l1-modal]   sglang_speculative_attention_mode ............... prefill
[algo1a-g3-l1-modal] 
[algo1a-g3-l1-modal]   sglang_speculative_dflash_block_size ............ None
[algo1a-g3-l1-modal] 
[algo1a-g3-l1-modal]   sglang_speculative_domino_candidate_pool_size ... 2048
[algo1a-g3-l1-modal] 
[algo1a-g3-l1-modal]   sglang_speculative_draft_attention_backend ...... None
[algo1a-g3-l1-modal] 
[algo1a-g3-l1-modal]   sglang_speculative_draft_kv_cache_dtype ......... None
[algo1a-g3-l1-modal] 
[algo1a-g3-l1-modal]   sglang_speculative_draft_load_format ............ None
[algo1a-g3-l1-modal] 
[algo1a-g3-l1-modal]   sglang_speculative_draft_model_path ............. None
[algo1a-g3-l1-modal] 
[algo1a-g3-l1-modal]   sglang_speculative_draft_model_quantization ..... None
[algo1a-g3-l1-modal] 
[algo1a-g3-l1-modal]   sglang_speculative_draft_model_revision ......... None
[algo1a-g3-l1-modal] 
[algo1a-g3-l1-modal]   sglang_speculative_draft_window_size ............ None
[algo1a-g3-l1-modal] 
[algo1a-g3-l1-modal]   sglang_speculative_dsa_topk_backend ............. sgl-kernel
[algo1a-g3-l1-modal] 
[algo1a-g3-l1-modal]   sglang_speculative_dspark_align_verify_tokens_to_graph_tier  False
[algo1a-g3-l1-modal] 
[algo1a-g3-l1-modal]   sglang_speculative_dspark_block_size ............ None
[algo1a-g3-l1-modal] 
[algo1a-g3-l1-modal]   sglang_speculative_dspark_confidence_sts_path ... None
[algo1a-g3-l1-modal] 
[algo1a-g3-l1-modal]   sglang_speculative_dspark_sps_table_path ........ None
[algo1a-g3-l1-modal] 
[algo1a-g3-l1-modal]   sglang_speculative_eagle_topk ................... None
[algo1a-g3-l1-modal] 
[algo1a-g3-l1-modal]   sglang_speculative_moe_a2a_backend .............. None
[algo1a-g3-l1-modal] 
[algo1a-g3-l1-modal]   sglang_speculative_moe_runner_backend ........... None
[algo1a-g3-l1-modal] 
[algo1a-g3-l1-modal]   sglang_speculative_ngram_capacity ............... 10000000
[algo1a-g3-l1-modal] 
[algo1a-g3-l1-modal]   sglang_speculative_ngram_external_corpus_max_tokens  10000000
[algo1a-g3-l1-modal] 
[algo1a-g3-l1-modal]   sglang_speculative_ngram_external_corpus_path ... None
[algo1a-g3-l1-modal] 
[algo1a-g3-l1-modal]   sglang_speculative_ngram_external_sam_budget .... 0
[algo1a-g3-l1-modal] 
[algo1a-g3-l1-modal]   sglang_speculative_ngram_match_type ............. BFS
[algo1a-g3-l1-modal] 
[algo1a-g3-l1-modal]   sglang_speculative_ngram_max_bfs_breadth ........ 10
[algo1a-g3-l1-modal] 
[algo1a-g3-l1-modal]   sglang_speculative_ngram_max_trie_depth ......... 18
[algo1a-g3-l1-modal] 
[algo1a-g3-l1-modal]   sglang_speculative_ngram_min_bfs_breadth ........ 1
[algo1a-g3-l1-modal] 
[algo1a-g3-l1-modal]   sglang_speculative_num_draft_tokens ............. None
[algo1a-g3-l1-modal] 
[algo1a-g3-l1-modal]   sglang_speculative_num_steps .................... None
[algo1a-g3-l1-modal] 
[algo1a-g3-l1-modal]   sglang_speculative_skip_dp_mlp_sync ............. False
[algo1a-g3-l1-modal] 
[algo1a-g3-l1-modal]   sglang_speculative_token_map .................... None
[algo1a-g3-l1-modal] 
[algo1a-g3-l1-modal]   sglang_speculative_use_rejection_sampling ....... False
[algo1a-g3-l1-modal] 
[algo1a-g3-l1-modal]   sglang_ssl_ca_certs ............................. None
[algo1a-g3-l1-modal] 
[algo1a-g3-l1-modal]   sglang_ssl_certfile ............................. None
[algo1a-g3-l1-modal] 
[algo1a-g3-l1-modal]   sglang_ssl_keyfile .............................. None
[algo1a-g3-l1-modal] 
[algo1a-g3-l1-modal]   sglang_ssl_keyfile_password ..................... None
[algo1a-g3-l1-modal] 
[algo1a-g3-l1-modal]   sglang_startup_weight_load_mode ................. serial
[algo1a-g3-l1-modal] 
[algo1a-g3-l1-modal]   sglang_stream_interval .......................... 1
[algo1a-g3-l1-modal] 
[algo1a-g3-l1-modal]   sglang_stream_response_default_include_usage .... False
[algo1a-g3-l1-modal] 
[algo1a-g3-l1-modal]   sglang_strip_thinking_cache ..................... False
[algo1a-g3-l1-modal] 
[algo1a-g3-l1-modal]   sglang_swa_full_tokens_ratio .................... None
[algo1a-g3-l1-modal] 
[algo1a-g3-l1-modal]   sglang_tbo_token_distribution_threshold ......... 0.48
[algo1a-g3-l1-modal] 
[algo1a-g3-l1-modal]   sglang_tokenizer_backend ........................ huggingface
[algo1a-g3-l1-modal] 
[algo1a-g3-l1-modal]   sglang_tokenizer_metrics_allowed_custom_labels .. None
[algo1a-g3-l1-modal] 
[algo1a-g3-l1-modal]   sglang_tokenizer_metrics_custom_labels_header ... x-custom-labels
[algo1a-g3-l1-modal] 
[algo1a-g3-l1-modal]   sglang_tokenizer_mode ........................... auto
[algo1a-g3-l1-modal] 
[algo1a-g3-l1-modal]   sglang_tokenizer_path ........................... None
[algo1a-g3-l1-modal] 
[algo1a-g3-l1-modal]   sglang_tokenizer_worker_num ..................... 1
[algo1a-g3-l1-modal] 
[algo1a-g3-l1-modal]   sglang_tool_call_parser ......................... None
[algo1a-g3-l1-modal] 
[algo1a-g3-l1-modal]   sglang_tool_server .............................. None
[algo1a-g3-l1-modal] 
[algo1a-g3-l1-modal]   sglang_torch_compile_max_bs ..................... 32
[algo1a-g3-l1-modal] 
[algo1a-g3-l1-modal]   sglang_tp_size .................................. 1
[algo1a-g3-l1-modal] 
[algo1a-g3-l1-modal]   sglang_trace_modules ............................ request
[algo1a-g3-l1-modal] 
[algo1a-g3-l1-modal]   sglang_triton_attention_num_kv_splits ........... 8
[algo1a-g3-l1-modal] 
[algo1a-g3-l1-modal]   sglang_triton_attention_reduce_in_fp32 .......... False
[algo1a-g3-l1-modal] 
[algo1a-g3-l1-modal]   sglang_triton_attention_split_tile_size ......... None
[algo1a-g3-l1-modal] 
[algo1a-g3-l1-modal]   sglang_true_on_policy_contract .................. None
[algo1a-g3-l1-modal] 
[algo1a-g3-l1-modal]   sglang_trust_mm_content_hashes .................. False
[algo1a-g3-l1-modal] 
[algo1a-g3-l1-modal]   sglang_unified_cache_external_linker_backend .... mooncake
[algo1a-g3-l1-modal] 
[algo1a-g3-l1-modal]   sglang_uno_lora_path ............................ None
[algo1a-g3-l1-modal] 
[algo1a-g3-l1-modal]   sglang_use_ray .................................. False
[algo1a-g3-l1-modal] 
[algo1a-g3-l1-modal]   sglang_uvicorn_access_log_exclude_prefixes ...... []
[algo1a-g3-l1-modal] 
[algo1a-g3-l1-modal]   sglang_warmups .................................. None
[algo1a-g3-l1-modal] 
[algo1a-g3-l1-modal]   sglang_watchdog_timeout ......................... 300
[algo1a-g3-l1-modal] 
[algo1a-g3-l1-modal]   sglang_weight_cache_mode ........................ off
[algo1a-g3-l1-modal] 
[algo1a-g3-l1-modal]   sglang_weight_cache_socket ...................... None
[algo1a-g3-l1-modal] 
[algo1a-g3-l1-modal]   sglang_weight_cache_timeout ..................... 1800
[algo1a-g3-l1-modal] 
[algo1a-g3-l1-modal]   sglang_weight_loader_disable_mmap ............... False
[algo1a-g3-l1-modal] 
[algo1a-g3-l1-modal]   sglang_weight_loader_drop_cache_after_load ...... False
[algo1a-g3-l1-modal] 
[algo1a-g3-l1-modal]   sglang_weight_loader_prefetch_checkpoints ....... False
[algo1a-g3-l1-modal] 
[algo1a-g3-l1-modal]   sglang_weight_loader_prefetch_num_threads ....... 4
[algo1a-g3-l1-modal] 
[algo1a-g3-l1-modal]   sglang_weight_version ........................... default
[algo1a-g3-l1-modal] 
[algo1a-g3-l1-modal]   sharp_enabled_group ............................. None
[algo1a-g3-l1-modal] 
[algo1a-g3-l1-modal]   short_seq_prob .................................. 0.1
[algo1a-g3-l1-modal] 
[algo1a-g3-l1-modal]   skip_actor_forward_only ......................... False
[algo1a-g3-l1-modal] 
[algo1a-g3-l1-modal]   skip_eval_before_train .......................... False
[algo1a-g3-l1-modal] 
[algo1a-g3-l1-modal]   skip_train ...................................... False
[algo1a-g3-l1-modal] 
[algo1a-g3-l1-modal]   skipped_train_samples ........................... 0
[algo1a-g3-l1-modal] 
[algo1a-g3-l1-modal]   softmax_type .................................... vanilla
[algo1a-g3-l1-modal] 
[algo1a-g3-l1-modal]   spec ............................................ None
[algo1a-g3-l1-modal] 
[algo1a-g3-l1-modal]   special_tokens .................................. None
[algo1a-g3-l1-modal] 
[algo1a-g3-l1-modal]   split ........................................... None
[algo1a-g3-l1-modal] 
[algo1a-g3-l1-modal]   squared_relu .................................... False
[algo1a-g3-l1-modal] 
[algo1a-g3-l1-modal]   start_eval_at_iter .............................. None
[algo1a-g3-l1-modal] 
[algo1a-g3-l1-modal]   start_rollout_id ................................ 0
[algo1a-g3-l1-modal] 
[algo1a-g3-l1-modal]   start_weight_decay .............................. 0.01
[algo1a-g3-l1-modal] 
[algo1a-g3-l1-modal]   starts_inference_engines ........................ True
[algo1a-g3-l1-modal] 
[algo1a-g3-l1-modal]   step_batch_size_schedule ........................ None
[algo1a-g3-l1-modal] 
[algo1a-g3-l1-modal]   straggler_ctrlr_port ............................ 65535
[algo1a-g3-l1-modal] 
[algo1a-g3-l1-modal]   straggler_minmax_count .......................... 1
[algo1a-g3-l1-modal] 
[algo1a-g3-l1-modal]   stream_optimizer_state_moment_dtype ............. fp32
[algo1a-g3-l1-modal] 
[algo1a-g3-l1-modal]   stream_optimizer_state_to_disk .................. False
[algo1a-g3-l1-modal] 
[algo1a-g3-l1-modal]   strict_fsdp_dtensor_load ........................ True
[algo1a-g3-l1-modal] 
[algo1a-g3-l1-modal]   suggested_communication_unit_size ............... None
[algo1a-g3-l1-modal] 
[algo1a-g3-l1-modal]   swiglu .......................................... True
[algo1a-g3-l1-modal] 
[algo1a-g3-l1-modal]   swin_backbone_type .............................. tiny
[algo1a-g3-l1-modal] 
[algo1a-g3-l1-modal]   symmetric_ar_type ............................... None
[algo1a-g3-l1-modal] 
[algo1a-g3-l1-modal]   target_modules .................................. down_proj,gate_proj,k_proj,o_proj,q_proj,up_proj,v_proj
[algo1a-g3-l1-modal] 
[algo1a-g3-l1-modal]   tb_experiment_name .............................. None
[algo1a-g3-l1-modal] 
[algo1a-g3-l1-modal]   tb_project_name ................................. None
[algo1a-g3-l1-modal] 
[algo1a-g3-l1-modal]   te_precision_config_file ........................ None
[algo1a-g3-l1-modal] 
[algo1a-g3-l1-modal]   te_rng_tracker .................................. False
[algo1a-g3-l1-modal] 
[algo1a-g3-l1-modal]   tensor_model_parallel_size ...................... 1
[algo1a-g3-l1-modal] 
[algo1a-g3-l1-modal]   tensorboard_dir ................................. None
[algo1a-g3-l1-modal] 
[algo1a-g3-l1-modal]   tensorboard_log_interval ........................ 1
[algo1a-g3-l1-modal] 
[algo1a-g3-l1-modal]   tensorboard_queue_size .......................... 1000
[algo1a-g3-l1-modal] 
[algo1a-g3-l1-modal]   test_data_path .................................. None
[algo1a-g3-l1-modal] 
[algo1a-g3-l1-modal]   test_mode ....................................... False
[algo1a-g3-l1-modal] 
[algo1a-g3-l1-modal]   thd_max_packed_sequences ........................ None
[algo1a-g3-l1-modal] 
[algo1a-g3-l1-modal]   thd_tail_padding_policy ......................... None
[algo1a-g3-l1-modal] 
[algo1a-g3-l1-modal]   tiktoken_num_special_tokens ..................... 1000
[algo1a-g3-l1-modal] 
[algo1a-g3-l1-modal]   tiktoken_pattern ................................ None
[algo1a-g3-l1-modal] 
[algo1a-g3-l1-modal]   timing_log_level ................................ 0
[algo1a-g3-l1-modal] 
[algo1a-g3-l1-modal]   timing_log_option ............................... minmax
[algo1a-g3-l1-modal] 
[algo1a-g3-l1-modal]   tis_clip ........................................ 2.0
[algo1a-g3-l1-modal] 
[algo1a-g3-l1-modal]   tis_clip_low .................................... 0.0
[algo1a-g3-l1-modal] 
[algo1a-g3-l1-modal]   titles_data_path ................................ None
[algo1a-g3-l1-modal] 
[algo1a-g3-l1-modal]   tito_model ...................................... default
[algo1a-g3-l1-modal] 
[algo1a-g3-l1-modal]   tokenizer_hf_no_include_special_tokens .......... False
[algo1a-g3-l1-modal] 
[algo1a-g3-l1-modal]   tokenizer_hf_no_use_fast ........................ False
[algo1a-g3-l1-modal] 
[algo1a-g3-l1-modal]   tokenizer_model ................................. /root/.cache/huggingface/hub/models--Qwen--Qwen3-0.6B/snapshots/c1899de289a04d12100db370d81485cdf75e47ca
[algo1a-g3-l1-modal] 
  tokenizer_sentencepiece_ignore_extra_whitespaces  True
[algo1a-g3-l1-modal]   tokenizer_sentencepiece_legacy .................. False
[algo1a-g3-l1-modal]   tokenizer_type .................................. HuggingFaceTokenizer
[algo1a-g3-l1-modal] 
[algo1a-g3-l1-modal]   tool_key ........................................ tools
[algo1a-g3-l1-modal] 
[algo1a-g3-l1-modal]   torch_fsdp2_reshard_after_forward ............... True
[algo1a-g3-l1-modal] 
[algo1a-g3-l1-modal]   tp_comm_bootstrap_backend ....................... nccl
  tp_comm_bulk_dgrad .............................. True
[algo1a-g3-l1-modal] 
[algo1a-g3-l1-modal]   tp_comm_bulk_wgrad .............................. True
[algo1a-g3-l1-modal] 
[algo1a-g3-l1-modal]   tp_comm_overlap ................................. False
[algo1a-g3-l1-modal] 
[algo1a-g3-l1-modal]   tp_comm_overlap_ag .............................. True
[algo1a-g3-l1-modal] 
[algo1a-g3-l1-modal]   tp_comm_overlap_cfg ............................. None
[algo1a-g3-l1-modal] 
[algo1a-g3-l1-modal]   tp_comm_overlap_rs .............................. True
[algo1a-g3-l1-modal] 
[algo1a-g3-l1-modal]   tp_comm_overlap_rs_dgrad ........................ False
[algo1a-g3-l1-modal] 
[algo1a-g3-l1-modal]   tp_comm_split_ag ................................ True
[algo1a-g3-l1-modal] 
[algo1a-g3-l1-modal]   tp_comm_split_rs ................................ True
[algo1a-g3-l1-modal] 
[algo1a-g3-l1-modal]   train_backend ................................... megatron
[algo1a-g3-l1-modal] 
[algo1a-g3-l1-modal]   train_data_path ................................. None
[algo1a-g3-l1-modal] 
[algo1a-g3-l1-modal]   train_env_vars .................................. {}
[algo1a-g3-l1-modal] 
[algo1a-g3-l1-modal]   train_iters ..................................... None
[algo1a-g3-l1-modal] 
[algo1a-g3-l1-modal]   train_memory_margin_bytes ....................... 1073741824
[algo1a-g3-l1-modal] 
[algo1a-g3-l1-modal]   train_samples ................................... None
[algo1a-g3-l1-modal] 
[algo1a-g3-l1-modal]   train_sync_interval ............................. None
[algo1a-g3-l1-modal] 
[algo1a-g3-l1-modal]   trainer_controller_addrs ........................ None
[algo1a-g3-l1-modal] 
[algo1a-g3-l1-modal]   trainer_heartbeat_checker_failure_threshold ..... 3
[algo1a-g3-l1-modal] 
[algo1a-g3-l1-modal]   trainer_heartbeat_checker_first_wait ............ 300.0
[algo1a-g3-l1-modal] 
[algo1a-g3-l1-modal]   trainer_heartbeat_checker_interval .............. 10.0
[algo1a-g3-l1-modal] 
[algo1a-g3-l1-modal]   trainer_heartbeat_checker_timeout ............... 10.0
[algo1a-g3-l1-modal] 
[algo1a-g3-l1-modal]   trainer_id ...................................... actor
[algo1a-g3-l1-modal] 
[algo1a-g3-l1-modal]   trainer_model_id ................................ None
[algo1a-g3-l1-modal] 
[algo1a-g3-l1-modal]   transformer_impl ................................ transformer_engine
[algo1a-g3-l1-modal] 
[algo1a-g3-l1-modal]   transformer_pipeline_model_parallel_size ........ 1
[algo1a-g3-l1-modal] 
[algo1a-g3-l1-modal]   true_on_policy_mode ............................. False
[algo1a-g3-l1-modal] 
[algo1a-g3-l1-modal]   trust_remote_code ............................... True
[algo1a-g3-l1-modal] 
[algo1a-g3-l1-modal]   untie_embeddings_and_output_weights ............. False
[algo1a-g3-l1-modal] 
[algo1a-g3-l1-modal]   update_weight_buffer_size ....................... 536870912
[algo1a-g3-l1-modal] 
[algo1a-g3-l1-modal]   update_weight_delta_checksum .................... xxh3-128
[algo1a-g3-l1-modal] 
[algo1a-g3-l1-modal]   update_weight_delta_encoding .................... xor
[algo1a-g3-l1-modal] 
[algo1a-g3-l1-modal]   update_weight_disk_dir .......................... None
[algo1a-g3-l1-modal] 
[algo1a-g3-l1-modal]   update_weight_local_checkpoint_dir .............. None
[algo1a-g3-l1-modal] 
[algo1a-g3-l1-modal]   update_weight_transfer_mode ..................... broadcast
[algo1a-g3-l1-modal] 
[algo1a-g3-l1-modal]   update_weights_interval ......................... 1
[algo1a-g3-l1-modal] 
[algo1a-g3-l1-modal]   use_checkpoint_args ............................. False
[algo1a-g3-l1-modal] 
[algo1a-g3-l1-modal]   use_checkpoint_opt_param_scheduler .............. False
[algo1a-g3-l1-modal] 
[algo1a-g3-l1-modal]   use_cpu_initialization .......................... None
[algo1a-g3-l1-modal] 
[algo1a-g3-l1-modal]   use_critic ...................................... False
[algo1a-g3-l1-modal] 
[algo1a-g3-l1-modal]   use_dist_ckpt ................................... True
[algo1a-g3-l1-modal] 
[algo1a-g3-l1-modal]   use_dist_ckpt_deprecated ........................ False
[algo1a-g3-l1-modal] 
[algo1a-g3-l1-modal]   use_distributed_optimizer ....................... True
[algo1a-g3-l1-modal] 
[algo1a-g3-l1-modal]   use_distributed_post ............................ False
[algo1a-g3-l1-modal] 
[algo1a-g3-l1-modal]   use_dynamic_batch_size .......................... False
[algo1a-g3-l1-modal] 
[algo1a-g3-l1-modal]   use_dynamic_global_batch_size ................... False
[algo1a-g3-l1-modal] 
[algo1a-g3-l1-modal]   use_fault_tolerance ............................. False
[algo1a-g3-l1-modal] 
[algo1a-g3-l1-modal]   use_flash_attn .................................. False
[algo1a-g3-l1-modal] 
[algo1a-g3-l1-modal]   use_fused_mhc ................................... False
[algo1a-g3-l1-modal] 
[algo1a-g3-l1-modal]   use_fused_weighted_squared_relu ................. False
[algo1a-g3-l1-modal] 
[algo1a-g3-l1-modal]   use_gloo_process_groups ......................... True
[algo1a-g3-l1-modal] 
[algo1a-g3-l1-modal]   use_grouped_gemm_for_dense_mlp .................. False
[algo1a-g3-l1-modal] 
[algo1a-g3-l1-modal]   use_grouped_gemm_for_shared_expert .............. False
[algo1a-g3-l1-modal] 
[algo1a-g3-l1-modal]   use_indexer_replay .............................. False
[algo1a-g3-l1-modal] 
[algo1a-g3-l1-modal]   use_kitchen_attention ........................... False
[algo1a-g3-l1-modal] 
[algo1a-g3-l1-modal]   use_kl_loss ..................................... False
[algo1a-g3-l1-modal] 
[algo1a-g3-l1-modal]   use_layer_wise_distributed_optimizer ............ False
[algo1a-g3-l1-modal] 
[algo1a-g3-l1-modal]   use_layer_wise_param_layout ..................... False
[algo1a-g3-l1-modal] 
[algo1a-g3-l1-modal]   use_legacy_static_engine ........................ False
[algo1a-g3-l1-modal] 
[algo1a-g3-l1-modal]   use_mamba_mem_eff_path .......................... True
[algo1a-g3-l1-modal] 
[algo1a-g3-l1-modal]   use_megatron_fsdp ............................... False
[algo1a-g3-l1-modal] 
[algo1a-g3-l1-modal]   use_miles_dashboard ............................. False
[algo1a-g3-l1-modal] 
[algo1a-g3-l1-modal]   use_miles_router ................................ False
[algo1a-g3-l1-modal] 
[algo1a-g3-l1-modal]   use_mlflow ...................................... False
[algo1a-g3-l1-modal] 
[algo1a-g3-l1-modal]   use_mp_args_from_checkpoint_args ................ False
[algo1a-g3-l1-modal] 
[algo1a-g3-l1-modal]   use_mup ......................................... False
[algo1a-g3-l1-modal] 
[algo1a-g3-l1-modal]   use_one_sent_docs ............................... False
[algo1a-g3-l1-modal] 
[algo1a-g3-l1-modal]   use_opd ......................................... False
[algo1a-g3-l1-modal] 
[algo1a-g3-l1-modal]   use_opsm ........................................ False
[algo1a-g3-l1-modal] 
[algo1a-g3-l1-modal]   use_persistent_ckpt_worker ...................... False
[algo1a-g3-l1-modal] 
[algo1a-g3-l1-modal]   use_precision_aware_optimizer ................... False
[algo1a-g3-l1-modal] 
[algo1a-g3-l1-modal]   use_prometheus .................................. False
[algo1a-g3-l1-modal] 
[algo1a-g3-l1-modal]   use_pytorch_profiler ............................ False
[algo1a-g3-l1-modal] 
[algo1a-g3-l1-modal]   use_ring_exchange_p2p ........................... False
[algo1a-g3-l1-modal] 
[algo1a-g3-l1-modal]   use_rollout_entropy ............................. False
[algo1a-g3-l1-modal] 
[algo1a-g3-l1-modal]   use_rollout_indexer_replay ...................... False
[algo1a-g3-l1-modal] 
[algo1a-g3-l1-modal]   use_rollout_logprobs ............................ False
[algo1a-g3-l1-modal] 
[algo1a-g3-l1-modal]   use_rollout_routing_replay ...................... False
[algo1a-g3-l1-modal] 
[algo1a-g3-l1-modal]   use_rope_scaling ................................ False
[algo1a-g3-l1-modal] 
[algo1a-g3-l1-modal]   use_rotary_position_embeddings .................. False
[algo1a-g3-l1-modal] 
[algo1a-g3-l1-modal]   use_routing_replay .............................. False
[algo1a-g3-l1-modal] 
[algo1a-g3-l1-modal]   use_sampling_support_replay ..................... False
[algo1a-g3-l1-modal] 
[algo1a-g3-l1-modal]   use_session_server .............................. False
[algo1a-g3-l1-modal] 
[algo1a-g3-l1-modal]   use_sharp ....................................... False
[algo1a-g3-l1-modal] 
[algo1a-g3-l1-modal]   use_te_activation_func .......................... False
[algo1a-g3-l1-modal] 
[algo1a-g3-l1-modal]   use_tensorboard ................................. False
[algo1a-g3-l1-modal] 
[algo1a-g3-l1-modal]   use_tis ......................................... True
[algo1a-g3-l1-modal] 
[algo1a-g3-l1-modal]   use_tokenizer_model_from_checkpoint_args ........ True
[algo1a-g3-l1-modal] 
[algo1a-g3-l1-modal]   use_torch_fsdp2 ................................. False
[algo1a-g3-l1-modal] 
[algo1a-g3-l1-modal]   use_torch_optimizer_for_cpu_offload ............. False
[algo1a-g3-l1-modal] 
[algo1a-g3-l1-modal]   use_tp_pp_dp_mapping ............................ False
[algo1a-g3-l1-modal] 
[algo1a-g3-l1-modal]   use_transformer_engine_op_fuser ................. False
[algo1a-g3-l1-modal] 
[algo1a-g3-l1-modal]   use_unbiased_kl ................................. False
[algo1a-g3-l1-modal] 
[algo1a-g3-l1-modal]   use_varlen_dataset .............................. False
[algo1a-g3-l1-modal] 
[algo1a-g3-l1-modal]   use_wandb ....................................... False
[algo1a-g3-l1-modal] 
[algo1a-g3-l1-modal]   v_head_dim ...................................... 128
[algo1a-g3-l1-modal] 
[algo1a-g3-l1-modal]   valid_data_path ................................. None
[algo1a-g3-l1-modal] 
[algo1a-g3-l1-modal]   validation_set_names ............................ None
[algo1a-g3-l1-modal] 
[algo1a-g3-l1-modal]   value_clip ...................................... 0.2
[algo1a-g3-l1-modal] 
[algo1a-g3-l1-modal]   varlen_mock_dataset_config_json ................. None
[algo1a-g3-l1-modal] 
[algo1a-g3-l1-modal]   varlen_sbhd_validation .......................... False
[algo1a-g3-l1-modal] 
[algo1a-g3-l1-modal]   verify_integrity ................................ False
[algo1a-g3-l1-modal] 
[algo1a-g3-l1-modal]   virtual_pipeline_model_parallel_size ............ None
[algo1a-g3-l1-modal] 
[algo1a-g3-l1-modal]   vision_backbone_type ............................ vit
[algo1a-g3-l1-modal] 
[algo1a-g3-l1-modal]   vision_pretraining .............................. False
[algo1a-g3-l1-modal] 
[algo1a-g3-l1-modal]   vision_pretraining_type ......................... classify
[algo1a-g3-l1-modal] 
[algo1a-g3-l1-modal]   vocab_extra_ids ................................. 0
[algo1a-g3-l1-modal] 
[algo1a-g3-l1-modal]   vocab_file ...................................... None
[algo1a-g3-l1-modal] 
[algo1a-g3-l1-modal]   vocab_size ...................................... 151936
[algo1a-g3-l1-modal] 
[algo1a-g3-l1-modal]   wandb_always_use_train_step ..................... False
[algo1a-g3-l1-modal] 
[algo1a-g3-l1-modal]   wandb_dir ....................................... None
[algo1a-g3-l1-modal] 
[algo1a-g3-l1-modal]   wandb_entity .................................... None
[algo1a-g3-l1-modal] 
[algo1a-g3-l1-modal]   wandb_exp_name .................................. None
[algo1a-g3-l1-modal] 
[algo1a-g3-l1-modal]   wandb_group ..................................... None
[algo1a-g3-l1-modal] 
[algo1a-g3-l1-modal]   wandb_host ...................................... None
[algo1a-g3-l1-modal] 
[algo1a-g3-l1-modal]   wandb_key ....................................... None
[algo1a-g3-l1-modal] 
[algo1a-g3-l1-modal]   wandb_mode ...................................... None
[algo1a-g3-l1-modal] 
[algo1a-g3-l1-modal]   wandb_project ................................... None
[algo1a-g3-l1-modal] 
[algo1a-g3-l1-modal]   wandb_random_suffix ............................. True
[algo1a-g3-l1-modal] 
[algo1a-g3-l1-modal]   wandb_run_id .................................... None
[algo1a-g3-l1-modal] 
[algo1a-g3-l1-modal]   wandb_save_dir .................................. None
[algo1a-g3-l1-modal] 
[algo1a-g3-l1-modal]   wandb_team ...................................... None
[algo1a-g3-l1-modal] 
[algo1a-g3-l1-modal]   weight_decay .................................... 0.01
[algo1a-g3-l1-modal] 
[algo1a-g3-l1-modal]   weight_decay_incr_style ......................... constant
[algo1a-g3-l1-modal] 
[algo1a-g3-l1-modal]   wgrad_deferral_limit ............................ 0
[algo1a-g3-l1-modal] 
[algo1a-g3-l1-modal]   window_attn_skip_freq ........................... None
[algo1a-g3-l1-modal] 
[algo1a-g3-l1-modal]   window_size ..................................... None
[algo1a-g3-l1-modal] 
[algo1a-g3-l1-modal]   witness_buffer_size ............................. 1048576
[algo1a-g3-l1-modal] 
[algo1a-g3-l1-modal]   worker_comm_backend ............................. ray
[algo1a-g3-l1-modal] 
[algo1a-g3-l1-modal]   worker_dynamic_port_start ....................... 20000
[algo1a-g3-l1-modal] 
[algo1a-g3-l1-modal]   worker_urls ..................................... []
[algo1a-g3-l1-modal] 
[algo1a-g3-l1-modal]   world_size ...................................... 1
[algo1a-g3-l1-modal] 
[algo1a-g3-l1-modal]   yaml_cfg ........................................ None
[algo1a-g3-l1-modal] 
[algo1a-g3-l1-modal]   yarn_beta_fast .................................. None
[algo1a-g3-l1-modal] 
[algo1a-g3-l1-modal]   yarn_beta_slow .................................. None
[algo1a-g3-l1-modal] 
[algo1a-g3-l1-modal]   yarn_correction_range_round_to_int .............. None
[algo1a-g3-l1-modal] 
[algo1a-g3-l1-modal]   yarn_original_max_position_embeddings ........... None
[algo1a-g3-l1-modal] 
[algo1a-g3-l1-modal]   yeto_rl_dynamic_sampling_max_replacements ....... None
[algo1a-g3-l1-modal] 
[algo1a-g3-l1-modal] -------------------- end of arguments ---------------------
[algo1a-g3-l1-modal] 
[algo1a-g3-l1-modal] [2026-09-29 18:02:37.085 main] arguments.py:2843 - --moe-token-dispatcher-type allgather does not support variable sequence length, please use alltoall dispatcher instead.
[algo1a-g3-l1-modal] 2026-09-29 18:02:37,106	INFO worker.py:1833 -- Connecting to existing Ray cluster at address: 172.20.9.67:6379...
[algo1a-g3-l1-modal] 2026-09-29 18:02:37,124	INFO worker.py:2015 -- Connected to Ray cluster. View the dashboard at [1m[32mhttp://127.0.0.1:8265 [39m[22m
[algo1a-g3-l1-modal] [2026-09-29 18:02:39.085 main] reporter.py:90 - audit op=env_report_summary hostname=modal versions="{\"python\":\"3.12.3\",\"platform\":\"Linux-4.19.0-gvisor-x86_64-with-glibc2.39\",\"torch\":\"2.13.0+cu130\",\"torch_cuda\":\"13.0\"}" repos="{}" num_packages=0 num_env_vars=105 packages_probed=false stored=false
[algo1a-g3-l1-modal] [2026-09-29 18:02:39.106 main] placement_group.py:151 - Creating placement group with 1 GPUs...
[algo1a-g3-l1-modal] [2026-09-29 18:02:40.439 main] placement_group.py:114 -   bundle    0, actual_bundle_index:    0, node: 172.20.9.67, gpu: 0
[algo1a-g3-l1-modal] [2026-09-29 18:02:45.485 main] reporter.py:90 - audit op=env_report_summary hostname=modal versions="{\"python\":\"3.12.3\",\"platform\":\"Linux-4.19.0-gvisor-x86_64-with-glibc2.39\",\"miles\":\"0.1.1\",\"sglang\":\"0.5.21.dev67+g9f29303\",\"sglang-router\":\"0.3.2\",\"megatron-core\":\"0.19.0+a84b10547\",\"transformers\":\"5.12.1\",\"ray\":\"2.58.0\",\"flashinfer-python\":\"0.6.18\",\"torch\":\"2.13.0+cu130\",\"torch_cuda\":\"13.0\"}" repos="{\"miles\":\"0394715083c91182b5eb0c526eeee4196ac694b9\",\"megatron-core\":\"a84b105473eca9c9c6e49dbf1c8aa460c5cf796e\",\"sglang\":\"9f29303bef1eea38eb613e5f454a52db1326422d\"}" num_packages=425 num_env_vars=105 packages_probed=true stored=false
[algo1a-g3-l0-modal] [36m(pid=2560)[0m /opt/sglang/lib/python3.12/site-packages/huggingface_hub/constants.py:301: FutureWarning: The `HF_HUB_ENABLE_HF_TRANSFER` environment variable is deprecated as 'hf_transfer' is not used anymore. Please use `HF_XET_HIGH_PERFORMANCE` instead to enable high performance transfer with Xet. Visit https://huggingface.co/docs/huggingface_hub/package_reference/environment_variables#hfxethighperformance for more details.
[algo1a-g3-l0-modal] 
[algo1a-g3-l0-modal] [36m(pid=2560)[0m   warnings.warn(
[algo1a-g3-l0-modal] 
[algo1a-g3-l1-modal] [36m(pid=2280)[0m /opt/sglang/lib/python3.12/site-packages/huggingface_hub/constants.py:301: FutureWarning: The `HF_HUB_ENABLE_HF_TRANSFER` environment variable is deprecated as 'hf_transfer' is not used anymore. Please use `HF_XET_HIGH_PERFORMANCE` instead to enable high performance transfer with Xet. Visit https://huggingface.co/docs/huggingface_hub/package_reference/environment_variables#hfxethighperformance for more details.
[algo1a-g3-l1-modal] 
[algo1a-g3-l1-modal] [36m(pid=2280)[0m   warnings.warn(
[algo1a-g3-l1-modal] 
[algo1a-g3-l1-modal] [36m(pid=2280)[0m /opt/sglang/lib/python3.12/site-packages/transformer_engine/__init__.py:103: RuntimeWarning: Detected a Jax installation but could not find the shared object file for the Transformer Engine Jax extension library. If this is not intentional, please reinstall Transformer Engine with `pip install transformer_engine[jax]` or build from source with `NVTE_FRAMEWORK=jax`.
[algo1a-g3-l1-modal] 
[algo1a-g3-l1-modal] [36m(pid=2280)[0m   warnings.warn(
[algo1a-g3-l1-modal] 
[algo1a-g3-l0-modal] [36m(pid=2562)[0m /opt/sglang/lib/python3.12/site-packages/huggingface_hub/constants.py:301: FutureWarning: The `HF_HUB_ENABLE_HF_TRANSFER` environment variable is deprecated as 'hf_transfer' is not used anymore. Please use `HF_XET_HIGH_PERFORMANCE` instead to enable high performance transfer with Xet. Visit https://huggingface.co/docs/huggingface_hub/package_reference/environment_variables#hfxethighperformance for more details.[32m [repeated 2x across cluster] (Ray deduplicates logs by default. Set RAY_DEDUP_LOGS=0 to disable log deduplication, or see https://docs.ray.io/en/master/ray-observability/user-guides/configure-logging.html#log-deduplication for more options.)[0m
[algo1a-g3-l0-modal] 
[algo1a-g3-l0-modal] [36m(pid=2562)[0m   warnings.warn([32m [repeated 2x across cluster][0m
[algo1a-g3-l0-modal] 
[algo1a-g3-l0-modal] [36m(pid=2562)[0m /opt/sglang/lib/python3.12/site-packages/transformer_engine/__init__.py:103: RuntimeWarning: Detected a Jax installation but could not find the shared object file for the Transformer Engine Jax extension library. If this is not intentional, please reinstall Transformer Engine with `pip install transformer_engine[jax]` or build from source with `NVTE_FRAMEWORK=jax`.
[algo1a-g3-l0-modal] 
[algo1a-g3-l0-modal] [36m(pid=2861)[0m /opt/sglang/lib/python3.12/site-packages/huggingface_hub/constants.py:301: FutureWarning: The `HF_HUB_ENABLE_HF_TRANSFER` environment variable is deprecated as 'hf_transfer' is not used anymore. Please use `HF_XET_HIGH_PERFORMANCE` instead to enable high performance transfer with Xet. Visit https://huggingface.co/docs/huggingface_hub/package_reference/environment_variables#hfxethighperformance for more details.[32m [repeated 3x across cluster][0m
[algo1a-g3-l0-modal] 
[algo1a-g3-l0-modal] [36m(pid=2861)[0m   warnings.warn([32m [repeated 8x across cluster][0m
[algo1a-g3-l0-modal] 
[algo1a-g3-l0-modal] [36m(pid=2861)[0m /opt/sglang/lib/python3.12/site-packages/transformer_engine/__init__.py:103: RuntimeWarning: Detected a Jax installation but could not find the shared object file for the Transformer Engine Jax extension library. If this is not intentional, please reinstall Transformer Engine with `pip install transformer_engine[jax]` or build from source with `NVTE_FRAMEWORK=jax`.[32m [repeated 4x across cluster][0m
[algo1a-g3-l0-modal] 
[algo1a-g3-l1-modal] [36m(pid=2280)[0m Flax classes are deprecated and will be removed in Diffusers v1.0.0. We recommend migrating to PyTorch classes or pinning your version of Diffusers.
[algo1a-g3-l1-modal] 
[algo1a-g3-l1-modal] [36m(pid=2280)[0m Flax classes are deprecated and will be removed in Diffusers v1.0.0. We recommend migrating to PyTorch classes or pinning your version of Diffusers.
[algo1a-g3-l1-modal] 
[algo1a-g3-l1-modal] [36m(pid=2280)[0m WARNING:megatron.bridge.models.muse_glimmer:Muse Glimmer Hugging Face classes are unavailable with transformers 5.12.1. Upgrade transformers to a version that supports Muse Glimmer.
[algo1a-g3-l1-modal] 
[algo1a-g3-l1-modal] [36m(pid=2280)[0m WARNING:miles_plugins.models.qwen3_vl:megatron-bridge Qwen3VLModel lacks native CP-local vision-embed selection; CP runs with vision tokens will mis-place vision embeddings. Apply the matching Megatron-Bridge patch (radixark/Megatron-Bridge PR #9).
[algo1a-g3-l1-modal] 
[algo1a-g3-l1-modal] [36m(RayWorkerManager pid=2280)[0m [2026-09-29 18:03:07.406 worker_manager] reporter.py:90 - audit op=env_report_summary hostname=modal versions="{\"python\":\"3.12.3\",\"platform\":\"Linux-4.19.0-gvisor-x86_64-with-glibc2.39\",\"torch\":\"2.13.0+cu130\",\"torch_cuda\":\"13.0\"}" repos="{}" num_packages=0 num_env_vars=109 packages_probed=false stored=false
[algo1a-g3-l1-modal] 
[algo1a-g3-l1-modal] [36m(RayWorkerManager pid=2280)[0m [2026-09-29 18:03:12.109 worker_manager] reporter.py:90 - audit op=env_report_summary hostname=modal versions="{\"python\":\"3.12.3\",\"platform\":\"Linux-4.19.0-gvisor-x86_64-with-glibc2.39\",\"miles\":\"0.1.1\",\"sglang\":\"0.5.21.dev67+g9f29303\",\"sglang-router\":\"0.3.2\",\"megatron-core\":\"0.19.0+a84b10547\",\"transformers\":\"5.12.1\",\"ray\":\"2.58.0\",\"flashinfer-python\":\"0.6.18\",\"torch\":\"2.13.0+cu130\",\"torch_cuda\":\"13.0\"}" repos="{\"miles\":\"0394715083c91182b5eb0c526eeee4196ac694b9\",\"megatron-core\":\"a84b105473eca9c9c6e49dbf1c8aa460c5cf796e\",\"sglang\":\"9f29303bef1eea38eb613e5f454a52db1326422d\"}" num_packages=425 num_env_vars=109 packages_probed=true stored=false
[algo1a-g3-l1-modal] 
[algo1a-g3-l1-modal] [36m(pid=2543)[0m /opt/sglang/lib/python3.12/site-packages/huggingface_hub/constants.py:301: FutureWarning: The `HF_HUB_ENABLE_HF_TRANSFER` environment variable is deprecated as 'hf_transfer' is not used anymore. Please use `HF_XET_HIGH_PERFORMANCE` instead to enable high performance transfer with Xet. Visit https://huggingface.co/docs/huggingface_hub/package_reference/environment_variables#hfxethighperformance for more details.
[algo1a-g3-l1-modal] 
[algo1a-g3-l1-modal] [36m(pid=2543)[0m   warnings.warn(
[algo1a-g3-l1-modal] 
[algo1a-g3-l1-modal] [36m(pid=2540)[0m /opt/sglang/lib/python3.12/site-packages/transformer_engine/__init__.py:103: RuntimeWarning: Detected a Jax installation but could not find the shared object file for the Transformer Engine Jax extension library. If this is not intentional, please reinstall Transformer Engine with `pip install transformer_engine[jax]` or build from source with `NVTE_FRAMEWORK=jax`.
[algo1a-g3-l1-modal] 
[algo1a-g3-l1-modal] [36m(pid=2542)[0m /opt/sglang/lib/python3.12/site-packages/huggingface_hub/constants.py:301: FutureWarning: The `HF_HUB_ENABLE_HF_TRANSFER` environment variable is deprecated as 'hf_transfer' is not used anymore. Please use `HF_XET_HIGH_PERFORMANCE` instead to enable high performance transfer with Xet. Visit https://huggingface.co/docs/huggingface_hub/package_reference/environment_variables#hfxethighperformance for more details.[32m [repeated 4x across cluster] (Ray deduplicates logs by default. Set RAY_DEDUP_LOGS=0 to disable log deduplication, or see https://docs.ray.io/en/master/ray-observability/user-guides/configure-logging.html#log-deduplication for more options.)[0m
[algo1a-g3-l1-modal] 
[algo1a-g3-l1-modal] [36m(pid=2540)[0m   warnings.warn([32m [repeated 5x across cluster][0m
[algo1a-g3-l1-modal] 
[algo1a-g3-l0-modal] [36m(pid=2562)[0m Flax classes are deprecated and will be removed in Diffusers v1.0.0. We recommend migrating to PyTorch classes or pinning your version of Diffusers.
[algo1a-g3-l0-modal] 
[algo1a-g3-l0-modal] [36m(pid=2562)[0m Flax classes are deprecated and will be removed in Diffusers v1.0.0. We recommend migrating to PyTorch classes or pinning your version of Diffusers.
[algo1a-g3-l0-modal] 
[algo1a-g3-l0-modal] [36m(pid=2560)[0m   warnings.warn(
[algo1a-g3-l0-modal] 
[algo1a-g3-l0-modal] [36m(pid=2560)[0m /opt/sglang/lib/python3.12/site-packages/transformer_engine/__init__.py:103: RuntimeWarning: Detected a Jax installation but could not find the shared object file for the Transformer Engine Jax extension library. If this is not intentional, please reinstall Transformer Engine with `pip install transformer_engine[jax]` or build from source with `NVTE_FRAMEWORK=jax`.
[algo1a-g3-l0-modal] 
[algo1a-g3-l1-modal] [36m(pid=2543)[0m /opt/sglang/lib/python3.12/site-packages/transformer_engine/__init__.py:103: RuntimeWarning: Detected a Jax installation but could not find the shared object file for the Transformer Engine Jax extension library. If this is not intentional, please reinstall Transformer Engine with `pip install transformer_engine[jax]` or build from source with `NVTE_FRAMEWORK=jax`.[32m [repeated 5x across cluster][0m
[algo1a-g3-l1-modal] 
[algo1a-g3-l1-modal] [36m(pid=2849)[0m /opt/sglang/lib/python3.12/site-packages/huggingface_hub/constants.py:301: FutureWarning: The `HF_HUB_ENABLE_HF_TRANSFER` environment variable is deprecated as 'hf_transfer' is not used anymore. Please use `HF_XET_HIGH_PERFORMANCE` instead to enable high performance transfer with Xet. Visit https://huggingface.co/docs/huggingface_hub/package_reference/environment_variables#hfxethighperformance for more details.
[algo1a-g3-l1-modal] 
[algo1a-g3-l1-modal] [36m(pid=2543)[0m   warnings.warn([32m [repeated 6x across cluster][0m
[algo1a-g3-l1-modal] 
[algo1a-g3-l0-modal] [36m(pid=2562)[0m WARNING:megatron.bridge.models.muse_glimmer:Muse Glimmer Hugging Face classes are unavailable with transformers 5.12.1. Upgrade transformers to a version that supports Muse Glimmer.
[algo1a-g3-l0-modal] 
[algo1a-g3-l0-modal] [36m(pid=2562)[0m WARNING:miles_plugins.models.qwen3_vl:megatron-bridge Qwen3VLModel lacks native CP-local vision-embed selection; CP runs with vision tokens will mis-place vision embeddings. Apply the matching Megatron-Bridge patch (radixark/Megatron-Bridge PR #9).
[algo1a-g3-l0-modal] 
[algo1a-g3-l0-modal] [36m(RolloutExecutor pid=2559)[0m [2026-09-29 18:03:34.990 rollout_executor] reporter.py:90 - audit op=env_report_summary hostname=modal versions="{\"python\":\"3.12.3\",\"platform\":\"Linux-4.19.0-gvisor-x86_64-with-glibc2.39\",\"torch\":\"2.13.0+cu130\",\"torch_cuda\":\"13.0\"}" repos="{}" num_packages=0 num_env_vars=109 packages_probed=false stored=false
[algo1a-g3-l0-modal] 
[algo1a-g3-l0-modal] [36m(pid=2559)[0m Flax classes are deprecated and will be removed in Diffusers v1.0.0. We recommend migrating to PyTorch classes or pinning your version of Diffusers.[32m [repeated 8x across cluster][0m
[algo1a-g3-l0-modal] 
[algo1a-g3-l0-modal] [36m(MegatronTrainRayActor pid=2861)[0m [2026-09-29 18:03:37.725 actor_cell00000_rank00000] reporter.py:90 - audit op=env_report_summary hostname=modal versions="{\"python\":\"3.12.3\",\"platform\":\"Linux-4.19.0-gvisor-x86_64-with-glibc2.39\",\"torch\":\"2.13.0+cu130\",\"torch_cuda\":\"13.0\"}" repos="{}" num_packages=0 num_env_vars=128 packages_probed=false stored=false
[algo1a-g3-l0-modal] 
[algo1a-g3-l0-modal] [36m(pid=2861)[0m WARNING:megatron.bridge.models.muse_glimmer:Muse Glimmer Hugging Face classes are unavailable with transformers 5.12.1. Upgrade transformers to a version that supports Muse Glimmer.[32m [repeated 4x across cluster][0m
[algo1a-g3-l0-modal] 
[algo1a-g3-l0-modal] [36m(pid=2861)[0m WARNING:miles_plugins.models.qwen3_vl:megatron-bridge Qwen3VLModel lacks native CP-local vision-embed selection; CP runs with vision tokens will mis-place vision embeddings. Apply the matching Megatron-Bridge patch (radixark/Megatron-Bridge PR #9).[32m [repeated 4x across cluster][0m
[algo1a-g3-l0-modal] 
[algo1a-g3-l0-modal] [36m(RolloutExecutor pid=2559)[0m [2026-09-29 18:03:39.398 rollout_executor] reporter.py:90 - audit op=env_report_summary hostname=modal versions="{\"python\":\"3.12.3\",\"platform\":\"Linux-4.19.0-gvisor-x86_64-with-glibc2.39\",\"miles\":\"0.1.1\",\"sglang\":\"0.5.21.dev67+g9f29303\",\"sglang-router\":\"0.3.2\",\"megatron-core\":\"0.19.0+a84b10547\",\"transformers\":\"5.12.1\",\"ray\":\"2.58.0\",\"flashinfer-python\":\"0.6.18\",\"torch\":\"2.13.0+cu130\",\"torch_cuda\":\"13.0\"}" repos="{\"miles\":\"0394715083c91182b5eb0c526eeee4196ac694b9\",\"megatron-core\":\"a84b105473eca9c9c6e49dbf1c8aa460c5cf796e\",\"sglang\":\"9f29303bef1eea38eb613e5f454a52db1326422d\"}" num_packages=425 num_env_vars=109 packages_probed=true stored=false
[algo1a-g3-l0-modal] 
[algo1a-g3-l0-modal] [36m(MegatronTrainRayActor pid=2861)[0m [2026-09-29 18:03:42.319 actor_cell00000_rank00000] reporter.py:90 - audit op=env_report_summary hostname=modal versions="{\"python\":\"3.12.3\",\"platform\":\"Linux-4.19.0-gvisor-x86_64-with-glibc2.39\",\"miles\":\"0.1.1\",\"sglang\":\"0.5.21.dev67+g9f29303\",\"sglang-router\":\"0.3.2\",\"megatron-core\":\"0.19.0+a84b10547\",\"transformers\":\"5.12.1\",\"ray\":\"2.58.0\",\"flashinfer-python\":\"0.6.18\",\"torch\":\"2.13.0+cu130\",\"torch_cuda\":\"13.0\"}" repos="{\"miles\":\"0394715083c91182b5eb0c526eeee4196ac694b9\",\"megatron-core\":\"a84b105473eca9c9c6e49dbf1c8aa460c5cf796e\",\"sglang\":\"9f29303bef1eea38eb613e5f454a52db1326422d\"}" num_packages=425 num_env_vars=128 packages_probed=true stored=false
[algo1a-g3-l0-modal] 
[algo1a-g3-l0-modal] [36m(pid=2557)[0m Flax classes are deprecated and will be removed in Diffusers v1.0.0. We recommend migrating to PyTorch classes or pinning your version of Diffusers.
[algo1a-g3-l0-modal] 
[algo1a-g3-l0-modal] [36m(pid=2557)[0m Flax classes are deprecated and will be removed in Diffusers v1.0.0. We recommend migrating to PyTorch classes or pinning your version of Diffusers.
[algo1a-g3-l0-modal] [36m(pid=2557)[0m WARNING:megatron.bridge.models.muse_glimmer:Muse Glimmer Hugging Face classes are unavailable with transformers 5.12.1. Upgrade transformers to a version that supports Muse Glimmer.
[algo1a-g3-l0-modal] 
[algo1a-g3-l0-modal] [36m(pid=2557)[0m WARNING:miles_plugins.models.qwen3_vl:megatron-bridge Qwen3VLModel lacks native CP-local vision-embed selection; CP runs with vision tokens will mis-place vision embeddings. Apply the matching Megatron-Bridge patch (radixark/Megatron-Bridge PR #9).
[algo1a-g3-l0-modal] 
[algo1a-g3-l1-modal] [36m(pid=2849)[0m Flax classes are deprecated and will be removed in Diffusers v1.0.0. We recommend migrating to PyTorch classes or pinning your version of Diffusers.
[algo1a-g3-l1-modal] 
[algo1a-g3-l1-modal] [36m(pid=2849)[0m Flax classes are deprecated and will be removed in Diffusers v1.0.0. We recommend migrating to PyTorch classes or pinning your version of Diffusers.
[algo1a-g3-l1-modal] 
[algo1a-g3-l0-modal] [36m(RayWorkerManager pid=2274)[0m [2026-09-29 18:03:51.261 worker_manager] inference.py:186 - Launch router with args: {'worker_urls': [], 'policy': 'cache_aware', 'prefill_policy': None, 'decode_policy': None, 'cache_threshold': 0.3, 'balance_abs_threshold': 64, 'balance_rel_threshold': 1.5, 'bucket_adjust_interval_secs': 5, 'eviction_interval_secs': 60, 'max_tree_size': 67108864, 'max_idle_secs': 14400, 'assignment_mode': 'random', 'max_payload_size': 536870912, 'dp_aware': False, 'enable_igw': False, 'allow_requests_without_routing_key': False, 'mini_lb': False, 'test_external_dp_routing': False, 'pd_disaggregation': False, 'prefill': None, 'decode': None, 'worker_startup_timeout_secs': 1800, 'worker_startup_check_interval': 30, 'log_dir': None, 'log_level': 'warn', 'json_log': False, 'service_discovery': False, 'selector': {}, 'service_discovery_port': 80, 'service_discovery_namespace': None, 'prefill_selector': {}, 'decode_selector': {}, 'prometheus_port': 20001, 'prometheus_host': '0.0.0.0', 'prometheus_duration_buckets': None, 'request_id_headers': None, 'request_timeout_secs': 14400, 'shutdown_grace_period_secs': 180, 'cors_allowed_origins': [], 'max_concurrent_requests': -1, 'queue_size': 100, 'queue_timeout_secs': 60, 'rate_limit_tokens_per_second': None, 'retry_max_retries': 5, 'retry_initial_backoff_ms': 50, 'retry_max_backoff_ms': 30000, 'retry_backoff_multiplier': 1.5, 'retry_jitter_factor': 0.2, 'disable_retries': False, 'cb_failure_threshold': 10, 'cb_success_threshold': 3, 'cb_timeout_duration_secs': 60, 'cb_window_duration_secs': 120, 'disable_circuit_breaker': False, 'health_failure_threshold': 3, 'health_success_threshold': 2, 'health_check_timeout_secs': 5, 'health_check_interval_secs': 60, 'health_check_endpoint': '/health', 'disable_health_check': False, 'model_path': None, 'tokenizer_path': None, 'chat_template': None, 'tokenizer_cache_enable_l0': False, 'tokenizer_cache_l0_max_entries': 10000, 'tokenizer_cache_enable_l1': False, 'tokenizer_cache_l1_max_memory': 52428800, 'reasoning_parser': None, 'tool_call_parser': None, 'mcp_config_path': None, 'backend': 'sglang', 'history_backend': 'memory', 'oracle_wallet_path': None, 'oracle_tns_alias': None, 'oracle_connect_descriptor': None, 'oracle_username': None, 'oracle_password': None, 'oracle_pool_min': 1, 'oracle_pool_max': 16, 'oracle_pool_timeout_secs': 30, 'postgres_db_url': None, 'postgres_pool_max': 16, 'redis_url': None, 'redis_pool_max': 16, 'redis_retention_days': 30, 'client_cert_path': None, 'client_key_path': None, 'ca_cert_paths': [], 'tls_cert_path': None, 'tls_key_path': None, 'enable_trace': False, 'otlp_traces_endpoint': 'localhost:4317', 'api_key': None, 'control_plane_api_keys': [], 'control_plane_audit_enabled': False, 'jwt_issuer': None, 'jwt_audience': None, 'jwt_jwks_uri': None, 'jwt_role_mapping': [], 'host': '172.20.8.163', 'port': 20000}
[algo1a-g3-l0-modal] 
[algo1a-g3-l0-modal] [36m(RayWorkerManager pid=2274)[0m [2026-09-29 18:03:51.265 worker_manager] sglang_engine.py:169 - No pre-trained LoRA adapter_path provided, will use random initial weights
[algo1a-g3-l0-modal] 
[algo1a-g3-l0-modal] [36m(RayWorkerManager pid=2274)[0m [2026-09-29 18:03:51.266 worker_manager] sglang_engine.py:178 - LoRA + colocate: enabling SGLang enable_weights_cpu_backup=True; the trainer will skip per-step base weight sync.
[algo1a-g3-l0-modal] 
[algo1a-g3-l0-modal] [36m(CommandActor pid=2562)[0m [process_trampoline pid=3401] bound to parent 2562; exec ['/bin/sh', '-c', 'exec /opt/sglang/bin/python3 -m sglang_router.launch_router --log-level warn --prometheus-port 20001 --request-timeout-secs 14400 --host 172.20.8.163 --port 20000']
[algo1a-g3-l0-modal] 
[algo1a-g3-l0-modal] [36m(CommandActor pid=2561)[0m [process_trampoline pid=3405] bound to parent 2561; exec ['/bin/sh', '-c', 'exec /opt/sglang/bin/python3 -m sglang.launch_server --trust-remote-code --model-path /root/.cache/huggingface/hub/models--Qwen--Qwen3-0.6B/snapshots/c1899de289a04d12100db370d81485cdf75e47ca --host 172.20.8.163 --port 20002 --device cuda --random-seed 17 --enable-memory-saver --nccl-port 20034 --dist-init-addr 172.20.8.163:20003 --gated-launch-port 20036 --skip-server-warmup --enable-draft-weights-cpu-backup --enable-metrics --engine-info-bootstrap-port 20035 --enable-lora --max-loras-per-batch 1 --max-lora-rank 16 --lora-target-modules down_proj gate_proj k_proj o_proj q_proj up_proj v_proj --enable-weights-cpu-backup --mem-fraction-static 0.4 --cuda-graph-backend-prefill disabled --lora-use-virtual-experts --enable-deterministic-inference']
[algo1a-g3-l0-modal] 
[algo1a-g3-l0-modal] [2026-09-29 18:03:52.341 main] router_manager.py:64 - Router ready at host='172.20.8.163' port=20000 external_host=None
[algo1a-g3-l0-modal] [36m(RolloutExecutor pid=2559)[0m [2026-09-29 18:03:52.426 rollout_executor] router_manager.py:64 - Router ready at host='172.20.8.163' port=20000 external_host=None
[algo1a-g3-l0-modal] 
[algo1a-g3-l0-modal] [36m(InferenceController pid=2560)[0m [2026-09-29 18:03:52.395 inference_controller] reporter.py:90 - audit op=env_report_summary hostname=modal versions="{\"python\":\"3.12.3\",\"platform\":\"Linux-4.19.0-gvisor-x86_64-with-glibc2.39\",\"torch\":\"2.13.0+cu130\",\"torch_cuda\":\"13.0\"}" repos="{}" num_packages=0 num_env_vars=109 packages_probed=false stored=false
[algo1a-g3-l0-modal] 
[algo1a-g3-l0-modal] [36m(InferenceController pid=2560)[0m [2026-09-29 18:03:52.411 inference_controller] router_manager.py:64 - Router ready at host='172.20.8.163' port=20000 external_host=None
[algo1a-g3-l0-modal] 
[algo1a-g3-l1-modal] [36m(pid=2543)[0m WARNING:megatron.bridge.models.muse_glimmer:Muse Glimmer Hugging Face classes are unavailable with transformers 5.12.1. Upgrade transformers to a version that supports Muse Glimmer.
[algo1a-g3-l1-modal] 
[algo1a-g3-l1-modal] [36m(pid=2543)[0m WARNING:miles_plugins.models.qwen3_vl:megatron-bridge Qwen3VLModel lacks native CP-local vision-embed selection; CP runs with vision tokens will mis-place vision embeddings. Apply the matching Megatron-Bridge patch (radixark/Megatron-Bridge PR #9).
[algo1a-g3-l1-modal] 
[algo1a-g3-l0-modal] [36m(InferenceController pid=2560)[0m [2026-09-29 18:03:56.008 inference_controller] reporter.py:90 - audit op=env_report_summary hostname=modal versions="{\"python\":\"3.12.3\",\"platform\":\"Linux-4.19.0-gvisor-x86_64-with-glibc2.39\",\"miles\":\"0.1.1\",\"sglang\":\"0.5.21.dev67+g9f29303\",\"sglang-router\":\"0.3.2\",\"megatron-core\":\"0.19.0+a84b10547\",\"transformers\":\"5.12.1\",\"ray\":\"2.58.0\",\"flashinfer-python\":\"0.6.18\",\"torch\":\"2.13.0+cu130\",\"torch_cuda\":\"13.0\"}" repos="{\"miles\":\"0394715083c91182b5eb0c526eeee4196ac694b9\",\"megatron-core\":\"a84b105473eca9c9c6e49dbf1c8aa460c5cf796e\",\"sglang\":\"9f29303bef1eea38eb613e5f454a52db1326422d\"}" num_packages=425 num_env_vars=109 packages_probed=true stored=false
[algo1a-g3-l0-modal] 
[algo1a-g3-l0-modal] [36m(CommandActor pid=2561)[0m /opt/sglang/lib/python3.12/site-packages/huggingface_hub/constants.py:301: FutureWarning: The `HF_HUB_ENABLE_HF_TRANSFER` environment variable is deprecated as 'hf_transfer' is not used anymore. Please use `HF_XET_HIGH_PERFORMANCE` instead to enable high performance transfer with Xet. Visit https://huggingface.co/docs/huggingface_hub/package_reference/environment_variables#hfxethighperformance for more details.
[algo1a-g3-l0-modal] 
[algo1a-g3-l0-modal] [36m(CommandActor pid=2561)[0m   warnings.warn(
[algo1a-g3-l0-modal] 
[algo1a-g3-l0-modal] [36m(RolloutExecutor pid=2559)[0m [2026-09-29 18:03:56.609 rollout_executor] data.py:133 - Filtered 0 samples longer than max_length=1023.
[algo1a-g3-l0-modal] 
[algo1a-g3-l0-modal] [36m(RolloutExecutor pid=2559)[0m [2026-09-29 18:03:57.698 rollout_executor] rollout_executor.py:117 - import miles.rollout.inference_rollout.inference_rollout_common.InferenceRolloutFn as generate_rollout function.
[algo1a-g3-l0-modal] 
[algo1a-g3-l0-modal] [36m(RolloutExecutor pid=2559)[0m [2026-09-29 18:03:57.698 rollout_executor] rollout_executor.py:118 - import miles.rollout.inference_rollout.inference_rollout_common.InferenceRolloutFn as eval_generate_rollout function.
[algo1a-g3-l0-modal] 
[algo1a-g3-l0-modal] [36m(TrainerController pid=2557)[0m [2026-09-29 18:03:57.763 trainer_controller_actor] reporter.py:90 - audit op=env_report_summary hostname=modal versions="{\"python\":\"3.12.3\",\"platform\":\"Linux-4.19.0-gvisor-x86_64-with-glibc2.39\",\"torch\":\"2.13.0+cu130\",\"torch_cuda\":\"13.0\"}" repos="{}" num_packages=0 num_env_vars=109 packages_probed=false stored=false
[algo1a-g3-l0-modal] 
[algo1a-g3-l0-modal] [36m(TrainerController pid=2557)[0m Using blocking ray.get inside async actor. This blocks the event loop. Please use `await` on object ref with asyncio.gather if you want to yield execution to the event loop instead.
[algo1a-g3-l0-modal] 
[algo1a-g3-l1-modal] [36m(RolloutExecutor pid=2542)[0m [2026-09-29 18:03:58.276 rollout_executor] reporter.py:90 - audit op=env_report_summary hostname=modal versions="{\"python\":\"3.12.3\",\"platform\":\"Linux-4.19.0-gvisor-x86_64-with-glibc2.39\",\"torch\":\"2.13.0+cu130\",\"torch_cuda\":\"13.0\"}" repos="{}" num_packages=0 num_env_vars=109 packages_probed=false stored=false
[algo1a-g3-l1-modal] 
[algo1a-g3-l1-modal] [36m(pid=2542)[0m Flax classes are deprecated and will be removed in Diffusers v1.0.0. We recommend migrating to PyTorch classes or pinning your version of Diffusers.[32m [repeated 8x across cluster][0m
[algo1a-g3-l1-modal] 
[algo1a-g3-l0-modal] [36m(TrainerController pid=2557)[0m [2026-09-29 18:03:59.580 trainer_controller_actor] cell.py:231 - ft op=execute phase=start cell=trainer-engine-actor-00000 fn=configure_master_addr_and_port n_actors=1
[algo1a-g3-l1-modal] [36m(MegatronTrainRayActor pid=2849)[0m [2026-09-29 18:03:59.849 actor_cell00000_rank00000] reporter.py:90 - audit op=env_report_summary hostname=modal versions="{\"python\":\"3.12.3\",\"platform\":\"Linux-4.19.0-gvisor-x86_64-with-glibc2.39\",\"torch\":\"2.13.0+cu130\",\"torch_cuda\":\"13.0\"}" repos="{}" num_packages=0 num_env_vars=128 packages_probed=false stored=false
[algo1a-g3-l1-modal] 
[algo1a-g3-l1-modal] [36m(pid=2542)[0m WARNING:megatron.bridge.models.muse_glimmer:Muse Glimmer Hugging Face classes are unavailable with transformers 5.12.1. Upgrade transformers to a version that supports Muse Glimmer.[32m [repeated 4x across cluster][0m
[algo1a-g3-l1-modal] 
[algo1a-g3-l1-modal] [36m(pid=2542)[0m WARNING:miles_plugins.models.qwen3_vl:megatron-bridge Qwen3VLModel lacks native CP-local vision-embed selection; CP runs with vision tokens will mis-place vision embeddings. Apply the matching Megatron-Bridge patch (radixark/Megatron-Bridge PR #9).[32m [repeated 4x across cluster][0m
[algo1a-g3-l1-modal] 
[algo1a-g3-l0-modal] 
[algo1a-g3-l0-modal] [36m(TrainerController pid=2557)[0m [2026-09-29 18:03:59.586 trainer_controller_actor] cell.py:239 - ft op=execute phase=end cell=trainer-engine-actor-00000 fn=configure_master_addr_and_port ok=true elapsed_s=0.0
[algo1a-g3-l0-modal] 
[algo1a-g3-l0-modal] [36m(TrainerController pid=2557)[0m [2026-09-29 18:03:59.586 trainer_controller_actor] cell.py:231 - ft op=execute phase=start cell=trainer-engine-actor-00000 fn=init n_actors=1
[algo1a-g3-l0-modal] 
[algo1a-g3-l0-modal] [36m(MegatronTrainRayActor pid=2861)[0m [2026-09-29 18:03:59.593 actor_cell00000_rank00000] structured_log.py:24 - actor cls=MegatronTrainRayActor fn=init phase=start
[algo1a-g3-l0-modal] 
[algo1a-g3-l0-modal] [36m(MegatronTrainRayActor pid=2861)[0m [2026-09-29 18:03:59.593 actor_cell00000_rank00000] reloadable_process_group.py:21 - Applying monkey patch to torch.distributed
[algo1a-g3-l0-modal] 
[algo1a-g3-l0-modal] [36m(MegatronTrainRayActor pid=2861)[0m [2026-09-29 18:03:59.724 actor_cell00000_rank00000] reporter.py:90 - audit op=env_report_summary hostname=modal versions="{\"python\":\"3.12.3\",\"platform\":\"Linux-4.19.0-gvisor-x86_64-with-glibc2.39\",\"torch\":\"2.13.0+cu130\",\"torch_cuda\":\"13.0\"}" repos="{}" num_packages=0 num_env_vars=130 packages_probed=false stored=false
[algo1a-g3-l0-modal] 
[algo1a-g3-l0-modal] [36m(MegatronTrainRayActor pid=2861)[0m [2026-09-29 18:03:59.777 actor_cell00000_rank00000] train_actor.py:161 - Warning: Failed to set NUMA affinity: Unknown Error
[algo1a-g3-l0-modal] 
[algo1a-g3-l0-modal] [36m(MegatronTrainRayActor pid=2861)[0m [2026-09-29 18:03:59.791 actor_cell00000_rank00000] initialize.py:46 - > setting random seeds to 17 ...
[algo1a-g3-l0-modal] 
[algo1a-g3-l0-modal] [36m(TrainerController pid=2557)[0m [2026-09-29 18:04:01.602 trainer_controller_actor] reporter.py:90 - audit op=env_report_summary hostname=modal versions="{\"python\":\"3.12.3\",\"platform\":\"Linux-4.19.0-gvisor-x86_64-with-glibc2.39\",\"miles\":\"0.1.1\",\"sglang\":\"0.5.21.dev67+g9f29303\",\"sglang-router\":\"0.3.2\",\"megatron-core\":\"0.19.0+a84b10547\",\"transformers\":\"5.12.1\",\"ray\":\"2.58.0\",\"flashinfer-python\":\"0.6.18\",\"torch\":\"2.13.0+cu130\",\"torch_cuda\":\"13.0\"}" repos="{\"miles\":\"0394715083c91182b5eb0c526eeee4196ac694b9\",\"megatron-core\":\"a84b105473eca9c9c6e49dbf1c8aa460c5cf796e\",\"sglang\":\"9f29303bef1eea38eb613e5f454a52db1326422d\"}" num_packages=425 num_env_vars=109 packages_probed=true stored=false
[algo1a-g3-l0-modal] 
[algo1a-g3-l0-modal] [36m(MegatronTrainRayActor pid=2861)[0m [2026-09-29 18:04:01.761 actor_cell00000_rank00000] actor.py:183 - Set torch_memory_saver.memory_margin_bytes to 1073741824
[algo1a-g3-l0-modal] 
[algo1a-g3-l0-modal] [36m(MegatronTrainRayActor pid=2861)[0m /root/Megatron-LM/megatron/core/models/mimo/config/base_configs.py:12: UserWarning: MimoModelConfig is experimental and still under active development. The API may change without notice in future releases.
[algo1a-g3-l0-modal] 
[algo1a-g3-l0-modal] [36m(MegatronTrainRayActor pid=2861)[0m   class MimoModelConfig:
[algo1a-g3-l0-modal] 
[algo1a-g3-l1-modal] [36m(RolloutExecutor pid=2542)[0m [2026-09-29 18:04:02.146 rollout_executor] reporter.py:90 - audit op=env_report_summary hostname=modal versions="{\"python\":\"3.12.3\",\"platform\":\"Linux-4.19.0-gvisor-x86_64-with-glibc2.39\",\"miles\":\"0.1.1\",\"sglang\":\"0.5.21.dev67+g9f29303\",\"sglang-router\":\"0.3.2\",\"megatron-core\":\"0.19.0+a84b10547\",\"transformers\":\"5.12.1\",\"ray\":\"2.58.0\",\"flashinfer-python\":\"0.6.18\",\"torch\":\"2.13.0+cu130\",\"torch_cuda\":\"13.0\"}" repos="{\"miles\":\"0394715083c91182b5eb0c526eeee4196ac694b9\",\"megatron-core\":\"a84b105473eca9c9c6e49dbf1c8aa460c5cf796e\",\"sglang\":\"9f29303bef1eea38eb613e5f454a52db1326422d\"}" num_packages=425 num_env_vars=109 packages_probed=true stored=false
[algo1a-g3-l1-modal] 
[algo1a-g3-l0-modal] [36m(MegatronTrainRayActor pid=2861)[0m [2026-09-29 18:04:01.915 actor_cell00000_rank00000] auto_bridge.py:600 - Loading a model with trust_remote_code=True allows arbitrary code execution from the model repository. Only use this with models you trust.
[algo1a-g3-l0-modal] 
[algo1a-g3-l0-modal] [36m(MegatronTrainRayActor pid=2861)[0m /opt/sglang/lib/python3.12/site-packages/megatron/bridge/models/qwen/qwen3_bridge.py:45: FutureWarning: Qwen3Bridge.provider_bridge() and AutoBridge.to_megatron_provider() are deprecated for builder-backed models. Use AutoBridge.get_model_config() for training recipes or AutoBridge.get_model() to construct a model. Legacy provider support will be removed in a future release.
[algo1a-g3-l0-modal] 
[algo1a-g3-l0-modal] [36m(MegatronTrainRayActor pid=2861)[0m   provider = super().provider_bridge(hf_pretrained)
[algo1a-g3-l0-modal] 
[algo1a-g3-l0-modal] [36m(MegatronTrainRayActor pid=2861)[0m [transformers] `torch_dtype` is deprecated! Use `dtype` instead!
[algo1a-g3-l0-modal] 
[algo1a-g3-l0-modal] [36m(MegatronTrainRayActor pid=2861)[0m /root/Megatron-LM/megatron/core/transformer/transformer_config.py:3249: UserWarning: full scope is deprecated. Use empty cuda_graph_modules to capture the whole layer.
[algo1a-g3-l0-modal] 
[algo1a-g3-l0-modal] [36m(MegatronTrainRayActor pid=2861)[0m   warnings.warn(
[algo1a-g3-l0-modal] 
[algo1a-g3-l0-modal] [36m(MegatronTrainRayActor pid=2861)[0m [2026-09-29 18:04:01.973 actor_cell00000_rank00000] utils.py:121 - Patched _ParamAndGradBuffer.__init__ for LoRA colocate mode (disable cpu backup)
[algo1a-g3-l0-modal] 
[algo1a-g3-l0-modal] [36m(MegatronTrainRayActor pid=2861)[0m /root/Megatron-LM/megatron/core/models/gpt/gpt_layer_specs.py:225: UserWarning: The fp8 argument in "get_gpt_layer_with_transformer_engine_spec" has been deprecated and will be removed soon. Please update your code accordingly.
[algo1a-g3-l0-modal] 
[algo1a-g3-l0-modal] [36m(MegatronTrainRayActor pid=2861)[0m   warnings.warn(
[algo1a-g3-l0-modal] 
[algo1a-g3-l0-modal] [36m(MegatronTrainRayActor pid=2861)[0m [2026-09-29 18:04:02.690 actor_cell00000_rank00000] utils.py:158 - Created CanonicalLoRA: rank=16, alpha=16, dropout=0.0, target_modules=['decoder.layers.*.self_attention.linear_proj', 'decoder.layers.*.mlp.linear_fc2', 'decoder.layers.*.self_attention.linear_k', 'decoder.layers.*.self_attention.linear_q', 'decoder.layers.*.self_attention.linear_v', 'decoder.layers.*.mlp.linear_fc1_up', 'decoder.layers.*.mlp.linear_fc1_gate']
[algo1a-g3-l0-modal] 
[algo1a-g3-l0-modal] [36m(MegatronTrainRayActor pid=2861)[0m  > number of parameters on (tensor, pipeline) model parallel rank (0, 0): 606142464
[algo1a-g3-l0-modal] 
[algo1a-g3-l0-modal] [36m(CommandActor pid=2561)[0m /root/sglang/python/sglang/launch_server.py:71: UserWarning: 'python -m sglang.launch_server' is still supported, but 'sglang serve' is the recommended entrypoint.
[algo1a-g3-l0-modal] 
[algo1a-g3-l0-modal] [36m(CommandActor pid=2561)[0m   Example: sglang serve --model-path <model> [options]
[algo1a-g3-l0-modal] 
[algo1a-g3-l0-modal] [36m(MegatronTrainRayActor pid=2861)[0m [2026-09-29 18:04:03.712 actor_cell00000_rank00000] checkpoint.py:215 - Load checkpoint from HuggingFace model into Megatron (path=/root/.cache/huggingface/hub/models--Qwen--Qwen3-0.6B/snapshots/c1899de289a04d12100db370d81485cdf75e47ca)
[algo1a-g3-l1-modal] [36m(MegatronTrainRayActor pid=2849)[0m [2026-09-29 18:04:03.880 actor_cell00000_rank00000] reporter.py:90 - audit op=env_report_summary hostname=modal versions="{\"python\":\"3.12.3\",\"platform\":\"Linux-4.19.0-gvisor-x86_64-with-glibc2.39\",\"miles\":\"0.1.1\",\"sglang\":\"0.5.21.dev67+g9f29303\",\"sglang-router\":\"0.3.2\",\"megatron-core\":\"0.19.0+a84b10547\",\"transformers\":\"5.12.1\",\"ray\":\"2.58.0\",\"flashinfer-python\":\"0.6.18\",\"torch\":\"2.13.0+cu130\",\"torch_cuda\":\"13.0\"}" repos="{\"miles\":\"0394715083c91182b5eb0c526eeee4196ac694b9\",\"megatron-core\":\"a84b105473eca9c9c6e49dbf1c8aa460c5cf796e\",\"sglang\":\"9f29303bef1eea38eb613e5f454a52db1326422d\"}" num_packages=425 num_env_vars=128 packages_probed=true stored=false
[algo1a-g3-l1-modal] 
[algo1a-g3-l0-modal] 
[algo1a-g3-l0-modal] [36m(MegatronTrainRayActor pid=2861)[0m [2026-09-29 18:04:03.717 actor_cell00000_rank00000] auto_bridge.py:600 - Loading a model with trust_remote_code=True allows arbitrary code execution from the model repository. Only use this with models you trust.
[algo1a-g3-l0-modal] 
[algo1a-g3-l0-modal] [36m(MegatronTrainRayActor pid=2861)[0m Loading from /root/.cache/huggingface/hub/models--Qwen--Qwen3-0.6B/snaps… … Qwe…
[algo1a-g3-l0-modal] 
[algo1a-g3-l0-modal] [36m(MegatronTrainRayActor pid=2861)[0m [2026-09-29 18:04:06.043 actor_cell00000_rank00000] auto_bridge.py:600 - Loading a model with trust_remote_code=True allows arbitrary code execution from the model repository. Only use this with models you trust.
[algo1a-g3-l0-modal] 
[algo1a-g3-l0-modal] [36m(MegatronTrainRayActor pid=2861)[0m [2026-09-29 18:04:06.046 actor_cell00000_rank00000] structured_log.py:24 - actor cls=MegatronTrainRayActor fn=sleep phase=start
[algo1a-g3-l0-modal] 
[algo1a-g3-l0-modal] [36m(MegatronTrainRayActor pid=2861)[0m [2026-09-29 18:04:06.046 actor_cell00000_rank00000] timer.py:31 - Timer sleep start
[algo1a-g3-l0-modal] 
[algo1a-g3-l0-modal] [36m(MegatronTrainRayActor pid=2861)[0m [2026-09-29 18:04:06.721 actor_cell00000_rank00000] memory_utils.py:41 - [Rank 0] Memory-Usage before offload model: {'gpu': '0', 'total_GB': 79.18, 'free_GB': 76.13, 'used_GB': 3.04, 'allocated_GB': 1.2, 'reserved_GB': 1.27}
[algo1a-g3-l0-modal] 
[algo1a-g3-l0-modal] [2026-09-29 18:04:07.097 main] placement_group.py:206 - trainer 'actor' restored rollout 1, and --start-rollout-id 0 was asked for, so it starts at 0
[algo1a-g3-l0-modal] [36m(RolloutExecutor pid=2559)[0m [2026-09-29 18:04:07.106 rollout_executor] data_source.py:154 - no dataset state under /root/.cache/huggingface/hub/models--Qwen--Qwen3-0.6B/snapshots/c1899de289a04d12100db370d81485cdf75e47ca/rollout/global_dataset_state_dict_-1.pt: the dataset starts where a fresh run's would
[algo1a-g3-l0-modal] 
[algo1a-g3-l0-modal] [36m(CommandActor pid=2561)[0m   warnings.warn(
[algo1a-g3-l0-modal] 
[algo1a-g3-l0-modal] [36m(TrainerController pid=2557)[0m [2026-09-29 18:04:07.095 trainer_controller_actor] cell.py:239 - ft op=execute phase=end cell=trainer-engine-actor-00000 fn=init ok=true elapsed_s=7.5
[algo1a-g3-l0-modal] 
[algo1a-g3-l0-modal] [36m(TrainerController pid=2557)[0m [2026-09-29 18:04:07.095 trainer_controller_actor] cell.py:194 - ft op=state phase=start name=_mark_as_alive cell=trainer-engine-actor-00000 from_state=StateAllocatedUninitialized
[algo1a-g3-l0-modal] 
[algo1a-g3-l0-modal] [36m(TrainerController pid=2557)[0m [2026-09-29 18:04:07.095 trainer_controller_actor] cell.py:205 - ft op=state phase=end name=_mark_as_alive cell=trainer-engine-actor-00000 to_state=StateAllocatedAlive
[algo1a-g3-l0-modal] 
[algo1a-g3-l0-modal] [36m(TrainerController pid=2557)[0m [2026-09-29 18:04:07.099 trainer_controller_actor] cell.py:231 - ft op=execute phase=start cell=trainer-engine-actor-00000 fn=get_train_parallel_config n_actors=1
[algo1a-g3-l0-modal] 
[algo1a-g3-l0-modal] [36m(TrainerController pid=2557)[0m [2026-09-29 18:04:07.100 trainer_controller_actor] cell.py:239 - ft op=execute phase=end cell=trainer-engine-actor-00000 fn=get_train_parallel_config ok=true elapsed_s=0.0
[algo1a-g3-l0-modal] 
[algo1a-g3-l0-modal] [36m(TrainerController pid=2557)[0m [2026-09-29 18:04:07.142 trainer_controller_actor] cell.py:231 - ft op=execute phase=start cell=trainer-engine-actor-00000 fn=run_plugin n_actors=1
[algo1a-g3-l0-modal] 
[algo1a-g3-l0-modal] [36m(MegatronTrainRayActor pid=2861)[0m [2026-09-29 18:04:07.091 actor_cell00000_rank00000] memory_utils.py:41 - [Rank 0] Memory-Usage after offload model: {'gpu': '0', 'total_GB': 79.18, 'free_GB': 77.38, 'used_GB': 1.8, 'allocated_GB': 1.2, 'reserved_GB': 1.27}
[algo1a-g3-l0-modal] 
[algo1a-g3-l0-modal] [36m(MegatronTrainRayActor pid=2861)[0m [2026-09-29 18:04:07.092 actor_cell00000_rank00000] timer.py:42 - Timer sleep end (elapsed: 1.0s)
[algo1a-g3-l0-modal] 
[algo1a-g3-l0-modal] [36m(MegatronTrainRayActor pid=2861)[0m [2026-09-29 18:04:07.092 actor_cell00000_rank00000] structured_log.py:28 - actor cls=MegatronTrainRayActor fn=sleep phase=end ok=true elapsed_s=1.0
[algo1a-g3-l0-modal] 
[algo1a-g3-l0-modal] [36m(MegatronTrainRayActor pid=2861)[0m [2026-09-29 18:04:07.092 actor_cell00000_rank00000] timer.py:31 - Timer train_wait start
[algo1a-g3-l0-modal] 
[algo1a-g3-l0-modal] [36m(MegatronTrainRayActor pid=2861)[0m [2026-09-29 18:04:07.093 actor_cell00000_rank00000] structured_log.py:28 - actor cls=MegatronTrainRayActor fn=init phase=end ok=true elapsed_s=7.5
[algo1a-g3-l0-modal] 
[algo1a-g3-l0-modal] [36m(MegatronTrainRayActor pid=2861)[0m [2026-09-29 18:04:07.147 actor_cell00000_rank00000] structured_log.py:24 - actor cls=MegatronTrainRayActor fn=wake_up phase=start
[algo1a-g3-l0-modal] 
[algo1a-g3-l0-modal] [36m(MegatronTrainRayActor pid=2861)[0m [2026-09-29 18:04:07.147 actor_cell00000_rank00000] timer.py:31 - Timer wake_up start
[algo1a-g3-l0-modal] 
[algo1a-g3-l0-modal] [36m(MegatronTrainRayActor pid=2861)[0m [2026-09-29 18:04:07.147 actor_cell00000_rank00000] memory_utils.py:41 - [Rank 0] Memory-Usage before wake_up model: {'gpu': '0', 'total_GB': 79.18, 'free_GB': 77.38, 'used_GB': 1.8, 'allocated_GB': 1.2, 'reserved_GB': 1.27}
[algo1a-g3-l0-modal] 
[algo1a-g3-l0-modal] [36m(CommandActor pid=2561)[0m [2026-09-29 18:04:08] FlashInfer allreduce fusion is forcibly disabled via --enforce-disable-flashinfer-allreduce-fusion.
[algo1a-g3-l0-modal] 
[algo1a-g3-l0-modal] [36m(CommandActor pid=2561)[0m [2026-09-29 18:04:08] Sampling backend is set to pytorch for deterministic inference.
[algo1a-g3-l0-modal] 
[algo1a-g3-l0-modal] [36m(CommandActor pid=2561)[0m [2026-09-29 18:04:08] Attention backend not specified. Falling back to 'fa3' for deterministic inference. You can explicitly set --attention-backend to one of ['ascend', 'fa3', 'fa4', 'flashinfer', 'intel_xpu', 'triton'].
[algo1a-g3-l0-modal] 
[algo1a-g3-l0-modal] [36m(MegatronTrainRayActor pid=2861)[0m [2026-09-29 18:04:08.249 actor_cell00000_rank00000] reloadable_process_group.py:151 - Reloading 0 process groups in pid 2861
[algo1a-g3-l0-modal] 
[algo1a-g3-l0-modal] [36m(MegatronTrainRayActor pid=2861)[0m [2026-09-29 18:04:08.250 actor_cell00000_rank00000] memory_utils.py:41 - [Rank 0] Memory-Usage after wake_up model: {'gpu': '0', 'total_GB': 79.18, 'free_GB': 76.13, 'used_GB': 3.05, 'allocated_GB': 1.2, 'reserved_GB': 1.27}
[algo1a-g3-l0-modal] 
[algo1a-g3-l0-modal] [36m(MegatronTrainRayActor pid=2861)[0m [2026-09-29 18:04:08.250 actor_cell00000_rank00000] timer.py:42 - Timer wake_up end (elapsed: 1.1s)
[algo1a-g3-l0-modal] 
[algo1a-g3-l0-modal] [36m(MegatronTrainRayActor pid=2861)[0m [2026-09-29 18:04:08.251 actor_cell00000_rank00000] structured_log.py:28 - actor cls=MegatronTrainRayActor fn=wake_up phase=end ok=true elapsed_s=1.1
[algo1a-g3-l0-modal] 
[algo1a-g3-l0-modal] [36m(MegatronTrainRayActor pid=2861)[0m [2026-09-29 18:04:08.251 actor_cell00000_rank00000] auto_bridge.py:600 - Loading a model with trust_remote_code=True allows arbitrary code execution from the model repository. Only use this with models you trust.
[algo1a-g3-l0-modal] 
[algo1a-g3-l0-modal] [36m(MegatronTrainRayActor pid=2861)[0m [2026-09-29 18:04:08.397 actor_cell00000_rank00000] structured_log.py:24 - actor cls=MegatronTrainRayActor fn=sleep phase=start
[algo1a-g3-l0-modal] [36m(MegatronTrainRayActor pid=2861)[0m [2026-09-29 18:04:08.397 actor_cell00000_rank00000] timer.py:31 - Timer sleep start
[algo1a-g3-l0-modal] 
[algo1a-g3-l0-modal] [36m(MegatronTrainRayActor pid=2861)[0m [2026-09-29 18:04:09.128 actor_cell00000_rank00000] memory_utils.py:41 - [Rank 0] Memory-Usage before offload model: {'gpu': '0', 'total_GB': 79.18, 'free_GB': 76.13, 'used_GB': 3.05, 'allocated_GB': 1.2, 'reserved_GB': 1.27}
[algo1a-g3-l1-modal] [36m(pid=2549)[0m Flax classes are deprecated and will be removed in Diffusers v1.0.0. We recommend migrating to PyTorch classes or pinning your version of Diffusers.
[algo1a-g3-l1-modal] 
[algo1a-g3-l1-modal] [36m(pid=2549)[0m Flax classes are deprecated and will be removed in Diffusers v1.0.0. We recommend migrating to PyTorch classes or pinning your version of Diffusers.
[algo1a-g3-l1-modal] 
[algo1a-g3-l0-modal] 
[algo1a-g3-l0-modal] [36m(MegatronTrainRayActor pid=2861)[0m [2026-09-29 18:04:09.797 actor_cell00000_rank00000] memory_utils.py:41 - [Rank 0] Memory-Usage after offload model: {'gpu': '0', 'total_GB': 79.18, 'free_GB': 77.38, 'used_GB': 1.8, 'allocated_GB': 1.2, 'reserved_GB': 1.27}
[algo1a-g3-l0-modal] 
[algo1a-g3-l0-modal] [36m(MegatronTrainRayActor pid=2861)[0m [2026-09-29 18:04:09.797 actor_cell00000_rank00000] timer.py:42 - Timer sleep end (elapsed: 1.4s)
[algo1a-g3-l0-modal] 
[algo1a-g3-l0-modal] [36m(MegatronTrainRayActor pid=2861)[0m [2026-09-29 18:04:09.798 actor_cell00000_rank00000] structured_log.py:28 - actor cls=MegatronTrainRayActor fn=sleep phase=end ok=true elapsed_s=1.4
[algo1a-g3-l0-modal] 
[algo1a-g3-l0-modal] [36m(TrainerController pid=2557)[0m [2026-09-29 18:04:10.135 trainer_controller_actor] cell.py:239 - ft op=execute phase=end cell=trainer-engine-actor-00000 fn=run_plugin ok=true elapsed_s=3.0
[algo1a-g3-l0-modal] 
[algo1a-g3-l1-modal] [36m(pid=2549)[0m WARNING:megatron.bridge.models.muse_glimmer:Muse Glimmer Hugging Face classes are unavailable with transformers 5.12.1. Upgrade transformers to a version that supports Muse Glimmer.
[algo1a-g3-l1-modal] 
[syncer] 2026-09-29T18:04:11.627661Z  INFO yeto_syncer::server: learner connected (layout: 1 fragments) learner_id=0 generation=3484944605288231517 num_streams=4
[syncer] 2026-09-29T18:04:11.627774Z  INFO yeto_syncer::server: initialized global state iso_backend=scalar
[algo1a-g3-l1-modal] [36m(pid=2549)[0m WARNING:miles_plugins.models.qwen3_vl:megatron-bridge Qwen3VLModel lacks native CP-local vision-embed selection; CP runs with vision tokens will mis-place vision embeddings. Apply the matching Megatron-Bridge patch (radixark/Megatron-Bridge PR #9).
[algo1a-g3-l1-modal] 
[algo1a-g3-l0-modal] [36m(CommandActor pid=2561)[0m [2026-09-29 18:04:12] Compiled-kernel caches now live under SGLANG_CACHE_DIR (/root/.cache/sglang). These older directories are no longer used by sglang, but may still be used by other frameworks on this machine, so they were left alone: /root/.triton, /root/.cache/flashinfer. Remove them yourself if nothing else needs them.
[algo1a-g3-l0-modal] 
[algo1a-g3-l0-modal] [36m(CommandActor pid=2561)[0m [2026-09-29 18:04:12] Virtual expert computation enabled.
[algo1a-g3-l0-modal] 
[algo1a-g3-l0-modal] [36m(CommandActor pid=2561)[0m [2026-09-29 18:04:12] server_args={'model_path': '/root/.cache/huggingface/hub/models--Qwen--Qwen3-0.6B/snapshots/c1899de289a04d12100db370d81485cdf75e47ca', 'tokenizer_path': '/root/.cache/huggingface/hub/models--Qwen--Qwen3-0.6B/snapshots/c1899de289a04d12100db370d81485cdf75e47ca', 'tokenizer_mode': 'auto', 'tokenizer_backend': 'huggingface', 'tokenizer_worker_num': 1, 'detokenizer_worker_num': 1, 'skip_tokenizer_init': False, 'load_format': 'auto', 'model_loader_extra_config': '{}', 'trust_remote_code': True, 'context_length': None, 'is_embedding': False, 'enable_multimodal': None, 'revision': None, 'model_impl': 'auto', 'model_config_parser': 'auto', 'json_model_override_args': '{}', 'dtype': 'auto', 'quantization': None, 'quantization_param_path': None, 'kv_cache_dtype': 'auto', 'enable_fp32_lm_head': False, 'modelopt_quant': None, 'modelopt_checkpoint_restore_path': None, 'modelopt_checkpoint_save_path': None, 'modelopt_export_path': None, 'quantize_and_serve': False, 'rl_quant_profile': None, 'enable_tf32_matmul': False, 'mem_fraction_static': 0.4, 'max_running_requests': None, 'max_queued_requests': None, 'max_total_tokens': None, 'chunked_prefill_size': 8192, 'prefill_decode_interval': 0, 'enable_dynamic_chunking': False, 'max_prefill_tokens': 16384, 'prefill_max_requests': None, 'schedule_policy': 'fcfs', 'enable_priority_scheduling': False, 'disable_priority_preemption': False, 'default_priority_value': None, 'abort_on_priority_when_disabled': False, 'schedule_low_priority_values_first': False, 'priority_scheduling_preemption_threshold': 10, 'retraction_policy': 'length', 'schedule_conservativeness': 1.0, 'page_size': 1, 'c128_page_size': 16, 'swa_full_tokens_ratio': 0.8, 'disable_hybrid_swa_memory': False, 'radix_eviction_policy': 'lru', 'radix_eviction_policy_config': None, 'prefill_only_disable_kv_cache': False, 'disable_radix_cache': False, 'enable_page_major_kv_layout': False, 'enable_unified_memory': False, 'disable_chunked_prefix_cache': False, 'disable_overlap_schedule': False, 'num_continuous_decode_steps': 1, 'scheduler_recv_interval': 1, 'enable_mixed_chunk': False, 'nccl_port': 20034, 'dist_timeout': None, 'dist_init_addr': '172.20.8.163:20003', 'gated_launch_port': 20036, 'nnodes': 1, 'node_rank': 0, 'tp_size': 1, 'dcp_size': 1, 'pp_size': 1, 'pp_max_micro_batch_size': None, 'pp_async_batch_depth': 0, 'dp_size': 1, 'load_balance_method': 'round_robin', 'attn_cp_size': 1, 'moe_dp_size': 1, 'dwdp_size': 1, 'dcp_comm_backend': 'ag_rs', 'dcp_replicate_q_proj': None, 'enable_prefill_cp': False, 'cp_strategy': None, 'enable_dsa_cache_layer_split': False, 'enable_cp_decode_attn_tp': False, 'enable_dp_attention': False, 'enable_dp_attention_local_control_broadcast': False, 'enable_dp_lm_head': False, 'enable_tp_lm_head_all_to_all': False, 'enable_attn_tp_input_scattered': False, 'enable_shared_experts_attn_tp': False, 'enable_dense_mlp_attn_tp': False, 'enable_layernorm_sp': False, 'disable_attn_tp_gather': False, 'enable_p2p_check': False, 'device': 'cuda', 'base_gpu_id': 0, 'gpu_id_step': 1, 'random_seed': 17, 'mlx_enable_sampling': False, 'watchdog_timeout': 300, 'soft_watchdog_timeout': None, 'sleep_on_idle': False, 'use_ray': False, 'custom_sigquit_handler': None, 'numa_node': None, 'gc_threshold': None, 'host': '172.20.8.163', 'port': 20002, 'fastapi_root_path': '', 'smg_grpc_mode': False, 'grpc_mode': False, 'grpc_port': None, 'grpc_worker_threads': 4, 'sidecar': None, 'sidecar_args': None, 'skip_server_warmup': True, 'warmups': None, 'enable_http2': False, 'http2_max_concurrent_streams': 200, 'http2_initial_connection_window_size': 1048576, 'ssl_keyfile': None, 'ssl_certfile': None, 'ssl_ca_certs': None, 'ssl_keyfile_password': None, 'enable_ssl_refresh': False, 'api_key': None, 'admin_api_key': None, 'served_model_name': '/root/.cache/huggingface/hub/models--Qwen--Qwen3-0.6B/snapshots/c1899de289a04d12100db370d81485cdf75e47ca', 'weight_version': 'default', 'chat_template': None, 'hf_chat_template_name': None, 'completion_template': None, 'file_storage_path': 'sglang_storage', 'enable_cache_report': False, 'return_input_ids': False, 'return_output_ids': False, 'reasoning_parser': None, 'default_chat_template_kwargs': None, 'strip_thinking_cache': False, 'enable_strict_thinking': False, 'tool_call_parser': None, 'tool_server': None, 'sampling_defaults': 'model', 'asr_max_buffer_seconds': 60, 'asr_max_concurrent_sessions': 32, 'preferred_sampling_params': None, 'allow_auto_truncate': False, 'stream_interval': 1, 'batch_notify_size': 16, 'stream_response_default_include_usage': False, 'incremental_streaming_output': False, 'enable_streaming_session': False, 'enable_session_radix_cache': False, 'log_level': 'info', 'log_level_http': None, 'log_requests': False, 'log_requests_level': 2, 'log_requests_format': 'text', 'log_requests_target': None, 'uvicorn_access_log_exclude_prefixes': [], 'crash_dump_folder': None, 'show_time_cost': False, 'enable_metrics': True, 'smg_http_sidecar_port': None, 'enable_mfu_metrics': False, 'enable_metrics_for_all_schedulers': False, 'load_snapshot_publish_interval': 15, 'tokenizer_metrics_custom_labels_header': 'x-custom-labels', 'tokenizer_metrics_allowed_custom_labels': None, 'extra_metric_labels': None, 'bucket_time_to_first_token': None, 'bucket_inter_token_latency': None, 'bucket_e2e_request_latency': None, 'prompt_tokens_buckets': None, 'generation_tokens_buckets': None, 'gc_warning_threshold_secs': 0.0, 'decode_log_interval': 40, 'enable_request_time_stats_logging': False, 'kv_events_config': None, 'load_publish_endpoint': None, 'enable_forward_pass_metrics': False, 'forward_pass_metrics_worker_id': '', 'forward_pass_metrics_ipc_name': None, 'enable_trace': False, 'trace_modules': 'request', 'otlp_traces_endpoint': 'localhost:4317', 'export_metrics_to_file': False, 'export_metrics_to_file_dir': None, 'stat_loggers': None, 'constrained_json_whitespace_pattern': None, 'constrained_json_disable_any_whitespace': False, 'attention_backend': 'fa3', 'decode_attention_backend': None, 'enable_lean_attention': None, 'prefill_attention_backend': None, 'sampling_backend': 'pytorch', 'grammar_backend': 'xgrammar', 'radix_cache_backend': None, 'mm_attention_backend': None, 'fp8_gemm_runner_backend': 'auto', 'fp4_gemm_runner_backend': 'auto', 'bf16_gemm_backend': 'auto', 'dsa_prefill_backend': None, 'dsv4_prefill_backend': 'auto', 'dsa_decode_backend': None, 'dsa_paged_mqa_logits_backend': 'auto', 'dsa_topk_backend': 'sgl-kernel', 'disable_flashinfer_autotune': False, 'flashinfer_autotune_skip_ops': None, 'mamba_backend': 'triton', 'cuda_graph_config': {'decode': {'backend': 'full', 'max_bs': 256, 'bs': [1, 2, 4, 8, 12, 16, 24, 32, 40, 48, 56, 64, 72, 80, 88, 96, 104, 112, 120, 128, 136, 144, 152, 160, 168, 176, 184, 192, 200, 208, 216, 224, 232, 240, 248, 256], 'tc_compiler': 'eager', 'full_prefill_max_req': None, 'full_prefill_prefix_chunk_tokens': None}, 'prefill': {'backend': 'disabled', 'max_bs': 8192, 'bs': [4, 8, 12, 16, 20, 24, 28, 32, 48, 64, 80, 96, 112, 128, 144, 160, 176, 192, 208, 224, 240, 256, 288, 320, 352, 384, 416, 448, 480, 512, 576, 640, 704, 768, 832, 896, 960, 1024, 1280, 1536, 1792, 2048, 2304, 2560, 2816, 3072, 3328, 3584, 3840, 4096, 4608, 5120, 5632, 6144, 6656, 7168, 7680, 8192], 'tc_compiler': 'eager', 'full_prefill_max_req': None, 'full_prefill_prefix_chunk_tokens': None}}, 'cuda_graph_backend_decode': None, 'cuda_graph_backend_prefill': 'disabled', 'cuda_graph_max_bs_decode': None, 'cuda_graph_max_bs_prefill': None, 'cuda_graph_bs_decode': None, 'cuda_graph_bs_prefill': None, 'cuda_graph_tc_compiler': None, 'disable_prefill_cuda_graph': False, 'disable_decode_cuda_graph': False, 'disable_cuda_graph': False, 'disable_cuda_graph_padding': False, 'enable_profile_cuda_graph': False, 'enable_cudagraph_gc': False, 'debug_cuda_graph': False, 'enable_layerwise_nvtx_marker': False, 'enable_nccl_nvls': False, 'enable_symm_mem': False, 'triton_attention_reduce_in_fp32': False, 'triton_attention_num_kv_splits': 8, 'triton_attention_split_tile_size': None, 'flashinfer_mla_disable_ragged': False, 'enable_fused_qk_norm_rope': False, 'enable_precise_e
[algo1a-g3-l0-modal] mbedding_interpolation': False, 'enable_fused_moe_sum_all_reduce': False, 'enable_deepseek_v4_fp4_indexer': False, 'disable_custom_all_reduce': False, 'enable_mscclpp': False, 'enable_torch_symm_mem': False, 'enable_scattered_sconv': False, 'pre_warm_nccl': False, 'enable_quant_communications': False, 'enable_flashinfer_allreduce_fusion': False, 'enforce_disable_flashinfer_allreduce_fusion': True, 'flashinfer_allreduce_fusion_backend': None, 'enable_aiter_allreduce_fusion': False, 'enable_torch_compile': False, 'enable_torch_compile_debug_mode': False, 'torch_compile_max_bs': 32, 'speculative_algorithm': None, 'uno_lora_path': None, 'speculative_draft_model_path': None, 'speculative_draft_model_revision': None, 'speculative_draft_load_format': None, 'speculative_num_steps': None, 'speculative_eagle_topk': None, 'speculative_num_draft_tokens': None, 'speculative_dflash_block_size': None, 'speculative_dspark_block_size': None, 'speculative_dspark_sps_table_path': None, 'speculative_dspark_confidence_sts_path': None, 'speculative_dspark_align_verify_tokens_to_graph_tier': False, 'speculative_accept_threshold_single': 1.0, 'speculative_accept_threshold_acc': 1.0, 'speculative_use_rejection_sampling': False, 'speculative_token_map': None, 'speculative_attention_mode': 'prefill', 'speculative_draft_attention_backend': None, 'speculative_dsa_topk_backend': 'sgl-kernel', 'speculative_draft_kv_cache_dtype': None, 'speculative_draft_window_size': None, 'speculative_moe_runner_backend': 'auto', 'speculative_moe_a2a_backend': None, 'speculative_draft_model_quantization': None, '_speculative_draft_quantization_explicitly_set': False, 'speculative_skip_dp_mlp_sync': False, 'enable_multi_layer_eagle': False, 'speculative_adaptive': False, 'speculative_adaptive_config': None, 'decoupled_spec_bind_endpoint': None, 'decoupled_spec_connect_endpoints': None, 'decoupled_spec_rank': None, 'decoupled_spec_role': 'null', 'spec_trace_dir': None, 'speculative_ngram_min_bfs_breadth': 1, 'speculative_ngram_max_bfs_breadth': 10, 'speculative_ngram_match_type': 'BFS', 'speculative_ngram_max_trie_depth': 18, 'speculative_ngram_capacity': 10000000, 'speculative_ngram_external_corpus_path': None, 'speculative_ngram_external_sam_budget': 0, 'speculative_ngram_external_corpus_max_tokens': 10000000, 'ep_size': 1, 'moe_a2a_backend': 'none', 'enable_w4a4_mxfp4_megamoe': False, 'deepep_v2_mode': 'direct', 'moe_runner_backend': 'auto', 'flashinfer_mxfp4_moe_precision': 'default', 'deepep_mode': 'auto', 'fuseep_mode': 2, 'deepep_dispatcher_output_dtype': 'auto', 'ep_num_redundant_experts': 0, 'ep_dispatch_algorithm': None, 'init_expert_location': 'trivial', 'enable_eplb': False, 'eplb_algorithm': 'auto', 'eplb_rebalance_num_iterations': 1000, 'eplb_rebalance_layers_per_chunk': None, 'eplb_min_rebalancing_utilization_threshold': 1.0, 'expert_distribution_recorder_mode': None, 'expert_distribution_recorder_buffer_size': 1000, 'expert_balancedness_report_mode': 'off', 'deepep_config': None, 'moe_dense_tp_size': None, 'elastic_ep_backend': None, 'enable_elastic_expert_backup': False, 'mooncake_ib_device': None, 'enable_waterfill': False, 'ep_join_mode': None, 'ep_join_rank_offset': 0, 'elastic_ep_initial_size': None, 'max_ep_size': None, 'elastic_ep_scale_timeout': 600, 'elastic_ep_rejoin': False, 'disable_flashinfer_cutlass_moe_fp4_allgather': False, 'disable_shared_experts_fusion': False, 'enforce_shared_experts_fusion': False, 'max_mamba_cache_size': None, 'mamba_ssm_dtype': None, 'mamba_max_states_per_path': -1, 'enable_mamba_cache_stochastic_rounding': False, 'mamba_cache_philox_rounds': 0, 'mamba_full_memory_ratio': 0.9, 'mamba_radix_cache_strategy': 'auto', 'uses_mamba_radix_cache': False, 'mamba_track_interval': 256, 'enable_int8_mamba_checkpoint': False, 'int8_mamba_ckpt_size': None, 'linear_attn_backend': 'triton', 'linear_attn_decode_backend': None, 'linear_attn_prefill_backend': None, 'linear_attn_verify_backend': None, 'enable_linear_replayssm': False, 'linear_replayssm_cache_len': 16, 'enable_linear_replayssm_spec': False, 'enable_hierarchical_cache': False, 'hicache_host_memory_mode': 'cache', 'hicache_ratio': 2.0, 'hicache_size': 0, 'hicache_write_policy': 'write_through', 'hicache_io_backend': 'kernel', 'hicache_mem_layout': 'page_first', 'hicache_storage_backend': None, 'hicache_storage_prefetch_policy': 'timeout', 'hicache_storage_backend_extra_config': None, 'hicache_storage_prefetch_retry_poll_interval': 8, 'hicache_storage_prefetch_retry_max_attempts': 8, 'enable_unified_cache_external_linker': False, 'unified_cache_external_linker_backend': 'mooncake', 'enable_hisparse': False, 'hisparse_config': None, 'enable_broadcast_mm_inputs_process': False, 'enable_prefix_mm_cache': False, 'mm_enable_dp_encoder': False, 'mm_process_config': {}, 'mm_processor_worker_num': 0, 'mm_io_worker_num': 0, 'allowed_media_domains': [], 'media_url_max_file_size_mb': 64, 'mm_preprocess_cache_size_mb': None, 'trust_mm_content_hashes': False, 'limit_mm_data_per_request': None, 'enable_mm_global_cache': False, 'image_processor_backend': 'auto', 'mm_global_cache_backend': 'mooncake', 'disable_fast_image_processor': False, 'mm_feature_transport': 'cpu', 'keep_mm_feature_on_device': False, 'enable_lora': True, 'enable_lora_overlap_loading': False, 'max_lora_rank': 16, 'lora_target_modules': {'gate_proj', 'v_proj', 'o_proj', 'k_proj', 'up_proj', 'down_proj', 'q_proj'}, 'lora_paths': [], 'max_loaded_loras': None, 'max_loras_per_batch': 1, 'lora_eviction_policy': 'lru', 'lora_backend': 'csgmv', 'max_lora_chunk_size': 16, 'experts_shared_outer_loras': None, 'lora_use_virtual_experts': True, 'lora_strict_loading': False, 'lora_no_cpu_backup': False, 'lora_drain_wait_threshold': 0.0, 'enable_two_batch_overlap': False, 'enable_single_batch_overlap': False, 'tbo_token_distribution_threshold': 0.48, 'cpu_offload_gb': 0, 'offload_group_size': -1, 'offload_num_in_group': 1, 'offload_prefetch_step': 1, 'offload_mode': 'cpu', 'enable_lmcache': False, 'lmcache_config_file': None, 'enable_flexkv': False, 'flexkv_config_file': None, 'kt_weight_path': None, 'kt_method': 'AMXINT4', 'kt_cpuinfer': None, 'kt_threadpool_count': 2, 'kt_num_gpu_experts': None, 'kt_max_deferred_experts_per_token': None, 'dllm_algorithm': None, 'dllm_algorithm_config': None, 'dllm_fdfo': True, 'disaggregation_mode': 'null', 'disaggregation_transfer_backend': 'mooncake', 'disaggregation_bootstrap_port': 8998, 'disaggregation_ib_device': None, 'disaggregation_decode_enable_radix_cache': False, 'disaggregation_decode_enable_offload_kvcache': False, 'disaggregation_decode_retraction_backup': None, 'num_reserved_decode_tokens': 512, 'disaggregation_decode_extra_slots': None, 'disaggregation_decode_polling_interval': 1, 'optimistic_prefill_attempts': 0, 'encoder_only': False, 'language_only': False, 'language_model_only': False, 'encoder_transfer_backend': 'zmq_to_scheduler', 'encoder_urls': [], 'encoder_bootstrap_port': 8997, 'encoder_register_urls': [], 'enable_adaptive_dispatch_to_encoder': False, 'enable_pdmux': False, 'pdmux_config_path': None, 'sm_group_num': 8, 'startup_weight_load_mode': 'serial', 'custom_weight_loader': [], 'weight_loader_disable_mmap': False, 'weight_loader_prefetch_checkpoints': False, 'weight_loader_prefetch_num_threads': 4, 'weight_loader_drop_cache_after_load': False, 'remote_instance_weight_loader_seed_instance_ip': None, 'remote_instance_weight_loader_seed_instance_service_port': None, 'remote_instance_weight_loader_send_weights_group_ports': None, 'remote_instance_weight_loader_backend': 'nccl', 'remote_instance_weight_loader_start_seed_via_transfer_engine': False, 'engine_info_bootstrap_port': 20035, 'modelexpress_config': None, 'download_dir': None, 'model_checksum': None, 'delete_ckpt_after_loading': False, 'decrypted_config_file': None, 'decrypted_draft_config_file': None, 'checkpoint_engine_wait_weights_before_ready': False, 'enable_prefill_delayer': False, 'prefill_delayer_max_delay_passes': 30, 'prefill_delayer_token_usage_low_watermark': None, 'prefill_delayer_forward_passes_buckets': None, 'prefill_delayer_wait_seconds_buckets': None, 'prefill_delayer_queue_min_ratio': None, 'prefill_delayer_
[algo1a-g3-l0-modal] max_delay_ms': None, 'min_free_slots_delay': None, 'enable_deterministic_inference': True, 'rl_on_policy_target': None, 'kv_canary': 'none', 'kv_canary_real_data': 'none', 'kv_canary_sweep_interval': 0, 'enable_dynamic_batch_tokenizer': False, 'dynamic_batch_tokenizer_batch_size': 32, 'dynamic_batch_tokenizer_batch_timeout': 0.002, 'enable_tokenizer_batch_encode': False, 'disable_tokenizer_batch_decode': False, 'debug_tensor_dump_output_folder': None, 'debug_tensor_dump_layers': None, 'debug_tensor_dump_input_file': None, 'enable_memory_saver': True, 'enable_weights_cpu_backup': True, 'enable_weights_disk_backup': False, 'enable_draft_weights_cpu_backup': True, 'enable_custom_logit_processor': False, 'enable_return_hidden_states': False, 'return_hidden_states_mode': None, 'enable_return_routed_experts': False, 'enable_return_indexer_topk': False, 'sampling_mask_max_tokens': 4096, 'disable_outlines_disk_cache': False, 'enable_mis': False, 'weight_cache_mode': 'off', 'weight_cache_socket': None, 'weight_cache_timeout': 1800, 'forward_hooks': None, 'msprobe_dump_config': None, 'custom_pull_weights_pre_read_hook': None, 'enable_engine_info_bootstrap': False, 'enable_rdt_weight_sync': False, 'enable_prefill_only_deterministic_inference': False, 'true_on_policy_contract': None, 'ple_offload_embedding': None, 'ple_offload_backend': 'pinned', 'ple_offload_dir': None, 'speculative_domino_candidate_pool_size': 2048, 'flashinfer_a2a_dispatch_type': None, 'disable_draft_cuda_graph': False, 'dsv4_attn_backend': 'auto', '_radix_eviction_policy_explicitly_set': False, 'enable_response_store': False}
[algo1a-g3-l0-modal] 
[algo1a-g3-l1-modal] [36m(RayWorkerManager pid=2280)[0m [2026-09-29 18:04:13.635 worker_manager] inference.py:186 - Launch router with args: {'worker_urls': [], 'policy': 'cache_aware', 'prefill_policy': None, 'decode_policy': None, 'cache_threshold': 0.3, 'balance_abs_threshold': 64, 'balance_rel_threshold': 1.5, 'bucket_adjust_interval_secs': 5, 'eviction_interval_secs': 60, 'max_tree_size': 67108864, 'max_idle_secs': 14400, 'assignment_mode': 'random', 'max_payload_size': 536870912, 'dp_aware': False, 'enable_igw': False, 'allow_requests_without_routing_key': False, 'mini_lb': False, 'test_external_dp_routing': False, 'pd_disaggregation': False, 'prefill': None, 'decode': None, 'worker_startup_timeout_secs': 1800, 'worker_startup_check_interval': 30, 'log_dir': None, 'log_level': 'warn', 'json_log': False, 'service_discovery': False, 'selector': {}, 'service_discovery_port': 80, 'service_discovery_namespace': None, 'prefill_selector': {}, 'decode_selector': {}, 'prometheus_port': 20001, 'prometheus_host': '0.0.0.0', 'prometheus_duration_buckets': None, 'request_id_headers': None, 'request_timeout_secs': 14400, 'shutdown_grace_period_secs': 180, 'cors_allowed_origins': [], 'max_concurrent_requests': -1, 'queue_size': 100, 'queue_timeout_secs': 60, 'rate_limit_tokens_per_second': None, 'retry_max_retries': 5, 'retry_initial_backoff_ms': 50, 'retry_max_backoff_ms': 30000, 'retry_backoff_multiplier': 1.5, 'retry_jitter_factor': 0.2, 'disable_retries': False, 'cb_failure_threshold': 10, 'cb_success_threshold': 3, 'cb_timeout_duration_secs': 60, 'cb_window_duration_secs': 120, 'disable_circuit_breaker': False, 'health_failure_threshold': 3, 'health_success_threshold': 2, 'health_check_timeout_secs': 5, 'health_check_interval_secs': 60, 'health_check_endpoint': '/health', 'disable_health_check': False, 'model_path': None, 'tokenizer_path': None, 'chat_template': None, 'tokenizer_cache_enable_l0': False, 'tokenizer_cache_l0_max_entries': 10000, 'tokenizer_cache_enable_l1': False, 'tokenizer_cache_l1_max_memory': 52428800, 'reasoning_parser': None, 'tool_call_parser': None, 'mcp_config_path': None, 'backend': 'sglang', 'history_backend': 'memory', 'oracle_wallet_path': None, 'oracle_tns_alias': None, 'oracle_connect_descriptor': None, 'oracle_username': None, 'oracle_password': None, 'oracle_pool_min': 1, 'oracle_pool_max': 16, 'oracle_pool_timeout_secs': 30, 'postgres_db_url': None, 'postgres_pool_max': 16, 'redis_url': None, 'redis_pool_max': 16, 'redis_retention_days': 30, 'client_cert_path': None, 'client_key_path': None, 'ca_cert_paths': [], 'tls_cert_path': None, 'tls_key_path': None, 'enable_trace': False, 'otlp_traces_endpoint': 'localhost:4317', 'api_key': None, 'control_plane_api_keys': [], 'control_plane_audit_enabled': False, 'jwt_issuer': None, 'jwt_audience': None, 'jwt_jwks_uri': None, 'jwt_role_mapping': [], 'host': '172.20.9.67', 'port': 20000}
[algo1a-g3-l1-modal] 
[algo1a-g3-l1-modal] [36m(RayWorkerManager pid=2280)[0m [2026-09-29 18:04:13.640 worker_manager] sglang_engine.py:169 - No pre-trained LoRA adapter_path provided, will use random initial weights
[algo1a-g3-l1-modal] 
[algo1a-g3-l1-modal] [36m(RayWorkerManager pid=2280)[0m [2026-09-29 18:04:13.640 worker_manager] sglang_engine.py:178 - LoRA + colocate: enabling SGLang enable_weights_cpu_backup=True; the trainer will skip per-step base weight sync.
[algo1a-g3-l1-modal] 
[algo1a-g3-l1-modal] [36m(CommandActor pid=2540)[0m [process_trampoline pid=3373] bound to parent 2540; exec ['/bin/sh', '-c', 'exec /opt/sglang/bin/python3 -m sglang_router.launch_router --log-level warn --prometheus-port 20001 --request-timeout-secs 14400 --host 172.20.9.67 --port 20000']
[algo1a-g3-l1-modal] 
[algo1a-g3-l1-modal] [36m(CommandActor pid=2544)[0m [process_trampoline pid=3375] bound to parent 2544; exec ['/bin/sh', '-c', 'exec /opt/sglang/bin/python3 -m sglang.launch_server --trust-remote-code --model-path /root/.cache/huggingface/hub/models--Qwen--Qwen3-0.6B/snapshots/c1899de289a04d12100db370d81485cdf75e47ca --host 172.20.9.67 --port 20002 --device cuda --random-seed 17 --enable-memory-saver --nccl-port 20034 --dist-init-addr 172.20.9.67:20003 --gated-launch-port 20036 --skip-server-warmup --enable-draft-weights-cpu-backup --enable-metrics --engine-info-bootstrap-port 20035 --enable-lora --max-loras-per-batch 1 --max-lora-rank 16 --lora-target-modules down_proj gate_proj k_proj o_proj q_proj up_proj v_proj --enable-weights-cpu-backup --mem-fraction-static 0.4 --cuda-graph-backend-prefill disabled --lora-use-virtual-experts --enable-deterministic-inference']
[algo1a-g3-l1-modal] 
[algo1a-g3-l0-modal] [36m(CommandActor pid=2561)[0m [2026-09-29 18:04:13] Using default HuggingFace chat template with detected content format: string
[algo1a-g3-l0-modal] [36m(CommandActor pid=2561)[0m [2026-09-29 18:04:14] Auto-detected template features: reasoning_config=ReasoningToggleConfig(toggle_param='enable_thinking', default_enabled=True, special_case=None, effort_kwarg=None), reasoning_parser=qwen3, tool_call_parser=qwen
[algo1a-g3-l0-modal] 
[algo1a-g3-l1-modal] [2026-09-29 18:04:14.704 main] router_manager.py:64 - Router ready at host='172.20.9.67' port=20000 external_host=None
[algo1a-g3-l1-modal] [36m(RolloutExecutor pid=2542)[0m [2026-09-29 18:04:14.784 rollout_executor] router_manager.py:64 - Router ready at host='172.20.9.67' port=20000 external_host=None
[algo1a-g3-l1-modal] 
[algo1a-g3-l1-modal] [36m(InferenceController pid=2543)[0m [2026-09-29 18:04:14.754 inference_controller] reporter.py:90 - audit op=env_report_summary hostname=modal versions="{\"python\":\"3.12.3\",\"platform\":\"Linux-4.19.0-gvisor-x86_64-with-glibc2.39\",\"torch\":\"2.13.0+cu130\",\"torch_cuda\":\"13.0\"}" repos="{}" num_packages=0 num_env_vars=109 packages_probed=false stored=false
[algo1a-g3-l1-modal] 
[algo1a-g3-l1-modal] [36m(InferenceController pid=2543)[0m [2026-09-29 18:04:14.769 inference_controller] router_manager.py:64 - Router ready at host='172.20.9.67' port=20000 external_host=None
[algo1a-g3-l1-modal] 
[algo1a-g3-l0-modal] [36m(CommandActor pid=2561)[0m /opt/sglang/lib/python3.12/site-packages/huggingface_hub/constants.py:301: FutureWarning: The `HF_HUB_ENABLE_HF_TRANSFER` environment variable is deprecated as 'hf_transfer' is not used anymore. Please use `HF_XET_HIGH_PERFORMANCE` instead to enable high performance transfer with Xet. Visit https://huggingface.co/docs/huggingface_hub/package_reference/environment_variables#hfxethighperformance for more details.
[algo1a-g3-l0-modal] 
[algo1a-g3-l0-modal] [36m(CommandActor pid=2561)[0m   warnings.warn(
[algo1a-g3-l0-modal] 
[algo1a-g3-l0-modal] [36m(CommandActor pid=2561)[0m /opt/sglang/lib/python3.12/site-packages/huggingface_hub/constants.py:301: FutureWarning: The `HF_HUB_ENABLE_HF_TRANSFER` environment variable is deprecated as 'hf_transfer' is not used anymore. Please use `HF_XET_HIGH_PERFORMANCE` instead to enable high performance transfer with Xet. Visit https://huggingface.co/docs/huggingface_hub/package_reference/environment_variables#hfxethighperformance for more details.
[algo1a-g3-l0-modal] 
[algo1a-g3-l0-modal] [36m(CommandActor pid=2561)[0m   warnings.warn(
[algo1a-g3-l0-modal] 
[algo1a-g3-l1-modal] [36m(CommandActor pid=2544)[0m /opt/sglang/lib/python3.12/site-packages/huggingface_hub/constants.py:301: FutureWarning: The `HF_HUB_ENABLE_HF_TRANSFER` environment variable is deprecated as 'hf_transfer' is not used anymore. Please use `HF_XET_HIGH_PERFORMANCE` instead to enable high performance transfer with Xet. Visit https://huggingface.co/docs/huggingface_hub/package_reference/environment_variables#hfxethighperformance for more details.
[algo1a-g3-l1-modal] 
[algo1a-g3-l1-modal] [36m(CommandActor pid=2544)[0m   warnings.warn(
[algo1a-g3-l1-modal] 
[algo1a-g3-l1-modal] [36m(RolloutExecutor pid=2542)[0m [2026-09-29 18:04:18.280 rollout_executor] data.py:133 - Filtered 0 samples longer than max_length=1023.
[algo1a-g3-l1-modal] 
[algo1a-g3-l1-modal] [36m(InferenceController pid=2543)[0m [2026-09-29 18:04:18.951 inference_controller] reporter.py:90 - audit op=env_report_summary hostname=modal versions="{\"python\":\"3.12.3\",\"platform\":\"Linux-4.19.0-gvisor-x86_64-with-glibc2.39\",\"miles\":\"0.1.1\",\"sglang\":\"0.5.21.dev67+g9f29303\",\"sglang-router\":\"0.3.2\",\"megatron-core\":\"0.19.0+a84b10547\",\"transformers\":\"5.12.1\",\"ray\":\"2.58.0\",\"flashinfer-python\":\"0.6.18\",\"torch\":\"2.13.0+cu130\",\"torch_cuda\":\"13.0\"}" repos="{\"miles\":\"0394715083c91182b5eb0c526eeee4196ac694b9\",\"megatron-core\":\"a84b105473eca9c9c6e49dbf1c8aa460c5cf796e\",\"sglang\":\"9f29303bef1eea38eb613e5f454a52db1326422d\"}" num_packages=425 num_env_vars=109 packages_probed=true stored=false
[algo1a-g3-l1-modal] 
[algo1a-g3-l1-modal] [36m(RolloutExecutor pid=2542)[0m [2026-09-29 18:04:19.450 rollout_executor] rollout_executor.py:117 - import miles.rollout.inference_rollout.inference_rollout_common.InferenceRolloutFn as generate_rollout function.
[algo1a-g3-l1-modal] 
[algo1a-g3-l1-modal] [36m(RolloutExecutor pid=2542)[0m [2026-09-29 18:04:19.450 rollout_executor] rollout_executor.py:118 - import miles.rollout.inference_rollout.inference_rollout_common.InferenceRolloutFn as eval_generate_rollout function.
[algo1a-g3-l1-modal] 
[algo1a-g3-l1-modal] [36m(TrainerController pid=2549)[0m [2026-09-29 18:04:19.515 trainer_controller_actor] reporter.py:90 - audit op=env_report_summary hostname=modal versions="{\"python\":\"3.12.3\",\"platform\":\"Linux-4.19.0-gvisor-x86_64-with-glibc2.39\",\"torch\":\"2.13.0+cu130\",\"torch_cuda\":\"13.0\"}" repos="{}" num_packages=0 num_env_vars=109 packages_probed=false stored=false
[algo1a-g3-l1-modal] 
[algo1a-g3-l1-modal] [36m(TrainerController pid=2549)[0m Using blocking ray.get inside async actor. This blocks the event loop. Please use `await` on object ref with asyncio.gather if you want to yield execution to the event loop instead.
[algo1a-g3-l1-modal] 
[algo1a-g3-l1-modal] [36m(TrainerController pid=2549)[0m [2026-09-29 18:04:21.261 trainer_controller_actor] cell.py:231 - ft op=execute phase=start cell=trainer-engine-actor-00000 fn=configure_master_addr_and_port n_actors=1
[algo1a-g3-l1-modal] 
[algo1a-g3-l1-modal] [36m(TrainerController pid=2549)[0m [2026-09-29 18:04:21.266 trainer_controller_actor] cell.py:239 - ft op=execute phase=end cell=trainer-engine-actor-00000 fn=configure_master_addr_and_port ok=true elapsed_s=0.0
[algo1a-g3-l1-modal] 
[algo1a-g3-l1-modal] [36m(TrainerController pid=2549)[0m [2026-09-29 18:04:21.266 trainer_controller_actor] cell.py:231 - ft op=execute phase=start cell=trainer-engine-actor-00000 fn=init n_actors=1
[algo1a-g3-l1-modal] 
[algo1a-g3-l1-modal] [36m(MegatronTrainRayActor pid=2849)[0m [2026-09-29 18:04:21.273 actor_cell00000_rank00000] structured_log.py:24 - actor cls=MegatronTrainRayActor fn=init phase=start
[algo1a-g3-l1-modal] 
[algo1a-g3-l1-modal] [36m(MegatronTrainRayActor pid=2849)[0m [2026-09-29 18:04:21.273 actor_cell00000_rank00000] reloadable_process_group.py:21 - Applying monkey patch to torch.distributed
[algo1a-g3-l1-modal] 
[algo1a-g3-l1-modal] [36m(MegatronTrainRayActor pid=2849)[0m [2026-09-29 18:04:21.380 actor_cell00000_rank00000] reporter.py:90 - audit op=env_report_summary hostname=modal versions="{\"python\":\"3.12.3\",\"platform\":\"Linux-4.19.0-gvisor-x86_64-with-glibc2.39\",\"torch\":\"2.13.0+cu130\",\"torch_cuda\":\"13.0\"}" repos="{}" num_packages=0 num_env_vars=130 packages_probed=false stored=false
[algo1a-g3-l1-modal] 
[algo1a-g3-l1-modal] [36m(MegatronTrainRayActor pid=2849)[0m [2026-09-29 18:04:21.436 actor_cell00000_rank00000] train_actor.py:161 - Warning: Failed to set NUMA affinity: Unknown Error
[algo1a-g3-l1-modal] 
[algo1a-g3-l1-modal] [36m(MegatronTrainRayActor pid=2849)[0m [2026-09-29 18:04:21.456 actor_cell00000_rank00000] initialize.py:46 - > setting random seeds to 17 ...
[algo1a-g3-l1-modal] 
[algo1a-g3-l1-modal] [36m(MegatronTrainRayActor pid=2849)[0m [2026-09-29 18:04:23.138 actor_cell00000_rank00000] actor.py:183 - Set torch_memory_saver.memory_margin_bytes to 1073741824
[algo1a-g3-l1-modal] 
[algo1a-g3-l1-modal] [36m(MegatronTrainRayActor pid=2849)[0m /root/Megatron-LM/megatron/core/models/mimo/config/base_configs.py:12: UserWarning: MimoModelConfig is experimental and still under active development. The API may change without notice in future releases.
[algo1a-g3-l1-modal] 
[algo1a-g3-l1-modal] [36m(MegatronTrainRayActor pid=2849)[0m   class MimoModelConfig:
[algo1a-g3-l1-modal] 
[algo1a-g3-l1-modal] [36m(TrainerController pid=2549)[0m [2026-09-29 18:04:23.481 trainer_controller_actor] reporter.py:90 - audit op=env_report_summary hostname=modal versions="{\"python\":\"3.12.3\",\"platform\":\"Linux-4.19.0-gvisor-x86_64-with-glibc2.39\",\"miles\":\"0.1.1\",\"sglang\":\"0.5.21.dev67+g9f29303\",\"sglang-router\":\"0.3.2\",\"megatron-core\":\"0.19.0+a84b10547\",\"transformers\":\"5.12.1\",\"ray\":\"2.58.0\",\"flashinfer-python\":\"0.6.18\",\"torch\":\"2.13.0+cu130\",\"torch_cuda\":\"13.0\"}" repos="{\"miles\":\"0394715083c91182b5eb0c526eeee4196ac694b9\",\"megatron-core\":\"a84b105473eca9c9c6e49dbf1c8aa460c5cf796e\",\"sglang\":\"9f29303bef1eea38eb613e5f454a52db1326422d\"}" num_packages=425 num_env_vars=109 packages_probed=true stored=false
[algo1a-g3-l1-modal] 
[algo1a-g3-l1-modal] [36m(MegatronTrainRayActor pid=2849)[0m [2026-09-29 18:04:23.407 actor_cell00000_rank00000] auto_bridge.py:600 - Loading a model with trust_remote_code=True allows arbitrary code execution from the model repository. Only use this with models you trust.
[algo1a-g3-l1-modal] 
[algo1a-g3-l1-modal] [36m(MegatronTrainRayActor pid=2849)[0m /opt/sglang/lib/python3.12/site-packages/megatron/bridge/models/qwen/qwen3_bridge.py:45: FutureWarning: Qwen3Bridge.provider_bridge() and AutoBridge.to_megatron_provider() are deprecated for builder-backed models. Use AutoBridge.get_model_config() for training recipes or AutoBridge.get_model() to construct a model. Legacy provider support will be removed in a future release.
[algo1a-g3-l1-modal] 
[algo1a-g3-l1-modal] [36m(MegatronTrainRayActor pid=2849)[0m   provider = super().provider_bridge(hf_pretrained)
[algo1a-g3-l1-modal] 
[algo1a-g3-l1-modal] [36m(MegatronTrainRayActor pid=2849)[0m [transformers] `torch_dtype` is deprecated! Use `dtype` instead!
[algo1a-g3-l1-modal] 
[algo1a-g3-l1-modal] [36m(MegatronTrainRayActor pid=2849)[0m /root/Megatron-LM/megatron/core/transformer/transformer_config.py:3249: UserWarning: full scope is deprecated. Use empty cuda_graph_modules to capture the whole layer.
[algo1a-g3-l1-modal] 
[algo1a-g3-l1-modal] [36m(MegatronTrainRayActor pid=2849)[0m   warnings.warn(
[algo1a-g3-l1-modal] 
[algo1a-g3-l1-modal] [36m(MegatronTrainRayActor pid=2849)[0m [2026-09-29 18:04:23.463 actor_cell00000_rank00000] utils.py:121 - Patched _ParamAndGradBuffer.__init__ for LoRA colocate mode (disable cpu backup)
[algo1a-g3-l1-modal] 
[algo1a-g3-l1-modal] [36m(MegatronTrainRayActor pid=2849)[0m /root/Megatron-LM/megatron/core/models/gpt/gpt_layer_specs.py:225: UserWarning: The fp8 argument in "get_gpt_layer_with_transformer_engine_spec" has been deprecated and will be removed soon. Please update your code accordingly.
[algo1a-g3-l1-modal] 
[algo1a-g3-l1-modal] [36m(MegatronTrainRayActor pid=2849)[0m   warnings.warn(
[algo1a-g3-l1-modal] 
[algo1a-g3-l1-modal] [36m(CommandActor pid=2544)[0m /root/sglang/python/sglang/launch_server.py:71: UserWarning: 'python -m sglang.launch_server' is still supported, but 'sglang serve' is the recommended entrypoint.
[algo1a-g3-l1-modal] 
[algo1a-g3-l1-modal] [36m(CommandActor pid=2544)[0m   Example: sglang serve --model-path <model> [options]
[algo1a-g3-l1-modal] 
[algo1a-g3-l1-modal] [36m(MegatronTrainRayActor pid=2849)[0m [2026-09-29 18:04:24.523 actor_cell00000_rank00000] utils.py:158 - Created CanonicalLoRA: rank=16, alpha=16, dropout=0.0, target_modules=['decoder.layers.*.self_attention.linear_proj', 'decoder.layers.*.mlp.linear_fc2', 'decoder.layers.*.self_attention.linear_k', 'decoder.layers.*.self_attention.linear_q', 'decoder.layers.*.self_attention.linear_v', 'decoder.layers.*.mlp.linear_fc1_up', 'decoder.layers.*.mlp.linear_fc1_gate']
[algo1a-g3-l1-modal] 
[algo1a-g3-l1-modal] [36m(MegatronTrainRayActor pid=2849)[0m  > number of parameters on (tensor, pipeline) model parallel rank (0, 0): 606142464
[algo1a-g3-l1-modal] 
[algo1a-g3-l1-modal] [36m(MegatronTrainRayActor pid=2849)[0m [2026-09-29 18:04:25.397 actor_cell00000_rank00000] checkpoint.py:215 - Load checkpoint from HuggingFace model into Megatron (path=/root/.cache/huggingface/hub/models--Qwen--Qwen3-0.6B/snapshots/c1899de289a04d12100db370d81485cdf75e47ca)
[algo1a-g3-l1-modal] 
[algo1a-g3-l1-modal] [36m(MegatronTrainRayActor pid=2849)[0m [2026-09-29 18:04:25.402 actor_cell00000_rank00000] auto_bridge.py:600 - Loading a model with trust_remote_code=True allows arbitrary code execution from the model repository. Only use this with models you trust.
[algo1a-g3-l1-modal] 
[algo1a-g3-l1-modal] [36m(MegatronTrainRayActor pid=2849)[0m Loading from /root/.cache/huggingface/hub/models--Qwen--Qwen3-0.6B/snaps… … Qwe…
[algo1a-g3-l1-modal] 
[algo1a-g3-l1-modal] [36m(MegatronTrainRayActor pid=2849)[0m [2026-09-29 18:04:27.238 actor_cell00000_rank00000] auto_bridge.py:600 - Loading a model with trust_remote_code=True allows arbitrary code execution from the model repository. Only use this with models you trust.
[algo1a-g3-l1-modal] 
[algo1a-g3-l1-modal] [36m(MegatronTrainRayActor pid=2849)[0m [2026-09-29 18:04:27.240 actor_cell00000_rank00000] structured_log.py:24 - actor cls=MegatronTrainRayActor fn=sleep phase=start
[algo1a-g3-l1-modal] 
[algo1a-g3-l1-modal] [36m(MegatronTrainRayActor pid=2849)[0m [2026-09-29 18:04:27.240 actor_cell00000_rank00000] timer.py:31 - Timer sleep start
[algo1a-g3-l1-modal] 
[algo1a-g3-l1-modal] [36m(MegatronTrainRayActor pid=2849)[0m [2026-09-29 18:04:27.730 actor_cell00000_rank00000] memory_utils.py:41 - [Rank 0] Memory-Usage before offload model: {'gpu': '0', 'total_GB': 79.18, 'free_GB': 76.13, 'used_GB': 3.04, 'allocated_GB': 1.2, 'reserved_GB': 1.27}
[algo1a-g3-l1-modal] 
[algo1a-g3-l1-modal] [2026-09-29 18:04:28.351 main] placement_group.py:206 - trainer 'actor' restored rollout 1, and --start-rollout-id 0 was asked for, so it starts at 0
[algo1a-g3-l1-modal] [36m(RolloutExecutor pid=2542)[0m [2026-09-29 18:04:28.359 rollout_executor] data_source.py:154 - no dataset state under /root/.cache/huggingface/hub/models--Qwen--Qwen3-0.6B/snapshots/c1899de289a04d12100db370d81485cdf75e47ca/rollout/global_dataset_state_dict_-1.pt: the dataset starts where a fresh run's would
[algo1a-g3-l1-modal] 
[algo1a-g3-l1-modal] [36m(TrainerController pid=2549)[0m [2026-09-29 18:04:28.349 trainer_controller_actor] cell.py:239 - ft op=execute phase=end cell=trainer-engine-actor-00000 fn=init ok=true elapsed_s=7.1
[algo1a-g3-l1-modal] 
[algo1a-g3-l1-modal] [36m(TrainerController pid=2549)[0m [2026-09-29 18:04:28.349 trainer_controller_actor] cell.py:194 - ft op=state phase=start name=_mark_as_alive cell=trainer-engine-actor-00000 from_state=StateAllocatedUninitialized
[algo1a-g3-l1-modal] 
[algo1a-g3-l1-modal] [36m(TrainerController pid=2549)[0m [2026-09-29 18:04:28.349 trainer_controller_actor] cell.py:205 - ft op=state phase=end name=_mark_as_alive cell=trainer-engine-actor-00000 to_state=StateAllocatedAlive
[algo1a-g3-l1-modal] 
[algo1a-g3-l1-modal] [36m(TrainerController pid=2549)[0m [2026-09-29 18:04:28.352 trainer_controller_actor] cell.py:231 - ft op=execute phase=start cell=trainer-engine-actor-00000 fn=get_train_parallel_config n_actors=1
[algo1a-g3-l1-modal] 
[algo1a-g3-l1-modal] [36m(TrainerController pid=2549)[0m [2026-09-29 18:04:28.354 trainer_controller_actor] cell.py:239 - ft op=execute phase=end cell=trainer-engine-actor-00000 fn=get_train_parallel_config ok=true elapsed_s=0.0
[algo1a-g3-l1-modal] 
[algo1a-g3-l1-modal] [36m(TrainerController pid=2549)[0m [2026-09-29 18:04:28.395 trainer_controller_actor] cell.py:231 - ft op=execute phase=start cell=trainer-engine-actor-00000 fn=run_plugin n_actors=1
[algo1a-g3-l1-modal] 
[algo1a-g3-l1-modal] [36m(MegatronTrainRayActor pid=2849)[0m [2026-09-29 18:04:28.347 actor_cell00000_rank00000] memory_utils.py:41 - [Rank 0] Memory-Usage after offload model: {'gpu': '0', 'total_GB': 79.18, 'free_GB': 77.38, 'used_GB': 1.8, 'allocated_GB': 1.2, 'reserved_GB': 1.27}
[algo1a-g3-l1-modal] 
[algo1a-g3-l1-modal] [36m(MegatronTrainRayActor pid=2849)[0m [2026-09-29 18:04:28.347 actor_cell00000_rank00000] timer.py:42 - Timer sleep end (elapsed: 1.1s)
[algo1a-g3-l1-modal] 
[algo1a-g3-l1-modal] [36m(MegatronTrainRayActor pid=2849)[0m [2026-09-29 18:04:28.347 actor_cell00000_rank00000] structured_log.py:28 - actor cls=MegatronTrainRayActor fn=sleep phase=end ok=true elapsed_s=1.1
[algo1a-g3-l1-modal] 
[algo1a-g3-l1-modal] [36m(MegatronTrainRayActor pid=2849)[0m [2026-09-29 18:04:28.348 actor_cell00000_rank00000] timer.py:31 - Timer train_wait start
[algo1a-g3-l1-modal] 
[algo1a-g3-l1-modal] [36m(MegatronTrainRayActor pid=2849)[0m [2026-09-29 18:04:28.348 actor_cell00000_rank00000] structured_log.py:28 - actor cls=MegatronTrainRayActor fn=init phase=end ok=true elapsed_s=7.1
[algo1a-g3-l1-modal] 
[36m(MegatronTrainRayActor pid=2849)[0m [2026-09-29 18:04:28.402 actor_cell00000_rank00000] structured_log.py:24 - actor cls=MegatronTrainRayActor fn=wake_up phase=start
[algo1a-g3-l1-modal] 
[algo1a-g3-l1-modal] [36m(MegatronTrainRayActor pid=2849)[0m [2026-09-29 18:04:28.402 actor_cell00000_rank00000] timer.py:31 - Timer wake_up start
[algo1a-g3-l1-modal] 
[algo1a-g3-l1-modal] [36m(MegatronTrainRayActor pid=2849)[0m [2026-09-29 18:04:28.403 actor_cell00000_rank00000] memory_utils.py:41 - [Rank 0] Memory-Usage before wake_up model: {'gpu': '0', 'total_GB': 79.18, 'free_GB': 77.38, 'used_GB': 1.8, 'allocated_GB': 1.2, 'reserved_GB': 1.27}
[algo1a-g3-l1-modal] 
[algo1a-g3-l1-modal] [36m(MegatronTrainRayActor pid=2849)[0m [2026-09-29 18:04:29.007 actor_cell00000_rank00000] reloadable_process_group.py:151 - Reloading 0 process groups in pid 2849
[algo1a-g3-l1-modal] 
[algo1a-g3-l1-modal] [36m(MegatronTrainRayActor pid=2849)[0m [2026-09-29 18:04:29.008 actor_cell00000_rank00000] memory_utils.py:41 - [Rank 0] Memory-Usage after wake_up model: {'gpu': '0', 'total_GB': 79.18, 'free_GB': 76.13, 'used_GB': 3.05, 'allocated_GB': 1.2, 'reserved_GB': 1.27}
[algo1a-g3-l1-modal] 
[36m(MegatronTrainRayActor pid=2849)[0m [2026-09-29 18:04:29.008 actor_cell00000_rank00000] timer.py:42 - Timer wake_up end (elapsed: 0.6s)
[algo1a-g3-l1-modal] [36m(MegatronTrainRayActor pid=2849)[0m [2026-09-29 18:04:29.008 actor_cell00000_rank00000] structured_log.py:28 - actor cls=MegatronTrainRayActor fn=wake_up phase=end ok=true elapsed_s=0.6
[algo1a-g3-l1-modal] 
[algo1a-g3-l1-modal] [36m(MegatronTrainRayActor pid=2849)[0m [2026-09-29 18:04:29.008 actor_cell00000_rank00000] auto_bridge.py:600 - Loading a model with trust_remote_code=True allows arbitrary code execution from the model repository. Only use this with models you trust.
[algo1a-g3-l1-modal] 
[algo1a-g3-l1-modal] [36m(CommandActor pid=2544)[0m   warnings.warn(
[algo1a-g3-l1-modal] 
[algo1a-g3-l1-modal] [36m(MegatronTrainRayActor pid=2849)[0m [2026-09-29 18:04:29.135 actor_cell00000_rank00000] structured_log.py:24 - actor cls=MegatronTrainRayActor fn=sleep phase=start
[algo1a-g3-l1-modal] 
[algo1a-g3-l1-modal] [36m(MegatronTrainRayActor pid=2849)[0m [2026-09-29 18:04:29.135 actor_cell00000_rank00000] timer.py:31 - Timer sleep start
[algo1a-g3-l1-modal] 
[algo1a-g3-l1-modal] [36m(CommandActor pid=2544)[0m [2026-09-29 18:04:29] FlashInfer allreduce fusion is forcibly disabled via --enforce-disable-flashinfer-allreduce-fusion.
[algo1a-g3-l1-modal] 
[algo1a-g3-l1-modal] [36m(CommandActor pid=2544)[0m [2026-09-29 18:04:29] Sampling backend is set to pytorch for deterministic inference.
[algo1a-g3-l1-modal] 
[algo1a-g3-l1-modal] [36m(CommandActor pid=2544)[0m [2026-09-29 18:04:29] Attention backend not specified. Falling back to 'fa3' for deterministic inference. You can explicitly set --attention-backend to one of ['ascend', 'fa3', 'fa4', 'flashinfer', 'intel_xpu', 'triton'].
[algo1a-g3-l1-modal] 
[algo1a-g3-l1-modal] [36m(MegatronTrainRayActor pid=2849)[0m [2026-09-29 18:04:29.658 actor_cell00000_rank00000] memory_utils.py:41 - [Rank 0] Memory-Usage before offload model: {'gpu': '0', 'total_GB': 79.18, 'free_GB': 76.13, 'used_GB': 3.05, 'allocated_GB': 1.2, 'reserved_GB': 1.27}
[algo1a-g3-l1-modal] 
[algo1a-g3-l1-modal] [36m(MegatronTrainRayActor pid=2849)[0m [2026-09-29 18:04:30.324 actor_cell00000_rank00000] memory_utils.py:41 - [Rank 0] Memory-Usage after offload model: {'gpu': '0', 'total_GB': 79.18, 'free_GB': 77.38, 'used_GB': 1.8, 'allocated_GB': 1.2, 'reserved_GB': 1.27}
[algo1a-g3-l1-modal] 
[algo1a-g3-l1-modal] [36m(MegatronTrainRayActor pid=2849)[0m [2026-09-29 18:04:30.324 actor_cell00000_rank00000] timer.py:42 - Timer sleep end (elapsed: 1.2s)
[algo1a-g3-l1-modal] 
[algo1a-g3-l1-modal] [36m(MegatronTrainRayActor pid=2849)[0m [2026-09-29 18:04:30.324 actor_cell00000_rank00000] structured_log.py:28 - actor cls=MegatronTrainRayActor fn=sleep phase=end ok=true elapsed_s=1.2
[algo1a-g3-l1-modal] 
[algo1a-g3-l1-modal] [36m(TrainerController pid=2549)[0m [2026-09-29 18:04:30.604 trainer_controller_actor] cell.py:239 - ft op=execute phase=end cell=trainer-engine-actor-00000 fn=run_plugin ok=true elapsed_s=2.2
[algo1a-g3-l1-modal] 
[syncer] 2026-09-29T18:04:31.016857Z  INFO yeto_syncer::server: learner connected (layout: 1 fragments) learner_id=1 generation=3800804812930455545 num_streams=4
[algo1a-g3-l1-modal] [36m(CommandActor pid=2544)[0m [2026-09-29 18:04:33] Compiled-kernel caches now live under SGLANG_CACHE_DIR (/root/.cache/sglang). These older directories are no longer used by sglang, but may still be used by other frameworks on this machine, so they were left alone: /root/.triton, /root/.cache/flashinfer. Remove them yourself if nothing else needs them.
[algo1a-g3-l1-modal] 
[algo1a-g3-l1-modal] [36m(CommandActor pid=2544)[0m [2026-09-29 18:04:33] Virtual expert computation enabled.
[algo1a-g3-l1-modal] 
[algo1a-g3-l1-modal] [36m(CommandActor pid=2544)[0m [2026-09-29 18:04:33] server_args={'model_path': '/root/.cache/huggingface/hub/models--Qwen--Qwen3-0.6B/snapshots/c1899de289a04d12100db370d81485cdf75e47ca', 'tokenizer_path': '/root/.cache/huggingface/hub/models--Qwen--Qwen3-0.6B/snapshots/c1899de289a04d12100db370d81485cdf75e47ca', 'tokenizer_mode': 'auto', 'tokenizer_backend': 'huggingface', 'tokenizer_worker_num': 1, 'detokenizer_worker_num': 1, 'skip_tokenizer_init': False, 'load_format': 'auto', 'model_loader_extra_config': '{}', 'trust_remote_code': True, 'context_length': None, 'is_embedding': False, 'enable_multimodal': None, 'revision': None, 'model_impl': 'auto', 'model_config_parser': 'auto', 'json_model_override_args': '{}', 'dtype': 'auto', 'quantization': None, 'quantization_param_path': None, 'kv_cache_dtype': 'auto', 'enable_fp32_lm_head': False, 'modelopt_quant': None, 'modelopt_checkpoint_restore_path': None, 'modelopt_checkpoint_save_path': None, 'modelopt_export_path': None, 'quantize_and_serve': False, 'rl_quant_profile': None, 'enable_tf32_matmul': False, 'mem_fraction_static': 0.4, 'max_running_requests': None, 'max_queued_requests': None, 'max_total_tokens': None, 'chunked_prefill_size': 8192, 'prefill_decode_interval': 0, 'enable_dynamic_chunking': False, 'max_prefill_tokens': 16384, 'prefill_max_requests': None, 'schedule_policy': 'fcfs', 'enable_priority_scheduling': False, 'disable_priority_preemption': False, 'default_priority_value': None, 'abort_on_priority_when_disabled': False, 'schedule_low_priority_values_first': False, 'priority_scheduling_preemption_threshold': 10, 'retraction_policy': 'length', 'schedule_conservativeness': 1.0, 'page_size': 1, 'c128_page_size': 16, 'swa_full_tokens_ratio': 0.8, 'disable_hybrid_swa_memory': False, 'radix_eviction_policy': 'lru', 'radix_eviction_policy_config': None, 'prefill_only_disable_kv_cache': False, 'disable_radix_cache': False, 'enable_page_major_kv_layout': False, 'enable_unified_memory': False, 'disable_chunked_prefix_cache': False, 'disable_overlap_schedule': False, 'num_continuous_decode_steps': 1, 'scheduler_recv_interval': 1, 'enable_mixed_chunk': False, 'nccl_port': 20034, 'dist_timeout': None, 'dist_init_addr': '172.20.9.67:20003', 'gated_launch_port': 20036, 'nnodes': 1, 'node_rank': 0, 'tp_size': 1, 'dcp_size': 1, 'pp_size': 1, 'pp_max_micro_batch_size': None, 'pp_async_batch_depth': 0, 'dp_size': 1, 'load_balance_method': 'round_robin', 'attn_cp_size': 1, 'moe_dp_size': 1, 'dwdp_size': 1, 'dcp_comm_backend': 'ag_rs', 'dcp_replicate_q_proj': None, 'enable_prefill_cp': False, 'cp_strategy': None, 'enable_dsa_cache_layer_split': False, 'enable_cp_decode_attn_tp': False, 'enable_dp_attention': False, 'enable_dp_attention_local_control_broadcast': False, 'enable_dp_lm_head': False, 'enable_tp_lm_head_all_to_all': False, 'enable_attn_tp_input_scattered': False, 'enable_shared_experts_attn_tp': False, 'enable_dense_mlp_attn_tp': False, 'enable_layernorm_sp': False, 'disable_attn_tp_gather': False, 'enable_p2p_check': False, 'device': 'cuda', 'base_gpu_id': 0, 'gpu_id_step': 1, 'random_seed': 17, 'mlx_enable_sampling': False, 'watchdog_timeout': 300, 'soft_watchdog_timeout': None, 'sleep_on_idle': False, 'use_ray': False, 'custom_sigquit_handler': None, 'numa_node': None, 'gc_threshold': None, 'host': '172.20.9.67', 'port': 20002, 'fastapi_root_path': '', 'smg_grpc_mode': False, 'grpc_mode': False, 'grpc_port': None, 'grpc_worker_threads': 4, 'sidecar': None, 'sidecar_args': None, 'skip_server_warmup': True, 'warmups': None, 'enable_http2': False, 'http2_max_concurrent_streams': 200, 'http2_initial_connection_window_size': 1048576, 'ssl_keyfile': None, 'ssl_certfile': None, 'ssl_ca_certs': None, 'ssl_keyfile_password': None, 'enable_ssl_refresh': False, 'api_key': None, 'admin_api_key': None, 'served_model_name': '/root/.cache/huggingface/hub/models--Qwen--Qwen3-0.6B/snapshots/c1899de289a04d12100db370d81485cdf75e47ca', 'weight_version': 'default', 'chat_template': None, 'hf_chat_template_name': None, 'completion_template': None, 'file_storage_path': 'sglang_storage', 'enable_cache_report': False, 'return_input_ids': False, 'return_output_ids': False, 'reasoning_parser': None, 'default_chat_template_kwargs': None, 'strip_thinking_cache': False, 'enable_strict_thinking': False, 'tool_call_parser': None, 'tool_server': None, 'sampling_defaults': 'model', 'asr_max_buffer_seconds': 60, 'asr_max_concurrent_sessions': 32, 'preferred_sampling_params': None, 'allow_auto_truncate': False, 'stream_interval': 1, 'batch_notify_size': 16, 'stream_response_default_include_usage': False, 'incremental_streaming_output': False, 'enable_streaming_session': False, 'enable_session_radix_cache': False, 'log_level': 'info', 'log_level_http': None, 'log_requests': False, 'log_requests_level': 2, 'log_requests_format': 'text', 'log_requests_target': None, 'uvicorn_access_log_exclude_prefixes': [], 'crash_dump_folder': None, 'show_time_cost': False, 'enable_metrics': True, 'smg_http_sidecar_port': None, 'enable_mfu_metrics': False, 'enable_metrics_for_all_schedulers': False, 'load_snapshot_publish_interval': 15, 'tokenizer_metrics_custom_labels_header': 'x-custom-labels', 'tokenizer_metrics_allowed_custom_labels': None, 'extra_metric_labels': None, 'bucket_time_to_first_token': None, 'bucket_inter_token_latency': None, 'bucket_e2e_request_latency': None, 'prompt_tokens_buckets': None, 'generation_tokens_buckets': None, 'gc_warning_threshold_secs': 0.0, 'decode_log_interval': 40, 'enable_request_time_stats_logging': False, 'kv_events_config': None, 'load_publish_endpoint': None, 'enable_forward_pass_metrics': False, 'forward_pass_metrics_worker_id': '', 'forward_pass_metrics_ipc_name': None, 'enable_trace': False, 'trace_modules': 'request', 'otlp_traces_endpoint': 'localhost:4317', 'export_metrics_to_file': False, 'export_metrics_to_file_dir': None, 'stat_loggers': None, 'constrained_json_whitespace_pattern': None, 'constrained_json_disable_any_whitespace': False, 'attention_backend': 'fa3', 'decode_attention_backend': None, 'enable_lean_attention': None, 'prefill_attention_backend': None, 'sampling_backend': 'pytorch', 'grammar_backend': 'xgrammar', 'radix_cache_backend': None, 'mm_attention_backend': None, 'fp8_gemm_runner_backend': 'auto', 'fp4_gemm_runner_backend': 'auto', 'bf16_gemm_backend': 'auto', 'dsa_prefill_backend': None, 'dsv4_prefill_backend': 'auto', 'dsa_decode_backend': None, 'dsa_paged_mqa_logits_backend': 'auto', 'dsa_topk_backend': 'sgl-kernel', 'disable_flashinfer_autotune': False, 'flashinfer_autotune_skip_ops': None, 'mamba_backend': 'triton', 'cuda_graph_config': {'decode': {'backend': 'full', 'max_bs': 256, 'bs': [1, 2, 4, 8, 12, 16, 24, 32, 40, 48, 56, 64, 72, 80, 88, 96, 104, 112, 120, 128, 136, 144, 152, 160, 168, 176, 184, 192, 200, 208, 216, 224, 232, 240, 248, 256], 'tc_compiler': 'eager', 'full_prefill_max_req': None, 'full_prefill_prefix_chunk_tokens': None}, 'prefill': {'backend': 'disabled', 'max_bs': 8192, 'bs': [4, 8, 12, 16, 20, 24, 28, 32, 48, 64, 80, 96, 112, 128, 144, 160, 176, 192, 208, 224, 240, 256, 288, 320, 352, 384, 416, 448, 480, 512, 576, 640, 704, 768, 832, 896, 960, 1024, 1280, 1536, 1792, 2048, 2304, 2560, 2816, 3072, 3328, 3584, 3840, 4096, 4608, 5120, 5632, 6144, 6656, 7168, 7680, 8192], 'tc_compiler': 'eager', 'full_prefill_max_req': None, 'full_prefill_prefix_chunk_tokens': None}}, 'cuda_graph_backend_decode': None, 'cuda_graph_backend_prefill': 'disabled', 'cuda_graph_max_bs_decode': None, 'cuda_graph_max_bs_prefill': None, 'cuda_graph_bs_decode': None, 'cuda_graph_bs_prefill': None, 'cuda_graph_tc_compiler': None, 'disable_prefill_cuda_graph': False, 'disable_decode_cuda_graph': False, 'disable_cuda_graph': False, 'disable_cuda_graph_padding': False, 'enable_profile_cuda_graph': False, 'enable_cudagraph_gc': False, 'debug_cuda_graph': False, 'enable_layerwise_nvtx_marker': False, 'enable_nccl_nvls': False, 'enable_symm_mem': False, 'triton_attention_reduce_in_fp32': False, 'triton_attention_num_kv_splits': 8, 'triton_attention_split_tile_size': None, 'flashinfer_mla_disable_ragged': False, 'enable_fused_qk_norm_rope': False, 'enable_precise_emb
[algo1a-g3-l1-modal] edding_interpolation': False, 'enable_fused_moe_sum_all_reduce': False, 'enable_deepseek_v4_fp4_indexer': False, 'disable_custom_all_reduce': False, 'enable_mscclpp': False, 'enable_torch_symm_mem': False, 'enable_scattered_sconv': False, 'pre_warm_nccl': False, 'enable_quant_communications': False, 'enable_flashinfer_allreduce_fusion': False, 'enforce_disable_flashinfer_allreduce_fusion': True, 'flashinfer_allreduce_fusion_backend': None, 'enable_aiter_allreduce_fusion': False, 'enable_torch_compile': False, 'enable_torch_compile_debug_mode': False, 'torch_compile_max_bs': 32, 'speculative_algorithm': None, 'uno_lora_path': None, 'speculative_draft_model_path': None, 'speculative_draft_model_revision': None, 'speculative_draft_load_format': None, 'speculative_num_steps': None, 'speculative_eagle_topk': None, 'speculative_num_draft_tokens': None, 'speculative_dflash_block_size': None, 'speculative_dspark_block_size': None, 'speculative_dspark_sps_table_path': None, 'speculative_dspark_confidence_sts_path': None, 'speculative_dspark_align_verify_tokens_to_graph_tier': False, 'speculative_accept_threshold_single': 1.0, 'speculative_accept_threshold_acc': 1.0, 'speculative_use_rejection_sampling': False, 'speculative_token_map': None, 'speculative_attention_mode': 'prefill', 'speculative_draft_attention_backend': None, 'speculative_dsa_topk_backend': 'sgl-kernel', 'speculative_draft_kv_cache_dtype': None, 'speculative_draft_window_size': None, 'speculative_moe_runner_backend': 'auto', 'speculative_moe_a2a_backend': None, 'speculative_draft_model_quantization': None, '_speculative_draft_quantization_explicitly_set': False, 'speculative_skip_dp_mlp_sync': False, 'enable_multi_layer_eagle': False, 'speculative_adaptive': False, 'speculative_adaptive_config': None, 'decoupled_spec_bind_endpoint': None, 'decoupled_spec_connect_endpoints': None, 'decoupled_spec_rank': None, 'decoupled_spec_role': 'null', 'spec_trace_dir': None, 'speculative_ngram_min_bfs_breadth': 1, 'speculative_ngram_max_bfs_breadth': 10, 'speculative_ngram_match_type': 'BFS', 'speculative_ngram_max_trie_depth': 18, 'speculative_ngram_capacity': 10000000, 'speculative_ngram_external_corpus_path': None, 'speculative_ngram_external_sam_budget': 0, 'speculative_ngram_external_corpus_max_tokens': 10000000, 'ep_size': 1, 'moe_a2a_backend': 'none', 'enable_w4a4_mxfp4_megamoe': False, 'deepep_v2_mode': 'direct', 'moe_runner_backend': 'auto', 'flashinfer_mxfp4_moe_precision': 'default', 'deepep_mode': 'auto', 'fuseep_mode': 2, 'deepep_dispatcher_output_dtype': 'auto', 'ep_num_redundant_experts': 0, 'ep_dispatch_algorithm': None, 'init_expert_location': 'trivial', 'enable_eplb': False, 'eplb_algorithm': 'auto', 'eplb_rebalance_num_iterations': 1000, 'eplb_rebalance_layers_per_chunk': None, 'eplb_min_rebalancing_utilization_threshold': 1.0, 'expert_distribution_recorder_mode': None, 'expert_distribution_recorder_buffer_size': 1000, 'expert_balancedness_report_mode': 'off', 'deepep_config': None, 'moe_dense_tp_size': None, 'elastic_ep_backend': None, 'enable_elastic_expert_backup': False, 'mooncake_ib_device': None, 'enable_waterfill': False, 'ep_join_mode': None, 'ep_join_rank_offset': 0, 'elastic_ep_initial_size': None, 'max_ep_size': None, 'elastic_ep_scale_timeout': 600, 'elastic_ep_rejoin': False, 'disable_flashinfer_cutlass_moe_fp4_allgather': False, 'disable_shared_experts_fusion': False, 'enforce_shared_experts_fusion': False, 'max_mamba_cache_size': None, 'mamba_ssm_dtype': None, 'mamba_max_states_per_path': -1, 'enable_mamba_cache_stochastic_rounding': False, 'mamba_cache_philox_rounds': 0, 'mamba_full_memory_ratio': 0.9, 'mamba_radix_cache_strategy': 'auto', 'uses_mamba_radix_cache': False, 'mamba_track_interval': 256, 'enable_int8_mamba_checkpoint': False, 'int8_mamba_ckpt_size': None, 'linear_attn_backend': 'triton', 'linear_attn_decode_backend': None, 'linear_attn_prefill_backend': None, 'linear_attn_verify_backend': None, 'enable_linear_replayssm': False, 'linear_replayssm_cache_len': 16, 'enable_linear_replayssm_spec': False, 'enable_hierarchical_cache': False, 'hicache_host_memory_mode': 'cache', 'hicache_ratio': 2.0, 'hicache_size': 0, 'hicache_write_policy': 'write_through', 'hicache_io_backend': 'kernel', 'hicache_mem_layout': 'page_first', 'hicache_storage_backend': None, 'hicache_storage_prefetch_policy': 'timeout', 'hicache_storage_backend_extra_config': None, 'hicache_storage_prefetch_retry_poll_interval': 8, 'hicache_storage_prefetch_retry_max_attempts': 8, 'enable_unified_cache_external_linker': False, 'unified_cache_external_linker_backend': 'mooncake', 'enable_hisparse': False, 'hisparse_config': None, 'enable_broadcast_mm_inputs_process': False, 'enable_prefix_mm_cache': False, 'mm_enable_dp_encoder': False, 'mm_process_config': {}, 'mm_processor_worker_num': 0, 'mm_io_worker_num': 0, 'allowed_media_domains': [], 'media_url_max_file_size_mb': 64, 'mm_preprocess_cache_size_mb': None, 'trust_mm_content_hashes': False, 'limit_mm_data_per_request': None, 'enable_mm_global_cache': False, 'image_processor_backend': 'auto', 'mm_global_cache_backend': 'mooncake', 'disable_fast_image_processor': False, 'mm_feature_transport': 'cpu', 'keep_mm_feature_on_device': False, 'enable_lora': True, 'enable_lora_overlap_loading': False, 'max_lora_rank': 16, 'lora_target_modules': {'gate_proj', 'v_proj', 'o_proj', 'k_proj', 'up_proj', 'down_proj', 'q_proj'}, 'lora_paths': [], 'max_loaded_loras': None, 'max_loras_per_batch': 1, 'lora_eviction_policy': 'lru', 'lora_backend': 'csgmv', 'max_lora_chunk_size': 16, 'experts_shared_outer_loras': None, 'lora_use_virtual_experts': True, 'lora_strict_loading': False, 'lora_no_cpu_backup': False, 'lora_drain_wait_threshold': 0.0, 'enable_two_batch_overlap': False, 'enable_single_batch_overlap': False, 'tbo_token_distribution_threshold': 0.48, 'cpu_offload_gb': 0, 'offload_group_size': -1, 'offload_num_in_group': 1, 'offload_prefetch_step': 1, 'offload_mode': 'cpu', 'enable_lmcache': False, 'lmcache_config_file': None, 'enable_flexkv': False, 'flexkv_config_file': None, 'kt_weight_path': None, 'kt_method': 'AMXINT4', 'kt_cpuinfer': None, 'kt_threadpool_count': 2, 'kt_num_gpu_experts': None, 'kt_max_deferred_experts_per_token': None, 'dllm_algorithm': None, 'dllm_algorithm_config': None, 'dllm_fdfo': True, 'disaggregation_mode': 'null', 'disaggregation_transfer_backend': 'mooncake', 'disaggregation_bootstrap_port': 8998, 'disaggregation_ib_device': None, 'disaggregation_decode_enable_radix_cache': False, 'disaggregation_decode_enable_offload_kvcache': False, 'disaggregation_decode_retraction_backup': None, 'num_reserved_decode_tokens': 512, 'disaggregation_decode_extra_slots': None, 'disaggregation_decode_polling_interval': 1, 'optimistic_prefill_attempts': 0, 'encoder_only': False, 'language_only': False, 'language_model_only': False, 'encoder_transfer_backend': 'zmq_to_scheduler', 'encoder_urls': [], 'encoder_bootstrap_port': 8997, 'encoder_register_urls': [], 'enable_adaptive_dispatch_to_encoder': False, 'enable_pdmux': False, 'pdmux_config_path': None, 'sm_group_num': 8, 'startup_weight_load_mode': 'serial', 'custom_weight_loader': [], 'weight_loader_disable_mmap': False, 'weight_loader_prefetch_checkpoints': False, 'weight_loader_prefetch_num_threads': 4, 'weight_loader_drop_cache_after_load': False, 'remote_instance_weight_loader_seed_instance_ip': None, 'remote_instance_weight_loader_seed_instance_service_port': None, 'remote_instance_weight_loader_send_weights_group_ports': None, 'remote_instance_weight_loader_backend': 'nccl', 'remote_instance_weight_loader_start_seed_via_transfer_engine': False, 'engine_info_bootstrap_port': 20035, 'modelexpress_config': None, 'download_dir': None, 'model_checksum': None, 'delete_ckpt_after_loading': False, 'decrypted_config_file': None, 'decrypted_draft_config_file': None, 'checkpoint_engine_wait_weights_before_ready': False, 'enable_prefill_delayer': False, 'prefill_delayer_max_delay_passes': 30, 'prefill_delayer_token_usage_low_watermark': None, 'prefill_delayer_forward_passes_buckets': None, 'prefill_delayer_wait_seconds_buckets': None, 'prefill_delayer_queue_min_ratio': None, 'prefill_delayer_ma
[algo1a-g3-l1-modal] x_delay_ms': None, 'min_free_slots_delay': None, 'enable_deterministic_inference': True, 'rl_on_policy_target': None, 'kv_canary': 'none', 'kv_canary_real_data': 'none', 'kv_canary_sweep_interval': 0, 'enable_dynamic_batch_tokenizer': False, 'dynamic_batch_tokenizer_batch_size': 32, 'dynamic_batch_tokenizer_batch_timeout': 0.002, 'enable_tokenizer_batch_encode': False, 'disable_tokenizer_batch_decode': False, 'debug_tensor_dump_output_folder': None, 'debug_tensor_dump_layers': None, 'debug_tensor_dump_input_file': None, 'enable_memory_saver': True, 'enable_weights_cpu_backup': True, 'enable_weights_disk_backup': False, 'enable_draft_weights_cpu_backup': True, 'enable_custom_logit_processor': False, 'enable_return_hidden_states': False, 'return_hidden_states_mode': None, 'enable_return_routed_experts': False, 'enable_return_indexer_topk': False, 'sampling_mask_max_tokens': 4096, 'disable_outlines_disk_cache': False, 'enable_mis': False, 'weight_cache_mode': 'off', 'weight_cache_socket': None, 'weight_cache_timeout': 1800, 'forward_hooks': None, 'msprobe_dump_config': None, 'custom_pull_weights_pre_read_hook': None, 'enable_engine_info_bootstrap': False, 'enable_rdt_weight_sync': False, 'enable_prefill_only_deterministic_inference': False, 'true_on_policy_contract': None, 'ple_offload_embedding': None, 'ple_offload_backend': 'pinned', 'ple_offload_dir': None, 'speculative_domino_candidate_pool_size': 2048, 'flashinfer_a2a_dispatch_type': None, 'disable_draft_cuda_graph': False, 'dsv4_attn_backend': 'auto', '_radix_eviction_policy_explicitly_set': False, 'enable_response_store': False}
[algo1a-g3-l1-modal] [36m(CommandActor pid=2544)[0m [2026-09-29 18:04:34] Using default HuggingFace chat template with detected content format: string
[algo1a-g3-l1-modal] 
[algo1a-g3-l1-modal] [36m(CommandActor pid=2544)[0m [2026-09-29 18:04:34] Auto-detected template features: reasoning_config=ReasoningToggleConfig(toggle_param='enable_thinking', default_enabled=True, special_case=None, effort_kwarg=None), reasoning_parser=qwen3, tool_call_parser=qwen
[algo1a-g3-l1-modal] 
[algo1a-g3-l0-modal] [36m(CommandActor pid=2561)[0m /opt/sglang/lib/python3.12/site-packages/transformer_engine/__init__.py:103: RuntimeWarning: Detected a Jax installation but could not find the shared object file for the Transformer Engine Jax extension library. If this is not intentional, please reinstall Transformer Engine with `pip install transformer_engine[jax]` or build from source with `NVTE_FRAMEWORK=jax`.
[36m(CommandActor pid=2561)[0m   warnings.warn(
[algo1a-g3-l0-modal] [36m(CommandActor pid=2561)[0m [2026-09-29 18:04:35] Detected Megatron Core, using Megatron-FSDP with Megatron.
[algo1a-g3-l0-modal] 
[algo1a-g3-l0-modal] [36m(CommandActor pid=2561)[0m [2026-09-29 18:04:35] Detected Megatron Core, using Megatron-FSDP with Megatron.
[algo1a-g3-l0-modal] 
[algo1a-g3-l1-modal] [36m(CommandActor pid=2544)[0m /opt/sglang/lib/python3.12/site-packages/huggingface_hub/constants.py:301: FutureWarning: The `HF_HUB_ENABLE_HF_TRANSFER` environment variable is deprecated as 'hf_transfer' is not used anymore. Please use `HF_XET_HIGH_PERFORMANCE` instead to enable high performance transfer with Xet. Visit https://huggingface.co/docs/huggingface_hub/package_reference/environment_variables#hfxethighperformance for more details.
[algo1a-g3-l1-modal] 
[algo1a-g3-l1-modal] [36m(CommandActor pid=2544)[0m   warnings.warn(
[algo1a-g3-l1-modal] 
[algo1a-g3-l1-modal] [36m(CommandActor pid=2544)[0m /opt/sglang/lib/python3.12/site-packages/huggingface_hub/constants.py:301: FutureWarning: The `HF_HUB_ENABLE_HF_TRANSFER` environment variable is deprecated as 'hf_transfer' is not used anymore. Please use `HF_XET_HIGH_PERFORMANCE` instead to enable high performance transfer with Xet. Visit https://huggingface.co/docs/huggingface_hub/package_reference/environment_variables#hfxethighperformance for more details.
[algo1a-g3-l1-modal] 
[algo1a-g3-l1-modal] [36m(CommandActor pid=2544)[0m   warnings.warn(
[algo1a-g3-l1-modal] 
[algo1a-g3-l0-modal] [36m(CommandActor pid=2561)[0m [2026-09-29 18:04:39] Init torch distributed begin.
[algo1a-g3-l0-modal] 
[algo1a-g3-l0-modal] [36m(CommandActor pid=2561)[0m [2026-09-29 18:04:39] Gated launch control server started on 172.20.8.163:20036
[algo1a-g3-l0-modal] 
[algo1a-g3-l0-modal] [36m(CommandActor pid=2561)[0m [2026-09-29 18:04:39] Gated launch waiting for activation. rank=0
[algo1a-g3-l0-modal] 
[algo1a-g3-l0-modal] [36m(CommandActor pid=2561)[0m [2026-09-29 18:04:49] Gated launch still waiting for activation. rank=0 elapsed=10 s
[algo1a-g3-l0-modal] 
[algo1a-g3-l1-modal] [36m(CommandActor pid=2544)[0m /opt/sglang/lib/python3.12/site-packages/transformer_engine/__init__.py:103: RuntimeWarning: Detected a Jax installation but could not find the shared object file for the Transformer Engine Jax extension library. If this is not intentional, please reinstall Transformer Engine with `pip install transformer_engine[jax]` or build from source with `NVTE_FRAMEWORK=jax`.
[algo1a-g3-l1-modal] 
[algo1a-g3-l1-modal] [36m(CommandActor pid=2544)[0m   warnings.warn(
[algo1a-g3-l1-modal] 
[algo1a-g3-l1-modal] [36m(CommandActor pid=2544)[0m [2026-09-29 18:04:52] Detected Megatron Core, using Megatron-FSDP with Megatron.
[algo1a-g3-l1-modal] 
[algo1a-g3-l1-modal] [36m(CommandActor pid=2544)[0m [2026-09-29 18:04:52] Detected Megatron Core, using Megatron-FSDP with Megatron.
[algo1a-g3-l1-modal] 
[algo1a-g3-l1-modal] [36m(CommandActor pid=2544)[0m [2026-09-29 18:04:56] Init torch distributed begin.
[algo1a-g3-l1-modal] 
[algo1a-g3-l1-modal] [36m(CommandActor pid=2544)[0m [2026-09-29 18:04:56] Gated launch control server started on 172.20.9.67:20036
[algo1a-g3-l1-modal] 
[algo1a-g3-l1-modal] [36m(CommandActor pid=2544)[0m [2026-09-29 18:04:56] Gated launch waiting for activation. rank=0
[algo1a-g3-l1-modal] 
[algo1a-g3-l0-modal] [36m(CommandActor pid=2561)[0m [2026-09-29 18:04:59] Gated launch still waiting for activation. rank=0 elapsed=20 s
[algo1a-g3-l0-modal] 
[algo1a-g3-l1-modal] [36m(CommandActor pid=2544)[0m [2026-09-29 18:05:06] Gated launch still waiting for activation. rank=0 elapsed=10 s
[algo1a-g3-l1-modal] 
[algo1a-g3-l0-modal] [36m(CommandActor pid=2561)[0m [2026-09-29 18:05:09] Gated launch still waiting for activation. rank=0 elapsed=30 s
[algo1a-g3-l1-modal] [36m(CommandActor pid=2544)[0m [2026-09-29 18:05:16] Gated launch still waiting for activation. rank=0 elapsed=20 s
[algo1a-g3-l1-modal] 
[algo1a-g3-l0-modal] [36m(CommandActor pid=2561)[0m [2026-09-29 18:05:19] Gated launch still waiting for activation. rank=0 elapsed=40 s
[algo1a-g3-l0-modal] 
[algo1a-g3-l1-modal] [36m(CommandActor pid=2544)[0m [2026-09-29 18:05:26] Gated launch still waiting for activation. rank=0 elapsed=30 s
[algo1a-g3-l1-modal] 
[algo1a-g3-l0-modal] [36m(CommandActor pid=2561)[0m [2026-09-29 18:05:30] Gated launch still waiting for activation. rank=0 elapsed=50 s
[algo1a-g3-l0-modal] 
[algo1a-g3-l1-modal] [36m(CommandActor pid=2544)[0m [2026-09-29 18:05:36] Gated launch still waiting for activation. rank=0 elapsed=40 s
[algo1a-g3-l1-modal] 
[algo1a-g3-l0-modal] [36m(CommandActor pid=2561)[0m [2026-09-29 18:05:40] Gated launch still waiting for activation. rank=0 elapsed=60 s
[algo1a-g3-l0-modal] 
[algo1a-g3-l1-modal] [36m(CommandActor pid=2544)[0m [2026-09-29 18:05:46] Gated launch still waiting for activation. rank=0 elapsed=50 s
[algo1a-g3-l1-modal] 
[algo1a-g3-l0-modal] [36m(CommandActor pid=2561)[0m [2026-09-29 18:05:50] Gated launch still waiting for activation. rank=0 elapsed=70 s
[algo1a-g3-l0-modal] 
[algo1a-g3-l1-modal] [36m(CommandActor pid=2544)[0m [2026-09-29 18:05:56] Gated launch still waiting for activation. rank=0 elapsed=60 s
[algo1a-g3-l1-modal] 
[algo1a-g3-l0-modal] [36m(CommandActor pid=2561)[0m [2026-09-29 18:06:00] Gated launch still waiting for activation. rank=0 elapsed=80 s
[algo1a-g3-l1-modal] [36m(CommandActor pid=2544)[0m [2026-09-29 18:06:06] Gated launch still waiting for activation. rank=0 elapsed=70 s
[algo1a-g3-l1-modal] 
[algo1a-g3-l0-modal] [36m(CommandActor pid=2561)[0m [2026-09-29 18:06:10] Gated launch still waiting for activation. rank=0 elapsed=90 s
[algo1a-g3-l0-modal] 
[algo1a-g3-l1-modal] [36m(CommandActor pid=2544)[0m [2026-09-29 18:06:16] Gated launch still waiting for activation. rank=0 elapsed=80 s
[algo1a-g3-l1-modal] 
[algo1a-g3-l0-modal] [36m(CommandActor pid=2561)[0m [2026-09-29 18:06:20] Gated launch still waiting for activation. rank=0 elapsed=100 s
[algo1a-g3-l0-modal] 
[algo1a-g3-l1-modal] [36m(CommandActor pid=2544)[0m [2026-09-29 18:06:26] Gated launch still waiting for activation. rank=0 elapsed=90 s
[algo1a-g3-l1-modal] 
[algo1a-g3-l0-modal] [36m(CommandActor pid=2561)[0m [2026-09-29 18:06:30] Gated launch still waiting for activation. rank=0 elapsed=110 s
[algo1a-g3-l1-modal] [36m(CommandActor pid=2544)[0m [2026-09-29 18:06:36] Gated launch still waiting for activation. rank=0 elapsed=100 s
[algo1a-g3-l1-modal] 
[algo1a-g3-l0-modal] [36m(CommandActor pid=2561)[0m [2026-09-29 18:06:40] Gated launch still waiting for activation. rank=0 elapsed=120 s
[algo1a-g3-l0-modal] 
[algo1a-g3-l1-modal] [36m(CommandActor pid=2544)[0m [2026-09-29 18:06:46] Gated launch still waiting for activation. rank=0 elapsed=110 s
[algo1a-g3-l1-modal] 
[algo1a-g3-l0-modal] [36m(CommandActor pid=2561)[0m [2026-09-29 18:06:50] Gated launch still waiting for activation. rank=0 elapsed=130 s
[algo1a-g3-l0-modal] 
[syncer] 2026-09-29T18:06:51.903666Z  INFO yeto_syncer::server: global parameters initialized
[syncer] 2026-09-29T18:06:52.061106Z  INFO yeto_syncer::server: checkpoint committed step=0 path=/tmp/algo1a/g3home/yeto-output/yeto-state.ckpt
[algo1a-g3-l1-modal] [36m(CommandActor pid=2544)[0m [2026-09-29 18:06:56] Gated launch still waiting for activation. rank=0 elapsed=120 s
[algo1a-g3-l1-modal] 
[algo1a-g3-l0-modal] [36m(CommandActor pid=2561)[0m [2026-09-29 18:07:00] Gated launch still waiting for activation. rank=0 elapsed=140 s
[algo1a-g3-l0-modal] 
[algo1a-g3-l1-modal] [36m(CommandActor pid=2544)[0m [2026-09-29 18:07:06] Gated launch still waiting for activation. rank=0 elapsed=130 s
[algo1a-g3-l1-modal] 
[algo1a-g3-l0-modal] [36m(CommandActor pid=2561)[0m [2026-09-29 18:07:10] Gated launch still waiting for activation. rank=0 elapsed=150 s
[algo1a-g3-l0-modal] 
[algo1a-g3-l0-modal] [2026-09-29 18:07:15.592 main] reporter.py:90 - audit op=env_report_summary hostname=modal versions="{\"python\":\"3.12.3\",\"platform\":\"Linux-4.19.0-gvisor-x86_64-with-glibc2.39\",\"miles\":\"0.1.1\",\"sglang\":\"0.5.21.dev67+g9f29303\",\"sglang-router\":\"0.3.2\",\"megatron-core\":\"0.19.0+a84b10547\",\"transformers\":\"5.12.1\",\"ray\":\"2.58.0\",\"flashinfer-python\":\"0.6.18\",\"torch\":\"2.13.0+cu130\",\"torch_cuda\":\"13.0\"}" repos="{\"miles\":\"0394715083c91182b5eb0c526eeee4196ac694b9\",\"megatron-core\":\"a84b105473eca9c9c6e49dbf1c8aa460c5cf796e\",\"sglang\":\"9f29303bef1eea38eb613e5f454a52db1326422d\"}" num_packages=425 num_env_vars=105 packages_probed=true stored=false
[algo1a-g3-l1-modal] [36m(CommandActor pid=2544)[0m [2026-09-29 18:07:16] Gated launch still waiting for activation. rank=0 elapsed=140 s
[algo1a-g3-l1-modal] 
[algo1a-g3-l0-modal] [36m(CommandActor pid=2561)[0m [2026-09-29 18:07:20] Gated launch still waiting for activation. rank=0 elapsed=160 s
[algo1a-g3-l0-modal] 
[algo1a-g3-l1-modal] [36m(CommandActor pid=2544)[0m [2026-09-29 18:07:26] Gated launch still waiting for activation. rank=0 elapsed=150 s
[algo1a-g3-l1-modal] 
[algo1a-g3-l0-modal] [36m(CommandActor pid=2561)[0m [2026-09-29 18:07:30] Gated launch still waiting for activation. rank=0 elapsed=170 s
[algo1a-g3-l0-modal] 
[algo1a-g3-l1-modal] [36m(CommandActor pid=2544)[0m [2026-09-29 18:07:36] Gated launch still waiting for activation. rank=0 elapsed=160 s
[algo1a-g3-l1-modal] 
[algo1a-g3-l1-modal] [36m(TrainerController pid=2549)[0m [2026-09-29 18:07:36.818 trainer_controller_actor] cell.py:231 - ft op=execute phase=start cell=trainer-engine-actor-00000 fn=run_plugin n_actors=1
[algo1a-g3-l1-modal] 
[algo1a-g3-l0-modal] [36m(CommandActor pid=2561)[0m [2026-09-29 18:07:40] Gated launch still waiting for activation. rank=0 elapsed=180 s
[algo1a-g3-l0-modal] 
[algo1a-g3-l0-modal] [36m(TrainerController pid=2557)[0m [2026-09-29 18:07:43.960 trainer_controller_actor] cell.py:231 - ft op=execute phase=start cell=trainer-engine-actor-00000 fn=run_plugin n_actors=1
[algo1a-g3-l0-modal] 
[algo1a-g3-l0-modal] [36m(RayWorkerManager pid=2274)[0m [2026-09-29 18:07:46.016 worker_manager] reporter.py:90 - audit op=env_report_summary hostname=modal versions="{\"python\":\"3.12.3\",\"platform\":\"Linux-4.19.0-gvisor-x86_64-with-glibc2.39\",\"miles\":\"0.1.1\",\"sglang\":\"0.5.21.dev67+g9f29303\",\"sglang-router\":\"0.3.2\",\"megatron-core\":\"0.19.0+a84b10547\",\"transformers\":\"5.12.1\",\"ray\":\"2.58.0\",\"flashinfer-python\":\"0.6.18\",\"torch\":\"2.13.0+cu130\",\"torch_cuda\":\"13.0\"}" repos="{\"miles\":\"0394715083c91182b5eb0c526eeee4196ac694b9\",\"megatron-core\":\"a84b105473eca9c9c6e49dbf1c8aa460c5cf796e\",\"sglang\":\"9f29303bef1eea38eb613e5f454a52db1326422d\"}" num_packages=425 num_env_vars=112 packages_probed=true stored=false
[algo1a-g3-l0-modal] 
[algo1a-g3-l1-modal] [36m(CommandActor pid=2544)[0m [2026-09-29 18:07:46] Gated launch still waiting for activation. rank=0 elapsed=170 s
[algo1a-g3-l1-modal] 
[algo1a-g3-l1-modal] [2026-09-29 18:07:48.735 main] reporter.py:90 - audit op=env_report_summary hostname=modal versions="{\"python\":\"3.12.3\",\"platform\":\"Linux-4.19.0-gvisor-x86_64-with-glibc2.39\",\"miles\":\"0.1.1\",\"sglang\":\"0.5.21.dev67+g9f29303\",\"sglang-router\":\"0.3.2\",\"megatron-core\":\"0.19.0+a84b10547\",\"transformers\":\"5.12.1\",\"ray\":\"2.58.0\",\"flashinfer-python\":\"0.6.18\",\"torch\":\"2.13.0+cu130\",\"torch_cuda\":\"13.0\"}" repos="{\"miles\":\"0394715083c91182b5eb0c526eeee4196ac694b9\",\"megatron-core\":\"a84b105473eca9c9c6e49dbf1c8aa460c5cf796e\",\"sglang\":\"9f29303bef1eea38eb613e5f454a52db1326422d\"}" num_packages=425 num_env_vars=105 packages_probed=true stored=false
[algo1a-g3-l0-modal] [36m(CommandActor pid=2561)[0m [2026-09-29 18:07:50] Gated launch still waiting for activation. rank=0 elapsed=190 s
[algo1a-g3-l0-modal] 
[algo1a-g3-l1-modal] [36m(CommandActor pid=2544)[0m [2026-09-29 18:07:56] Gated launch still waiting for activation. rank=0 elapsed=180 s
[algo1a-g3-l1-modal] 
[algo1a-g3-l0-modal] [36m(CommandActor pid=2561)[0m [2026-09-29 18:08:00] Gated launch still waiting for activation. rank=0 elapsed=200 s
[algo1a-g3-l0-modal] 
[algo1a-g3-l1-modal] [36m(CommandActor pid=2544)[0m [2026-09-29 18:08:06] Gated launch still waiting for activation. rank=0 elapsed=190 s
[algo1a-g3-l1-modal] 
[algo1a-g3-l0-modal] [36m(CommandActor pid=2561)[0m [2026-09-29 18:08:10] Gated launch still waiting for activation. rank=0 elapsed=210 s
[algo1a-g3-l0-modal] 
[algo1a-g3-l1-modal] [36m(RayWorkerManager pid=2280)[0m [2026-09-29 18:08:15.331 worker_manager] reporter.py:90 - audit op=env_report_summary hostname=modal versions="{\"python\":\"3.12.3\",\"platform\":\"Linux-4.19.0-gvisor-x86_64-with-glibc2.39\",\"miles\":\"0.1.1\",\"sglang\":\"0.5.21.dev67+g9f29303\",\"sglang-router\":\"0.3.2\",\"megatron-core\":\"0.19.0+a84b10547\",\"transformers\":\"5.12.1\",\"ray\":\"2.58.0\",\"flashinfer-python\":\"0.6.18\",\"torch\":\"2.13.0+cu130\",\"torch_cuda\":\"13.0\"}" repos="{\"miles\":\"0394715083c91182b5eb0c526eeee4196ac694b9\",\"megatron-core\":\"a84b105473eca9c9c6e49dbf1c8aa460c5cf796e\",\"sglang\":\"9f29303bef1eea38eb613e5f454a52db1326422d\"}" num_packages=425 num_env_vars=112 packages_probed=true stored=false
[algo1a-g3-l1-modal] 
[algo1a-g3-l1-modal] [36m(CommandActor pid=2544)[0m [2026-09-29 18:08:16] Gated launch still waiting for activation. rank=0 elapsed=200 s
[algo1a-g3-l1-modal] 
[algo1a-g3-l0-modal] [36m(CommandActor pid=2561)[0m [2026-09-29 18:08:20] Gated launch still waiting for activation. rank=0 elapsed=220 s
[algo1a-g3-l0-modal] 
[algo1a-g3-l1-modal] [36m(MegatronTrainRayActor pid=2849)[0m [2026-09-29 18:08:21.026 actor_cell00000_rank00000] structured_log.py:24 - actor cls=MegatronTrainRayActor fn=wake_up phase=start
[algo1a-g3-l1-modal] 
[algo1a-g3-l1-modal] [36m(MegatronTrainRayActor pid=2849)[0m [2026-09-29 18:08:21.026 actor_cell00000_rank00000] timer.py:31 - Timer wake_up start
[algo1a-g3-l1-modal] 
[algo1a-g3-l1-modal] [36m(MegatronTrainRayActor pid=2849)[0m [2026-09-29 18:08:21.027 actor_cell00000_rank00000] memory_utils.py:41 - [Rank 0] Memory-Usage before wake_up model: {'gpu': '0', 'total_GB': 79.18, 'free_GB': 76.77, 'used_GB': 2.4, 'allocated_GB': 1.2, 'reserved_GB': 1.27}
[algo1a-g3-l1-modal] 
[algo1a-g3-l1-modal] [36m(MegatronTrainRayActor pid=2849)[0m [2026-09-29 18:08:21.645 actor_cell00000_rank00000] reloadable_process_group.py:151 - Reloading 0 process groups in pid 2849
[algo1a-g3-l1-modal] 
[algo1a-g3-l1-modal] [36m(MegatronTrainRayActor pid=2849)[0m [2026-09-29 18:08:21.649 actor_cell00000_rank00000] memory_utils.py:41 - [Rank 0] Memory-Usage after wake_up model: {'gpu': '0', 'total_GB': 79.18, 'free_GB': 75.53, 'used_GB': 3.65, 'allocated_GB': 1.2, 'reserved_GB': 1.27}
[algo1a-g3-l1-modal] 
[algo1a-g3-l1-modal] [36m(MegatronTrainRayActor pid=2849)[0m [2026-09-29 18:08:21.649 actor_cell00000_rank00000] timer.py:42 - Timer wake_up end (elapsed: 0.6s)
[algo1a-g3-l1-modal] 
[algo1a-g3-l1-modal] [36m(MegatronTrainRayActor pid=2849)[0m [2026-09-29 18:08:21.649 actor_cell00000_rank00000] structured_log.py:28 - actor cls=MegatronTrainRayActor fn=wake_up phase=end ok=true elapsed_s=0.6
[algo1a-g3-l1-modal] 
[algo1a-g3-l1-modal] [36m(MegatronTrainRayActor pid=2849)[0m /opt/sglang/lib/python3.12/site-packages/torch/distributed/c10d_logger.py:83: UserWarning: barrier(): using the device under current context. You can specify `device_id` in `init_process_group` to mute this warning.
[algo1a-g3-l1-modal] 
[algo1a-g3-l1-modal] [36m(MegatronTrainRayActor pid=2849)[0m   return func(*args, **kwargs)
[algo1a-g3-l1-modal] 
[algo1a-g3-l1-modal] [36m(MegatronTrainRayActor pid=2849)[0m [2026-09-29 18:08:22.419 actor_cell00000_rank00000] structured_log.py:24 - actor cls=MegatronTrainRayActor fn=sleep phase=start
[algo1a-g3-l1-modal] 
[algo1a-g3-l1-modal] [36m(MegatronTrainRayActor pid=2849)[0m [2026-09-29 18:08:22.419 actor_cell00000_rank00000] timer.py:31 - Timer sleep start
[algo1a-g3-l1-modal] 
[algo1a-g3-l1-modal] [36m(MegatronTrainRayActor pid=2849)[0m [2026-09-29 18:08:22.975 actor_cell00000_rank00000] memory_utils.py:41 - [Rank 0] Memory-Usage before offload model: {'gpu': '0', 'total_GB': 79.18, 'free_GB': 75.53, 'used_GB': 3.65, 'allocated_GB': 1.2, 'reserved_GB': 1.27}
[algo1a-g3-l1-modal] 
[algo1a-g3-l1-modal] [36m(MegatronTrainRayActor pid=2849)[0m [2026-09-29 18:08:23.319 actor_cell00000_rank00000] memory_utils.py:41 - [Rank 0] Memory-Usage after offload model: {'gpu': '0', 'total_GB': 79.18, 'free_GB': 76.77, 'used_GB': 2.41, 'allocated_GB': 1.2, 'reserved_GB': 1.27}
[algo1a-g3-l1-modal] 
[algo1a-g3-l1-modal] [36m(MegatronTrainRayActor pid=2849)[0m [2026-09-29 18:08:23.319 actor_cell00000_rank00000] timer.py:42 - Timer sleep end (elapsed: 0.9s)
[algo1a-g3-l1-modal] 
[algo1a-g3-l1-modal] [36m(MegatronTrainRayActor pid=2849)[0m [2026-09-29 18:08:23.319 actor_cell00000_rank00000] structured_log.py:28 - actor cls=MegatronTrainRayActor fn=sleep phase=end ok=true elapsed_s=0.9
[algo1a-g3-l1-modal] 
[algo1a-g3-l1-modal] [36m(TrainerController pid=2549)[0m [2026-09-29 18:08:23.350 trainer_controller_actor] cell.py:239 - ft op=execute phase=end cell=trainer-engine-actor-00000 fn=run_plugin ok=true elapsed_s=46.5
[algo1a-g3-l1-modal] 
[algo1a-g3-l1-modal] [36m(TrainerController pid=2549)[0m [2026-09-29 18:08:23.414 trainer_controller_actor] cell.py:231 - ft op=execute phase=start cell=trainer-engine-actor-00000 fn=run_plugin n_actors=1
[algo1a-g3-l1-modal] 
[algo1a-g3-l1-modal] [36m(MegatronTrainRayActor pid=2849)[0m [2026-09-29 18:08:23.415 actor_cell00000_rank00000] structured_log.py:24 - actor cls=MegatronTrainRayActor fn=wake_up phase=start
[algo1a-g3-l1-modal] 
[algo1a-g3-l1-modal] [36m(MegatronTrainRayActor pid=2849)[0m [2026-09-29 18:08:23.415 actor_cell00000_rank00000] timer.py:31 - Timer wake_up start
[algo1a-g3-l1-modal] 
[algo1a-g3-l1-modal] [36m(MegatronTrainRayActor pid=2849)[0m [2026-09-29 18:08:23.416 actor_cell00000_rank00000] memory_utils.py:41 - [Rank 0] Memory-Usage before wake_up model: {'gpu': '0', 'total_GB': 79.18, 'free_GB': 76.77, 'used_GB': 2.41, 'allocated_GB': 1.2, 'reserved_GB': 1.27}
[algo1a-g3-l1-modal] 
[algo1a-g3-l1-modal] [36m(MegatronTrainRayActor pid=2849)[0m [2026-09-29 18:08:24.002 actor_cell00000_rank00000] reloadable_process_group.py:151 - Reloading 0 process groups in pid 2849
[algo1a-g3-l1-modal] 
[algo1a-g3-l1-modal] [36m(MegatronTrainRayActor pid=2849)[0m [2026-09-29 18:08:24.004 actor_cell00000_rank00000] memory_utils.py:41 - [Rank 0] Memory-Usage after wake_up model: {'gpu': '0', 'total_GB': 79.18, 'free_GB': 75.53, 'used_GB': 3.65, 'allocated_GB': 1.2, 'reserved_GB': 1.27}
[algo1a-g3-l1-modal] 
[36m(MegatronTrainRayActor pid=2849)[0m [2026-09-29 18:08:24.004 actor_cell00000_rank00000] timer.py:42 - Timer wake_up end (elapsed: 0.6s)
[36m(MegatronTrainRayActor pid=2849)[0m [2026-09-29 18:08:24.004 actor_cell00000_rank00000] structured_log.py:28 - actor cls=MegatronTrainRayActor fn=wake_up phase=end ok=true elapsed_s=0.6
[algo1a-g3-l1-modal] 
[algo1a-g3-l1-modal] [36m(MegatronTrainRayActor pid=2849)[0m [2026-09-29 18:08:24.103 actor_cell00000_rank00000] structured_log.py:24 - actor cls=MegatronTrainRayActor fn=sleep phase=start
[algo1a-g3-l1-modal] 
[algo1a-g3-l1-modal] [36m(MegatronTrainRayActor pid=2849)[0m [2026-09-29 18:08:24.104 actor_cell00000_rank00000] timer.py:31 - Timer sleep start
[algo1a-g3-l1-modal] 
[algo1a-g3-l1-modal] [36m(MegatronTrainRayActor pid=2849)[0m [2026-09-29 18:08:24.605 actor_cell00000_rank00000] memory_utils.py:41 - [Rank 0] Memory-Usage before offload model: {'gpu': '0', 'total_GB': 79.18, 'free_GB': 75.53, 'used_GB': 3.65, 'allocated_GB': 1.2, 'reserved_GB': 1.27}
[algo1a-g3-l1-modal] 
[algo1a-g3-l1-modal] [36m(MegatronTrainRayActor pid=2849)[0m [2026-09-29 18:08:24.956 actor_cell00000_rank00000] memory_utils.py:41 - [Rank 0] Memory-Usage after offload model: {'gpu': '0', 'total_GB': 79.18, 'free_GB': 76.77, 'used_GB': 2.41, 'allocated_GB': 1.2, 'reserved_GB': 1.27}
[algo1a-g3-l1-modal] 
[algo1a-g3-l1-modal] [36m(MegatronTrainRayActor pid=2849)[0m [2026-09-29 18:08:24.957 actor_cell00000_rank00000] timer.py:42 - Timer sleep end (elapsed: 0.9s)
[algo1a-g3-l1-modal] 
[36m(MegatronTrainRayActor pid=2849)[0m [2026-09-29 18:08:24.957 actor_cell00000_rank00000] structured_log.py:28 - actor cls=MegatronTrainRayActor fn=sleep phase=end ok=true elapsed_s=0.9
[algo1a-g3-l1-modal] [36m(TrainerController pid=2549)[0m [2026-09-29 18:08:25.110 trainer_controller_actor] cell.py:239 - ft op=execute phase=end cell=trainer-engine-actor-00000 fn=run_plugin ok=true elapsed_s=1.7
[algo1a-g3-l1-modal] 
[algo1a-g3-l1-modal] [36m(TrainerController pid=2549)[0m [2026-09-29 18:08:25.521 trainer_controller_actor] cell.py:231 - ft op=execute phase=start cell=trainer-engine-actor-00000 fn=run_plugin n_actors=1
[algo1a-g3-l1-modal] 
[algo1a-g3-l1-modal] [36m(MegatronTrainRayActor pid=2849)[0m [2026-09-29 18:08:25.523 actor_cell00000_rank00000] structured_log.py:24 - actor cls=MegatronTrainRayActor fn=wake_up phase=start
[algo1a-g3-l1-modal] 
[algo1a-g3-l1-modal] [36m(MegatronTrainRayActor pid=2849)[0m [2026-09-29 18:08:25.523 actor_cell00000_rank00000] timer.py:31 - Timer wake_up start
[algo1a-g3-l1-modal] 
[algo1a-g3-l1-modal] [36m(MegatronTrainRayActor pid=2849)[0m [2026-09-29 18:08:25.524 actor_cell00000_rank00000] memory_utils.py:41 - [Rank 0] Memory-Usage before wake_up model: {'gpu': '0', 'total_GB': 79.18, 'free_GB': 76.77, 'used_GB': 2.41, 'allocated_GB': 1.2, 'reserved_GB': 1.27}
[algo1a-g3-l1-modal] 
[algo1a-g3-l1-modal] [36m(CommandActor pid=2544)[0m [2026-09-29 18:08:26] Gated launch still waiting for activation. rank=0 elapsed=210 s
[algo1a-g3-l1-modal] 
[algo1a-g3-l1-modal] [36m(MegatronTrainRayActor pid=2849)[0m [2026-09-29 18:08:26.664 actor_cell00000_rank00000] reloadable_process_group.py:151 - Reloading 0 process groups in pid 2849
[algo1a-g3-l1-modal] 
[algo1a-g3-l1-modal] [36m(MegatronTrainRayActor pid=2849)[0m [2026-09-29 18:08:26.665 actor_cell00000_rank00000] memory_utils.py:41 - [Rank 0] Memory-Usage after wake_up model: {'gpu': '0', 'total_GB': 79.18, 'free_GB': 75.53, 'used_GB': 3.65, 'allocated_GB': 1.2, 'reserved_GB': 1.27}
[algo1a-g3-l1-modal] 
[algo1a-g3-l1-modal] [36m(MegatronTrainRayActor pid=2849)[0m [2026-09-29 18:08:26.665 actor_cell00000_rank00000] timer.py:42 - Timer wake_up end (elapsed: 1.1s)
[algo1a-g3-l1-modal] 
[algo1a-g3-l1-modal] [36m(MegatronTrainRayActor pid=2849)[0m [2026-09-29 18:08:26.666 actor_cell00000_rank00000] structured_log.py:28 - actor cls=MegatronTrainRayActor fn=wake_up phase=end ok=true elapsed_s=1.1
[algo1a-g3-l1-modal] 
[algo1a-g3-l1-modal] [36m(MegatronTrainRayActor pid=2849)[0m [2026-09-29 18:08:26.764 actor_cell00000_rank00000] structured_log.py:24 - actor cls=MegatronTrainRayActor fn=sleep phase=start
[algo1a-g3-l1-modal] 
[algo1a-g3-l1-modal] [36m(MegatronTrainRayActor pid=2849)[0m [2026-09-29 18:08:26.764 actor_cell00000_rank00000] timer.py:31 - Timer sleep start
[algo1a-g3-l1-modal] 
[algo1a-g3-l1-modal] [36m(MegatronTrainRayActor pid=2849)[0m [2026-09-29 18:08:27.231 actor_cell00000_rank00000] memory_utils.py:41 - [Rank 0] Memory-Usage before offload model: {'gpu': '0', 'total_GB': 79.18, 'free_GB': 75.53, 'used_GB': 3.65, 'allocated_GB': 1.2, 'reserved_GB': 1.27}
[algo1a-g3-l1-modal] 
[algo1a-g3-l1-modal] [36m(MegatronTrainRayActor pid=2849)[0m [2026-09-29 18:08:27.822 actor_cell00000_rank00000] memory_utils.py:41 - [Rank 0] Memory-Usage after offload model: {'gpu': '0', 'total_GB': 79.18, 'free_GB': 76.77, 'used_GB': 2.41, 'allocated_GB': 1.2, 'reserved_GB': 1.27}
[algo1a-g3-l1-modal] 
[algo1a-g3-l1-modal] [36m(MegatronTrainRayActor pid=2849)[0m [2026-09-29 18:08:27.822 actor_cell00000_rank00000] timer.py:42 - Timer sleep end (elapsed: 1.1s)
[algo1a-g3-l1-modal] 
[36m(MegatronTrainRayActor pid=2849)[0m [2026-09-29 18:08:27.822 actor_cell00000_rank00000] structured_log.py:28 - actor cls=MegatronTrainRayActor fn=sleep phase=end ok=true elapsed_s=1.1
[algo1a-g3-l1-modal] [36m(TrainerController pid=2549)[0m [2026-09-29 18:08:27.953 trainer_controller_actor] cell.py:239 - ft op=execute phase=end cell=trainer-engine-actor-00000 fn=run_plugin ok=true elapsed_s=2.4
[algo1a-g3-l1-modal] 
[algo1a-g3-l1-modal] [36m(InferenceController pid=2543)[0m [2026-09-29 18:08:28.230 inference_controller] _client.py:1740 - HTTP Request: POST http://172.20.9.67:20036/gate/activate "HTTP/1.1 200 OK"
[algo1a-g3-l1-modal] 
[algo1a-g3-l1-modal] [36m(InferenceController pid=2543)[0m [2026-09-29 18:08:28.230 inference_controller] server_cell.py:268 - Cell inference-engine-all-0-0-00000 init start old=
[algo1a-g3-l1-modal] 
[algo1a-g3-l1-modal] [36m(InferenceController pid=2543)[0m [2026-09-29 18:08:28.230 inference_controller] server_cell.py:271 - Cell inference-engine-all-0-0-00000 init end new=addr_info=CellAddrInfo(server_url='http://172.20.9.67:20002', bootstrap_port=None, gate_url='http://172.20.9.67:20036') start_time=493.615909611
[algo1a-g3-l1-modal] 
[algo1a-g3-l1-modal] [36m(InferenceController pid=2543)[0m [2026-09-29 18:08:28.230 inference_controller] inference_controller.py:272 - Waiting for 1/1 cells to become ready...
[algo1a-g3-l1-modal] 
[algo1a-g3-l1-modal] [36m(CommandActor pid=2544)[0m [2026-09-29 18:08:28] Gated launch activated. elapsed=212.12 s
[algo1a-g3-l1-modal] 
[algo1a-g3-l1-modal] [36m(CommandActor pid=2544)[0m [2026-09-29 18:08:28] Init torch distributed ends. elapsed=212.18 s, mem usage=0.09 GB
[algo1a-g3-l1-modal] 
[algo1a-g3-l0-modal] [36m(CommandActor pid=2561)[0m [2026-09-29 18:08:30] Gated launch still waiting for activation. rank=0 elapsed=230 s
[algo1a-g3-l1-modal] [36m(InferenceController pid=2543)[0m [2026-09-29 18:08:30.231 inference_controller] inference_controller.py:272 - Waiting for 1/1 cells to become ready...
[algo1a-g3-l1-modal] 
[algo1a-g3-l0-modal] 
[algo1a-g3-l1-modal] [36m(CommandActor pid=2544)[0m [2026-09-29 18:08:31] Load weight begin. avail mem=76.70 GB
[algo1a-g3-l1-modal] 
[algo1a-g3-l1-modal] [36m(CommandActor pid=2544)[0m Multi-thread loading shards:   0% Completed | 0/1 [00:00<?, ?it/s][2026-09-29 18:08:32] Parameter lm_head.weight not found in params_dict
[algo1a-g3-l1-modal] 
[algo1a-g3-l1-modal] [36m(InferenceController pid=2543)[0m [2026-09-29 18:08:32.232 inference_controller] inference_controller.py:272 - Waiting for 1/1 cells to become ready...
[algo1a-g3-l1-modal] 
[algo1a-g3-l1-modal] [36m(CommandActor pid=2544)[0m Multi-thread loading shards: 100% Completed | 1/1 [00:00<00:00,  2.84it/s]Multi-thread loading shards: 100% Completed | 1/1 [00:00<00:00,  2.84it/s]
[algo1a-g3-l1-modal] 
[algo1a-g3-l1-modal] [36m(CommandActor pid=2544)[0m [2026-09-29 18:08:32] Load weight end. elapsed=0.58 s, type=Qwen3ForCausalLM, avail mem=75.52 GB, mem usage=1.19 GB.
[algo1a-g3-l1-modal] 
[algo1a-g3-l1-modal] [36m(CommandActor pid=2544)[0m [2026-09-29 18:08:32] Using csgmv as backend of LoRA kernels.
[algo1a-g3-l1-modal] 
[algo1a-g3-l0-modal] [36m(MegatronTrainRayActor pid=2861)[0m [2026-09-29 18:08:32.442 actor_cell00000_rank00000] structured_log.py:24 - actor cls=MegatronTrainRayActor fn=wake_up phase=start
[algo1a-g3-l0-modal] 
[algo1a-g3-l0-modal] [36m(MegatronTrainRayActor pid=2861)[0m [2026-09-29 18:08:32.442 actor_cell00000_rank00000] timer.py:31 - Timer wake_up start
[algo1a-g3-l0-modal] 
[algo1a-g3-l0-modal] [36m(MegatronTrainRayActor pid=2861)[0m [2026-09-29 18:08:32.443 actor_cell00000_rank00000] memory_utils.py:41 - [Rank 0] Memory-Usage before wake_up model: {'gpu': '0', 'total_GB': 79.18, 'free_GB': 76.77, 'used_GB': 2.4, 'allocated_GB': 1.2, 'reserved_GB': 1.27}
[algo1a-g3-l0-modal] 
[algo1a-g3-l0-modal] [36m(MegatronTrainRayActor pid=2861)[0m [2026-09-29 18:08:33.225 actor_cell00000_rank00000] reloadable_process_group.py:151 - Reloading 0 process groups in pid 2861
[algo1a-g3-l0-modal] 
[algo1a-g3-l0-modal] [36m(MegatronTrainRayActor pid=2861)[0m [2026-09-29 18:08:33.226 actor_cell00000_rank00000] memory_utils.py:41 - [Rank 0] Memory-Usage after wake_up model: {'gpu': '0', 'total_GB': 79.18, 'free_GB': 75.53, 'used_GB': 3.65, 'allocated_GB': 1.2, 'reserved_GB': 1.27}
[algo1a-g3-l0-modal] 
[algo1a-g3-l0-modal] [36m(MegatronTrainRayActor pid=2861)[0m [2026-09-29 18:08:33.227 actor_cell00000_rank00000] timer.py:42 - Timer wake_up end (elapsed: 0.8s)
[algo1a-g3-l0-modal] 
[algo1a-g3-l0-modal] [36m(MegatronTrainRayActor pid=2861)[0m [2026-09-29 18:08:33.227 actor_cell00000_rank00000] structured_log.py:28 - actor cls=MegatronTrainRayActor fn=wake_up phase=end ok=true elapsed_s=0.8
[algo1a-g3-l0-modal] 
[algo1a-g3-l0-modal] [36m(MegatronTrainRayActor pid=2861)[0m /opt/sglang/lib/python3.12/site-packages/torch/distributed/c10d_logger.py:83: UserWarning: barrier(): using the device under current context. You can specify `device_id` in `init_process_group` to mute this warning.
[algo1a-g3-l0-modal] 
[algo1a-g3-l0-modal] [36m(MegatronTrainRayActor pid=2861)[0m   return func(*args, **kwargs)
[algo1a-g3-l0-modal] 
[algo1a-g3-l0-modal] [36m(MegatronTrainRayActor pid=2861)[0m [2026-09-29 18:08:34.034 actor_cell00000_rank00000] structured_log.py:24 - actor cls=MegatronTrainRayActor fn=sleep phase=start
[algo1a-g3-l1-modal] [36m(CommandActor pid=2544)[0m [2026-09-29 18:08:34] KV Cache is allocated. dtype: torch.bfloat16, #tokens: 275400, K size: 14.71 GB, V size: 14.71 GB
[algo1a-g3-l1-modal] 
[algo1a-g3-l1-modal] [36m(CommandActor pid=2544)[0m [2026-09-29 18:08:34] Memory pool end. avail mem=45.51 GB
[algo1a-g3-l1-modal] 
[algo1a-g3-l1-modal] [36m(InferenceController pid=2543)[0m [2026-09-29 18:08:34.233 inference_controller] inference_controller.py:272 - Waiting for 1/1 cells to become ready...
[algo1a-g3-l1-modal] 
[algo1a-g3-l0-modal] 
[algo1a-g3-l0-modal] [36m(MegatronTrainRayActor pid=2861)[0m [2026-09-29 18:08:34.035 actor_cell00000_rank00000] timer.py:31 - Timer sleep start
[algo1a-g3-l0-modal] 
[algo1a-g3-l0-modal] [36m(MegatronTrainRayActor pid=2861)[0m [2026-09-29 18:08:34.681 actor_cell00000_rank00000] memory_utils.py:41 - [Rank 0] Memory-Usage before offload model: {'gpu': '0', 'total_GB': 79.18, 'free_GB': 75.53, 'used_GB': 3.65, 'allocated_GB': 1.2, 'reserved_GB': 1.27}
[algo1a-g3-l0-modal] 
[algo1a-g3-l0-modal] [36m(TrainerController pid=2557)[0m [2026-09-29 18:08:35.095 trainer_controller_actor] cell.py:239 - ft op=execute phase=end cell=trainer-engine-actor-00000 fn=run_plugin ok=true elapsed_s=51.1
[algo1a-g3-l1-modal] [36m(CommandActor pid=2544)[0m [2026-09-29 18:08:35] Disable prefill CUDA graph because cuda_graph_config resolved prefill.backend='disabled' (e.g. via --cuda-graph-backend-prefill=disabled or auto-disable rules).
[algo1a-g3-l1-modal] 
[algo1a-g3-l0-modal] 
[algo1a-g3-l0-modal] [36m(MegatronTrainRayActor pid=2861)[0m [2026-09-29 18:08:35.038 actor_cell00000_rank00000] memory_utils.py:41 - [Rank 0] Memory-Usage after offload model: {'gpu': '0', 'total_GB': 79.18, 'free_GB': 76.77, 'used_GB': 2.41, 'allocated_GB': 1.2, 'reserved_GB': 1.27}
[algo1a-g3-l0-modal] 
[algo1a-g3-l0-modal] [36m(MegatronTrainRayActor pid=2861)[0m [2026-09-29 18:08:35.039 actor_cell00000_rank00000] timer.py:42 - Timer sleep end (elapsed: 1.0s)
[algo1a-g3-l0-modal] 
[algo1a-g3-l0-modal] [36m(MegatronTrainRayActor pid=2861)[0m [2026-09-29 18:08:35.039 actor_cell00000_rank00000] structured_log.py:28 - actor cls=MegatronTrainRayActor fn=sleep phase=end ok=true elapsed_s=1.0
[algo1a-g3-l0-modal] 
[algo1a-g3-l0-modal] [36m(TrainerController pid=2557)[0m [2026-09-29 18:08:35.164 trainer_controller_actor] cell.py:231 - ft op=execute phase=start cell=trainer-engine-actor-00000 fn=run_plugin n_actors=1
[algo1a-g3-l0-modal] 
[algo1a-g3-l0-modal] [36m(MegatronTrainRayActor pid=2861)[0m [2026-09-29 18:08:35.165 actor_cell00000_rank00000] structured_log.py:24 - actor cls=MegatronTrainRayActor fn=wake_up phase=start
[algo1a-g3-l0-modal] 
[algo1a-g3-l0-modal] [36m(MegatronTrainRayActor pid=2861)[0m [2026-09-29 18:08:35.165 actor_cell00000_rank00000] timer.py:31 - Timer wake_up start
[algo1a-g3-l0-modal] [36m(MegatronTrainRayActor pid=2861)[0m [2026-09-29 18:08:35.167 actor_cell00000_rank00000] memory_utils.py:41 - [Rank 0] Memory-Usage before wake_up model: {'gpu': '0', 'total_GB': 79.18, 'free_GB': 76.77, 'used_GB': 2.41, 'allocated_GB': 1.2, 'reserved_GB': 1.27}
[algo1a-g3-l1-modal] [36m(CommandActor pid=2544)[0m [2026-09-29 18:08:35] Capture target decode CUDA graph begin. backend=full, num_tokens_per_req=1, bs=[1, 2, 4, 8, 12, 16, 24, 32, 40, 48, 56, 64, 72, 80, 88, 96, 104, 112, 120, 128, 136, 144, 152, 160, 168, 176, 184, 192, 200, 208, 216, 224, 232, 240, 248, 256], avail mem=45.51 GB
[algo1a-g3-l1-modal] 
[algo1a-g3-l1-modal] [36m(CommandActor pid=2544)[0m   0%|          | 0/36 [00:00<?, ?it/s]Capturing batches (bs=256 avail_mem=45.32 GB):   0%|          | 0/36 [00:00<?, ?it/s]
[algo1a-g3-l1-modal] 
[algo1a-g3-l1-modal] [36m(InferenceController pid=2543)[0m [2026-09-29 18:08:36.235 inference_controller] inference_controller.py:272 - Waiting for 1/1 cells to become ready...
[algo1a-g3-l1-modal] 
[algo1a-g3-l0-modal] [36m(MegatronTrainRayActor pid=2861)[0m [2026-09-29 18:08:36.296 actor_cell00000_rank00000] reloadable_process_group.py:151 - Reloading 0 process groups in pid 2861
[algo1a-g3-l0-modal] 
[algo1a-g3-l0-modal] [36m(MegatronTrainRayActor pid=2861)[0m [2026-09-29 18:08:36.297 actor_cell00000_rank00000] memory_utils.py:41 - [Rank 0] Memory-Usage after wake_up model: {'gpu': '0', 'total_GB': 79.18, 'free_GB': 75.53, 'used_GB': 3.65, 'allocated_GB': 1.2, 'reserved_GB': 1.27}
[algo1a-g3-l0-modal] 
[algo1a-g3-l0-modal] [36m(MegatronTrainRayActor pid=2861)[0m [2026-09-29 18:08:36.297 actor_cell00000_rank00000] timer.py:42 - Timer wake_up end (elapsed: 1.1s)
[algo1a-g3-l0-modal] 
[algo1a-g3-l0-modal] [36m(MegatronTrainRayActor pid=2861)[0m [2026-09-29 18:08:36.297 actor_cell00000_rank00000] structured_log.py:28 - actor cls=MegatronTrainRayActor fn=wake_up phase=end ok=true elapsed_s=1.1
[algo1a-g3-l0-modal] 
[algo1a-g3-l0-modal] [36m(MegatronTrainRayActor pid=2861)[0m [2026-09-29 18:08:36.408 actor_cell00000_rank00000] structured_log.py:24 - actor cls=MegatronTrainRayActor fn=sleep phase=start
[algo1a-g3-l0-modal] 
[algo1a-g3-l0-modal] [36m(MegatronTrainRayActor pid=2861)[0m [2026-09-29 18:08:36.409 actor_cell00000_rank00000] timer.py:31 - Timer sleep start
[algo1a-g3-l0-modal] 
[algo1a-g3-l0-modal] [36m(MegatronTrainRayActor pid=2861)[0m [2026-09-29 18:08:37.058 actor_cell00000_rank00000] memory_utils.py:41 - [Rank 0] Memory-Usage before offload model: {'gpu': '0', 'total_GB': 79.18, 'free_GB': 75.53, 'used_GB': 3.65, 'allocated_GB': 1.2, 'reserved_GB': 1.27}
[algo1a-g3-l0-modal] 
[algo1a-g3-l0-modal] [36m(MegatronTrainRayActor pid=2861)[0m [2026-09-29 18:08:37.647 actor_cell00000_rank00000] memory_utils.py:41 - [Rank 0] Memory-Usage after offload model: {'gpu': '0', 'total_GB': 79.18, 'free_GB': 76.77, 'used_GB': 2.41, 'allocated_GB': 1.2, 'reserved_GB': 1.27}
[algo1a-g3-l0-modal] 
[algo1a-g3-l0-modal] [36m(MegatronTrainRayActor pid=2861)[0m [2026-09-29 18:08:37.647 actor_cell00000_rank00000] timer.py:42 - Timer sleep end (elapsed: 1.2s)
[algo1a-g3-l0-modal] 
[algo1a-g3-l0-modal] [36m(MegatronTrainRayActor pid=2861)[0m [2026-09-29 18:08:37.648 actor_cell00000_rank00000] structured_log.py:28 - actor cls=MegatronTrainRayActor fn=sleep phase=end ok=true elapsed_s=1.2
[algo1a-g3-l0-modal] 
[algo1a-g3-l0-modal] [36m(TrainerController pid=2557)[0m [2026-09-29 18:08:37.814 trainer_controller_actor] cell.py:239 - ft op=execute phase=end cell=trainer-engine-actor-00000 fn=run_plugin ok=true elapsed_s=2.7
[algo1a-g3-l0-modal] 
[algo1a-g3-l1-modal] [36m(CommandActor pid=2544)[0m [2026-09-29 18:08:38] LoRA shrink (K=1024, R=16): no tuned config, using defaults {'BLOCK_N': 16, 'BLOCK_K': 256}
[algo1a-g3-l1-modal] 
[algo1a-g3-l1-modal] [36m(InferenceController pid=2543)[0m [2026-09-29 18:08:38.235 inference_controller] inference_controller.py:272 - Waiting for 1/1 cells to become ready...
[algo1a-g3-l1-modal] 
[algo1a-g3-l0-modal] [36m(TrainerController pid=2557)[0m [2026-09-29 18:08:38.277 trainer_controller_actor] cell.py:231 - ft op=execute phase=start cell=trainer-engine-actor-00000 fn=run_plugin n_actors=1
[algo1a-g3-l0-modal] 
[algo1a-g3-l0-modal] [36m(MegatronTrainRayActor pid=2861)[0m [2026-09-29 18:08:38.279 actor_cell00000_rank00000] structured_log.py:24 - actor cls=MegatronTrainRayActor fn=wake_up phase=start
[algo1a-g3-l0-modal] 
[algo1a-g3-l0-modal] [36m(MegatronTrainRayActor pid=2861)[0m [2026-09-29 18:08:38.279 actor_cell00000_rank00000] timer.py:31 - Timer wake_up start
[algo1a-g3-l0-modal] 
[algo1a-g3-l0-modal] [36m(MegatronTrainRayActor pid=2861)[0m [2026-09-29 18:08:38.280 actor_cell00000_rank00000] memory_utils.py:41 - [Rank 0] Memory-Usage before wake_up model: {'gpu': '0', 'total_GB': 79.18, 'free_GB': 76.77, 'used_GB': 2.41, 'allocated_GB': 1.2, 'reserved_GB': 1.27}
[algo1a-g3-l0-modal] 
[algo1a-g3-l1-modal] [36m(CommandActor pid=2544)[0m [2026-09-29 18:08:38] LoRA expand (K=4096, R=16): no tuned config, using defaults {'BLOCK_N': 64, 'BLOCK_K': 16}
[algo1a-g3-l1-modal] 
[algo1a-g3-l0-modal] [36m(MegatronTrainRayActor pid=2861)[0m [2026-09-29 18:08:39.143 actor_cell00000_rank00000] reloadable_process_group.py:151 - Reloading 0 process groups in pid 2861
[algo1a-g3-l0-modal] 
[algo1a-g3-l0-modal] [36m(MegatronTrainRayActor pid=2861)[0m [2026-09-29 18:08:39.144 actor_cell00000_rank00000] memory_utils.py:41 - [Rank 0] Memory-Usage after wake_up model: {'gpu': '0', 'total_GB': 79.18, 'free_GB': 75.53, 'used_GB': 3.65, 'allocated_GB': 1.2, 'reserved_GB': 1.27}
[algo1a-g3-l0-modal] 
[algo1a-g3-l0-modal] [36m(MegatronTrainRayActor pid=2861)[0m [2026-09-29 18:08:39.144 actor_cell00000_rank00000] timer.py:42 - Timer wake_up end (elapsed: 0.9s)
[algo1a-g3-l0-modal] 
[algo1a-g3-l0-modal] [36m(MegatronTrainRayActor pid=2861)[0m [2026-09-29 18:08:39.144 actor_cell00000_rank00000] structured_log.py:28 - actor cls=MegatronTrainRayActor fn=wake_up phase=end ok=true elapsed_s=0.9
[algo1a-g3-l0-modal] 
[algo1a-g3-l0-modal] [36m(MegatronTrainRayActor pid=2861)[0m [2026-09-29 18:08:39.255 actor_cell00000_rank00000] structured_log.py:24 - actor cls=MegatronTrainRayActor fn=sleep phase=start
[algo1a-g3-l0-modal] 
[algo1a-g3-l0-modal] [36m(MegatronTrainRayActor pid=2861)[0m [2026-09-29 18:08:39.255 actor_cell00000_rank00000] timer.py:31 - Timer sleep start
[algo1a-g3-l0-modal] 
[algo1a-g3-l0-modal] [36m(MegatronTrainRayActor pid=2861)[0m [2026-09-29 18:08:39.895 actor_cell00000_rank00000] memory_utils.py:41 - [Rank 0] Memory-Usage before offload model: {'gpu': '0', 'total_GB': 79.18, 'free_GB': 75.53, 'used_GB': 3.65, 'allocated_GB': 1.2, 'reserved_GB': 1.27}
[algo1a-g3-l1-modal] [36m(InferenceController pid=2543)[0m [2026-09-29 18:08:40.237 inference_controller] inference_controller.py:272 - Waiting for 1/1 cells to become ready...
[algo1a-g3-l1-modal] 
[algo1a-g3-l0-modal] 
[algo1a-g3-l0-modal] [36m(CommandActor pid=2561)[0m [2026-09-29 18:08:40] Gated launch still waiting for activation. rank=0 elapsed=240 s
[algo1a-g3-l0-modal] 
[algo1a-g3-l0-modal] [36m(MegatronTrainRayActor pid=2861)[0m [2026-09-29 18:08:40.311 actor_cell00000_rank00000] memory_utils.py:41 - [Rank 0] Memory-Usage after offload model: {'gpu': '0', 'total_GB': 79.18, 'free_GB': 76.77, 'used_GB': 2.41, 'allocated_GB': 1.2, 'reserved_GB': 1.27}
[algo1a-g3-l0-modal] 
[algo1a-g3-l0-modal] [36m(MegatronTrainRayActor pid=2861)[0m [2026-09-29 18:08:40.311 actor_cell00000_rank00000] timer.py:42 - Timer sleep end (elapsed: 1.1s)
[algo1a-g3-l0-modal] 
[algo1a-g3-l0-modal] [36m(MegatronTrainRayActor pid=2861)[0m [2026-09-29 18:08:40.312 actor_cell00000_rank00000] structured_log.py:28 - actor cls=MegatronTrainRayActor fn=sleep phase=end ok=true elapsed_s=1.1
[algo1a-g3-l0-modal] 
[algo1a-g3-l0-modal] [36m(TrainerController pid=2557)[0m [2026-09-29 18:08:40.455 trainer_controller_actor] cell.py:239 - ft op=execute phase=end cell=trainer-engine-actor-00000 fn=run_plugin ok=true elapsed_s=2.2
[algo1a-g3-l0-modal] 
[algo1a-g3-l0-modal] [36m(InferenceController pid=2560)[0m [2026-09-29 18:08:40.761 inference_controller] _client.py:1740 - HTTP Request: POST http://172.20.8.163:20036/gate/activate "HTTP/1.1 200 OK"
[algo1a-g3-l0-modal] 
[algo1a-g3-l0-modal] [36m(InferenceController pid=2560)[0m [2026-09-29 18:08:40.762 inference_controller] server_cell.py:268 - Cell inference-engine-all-0-0-00000 init start old=
[algo1a-g3-l0-modal] 
[algo1a-g3-l0-modal] [36m(InferenceController pid=2560)[0m [2026-09-29 18:08:40.762 inference_controller] server_cell.py:271 - Cell inference-engine-all-0-0-00000 init end new=addr_info=CellAddrInfo(server_url='http://172.20.8.163:20002', bootstrap_port=None, gate_url='http://172.20.8.163:20036') start_time=509.251462625
[algo1a-g3-l0-modal] 
[algo1a-g3-l0-modal] [36m(InferenceController pid=2560)[0m [2026-09-29 18:08:40.762 inference_controller] inference_controller.py:272 - Waiting for 1/1 cells to become ready...
[algo1a-g3-l0-modal] 
[algo1a-g3-l0-modal] [36m(CommandActor pid=2561)[0m [2026-09-29 18:08:41] Gated launch activated. elapsed=241.14 s
[algo1a-g3-l0-modal] 
[algo1a-g3-l0-modal] [36m(CommandActor pid=2561)[0m [2026-09-29 18:08:41] Init torch distributed ends. elapsed=241.19 s, mem usage=0.09 GB
[algo1a-g3-l0-modal] 
[algo1a-g3-l1-modal] [36m(InferenceController pid=2543)[0m [2026-09-29 18:08:42.238 inference_controller] inference_controller.py:272 - Waiting for 1/1 cells to become ready...
[algo1a-g3-l1-modal] 
[algo1a-g3-l0-modal] [36m(InferenceController pid=2560)[0m [2026-09-29 18:08:42.762 inference_controller] inference_controller.py:272 - Waiting for 1/1 cells to become ready...
[algo1a-g3-l0-modal] 
[algo1a-g3-l0-modal] [36m(RolloutExecutor pid=2559)[0m [2026-09-29 18:08:42.846 rollout_executor] reporter.py:90 - audit op=env_report_summary hostname=modal versions="{\"python\":\"3.12.3\",\"platform\":\"Linux-4.19.0-gvisor-x86_64-with-glibc2.39\",\"miles\":\"0.1.1\",\"sglang\":\"0.5.21.dev67+g9f29303\",\"sglang-router\":\"0.3.2\",\"megatron-core\":\"0.19.0+a84b10547\",\"transformers\":\"5.12.1\",\"ray\":\"2.58.0\",\"flashinfer-python\":\"0.6.18\",\"torch\":\"2.13.0+cu130\",\"torch_cuda\":\"13.0\"}" repos="{\"miles\":\"0394715083c91182b5eb0c526eeee4196ac694b9\",\"megatron-core\":\"a84b105473eca9c9c6e49dbf1c8aa460c5cf796e\",\"sglang\":\"9f29303bef1eea38eb613e5f454a52db1326422d\"}" num_packages=425 num_env_vars=109 packages_probed=true stored=false
[algo1a-g3-l0-modal] 
[algo1a-g3-l1-modal] [36m(InferenceController pid=2543)[0m [2026-09-29 18:08:44.238 inference_controller] inference_controller.py:272 - Waiting for 1/1 cells to become ready...
[algo1a-g3-l1-modal] 
[algo1a-g3-l0-modal] [36m(InferenceController pid=2560)[0m [2026-09-29 18:08:44.763 inference_controller] inference_controller.py:272 - Waiting for 1/1 cells to become ready...
[algo1a-g3-l0-modal] 
[algo1a-g3-l0-modal] [36m(CommandActor pid=2561)[0m [2026-09-29 18:08:45] Load weight begin. avail mem=76.70 GB
[algo1a-g3-l0-modal] 
[algo1a-g3-l0-modal] [36m(CommandActor pid=2561)[0m Multi-thread loading shards:   0% Completed | 0/1 [00:00<?, ?it/s][2026-09-29 18:08:45] Parameter lm_head.weight not found in params_dict
[algo1a-g3-l0-modal] 
[algo1a-g3-l0-modal] [36m(CommandActor pid=2561)[0m Multi-thread loading shards: 100% Completed | 1/1 [00:00<00:00,  3.12it/s]Multi-thread loading shards: 100% Completed | 1/1 [00:00<00:00,  3.12it/s]
[algo1a-g3-l0-modal] 
[algo1a-g3-l0-modal] [36m(CommandActor pid=2561)[0m [2026-09-29 18:08:45] Load weight end. elapsed=0.76 s, type=Qwen3ForCausalLM, avail mem=75.52 GB, mem usage=1.19 GB.
[algo1a-g3-l0-modal] 
[algo1a-g3-l0-modal] [36m(CommandActor pid=2561)[0m [2026-09-29 18:08:45] Using csgmv as backend of LoRA kernels.
[algo1a-g3-l0-modal] 
[algo1a-g3-l0-modal] [36m(MegatronTrainRayActor pid=2861)[0m [2026-09-29 18:08:45.909 actor_cell00000_rank00000] reporter.py:90 - audit op=env_report_summary hostname=modal versions="{\"python\":\"3.12.3\",\"platform\":\"Linux-4.19.0-gvisor-x86_64-with-glibc2.39\",\"miles\":\"0.1.1\",\"sglang\":\"0.5.21.dev67+g9f29303\",\"sglang-router\":\"0.3.2\",\"megatron-core\":\"0.19.0+a84b10547\",\"transformers\":\"5.12.1\",\"ray\":\"2.58.0\",\"flashinfer-python\":\"0.6.18\",\"torch\":\"2.13.0+cu130\",\"torch_cuda\":\"13.0\"}" repos="{\"miles\":\"0394715083c91182b5eb0c526eeee4196ac694b9\",\"megatron-core\":\"a84b105473eca9c9c6e49dbf1c8aa460c5cf796e\",\"sglang\":\"9f29303bef1eea38eb613e5f454a52db1326422d\"}" num_packages=425 num_env_vars=133 packages_probed=true stored=false
[algo1a-g3-l0-modal] 
[algo1a-g3-l1-modal] [36m(InferenceController pid=2543)[0m [2026-09-29 18:08:46.240 inference_controller] inference_controller.py:272 - Waiting for 1/1 cells to become ready...
[algo1a-g3-l1-modal] 
[algo1a-g3-l0-modal] [36m(InferenceController pid=2560)[0m [2026-09-29 18:08:46.764 inference_controller] inference_controller.py:272 - Waiting for 1/1 cells to become ready...
[algo1a-g3-l0-modal] 
[algo1a-g3-l0-modal] [36m(CommandActor pid=2561)[0m [2026-09-29 18:08:47] KV Cache is allocated. dtype: torch.bfloat16, #tokens: 275400, K size: 14.71 GB, V size: 14.71 GB
[algo1a-g3-l0-modal] 
[algo1a-g3-l1-modal] [36m(InferenceController pid=2543)[0m [2026-09-29 18:08:48.241 inference_controller] inference_controller.py:272 - Waiting for 1/1 cells to become ready...
[algo1a-g3-l0-modal] [36m(CommandActor pid=2561)[0m [2026-09-29 18:08:47] Memory pool end. avail mem=45.51 GB
[algo1a-g3-l0-modal] 
[algo1a-g3-l1-modal] 
[algo1a-g3-l0-modal] [36m(InferenceController pid=2560)[0m [2026-09-29 18:08:48.766 inference_controller] inference_controller.py:272 - Waiting for 1/1 cells to become ready...
[algo1a-g3-l0-modal] 
[algo1a-g3-l0-modal] [36m(CommandActor pid=2561)[0m [2026-09-29 18:08:49] Disable prefill CUDA graph because cuda_graph_config resolved prefill.backend='disabled' (e.g. via --cuda-graph-backend-prefill=disabled or auto-disable rules).
[algo1a-g3-l0-modal] 
[algo1a-g3-l0-modal] [36m(CommandActor pid=2561)[0m [2026-09-29 18:08:49] Capture target decode CUDA graph begin. backend=full, num_tokens_per_req=1, bs=[1, 2, 4, 8, 12, 16, 24, 32, 40, 48, 56, 64, 72, 80, 88, 96, 104, 112, 120, 128, 136, 144, 152, 160, 168, 176, 184, 192, 200, 208, 216, 224, 232, 240, 248, 256], avail mem=45.51 GB
[algo1a-g3-l0-modal] 
[algo1a-g3-l1-modal] [36m(InferenceController pid=2543)[0m [2026-09-29 18:08:50.242 inference_controller] inference_controller.py:272 - Waiting for 1/1 cells to become ready...
[algo1a-g3-l0-modal] [36m(CommandActor pid=2561)[0m   0%|          | 0/36 [00:00<?, ?it/s]Capturing batches (bs=256 avail_mem=45.32 GB):   0%|          | 0/36 [00:00<?, ?it/s]
[algo1a-g3-l0-modal] 
[algo1a-g3-l1-modal] 
[algo1a-g3-l0-modal] [36m(InferenceController pid=2560)[0m [2026-09-29 18:08:50.767 inference_controller] inference_controller.py:272 - Waiting for 1/1 cells to become ready...
[algo1a-g3-l0-modal] 
[algo1a-g3-l1-modal] [36m(InferenceController pid=2543)[0m [2026-09-29 18:08:52.242 inference_controller] inference_controller.py:272 - Waiting for 1/1 cells to become ready...
[algo1a-g3-l1-modal] 
[algo1a-g3-l0-modal] [36m(InferenceController pid=2560)[0m [2026-09-29 18:08:52.768 inference_controller] inference_controller.py:272 - Waiting for 1/1 cells to become ready...
[algo1a-g3-l0-modal] 
[algo1a-g3-l0-modal] [36m(CommandActor pid=2561)[0m [2026-09-29 18:08:52] LoRA shrink (K=1024, R=16): no tuned config, using defaults {'BLOCK_N': 16, 'BLOCK_K': 256}
[algo1a-g3-l0-modal] 
[algo1a-g3-l0-modal] [36m(CommandActor pid=2561)[0m [2026-09-29 18:08:52] LoRA expand (K=4096, R=16): no tuned config, using defaults {'BLOCK_N': 64, 'BLOCK_K': 16}
[algo1a-g3-l0-modal] 
[algo1a-g3-l1-modal] [36m(InferenceController pid=2543)[0m [2026-09-29 18:08:54.243 inference_controller] inference_controller.py:272 - Waiting for 1/1 cells to become ready...
[algo1a-g3-l1-modal] 
[algo1a-g3-l1-modal] [36m(CommandActor pid=2544)[0m [2026-09-29 18:08:54] LoRA shrink (K=2048, R=16): no tuned config, using defaults {'BLOCK_N': 16, 'BLOCK_K': 256}
[algo1a-g3-l1-modal] 
[algo1a-g3-l1-modal] [36m(CommandActor pid=2544)[0m [2026-09-29 18:08:54] LoRA expand (K=1024, R=16): no tuned config, using defaults {'BLOCK_N': 64, 'BLOCK_K': 16}
[algo1a-g3-l1-modal] 
[algo1a-g3-l0-modal] [36m(InferenceController pid=2560)[0m [2026-09-29 18:08:54.769 inference_controller] inference_controller.py:272 - Waiting for 1/1 cells to become ready...
[algo1a-g3-l0-modal] 
[algo1a-g3-l1-modal] [36m(InferenceController pid=2543)[0m [2026-09-29 18:08:56.243 inference_controller] inference_controller.py:272 - Waiting for 1/1 cells to become ready...
[algo1a-g3-l1-modal] 
[algo1a-g3-l1-modal] [36m(CommandActor pid=2544)[0m [2026-09-29 18:08:56] LoRA shrink (K=1024, R=16): no tuned config, using defaults {'BLOCK_N': 16, 'BLOCK_K': 256}
[algo1a-g3-l1-modal] 
[algo1a-g3-l1-modal] [36m(CommandActor pid=2544)[0m [2026-09-29 18:08:56] LoRA expand (K=6144, R=16): no tuned config, using defaults {'BLOCK_N': 64, 'BLOCK_K': 16}
[algo1a-g3-l0-modal] [36m(InferenceController pid=2560)[0m [2026-09-29 18:08:56.771 inference_controller] inference_controller.py:272 - Waiting for 1/1 cells to become ready...
[algo1a-g3-l0-modal] 
[algo1a-g3-l1-modal] 
[algo1a-g3-l1-modal] [36m(InferenceController pid=2543)[0m [2026-09-29 18:08:58.244 inference_controller] inference_controller.py:272 - Waiting for 1/1 cells to become ready...
[algo1a-g3-l1-modal] 
[algo1a-g3-l0-modal] [36m(InferenceController pid=2560)[0m [2026-09-29 18:08:58.772 inference_controller] inference_controller.py:272 - Waiting for 1/1 cells to become ready...
[algo1a-g3-l0-modal] 
[algo1a-g3-l0-modal] [36m(InferenceController pid=2560)[0m [2026-09-29 18:08:59.214 inference_controller] reporter.py:90 - audit op=env_report_summary hostname=modal versions="{\"python\":\"3.12.3\",\"platform\":\"Linux-4.19.0-gvisor-x86_64-with-glibc2.39\",\"miles\":\"0.1.1\",\"sglang\":\"0.5.21.dev67+g9f29303\",\"sglang-router\":\"0.3.2\",\"megatron-core\":\"0.19.0+a84b10547\",\"transformers\":\"5.12.1\",\"ray\":\"2.58.0\",\"flashinfer-python\":\"0.6.18\",\"torch\":\"2.13.0+cu130\",\"torch_cuda\":\"13.0\"}" repos="{\"miles\":\"0394715083c91182b5eb0c526eeee4196ac694b9\",\"megatron-core\":\"a84b105473eca9c9c6e49dbf1c8aa460c5cf796e\",\"sglang\":\"9f29303bef1eea38eb613e5f454a52db1326422d\"}" num_packages=425 num_env_vars=109 packages_probed=true stored=false
[algo1a-g3-l0-modal] 
[algo1a-g3-l1-modal] [36m(InferenceController pid=2543)[0m [2026-09-29 18:09:00.244 inference_controller] inference_controller.py:272 - Waiting for 1/1 cells to become ready...
[algo1a-g3-l1-modal] 
[algo1a-g3-l0-modal] [36m(InferenceController pid=2560)[0m [2026-09-29 18:09:00.773 inference_controller] inference_controller.py:272 - Waiting for 1/1 cells to become ready...
[algo1a-g3-l0-modal] 
[algo1a-g3-l1-modal] [36m(InferenceController pid=2543)[0m [2026-09-29 18:09:02.244 inference_controller] inference_controller.py:272 - Waiting for 1/1 cells to become ready...
[algo1a-g3-l1-modal] 
[algo1a-g3-l0-modal] [36m(InferenceController pid=2560)[0m [2026-09-29 18:09:02.775 inference_controller] inference_controller.py:272 - Waiting for 1/1 cells to become ready...
[algo1a-g3-l0-modal] 
[algo1a-g3-l1-modal] [36m(InferenceController pid=2543)[0m [2026-09-29 18:09:04.245 inference_controller] inference_controller.py:272 - Waiting for 1/1 cells to become ready...
[algo1a-g3-l1-modal] 
[algo1a-g3-l1-modal] [36m(CommandActor pid=2544)[0m [2026-09-29 18:09:04] LoRA shrink (K=3072, R=16): no tuned config, using defaults {'BLOCK_N': 16, 'BLOCK_K': 256}
[algo1a-g3-l1-modal] 
[algo1a-g3-l0-modal] [36m(InferenceController pid=2560)[0m [2026-09-29 18:09:04.775 inference_controller] inference_controller.py:272 - Waiting for 1/1 cells to become ready...
[algo1a-g3-l0-modal] 
[algo1a-g3-l1-modal] [36m(RolloutExecutor pid=2542)[0m [2026-09-29 18:09:05.330 rollout_executor] reporter.py:90 - audit op=env_report_summary hostname=modal versions="{\"python\":\"3.12.3\",\"platform\":\"Linux-4.19.0-gvisor-x86_64-with-glibc2.39\",\"miles\":\"0.1.1\",\"sglang\":\"0.5.21.dev67+g9f29303\",\"sglang-router\":\"0.3.2\",\"megatron-core\":\"0.19.0+a84b10547\",\"transformers\":\"5.12.1\",\"ray\":\"2.58.0\",\"flashinfer-python\":\"0.6.18\",\"torch\":\"2.13.0+cu130\",\"torch_cuda\":\"13.0\"}" repos="{\"miles\":\"0394715083c91182b5eb0c526eeee4196ac694b9\",\"megatron-core\":\"a84b105473eca9c9c6e49dbf1c8aa460c5cf796e\",\"sglang\":\"9f29303bef1eea38eb613e5f454a52db1326422d\"}" num_packages=425 num_env_vars=109 packages_probed=true stored=false
[algo1a-g3-l1-modal] 
[algo1a-g3-l0-modal] [36m(TrainerController pid=2557)[0m [2026-09-29 18:09:05.066 trainer_controller_actor] reporter.py:90 - audit op=env_report_summary hostname=modal versions="{\"python\":\"3.12.3\",\"platform\":\"Linux-4.19.0-gvisor-x86_64-with-glibc2.39\",\"miles\":\"0.1.1\",\"sglang\":\"0.5.21.dev67+g9f29303\",\"sglang-router\":\"0.3.2\",\"megatron-core\":\"0.19.0+a84b10547\",\"transformers\":\"5.12.1\",\"ray\":\"2.58.0\",\"flashinfer-python\":\"0.6.18\",\"torch\":\"2.13.0+cu130\",\"torch_cuda\":\"13.0\"}" repos="{\"miles\":\"0394715083c91182b5eb0c526eeee4196ac694b9\",\"megatron-core\":\"a84b105473eca9c9c6e49dbf1c8aa460c5cf796e\",\"sglang\":\"9f29303bef1eea38eb613e5f454a52db1326422d\"}" num_packages=425 num_env_vars=112 packages_probed=true stored=false
[algo1a-g3-l0-modal] 
[algo1a-g3-l1-modal] [36m(InferenceController pid=2543)[0m [2026-09-29 18:09:06.245 inference_controller] inference_controller.py:272 - Waiting for 1/1 cells to become ready...
[algo1a-g3-l1-modal] 
[algo1a-g3-l0-modal] [36m(InferenceController pid=2560)[0m [2026-09-29 18:09:06.776 inference_controller] inference_controller.py:272 - Waiting for 1/1 cells to become ready...
[algo1a-g3-l1-modal] [36m(MegatronTrainRayActor pid=2849)[0m [2026-09-29 18:09:07.145 actor_cell00000_rank00000] reporter.py:90 - audit op=env_report_summary hostname=modal versions="{\"python\":\"3.12.3\",\"platform\":\"Linux-4.19.0-gvisor-x86_64-with-glibc2.39\",\"miles\":\"0.1.1\",\"sglang\":\"0.5.21.dev67+g9f29303\",\"sglang-router\":\"0.3.2\",\"megatron-core\":\"0.19.0+a84b10547\",\"transformers\":\"5.12.1\",\"ray\":\"2.58.0\",\"flashinfer-python\":\"0.6.18\",\"torch\":\"2.13.0+cu130\",\"torch_cuda\":\"13.0\"}" repos="{\"miles\":\"0394715083c91182b5eb0c526eeee4196ac694b9\",\"megatron-core\":\"a84b105473eca9c9c6e49dbf1c8aa460c5cf796e\",\"sglang\":\"9f29303bef1eea38eb613e5f454a52db1326422d\"}" num_packages=425 num_env_vars=133 packages_probed=true stored=false
[algo1a-g3-l1-modal] 
[algo1a-g3-l0-modal] 
[algo1a-g3-l1-modal] [36m(CommandActor pid=2544)[0m Capturing batches (bs=256 avail_mem=45.32 GB):   3%|▎         | 1/36 [00:31<18:24, 31.56s/it]Capturing batches (bs=248 avail_mem=45.21 GB):   3%|▎         | 1/36 [00:31<18:24, 31.56s/it]
[algo1a-g3-l1-modal] 
[algo1a-g3-l1-modal] [36m(CommandActor pid=2544)[0m Capturing batches (bs=248 avail_mem=45.21 GB):   6%|▌         | 2/36 [00:31<07:29, 13.22s/it]Capturing batches (bs=240 avail_mem=45.21 GB):   6%|▌         | 2/36 [00:31<07:29, 13.22s/it]
[algo1a-g3-l1-modal] 
[algo1a-g3-l1-modal] [36m(CommandActor pid=2544)[0m Capturing batches (bs=240 avail_mem=45.21 GB):   8%|▊         | 3/36 [00:32<04:01,  7.32s/it]Capturing batches (bs=232 avail_mem=45.20 GB):   8%|▊         | 3/36 [00:32<04:01,  7.32s/it]
[algo1a-g3-l1-modal] 
[algo1a-g3-l1-modal] [36m(CommandActor pid=2544)[0m Capturing batches (bs=232 avail_mem=45.20 GB):  11%|█         | 4/36 [00:32<02:23,  4.49s/it]Capturing batches (bs=224 avail_mem=45.20 GB):  11%|█         | 4/36 [00:32<02:23,  4.49s/it]
[algo1a-g3-l1-modal] 
[algo1a-g3-l1-modal] [36m(InferenceController pid=2543)[0m [2026-09-29 18:09:08.246 inference_controller] inference_controller.py:272 - Waiting for 1/1 cells to become ready...
[algo1a-g3-l1-modal] 
[algo1a-g3-l1-modal] [36m(CommandActor pid=2544)[0m Capturing batches (bs=224 avail_mem=45.20 GB):  14%|█▍        | 5/36 [00:32<01:30,  2.92s/it]Capturing batches (bs=216 avail_mem=45.19 GB):  14%|█▍        | 5/36 [00:32<01:30,  2.92s/it]
[algo1a-g3-l1-modal] 
[algo1a-g3-l1-modal] [36m(CommandActor pid=2544)[0m Capturing batches (bs=216 avail_mem=45.19 GB):  17%|█▋        | 6/36 [00:32<00:59,  1.97s/it]Capturing batches (bs=208 avail_mem=45.19 GB):  17%|█▋        | 6/36 [00:32<00:59,  1.97s/it]
[algo1a-g3-l1-modal] 
[algo1a-g3-l0-modal] [36m(InferenceController pid=2560)[0m [2026-09-29 18:09:08.776 inference_controller] inference_controller.py:272 - Waiting for 1/1 cells to become ready...
[algo1a-g3-l0-modal] 
[algo1a-g3-l1-modal] [36m(CommandActor pid=2544)[0m Capturing batches (bs=208 avail_mem=45.19 GB):  19%|█▉        | 7/36 [00:32<00:39,  1.37s/it]Capturing batches (bs=200 avail_mem=45.18 GB):  19%|█▉        | 7/36 [00:32<00:39,  1.37s/it]
[algo1a-g3-l1-modal] 
[algo1a-g3-l1-modal] [36m(CommandActor pid=2544)[0m Capturing batches (bs=200 avail_mem=45.18 GB):  22%|██▏       | 8/36 [00:32<00:27,  1.03it/s]Capturing batches (bs=192 avail_mem=45.18 GB):  22%|██▏       | 8/36 [00:32<00:27,  1.03it/s]
[algo1a-g3-l1-modal] 
[algo1a-g3-l1-modal] [36m(InferenceController pid=2543)[0m [2026-09-29 18:09:10.248 inference_controller] inference_controller.py:272 - Waiting for 1/1 cells to become ready...
[algo1a-g3-l1-modal] 
[algo1a-g3-l0-modal] [36m(CommandActor pid=2561)[0m [2026-09-29 18:09:10] LoRA shrink (K=2048, R=16): no tuned config, using defaults {'BLOCK_N': 16, 'BLOCK_K': 256}
[algo1a-g3-l0-modal] 
[algo1a-g3-l0-modal] [36m(CommandActor pid=2561)[0m [2026-09-29 18:09:10] LoRA expand (K=1024, R=16): no tuned config, using defaults {'BLOCK_N': 64, 'BLOCK_K': 16}
[algo1a-g3-l0-modal] 
[algo1a-g3-l0-modal] [36m(InferenceController pid=2560)[0m [2026-09-29 18:09:10.777 inference_controller] inference_controller.py:272 - Waiting for 1/1 cells to become ready...
[algo1a-g3-l0-modal] 
[algo1a-g3-l1-modal] [36m(InferenceController pid=2543)[0m [2026-09-29 18:09:12.249 inference_controller] inference_controller.py:272 - Waiting for 1/1 cells to become ready...
[algo1a-g3-l1-modal] 
[algo1a-g3-l1-modal] [36m(CommandActor pid=2544)[0m Capturing batches (bs=192 avail_mem=45.18 GB):  25%|██▌       | 9/36 [00:37<00:52,  1.96s/it]Capturing batches (bs=184 avail_mem=45.17 GB):  25%|██▌       | 9/36 [00:37<00:52,  1.96s/it]
[algo1a-g3-l1-modal] 
[algo1a-g3-l0-modal] [36m(InferenceController pid=2560)[0m [2026-09-29 18:09:12.778 inference_controller] inference_controller.py:272 - Waiting for 1/1 cells to become ready...
[algo1a-g3-l1-modal] [36m(CommandActor pid=2544)[0m Capturing batches (bs=184 avail_mem=45.17 GB):  28%|██▊       | 10/36 [00:37<00:36,  1.40s/it]Capturing batches (bs=176 avail_mem=45.17 GB):  28%|██▊       | 10/36 [00:37<00:36,  1.40s/it]
[algo1a-g3-l1-modal] 
[algo1a-g3-l1-modal] [36m(CommandActor pid=2544)[0m Capturing batches (bs=176 avail_mem=45.17 GB):  31%|███       | 11/36 [00:37<00:25,  1.01s/it]Capturing batches (bs=168 avail_mem=45.16 GB):  31%|███       | 11/36 [00:37<00:25,  1.01s/it]
[algo1a-g3-l1-modal] 
[algo1a-g3-l0-modal] 
[algo1a-g3-l0-modal] [36m(CommandActor pid=2561)[0m [2026-09-29 18:09:13] LoRA shrink (K=1024, R=16): no tuned config, using defaults {'BLOCK_N': 16, 'BLOCK_K': 256}
[algo1a-g3-l0-modal] 
[algo1a-g3-l1-modal] [36m(CommandActor pid=2544)[0m Capturing batches (bs=168 avail_mem=45.16 GB):  33%|███▎      | 12/36 [00:37<00:17,  1.34it/s]Capturing batches (bs=160 avail_mem=45.16 GB):  33%|███▎      | 12/36 [00:37<00:17,  1.34it/s]
[algo1a-g3-l1-modal] 
[algo1a-g3-l1-modal] [36m(CommandActor pid=2544)[0m Capturing batches (bs=160 avail_mem=45.16 GB):  36%|███▌      | 13/36 [00:37<00:12,  1.79it/s]Capturing batches (bs=152 avail_mem=45.16 GB):  36%|███▌      | 13/36 [00:37<00:12,  1.79it/s]
[algo1a-g3-l1-modal] 
[algo1a-g3-l0-modal] [36m(CommandActor pid=2561)[0m [2026-09-29 18:09:13] LoRA expand (K=6144, R=16): no tuned config, using defaults {'BLOCK_N': 64, 'BLOCK_K': 16}
[algo1a-g3-l0-modal] 
[algo1a-g3-l1-modal] [36m(CommandActor pid=2544)[0m Capturing batches (bs=152 avail_mem=45.16 GB):  39%|███▉      | 14/36 [00:37<00:09,  2.27it/s]Capturing batches (bs=144 avail_mem=45.15 GB):  39%|███▉      | 14/36 [00:37<00:09,  2.27it/s]
[algo1a-g3-l1-modal] 
[algo1a-g3-l1-modal] [36m(CommandActor pid=2544)[0m Capturing batches (bs=144 avail_mem=45.15 GB):  42%|████▏     | 15/36 [00:38<00:08,  2.60it/s]Capturing batches (bs=136 avail_mem=45.15 GB):  42%|████▏     | 15/36 [00:38<00:08,  2.60it/s]
[algo1a-g3-l1-modal] 
[algo1a-g3-l1-modal] [36m(CommandActor pid=2544)[0m Capturing batches (bs=136 avail_mem=45.15 GB):  44%|████▍     | 16/36 [00:38<00:06,  3.00it/s]Capturing batches (bs=128 avail_mem=45.15 GB):  44%|████▍     | 16/36 [00:38<00:06,  3.00it/s]
[algo1a-g3-l1-modal] 
[algo1a-g3-l1-modal] [36m(InferenceController pid=2543)[0m [2026-09-29 18:09:14.249 inference_controller] inference_controller.py:272 - Waiting for 1/1 cells to become ready...
[algo1a-g3-l1-modal] 
[algo1a-g3-l0-modal] [36m(InferenceController pid=2560)[0m [2026-09-29 18:09:14.779 inference_controller] inference_controller.py:272 - Waiting for 1/1 cells to become ready...
[algo1a-g3-l0-modal] 
[algo1a-g3-l1-modal] [36m(InferenceController pid=2543)[0m [2026-09-29 18:09:16.250 inference_controller] inference_controller.py:272 - Waiting for 1/1 cells to become ready...
[algo1a-g3-l1-modal] 
[algo1a-g3-l0-modal] [36m(InferenceController pid=2560)[0m [2026-09-29 18:09:16.780 inference_controller] inference_controller.py:272 - Waiting for 1/1 cells to become ready...
[algo1a-g3-l0-modal] 
[algo1a-g3-l1-modal] [36m(InferenceController pid=2543)[0m [2026-09-29 18:09:18.251 inference_controller] inference_controller.py:272 - Waiting for 1/1 cells to become ready...
[algo1a-g3-l1-modal] 
[algo1a-g3-l0-modal] [36m(InferenceController pid=2560)[0m [2026-09-29 18:09:18.781 inference_controller] inference_controller.py:272 - Waiting for 1/1 cells to become ready...
[algo1a-g3-l0-modal] 
[algo1a-g3-l1-modal] [36m(CommandActor pid=2544)[0m Capturing batches (bs=128 avail_mem=45.15 GB):  47%|████▋     | 17/36 [00:44<00:39,  2.10s/it]Capturing batches (bs=120 avail_mem=45.14 GB):  47%|████▋     | 17/36 [00:44<00:39,  2.10s/it]
[algo1a-g3-l1-modal] 
[algo1a-g3-l1-modal] [36m(InferenceController pid=2543)[0m [2026-09-29 18:09:20.252 inference_controller] inference_controller.py:272 - Waiting for 1/1 cells to become ready...
[algo1a-g3-l1-modal] 
[algo1a-g3-l1-modal] [36m(CommandActor pid=2544)[0m Capturing batches (bs=120 avail_mem=45.14 GB):  50%|█████     | 18/36 [00:44<00:27,  1.52s/it]Capturing batches (bs=112 avail_mem=45.13 GB):  50%|█████     | 18/36 [00:44<00:27,  1.52s/it]
[algo1a-g3-l1-modal] 
[algo1a-g3-l1-modal] [36m(CommandActor pid=2544)[0m Capturing batches (bs=112 avail_mem=45.13 GB):  53%|█████▎    | 19/36 [00:44<00:18,  1.11s/it]Capturing batches (bs=104 avail_mem=45.13 GB):  53%|█████▎    | 19/36 [00:44<00:18,  1.11s/it]
[algo1a-g3-l1-modal] 
[algo1a-g3-l1-modal] [36m(CommandActor pid=2544)[0m Capturing batches (bs=104 avail_mem=45.13 GB):  56%|█████▌    | 20/36 [00:44<00:13,  1.23it/s]Capturing batches (bs=96 avail_mem=45.12 GB):  56%|█████▌    | 20/36 [00:44<00:13,  1.23it/s]
[algo1a-g3-l1-modal] 
[algo1a-g3-l0-modal] [36m(InferenceController pid=2560)[0m [2026-09-29 18:09:20.782 inference_controller] inference_controller.py:272 - Waiting for 1/1 cells to become ready...
[algo1a-g3-l0-modal] 
[algo1a-g3-l1-modal] [36m(CommandActor pid=2544)[0m Capturing batches (bs=96 avail_mem=45.12 GB):  58%|█████▊    | 21/36 [00:45<00:09,  1.64it/s]Capturing batches (bs=88 avail_mem=45.12 GB):  58%|█████▊    | 21/36 [00:45<00:09,  1.64it/s]
[algo1a-g3-l1-modal] 
[algo1a-g3-l1-modal] [36m(CommandActor pid=2544)[0m Capturing batches (bs=88 avail_mem=45.12 GB):  61%|██████    | 22/36 [00:45<00:06,  2.06it/s]Capturing batches (bs=80 avail_mem=45.11 GB):  61%|██████    | 22/36 [00:45<00:06,  2.06it/s]
[algo1a-g3-l1-modal] 
[algo1a-g3-l1-modal] [36m(CommandActor pid=2544)[0m Capturing batches (bs=80 avail_mem=45.11 GB):  64%|██████▍   | 23/36 [00:45<00:04,  2.63it/s]Capturing batches (bs=72 avail_mem=45.11 GB):  64%|██████▍   | 23/36 [00:45<00:04,  2.63it/s]
[algo1a-g3-l1-modal] 
[algo1a-g3-l1-modal] [36m(CommandActor pid=2544)[0m Capturing batches (bs=72 avail_mem=45.11 GB):  67%|██████▋   | 24/36 [00:45<00:03,  3.27it/s]Capturing batches (bs=64 avail_mem=45.10 GB):  67%|██████▋   | 24/36 [00:45<00:03,  3.27it/s]
[algo1a-g3-l1-modal] 
[algo1a-g3-l0-modal] [36m(CommandActor pid=2561)[0m [2026-09-29 18:09:21] LoRA shrink (K=3072, R=16): no tuned config, using defaults {'BLOCK_N': 16, 'BLOCK_K': 256}
[algo1a-g3-l0-modal] 
[algo1a-g3-l1-modal] [36m(InferenceController pid=2543)[0m [2026-09-29 18:09:22.210 inference_controller] reporter.py:90 - audit op=env_report_summary hostname=modal versions="{\"python\":\"3.12.3\",\"platform\":\"Linux-4.19.0-gvisor-x86_64-with-glibc2.39\",\"miles\":\"0.1.1\",\"sglang\":\"0.5.21.dev67+g9f29303\",\"sglang-router\":\"0.3.2\",\"megatron-core\":\"0.19.0+a84b10547\",\"transformers\":\"5.12.1\",\"ray\":\"2.58.0\",\"flashinfer-python\":\"0.6.18\",\"torch\":\"2.13.0+cu130\",\"torch_cuda\":\"13.0\"}" repos="{\"miles\":\"0394715083c91182b5eb0c526eeee4196ac694b9\",\"megatron-core\":\"a84b105473eca9c9c6e49dbf1c8aa460c5cf796e\",\"sglang\":\"9f29303bef1eea38eb613e5f454a52db1326422d\"}" num_packages=425 num_env_vars=109 packages_probed=true stored=false
[algo1a-g3-l1-modal] 
[algo1a-g3-l1-modal] [36m(InferenceController pid=2543)[0m [2026-09-29 18:09:22.253 inference_controller] inference_controller.py:272 - Waiting for 1/1 cells to become ready...
[algo1a-g3-l1-modal] 
[algo1a-g3-l0-modal] [36m(InferenceController pid=2560)[0m [2026-09-29 18:09:22.782 inference_controller] inference_controller.py:272 - Waiting for 1/1 cells to become ready...
[algo1a-g3-l0-modal] 
[algo1a-g3-l1-modal] [36m(InferenceController pid=2543)[0m [2026-09-29 18:09:24.253 inference_controller] inference_controller.py:272 - Waiting for 1/1 cells to become ready...
[algo1a-g3-l0-modal] [36m(CommandActor pid=2561)[0m Capturing batches (bs=256 avail_mem=45.32 GB):   3%|▎         | 1/36 [00:34<19:52, 34.08s/it]Capturing batches (bs=248 avail_mem=45.21 GB):   3%|▎         | 1/36 [00:34<19:52, 34.08s/it]
[algo1a-g3-l0-modal] 
[algo1a-g3-l1-modal] 
[algo1a-g3-l0-modal] [36m(CommandActor pid=2561)[0m Capturing batches (bs=248 avail_mem=45.21 GB):   6%|▌         | 2/36 [00:34<08:03, 14.23s/it]Capturing batches (bs=240 avail_mem=45.21 GB):   6%|▌         | 2/36 [00:34<08:03, 14.23s/it]
[algo1a-g3-l0-modal] 
[algo1a-g3-l0-modal] [36m(CommandActor pid=2561)[0m Capturing batches (bs=240 avail_mem=45.21 GB):   8%|▊         | 3/36 [00:34<04:17,  7.81s/it]Capturing batches (bs=232 avail_mem=45.20 GB):   8%|▊         | 3/36 [00:34<04:17,  7.81s/it]
[algo1a-g3-l0-modal] [36m(InferenceController pid=2560)[0m [2026-09-29 18:09:24.783 inference_controller] inference_controller.py:272 - Waiting for 1/1 cells to become ready...
[algo1a-g3-l0-modal] 
[algo1a-g3-l0-modal] [36m(CommandActor pid=2561)[0m Capturing batches (bs=232 avail_mem=45.20 GB):  11%|█         | 4/36 [00:34<02:33,  4.79s/it]Capturing batches (bs=224 avail_mem=45.20 GB):  11%|█         | 4/36 [00:34<02:33,  4.79s/it]
[algo1a-g3-l0-modal] 
[algo1a-g3-l0-modal] [36m(CommandActor pid=2561)[0m Capturing batches (bs=224 avail_mem=45.20 GB):  14%|█▍        | 5/36 [00:34<01:36,  3.12s/it]Capturing batches (bs=216 avail_mem=45.19 GB):  14%|█▍        | 5/36 [00:34<01:36,  3.12s/it]
[algo1a-g3-l0-modal] 
[algo1a-g3-l0-modal] [36m(CommandActor pid=2561)[0m Capturing batches (bs=216 avail_mem=45.19 GB):  17%|█▋        | 6/36 [00:35<01:03,  2.11s/it]Capturing batches (bs=208 avail_mem=45.19 GB):  17%|█▋        | 6/36 [00:35<01:03,  2.11s/it]
[algo1a-g3-l0-modal] 
[algo1a-g3-l0-modal] [36m(CommandActor pid=2561)[0m Capturing batches (bs=208 avail_mem=45.19 GB):  19%|█▉        | 7/36 [00:35<00:43,  1.50s/it]Capturing batches (bs=200 avail_mem=45.18 GB):  19%|█▉        | 7/36 [00:35<00:43,  1.50s/it]
[algo1a-g3-l0-modal] 
[algo1a-g3-l0-modal] [36m(CommandActor pid=2561)[0m Capturing batches (bs=200 avail_mem=45.18 GB):  22%|██▏       | 8/36 [00:35<00:30,  1.09s/it]Capturing batches (bs=192 avail_mem=45.18 GB):  22%|██▏       | 8/36 [00:35<00:30,  1.09s/it]
[algo1a-g3-l0-modal] 
[algo1a-g3-l1-modal] [36m(InferenceController pid=2543)[0m [2026-09-29 18:09:26.253 inference_controller] inference_controller.py:272 - Waiting for 1/1 cells to become ready...
[algo1a-g3-l1-modal] 
[algo1a-g3-l1-modal] [36m(CommandActor pid=2544)[0m Capturing batches (bs=64 avail_mem=45.10 GB):  69%|██████▉   | 25/36 [00:50<00:18,  1.70s/it]Capturing batches (bs=56 avail_mem=45.10 GB):  69%|██████▉   | 25/36 [00:50<00:18,  1.70s/it]
[algo1a-g3-l1-modal] 
[algo1a-g3-l1-modal] [36m(CommandActor pid=2544)[0m Capturing batches (bs=56 avail_mem=45.10 GB):  72%|███████▏  | 26/36 [00:50<00:12,  1.23s/it]Capturing batches (bs=48 avail_mem=45.10 GB):  72%|███████▏  | 26/36 [00:50<00:12,  1.23s/it]
[algo1a-g3-l1-modal] 
[algo1a-g3-l1-modal] [36m(CommandActor pid=2544)[0m Capturing batches (bs=48 avail_mem=45.10 GB):  75%|███████▌  | 27/36 [00:50<00:08,  1.11it/s]Capturing batches (bs=40 avail_mem=45.09 GB):  75%|███████▌  | 27/36 [00:50<00:08,  1.11it/s]
[algo1a-g3-l1-modal] 
[algo1a-g3-l1-modal] [36m(CommandActor pid=2544)[0m Capturing batches (bs=40 avail_mem=45.09 GB):  78%|███████▊  | 28/36 [00:50<00:05,  1.50it/s]Capturing batches (bs=32 avail_mem=45.08 GB):  78%|███████▊  | 28/36 [00:50<00:05,  1.50it/s]
[algo1a-g3-l1-modal] 
[algo1a-g3-l1-modal] [36m(TrainerController pid=2549)[0m [2026-09-29 18:09:26.616 trainer_controller_actor] reporter.py:90 - audit op=env_report_summary hostname=modal versions="{\"python\":\"3.12.3\",\"platform\":\"Linux-4.19.0-gvisor-x86_64-with-glibc2.39\",\"miles\":\"0.1.1\",\"sglang\":\"0.5.21.dev67+g9f29303\",\"sglang-router\":\"0.3.2\",\"megatron-core\":\"0.19.0+a84b10547\",\"transformers\":\"5.12.1\",\"ray\":\"2.58.0\",\"flashinfer-python\":\"0.6.18\",\"torch\":\"2.13.0+cu130\",\"torch_cuda\":\"13.0\"}" repos="{\"miles\":\"0394715083c91182b5eb0c526eeee4196ac694b9\",\"megatron-core\":\"a84b105473eca9c9c6e49dbf1c8aa460c5cf796e\",\"sglang\":\"9f29303bef1eea38eb613e5f454a52db1326422d\"}" num_packages=425 num_env_vars=112 packages_probed=true stored=false
[algo1a-g3-l1-modal] 
[algo1a-g3-l0-modal] [36m(InferenceController pid=2560)[0m [2026-09-29 18:09:26.784 inference_controller] inference_controller.py:272 - Waiting for 1/1 cells to become ready...
[algo1a-g3-l0-modal] 
[algo1a-g3-l1-modal] [36m(InferenceController pid=2543)[0m [2026-09-29 18:09:28.253 inference_controller] inference_controller.py:272 - Waiting for 1/1 cells to become ready...
[algo1a-g3-l1-modal] 
[algo1a-g3-l0-modal] [36m(InferenceController pid=2560)[0m [2026-09-29 18:09:28.784 inference_controller] inference_controller.py:272 - Waiting for 1/1 cells to become ready...
[algo1a-g3-l0-modal] 
[algo1a-g3-l0-modal] [36m(CommandActor pid=2561)[0m Capturing batches (bs=192 avail_mem=45.18 GB):  25%|██▌       | 9/36 [00:39<00:57,  2.14s/it]Capturing batches (bs=184 avail_mem=45.17 GB):  25%|██▌       | 9/36 [00:39<00:57,  2.14s/it]
[algo1a-g3-l0-modal] 
[algo1a-g3-l1-modal] [36m(InferenceController pid=2543)[0m [2026-09-29 18:09:30.255 inference_controller] inference_controller.py:272 - Waiting for 1/1 cells to become ready...
[algo1a-g3-l1-modal] 
[algo1a-g3-l0-modal] [36m(CommandActor pid=2561)[0m Capturing batches (bs=184 avail_mem=45.17 GB):  28%|██▊       | 10/36 [00:40<00:39,  1.53s/it]Capturing batches (bs=176 avail_mem=45.17 GB):  28%|██▊       | 10/36 [00:40<00:39,  1.53s/it]
[algo1a-g3-l0-modal] 
[algo1a-g3-l0-modal] [36m(CommandActor pid=2561)[0m Capturing batches (bs=176 avail_mem=45.17 GB):  31%|███       | 11/36 [00:40<00:27,  1.11s/it]Capturing batches (bs=168 avail_mem=45.16 GB):  31%|███       | 11/36 [00:40<00:27,  1.11s/it]
[algo1a-g3-l0-modal] 
[algo1a-g3-l0-modal] [36m(CommandActor pid=2561)[0m Capturing batches (bs=168 avail_mem=45.16 GB):  33%|███▎      | 12/36 [00:40<00:19,  1.22it/s]Capturing batches (bs=160 avail_mem=45.16 GB):  33%|███▎      | 12/36 [00:40<00:19,  1.22it/s]
[algo1a-g3-l0-modal] [36m(InferenceController pid=2560)[0m [2026-09-29 18:09:30.786 inference_controller] inference_controller.py:272 - Waiting for 1/1 cells to become ready...
[algo1a-g3-l0-modal] 
[algo1a-g3-l0-modal] [36m(CommandActor pid=2561)[0m Capturing batches (bs=160 avail_mem=45.16 GB):  36%|███▌      | 13/36 [00:40<00:14,  1.61it/s]Capturing batches (bs=152 avail_mem=45.16 GB):  36%|███▌      | 13/36 [00:40<00:14,  1.61it/s]
[algo1a-g3-l0-modal] 
[algo1a-g3-l0-modal] [36m(CommandActor pid=2561)[0m Capturing batches (bs=152 avail_mem=45.16 GB):  39%|███▉      | 14/36 [00:40<00:10,  2.08it/s]Capturing batches (bs=144 avail_mem=45.15 GB):  39%|███▉      | 14/36 [00:40<00:10,  2.08it/s]
[algo1a-g3-l0-modal] 
[algo1a-g3-l0-modal] [36m(CommandActor pid=2561)[0m Capturing batches (bs=144 avail_mem=45.15 GB):  42%|████▏     | 15/36 [00:40<00:08,  2.62it/s]Capturing batches (bs=136 avail_mem=45.15 GB):  42%|████▏     | 15/36 [00:40<00:08,  2.62it/s]
[algo1a-g3-l0-modal] 
[algo1a-g3-l0-modal] [36m(CommandActor pid=2561)[0m Capturing batches (bs=136 avail_mem=45.15 GB):  44%|████▍     | 16/36 [00:41<00:06,  2.94it/s]Capturing batches (bs=128 avail_mem=45.15 GB):  44%|████▍     | 16/36 [00:41<00:06,  2.94it/s]
[algo1a-g3-l0-modal] 
[algo1a-g3-l1-modal] [36m(InferenceController pid=2543)[0m [2026-09-29 18:09:32.256 inference_controller] inference_controller.py:272 - Waiting for 1/1 cells to become ready...
[algo1a-g3-l1-modal] 
[algo1a-g3-l0-modal] [36m(InferenceController pid=2560)[0m [2026-09-29 18:09:32.787 inference_controller] inference_controller.py:272 - Waiting for 1/1 cells to become ready...
[algo1a-g3-l0-modal] 
[algo1a-g3-l1-modal] [36m(InferenceController pid=2543)[0m [2026-09-29 18:09:34.256 inference_controller] inference_controller.py:272 - Waiting for 1/1 cells to become ready...
[algo1a-g3-l1-modal] 
[algo1a-g3-l1-modal] [36m(CommandActor pid=2544)[0m Capturing batches (bs=32 avail_mem=45.08 GB):  81%|████████  | 29/36 [00:58<00:20,  2.87s/it]Capturing batches (bs=24 avail_mem=45.08 GB):  81%|████████  | 29/36 [00:58<00:20,  2.87s/it]
[algo1a-g3-l1-modal] 
[algo1a-g3-l1-modal] [36m(CommandActor pid=2544)[0m Capturing batches (bs=24 avail_mem=45.08 GB):  83%|████████▎ | 30/36 [00:58<00:12,  2.04s/it]Capturing batches (bs=16 avail_mem=45.08 GB):  83%|████████▎ | 30/36 [00:58<00:12,  2.04s/it]
[algo1a-g3-l1-modal] 
[algo1a-g3-l0-modal] [36m(InferenceController pid=2560)[0m [2026-09-29 18:09:34.789 inference_controller] inference_controller.py:272 - Waiting for 1/1 cells to become ready...
[algo1a-g3-l0-modal] 
[algo1a-g3-l1-modal] [36m(InferenceController pid=2543)[0m [2026-09-29 18:09:36.256 inference_controller] inference_controller.py:272 - Waiting for 1/1 cells to become ready...
[algo1a-g3-l1-modal] 
[algo1a-g3-l0-modal] [36m(InferenceController pid=2560)[0m [2026-09-29 18:09:36.789 inference_controller] inference_controller.py:272 - Waiting for 1/1 cells to become ready...
[algo1a-g3-l0-modal] 
[algo1a-g3-l0-modal] [36m(CommandActor pid=2561)[0m Capturing batches (bs=128 avail_mem=45.15 GB):  47%|████▋     | 17/36 [00:47<00:42,  2.22s/it]Capturing batches (bs=120 avail_mem=45.14 GB):  47%|████▋     | 17/36 [00:47<00:42,  2.22s/it]
[algo1a-g3-l1-modal] [36m(InferenceController pid=2543)[0m [2026-09-29 18:09:38.257 inference_controller] inference_controller.py:272 - Waiting for 1/1 cells to become ready...
[algo1a-g3-l0-modal] [36m(CommandActor pid=2561)[0m Capturing batches (bs=120 avail_mem=45.14 GB):  50%|█████     | 18/36 [00:47<00:28,  1.61s/it]Capturing batches (bs=112 avail_mem=45.13 GB):  50%|█████     | 18/36 [00:47<00:28,  1.61s/it]
[algo1a-g3-l0-modal] 
[algo1a-g3-l1-modal] 
[algo1a-g3-l0-modal] [36m(CommandActor pid=2561)[0m Capturing batches (bs=112 avail_mem=45.13 GB):  53%|█████▎    | 19/36 [00:48<00:19,  1.17s/it]Capturing batches (bs=104 avail_mem=45.13 GB):  53%|█████▎    | 19/36 [00:48<00:19,  1.17s/it]
[algo1a-g3-l0-modal] 
[algo1a-g3-l0-modal] [36m(CommandActor pid=2561)[0m Capturing batches (bs=104 avail_mem=45.13 GB):  56%|█████▌    | 20/36 [00:48<00:14,  1.14it/s]Capturing batches (bs=96 avail_mem=45.12 GB):  56%|█████▌    | 20/36 [00:48<00:14,  1.14it/s]
[algo1a-g3-l0-modal] 
[algo1a-g3-l0-modal] [36m(CommandActor pid=2561)[0m Capturing batches (bs=96 avail_mem=45.12 GB):  58%|█████▊    | 21/36 [00:48<00:09,  1.51it/s]Capturing batches (bs=88 avail_mem=45.12 GB):  58%|█████▊    | 21/36 [00:48<00:09,  1.51it/s]
[algo1a-g3-l0-modal] 
[algo1a-g3-l0-modal] [36m(CommandActor pid=2561)[0m Capturing batches (bs=88 avail_mem=45.12 GB):  61%|██████    | 22/36 [00:48<00:07,  1.97it/s]Capturing batches (bs=80 avail_mem=45.11 GB):  61%|██████    | 22/36 [00:48<00:07,  1.97it/s]
[algo1a-g3-l0-modal] 
[algo1a-g3-l0-modal] [36m(InferenceController pid=2560)[0m [2026-09-29 18:09:38.790 inference_controller] inference_controller.py:272 - Waiting for 1/1 cells to become ready...
[algo1a-g3-l0-modal] 
[algo1a-g3-l0-modal] [36m(CommandActor pid=2561)[0m Capturing batches (bs=80 avail_mem=45.11 GB):  64%|██████▍   | 23/36 [00:48<00:05,  2.50it/s]Capturing batches (bs=72 avail_mem=45.11 GB):  64%|██████▍   | 23/36 [00:48<00:05,  2.50it/s]
[algo1a-g3-l0-modal] 
[algo1a-g3-l0-modal] [36m(CommandActor pid=2561)[0m Capturing batches (bs=72 avail_mem=45.11 GB):  67%|██████▋   | 24/36 [00:48<00:03,  3.07it/s]Capturing batches (bs=64 avail_mem=45.10 GB):  67%|██████▋   | 24/36 [00:48<00:03,  3.07it/s]
[algo1a-g3-l0-modal] 
[algo1a-g3-l1-modal] [36m(InferenceController pid=2543)[0m [2026-09-29 18:09:40.258 inference_controller] inference_controller.py:272 - Waiting for 1/1 cells to become ready...
[algo1a-g3-l1-modal] 
[algo1a-g3-l0-modal] [36m(InferenceController pid=2560)[0m [2026-09-29 18:09:40.791 inference_controller] inference_controller.py:272 - Waiting for 1/1 cells to become ready...
[algo1a-g3-l0-modal] 
[algo1a-g3-l1-modal] [36m(InferenceController pid=2543)[0m [2026-09-29 18:09:42.259 inference_controller] inference_controller.py:272 - Waiting for 1/1 cells to become ready...
[algo1a-g3-l1-modal] 
[algo1a-g3-l1-modal] [36m(CommandActor pid=2544)[0m Capturing batches (bs=16 avail_mem=45.08 GB):  86%|████████▌ | 31/36 [01:07<00:19,  3.85s/it]Capturing batches (bs=12 avail_mem=45.07 GB):  86%|████████▌ | 31/36 [01:07<00:19,  3.85s/it]
[algo1a-g3-l1-modal] 
[algo1a-g3-l0-modal] [36m(InferenceController pid=2560)[0m [2026-09-29 18:09:42.792 inference_controller] inference_controller.py:272 - Waiting for 1/1 cells to become ready...
[algo1a-g3-l0-modal] 
[algo1a-g3-l1-modal] [36m(CommandActor pid=2544)[0m Capturing batches (bs=12 avail_mem=45.07 GB):  89%|████████▉ | 32/36 [01:07<00:10,  2.74s/it]Capturing batches (bs=8 avail_mem=45.07 GB):  89%|████████▉ | 32/36 [01:07<00:10,  2.74s/it]
[algo1a-g3-l1-modal] 
[algo1a-g3-l1-modal] [36m(CommandActor pid=2544)[0m Capturing batches (bs=8 avail_mem=45.07 GB):  92%|█████████▏| 33/36 [01:07<00:05,  1.95s/it]Capturing batches (bs=4 avail_mem=45.07 GB):  92%|█████████▏| 33/36 [01:07<00:05,  1.95s/it]
[algo1a-g3-l1-modal] 
[algo1a-g3-l1-modal] [36m(CommandActor pid=2544)[0m Capturing batches (bs=4 avail_mem=45.07 GB):  94%|█████████▍| 34/36 [01:07<00:02,  1.41s/it]Capturing batches (bs=2 avail_mem=45.06 GB):  94%|█████████▍| 34/36 [01:07<00:02,  1.41s/it]
[algo1a-g3-l1-modal] 
[algo1a-g3-l1-modal] [36m(CommandActor pid=2544)[0m Capturing batches (bs=2 avail_mem=45.06 GB):  97%|█████████▋| 35/36 [01:07<00:01,  1.02s/it]Capturing batches (bs=1 avail_mem=45.06 GB):  97%|█████████▋| 35/36 [01:07<00:01,  1.02s/it]
[algo1a-g3-l1-modal] 
[algo1a-g3-l1-modal] [36m(CommandActor pid=2544)[0m Capturing batches (bs=1 avail_mem=45.06 GB): 100%|██████████| 36/36 [01:07<00:00,  1.24it/s]Capturing batches (bs=1 avail_mem=45.06 GB): 100%|██████████| 36/36 [01:07<00:00,  1.88s/it]
[algo1a-g3-l1-modal] 
[algo1a-g3-l0-modal] [36m(CommandActor pid=2561)[0m Capturing batches (bs=64 avail_mem=45.10 GB):  69%|██████▉   | 25/36 [00:53<00:17,  1.59s/it]Capturing batches (bs=56 avail_mem=45.10 GB):  69%|██████▉   | 25/36 [00:53<00:17,  1.59s/it]
[algo1a-g3-l1-modal] [36m(CommandActor pid=2544)[0m [2026-09-29 18:09:44] Capture target decode CUDA graph end. elapsed=68.67 s, mem usage=0.46 GB, avail mem=45.05 GB.
[algo1a-g3-l0-modal] 
[algo1a-g3-l0-modal] [36m(CommandActor pid=2561)[0m Capturing batches (bs=56 avail_mem=45.10 GB):  72%|███████▏  | 26/36 [00:53<00:11,  1.16s/it]Capturing batches (bs=48 avail_mem=45.10 GB):  72%|███████▏  | 26/36 [00:53<00:11,  1.16s/it]
[algo1a-g3-l0-modal] 
[algo1a-g3-l1-modal] 
[algo1a-g3-l1-modal] [36m(CommandActor pid=2544)[0m [2026-09-29 18:09:44] max_total_num_tokens=275400, chunked_prefill_size=8192, max_prefill_tokens=16384, max_running_requests=3442, context_len=40960, available_gpu_mem=45.05 GB
[algo1a-g3-l1-modal] 
[algo1a-g3-l1-modal] [36m(CommandActor pid=2544)[0m [2026-09-29 18:09:44] Init Unified Radix Cache. Components: (<ComponentType.FULL: 0>,). Tree Core: UnifiedTreeCore
[algo1a-g3-l1-modal] 
[algo1a-g3-l1-modal] [36m(CommandActor pid=2544)[0m [2026-09-29 18:09:44] Tree cache initialized: source=default impl=UnifiedRadixCache hybrid_swa=False hybrid_ssm=False hicache_attached=False streaming_wrapped=False
[algo1a-g3-l1-modal] 
[algo1a-g3-l1-modal] [36m(InferenceController pid=2543)[0m [2026-09-29 18:09:44.260 inference_controller] inference_controller.py:272 - Waiting for 1/1 cells to become ready...
[algo1a-g3-l0-modal] [36m(CommandActor pid=2561)[0m Capturing batches (bs=48 avail_mem=45.10 GB):  75%|███████▌  | 27/36 [00:53<00:07,  1.16it/s]Capturing batches (bs=40 avail_mem=45.09 GB):  75%|███████▌  | 27/36 [00:53<00:07,  1.16it/s]
[algo1a-g3-l0-modal] 
[algo1a-g3-l0-modal] [36m(CommandActor pid=2561)[0m Capturing batches (bs=40 avail_mem=45.09 GB):  78%|███████▊  | 28/36 [00:53<00:05,  1.54it/s]Capturing batches (bs=32 avail_mem=45.08 GB):  78%|███████▊  | 28/36 [00:53<00:05,  1.54it/s]
[algo1a-g3-l0-modal] 
[algo1a-g3-l1-modal] 
[algo1a-g3-l1-modal] [36m(CommandActor pid=2544)[0m [2026-09-29 18:09:44] Engine startup timings (s): load_weight=0.58, kv_cache_allocation=0.56, scheduler_e2e=295.43, cuda_graph={prefill=0.00, decode=68.67, target_verify=0.00, draft_prefill=0.00, draft_decode=0.00, draft_extend=0.00}, tokenizer_e2e=311.31
[algo1a-g3-l1-modal] 
[algo1a-g3-l1-modal] [36m(CommandActor pid=2544)[0m [2026-09-29 18:09:44] INFO:     Started server process [3375]
[algo1a-g3-l1-modal] 
[algo1a-g3-l1-modal] [36m(CommandActor pid=2544)[0m [2026-09-29 18:09:44] INFO:     Waiting for application startup.
[algo1a-g3-l1-modal] 
[algo1a-g3-l1-modal] [36m(CommandActor pid=2544)[0m [2026-09-29 18:09:44] Using default chat sampling params from model generation config: {'temperature': 0.6, 'top_k': 20, 'top_p': 0.95}
[algo1a-g3-l1-modal] 
[algo1a-g3-l0-modal] [36m(InferenceController pid=2560)[0m [2026-09-29 18:09:44.793 inference_controller] inference_controller.py:272 - Waiting for 1/1 cells to become ready...
[algo1a-g3-l0-modal] 
[algo1a-g3-l1-modal] [36m(CommandActor pid=2544)[0m [2026-09-29 18:09:45] INFO:     Application startup complete.
[algo1a-g3-l1-modal] 
[algo1a-g3-l1-modal] [36m(CommandActor pid=2544)[0m [2026-09-29 18:09:45] INFO:     Uvicorn running on http://172.20.9.67:20002 (Press CTRL+C to quit)
[algo1a-g3-l1-modal] 
[algo1a-g3-l1-modal] [36m(CommandActor pid=2544)[0m [2026-09-29 18:09:45] post-warmup freeze_gc failed
[algo1a-g3-l1-modal] 
[36m(CommandActor pid=2544)[0m Traceback (most recent call last):
[algo1a-g3-l1-modal] [36m(CommandActor pid=2544)[0m   File "/opt/sglang/lib/python3.12/site-packages/urllib3/connection.py", line 239, in _new_conn
[algo1a-g3-l1-modal] 
[algo1a-g3-l1-modal] [36m(CommandActor pid=2544)[0m     sock = connection.create_connection(
[algo1a-g3-l1-modal] 
[algo1a-g3-l1-modal] [36m(CommandActor pid=2544)[0m            ^^^^^^^^^^^^^^^^^^^^^^^^^^^^^
[algo1a-g3-l1-modal] 
[algo1a-g3-l1-modal] [36m(CommandActor pid=2544)[0m   File "/opt/sglang/lib/python3.12/site-packages/urllib3/util/connection.py", line 85, in create_connection
[algo1a-g3-l1-modal] 
[algo1a-g3-l1-modal] [36m(CommandActor pid=2544)[0m     raise err
[algo1a-g3-l1-modal] 
[algo1a-g3-l1-modal] [36m(CommandActor pid=2544)[0m   File "/opt/sglang/lib/python3.12/site-packages/urllib3/util/connection.py", line 73, in create_connection
[algo1a-g3-l1-modal] 
[algo1a-g3-l1-modal] [36m(CommandActor pid=2544)[0m     sock.connect(sa)
[algo1a-g3-l1-modal] 
[algo1a-g3-l1-modal] [36m(CommandActor pid=2544)[0m ConnectionRefusedError: [Errno 111] Connection refused
[algo1a-g3-l1-modal] 
[algo1a-g3-l1-modal] [36m(CommandActor pid=2544)[0m
[algo1a-g3-l1-modal] 
[algo1a-g3-l1-modal] [36m(CommandActor pid=2544)[0m The above exception was the direct cause of the following exception:
[algo1a-g3-l1-modal] 
[algo1a-g3-l1-modal] [36m(CommandActor pid=2544)[0m
[algo1a-g3-l1-modal] 
[algo1a-g3-l1-modal] [36m(CommandActor pid=2544)[0m Traceback (most recent call last):
[algo1a-g3-l1-modal] 
[algo1a-g3-l1-modal] [36m(CommandActor pid=2544)[0m   File "/opt/sglang/lib/python3.12/site-packages/urllib3/connectionpool.py", line 793, in urlopen
[algo1a-g3-l1-modal] 
[algo1a-g3-l1-modal] [36m(CommandActor pid=2544)[0m     response = self._make_request(
[algo1a-g3-l1-modal] 
[algo1a-g3-l1-modal] [36m(CommandActor pid=2544)[0m                ^^^^^^^^^^^^^^^^^^^
[algo1a-g3-l1-modal] 
[algo1a-g3-l1-modal] [36m(CommandActor pid=2544)[0m   File "/opt/sglang/lib/python3.12/site-packages/urllib3/connectionpool.py", line 499, in _make_request
[algo1a-g3-l1-modal] 
[algo1a-g3-l1-modal] [36m(CommandActor pid=2544)[0m     conn.request(
[algo1a-g3-l1-modal] 
[algo1a-g3-l1-modal] [36m(CommandActor pid=2544)[0m   File "/opt/sglang/lib/python3.12/site-packages/urllib3/connection.py", line 567, in request
[algo1a-g3-l1-modal] 
[algo1a-g3-l1-modal] [36m(CommandActor pid=2544)[0m     self.endheaders()
[algo1a-g3-l1-modal] 
[algo1a-g3-l1-modal] [36m(CommandActor pid=2544)[0m   File "/usr/lib/python3.12/http/client.py", line 1360, in endheaders
[algo1a-g3-l1-modal] 
[algo1a-g3-l1-modal] [36m(CommandActor pid=2544)[0m     self._send_output(message_body, encode_chunked=encode_chunked)
[algo1a-g3-l1-modal] 
[algo1a-g3-l1-modal] [36m(CommandActor pid=2544)[0m   File "/usr/lib/python3.12/http/client.py", line 1120, in _send_output
[algo1a-g3-l1-modal] 
[algo1a-g3-l1-modal] [36m(CommandActor pid=2544)[0m     self.send(msg)
[algo1a-g3-l1-modal] 
[algo1a-g3-l1-modal] [36m(CommandActor pid=2544)[0m   File "/usr/lib/python3.12/http/client.py", line 1064, in send
[algo1a-g3-l1-modal] 
[algo1a-g3-l1-modal] [36m(CommandActor pid=2544)[0m     self.connect()
[algo1a-g3-l1-modal] 
[algo1a-g3-l1-modal] [36m(CommandActor pid=2544)[0m   File "/opt/sglang/lib/python3.12/site-packages/urllib3/connection.py", line 398, in connect
[algo1a-g3-l1-modal] 
[algo1a-g3-l1-modal] [36m(CommandActor pid=2544)[0m     self.sock = self._new_conn()
[algo1a-g3-l1-modal] 
[algo1a-g3-l1-modal] [36m(CommandActor pid=2544)[0m                 ^^^^^^^^^^^^^^^^
[algo1a-g3-l1-modal] 
[algo1a-g3-l1-modal] [36m(CommandActor pid=2544)[0m   File "/opt/sglang/lib/python3.12/site-packages/urllib3/connection.py", line 254, in _new_conn
[algo1a-g3-l1-modal] 
[algo1a-g3-l1-modal] [36m(CommandActor pid=2544)[0m     raise NewConnectionError(
[algo1a-g3-l1-modal] 
[algo1a-g3-l1-modal] [36m(CommandActor pid=2544)[0m urllib3.exceptions.NewConnectionError: HTTPConnection(host='172.20.9.67', port=20002): Failed to establish a new connection: [Errno 111] Connection refused
[algo1a-g3-l1-modal] 
[algo1a-g3-l1-modal] [36m(CommandActor pid=2544)[0m
[algo1a-g3-l1-modal] 
[algo1a-g3-l1-modal] [36m(CommandActor pid=2544)[0m The above exception was the direct cause of the following exception:
[algo1a-g3-l1-modal] 
[algo1a-g3-l1-modal] [36m(CommandActor pid=2544)[0m
[algo1a-g3-l1-modal] 
[algo1a-g3-l1-modal] [36m(CommandActor pid=2544)[0m Traceback (most recent call last):
[algo1a-g3-l1-modal] 
[algo1a-g3-l1-modal] [36m(CommandActor pid=2544)[0m   File "/opt/sglang/lib/python3.12/site-packages/requests/adapters.py", line 696, in send
[algo1a-g3-l1-modal] 
[algo1a-g3-l1-modal] [36m(CommandActor pid=2544)[0m     resp = conn.urlopen(
[algo1a-g3-l1-modal] 
[algo1a-g3-l1-modal] [36m(CommandActor pid=2544)[0m            ^^^^^^^^^^^^^
[algo1a-g3-l1-modal] 
[algo1a-g3-l1-modal] [36m(CommandActor pid=2544)[0m   File "/opt/sglang/lib/python3.12/site-packages/urllib3/connectionpool.py", line 847, in urlopen
[algo1a-g3-l1-modal] 
[algo1a-g3-l1-modal] [36m(CommandActor pid=2544)[0m     retries = retries.increment(
[algo1a-g3-l1-modal] 
[algo1a-g3-l1-modal] [36m(CommandActor pid=2544)[0m               ^^^^^^^^^^^^^^^^^^
[algo1a-g3-l1-modal] 
[algo1a-g3-l1-modal] [36m(CommandActor pid=2544)[0m   File "/opt/sglang/lib/python3.12/site-packages/urllib3/util/retry.py", line 555, in increment
[algo1a-g3-l1-modal] 
[algo1a-g3-l1-modal] [36m(CommandActor pid=2544)[0m     raise MaxRetryError(_pool, url, reason) from reason  # type: ignore[arg-type]
[algo1a-g3-l1-modal] 
[algo1a-g3-l1-modal] [36m(CommandActor pid=2544)[0m     ^^^^^^^^^^^^^^^^^^^^^^^^^^^^^^^^^^^^^^^^^^^^^^^^^^^
[algo1a-g3-l1-modal] 
[algo1a-g3-l1-modal] [36m(CommandActor pid=2544)[0m urllib3.exceptions.MaxRetryError: HTTPConnectionPool(host='172.20.9.67', port=20002): Max retries exceeded with url: /freeze_gc (Caused by NewConnectionError("HTTPConnection(host='172.20.9.67', port=20002): Failed to establish a new connection: [Errno 111] Connection refused"))
[algo1a-g3-l1-modal] 
[algo1a-g3-l1-modal] [36m(CommandActor pid=2544)[0m
[algo1a-g3-l1-modal] 
[algo1a-g3-l1-modal] [36m(CommandActor pid=2544)[0m During handling of the above exception, another exception occurred:
[algo1a-g3-l1-modal] 
[algo1a-g3-l1-modal] [36m(CommandActor pid=2544)[0m
[algo1a-g3-l1-modal] 
[algo1a-g3-l1-modal] [36m(CommandActor pid=2544)[0m Traceback (most recent call last):
[algo1a-g3-l1-modal] 
[algo1a-g3-l1-modal] [36m(CommandActor pid=2544)[0m   File "/root/sglang/python/sglang/srt/entrypoints/http_server.py", line 2469, in _freeze_gc_after_server_warmup
[algo1a-g3-l1-modal] 
[algo1a-g3-l1-modal] [36m(CommandActor pid=2544)[0m     res = requests.post(
[algo1a-g3-l1-modal] 
[algo1a-g3-l1-modal] [36m(CommandActor pid=2544)[0m           ^^^^^^^^^^^^^^
[algo1a-g3-l1-modal] 
[algo1a-g3-l1-modal] [36m(CommandActor pid=2544)[0m   File "/opt/sglang/lib/python3.12/site-packages/requests/api.py", line 134, in post
[algo1a-g3-l1-modal] 
[algo1a-g3-l1-modal] [36m(CommandActor pid=2544)[0m     return request("post", url, data=data, json=json, **kwargs)
[algo1a-g3-l1-modal] 
[algo1a-g3-l1-modal] [36m(CommandActor pid=2544)[0m            ^^^^^^^^^^^^^^^^^^^^^^^^^^^^^^^^^^^^^^^^^^^^^^^^^^^^
[algo1a-g3-l1-modal] 
[algo1a-g3-l1-modal] [36m(CommandActor pid=2544)[0m   File "/opt/sglang/lib/python3.12/site-packages/requests/api.py", line 71, in request
[algo1a-g3-l1-modal] 
[algo1a-g3-l1-modal] [36m(CommandActor pid=2544)[0m     return session.request(method=method, url=url, **kwargs)
[algo1a-g3-l1-modal] 
[algo1a-g3-l1-modal] [36m(CommandActor pid=2544)[0m            ^^^^^^^^^^^^^^^^^^^^^^^^^^^^^^^^^^^^^^^^^^^^^^^^^
[algo1a-g3-l1-modal] 
[algo1a-g3-l1-modal] [36m(CommandActor pid=2544)[0m   File "/opt/sglang/lib/python3.12/site-packages/requests/sessions.py", line 651, in request
[algo1a-g3-l1-modal] 
[algo1a-g3-l1-modal] [36m(CommandActor pid=2544)[0m     resp = self.send(prep, **send_kwargs)
[algo1a-g3-l1-modal] 
[algo1a-g3-l1-modal] [36m(CommandActor pid=2544)[0m            ^^^^^^^^^^^^^^^^^^^^^^^^^^^^^^
[algo1a-g3-l1-modal] 
[algo1a-g3-l1-modal] [36m(CommandActor pid=2544)[0m   File "/opt/sglang/lib/python3.12/site-packages/requests/sessions.py", line 784, in send
[algo1a-g3-l1-modal] 
[algo1a-g3-l1-modal] [36m(CommandActor pid=2544)[0m     r = adapter.send(request, **kwargs)
[algo1a-g3-l1-modal] 
[algo1a-g3-l1-modal] [36m(CommandActor pid=2544)[0m         ^^^^^^^^^^^^^^^^^^^^^^^^^^^^^^^
[algo1a-g3-l1-modal] 
[algo1a-g3-l1-modal] [36m(CommandActor pid=2544)[0m   File "/opt/sglang/lib/python3.12/site-packages/requests/adapters.py", line 729, in send
[algo1a-g3-l1-modal] 
[algo1a-g3-l1-modal] [36m(CommandActor pid=2544)[0m     raise ConnectionError(e, request=request)
[algo1a-g3-l1-modal] 
[algo1a-g3-l1-modal] [36m(CommandActor pid=2544)[0m requests.exceptions.ConnectionError: HTTPConnectionPool(host='172.20.9.67', port=20002): Max retries exceeded with url: /freeze_gc (Caused by NewConnectionError("HTTPConnection(host='172.20.9.67', port=20002): Failed to establish a new connection: [Errno 111] Connection refused"))
[algo1a-g3-l1-modal] 
[algo1a-g3-l1-modal] [36m(CommandActor pid=2544)[0m [2026-09-29 18:09:45] The server is fired up and ready to roll!
[algo1a-g3-l1-modal] 
[algo1a-g3-l1-modal] [36m(InferenceController pid=2543)[0m [2026-09-29 18:09:46.261 inference_controller] inference_controller.py:272 - Waiting for 1/1 cells to become ready...
[algo1a-g3-l1-modal] 
[algo1a-g3-l0-modal] [36m(InferenceController pid=2560)[0m [2026-09-29 18:09:46.793 inference_controller] inference_controller.py:272 - Waiting for 1/1 cells to become ready...
[algo1a-g3-l0-modal] 
[algo1a-g3-l1-modal] [36m(InferenceController pid=2543)[0m [2026-09-29 18:09:48.262 inference_controller] inference_controller.py:272 - Waiting for 1/1 cells to become ready...
[algo1a-g3-l1-modal] 
[algo1a-g3-l0-modal] [36m(InferenceController pid=2560)[0m [2026-09-29 18:09:48.795 inference_controller] inference_controller.py:272 - Waiting for 1/1 cells to become ready...
[algo1a-g3-l0-modal] 
[algo1a-g3-l0-modal] [36m(InferenceController pid=2560)[0m [2026-09-29 18:09:50.796 inference_controller] inference_controller.py:272 - Waiting for 1/1 cells to become ready...
[algo1a-g3-l0-modal] 
[algo1a-g3-l0-modal] [36m(CommandActor pid=2561)[0m Capturing batches (bs=32 avail_mem=45.08 GB):  81%|████████  | 29/36 [01:02<00:21,  3.02s/it]Capturing batches (bs=24 avail_mem=45.08 GB):  81%|████████  | 29/36 [01:02<00:21,  3.02s/it]
[algo1a-g3-l0-modal] 
[algo1a-g3-l0-modal] [36m(CommandActor pid=2561)[0m Capturing batches (bs=24 avail_mem=45.08 GB):  83%|████████▎ | 30/36 [01:02<00:12,  2.16s/it]Capturing batches (bs=16 avail_mem=45.08 GB):  83%|████████▎ | 30/36 [01:02<00:12,  2.16s/it]
[algo1a-g3-l0-modal] 
[algo1a-g3-l0-modal] [36m(InferenceController pid=2560)[0m [2026-09-29 18:09:52.797 inference_controller] inference_controller.py:272 - Waiting for 1/1 cells to become ready...
[algo1a-g3-l1-modal] [36m(InferenceController pid=2543)[0m [2026-09-29 18:09:54.840 inference_controller] inference_controller.py:272 - Waiting for 1/1 cells to become ready...
[algo1a-g3-l0-modal] [36m(InferenceController pid=2560)[0m [2026-09-29 18:09:54.798 inference_controller] inference_controller.py:272 - Waiting for 1/1 cells to become ready...
[algo1a-g3-l0-modal] 
[algo1a-g3-l1-modal] 
[algo1a-g3-l1-modal] [36m(CommandActor pid=2544)[0m [2026-09-29 18:09:56] Prefill batch, #new-seq: 1, #new-token: 1, #cached-token: 0, token usage: 0.00, #running-req: 0, #queue-req: 0, #pending-token: 0, cuda graph: False, input throughput (token/s): 0.08
[algo1a-g3-l1-modal] 
[algo1a-g3-l1-modal] [36m(InferenceController pid=2543)[0m [2026-09-29 18:09:56.842 inference_controller] inference_controller.py:272 - Waiting for 1/1 cells to become ready...
[algo1a-g3-l0-modal] [36m(InferenceController pid=2560)[0m [2026-09-29 18:09:56.799 inference_controller] inference_controller.py:272 - Waiting for 1/1 cells to become ready...
[algo1a-g3-l0-modal] 
[algo1a-g3-l1-modal] 
[algo1a-g3-l1-modal] [36m(InferenceController pid=2543)[0m [2026-09-29 18:09:58.843 inference_controller] inference_controller.py:272 - Waiting for 1/1 cells to become ready...
[algo1a-g3-l0-modal] [36m(InferenceController pid=2560)[0m [2026-09-29 18:09:58.800 inference_controller] inference_controller.py:272 - Waiting for 1/1 cells to become ready...
[algo1a-g3-l1-modal] 
[algo1a-g3-l1-modal] [36m(CommandActor pid=2544)[0m [2026-09-29 18:09:59] Prefill batch, #new-seq: 1, #new-token: 1, #cached-token: 0, token usage: 0.00, #running-req: 0, #queue-req: 0, #pending-token: 0, cuda graph: False, input throughput (token/s): 0.29
[algo1a-g3-l1-modal] 
[algo1a-g3-l1-modal] [36m(InferenceController pid=2543)[0m [2026-09-29 18:10:00.845 inference_controller] _client.py:1740 - HTTP Request: GET http://172.20.9.67:20002/health_generate "HTTP/1.1 200 OK"
[algo1a-g3-l0-modal] [36m(InferenceController pid=2560)[0m [2026-09-29 18:10:00.801 inference_controller] inference_controller.py:272 - Waiting for 1/1 cells to become ready...
[algo1a-g3-l0-modal] 
[algo1a-g3-l1-modal] 
[algo1a-g3-l1-modal] [36m(InferenceController pid=2543)[0m [2026-09-29 18:10:00.849 inference_controller] _client.py:1740 - HTTP Request: GET http://172.20.9.67:20002/flush_cache "HTTP/1.1 200 OK"
[algo1a-g3-l1-modal] 
[algo1a-g3-l1-modal] [36m(CommandActor pid=2544)[0m [2026-09-29 18:10:00] INFO:     172.20.9.67:46259 - "GET /health_generate HTTP/1.1" 200 OK
[algo1a-g3-l1-modal] 
[algo1a-g3-l1-modal] [36m(CommandActor pid=2544)[0m [2026-09-29 18:10:00] INFO:     172.20.9.67:46259 - "GET /flush_cache HTTP/1.1" 200 OK
[algo1a-g3-l1-modal] 
[algo1a-g3-l1-modal] [36m(CommandActor pid=2544)[0m [2026-09-29 18:10:00] Cache flushed successfully!
[algo1a-g3-l1-modal] 
[algo1a-g3-l1-modal] [36m(CommandActor pid=2544)[0m [2026-09-29 18:10:00] Cache flushed successfully!
[algo1a-g3-l1-modal] 
[algo1a-g3-l1-modal] [36m(InferenceController pid=2543)[0m [2026-09-29 18:10:01.267 inference_controller] _client.py:1740 - HTTP Request: POST http://172.20.9.67:20002/release_memory_occupation "HTTP/1.1 200 OK"
[algo1a-g3-l1-modal] 
[algo1a-g3-l1-modal] [36m(CommandActor pid=2544)[0m [2026-09-29 18:10:01] INFO:     172.20.9.67:46259 - "POST /release_memory_occupation HTTP/1.1" 200 OK
[algo1a-g3-l1-modal] 
[algo1a-g3-l1-modal] [36m(InferenceController pid=2543)[0m [2026-09-29 18:10:01.342 inference_controller] _client.py:1740 - HTTP Request: POST http://172.20.9.67:20002/resume_memory_occupation "HTTP/1.1 200 OK"
[algo1a-g3-l1-modal] 
[algo1a-g3-l1-modal] [36m(InferenceController pid=2543)[0m [2026-09-29 18:10:01.343 inference_controller] server_cell.py:268 - Cell inference-engine-all-0-0-00000 mark_pending_weights start old=addr_info=CellAddrInfo(server_url='http://172.20.9.67:20002', bootstrap_port=None, gate_url='http://172.20.9.67:20036') start_time=493.615909611
[algo1a-g3-l1-modal] 
[algo1a-g3-l1-modal] [36m(InferenceController pid=2543)[0m [2026-09-29 18:10:01.343 inference_controller] server_cell.py:271 - Cell inference-engine-all-0-0-00000 mark_pending_weights end new=addr_info=CellAddrInfo(server_url='http://172.20.9.67:20002', bootstrap_port=None, gate_url='http://172.20.9.67:20036')
[algo1a-g3-l1-modal] 
[algo1a-g3-l1-modal] [36m(InferenceController pid=2543)[0m [2026-09-29 18:10:01.357 inference_controller] _client.py:1740 - HTTP Request: GET http://172.20.9.67:20002/server_info "HTTP/1.1 200 OK"
[algo1a-g3-l1-modal] 
[algo1a-g3-l1-modal] [36m(CommandActor pid=2544)[0m [2026-09-29 18:10:01] INFO:     172.20.9.67:46259 - "POST /resume_memory_occupation HTTP/1.1" 200 OK
[algo1a-g3-l1-modal] 
[36m(CommandActor pid=2544)[0m [2026-09-29 18:10:01] INFO:     172.20.9.67:46259 - "GET /server_info HTTP/1.1" 200 OK
[algo1a-g3-l1-modal] 
[algo1a-g3-l1-modal] [36m(CommandActor pid=2544)[0m [2026-09-29 18:10:01] INFO:     172.20.9.67:60629 - "POST /pause_generation HTTP/1.1" 200 OK
[algo1a-g3-l1-modal] 
[algo1a-g3-l1-modal] [36m(CommandActor pid=2544)[0m [2026-09-29 18:10:01] INFO:     172.20.9.67:60629 - "GET /flush_cache HTTP/1.1" 200 OK
[algo1a-g3-l1-modal] 
[algo1a-g3-l1-modal] [36m(CommandActor pid=2544)[0m [2026-09-29 18:10:01] INFO:     172.20.9.67:60629 - "POST /register_lora_adapter HTTP/1.1" 200 OK
[algo1a-g3-l1-modal] 
[algo1a-g3-l1-modal] [36m(CommandActor pid=2544)[0m [2026-09-29 18:10:01] INFO:     172.20.9.67:60629 - "POST /begin_weight_update HTTP/1.1" 200 OK
[algo1a-g3-l1-modal] 
[algo1a-g3-l1-modal] [36m(CommandActor pid=2544)[0m /opt/sglang/lib/python3.12/site-packages/fastapi/routing.py:352: FastAPIDeprecationWarning: ORJSONResponse is deprecated, FastAPI now serializes data directly to JSON bytes via Pydantic when a return type or response model is set, which is faster and doesn't need a custom response class. Read more in the FastAPI docs: https://fastapi.tiangolo.com/advanced/custom-response/#orjson-or-response-model and https://fastapi.tiangolo.com/tutorial/response-model/
[algo1a-g3-l1-modal] 
[algo1a-g3-l1-modal] [36m(CommandActor pid=2544)[0m   return await dependant.call(**values)
[algo1a-g3-l1-modal] 
[algo1a-g3-l1-modal] [36m(CommandActor pid=2544)[0m [2026-09-29 18:10:01] Cache flush skipped: KV cache memory is released.
[algo1a-g3-l1-modal] 
[36m(CommandActor pid=2544)[0m [2026-09-29 18:10:01] LoRA adapter registration: LoRARef(lora_id=d741aaf67674408aa95c6f052ca75381, lora_name=miles_lora, lora_path=__stream__, pinned=False, reloadable=False).
[algo1a-g3-l1-modal] [36m(CommandActor pid=2544)[0m [2026-09-29 18:10:01] LoRA adapter loading from tensors starts: LoRARef(lora_id=d741aaf67674408aa95c6f052ca75381, lora_name=miles_lora, lora_path=__stream__, pinned=False, reloadable=False).
[algo1a-g3-l1-modal] 
[algo1a-g3-l1-modal] [36m(CommandActor pid=2544)[0m [2026-09-29 18:10:01] LoRA adapter loading from tensors completes: LoRARef(lora_id=d741aaf67674408aa95c6f052ca75381, lora_name=miles_lora, lora_path=__stream__, pinned=False, reloadable=False).
[algo1a-g3-l1-modal] 
[algo1a-g3-l1-modal] [36m(TrainerController pid=2549)[0m [2026-09-29 18:10:01.361 trainer_controller_actor] group.py:392 - ft op=update_weights phase=start rollout=
[algo1a-g3-l1-modal] 
[algo1a-g3-l1-modal] [36m(TrainerController pid=2549)[0m [2026-09-29 18:10:01.362 trainer_controller_actor] cell.py:231 - ft op=execute phase=start cell=trainer-engine-actor-00000 fn=update_weights n_actors=1
[algo1a-g3-l1-modal] 
[algo1a-g3-l1-modal] [36m(MegatronTrainRayActor pid=2849)[0m [2026-09-29 18:10:01.363 actor_cell00000_rank00000] structured_log.py:24 - actor cls=MegatronTrainRayActor fn=update_weights phase=start
[algo1a-g3-l1-modal] 
[algo1a-g3-l1-modal] [36m(MegatronTrainRayActor pid=2849)[0m [2026-09-29 18:10:01.363 actor_cell00000_rank00000] timer.py:31 - Timer update_weights start
[algo1a-g3-l1-modal] 
[algo1a-g3-l1-modal] [36m(MegatronTrainRayActor pid=2849)[0m [2026-09-29 18:10:01.363 actor_cell00000_rank00000] reloadable_process_group.py:151 - Reloading 0 process groups in pid 2849
[algo1a-g3-l1-modal] 
[algo1a-g3-l1-modal] [36m(MegatronTrainRayActor pid=2849)[0m [2026-09-29 18:10:01.364 actor_cell00000_rank00000] memory_utils.py:41 - [Rank 0] Memory-Usage before update_weights: {'gpu': '0', 'total_GB': 79.18, 'free_GB': 75.06, 'used_GB': 4.12, 'allocated_GB': 1.2, 'reserved_GB': 1.27}
[algo1a-g3-l1-modal] 
[algo1a-g3-l1-modal] [36m(MegatronTrainRayActor pid=2849)[0m [2026-09-29 18:10:01.385 actor_cell00000_rank00000] _client.py:1740 - HTTP Request: POST http://172.20.9.67:20002/pause_generation "HTTP/1.1 200 OK"
[algo1a-g3-l1-modal] 
[algo1a-g3-l1-modal] [36m(MegatronTrainRayActor pid=2849)[0m [2026-09-29 18:10:01.388 actor_cell00000_rank00000] _client.py:1740 - HTTP Request: GET http://172.20.9.67:20002/flush_cache "HTTP/1.1 200 OK"
[algo1a-g3-l1-modal] 
[algo1a-g3-l1-modal] [36m(MegatronTrainRayActor pid=2849)[0m [2026-09-29 18:10:01.394 actor_cell00000_rank00000] _client.py:1740 - HTTP Request: POST http://172.20.9.67:20002/register_lora_adapter "HTTP/1.1 200 OK"
[algo1a-g3-l1-modal] 
[algo1a-g3-l1-modal] [36m(MegatronTrainRayActor pid=2849)[0m [2026-09-29 18:10:01.397 actor_cell00000_rank00000] _client.py:1740 - HTTP Request: POST http://172.20.9.67:20002/begin_weight_update "HTTP/1.1 200 OK"
[algo1a-g3-l1-modal] 
[algo1a-g3-l1-modal] [36m(MegatronTrainRayActor pid=2849)[0m [2026-09-29 18:10:01.398 actor_cell00000_rank00000] timer.py:31 - Timer update_weights_implementation start
[algo1a-g3-l1-modal] 
[algo1a-g3-l1-modal] [36m(MegatronTrainRayActor pid=2849)[0m [miles-colocate] Update weights: 0it [00:00, ?it/s]
[algo1a-g3-l1-modal] 
[algo1a-g3-l0-modal] [36m(CommandActor pid=2561)[0m Capturing batches (bs=16 avail_mem=45.08 GB):  86%|████████▌ | 31/36 [01:11<00:20,  4.08s/it]Capturing batches (bs=12 avail_mem=45.07 GB):  86%|████████▌ | 31/36 [01:11<00:20,  4.08s/it]
[algo1a-g3-l1-modal] [36m(CommandActor pid=2544)[0m [2026-09-29 18:10:01] INFO:     172.20.9.67:60629 - "POST /update_weights_from_tensor HTTP/1.1" 200 OK
[algo1a-g3-l1-modal] 
[algo1a-g3-l1-modal] [36m(CommandActor pid=2544)[0m [2026-09-29 18:10:01] LoRA adapter loading from tensors starts: LoRARef(lora_id=d741aaf67674408aa95c6f052ca75381, lora_name=miles_lora, lora_path=__stream__, pinned=False, reloadable=False).
[algo1a-g3-l1-modal] 
[algo1a-g3-l1-modal] [36m(CommandActor pid=2544)[0m [2026-09-29 18:10:01] LoRA adapter loading from tensors completes: LoRARef(lora_id=d741aaf67674408aa95c6f052ca75381, lora_name=miles_lora, lora_path=__stream__, pinned=False, reloadable=False).
[algo1a-g3-l1-modal] 
[algo1a-g3-l1-modal] [36m(MegatronTrainRayActor pid=2849)[0m [2026-09-29 18:10:01.486 actor_cell00000_rank00000] _client.py:1740 - HTTP Request: POST http://172.20.9.67:20002/update_weights_from_tensor "HTTP/1.1 200 OK"
[algo1a-g3-l1-modal] 
[algo1a-g3-l1-modal] [36m(MegatronTrainRayActor pid=2849)[0m [2026-09-29 18:10:01.487 actor_cell00000_rank00000] timer.py:42 - Timer update_weights_implementation end (elapsed: 0.1s)
[algo1a-g3-l1-modal] 
[algo1a-g3-l1-modal] [36m(MegatronTrainRayActor pid=2849)[0m [2026-09-29 18:10:01.487 actor_cell00000_rank00000] timer.py:31 - Timer finalize_and_resume_engines start
[algo1a-g3-l1-modal] 
[algo1a-g3-l1-modal] [36m(MegatronTrainRayActor pid=2849)[0m [2026-09-29 18:10:01.522 actor_cell00000_rank00000] _client.py:1740 - HTTP Request: POST http://172.20.9.67:20002/end_weight_update "HTTP/1.1 200 OK"
[algo1a-g3-l1-modal] 
[algo1a-g3-l1-modal] [36m(CommandActor pid=2544)[0m [2026-09-29 18:10:01] INFO:     172.20.9.67:60629 - "POST /end_weight_update HTTP/1.1" 200 OK
[algo1a-g3-l1-modal] 
[algo1a-g3-l1-modal] [36m(CommandActor pid=2544)[0m [2026-09-29 18:10:01] Weight version changed. old_version='default' new_version='1' num_recorded=0
[algo1a-g3-l1-modal] 
[algo1a-g3-l1-modal] [36m(CommandActor pid=2544)[0m [2026-09-29 18:10:01] INFO:     172.20.9.67:60629 - "POST /update_weight_version HTTP/1.1" 200 OK
[algo1a-g3-l1-modal] 
[algo1a-g3-l1-modal] [36m(MegatronTrainRayActor pid=2849)[0m [2026-09-29 18:10:01.525 actor_cell00000_rank00000] _client.py:1740 - HTTP Request: POST http://172.20.9.67:20002/update_weight_version "HTTP/1.1 200 OK"
[algo1a-g3-l1-modal] 
[algo1a-g3-l1-modal] [36m(CommandActor pid=2544)[0m [2026-09-29 18:10:01] INFO:     172.20.9.67:60629 - "POST /continue_generation HTTP/1.1" 200 OK
[algo1a-g3-l1-modal] 
[algo1a-g3-l1-modal] [36m(CommandActor pid=2544)[0m [2026-09-29 18:10:01] [continue_generation] torch.cuda.empty_cache() called: reserved 32306.0 MB -> 32266.0 MB (freed 40.0 MB)
[algo1a-g3-l1-modal] 
[algo1a-g3-l1-modal] [36m(MegatronTrainRayActor pid=2849)[0m [2026-09-29 18:10:01.528 actor_cell00000_rank00000] _client.py:1740 - HTTP Request: POST http://172.20.9.67:20002/continue_generation "HTTP/1.1 200 OK"
[algo1a-g3-l1-modal] 
[algo1a-g3-l1-modal] [36m(MegatronTrainRayActor pid=2849)[0m [2026-09-29 18:10:01.529 actor_cell00000_rank00000] timer.py:42 - Timer finalize_and_resume_engines end (elapsed: 0.0s)
[algo1a-g3-l1-modal] 
[algo1a-g3-l1-modal] [36m(MegatronTrainRayActor pid=2849)[0m [miles-colocate] Update weights: 1it [00:00,  7.68it/s]
[algo1a-g3-l1-modal] 
[algo1a-g3-l1-modal] [36m(MegatronTrainRayActor pid=2849)[0m [2026-09-29 18:10:01.529 actor_cell00000_rank00000] memory_utils.py:41 - [Rank 0] Memory-Usage after update_weights: {'gpu': '0', 'total_GB': 79.18, 'free_GB': 75.04, 'used_GB': 4.14, 'allocated_GB': 1.2, 'reserved_GB': 1.29}
[algo1a-g3-l1-modal] 
[algo1a-g3-l1-modal] [36m(MegatronTrainRayActor pid=2849)[0m [2026-09-29 18:10:01.530 actor_cell00000_rank00000] timer.py:42 - Timer update_weights end (elapsed: 0.2s)
[algo1a-g3-l1-modal] 
[algo1a-g3-l1-modal] [36m(MegatronTrainRayActor pid=2849)[0m [2026-09-29 18:10:01.530 actor_cell00000_rank00000] structured_log.py:28 - actor cls=MegatronTrainRayActor fn=update_weights phase=end ok=true elapsed_s=0.2
[algo1a-g3-l1-modal] 
[algo1a-g3-l1-modal] [36m(TrainerController pid=2549)[0m [2026-09-29 18:10:01.532 trainer_controller_actor] cell.py:239 - ft op=execute phase=end cell=trainer-engine-actor-00000 fn=update_weights ok=true elapsed_s=0.2
[algo1a-g3-l1-modal] 
[algo1a-g3-l1-modal] [36m(InferenceController pid=2543)[0m [2026-09-29 18:10:01.537 inference_controller] _client.py:1740 - HTTP Request: POST http://172.20.9.67:20000/workers "HTTP/1.1 202 Accepted"
[algo1a-g3-l1-modal] 
[algo1a-g3-l1-modal] [36m(InferenceController pid=2543)[0m [2026-09-29 18:10:01.537 inference_controller] server_cell.py:268 - Cell inference-engine-all-0-0-00000 mark_serving start old=addr_info=CellAddrInfo(server_url='http://172.20.9.67:20002', bootstrap_port=None, gate_url='http://172.20.9.67:20036')
[algo1a-g3-l1-modal] 
[algo1a-g3-l1-modal] [36m(CommandActor pid=2544)[0m [2026-09-29 18:10:01] INFO:     172.20.9.67:45698 - "PRI %2A HTTP/2.0" 404 Not Found
[algo1a-g3-l1-modal] 
[algo1a-g3-l1-modal] [36m(CommandActor pid=2544)[0m [2026-09-29 18:10:01] INFO:     172.20.9.67:31526 - "GET /health HTTP/1.1" 200 OK
[algo1a-g3-l1-modal] 
[algo1a-g3-l1-modal] [36m(CommandActor pid=2544)[0m [2026-09-29 18:10:01] INFO:     172.20.9.67:25564 - "PRI %2A HTTP/2.0" 404 Not Found
[algo1a-g3-l1-modal] 
[algo1a-g3-l1-modal] [36m(InferenceController pid=2543)[0m [2026-09-29 18:10:01.537 inference_controller] server_cell.py:271 - Cell inference-engine-all-0-0-00000 mark_serving end new=addr_info=CellAddrInfo(server_url='http://172.20.9.67:20002', bootstrap_port=None, gate_url='http://172.20.9.67:20036')
[algo1a-g3-l1-modal] 
[36m(CommandActor pid=2544)[0m [2026-09-29 18:10:01] WARNING:  Invalid HTTP request received.
[algo1a-g3-l1-modal] 
[algo1a-g3-l1-modal] [36m(CommandActor pid=2544)[0m [2026-09-29 18:10:01] WARNING:  Invalid HTTP request received.
[algo1a-g3-l1-modal] 
[algo1a-g3-l0-modal] 
[algo1a-g3-l0-modal] [36m(CommandActor pid=2561)[0m Capturing batches (bs=12 avail_mem=45.07 GB):  89%|████████▉ | 32/36 [01:11<00:11,  2.92s/it]Capturing batches (bs=8 avail_mem=45.07 GB):  89%|████████▉ | 32/36 [01:11<00:11,  2.92s/it]
[algo1a-g3-l0-modal] 
[algo1a-g3-l1-modal] [36m(InferenceController pid=2543)[0m [2026-09-29 18:10:02.079 inference_controller] _client.py:1740 - HTTP Request: POST http://172.20.9.67:20002/resume_memory_occupation "HTTP/1.1 200 OK"
[algo1a-g3-l1-modal] 
[algo1a-g3-l0-modal] [36m(CommandActor pid=2561)[0m Capturing batches (bs=8 avail_mem=45.07 GB):  92%|█████████▏| 33/36 [01:11<00:06,  2.09s/it]Capturing batches (bs=4 avail_mem=45.07 GB):  92%|█████████▏| 33/36 [01:11<00:06,  2.09s/it]
[algo1a-g3-l0-modal] 
[algo1a-g3-l0-modal] [36m(CommandActor pid=2561)[0m Capturing batches (bs=4 avail_mem=45.07 GB):  94%|█████████▍| 34/36 [01:11<00:03,  1.51s/it]Capturing batches (bs=2 avail_mem=45.06 GB):  94%|█████████▍| 34/36 [01:11<00:03,  1.51s/it]
[algo1a-g3-l0-modal] 
[algo1a-g3-l0-modal] [36m(CommandActor pid=2561)[0m Capturing batches (bs=2 avail_mem=45.06 GB):  97%|█████████▋| 35/36 [01:11<00:01,  1.10s/it]Capturing batches (bs=1 avail_mem=45.06 GB):  97%|█████████▋| 35/36 [01:11<00:01,  1.10s/it]
[algo1a-g3-l0-modal] 
[algo1a-g3-l1-modal] [36m(CommandActor pid=2544)[0m [2026-09-29 18:10:02] INFO:     172.20.9.67:46259 - "POST /resume_memory_occupation HTTP/1.1" 200 OK
[algo1a-g3-l1-modal] 
[algo1a-g3-l1-modal] [36m(CommandActor pid=2544)[0m [2026-09-29 18:10:02] INFO:     172.20.9.67:19892 - "GET /server_info HTTP/1.1" 200 OK
[algo1a-g3-l1-modal] 
[36m(CommandActor pid=2544)[0m [2026-09-29 18:10:02] INFO:     172.20.9.67:19892 - "GET /model_info HTTP/1.1" 200 OK
[36m(CommandActor pid=2544)[0m [2026-09-29 18:10:02] INFO:     172.20.9.67:56416 - "POST /update_weight_version HTTP/1.1" 200 OK
[algo1a-g3-l1-modal] 
[36m(CommandActor pid=2544)[0m [2026-09-29 18:10:02] INFO:     172.20.9.67:56416 - "GET /model_info HTTP/1.1" 200 OK
[algo1a-g3-l1-modal] 
[algo1a-g3-l1-modal] [36m(CommandActor pid=2544)[0m [2026-09-29 18:10:02] Weight version changed. old_version='1' new_version='yeto:0:a34cd30f37ee5ffaad784b92defd77b3b6ce68095faf29288d5ea460912617c4' num_recorded=0
[algo1a-g3-l1-modal] 
[algo1a-g3-l1-modal] [36m(CommandActor pid=2544)[0m [2026-09-29 18:10:02] [WeightChecker] handle action=checksum allow_quant_error=False skip_tensor_list=None
[algo1a-g3-l1-modal] 
[algo1a-g3-l0-modal] [36m(CommandActor pid=2561)[0m Capturing batches (bs=1 avail_mem=45.06 GB): 100%|██████████| 36/36 [01:12<00:00,  1.15it/s]Capturing batches (bs=1 avail_mem=45.06 GB): 100%|██████████| 36/36 [01:12<00:00,  2.01s/it]
[algo1a-g3-l0-modal] 
[algo1a-g3-l0-modal] [36m(InferenceController pid=2560)[0m [2026-09-29 18:10:02.803 inference_controller] inference_controller.py:272 - Waiting for 1/1 cells to become ready...
[algo1a-g3-l0-modal] 
[algo1a-g3-l0-modal] [36m(CommandActor pid=2561)[0m [2026-09-29 18:10:02] Capture target decode CUDA graph end. elapsed=73.36 s, mem usage=0.46 GB, avail mem=45.05 GB.
[algo1a-g3-l0-modal] 
[algo1a-g3-l0-modal] [36m(CommandActor pid=2561)[0m [2026-09-29 18:10:02] max_total_num_tokens=275400, chunked_prefill_size=8192, max_prefill_tokens=16384, max_running_requests=3442, context_len=40960, available_gpu_mem=45.05 GB
[algo1a-g3-l0-modal] 
[algo1a-g3-l0-modal] [36m(CommandActor pid=2561)[0m [2026-09-29 18:10:02] Init Unified Radix Cache. Components: (<ComponentType.FULL: 0>,). Tree Core: UnifiedTreeCore
[algo1a-g3-l0-modal] 
[algo1a-g3-l0-modal] [36m(CommandActor pid=2561)[0m [2026-09-29 18:10:02] Tree cache initialized: source=default impl=UnifiedRadixCache hybrid_swa=False hybrid_ssm=False hicache_attached=False streaming_wrapped=False
[algo1a-g3-l0-modal] 
[algo1a-g3-l1-modal] [36m(CommandActor pid=2544)[0m [2026-09-29 18:10:03] Triton kernel 'hash_tiles32_kernel_blocked' took 1.45 s to compile after serving started. Serving-time compilation can stall the engine; pre-compile it during engine init.
[algo1a-g3-l1-modal] 
[algo1a-g3-l0-modal] [36m(CommandActor pid=2561)[0m [2026-09-29 18:10:03] Engine startup timings (s): load_weight=0.76, kv_cache_allocation=0.58, scheduler_e2e=332.08, cuda_graph={prefill=0.00, decode=73.36, target_verify=0.00, draft_prefill=0.00, draft_decode=0.00, draft_extend=0.00}, tokenizer_e2e=350.92
[algo1a-g3-l0-modal] 
[algo1a-g3-l0-modal] [36m(CommandActor pid=2561)[0m [2026-09-29 18:10:03] INFO:     Started server process [3405]
[algo1a-g3-l0-modal] 
[algo1a-g3-l0-modal] [36m(CommandActor pid=2561)[0m [2026-09-29 18:10:03] INFO:     Waiting for application startup.
[algo1a-g3-l0-modal] 
[algo1a-g3-l0-modal] [36m(CommandActor pid=2561)[0m [2026-09-29 18:10:03] Using default chat sampling params from model generation config: {'temperature': 0.6, 'top_k': 20, 'top_p': 0.95}
[algo1a-g3-l0-modal] 
[algo1a-g3-l0-modal] [36m(CommandActor pid=2561)[0m [2026-09-29 18:10:04] INFO:     Application startup complete.
[36m(CommandActor pid=2561)[0m [2026-09-29 18:10:04] INFO:     Uvicorn running on http://172.20.8.163:20002 (Press CTRL+C to quit)
[36m(CommandActor pid=2561)[0m [2026-09-29 18:10:04] post-warmup freeze_gc failed
[algo1a-g3-l0-modal] [36m(CommandActor pid=2561)[0m Traceback (most recent call last):
[algo1a-g3-l0-modal] 
[36m(CommandActor pid=2561)[0m   File "/opt/sglang/lib/python3.12/site-packages/urllib3/connection.py", line 239, in _new_conn
[algo1a-g3-l0-modal] 
[algo1a-g3-l0-modal] [36m(CommandActor pid=2561)[0m     sock = connection.create_connection(
[algo1a-g3-l0-modal] 
[algo1a-g3-l0-modal] [36m(CommandActor pid=2561)[0m            ^^^^^^^^^^^^^^^^^^^^^^^^^^^^^
[algo1a-g3-l0-modal] 
[algo1a-g3-l0-modal] [36m(CommandActor pid=2561)[0m   File "/opt/sglang/lib/python3.12/site-packages/urllib3/util/connection.py", line 85, in create_connection
[algo1a-g3-l0-modal] 
[algo1a-g3-l0-modal] [36m(CommandActor pid=2561)[0m     raise err
[algo1a-g3-l0-modal] 
[algo1a-g3-l0-modal] [36m(CommandActor pid=2561)[0m   File "/opt/sglang/lib/python3.12/site-packages/urllib3/util/connection.py", line 73, in create_connection
[algo1a-g3-l0-modal] 
[algo1a-g3-l0-modal] [36m(CommandActor pid=2561)[0m     sock.connect(sa)
[algo1a-g3-l0-modal] 
[algo1a-g3-l0-modal] [36m(CommandActor pid=2561)[0m ConnectionRefusedError: [Errno 111] Connection refused
[algo1a-g3-l0-modal] 
[algo1a-g3-l0-modal] [36m(CommandActor pid=2561)[0m
[algo1a-g3-l0-modal] 
[algo1a-g3-l0-modal] [36m(CommandActor pid=2561)[0m The above exception was the direct cause of the following exception:
[algo1a-g3-l0-modal] 
[algo1a-g3-l0-modal] [36m(CommandActor pid=2561)[0m
[algo1a-g3-l0-modal] 
[algo1a-g3-l0-modal] [36m(CommandActor pid=2561)[0m Traceback (most recent call last):
[algo1a-g3-l0-modal] 
[algo1a-g3-l0-modal] [36m(CommandActor pid=2561)[0m   File "/opt/sglang/lib/python3.12/site-packages/urllib3/connectionpool.py", line 793, in urlopen
[algo1a-g3-l0-modal] 
[algo1a-g3-l0-modal] [36m(CommandActor pid=2561)[0m     response = self._make_request(
[algo1a-g3-l0-modal] 
[algo1a-g3-l0-modal] [36m(CommandActor pid=2561)[0m                ^^^^^^^^^^^^^^^^^^^
[algo1a-g3-l0-modal] 
[algo1a-g3-l0-modal] [36m(CommandActor pid=2561)[0m   File "/opt/sglang/lib/python3.12/site-packages/urllib3/connectionpool.py", line 499, in _make_request
[algo1a-g3-l0-modal] 
[algo1a-g3-l0-modal] [36m(CommandActor pid=2561)[0m     conn.request(
[algo1a-g3-l0-modal] 
[algo1a-g3-l0-modal] [36m(CommandActor pid=2561)[0m   File "/opt/sglang/lib/python3.12/site-packages/urllib3/connection.py", line 567, in request
[algo1a-g3-l0-modal] 
[algo1a-g3-l0-modal] [36m(CommandActor pid=2561)[0m     self.endheaders()
[algo1a-g3-l0-modal] 
[algo1a-g3-l0-modal] [36m(CommandActor pid=2561)[0m   File "/usr/lib/python3.12/http/client.py", line 1360, in endheaders
[algo1a-g3-l0-modal] 
[algo1a-g3-l0-modal] [36m(CommandActor pid=2561)[0m     self._send_output(message_body, encode_chunked=encode_chunked)
[algo1a-g3-l0-modal] 
[algo1a-g3-l0-modal] [36m(CommandActor pid=2561)[0m   File "/usr/lib/python3.12/http/client.py", line 1120, in _send_output
[algo1a-g3-l0-modal] 
[algo1a-g3-l0-modal] [36m(CommandActor pid=2561)[0m     self.send(msg)
[algo1a-g3-l0-modal] 
[algo1a-g3-l0-modal] [36m(CommandActor pid=2561)[0m   File "/usr/lib/python3.12/http/client.py", line 1064, in send
[algo1a-g3-l0-modal] 
[algo1a-g3-l0-modal] [36m(CommandActor pid=2561)[0m     self.connect()
[algo1a-g3-l0-modal] 
[algo1a-g3-l0-modal] [36m(CommandActor pid=2561)[0m   File "/opt/sglang/lib/python3.12/site-packages/urllib3/connection.py", line 398, in connect
[algo1a-g3-l0-modal] 
[algo1a-g3-l0-modal] [36m(CommandActor pid=2561)[0m     self.sock = self._new_conn()
[algo1a-g3-l0-modal] 
[algo1a-g3-l0-modal] [36m(CommandActor pid=2561)[0m                 ^^^^^^^^^^^^^^^^
[algo1a-g3-l0-modal] 
[algo1a-g3-l0-modal] [36m(CommandActor pid=2561)[0m   File "/opt/sglang/lib/python3.12/site-packages/urllib3/connection.py", line 254, in _new_conn
[algo1a-g3-l0-modal] 
[algo1a-g3-l0-modal] [36m(CommandActor pid=2561)[0m     raise NewConnectionError(
[algo1a-g3-l0-modal] [36m(CommandActor pid=2561)[0m urllib3.exceptions.NewConnectionError: HTTPConnection(host='172.20.8.163', port=20002): Failed to establish a new connection: [Errno 111] Connection refused
[algo1a-g3-l0-modal] 
[algo1a-g3-l0-modal] [36m(CommandActor pid=2561)[0m
[algo1a-g3-l0-modal] 
[algo1a-g3-l0-modal] [36m(CommandActor pid=2561)[0m The above exception was the direct cause of the following exception:
[algo1a-g3-l0-modal] 
[algo1a-g3-l0-modal] [36m(CommandActor pid=2561)[0m
[algo1a-g3-l0-modal] 
[algo1a-g3-l0-modal] [36m(CommandActor pid=2561)[0m Traceback (most recent call last):
[algo1a-g3-l0-modal] [36m(CommandActor pid=2561)[0m   File "/opt/sglang/lib/python3.12/site-packages/requests/adapters.py", line 696, in send
[algo1a-g3-l0-modal] 
[algo1a-g3-l0-modal] [36m(CommandActor pid=2561)[0m     resp = conn.urlopen(
[algo1a-g3-l0-modal] 
[algo1a-g3-l0-modal] [36m(CommandActor pid=2561)[0m            ^^^^^^^^^^^^^
[algo1a-g3-l0-modal] 
[algo1a-g3-l0-modal] [36m(CommandActor pid=2561)[0m   File "/opt/sglang/lib/python3.12/site-packages/urllib3/connectionpool.py", line 847, in urlopen
[algo1a-g3-l0-modal] 
[algo1a-g3-l0-modal] [36m(CommandActor pid=2561)[0m     retries = retries.increment(
[algo1a-g3-l0-modal] 
[algo1a-g3-l0-modal] [36m(CommandActor pid=2561)[0m               ^^^^^^^^^^^^^^^^^^
[algo1a-g3-l0-modal] 
[algo1a-g3-l0-modal] [36m(CommandActor pid=2561)[0m   File "/opt/sglang/lib/python3.12/site-packages/urllib3/util/retry.py", line 555, in increment
[algo1a-g3-l0-modal] 
[algo1a-g3-l0-modal] [36m(CommandActor pid=2561)[0m     raise MaxRetryError(_pool, url, reason) from reason  # type: ignore[arg-type]
[algo1a-g3-l0-modal] 
[algo1a-g3-l0-modal] [36m(CommandActor pid=2561)[0m     ^^^^^^^^^^^^^^^^^^^^^^^^^^^^^^^^^^^^^^^^^^^^^^^^^^^
[algo1a-g3-l0-modal] 
[algo1a-g3-l0-modal] [36m(CommandActor pid=2561)[0m urllib3.exceptions.MaxRetryError: HTTPConnectionPool(host='172.20.8.163', port=20002): Max retries exceeded with url: /freeze_gc (Caused by NewConnectionError("HTTPConnection(host='172.20.8.163', port=20002): Failed to establish a new connection: [Errno 111] Connection refused"))
[algo1a-g3-l0-modal] 
[algo1a-g3-l0-modal] [36m(CommandActor pid=2561)[0m
[algo1a-g3-l0-modal] 
[algo1a-g3-l0-modal] [36m(CommandActor pid=2561)[0m During handling of the above exception, another exception occurred:
[algo1a-g3-l0-modal] 
[algo1a-g3-l0-modal] [36m(CommandActor pid=2561)[0m
[algo1a-g3-l0-modal] 
[algo1a-g3-l0-modal] [36m(CommandActor pid=2561)[0m Traceback (most recent call last):
[algo1a-g3-l0-modal] 
[algo1a-g3-l0-modal] [36m(CommandActor pid=2561)[0m   File "/root/sglang/python/sglang/srt/entrypoints/http_server.py", line 2469, in _freeze_gc_after_server_warmup
[algo1a-g3-l0-modal] 
[algo1a-g3-l0-modal] [36m(CommandActor pid=2561)[0m     res = requests.post(
[algo1a-g3-l0-modal] 
[algo1a-g3-l0-modal] [36m(CommandActor pid=2561)[0m           ^^^^^^^^^^^^^^
[algo1a-g3-l0-modal] 
[algo1a-g3-l0-modal] [36m(CommandActor pid=2561)[0m   File "/opt/sglang/lib/python3.12/site-packages/requests/api.py", line 134, in post
[algo1a-g3-l0-modal] 
[algo1a-g3-l0-modal] [36m(CommandActor pid=2561)[0m     return request("post", url, data=data, json=json, **kwargs)
[algo1a-g3-l0-modal] 
[algo1a-g3-l0-modal] [36m(CommandActor pid=2561)[0m            ^^^^^^^^^^^^^^^^^^^^^^^^^^^^^^^^^^^^^^^^^^^^^^^^^^^^
[algo1a-g3-l0-modal] 
[algo1a-g3-l0-modal] [36m(CommandActor pid=2561)[0m   File "/opt/sglang/lib/python3.12/site-packages/requests/api.py", line 71, in request
[algo1a-g3-l0-modal] 
[algo1a-g3-l0-modal] [36m(CommandActor pid=2561)[0m     return session.request(method=method, url=url, **kwargs)
[algo1a-g3-l0-modal] 
[algo1a-g3-l0-modal] [36m(CommandActor pid=2561)[0m            ^^^^^^^^^^^^^^^^^^^^^^^^^^^^^^^^^^^^^^^^^^^^^^^^^
[algo1a-g3-l0-modal] 
[algo1a-g3-l0-modal] [36m(CommandActor pid=2561)[0m   File "/opt/sglang/lib/python3.12/site-packages/requests/sessions.py", line 651, in request
[algo1a-g3-l0-modal] 
[algo1a-g3-l0-modal] [36m(CommandActor pid=2561)[0m     resp = self.send(prep, **send_kwargs)
[algo1a-g3-l0-modal] 
[algo1a-g3-l0-modal] [36m(CommandActor pid=2561)[0m            ^^^^^^^^^^^^^^^^^^^^^^^^^^^^^^
[algo1a-g3-l0-modal] 
[algo1a-g3-l0-modal] [36m(CommandActor pid=2561)[0m   File "/opt/sglang/lib/python3.12/site-packages/requests/sessions.py", line 784, in send
[algo1a-g3-l0-modal] 
[algo1a-g3-l0-modal] [36m(CommandActor pid=2561)[0m     r = adapter.send(request, **kwargs)
[algo1a-g3-l0-modal] 
[algo1a-g3-l0-modal] [36m(CommandActor pid=2561)[0m         ^^^^^^^^^^^^^^^^^^^^^^^^^^^^^^^
[algo1a-g3-l0-modal] 
[algo1a-g3-l0-modal] [36m(CommandActor pid=2561)[0m   File "/opt/sglang/lib/python3.12/site-packages/requests/adapters.py", line 729, in send
[algo1a-g3-l0-modal] 
[algo1a-g3-l0-modal] [36m(CommandActor pid=2561)[0m     raise ConnectionError(e, request=request)
[algo1a-g3-l0-modal] 
[algo1a-g3-l0-modal] [36m(CommandActor pid=2561)[0m requests.exceptions.ConnectionError: HTTPConnectionPool(host='172.20.8.163', port=20002): Max retries exceeded with url: /freeze_gc (Caused by NewConnectionError("HTTPConnection(host='172.20.8.163', port=20002): Failed to establish a new connection: [Errno 111] Connection refused"))
[algo1a-g3-l0-modal] 
[algo1a-g3-l0-modal] [36m(CommandActor pid=2561)[0m [2026-09-29 18:10:04] The server is fired up and ready to roll!
[algo1a-g3-l0-modal] 
[algo1a-g3-l0-modal] [36m(InferenceController pid=2560)[0m [2026-09-29 18:10:04.804 inference_controller] inference_controller.py:272 - Waiting for 1/1 cells to become ready...
[algo1a-g3-l0-modal] 
[algo1a-g3-l1-modal] [36m(InferenceController pid=2543)[0m [2026-09-29 18:10:06.394 inference_controller] _client.py:1740 - HTTP Request: POST http://172.20.9.67:20002/weights_checker "HTTP/1.1 200 OK"
[algo1a-g3-l1-modal] 
[algo1a-g3-l1-modal] [36m(CommandActor pid=2544)[0m [2026-09-29 18:10:06] INFO:     172.20.9.67:46259 - "POST /weights_checker HTTP/1.1" 200 OK
[algo1a-g3-l1-modal] 
[algo1a-g3-l1-modal] [36m(CommandActor pid=2544)[0m [2026-09-29 18:10:06] Triton kernel 'add_tree_reduce_u64_kernel' took 2.80 s to compile after serving started. Serving-time compilation can stall the engine; pre-compile it during engine init.
[algo1a-g3-l1-modal] 
[algo1a-g3-l1-modal] [36m(CommandActor pid=2544)[0m [2026-09-29 18:10:06] [WeightChecker] checksum computed for 226 tensors in 4.282s
[algo1a-g3-l1-modal] 
[algo1a-g3-l1-modal] [36m(TrainerController pid=2549)[0m [2026-09-29 18:10:06.401 trainer_controller_actor] cell.py:231 - ft op=execute phase=start cell=trainer-engine-actor-00000 fn=sleep n_actors=1
[algo1a-g3-l1-modal] 
[algo1a-g3-l1-modal] [36m(TrainerController pid=2549)[0m [2026-09-29 18:10:06.403 trainer_controller_actor] cell.py:239 - ft op=execute phase=end cell=trainer-engine-actor-00000 fn=sleep ok=true elapsed_s=0.0
[algo1a-g3-l1-modal] 
[algo1a-g3-l1-modal] [36m(MegatronTrainRayActor pid=2849)[0m [2026-09-29 18:10:06.402 actor_cell00000_rank00000] structured_log.py:24 - actor cls=MegatronTrainRayActor fn=sleep phase=start
[algo1a-g3-l1-modal] 
[algo1a-g3-l1-modal] [36m(MegatronTrainRayActor pid=2849)[0m [2026-09-29 18:10:06.402 actor_cell00000_rank00000] timer.py:31 - Timer sleep start
[algo1a-g3-l1-modal] 
[algo1a-g3-l1-modal] [36m(MegatronTrainRayActor pid=2849)[0m [2026-09-29 18:10:06.402 actor_cell00000_rank00000] actor.py:451 - sleep() called while already offloaded; skipping
[algo1a-g3-l1-modal] 
[algo1a-g3-l1-modal] [36m(MegatronTrainRayActor pid=2849)[0m [2026-09-29 18:10:06.403 actor_cell00000_rank00000] timer.py:42 - Timer sleep end (elapsed: 0.0s)
[algo1a-g3-l1-modal] 
[algo1a-g3-l1-modal] [36m(MegatronTrainRayActor pid=2849)[0m [2026-09-29 18:10:06.403 actor_cell00000_rank00000] structured_log.py:28 - actor cls=MegatronTrainRayActor fn=sleep phase=end ok=true elapsed_s=0.0
[algo1a-g3-l1-modal] 
[algo1a-g3-l0-modal] [36m(InferenceController pid=2560)[0m [2026-09-29 18:10:06.805 inference_controller] inference_controller.py:272 - Waiting for 1/1 cells to become ready...
[algo1a-g3-l0-modal] 
[algo1a-g3-l1-modal] [36m(RolloutExecutor pid=2542)[0m Rollout generation:   0%|          | 0/32 [00:00<?, ?it/s]
[algo1a-g3-l1-modal] 
[algo1a-g3-l1-modal] [36m(CommandActor pid=2544)[0m [2026-09-29 18:10:07] LoRA adapter 'd741aaf67674408aa95c6f052ca75381': loaded weights for target modules ['down_proj', 'gate_up_proj', 'o_proj', 'qkv_proj'].
[algo1a-g3-l1-modal] 
[algo1a-g3-l0-modal] [36m(InferenceController pid=2560)[0m [2026-09-29 18:10:12.497 inference_controller] inference_controller.py:272 - Waiting for 1/1 cells to become ready...
[algo1a-g3-l0-modal] 
[algo1a-g3-l1-modal] [36m(CommandActor pid=2544)[0m [2026-09-29 18:10:14] INFO:     172.20.9.67:63956 - "GET /health HTTP/1.1" 200 OK
[algo1a-g3-l1-modal] 
[algo1a-g3-l0-modal] [36m(CommandActor pid=2561)[0m [2026-09-29 18:10:14] Prefill batch, #new-seq: 1, #new-token: 1, #cached-token: 0, token usage: 0.00, #running-req: 0, #queue-req: 0, #pending-token: 0, cuda graph: False, input throughput (token/s): 0.09
[algo1a-g3-l0-modal] 
[algo1a-g3-l0-modal] [36m(InferenceController pid=2560)[0m [2026-09-29 18:10:14.497 inference_controller] inference_controller.py:272 - Waiting for 1/1 cells to become ready...
[algo1a-g3-l0-modal] 
[algo1a-g3-l1-modal] [36m(CommandActor pid=2544)[0m [2026-09-29 18:10:16] Prefill batch, #new-seq: 1, #new-token: 62, #cached-token: 0, token usage: 0.01, #running-req: 0, #queue-req: 0, #pending-token: 0, cuda graph: False, input throughput (token/s): 3.81
[algo1a-g3-l1-modal] 
[algo1a-g3-l1-modal] [36m(CommandActor pid=2544)[0m [2026-09-29 18:10:16] Prefill batch, #new-seq: 31, #new-token: 2410, #cached-token: 0, token usage: 0.00, #running-req: 1, #queue-req: 0, #pending-token: 0, cuda graph: False, input throughput (token/s): 179490.24
[algo1a-g3-l1-modal] 
[algo1a-g3-l1-modal] [36m(CommandActor pid=2544)[0m [2026-09-29 18:10:16] Decode batch, #running-req: 32, #token: 1555, token usage: 0.01, cuda graph: True, gen throughput (token/s): 39.54, #queue-req: 0
[algo1a-g3-l1-modal] 
[algo1a-g3-l0-modal] [36m(InferenceController pid=2560)[0m [2026-09-29 18:10:16.498 inference_controller] inference_controller.py:272 - Waiting for 1/1 cells to become ready...
[algo1a-g3-l1-modal] [36m(CommandActor pid=2544)[0m [2026-09-29 18:10:16] INFO:     172.20.9.67:39364 - "POST /generate HTTP/1.1" 200 OK
[algo1a-g3-l1-modal] 
[algo1a-g3-l1-modal] [36m(CommandActor pid=2544)[0m [2026-09-29 18:10:16] INFO:     172.20.9.67:45475 - "POST /generate HTTP/1.1" 200 OK
[algo1a-g3-l1-modal] 
[algo1a-g3-l1-modal] [36m(CommandActor pid=2544)[0m [2026-09-29 18:10:16] INFO:     172.20.9.67:41639 - "POST /generate HTTP/1.1" 200 OK
[algo1a-g3-l1-modal] 
[algo1a-g3-l1-modal] [36m(CommandActor pid=2544)[0m [2026-09-29 18:10:16] INFO:     172.20.9.67:21397 - "POST /generate HTTP/1.1" 200 OK
[algo1a-g3-l1-modal] 
[algo1a-g3-l1-modal] [36m(CommandActor pid=2544)[0m [2026-09-29 18:10:16] INFO:     172.20.9.67:39821 - "POST /generate HTTP/1.1" 200 OK
[algo1a-g3-l1-modal] 
[algo1a-g3-l1-modal] [36m(CommandActor pid=2544)[0m [2026-09-29 18:10:16] INFO:     172.20.9.67:21845 - "POST /generate HTTP/1.1" 200 OK
[algo1a-g3-l1-modal] 
[algo1a-g3-l1-modal] [36m(CommandActor pid=2544)[0m [2026-09-29 18:10:16] INFO:     172.20.9.67:35280 - "POST /generate HTTP/1.1" 200 OK
[algo1a-g3-l1-modal] 
[algo1a-g3-l1-modal] [36m(CommandActor pid=2544)[0m [2026-09-29 18:10:16] INFO:     172.20.9.67:57195 - "POST /generate HTTP/1.1" 200 OK
[algo1a-g3-l1-modal] 
[algo1a-g3-l1-modal] [36m(CommandActor pid=2544)[0m [2026-09-29 18:10:16] INFO:     172.20.9.67:32678 - "POST /generate HTTP/1.1" 200 OK
[algo1a-g3-l1-modal] 
[algo1a-g3-l1-modal] [36m(CommandActor pid=2544)[0m [2026-09-29 18:10:16] INFO:     172.20.9.67:50937 - "POST /generate HTTP/1.1" 200 OK
[algo1a-g3-l1-modal] 
[algo1a-g3-l1-modal] [36m(CommandActor pid=2544)[0m [2026-09-29 18:10:16] INFO:     172.20.9.67:44662 - "POST /generate HTTP/1.1" 200 OK
[36m(CommandActor pid=2544)[0m [2026-09-29 18:10:16] INFO:     172.20.9.67:40727 - "POST /generate HTTP/1.1" 200 OK
[algo1a-g3-l1-modal] 
[algo1a-g3-l1-modal] [36m(CommandActor pid=2544)[0m [2026-09-29 18:10:16] INFO:     172.20.9.67:35544 - "POST /generate HTTP/1.1" 200 OK
[algo1a-g3-l1-modal] 
[algo1a-g3-l1-modal] [36m(CommandActor pid=2544)[0m [2026-09-29 18:10:16] INFO:     172.20.9.67:46220 - "POST /generate HTTP/1.1" 200 OK
[algo1a-g3-l1-modal] 
[algo1a-g3-l1-modal] [36m(CommandActor pid=2544)[0m [2026-09-29 18:10:16] Decode batch, #running-req: 24, #token: 2106, token usage: 0.01, cuda graph: True, gen throughput (token/s): 5783.80, #queue-req: 0
[algo1a-g3-l1-modal] 
[algo1a-g3-l1-modal] [36m(RolloutExecutor pid=2542)[0m [2026-09-29 18:10:16.701 rollout_executor] inference_rollout_train.py:137 - First rollout sample: text_preview=<|im_start|>system\nYou are a helpful assistant. Please put the answer within \boxed{}.<|im_end|>\n<|im_start|>user\nNatalia sold clips to 48 of her friends in April, and then she sold half as many clips in May. How many clips did Natalia sell altogether in April and May?<|im_end|>\n<|im_start|>assistant\n<think>\n\n</think>\n\nNatalia sold 48 clips in April.\n\nShe sold half as many in May, which means she sold $ \frac{1}{2} \times 48 = 24 $ clips in May.\n\nNow, to find out how many clips she sold in tota...<truncated chars=102>, label=72, reward_summary=1.0
[algo1a-g3-l1-modal] 
[36m(RolloutExecutor pid=2542)[0m Rollout generation:  25%|██▌       | 8/32 [00:09<00:27,  1.17s/it]
[algo1a-g3-l1-modal] 
[algo1a-g3-l1-modal] [36m(CommandActor pid=2544)[0m [2026-09-29 18:10:16] INFO:     172.20.9.67:39972 - "POST /generate HTTP/1.1" 200 OK
[algo1a-g3-l1-modal] 
[algo1a-g3-l1-modal] [36m(CommandActor pid=2544)[0m [2026-09-29 18:10:16] INFO:     172.20.9.67:61701 - "POST /generate HTTP/1.1" 200 OK
[algo1a-g3-l1-modal] 
[algo1a-g3-l0-modal] 
[algo1a-g3-l1-modal] [36m(CommandActor pid=2544)[0m [2026-09-29 18:10:16] INFO:     172.20.9.67:44346 - "POST /generate HTTP/1.1" 200 OK
[algo1a-g3-l1-modal] 
[algo1a-g3-l1-modal] [36m(CommandActor pid=2544)[0m [2026-09-29 18:10:16] INFO:     172.20.9.67:35925 - "POST /generate HTTP/1.1" 200 OK
[algo1a-g3-l1-modal] 
[algo1a-g3-l1-modal] [36m(CommandActor pid=2544)[0m [2026-09-29 18:10:16] Decode batch, #running-req: 16, #token: 2091, token usage: 0.01, cuda graph: True, gen throughput (token/s): 3672.71, #queue-req: 0
[algo1a-g3-l1-modal] 
[algo1a-g3-l1-modal] [36m(CommandActor pid=2544)[0m [2026-09-29 18:10:16] INFO:     172.20.9.67:32071 - "POST /generate HTTP/1.1" 200 OK
[algo1a-g3-l1-modal] 
[algo1a-g3-l1-modal] [36m(CommandActor pid=2544)[0m [2026-09-29 18:10:16] INFO:     172.20.9.67:19505 - "POST /generate HTTP/1.1" 200 OK
[algo1a-g3-l1-modal] 
[algo1a-g3-l1-modal] [36m(CommandActor pid=2544)[0m [2026-09-29 18:10:16] INFO:     172.20.9.67:48372 - "POST /generate HTTP/1.1" 200 OK
[algo1a-g3-l1-modal] 
[algo1a-g3-l1-modal] [36m(CommandActor pid=2544)[0m [2026-09-29 18:10:16] INFO:     172.20.9.67:21923 - "POST /generate HTTP/1.1" 200 OK
[algo1a-g3-l1-modal] 
[algo1a-g3-l1-modal] [36m(CommandActor pid=2544)[0m [2026-09-29 18:10:16] INFO:     172.20.9.67:59755 - "POST /generate HTTP/1.1" 200 OK
[algo1a-g3-l1-modal] 
[algo1a-g3-l1-modal] [36m(CommandActor pid=2544)[0m [2026-09-29 18:10:16] Decode batch, #running-req: 10, #token: 1443, token usage: 0.01, cuda graph: True, gen throughput (token/s): 2750.39, #queue-req: 0
[algo1a-g3-l1-modal] 
[algo1a-g3-l1-modal] [36m(CommandActor pid=2544)[0m [2026-09-29 18:10:17] INFO:     172.20.9.67:18660 - "POST /generate HTTP/1.1" 200 OK
[algo1a-g3-l1-modal] 
[algo1a-g3-l1-modal] [36m(CommandActor pid=2544)[0m [2026-09-29 18:10:17] INFO:     172.20.9.67:20431 - "POST /generate HTTP/1.1" 200 OK
[algo1a-g3-l1-modal] 
[algo1a-g3-l1-modal] [36m(CommandActor pid=2544)[0m [2026-09-29 18:10:17] INFO:     172.20.9.67:32994 - "POST /generate HTTP/1.1" 200 OK
[algo1a-g3-l1-modal] 
[algo1a-g3-l1-modal] [36m(CommandActor pid=2544)[0m [2026-09-29 18:10:17] INFO:     172.20.9.67:29798 - "POST /generate HTTP/1.1" 200 OK
[algo1a-g3-l1-modal] 
[algo1a-g3-l1-modal] [36m(RolloutExecutor pid=2542)[0m Rollout generation:  75%|███████▌  | 24/32 [00:09<00:02,  3.08it/s]
[algo1a-g3-l1-modal] 
[algo1a-g3-l1-modal] [36m(CommandActor pid=2544)[0m [2026-09-29 18:10:17] INFO:     172.20.9.67:17727 - "POST /generate HTTP/1.1" 200 OK
[algo1a-g3-l1-modal] 
[algo1a-g3-l1-modal] [36m(CommandActor pid=2544)[0m [2026-09-29 18:10:17] INFO:     172.20.9.67:59354 - "POST /generate HTTP/1.1" 200 OK
[algo1a-g3-l1-modal] 
[algo1a-g3-l1-modal] [36m(CommandActor pid=2544)[0m [2026-09-29 18:10:17] Decode batch, #running-req: 4, #token: 695, token usage: 0.00, cuda graph: True, gen throughput (token/s): 1154.41, #queue-req: 0
[algo1a-g3-l1-modal] 
[algo1a-g3-l1-modal] [36m(CommandActor pid=2544)[0m [2026-09-29 18:10:17] INFO:     172.20.9.67:41144 - "POST /generate HTTP/1.1" 200 OK
[algo1a-g3-l1-modal] 
[algo1a-g3-l1-modal] [36m(CommandActor pid=2544)[0m [2026-09-29 18:10:17] INFO:     172.20.9.67:18653 - "POST /generate HTTP/1.1" 200 OK
[algo1a-g3-l1-modal] 
[algo1a-g3-l1-modal] [36m(CommandActor pid=2544)[0m [2026-09-29 18:10:17] Decode batch, #running-req: 1, #token: 333, token usage: 0.00, cuda graph: True, gen throughput (token/s): 334.41, #queue-req: 0
[algo1a-g3-l1-modal] 
[algo1a-g3-l1-modal] [36m(RolloutExecutor pid=2542)[0m Rollout generation: 100%|██████████| 32/32 [00:10<00:00,  4.37it/s]Rollout generation: 100%|██████████| 32/32 [00:10<00:00,  3.14it/s]
[algo1a-g3-l1-modal] 
[36m(RolloutExecutor pid=2542)[0m [2026-09-29 18:10:17.562 rollout_executor] inference_rollout_train.py:161 - Finish rollout: text_preview=<|im_start|>system\nYou are a helpful assistant. Please put the answer within \boxed{}.<|im_end|>\n<|im_start|>user\nBetty is saving money for a new wallet which costs $100. Betty has only half of the money she needs. Her parents decided to give her $15 for that purpose, and her grandparents twice as much as her parents. How much more money does Betty need to buy the wallet?<|im_end|>\n<|im_start|>assistant\n<think>\n\n</think>\n\nBetty has **half** of the $100 wallet cost.  \nSo her current savings are:  \...<truncated chars=356>, label=5, reward_summary=1.0
[algo1a-g3-l1-modal] 
[algo1a-g3-l1-modal] [36m(RolloutExecutor pid=2542)[0m [2026-09-29 18:10:17.565 rollout_executor] inference_rollout_train.py:33 - Abort request for ['http://172.20.9.67:20002']
[algo1a-g3-l1-modal] 
[36m(RolloutExecutor pid=2542)[0m Using blocking ray.get inside async actor. This blocks the event loop. Please use `await` on object ref with asyncio.gather if you want to yield execution to the event loop instead.
[algo1a-g3-l1-modal] 
[algo1a-g3-l1-modal] [36m(RolloutExecutor pid=2542)[0m [2026-09-29 18:10:17.577 rollout_executor] rollout_data_conversion.py:39 - Final collected 32 samples from rollout to train
[algo1a-g3-l1-modal] 
[algo1a-g3-l1-modal] [36m(RolloutExecutor pid=2542)[0m [2026-09-29 18:10:17.577 rollout_executor] metrics.py:93 - perf 0: {'rollout/raw_reward_unfiltered': 0.9375, 'rollout/num_training_samples': 32, 'rollout/episode_raw_reward': 0.9375, 'rollout/episode_response_length/mean': 128.03125, 'rollout/episode_response_length/median': 128.5, 'rollout/episode_response_length/max': 285, 'rollout/episode_response_length/min': 60, 'rollout/episode_total_response_length/mean': 128.03125, 'rollout/response_len/mean': 128.03125, 'rollout/response_len/median': 128.5, 'rollout/response_len/max': 285, 'rollout/response_len/min': 60, 'rollout/zero_std/count_1.0': 3, 'rollout/zero_std/all_zero_percentage': 0.0, 'rollout/zero_std/all_one_percentage': 0.75, 'rollout/prefix_cache_hit_rate': 0.0, 'rollout/avg_cached_tokens_per_sample': 0.0, 'rollout/repetition_frac': 0.0, 'rollout/truncated_ratio': 0.0, 'perf/rollout_time': 10.965963125228882, 'perf/tokens_per_gpu_per_sec': 373.61059427367786, 'perf/longest_sample_tokens_per_sec': 25.989509242860187, 'perf/effective_tokens_per_gpu_per_sec': 373.61059427367786, 'perf/longest_effective_sample_tokens_per_sec': 25.989509242860187}
[algo1a-g3-l1-modal] 
[algo1a-g3-l1-modal] [36m(RolloutExecutor pid=2542)[0m [2026-09-29 18:10:17.579 rollout_executor] train_data_conversion.py:334 - Rollout-side DP schedule: num_samples=32, num_rollouts=[32], num_microbatches=[32]
[algo1a-g3-l1-modal] 
[algo1a-g3-l1-modal] [36m(CommandActor pid=2544)[0m [2026-09-29 18:10:17] INFO:     172.20.9.67:30500 - "POST /generate HTTP/1.1" 200 OK
[algo1a-g3-l1-modal] 
[algo1a-g3-l1-modal] [36m(CommandActor pid=2544)[0m [2026-09-29 18:10:17] INFO:     172.20.9.67:23824 - "POST /abort_request HTTP/1.1" 200 OK
[algo1a-g3-l1-modal] 
[algo1a-g3-l1-modal] [36m(CommandActor pid=2544)[0m [2026-09-29 18:10:17] Decode batch, #running-req: 1, #token: 373, token usage: 0.00, cuda graph: True, gen throughput (token/s): 234.38, #queue-req: 0
[algo1a-g3-l1-modal] 
[algo1a-g3-l0-modal] [36m(CommandActor pid=2561)[0m [2026-09-29 18:10:17] Prefill batch, #new-seq: 1, #new-token: 1, #cached-token: 0, token usage: 0.00, #running-req: 0, #queue-req: 0, #pending-token: 0, cuda graph: False, input throughput (token/s): 0.32
[algo1a-g3-l1-modal] [36m(InferenceController pid=2543)[0m [2026-09-29 18:10:17.679 inference_controller] _client.py:1740 - HTTP Request: GET http://172.20.9.67:20002/flush_cache "HTTP/1.1 200 OK"
[algo1a-g3-l1-modal] 
[algo1a-g3-l1-modal] [36m(CommandActor pid=2544)[0m [2026-09-29 18:10:17] INFO:     172.20.9.67:48675 - "GET /flush_cache HTTP/1.1" 200 OK
[algo1a-g3-l1-modal] 
[algo1a-g3-l1-modal] [36m(CommandActor pid=2544)[0m [2026-09-29 18:10:17] Cache flushed successfully!
[algo1a-g3-l1-modal] 
[algo1a-g3-l1-modal] [36m(CommandActor pid=2544)[0m [2026-09-29 18:10:17] Cache flushed successfully!
[algo1a-g3-l1-modal] 
[algo1a-g3-l0-modal] 
[algo1a-g3-l1-modal] [36m(InferenceController pid=2543)[0m [2026-09-29 18:10:18.439 inference_controller] _client.py:1740 - HTTP Request: POST http://172.20.9.67:20002/release_memory_occupation "HTTP/1.1 200 OK"
[algo1a-g3-l1-modal] 
[algo1a-g3-l1-modal] [36m(CommandActor pid=2544)[0m [2026-09-29 18:10:18] INFO:     172.20.9.67:48675 - "POST /release_memory_occupation HTTP/1.1" 200 OK
[algo1a-g3-l1-modal] 
[algo1a-g3-l1-modal] [36m(TrainerController pid=2549)[0m [2026-09-29 18:10:18.446 trainer_controller_actor] cell.py:231 - ft op=execute phase=start cell=trainer-engine-actor-00000 fn=wake_up n_actors=1
[algo1a-g3-l1-modal] 
[algo1a-g3-l1-modal] [36m(MegatronTrainRayActor pid=2849)[0m [2026-09-29 18:10:18.447 actor_cell00000_rank00000] structured_log.py:24 - actor cls=MegatronTrainRayActor fn=wake_up phase=start
[algo1a-g3-l1-modal] 
[algo1a-g3-l1-modal] [36m(MegatronTrainRayActor pid=2849)[0m [2026-09-29 18:10:18.447 actor_cell00000_rank00000] timer.py:31 - Timer wake_up start
[algo1a-g3-l1-modal] 
[algo1a-g3-l1-modal] [36m(MegatronTrainRayActor pid=2849)[0m [2026-09-29 18:10:18.448 actor_cell00000_rank00000] memory_utils.py:41 - [Rank 0] Memory-Usage before wake_up model: {'gpu': '0', 'total_GB': 79.18, 'free_GB': 76.24, 'used_GB': 2.94, 'allocated_GB': 1.2, 'reserved_GB': 1.27}
[algo1a-g3-l1-modal] 
[algo1a-g3-l0-modal] [36m(InferenceController pid=2560)[0m [2026-09-29 18:10:18.503 inference_controller] _client.py:1740 - HTTP Request: GET http://172.20.8.163:20002/health_generate "HTTP/1.1 200 OK"
[algo1a-g3-l0-modal] 
[algo1a-g3-l0-modal] [36m(InferenceController pid=2560)[0m [2026-09-29 18:10:18.508 inference_controller] _client.py:1740 - HTTP Request: GET http://172.20.8.163:20002/flush_cache "HTTP/1.1 200 OK"
[algo1a-g3-l0-modal] 
[algo1a-g3-l0-modal] [36m(CommandActor pid=2561)[0m [2026-09-29 18:10:18] INFO:     172.20.8.163:17972 - "GET /health_generate HTTP/1.1" 200 OK
[algo1a-g3-l0-modal] 
[algo1a-g3-l0-modal] [36m(CommandActor pid=2561)[0m [2026-09-29 18:10:18] INFO:     172.20.8.163:17972 - "GET /flush_cache HTTP/1.1" 200 OK
[algo1a-g3-l0-modal] 
[algo1a-g3-l0-modal] [36m(CommandActor pid=2561)[0m [2026-09-29 18:10:18] Cache flushed successfully!
[algo1a-g3-l0-modal] 
[algo1a-g3-l0-modal] [36m(CommandActor pid=2561)[0m [2026-09-29 18:10:18] Cache flushed successfully!
[algo1a-g3-l0-modal] 
[algo1a-g3-l1-modal] [36m(TrainerController pid=2549)[0m [2026-09-29 18:10:19.022 trainer_controller_actor] cell.py:239 - ft op=execute phase=end cell=trainer-engine-actor-00000 fn=wake_up ok=true elapsed_s=0.6
[algo1a-g3-l1-modal] 
[algo1a-g3-l1-modal] [36m(TrainerController pid=2549)[0m [2026-09-29 18:10:19.026 trainer_controller_actor] group.py:190 - ft op=train phase=start rollout=0 attempt=0
[algo1a-g3-l1-modal] 
[algo1a-g3-l1-modal] [36m(TrainerController pid=2549)[0m [2026-09-29 18:10:19.026 trainer_controller_actor] group.py:534 - ft op=refresh phase=start rollout=0 alive=0 healing= all_states="(0, 'StateAllocatedAlive')" quorum=0
[algo1a-g3-l1-modal] 
[algo1a-g3-l1-modal] [36m(TrainerController pid=2549)[0m [2026-09-29 18:10:19.026 trainer_controller_actor] group.py:557 - ft op=refresh phase=decision rollout=0 needs_reconfigure=false reason=alive_config_unchanged,no_healing quorum=0
[algo1a-g3-l1-modal] 
[algo1a-g3-l1-modal] [36m(TrainerController pid=2549)[0m [2026-09-29 18:10:19.026 trainer_controller_actor] cell.py:231 - ft op=execute phase=start cell=trainer-engine-actor-00000 fn=train n_actors=1
[algo1a-g3-l1-modal] 
[algo1a-g3-l1-modal] [36m(MegatronTrainRayActor pid=2849)[0m [2026-09-29 18:10:19.020 actor_cell00000_rank00000] reloadable_process_group.py:151 - Reloading 0 process groups in pid 2849
[algo1a-g3-l1-modal] 
[algo1a-g3-l1-modal] [36m(MegatronTrainRayActor pid=2849)[0m [2026-09-29 18:10:19.021 actor_cell00000_rank00000] memory_utils.py:41 - [Rank 0] Memory-Usage after wake_up model: {'gpu': '0', 'total_GB': 79.18, 'free_GB': 75.0, 'used_GB': 4.18, 'allocated_GB': 1.2, 'reserved_GB': 1.27}
[algo1a-g3-l1-modal] 
[algo1a-g3-l1-modal] [36m(MegatronTrainRayActor pid=2849)[0m [2026-09-29 18:10:19.021 actor_cell00000_rank00000] timer.py:42 - Timer wake_up end (elapsed: 0.6s)
[algo1a-g3-l1-modal] 
[algo1a-g3-l1-modal] [36m(MegatronTrainRayActor pid=2849)[0m [2026-09-29 18:10:19.021 actor_cell00000_rank00000] structured_log.py:28 - actor cls=MegatronTrainRayActor fn=wake_up phase=end ok=true elapsed_s=0.6
[algo1a-g3-l1-modal] 
[algo1a-g3-l1-modal] [36m(MegatronTrainRayActor pid=2849)[0m [2026-09-29 18:10:19.028 actor_cell00000_rank00000] structured_log.py:24 - actor cls=MegatronTrainRayActor fn=train phase=start
[algo1a-g3-l1-modal] 
[algo1a-g3-l1-modal] [36m(MegatronTrainRayActor pid=2849)[0m [2026-09-29 18:10:19.028 actor_cell00000_rank00000] timer.py:31 - Timer data_preprocess start
[algo1a-g3-l1-modal] 
[algo1a-g3-l1-modal] [36m(MegatronTrainRayActor pid=2849)[0m [2026-09-29 18:10:19.032 actor_cell00000_rank00000] timer.py:42 - Timer data_preprocess end (elapsed: 0.0s)
[algo1a-g3-l1-modal] 
[algo1a-g3-l1-modal] [36m(MegatronTrainRayActor pid=2849)[0m [2026-09-29 18:10:19.032 actor_cell00000_rank00000] structured_log.py:24 - actor cls=MegatronTrainRayActor fn=_train_actor phase=start
[algo1a-g3-l1-modal] 
[algo1a-g3-l1-modal] [36m(MegatronTrainRayActor pid=2849)[0m [2026-09-29 18:10:19.033 actor_cell00000_rank00000] timer.py:42 - Timer train_wait end (elapsed: 350.7s)
[algo1a-g3-l1-modal] 
[algo1a-g3-l1-modal] [36m(MegatronTrainRayActor pid=2849)[0m [2026-09-29 18:10:19.033 actor_cell00000_rank00000] timer.py:31 - Timer train start
[algo1a-g3-l1-modal] 
[algo1a-g3-l1-modal] [36m(MegatronTrainRayActor pid=2849)[0m [2026-09-29 18:10:19.033 actor_cell00000_rank00000] structured_log.py:24 - actor cls=MegatronTrainRayActor fn=_compute_log_prob phase=start
[algo1a-g3-l1-modal] 
[algo1a-g3-l1-modal] [36m(MegatronTrainRayActor pid=2849)[0m [2026-09-29 18:10:19.033 actor_cell00000_rank00000] timer.py:31 - Timer log_probs start
[algo1a-g3-l1-modal] 
[algo1a-g3-l0-modal] [36m(InferenceController pid=2560)[0m [2026-09-29 18:10:18.956 inference_controller] _client.py:1740 - HTTP Request: POST http://172.20.8.163:20002/release_memory_occupation "HTTP/1.1 200 OK"
[algo1a-g3-l0-modal] 
[algo1a-g3-l0-modal] [36m(CommandActor pid=2561)[0m [2026-09-29 18:10:18] INFO:     172.20.8.163:17972 - "POST /release_memory_occupation HTTP/1.1" 200 OK
[algo1a-g3-l0-modal] 
[algo1a-g3-l0-modal] [36m(InferenceController pid=2560)[0m [2026-09-29 18:10:19.077 inference_controller] _client.py:1740 - HTTP Request: POST http://172.20.8.163:20002/resume_memory_occupation "HTTP/1.1 200 OK"
[algo1a-g3-l0-modal] 
[algo1a-g3-l0-modal] [36m(InferenceController pid=2560)[0m [2026-09-29 18:10:19.078 inference_controller] server_cell.py:268 - Cell inference-engine-all-0-0-00000 mark_pending_weights start old=addr_info=CellAddrInfo(server_url='http://172.20.8.163:20002', bootstrap_port=None, gate_url='http://172.20.8.163:20036') start_time=509.251462625
[algo1a-g3-l0-modal] 
[algo1a-g3-l0-modal] [36m(InferenceController pid=2560)[0m [2026-09-29 18:10:19.078 inference_controller] server_cell.py:271 - Cell inference-engine-all-0-0-00000 mark_pending_weights end new=addr_info=CellAddrInfo(server_url='http://172.20.8.163:20002', bootstrap_port=None, gate_url='http://172.20.8.163:20036')
[algo1a-g3-l0-modal] 
[algo1a-g3-l0-modal] [36m(CommandActor pid=2561)[0m [2026-09-29 18:10:19] INFO:     172.20.8.163:17972 - "POST /resume_memory_occupation HTTP/1.1" 200 OK
[algo1a-g3-l0-modal] 
[algo1a-g3-l0-modal] [36m(InferenceController pid=2560)[0m [2026-09-29 18:10:19.094 inference_controller] _client.py:1740 - HTTP Request: GET http://172.20.8.163:20002/server_info "HTTP/1.1 200 OK"
[algo1a-g3-l0-modal] 
[algo1a-g3-l0-modal] [36m(CommandActor pid=2561)[0m [2026-09-29 18:10:19] INFO:     172.20.8.163:17972 - "GET /server_info HTTP/1.1" 200 OK
[algo1a-g3-l0-modal] 
[algo1a-g3-l0-modal] [36m(CommandActor pid=2561)[0m [2026-09-29 18:10:19] INFO:     172.20.8.163:47680 - "POST /pause_generation HTTP/1.1" 200 OK
[algo1a-g3-l0-modal] 
[algo1a-g3-l0-modal] [36m(CommandActor pid=2561)[0m [2026-09-29 18:10:19] INFO:     172.20.8.163:47680 - "GET /flush_cache HTTP/1.1" 200 OK
[algo1a-g3-l0-modal] 
[algo1a-g3-l0-modal] [36m(CommandActor pid=2561)[0m [2026-09-29 18:10:19] INFO:     172.20.8.163:47680 - "POST /register_lora_adapter HTTP/1.1" 200 OK
[algo1a-g3-l0-modal] 
[algo1a-g3-l0-modal] [36m(CommandActor pid=2561)[0m [2026-09-29 18:10:19] INFO:     172.20.8.163:47680 - "POST /begin_weight_update HTTP/1.1" 200 OK
[algo1a-g3-l0-modal] 
[algo1a-g3-l0-modal] [36m(CommandActor pid=2561)[0m /opt/sglang/lib/python3.12/site-packages/fastapi/routing.py:352: FastAPIDeprecationWarning: ORJSONResponse is deprecated, FastAPI now serializes data directly to JSON bytes via Pydantic when a return type or response model is set, which is faster and doesn't need a custom response class. Read more in the FastAPI docs: https://fastapi.tiangolo.com/advanced/custom-response/#orjson-or-response-model and https://fastapi.tiangolo.com/tutorial/response-model/
[algo1a-g3-l0-modal] 
[algo1a-g3-l0-modal] [36m(CommandActor pid=2561)[0m   return await dependant.call(**values)
[algo1a-g3-l0-modal] 
[algo1a-g3-l0-modal] [36m(CommandActor pid=2561)[0m [2026-09-29 18:10:19] Cache flush skipped: KV cache memory is released.
[algo1a-g3-l0-modal] 
[algo1a-g3-l0-modal] [36m(CommandActor pid=2561)[0m [2026-09-29 18:10:19] LoRA adapter registration: LoRARef(lora_id=72440d8475b94d43b98ff2b64f237cb7, lora_name=miles_lora, lora_path=__stream__, pinned=False, reloadable=False).
[algo1a-g3-l0-modal] 
[algo1a-g3-l0-modal] [36m(CommandActor pid=2561)[0m [2026-09-29 18:10:19] LoRA adapter loading from tensors starts: LoRARef(lora_id=72440d8475b94d43b98ff2b64f237cb7, lora_name=miles_lora, lora_path=__stream__, pinned=False, reloadable=False).
[algo1a-g3-l0-modal] 
[algo1a-g3-l0-modal] [36m(CommandActor pid=2561)[0m [2026-09-29 18:10:19] LoRA adapter loading from tensors completes: LoRARef(lora_id=72440d8475b94d43b98ff2b64f237cb7, lora_name=miles_lora, lora_path=__stream__, pinned=False, reloadable=False).
[algo1a-g3-l0-modal] 
[algo1a-g3-l0-modal] [36m(TrainerController pid=2557)[0m [2026-09-29 18:10:19.099 trainer_controller_actor] group.py:392 - ft op=update_weights phase=start rollout=
[algo1a-g3-l0-modal] 
[algo1a-g3-l0-modal] [36m(TrainerController pid=2557)[0m [2026-09-29 18:10:19.099 trainer_controller_actor] cell.py:231 - ft op=execute phase=start cell=trainer-engine-actor-00000 fn=update_weights n_actors=1
[algo1a-g3-l0-modal] 
[algo1a-g3-l0-modal] [36m(MegatronTrainRayActor pid=2861)[0m [2026-09-29 18:10:19.101 actor_cell00000_rank00000] structured_log.py:24 - actor cls=MegatronTrainRayActor fn=update_weights phase=start
[algo1a-g3-l0-modal] 
[algo1a-g3-l0-modal] [36m(MegatronTrainRayActor pid=2861)[0m [2026-09-29 18:10:19.101 actor_cell00000_rank00000] timer.py:31 - Timer update_weights start
[algo1a-g3-l0-modal] 
[algo1a-g3-l0-modal] [36m(MegatronTrainRayActor pid=2861)[0m [2026-09-29 18:10:19.101 actor_cell00000_rank00000] reloadable_process_group.py:151 - Reloading 0 process groups in pid 2861
[algo1a-g3-l0-modal] 
[algo1a-g3-l0-modal] [36m(MegatronTrainRayActor pid=2861)[0m [2026-09-29 18:10:19.102 actor_cell00000_rank00000] memory_utils.py:41 - [Rank 0] Memory-Usage before update_weights: {'gpu': '0', 'total_GB': 79.18, 'free_GB': 75.06, 'used_GB': 4.12, 'allocated_GB': 1.2, 'reserved_GB': 1.27}
[algo1a-g3-l0-modal] 
[algo1a-g3-l0-modal] [36m(MegatronTrainRayActor pid=2861)[0m [2026-09-29 18:10:19.124 actor_cell00000_rank00000] _client.py:1740 - HTTP Request: POST http://172.20.8.163:20002/pause_generation "HTTP/1.1 200 OK"
[algo1a-g3-l0-modal] 
[algo1a-g3-l0-modal] [36m(MegatronTrainRayActor pid=2861)[0m [2026-09-29 18:10:19.127 actor_cell00000_rank00000] _client.py:1740 - HTTP Request: GET http://172.20.8.163:20002/flush_cache "HTTP/1.1 200 OK"
[algo1a-g3-l0-modal] 
[algo1a-g3-l0-modal] [36m(MegatronTrainRayActor pid=2861)[0m [2026-09-29 18:10:19.134 actor_cell00000_rank00000] _client.py:1740 - HTTP Request: POST http://172.20.8.163:20002/register_lora_adapter "HTTP/1.1 200 OK"
[algo1a-g3-l0-modal] 
[algo1a-g3-l0-modal] [36m(MegatronTrainRayActor pid=2861)[0m [2026-09-29 18:10:19.138 actor_cell00000_rank00000] _client.py:1740 - HTTP Request: POST http://172.20.8.163:20002/begin_weight_update "HTTP/1.1 200 OK"
[algo1a-g3-l0-modal] 
[algo1a-g3-l0-modal] [36m(MegatronTrainRayActor pid=2861)[0m [2026-09-29 18:10:19.139 actor_cell00000_rank00000] timer.py:31 - Timer update_weights_implementation start
[algo1a-g3-l0-modal] 
[algo1a-g3-l0-modal] [36m(MegatronTrainRayActor pid=2861)[0m [miles-colocate] Update weights: 0it [00:00, ?it/s]
[algo1a-g3-l0-modal] 
[algo1a-g3-l0-modal] [36m(CommandActor pid=2561)[0m [2026-09-29 18:10:19] INFO:     172.20.8.163:47680 - "POST /update_weights_from_tensor HTTP/1.1" 200 OK
[algo1a-g3-l0-modal] 
[algo1a-g3-l0-modal] [36m(CommandActor pid=2561)[0m [2026-09-29 18:10:19] INFO:     172.20.8.163:47680 - "POST /end_weight_update HTTP/1.1" 200 OK
[algo1a-g3-l0-modal] 
[algo1a-g3-l0-modal] [36m(CommandActor pid=2561)[0m [2026-09-29 18:10:19] INFO:     172.20.8.163:47680 - "POST /update_weight_version HTTP/1.1" 200 OK
[algo1a-g3-l0-modal] 
[algo1a-g3-l0-modal] [36m(CommandActor pid=2561)[0m [2026-09-29 18:10:19] INFO:     172.20.8.163:47680 - "POST /continue_generation HTTP/1.1" 200 OK
[algo1a-g3-l0-modal] 
[algo1a-g3-l0-modal] [36m(CommandActor pid=2561)[0m [2026-09-29 18:10:19] LoRA adapter loading from tensors starts: LoRARef(lora_id=72440d8475b94d43b98ff2b64f237cb7, lora_name=miles_lora, lora_path=__stream__, pinned=False, reloadable=False).
[algo1a-g3-l0-modal] 
[algo1a-g3-l0-modal] [36m(CommandActor pid=2561)[0m [2026-09-29 18:10:19] LoRA adapter loading from tensors completes: LoRARef(lora_id=72440d8475b94d43b98ff2b64f237cb7, lora_name=miles_lora, lora_path=__stream__, pinned=False, reloadable=False).
[algo1a-g3-l0-modal] 
[algo1a-g3-l0-modal] [36m(CommandActor pid=2561)[0m [2026-09-29 18:10:19] Weight version changed. old_version='default' new_version='1' num_recorded=0
[algo1a-g3-l0-modal] 
[algo1a-g3-l0-modal] [36m(MegatronTrainRayActor pid=2861)[0m [2026-09-29 18:10:19.318 actor_cell00000_rank00000] _client.py:1740 - HTTP Request: POST http://172.20.8.163:20002/update_weights_from_tensor "HTTP/1.1 200 OK"
[algo1a-g3-l0-modal] 
[algo1a-g3-l0-modal] [36m(MegatronTrainRayActor pid=2861)[0m [miles-colocate] Update weights: 1it [00:00,  5.60it/s][2026-09-29 18:10:19.319 actor_cell00000_rank00000] timer.py:42 - Timer update_weights_implementation end (elapsed: 0.2s)
[algo1a-g3-l0-modal] 
[algo1a-g3-l0-modal] [36m(MegatronTrainRayActor pid=2861)[0m [2026-09-29 18:10:19.319 actor_cell00000_rank00000] timer.py:31 - Timer finalize_and_resume_engines start
[algo1a-g3-l0-modal] 
[algo1a-g3-l0-modal] [36m(MegatronTrainRayActor pid=2861)[0m [2026-09-29 18:10:19.367 actor_cell00000_rank00000] _client.py:1740 - HTTP Request: POST http://172.20.8.163:20002/end_weight_update "HTTP/1.1 200 OK"
[algo1a-g3-l0-modal] 
[algo1a-g3-l0-modal] [36m(MegatronTrainRayActor pid=2861)[0m [2026-09-29 18:10:19.371 actor_cell00000_rank00000] _client.py:1740 - HTTP Request: POST http://172.20.8.163:20002/update_weight_version "HTTP/1.1 200 OK"
[algo1a-g3-l0-modal] 
[algo1a-g3-l0-modal] [36m(MegatronTrainRayActor pid=2861)[0m [2026-09-29 18:10:19.374 actor_cell00000_rank00000] _client.py:1740 - HTTP Request: POST http://172.20.8.163:20002/continue_generation "HTTP/1.1 200 OK"
[algo1a-g3-l0-modal] 
[algo1a-g3-l0-modal] [36m(MegatronTrainRayActor pid=2861)[0m [2026-09-29 18:10:19.375 actor_cell00000_rank00000] timer.py:42 - Timer finalize_and_resume_engines end (elapsed: 0.1s)
[algo1a-g3-l0-modal] 
[algo1a-g3-l0-modal] [36m(MegatronTrainRayActor pid=2861)[0m [miles-colocate] Update weights: 1it [00:00,  4.25it/s]
[algo1a-g3-l0-modal] 
[algo1a-g3-l0-modal] [36m(MegatronTrainRayActor pid=2861)[0m [2026-09-29 18:10:19.382 actor_cell00000_rank00000] memory_utils.py:41 - [Rank 0] Memory-Usage after update_weights: {'gpu': '0', 'total_GB': 79.18, 'free_GB': 75.02, 'used_GB': 4.16, 'allocated_GB': 1.2, 'reserved_GB': 1.29}
[algo1a-g3-l0-modal] 
[algo1a-g3-l0-modal] [36m(InferenceController pid=2560)[0m [2026-09-29 18:10:19.449 inference_controller] _client.py:1740 - HTTP Request: POST http://172.20.8.163:20000/workers "HTTP/1.1 202 Accepted"
[algo1a-g3-l0-modal] 
[algo1a-g3-l0-modal] [36m(InferenceController pid=2560)[0m [2026-09-29 18:10:19.450 inference_controller] server_cell.py:268 - Cell inference-engine-all-0-0-00000 mark_serving start old=addr_info=CellAddrInfo(server_url='http://172.20.8.163:20002', bootstrap_port=None, gate_url='http://172.20.8.163:20036')
[algo1a-g3-l0-modal] 
[algo1a-g3-l0-modal] [36m(InferenceController pid=2560)[0m [2026-09-29 18:10:19.450 inference_controller] server_cell.py:271 - Cell inference-engine-all-0-0-00000 mark_serving end new=addr_info=CellAddrInfo(server_url='http://172.20.8.163:20002', bootstrap_port=None, gate_url='http://172.20.8.163:20036')
[algo1a-g3-l0-modal] 
[algo1a-g3-l0-modal] [36m(CommandActor pid=2561)[0m [2026-09-29 18:10:19] INFO:     172.20.8.163:17002 - "PRI %2A HTTP/2.0" 404 Not Found
[algo1a-g3-l0-modal] 
[algo1a-g3-l0-modal] [36m(CommandActor pid=2561)[0m [2026-09-29 18:10:19] INFO:     172.20.8.163:28218 - "GET /health HTTP/1.1" 200 OK
[algo1a-g3-l0-modal] 
[algo1a-g3-l0-modal] [36m(CommandActor pid=2561)[0m [2026-09-29 18:10:19] INFO:     172.20.8.163:32409 - "PRI %2A HTTP/2.0" 404 Not Found
[algo1a-g3-l0-modal] 
[algo1a-g3-l0-modal] [36m(CommandActor pid=2561)[0m [2026-09-29 18:10:19] WARNING:  Invalid HTTP request received.
[algo1a-g3-l0-modal] 
[algo1a-g3-l0-modal] [36m(CommandActor pid=2561)[0m [2026-09-29 18:10:19] WARNING:  Invalid HTTP request received.
[algo1a-g3-l0-modal] 
[algo1a-g3-l0-modal] [36m(TrainerController pid=2557)[0m [2026-09-29 18:10:19.443 trainer_controller_actor] cell.py:239 - ft op=execute phase=end cell=trainer-engine-actor-00000 fn=update_weights ok=true elapsed_s=0.3
[algo1a-g3-l0-modal] 
[algo1a-g3-l0-modal] [36m(MegatronTrainRayActor pid=2861)[0m [2026-09-29 18:10:19.441 actor_cell00000_rank00000] timer.py:42 - Timer update_weights end (elapsed: 0.3s)
[algo1a-g3-l0-modal] 
[algo1a-g3-l0-modal] [36m(MegatronTrainRayActor pid=2861)[0m [2026-09-29 18:10:19.441 actor_cell00000_rank00000] structured_log.py:28 - actor cls=MegatronTrainRayActor fn=update_weights phase=end ok=true elapsed_s=0.3
[algo1a-g3-l0-modal] 
[algo1a-g3-l0-modal] [36m(CommandActor pid=2561)[0m [2026-09-29 18:10:19] [continue_generation] torch.cuda.empty_cache() called: reserved 32306.0 MB -> 32266.0 MB (freed 40.0 MB)
[algo1a-g3-l0-modal] [36m(InferenceController pid=2560)[0m [2026-09-29 18:10:19.636 inference_controller] _client.py:1740 - HTTP Request: POST http://172.20.8.163:20002/resume_memory_occupation "HTTP/1.1 200 OK"
[algo1a-g3-l0-modal] 
[algo1a-g3-l0-modal] [36m(CommandActor pid=2561)[0m [2026-09-29 18:10:19] INFO:     172.20.8.163:17972 - "POST /resume_memory_occupation HTTP/1.1" 200 OK
[algo1a-g3-l0-modal] 
[algo1a-g3-l0-modal] [36m(CommandActor pid=2561)[0m [2026-09-29 18:10:19] INFO:     172.20.8.163:57233 - "GET /server_info HTTP/1.1" 200 OK
[algo1a-g3-l0-modal] 
[algo1a-g3-l0-modal] [36m(CommandActor pid=2561)[0m [2026-09-29 18:10:19] INFO:     172.20.8.163:57233 - "GET /model_info HTTP/1.1" 200 OK
[algo1a-g3-l0-modal] 
[algo1a-g3-l0-modal] [36m(CommandActor pid=2561)[0m [2026-09-29 18:10:19] INFO:     172.20.8.163:42101 - "POST /update_weight_version HTTP/1.1" 200 OK
[algo1a-g3-l0-modal] 
[algo1a-g3-l0-modal] [36m(CommandActor pid=2561)[0m [2026-09-29 18:10:19] INFO:     172.20.8.163:42101 - "GET /model_info HTTP/1.1" 200 OK
[algo1a-g3-l0-modal] 
[algo1a-g3-l0-modal] [36m(CommandActor pid=2561)[0m [2026-09-29 18:10:19] Weight version changed. old_version='1' new_version='yeto:0:a34cd30f37ee5ffaad784b92defd77b3b6ce68095faf29288d5ea460912617c4' num_recorded=0
[algo1a-g3-l0-modal] 
[algo1a-g3-l0-modal] [36m(CommandActor pid=2561)[0m [2026-09-29 18:10:19] [WeightChecker] handle action=checksum allow_quant_error=False skip_tensor_list=None
[algo1a-g3-l0-modal] 
[algo1a-g3-l0-modal] [36m(CommandActor pid=2561)[0m [2026-09-29 18:10:21] Triton kernel 'hash_tiles32_kernel_blocked' took 1.51 s to compile after serving started. Serving-time compilation can stall the engine; pre-compile it during engine init.
[algo1a-g3-l0-modal] 
[algo1a-g3-l0-modal] [36m(InferenceController pid=2560)[0m [2026-09-29 18:10:24.211 inference_controller] _client.py:1740 - HTTP Request: POST http://172.20.8.163:20002/weights_checker "HTTP/1.1 200 OK"
[algo1a-g3-l0-modal] 
[algo1a-g3-l0-modal] [36m(CommandActor pid=2561)[0m [2026-09-29 18:10:24] INFO:     172.20.8.163:17972 - "POST /weights_checker HTTP/1.1" 200 OK
[algo1a-g3-l0-modal] 
[algo1a-g3-l0-modal] [36m(CommandActor pid=2561)[0m [2026-09-29 18:10:24] Triton kernel 'add_tree_reduce_u64_kernel' took 2.99 s to compile after serving started. Serving-time compilation can stall the engine; pre-compile it during engine init.
[algo1a-g3-l0-modal] 
[algo1a-g3-l0-modal] [36m(CommandActor pid=2561)[0m [2026-09-29 18:10:24] [WeightChecker] checksum computed for 226 tensors in 4.538s
[algo1a-g3-l0-modal] 
[algo1a-g3-l0-modal] [36m(TrainerController pid=2557)[0m [2026-09-29 18:10:24.219 trainer_controller_actor] cell.py:231 - ft op=execute phase=start cell=trainer-engine-actor-00000 fn=sleep n_actors=1
[algo1a-g3-l0-modal] 
[algo1a-g3-l0-modal] [36m(TrainerController pid=2557)[0m [2026-09-29 18:10:24.222 trainer_controller_actor] cell.py:239 - ft op=execute phase=end cell=trainer-engine-actor-00000 fn=sleep ok=true elapsed_s=0.0
[algo1a-g3-l0-modal] 
[algo1a-g3-l0-modal] [36m(MegatronTrainRayActor pid=2861)[0m [2026-09-29 18:10:24.221 actor_cell00000_rank00000] structured_log.py:24 - actor cls=MegatronTrainRayActor fn=sleep phase=start
[algo1a-g3-l0-modal] 
[algo1a-g3-l0-modal] [36m(MegatronTrainRayActor pid=2861)[0m [2026-09-29 18:10:24.221 actor_cell00000_rank00000] timer.py:31 - Timer sleep start
[algo1a-g3-l0-modal] 
[algo1a-g3-l0-modal] [36m(MegatronTrainRayActor pid=2861)[0m [2026-09-29 18:10:24.221 actor_cell00000_rank00000] actor.py:451 - sleep() called while already offloaded; skipping
[algo1a-g3-l0-modal] 
[algo1a-g3-l0-modal] [36m(MegatronTrainRayActor pid=2861)[0m [2026-09-29 18:10:24.221 actor_cell00000_rank00000] timer.py:42 - Timer sleep end (elapsed: 0.0s)
[algo1a-g3-l0-modal] 
[algo1a-g3-l0-modal] [36m(MegatronTrainRayActor pid=2861)[0m [2026-09-29 18:10:24.221 actor_cell00000_rank00000] structured_log.py:28 - actor cls=MegatronTrainRayActor fn=sleep phase=end ok=true elapsed_s=0.0
[algo1a-g3-l0-modal] 
[algo1a-g3-l0-modal] [36m(RolloutExecutor pid=2559)[0m Rollout generation:   0%|          | 0/32 [00:00<?, ?it/s]
[algo1a-g3-l0-modal] 
[algo1a-g3-l0-modal] [36m(CommandActor pid=2561)[0m [2026-09-29 18:10:25] LoRA adapter '72440d8475b94d43b98ff2b64f237cb7': loaded weights for target modules ['down_proj', 'gate_up_proj', 'o_proj', 'qkv_proj'].
[algo1a-g3-l0-modal] 
[algo1a-g3-l1-modal] [36m(MegatronTrainRayActor pid=2849)[0m [2026-09-29 18:10:31.077 actor_cell00000_rank00000] timer.py:42 - Timer log_probs end (elapsed: 12.0s)
[algo1a-g3-l1-modal] 
[algo1a-g3-l1-modal] [36m(MegatronTrainRayActor pid=2849)[0m [2026-09-29 18:10:31.078 actor_cell00000_rank00000] structured_log.py:28 - actor cls=MegatronTrainRayActor fn=_compute_log_prob phase=end ok=true elapsed_s=12.0
[algo1a-g3-l1-modal] 
[algo1a-g3-l1-modal] [36m(MegatronTrainRayActor pid=2849)[0m [2026-09-29 18:10:31.097 actor_cell00000_rank00000] log_utils.py:100 - ft op=cross_cell phase=start kind=log_gather rank=0
[algo1a-g3-l1-modal] 
[algo1a-g3-l1-modal] [36m(MegatronTrainRayActor pid=2849)[0m [2026-09-29 18:10:31.098 actor_cell00000_rank00000] log_utils.py:106 - ft op=cross_cell phase=end kind=log_gather rank=0 success=true
[algo1a-g3-l1-modal] 
[algo1a-g3-l1-modal] [36m(MegatronTrainRayActor pid=2849)[0m [2026-09-29 18:10:31.098 actor_cell00000_rank00000] log_utils.py:126 - rollout 0: {'rollout/response_lengths': 128.03125, 'rollout/rewards': 0.0, 'rollout/truncated': 0.0, 'rollout/rollout_log_probs': -0.267467737197876, 'rollout/raw_reward': 0.9375, 'rollout/total_lengths': 205.28125, 'rollout/log_probs': -0.268692284822464, 'rollout/advantages': 0.0, 'rollout/returns': 0.0}
[algo1a-g3-l1-modal] 
[algo1a-g3-l1-modal] [36m(MegatronTrainRayActor pid=2849)[0m [2026-09-29 18:10:31.099 actor_cell00000_rank00000] timer.py:31 - Timer actor_train start
[algo1a-g3-l1-modal] 
[algo1a-g3-l0-modal] [36m(CommandActor pid=2561)[0m [2026-09-29 18:10:35] Prefill batch, #new-seq: 1, #new-token: 70, #cached-token: 0, token usage: 0.01, #running-req: 0, #queue-req: 0, #pending-token: 0, cuda graph: False, input throughput (token/s): 3.89
[algo1a-g3-l0-modal] 
[algo1a-g3-l0-modal] [36m(CommandActor pid=2561)[0m [2026-09-29 18:10:35] Prefill batch, #new-seq: 31, #new-token: 2402, #cached-token: 0, token usage: 0.00, #running-req: 1, #queue-req: 0, #pending-token: 0, cuda graph: False, input throughput (token/s): 140081.58
[algo1a-g3-l0-modal] 
[algo1a-g3-l0-modal] [36m(CommandActor pid=2561)[0m [2026-09-29 18:10:35] Decode batch, #running-req: 32, #token: 1555, token usage: 0.01, cuda graph: True, gen throughput (token/s): 38.92, #queue-req: 0
[algo1a-g3-l0-modal] 
[algo1a-g3-l0-modal] [36m(CommandActor pid=2561)[0m [2026-09-29 18:10:35] INFO:     172.20.8.163:54467 - "POST /generate HTTP/1.1" 200 OK
[algo1a-g3-l0-modal] 
[algo1a-g3-l0-modal] [36m(CommandActor pid=2561)[0m [2026-09-29 18:10:35] INFO:     172.20.8.163:25728 - "POST /generate HTTP/1.1" 200 OK
[algo1a-g3-l0-modal] 
[algo1a-g3-l0-modal] [36m(CommandActor pid=2561)[0m [2026-09-29 18:10:35] INFO:     172.20.8.163:35471 - "POST /generate HTTP/1.1" 200 OK
[algo1a-g3-l0-modal] 
[algo1a-g3-l0-modal] [36m(CommandActor pid=2561)[0m [2026-09-29 18:10:35] INFO:     172.20.8.163:46409 - "POST /generate HTTP/1.1" 200 OK
[algo1a-g3-l0-modal] 
[algo1a-g3-l0-modal] [36m(CommandActor pid=2561)[0m [2026-09-29 18:10:35] INFO:     172.20.8.163:26488 - "POST /generate HTTP/1.1" 200 OK
[36m(CommandActor pid=2561)[0m [2026-09-29 18:10:35] INFO:     172.20.8.163:38495 - "POST /generate HTTP/1.1" 200 OK
[36m(CommandActor pid=2561)[0m [2026-09-29 18:10:35] INFO:     172.20.8.163:21861 - "POST /generate HTTP/1.1" 200 OK
[algo1a-g3-l0-modal] 
[algo1a-g3-l0-modal] [36m(CommandActor pid=2561)[0m [2026-09-29 18:10:35] INFO:     172.20.8.163:60742 - "POST /generate HTTP/1.1" 200 OK
[36m(CommandActor pid=2561)[0m [2026-09-29 18:10:35] INFO:     172.20.8.163:36424 - "POST /generate HTTP/1.1" 200 OK
[36m(CommandActor pid=2561)[0m [2026-09-29 18:10:36] INFO:     172.20.8.163:55933 - "POST /generate HTTP/1.1" 200 OK
[36m(CommandActor pid=2561)[0m [2026-09-29 18:10:36] INFO:     172.20.8.163:25637 - "POST /generate HTTP/1.1" 200 OK
[36m(CommandActor pid=2561)[0m [2026-09-29 18:10:36] INFO:     172.20.8.163:20060 - "POST /generate HTTP/1.1" 200 OK
[36m(CommandActor pid=2561)[0m [2026-09-29 18:10:36] INFO:     172.20.8.163:23036 - "POST /generate HTTP/1.1" 200 OK
[algo1a-g3-l0-modal] [36m(CommandActor pid=2561)[0m [2026-09-29 18:10:36] INFO:     172.20.8.163:54040 - "POST /generate HTTP/1.1" 200 OK
[algo1a-g3-l0-modal] [36m(CommandActor pid=2561)[0m [2026-09-29 18:10:35] Decode batch, #running-req: 25, #token: 2187, token usage: 0.01, cuda graph: True, gen throughput (token/s): 5776.14, #queue-req: 0
[algo1a-g3-l0-modal] 
[algo1a-g3-l0-modal] [36m(RolloutExecutor pid=2559)[0m [2026-09-29 18:10:36.094 rollout_executor] inference_rollout_train.py:137 - First rollout sample: text_preview=<|im_start|>system\nYou are a helpful assistant. Please put the answer within \boxed{}.<|im_end|>\n<|im_start|>user\nNatalia sold clips to 48 of her friends in April, and then she sold half as many clips in May. How many clips did Natalia sell altogether in April and May?<|im_end|>\n<|im_start|>assistant\n<think>\n\n</think>\n\n- In April, Natalia sold **48** clips.\n- In May, she sold **half** as many clips as in April, which is $ \frac{1}{2} \times 48 = 24 $ clips.\n- So, the total number of clips sold in...<truncated chars=57>, label=72, reward_summary=1.0
[algo1a-g3-l0-modal] 
[algo1a-g3-l0-modal] [36m(RolloutExecutor pid=2559)[0m Rollout generation:  25%|██▌       | 8/32 [00:10<00:31,  1.33s/it]
[algo1a-g3-l0-modal] 
[algo1a-g3-l0-modal] [36m(CommandActor pid=2561)[0m [2026-09-29 18:10:36] INFO:     172.20.8.163:52923 - "POST /generate HTTP/1.1" 200 OK
[algo1a-g3-l0-modal] 
[algo1a-g3-l0-modal] [36m(CommandActor pid=2561)[0m [2026-09-29 18:10:36] INFO:     172.20.8.163:40498 - "POST /generate HTTP/1.1" 200 OK
[algo1a-g3-l0-modal] 
[algo1a-g3-l0-modal] [36m(CommandActor pid=2561)[0m [2026-09-29 18:10:36] Decode batch, #running-req: 16, #token: 2091, token usage: 0.01, cuda graph: True, gen throughput (token/s): 3762.61, #queue-req: 0
[algo1a-g3-l0-modal] 
[algo1a-g3-l0-modal] [36m(CommandActor pid=2561)[0m [2026-09-29 18:10:36] INFO:     172.20.8.163:39790 - "POST /generate HTTP/1.1" 200 OK
[algo1a-g3-l0-modal] 
[algo1a-g3-l0-modal] [36m(CommandActor pid=2561)[0m [2026-09-29 18:10:36] INFO:     172.20.8.163:50277 - "POST /generate HTTP/1.1" 200 OK
[algo1a-g3-l0-modal] 
[algo1a-g3-l0-modal] [36m(CommandActor pid=2561)[0m [2026-09-29 18:10:36] INFO:     172.20.8.163:29857 - "POST /generate HTTP/1.1" 200 OK
[algo1a-g3-l0-modal] 
[algo1a-g3-l0-modal] [36m(CommandActor pid=2561)[0m [2026-09-29 18:10:36] INFO:     172.20.8.163:38399 - "POST /generate HTTP/1.1" 200 OK
[algo1a-g3-l0-modal] 
[algo1a-g3-l0-modal] [36m(CommandActor pid=2561)[0m [2026-09-29 18:10:36] INFO:     172.20.8.163:47770 - "POST /generate HTTP/1.1" 200 OK
[algo1a-g3-l0-modal] 
[algo1a-g3-l0-modal] [36m(CommandActor pid=2561)[0m [2026-09-29 18:10:36] INFO:     172.20.8.163:36456 - "POST /generate HTTP/1.1" 200 OK
[algo1a-g3-l0-modal] 
[algo1a-g3-l0-modal] [36m(CommandActor pid=2561)[0m [2026-09-29 18:10:36] INFO:     172.20.8.163:44138 - "POST /generate HTTP/1.1" 200 OK
[algo1a-g3-l0-modal] 
[algo1a-g3-l0-modal] [36m(CommandActor pid=2561)[0m [2026-09-29 18:10:36] INFO:     172.20.8.163:59137 - "POST /generate HTTP/1.1" 200 OK
[algo1a-g3-l0-modal] 
[algo1a-g3-l0-modal] [36m(CommandActor pid=2561)[0m [2026-09-29 18:10:36] INFO:     172.20.8.163:24908 - "POST /generate HTTP/1.1" 200 OK
[algo1a-g3-l0-modal] 
[algo1a-g3-l0-modal] [36m(CommandActor pid=2561)[0m [2026-09-29 18:10:36] Decode batch, #running-req: 10, #token: 1765, token usage: 0.01, cuda graph: True, gen throughput (token/s): 2755.75, #queue-req: 0
[algo1a-g3-l0-modal] 
[algo1a-g3-l0-modal] [36m(RolloutExecutor pid=2559)[0m Rollout generation:  75%|███████▌  | 24/32 [00:11<00:02,  2.72it/s]
[algo1a-g3-l0-modal] 
[algo1a-g3-l0-modal] [36m(CommandActor pid=2561)[0m [2026-09-29 18:10:36] INFO:     172.20.8.163:32533 - "POST /generate HTTP/1.1" 200 OK
[algo1a-g3-l0-modal] 
[algo1a-g3-l0-modal] [36m(CommandActor pid=2561)[0m [2026-09-29 18:10:36] INFO:     172.20.8.163:44463 - "POST /generate HTTP/1.1" 200 OK
[algo1a-g3-l0-modal] 
[algo1a-g3-l0-modal] [36m(CommandActor pid=2561)[0m [2026-09-29 18:10:36] INFO:     172.20.8.163:50082 - "POST /generate HTTP/1.1" 200 OK
[algo1a-g3-l0-modal] 
[algo1a-g3-l0-modal] [36m(CommandActor pid=2561)[0m [2026-09-29 18:10:36] INFO:     172.20.8.163:57804 - "POST /generate HTTP/1.1" 200 OK
[algo1a-g3-l0-modal] 
[algo1a-g3-l0-modal] [36m(CommandActor pid=2561)[0m [2026-09-29 18:10:36] Decode batch, #running-req: 4, #token: 695, token usage: 0.00, cuda graph: True, gen throughput (token/s): 1478.39, #queue-req: 0
[algo1a-g3-l0-modal] 
[algo1a-g3-l1-modal] [36m(MegatronTrainRayActor pid=2849)[0m /root/Megatron-LM/megatron/core/pipeline_parallel/schedules.py:220: UserWarning: The AccumulateGrad node's stream does not match the stream of the node that produced the incoming gradient. This may incur unnecessary synchronization and break CUDA graph capture if the AccumulateGrad node's stream is the default stream. This mismatch is caused by an AccumulateGrad node created prior to the current iteration being kept alive. This can happen if the autograd graph is still being kept alive by tensors such as the loss, or if you are using DDP, which will stash a reference to the node. To resolve the mismatch, delete all references to the autograd graph or ensure that DDP initialization is performed under the same stream as subsequent forwards. If the mismatch is intentional, you can use torch.autograd.graph.set_warn_on_accumulate_grad_stream_mismatch(False) to suppress this warning. (Triggered internally at /__w/pytorch/pytorch/torch/csrc/autograd/input_buffer.cpp:310.)
[algo1a-g3-l1-modal] 
[algo1a-g3-l0-modal] [36m(CommandActor pid=2561)[0m [2026-09-29 18:10:36] INFO:     172.20.8.163:58474 - "POST /generate HTTP/1.1" 200 OK
[algo1a-g3-l0-modal] 
[algo1a-g3-l0-modal] [36m(CommandActor pid=2561)[0m [2026-09-29 18:10:36] INFO:     172.20.8.163:26933 - "POST /generate HTTP/1.1" 200 OK
[algo1a-g3-l0-modal] 
[algo1a-g3-l0-modal] [36m(CommandActor pid=2561)[0m [2026-09-29 18:10:36] Decode batch, #running-req: 1, #token: 333, token usage: 0.00, cuda graph: True, gen throughput (token/s): 314.28, #queue-req: 0
[algo1a-g3-l0-modal] 
[algo1a-g3-l1-modal] [36m(MegatronTrainRayActor pid=2849)[0m   Variable._execution_engine.run_backward(
[algo1a-g3-l1-modal] 
[algo1a-g3-l0-modal] [36m(RolloutExecutor pid=2559)[0m Rollout generation: 100%|██████████| 32/32 [00:11<00:00,  3.88it/s]Rollout generation: 100%|██████████| 32/32 [00:11<00:00,  2.77it/s]
[algo1a-g3-l0-modal] 
[algo1a-g3-l0-modal] [36m(RolloutExecutor pid=2559)[0m [2026-09-29 18:10:36.979 rollout_executor] inference_rollout_train.py:161 - Finish rollout: text_preview=<|im_start|>system\nYou are a helpful assistant. Please put the answer within \boxed{}.<|im_end|>\n<|im_start|>user\nBetty is saving money for a new wallet which costs $100. Betty has only half of the money she needs. Her parents decided to give her $15 for that purpose, and her grandparents twice as much as her parents. How much more money does Betty need to buy the wallet?<|im_end|>\n<|im_start|>assistant\n<think>\n\n</think>\n\nLet's solve this step by step:\n\n1. The cost of the wallet is **$100**.\n2. ...<truncated chars=532>, label=5, reward_summary=1.0
[algo1a-g3-l0-modal] 
[algo1a-g3-l0-modal] [36m(RolloutExecutor pid=2559)[0m [2026-09-29 18:10:36.982 rollout_executor] inference_rollout_train.py:33 - Abort request for ['http://172.20.8.163:20002']
[algo1a-g3-l0-modal] 
[algo1a-g3-l0-modal] [36m(RolloutExecutor pid=2559)[0m Using blocking ray.get inside async actor. This blocks the event loop. Please use `await` on object ref with asyncio.gather if you want to yield execution to the event loop instead.
[algo1a-g3-l0-modal] 
[algo1a-g3-l0-modal] [36m(RolloutExecutor pid=2559)[0m [2026-09-29 18:10:36.996 rollout_executor] rollout_data_conversion.py:39 - Final collected 32 samples from rollout to train
[algo1a-g3-l0-modal] 
[algo1a-g3-l0-modal] [36m(RolloutExecutor pid=2559)[0m [2026-09-29 18:10:36.997 rollout_executor] metrics.py:93 - perf 0: {'rollout/raw_reward_unfiltered': 0.9375, 'rollout/num_training_samples': 32, 'rollout/episode_raw_reward': 0.9375, 'rollout/episode_response_length/mean': 130.25, 'rollout/episode_response_length/median': 128.5, 'rollout/episode_response_length/max': 285, 'rollout/episode_response_length/min': 60, 'rollout/episode_total_response_length/mean': 130.25, 'rollout/response_len/mean': 130.25, 'rollout/response_len/median': 128.5, 'rollout/response_len/max': 285, 'rollout/response_len/min': 60, 'rollout/zero_std/count_1.0': 3, 'rollout/zero_std/all_zero_percentage': 0.0, 'rollout/zero_std/all_one_percentage': 0.75, 'rollout/prefix_cache_hit_rate': 0.0, 'rollout/avg_cached_tokens_per_sample': 0.0, 'rollout/repetition_frac': 0.0, 'rollout/truncated_ratio': 0.0, 'perf/rollout_time': 12.52640175819397, 'perf/tokens_per_gpu_per_sec': 332.7372122064951, 'perf/longest_sample_tokens_per_sec': 22.751944692622626, 'perf/effective_tokens_per_gpu_per_sec': 332.7372122064951, 'perf/longest_effective_sample_tokens_per_sec': 22.751944692622626}
[algo1a-g3-l0-modal] 
[algo1a-g3-l0-modal] [36m(RolloutExecutor pid=2559)[0m [2026-09-29 18:10:36.999 rollout_executor] train_data_conversion.py:334 - Rollout-side DP schedule: num_samples=32, num_rollouts=[32], num_microbatches=[32]
[algo1a-g3-l0-modal] 
[algo1a-g3-l0-modal] [36m(CommandActor pid=2561)[0m [2026-09-29 18:10:36] INFO:     172.20.8.163:59001 - "POST /generate HTTP/1.1" 200 OK
[algo1a-g3-l0-modal] 
[algo1a-g3-l0-modal] [36m(CommandActor pid=2561)[0m [2026-09-29 18:10:36] INFO:     172.20.8.163:65462 - "POST /abort_request HTTP/1.1" 200 OK
[algo1a-g3-l0-modal] [36m(CommandActor pid=2561)[0m [2026-09-29 18:10:36] Decode batch, #running-req: 1, #token: 373, token usage: 0.00, cuda graph: True, gen throughput (token/s): 217.75, #queue-req: 0
[algo1a-g3-l0-modal] 
[algo1a-g3-l0-modal] [36m(InferenceController pid=2560)[0m [2026-09-29 18:10:37.017 inference_controller] _client.py:1740 - HTTP Request: GET http://172.20.8.163:20002/flush_cache "HTTP/1.1 200 OK"
[algo1a-g3-l0-modal] 
[algo1a-g3-l0-modal] [36m(CommandActor pid=2561)[0m [2026-09-29 18:10:37] INFO:     172.20.8.163:38519 - "GET /flush_cache HTTP/1.1" 200 OK
[algo1a-g3-l0-modal] 
[algo1a-g3-l0-modal] [36m(CommandActor pid=2561)[0m [2026-09-29 18:10:37] Cache flushed successfully!
[algo1a-g3-l0-modal] 
[algo1a-g3-l0-modal] [36m(CommandActor pid=2561)[0m [2026-09-29 18:10:37] Cache flushed successfully!
[algo1a-g3-l0-modal] 
[algo1a-g3-l0-modal] [36m(InferenceController pid=2560)[0m [2026-09-29 18:10:37.739 inference_controller] _client.py:1740 - HTTP Request: POST http://172.20.8.163:20002/release_memory_occupation "HTTP/1.1 200 OK"
[algo1a-g3-l0-modal] 
[algo1a-g3-l0-modal] [36m(CommandActor pid=2561)[0m [2026-09-29 18:10:37] INFO:     172.20.8.163:38519 - "POST /release_memory_occupation HTTP/1.1" 200 OK
[algo1a-g3-l0-modal] 
[algo1a-g3-l0-modal] [36m(TrainerController pid=2557)[0m [2026-09-29 18:10:37.748 trainer_controller_actor] cell.py:231 - ft op=execute phase=start cell=trainer-engine-actor-00000 fn=wake_up n_actors=1
[algo1a-g3-l0-modal] 
[algo1a-g3-l0-modal] [36m(MegatronTrainRayActor pid=2861)[0m [2026-09-29 18:10:37.750 actor_cell00000_rank00000] structured_log.py:24 - actor cls=MegatronTrainRayActor fn=wake_up phase=start
[algo1a-g3-l0-modal] 
[algo1a-g3-l0-modal] [36m(MegatronTrainRayActor pid=2861)[0m [2026-09-29 18:10:37.750 actor_cell00000_rank00000] timer.py:31 - Timer wake_up start
[algo1a-g3-l0-modal] 
[algo1a-g3-l0-modal] [36m(MegatronTrainRayActor pid=2861)[0m [2026-09-29 18:10:37.751 actor_cell00000_rank00000] memory_utils.py:41 - [Rank 0] Memory-Usage before wake_up model: {'gpu': '0', 'total_GB': 79.18, 'free_GB': 76.24, 'used_GB': 2.94, 'allocated_GB': 1.2, 'reserved_GB': 1.27}
[algo1a-g3-l0-modal] 
[algo1a-g3-l0-modal] [36m(TrainerController pid=2557)[0m [2026-09-29 18:10:38.539 trainer_controller_actor] cell.py:239 - ft op=execute phase=end cell=trainer-engine-actor-00000 fn=wake_up ok=true elapsed_s=0.8
[algo1a-g3-l0-modal] 
[algo1a-g3-l0-modal] [36m(TrainerController pid=2557)[0m [2026-09-29 18:10:38.544 trainer_controller_actor] group.py:190 - ft op=train phase=start rollout=0 attempt=0
[algo1a-g3-l0-modal] 
[algo1a-g3-l0-modal] [36m(TrainerController pid=2557)[0m [2026-09-29 18:10:38.544 trainer_controller_actor] group.py:534 - ft op=refresh phase=start rollout=0 alive=0 healing= all_states="(0, 'StateAllocatedAlive')" quorum=0
[algo1a-g3-l0-modal] 
[algo1a-g3-l0-modal] [36m(TrainerController pid=2557)[0m [2026-09-29 18:10:38.544 trainer_controller_actor] group.py:557 - ft op=refresh phase=decision rollout=0 needs_reconfigure=false reason=alive_config_unchanged,no_healing quorum=0
[algo1a-g3-l0-modal] 
[algo1a-g3-l0-modal] [36m(TrainerController pid=2557)[0m [2026-09-29 18:10:38.544 trainer_controller_actor] cell.py:231 - ft op=execute phase=start cell=trainer-engine-actor-00000 fn=train n_actors=1
[algo1a-g3-l0-modal] 
[algo1a-g3-l0-modal] [36m(MegatronTrainRayActor pid=2861)[0m [2026-09-29 18:10:38.536 actor_cell00000_rank00000] reloadable_process_group.py:151 - Reloading 0 process groups in pid 2861
[algo1a-g3-l0-modal] 
[algo1a-g3-l0-modal] [36m(MegatronTrainRayActor pid=2861)[0m [2026-09-29 18:10:38.537 actor_cell00000_rank00000] memory_utils.py:41 - [Rank 0] Memory-Usage after wake_up model: {'gpu': '0', 'total_GB': 79.18, 'free_GB': 75.0, 'used_GB': 4.18, 'allocated_GB': 1.2, 'reserved_GB': 1.27}
[algo1a-g3-l0-modal] 
[algo1a-g3-l0-modal] [36m(MegatronTrainRayActor pid=2861)[0m [2026-09-29 18:10:38.537 actor_cell00000_rank00000] timer.py:42 - Timer wake_up end (elapsed: 0.8s)
[algo1a-g3-l0-modal] 
[algo1a-g3-l0-modal] [36m(MegatronTrainRayActor pid=2861)[0m [2026-09-29 18:10:38.538 actor_cell00000_rank00000] structured_log.py:28 - actor cls=MegatronTrainRayActor fn=wake_up phase=end ok=true elapsed_s=0.8
[algo1a-g3-l0-modal] 
[algo1a-g3-l0-modal] [36m(MegatronTrainRayActor pid=2861)[0m [2026-09-29 18:10:38.546 actor_cell00000_rank00000] structured_log.py:24 - actor cls=MegatronTrainRayActor fn=train phase=start
[algo1a-g3-l0-modal] 
[algo1a-g3-l0-modal] [36m(MegatronTrainRayActor pid=2861)[0m [2026-09-29 18:10:38.546 actor_cell00000_rank00000] timer.py:31 - Timer data_preprocess start
[algo1a-g3-l0-modal] 
[algo1a-g3-l0-modal] [36m(MegatronTrainRayActor pid=2861)[0m [2026-09-29 18:10:38.550 actor_cell00000_rank00000] timer.py:42 - Timer data_preprocess end (elapsed: 0.0s)
[algo1a-g3-l0-modal] 
[algo1a-g3-l0-modal] [36m(MegatronTrainRayActor pid=2861)[0m [2026-09-29 18:10:38.550 actor_cell00000_rank00000] structured_log.py:24 - actor cls=MegatronTrainRayActor fn=_train_actor phase=start
[algo1a-g3-l0-modal] 
[algo1a-g3-l0-modal] [36m(MegatronTrainRayActor pid=2861)[0m [2026-09-29 18:10:38.550 actor_cell00000_rank00000] timer.py:42 - Timer train_wait end (elapsed: 391.5s)
[algo1a-g3-l0-modal] 
[algo1a-g3-l0-modal] [36m(MegatronTrainRayActor pid=2861)[0m [2026-09-29 18:10:38.550 actor_cell00000_rank00000] timer.py:31 - Timer train start
[algo1a-g3-l0-modal] 
[algo1a-g3-l0-modal] [36m(MegatronTrainRayActor pid=2861)[0m [2026-09-29 18:10:38.551 actor_cell00000_rank00000] structured_log.py:24 - actor cls=MegatronTrainRayActor fn=_compute_log_prob phase=start
[algo1a-g3-l0-modal] 
[algo1a-g3-l0-modal] [36m(MegatronTrainRayActor pid=2861)[0m [2026-09-29 18:10:38.551 actor_cell00000_rank00000] timer.py:31 - Timer log_probs start
[algo1a-g3-l0-modal] 
[algo1a-g3-l1-modal] [36m(MegatronTrainRayActor pid=2849)[0m /opt/sglang/lib/python3.12/site-packages/torch/distributed/c10d_logger.py:83: FutureWarning: `torch.distributed.reduce_scatter_tensor` is deprecated. Please use `torch.distributed.reduce_scatter_single` instead.
[algo1a-g3-l1-modal] 
[algo1a-g3-l1-modal] [36m(MegatronTrainRayActor pid=2849)[0m   return func(*args, **kwargs)
[algo1a-g3-l1-modal] 
[algo1a-g3-l1-modal] [36m(TrainerController pid=2549)[0m [2026-09-29 18:10:47.644 trainer_controller_actor] cell.py:239 - ft op=execute phase=end cell=trainer-engine-actor-00000 fn=train ok=true elapsed_s=28.6
[algo1a-g3-l1-modal] 
[algo1a-g3-l1-modal] [36m(TrainerController pid=2549)[0m [2026-09-29 18:10:47.644 trainer_controller_actor] group.py:290 - ft op=check errored= discarded= normal=0 decision=no_retry reason="survivors normal, gradients valid"
[algo1a-g3-l1-modal] 
[algo1a-g3-l1-modal] [36m(TrainerController pid=2549)[0m [2026-09-29 18:10:47.647 trainer_controller_actor] cell.py:231 - ft op=execute phase=start cell=trainer-engine-actor-00000 fn=run_plugin n_actors=1
[algo1a-g3-l1-modal] 
[algo1a-g3-l1-modal] [36m(TrainerController pid=2549)[0m [2026-09-29 18:10:47.649 trainer_controller_actor] cell.py:239 - ft op=execute phase=end cell=trainer-engine-actor-00000 fn=run_plugin ok=true elapsed_s=0.0
[algo1a-g3-l1-modal] 
[algo1a-g3-l1-modal] [36m(TrainerController pid=2549)[0m [2026-09-29 18:10:47.651 trainer_controller_actor] cell.py:231 - ft op=execute phase=start cell=trainer-engine-actor-00000 fn=run_plugin n_actors=1
[algo1a-g3-l1-modal] 
[algo1a-g3-l1-modal] [36m(TrainerController pid=2549)[0m [2026-09-29 18:10:47.653 trainer_controller_actor] cell.py:239 - ft op=execute phase=end cell=trainer-engine-actor-00000 fn=run_plugin ok=true elapsed_s=0.0
[algo1a-g3-l1-modal] 
[algo1a-g3-l1-modal] [36m(TrainerController pid=2549)[0m [2026-09-29 18:10:47.656 trainer_controller_actor] cell.py:231 - ft op=execute phase=start cell=trainer-engine-actor-00000 fn=run_plugin n_actors=1
[algo1a-g3-l1-modal] 
[algo1a-g3-l1-modal] [36m(MegatronTrainRayActor pid=2849)[0m /opt/sglang/lib/python3.12/site-packages/torch/distributed/c10d_logger.py:83: FutureWarning: `torch.distributed.all_gather_into_tensor` is deprecated. Please use `torch.distributed.all_gather_single` instead.
[algo1a-g3-l1-modal] 
[algo1a-g3-l1-modal] [36m(MegatronTrainRayActor pid=2849)[0m   return func(*args, **kwargs)
[algo1a-g3-l1-modal] 
[algo1a-g3-l1-modal] [36m(MegatronTrainRayActor pid=2849)[0m [2026-09-29 18:10:47.640 actor_cell00000_rank00000] model.py:637 - train op=train_step rollout=0 step=0 attempt=0 outcome=NORMAL valid_step=true
[algo1a-g3-l1-modal] 
[algo1a-g3-l1-modal] [36m(MegatronTrainRayActor pid=2849)[0m [2026-09-29 18:10:47.641 actor_cell00000_rank00000] log_utils.py:554 - step 0: {'train/loss': 0.000368339940905571, 'train/pg_loss': 0.000368339940905571, 'train/entropy_loss': 0.0, 'train/pg_clipfrac': 0.0, 'train/ppo_kl': 2.414971833619717e-10, 'train/ess_ratio': 1.0, 'train/train_rollout_logprob_abs_diff': 0.010626563802361488, 'train/train_rollout_kl': 0.00042801524978131056, 'train/ois': 1.0, 'train/tis': 0.9992033839225769, 'train/tis_clipfrac': 0.0, 'train/tis_abs': 0.010562669485807419, 'train/grad_norm': 0.45545196533203125, 'train/lr-pg_0': 6.666666666666668e-06, 'train/step': 0}
[algo1a-g3-l1-modal] 
[algo1a-g3-l1-modal] [36m(MegatronTrainRayActor pid=2849)[0m [2026-09-29 18:10:47.641 actor_cell00000_rank00000] model.py:847 - step 0: {'train/loss': 0.000368339940905571, 'train/pg_loss': 0.000368339940905571, 'train/entropy_loss': 0.0, 'train/pg_clipfrac': 0.0, 'train/ppo_kl': 2.414971833619717e-10, 'train/ess_ratio': 1.0, 'train/train_rollout_logprob_abs_diff': 0.010626563802361488, 'train/train_rollout_kl': 0.00042801524978131056, 'train/ois': 1.0, 'train/tis': 0.9992033839225769, 'train/tis_clipfrac': 0.0, 'train/tis_abs': 0.010562669485807419, 'train/grad_norm': 0.45545196533203125, 'train/lr-pg_0': 6.666666666666668e-06, 'train/step': 0}
[algo1a-g3-l1-modal] 
[algo1a-g3-l1-modal] [36m(MegatronTrainRayActor pid=2849)[0m [2026-09-29 18:10:47.641 actor_cell00000_rank00000] timer.py:42 - Timer actor_train end (elapsed: 16.5s)
[algo1a-g3-l1-modal] 
[algo1a-g3-l1-modal] [36m(MegatronTrainRayActor pid=2849)[0m [2026-09-29 18:10:47.641 actor_cell00000_rank00000] timer.py:42 - Timer train end (elapsed: 28.6s)
[algo1a-g3-l1-modal] 
[algo1a-g3-l1-modal] [36m(MegatronTrainRayActor pid=2849)[0m [2026-09-29 18:10:47.641 actor_cell00000_rank00000] timer.py:31 - Timer train_wait start
[algo1a-g3-l1-modal] 
[algo1a-g3-l1-modal] [36m(MegatronTrainRayActor pid=2849)[0m [2026-09-29 18:10:47.642 actor_cell00000_rank00000] train_metric_utils.py:56 - perf 0: {'perf/sleep_time': 5.106217861175537, 'perf/wake_up_time': 3.534010648727417, 'perf/update_weights_implementation_time': 0.08910584449768066, 'perf/finalize_and_resume_engines_time': 0.04188680648803711, 'perf/update_weights_time': 0.16694259643554688, 'perf/data_preprocess_time': 0.0037360191345214844, 'perf/train_wait_time': 350.6850221157074, 'perf/log_probs_time': 12.04450511932373, 'perf/actor_train_time': 16.542685508728027, 'perf/train_time': 28.60861873626709, 'perf/log_probs_tflops': 0.57869334597081, 'perf/actor_train_tflops': 1.2640163468718322, 'perf/actor_train_tok_per_s': 397.0939299144721, 'perf/mfu_peak_tflops': 989.0, 'perf/actor_train_mfu': 0.0012780751737834501, 'perf/step_time': 379.2936408519745, 'perf/wait_time_ratio': 0.9245739562835643}
[algo1a-g3-l1-modal] 
[algo1a-g3-l1-modal] [36m(MegatronTrainRayActor pid=2849)[0m [2026-09-29 18:10:47.642 actor_cell00000_rank00000] structured_log.py:28 - actor cls=MegatronTrainRayActor fn=_train_actor phase=end ok=true elapsed_s=28.6
[algo1a-g3-l1-modal] 
[algo1a-g3-l1-modal] [36m(MegatronTrainRayActor pid=2849)[0m [2026-09-29 18:10:47.642 actor_cell00000_rank00000] structured_log.py:28 - actor cls=MegatronTrainRayActor fn=train phase=end ok=true elapsed_s=28.6
[algo1a-g3-l1-modal] 
[algo1a-g3-l1-modal] [36m(TrainerController pid=2549)[0m [2026-09-29 18:10:47.884 trainer_controller_actor] cell.py:239 - ft op=execute phase=end cell=trainer-engine-actor-00000 fn=run_plugin ok=true elapsed_s=0.2
[algo1a-g3-l1-modal] 
[algo1a-g3-l0-modal] [36m(CommandActor pid=2561)[0m [2026-09-29 18:10:52] INFO:     172.20.8.163:61536 - "GET /health HTTP/1.1" 200 OK
[algo1a-g3-l0-modal] 
[algo1a-g3-l0-modal] [36m(MegatronTrainRayActor pid=2861)[0m [2026-09-29 18:10:52.126 actor_cell00000_rank00000] timer.py:42 - Timer log_probs end (elapsed: 13.6s)
[algo1a-g3-l0-modal] 
[algo1a-g3-l0-modal] [36m(MegatronTrainRayActor pid=2861)[0m [2026-09-29 18:10:52.126 actor_cell00000_rank00000] structured_log.py:28 - actor cls=MegatronTrainRayActor fn=_compute_log_prob phase=end ok=true elapsed_s=13.6
[algo1a-g3-l0-modal] 
[algo1a-g3-l0-modal] [36m(MegatronTrainRayActor pid=2861)[0m [2026-09-29 18:10:52.150 actor_cell00000_rank00000] log_utils.py:100 - ft op=cross_cell phase=start kind=log_gather rank=0
[algo1a-g3-l0-modal] 
[algo1a-g3-l0-modal] [36m(MegatronTrainRayActor pid=2861)[0m [2026-09-29 18:10:52.151 actor_cell00000_rank00000] log_utils.py:106 - ft op=cross_cell phase=end kind=log_gather rank=0 success=true
[algo1a-g3-l0-modal] 
[algo1a-g3-l0-modal] [36m(MegatronTrainRayActor pid=2861)[0m [2026-09-29 18:10:52.152 actor_cell00000_rank00000] log_utils.py:126 - rollout 0: {'rollout/response_lengths': 130.25, 'rollout/rewards': 0.0, 'rollout/truncated': 0.0, 'rollout/rollout_log_probs': -0.2707560956478119, 'rollout/raw_reward': 0.9375, 'rollout/total_lengths': 207.5, 'rollout/log_probs': -0.27170008420944214, 'rollout/advantages': 1.862645149230957e-09, 'rollout/returns': 1.862645149230957e-09}
[algo1a-g3-l0-modal] 
[algo1a-g3-l0-modal] [36m(MegatronTrainRayActor pid=2861)[0m [2026-09-29 18:10:52.152 actor_cell00000_rank00000] timer.py:31 - Timer actor_train start
[algo1a-g3-l0-modal] 
[algo1a-g3-l0-modal] [36m(MegatronTrainRayActor pid=2861)[0m /root/Megatron-LM/megatron/core/pipeline_parallel/schedules.py:220: UserWarning: The AccumulateGrad node's stream does not match the stream of the node that produced the incoming gradient. This may incur unnecessary synchronization and break CUDA graph capture if the AccumulateGrad node's stream is the default stream. This mismatch is caused by an AccumulateGrad node created prior to the current iteration being kept alive. This can happen if the autograd graph is still being kept alive by tensors such as the loss, or if you are using DDP, which will stash a reference to the node. To resolve the mismatch, delete all references to the autograd graph or ensure that DDP initialization is performed under the same stream as subsequent forwards. If the mismatch is intentional, you can use torch.autograd.graph.set_warn_on_accumulate_grad_stream_mismatch(False) to suppress this warning. (Triggered internally at /__w/pytorch/pytorch/torch/csrc/autograd/input_buffer.cpp:310.)
[algo1a-g3-l0-modal] 
[algo1a-g3-l0-modal] [36m(MegatronTrainRayActor pid=2861)[0m   Variable._execution_engine.run_backward(
[algo1a-g3-l0-modal] 
[algo1a-g3-l0-modal] [36m(MegatronTrainRayActor pid=2861)[0m /opt/sglang/lib/python3.12/site-packages/torch/distributed/c10d_logger.py:83: FutureWarning: `torch.distributed.reduce_scatter_tensor` is deprecated. Please use `torch.distributed.reduce_scatter_single` instead.
[algo1a-g3-l0-modal] 
[algo1a-g3-l0-modal] [36m(MegatronTrainRayActor pid=2861)[0m   return func(*args, **kwargs)
[algo1a-g3-l0-modal] 
[algo1a-g3-l0-modal] [36m(TrainerController pid=2557)[0m [2026-09-29 18:11:11.692 trainer_controller_actor] cell.py:239 - ft op=execute phase=end cell=trainer-engine-actor-00000 fn=train ok=true elapsed_s=33.1
[algo1a-g3-l0-modal] 
[algo1a-g3-l0-modal] [36m(TrainerController pid=2557)[0m [2026-09-29 18:11:11.692 trainer_controller_actor] group.py:290 - ft op=check errored= discarded= normal=0 decision=no_retry reason="survivors normal, gradients valid"
[algo1a-g3-l0-modal] 
[algo1a-g3-l0-modal] [36m(TrainerController pid=2557)[0m [2026-09-29 18:11:11.696 trainer_controller_actor] cell.py:231 - ft op=execute phase=start cell=trainer-engine-actor-00000 fn=run_plugin n_actors=1
[algo1a-g3-l0-modal] 
[algo1a-g3-l0-modal] [36m(TrainerController pid=2557)[0m [2026-09-29 18:11:11.697 trainer_controller_actor] cell.py:239 - ft op=execute phase=end cell=trainer-engine-actor-00000 fn=run_plugin ok=true elapsed_s=0.0
[algo1a-g3-l0-modal] 
[algo1a-g3-l0-modal] [36m(TrainerController pid=2557)[0m [2026-09-29 18:11:11.700 trainer_controller_actor] cell.py:231 - ft op=execute phase=start cell=trainer-engine-actor-00000 fn=run_plugin n_actors=1
[algo1a-g3-l0-modal] 
[algo1a-g3-l0-modal] [36m(TrainerController pid=2557)[0m [2026-09-29 18:11:11.701 trainer_controller_actor] cell.py:239 - ft op=execute phase=end cell=trainer-engine-actor-00000 fn=run_plugin ok=true elapsed_s=0.0
[algo1a-g3-l0-modal] 
[algo1a-g3-l0-modal] [36m(TrainerController pid=2557)[0m [2026-09-29 18:11:11.705 trainer_controller_actor] cell.py:231 - ft op=execute phase=start cell=trainer-engine-actor-00000 fn=run_plugin n_actors=1
[algo1a-g3-l0-modal] 
[algo1a-g3-l0-modal] [36m(MegatronTrainRayActor pid=2861)[0m /opt/sglang/lib/python3.12/site-packages/torch/distributed/c10d_logger.py:83: FutureWarning: `torch.distributed.all_gather_into_tensor` is deprecated. Please use `torch.distributed.all_gather_single` instead.
[algo1a-g3-l0-modal] 
[algo1a-g3-l0-modal] [36m(MegatronTrainRayActor pid=2861)[0m   return func(*args, **kwargs)
[algo1a-g3-l0-modal] 
[algo1a-g3-l0-modal] [36m(MegatronTrainRayActor pid=2861)[0m [2026-09-29 18:11:11.687 actor_cell00000_rank00000] model.py:637 - train op=train_step rollout=0 step=0 attempt=0 outcome=NORMAL valid_step=true
[algo1a-g3-l0-modal] 
[algo1a-g3-l0-modal] [36m(MegatronTrainRayActor pid=2861)[0m [2026-09-29 18:11:11.688 actor_cell00000_rank00000] log_utils.py:554 - step 0: {'train/loss': 0.00027514807879924774, 'train/pg_loss': 0.00027514807879924774, 'train/entropy_loss': 0.0, 'train/pg_clipfrac': 0.0, 'train/ppo_kl': 5.472228226111042e-10, 'train/ess_ratio': 1.0, 'train/train_rollout_logprob_abs_diff': 0.010704593732953072, 'train/train_rollout_kl': 0.0004407993401400745, 'train/ois': 1.0, 'train/tis': 0.9994968175888062, 'train/tis_clipfrac': 0.0, 'train/tis_abs': 0.010649372823536396, 'train/grad_norm': 0.460294634103775, 'train/lr-pg_0': 6.666666666666668e-06, 'train/step': 0}
[algo1a-g3-l0-modal] 
[algo1a-g3-l0-modal] [36m(MegatronTrainRayActor pid=2861)[0m [2026-09-29 18:11:11.688 actor_cell00000_rank00000] model.py:847 - step 0: {'train/loss': 0.00027514807879924774, 'train/pg_loss': 0.00027514807879924774, 'train/entropy_loss': 0.0, 'train/pg_clipfrac': 0.0, 'train/ppo_kl': 5.472228226111042e-10, 'train/ess_ratio': 1.0, 'train/train_rollout_logprob_abs_diff': 0.010704593732953072, 'train/train_rollout_kl': 0.0004407993401400745, 'train/ois': 1.0, 'train/tis': 0.9994968175888062, 'train/tis_clipfrac': 0.0, 'train/tis_abs': 0.010649372823536396, 'train/grad_norm': 0.460294634103775, 'train/lr-pg_0': 6.666666666666668e-06, 'train/step': 0}
[algo1a-g3-l0-modal] 
[algo1a-g3-l0-modal] [36m(MegatronTrainRayActor pid=2861)[0m [2026-09-29 18:11:11.688 actor_cell00000_rank00000] timer.py:42 - Timer actor_train end (elapsed: 19.5s)
[algo1a-g3-l0-modal] 
[algo1a-g3-l0-modal] [36m(MegatronTrainRayActor pid=2861)[0m [2026-09-29 18:11:11.688 actor_cell00000_rank00000] timer.py:42 - Timer train end (elapsed: 33.1s)
[algo1a-g3-l0-modal] 
[algo1a-g3-l0-modal] [36m(MegatronTrainRayActor pid=2861)[0m [2026-09-29 18:11:11.688 actor_cell00000_rank00000] timer.py:31 - Timer train_wait start
[algo1a-g3-l0-modal] 
[algo1a-g3-l0-modal] [36m(MegatronTrainRayActor pid=2861)[0m [2026-09-29 18:11:11.689 actor_cell00000_rank00000] train_metric_utils.py:56 - perf 0: {'perf/sleep_time': 5.744604110717773, 'perf/wake_up_time': 4.672178745269775, 'perf/update_weights_implementation_time': 0.18062329292297363, 'perf/finalize_and_resume_engines_time': 0.05509209632873535, 'perf/update_weights_time': 0.34005284309387207, 'perf/data_preprocess_time': 0.0039196014404296875, 'perf/train_wait_time': 391.45816373825073, 'perf/log_probs_time': 13.574836492538452, 'perf/actor_train_time': 19.536434412002563, 'perf/train_time': 33.13780879974365, 'perf/log_probs_tflops': 0.5192213541190124, 'perf/actor_train_tflops': 1.0823384918083703, 'perf/actor_train_tok_per_s': 339.8777821975844, 'perf/mfu_peak_tflops': 989.0, 'perf/actor_train_mfu': 0.0010943766347910721, 'perf/step_time': 424.5959725379944, 'perf/wait_time_ratio': 0.9219544909913663}
[algo1a-g3-l0-modal] 
[algo1a-g3-l0-modal] [36m(MegatronTrainRayActor pid=2861)[0m [2026-09-29 18:11:11.689 actor_cell00000_rank00000] structured_log.py:28 - actor cls=MegatronTrainRayActor fn=_train_actor phase=end ok=true elapsed_s=33.1
[algo1a-g3-l0-modal] 
[algo1a-g3-l0-modal] [36m(MegatronTrainRayActor pid=2861)[0m [2026-09-29 18:11:11.690 actor_cell00000_rank00000] structured_log.py:28 - actor cls=MegatronTrainRayActor fn=train phase=end ok=true elapsed_s=33.1
[algo1a-g3-l0-modal] 
[algo1a-g3-l0-modal] [36m(TrainerController pid=2557)[0m [2026-09-29 18:11:11.983 trainer_controller_actor] cell.py:239 - ft op=execute phase=end cell=trainer-engine-actor-00000 fn=run_plugin ok=true elapsed_s=0.3
[algo1a-g3-l0-modal] 
[algo1a-g3-l1-modal] [36m(CommandActor pid=2544)[0m [2026-09-29 18:11:14] INFO:     172.20.9.67:30653 - "GET /health HTTP/1.1" 200 OK
[algo1a-g3-l1-modal] 
[syncer] 2026-09-29T18:11:42.169012Z  INFO yeto_syncer::server: checkpoint committed step=1 path=/tmp/algo1a/g3home/yeto-output/yeto-state.ckpt
[syncer] 2026-09-29T18:11:42.317070Z  INFO yeto_syncer::server: outer step step=1 fragment=0 responders=[Member { learner_id: 0, generation: 3484944605288231517 }, Member { learner_id: 1, generation: 3800804812930455545 }] gnorm="0.0230" ms=290075
[algo1a-g3-l0-modal] [36m(CommandActor pid=2561)[0m [2026-09-29 18:11:52] INFO:     172.20.8.163:58679 - "GET /health HTTP/1.1" 200 OK
[algo1a-g3-l0-modal] 
[algo1a-g3-l1-modal] [36m(TrainerController pid=2549)[0m [2026-09-29 18:12:07.757 trainer_controller_actor] cell.py:231 - ft op=execute phase=start cell=trainer-engine-actor-00000 fn=run_plugin n_actors=1
[algo1a-g3-l1-modal] 
[algo1a-g3-l0-modal] [36m(TrainerController pid=2557)[0m [2026-09-29 18:12:13.686 trainer_controller_actor] cell.py:231 - ft op=execute phase=start cell=trainer-engine-actor-00000 fn=run_plugin n_actors=1
[algo1a-g3-l1-modal] [36m(CommandActor pid=2544)[0m [2026-09-29 18:12:14] INFO:     172.20.9.67:64072 - "GET /health HTTP/1.1" 200 OK
[algo1a-g3-l1-modal] 
[algo1a-g3-l1-modal] [36m(MegatronTrainRayActor pid=2849)[0m /opt/sglang/lib/python3.12/site-packages/torch/distributed/c10d_logger.py:83: UserWarning: barrier(): using the device under current context. You can specify `device_id` in `init_process_group` to mute this warning.
[algo1a-g3-l1-modal] 
[algo1a-g3-l1-modal] [36m(MegatronTrainRayActor pid=2849)[0m   return func(*args, **kwargs)
[algo1a-g3-l1-modal] 
[algo1a-g3-l1-modal] [36m(TrainerController pid=2549)[0m [2026-09-29 18:12:33.270 trainer_controller_actor] cell.py:239 - ft op=execute phase=end cell=trainer-engine-actor-00000 fn=run_plugin ok=true elapsed_s=25.5
[algo1a-g3-l1-modal] 
[algo1a-g3-l1-modal] [36m(TrainerController pid=2549)[0m [2026-09-29 18:12:33.340 trainer_controller_actor] cell.py:231 - ft op=execute phase=start cell=trainer-engine-actor-00000 fn=run_plugin n_actors=1
[algo1a-g3-l1-modal] 
[algo1a-g3-l1-modal] [36m(TrainerController pid=2549)[0m [2026-09-29 18:12:33.573 trainer_controller_actor] cell.py:239 - ft op=execute phase=end cell=trainer-engine-actor-00000 fn=run_plugin ok=true elapsed_s=0.2
[algo1a-g3-l1-modal] 
[algo1a-g3-l1-modal] [36m(TrainerController pid=2549)[0m [2026-09-29 18:12:33.969 trainer_controller_actor] cell.py:231 - ft op=execute phase=start cell=trainer-engine-actor-00000 fn=run_plugin n_actors=1
[algo1a-g3-l1-modal] 
[algo1a-g3-l1-modal] [36m(TrainerController pid=2549)[0m [2026-09-29 18:12:34.221 trainer_controller_actor] cell.py:239 - ft op=execute phase=end cell=trainer-engine-actor-00000 fn=run_plugin ok=true elapsed_s=0.3
[algo1a-g3-l1-modal] 
[algo1a-g3-l1-modal] [36m(InferenceController pid=2543)[0m [2026-09-29 18:12:34.531 inference_controller] _client.py:1740 - HTTP Request: POST http://172.20.9.67:20002/resume_memory_occupation "HTTP/1.1 200 OK"
[algo1a-g3-l1-modal] 
[algo1a-g3-l1-modal] [36m(CommandActor pid=2544)[0m [2026-09-29 18:12:34] INFO:     172.20.9.67:40597 - "POST /resume_memory_occupation HTTP/1.1" 200 OK
[algo1a-g3-l1-modal] 
[36m(CommandActor pid=2544)[0m [2026-09-29 18:12:34] INFO:     172.20.9.67:25644 - "POST /pause_generation HTTP/1.1" 200 OK
[algo1a-g3-l1-modal] 
[algo1a-g3-l1-modal] [36m(TrainerController pid=2549)[0m [2026-09-29 18:12:34.536 trainer_controller_actor] group.py:392 - ft op=update_weights phase=start rollout=
[algo1a-g3-l1-modal] 
[algo1a-g3-l1-modal] [36m(TrainerController pid=2549)[0m [2026-09-29 18:12:34.536 trainer_controller_actor] cell.py:231 - ft op=execute phase=start cell=trainer-engine-actor-00000 fn=update_weights n_actors=1
[algo1a-g3-l1-modal] 
[algo1a-g3-l1-modal] [36m(MegatronTrainRayActor pid=2849)[0m [2026-09-29 18:12:34.538 actor_cell00000_rank00000] structured_log.py:24 - actor cls=MegatronTrainRayActor fn=update_weights phase=start
[algo1a-g3-l1-modal] 
[algo1a-g3-l1-modal] [36m(MegatronTrainRayActor pid=2849)[0m [2026-09-29 18:12:34.538 actor_cell00000_rank00000] timer.py:31 - Timer update_weights start
[algo1a-g3-l1-modal] 
[algo1a-g3-l1-modal] [36m(MegatronTrainRayActor pid=2849)[0m [2026-09-29 18:12:34.538 actor_cell00000_rank00000] memory_utils.py:41 - [Rank 0] Memory-Usage before update_weights: {'gpu': '0', 'total_GB': 79.18, 'free_GB': 70.16, 'used_GB': 9.02, 'allocated_GB': 1.38, 'reserved_GB': 3.29}
[algo1a-g3-l1-modal] 
[algo1a-g3-l1-modal] [36m(MegatronTrainRayActor pid=2849)[0m [2026-09-29 18:12:34.542 actor_cell00000_rank00000] _client.py:1740 - HTTP Request: POST http://172.20.9.67:20002/pause_generation "HTTP/1.1 200 OK"
[algo1a-g3-l1-modal] 
[algo1a-g3-l1-modal] [36m(CommandActor pid=2544)[0m [2026-09-29 18:12:34] INFO:     172.20.9.67:25644 - "GET /flush_cache HTTP/1.1" 200 OK
[algo1a-g3-l1-modal] 
[algo1a-g3-l1-modal] [36m(CommandActor pid=2544)[0m [2026-09-29 18:12:34] Cache flush skipped: KV cache memory is released.
[algo1a-g3-l1-modal] 
[algo1a-g3-l1-modal] [36m(MegatronTrainRayActor pid=2849)[0m [2026-09-29 18:12:34.545 actor_cell00000_rank00000] _client.py:1740 - HTTP Request: GET http://172.20.9.67:20002/flush_cache "HTTP/1.1 200 OK"
[algo1a-g3-l1-modal] 
[algo1a-g3-l1-modal] [36m(CommandActor pid=2544)[0m [2026-09-29 18:12:34] INFO:     172.20.9.67:25644 - "POST /begin_weight_update HTTP/1.1" 200 OK
[algo1a-g3-l1-modal] 
[algo1a-g3-l1-modal] [36m(MegatronTrainRayActor pid=2849)[0m [2026-09-29 18:12:34.548 actor_cell00000_rank00000] _client.py:1740 - HTTP Request: POST http://172.20.9.67:20002/begin_weight_update "HTTP/1.1 200 OK"
[algo1a-g3-l1-modal] 
[algo1a-g3-l1-modal] [36m(MegatronTrainRayActor pid=2849)[0m [2026-09-29 18:12:34.549 actor_cell00000_rank00000] timer.py:31 - Timer update_weights_implementation start
[algo1a-g3-l1-modal] 
[algo1a-g3-l1-modal] [36m(MegatronTrainRayActor pid=2849)[0m [miles-colocate] Update weights: 0it [00:00, ?it/s]
[algo1a-g3-l1-modal] 
[algo1a-g3-l1-modal] [36m(CommandActor pid=2544)[0m [2026-09-29 18:12:34] INFO:     172.20.9.67:25644 - "POST /update_weights_from_tensor HTTP/1.1" 200 OK
[algo1a-g3-l1-modal] 
[algo1a-g3-l1-modal] [36m(CommandActor pid=2544)[0m [2026-09-29 18:12:34] LoRA adapter loading from tensors starts: LoRARef(lora_id=d741aaf67674408aa95c6f052ca75381, lora_name=miles_lora, lora_path=__stream__, pinned=False, reloadable=False).
[algo1a-g3-l1-modal] 
[algo1a-g3-l1-modal] [36m(CommandActor pid=2544)[0m [2026-09-29 18:12:34] LoRA adapter 'd741aaf67674408aa95c6f052ca75381': loaded weights for target modules ['down_proj', 'gate_up_proj', 'o_proj', 'qkv_proj'].
[algo1a-g3-l1-modal] 
[algo1a-g3-l1-modal] [36m(MegatronTrainRayActor pid=2849)[0m [2026-09-29 18:12:34.610 actor_cell00000_rank00000] _client.py:1740 - HTTP Request: POST http://172.20.9.67:20002/update_weights_from_tensor "HTTP/1.1 200 OK"
[algo1a-g3-l1-modal] 
[algo1a-g3-l1-modal] [36m(MegatronTrainRayActor pid=2849)[0m [2026-09-29 18:12:34.611 actor_cell00000_rank00000] timer.py:42 - Timer update_weights_implementation end (elapsed: 0.1s)
[algo1a-g3-l1-modal] 
[algo1a-g3-l1-modal] [36m(MegatronTrainRayActor pid=2849)[0m [2026-09-29 18:12:34.611 actor_cell00000_rank00000] timer.py:31 - Timer finalize_and_resume_engines start
[algo1a-g3-l1-modal] 
[algo1a-g3-l1-modal] [36m(InferenceController pid=2543)[0m [2026-09-29 18:12:34.728 inference_controller] _client.py:1740 - HTTP Request: POST http://172.20.9.67:20002/resume_memory_occupation "HTTP/1.1 200 OK"
[algo1a-g3-l1-modal] 
[algo1a-g3-l1-modal] [36m(CommandActor pid=2544)[0m [2026-09-29 18:12:34] INFO:     172.20.9.67:25644 - "POST /end_weight_update HTTP/1.1" 200 OK
[algo1a-g3-l1-modal] 
[algo1a-g3-l1-modal] [36m(CommandActor pid=2544)[0m [2026-09-29 18:12:34] INFO:     172.20.9.67:25644 - "POST /update_weight_version HTTP/1.1" 200 OK
[algo1a-g3-l1-modal] 
[algo1a-g3-l1-modal] [36m(CommandActor pid=2544)[0m [2026-09-29 18:12:34] INFO:     172.20.9.67:25644 - "POST /continue_generation HTTP/1.1" 200 OK
[algo1a-g3-l1-modal] 
[algo1a-g3-l1-modal] [36m(CommandActor pid=2544)[0m [2026-09-29 18:12:34] INFO:     172.20.9.67:40597 - "POST /resume_memory_occupation HTTP/1.1" 200 OK
[algo1a-g3-l1-modal] 
[algo1a-g3-l1-modal] [36m(CommandActor pid=2544)[0m [2026-09-29 18:12:34] INFO:     172.20.9.67:50816 - "POST /update_weight_version HTTP/1.1" 200 OK
[algo1a-g3-l1-modal] 
[36m(CommandActor pid=2544)[0m [2026-09-29 18:12:34] INFO:     172.20.9.67:50816 - "GET /model_info HTTP/1.1" 200 OK
[algo1a-g3-l1-modal] [36m(CommandActor pid=2544)[0m [2026-09-29 18:12:34] LoRA adapter loading from tensors completes: LoRARef(lora_id=d741aaf67674408aa95c6f052ca75381, lora_name=miles_lora, lora_path=__stream__, pinned=False, reloadable=False).
[algo1a-g3-l1-modal] 
[algo1a-g3-l1-modal] [36m(CommandActor pid=2544)[0m [2026-09-29 18:12:34] Weight version changed. old_version='yeto:0:a34cd30f37ee5ffaad784b92defd77b3b6ce68095faf29288d5ea460912617c4' new_version='2' num_recorded=0
[algo1a-g3-l1-modal] 
[algo1a-g3-l1-modal] [36m(CommandActor pid=2544)[0m [2026-09-29 18:12:34] [continue_generation] torch.cuda.empty_cache() called: reserved 32306.0 MB -> 32266.0 MB (freed 40.0 MB)
[algo1a-g3-l1-modal] 
[algo1a-g3-l1-modal] [36m(CommandActor pid=2544)[0m [2026-09-29 18:12:34] Weight version changed. old_version='2' new_version='yeto:1:4ae2527baff3b334501aede146a5739ee5c9e18106c8392a28b380627afcece5' num_recorded=0
[algo1a-g3-l1-modal] 
[algo1a-g3-l1-modal] [36m(CommandActor pid=2544)[0m [2026-09-29 18:12:34] [WeightChecker] handle action=checksum allow_quant_error=False skip_tensor_list=None
[algo1a-g3-l1-modal] 
[algo1a-g3-l1-modal] [36m(TrainerController pid=2549)[0m [2026-09-29 18:12:34.695 trainer_controller_actor] cell.py:239 - ft op=execute phase=end cell=trainer-engine-actor-00000 fn=update_weights ok=true elapsed_s=0.2
[algo1a-g3-l1-modal] 
[algo1a-g3-l1-modal] [36m(MegatronTrainRayActor pid=2849)[0m [2026-09-29 18:12:34.670 actor_cell00000_rank00000] _client.py:1740 - HTTP Request: POST http://172.20.9.67:20002/end_weight_update "HTTP/1.1 200 OK"
[algo1a-g3-l1-modal] 
[algo1a-g3-l1-modal] [36m(MegatronTrainRayActor pid=2849)[0m [2026-09-29 18:12:34.673 actor_cell00000_rank00000] _client.py:1740 - HTTP Request: POST http://172.20.9.67:20002/update_weight_version "HTTP/1.1 200 OK"
[algo1a-g3-l1-modal] 
[algo1a-g3-l1-modal] [36m(MegatronTrainRayActor pid=2849)[0m [2026-09-29 18:12:34.675 actor_cell00000_rank00000] _client.py:1740 - HTTP Request: POST http://172.20.9.67:20002/continue_generation "HTTP/1.1 200 OK"
[algo1a-g3-l1-modal] 
[algo1a-g3-l1-modal] [36m(MegatronTrainRayActor pid=2849)[0m [2026-09-29 18:12:34.675 actor_cell00000_rank00000] timer.py:42 - Timer finalize_and_resume_engines end (elapsed: 0.1s)
[algo1a-g3-l1-modal] 
[algo1a-g3-l1-modal] [36m(MegatronTrainRayActor pid=2849)[0m [miles-colocate] Update weights: 1it [00:00,  6.98it/s]
[algo1a-g3-l1-modal] 
[algo1a-g3-l1-modal] [36m(MegatronTrainRayActor pid=2849)[0m [2026-09-29 18:12:34.693 actor_cell00000_rank00000] memory_utils.py:41 - [Rank 0] Memory-Usage after update_weights: {'gpu': '0', 'total_GB': 79.18, 'free_GB': 71.95, 'used_GB': 7.22, 'allocated_GB': 1.38, 'reserved_GB': 1.52}
[algo1a-g3-l1-modal] 
[algo1a-g3-l1-modal] [36m(MegatronTrainRayActor pid=2849)[0m [2026-09-29 18:12:34.694 actor_cell00000_rank00000] timer.py:42 - Timer update_weights end (elapsed: 0.2s)
[algo1a-g3-l1-modal] 
[algo1a-g3-l1-modal] [36m(MegatronTrainRayActor pid=2849)[0m [2026-09-29 18:12:34.694 actor_cell00000_rank00000] structured_log.py:28 - actor cls=MegatronTrainRayActor fn=update_weights phase=end ok=true elapsed_s=0.2
[algo1a-g3-l1-modal] 
[algo1a-g3-l1-modal] [36m(InferenceController pid=2543)[0m [2026-09-29 18:12:34.765 inference_controller] _client.py:1740 - HTTP Request: POST http://172.20.9.67:20002/weights_checker "HTTP/1.1 200 OK"
[algo1a-g3-l1-modal] 
[algo1a-g3-l1-modal] [36m(CommandActor pid=2544)[0m [2026-09-29 18:12:34] INFO:     172.20.9.67:40597 - "POST /weights_checker HTTP/1.1" 200 OK
[algo1a-g3-l1-modal] 
[algo1a-g3-l1-modal] [36m(CommandActor pid=2544)[0m [2026-09-29 18:12:34] [WeightChecker] checksum computed for 226 tensors in 0.019s
[algo1a-g3-l1-modal] 
[algo1a-g3-l1-modal] [36m(TrainerController pid=2549)[0m [2026-09-29 18:12:34.771 trainer_controller_actor] cell.py:231 - ft op=execute phase=start cell=trainer-engine-actor-00000 fn=sleep n_actors=1
[algo1a-g3-l1-modal] 
[algo1a-g3-l1-modal] [36m(MegatronTrainRayActor pid=2849)[0m [2026-09-29 18:12:34.771 actor_cell00000_rank00000] structured_log.py:24 - actor cls=MegatronTrainRayActor fn=sleep phase=start
[algo1a-g3-l1-modal] 
[algo1a-g3-l1-modal] [36m(MegatronTrainRayActor pid=2849)[0m [2026-09-29 18:12:34.771 actor_cell00000_rank00000] timer.py:31 - Timer sleep start
[algo1a-g3-l1-modal] 
[algo1a-g3-l1-modal] [36m(MegatronTrainRayActor pid=2849)[0m [2026-09-29 18:12:35.358 actor_cell00000_rank00000] memory_utils.py:41 - [Rank 0] Memory-Usage before offload model: {'gpu': '0', 'total_GB': 79.18, 'free_GB': 41.92, 'used_GB': 37.26, 'allocated_GB': 1.38, 'reserved_GB': 1.49}
[algo1a-g3-l1-modal] 
[algo1a-g3-l1-modal] [36m(RolloutExecutor pid=2542)[0m Rollout generation:   0%|          | 0/32 [00:00<?, ?it/s]
[algo1a-g3-l1-modal] 
[algo1a-g3-l1-modal] [36m(TrainerController pid=2549)[0m [2026-09-29 18:12:36.238 trainer_controller_actor] cell.py:239 - ft op=execute phase=end cell=trainer-engine-actor-00000 fn=sleep ok=true elapsed_s=1.5
[algo1a-g3-l1-modal] 
[algo1a-g3-l1-modal] [36m(MegatronTrainRayActor pid=2849)[0m [2026-09-29 18:12:36.236 actor_cell00000_rank00000] memory_utils.py:41 - [Rank 0] Memory-Usage after offload model: {'gpu': '0', 'total_GB': 79.18, 'free_GB': 43.4, 'used_GB': 35.78, 'allocated_GB': 1.38, 'reserved_GB': 1.49}
[algo1a-g3-l1-modal] 
[algo1a-g3-l1-modal] [36m(MegatronTrainRayActor pid=2849)[0m [2026-09-29 18:12:36.236 actor_cell00000_rank00000] log_utils.py:436 - [CPU memory] after_offload_train: 71.84 GB (rollout_id=0, step=0)
[algo1a-g3-l1-modal] 
[algo1a-g3-l1-modal] [36m(MegatronTrainRayActor pid=2849)[0m [2026-09-29 18:12:36.237 actor_cell00000_rank00000] timer.py:42 - Timer sleep end (elapsed: 1.5s)
[algo1a-g3-l1-modal] 
[algo1a-g3-l1-modal] [36m(MegatronTrainRayActor pid=2849)[0m [2026-09-29 18:12:36.237 actor_cell00000_rank00000] structured_log.py:28 - actor cls=MegatronTrainRayActor fn=sleep phase=end ok=true elapsed_s=1.5
[algo1a-g3-l1-modal] 
[algo1a-g3-l1-modal] [36m(CommandActor pid=2544)[0m [2026-09-29 18:12:40] Prefill batch, #new-seq: 1, #new-token: 57, #cached-token: 0, token usage: 0.01, #running-req: 0, #queue-req: 0, #pending-token: 0, cuda graph: False, input throughput (token/s): 0.39
[algo1a-g3-l1-modal] 
[algo1a-g3-l1-modal] [36m(CommandActor pid=2544)[0m [2026-09-29 18:12:40] Prefill batch, #new-seq: 31, #new-token: 2967, #cached-token: 0, token usage: 0.00, #running-req: 1, #queue-req: 0, #pending-token: 0, cuda graph: False, input throughput (token/s): 276464.80
[algo1a-g3-l1-modal] 
[algo1a-g3-l1-modal] [36m(CommandActor pid=2544)[0m [2026-09-29 18:12:40] Decode batch, #running-req: 32, #token: 1624, token usage: 0.01, cuda graph: True, gen throughput (token/s): 8.93, #queue-req: 0
[algo1a-g3-l1-modal] 
[algo1a-g3-l1-modal] [36m(CommandActor pid=2544)[0m [2026-09-29 18:12:40] INFO:     172.20.9.67:22519 - "POST /generate HTTP/1.1" 200 OK
[algo1a-g3-l1-modal] 
[algo1a-g3-l1-modal] [36m(CommandActor pid=2544)[0m [2026-09-29 18:12:40] INFO:     172.20.9.67:48254 - "POST /generate HTTP/1.1" 200 OK
[algo1a-g3-l1-modal] 
[algo1a-g3-l1-modal] [36m(CommandActor pid=2544)[0m [2026-09-29 18:12:41] INFO:     172.20.9.67:40233 - "POST /generate HTTP/1.1" 200 OK
[algo1a-g3-l1-modal] 
[algo1a-g3-l1-modal] [36m(CommandActor pid=2544)[0m [2026-09-29 18:12:41] INFO:     172.20.9.67:28373 - "POST /generate HTTP/1.1" 200 OK
[algo1a-g3-l1-modal] 
[algo1a-g3-l1-modal] [36m(CommandActor pid=2544)[0m [2026-09-29 18:12:41] INFO:     172.20.9.67:64556 - "POST /generate HTTP/1.1" 200 OK
[algo1a-g3-l1-modal] 
[algo1a-g3-l1-modal] [36m(CommandActor pid=2544)[0m [2026-09-29 18:12:41] INFO:     172.20.9.67:25052 - "POST /generate HTTP/1.1" 200 OK
[algo1a-g3-l1-modal] 
[algo1a-g3-l1-modal] [36m(CommandActor pid=2544)[0m [2026-09-29 18:12:41] INFO:     172.20.9.67:35152 - "POST /generate HTTP/1.1" 200 OK
[algo1a-g3-l1-modal] 
[algo1a-g3-l1-modal] [36m(CommandActor pid=2544)[0m [2026-09-29 18:12:41] INFO:     172.20.9.67:31679 - "POST /generate HTTP/1.1" 200 OK
[algo1a-g3-l1-modal] 
[algo1a-g3-l1-modal] [36m(CommandActor pid=2544)[0m [2026-09-29 18:12:41] Decode batch, #running-req: 28, #token: 2580, token usage: 0.01, cuda graph: True, gen throughput (token/s): 5970.48, #queue-req: 0
[algo1a-g3-l1-modal] 
[algo1a-g3-l1-modal] [36m(RolloutExecutor pid=2542)[0m [2026-09-29 18:12:41.116 rollout_executor] inference_rollout_train.py:137 - First rollout sample: text_preview=<|im_start|>system\nYou are a helpful assistant. Please put the answer within \boxed{}.<|im_end|>\n<|im_start|>user\nAlbert is wondering how much pizza he can eat in one day. He buys 2 large pizzas and 2 small pizzas. A large pizza has 16 slices and a small pizza has 8 slices. If he eats it all, how many pieces does he eat that day?<|im_end|>\n<|im_start|>assistant\n<think>\n\n</think>\n\n- 1 large pizza has 16 slices.\n- 2 large pizzas = $ 2 \times 16 = 32 $ slices.\n- 2 small pizzas = $ 2 \times 8 = 16 $ ...<truncated chars=116>, label=48, reward_summary=1.0
[algo1a-g3-l1-modal] 
[algo1a-g3-l1-modal] [36m(RolloutExecutor pid=2542)[0m Rollout generation:  25%|██▌       | 8/32 [00:04<00:14,  1.64it/s]
[algo1a-g3-l1-modal] 
[algo1a-g3-l1-modal] [36m(CommandActor pid=2544)[0m [2026-09-29 18:12:41] INFO:     172.20.9.67:17609 - "POST /generate HTTP/1.1" 200 OK
[algo1a-g3-l1-modal] 
[algo1a-g3-l1-modal] [36m(CommandActor pid=2544)[0m [2026-09-29 18:12:41] INFO:     172.20.9.67:34536 - "POST /generate HTTP/1.1" 200 OK
[algo1a-g3-l1-modal] 
[algo1a-g3-l1-modal] [36m(CommandActor pid=2544)[0m [2026-09-29 18:12:41] INFO:     172.20.9.67:19197 - "POST /generate HTTP/1.1" 200 OK
[algo1a-g3-l1-modal] 
[algo1a-g3-l1-modal] [36m(CommandActor pid=2544)[0m [2026-09-29 18:12:41] INFO:     172.20.9.67:55028 - "POST /generate HTTP/1.1" 200 OK
[algo1a-g3-l1-modal] 
[algo1a-g3-l1-modal] [36m(CommandActor pid=2544)[0m [2026-09-29 18:12:41] INFO:     172.20.9.67:26074 - "POST /generate HTTP/1.1" 200 OK
[algo1a-g3-l1-modal] 
[algo1a-g3-l1-modal] [36m(CommandActor pid=2544)[0m [2026-09-29 18:12:41] INFO:     172.20.9.67:35971 - "POST /generate HTTP/1.1" 200 OK
[algo1a-g3-l1-modal] 
[algo1a-g3-l1-modal] [36m(CommandActor pid=2544)[0m [2026-09-29 18:12:41] INFO:     172.20.9.67:43216 - "POST /generate HTTP/1.1" 200 OK
[algo1a-g3-l1-modal] 
[36m(CommandActor pid=2544)[0m [2026-09-29 18:12:41] INFO:     172.20.9.67:16685 - "POST /generate HTTP/1.1" 200 OK
[algo1a-g3-l1-modal] 
[algo1a-g3-l1-modal] [36m(CommandActor pid=2544)[0m [2026-09-29 18:12:41] Decode batch, #running-req: 18, #token: 2303, token usage: 0.01, cuda graph: True, gen throughput (token/s): 4208.62, #queue-req: 0
[algo1a-g3-l1-modal] 
[algo1a-g3-l1-modal] [36m(CommandActor pid=2544)[0m [2026-09-29 18:12:41] INFO:     172.20.9.67:32503 - "POST /generate HTTP/1.1" 200 OK
[algo1a-g3-l1-modal] 
[algo1a-g3-l1-modal] [36m(CommandActor pid=2544)[0m [2026-09-29 18:12:41] INFO:     172.20.9.67:41505 - "POST /generate HTTP/1.1" 200 OK
[algo1a-g3-l1-modal] 
[algo1a-g3-l1-modal] [36m(CommandActor pid=2544)[0m [2026-09-29 18:12:41] INFO:     172.20.9.67:43368 - "POST /generate HTTP/1.1" 200 OK
[algo1a-g3-l1-modal] 
[algo1a-g3-l1-modal] [36m(CommandActor pid=2544)[0m [2026-09-29 18:12:41] INFO:     172.20.9.67:44705 - "POST /generate HTTP/1.1" 200 OK
[algo1a-g3-l1-modal] 
[algo1a-g3-l1-modal] [36m(RolloutExecutor pid=2542)[0m Rollout generation:  50%|█████     | 16/32 [00:05<00:04,  3.57it/s]
[algo1a-g3-l1-modal] 
[algo1a-g3-l1-modal] [36m(CommandActor pid=2544)[0m [2026-09-29 18:12:41] INFO:     172.20.9.67:34894 - "POST /generate HTTP/1.1" 200 OK
[algo1a-g3-l1-modal] 
[algo1a-g3-l1-modal] [36m(CommandActor pid=2544)[0m [2026-09-29 18:12:41] INFO:     172.20.9.67:63081 - "POST /generate HTTP/1.1" 200 OK
[algo1a-g3-l1-modal] 
[algo1a-g3-l1-modal] [36m(CommandActor pid=2544)[0m [2026-09-29 18:12:41] Decode batch, #running-req: 11, #token: 2017, token usage: 0.01, cuda graph: True, gen throughput (token/s): 2901.81, #queue-req: 0
[algo1a-g3-l1-modal] 
[algo1a-g3-l1-modal] [36m(CommandActor pid=2544)[0m [2026-09-29 18:12:41] INFO:     172.20.9.67:23122 - "POST /generate HTTP/1.1" 200 OK
[algo1a-g3-l1-modal] 
[algo1a-g3-l1-modal] [36m(CommandActor pid=2544)[0m [2026-09-29 18:12:41] INFO:     172.20.9.67:34445 - "POST /generate HTTP/1.1" 200 OK
[algo1a-g3-l1-modal] 
[36m(CommandActor pid=2544)[0m [2026-09-29 18:12:41] INFO:     172.20.9.67:48090 - "POST /generate HTTP/1.1" 200 OK
[algo1a-g3-l1-modal] [36m(CommandActor pid=2544)[0m [2026-09-29 18:12:41] INFO:     172.20.9.67:63864 - "POST /generate HTTP/1.1" 200 OK
[algo1a-g3-l1-modal] 
[algo1a-g3-l1-modal] [36m(CommandActor pid=2544)[0m [2026-09-29 18:12:41] Decode batch, #running-req: 7, #token: 1618, token usage: 0.01, cuda graph: True, gen throughput (token/s): 1880.35, #queue-req: 0
[algo1a-g3-l1-modal] 
[algo1a-g3-l0-modal] [36m(MegatronTrainRayActor pid=2861)[0m /opt/sglang/lib/python3.12/site-packages/torch/distributed/c10d_logger.py:83: UserWarning: barrier(): using the device under current context. You can specify `device_id` in `init_process_group` to mute this warning.
[algo1a-g3-l0-modal] 
[algo1a-g3-l0-modal] [36m(MegatronTrainRayActor pid=2861)[0m   return func(*args, **kwargs)
[algo1a-g3-l1-modal] [36m(CommandActor pid=2544)[0m [2026-09-29 18:12:41] INFO:     172.20.9.67:47666 - "POST /generate HTTP/1.1" 200 OK
[algo1a-g3-l1-modal] 
[algo1a-g3-l1-modal] [36m(CommandActor pid=2544)[0m [2026-09-29 18:12:41] INFO:     172.20.9.67:45211 - "POST /generate HTTP/1.1" 200 OK
[algo1a-g3-l1-modal] 
[algo1a-g3-l1-modal] [36m(CommandActor pid=2544)[0m [2026-09-29 18:12:41] Decode batch, #running-req: 5, #token: 1416, token usage: 0.01, cuda graph: True, gen throughput (token/s): 1208.43, #queue-req: 0
[algo1a-g3-l1-modal] 
[algo1a-g3-l1-modal] [36m(CommandActor pid=2544)[0m [2026-09-29 18:12:42] Decode batch, #running-req: 4, #token: 1335, token usage: 0.00, cuda graph: True, gen throughput (token/s): 917.39, #queue-req: 0
[algo1a-g3-l1-modal] 
[algo1a-g3-l0-modal] 
[algo1a-g3-l0-modal] [36m(TrainerController pid=2557)[0m [2026-09-29 18:12:41.849 trainer_controller_actor] cell.py:239 - ft op=execute phase=end cell=trainer-engine-actor-00000 fn=run_plugin ok=true elapsed_s=28.2
[algo1a-g3-l0-modal] 
[algo1a-g3-l0-modal] [36m(TrainerController pid=2557)[0m [2026-09-29 18:12:41.918 trainer_controller_actor] cell.py:231 - ft op=execute phase=start cell=trainer-engine-actor-00000 fn=run_plugin n_actors=1
[algo1a-g3-l0-modal] 
[algo1a-g3-l1-modal] [36m(CommandActor pid=2544)[0m [2026-09-29 18:12:42] Decode batch, #running-req: 4, #token: 1495, token usage: 0.01, cuda graph: True, gen throughput (token/s): 822.76, #queue-req: 0
[algo1a-g3-l1-modal] 
[algo1a-g3-l1-modal] [36m(CommandActor pid=2544)[0m [2026-09-29 18:12:42] Decode batch, #running-req: 4, #token: 1655, token usage: 0.01, cuda graph: True, gen throughput (token/s): 823.36, #queue-req: 0
[algo1a-g3-l0-modal] [36m(TrainerController pid=2557)[0m [2026-09-29 18:12:42.239 trainer_controller_actor] cell.py:239 - ft op=execute phase=end cell=trainer-engine-actor-00000 fn=run_plugin ok=true elapsed_s=0.3
[algo1a-g3-l0-modal] 
[algo1a-g3-l1-modal] 
[algo1a-g3-l1-modal] [36m(RolloutExecutor pid=2542)[0m Rollout generation:  75%|███████▌  | 24/32 [00:06<00:01,  4.73it/s]Rollout generation: 100%|██████████| 32/32 [00:06<00:00,  5.07it/s]
[algo1a-g3-l1-modal] 
[algo1a-g3-l1-modal] [36m(RolloutExecutor pid=2542)[0m [2026-09-29 18:12:42.554 rollout_executor] inference_rollout_train.py:161 - Finish rollout: text_preview=<|im_start|>system\nYou are a helpful assistant. Please put the answer within \boxed{}.<|im_end|>\n<|im_start|>user\nKen created a care package to send to his brother, who was away at boarding school.  Ken placed a box on a scale, and then he poured into the box enough jelly beans to bring the weight to 2 pounds.  Then, he added enough brownies to cause the weight to triple.  Next, he added another 2 pounds of jelly beans.  And finally, he added enough gummy worms to double the weight once again.  What was ...<truncated chars=1512>, label=16, reward_summary=0.0
[algo1a-g3-l1-modal] 
[36m(RolloutExecutor pid=2542)[0m [2026-09-29 18:12:42.557 rollout_executor] inference_rollout_train.py:33 - Abort request for ['http://172.20.9.67:20002']
[algo1a-g3-l1-modal] [36m(RolloutExecutor pid=2542)[0m [2026-09-29 18:12:42.564 rollout_executor] rollout_data_conversion.py:39 - Final collected 32 samples from rollout to train
[algo1a-g3-l1-modal] 
[algo1a-g3-l1-modal] [36m(RolloutExecutor pid=2542)[0m [2026-09-29 18:12:42.564 rollout_executor] metrics.py:93 - perf 1: {'rollout/raw_reward_unfiltered': 0.40625, 'rollout/num_training_samples': 32, 'rollout/episode_raw_reward': 0.40625, 'rollout/episode_response_length/mean': 161.28125, 'rollout/episode_response_length/median': 132.0, 'rollout/episode_response_length/max': 384, 'rollout/episode_response_length/min': 63, 'rollout/episode_total_response_length/mean': 161.28125, 'rollout/response_len/mean': 161.28125, 'rollout/response_len/median': 132.0, 'rollout/response_len/max': 384, 'rollout/response_len/min': 63, 'rollout/zero_std/count_0.0': 1, 'rollout/zero_std/all_zero_percentage': 0.25, 'rollout/zero_std/all_one_percentage': 0.0, 'rollout/prefix_cache_hit_rate': 0.0, 'rollout/avg_cached_tokens_per_sample': 0.0, 'rollout/repetition_frac': 0.0, 'rollout/truncated_ratio': 0.125, 'perf/rollout_time': 6.318836450576782, 'perf/tokens_per_gpu_per_sec': 816.7642951937622, 'perf/longest_sample_tokens_per_sec': 60.770681913273535, 'perf/effective_tokens_per_gpu_per_sec': 816.7642951937622, 'perf/longest_effective_sample_tokens_per_sec': 60.770681913273535}
[algo1a-g3-l1-modal] 
[algo1a-g3-l1-modal] [36m(RolloutExecutor pid=2542)[0m [2026-09-29 18:12:42.566 rollout_executor] train_data_conversion.py:334 - Rollout-side DP schedule: num_samples=32, num_rollouts=[32], num_microbatches=[32]
[algo1a-g3-l1-modal] 
[algo1a-g3-l1-modal] [36m(CommandActor pid=2544)[0m [2026-09-29 18:12:42] INFO:     172.20.9.67:27290 - "POST /generate HTTP/1.1" 200 OK
[algo1a-g3-l1-modal] 
[algo1a-g3-l1-modal] [36m(CommandActor pid=2544)[0m [2026-09-29 18:12:42] INFO:     172.20.9.67:44288 - "POST /generate HTTP/1.1" 200 OK
[algo1a-g3-l1-modal] 
[algo1a-g3-l1-modal] [36m(CommandActor pid=2544)[0m [2026-09-29 18:12:42] INFO:     172.20.9.67:22724 - "POST /generate HTTP/1.1" 200 OK
[algo1a-g3-l1-modal] 
[algo1a-g3-l1-modal] [36m(CommandActor pid=2544)[0m [2026-09-29 18:12:42] INFO:     172.20.9.67:54160 - "POST /generate HTTP/1.1" 200 OK
[algo1a-g3-l1-modal] 
[algo1a-g3-l1-modal] [36m(CommandActor pid=2544)[0m [2026-09-29 18:12:42] INFO:     172.20.9.67:63650 - "POST /abort_request HTTP/1.1" 200 OK
[algo1a-g3-l1-modal] 
[algo1a-g3-l1-modal] [36m(InferenceController pid=2543)[0m [2026-09-29 18:12:42.577 inference_controller] _client.py:1740 - HTTP Request: GET http://172.20.9.67:20002/flush_cache "HTTP/1.1 200 OK"
[algo1a-g3-l1-modal] 
[algo1a-g3-l1-modal] [36m(CommandActor pid=2544)[0m [2026-09-29 18:12:42] INFO:     172.20.9.67:48031 - "GET /flush_cache HTTP/1.1" 200 OK
[algo1a-g3-l1-modal] 
[algo1a-g3-l1-modal] [36m(CommandActor pid=2544)[0m [2026-09-29 18:12:42] Cache flushed successfully!
[algo1a-g3-l1-modal] 
[algo1a-g3-l1-modal] [36m(CommandActor pid=2544)[0m [2026-09-29 18:12:42] Cache flushed successfully!
[algo1a-g3-l1-modal] 
[algo1a-g3-l0-modal] [36m(TrainerController pid=2557)[0m [2026-09-29 18:12:42.750 trainer_controller_actor] cell.py:231 - ft op=execute phase=start cell=trainer-engine-actor-00000 fn=run_plugin n_actors=1
[algo1a-g3-l1-modal] [36m(InferenceController pid=2543)[0m [2026-09-29 18:12:42.987 inference_controller] _client.py:1740 - HTTP Request: POST http://172.20.9.67:20002/release_memory_occupation "HTTP/1.1 200 OK"
[algo1a-g3-l1-modal] 
[algo1a-g3-l0-modal] 
[algo1a-g3-l1-modal] [36m(CommandActor pid=2544)[0m [2026-09-29 18:12:42] INFO:     172.20.9.67:48031 - "POST /release_memory_occupation HTTP/1.1" 200 OK
[algo1a-g3-l1-modal] 
[algo1a-g3-l1-modal] [36m(TrainerController pid=2549)[0m [2026-09-29 18:12:42.995 trainer_controller_actor] cell.py:231 - ft op=execute phase=start cell=trainer-engine-actor-00000 fn=wake_up n_actors=1
[algo1a-g3-l1-modal] 
[algo1a-g3-l1-modal] [36m(MegatronTrainRayActor pid=2849)[0m [2026-09-29 18:12:42.996 actor_cell00000_rank00000] structured_log.py:24 - actor cls=MegatronTrainRayActor fn=wake_up phase=start
[algo1a-g3-l1-modal] 
[algo1a-g3-l1-modal] [36m(MegatronTrainRayActor pid=2849)[0m [2026-09-29 18:12:42.996 actor_cell00000_rank00000] timer.py:31 - Timer wake_up start
[algo1a-g3-l1-modal] 
[algo1a-g3-l1-modal] [36m(MegatronTrainRayActor pid=2849)[0m [2026-09-29 18:12:42.997 actor_cell00000_rank00000] memory_utils.py:41 - [Rank 0] Memory-Usage before wake_up model: {'gpu': '0', 'total_GB': 79.18, 'free_GB': 74.61, 'used_GB': 4.56, 'allocated_GB': 1.38, 'reserved_GB': 1.49}
[algo1a-g3-l1-modal] 
[algo1a-g3-l0-modal] [36m(TrainerController pid=2557)[0m [2026-09-29 18:12:43.026 trainer_controller_actor] cell.py:239 - ft op=execute phase=end cell=trainer-engine-actor-00000 fn=run_plugin ok=true elapsed_s=0.3
[algo1a-g3-l0-modal] 
[algo1a-g3-l1-modal] [36m(TrainerController pid=2549)[0m [2026-09-29 18:12:43.691 trainer_controller_actor] cell.py:239 - ft op=execute phase=end cell=trainer-engine-actor-00000 fn=wake_up ok=true elapsed_s=0.7
[algo1a-g3-l1-modal] 
[algo1a-g3-l1-modal] [36m(TrainerController pid=2549)[0m [2026-09-29 18:12:43.694 trainer_controller_actor] group.py:190 - ft op=train phase=start rollout=1 attempt=0
[algo1a-g3-l1-modal] 
[algo1a-g3-l1-modal] [36m(TrainerController pid=2549)[0m [2026-09-29 18:12:43.694 trainer_controller_actor] group.py:534 - ft op=refresh phase=start rollout=1 alive=0 healing= all_states="(0, 'StateAllocatedAlive')" quorum=0
[algo1a-g3-l1-modal] 
[algo1a-g3-l1-modal] [36m(TrainerController pid=2549)[0m [2026-09-29 18:12:43.695 trainer_controller_actor] group.py:557 - ft op=refresh phase=decision rollout=1 needs_reconfigure=false reason=alive_config_unchanged,no_healing quorum=0
[algo1a-g3-l1-modal] 
[algo1a-g3-l1-modal] [36m(TrainerController pid=2549)[0m [2026-09-29 18:12:43.695 trainer_controller_actor] cell.py:231 - ft op=execute phase=start cell=trainer-engine-actor-00000 fn=train n_actors=1
[algo1a-g3-l1-modal] 
[algo1a-g3-l1-modal] [36m(MegatronTrainRayActor pid=2849)[0m [2026-09-29 18:12:43.686 actor_cell00000_rank00000] reloadable_process_group.py:151 - Reloading 0 process groups in pid 2849
[algo1a-g3-l1-modal] 
[algo1a-g3-l1-modal] [36m(MegatronTrainRayActor pid=2849)[0m [2026-09-29 18:12:43.689 actor_cell00000_rank00000] memory_utils.py:41 - [Rank 0] Memory-Usage after wake_up model: {'gpu': '0', 'total_GB': 79.18, 'free_GB': 73.14, 'used_GB': 6.04, 'allocated_GB': 1.38, 'reserved_GB': 1.49}
[algo1a-g3-l1-modal] 
[algo1a-g3-l1-modal] [36m(MegatronTrainRayActor pid=2849)[0m [2026-09-29 18:12:43.689 actor_cell00000_rank00000] timer.py:42 - Timer wake_up end (elapsed: 0.7s)
[algo1a-g3-l1-modal] 
[algo1a-g3-l1-modal] [36m(MegatronTrainRayActor pid=2849)[0m [2026-09-29 18:12:43.689 actor_cell00000_rank00000] structured_log.py:28 - actor cls=MegatronTrainRayActor fn=wake_up phase=end ok=true elapsed_s=0.7
[algo1a-g3-l1-modal] 
[algo1a-g3-l1-modal] [36m(MegatronTrainRayActor pid=2849)[0m [2026-09-29 18:12:43.696 actor_cell00000_rank00000] structured_log.py:24 - actor cls=MegatronTrainRayActor fn=train phase=start
[algo1a-g3-l1-modal] 
[algo1a-g3-l1-modal] [36m(MegatronTrainRayActor pid=2849)[0m [2026-09-29 18:12:43.696 actor_cell00000_rank00000] timer.py:31 - Timer data_preprocess start
[algo1a-g3-l1-modal] 
[algo1a-g3-l1-modal] [36m(MegatronTrainRayActor pid=2849)[0m [2026-09-29 18:12:43.701 actor_cell00000_rank00000] timer.py:42 - Timer data_preprocess end (elapsed: 0.0s)
[algo1a-g3-l1-modal] 
[algo1a-g3-l1-modal] [36m(MegatronTrainRayActor pid=2849)[0m [2026-09-29 18:12:43.701 actor_cell00000_rank00000] structured_log.py:24 - actor cls=MegatronTrainRayActor fn=_train_actor phase=start
[algo1a-g3-l1-modal] 
[algo1a-g3-l1-modal] [36m(MegatronTrainRayActor pid=2849)[0m [2026-09-29 18:12:43.701 actor_cell00000_rank00000] timer.py:42 - Timer train_wait end (elapsed: 116.1s)
[algo1a-g3-l1-modal] 
[algo1a-g3-l1-modal] [36m(MegatronTrainRayActor pid=2849)[0m [2026-09-29 18:12:43.701 actor_cell00000_rank00000] timer.py:31 - Timer train start
[algo1a-g3-l1-modal] 
[algo1a-g3-l1-modal] [36m(MegatronTrainRayActor pid=2849)[0m [2026-09-29 18:12:43.701 actor_cell00000_rank00000] structured_log.py:24 - actor cls=MegatronTrainRayActor fn=_compute_log_prob phase=start
[algo1a-g3-l1-modal] 
[algo1a-g3-l1-modal] [36m(MegatronTrainRayActor pid=2849)[0m [2026-09-29 18:12:43.701 actor_cell00000_rank00000] timer.py:31 - Timer log_probs start
[algo1a-g3-l1-modal] 
[algo1a-g3-l0-modal] [36m(InferenceController pid=2560)[0m [2026-09-29 18:12:43.757 inference_controller] _client.py:1740 - HTTP Request: POST http://172.20.8.163:20002/resume_memory_occupation "HTTP/1.1 200 OK"
[algo1a-g3-l0-modal] 
[algo1a-g3-l0-modal] [36m(CommandActor pid=2561)[0m [2026-09-29 18:12:43] INFO:     172.20.8.163:24304 - "POST /resume_memory_occupation HTTP/1.1" 200 OK
[algo1a-g3-l0-modal] 
[algo1a-g3-l0-modal] [36m(CommandActor pid=2561)[0m [2026-09-29 18:12:43] INFO:     172.20.8.163:38903 - "POST /pause_generation HTTP/1.1" 200 OK
[algo1a-g3-l0-modal] 
[algo1a-g3-l0-modal] [36m(CommandActor pid=2561)[0m [2026-09-29 18:12:43] INFO:     172.20.8.163:38903 - "GET /flush_cache HTTP/1.1" 200 OK
[algo1a-g3-l0-modal] 
[algo1a-g3-l0-modal] [36m(CommandActor pid=2561)[0m [2026-09-29 18:12:43] INFO:     172.20.8.163:38903 - "POST /begin_weight_update HTTP/1.1" 200 OK
[algo1a-g3-l0-modal] 
[algo1a-g3-l0-modal] [36m(CommandActor pid=2561)[0m [2026-09-29 18:12:43] Cache flush skipped: KV cache memory is released.
[algo1a-g3-l0-modal] 
[algo1a-g3-l0-modal] [36m(TrainerController pid=2557)[0m [2026-09-29 18:12:43.764 trainer_controller_actor] group.py:392 - ft op=update_weights phase=start rollout=
[algo1a-g3-l0-modal] 
[algo1a-g3-l0-modal] [36m(TrainerController pid=2557)[0m [2026-09-29 18:12:43.764 trainer_controller_actor] cell.py:231 - ft op=execute phase=start cell=trainer-engine-actor-00000 fn=update_weights n_actors=1
[algo1a-g3-l0-modal] 
[algo1a-g3-l0-modal] [36m(MegatronTrainRayActor pid=2861)[0m [2026-09-29 18:12:43.766 actor_cell00000_rank00000] structured_log.py:24 - actor cls=MegatronTrainRayActor fn=update_weights phase=start
[algo1a-g3-l0-modal] 
[algo1a-g3-l0-modal] [36m(MegatronTrainRayActor pid=2861)[0m [2026-09-29 18:12:43.766 actor_cell00000_rank00000] timer.py:31 - Timer update_weights start
[algo1a-g3-l0-modal] 
[algo1a-g3-l0-modal] [36m(MegatronTrainRayActor pid=2861)[0m [2026-09-29 18:12:43.767 actor_cell00000_rank00000] memory_utils.py:41 - [Rank 0] Memory-Usage before update_weights: {'gpu': '0', 'total_GB': 79.18, 'free_GB': 70.15, 'used_GB': 9.03, 'allocated_GB': 1.38, 'reserved_GB': 3.3}
[algo1a-g3-l0-modal] 
[algo1a-g3-l0-modal] [36m(MegatronTrainRayActor pid=2861)[0m [2026-09-29 18:12:43.771 actor_cell00000_rank00000] _client.py:1740 - HTTP Request: POST http://172.20.8.163:20002/pause_generation "HTTP/1.1 200 OK"
[algo1a-g3-l0-modal] 
[algo1a-g3-l0-modal] [36m(MegatronTrainRayActor pid=2861)[0m [2026-09-29 18:12:43.774 actor_cell00000_rank00000] _client.py:1740 - HTTP Request: GET http://172.20.8.163:20002/flush_cache "HTTP/1.1 200 OK"
[algo1a-g3-l0-modal] 
[algo1a-g3-l0-modal] [36m(MegatronTrainRayActor pid=2861)[0m [2026-09-29 18:12:43.777 actor_cell00000_rank00000] _client.py:1740 - HTTP Request: POST http://172.20.8.163:20002/begin_weight_update "HTTP/1.1 200 OK"
[algo1a-g3-l0-modal] 
[algo1a-g3-l0-modal] [36m(MegatronTrainRayActor pid=2861)[0m [2026-09-29 18:12:43.778 actor_cell00000_rank00000] timer.py:31 - Timer update_weights_implementation start
[algo1a-g3-l0-modal] 
[algo1a-g3-l0-modal] [36m(MegatronTrainRayActor pid=2861)[0m [miles-colocate] Update weights: 0it [00:00, ?it/s]
[algo1a-g3-l0-modal] 
[algo1a-g3-l0-modal] [36m(CommandActor pid=2561)[0m [2026-09-29 18:12:43] INFO:     172.20.8.163:38903 - "POST /update_weights_from_tensor HTTP/1.1" 200 OK
[algo1a-g3-l0-modal] 
[algo1a-g3-l0-modal] [36m(CommandActor pid=2561)[0m [2026-09-29 18:12:43] INFO:     172.20.8.163:38903 - "POST /end_weight_update HTTP/1.1" 200 OK
[algo1a-g3-l0-modal] 
[algo1a-g3-l0-modal] [36m(CommandActor pid=2561)[0m [2026-09-29 18:12:43] INFO:     172.20.8.163:38903 - "POST /update_weight_version HTTP/1.1" 200 OK
[algo1a-g3-l0-modal] 
[algo1a-g3-l0-modal] [36m(CommandActor pid=2561)[0m [2026-09-29 18:12:43] INFO:     172.20.8.163:38903 - "POST /continue_generation HTTP/1.1" 200 OK
[algo1a-g3-l0-modal] 
[algo1a-g3-l0-modal] [36m(CommandActor pid=2561)[0m [2026-09-29 18:12:43] LoRA adapter loading from tensors starts: LoRARef(lora_id=72440d8475b94d43b98ff2b64f237cb7, lora_name=miles_lora, lora_path=__stream__, pinned=False, reloadable=False).
[36m(CommandActor pid=2561)[0m [2026-09-29 18:12:43] LoRA adapter '72440d8475b94d43b98ff2b64f237cb7': loaded weights for target modules ['down_proj', 'gate_up_proj', 'o_proj', 'qkv_proj'].
[algo1a-g3-l0-modal] [36m(CommandActor pid=2561)[0m [2026-09-29 18:12:43] LoRA adapter loading from tensors completes: LoRARef(lora_id=72440d8475b94d43b98ff2b64f237cb7, lora_name=miles_lora, lora_path=__stream__, pinned=False, reloadable=False).
[algo1a-g3-l0-modal] 
[algo1a-g3-l0-modal] [36m(CommandActor pid=2561)[0m [2026-09-29 18:12:43] Weight version changed. old_version='yeto:0:a34cd30f37ee5ffaad784b92defd77b3b6ce68095faf29288d5ea460912617c4' new_version='2' num_recorded=0
[algo1a-g3-l0-modal] 
[algo1a-g3-l0-modal] [36m(CommandActor pid=2561)[0m [2026-09-29 18:12:43] [continue_generation] torch.cuda.empty_cache() called: reserved 32306.0 MB -> 32266.0 MB (freed 40.0 MB)
[algo1a-g3-l0-modal] 
[algo1a-g3-l0-modal] [36m(MegatronTrainRayActor pid=2861)[0m [2026-09-29 18:12:43.850 actor_cell00000_rank00000] _client.py:1740 - HTTP Request: POST http://172.20.8.163:20002/update_weights_from_tensor "HTTP/1.1 200 OK"
[algo1a-g3-l0-modal] 
[algo1a-g3-l0-modal] [36m(MegatronTrainRayActor pid=2861)[0m [2026-09-29 18:12:43.851 actor_cell00000_rank00000] timer.py:42 - Timer update_weights_implementation end (elapsed: 0.1s)
[algo1a-g3-l0-modal] 
[algo1a-g3-l0-modal] [36m(MegatronTrainRayActor pid=2861)[0m [2026-09-29 18:12:43.851 actor_cell00000_rank00000] timer.py:31 - Timer finalize_and_resume_engines start
[algo1a-g3-l0-modal] 
[algo1a-g3-l0-modal] [36m(MegatronTrainRayActor pid=2861)[0m [2026-09-29 18:12:43.917 actor_cell00000_rank00000] _client.py:1740 - HTTP Request: POST http://172.20.8.163:20002/end_weight_update "HTTP/1.1 200 OK"
[algo1a-g3-l0-modal] 
[algo1a-g3-l0-modal] [36m(MegatronTrainRayActor pid=2861)[0m [2026-09-29 18:12:43.920 actor_cell00000_rank00000] _client.py:1740 - HTTP Request: POST http://172.20.8.163:20002/update_weight_version "HTTP/1.1 200 OK"
[algo1a-g3-l0-modal] 
[algo1a-g3-l0-modal] [36m(MegatronTrainRayActor pid=2861)[0m [2026-09-29 18:12:43.922 actor_cell00000_rank00000] _client.py:1740 - HTTP Request: POST http://172.20.8.163:20002/continue_generation "HTTP/1.1 200 OK"
[algo1a-g3-l0-modal] 
[algo1a-g3-l0-modal] [36m(MegatronTrainRayActor pid=2861)[0m [2026-09-29 18:12:43.923 actor_cell00000_rank00000] timer.py:42 - Timer finalize_and_resume_engines end (elapsed: 0.1s)
[algo1a-g3-l0-modal] 
[algo1a-g3-l0-modal] [36m(InferenceController pid=2560)[0m [2026-09-29 18:12:43.997 inference_controller] _client.py:1740 - HTTP Request: POST http://172.20.8.163:20002/resume_memory_occupation "HTTP/1.1 200 OK"
[algo1a-g3-l0-modal] [36m(CommandActor pid=2561)[0m [2026-09-29 18:12:43] INFO:     172.20.8.163:24304 - "POST /resume_memory_occupation HTTP/1.1" 200 OK
[algo1a-g3-l0-modal] 
[algo1a-g3-l0-modal] [36m(CommandActor pid=2561)[0m [2026-09-29 18:12:44] INFO:     172.20.8.163:37004 - "POST /update_weight_version HTTP/1.1" 200 OK
[algo1a-g3-l0-modal] 
[algo1a-g3-l0-modal] [36m(CommandActor pid=2561)[0m [2026-09-29 18:12:44] INFO:     172.20.8.163:37004 - "GET /model_info HTTP/1.1" 200 OK
[algo1a-g3-l0-modal] 
[algo1a-g3-l0-modal] [36m(CommandActor pid=2561)[0m [2026-09-29 18:12:44] Weight version changed. old_version='2' new_version='yeto:1:4ae2527baff3b334501aede146a5739ee5c9e18106c8392a28b380627afcece5' num_recorded=0
[algo1a-g3-l0-modal] 
[algo1a-g3-l0-modal] [36m(CommandActor pid=2561)[0m [2026-09-29 18:12:44] [WeightChecker] handle action=checksum allow_quant_error=False skip_tensor_list=None
[algo1a-g3-l0-modal] 
[algo1a-g3-l0-modal] [36m(TrainerController pid=2557)[0m [2026-09-29 18:12:43.958 trainer_controller_actor] cell.py:239 - ft op=execute phase=end cell=trainer-engine-actor-00000 fn=update_weights ok=true elapsed_s=0.2
[algo1a-g3-l0-modal] 
[algo1a-g3-l0-modal] [36m(MegatronTrainRayActor pid=2861)[0m [miles-colocate] Update weights: 1it [00:00,  5.64it/s]
[algo1a-g3-l0-modal] 
[algo1a-g3-l0-modal] [36m(MegatronTrainRayActor pid=2861)[0m [2026-09-29 18:12:43.956 actor_cell00000_rank00000] memory_utils.py:41 - [Rank 0] Memory-Usage after update_weights: {'gpu': '0', 'total_GB': 79.18, 'free_GB': 71.98, 'used_GB': 7.2, 'allocated_GB': 1.38, 'reserved_GB': 1.49}
[algo1a-g3-l0-modal] 
[algo1a-g3-l0-modal] [36m(MegatronTrainRayActor pid=2861)[0m [2026-09-29 18:12:43.957 actor_cell00000_rank00000] timer.py:42 - Timer update_weights end (elapsed: 0.2s)
[algo1a-g3-l0-modal] 
[algo1a-g3-l0-modal] [36m(MegatronTrainRayActor pid=2861)[0m [2026-09-29 18:12:43.957 actor_cell00000_rank00000] structured_log.py:28 - actor cls=MegatronTrainRayActor fn=update_weights phase=end ok=true elapsed_s=0.2
[algo1a-g3-l0-modal] 
[algo1a-g3-l0-modal] [36m(CommandActor pid=2561)[0m [2026-09-29 18:12:44] [WeightChecker] checksum computed for 226 tensors in 0.022s
[algo1a-g3-l0-modal] 
[algo1a-g3-l0-modal] [36m(InferenceController pid=2560)[0m [2026-09-29 18:12:44.040 inference_controller] _client.py:1740 - HTTP Request: POST http://172.20.8.163:20002/weights_checker "HTTP/1.1 200 OK"
[algo1a-g3-l0-modal] 
[algo1a-g3-l0-modal] [36m(CommandActor pid=2561)[0m [2026-09-29 18:12:44] INFO:     172.20.8.163:24304 - "POST /weights_checker HTTP/1.1" 200 OK
[algo1a-g3-l0-modal] 
[algo1a-g3-l0-modal] [36m(TrainerController pid=2557)[0m [2026-09-29 18:12:44.047 trainer_controller_actor] cell.py:231 - ft op=execute phase=start cell=trainer-engine-actor-00000 fn=sleep n_actors=1
[algo1a-g3-l0-modal] 
[algo1a-g3-l0-modal] [36m(MegatronTrainRayActor pid=2861)[0m [2026-09-29 18:12:44.048 actor_cell00000_rank00000] structured_log.py:24 - actor cls=MegatronTrainRayActor fn=sleep phase=start
[36m(MegatronTrainRayActor pid=2861)[0m [2026-09-29 18:12:44.048 actor_cell00000_rank00000] timer.py:31 - Timer sleep start
[algo1a-g3-l0-modal] [36m(MegatronTrainRayActor pid=2861)[0m [2026-09-29 18:12:44.827 actor_cell00000_rank00000] memory_utils.py:41 - [Rank 0] Memory-Usage before offload model: {'gpu': '0', 'total_GB': 79.18, 'free_GB': 41.95, 'used_GB': 37.23, 'allocated_GB': 1.38, 'reserved_GB': 1.47}
[algo1a-g3-l0-modal] [36m(RolloutExecutor pid=2559)[0m Rollout generation:   0%|          | 0/32 [00:00<?, ?it/s]
[algo1a-g3-l0-modal] 
[algo1a-g3-l0-modal] [36m(TrainerController pid=2557)[0m [2026-09-29 18:12:45.561 trainer_controller_actor] cell.py:239 - ft op=execute phase=end cell=trainer-engine-actor-00000 fn=sleep ok=true elapsed_s=1.5
[algo1a-g3-l0-modal] 
[algo1a-g3-l0-modal] [36m(MegatronTrainRayActor pid=2861)[0m [2026-09-29 18:12:45.559 actor_cell00000_rank00000] memory_utils.py:41 - [Rank 0] Memory-Usage after offload model: {'gpu': '0', 'total_GB': 79.18, 'free_GB': 43.4, 'used_GB': 35.78, 'allocated_GB': 1.38, 'reserved_GB': 1.47}
[algo1a-g3-l0-modal] 
[algo1a-g3-l0-modal] [36m(MegatronTrainRayActor pid=2861)[0m [2026-09-29 18:12:45.559 actor_cell00000_rank00000] log_utils.py:436 - [CPU memory] after_offload_train: 68.78 GB (rollout_id=0, step=0)
[algo1a-g3-l0-modal] 
[algo1a-g3-l0-modal] [36m(MegatronTrainRayActor pid=2861)[0m [2026-09-29 18:12:45.559 actor_cell00000_rank00000] timer.py:42 - Timer sleep end (elapsed: 1.5s)
[algo1a-g3-l0-modal] 
[algo1a-g3-l0-modal] [36m(MegatronTrainRayActor pid=2861)[0m [2026-09-29 18:12:45.560 actor_cell00000_rank00000] structured_log.py:28 - actor cls=MegatronTrainRayActor fn=sleep phase=end ok=true elapsed_s=1.5
[algo1a-g3-l0-modal] 
[algo1a-g3-l1-modal] [36m(MegatronTrainRayActor pid=2849)[0m [2026-09-29 18:12:48.385 actor_cell00000_rank00000] timer.py:42 - Timer log_probs end (elapsed: 4.7s)
[algo1a-g3-l1-modal] 
[algo1a-g3-l1-modal] [36m(MegatronTrainRayActor pid=2849)[0m [2026-09-29 18:12:48.386 actor_cell00000_rank00000] structured_log.py:28 - actor cls=MegatronTrainRayActor fn=_compute_log_prob phase=end ok=true elapsed_s=4.7
[algo1a-g3-l1-modal] 
[algo1a-g3-l1-modal] [36m(MegatronTrainRayActor pid=2849)[0m [2026-09-29 18:12:48.392 actor_cell00000_rank00000] log_utils.py:100 - ft op=cross_cell phase=start kind=log_gather rank=0
[algo1a-g3-l1-modal] 
[algo1a-g3-l1-modal] [36m(MegatronTrainRayActor pid=2849)[0m [2026-09-29 18:12:48.393 actor_cell00000_rank00000] log_utils.py:106 - ft op=cross_cell phase=end kind=log_gather rank=0 success=true
[algo1a-g3-l1-modal] 
[algo1a-g3-l1-modal] [36m(MegatronTrainRayActor pid=2849)[0m [2026-09-29 18:12:48.393 actor_cell00000_rank00000] log_utils.py:126 - rollout 1: {'rollout/response_lengths': 161.28125, 'rollout/rewards': -3.725290298461914e-09, 'rollout/truncated': 0.125, 'rollout/rollout_log_probs': -0.346580445766449, 'rollout/raw_reward': 0.40625, 'rollout/total_lengths': 255.78125, 'rollout/log_probs': -0.34662312269210815, 'rollout/advantages': -1.4901161193847656e-08, 'rollout/returns': -1.4901161193847656e-08}
[algo1a-g3-l1-modal] 
[algo1a-g3-l1-modal] [36m(MegatronTrainRayActor pid=2849)[0m [2026-09-29 18:12:48.393 actor_cell00000_rank00000] timer.py:31 - Timer actor_train start
[algo1a-g3-l1-modal] 
[algo1a-g3-l0-modal] [36m(CommandActor pid=2561)[0m [2026-09-29 18:12:50] Prefill batch, #new-seq: 1, #new-token: 57, #cached-token: 0, token usage: 0.01, #running-req: 0, #queue-req: 0, #pending-token: 0, cuda graph: False, input throughput (token/s): 0.42
[algo1a-g3-l0-modal] 
[36m(CommandActor pid=2561)[0m [2026-09-29 18:12:50] Prefill batch, #new-seq: 31, #new-token: 2967, #cached-token: 0, token usage: 0.00, #running-req: 1, #queue-req: 0, #pending-token: 0, cuda graph: False, input throughput (token/s): 232565.76
[algo1a-g3-l0-modal] [36m(CommandActor pid=2561)[0m [2026-09-29 18:12:50] Decode batch, #running-req: 32, #token: 1624, token usage: 0.01, cuda graph: True, gen throughput (token/s): 9.58, #queue-req: 0
[algo1a-g3-l0-modal] 
[algo1a-g3-l0-modal] [36m(CommandActor pid=2561)[0m [2026-09-29 18:12:50] INFO:     172.20.8.163:43203 - "POST /generate HTTP/1.1" 200 OK
[algo1a-g3-l0-modal] 
[algo1a-g3-l0-modal] [36m(CommandActor pid=2561)[0m [2026-09-29 18:12:50] INFO:     172.20.8.163:22462 - "POST /generate HTTP/1.1" 200 OK
[algo1a-g3-l0-modal] 
[algo1a-g3-l0-modal] [36m(CommandActor pid=2561)[0m [2026-09-29 18:12:50] INFO:     172.20.8.163:55715 - "POST /generate HTTP/1.1" 200 OK
[algo1a-g3-l0-modal] 
[algo1a-g3-l0-modal] [36m(CommandActor pid=2561)[0m [2026-09-29 18:12:50] INFO:     172.20.8.163:35741 - "POST /generate HTTP/1.1" 200 OK
[algo1a-g3-l0-modal] 
[algo1a-g3-l0-modal] [36m(CommandActor pid=2561)[0m [2026-09-29 18:12:50] INFO:     172.20.8.163:25180 - "POST /generate HTTP/1.1" 200 OK
[algo1a-g3-l0-modal] [36m(CommandActor pid=2561)[0m [2026-09-29 18:12:50] INFO:     172.20.8.163:39974 - "POST /generate HTTP/1.1" 200 OK
[algo1a-g3-l0-modal] 
[algo1a-g3-l0-modal] [36m(CommandActor pid=2561)[0m [2026-09-29 18:12:50] INFO:     172.20.8.163:53189 - "POST /generate HTTP/1.1" 200 OK
[36m(CommandActor pid=2561)[0m [2026-09-29 18:12:50] INFO:     172.20.8.163:23989 - "POST /generate HTTP/1.1" 200 OK
[algo1a-g3-l0-modal] 
[algo1a-g3-l0-modal] [36m(CommandActor pid=2561)[0m [2026-09-29 18:12:50] INFO:     172.20.8.163:41998 - "POST /generate HTTP/1.1" 200 OK
[algo1a-g3-l0-modal] 
[algo1a-g3-l0-modal] [36m(CommandActor pid=2561)[0m [2026-09-29 18:12:50] INFO:     172.20.8.163:26838 - "POST /generate HTTP/1.1" 200 OK
[algo1a-g3-l0-modal] 
[algo1a-g3-l0-modal] [36m(CommandActor pid=2561)[0m [2026-09-29 18:12:50] Decode batch, #running-req: 29, #token: 2661, token usage: 0.01, cuda graph: True, gen throughput (token/s): 6038.54, #queue-req: 0
[algo1a-g3-l0-modal] 
[algo1a-g3-l0-modal] [36m(RolloutExecutor pid=2559)[0m [2026-09-29 18:12:50.887 rollout_executor] inference_rollout_train.py:137 - First rollout sample: text_preview=<|im_start|>system\nYou are a helpful assistant. Please put the answer within \boxed{}.<|im_end|>\n<|im_start|>user\nAlbert is wondering how much pizza he can eat in one day. He buys 2 large pizzas and 2 small pizzas. A large pizza has 16 slices and a small pizza has 8 slices. If he eats it all, how many pieces does he eat that day?<|im_end|>\n<|im_start|>assistant\n<think>\n\n</think>\n\n- A large pizza has **16 slices**.\n- A small pizza has **8 slices**.\n\nAlbert buys:\n- 2 large pizzas = $2 \times 16 =...<truncated chars=188>, label=48, reward_summary=1.0
[algo1a-g3-l0-modal] 
[algo1a-g3-l0-modal] [36m(RolloutExecutor pid=2559)[0m Rollout generation:  25%|██▌       | 8/32 [00:05<00:15,  1.50it/s]
[algo1a-g3-l0-modal] 
[algo1a-g3-l0-modal] [36m(CommandActor pid=2561)[0m [2026-09-29 18:12:50] INFO:     172.20.8.163:24139 - "POST /generate HTTP/1.1" 200 OK
[algo1a-g3-l0-modal] 
[algo1a-g3-l0-modal] [36m(CommandActor pid=2561)[0m [2026-09-29 18:12:50] INFO:     172.20.8.163:49214 - "POST /generate HTTP/1.1" 200 OK
[algo1a-g3-l0-modal] 
[algo1a-g3-l0-modal] [36m(CommandActor pid=2561)[0m [2026-09-29 18:12:50] INFO:     172.20.8.163:62949 - "POST /generate HTTP/1.1" 200 OK
[algo1a-g3-l0-modal] 
[algo1a-g3-l0-modal] [36m(CommandActor pid=2561)[0m [2026-09-29 18:12:50] INFO:     172.20.8.163:30757 - "POST /generate HTTP/1.1" 200 OK
[algo1a-g3-l0-modal] 
[algo1a-g3-l0-modal] [36m(CommandActor pid=2561)[0m [2026-09-29 18:12:50] INFO:     172.20.8.163:46639 - "POST /generate HTTP/1.1" 200 OK
[algo1a-g3-l0-modal] 
[algo1a-g3-l0-modal] [36m(CommandActor pid=2561)[0m [2026-09-29 18:12:50] INFO:     172.20.8.163:18273 - "POST /generate HTTP/1.1" 200 OK
[algo1a-g3-l0-modal] 
[algo1a-g3-l0-modal] [36m(CommandActor pid=2561)[0m [2026-09-29 18:12:50] INFO:     172.20.8.163:18602 - "POST /generate HTTP/1.1" 200 OK
[algo1a-g3-l0-modal] 
[algo1a-g3-l0-modal] [36m(CommandActor pid=2561)[0m [2026-09-29 18:12:50] Decode batch, #running-req: 17, #token: 2182, token usage: 0.01, cuda graph: True, gen throughput (token/s): 4303.08, #queue-req: 0
[algo1a-g3-l0-modal] 
[algo1a-g3-l0-modal] [36m(RolloutExecutor pid=2559)[0m Rollout generation:  50%|█████     | 16/32 [00:05<00:04,  3.44it/s]
[algo1a-g3-l0-modal] 
[algo1a-g3-l0-modal] [36m(CommandActor pid=2561)[0m [2026-09-29 18:12:51] INFO:     172.20.8.163:38973 - "POST /generate HTTP/1.1" 200 OK
[algo1a-g3-l0-modal] 
[algo1a-g3-l0-modal] [36m(CommandActor pid=2561)[0m [2026-09-29 18:12:51] INFO:     172.20.8.163:56309 - "POST /generate HTTP/1.1" 200 OK
[algo1a-g3-l0-modal] 
[algo1a-g3-l0-modal] [36m(CommandActor pid=2561)[0m [2026-09-29 18:12:51] INFO:     172.20.8.163:48427 - "POST /generate HTTP/1.1" 200 OK
[algo1a-g3-l0-modal] 
[algo1a-g3-l0-modal] [36m(CommandActor pid=2561)[0m [2026-09-29 18:12:51] INFO:     172.20.8.163:51172 - "POST /generate HTTP/1.1" 200 OK
[algo1a-g3-l0-modal] 
[algo1a-g3-l0-modal] [36m(CommandActor pid=2561)[0m [2026-09-29 18:12:51] INFO:     172.20.8.163:19989 - "POST /generate HTTP/1.1" 200 OK
[algo1a-g3-l0-modal] 
[algo1a-g3-l0-modal] [36m(CommandActor pid=2561)[0m [2026-09-29 18:12:51] Decode batch, #running-req: 10, #token: 1821, token usage: 0.01, cuda graph: True, gen throughput (token/s): 2784.29, #queue-req: 0
[algo1a-g3-l0-modal] 
[algo1a-g3-l0-modal] [36m(CommandActor pid=2561)[0m [2026-09-29 18:12:51] INFO:     172.20.8.163:55425 - "POST /generate HTTP/1.1" 200 OK
[algo1a-g3-l0-modal] 
[algo1a-g3-l0-modal] [36m(CommandActor pid=2561)[0m [2026-09-29 18:12:51] INFO:     172.20.8.163:27116 - "POST /generate HTTP/1.1" 200 OK
[algo1a-g3-l0-modal] 
[algo1a-g3-l0-modal] [36m(CommandActor pid=2561)[0m [2026-09-29 18:12:51] INFO:     172.20.8.163:25706 - "POST /generate HTTP/1.1" 200 OK
[algo1a-g3-l0-modal] 
[algo1a-g3-l0-modal] [36m(CommandActor pid=2561)[0m [2026-09-29 18:12:51] Decode batch, #running-req: 7, #token: 1618, token usage: 0.01, cuda graph: True, gen throughput (token/s): 1817.53, #queue-req: 0
[algo1a-g3-l0-modal] 
[algo1a-g3-l0-modal] [36m(CommandActor pid=2561)[0m [2026-09-29 18:12:51] INFO:     172.20.8.163:55402 - "POST /generate HTTP/1.1" 200 OK
[algo1a-g3-l0-modal] 
[algo1a-g3-l0-modal] [36m(CommandActor pid=2561)[0m [2026-09-29 18:12:51] INFO:     172.20.8.163:33791 - "POST /generate HTTP/1.1" 200 OK
[algo1a-g3-l0-modal] 
[algo1a-g3-l0-modal] [36m(CommandActor pid=2561)[0m [2026-09-29 18:12:51] Decode batch, #running-req: 5, #token: 1416, token usage: 0.01, cuda graph: True, gen throughput (token/s): 1232.73, #queue-req: 0
[algo1a-g3-l0-modal] 
[algo1a-g3-l0-modal] [36m(CommandActor pid=2561)[0m [2026-09-29 18:12:51] INFO:     172.20.8.163:46599 - "POST /generate HTTP/1.1" 200 OK
[algo1a-g3-l0-modal] 
[algo1a-g3-l0-modal] [36m(CommandActor pid=2561)[0m [2026-09-29 18:12:51] Decode batch, #running-req: 4, #token: 1335, token usage: 0.00, cuda graph: True, gen throughput (token/s): 918.11, #queue-req: 0
[algo1a-g3-l0-modal] 
[algo1a-g3-l0-modal] [36m(CommandActor pid=2561)[0m [2026-09-29 18:12:51] Decode batch, #running-req: 4, #token: 1495, token usage: 0.01, cuda graph: True, gen throughput (token/s): 847.80, #queue-req: 0
[algo1a-g3-l0-modal] 
[algo1a-g3-l0-modal] [36m(CommandActor pid=2561)[0m [2026-09-29 18:12:52] INFO:     172.20.8.163:53826 - "GET /health HTTP/1.1" 200 OK
[algo1a-g3-l0-modal] 
[algo1a-g3-l0-modal] [36m(CommandActor pid=2561)[0m [2026-09-29 18:12:52] Decode batch, #running-req: 4, #token: 1655, token usage: 0.01, cuda graph: True, gen throughput (token/s): 869.88, #queue-req: 0
[algo1a-g3-l0-modal] 
[algo1a-g3-l0-modal] [36m(RolloutExecutor pid=2559)[0m Rollout generation:  75%|███████▌  | 24/32 [00:06<00:01,  4.50it/s]Rollout generation: 100%|██████████| 32/32 [00:06<00:00,  4.80it/s]
[algo1a-g3-l0-modal] 
[algo1a-g3-l0-modal] [36m(RolloutExecutor pid=2559)[0m [2026-09-29 18:12:52.244 rollout_executor] inference_rollout_train.py:161 - Finish rollout: text_preview=<|im_start|>system\nYou are a helpful assistant. Please put the answer within \boxed{}.<|im_end|>\n<|im_start|>user\nMark has a garden with flowers. He planted plants of three different colors in it. Ten of them are yellow, and there are 80% more of those in purple. There are only 25% as many green flowers as there are yellow and purple flowers. How many flowers does Mark have in his garden?<|im_end|>\n<|im_start|>assistant\n<think>\n\n</think>\n\nLet's break it down step by step:\n\n- **Yellow flowers**: $...<truncated chars=346>, label=35, reward_summary=1.0
[algo1a-g3-l0-modal] 
[algo1a-g3-l0-modal] [36m(RolloutExecutor pid=2559)[0m [2026-09-29 18:12:52.246 rollout_executor] inference_rollout_train.py:33 - Abort request for ['http://172.20.8.163:20002']
[algo1a-g3-l0-modal] 
[algo1a-g3-l0-modal] [36m(RolloutExecutor pid=2559)[0m [2026-09-29 18:12:52.254 rollout_executor] rollout_data_conversion.py:39 - Final collected 32 samples from rollout to train
[algo1a-g3-l0-modal] 
[algo1a-g3-l0-modal] [36m(RolloutExecutor pid=2559)[0m [2026-09-29 18:12:52.255 rollout_executor] metrics.py:93 - perf 1: {'rollout/raw_reward_unfiltered': 0.375, 'rollout/num_training_samples': 32, 'rollout/episode_raw_reward': 0.375, 'rollout/episode_response_length/mean': 161.125, 'rollout/episode_response_length/median': 123.5, 'rollout/episode_response_length/max': 384, 'rollout/episode_response_length/min': 63, 'rollout/episode_total_response_length/mean': 161.125, 'rollout/response_len/mean': 161.125, 'rollout/response_len/median': 123.5, 'rollout/response_len/max': 384, 'rollout/response_len/min': 63, 'rollout/zero_std/count_0.0': 1, 'rollout/zero_std/all_zero_percentage': 0.25, 'rollout/zero_std/all_one_percentage': 0.0, 'rollout/prefix_cache_hit_rate': 0.0, 'rollout/avg_cached_tokens_per_sample': 0.0, 'rollout/repetition_frac': 0.0, 'rollout/truncated_ratio': 0.125, 'perf/rollout_time': 6.684795618057251, 'perf/tokens_per_gpu_per_sec': 771.3025639964812, 'perf/longest_sample_tokens_per_sec': 57.443790646751125, 'perf/effective_tokens_per_gpu_per_sec': 771.3025639964812, 'perf/longest_effective_sample_tokens_per_sec': 57.443790646751125}
[algo1a-g3-l0-modal] 
[algo1a-g3-l0-modal] [36m(RolloutExecutor pid=2559)[0m [2026-09-29 18:12:52.256 rollout_executor] train_data_conversion.py:334 - Rollout-side DP schedule: num_samples=32, num_rollouts=[32], num_microbatches=[32]
[algo1a-g3-l0-modal] 
[algo1a-g3-l0-modal] [36m(InferenceController pid=2560)[0m [2026-09-29 18:12:52.290 inference_controller] _client.py:1740 - HTTP Request: GET http://172.20.8.163:20002/flush_cache "HTTP/1.1 200 OK"
[algo1a-g3-l0-modal] 
[algo1a-g3-l0-modal] [36m(CommandActor pid=2561)[0m [2026-09-29 18:12:52] INFO:     172.20.8.163:55013 - "POST /generate HTTP/1.1" 200 OK
[algo1a-g3-l0-modal] 
[algo1a-g3-l0-modal] [36m(CommandActor pid=2561)[0m [2026-09-29 18:12:52] INFO:     172.20.8.163:52196 - "POST /generate HTTP/1.1" 200 OK
[algo1a-g3-l0-modal] 
[algo1a-g3-l0-modal] [36m(CommandActor pid=2561)[0m [2026-09-29 18:12:52] INFO:     172.20.8.163:17264 - "POST /generate HTTP/1.1" 200 OK
[algo1a-g3-l0-modal] 
[algo1a-g3-l0-modal] [36m(CommandActor pid=2561)[0m [2026-09-29 18:12:52] INFO:     172.20.8.163:31947 - "POST /generate HTTP/1.1" 200 OK
[algo1a-g3-l0-modal] 
[algo1a-g3-l0-modal] [36m(CommandActor pid=2561)[0m [2026-09-29 18:12:52] INFO:     172.20.8.163:59557 - "POST /abort_request HTTP/1.1" 200 OK
[algo1a-g3-l0-modal] 
[algo1a-g3-l0-modal] [36m(CommandActor pid=2561)[0m [2026-09-29 18:12:52] INFO:     172.20.8.163:52358 - "GET /flush_cache HTTP/1.1" 200 OK
[algo1a-g3-l0-modal] 
[algo1a-g3-l0-modal] [36m(CommandActor pid=2561)[0m [2026-09-29 18:12:52] Cache flushed successfully!
[algo1a-g3-l0-modal] 
[algo1a-g3-l0-modal] [36m(CommandActor pid=2561)[0m [2026-09-29 18:12:52] Cache flushed successfully!
[algo1a-g3-l0-modal] 
[algo1a-g3-l0-modal] [36m(InferenceController pid=2560)[0m [2026-09-29 18:12:52.716 inference_controller] _client.py:1740 - HTTP Request: POST http://172.20.8.163:20002/release_memory_occupation "HTTP/1.1 200 OK"
[algo1a-g3-l0-modal] 
[algo1a-g3-l0-modal] [36m(CommandActor pid=2561)[0m [2026-09-29 18:12:52] INFO:     172.20.8.163:52358 - "POST /release_memory_occupation HTTP/1.1" 200 OK
[algo1a-g3-l0-modal] 
[algo1a-g3-l0-modal] [36m(TrainerController pid=2557)[0m [2026-09-29 18:12:52.727 trainer_controller_actor] cell.py:231 - ft op=execute phase=start cell=trainer-engine-actor-00000 fn=wake_up n_actors=1
[algo1a-g3-l0-modal] 
[algo1a-g3-l0-modal] [36m(MegatronTrainRayActor pid=2861)[0m [2026-09-29 18:12:52.728 actor_cell00000_rank00000] structured_log.py:24 - actor cls=MegatronTrainRayActor fn=wake_up phase=start
[algo1a-g3-l0-modal] 
[algo1a-g3-l0-modal] [36m(MegatronTrainRayActor pid=2861)[0m [2026-09-29 18:12:52.729 actor_cell00000_rank00000] timer.py:31 - Timer wake_up start
[algo1a-g3-l0-modal] 
[algo1a-g3-l0-modal] [36m(MegatronTrainRayActor pid=2861)[0m [2026-09-29 18:12:52.729 actor_cell00000_rank00000] memory_utils.py:41 - [Rank 0] Memory-Usage before wake_up model: {'gpu': '0', 'total_GB': 79.18, 'free_GB': 74.61, 'used_GB': 4.56, 'allocated_GB': 1.38, 'reserved_GB': 1.47}
[algo1a-g3-l0-modal] 
[algo1a-g3-l0-modal] [36m(TrainerController pid=2557)[0m [2026-09-29 18:12:53.643 trainer_controller_actor] cell.py:239 - ft op=execute phase=end cell=trainer-engine-actor-00000 fn=wake_up ok=true elapsed_s=0.9
[algo1a-g3-l0-modal] 
[algo1a-g3-l0-modal] [36m(TrainerController pid=2557)[0m [2026-09-29 18:12:53.647 trainer_controller_actor] group.py:190 - ft op=train phase=start rollout=1 attempt=0
[algo1a-g3-l0-modal] 
[algo1a-g3-l0-modal] [36m(TrainerController pid=2557)[0m [2026-09-29 18:12:53.647 trainer_controller_actor] group.py:534 - ft op=refresh phase=start rollout=1 alive=0 healing= all_states="(0, 'StateAllocatedAlive')" quorum=0
[algo1a-g3-l0-modal] 
[algo1a-g3-l0-modal] [36m(TrainerController pid=2557)[0m [2026-09-29 18:12:53.647 trainer_controller_actor] group.py:557 - ft op=refresh phase=decision rollout=1 needs_reconfigure=false reason=alive_config_unchanged,no_healing quorum=0
[algo1a-g3-l0-modal] 
[algo1a-g3-l0-modal] [36m(TrainerController pid=2557)[0m [2026-09-29 18:12:53.647 trainer_controller_actor] cell.py:231 - ft op=execute phase=start cell=trainer-engine-actor-00000 fn=train n_actors=1
[algo1a-g3-l0-modal] 
[algo1a-g3-l0-modal] [36m(MegatronTrainRayActor pid=2861)[0m [2026-09-29 18:12:53.640 actor_cell00000_rank00000] reloadable_process_group.py:151 - Reloading 0 process groups in pid 2861
[algo1a-g3-l0-modal] 
[algo1a-g3-l0-modal] [36m(MegatronTrainRayActor pid=2861)[0m [2026-09-29 18:12:53.641 actor_cell00000_rank00000] memory_utils.py:41 - [Rank 0] Memory-Usage after wake_up model: {'gpu': '0', 'total_GB': 79.18, 'free_GB': 73.17, 'used_GB': 6.01, 'allocated_GB': 1.38, 'reserved_GB': 1.47}
[algo1a-g3-l0-modal] 
[algo1a-g3-l0-modal] [36m(MegatronTrainRayActor pid=2861)[0m [2026-09-29 18:12:53.641 actor_cell00000_rank00000] timer.py:42 - Timer wake_up end (elapsed: 0.9s)
[algo1a-g3-l0-modal] 
[algo1a-g3-l0-modal] [36m(MegatronTrainRayActor pid=2861)[0m [2026-09-29 18:12:53.641 actor_cell00000_rank00000] structured_log.py:28 - actor cls=MegatronTrainRayActor fn=wake_up phase=end ok=true elapsed_s=0.9
[algo1a-g3-l0-modal] 
[algo1a-g3-l0-modal] [36m(MegatronTrainRayActor pid=2861)[0m [2026-09-29 18:12:53.649 actor_cell00000_rank00000] structured_log.py:24 - actor cls=MegatronTrainRayActor fn=train phase=start
[algo1a-g3-l0-modal] 
[algo1a-g3-l0-modal] [36m(MegatronTrainRayActor pid=2861)[0m [2026-09-29 18:12:53.649 actor_cell00000_rank00000] timer.py:31 - Timer data_preprocess start
[algo1a-g3-l0-modal] 
[algo1a-g3-l0-modal] [36m(MegatronTrainRayActor pid=2861)[0m [2026-09-29 18:12:53.654 actor_cell00000_rank00000] timer.py:42 - Timer data_preprocess end (elapsed: 0.0s)
[algo1a-g3-l0-modal] 
[algo1a-g3-l0-modal] [36m(MegatronTrainRayActor pid=2861)[0m [2026-09-29 18:12:53.654 actor_cell00000_rank00000] structured_log.py:24 - actor cls=MegatronTrainRayActor fn=_train_actor phase=start
[algo1a-g3-l0-modal] 
[algo1a-g3-l0-modal] [36m(MegatronTrainRayActor pid=2861)[0m [2026-09-29 18:12:53.654 actor_cell00000_rank00000] timer.py:42 - Timer train_wait end (elapsed: 102.0s)
[algo1a-g3-l0-modal] 
[algo1a-g3-l0-modal] [36m(MegatronTrainRayActor pid=2861)[0m [2026-09-29 18:12:53.654 actor_cell00000_rank00000] timer.py:31 - Timer train start
[algo1a-g3-l0-modal] 
[algo1a-g3-l0-modal] [36m(MegatronTrainRayActor pid=2861)[0m [2026-09-29 18:12:53.654 actor_cell00000_rank00000] structured_log.py:24 - actor cls=MegatronTrainRayActor fn=_compute_log_prob phase=start
[algo1a-g3-l0-modal] 
[algo1a-g3-l0-modal] [36m(MegatronTrainRayActor pid=2861)[0m [2026-09-29 18:12:53.654 actor_cell00000_rank00000] timer.py:31 - Timer log_probs start
[algo1a-g3-l0-modal] 
[algo1a-g3-l1-modal] [36m(TrainerController pid=2549)[0m [2026-09-29 18:12:56.789 trainer_controller_actor] cell.py:239 - ft op=execute phase=end cell=trainer-engine-actor-00000 fn=train ok=true elapsed_s=13.1
[algo1a-g3-l1-modal] 
[algo1a-g3-l1-modal] [36m(TrainerController pid=2549)[0m [2026-09-29 18:12:56.790 trainer_controller_actor] group.py:290 - ft op=check errored= discarded= normal=0 decision=no_retry reason="survivors normal, gradients valid"
[algo1a-g3-l1-modal] 
[algo1a-g3-l1-modal] [36m(TrainerController pid=2549)[0m [2026-09-29 18:12:56.793 trainer_controller_actor] cell.py:231 - ft op=execute phase=start cell=trainer-engine-actor-00000 fn=run_plugin n_actors=1
[algo1a-g3-l1-modal] 
[36m(TrainerController pid=2549)[0m [2026-09-29 18:12:56.795 trainer_controller_actor] cell.py:239 - ft op=execute phase=end cell=trainer-engine-actor-00000 fn=run_plugin ok=true elapsed_s=0.0
[36m(TrainerController pid=2549)[0m [2026-09-29 18:12:56.798 trainer_controller_actor] cell.py:231 - ft op=execute phase=start cell=trainer-engine-actor-00000 fn=run_plugin n_actors=1
[algo1a-g3-l1-modal] [36m(TrainerController pid=2549)[0m [2026-09-29 18:12:56.799 trainer_controller_actor] cell.py:239 - ft op=execute phase=end cell=trainer-engine-actor-00000 fn=run_plugin ok=true elapsed_s=0.0
[algo1a-g3-l1-modal] 
[algo1a-g3-l1-modal] [36m(TrainerController pid=2549)[0m [2026-09-29 18:12:56.802 trainer_controller_actor] cell.py:231 - ft op=execute phase=start cell=trainer-engine-actor-00000 fn=run_plugin n_actors=1
[algo1a-g3-l1-modal] 
[algo1a-g3-l1-modal] [36m(MegatronTrainRayActor pid=2849)[0m [2026-09-29 18:12:56.786 actor_cell00000_rank00000] model.py:637 - train op=train_step rollout=1 step=0 attempt=0 outcome=NORMAL valid_step=true
[algo1a-g3-l1-modal] 
[algo1a-g3-l1-modal] [36m(MegatronTrainRayActor pid=2849)[0m [2026-09-29 18:12:56.787 actor_cell00000_rank00000] log_utils.py:554 - step 1: {'train/loss': -0.00020232796669006348, 'train/pg_loss': -0.00020232796669006348, 'train/entropy_loss': 0.0, 'train/pg_clipfrac': 0.0, 'train/ppo_kl': 0.0, 'train/ess_ratio': 1.0, 'train/train_rollout_logprob_abs_diff': 0.013345593586564064, 'train/train_rollout_kl': 0.0006459772121161222, 'train/ois': 1.0, 'train/tis': 1.0006030797958374, 'train/tis_clipfrac': 0.0, 'train/tis_abs': 0.013347319327294827, 'train/grad_norm': 0.4971286654472351, 'train/lr-pg_0': 3.333333333333334e-06, 'train/step': 1}
[algo1a-g3-l1-modal] 
[algo1a-g3-l1-modal] [36m(MegatronTrainRayActor pid=2849)[0m [2026-09-29 18:12:56.787 actor_cell00000_rank00000] model.py:847 - step 1: {'train/loss': -0.00020232796669006348, 'train/pg_loss': -0.00020232796669006348, 'train/entropy_loss': 0.0, 'train/pg_clipfrac': 0.0, 'train/ppo_kl': 0.0, 'train/ess_ratio': 1.0, 'train/train_rollout_logprob_abs_diff': 0.013345593586564064, 'train/train_rollout_kl': 0.0006459772121161222, 'train/ois': 1.0, 'train/tis': 1.0006030797958374, 'train/tis_clipfrac': 0.0, 'train/tis_abs': 0.013347319327294827, 'train/grad_norm': 0.4971286654472351, 'train/lr-pg_0': 3.333333333333334e-06, 'train/step': 1}
[algo1a-g3-l1-modal] 
[algo1a-g3-l1-modal] [36m(MegatronTrainRayActor pid=2849)[0m [2026-09-29 18:12:56.787 actor_cell00000_rank00000] timer.py:42 - Timer actor_train end (elapsed: 8.4s)
[algo1a-g3-l1-modal] 
[algo1a-g3-l1-modal] [36m(MegatronTrainRayActor pid=2849)[0m [2026-09-29 18:12:56.787 actor_cell00000_rank00000] timer.py:42 - Timer train end (elapsed: 13.1s)
[algo1a-g3-l1-modal] 
[algo1a-g3-l1-modal] [36m(MegatronTrainRayActor pid=2849)[0m [2026-09-29 18:12:56.787 actor_cell00000_rank00000] timer.py:31 - Timer train_wait start
[algo1a-g3-l1-modal] 
[algo1a-g3-l1-modal] [36m(MegatronTrainRayActor pid=2849)[0m [2026-09-29 18:12:56.787 actor_cell00000_rank00000] train_metric_utils.py:56 - perf 1: {'perf/update_weights_implementation_time': 0.062020301818847656, 'perf/finalize_and_resume_engines_time': 0.06440424919128418, 'perf/update_weights_time': 0.15566730499267578, 'perf/sleep_time': 1.4651548862457275, 'perf/wake_up_time': 0.6928632259368896, 'perf/data_preprocess_time': 0.004435300827026367, 'perf/train_wait_time': 116.05957961082458, 'perf/log_probs_time': 4.68414044380188, 'perf/actor_train_time': 8.393961668014526, 'perf/train_time': 13.08589792251587, 'perf/log_probs_tflops': 1.8732772620451204, 'perf/actor_train_tflops': 3.1360735726383884, 'perf/actor_train_tok_per_s': 975.1057157181475, 'perf/mfu_peak_tflops': 989.0, 'perf/actor_train_mfu': 0.0031709540673795634, 'perf/step_time': 129.14547753334045, 'perf/wait_time_ratio': 0.8986732003903305}
[algo1a-g3-l1-modal] 
[algo1a-g3-l1-modal] [36m(MegatronTrainRayActor pid=2849)[0m [2026-09-29 18:12:56.787 actor_cell00000_rank00000] structured_log.py:28 - actor cls=MegatronTrainRayActor fn=_train_actor phase=end ok=true elapsed_s=13.1
[algo1a-g3-l1-modal] 
[algo1a-g3-l1-modal] [36m(MegatronTrainRayActor pid=2849)[0m [2026-09-29 18:12:56.788 actor_cell00000_rank00000] structured_log.py:28 - actor cls=MegatronTrainRayActor fn=train phase=end ok=true elapsed_s=13.1
[algo1a-g3-l1-modal] 
[algo1a-g3-l1-modal] [36m(TrainerController pid=2549)[0m [2026-09-29 18:12:57.038 trainer_controller_actor] cell.py:239 - ft op=execute phase=end cell=trainer-engine-actor-00000 fn=run_plugin ok=true elapsed_s=0.2
[algo1a-g3-l1-modal] 
[algo1a-g3-l0-modal] [36m(MegatronTrainRayActor pid=2861)[0m [2026-09-29 18:12:58.909 actor_cell00000_rank00000] timer.py:42 - Timer log_probs end (elapsed: 5.3s)
[algo1a-g3-l0-modal] 
[algo1a-g3-l0-modal] [36m(MegatronTrainRayActor pid=2861)[0m [2026-09-29 18:12:58.909 actor_cell00000_rank00000] structured_log.py:28 - actor cls=MegatronTrainRayActor fn=_compute_log_prob phase=end ok=true elapsed_s=5.3
[algo1a-g3-l0-modal] 
[algo1a-g3-l0-modal] [36m(MegatronTrainRayActor pid=2861)[0m [2026-09-29 18:12:58.916 actor_cell00000_rank00000] log_utils.py:100 - ft op=cross_cell phase=start kind=log_gather rank=0
[algo1a-g3-l0-modal] 
[algo1a-g3-l0-modal] [36m(MegatronTrainRayActor pid=2861)[0m [2026-09-29 18:12:58.917 actor_cell00000_rank00000] log_utils.py:106 - ft op=cross_cell phase=end kind=log_gather rank=0 success=true
[algo1a-g3-l0-modal] 
[algo1a-g3-l0-modal] [36m(MegatronTrainRayActor pid=2861)[0m [2026-09-29 18:12:58.917 actor_cell00000_rank00000] log_utils.py:126 - rollout 1: {'rollout/response_lengths': 161.125, 'rollout/rewards': -2.7939677238464355e-09, 'rollout/truncated': 0.125, 'rollout/rollout_log_probs': -0.3393901586532593, 'rollout/raw_reward': 0.375, 'rollout/total_lengths': 255.625, 'rollout/log_probs': -0.339167058467865, 'rollout/advantages': -1.30385160446167e-08, 'rollout/returns': -1.30385160446167e-08}
[algo1a-g3-l0-modal] 
[algo1a-g3-l0-modal] [36m(MegatronTrainRayActor pid=2861)[0m [2026-09-29 18:12:58.917 actor_cell00000_rank00000] timer.py:31 - Timer actor_train start
[algo1a-g3-l0-modal] 
[algo1a-g3-l0-modal] [36m(TrainerController pid=2557)[0m [2026-09-29 18:13:09.061 trainer_controller_actor] cell.py:239 - ft op=execute phase=end cell=trainer-engine-actor-00000 fn=train ok=true elapsed_s=15.4
[algo1a-g3-l0-modal] 
[algo1a-g3-l0-modal] [36m(TrainerController pid=2557)[0m [2026-09-29 18:13:09.062 trainer_controller_actor] group.py:290 - ft op=check errored= discarded= normal=0 decision=no_retry reason="survivors normal, gradients valid"
[algo1a-g3-l0-modal] 
[algo1a-g3-l0-modal] [36m(TrainerController pid=2557)[0m [2026-09-29 18:13:09.065 trainer_controller_actor] cell.py:231 - ft op=execute phase=start cell=trainer-engine-actor-00000 fn=run_plugin n_actors=1
[algo1a-g3-l0-modal] 
[36m(TrainerController pid=2557)[0m [2026-09-29 18:13:09.067 trainer_controller_actor] cell.py:239 - ft op=execute phase=end cell=trainer-engine-actor-00000 fn=run_plugin ok=true elapsed_s=0.0
[36m(TrainerController pid=2557)[0m [2026-09-29 18:13:09.070 trainer_controller_actor] cell.py:231 - ft op=execute phase=start cell=trainer-engine-actor-00000 fn=run_plugin n_actors=1
[36m(TrainerController pid=2557)[0m [2026-09-29 18:13:09.072 trainer_controller_actor] cell.py:239 - ft op=execute phase=end cell=trainer-engine-actor-00000 fn=run_plugin ok=true elapsed_s=0.0
[algo1a-g3-l0-modal] [36m(TrainerController pid=2557)[0m [2026-09-29 18:13:09.075 trainer_controller_actor] cell.py:231 - ft op=execute phase=start cell=trainer-engine-actor-00000 fn=run_plugin n_actors=1
[algo1a-g3-l0-modal] 
[algo1a-g3-l0-modal] [36m(MegatronTrainRayActor pid=2861)[0m [2026-09-29 18:13:09.056 actor_cell00000_rank00000] model.py:637 - train op=train_step rollout=1 step=0 attempt=0 outcome=NORMAL valid_step=true
[algo1a-g3-l0-modal] 
[algo1a-g3-l0-modal] [36m(MegatronTrainRayActor pid=2861)[0m [2026-09-29 18:13:09.057 actor_cell00000_rank00000] log_utils.py:554 - step 1: {'train/loss': -0.00012502633035182953, 'train/pg_loss': -0.00012502633035182953, 'train/entropy_loss': 0.0, 'train/pg_clipfrac': 0.0, 'train/ppo_kl': 0.0, 'train/ess_ratio': 1.0, 'train/train_rollout_logprob_abs_diff': 0.01305797602981329, 'train/train_rollout_kl': 0.0006144128274172544, 'train/ois': 1.0, 'train/tis': 1.0008374452590942, 'train/tis_clipfrac': 0.0, 'train/tis_abs': 0.0130835622549057, 'train/grad_norm': 0.4916149973869324, 'train/lr-pg_0': 3.333333333333334e-06, 'train/step': 1}
[algo1a-g3-l0-modal] 
[algo1a-g3-l0-modal] [36m(MegatronTrainRayActor pid=2861)[0m [2026-09-29 18:13:09.058 actor_cell00000_rank00000] model.py:847 - step 1: {'train/loss': -0.00012502633035182953, 'train/pg_loss': -0.00012502633035182953, 'train/entropy_loss': 0.0, 'train/pg_clipfrac': 0.0, 'train/ppo_kl': 0.0, 'train/ess_ratio': 1.0, 'train/train_rollout_logprob_abs_diff': 0.01305797602981329, 'train/train_rollout_kl': 0.0006144128274172544, 'train/ois': 1.0, 'train/tis': 1.0008374452590942, 'train/tis_clipfrac': 0.0, 'train/tis_abs': 0.0130835622549057, 'train/grad_norm': 0.4916149973869324, 'train/lr-pg_0': 3.333333333333334e-06, 'train/step': 1}
[algo1a-g3-l0-modal] 
[algo1a-g3-l0-modal] [36m(MegatronTrainRayActor pid=2861)[0m [2026-09-29 18:13:09.058 actor_cell00000_rank00000] timer.py:42 - Timer actor_train end (elapsed: 10.1s)
[algo1a-g3-l0-modal] 
[algo1a-g3-l0-modal] [36m(MegatronTrainRayActor pid=2861)[0m [2026-09-29 18:13:09.058 actor_cell00000_rank00000] timer.py:42 - Timer train end (elapsed: 15.4s)
[algo1a-g3-l0-modal] 
[algo1a-g3-l0-modal] [36m(MegatronTrainRayActor pid=2861)[0m [2026-09-29 18:13:09.058 actor_cell00000_rank00000] timer.py:31 - Timer train_wait start
[algo1a-g3-l0-modal] 
[algo1a-g3-l0-modal] [36m(MegatronTrainRayActor pid=2861)[0m [2026-09-29 18:13:09.058 actor_cell00000_rank00000] train_metric_utils.py:56 - perf 1: {'perf/update_weights_implementation_time': 0.0728001594543457, 'perf/finalize_and_resume_engines_time': 0.07223796844482422, 'perf/update_weights_time': 0.19050264358520508, 'perf/sleep_time': 1.5112226009368896, 'perf/wake_up_time': 0.9124760627746582, 'perf/data_preprocess_time': 0.004777669906616211, 'perf/train_wait_time': 101.96562218666077, 'perf/log_probs_time': 5.2545106410980225, 'perf/actor_train_time': 10.140372276306152, 'perf/train_time': 15.403871774673462, 'perf/log_probs_tflops': 1.6687591004150415, 'perf/actor_train_tflops': 2.5941392125361253, 'perf/actor_train_tok_per_s': 806.6764983681388, 'perf/mfu_peak_tflops': 989.0, 'perf/actor_train_mfu': 0.0026229921259212593, 'perf/step_time': 117.36949396133423, 'perf/wait_time_ratio': 0.8687574491907748}
[algo1a-g3-l0-modal] 
[algo1a-g3-l0-modal] [36m(MegatronTrainRayActor pid=2861)[0m [2026-09-29 18:13:09.058 actor_cell00000_rank00000] structured_log.py:28 - actor cls=MegatronTrainRayActor fn=_train_actor phase=end ok=true elapsed_s=15.4
[algo1a-g3-l0-modal] 
[algo1a-g3-l0-modal] [36m(MegatronTrainRayActor pid=2861)[0m [2026-09-29 18:13:09.059 actor_cell00000_rank00000] structured_log.py:28 - actor cls=MegatronTrainRayActor fn=train phase=end ok=true elapsed_s=15.4
[algo1a-g3-l0-modal] 
[algo1a-g3-l0-modal] [36m(TrainerController pid=2557)[0m [2026-09-29 18:13:09.350 trainer_controller_actor] cell.py:239 - ft op=execute phase=end cell=trainer-engine-actor-00000 fn=run_plugin ok=true elapsed_s=0.3
[algo1a-g3-l0-modal] 
[algo1a-g3-l1-modal] [36m(CommandActor pid=2544)[0m [2026-09-29 18:13:14] INFO:     172.20.9.67:44278 - "GET /health HTTP/1.1" 200 OK
[algo1a-g3-l1-modal] 
[syncer] 2026-09-29T18:13:34.918121Z  INFO yeto_syncer::server: checkpoint committed step=2 path=/tmp/algo1a/g3home/yeto-output/yeto-state.ckpt
[syncer] 2026-09-29T18:13:35.044592Z  INFO yeto_syncer::server: outer step step=2 fragment=0 responders=[Member { learner_id: 0, generation: 3484944605288231517 }, Member { learner_id: 1, generation: 3800804812930455545 }] gnorm="0.0176" ms=112717
[algo1a-g3-l0-modal] [36m(CommandActor pid=2561)[0m [2026-09-29 18:13:52] INFO:     172.20.8.163:17642 - "GET /health HTTP/1.1" 200 OK
[algo1a-g3-l0-modal] 
[algo1a-g3-l1-modal] [36m(TrainerController pid=2549)[0m [2026-09-29 18:13:57.069 trainer_controller_actor] cell.py:231 - ft op=execute phase=start cell=trainer-engine-actor-00000 fn=run_plugin n_actors=1
[algo1a-g3-l1-modal] 
[algo1a-g3-l0-modal] [36m(TrainerController pid=2557)[0m [2026-09-29 18:14:01.223 trainer_controller_actor] cell.py:231 - ft op=execute phase=start cell=trainer-engine-actor-00000 fn=run_plugin n_actors=1
[algo1a-g3-l1-modal] [36m(CommandActor pid=2544)[0m [2026-09-29 18:14:14] INFO:     172.20.9.67:45632 - "GET /health HTTP/1.1" 200 OK
[algo1a-g3-l1-modal] 
[algo1a-g3-l1-modal] [36m(TrainerController pid=2549)[0m [2026-09-29 18:14:18.574 trainer_controller_actor] cell.py:239 - ft op=execute phase=end cell=trainer-engine-actor-00000 fn=run_plugin ok=true elapsed_s=21.5
[algo1a-g3-l1-modal] 
[algo1a-g3-l1-modal] [36m(TrainerController pid=2549)[0m [2026-09-29 18:14:18.648 trainer_controller_actor] cell.py:231 - ft op=execute phase=start cell=trainer-engine-actor-00000 fn=run_plugin n_actors=1
[algo1a-g3-l1-modal] 
[algo1a-g3-l1-modal] [36m(TrainerController pid=2549)[0m [2026-09-29 18:14:18.931 trainer_controller_actor] cell.py:239 - ft op=execute phase=end cell=trainer-engine-actor-00000 fn=run_plugin ok=true elapsed_s=0.3
[algo1a-g3-l1-modal] 
[algo1a-g3-l1-modal] [36m(TrainerController pid=2549)[0m [2026-09-29 18:14:19.382 trainer_controller_actor] cell.py:231 - ft op=execute phase=start cell=trainer-engine-actor-00000 fn=run_plugin n_actors=1
[algo1a-g3-l1-modal] 
[algo1a-g3-l1-modal] [36m(TrainerController pid=2549)[0m [2026-09-29 18:14:19.627 trainer_controller_actor] cell.py:239 - ft op=execute phase=end cell=trainer-engine-actor-00000 fn=run_plugin ok=true elapsed_s=0.2
[algo1a-g3-l1-modal] 
[algo1a-g3-l1-modal] [36m(InferenceController pid=2543)[0m [2026-09-29 18:14:20.098 inference_controller] _client.py:1740 - HTTP Request: POST http://172.20.9.67:20002/resume_memory_occupation "HTTP/1.1 200 OK"
[algo1a-g3-l1-modal] 
[algo1a-g3-l1-modal] [36m(CommandActor pid=2544)[0m [2026-09-29 18:14:20] INFO:     172.20.9.67:45632 - "POST /resume_memory_occupation HTTP/1.1" 200 OK
[algo1a-g3-l1-modal] 
[algo1a-g3-l1-modal] [36m(CommandActor pid=2544)[0m [2026-09-29 18:14:20] INFO:     172.20.9.67:38339 - "POST /pause_generation HTTP/1.1" 200 OK
[algo1a-g3-l1-modal] 
[36m(CommandActor pid=2544)[0m [2026-09-29 18:14:20] INFO:     172.20.9.67:38339 - "GET /flush_cache HTTP/1.1" 200 OK
[36m(CommandActor pid=2544)[0m [2026-09-29 18:14:20] INFO:     172.20.9.67:38339 - "POST /begin_weight_update HTTP/1.1" 200 OK
[algo1a-g3-l1-modal] 
[algo1a-g3-l1-modal] [36m(CommandActor pid=2544)[0m [2026-09-29 18:14:20] Cache flush skipped: KV cache memory is released.
[algo1a-g3-l1-modal] 
[algo1a-g3-l1-modal] [36m(TrainerController pid=2549)[0m [2026-09-29 18:14:20.105 trainer_controller_actor] group.py:392 - ft op=update_weights phase=start rollout=
[algo1a-g3-l1-modal] 
[algo1a-g3-l1-modal] [36m(TrainerController pid=2549)[0m [2026-09-29 18:14:20.105 trainer_controller_actor] cell.py:231 - ft op=execute phase=start cell=trainer-engine-actor-00000 fn=update_weights n_actors=1
[algo1a-g3-l1-modal] 
[algo1a-g3-l1-modal] [36m(MegatronTrainRayActor pid=2849)[0m [2026-09-29 18:14:20.107 actor_cell00000_rank00000] structured_log.py:24 - actor cls=MegatronTrainRayActor fn=update_weights phase=start
[algo1a-g3-l1-modal] 
[algo1a-g3-l1-modal] [36m(MegatronTrainRayActor pid=2849)[0m [2026-09-29 18:14:20.107 actor_cell00000_rank00000] timer.py:31 - Timer update_weights start
[algo1a-g3-l1-modal] 
[algo1a-g3-l1-modal] [36m(MegatronTrainRayActor pid=2849)[0m [2026-09-29 18:14:20.108 actor_cell00000_rank00000] memory_utils.py:41 - [Rank 0] Memory-Usage before update_weights: {'gpu': '0', 'total_GB': 79.18, 'free_GB': 68.76, 'used_GB': 10.42, 'allocated_GB': 1.38, 'reserved_GB': 4.69}
[algo1a-g3-l1-modal] 
[algo1a-g3-l1-modal] [36m(MegatronTrainRayActor pid=2849)[0m [2026-09-29 18:14:20.112 actor_cell00000_rank00000] _client.py:1740 - HTTP Request: POST http://172.20.9.67:20002/pause_generation "HTTP/1.1 200 OK"
[algo1a-g3-l1-modal] 
[algo1a-g3-l1-modal] [36m(MegatronTrainRayActor pid=2849)[0m [2026-09-29 18:14:20.115 actor_cell00000_rank00000] _client.py:1740 - HTTP Request: GET http://172.20.9.67:20002/flush_cache "HTTP/1.1 200 OK"
[algo1a-g3-l1-modal] 
[algo1a-g3-l1-modal] [36m(MegatronTrainRayActor pid=2849)[0m [2026-09-29 18:14:20.118 actor_cell00000_rank00000] _client.py:1740 - HTTP Request: POST http://172.20.9.67:20002/begin_weight_update "HTTP/1.1 200 OK"
[algo1a-g3-l1-modal] 
[algo1a-g3-l1-modal] [36m(MegatronTrainRayActor pid=2849)[0m [2026-09-29 18:14:20.119 actor_cell00000_rank00000] timer.py:31 - Timer update_weights_implementation start
[algo1a-g3-l1-modal] 
[algo1a-g3-l1-modal] [36m(MegatronTrainRayActor pid=2849)[0m [miles-colocate] Update weights: 0it [00:00, ?it/s]
[algo1a-g3-l1-modal] 
[algo1a-g3-l1-modal] [36m(CommandActor pid=2544)[0m [2026-09-29 18:14:20] INFO:     172.20.9.67:38339 - "POST /update_weights_from_tensor HTTP/1.1" 200 OK
[algo1a-g3-l1-modal] 
[algo1a-g3-l1-modal] [36m(CommandActor pid=2544)[0m [2026-09-29 18:14:20] INFO:     172.20.9.67:38339 - "POST /end_weight_update HTTP/1.1" 200 OK
[algo1a-g3-l1-modal] 
[algo1a-g3-l1-modal] [36m(CommandActor pid=2544)[0m [2026-09-29 18:14:20] INFO:     172.20.9.67:38339 - "POST /update_weight_version HTTP/1.1" 200 OK
[algo1a-g3-l1-modal] 
[algo1a-g3-l1-modal] [36m(CommandActor pid=2544)[0m [2026-09-29 18:14:20] INFO:     172.20.9.67:38339 - "POST /continue_generation HTTP/1.1" 200 OK
[algo1a-g3-l1-modal] 
[algo1a-g3-l1-modal] [36m(CommandActor pid=2544)[0m [2026-09-29 18:14:20] LoRA adapter loading from tensors starts: LoRARef(lora_id=d741aaf67674408aa95c6f052ca75381, lora_name=miles_lora, lora_path=__stream__, pinned=False, reloadable=False).
[algo1a-g3-l1-modal] 
[algo1a-g3-l1-modal] [36m(CommandActor pid=2544)[0m [2026-09-29 18:14:20] LoRA adapter 'd741aaf67674408aa95c6f052ca75381': loaded weights for target modules ['down_proj', 'gate_up_proj', 'o_proj', 'qkv_proj'].
[algo1a-g3-l1-modal] 
[algo1a-g3-l1-modal] [36m(CommandActor pid=2544)[0m [2026-09-29 18:14:20] LoRA adapter loading from tensors completes: LoRARef(lora_id=d741aaf67674408aa95c6f052ca75381, lora_name=miles_lora, lora_path=__stream__, pinned=False, reloadable=False).
[algo1a-g3-l1-modal] 
[algo1a-g3-l1-modal] [36m(CommandActor pid=2544)[0m [2026-09-29 18:14:20] Weight version changed. old_version='yeto:1:4ae2527baff3b334501aede146a5739ee5c9e18106c8392a28b380627afcece5' new_version='3' num_recorded=0
[algo1a-g3-l1-modal] 
[algo1a-g3-l1-modal] [36m(CommandActor pid=2544)[0m [2026-09-29 18:14:20] [continue_generation] torch.cuda.empty_cache() called: reserved 32306.0 MB -> 32266.0 MB (freed 40.0 MB)
[algo1a-g3-l1-modal] 
[algo1a-g3-l1-modal] [36m(MegatronTrainRayActor pid=2849)[0m [2026-09-29 18:14:20.185 actor_cell00000_rank00000] _client.py:1740 - HTTP Request: POST http://172.20.9.67:20002/update_weights_from_tensor "HTTP/1.1 200 OK"
[algo1a-g3-l1-modal] 
[algo1a-g3-l1-modal] [36m(MegatronTrainRayActor pid=2849)[0m [2026-09-29 18:14:20.186 actor_cell00000_rank00000] timer.py:42 - Timer update_weights_implementation end (elapsed: 0.1s)
[algo1a-g3-l1-modal] 
[algo1a-g3-l1-modal] [36m(MegatronTrainRayActor pid=2849)[0m [2026-09-29 18:14:20.186 actor_cell00000_rank00000] timer.py:31 - Timer finalize_and_resume_engines start
[algo1a-g3-l1-modal] 
[algo1a-g3-l1-modal] [36m(MegatronTrainRayActor pid=2849)[0m [2026-09-29 18:14:20.235 actor_cell00000_rank00000] _client.py:1740 - HTTP Request: POST http://172.20.9.67:20002/end_weight_update "HTTP/1.1 200 OK"
[algo1a-g3-l1-modal] 
[algo1a-g3-l1-modal] [36m(MegatronTrainRayActor pid=2849)[0m [2026-09-29 18:14:20.238 actor_cell00000_rank00000] _client.py:1740 - HTTP Request: POST http://172.20.9.67:20002/update_weight_version "HTTP/1.1 200 OK"
[algo1a-g3-l1-modal] 
[algo1a-g3-l1-modal] [36m(MegatronTrainRayActor pid=2849)[0m [2026-09-29 18:14:20.240 actor_cell00000_rank00000] _client.py:1740 - HTTP Request: POST http://172.20.9.67:20002/continue_generation "HTTP/1.1 200 OK"
[algo1a-g3-l1-modal] 
[algo1a-g3-l1-modal] [36m(MegatronTrainRayActor pid=2849)[0m [2026-09-29 18:14:20.241 actor_cell00000_rank00000] timer.py:42 - Timer finalize_and_resume_engines end (elapsed: 0.1s)
[algo1a-g3-l1-modal] 
[algo1a-g3-l1-modal] [36m(InferenceController pid=2543)[0m [2026-09-29 18:14:20.316 inference_controller] _client.py:1740 - HTTP Request: POST http://172.20.9.67:20002/resume_memory_occupation "HTTP/1.1 200 OK"
[algo1a-g3-l1-modal] 
[algo1a-g3-l1-modal] [36m(InferenceController pid=2543)[0m [2026-09-29 18:14:20.355 inference_controller] _client.py:1740 - HTTP Request: POST http://172.20.9.67:20002/weights_checker "HTTP/1.1 200 OK"
[algo1a-g3-l1-modal] 
[algo1a-g3-l1-modal] [36m(CommandActor pid=2544)[0m [2026-09-29 18:14:20] INFO:     172.20.9.67:45632 - "POST /resume_memory_occupation HTTP/1.1" 200 OK
[algo1a-g3-l1-modal] 
[algo1a-g3-l1-modal] [36m(CommandActor pid=2544)[0m [2026-09-29 18:14:20] INFO:     172.20.9.67:25211 - "POST /update_weight_version HTTP/1.1" 200 OK
[algo1a-g3-l1-modal] 
[algo1a-g3-l1-modal] [36m(CommandActor pid=2544)[0m [2026-09-29 18:14:20] INFO:     172.20.9.67:25211 - "GET /model_info HTTP/1.1" 200 OK
[algo1a-g3-l1-modal] 
[algo1a-g3-l1-modal] [36m(CommandActor pid=2544)[0m [2026-09-29 18:14:20] INFO:     172.20.9.67:45632 - "POST /weights_checker HTTP/1.1" 200 OK
[algo1a-g3-l1-modal] 
[algo1a-g3-l1-modal] [36m(CommandActor pid=2544)[0m [2026-09-29 18:14:20] Weight version changed. old_version='3' new_version='yeto:2:5b7c7063c2e800da8b85daec97f443a3044c59c10183a559a367119e40e58b40' num_recorded=0
[algo1a-g3-l1-modal] 
[algo1a-g3-l1-modal] [36m(CommandActor pid=2544)[0m [2026-09-29 18:14:20] [WeightChecker] handle action=checksum allow_quant_error=False skip_tensor_list=None
[algo1a-g3-l1-modal] 
[algo1a-g3-l1-modal] [36m(CommandActor pid=2544)[0m [2026-09-29 18:14:20] [WeightChecker] checksum computed for 226 tensors in 0.020s
[algo1a-g3-l1-modal] 
[algo1a-g3-l1-modal] [36m(TrainerController pid=2549)[0m [2026-09-29 18:14:20.281 trainer_controller_actor] cell.py:239 - ft op=execute phase=end cell=trainer-engine-actor-00000 fn=update_weights ok=true elapsed_s=0.2
[algo1a-g3-l1-modal] 
[algo1a-g3-l1-modal] [36m(TrainerController pid=2549)[0m [2026-09-29 18:14:20.361 trainer_controller_actor] cell.py:231 - ft op=execute phase=start cell=trainer-engine-actor-00000 fn=sleep n_actors=1
[algo1a-g3-l1-modal] 
[algo1a-g3-l1-modal] [36m(MegatronTrainRayActor pid=2849)[0m [miles-colocate] Update weights: 1it [00:00,  6.45it/s]
[algo1a-g3-l1-modal] 
[algo1a-g3-l1-modal] [36m(MegatronTrainRayActor pid=2849)[0m [2026-09-29 18:14:20.275 actor_cell00000_rank00000] memory_utils.py:41 - [Rank 0] Memory-Usage after update_weights: {'gpu': '0', 'total_GB': 79.18, 'free_GB': 71.95, 'used_GB': 7.23, 'allocated_GB': 1.38, 'reserved_GB': 1.52}
[algo1a-g3-l1-modal] 
[algo1a-g3-l1-modal] [36m(MegatronTrainRayActor pid=2849)[0m [2026-09-29 18:14:20.280 actor_cell00000_rank00000] timer.py:42 - Timer update_weights end (elapsed: 0.2s)
[algo1a-g3-l1-modal] 
[algo1a-g3-l1-modal] [36m(MegatronTrainRayActor pid=2849)[0m [2026-09-29 18:14:20.280 actor_cell00000_rank00000] structured_log.py:28 - actor cls=MegatronTrainRayActor fn=update_weights phase=end ok=true elapsed_s=0.2
[algo1a-g3-l1-modal] 
[algo1a-g3-l1-modal] [36m(MegatronTrainRayActor pid=2849)[0m [2026-09-29 18:14:20.362 actor_cell00000_rank00000] structured_log.py:24 - actor cls=MegatronTrainRayActor fn=sleep phase=start
[algo1a-g3-l1-modal] 
[algo1a-g3-l1-modal] [36m(MegatronTrainRayActor pid=2849)[0m [2026-09-29 18:14:20.362 actor_cell00000_rank00000] timer.py:31 - Timer sleep start
[algo1a-g3-l1-modal] 
[algo1a-g3-l1-modal] [36m(MegatronTrainRayActor pid=2849)[0m [2026-09-29 18:14:20.950 actor_cell00000_rank00000] memory_utils.py:41 - [Rank 0] Memory-Usage before offload model: {'gpu': '0', 'total_GB': 79.18, 'free_GB': 41.92, 'used_GB': 37.26, 'allocated_GB': 1.38, 'reserved_GB': 1.49}
[algo1a-g3-l1-modal] 
[algo1a-g3-l1-modal] [36m(RolloutExecutor pid=2542)[0m Rollout generation:   0%|          | 0/32 [00:00<?, ?it/s]
[algo1a-g3-l1-modal] 
[algo1a-g3-l1-modal] [36m(TrainerController pid=2549)[0m [2026-09-29 18:14:21.446 trainer_controller_actor] cell.py:239 - ft op=execute phase=end cell=trainer-engine-actor-00000 fn=sleep ok=true elapsed_s=1.1
[algo1a-g3-l1-modal] 
[algo1a-g3-l1-modal] [36m(MegatronTrainRayActor pid=2849)[0m [2026-09-29 18:14:21.444 actor_cell00000_rank00000] memory_utils.py:41 - [Rank 0] Memory-Usage after offload model: {'gpu': '0', 'total_GB': 79.18, 'free_GB': 43.4, 'used_GB': 35.78, 'allocated_GB': 1.38, 'reserved_GB': 1.49}
[algo1a-g3-l1-modal] 
[algo1a-g3-l1-modal] [36m(MegatronTrainRayActor pid=2849)[0m [2026-09-29 18:14:21.445 actor_cell00000_rank00000] log_utils.py:436 - [CPU memory] after_offload_train: 71.74 GB (rollout_id=1, step=1)
[algo1a-g3-l1-modal] 
[algo1a-g3-l1-modal] [36m(MegatronTrainRayActor pid=2849)[0m [2026-09-29 18:14:21.445 actor_cell00000_rank00000] timer.py:42 - Timer sleep end (elapsed: 1.1s)
[algo1a-g3-l1-modal] 
[algo1a-g3-l1-modal] [36m(MegatronTrainRayActor pid=2849)[0m [2026-09-29 18:14:21.445 actor_cell00000_rank00000] structured_log.py:28 - actor cls=MegatronTrainRayActor fn=sleep phase=end ok=true elapsed_s=1.1
[algo1a-g3-l1-modal] 
[algo1a-g3-l1-modal] [36m(CommandActor pid=2544)[0m [2026-09-29 18:14:23] Prefill batch, #new-seq: 1, #new-token: 141, #cached-token: 0, token usage: 0.01, #running-req: 0, #queue-req: 0, #pending-token: 0, cuda graph: False, input throughput (token/s): 1.37
[algo1a-g3-l1-modal] 
[algo1a-g3-l1-modal] [36m(CommandActor pid=2544)[0m [2026-09-29 18:14:23] Prefill batch, #new-seq: 31, #new-token: 3675, #cached-token: 0, token usage: 0.00, #running-req: 1, #queue-req: 0, #pending-token: 0, cuda graph: False, input throughput (token/s): 319942.03
[algo1a-g3-l1-modal] 
[algo1a-g3-l1-modal] [36m(CommandActor pid=2544)[0m [2026-09-29 18:14:24] Decode batch, #running-req: 32, #token: 1722, token usage: 0.01, cuda graph: True, gen throughput (token/s): 12.60, #queue-req: 0
[algo1a-g3-l1-modal] 
[algo1a-g3-l1-modal] [36m(CommandActor pid=2544)[0m [2026-09-29 18:14:24] Decode batch, #running-req: 32, #token: 3002, token usage: 0.01, cuda graph: True, gen throughput (token/s): 6154.39, #queue-req: 0
[algo1a-g3-l1-modal] 
[algo1a-g3-l1-modal] [36m(CommandActor pid=2544)[0m [2026-09-29 18:14:24] INFO:     172.20.9.67:50014 - "POST /generate HTTP/1.1" 200 OK
[algo1a-g3-l1-modal] 
[algo1a-g3-l1-modal] [36m(CommandActor pid=2544)[0m [2026-09-29 18:14:24] Decode batch, #running-req: 31, #token: 4161, token usage: 0.02, cuda graph: True, gen throughput (token/s): 6045.45, #queue-req: 0
[algo1a-g3-l1-modal] 
[algo1a-g3-l1-modal] [36m(CommandActor pid=2544)[0m [2026-09-29 18:14:24] INFO:     172.20.9.67:39175 - "POST /generate HTTP/1.1" 200 OK
[algo1a-g3-l1-modal] 
[algo1a-g3-l1-modal] [36m(CommandActor pid=2544)[0m [2026-09-29 18:14:24] INFO:     172.20.9.67:20418 - "POST /generate HTTP/1.1" 200 OK
[algo1a-g3-l1-modal] 
[algo1a-g3-l1-modal] [36m(CommandActor pid=2544)[0m [2026-09-29 18:14:24] INFO:     172.20.9.67:46930 - "POST /generate HTTP/1.1" 200 OK
[algo1a-g3-l1-modal] 
[algo1a-g3-l1-modal] [36m(CommandActor pid=2544)[0m [2026-09-29 18:14:24] INFO:     172.20.9.67:32577 - "POST /generate HTTP/1.1" 200 OK
[algo1a-g3-l1-modal] 
[algo1a-g3-l1-modal] [36m(CommandActor pid=2544)[0m [2026-09-29 18:14:24] Decode batch, #running-req: 28, #token: 4757, token usage: 0.02, cuda graph: True, gen throughput (token/s): 5743.72, #queue-req: 0
[algo1a-g3-l1-modal] 
[algo1a-g3-l1-modal] [36m(CommandActor pid=2544)[0m [2026-09-29 18:14:24] INFO:     172.20.9.67:29537 - "POST /generate HTTP/1.1" 200 OK
[algo1a-g3-l1-modal] 
[algo1a-g3-l1-modal] [36m(CommandActor pid=2544)[0m [2026-09-29 18:14:24] INFO:     172.20.9.67:28114 - "POST /generate HTTP/1.1" 200 OK
[algo1a-g3-l1-modal] [36m(CommandActor pid=2544)[0m [2026-09-29 18:14:24] INFO:     172.20.9.67:36372 - "POST /generate HTTP/1.1" 200 OK
[algo1a-g3-l1-modal] 
[algo1a-g3-l1-modal] [36m(CommandActor pid=2544)[0m [2026-09-29 18:14:24] INFO:     172.20.9.67:19563 - "POST /generate HTTP/1.1" 200 OK
[algo1a-g3-l1-modal] 
[algo1a-g3-l0-modal] [36m(TrainerController pid=2557)[0m [2026-09-29 18:14:24.884 trainer_controller_actor] cell.py:239 - ft op=execute phase=end cell=trainer-engine-actor-00000 fn=run_plugin ok=true elapsed_s=23.7
[algo1a-g3-l0-modal] 
[algo1a-g3-l1-modal] [36m(CommandActor pid=2544)[0m [2026-09-29 18:14:24] INFO:     172.20.9.67:22871 - "POST /generate HTTP/1.1" 200 OK
[algo1a-g3-l1-modal] 
[algo1a-g3-l1-modal] [36m(CommandActor pid=2544)[0m [2026-09-29 18:14:24] INFO:     172.20.9.67:64129 - "POST /generate HTTP/1.1" 200 OK
[algo1a-g3-l1-modal] 
[algo1a-g3-l1-modal] [36m(CommandActor pid=2544)[0m [2026-09-29 18:14:24] Decode batch, #running-req: 23, #token: 5033, token usage: 0.02, cuda graph: True, gen throughput (token/s): 4793.53, #queue-req: 0
[algo1a-g3-l1-modal] 
[algo1a-g3-l1-modal] [36m(CommandActor pid=2544)[0m [2026-09-29 18:14:25] INFO:     172.20.9.67:35545 - "POST /generate HTTP/1.1" 200 OK
[algo1a-g3-l1-modal] 
[algo1a-g3-l1-modal] [36m(CommandActor pid=2544)[0m [2026-09-29 18:14:25] INFO:     172.20.9.67:64574 - "POST /generate HTTP/1.1" 200 OK
[algo1a-g3-l1-modal] 
[algo1a-g3-l1-modal] [36m(CommandActor pid=2544)[0m [2026-09-29 18:14:25] Decode batch, #running-req: 19, #token: 4989, token usage: 0.02, cuda graph: True, gen throughput (token/s): 4074.40, #queue-req: 0
[algo1a-g3-l1-modal] 
[algo1a-g3-l1-modal] [36m(RolloutExecutor pid=2542)[0m [2026-09-29 18:14:25.108 rollout_executor] inference_rollout_train.py:137 - First rollout sample: text_preview=<|im_start|>system\nYou are a helpful assistant. Please put the answer within \boxed{}.<|im_end|>\n<|im_start|>user\nAlexis is applying for a new job and bought a new set of business clothes to wear to the interview. She went to a department store with a budget of $200 and spent $30 on a button-up shirt, $46 on suit pants, $38 on a suit coat, $11 on socks, and $18 on a belt. She also purchased a pair of shoes, but lost the receipt for them. She has $16 left from her budget. How much did Alexis pay for the s...<truncated chars=502>, label=41, reward_summary=1.0
[algo1a-g3-l1-modal] 
[36m(RolloutExecutor pid=2542)[0m Rollout generation:  25%|██▌       | 8/32 [00:03<00:10,  2.19it/s]
[algo1a-g3-l1-modal] 
[algo1a-g3-l1-modal] [36m(CommandActor pid=2544)[0m [2026-09-29 18:14:25] INFO:     172.20.9.67:59886 - "POST /generate HTTP/1.1" 200 OK
[algo1a-g3-l1-modal] 
[algo1a-g3-l1-modal] [36m(CommandActor pid=2544)[0m [2026-09-29 18:14:25] INFO:     172.20.9.67:46168 - "POST /generate HTTP/1.1" 200 OK
[algo1a-g3-l1-modal] 
[algo1a-g3-l1-modal] [36m(CommandActor pid=2544)[0m [2026-09-29 18:14:25] INFO:     172.20.9.67:24692 - "POST /generate HTTP/1.1" 200 OK
[algo1a-g3-l1-modal] 
[algo1a-g3-l1-modal] [36m(CommandActor pid=2544)[0m [2026-09-29 18:14:25] INFO:     172.20.9.67:46428 - "POST /generate HTTP/1.1" 200 OK
[algo1a-g3-l1-modal] 
[algo1a-g3-l1-modal] [36m(CommandActor pid=2544)[0m [2026-09-29 18:14:25] INFO:     172.20.9.67:33934 - "POST /generate HTTP/1.1" 200 OK
[algo1a-g3-l1-modal] 
[algo1a-g3-l1-modal] [36m(CommandActor pid=2544)[0m [2026-09-29 18:14:25] INFO:     172.20.9.67:31048 - "POST /generate HTTP/1.1" 200 OK
[algo1a-g3-l1-modal] 
[algo1a-g3-l1-modal] [36m(CommandActor pid=2544)[0m [2026-09-29 18:14:25] Decode batch, #running-req: 14, #token: 3944, token usage: 0.01, cuda graph: True, gen throughput (token/s): 3008.41, #queue-req: 0
[algo1a-g3-l1-modal] 
[algo1a-g3-l0-modal] [36m(TrainerController pid=2557)[0m [2026-09-29 18:14:24.957 trainer_controller_actor] cell.py:231 - ft op=execute phase=start cell=trainer-engine-actor-00000 fn=run_plugin n_actors=1
[algo1a-g3-l0-modal] 
[algo1a-g3-l1-modal] [36m(RolloutExecutor pid=2542)[0m Rollout generation:  50%|█████     | 16/32 [00:03<00:03,  4.90it/s]
[algo1a-g3-l1-modal] 
[algo1a-g3-l1-modal] [36m(CommandActor pid=2544)[0m [2026-09-29 18:14:25] INFO:     172.20.9.67:25543 - "POST /generate HTTP/1.1" 200 OK
[algo1a-g3-l1-modal] 
[algo1a-g3-l1-modal] [36m(CommandActor pid=2544)[0m [2026-09-29 18:14:25] Decode batch, #running-req: 12, #token: 4067, token usage: 0.01, cuda graph: True, gen throughput (token/s): 2403.74, #queue-req: 0
[algo1a-g3-l1-modal] 
[algo1a-g3-l0-modal] [36m(TrainerController pid=2557)[0m [2026-09-29 18:14:25.254 trainer_controller_actor] cell.py:239 - ft op=execute phase=end cell=trainer-engine-actor-00000 fn=run_plugin ok=true elapsed_s=0.3
[algo1a-g3-l0-modal] 
[algo1a-g3-l1-modal] [36m(CommandActor pid=2544)[0m [2026-09-29 18:14:25] INFO:     172.20.9.67:59733 - "POST /generate HTTP/1.1" 200 OK
[algo1a-g3-l1-modal] 
[algo1a-g3-l1-modal] [36m(CommandActor pid=2544)[0m [2026-09-29 18:14:25] INFO:     172.20.9.67:36201 - "POST /generate HTTP/1.1" 200 OK
[algo1a-g3-l1-modal] 
[algo1a-g3-l1-modal] [36m(CommandActor pid=2544)[0m [2026-09-29 18:14:25] Decode batch, #running-req: 10, #token: 3825, token usage: 0.01, cuda graph: True, gen throughput (token/s): 2267.92, #queue-req: 0
[algo1a-g3-l1-modal] 
[algo1a-g3-l1-modal] [36m(CommandActor pid=2544)[0m [2026-09-29 18:14:25] INFO:     172.20.9.67:55610 - "POST /generate HTTP/1.1" 200 OK
[algo1a-g3-l1-modal] 
[algo1a-g3-l0-modal] [36m(TrainerController pid=2557)[0m [2026-09-29 18:14:25.701 trainer_controller_actor] cell.py:231 - ft op=execute phase=start cell=trainer-engine-actor-00000 fn=run_plugin n_actors=1
[algo1a-g3-l0-modal] 
[algo1a-g3-l1-modal] [36m(RolloutExecutor pid=2542)[0m Rollout generation:  75%|███████▌  | 24/32 [00:04<00:01,  7.15it/s]Rollout generation: 100%|██████████| 32/32 [00:04<00:00,  7.30it/s]
[algo1a-g3-l1-modal] 
[algo1a-g3-l1-modal] [36m(RolloutExecutor pid=2542)[0m [2026-09-29 18:14:25.836 rollout_executor] inference_rollout_train.py:161 - Finish rollout: text_preview=<|im_start|>system\nYou are a helpful assistant. Please put the answer within \boxed{}.<|im_end|>\n<|im_start|>user\nTobias is buying a new pair of shoes that costs $95. He has been saving up his money each month for the past three months. He gets a $5 allowance a month. He also mows lawns and shovels driveways. He charges $15 to mow a lawn and $7 to shovel. After buying the shoes, he has $15 in change. If he mows 4 lawns, how many driveways did he shovel?<|im_end|>\n<|im_start|>assistant\n<think>\n\n</thin...<truncated chars=769>, label=5, reward_summary=1.0
[algo1a-g3-l1-modal] 
[36m(RolloutExecutor pid=2542)[0m [2026-09-29 18:14:25.838 rollout_executor] inference_rollout_train.py:33 - Abort request for ['http://172.20.9.67:20002']
[algo1a-g3-l1-modal] [36m(RolloutExecutor pid=2542)[0m [2026-09-29 18:14:25.844 rollout_executor] rollout_data_conversion.py:39 - Final collected 32 samples from rollout to train
[algo1a-g3-l1-modal] 
[algo1a-g3-l1-modal] [36m(RolloutExecutor pid=2542)[0m [2026-09-29 18:14:25.845 rollout_executor] metrics.py:93 - perf 2: {'rollout/raw_reward_unfiltered': 0.1875, 'rollout/num_training_samples': 32, 'rollout/episode_raw_reward': 0.1875, 'rollout/episode_response_length/mean': 271.46875, 'rollout/episode_response_length/median': 249.0, 'rollout/episode_response_length/max': 384, 'rollout/episode_response_length/min': 109, 'rollout/episode_total_response_length/mean': 271.46875, 'rollout/response_len/mean': 271.46875, 'rollout/response_len/median': 249.0, 'rollout/response_len/max': 384, 'rollout/response_len/min': 109, 'rollout/zero_std/count_0.0': 1, 'rollout/zero_std/all_zero_percentage': 0.25, 'rollout/zero_std/all_one_percentage': 0.0, 'rollout/prefix_cache_hit_rate': 0.0, 'rollout/avg_cached_tokens_per_sample': 0.0, 'rollout/repetition_frac': 0.0, 'rollout/truncated_ratio': 0.28125, 'perf/rollout_time': 4.390170097351074, 'perf/tokens_per_gpu_per_sec': 1978.7388204483311, 'perf/longest_sample_tokens_per_sec': 87.46813710742019, 'perf/effective_tokens_per_gpu_per_sec': 1978.7388204483311, 'perf/longest_effective_sample_tokens_per_sec': 87.46813710742019}
[algo1a-g3-l1-modal] 
[algo1a-g3-l1-modal] [36m(RolloutExecutor pid=2542)[0m [2026-09-29 18:14:25.846 rollout_executor] train_data_conversion.py:334 - Rollout-side DP schedule: num_samples=32, num_rollouts=[32], num_microbatches=[32]
[algo1a-g3-l1-modal] 
[algo1a-g3-l1-modal] [36m(CommandActor pid=2544)[0m [2026-09-29 18:14:25] INFO:     172.20.9.67:40083 - "POST /generate HTTP/1.1" 200 OK
[algo1a-g3-l1-modal] 
[algo1a-g3-l1-modal] [36m(CommandActor pid=2544)[0m [2026-09-29 18:14:25] INFO:     172.20.9.67:20102 - "POST /generate HTTP/1.1" 200 OK
[algo1a-g3-l1-modal] 
[algo1a-g3-l1-modal] [36m(CommandActor pid=2544)[0m [2026-09-29 18:14:25] INFO:     172.20.9.67:19205 - "POST /generate HTTP/1.1" 200 OK
[algo1a-g3-l1-modal] 
[36m(CommandActor pid=2544)[0m [2026-09-29 18:14:25] INFO:     172.20.9.67:44720 - "POST /generate HTTP/1.1" 200 OK
[algo1a-g3-l1-modal] [36m(CommandActor pid=2544)[0m [2026-09-29 18:14:25] INFO:     172.20.9.67:34216 - "POST /generate HTTP/1.1" 200 OK
[algo1a-g3-l1-modal] 
[algo1a-g3-l1-modal] [36m(CommandActor pid=2544)[0m [2026-09-29 18:14:25] INFO:     172.20.9.67:56385 - "POST /generate HTTP/1.1" 200 OK
[algo1a-g3-l1-modal] 
[algo1a-g3-l1-modal] [36m(CommandActor pid=2544)[0m [2026-09-29 18:14:25] INFO:     172.20.9.67:27003 - "POST /generate HTTP/1.1" 200 OK
[algo1a-g3-l1-modal] 
[algo1a-g3-l1-modal] [36m(CommandActor pid=2544)[0m [2026-09-29 18:14:25] INFO:     172.20.9.67:63503 - "POST /generate HTTP/1.1" 200 OK
[algo1a-g3-l1-modal] 
[algo1a-g3-l1-modal] [36m(CommandActor pid=2544)[0m [2026-09-29 18:14:25] INFO:     172.20.9.67:50419 - "POST /generate HTTP/1.1" 200 OK
[algo1a-g3-l1-modal] 
[algo1a-g3-l1-modal] [36m(CommandActor pid=2544)[0m [2026-09-29 18:14:25] INFO:     172.20.9.67:57898 - "POST /abort_request HTTP/1.1" 200 OK
[algo1a-g3-l1-modal] 
[algo1a-g3-l1-modal] [36m(InferenceController pid=2543)[0m [2026-09-29 18:14:25.936 inference_controller] _client.py:1740 - HTTP Request: GET http://172.20.9.67:20002/flush_cache "HTTP/1.1 200 OK"
[algo1a-g3-l1-modal] 
[algo1a-g3-l1-modal] [36m(CommandActor pid=2544)[0m [2026-09-29 18:14:25] INFO:     172.20.9.67:32320 - "GET /flush_cache HTTP/1.1" 200 OK
[algo1a-g3-l1-modal] 
[algo1a-g3-l1-modal] [36m(CommandActor pid=2544)[0m [2026-09-29 18:14:25] Cache flushed successfully!
[algo1a-g3-l1-modal] 
[algo1a-g3-l1-modal] [36m(CommandActor pid=2544)[0m [2026-09-29 18:14:25] Cache flushed successfully!
[algo1a-g3-l1-modal] 
[algo1a-g3-l0-modal] [36m(TrainerController pid=2557)[0m [2026-09-29 18:14:25.987 trainer_controller_actor] cell.py:239 - ft op=execute phase=end cell=trainer-engine-actor-00000 fn=run_plugin ok=true elapsed_s=0.3
[algo1a-g3-l0-modal] 
[algo1a-g3-l0-modal] [36m(InferenceController pid=2560)[0m [2026-09-29 18:14:26.394 inference_controller] _client.py:1740 - HTTP Request: POST http://172.20.8.163:20002/resume_memory_occupation "HTTP/1.1 200 OK"
[algo1a-g3-l0-modal] 
[algo1a-g3-l0-modal] [36m(CommandActor pid=2561)[0m [2026-09-29 18:14:26] INFO:     172.20.8.163:61330 - "POST /resume_memory_occupation HTTP/1.1" 200 OK
[algo1a-g3-l0-modal] 
[algo1a-g3-l0-modal] [36m(CommandActor pid=2561)[0m [2026-09-29 18:14:26] INFO:     172.20.8.163:46386 - "POST /pause_generation HTTP/1.1" 200 OK
[algo1a-g3-l0-modal] 
[algo1a-g3-l0-modal] [36m(CommandActor pid=2561)[0m [2026-09-29 18:14:26] INFO:     172.20.8.163:46386 - "GET /flush_cache HTTP/1.1" 200 OK
[algo1a-g3-l0-modal] 
[algo1a-g3-l0-modal] [36m(CommandActor pid=2561)[0m [2026-09-29 18:14:26] INFO:     172.20.8.163:46386 - "POST /begin_weight_update HTTP/1.1" 200 OK
[algo1a-g3-l0-modal] 
[algo1a-g3-l0-modal] [36m(CommandActor pid=2561)[0m [2026-09-29 18:14:26] INFO:     172.20.8.163:46386 - "POST /update_weights_from_tensor HTTP/1.1" 200 OK
[algo1a-g3-l0-modal] 
[algo1a-g3-l0-modal] [36m(CommandActor pid=2561)[0m [2026-09-29 18:14:26] Cache flush skipped: KV cache memory is released.
[algo1a-g3-l0-modal] 
[algo1a-g3-l0-modal] [36m(CommandActor pid=2561)[0m [2026-09-29 18:14:26] LoRA adapter loading from tensors starts: LoRARef(lora_id=72440d8475b94d43b98ff2b64f237cb7, lora_name=miles_lora, lora_path=__stream__, pinned=False, reloadable=False).
[algo1a-g3-l0-modal] 
[algo1a-g3-l0-modal] [36m(TrainerController pid=2557)[0m [2026-09-29 18:14:26.401 trainer_controller_actor] group.py:392 - ft op=update_weights phase=start rollout=
[algo1a-g3-l0-modal] 
[algo1a-g3-l0-modal] [36m(TrainerController pid=2557)[0m [2026-09-29 18:14:26.401 trainer_controller_actor] cell.py:231 - ft op=execute phase=start cell=trainer-engine-actor-00000 fn=update_weights n_actors=1
[algo1a-g3-l0-modal] 
[algo1a-g3-l0-modal] [36m(MegatronTrainRayActor pid=2861)[0m [2026-09-29 18:14:26.403 actor_cell00000_rank00000] structured_log.py:24 - actor cls=MegatronTrainRayActor fn=update_weights phase=start
[algo1a-g3-l0-modal] 
[algo1a-g3-l0-modal] [36m(MegatronTrainRayActor pid=2861)[0m [2026-09-29 18:14:26.403 actor_cell00000_rank00000] timer.py:31 - Timer update_weights start
[algo1a-g3-l0-modal] 
[algo1a-g3-l0-modal] [36m(MegatronTrainRayActor pid=2861)[0m [2026-09-29 18:14:26.404 actor_cell00000_rank00000] memory_utils.py:41 - [Rank 0] Memory-Usage before update_weights: {'gpu': '0', 'total_GB': 79.18, 'free_GB': 68.75, 'used_GB': 10.43, 'allocated_GB': 1.38, 'reserved_GB': 4.69}
[algo1a-g3-l0-modal] 
[algo1a-g3-l0-modal] [36m(MegatronTrainRayActor pid=2861)[0m [2026-09-29 18:14:26.408 actor_cell00000_rank00000] _client.py:1740 - HTTP Request: POST http://172.20.8.163:20002/pause_generation "HTTP/1.1 200 OK"
[algo1a-g3-l0-modal] 
[algo1a-g3-l0-modal] [36m(MegatronTrainRayActor pid=2861)[0m [2026-09-29 18:14:26.411 actor_cell00000_rank00000] _client.py:1740 - HTTP Request: GET http://172.20.8.163:20002/flush_cache "HTTP/1.1 200 OK"
[algo1a-g3-l0-modal] 
[algo1a-g3-l0-modal] [36m(MegatronTrainRayActor pid=2861)[0m [2026-09-29 18:14:26.414 actor_cell00000_rank00000] _client.py:1740 - HTTP Request: POST http://172.20.8.163:20002/begin_weight_update "HTTP/1.1 200 OK"
[algo1a-g3-l0-modal] 
[algo1a-g3-l0-modal] [36m(MegatronTrainRayActor pid=2861)[0m [2026-09-29 18:14:26.415 actor_cell00000_rank00000] timer.py:31 - Timer update_weights_implementation start
[algo1a-g3-l0-modal] 
[algo1a-g3-l0-modal] [36m(MegatronTrainRayActor pid=2861)[0m [miles-colocate] Update weights: 0it [00:00, ?it/s][2026-09-29 18:14:26.482 actor_cell00000_rank00000] _client.py:1740 - HTTP Request: POST http://172.20.8.163:20002/update_weights_from_tensor "HTTP/1.1 200 OK"
[algo1a-g3-l0-modal] 
[algo1a-g3-l0-modal] [36m(MegatronTrainRayActor pid=2861)[0m [2026-09-29 18:14:26.482 actor_cell00000_rank00000] timer.py:42 - Timer update_weights_implementation end (elapsed: 0.1s)
[algo1a-g3-l0-modal] 
[algo1a-g3-l0-modal] [36m(MegatronTrainRayActor pid=2861)[0m [2026-09-29 18:14:26.482 actor_cell00000_rank00000] timer.py:31 - Timer finalize_and_resume_engines start
[algo1a-g3-l0-modal] 
[algo1a-g3-l1-modal] [36m(InferenceController pid=2543)[0m [2026-09-29 18:14:26.542 inference_controller] _client.py:1740 - HTTP Request: POST http://172.20.9.67:20002/release_memory_occupation "HTTP/1.1 200 OK"
[algo1a-g3-l1-modal] 
[algo1a-g3-l1-modal] [36m(CommandActor pid=2544)[0m [2026-09-29 18:14:26] INFO:     172.20.9.67:32320 - "POST /release_memory_occupation HTTP/1.1" 200 OK
[algo1a-g3-l1-modal] 
[algo1a-g3-l1-modal] [36m(TrainerController pid=2549)[0m [2026-09-29 18:14:26.551 trainer_controller_actor] cell.py:231 - ft op=execute phase=start cell=trainer-engine-actor-00000 fn=wake_up n_actors=1
[algo1a-g3-l1-modal] 
[algo1a-g3-l1-modal] [36m(MegatronTrainRayActor pid=2849)[0m [2026-09-29 18:14:26.552 actor_cell00000_rank00000] structured_log.py:24 - actor cls=MegatronTrainRayActor fn=wake_up phase=start
[algo1a-g3-l1-modal] 
[algo1a-g3-l1-modal] [36m(MegatronTrainRayActor pid=2849)[0m [2026-09-29 18:14:26.552 actor_cell00000_rank00000] timer.py:31 - Timer wake_up start
[algo1a-g3-l1-modal] 
[algo1a-g3-l1-modal] [36m(MegatronTrainRayActor pid=2849)[0m [2026-09-29 18:14:26.553 actor_cell00000_rank00000] memory_utils.py:41 - [Rank 0] Memory-Usage before wake_up model: {'gpu': '0', 'total_GB': 79.18, 'free_GB': 74.61, 'used_GB': 4.57, 'allocated_GB': 1.38, 'reserved_GB': 1.49}
[algo1a-g3-l1-modal] 
[algo1a-g3-l0-modal] [36m(CommandActor pid=2561)[0m [2026-09-29 18:14:26] INFO:     172.20.8.163:46386 - "POST /end_weight_update HTTP/1.1" 200 OK
[algo1a-g3-l0-modal] 
[algo1a-g3-l0-modal] [36m(CommandActor pid=2561)[0m [2026-09-29 18:14:26] INFO:     172.20.8.163:46386 - "POST /update_weight_version HTTP/1.1" 200 OK
[algo1a-g3-l0-modal] 
[algo1a-g3-l0-modal] [36m(CommandActor pid=2561)[0m [2026-09-29 18:14:26] INFO:     172.20.8.163:46386 - "POST /continue_generation HTTP/1.1" 200 OK
[algo1a-g3-l0-modal] 
[algo1a-g3-l0-modal] [36m(CommandActor pid=2561)[0m [2026-09-29 18:14:26] LoRA adapter '72440d8475b94d43b98ff2b64f237cb7': loaded weights for target modules ['down_proj', 'gate_up_proj', 'o_proj', 'qkv_proj'].
[algo1a-g3-l0-modal] 
[algo1a-g3-l0-modal] [36m(CommandActor pid=2561)[0m [2026-09-29 18:14:26] LoRA adapter loading from tensors completes: LoRARef(lora_id=72440d8475b94d43b98ff2b64f237cb7, lora_name=miles_lora, lora_path=__stream__, pinned=False, reloadable=False).
[algo1a-g3-l0-modal] 
[algo1a-g3-l0-modal] [36m(CommandActor pid=2561)[0m [2026-09-29 18:14:26] Weight version changed. old_version='yeto:1:4ae2527baff3b334501aede146a5739ee5c9e18106c8392a28b380627afcece5' new_version='3' num_recorded=0
[algo1a-g3-l0-modal] 
[algo1a-g3-l0-modal] [36m(CommandActor pid=2561)[0m [2026-09-29 18:14:26] [continue_generation] torch.cuda.empty_cache() called: reserved 32306.0 MB -> 32266.0 MB (freed 40.0 MB)
[algo1a-g3-l0-modal] 
[algo1a-g3-l0-modal] [36m(TrainerController pid=2557)[0m [2026-09-29 18:14:26.581 trainer_controller_actor] cell.py:239 - ft op=execute phase=end cell=trainer-engine-actor-00000 fn=update_weights ok=true elapsed_s=0.2
[algo1a-g3-l0-modal] 
[algo1a-g3-l0-modal] [36m(MegatronTrainRayActor pid=2861)[0m [2026-09-29 18:14:26.541 actor_cell00000_rank00000] _client.py:1740 - HTTP Request: POST http://172.20.8.163:20002/end_weight_update "HTTP/1.1 200 OK"
[algo1a-g3-l0-modal] 
[algo1a-g3-l0-modal] [36m(MegatronTrainRayActor pid=2861)[0m [2026-09-29 18:14:26.544 actor_cell00000_rank00000] _client.py:1740 - HTTP Request: POST http://172.20.8.163:20002/update_weight_version "HTTP/1.1 200 OK"
[algo1a-g3-l0-modal] 
[algo1a-g3-l0-modal] [36m(MegatronTrainRayActor pid=2861)[0m [2026-09-29 18:14:26.547 actor_cell00000_rank00000] _client.py:1740 - HTTP Request: POST http://172.20.8.163:20002/continue_generation "HTTP/1.1 200 OK"
[algo1a-g3-l0-modal] 
[algo1a-g3-l0-modal] [36m(MegatronTrainRayActor pid=2861)[0m [2026-09-29 18:14:26.547 actor_cell00000_rank00000] timer.py:42 - Timer finalize_and_resume_engines end (elapsed: 0.1s)
[algo1a-g3-l0-modal] 
[algo1a-g3-l0-modal] [36m(MegatronTrainRayActor pid=2861)[0m [miles-colocate] Update weights: 1it [00:00,  6.14it/s]
[algo1a-g3-l0-modal] 
[algo1a-g3-l0-modal] [36m(MegatronTrainRayActor pid=2861)[0m [2026-09-29 18:14:26.579 actor_cell00000_rank00000] memory_utils.py:41 - [Rank 0] Memory-Usage after update_weights: {'gpu': '0', 'total_GB': 79.18, 'free_GB': 71.98, 'used_GB': 7.2, 'allocated_GB': 1.38, 'reserved_GB': 1.49}
[algo1a-g3-l0-modal] 
[algo1a-g3-l0-modal] [36m(MegatronTrainRayActor pid=2861)[0m [2026-09-29 18:14:26.580 actor_cell00000_rank00000] timer.py:42 - Timer update_weights end (elapsed: 0.2s)
[algo1a-g3-l0-modal] 
[algo1a-g3-l0-modal] [36m(MegatronTrainRayActor pid=2861)[0m [2026-09-29 18:14:26.580 actor_cell00000_rank00000] structured_log.py:28 - actor cls=MegatronTrainRayActor fn=update_weights phase=end ok=true elapsed_s=0.2
[algo1a-g3-l0-modal] 
[algo1a-g3-l0-modal] [36m(InferenceController pid=2560)[0m [2026-09-29 18:14:26.621 inference_controller] _client.py:1740 - HTTP Request: POST http://172.20.8.163:20002/resume_memory_occupation "HTTP/1.1 200 OK"
[algo1a-g3-l0-modal] 
[algo1a-g3-l0-modal] [36m(InferenceController pid=2560)[0m [2026-09-29 18:14:26.663 inference_controller] _client.py:1740 - HTTP Request: POST http://172.20.8.163:20002/weights_checker "HTTP/1.1 200 OK"
[algo1a-g3-l0-modal] 
[algo1a-g3-l0-modal] [36m(CommandActor pid=2561)[0m [2026-09-29 18:14:26] INFO:     172.20.8.163:61330 - "POST /resume_memory_occupation HTTP/1.1" 200 OK
[algo1a-g3-l0-modal] 
[algo1a-g3-l0-modal] [36m(CommandActor pid=2561)[0m [2026-09-29 18:14:26] INFO:     172.20.8.163:64239 - "POST /update_weight_version HTTP/1.1" 200 OK
[algo1a-g3-l0-modal] 
[algo1a-g3-l0-modal] [36m(CommandActor pid=2561)[0m [2026-09-29 18:14:26] INFO:     172.20.8.163:64239 - "GET /model_info HTTP/1.1" 200 OK
[algo1a-g3-l0-modal] 
[algo1a-g3-l0-modal] [36m(CommandActor pid=2561)[0m [2026-09-29 18:14:26] INFO:     172.20.8.163:61330 - "POST /weights_checker HTTP/1.1" 200 OK
[algo1a-g3-l0-modal] 
[algo1a-g3-l0-modal] [36m(CommandActor pid=2561)[0m [2026-09-29 18:14:26] Weight version changed. old_version='3' new_version='yeto:2:5b7c7063c2e800da8b85daec97f443a3044c59c10183a559a367119e40e58b40' num_recorded=0
[algo1a-g3-l0-modal] 
[algo1a-g3-l0-modal] [36m(CommandActor pid=2561)[0m [2026-09-29 18:14:26] [WeightChecker] handle action=checksum allow_quant_error=False skip_tensor_list=None
[algo1a-g3-l0-modal] 
[algo1a-g3-l0-modal] [36m(CommandActor pid=2561)[0m [2026-09-29 18:14:26] [WeightChecker] checksum computed for 226 tensors in 0.022s
[algo1a-g3-l0-modal] 
[algo1a-g3-l0-modal] [36m(TrainerController pid=2557)[0m [2026-09-29 18:14:26.672 trainer_controller_actor] cell.py:231 - ft op=execute phase=start cell=trainer-engine-actor-00000 fn=sleep n_actors=1
[algo1a-g3-l0-modal] 
[algo1a-g3-l0-modal] [36m(MegatronTrainRayActor pid=2861)[0m [2026-09-29 18:14:26.673 actor_cell00000_rank00000] structured_log.py:24 - actor cls=MegatronTrainRayActor fn=sleep phase=start
[algo1a-g3-l0-modal] 
[algo1a-g3-l0-modal] [36m(MegatronTrainRayActor pid=2861)[0m [2026-09-29 18:14:26.673 actor_cell00000_rank00000] timer.py:31 - Timer sleep start
[algo1a-g3-l0-modal] 
[algo1a-g3-l1-modal] [36m(TrainerController pid=2549)[0m [2026-09-29 18:14:27.243 trainer_controller_actor] cell.py:239 - ft op=execute phase=end cell=trainer-engine-actor-00000 fn=wake_up ok=true elapsed_s=0.7
[algo1a-g3-l1-modal] 
[algo1a-g3-l1-modal] [36m(TrainerController pid=2549)[0m [2026-09-29 18:14:27.247 trainer_controller_actor] group.py:190 - ft op=train phase=start rollout=2 attempt=0
[algo1a-g3-l1-modal] 
[algo1a-g3-l1-modal] [36m(TrainerController pid=2549)[0m [2026-09-29 18:14:27.247 trainer_controller_actor] group.py:534 - ft op=refresh phase=start rollout=2 alive=0 healing= all_states="(0, 'StateAllocatedAlive')" quorum=0
[algo1a-g3-l1-modal] 
[algo1a-g3-l1-modal] [36m(TrainerController pid=2549)[0m [2026-09-29 18:14:27.247 trainer_controller_actor] group.py:557 - ft op=refresh phase=decision rollout=2 needs_reconfigure=false reason=alive_config_unchanged,no_healing quorum=0
[algo1a-g3-l1-modal] 
[algo1a-g3-l1-modal] [36m(TrainerController pid=2549)[0m [2026-09-29 18:14:27.248 trainer_controller_actor] cell.py:231 - ft op=execute phase=start cell=trainer-engine-actor-00000 fn=train n_actors=1
[algo1a-g3-l1-modal] 
[algo1a-g3-l1-modal] [36m(MegatronTrainRayActor pid=2849)[0m [2026-09-29 18:14:27.241 actor_cell00000_rank00000] reloadable_process_group.py:151 - Reloading 0 process groups in pid 2849
[algo1a-g3-l1-modal] 
[algo1a-g3-l1-modal] [36m(MegatronTrainRayActor pid=2849)[0m [2026-09-29 18:14:27.242 actor_cell00000_rank00000] memory_utils.py:41 - [Rank 0] Memory-Usage after wake_up model: {'gpu': '0', 'total_GB': 79.18, 'free_GB': 73.14, 'used_GB': 6.04, 'allocated_GB': 1.38, 'reserved_GB': 1.49}
[algo1a-g3-l1-modal] 
[36m(MegatronTrainRayActor pid=2849)[0m [2026-09-29 18:14:27.242 actor_cell00000_rank00000] timer.py:42 - Timer wake_up end (elapsed: 0.7s)
[36m(MegatronTrainRayActor pid=2849)[0m [2026-09-29 18:14:27.242 actor_cell00000_rank00000] structured_log.py:28 - actor cls=MegatronTrainRayActor fn=wake_up phase=end ok=true elapsed_s=0.7
[algo1a-g3-l1-modal] 
[algo1a-g3-l1-modal] [36m(MegatronTrainRayActor pid=2849)[0m [2026-09-29 18:14:27.249 actor_cell00000_rank00000] structured_log.py:24 - actor cls=MegatronTrainRayActor fn=train phase=start
[algo1a-g3-l1-modal] 
[algo1a-g3-l1-modal] [36m(MegatronTrainRayActor pid=2849)[0m [2026-09-29 18:14:27.249 actor_cell00000_rank00000] timer.py:31 - Timer data_preprocess start
[algo1a-g3-l1-modal] 
[36m(MegatronTrainRayActor pid=2849)[0m [2026-09-29 18:14:27.254 actor_cell00000_rank00000] timer.py:42 - Timer data_preprocess end (elapsed: 0.0s)
[algo1a-g3-l1-modal] 
[algo1a-g3-l1-modal] [36m(MegatronTrainRayActor pid=2849)[0m [2026-09-29 18:14:27.255 actor_cell00000_rank00000] structured_log.py:24 - actor cls=MegatronTrainRayActor fn=_train_actor phase=start
[algo1a-g3-l1-modal] 
[algo1a-g3-l1-modal] [36m(MegatronTrainRayActor pid=2849)[0m [2026-09-29 18:14:27.255 actor_cell00000_rank00000] timer.py:42 - Timer train_wait end (elapsed: 90.5s)
[algo1a-g3-l1-modal] 
[algo1a-g3-l1-modal] [36m(MegatronTrainRayActor pid=2849)[0m [2026-09-29 18:14:27.255 actor_cell00000_rank00000] timer.py:31 - Timer train start
[algo1a-g3-l1-modal] 
[algo1a-g3-l1-modal] [36m(MegatronTrainRayActor pid=2849)[0m [2026-09-29 18:14:27.255 actor_cell00000_rank00000] structured_log.py:24 - actor cls=MegatronTrainRayActor fn=_compute_log_prob phase=start
[algo1a-g3-l1-modal] 
[algo1a-g3-l1-modal] [36m(MegatronTrainRayActor pid=2849)[0m [2026-09-29 18:14:27.255 actor_cell00000_rank00000] timer.py:31 - Timer log_probs start
[algo1a-g3-l1-modal] 
[algo1a-g3-l0-modal] [36m(MegatronTrainRayActor pid=2861)[0m [2026-09-29 18:14:27.433 actor_cell00000_rank00000] memory_utils.py:41 - [Rank 0] Memory-Usage before offload model: {'gpu': '0', 'total_GB': 79.18, 'free_GB': 41.95, 'used_GB': 37.23, 'allocated_GB': 1.38, 'reserved_GB': 1.47}
[algo1a-g3-l0-modal] 
[algo1a-g3-l0-modal] [36m(RolloutExecutor pid=2559)[0m Rollout generation:   0%|          | 0/32 [00:00<?, ?it/s]
[algo1a-g3-l0-modal] 
[algo1a-g3-l0-modal] [36m(TrainerController pid=2557)[0m [2026-09-29 18:14:28.061 trainer_controller_actor] cell.py:239 - ft op=execute phase=end cell=trainer-engine-actor-00000 fn=sleep ok=true elapsed_s=1.4
[algo1a-g3-l0-modal] 
[algo1a-g3-l0-modal] [36m(MegatronTrainRayActor pid=2861)[0m [2026-09-29 18:14:28.058 actor_cell00000_rank00000] memory_utils.py:41 - [Rank 0] Memory-Usage after offload model: {'gpu': '0', 'total_GB': 79.18, 'free_GB': 43.4, 'used_GB': 35.78, 'allocated_GB': 1.38, 'reserved_GB': 1.47}
[algo1a-g3-l0-modal] 
[algo1a-g3-l0-modal] [36m(MegatronTrainRayActor pid=2861)[0m [2026-09-29 18:14:28.059 actor_cell00000_rank00000] log_utils.py:436 - [CPU memory] after_offload_train: 68.02 GB (rollout_id=1, step=1)
[algo1a-g3-l0-modal] 
[algo1a-g3-l0-modal] [36m(MegatronTrainRayActor pid=2861)[0m [2026-09-29 18:14:28.059 actor_cell00000_rank00000] timer.py:42 - Timer sleep end (elapsed: 1.4s)
[algo1a-g3-l0-modal] 
[algo1a-g3-l0-modal] [36m(MegatronTrainRayActor pid=2861)[0m [2026-09-29 18:14:28.059 actor_cell00000_rank00000] structured_log.py:28 - actor cls=MegatronTrainRayActor fn=sleep phase=end ok=true elapsed_s=1.4
[algo1a-g3-l0-modal] 
[algo1a-g3-l0-modal] [36m(CommandActor pid=2561)[0m [2026-09-29 18:14:30] Prefill batch, #new-seq: 1, #new-token: 141, #cached-token: 0, token usage: 0.01, #running-req: 0, #queue-req: 0, #pending-token: 0, cuda graph: False, input throughput (token/s): 1.41
[algo1a-g3-l0-modal] 
[algo1a-g3-l0-modal] [36m(CommandActor pid=2561)[0m [2026-09-29 18:14:30] Prefill batch, #new-seq: 31, #new-token: 3675, #cached-token: 0, token usage: 0.00, #running-req: 1, #queue-req: 0, #pending-token: 0, cuda graph: False, input throughput (token/s): 266973.56
[algo1a-g3-l0-modal] 
[algo1a-g3-l0-modal] [36m(CommandActor pid=2561)[0m [2026-09-29 18:14:30] Decode batch, #running-req: 32, #token: 1722, token usage: 0.01, cuda graph: True, gen throughput (token/s): 12.97, #queue-req: 0
[algo1a-g3-l0-modal] 
[algo1a-g3-l0-modal] [36m(CommandActor pid=2561)[0m [2026-09-29 18:14:31] Decode batch, #running-req: 32, #token: 3002, token usage: 0.01, cuda graph: True, gen throughput (token/s): 6466.02, #queue-req: 0
[algo1a-g3-l0-modal] 
[algo1a-g3-l0-modal] [36m(CommandActor pid=2561)[0m [2026-09-29 18:14:31] INFO:     172.20.8.163:32408 - "POST /generate HTTP/1.1" 200 OK
[algo1a-g3-l0-modal] 
[algo1a-g3-l0-modal] [36m(CommandActor pid=2561)[0m [2026-09-29 18:14:31] INFO:     172.20.8.163:58485 - "POST /generate HTTP/1.1" 200 OK
[algo1a-g3-l0-modal] 
[algo1a-g3-l0-modal] [36m(CommandActor pid=2561)[0m [2026-09-29 18:14:31] Decode batch, #running-req: 30, #token: 4040, token usage: 0.01, cuda graph: True, gen throughput (token/s): 6050.98, #queue-req: 0
[algo1a-g3-l0-modal] 
[algo1a-g3-l0-modal] [36m(CommandActor pid=2561)[0m [2026-09-29 18:14:31] INFO:     172.20.8.163:24337 - "POST /generate HTTP/1.1" 200 OK
[algo1a-g3-l0-modal] 
[algo1a-g3-l0-modal] [36m(CommandActor pid=2561)[0m [2026-09-29 18:14:31] INFO:     172.20.8.163:50410 - "POST /generate HTTP/1.1" 200 OK
[algo1a-g3-l0-modal] 
[algo1a-g3-l0-modal] [36m(CommandActor pid=2561)[0m [2026-09-29 18:14:31] INFO:     172.20.8.163:40225 - "POST /generate HTTP/1.1" 200 OK
[algo1a-g3-l0-modal] 
[algo1a-g3-l0-modal] [36m(CommandActor pid=2561)[0m [2026-09-29 18:14:31] INFO:     172.20.8.163:49239 - "POST /generate HTTP/1.1" 200 OK
[algo1a-g3-l0-modal] 
[algo1a-g3-l0-modal] [36m(CommandActor pid=2561)[0m [2026-09-29 18:14:31] INFO:     172.20.8.163:20345 - "POST /generate HTTP/1.1" 200 OK
[algo1a-g3-l0-modal] 
[algo1a-g3-l0-modal] [36m(CommandActor pid=2561)[0m [2026-09-29 18:14:31] INFO:     172.20.8.163:42815 - "POST /generate HTTP/1.1" 200 OK
[algo1a-g3-l0-modal] 
[algo1a-g3-l0-modal] [36m(CommandActor pid=2561)[0m [2026-09-29 18:14:31] Decode batch, #running-req: 28, #token: 4757, token usage: 0.02, cuda graph: True, gen throughput (token/s): 5596.96, #queue-req: 0
[algo1a-g3-l0-modal] 
[algo1a-g3-l0-modal] [36m(CommandActor pid=2561)[0m [2026-09-29 18:14:31] INFO:     172.20.8.163:43440 - "POST /generate HTTP/1.1" 200 OK
[algo1a-g3-l0-modal] 
[algo1a-g3-l0-modal] [36m(CommandActor pid=2561)[0m [2026-09-29 18:14:31] INFO:     172.20.8.163:54552 - "POST /generate HTTP/1.1" 200 OK
[algo1a-g3-l0-modal] 
[algo1a-g3-l0-modal] [36m(CommandActor pid=2561)[0m [2026-09-29 18:14:31] INFO:     172.20.8.163:52412 - "POST /generate HTTP/1.1" 200 OK
[algo1a-g3-l0-modal] 
[algo1a-g3-l0-modal] [36m(CommandActor pid=2561)[0m [2026-09-29 18:14:31] INFO:     172.20.8.163:57477 - "POST /generate HTTP/1.1" 200 OK
[algo1a-g3-l0-modal] 
[algo1a-g3-l0-modal] [36m(CommandActor pid=2561)[0m [2026-09-29 18:14:31] INFO:     172.20.8.163:35955 - "POST /generate HTTP/1.1" 200 OK
[algo1a-g3-l0-modal] 
[algo1a-g3-l0-modal] [36m(CommandActor pid=2561)[0m [2026-09-29 18:14:31] Decode batch, #running-req: 22, #token: 4832, token usage: 0.02, cuda graph: True, gen throughput (token/s): 4651.46, #queue-req: 0
[algo1a-g3-l0-modal] 
[algo1a-g3-l1-modal] [36m(MegatronTrainRayActor pid=2849)[0m [2026-09-29 18:14:32.248 actor_cell00000_rank00000] timer.py:42 - Timer log_probs end (elapsed: 5.0s)
[algo1a-g3-l0-modal] [36m(CommandActor pid=2561)[0m [2026-09-29 18:14:31] INFO:     172.20.8.163:58356 - "POST /generate HTTP/1.1" 200 OK
[algo1a-g3-l0-modal] 
[algo1a-g3-l0-modal] [36m(RolloutExecutor pid=2559)[0m [2026-09-29 18:14:31.884 rollout_executor] inference_rollout_train.py:137 - First rollout sample: text_preview=<|im_start|>system\nYou are a helpful assistant. Please put the answer within \boxed{}.<|im_end|>\n<|im_start|>user\nAlexis is applying for a new job and bought a new set of business clothes to wear to the interview. She went to a department store with a budget of $200 and spent $30 on a button-up shirt, $46 on suit pants, $38 on a suit coat, $11 on socks, and $18 on a belt. She also purchased a pair of shoes, but lost the receipt for them. She has $16 left from her budget. How much did Alexis pay for the s...<truncated chars=409>, label=41, reward_summary=0.0
[algo1a-g3-l0-modal] 
[algo1a-g3-l0-modal] [36m(RolloutExecutor pid=2559)[0m Rollout generation:  25%|██▌       | 8/32 [00:03<00:11,  2.10it/s]
[algo1a-g3-l0-modal] 
[algo1a-g3-l0-modal] [36m(CommandActor pid=2561)[0m [2026-09-29 18:14:31] INFO:     172.20.8.163:54989 - "POST /generate HTTP/1.1" 200 OK
[algo1a-g3-l0-modal] 
[algo1a-g3-l0-modal] [36m(CommandActor pid=2561)[0m [2026-09-29 18:14:31] INFO:     172.20.8.163:58943 - "POST /generate HTTP/1.1" 200 OK
[algo1a-g3-l0-modal] 
[algo1a-g3-l0-modal] [36m(CommandActor pid=2561)[0m [2026-09-29 18:14:31] INFO:     172.20.8.163:43911 - "POST /generate HTTP/1.1" 200 OK
[algo1a-g3-l0-modal] 
[algo1a-g3-l0-modal] [36m(CommandActor pid=2561)[0m [2026-09-29 18:14:31] INFO:     172.20.8.163:18453 - "POST /generate HTTP/1.1" 200 OK
[algo1a-g3-l0-modal] 
[algo1a-g3-l0-modal] [36m(CommandActor pid=2561)[0m [2026-09-29 18:14:31] Decode batch, #running-req: 18, #token: 4748, token usage: 0.02, cuda graph: True, gen throughput (token/s): 3716.77, #queue-req: 0
[algo1a-g3-l0-modal] 
[algo1a-g3-l0-modal] [36m(CommandActor pid=2561)[0m [2026-09-29 18:14:32] INFO:     172.20.8.163:43112 - "POST /generate HTTP/1.1" 200 OK
[algo1a-g3-l0-modal] 
[algo1a-g3-l0-modal] [36m(CommandActor pid=2561)[0m [2026-09-29 18:14:32] INFO:     172.20.8.163:44716 - "POST /generate HTTP/1.1" 200 OK
[algo1a-g3-l0-modal] 
[algo1a-g3-l0-modal] [36m(CommandActor pid=2561)[0m [2026-09-29 18:14:32] Decode batch, #running-req: 13, #token: 3663, token usage: 0.01, cuda graph: True, gen throughput (token/s): 2815.98, #queue-req: 0
[algo1a-g3-l0-modal] 
[algo1a-g3-l0-modal] [36m(RolloutExecutor pid=2559)[0m Rollout generation:  50%|█████     | 16/32 [00:04<00:03,  4.71it/s]
[algo1a-g3-l0-modal] 
[algo1a-g3-l0-modal] [36m(CommandActor pid=2561)[0m [2026-09-29 18:14:32] INFO:     172.20.8.163:29988 - "POST /generate HTTP/1.1" 200 OK
[algo1a-g3-l0-modal] 
[algo1a-g3-l1-modal] 
[algo1a-g3-l1-modal] [36m(MegatronTrainRayActor pid=2849)[0m [2026-09-29 18:14:32.249 actor_cell00000_rank00000] structured_log.py:28 - actor cls=MegatronTrainRayActor fn=_compute_log_prob phase=end ok=true elapsed_s=5.0
[algo1a-g3-l1-modal] 
[algo1a-g3-l1-modal] [36m(MegatronTrainRayActor pid=2849)[0m [2026-09-29 18:14:32.255 actor_cell00000_rank00000] log_utils.py:100 - ft op=cross_cell phase=start kind=log_gather rank=0
[algo1a-g3-l1-modal] 
[algo1a-g3-l1-modal] [36m(MegatronTrainRayActor pid=2849)[0m [2026-09-29 18:14:32.256 actor_cell00000_rank00000] log_utils.py:106 - ft op=cross_cell phase=end kind=log_gather rank=0 success=true
[algo1a-g3-l1-modal] 
[algo1a-g3-l1-modal] [36m(MegatronTrainRayActor pid=2849)[0m [2026-09-29 18:14:32.256 actor_cell00000_rank00000] log_utils.py:126 - rollout 2: {'rollout/response_lengths': 271.46875, 'rollout/rewards': 0.0, 'rollout/truncated': 0.28125, 'rollout/rollout_log_probs': -0.47886255383491516, 'rollout/raw_reward': 0.1875, 'rollout/total_lengths': 390.71875, 'rollout/log_probs': -0.47904345393180847, 'rollout/advantages': 1.4901161193847656e-08, 'rollout/returns': 1.4901161193847656e-08}
[algo1a-g3-l1-modal] 
[algo1a-g3-l1-modal] [36m(MegatronTrainRayActor pid=2849)[0m [2026-09-29 18:14:32.256 actor_cell00000_rank00000] timer.py:31 - Timer actor_train start
[algo1a-g3-l1-modal] 
[algo1a-g3-l0-modal] [36m(CommandActor pid=2561)[0m [2026-09-29 18:14:32] Decode batch, #running-req: 11, #token: 3746, token usage: 0.01, cuda graph: True, gen throughput (token/s): 2260.25, #queue-req: 0
[algo1a-g3-l0-modal] 
[algo1a-g3-l0-modal] [36m(CommandActor pid=2561)[0m [2026-09-29 18:14:32] INFO:     172.20.8.163:33722 - "POST /generate HTTP/1.1" 200 OK
[algo1a-g3-l0-modal] 
[algo1a-g3-l0-modal] [36m(CommandActor pid=2561)[0m [2026-09-29 18:14:32] INFO:     172.20.8.163:40807 - "POST /generate HTTP/1.1" 200 OK
[algo1a-g3-l0-modal] 
[algo1a-g3-l0-modal] [36m(CommandActor pid=2561)[0m [2026-09-29 18:14:32] Decode batch, #running-req: 9, #token: 3464, token usage: 0.01, cuda graph: True, gen throughput (token/s): 2086.82, #queue-req: 0
[algo1a-g3-l0-modal] 
[algo1a-g3-l0-modal] [36m(CommandActor pid=2561)[0m [2026-09-29 18:14:32] INFO:     172.20.8.163:40918 - "POST /generate HTTP/1.1" 200 OK
[algo1a-g3-l0-modal] 
[algo1a-g3-l0-modal] [36m(CommandActor pid=2561)[0m [2026-09-29 18:14:32] INFO:     172.20.8.163:39995 - "POST /generate HTTP/1.1" 200 OK
[algo1a-g3-l0-modal] 
[algo1a-g3-l0-modal] [36m(CommandActor pid=2561)[0m [2026-09-29 18:14:32] INFO:     172.20.8.163:16395 - "POST /generate HTTP/1.1" 200 OK
[algo1a-g3-l0-modal] 
[algo1a-g3-l0-modal] [36m(CommandActor pid=2561)[0m [2026-09-29 18:14:32] INFO:     172.20.8.163:58868 - "POST /generate HTTP/1.1" 200 OK
[algo1a-g3-l0-modal] 
[algo1a-g3-l0-modal] [36m(CommandActor pid=2561)[0m [2026-09-29 18:14:32] INFO:     172.20.8.163:41022 - "POST /generate HTTP/1.1" 200 OK
[algo1a-g3-l0-modal] 
[algo1a-g3-l0-modal] [36m(CommandActor pid=2561)[0m [2026-09-29 18:14:32] INFO:     172.20.8.163:41486 - "POST /generate HTTP/1.1" 200 OK
[algo1a-g3-l0-modal] [36m(CommandActor pid=2561)[0m [2026-09-29 18:14:32] INFO:     172.20.8.163:33758 - "POST /generate HTTP/1.1" 200 OK
[algo1a-g3-l0-modal] 
[algo1a-g3-l0-modal] [36m(CommandActor pid=2561)[0m [2026-09-29 18:14:32] INFO:     172.20.8.163:21980 - "POST /generate HTTP/1.1" 200 OK
[algo1a-g3-l0-modal] 
[algo1a-g3-l0-modal] [36m(CommandActor pid=2561)[0m [2026-09-29 18:14:32] INFO:     172.20.8.163:45367 - "POST /generate HTTP/1.1" 200 OK
[algo1a-g3-l0-modal] 
[algo1a-g3-l0-modal] [36m(RolloutExecutor pid=2559)[0m Rollout generation:  75%|███████▌  | 24/32 [00:04<00:01,  6.95it/s]Rollout generation: 100%|██████████| 32/32 [00:04<00:00,  7.06it/s]
[algo1a-g3-l0-modal] 
[algo1a-g3-l0-modal] [36m(RolloutExecutor pid=2559)[0m [2026-09-29 18:14:32.603 rollout_executor] inference_rollout_train.py:161 - Finish rollout: text_preview=<|im_start|>system\nYou are a helpful assistant. Please put the answer within \boxed{}.<|im_end|>\n<|im_start|>user\nA deep-sea monster rises from the waters once every hundred years to feast on a ship and sate its hunger. Over three hundred years, it has consumed 847 people. Ships have been built larger over time, so each new ship has twice as many people as the last ship. How many people were on the ship the monster ate in the first hundred years?<|im_end|>\n<|im_start|>assistant\n<think>\n\n</think>\n\nL...<truncated chars=1178>, label=121, reward_summary=0.0
[algo1a-g3-l0-modal] 
[algo1a-g3-l0-modal] [36m(RolloutExecutor pid=2559)[0m [2026-09-29 18:14:32.606 rollout_executor] inference_rollout_train.py:33 - Abort request for ['http://172.20.8.163:20002']
[algo1a-g3-l0-modal] 
[algo1a-g3-l0-modal] [36m(RolloutExecutor pid=2559)[0m [2026-09-29 18:14:32.612 rollout_executor] rollout_data_conversion.py:39 - Final collected 32 samples from rollout to train
[algo1a-g3-l0-modal] 
[algo1a-g3-l0-modal] [36m(RolloutExecutor pid=2559)[0m [2026-09-29 18:14:32.613 rollout_executor] metrics.py:93 - perf 2: {'rollout/raw_reward_unfiltered': 0.21875, 'rollout/num_training_samples': 32, 'rollout/episode_raw_reward': 0.21875, 'rollout/episode_response_length/mean': 262.90625, 'rollout/episode_response_length/median': 244.5, 'rollout/episode_response_length/max': 384, 'rollout/episode_response_length/min': 109, 'rollout/episode_total_response_length/mean': 262.90625, 'rollout/response_len/mean': 262.90625, 'rollout/response_len/median': 244.5, 'rollout/response_len/max': 384, 'rollout/response_len/min': 109, 'rollout/zero_std/count_0.0': 1, 'rollout/zero_std/all_zero_percentage': 0.25, 'rollout/zero_std/all_one_percentage': 0.0, 'rollout/prefix_cache_hit_rate': 0.0, 'rollout/avg_cached_tokens_per_sample': 0.0, 'rollout/repetition_frac': 0.0, 'rollout/truncated_ratio': 0.25, 'perf/rollout_time': 4.543557167053223, 'perf/tokens_per_gpu_per_sec': 1851.6329146258656, 'perf/longest_sample_tokens_per_sec': 84.51527864214103, 'perf/effective_tokens_per_gpu_per_sec': 1851.6329146258656, 'perf/longest_effective_sample_tokens_per_sec': 84.51527864214103}
[algo1a-g3-l0-modal] 
[algo1a-g3-l0-modal] [36m(RolloutExecutor pid=2559)[0m [2026-09-29 18:14:32.614 rollout_executor] train_data_conversion.py:334 - Rollout-side DP schedule: num_samples=32, num_rollouts=[32], num_microbatches=[32]
[algo1a-g3-l0-modal] [36m(InferenceController pid=2560)[0m [2026-09-29 18:14:32.627 inference_controller] _client.py:1740 - HTTP Request: GET http://172.20.8.163:20002/flush_cache "HTTP/1.1 200 OK"
[algo1a-g3-l0-modal] 
[algo1a-g3-l0-modal] [36m(CommandActor pid=2561)[0m [2026-09-29 18:14:32] INFO:     172.20.8.163:16504 - "POST /abort_request HTTP/1.1" 200 OK
[algo1a-g3-l0-modal] 
[algo1a-g3-l0-modal] [36m(CommandActor pid=2561)[0m [2026-09-29 18:14:32] INFO:     172.20.8.163:35621 - "GET /flush_cache HTTP/1.1" 200 OK
[algo1a-g3-l0-modal] 
[algo1a-g3-l0-modal] [36m(CommandActor pid=2561)[0m [2026-09-29 18:14:32] Cache flushed successfully!
[algo1a-g3-l0-modal] 
[algo1a-g3-l0-modal] [36m(CommandActor pid=2561)[0m [2026-09-29 18:14:32] Cache flushed successfully!
[algo1a-g3-l0-modal] 
[algo1a-g3-l0-modal] [36m(InferenceController pid=2560)[0m [2026-09-29 18:14:33.044 inference_controller] _client.py:1740 - HTTP Request: POST http://172.20.8.163:20002/release_memory_occupation "HTTP/1.1 200 OK"
[algo1a-g3-l0-modal] 
[algo1a-g3-l0-modal] [36m(CommandActor pid=2561)[0m [2026-09-29 18:14:33] INFO:     172.20.8.163:35621 - "POST /release_memory_occupation HTTP/1.1" 200 OK
[algo1a-g3-l0-modal] 
[algo1a-g3-l0-modal] [36m(TrainerController pid=2557)[0m [2026-09-29 18:14:33.054 trainer_controller_actor] cell.py:231 - ft op=execute phase=start cell=trainer-engine-actor-00000 fn=wake_up n_actors=1
[algo1a-g3-l0-modal] 
[algo1a-g3-l0-modal] [36m(MegatronTrainRayActor pid=2861)[0m [2026-09-29 18:14:33.055 actor_cell00000_rank00000] structured_log.py:24 - actor cls=MegatronTrainRayActor fn=wake_up phase=start
[algo1a-g3-l0-modal] 
[algo1a-g3-l0-modal] [36m(MegatronTrainRayActor pid=2861)[0m [2026-09-29 18:14:33.055 actor_cell00000_rank00000] timer.py:31 - Timer wake_up start
[algo1a-g3-l0-modal] 
[algo1a-g3-l0-modal] [36m(MegatronTrainRayActor pid=2861)[0m [2026-09-29 18:14:33.056 actor_cell00000_rank00000] memory_utils.py:41 - [Rank 0] Memory-Usage before wake_up model: {'gpu': '0', 'total_GB': 79.18, 'free_GB': 74.61, 'used_GB': 4.57, 'allocated_GB': 1.38, 'reserved_GB': 1.47}
[algo1a-g3-l0-modal] 
[algo1a-g3-l0-modal] [36m(TrainerController pid=2557)[0m [2026-09-29 18:14:34.279 trainer_controller_actor] cell.py:239 - ft op=execute phase=end cell=trainer-engine-actor-00000 fn=wake_up ok=true elapsed_s=1.2
[algo1a-g3-l0-modal] 
[algo1a-g3-l0-modal] [36m(TrainerController pid=2557)[0m [2026-09-29 18:14:34.283 trainer_controller_actor] group.py:190 - ft op=train phase=start rollout=2 attempt=0
[algo1a-g3-l0-modal] 
[algo1a-g3-l0-modal] [36m(TrainerController pid=2557)[0m [2026-09-29 18:14:34.283 trainer_controller_actor] group.py:534 - ft op=refresh phase=start rollout=2 alive=0 healing= all_states="(0, 'StateAllocatedAlive')" quorum=0
[algo1a-g3-l0-modal] 
[algo1a-g3-l0-modal] [36m(TrainerController pid=2557)[0m [2026-09-29 18:14:34.283 trainer_controller_actor] group.py:557 - ft op=refresh phase=decision rollout=2 needs_reconfigure=false reason=alive_config_unchanged,no_healing quorum=0
[algo1a-g3-l0-modal] 
[algo1a-g3-l0-modal] [36m(TrainerController pid=2557)[0m [2026-09-29 18:14:34.284 trainer_controller_actor] cell.py:231 - ft op=execute phase=start cell=trainer-engine-actor-00000 fn=train n_actors=1
[algo1a-g3-l0-modal] 
[algo1a-g3-l0-modal] [36m(MegatronTrainRayActor pid=2861)[0m [2026-09-29 18:14:34.276 actor_cell00000_rank00000] reloadable_process_group.py:151 - Reloading 0 process groups in pid 2861
[algo1a-g3-l0-modal] 
[algo1a-g3-l0-modal] [36m(MegatronTrainRayActor pid=2861)[0m [2026-09-29 18:14:34.277 actor_cell00000_rank00000] memory_utils.py:41 - [Rank 0] Memory-Usage after wake_up model: {'gpu': '0', 'total_GB': 79.18, 'free_GB': 73.16, 'used_GB': 6.02, 'allocated_GB': 1.38, 'reserved_GB': 1.47}
[algo1a-g3-l0-modal] 
[algo1a-g3-l0-modal] [36m(MegatronTrainRayActor pid=2861)[0m [2026-09-29 18:14:34.277 actor_cell00000_rank00000] timer.py:42 - Timer wake_up end (elapsed: 1.2s)
[algo1a-g3-l0-modal] 
[algo1a-g3-l0-modal] [36m(MegatronTrainRayActor pid=2861)[0m [2026-09-29 18:14:34.277 actor_cell00000_rank00000] structured_log.py:28 - actor cls=MegatronTrainRayActor fn=wake_up phase=end ok=true elapsed_s=1.2
[algo1a-g3-l0-modal] [36m(MegatronTrainRayActor pid=2861)[0m [2026-09-29 18:14:34.285 actor_cell00000_rank00000] structured_log.py:24 - actor cls=MegatronTrainRayActor fn=train phase=start
[algo1a-g3-l0-modal] 
[algo1a-g3-l0-modal] [36m(MegatronTrainRayActor pid=2861)[0m [2026-09-29 18:14:34.285 actor_cell00000_rank00000] timer.py:31 - Timer data_preprocess start
[algo1a-g3-l0-modal] 
[algo1a-g3-l0-modal] [36m(MegatronTrainRayActor pid=2861)[0m [2026-09-29 18:14:34.291 actor_cell00000_rank00000] timer.py:42 - Timer data_preprocess end (elapsed: 0.0s)
[algo1a-g3-l0-modal] 
[algo1a-g3-l0-modal] [36m(MegatronTrainRayActor pid=2861)[0m [2026-09-29 18:14:34.291 actor_cell00000_rank00000] structured_log.py:24 - actor cls=MegatronTrainRayActor fn=_train_actor phase=start
[algo1a-g3-l0-modal] 
[algo1a-g3-l0-modal] [36m(MegatronTrainRayActor pid=2861)[0m [2026-09-29 18:14:34.292 actor_cell00000_rank00000] timer.py:42 - Timer train_wait end (elapsed: 85.2s)
[algo1a-g3-l0-modal] 
[algo1a-g3-l0-modal] [36m(MegatronTrainRayActor pid=2861)[0m [2026-09-29 18:14:34.292 actor_cell00000_rank00000] timer.py:31 - Timer train start
[algo1a-g3-l0-modal] 
[algo1a-g3-l0-modal] [36m(MegatronTrainRayActor pid=2861)[0m [2026-09-29 18:14:34.292 actor_cell00000_rank00000] structured_log.py:24 - actor cls=MegatronTrainRayActor fn=_compute_log_prob phase=start
[algo1a-g3-l0-modal] 
[algo1a-g3-l0-modal] [36m(MegatronTrainRayActor pid=2861)[0m [2026-09-29 18:14:34.292 actor_cell00000_rank00000] timer.py:31 - Timer log_probs start
[algo1a-g3-l0-modal] 
[algo1a-g3-l0-modal] [36m(MegatronTrainRayActor pid=2861)[0m [2026-09-29 18:14:39.962 actor_cell00000_rank00000] timer.py:42 - Timer log_probs end (elapsed: 5.7s)
[algo1a-g3-l0-modal] 
[algo1a-g3-l0-modal] [36m(MegatronTrainRayActor pid=2861)[0m [2026-09-29 18:14:39.963 actor_cell00000_rank00000] structured_log.py:28 - actor cls=MegatronTrainRayActor fn=_compute_log_prob phase=end ok=true elapsed_s=5.7
[algo1a-g3-l0-modal] 
[algo1a-g3-l0-modal] [36m(MegatronTrainRayActor pid=2861)[0m [2026-09-29 18:14:39.970 actor_cell00000_rank00000] log_utils.py:100 - ft op=cross_cell phase=start kind=log_gather rank=0
[algo1a-g3-l0-modal] 
[algo1a-g3-l0-modal] [36m(MegatronTrainRayActor pid=2861)[0m [2026-09-29 18:14:39.971 actor_cell00000_rank00000] log_utils.py:106 - ft op=cross_cell phase=end kind=log_gather rank=0 success=true
[algo1a-g3-l0-modal] 
[algo1a-g3-l0-modal] [36m(MegatronTrainRayActor pid=2861)[0m [2026-09-29 18:14:39.971 actor_cell00000_rank00000] log_utils.py:126 - rollout 2: {'rollout/response_lengths': 262.90625, 'rollout/rewards': 3.725290298461914e-09, 'rollout/truncated': 0.25, 'rollout/rollout_log_probs': -0.49000823497772217, 'rollout/raw_reward': 0.21875, 'rollout/total_lengths': 382.15625, 'rollout/log_probs': -0.49057748913764954, 'rollout/advantages': 2.9802322387695312e-08, 'rollout/returns': 2.9802322387695312e-08}
[algo1a-g3-l0-modal] 
[algo1a-g3-l0-modal] [36m(MegatronTrainRayActor pid=2861)[0m [2026-09-29 18:14:39.971 actor_cell00000_rank00000] timer.py:31 - Timer actor_train start
[algo1a-g3-l0-modal] 
[algo1a-g3-l1-modal] [36m(TrainerController pid=2549)[0m [2026-09-29 18:14:41.207 trainer_controller_actor] cell.py:239 - ft op=execute phase=end cell=trainer-engine-actor-00000 fn=train ok=true elapsed_s=14.0
[algo1a-g3-l1-modal] 
[algo1a-g3-l1-modal] [36m(TrainerController pid=2549)[0m [2026-09-29 18:14:41.207 trainer_controller_actor] group.py:290 - ft op=check errored= discarded= normal=0 decision=no_retry reason="survivors normal, gradients valid"
[algo1a-g3-l1-modal] 
[algo1a-g3-l1-modal] [36m(TrainerController pid=2549)[0m [2026-09-29 18:14:41.210 trainer_controller_actor] cell.py:231 - ft op=execute phase=start cell=trainer-engine-actor-00000 fn=run_plugin n_actors=1
[algo1a-g3-l1-modal] 
[algo1a-g3-l1-modal] [36m(TrainerController pid=2549)[0m [2026-09-29 18:14:41.212 trainer_controller_actor] cell.py:239 - ft op=execute phase=end cell=trainer-engine-actor-00000 fn=run_plugin ok=true elapsed_s=0.0
[algo1a-g3-l1-modal] 
[algo1a-g3-l1-modal] [36m(TrainerController pid=2549)[0m [2026-09-29 18:14:41.214 trainer_controller_actor] cell.py:231 - ft op=execute phase=start cell=trainer-engine-actor-00000 fn=run_plugin n_actors=1
[algo1a-g3-l1-modal] 
[algo1a-g3-l1-modal] [36m(TrainerController pid=2549)[0m [2026-09-29 18:14:41.216 trainer_controller_actor] cell.py:239 - ft op=execute phase=end cell=trainer-engine-actor-00000 fn=run_plugin ok=true elapsed_s=0.0
[algo1a-g3-l1-modal] 
[algo1a-g3-l1-modal] [36m(TrainerController pid=2549)[0m [2026-09-29 18:14:41.219 trainer_controller_actor] cell.py:231 - ft op=execute phase=start cell=trainer-engine-actor-00000 fn=run_plugin n_actors=1
[algo1a-g3-l1-modal] 
[algo1a-g3-l1-modal] [36m(MegatronTrainRayActor pid=2849)[0m [2026-09-29 18:14:41.203 actor_cell00000_rank00000] model.py:637 - train op=train_step rollout=2 step=0 attempt=0 outcome=NORMAL valid_step=true
[algo1a-g3-l1-modal] 
[algo1a-g3-l1-modal] [36m(MegatronTrainRayActor pid=2849)[0m [2026-09-29 18:14:41.204 actor_cell00000_rank00000] log_utils.py:554 - step 2: {'train/loss': -0.0007593054324388504, 'train/pg_loss': -0.0007593054324388504, 'train/entropy_loss': 0.0, 'train/pg_clipfrac': 0.0, 'train/ppo_kl': 0.0, 'train/ess_ratio': 1.0, 'train/train_rollout_logprob_abs_diff': 0.01545107364654541, 'train/train_rollout_kl': 0.0007497534970752895, 'train/ois': 1.0, 'train/tis': 1.0005689859390259, 'train/tis_clipfrac': 0.00018712575547397137, 'train/tis_abs': 0.015531113371253014, 'train/grad_norm': 0.37537410855293274, 'train/lr-pg_0': 0.0, 'train/step': 2}
[algo1a-g3-l1-modal] 
[algo1a-g3-l1-modal] [36m(MegatronTrainRayActor pid=2849)[0m [2026-09-29 18:14:41.204 actor_cell00000_rank00000] model.py:847 - step 2: {'train/loss': -0.0007593054324388504, 'train/pg_loss': -0.0007593054324388504, 'train/entropy_loss': 0.0, 'train/pg_clipfrac': 0.0, 'train/ppo_kl': 0.0, 'train/ess_ratio': 1.0, 'train/train_rollout_logprob_abs_diff': 0.01545107364654541, 'train/train_rollout_kl': 0.0007497534970752895, 'train/ois': 1.0, 'train/tis': 1.0005689859390259, 'train/tis_clipfrac': 0.00018712575547397137, 'train/tis_abs': 0.015531113371253014, 'train/grad_norm': 0.37537410855293274, 'train/lr-pg_0': 0.0, 'train/step': 2}
[algo1a-g3-l1-modal] 
[algo1a-g3-l1-modal] [36m(MegatronTrainRayActor pid=2849)[0m [2026-09-29 18:14:41.204 actor_cell00000_rank00000] timer.py:42 - Timer actor_train end (elapsed: 8.9s)
[algo1a-g3-l1-modal] 
[algo1a-g3-l1-modal] [36m(MegatronTrainRayActor pid=2849)[0m [2026-09-29 18:14:41.204 actor_cell00000_rank00000] timer.py:42 - Timer train end (elapsed: 13.9s)
[algo1a-g3-l1-modal] 
[algo1a-g3-l1-modal] [36m(MegatronTrainRayActor pid=2849)[0m [2026-09-29 18:14:41.204 actor_cell00000_rank00000] timer.py:31 - Timer train_wait start
[algo1a-g3-l1-modal] 
[36m(MegatronTrainRayActor pid=2849)[0m [2026-09-29 18:14:41.204 actor_cell00000_rank00000] train_metric_utils.py:56 - perf 2: {'perf/update_weights_implementation_time': 0.06757497787475586, 'perf/finalize_and_resume_engines_time': 0.05452919006347656, 'perf/update_weights_time': 0.17311406135559082, 'perf/sleep_time': 1.0826640129089355, 'perf/wake_up_time': 0.6894402503967285, 'perf/data_preprocess_time': 0.005499362945556641, 'perf/train_wait_time': 90.46771717071533, 'perf/log_probs_time': 4.993435859680176, 'perf/actor_train_time': 8.94769287109375, 'perf/train_time': 13.949160814285278, 'perf/log_probs_tflops': 2.7232110906895577, 'perf/actor_train_tflops': 4.559224408894731, 'perf/actor_train_tok_per_s': 1397.3434470903621, 'perf/mfu_peak_tflops': 989.0, 'perf/actor_train_mfu': 0.0046099336793677765, 'perf/step_time': 104.41687798500061, 'perf/wait_time_ratio': 0.8664089457234198}
[36m(MegatronTrainRayActor pid=2849)[0m [2026-09-29 18:14:41.204 actor_cell00000_rank00000] structured_log.py:28 - actor cls=MegatronTrainRayActor fn=_train_actor phase=end ok=true elapsed_s=13.9
[algo1a-g3-l1-modal] [36m(MegatronTrainRayActor pid=2849)[0m [2026-09-29 18:14:41.205 actor_cell00000_rank00000] structured_log.py:28 - actor cls=MegatronTrainRayActor fn=train phase=end ok=true elapsed_s=14.0
[algo1a-g3-l1-modal] [36m(TrainerController pid=2549)[0m [2026-09-29 18:14:41.460 trainer_controller_actor] cell.py:239 - ft op=execute phase=end cell=trainer-engine-actor-00000 fn=run_plugin ok=true elapsed_s=0.2
[algo1a-g3-l1-modal] 
[algo1a-g3-l0-modal] [36m(TrainerController pid=2557)[0m [2026-09-29 18:14:50.535 trainer_controller_actor] cell.py:239 - ft op=execute phase=end cell=trainer-engine-actor-00000 fn=train ok=true elapsed_s=16.3
[algo1a-g3-l0-modal] 
[algo1a-g3-l0-modal] [36m(TrainerController pid=2557)[0m [2026-09-29 18:14:50.535 trainer_controller_actor] group.py:290 - ft op=check errored= discarded= normal=0 decision=no_retry reason="survivors normal, gradients valid"
[algo1a-g3-l0-modal] 
[algo1a-g3-l0-modal] [36m(TrainerController pid=2557)[0m [2026-09-29 18:14:50.538 trainer_controller_actor] cell.py:231 - ft op=execute phase=start cell=trainer-engine-actor-00000 fn=run_plugin n_actors=1
[algo1a-g3-l0-modal] 
[algo1a-g3-l0-modal] [36m(TrainerController pid=2557)[0m [2026-09-29 18:14:50.541 trainer_controller_actor] cell.py:239 - ft op=execute phase=end cell=trainer-engine-actor-00000 fn=run_plugin ok=true elapsed_s=0.0
[algo1a-g3-l0-modal] 
[algo1a-g3-l0-modal] [36m(TrainerController pid=2557)[0m [2026-09-29 18:14:50.543 trainer_controller_actor] cell.py:231 - ft op=execute phase=start cell=trainer-engine-actor-00000 fn=run_plugin n_actors=1
[algo1a-g3-l0-modal] 
[algo1a-g3-l0-modal] [36m(TrainerController pid=2557)[0m [2026-09-29 18:14:50.545 trainer_controller_actor] cell.py:239 - ft op=execute phase=end cell=trainer-engine-actor-00000 fn=run_plugin ok=true elapsed_s=0.0
[algo1a-g3-l0-modal] 
[algo1a-g3-l0-modal] [36m(TrainerController pid=2557)[0m [2026-09-29 18:14:50.548 trainer_controller_actor] cell.py:231 - ft op=execute phase=start cell=trainer-engine-actor-00000 fn=run_plugin n_actors=1
[algo1a-g3-l0-modal] 
[algo1a-g3-l0-modal] [36m(MegatronTrainRayActor pid=2861)[0m [2026-09-29 18:14:50.529 actor_cell00000_rank00000] model.py:637 - train op=train_step rollout=2 step=0 attempt=0 outcome=NORMAL valid_step=true
[algo1a-g3-l0-modal] 
[algo1a-g3-l0-modal] [36m(MegatronTrainRayActor pid=2861)[0m [2026-09-29 18:14:50.530 actor_cell00000_rank00000] log_utils.py:554 - step 2: {'train/loss': -0.0008003953844308853, 'train/pg_loss': -0.0008003953844308853, 'train/entropy_loss': 0.0, 'train/pg_clipfrac': 0.0, 'train/ppo_kl': 0.0, 'train/ess_ratio': 1.0, 'train/train_rollout_logprob_abs_diff': 0.015668263658881187, 'train/train_rollout_kl': 0.0007533610332757235, 'train/ois': 1.0, 'train/tis': 1.000184178352356, 'train/tis_clipfrac': 0.00018712575547397137, 'train/tis_abs': 0.015722602605819702, 'train/grad_norm': 0.3839251697063446, 'train/lr-pg_0': 0.0, 'train/step': 2}
[algo1a-g3-l0-modal] 
[algo1a-g3-l0-modal] [36m(MegatronTrainRayActor pid=2861)[0m [2026-09-29 18:14:50.531 actor_cell00000_rank00000] model.py:847 - step 2: {'train/loss': -0.0008003953844308853, 'train/pg_loss': -0.0008003953844308853, 'train/entropy_loss': 0.0, 'train/pg_clipfrac': 0.0, 'train/ppo_kl': 0.0, 'train/ess_ratio': 1.0, 'train/train_rollout_logprob_abs_diff': 0.015668263658881187, 'train/train_rollout_kl': 0.0007533610332757235, 'train/ois': 1.0, 'train/tis': 1.000184178352356, 'train/tis_clipfrac': 0.00018712575547397137, 'train/tis_abs': 0.015722602605819702, 'train/grad_norm': 0.3839251697063446, 'train/lr-pg_0': 0.0, 'train/step': 2}
[algo1a-g3-l0-modal] 
[algo1a-g3-l0-modal] [36m(MegatronTrainRayActor pid=2861)[0m [2026-09-29 18:14:50.531 actor_cell00000_rank00000] timer.py:42 - Timer actor_train end (elapsed: 10.6s)
[algo1a-g3-l0-modal] 
[algo1a-g3-l0-modal] [36m(MegatronTrainRayActor pid=2861)[0m [2026-09-29 18:14:50.531 actor_cell00000_rank00000] timer.py:42 - Timer train end (elapsed: 16.2s)
[algo1a-g3-l0-modal] 
[algo1a-g3-l0-modal] [36m(MegatronTrainRayActor pid=2861)[0m [2026-09-29 18:14:50.531 actor_cell00000_rank00000] timer.py:31 - Timer train_wait start
[algo1a-g3-l0-modal] 
[algo1a-g3-l0-modal] [36m(MegatronTrainRayActor pid=2861)[0m [2026-09-29 18:14:50.531 actor_cell00000_rank00000] train_metric_utils.py:56 - perf 2: {'perf/update_weights_implementation_time': 0.06727957725524902, 'perf/finalize_and_resume_engines_time': 0.06494641304016113, 'perf/update_weights_time': 0.17683005332946777, 'perf/sleep_time': 1.3856346607208252, 'perf/wake_up_time': 1.2218334674835205, 'perf/data_preprocess_time': 0.00579524040222168, 'perf/train_wait_time': 85.23350071907043, 'perf/log_probs_time': 5.670393943786621, 'perf/actor_train_time': 10.559941530227661, 'perf/train_time': 16.239187717437744, 'perf/log_probs_tflops': 2.3431863935420405, 'perf/actor_train_tflops': 3.7746771316121728, 'perf/actor_train_tok_per_s': 1158.0556544744766, 'perf/mfu_peak_tflops': 989.0, 'perf/actor_train_mfu': 0.003816660395967819, 'perf/step_time': 101.47268843650818, 'perf/wait_time_ratio': 0.8399649406391883}
[algo1a-g3-l0-modal] 
[algo1a-g3-l0-modal] [36m(MegatronTrainRayActor pid=2861)[0m [2026-09-29 18:14:50.531 actor_cell00000_rank00000] structured_log.py:28 - actor cls=MegatronTrainRayActor fn=_train_actor phase=end ok=true elapsed_s=16.2
[algo1a-g3-l0-modal] 
[algo1a-g3-l0-modal] [36m(MegatronTrainRayActor pid=2861)[0m [2026-09-29 18:14:50.532 actor_cell00000_rank00000] structured_log.py:28 - actor cls=MegatronTrainRayActor fn=train phase=end ok=true elapsed_s=16.2
[algo1a-g3-l0-modal] 
[algo1a-g3-l0-modal] [36m(TrainerController pid=2557)[0m [2026-09-29 18:14:50.825 trainer_controller_actor] cell.py:239 - ft op=execute phase=end cell=trainer-engine-actor-00000 fn=run_plugin ok=true elapsed_s=0.3
[algo1a-g3-l0-modal] 
[algo1a-g3-l0-modal] [36m(CommandActor pid=2561)[0m [2026-09-29 18:14:52] INFO:     172.20.8.163:60128 - "GET /health HTTP/1.1" 200 OK
[algo1a-g3-l0-modal] 
[algo1a-g3-l1-modal] [36m(CommandActor pid=2544)[0m [2026-09-29 18:15:14] INFO:     172.20.9.67:42845 - "GET /health HTTP/1.1" 200 OK
[algo1a-g3-l1-modal] 
[syncer] 2026-09-29T18:15:21.680338Z  INFO yeto_syncer::server: checkpoint committed step=3 path=/tmp/algo1a/g3home/yeto-output/yeto-state.ckpt
[syncer] 2026-09-29T18:15:21.680371Z  INFO yeto_syncer::server: outer step step=3 fragment=0 responders=[Member { learner_id: 0, generation: 3484944605288231517 }, Member { learner_id: 1, generation: 3800804812930455545 }] gnorm="0.0089" ms=106623
[algo1a-g3-l1-modal] [36m(TrainerController pid=2549)[0m [2026-09-29 18:15:43.762 trainer_controller_actor] cell.py:231 - ft op=execute phase=start cell=trainer-engine-actor-00000 fn=run_plugin n_actors=1
[algo1a-g3-l1-modal] 
[algo1a-g3-l0-modal] [36m(TrainerController pid=2557)[0m [2026-09-29 18:15:47.939 trainer_controller_actor] cell.py:231 - ft op=execute phase=start cell=trainer-engine-actor-00000 fn=run_plugin n_actors=1
[algo1a-g3-l0-modal] 
[algo1a-g3-l0-modal] [36m(CommandActor pid=2561)[0m [2026-09-29 18:15:52] INFO:     172.20.8.163:43008 - "GET /health HTTP/1.1" 200 OK
[algo1a-g3-l0-modal] 
[algo1a-g3-l1-modal] [36m(TrainerController pid=2549)[0m [2026-09-29 18:16:05.234 trainer_controller_actor] cell.py:239 - ft op=execute phase=end cell=trainer-engine-actor-00000 fn=run_plugin ok=true elapsed_s=21.5
[algo1a-g3-l1-modal] 
[algo1a-g3-l1-modal] [36m(TrainerController pid=2549)[0m [2026-09-29 18:16:05.305 trainer_controller_actor] cell.py:231 - ft op=execute phase=start cell=trainer-engine-actor-00000 fn=run_plugin n_actors=1
[algo1a-g3-l1-modal] 
[algo1a-g3-l1-modal] [36m(TrainerController pid=2549)[0m [2026-09-29 18:16:05.560 trainer_controller_actor] cell.py:239 - ft op=execute phase=end cell=trainer-engine-actor-00000 fn=run_plugin ok=true elapsed_s=0.3
[algo1a-g3-l1-modal] 
[algo1a-g3-l1-modal] [36m(TrainerController pid=2549)[0m [2026-09-29 18:16:05.956 trainer_controller_actor] cell.py:231 - ft op=execute phase=start cell=trainer-engine-actor-00000 fn=run_plugin n_actors=1
[algo1a-g3-l1-modal] 
[algo1a-g3-l1-modal] [36m(TrainerController pid=2549)[0m [2026-09-29 18:16:06.210 trainer_controller_actor] cell.py:239 - ft op=execute phase=end cell=trainer-engine-actor-00000 fn=run_plugin ok=true elapsed_s=0.3
[algo1a-g3-l1-modal] 
[algo1a-g3-l1-modal] [36m(InferenceController pid=2543)[0m [2026-09-29 18:16:06.551 inference_controller] _client.py:1740 - HTTP Request: POST http://172.20.9.67:20002/resume_memory_occupation "HTTP/1.1 200 OK"
[algo1a-g3-l1-modal] 
[algo1a-g3-l1-modal] [36m(CommandActor pid=2544)[0m [2026-09-29 18:16:06] INFO:     172.20.9.67:41223 - "POST /resume_memory_occupation HTTP/1.1" 200 OK
[algo1a-g3-l1-modal] 
[algo1a-g3-l1-modal] [36m(CommandActor pid=2544)[0m [2026-09-29 18:16:06] INFO:     172.20.9.67:29439 - "POST /pause_generation HTTP/1.1" 200 OK
[algo1a-g3-l1-modal] 
[algo1a-g3-l1-modal] [36m(CommandActor pid=2544)[0m [2026-09-29 18:16:06] INFO:     172.20.9.67:29439 - "GET /flush_cache HTTP/1.1" 200 OK
[algo1a-g3-l1-modal] 
[algo1a-g3-l1-modal] [36m(CommandActor pid=2544)[0m [2026-09-29 18:16:06] INFO:     172.20.9.67:29439 - "POST /begin_weight_update HTTP/1.1" 200 OK
[algo1a-g3-l1-modal] 
[algo1a-g3-l1-modal] [36m(CommandActor pid=2544)[0m [2026-09-29 18:16:06] Cache flush skipped: KV cache memory is released.
[algo1a-g3-l1-modal] 
[algo1a-g3-l1-modal] [36m(TrainerController pid=2549)[0m [2026-09-29 18:16:06.556 trainer_controller_actor] group.py:392 - ft op=update_weights phase=start rollout=
[algo1a-g3-l1-modal] 
[algo1a-g3-l1-modal] [36m(TrainerController pid=2549)[0m [2026-09-29 18:16:06.556 trainer_controller_actor] cell.py:231 - ft op=execute phase=start cell=trainer-engine-actor-00000 fn=update_weights n_actors=1
[algo1a-g3-l1-modal] 
[algo1a-g3-l1-modal] [36m(MegatronTrainRayActor pid=2849)[0m [2026-09-29 18:16:06.558 actor_cell00000_rank00000] structured_log.py:24 - actor cls=MegatronTrainRayActor fn=update_weights phase=start
[algo1a-g3-l1-modal] 
[algo1a-g3-l1-modal] [36m(MegatronTrainRayActor pid=2849)[0m [2026-09-29 18:16:06.558 actor_cell00000_rank00000] timer.py:31 - Timer update_weights start
[algo1a-g3-l1-modal] 
[algo1a-g3-l1-modal] [36m(MegatronTrainRayActor pid=2849)[0m [2026-09-29 18:16:06.559 actor_cell00000_rank00000] memory_utils.py:41 - [Rank 0] Memory-Usage before update_weights: {'gpu': '0', 'total_GB': 79.18, 'free_GB': 68.68, 'used_GB': 10.5, 'allocated_GB': 1.38, 'reserved_GB': 4.77}
[algo1a-g3-l1-modal] 
[algo1a-g3-l1-modal] [36m(MegatronTrainRayActor pid=2849)[0m [2026-09-29 18:16:06.562 actor_cell00000_rank00000] _client.py:1740 - HTTP Request: POST http://172.20.9.67:20002/pause_generation "HTTP/1.1 200 OK"
[algo1a-g3-l1-modal] 
[algo1a-g3-l1-modal] [36m(MegatronTrainRayActor pid=2849)[0m [2026-09-29 18:16:06.565 actor_cell00000_rank00000] _client.py:1740 - HTTP Request: GET http://172.20.9.67:20002/flush_cache "HTTP/1.1 200 OK"
[algo1a-g3-l1-modal] 
[algo1a-g3-l1-modal] [36m(MegatronTrainRayActor pid=2849)[0m [2026-09-29 18:16:06.568 actor_cell00000_rank00000] _client.py:1740 - HTTP Request: POST http://172.20.9.67:20002/begin_weight_update "HTTP/1.1 200 OK"
[algo1a-g3-l1-modal] 
[algo1a-g3-l1-modal] [36m(MegatronTrainRayActor pid=2849)[0m [2026-09-29 18:16:06.569 actor_cell00000_rank00000] timer.py:31 - Timer update_weights_implementation start
[algo1a-g3-l1-modal] 
[algo1a-g3-l1-modal] [36m(MegatronTrainRayActor pid=2849)[0m [miles-colocate] Update weights: 0it [00:00, ?it/s]
[algo1a-g3-l1-modal] 
[algo1a-g3-l1-modal] [36m(CommandActor pid=2544)[0m [2026-09-29 18:16:06] INFO:     172.20.9.67:29439 - "POST /update_weights_from_tensor HTTP/1.1" 200 OK
[algo1a-g3-l1-modal] 
[algo1a-g3-l1-modal] [36m(CommandActor pid=2544)[0m [2026-09-29 18:16:06] INFO:     172.20.9.67:29439 - "POST /end_weight_update HTTP/1.1" 200 OK
[algo1a-g3-l1-modal] 
[algo1a-g3-l1-modal] [36m(CommandActor pid=2544)[0m [2026-09-29 18:16:06] INFO:     172.20.9.67:29439 - "POST /update_weight_version HTTP/1.1" 200 OK
[algo1a-g3-l1-modal] 
[algo1a-g3-l1-modal] [36m(CommandActor pid=2544)[0m [2026-09-29 18:16:06] LoRA adapter loading from tensors starts: LoRARef(lora_id=d741aaf67674408aa95c6f052ca75381, lora_name=miles_lora, lora_path=__stream__, pinned=False, reloadable=False).
[algo1a-g3-l1-modal] 
[algo1a-g3-l1-modal] [36m(CommandActor pid=2544)[0m [2026-09-29 18:16:06] LoRA adapter 'd741aaf67674408aa95c6f052ca75381': loaded weights for target modules ['down_proj', 'gate_up_proj', 'o_proj', 'qkv_proj'].
[algo1a-g3-l1-modal] 
[algo1a-g3-l1-modal] [36m(CommandActor pid=2544)[0m [2026-09-29 18:16:06] LoRA adapter loading from tensors completes: LoRARef(lora_id=d741aaf67674408aa95c6f052ca75381, lora_name=miles_lora, lora_path=__stream__, pinned=False, reloadable=False).
[algo1a-g3-l1-modal] 
[algo1a-g3-l1-modal] [36m(CommandActor pid=2544)[0m [2026-09-29 18:16:06] Weight version changed. old_version='yeto:2:5b7c7063c2e800da8b85daec97f443a3044c59c10183a559a367119e40e58b40' new_version='4' num_recorded=0
[algo1a-g3-l1-modal] 
[algo1a-g3-l1-modal] [36m(MegatronTrainRayActor pid=2849)[0m [2026-09-29 18:16:06.632 actor_cell00000_rank00000] _client.py:1740 - HTTP Request: POST http://172.20.9.67:20002/update_weights_from_tensor "HTTP/1.1 200 OK"
[algo1a-g3-l1-modal] 
[algo1a-g3-l1-modal] [36m(MegatronTrainRayActor pid=2849)[0m [2026-09-29 18:16:06.632 actor_cell00000_rank00000] timer.py:42 - Timer update_weights_implementation end (elapsed: 0.1s)
[algo1a-g3-l1-modal] 
[algo1a-g3-l1-modal] [36m(MegatronTrainRayActor pid=2849)[0m [2026-09-29 18:16:06.632 actor_cell00000_rank00000] timer.py:31 - Timer finalize_and_resume_engines start
[algo1a-g3-l1-modal] 
[algo1a-g3-l1-modal] [36m(MegatronTrainRayActor pid=2849)[0m [2026-09-29 18:16:06.670 actor_cell00000_rank00000] _client.py:1740 - HTTP Request: POST http://172.20.9.67:20002/end_weight_update "HTTP/1.1 200 OK"
[algo1a-g3-l1-modal] 
[algo1a-g3-l1-modal] [36m(MegatronTrainRayActor pid=2849)[0m [2026-09-29 18:16:06.674 actor_cell00000_rank00000] _client.py:1740 - HTTP Request: POST http://172.20.9.67:20002/update_weight_version "HTTP/1.1 200 OK"
[algo1a-g3-l1-modal] 
[algo1a-g3-l1-modal] [36m(MegatronTrainRayActor pid=2849)[0m [2026-09-29 18:16:06.676 actor_cell00000_rank00000] _client.py:1740 - HTTP Request: POST http://172.20.9.67:20002/continue_generation "HTTP/1.1 200 OK"
[algo1a-g3-l1-modal] 
[algo1a-g3-l1-modal] [36m(CommandActor pid=2544)[0m [2026-09-29 18:16:06] INFO:     172.20.9.67:29439 - "POST /continue_generation HTTP/1.1" 200 OK
[algo1a-g3-l1-modal] 
[algo1a-g3-l1-modal] [36m(MegatronTrainRayActor pid=2849)[0m [2026-09-29 18:16:06.677 actor_cell00000_rank00000] timer.py:42 - Timer finalize_and_resume_engines end (elapsed: 0.0s)
[algo1a-g3-l1-modal] 
[algo1a-g3-l1-modal] [36m(InferenceController pid=2543)[0m [2026-09-29 18:16:06.747 inference_controller] _client.py:1740 - HTTP Request: POST http://172.20.9.67:20002/resume_memory_occupation "HTTP/1.1 200 OK"
[algo1a-g3-l1-modal] 
[algo1a-g3-l1-modal] [36m(CommandActor pid=2544)[0m [2026-09-29 18:16:06] INFO:     172.20.9.67:41223 - "POST /resume_memory_occupation HTTP/1.1" 200 OK
[algo1a-g3-l1-modal] 
[algo1a-g3-l1-modal] [36m(CommandActor pid=2544)[0m [2026-09-29 18:16:06] INFO:     172.20.9.67:26668 - "POST /update_weight_version HTTP/1.1" 200 OK
[algo1a-g3-l1-modal] 
[algo1a-g3-l1-modal] [36m(CommandActor pid=2544)[0m [2026-09-29 18:16:06] INFO:     172.20.9.67:26668 - "GET /model_info HTTP/1.1" 200 OK
[algo1a-g3-l1-modal] 
[algo1a-g3-l1-modal] [36m(CommandActor pid=2544)[0m [2026-09-29 18:16:06] INFO:     172.20.9.67:41223 - "POST /weights_checker HTTP/1.1" 200 OK
[algo1a-g3-l1-modal] 
[algo1a-g3-l1-modal] [36m(CommandActor pid=2544)[0m [2026-09-29 18:16:06] [continue_generation] torch.cuda.empty_cache() called: reserved 32306.0 MB -> 32266.0 MB (freed 40.0 MB)
[algo1a-g3-l1-modal] 
[algo1a-g3-l1-modal] [36m(CommandActor pid=2544)[0m [2026-09-29 18:16:06] Weight version changed. old_version='4' new_version='yeto:3:f3a9c41492c2e072728628b13b0b45f1db4c91d0b083b2e85654294f48019fe4' num_recorded=0
[algo1a-g3-l1-modal] 
[36m(CommandActor pid=2544)[0m [2026-09-29 18:16:06] [WeightChecker] handle action=checksum allow_quant_error=False skip_tensor_list=None
[algo1a-g3-l1-modal] 
[algo1a-g3-l1-modal] [36m(CommandActor pid=2544)[0m [2026-09-29 18:16:06] [WeightChecker] checksum computed for 226 tensors in 0.019s
[algo1a-g3-l1-modal] 
[algo1a-g3-l1-modal] [36m(TrainerController pid=2549)[0m [2026-09-29 18:16:06.716 trainer_controller_actor] cell.py:239 - ft op=execute phase=end cell=trainer-engine-actor-00000 fn=update_weights ok=true elapsed_s=0.2
[algo1a-g3-l1-modal] 
[algo1a-g3-l1-modal] [36m(MegatronTrainRayActor pid=2849)[0m [miles-colocate] Update weights: 1it [00:00,  6.91it/s]
[algo1a-g3-l1-modal] 
[algo1a-g3-l1-modal] [36m(MegatronTrainRayActor pid=2849)[0m [2026-09-29 18:16:06.714 actor_cell00000_rank00000] memory_utils.py:41 - [Rank 0] Memory-Usage after update_weights: {'gpu': '0', 'total_GB': 79.18, 'free_GB': 71.95, 'used_GB': 7.23, 'allocated_GB': 1.38, 'reserved_GB': 1.52}
[algo1a-g3-l1-modal] 
[algo1a-g3-l1-modal] [36m(MegatronTrainRayActor pid=2849)[0m [2026-09-29 18:16:06.715 actor_cell00000_rank00000] timer.py:42 - Timer update_weights end (elapsed: 0.2s)
[algo1a-g3-l1-modal] 
[algo1a-g3-l1-modal] [36m(MegatronTrainRayActor pid=2849)[0m [2026-09-29 18:16:06.715 actor_cell00000_rank00000] structured_log.py:28 - actor cls=MegatronTrainRayActor fn=update_weights phase=end ok=true elapsed_s=0.2
[algo1a-g3-l1-modal] 
[algo1a-g3-l1-modal] [36m(InferenceController pid=2543)[0m [2026-09-29 18:16:06.784 inference_controller] _client.py:1740 - HTTP Request: POST http://172.20.9.67:20002/weights_checker "HTTP/1.1 200 OK"
[algo1a-g3-l1-modal] 
[syncer] 2026-09-29T18:16:06.819384Z  INFO yeto_syncer::server: learner finalized authoritative parameters learner_id=1 generation=3800804812930455545 step=3 remaining=1
[syncer] 2026-09-29T18:16:06.944228Z  WARN yeto_syncer::server: connection ended: unexpected end of file peer=93.119.168.184:28653
[syncer] 2026-09-29T18:16:06.944257Z  WARN yeto_syncer::server: learner disconnected during finalization; waiting for reconnect learner_id=1 generation=3800804812930455545
[syncer] 2026-09-29T18:16:06.944580Z  WARN yeto_syncer::server: connection ended: unexpected end of file peer=93.119.168.184:59515
[syncer] 2026-09-29T18:16:06.945170Z  WARN yeto_syncer::server: connection ended: unexpected end of file peer=93.119.168.184:31618
[syncer] 2026-09-29T18:16:06.945575Z  WARN yeto_syncer::server: connection ended: unexpected end of file peer=93.119.168.184:37275
[syncer] 2026-09-29T18:16:06.947369Z  WARN yeto_syncer::server: connection ended: unexpected end of file peer=93.119.168.184:46819
[algo1a-g3-l1-modal] [36m(RayWorkerManager pid=2280)[0m [2026-09-29 18:16:06.929 worker_manager] ray_worker_manager.py:409 - Killed actor at self=_ServeActorRayCommManager(manager=<miles.utils.workers.ray_worker_manager.RayWorkerManager object at 0x2ac83f8349e0>, parent=_CellManager(manager=<miles.utils.workers.ray_worker_manager.RayWorkerManager object at 0x2ac83f8349e0>, cell_index=0, spec=ServeWorkerSpec(name='rollout-executor', category=None, port_infos=[PortInfo(name='rpc', static_port=8000, mode='per_worker', allow_dynamic=True, num_consecutive=1, offset_by_cell=False)], env_var=<function spec_rollout_executor.<locals>.<lambda> at 0x2ac83fdbb240>, scheduling=SchedulingSpec(num_cells=1, num_workers_per_cell=1, num_gpus_per_worker=0.0, num_cpus_per_worker=1.0, num_gpu_slots_per_worker=0, num_gpus_per_node=0, pg_name=None, pg_slot_offset=0, pin_to_head=True), meta=None, deploy_component=<DeployComponent.PRIMARY: 'primary'>, platform_access=<PlatformAccess.NONE: 'none'>, worker_class='miles.ray.rollout.rollout_executor.RolloutExecutor', ctor_kwargs=<function spec_rollout_executor.<locals>.<lambda> at 0x2ac83fddc4a0>, concurrency_groups=None), actors=[...], generation=1, liveness_scan_task=<Task pending name='Task-16' coro=<_CellManager._scan_liveness_forever() running at /root/miles/miles/utils/workers/ray_worker_manager.py:258> wait_for=<Future pending cb=[Task.task_wakeup()]>>), worker_in_cell_index=0, spec=ServeWorkerSpec(name='rollout-executor', category=None, port_infos=[PortInfo(name='rpc', static_port=8000, mode='per_worker', allow_dynamic=True, num_consecutive=1, offset_by_cell=False)], env_var=<function spec_rollout_executor.<locals>.<lambda> at 0x2ac83fdbb240>, scheduling=SchedulingSpec(num_cells=1, num_workers_per_cell=1, num_gpus_per_worker=0.0, num_cpus_per_worker=1.0, num_gpu_slots_per_worker=0, num_gpus_per_node=0, pg_name=None, pg_slot_offset=0, pin_to_head=True), meta=None, deploy_component=<DeployComponent.PRIMARY: 'primary'>, platform_access=<PlatformAccess.NONE: 'none'>, worker_class='miles.ray.rollout.rollout_executor.RolloutExecutor', ctor_kwargs=<function spec_rollout_executor.<locals>.<lambda> at 0x2ac83fddc4a0>, concurrency_groups=None), actor_handle=Actor(RolloutExecutor, 4284f5a05fa82cb5d74ab7ce01000000), self_addrs={'rpc': HostAndPort(host='172.20.9.67', port=20038, external_host=None)}, local_gpu_ids=[], gpu_slot_index=None)
[algo1a-g3-l1-modal] 
[36m(RayWorkerManager pid=2280)[0m [2026-09-29 18:16:06.929 worker_manager] ray_worker_manager.py:409 - Killed actor at self=_ServeActorRayCommManager(manager=<miles.utils.workers.ray_worker_manager.RayWorkerManager object at 0x2ac83f8349e0>, parent=_CellManager(manager=<miles.utils.workers.ray_worker_manager.RayWorkerManager object at 0x2ac83f8349e0>, cell_index=0, spec=ServeWorkerSpec(name='inference-controller', category=None, port_infos=[PortInfo(name='rpc', static_port=8000, mode='per_worker', allow_dynamic=True, num_consecutive=1, offset_by_cell=False)], env_var=<function spec_inference_controller.<locals>.<lambda> at 0x2ac83fddc5e0>, scheduling=SchedulingSpec(num_cells=1, num_workers_per_cell=1, num_gpus_per_worker=0.0, num_cpus_per_worker=1.0, num_gpu_slots_per_worker=0, num_gpus_per_node=0, pg_name=None, pg_slot_offset=0, pin_to_head=True), meta=None, deploy_component=<DeployComponent.PRIMARY: 'primary'>, platform_access=<PlatformAccess.READ: 'read'>, worker_class='miles.ray.rollout.inference_controller.InferenceController', ctor_kwargs=<function spec_inference_controller.<locals>.<lambda> at 0x2ac8717f0540>, concurrency_groups=None), actors=[...], generation=1, liveness_scan_task=<Task pending name='Task-17' coro=<_CellManager._scan_liveness_forever() running at /root/miles/miles/utils/workers/ray_worker_manager.py:258> wait_for=<Future pending cb=[Task.task_wakeup()]>>), worker_in_cell_index=0, spec=ServeWorkerSpec(name='inference-controller', category=None, port_infos=[PortInfo(name='rpc', static_port=8000, mode='per_worker', allow_dynamic=True, num_consecutive=1, offset_by_cell=False)], env_var=<function spec_inference_controller.<locals>.<lambda> at 0x2ac83fddc5e0>, scheduling=SchedulingSpec(num_cells=1, num_workers_per_cell=1, num_gpus_per_worker=0.0, num_cpus_per_worker=1.0, num_gpu_slots_per_worker=0, num_gpus_per_node=0, pg_name=None, pg_slot_offset=0, pin_to_head=True), meta=None, deploy_component=<DeployComponent.PRIMARY: 'primary'>, platform_access=<PlatformAccess.READ: 'read'>, worker_class='miles.ray.rollout.inference_controller.InferenceController', ctor_kwargs=<function spec_inference_controller.<locals>.<lambda> at 0x2ac8717f0540>, concurrency_groups=None), actor_handle=Actor(InferenceController, 6dba115e075c36228866235a01000000), self_addrs={'rpc': HostAndPort(host='172.20.9.67', port=20037, external_host=None)}, local_gpu_ids=[], gpu_slot_index=None)
[algo1a-g3-l1-modal] 
[algo1a-g3-l1-modal] [36m(RayWorkerManager pid=2280)[0m [2026-09-29 18:16:06.930 worker_manager] ray_worker_manager.py:409 - Killed actor at self=_ServeActorRayCommManager(manager=<miles.utils.workers.ray_worker_manager.RayWorkerManager object at 0x2ac83f8349e0>, parent=_CellManager(manager=<miles.utils.workers.ray_worker_manager.RayWorkerManager object at 0x2ac83f8349e0>, cell_index=0, spec=ServeWorkerSpec(name='trainer-controller-actor', category=None, port_infos=[PortInfo(name='rpc', static_port=8000, mode='per_worker', allow_dynamic=True, num_consecutive=1, offset_by_cell=False)], env_var=<function _compute_spec_trainer_controller.<locals>.<lambda> at 0x2ac8717f0b80>, scheduling=SchedulingSpec(num_cells=1, num_workers_per_cell=1, num_gpus_per_worker=0.0, num_cpus_per_worker=1.0, num_gpu_slots_per_worker=0, num_gpus_per_node=0, pg_name=None, pg_slot_offset=0, pin_to_head=False), meta=None, deploy_component=<DeployComponent.TRAINER: 'trainer'>, platform_access=<PlatformAccess.READ_DELETE: 'read-delete'>, worker_class='miles.ray.train.group.TrainerController', ctor_kwargs=<function _compute_spec_trainer_controller.<locals>.<lambda> at 0x2ac8717f0cc0>, concurrency_groups=None), actors=[...], generation=1, liveness_scan_task=<Task pending name='Task-20' coro=<_CellManager._scan_liveness_forever() running at /root/miles/miles/utils/workers/ray_worker_manager.py:258> wait_for=<Future pending cb=[Task.task_wakeup()]>>), worker_in_cell_index=0, spec=ServeWorkerSpec(name='trainer-controller-actor', category=None, port_infos=[PortInfo(name='rpc', static_port=8000, mode='per_worker', allow_dynamic=True, num_consecutive=1, offset_by_cell=False)], env_var=<function _compute_spec_trainer_controller.<locals>.<lambda> at 0x2ac8717f0b80>, scheduling=SchedulingSpec(num_cells=1, num_workers_per_cell=1, num_gpus_per_worker=0.0, num_cpus_per_worker=1.0, num_gpu_slots_per_worker=0, num_gpus_per_node=0, pg_name=None, pg_slot_offset=0, pin_to_head=False), meta=None, deploy_component=<DeployComponent.TRAINER: 'trainer'>, platform_access=<PlatformAccess.READ_DELETE: 'read-delete'>, worker_class='miles.ray.train.group.TrainerController', ctor_kwargs=<function _compute_spec_trainer_controller.<locals>.<lambda> at 0x2ac8717f0cc0>, concurrency_groups=None), actor_handle=Actor(TrainerController, dee62eb00b7100283e292ee301000000), self_addrs={'rpc': HostAndPort(host='172.20.9.67', port=20041, external_host=None)}, local_gpu_ids=[], gpu_slot_index=None)
[algo1a-g3-l1-modal] 
[36m(RayWorkerManager pid=2280)[0m [2026-09-29 18:16:06.932 worker_manager] ray_worker_manager.py:409 - Killed actor at self=_ServeActorRayCommManager(manager=<miles.utils.workers.ray_worker_manager.RayWorkerManager object at 0x2ac83f8349e0>, parent=_CellManager(manager=<miles.utils.workers.ray_worker_manager.RayWorkerManager object at 0x2ac83f8349e0>, cell_index=0, spec=ServeWorkerSpec(name='trainer-engine-actor', category='trainer_engine', port_infos=[PortInfo(name='master', static_port=9000, mode='master', allow_dynamic=True, num_consecutive=1, offset_by_cell=False), PortInfo(name='rpc', static_port=8000, mode='per_worker', allow_dynamic=True, num_consecutive=1, offset_by_cell=False)], env_var=<function _compute_spec_trainer.<locals>.<lambda> at 0x2ac8717f0d60>, scheduling=SchedulingSpec(num_cells=1, num_workers_per_cell=1, num_gpus_per_worker=0.4, num_cpus_per_worker=0.4, num_gpu_slots_per_worker=1, num_gpus_per_node=1, pg_name='actor', pg_slot_offset=0, pin_to_head=False), meta=<function _compute_spec_trainer.<locals>.<lambda> at 0x2ac8717f2200>, deploy_component=<DeployComponent.TRAINER: 'trainer'>, platform_access=<PlatformAccess.NONE: 'none'>, worker_class='miles.backends.megatron_utils.actor.MegatronTrainRayActor', ctor_kwargs=<function _compute_spec_trainer.<locals>.<lambda> at 0x2ac8717f2de0>, concurrency_groups=None), actors=[...], generation=1, liveness_scan_task=<Task pending name='Task-21' coro=<_CellManager._scan_liveness_forever() running at /root/miles/miles/utils/workers/ray_worker_manager.py:258> wait_for=<Future pending cb=[Task.task_wakeup()]>>), worker_in_cell_index=0, spec=ServeWorkerSpec(name='trainer-engine-actor', category='trainer_engine', port_infos=[PortInfo(name='master', static_port=9000, mode='master', allow_dynamic=True, num_consecutive=1, offset_by_cell=False), PortInfo(name='rpc', static_port=8000, mode='per_worker', allow_dynamic=True, num_consecutive=1, offset_by_cell=False)], env_var=<function _compute_spec_trainer.<locals>.<lambda> at 0x2ac8717f0d60>, scheduling=SchedulingSpec(num_cells=1, num_workers_per_cell=1, num_gpus_per_worker=0.4, num_cpus_per_worker=0.4, num_gpu_slots_per_worker=1, num_gpus_per_node=1, pg_name='actor', pg_slot_offset=0, pin_to_head=False), meta=<function _compute_spec_trainer.<locals>.<lambda> at 0x2ac8717f2200>, deploy_component=<DeployComponent.TRAINER: 'trainer'>, platform_access=<PlatformAccess.NONE: 'none'>, worker_class='miles.backends.megatron_utils.actor.MegatronTrainRayActor', ctor_kwargs=<function _compute_spec_trainer.<locals>.<lambda> at 0x2ac8717f2de0>, concurrency_groups=None), actor_handle=Actor(MegatronTrainRayActor, 3171100c5209f9ff16a9f59f01000000), self_addrs={'master': HostAndPort(host='172.20.9.67', port=20039, external_host=None), 'rpc': HostAndPort(host='172.20.9.67', port=20040, external_host=None)}, local_gpu_ids=[0], gpu_slot_index=0)
[algo1a-g3-l1-modal] 
[algo1a-g3-l1-modal] [36m(InferenceController pid=2543)[0m [2026-09-29 18:16:06.922 inference_controller] rollout_server.py:132 - Killing server cell_id='inference-engine-all-0-0-00000'...
[algo1a-g3-l1-modal] 
[algo1a-g3-l1-modal] [36m(InferenceController pid=2543)[0m [2026-09-29 18:16:06.924 inference_controller] _client.py:1740 - HTTP Request: GET http://172.20.9.67:20000/workers "HTTP/1.1 200 OK"
[algo1a-g3-l1-modal] 
[algo1a-g3-l1-modal] [36m(InferenceController pid=2543)[0m [2026-09-29 18:16:06.926 inference_controller] _client.py:1740 - HTTP Request: DELETE http://172.20.9.67:20000/workers/a8b0efac-e311-4742-b62c-63a7fd24feb5 "HTTP/1.1 202 Accepted"
[algo1a-g3-l1-modal] 
[algo1a-g3-l1-modal] [36m(InferenceController pid=2543)[0m [2026-09-29 18:16:06.926 inference_controller] server_cell.py:268 - Cell inference-engine-all-0-0-00000 dispose start old=addr_info=CellAddrInfo(server_url='http://172.20.9.67:20002', bootstrap_port=None, gate_url='http://172.20.9.67:20036')
[algo1a-g3-l1-modal] 
[algo1a-g3-l1-modal] [36m(InferenceController pid=2543)[0m [2026-09-29 18:16:06.926 inference_controller] server_cell.py:271 - Cell inference-engine-all-0-0-00000 dispose end new=
[algo1a-g3-l1-modal] 
[algo1a-g3-l1-modal] [36m(CommandActor pid=2544)[0m [2026-09-29 18:16:06] SIGTERM received. signum=None frame=None. Draining requests and shutting down...
[algo1a-g3-l1-modal] 
[algo1a-g3-l1-modal] [36m(RayWorkerManager pid=2280)[0m [2026-09-29 18:16:07.047 worker_manager] ray_worker_manager.py:409 - Killed actor at self=_CommandActorManager(manager=<miles.utils.workers.ray_worker_manager.RayWorkerManager object at 0x2ac83f8349e0>, parent=_CellManager(manager=<miles.utils.workers.ray_worker_manager.RayWorkerManager object at 0x2ac83f8349e0>, cell_index=0, spec=CommandWorkerSpec(name='inference-router-0', category=None, port_infos=[PortInfo(name='primary', static_port=8000, mode='per_worker', allow_dynamic=True, num_consecutive=1, offset_by_cell=False), PortInfo(name='prometheus', static_port=9000, mode='per_worker', allow_dynamic=True, num_consecutive=1, offset_by_cell=False)], env_var=<function _compute_spec_router.<locals>.<lambda> at 0x2ac8717f05e0>, scheduling=SchedulingSpec(num_cells=1, num_workers_per_cell=1, num_gpus_per_worker=0.0, num_cpus_per_worker=0.2, num_gpu_slots_per_worker=0, num_gpus_per_node=0, pg_name=None, pg_slot_offset=0, pin_to_head=True), meta=None, deploy_component=<DeployComponent.PRIMARY: 'primary'>, platform_access=<PlatformAccess.NONE: 'none'>, launch_command=<function _compute_spec_router.<locals>._compute_launch_command at 0x2ac8717f0680>), actors=[...], generation=1, liveness_scan_task=<Task pending name='Task-18' coro=<_CellManager._scan_liveness_forever() running at /root/miles/miles/utils/workers/ray_worker_manager.py:258> wait_for=<Future pending cb=[Task.task_wakeup()]>>), worker_in_cell_index=0, spec=CommandWorkerSpec(name='inference-router-0', category=None, port_infos=[PortInfo(name='primary', static_port=8000, mode='per_worker', allow_dynamic=True, num_consecutive=1, offset_by_cell=False), PortInfo(name='prometheus', static_port=9000, mode='per_worker', allow_dynamic=True, num_consecutive=1, offset_by_cell=False)], env_var=<function _compute_spec_router.<locals>.<lambda> at 0x2ac8717f05e0>, scheduling=SchedulingSpec(num_cells=1, num_workers_per_cell=1, num_gpus_per_worker=0.0, num_cpus_per_worker=0.2, num_gpu_slots_per_worker=0, num_gpus_per_node=0, pg_name=None, pg_slot_offset=0, pin_to_head=True), meta=None, deploy_component=<DeployComponent.PRIMARY: 'primary'>, platform_access=<PlatformAccess.NONE: 'none'>, launch_command=<function _compute_spec_router.<locals>._compute_launch_command at 0x2ac8717f0680>), actor_handle=Actor(CommandActor, b10f10402c8e274bf67b316401000000), self_addrs={'primary': HostAndPort(host='172.20.9.67', port=20000, external_host=None), 'prometheus': HostAndPort(host='172.20.9.67', port=20001, external_host=None)}, local_gpu_ids=[], gpu_slot_index=None)
[algo1a-g3-l1-modal] 
[algo1a-g3-l1-modal] [36m(CommandActor pid=2544)[0m [2026-09-29 18:16:07] Subprocess scheduler_0 (pid=3746) crashed with exit code -15. Triggering SIGQUIT for cleanup...
[algo1a-g3-l1-modal] 
[algo1a-g3-l1-modal] [36m(CommandActor pid=2544)[0m [2026-09-29 18:16:07] SIGQUIT received. signum=None, frame=None. It usually means one child failed.
[algo1a-g3-l1-modal] 
[algo1a-g3-l1-modal] [36m(CommandActor pid=2544)[0m [2026-09-29 18:16:07] Sleeping 5 seconds before crash diagnostics to let GPU activity settle.
[algo1a-g3-l1-modal] 
[algo1a-g3-l0-modal] [36m(TrainerController pid=2557)[0m [2026-09-29 18:16:11.486 trainer_controller_actor] cell.py:239 - ft op=execute phase=end cell=trainer-engine-actor-00000 fn=run_plugin ok=true elapsed_s=23.5
[algo1a-g3-l0-modal] 
[algo1a-g3-l0-modal] [36m(TrainerController pid=2557)[0m [2026-09-29 18:16:11.555 trainer_controller_actor] cell.py:231 - ft op=execute phase=start cell=trainer-engine-actor-00000 fn=run_plugin n_actors=1
[algo1a-g3-l0-modal] 
[algo1a-g3-l0-modal] [36m(TrainerController pid=2557)[0m [2026-09-29 18:16:11.842 trainer_controller_actor] cell.py:239 - ft op=execute phase=end cell=trainer-engine-actor-00000 fn=run_plugin ok=true elapsed_s=0.3
[algo1a-g3-l0-modal] 
[algo1a-g3-l1-modal] [rl] learner 1 finalized (rl_engine=ports)
[algo1a-g3-l1-modal] 
[algo1a-g3-l1-modal] [36m(RayWorkerManager pid=2280)[0m [2026-09-29 18:16:11.987 worker_manager] ray_worker_manager.py:409 - Killed actor at self=_CommandActorManager(manager=<miles.utils.workers.ray_worker_manager.RayWorkerManager object at 0x2ac83f8349e0>, parent=_CellManager(manager=<miles.utils.workers.ray_worker_manager.RayWorkerManager object at 0x2ac83f8349e0>, cell_index=0, spec=CommandWorkerSpec(name='inference-engine-all-0-0', category='inference_engine', port_infos=[PortInfo(name='primary', static_port=8000, mode='per_worker', allow_dynamic=True, num_consecutive=1, offset_by_cell=False), PortInfo(name='dist_init', static_port=9000, mode='master', allow_dynamic=True, num_consecutive=31, offset_by_cell=False), PortInfo(name='nccl', static_port=10000, mode='per_worker', allow_dynamic=True, num_consecutive=1, offset_by_cell=False), PortInfo(name='engine_info_bootstrap', static_port=12000, mode='per_worker', allow_dynamic=True, num_consecutive=1, offset_by_cell=False), PortInfo(name='gate', static_port=13000, mode='master', allow_dynamic=True, num_consecutive=1, offset_by_cell=False)], env_var=<function _compute_spec_inference_engine.<locals>.<lambda> at 0x2ac8717f0860>, scheduling=SchedulingSpec(num_cells=1, num_workers_per_cell=1, num_gpus_per_worker=0.2, num_cpus_per_worker=0.2, num_gpu_slots_per_worker=1, num_gpus_per_node=1, pg_name='rollout', pg_slot_offset=0, pin_to_head=False), meta=<function _compute_spec_inference_engine.<locals>.<lambda> at 0x2ac8717f09a0>, deploy_component=<DeployComponent.INFERENCE: 'inference'>, platform_access=<PlatformAccess.NONE: 'none'>, launch_command=<function _compute_spec_inference_engine.<locals>._compute_launch_command at 0x2ac8717f0ae0>), actors=[...], generation=1, liveness_scan_task=<Task pending name='Task-19' coro=<_CellManager._scan_liveness_forever() running at /root/miles/miles/utils/workers/ray_worker_manager.py:258> wait_for=<Future pending cb=[Task.task_wakeup()]>>), worker_in_cell_index=0, spec=CommandWorkerSpec(name='inference-engine-all-0-0', category='inference_engine', port_infos=[PortInfo(name='primary', static_port=8000, mode='per_worker', allow_dynamic=True, num_consecutive=1, offset_by_cell=False), PortInfo(name='dist_init', static_port=9000, mode='master', allow_dynamic=True, num_consecutive=31, offset_by_cell=False), PortInfo(name='nccl', static_port=10000, mode='per_worker', allow_dynamic=True, num_consecutive=1, offset_by_cell=False), PortInfo(name='engine_info_bootstrap', static_port=12000, mode='per_worker', allow_dynamic=True, num_consecutive=1, offset_by_cell=False), PortInfo(name='gate', static_port=13000, mode='master', allow_dynamic=True, num_consecutive=1, offset_by_cell=False)], env_var=<function _compute_spec_inference_engine.<locals>.<lambda> at 0x2ac8717f0860>, scheduling=SchedulingSpec(num_cells=1, num_workers_per_cell=1, num_gpus_per_worker=0.2, num_cpus_per_worker=0.2, num_gpu_slots_per_worker=1, num_gpus_per_node=1, pg_name='rollout', pg_slot_offset=0, pin_to_head=False), meta=<function _compute_spec_inference_engine.<locals>.<lambda> at 0x2ac8717f09a0>, deploy_component=<DeployComponent.INFERENCE: 'inference'>, platform_access=<PlatformAccess.NONE: 'none'>, launch_command=<function _compute_spec_inference_engine.<locals>._compute_launch_command at 0x2ac8717f0ae0>), actor_handle=Actor(CommandActor, fe486032d1e9a9a4984465c401000000), self_addrs={'primary': HostAndPort(host='172.20.9.67', port=20002, external_host=None), 'dist_init': HostAndPort(host='172.20.9.67', port=20003, external_host=None), 'nccl': HostAndPort(host='172.20.9.67', port=20034, external_host=None), 'engine_info_bootstrap': HostAndPort(host='172.20.9.67', port=20035, external_host=None), 'gate': HostAndPort(host='172.20.9.67', port=20036, external_host=None)}, local_gpu_ids=[0], gpu_slot_index=0)
[algo1a-g3-l1-modal] 
[algo1a-g3-l1-modal] [36m(CommandActor pid=2544)[0m WARNING:miles.utils.workers.process_utils:Process 3375 did not exit within 5.0s after SIGTERM; escalating to SIGKILL
[algo1a-g3-l1-modal] 
[algo1a-g3-l0-modal] [36m(TrainerController pid=2557)[0m [2026-09-29 18:16:12.282 trainer_controller_actor] cell.py:231 - ft op=execute phase=start cell=trainer-engine-actor-00000 fn=run_plugin n_actors=1
[algo1a-g3-l0-modal] 
[algo1a-g3-l0-modal] [36m(TrainerController pid=2557)[0m [2026-09-29 18:16:12.593 trainer_controller_actor] cell.py:239 - ft op=execute phase=end cell=trainer-engine-actor-00000 fn=run_plugin ok=true elapsed_s=0.3
[algo1a-g3-l0-modal] 
[algo1a-g3-l0-modal] [36m(InferenceController pid=2560)[0m [2026-09-29 18:16:12.982 inference_controller] _client.py:1740 - HTTP Request: POST http://172.20.8.163:20002/resume_memory_occupation "HTTP/1.1 200 OK"
[algo1a-g3-l0-modal] 
[algo1a-g3-l0-modal] [36m(CommandActor pid=2561)[0m [2026-09-29 18:16:12] INFO:     172.20.8.163:46464 - "POST /resume_memory_occupation HTTP/1.1" 200 OK
[algo1a-g3-l0-modal] 
[algo1a-g3-l0-modal] [36m(CommandActor pid=2561)[0m [2026-09-29 18:16:12] INFO:     172.20.8.163:41904 - "POST /pause_generation HTTP/1.1" 200 OK
[algo1a-g3-l0-modal] 
[algo1a-g3-l0-modal] [36m(CommandActor pid=2561)[0m [2026-09-29 18:16:12] INFO:     172.20.8.163:41904 - "GET /flush_cache HTTP/1.1" 200 OK
[algo1a-g3-l0-modal] 
[algo1a-g3-l0-modal] [36m(CommandActor pid=2561)[0m [2026-09-29 18:16:13] INFO:     172.20.8.163:41904 - "POST /begin_weight_update HTTP/1.1" 200 OK
[algo1a-g3-l0-modal] 
[algo1a-g3-l0-modal] [36m(CommandActor pid=2561)[0m [2026-09-29 18:16:13] INFO:     172.20.8.163:41904 - "POST /update_weights_from_tensor HTTP/1.1" 200 OK
[algo1a-g3-l0-modal] 
[algo1a-g3-l0-modal] [36m(CommandActor pid=2561)[0m [2026-09-29 18:16:12] Cache flush skipped: KV cache memory is released.
[algo1a-g3-l0-modal] 
[algo1a-g3-l0-modal] [36m(CommandActor pid=2561)[0m [2026-09-29 18:16:13] LoRA adapter loading from tensors starts: LoRARef(lora_id=72440d8475b94d43b98ff2b64f237cb7, lora_name=miles_lora, lora_path=__stream__, pinned=False, reloadable=False).
[algo1a-g3-l0-modal] 
[algo1a-g3-l0-modal] [36m(CommandActor pid=2561)[0m [2026-09-29 18:16:13] LoRA adapter '72440d8475b94d43b98ff2b64f237cb7': loaded weights for target modules ['down_proj', 'gate_up_proj', 'o_proj', 'qkv_proj'].
[algo1a-g3-l0-modal] 
[algo1a-g3-l0-modal] [36m(TrainerController pid=2557)[0m [2026-09-29 18:16:12.989 trainer_controller_actor] group.py:392 - ft op=update_weights phase=start rollout=
[algo1a-g3-l0-modal] 
[algo1a-g3-l0-modal] [36m(TrainerController pid=2557)[0m [2026-09-29 18:16:12.989 trainer_controller_actor] cell.py:231 - ft op=execute phase=start cell=trainer-engine-actor-00000 fn=update_weights n_actors=1
[algo1a-g3-l0-modal] 
[algo1a-g3-l0-modal] [36m(MegatronTrainRayActor pid=2861)[0m [2026-09-29 18:16:12.991 actor_cell00000_rank00000] structured_log.py:24 - actor cls=MegatronTrainRayActor fn=update_weights phase=start
[algo1a-g3-l0-modal] 
[algo1a-g3-l0-modal] [36m(MegatronTrainRayActor pid=2861)[0m [2026-09-29 18:16:12.991 actor_cell00000_rank00000] timer.py:31 - Timer update_weights start
[algo1a-g3-l0-modal] 
[algo1a-g3-l0-modal] [36m(MegatronTrainRayActor pid=2861)[0m [2026-09-29 18:16:12.992 actor_cell00000_rank00000] memory_utils.py:41 - [Rank 0] Memory-Usage before update_weights: {'gpu': '0', 'total_GB': 79.18, 'free_GB': 68.7, 'used_GB': 10.47, 'allocated_GB': 1.38, 'reserved_GB': 4.74}
[algo1a-g3-l0-modal] 
[algo1a-g3-l0-modal] [36m(MegatronTrainRayActor pid=2861)[0m [2026-09-29 18:16:12.996 actor_cell00000_rank00000] _client.py:1740 - HTTP Request: POST http://172.20.8.163:20002/pause_generation "HTTP/1.1 200 OK"
[algo1a-g3-l0-modal] 
[algo1a-g3-l0-modal] [36m(MegatronTrainRayActor pid=2861)[0m [2026-09-29 18:16:13.000 actor_cell00000_rank00000] _client.py:1740 - HTTP Request: GET http://172.20.8.163:20002/flush_cache "HTTP/1.1 200 OK"
[algo1a-g3-l0-modal] 
[algo1a-g3-l0-modal] [36m(MegatronTrainRayActor pid=2861)[0m [2026-09-29 18:16:13.003 actor_cell00000_rank00000] _client.py:1740 - HTTP Request: POST http://172.20.8.163:20002/begin_weight_update "HTTP/1.1 200 OK"
[algo1a-g3-l0-modal] 
[algo1a-g3-l0-modal] [36m(MegatronTrainRayActor pid=2861)[0m [2026-09-29 18:16:13.004 actor_cell00000_rank00000] timer.py:31 - Timer update_weights_implementation start
[algo1a-g3-l0-modal] 
[algo1a-g3-l0-modal] [36m(MegatronTrainRayActor pid=2861)[0m [miles-colocate] Update weights: 0it [00:00, ?it/s][2026-09-29 18:16:13.073 actor_cell00000_rank00000] _client.py:1740 - HTTP Request: POST http://172.20.8.163:20002/update_weights_from_tensor "HTTP/1.1 200 OK"
[algo1a-g3-l0-modal] 
[algo1a-g3-l0-modal] [36m(MegatronTrainRayActor pid=2861)[0m [2026-09-29 18:16:13.073 actor_cell00000_rank00000] timer.py:42 - Timer update_weights_implementation end (elapsed: 0.1s)
[algo1a-g3-l0-modal] 
[algo1a-g3-l0-modal] [36m(MegatronTrainRayActor pid=2861)[0m [2026-09-29 18:16:13.073 actor_cell00000_rank00000] timer.py:31 - Timer finalize_and_resume_engines start
[algo1a-g3-l0-modal] 
[algo1a-g3-l0-modal] [36m(CommandActor pid=2561)[0m [2026-09-29 18:16:13] INFO:     172.20.8.163:41904 - "POST /end_weight_update HTTP/1.1" 200 OK
[algo1a-g3-l0-modal] 
[algo1a-g3-l0-modal] [36m(CommandActor pid=2561)[0m [2026-09-29 18:16:13] INFO:     172.20.8.163:41904 - "POST /update_weight_version HTTP/1.1" 200 OK
[algo1a-g3-l0-modal] 
[algo1a-g3-l0-modal] [36m(CommandActor pid=2561)[0m [2026-09-29 18:16:13] INFO:     172.20.8.163:41904 - "POST /continue_generation HTTP/1.1" 200 OK
[algo1a-g3-l0-modal] 
[algo1a-g3-l0-modal] [36m(CommandActor pid=2561)[0m [2026-09-29 18:16:13] LoRA adapter loading from tensors completes: LoRARef(lora_id=72440d8475b94d43b98ff2b64f237cb7, lora_name=miles_lora, lora_path=__stream__, pinned=False, reloadable=False).
[algo1a-g3-l0-modal] 
[algo1a-g3-l0-modal] [36m(CommandActor pid=2561)[0m [2026-09-29 18:16:13] Weight version changed. old_version='yeto:2:5b7c7063c2e800da8b85daec97f443a3044c59c10183a559a367119e40e58b40' new_version='4' num_recorded=0
[algo1a-g3-l0-modal] 
[algo1a-g3-l0-modal] [36m(CommandActor pid=2561)[0m [2026-09-29 18:16:13] [continue_generation] torch.cuda.empty_cache() called: reserved 32306.0 MB -> 32266.0 MB (freed 40.0 MB)
[algo1a-g3-l0-modal] [36m(TrainerController pid=2557)[0m [2026-09-29 18:16:13.148 trainer_controller_actor] cell.py:239 - ft op=execute phase=end cell=trainer-engine-actor-00000 fn=update_weights ok=true elapsed_s=0.2
[algo1a-g3-l0-modal] 
[algo1a-g3-l0-modal] [36m(MegatronTrainRayActor pid=2861)[0m [2026-09-29 18:16:13.115 actor_cell00000_rank00000] _client.py:1740 - HTTP Request: POST http://172.20.8.163:20002/end_weight_update "HTTP/1.1 200 OK"
[algo1a-g3-l0-modal] 
[algo1a-g3-l0-modal] [36m(MegatronTrainRayActor pid=2861)[0m [2026-09-29 18:16:13.119 actor_cell00000_rank00000] _client.py:1740 - HTTP Request: POST http://172.20.8.163:20002/update_weight_version "HTTP/1.1 200 OK"
[algo1a-g3-l0-modal] 
[algo1a-g3-l0-modal] [36m(MegatronTrainRayActor pid=2861)[0m [2026-09-29 18:16:13.122 actor_cell00000_rank00000] _client.py:1740 - HTTP Request: POST http://172.20.8.163:20002/continue_generation "HTTP/1.1 200 OK"
[algo1a-g3-l0-modal] 
[algo1a-g3-l0-modal] [36m(MegatronTrainRayActor pid=2861)[0m [2026-09-29 18:16:13.122 actor_cell00000_rank00000] timer.py:42 - Timer finalize_and_resume_engines end (elapsed: 0.0s)
[algo1a-g3-l0-modal] 
[algo1a-g3-l0-modal] [36m(MegatronTrainRayActor pid=2861)[0m [miles-colocate] Update weights: 1it [00:00,  7.16it/s]
[algo1a-g3-l0-modal] 
[algo1a-g3-l0-modal] [36m(MegatronTrainRayActor pid=2861)[0m [2026-09-29 18:16:13.145 actor_cell00000_rank00000] memory_utils.py:41 - [Rank 0] Memory-Usage after update_weights: {'gpu': '0', 'total_GB': 79.18, 'free_GB': 71.98, 'used_GB': 7.2, 'allocated_GB': 1.38, 'reserved_GB': 1.49}
[algo1a-g3-l0-modal] 
[algo1a-g3-l0-modal] [36m(MegatronTrainRayActor pid=2861)[0m [2026-09-29 18:16:13.146 actor_cell00000_rank00000] timer.py:42 - Timer update_weights end (elapsed: 0.2s)
[algo1a-g3-l0-modal] 
[algo1a-g3-l0-modal] [36m(MegatronTrainRayActor pid=2861)[0m [2026-09-29 18:16:13.146 actor_cell00000_rank00000] structured_log.py:28 - actor cls=MegatronTrainRayActor fn=update_weights phase=end ok=true elapsed_s=0.2
[algo1a-g3-l0-modal] 
[syncer] 2026-09-29T18:16:13.722659Z  INFO yeto_syncer::server: learner finalized authoritative parameters learner_id=0 generation=3484944605288231517 step=3 remaining=0
[syncer] 2026-09-29T18:16:13.722711Z  INFO yeto_syncer::server: all learners acknowledged final cut learners=2
[syncer] 2026-09-29T18:16:13.722720Z  INFO yeto_syncer::server: training complete after 3 outer steps
[syncer] 2026-09-29T18:16:13.869208Z  WARN yeto_syncer::server: connection ended: unexpected end of file peer=34.131.175.45:31028
[syncer] 2026-09-29T18:16:13.877111Z  WARN yeto_syncer::server: connection ended: unexpected end of file peer=34.131.175.45:49016
[syncer] 2026-09-29T18:16:13.878072Z  WARN yeto_syncer::server: connection ended: unexpected end of file peer=34.131.175.45:27887
[syncer] 2026-09-29T18:16:13.882266Z  WARN yeto_syncer::server: connection ended: unexpected end of file peer=34.131.175.45:24149
[syncer] 2026-09-29T18:16:13.888662Z  WARN yeto_syncer::server: connection ended: unexpected end of file peer=34.131.175.45:26290
[algo1a-g3-l0-modal] [36m(InferenceController pid=2560)[0m [2026-09-29 18:16:13.515 inference_controller] _client.py:1740 - HTTP Request: POST http://172.20.8.163:20002/resume_memory_occupation "HTTP/1.1 200 OK"
[algo1a-g3-l0-modal] 
[algo1a-g3-l0-modal] [36m(InferenceController pid=2560)[0m [2026-09-29 18:16:13.562 inference_controller] _client.py:1740 - HTTP Request: POST http://172.20.8.163:20002/weights_checker "HTTP/1.1 200 OK"
[algo1a-g3-l0-modal] 
[algo1a-g3-l0-modal] [36m(CommandActor pid=2561)[0m [2026-09-29 18:16:13] INFO:     172.20.8.163:46464 - "POST /resume_memory_occupation HTTP/1.1" 200 OK
[algo1a-g3-l0-modal] 
[algo1a-g3-l0-modal] [36m(CommandActor pid=2561)[0m [2026-09-29 18:16:13] INFO:     172.20.8.163:60150 - "POST /update_weight_version HTTP/1.1" 200 OK
[algo1a-g3-l0-modal] 
[algo1a-g3-l0-modal] [36m(CommandActor pid=2561)[0m [2026-09-29 18:16:13] INFO:     172.20.8.163:60150 - "GET /model_info HTTP/1.1" 200 OK
[algo1a-g3-l0-modal] 
[algo1a-g3-l0-modal] [36m(CommandActor pid=2561)[0m [2026-09-29 18:16:13] INFO:     172.20.8.163:46464 - "POST /weights_checker HTTP/1.1" 200 OK
[algo1a-g3-l0-modal] 
[algo1a-g3-l0-modal] [36m(CommandActor pid=2561)[0m [2026-09-29 18:16:13] Weight version changed. old_version='4' new_version='yeto:3:f3a9c41492c2e072728628b13b0b45f1db4c91d0b083b2e85654294f48019fe4' num_recorded=0
[algo1a-g3-l0-modal] 
[algo1a-g3-l0-modal] [36m(CommandActor pid=2561)[0m [2026-09-29 18:16:13] [WeightChecker] handle action=checksum allow_quant_error=False skip_tensor_list=None
[algo1a-g3-l0-modal] 
[algo1a-g3-l0-modal] [36m(CommandActor pid=2561)[0m [2026-09-29 18:16:13] [WeightChecker] checksum computed for 226 tensors in 0.022s
[algo1a-g3-l0-modal] 
[algo1a-g3-l0-modal] [36m(RayWorkerManager pid=2274)[0m [2026-09-29 18:16:13.736 worker_manager] ray_worker_manager.py:409 - Killed actor at self=_ServeActorRayCommManager(manager=<miles.utils.workers.ray_worker_manager.RayWorkerManager object at 0x2b36f2a6cb30>, parent=_CellManager(manager=<miles.utils.workers.ray_worker_manager.RayWorkerManager object at 0x2b36f2a6cb30>, cell_index=0, spec=ServeWorkerSpec(name='rollout-executor', category=None, port_infos=[PortInfo(name='rpc', static_port=8000, mode='per_worker', allow_dynamic=True, num_consecutive=1, offset_by_cell=False)], env_var=<function spec_rollout_executor.<locals>.<lambda> at 0x2b36f2fe7420>, scheduling=SchedulingSpec(num_cells=1, num_workers_per_cell=1, num_gpus_per_worker=0.0, num_cpus_per_worker=1.0, num_gpu_slots_per_worker=0, num_gpus_per_node=0, pg_name=None, pg_slot_offset=0, pin_to_head=True), meta=None, deploy_component=<DeployComponent.PRIMARY: 'primary'>, platform_access=<PlatformAccess.NONE: 'none'>, worker_class='miles.ray.rollout.rollout_executor.RolloutExecutor', ctor_kwargs=<function spec_rollout_executor.<locals>.<lambda> at 0x2b36f3010680>, concurrency_groups=None), actors=[...], generation=1, liveness_scan_task=<Task pending name='Task-16' coro=<_CellManager._scan_liveness_forever() running at /root/miles/miles/utils/workers/ray_worker_manager.py:258> wait_for=<Future pending cb=[Task.task_wakeup()]>>), worker_in_cell_index=0, spec=ServeWorkerSpec(name='rollout-executor', category=None, port_infos=[PortInfo(name='rpc', static_port=8000, mode='per_worker', allow_dynamic=True, num_consecutive=1, offset_by_cell=False)], env_var=<function spec_rollout_executor.<locals>.<lambda> at 0x2b36f2fe7420>, scheduling=SchedulingSpec(num_cells=1, num_workers_per_cell=1, num_gpus_per_worker=0.0, num_cpus_per_worker=1.0, num_gpu_slots_per_worker=0, num_gpus_per_node=0, pg_name=None, pg_slot_offset=0, pin_to_head=True), meta=None, deploy_component=<DeployComponent.PRIMARY: 'primary'>, platform_access=<PlatformAccess.NONE: 'none'>, worker_class='miles.ray.rollout.rollout_executor.RolloutExecutor', ctor_kwargs=<function spec_rollout_executor.<locals>.<lambda> at 0x2b36f3010680>, concurrency_groups=None), actor_handle=Actor(RolloutExecutor, 03b19dafbcc6fd5ebdc943e901000000), self_addrs={'rpc': HostAndPort(host='172.20.8.163', port=20038, external_host=None)}, local_gpu_ids=[], gpu_slot_index=None)
[algo1a-g3-l0-modal] 
[algo1a-g3-l0-modal] [36m(RayWorkerManager pid=2274)[0m [2026-09-29 18:16:13.737 worker_manager] ray_worker_manager.py:409 - Killed actor at self=_ServeActorRayCommManager(manager=<miles.utils.workers.ray_worker_manager.RayWorkerManager object at 0x2b36f2a6cb30>, parent=_CellManager(manager=<miles.utils.workers.ray_worker_manager.RayWorkerManager object at 0x2b36f2a6cb30>, cell_index=0, spec=ServeWorkerSpec(name='inference-controller', category=None, port_infos=[PortInfo(name='rpc', static_port=8000, mode='per_worker', allow_dynamic=True, num_consecutive=1, offset_by_cell=False)], env_var=<function spec_inference_controller.<locals>.<lambda> at 0x2b36f30107c0>, scheduling=SchedulingSpec(num_cells=1, num_workers_per_cell=1, num_gpus_per_worker=0.0, num_cpus_per_worker=1.0, num_gpu_slots_per_worker=0, num_gpus_per_node=0, pg_name=None, pg_slot_offset=0, pin_to_head=True), meta=None, deploy_component=<DeployComponent.PRIMARY: 'primary'>, platform_access=<PlatformAccess.READ: 'read'>, worker_class='miles.ray.rollout.inference_controller.InferenceController', ctor_kwargs=<function spec_inference_controller.<locals>.<lambda> at 0x2b37248a84a0>, concurrency_groups=None), actors=[...], generation=1, liveness_scan_task=<Task pending name='Task-17' coro=<_CellManager._scan_liveness_forever() running at /root/miles/miles/utils/workers/ray_worker_manager.py:258> wait_for=<Future pending cb=[Task.task_wakeup()]>>), worker_in_cell_index=0, spec=ServeWorkerSpec(name='inference-controller', category=None, port_infos=[PortInfo(name='rpc', static_port=8000, mode='per_worker', allow_dynamic=True, num_consecutive=1, offset_by_cell=False)], env_var=<function spec_inference_controller.<locals>.<lambda> at 0x2b36f30107c0>, scheduling=SchedulingSpec(num_cells=1, num_workers_per_cell=1, num_gpus_per_worker=0.0, num_cpus_per_worker=1.0, num_gpu_slots_per_worker=0, num_gpus_per_node=0, pg_name=None, pg_slot_offset=0, pin_to_head=True), meta=None, deploy_component=<DeployComponent.PRIMARY: 'primary'>, platform_access=<PlatformAccess.READ: 'read'>, worker_class='miles.ray.rollout.inference_controller.InferenceController', ctor_kwargs=<function spec_inference_controller.<locals>.<lambda> at 0x2b37248a84a0>, concurrency_groups=None), actor_handle=Actor(InferenceController, 047847b8bee2a3c5d9a6bf4b01000000), self_addrs={'rpc': HostAndPort(host='172.20.8.163', port=20037, external_host=None)}, local_gpu_ids=[], gpu_slot_index=None)
[algo1a-g3-l0-modal] 
[algo1a-g3-l0-modal] [36m(RayWorkerManager pid=2274)[0m [2026-09-29 18:16:13.738 worker_manager] ray_worker_manager.py:409 - Killed actor at self=_ServeActorRayCommManager(manager=<miles.utils.workers.ray_worker_manager.RayWorkerManager object at 0x2b36f2a6cb30>, parent=_CellManager(manager=<miles.utils.workers.ray_worker_manager.RayWorkerManager object at 0x2b36f2a6cb30>, cell_index=0, spec=ServeWorkerSpec(name='trainer-controller-actor', category=None, port_infos=[PortInfo(name='rpc', static_port=8000, mode='per_worker', allow_dynamic=True, num_consecutive=1, offset_by_cell=False)], env_var=<function _compute_spec_trainer_controller.<locals>.<lambda> at 0x2b37248a8ae0>, scheduling=SchedulingSpec(num_cells=1, num_workers_per_cell=1, num_gpus_per_worker=0.0, num_cpus_per_worker=1.0, num_gpu_slots_per_worker=0, num_gpus_per_node=0, pg_name=None, pg_slot_offset=0, pin_to_head=False), meta=None, deploy_component=<DeployComponent.TRAINER: 'trainer'>, platform_access=<PlatformAccess.READ_DELETE: 'read-delete'>, worker_class='miles.ray.train.group.TrainerController', ctor_kwargs=<function _compute_spec_trainer_controller.<locals>.<lambda> at 0x2b37248a8c20>, concurrency_groups=None), actors=[...], generation=1, liveness_scan_task=<Task pending name='Task-20' coro=<_CellManager._scan_liveness_forever() running at /root/miles/miles/utils/workers/ray_worker_manager.py:258> wait_for=<Future pending cb=[Task.task_wakeup()]>>), worker_in_cell_index=0, spec=ServeWorkerSpec(name='trainer-controller-actor', category=None, port_infos=[PortInfo(name='rpc', static_port=8000, mode='per_worker', allow_dynamic=True, num_consecutive=1, offset_by_cell=False)], env_var=<function _compute_spec_trainer_controller.<locals>.<lambda> at 0x2b37248a8ae0>, scheduling=SchedulingSpec(num_cells=1, num_workers_per_cell=1, num_gpus_per_worker=0.0, num_cpus_per_worker=1.0, num_gpu_slots_per_worker=0, num_gpus_per_node=0, pg_name=None, pg_slot_offset=0, pin_to_head=False), meta=None, deploy_component=<DeployComponent.TRAINER: 'trainer'>, platform_access=<PlatformAccess.READ_DELETE: 'read-delete'>, worker_class='miles.ray.train.group.TrainerController', ctor_kwargs=<function _compute_spec_trainer_controller.<locals>.<lambda> at 0x2b37248a8c20>, concurrency_groups=None), actor_handle=Actor(TrainerController, bbb2f66b07b0ed60c6ff59c301000000), self_addrs={'rpc': HostAndPort(host='172.20.8.163', port=20041, external_host=None)}, local_gpu_ids=[], gpu_slot_index=None)
[algo1a-g3-l0-modal] 
[algo1a-g3-l0-modal] [36m(RayWorkerManager pid=2274)[0m [2026-09-29 18:16:13.739 worker_manager] ray_worker_manager.py:409 - Killed actor at self=_ServeActorRayCommManager(manager=<miles.utils.workers.ray_worker_manager.RayWorkerManager object at 0x2b36f2a6cb30>, parent=_CellManager(manager=<miles.utils.workers.ray_worker_manager.RayWorkerManager object at 0x2b36f2a6cb30>, cell_index=0, spec=ServeWorkerSpec(name='trainer-engine-actor', category='trainer_engine', port_infos=[PortInfo(name='master', static_port=9000, mode='master', allow_dynamic=True, num_consecutive=1, offset_by_cell=False), PortInfo(name='rpc', static_port=8000, mode='per_worker', allow_dynamic=True, num_consecutive=1, offset_by_cell=False)], env_var=<function _compute_spec_trainer.<locals>.<lambda> at 0x2b37248a8cc0>, scheduling=SchedulingSpec(num_cells=1, num_workers_per_cell=1, num_gpus_per_worker=0.4, num_cpus_per_worker=0.4, num_gpu_slots_per_worker=1, num_gpus_per_node=1, pg_name='actor', pg_slot_offset=0, pin_to_head=False), meta=<function _compute_spec_trainer.<locals>.<lambda> at 0x2b37248aa160>, deploy_component=<DeployComponent.TRAINER: 'trainer'>, platform_access=<PlatformAccess.NONE: 'none'>, worker_class='miles.backends.megatron_utils.actor.MegatronTrainRayActor', ctor_kwargs=<function _compute_spec_trainer.<locals>.<lambda> at 0x2b37248aad40>, concurrency_groups=None), actors=[...], generation=1, liveness_scan_task=<Task pending name='Task-21' coro=<_CellManager._scan_liveness_forever() running at /root/miles/miles/utils/workers/ray_worker_manager.py:258> wait_for=<Future pending cb=[Task.task_wakeup()]>>), worker_in_cell_index=0, spec=ServeWorkerSpec(name='trainer-engine-actor', category='trainer_engine', port_infos=[PortInfo(name='master', static_port=9000, mode='master', allow_dynamic=True, num_consecutive=1, offset_by_cell=False), PortInfo(name='rpc', static_port=8000, mode='per_worker', allow_dynamic=True, num_consecutive=1, offset_by_cell=False)], env_var=<function _compute_spec_trainer.<locals>.<lambda> at 0x2b37248a8cc0>, scheduling=SchedulingSpec(num_cells=1, num_workers_per_cell=1, num_gpus_per_worker=0.4, num_cpus_per_worker=0.4, num_gpu_slots_per_worker=1, num_gpus_per_node=1, pg_name='actor', pg_slot_offset=0, pin_to_head=False), meta=<function _compute_spec_trainer.<locals>.<lambda> at 0x2b37248aa160>, deploy_component=<DeployComponent.TRAINER: 'trainer'>, platform_access=<PlatformAccess.NONE: 'none'>, worker_class='miles.backends.megatron_utils.actor.MegatronTrainRayActor', ctor_kwargs=<function _compute_spec_trainer.<locals>.<lambda> at 0x2b37248aad40>, concurrency_groups=None), actor_handle=Actor(MegatronTrainRayActor, 4a3b38f8f0e00f812e4358b601000000), self_addrs={'master': HostAndPort(host='172.20.8.163', port=20039, external_host=None), 'rpc': HostAndPort(host='172.20.8.163', port=20040, external_host=None)}, local_gpu_ids=[0], gpu_slot_index=0)
[algo1a-g3-l0-modal] 
[algo1a-g3-l0-modal] [36m(InferenceController pid=2560)[0m [2026-09-29 18:16:13.728 inference_controller] rollout_server.py:132 - Killing server cell_id='inference-engine-all-0-0-00000'...
[algo1a-g3-l0-modal] 
[algo1a-g3-l0-modal] [36m(InferenceController pid=2560)[0m [2026-09-29 18:16:13.730 inference_controller] _client.py:1740 - HTTP Request: GET http://172.20.8.163:20000/workers "HTTP/1.1 200 OK"
[algo1a-g3-l0-modal] 
[algo1a-g3-l0-modal] [36m(InferenceController pid=2560)[0m [2026-09-29 18:16:13.732 inference_controller] _client.py:1740 - HTTP Request: DELETE http://172.20.8.163:20000/workers/c0a9894d-de8e-4e1a-97ec-1447b6015d9c "HTTP/1.1 202 Accepted"
[algo1a-g3-l0-modal] 
[algo1a-g3-l0-modal] [36m(InferenceController pid=2560)[0m [2026-09-29 18:16:13.733 inference_controller] server_cell.py:268 - Cell inference-engine-all-0-0-00000 dispose start old=addr_info=CellAddrInfo(server_url='http://172.20.8.163:20002', bootstrap_port=None, gate_url='http://172.20.8.163:20036')
[algo1a-g3-l0-modal] 
[algo1a-g3-l0-modal] [36m(InferenceController pid=2560)[0m [2026-09-29 18:16:13.733 inference_controller] server_cell.py:271 - Cell inference-engine-all-0-0-00000 dispose end new=
[algo1a-g3-l0-modal] 
[algo1a-g3-l0-modal] [36m(CommandActor pid=2561)[0m [2026-09-29 18:16:13] SIGTERM received. signum=None frame=None. Draining requests and shutting down...
[algo1a-g3-l0-modal] 
[algo1a-g3-l0-modal] [36m(RayWorkerManager pid=2274)[0m [2026-09-29 18:16:13.856 worker_manager] ray_worker_manager.py:409 - Killed actor at self=_CommandActorManager(manager=<miles.utils.workers.ray_worker_manager.RayWorkerManager object at 0x2b36f2a6cb30>, parent=_CellManager(manager=<miles.utils.workers.ray_worker_manager.RayWorkerManager object at 0x2b36f2a6cb30>, cell_index=0, spec=CommandWorkerSpec(name='inference-router-0', category=None, port_infos=[PortInfo(name='primary', static_port=8000, mode='per_worker', allow_dynamic=True, num_consecutive=1, offset_by_cell=False), PortInfo(name='prometheus', static_port=9000, mode='per_worker', allow_dynamic=True, num_consecutive=1, offset_by_cell=False)], env_var=<function _compute_spec_router.<locals>.<lambda> at 0x2b37248a8540>, scheduling=SchedulingSpec(num_cells=1, num_workers_per_cell=1, num_gpus_per_worker=0.0, num_cpus_per_worker=0.2, num_gpu_slots_per_worker=0, num_gpus_per_node=0, pg_name=None, pg_slot_offset=0, pin_to_head=True), meta=None, deploy_component=<DeployComponent.PRIMARY: 'primary'>, platform_access=<PlatformAccess.NONE: 'none'>, launch_command=<function _compute_spec_router.<locals>._compute_launch_command at 0x2b37248a85e0>), actors=[...], generation=1, liveness_scan_task=<Task pending name='Task-18' coro=<_CellManager._scan_liveness_forever() running at /root/miles/miles/utils/workers/ray_worker_manager.py:258> wait_for=<Future pending cb=[Task.task_wakeup()]>>), worker_in_cell_index=0, spec=CommandWorkerSpec(name='inference-router-0', category=None, port_infos=[PortInfo(name='primary', static_port=8000, mode='per_worker', allow_dynamic=True, num_consecutive=1, offset_by_cell=False), PortInfo(name='prometheus', static_port=9000, mode='per_worker', allow_dynamic=True, num_consecutive=1, offset_by_cell=False)], env_var=<function _compute_spec_router.<locals>.<lambda> at 0x2b37248a8540>, scheduling=SchedulingSpec(num_cells=1, num_workers_per_cell=1, num_gpus_per_worker=0.0, num_cpus_per_worker=0.2, num_gpu_slots_per_worker=0, num_gpus_per_node=0, pg_name=None, pg_slot_offset=0, pin_to_head=True), meta=None, deploy_component=<DeployComponent.PRIMARY: 'primary'>, platform_access=<PlatformAccess.NONE: 'none'>, launch_command=<function _compute_spec_router.<locals>._compute_launch_command at 0x2b37248a85e0>), actor_handle=Actor(CommandActor, 6a49008145ee2c71af277e0301000000), self_addrs={'primary': HostAndPort(host='172.20.8.163', port=20000, external_host=None), 'prometheus': HostAndPort(host='172.20.8.163', port=20001, external_host=None)}, local_gpu_ids=[], gpu_slot_index=None)
[algo1a-g3-l0-modal] 
[algo1a-g3-l0-modal] [36m(CommandActor pid=2561)[0m [2026-09-29 18:16:14] Subprocess scheduler_0 (pid=3767) crashed with exit code -15. Triggering SIGQUIT for cleanup...
[algo1a-g3-l0-modal] 
[algo1a-g3-l0-modal] [36m(CommandActor pid=2561)[0m [2026-09-29 18:16:14] SIGQUIT received. signum=None, frame=None. It usually means one child failed.
[algo1a-g3-l0-modal] 
[algo1a-g3-l0-modal] [36m(CommandActor pid=2561)[0m [2026-09-29 18:16:14] Sleeping 5 seconds before crash diagnostics to let GPU activity settle.
[algo1a-g3-l0-modal] 
[algo1a-g3-l0-modal] [rl] learner 0 finalized (rl_engine=ports)
[algo1a-g3-l0-modal] 
[algo1a-g3-l0-modal] [36m(RayWorkerManager pid=2274)[0m [2026-09-29 18:16:18.804 worker_manager] ray_worker_manager.py:409 - Killed actor at self=_CommandActorManager(manager=<miles.utils.workers.ray_worker_manager.RayWorkerManager object at 0x2b36f2a6cb30>, parent=_CellManager(manager=<miles.utils.workers.ray_worker_manager.RayWorkerManager object at 0x2b36f2a6cb30>, cell_index=0, spec=CommandWorkerSpec(name='inference-engine-all-0-0', category='inference_engine', port_infos=[PortInfo(name='primary', static_port=8000, mode='per_worker', allow_dynamic=True, num_consecutive=1, offset_by_cell=False), PortInfo(name='dist_init', static_port=9000, mode='master', allow_dynamic=True, num_consecutive=31, offset_by_cell=False), PortInfo(name='nccl', static_port=10000, mode='per_worker', allow_dynamic=True, num_consecutive=1, offset_by_cell=False), PortInfo(name='engine_info_bootstrap', static_port=12000, mode='per_worker', allow_dynamic=True, num_consecutive=1, offset_by_cell=False), PortInfo(name='gate', static_port=13000, mode='master', allow_dynamic=True, num_consecutive=1, offset_by_cell=False)], env_var=<function _compute_spec_inference_engine.<locals>.<lambda> at 0x2b37248a87c0>, scheduling=SchedulingSpec(num_cells=1, num_workers_per_cell=1, num_gpus_per_worker=0.2, num_cpus_per_worker=0.2, num_gpu_slots_per_worker=1, num_gpus_per_node=1, pg_name='rollout', pg_slot_offset=0, pin_to_head=False), meta=<function _compute_spec_inference_engine.<locals>.<lambda> at 0x2b37248a8900>, deploy_component=<DeployComponent.INFERENCE: 'inference'>, platform_access=<PlatformAccess.NONE: 'none'>, launch_command=<function _compute_spec_inference_engine.<locals>._compute_launch_command at 0x2b37248a8a40>), actors=[...], generation=1, liveness_scan_task=<Task pending name='Task-19' coro=<_CellManager._scan_liveness_forever() running at /root/miles/miles/utils/workers/ray_worker_manager.py:258> wait_for=<Future pending cb=[Task.task_wakeup()]>>), worker_in_cell_index=0, spec=CommandWorkerSpec(name='inference-engine-all-0-0', category='inference_engine', port_infos=[PortInfo(name='primary', static_port=8000, mode='per_worker', allow_dynamic=True, num_consecutive=1, offset_by_cell=False), PortInfo(name='dist_init', static_port=9000, mode='master', allow_dynamic=True, num_consecutive=31, offset_by_cell=False), PortInfo(name='nccl', static_port=10000, mode='per_worker', allow_dynamic=True, num_consecutive=1, offset_by_cell=False), PortInfo(name='engine_info_bootstrap', static_port=12000, mode='per_worker', allow_dynamic=True, num_consecutive=1, offset_by_cell=False), PortInfo(name='gate', static_port=13000, mode='master', allow_dynamic=True, num_consecutive=1, offset_by_cell=False)], env_var=<function _compute_spec_inference_engine.<locals>.<lambda> at 0x2b37248a87c0>, scheduling=SchedulingSpec(num_cells=1, num_workers_per_cell=1, num_gpus_per_worker=0.2, num_cpus_per_worker=0.2, num_gpu_slots_per_worker=1, num_gpus_per_node=1, pg_name='rollout', pg_slot_offset=0, pin_to_head=False), meta=<function _compute_spec_inference_engine.<locals>.<lambda> at 0x2b37248a8900>, deploy_component=<DeployComponent.INFERENCE: 'inference'>, platform_access=<PlatformAccess.NONE: 'none'>, launch_command=<function _compute_spec_inference_engine.<locals>._compute_launch_command at 0x2b37248a8a40>), actor_handle=Actor(CommandActor, f74be46a5b875ef07cbe66b201000000), self_addrs={'primary': HostAndPort(host='172.20.8.163', port=20002, external_host=None), 'dist_init': HostAndPort(host='172.20.8.163', port=20003, external_host=None), 'nccl': HostAndPort(host='172.20.8.163', port=20034, external_host=None), 'engine_info_bootstrap': HostAndPort(host='172.20.8.163', port=20035, external_host=None), 'gate': HostAndPort(host='172.20.8.163', port=20036, external_host=None)}, local_gpu_ids=[0], gpu_slot_index=0)
[algo1a-g3-l0-modal] 
[algo1a-g3-l0-modal] [36m(CommandActor pid=2561)[0m WARNING:miles.utils.workers.process_utils:Process 3405 did not exit within 5.0s after SIGTERM; escalating to SIGKILL
[algo1a-g3-l0-modal] 
[launcher] algo1a-g3-l0-modal job finished: SUCCEEDED
[launcher] algo1a-g3-l1-modal job finished: SUCCEEDED
[launcher] learner jobs finished: {'algo1a-g3-l0-modal': 'SUCCEEDED', 'algo1a-g3-l1-modal': 'SUCCEEDED'}
[launcher] committed RL checkpoint retained at /tmp/algo1a/g3home/yeto-output
[launcher] tearing down algo1a-g3-l0-modal
[launcher] tearing down algo1a-g3-l1-modal
[launcher] run finished; model + checkpoint live on the head — tear it down with: yeto down algo1a-g3
