path	bytes	sha256	volume	volume_path
openspec/changes/rl-engine-ports/evidence/2026-09-29-decoupled2/benchmark.log	5015	3ac28faf967d92849180c88fa8f8e81149b6c23143f3197e128d0b286b70777d	yeto-evidence-archive	/openspec/changes/rl-engine-ports/evidence/2026-09-29-decoupled2/benchmark.log
openspec/changes/rl-engine-ports/evidence/2026-09-29-decoupled2/inst_console.log	11712	e006e23d90b46e743d1172829c0517d3f870f86a4f1897ecf0f1eac51fcec98f	yeto-evidence-archive	/openspec/changes/rl-engine-ports/evidence/2026-09-29-decoupled2/inst_console.log
openspec/changes/rl-engine-ports/evidence/2026-09-29-decoupled2/rc	5	93ff7811a209e2a8479230bbb9b6bc19f7f311d3af383ec350c1db2a7e7d5494	yeto-evidence-archive	/openspec/changes/rl-engine-ports/evidence/2026-09-29-decoupled2/rc
openspec/changes/rl-engine-ports/evidence/2026-09-29-decoupled2/report/results.jsonl	1697	6f694b10200b40d9bb1e7bff8f4539383698c09ce12da974bf644e56043c72f5	yeto-evidence-archive	/openspec/changes/rl-engine-ports/evidence/2026-09-29-decoupled2/report/results.jsonl
openspec/changes/rl-engine-ports/evidence/2026-09-29-decoupled2/run.sh	967	335a01d92c9768357d701c50e824a1c9812086fe47b1ed50994e51dcde8a4ab9	yeto-evidence-archive	/openspec/changes/rl-engine-ports/evidence/2026-09-29-decoupled2/run.sh
openspec/changes/rl-engine-ports/evidence/2026-09-29-decoupled2/setup_in.sh	1132	b105a32f98b09ce89f8c06bd0a6f4ab58751ab516b4440e055a8f993782687e1	yeto-evidence-archive	/openspec/changes/rl-engine-ports/evidence/2026-09-29-decoupled2/setup_in.sh
openspec/changes/rl-engine-ports/evidence/2026-09-29-decoupled2/start.sh	345	c157893b5c828417020f62554f00362587123ce3983350d3fd13101e4def8516	yeto-evidence-archive	/openspec/changes/rl-engine-ports/evidence/2026-09-29-decoupled2/start.sh
openspec/changes/rl-engine-ports/evidence/2026-09-29-decoupled2/verify.py	1132	6d2f77cb19b9ddfaadb834f9ecbad4c3ee245b3c30241d70431b5bab68701ae9	yeto-evidence-archive	/openspec/changes/rl-engine-ports/evidence/2026-09-29-decoupled2/verify.py
openspec/changes/rl-engine-ports/evidence/2026-09-29-decoupled2/work/data/m2/combined.jsonl	25371	71c46c537b7badc0c9868c001e6b57a034ff8bb32834fb8d09db35457a3dfa65	yeto-evidence-archive	/openspec/changes/rl-engine-ports/evidence/2026-09-29-decoupled2/work/data/m2/combined.jsonl
openspec/changes/rl-engine-ports/evidence/2026-09-29-decoupled2/work/data/m2/eval.jsonl	3363	e92c2c5067ab7064dccc3f7401326c24c4e845c97245d1f50168f2c164034c1d	yeto-evidence-archive	/openspec/changes/rl-engine-ports/evidence/2026-09-29-decoupled2/work/data/m2/eval.jsonl
openspec/changes/rl-engine-ports/evidence/2026-09-29-decoupled2/work/data/m2/island-0.jsonl	13211	944c8543adccbb2fe98b687656f2e40210aecac6fa248e662a7e3203f3bd8a39	yeto-evidence-archive	/openspec/changes/rl-engine-ports/evidence/2026-09-29-decoupled2/work/data/m2/island-0.jsonl
openspec/changes/rl-engine-ports/evidence/2026-09-29-decoupled2/work/data/m2/island-1.jsonl	12160	12b1275705e4117c530a13b3e9f9c99696b0ca711c90da3b3f6d6ffe282833bf	yeto-evidence-archive	/openspec/changes/rl-engine-ports/evidence/2026-09-29-decoupled2/work/data/m2/island-1.jsonl
openspec/changes/rl-engine-ports/evidence/2026-09-29-decoupled2/work/seed-17/yeto-decoupled-m2/adapter/adapter_config.json	1083	4f55bde60d9c3af3b6bc9682753ffb76141cd56e10a92d5d701857d985defec0	yeto-evidence-archive	/openspec/changes/rl-engine-ports/evidence/2026-09-29-decoupled2/work/seed-17/yeto-decoupled-m2/adapter/adapter_config.json
openspec/changes/rl-engine-ports/evidence/2026-09-29-decoupled2/work/seed-17/yeto-decoupled-m2/adapter/yeto_rl_provenance.json	613	6ad7317cf19d744926996ed05d2de61368f6286f103791b6bc04727d5ec0e73e	yeto-evidence-archive	/openspec/changes/rl-engine-ports/evidence/2026-09-29-decoupled2/work/seed-17/yeto-decoupled-m2/adapter/yeto_rl_provenance.json
openspec/changes/rl-engine-ports/evidence/2026-09-29-decoupled2/work/seed-17/yeto-decoupled-m2/eval-samples.jsonl	7825	b202e2176a49431fa54f0c51d47babd2d3af600d894b9066239437ae09bb2a1c	yeto-evidence-archive	/openspec/changes/rl-engine-ports/evidence/2026-09-29-decoupled2/work/seed-17/yeto-decoupled-m2/eval-samples.jsonl
openspec/changes/rl-engine-ports/evidence/2026-09-29-decoupled2/work/seed-17/yeto-decoupled-m2/eval-worker.json	1259	a039f64e2c13377c1767936c80d485ef7715de02854e11b31df8c3a4bdbcd0f0	yeto-evidence-archive	/openspec/changes/rl-engine-ports/evidence/2026-09-29-decoupled2/work/seed-17/yeto-decoupled-m2/eval-worker.json
openspec/changes/rl-engine-ports/evidence/2026-09-29-decoupled2/work/seed-17/yeto-decoupled-m2/eval.json	216	afd436398f8d20812ec6a3127994541a8be9e790a2a9e9112da1fbc4b0963f3b	yeto-evidence-archive	/openspec/changes/rl-engine-ports/evidence/2026-09-29-decoupled2/work/seed-17/yeto-decoupled-m2/eval.json
openspec/changes/rl-engine-ports/evidence/2026-09-29-decoupled2/work/seed-17/yeto-decoupled-m2/eval.log	148	b2eabe56feb1f92c2f323e8aa6d04cdca9c4dda19e65fa556305c2f7811a6936	yeto-evidence-archive	/openspec/changes/rl-engine-ports/evidence/2026-09-29-decoupled2/work/seed-17/yeto-decoupled-m2/eval.log
openspec/changes/rl-engine-ports/evidence/2026-09-29-decoupled2/work/seed-17/yeto-decoupled-m2/island-0/miles.log	72416	244f3193a19078147d04b596c4de629c756b8660701b109cebc060fcb73a14dc	yeto-evidence-archive	/openspec/changes/rl-engine-ports/evidence/2026-09-29-decoupled2/work/seed-17/yeto-decoupled-m2/island-0/miles.log
openspec/changes/rl-engine-ports/evidence/2026-09-29-decoupled2/work/seed-17/yeto-decoupled-m2/island-0/worker.json	2184	2dbf904260c3b9e00de6405100b4e681caacb04c2a59cc1f4d4d99ff4b30b426	yeto-evidence-archive	/openspec/changes/rl-engine-ports/evidence/2026-09-29-decoupled2/work/seed-17/yeto-decoupled-m2/island-0/worker.json
openspec/changes/rl-engine-ports/evidence/2026-09-29-decoupled2/work/seed-17/yeto-decoupled-m2/island-1/events.jsonl	37695	cc859a0f7a75f50d1186d315617706ed364423cdf4e922ac1f2c29112dc4f62c	yeto-evidence-archive	/openspec/changes/rl-engine-ports/evidence/2026-09-29-decoupled2/work/seed-17/yeto-decoupled-m2/island-1/events.jsonl
openspec/changes/rl-engine-ports/evidence/2026-09-29-decoupled2/work/seed-17/yeto-decoupled-m2/island-1/miles.log	73051	e619081fcb89dc7402d98d05c89fd7e7e16c14ae2e80f86aee75b785dde2064f	yeto-evidence-archive	/openspec/changes/rl-engine-ports/evidence/2026-09-29-decoupled2/work/seed-17/yeto-decoupled-m2/island-1/miles.log
openspec/changes/rl-engine-ports/evidence/2026-09-29-decoupled2/work/seed-17/yeto-decoupled-m2/island-1/worker.json	2184	681bd0943ddf7fb35869f8185630651b3155acf6a7bc419df285f9ae65faa017	yeto-evidence-archive	/openspec/changes/rl-engine-ports/evidence/2026-09-29-decoupled2/work/seed-17/yeto-decoupled-m2/island-1/worker.json
openspec/changes/rl-engine-ports/evidence/2026-09-29-decoupled2/work/seed-17/yeto-decoupled-m2/rollouts/dashboard_columns/rollout_0.parquet	31027	9d5057261683f9a537831201af156b47a232903cc7cbe1504546257ccb117b44	yeto-evidence-archive	/openspec/changes/rl-engine-ports/evidence/2026-09-29-decoupled2/work/seed-17/yeto-decoupled-m2/rollouts/dashboard_columns/rollout_0.parquet
openspec/changes/rl-engine-ports/evidence/2026-09-29-decoupled2/work/seed-17/yeto-decoupled-m2/rollouts/dashboard_columns/rollout_1.parquet	58926	95174b6ca04cd185cd3b212f220dffe87e983f8e10c9bf063ed25bd7f5968c45	yeto-evidence-archive	/openspec/changes/rl-engine-ports/evidence/2026-09-29-decoupled2/work/seed-17/yeto-decoupled-m2/rollouts/dashboard_columns/rollout_1.parquet
openspec/changes/rl-engine-ports/evidence/2026-09-29-decoupled2/work/seed-17/yeto-decoupled-m2/rollouts/dashboard_columns/rollout_2.parquet	47014	ddc4c29acc68fd3ea2e8daadc24693ede4edc3f66a7c5421601fe829115a9d03	yeto-evidence-archive	/openspec/changes/rl-engine-ports/evidence/2026-09-29-decoupled2/work/seed-17/yeto-decoupled-m2/rollouts/dashboard_columns/rollout_2.parquet
openspec/changes/rl-engine-ports/evidence/2026-09-29-decoupled2/work/seed-17/yeto-decoupled-m2/rollouts/dashboard_columns/rollout_3.parquet	38180	e00140af8d51e171c56e38a26370bf95fa8a17d4f5270e5f01c98a78c7ca8a4e	yeto-evidence-archive	/openspec/changes/rl-engine-ports/evidence/2026-09-29-decoupled2/work/seed-17/yeto-decoupled-m2/rollouts/dashboard_columns/rollout_3.parquet
openspec/changes/rl-engine-ports/evidence/2026-09-29-decoupled2/work/seed-17/yeto-decoupled-m2/rollouts/dashboard_columns/rollout_4.parquet	35700	1939f312841f9579750eeaa6d40d8800f401096cef1a859f0aeba2618affc68f	yeto-evidence-archive	/openspec/changes/rl-engine-ports/evidence/2026-09-29-decoupled2/work/seed-17/yeto-decoupled-m2/rollouts/dashboard_columns/rollout_4.parquet
openspec/changes/rl-engine-ports/evidence/2026-09-29-decoupled2/work/seed-17/yeto-decoupled-m2/rollouts/dashboard_columns/rollout_5.parquet	39897	11db0e13995d76d01622556ca3f28924a983a9b7259ee360c44d5cfa83e8ddfb	yeto-evidence-archive	/openspec/changes/rl-engine-ports/evidence/2026-09-29-decoupled2/work/seed-17/yeto-decoupled-m2/rollouts/dashboard_columns/rollout_5.parquet
openspec/changes/rl-engine-ports/evidence/2026-09-29-decoupled2/work/seed-17/yeto-decoupled-m2/rollouts/dashboard_columns/rollout_6.parquet	39089	c9f5d1aa4142ce7372b3481a95c100cb6bba3fcb860d1aa9f0ad907b9bf6aad1	yeto-evidence-archive	/openspec/changes/rl-engine-ports/evidence/2026-09-29-decoupled2/work/seed-17/yeto-decoupled-m2/rollouts/dashboard_columns/rollout_6.parquet
openspec/changes/rl-engine-ports/evidence/2026-09-29-decoupled2/work/seed-17/yeto-decoupled-m2/rollouts/dashboard_columns/rollout_7.parquet	40468	46508b103c445a3bebdd1edca7d0d584efc659abbb4d3687040c6713bed6a315	yeto-evidence-archive	/openspec/changes/rl-engine-ports/evidence/2026-09-29-decoupled2/work/seed-17/yeto-decoupled-m2/rollouts/dashboard_columns/rollout_7.parquet
openspec/changes/rl-engine-ports/evidence/2026-09-29-decoupled2/work/seed-17/yeto-decoupled-m2/syncer.jsonl	17310	bc96b381c9d26e6d69ae40fc748a745ca7205810d2fac8c6c3fed91b214dea67	yeto-evidence-archive	/openspec/changes/rl-engine-ports/evidence/2026-09-29-decoupled2/work/seed-17/yeto-decoupled-m2/syncer.jsonl
openspec/changes/rl-engine-ports/evidence/2026-09-29-decoupled2/work/seed-17/yeto-decoupled-m2/syncer.log	10255	e1e8bd93405b04d025c1c74d69a73fa7df6910324373d9ae96c86501ff044042	yeto-evidence-archive	/openspec/changes/rl-engine-ports/evidence/2026-09-29-decoupled2/work/seed-17/yeto-decoupled-m2/syncer.log
openspec/changes/rl-engine-ports/evidence/2026-09-29-default-params-modal/env.sh	234	c53d5025a426bf13f8442e51686d26b7bb0601c1c86c022c648673b7b3500201	yeto-evidence-archive	/openspec/changes/rl-engine-ports/evidence/2026-09-29-default-params-modal/env.sh
openspec/changes/rl-engine-ports/evidence/2026-09-29-default-params-modal/export_meta.txt	1338	33222f7b9c07fbdba6f06f3d1ff5f8216337baa22e68f6130b0c652902b7bee5	yeto-evidence-archive	/openspec/changes/rl-engine-ports/evidence/2026-09-29-default-params-modal/export_meta.txt
openspec/changes/rl-engine-ports/evidence/2026-09-29-default-params-modal/launch.log	71018	c391c69285ded22a19080837a2b54979ccea47a9d2a53a217be3fb05d40fd05b	yeto-evidence-archive	/openspec/changes/rl-engine-ports/evidence/2026-09-29-default-params-modal/launch.log
openspec/changes/rl-engine-ports/evidence/2026-09-29-default-params-modal/launch.sh	816	45e72e8dffa92f7cd5228c0709cbfd44b895987977ea423668963f071cafd667	yeto-evidence-archive	/openspec/changes/rl-engine-ports/evidence/2026-09-29-default-params-modal/launch.sh
openspec/changes/rl-engine-ports/evidence/2026-09-29-default-params-modal/launch_args.txt	606	2bff00ef17613a4ddf41fcfd00a008f8c386dd0132d3bd6346379815070ca9a3	yeto-evidence-archive	/openspec/changes/rl-engine-ports/evidence/2026-09-29-default-params-modal/launch_args.txt
openspec/changes/rl-engine-ports/evidence/2026-09-29-default-params-modal/pulled/rl-island-1.jsonl	10937	96da3a2b6d43b7c8be44a484a3f0db621025215f2602dad888927a5c68b979a1	yeto-evidence-archive	/openspec/changes/rl-engine-ports/evidence/2026-09-29-default-params-modal/pulled/rl-island-1.jsonl
openspec/changes/rl-engine-ports/evidence/2026-09-29-default-params-modal/puller.sh	421	748e0491760ba7ab2746dddc7fb842f04608c4649d0e5f0dc92ba26317cd91cd	yeto-evidence-archive	/openspec/changes/rl-engine-ports/evidence/2026-09-29-default-params-modal/puller.sh
openspec/changes/rl-engine-ports/evidence/2026-09-29-default-params-modal/run_local_head.py	844	1c31bddc80e0261ac6819385571f452dbf90698a99f6b1458effbd422524db4a	yeto-evidence-archive	/openspec/changes/rl-engine-ports/evidence/2026-09-29-default-params-modal/run_local_head.py
openspec/changes/rl-engine-ports/evidence/2026-09-29-default-params-modal/start_time.txt	21	360c82020c45a27d4ea144c0368ed8463f5796a1df46e20fb1fa5e70ac86f0f7	yeto-evidence-archive	/openspec/changes/rl-engine-ports/evidence/2026-09-29-default-params-modal/start_time.txt
openspec/changes/rl-engine-ports/evidence/2026-09-29-default-params-modal/teardown_proof.txt	3689	114a81d1d7debe4b63483cb8f5122f5691bb42c5f0dc708faf08153e9b7ed208	yeto-evidence-archive	/openspec/changes/rl-engine-ports/evidence/2026-09-29-default-params-modal/teardown_proof.txt
openspec/changes/rl-engine-ports/evidence/2026-09-29-default-params-modal/yeto-tape.jsonl	3087	761810bd25464146e12d44868b4d20612aba4ee711883a4c1dff348f8db0bb2e	yeto-evidence-archive	/openspec/changes/rl-engine-ports/evidence/2026-09-29-default-params-modal/yeto-tape.jsonl
openspec/changes/rl-engine-ports/evidence/2026-09-29-eq62-v2/check-tier3-old5/report.json	59297	758d4fabc3c9c21c3ceda49e84a6961eb39ff07cfe3ef40a06054288dd6e30b2	yeto-evidence-archive	/openspec/changes/rl-engine-ports/evidence/2026-09-29-eq62-v2/check-tier3-old5/report.json
openspec/changes/rl-engine-ports/evidence/2026-09-29-eq62-v2/drive4.sh	4575	755cb5834422b3198e6d6f474ac9758e3e91bc446a07944e43504805afe7a324	yeto-evidence-archive	/openspec/changes/rl-engine-ports/evidence/2026-09-29-eq62-v2/drive4.sh
openspec/changes/rl-engine-ports/evidence/2026-09-29-eq62-v2/env-legacy/sandbox-env.txt	12780	fa4a5f2bf37ca5299edc8a68ba288063b9ebe39900a904298fc08eeb0855ecb5	yeto-evidence-archive	/openspec/changes/rl-engine-ports/evidence/2026-09-29-eq62-v2/env-legacy/sandbox-env.txt
openspec/changes/rl-engine-ports/evidence/2026-09-29-eq62-v2/env-ports/sandbox-env.txt	13135	d616a2f0e0e2715ad3674fe04712608ed4d47a4443ff1a277babde3d7e597713	yeto-evidence-archive	/openspec/changes/rl-engine-ports/evidence/2026-09-29-eq62-v2/env-ports/sandbox-env.txt
openspec/changes/rl-engine-ports/evidence/2026-09-29-eq62-v2/launch-args-legacy.txt	549	e961fcffabd745c7bb9a7c7d8813100806dd77f4403bf25f2045617412c6ff8c	yeto-evidence-archive	/openspec/changes/rl-engine-ports/evidence/2026-09-29-eq62-v2/launch-args-legacy.txt
openspec/changes/rl-engine-ports/evidence/2026-09-29-eq62-v2/launch-args-ports.txt	547	b93fe3ea327be5ec98eeb99edd4276a2a4a34bae592d52a072509c5df25e83f9	yeto-evidence-archive	/openspec/changes/rl-engine-ports/evidence/2026-09-29-eq62-v2/launch-args-ports.txt
openspec/changes/rl-engine-ports/evidence/2026-09-29-eq62-v2/legacy-s17/launch.log	4898	e306c561339277f7affbe4c29fc6a367c5d84bc11146837b9b60290c57a1785e	yeto-evidence-archive	/openspec/changes/rl-engine-ports/evidence/2026-09-29-eq62-v2/legacy-s17/launch.log
openspec/changes/rl-engine-ports/evidence/2026-09-29-eq62-v2/legacy-s17/nvidia-smi.txt	2057	6735221b1101144acfd4b14b614479c3d6232c1bd4f014c170b4f9f47fa3c6a0	yeto-evidence-archive	/openspec/changes/rl-engine-ports/evidence/2026-09-29-eq62-v2/legacy-s17/nvidia-smi.txt
openspec/changes/rl-engine-ports/evidence/2026-09-29-eq62-v2/legacy-s17/rc	2	9a271f2a916b0b6ee6cecb2426f0b3206ef074578be55d9bc94f6f3fe3ab86aa	yeto-evidence-archive	/openspec/changes/rl-engine-ports/evidence/2026-09-29-eq62-v2/legacy-s17/rc
openspec/changes/rl-engine-ports/evidence/2026-09-29-eq62-v2/legacy-s17/report/results.jsonl	1636	c4b2decca9a4f7652ab97c0ed973296701b26d7ea0992ea11b97fbe5e7feb518	yeto-evidence-archive	/openspec/changes/rl-engine-ports/evidence/2026-09-29-eq62-v2/legacy-s17/report/results.jsonl
openspec/changes/rl-engine-ports/evidence/2026-09-29-eq62-v2/legacy-s17/t_end	11	46137ac5a77a5d78ab1212c4655ce378b0ae10519304ce12eaaeaddebac37efc	yeto-evidence-archive	/openspec/changes/rl-engine-ports/evidence/2026-09-29-eq62-v2/legacy-s17/t_end
openspec/changes/rl-engine-ports/evidence/2026-09-29-eq62-v2/legacy-s17/t_start	11	4ab4ad7544265fc5aad436362ddebf7526c941beb55e7f0605225701f35d5359	yeto-evidence-archive	/openspec/changes/rl-engine-ports/evidence/2026-09-29-eq62-v2/legacy-s17/t_start
openspec/changes/rl-engine-ports/evidence/2026-09-29-eq62-v2/legacy-s17/work/data/m2/combined.jsonl	9168	5826325caca400c4035aa2d26439efe44dbfc0b706b219427072b7b3f00a89e2	yeto-evidence-archive	/openspec/changes/rl-engine-ports/evidence/2026-09-29-eq62-v2/legacy-s17/work/data/m2/combined.jsonl
openspec/changes/rl-engine-ports/evidence/2026-09-29-eq62-v2/legacy-s17/work/data/m2/eval.jsonl	2922	e541ae1af20b3bf4c148ea4fcf1e9c23723657e8e4d956e1b4c71590db5af82b	yeto-evidence-archive	/openspec/changes/rl-engine-ports/evidence/2026-09-29-eq62-v2/legacy-s17/work/data/m2/eval.jsonl
openspec/changes/rl-engine-ports/evidence/2026-09-29-eq62-v2/legacy-s17/work/data/m2/island-0.jsonl	4757	b584b9ad933f18211a231ef016ffb9f3648f6f46ac7f95e5c8ca7f6622f43d80	yeto-evidence-archive	/openspec/changes/rl-engine-ports/evidence/2026-09-29-eq62-v2/legacy-s17/work/data/m2/island-0.jsonl
openspec/changes/rl-engine-ports/evidence/2026-09-29-eq62-v2/legacy-s17/work/data/m2/island-1.jsonl	4411	cc6ee21811a7ae98cd0e0396665a1f71cd7516ee84e8a63693f8e97d0fd0bd3f	yeto-evidence-archive	/openspec/changes/rl-engine-ports/evidence/2026-09-29-eq62-v2/legacy-s17/work/data/m2/island-1.jsonl
openspec/changes/rl-engine-ports/evidence/2026-09-29-eq62-v2/legacy-s17/work/seed-17/yeto-federated-m2/adapter/adapter_config.json	1185	57d70129594490acd4dd66354eb3b148f02fd229bab8c451b22799c97afa9844	yeto-evidence-archive	/openspec/changes/rl-engine-ports/evidence/2026-09-29-eq62-v2/legacy-s17/work/seed-17/yeto-federated-m2/adapter/adapter_config.json
openspec/changes/rl-engine-ports/evidence/2026-09-29-eq62-v2/legacy-s17/work/seed-17/yeto-federated-m2/eval-samples.jsonl	6182	8dd0293b37ffc76fd3770be935e3dd9a409a5af4433638f232c2cf7182f87d02	yeto-evidence-archive	/openspec/changes/rl-engine-ports/evidence/2026-09-29-eq62-v2/legacy-s17/work/seed-17/yeto-federated-m2/eval-samples.jsonl
openspec/changes/rl-engine-ports/evidence/2026-09-29-eq62-v2/legacy-s17/work/seed-17/yeto-federated-m2/eval-worker.json	1277	982ad53aa44b83dbf6344117f16aa75e65024bbe4fc58089fb28e44d5210aa7e	yeto-evidence-archive	/openspec/changes/rl-engine-ports/evidence/2026-09-29-eq62-v2/legacy-s17/work/seed-17/yeto-federated-m2/eval-worker.json
openspec/changes/rl-engine-ports/evidence/2026-09-29-eq62-v2/legacy-s17/work/seed-17/yeto-federated-m2/eval.json	217	014e8687ce7982a0ad782b1412be20cd1537801d865586bff8b243c13e2ad2c4	yeto-evidence-archive	/openspec/changes/rl-engine-ports/evidence/2026-09-29-eq62-v2/legacy-s17/work/seed-17/yeto-federated-m2/eval.json
openspec/changes/rl-engine-ports/evidence/2026-09-29-eq62-v2/legacy-s17/work/seed-17/yeto-federated-m2/eval.log	1096	5a1ba3404ca4fbdcca75896a442b220c6463e44d8800705d8bf9b622ba738ce1	yeto-evidence-archive	/openspec/changes/rl-engine-ports/evidence/2026-09-29-eq62-v2/legacy-s17/work/seed-17/yeto-federated-m2/eval.log
openspec/changes/rl-engine-ports/evidence/2026-09-29-eq62-v2/legacy-s17/work/seed-17/yeto-federated-m2/island-0/audit/round-00000001.json	48718	eaa0e1bdc53a12d0fc9b96de988123f7b72e59dbb331c00fc0a4b5247ad111e0	yeto-evidence-archive	/openspec/changes/rl-engine-ports/evidence/2026-09-29-eq62-v2/legacy-s17/work/seed-17/yeto-federated-m2/island-0/audit/round-00000001.json
openspec/changes/rl-engine-ports/evidence/2026-09-29-eq62-v2/legacy-s17/work/seed-17/yeto-federated-m2/island-0/audit/round-00000002.json	48718	a961423f419e89014a8d79068b40709503105e55cb79eba6783e5cd6ad3f117e	yeto-evidence-archive	/openspec/changes/rl-engine-ports/evidence/2026-09-29-eq62-v2/legacy-s17/work/seed-17/yeto-federated-m2/island-0/audit/round-00000002.json
openspec/changes/rl-engine-ports/evidence/2026-09-29-eq62-v2/legacy-s17/work/seed-17/yeto-federated-m2/island-0/audit/round-00000003.json	48718	6bb74ea4348ff8e59d53ab72a481eecd0f2bc5fa3b28d1a9be3ca8b1577a3978	yeto-evidence-archive	/openspec/changes/rl-engine-ports/evidence/2026-09-29-eq62-v2/legacy-s17/work/seed-17/yeto-federated-m2/island-0/audit/round-00000003.json
openspec/changes/rl-engine-ports/evidence/2026-09-29-eq62-v2/legacy-s17/work/seed-17/yeto-federated-m2/island-0/miles.log	55386	7004dd09edab74eba9ba56920b470d10c17e617a88683136b4af7c843d40c9a1	yeto-evidence-archive	/openspec/changes/rl-engine-ports/evidence/2026-09-29-eq62-v2/legacy-s17/work/seed-17/yeto-federated-m2/island-0/miles.log
openspec/changes/rl-engine-ports/evidence/2026-09-29-eq62-v2/legacy-s17/work/seed-17/yeto-federated-m2/island-0/worker.json	2138	81cfe86ad1c371be86a2b793066738285d0151841ebb8ceba0b23aed20665fec	yeto-evidence-archive	/openspec/changes/rl-engine-ports/evidence/2026-09-29-eq62-v2/legacy-s17/work/seed-17/yeto-federated-m2/island-0/worker.json
openspec/changes/rl-engine-ports/evidence/2026-09-29-eq62-v2/legacy-s17/work/seed-17/yeto-federated-m2/island-1/audit/round-00000001.json	48718	f6d35adccc0b899a100d1aebf7033e8eca9760add825d824c671610aa039d299	yeto-evidence-archive	/openspec/changes/rl-engine-ports/evidence/2026-09-29-eq62-v2/legacy-s17/work/seed-17/yeto-federated-m2/island-1/audit/round-00000001.json
openspec/changes/rl-engine-ports/evidence/2026-09-29-eq62-v2/legacy-s17/work/seed-17/yeto-federated-m2/island-1/audit/round-00000002.json	48718	61511b4f2ef77d62d36b20097bd0f2ce642cdab20dacc0b13a5229fb098e672b	yeto-evidence-archive	/openspec/changes/rl-engine-ports/evidence/2026-09-29-eq62-v2/legacy-s17/work/seed-17/yeto-federated-m2/island-1/audit/round-00000002.json
openspec/changes/rl-engine-ports/evidence/2026-09-29-eq62-v2/legacy-s17/work/seed-17/yeto-federated-m2/island-1/audit/round-00000003.json	48718	64e2f4c73b7b892bd943998960e31749d8b9976293605b12d323cf15d6aee5da	yeto-evidence-archive	/openspec/changes/rl-engine-ports/evidence/2026-09-29-eq62-v2/legacy-s17/work/seed-17/yeto-federated-m2/island-1/audit/round-00000003.json
openspec/changes/rl-engine-ports/evidence/2026-09-29-eq62-v2/legacy-s17/work/seed-17/yeto-federated-m2/island-1/events.jsonl	7672	518a100a3c754982326addbe4c5f8899f4dea05d3085f3527bbe9de4815c6786	yeto-evidence-archive	/openspec/changes/rl-engine-ports/evidence/2026-09-29-eq62-v2/legacy-s17/work/seed-17/yeto-federated-m2/island-1/events.jsonl
openspec/changes/rl-engine-ports/evidence/2026-09-29-eq62-v2/legacy-s17/work/seed-17/yeto-federated-m2/island-1/miles.log	54806	e121a5255d555af97cde894e3803d65e53851acb9eeace10bec7f7cee962b758	yeto-evidence-archive	/openspec/changes/rl-engine-ports/evidence/2026-09-29-eq62-v2/legacy-s17/work/seed-17/yeto-federated-m2/island-1/miles.log
openspec/changes/rl-engine-ports/evidence/2026-09-29-eq62-v2/legacy-s17/work/seed-17/yeto-federated-m2/island-1/worker.json	2138	25a7fdfb1cc6029df2c92c943a7236a6641e21872392075a98edde0dd5ee7bdf	yeto-evidence-archive	/openspec/changes/rl-engine-ports/evidence/2026-09-29-eq62-v2/legacy-s17/work/seed-17/yeto-federated-m2/island-1/worker.json
openspec/changes/rl-engine-ports/evidence/2026-09-29-eq62-v2/legacy-s17/work/seed-17/yeto-federated-m2/rollouts/dashboard_columns/rollout_0.parquet	31029	7f9280bd2e27a1b5c0b301cc6a8f70f870aaf2b0dfa2d938ccdc8aac70e27489	yeto-evidence-archive	/openspec/changes/rl-engine-ports/evidence/2026-09-29-eq62-v2/legacy-s17/work/seed-17/yeto-federated-m2/rollouts/dashboard_columns/rollout_0.parquet
openspec/changes/rl-engine-ports/evidence/2026-09-29-eq62-v2/legacy-s17/work/seed-17/yeto-federated-m2/rollouts/dashboard_columns/rollout_1.parquet	56182	a3e691810b53df98b964e35efc008d8afb466af7fd9994743a518c6647c2d9b6	yeto-evidence-archive	/openspec/changes/rl-engine-ports/evidence/2026-09-29-eq62-v2/legacy-s17/work/seed-17/yeto-federated-m2/rollouts/dashboard_columns/rollout_1.parquet
openspec/changes/rl-engine-ports/evidence/2026-09-29-eq62-v2/legacy-s17/work/seed-17/yeto-federated-m2/rollouts/dashboard_columns/rollout_2.parquet	47226	e4a0ff3a86c39eebafa7007e8aa95a3a75b93f21cd18994753285fb433d6a39f	yeto-evidence-archive	/openspec/changes/rl-engine-ports/evidence/2026-09-29-eq62-v2/legacy-s17/work/seed-17/yeto-federated-m2/rollouts/dashboard_columns/rollout_2.parquet
openspec/changes/rl-engine-ports/evidence/2026-09-29-eq62-v2/legacy-s17/work/seed-17/yeto-federated-m2/syncer.jsonl	3066	a45a17260f3bcbfe42986ca9ef21fbe1ffbeee90564d1345e1a70fd3da1c90cb	yeto-evidence-archive	/openspec/changes/rl-engine-ports/evidence/2026-09-29-eq62-v2/legacy-s17/work/seed-17/yeto-federated-m2/syncer.jsonl
openspec/changes/rl-engine-ports/evidence/2026-09-29-eq62-v2/legacy-s17/work/seed-17/yeto-federated-m2/syncer.log	4082	0b95d2f0a3aba09697b77b2074b3ec33d9e3d4efaa200e640ee75f9961f8960a	yeto-evidence-archive	/openspec/changes/rl-engine-ports/evidence/2026-09-29-eq62-v2/legacy-s17/work/seed-17/yeto-federated-m2/syncer.log
openspec/changes/rl-engine-ports/evidence/2026-09-29-eq62-v2/ports-s17/launch.log	4993	6f0bb0277fcbd4db028290834c25effb1f54067f2eed3c22ce6d3c9dff7ee3f6	yeto-evidence-archive	/openspec/changes/rl-engine-ports/evidence/2026-09-29-eq62-v2/ports-s17/launch.log
openspec/changes/rl-engine-ports/evidence/2026-09-29-eq62-v2/ports-s17/nvidia-smi.txt	2057	a95d80e6ad63d3e721a2ffa5effdfef59273a17fbb651b5ca4c2e62dfa8fc9ec	yeto-evidence-archive	/openspec/changes/rl-engine-ports/evidence/2026-09-29-eq62-v2/ports-s17/nvidia-smi.txt
openspec/changes/rl-engine-ports/evidence/2026-09-29-eq62-v2/ports-s17/rc	2	9a271f2a916b0b6ee6cecb2426f0b3206ef074578be55d9bc94f6f3fe3ab86aa	yeto-evidence-archive	/openspec/changes/rl-engine-ports/evidence/2026-09-29-eq62-v2/ports-s17/rc
openspec/changes/rl-engine-ports/evidence/2026-09-29-eq62-v2/ports-s17/report/results.jsonl	1613	ff95ccb6fd573b055a65c6c17e6ccd6ec172ac3e3b89a775b852c53d02ca88cb	yeto-evidence-archive	/openspec/changes/rl-engine-ports/evidence/2026-09-29-eq62-v2/ports-s17/report/results.jsonl
openspec/changes/rl-engine-ports/evidence/2026-09-29-eq62-v2/ports-s17/t_end	11	4c7a60ff1498e56be09343b7fc031535d03ba9b18121e974137c04f1efe5ddc8	yeto-evidence-archive	/openspec/changes/rl-engine-ports/evidence/2026-09-29-eq62-v2/ports-s17/t_end
openspec/changes/rl-engine-ports/evidence/2026-09-29-eq62-v2/ports-s17/t_start	11	2767d39b79a1ca81743b37cb353aac957d5d8c75c4760e27db2472ce8714023f	yeto-evidence-archive	/openspec/changes/rl-engine-ports/evidence/2026-09-29-eq62-v2/ports-s17/t_start
openspec/changes/rl-engine-ports/evidence/2026-09-29-eq62-v2/ports-s17/work/data/m2/combined.jsonl	9168	5826325caca400c4035aa2d26439efe44dbfc0b706b219427072b7b3f00a89e2	yeto-evidence-archive	/openspec/changes/rl-engine-ports/evidence/2026-09-29-eq62-v2/ports-s17/work/data/m2/combined.jsonl
openspec/changes/rl-engine-ports/evidence/2026-09-29-eq62-v2/ports-s17/work/data/m2/eval.jsonl	2922	e541ae1af20b3bf4c148ea4fcf1e9c23723657e8e4d956e1b4c71590db5af82b	yeto-evidence-archive	/openspec/changes/rl-engine-ports/evidence/2026-09-29-eq62-v2/ports-s17/work/data/m2/eval.jsonl
openspec/changes/rl-engine-ports/evidence/2026-09-29-eq62-v2/ports-s17/work/data/m2/island-0.jsonl	4757	b584b9ad933f18211a231ef016ffb9f3648f6f46ac7f95e5c8ca7f6622f43d80	yeto-evidence-archive	/openspec/changes/rl-engine-ports/evidence/2026-09-29-eq62-v2/ports-s17/work/data/m2/island-0.jsonl
openspec/changes/rl-engine-ports/evidence/2026-09-29-eq62-v2/ports-s17/work/data/m2/island-1.jsonl	4411	cc6ee21811a7ae98cd0e0396665a1f71cd7516ee84e8a63693f8e97d0fd0bd3f	yeto-evidence-archive	/openspec/changes/rl-engine-ports/evidence/2026-09-29-eq62-v2/ports-s17/work/data/m2/island-1.jsonl
openspec/changes/rl-engine-ports/evidence/2026-09-29-eq62-v2/ports-s17/work/seed-17/yeto-federated-m2/adapter/adapter_config.json	1083	e2ce57d2e64b1a50695c9439e4802cb129fe1f0648a42955f63cc7862309d228	yeto-evidence-archive	/openspec/changes/rl-engine-ports/evidence/2026-09-29-eq62-v2/ports-s17/work/seed-17/yeto-federated-m2/adapter/adapter_config.json
openspec/changes/rl-engine-ports/evidence/2026-09-29-eq62-v2/ports-s17/work/seed-17/yeto-federated-m2/adapter/yeto_rl_provenance.json	130	408a7a9173ad9f7d00d025ae4e7cfa6db24fa68435b263ee221f26fff78f1750	yeto-evidence-archive	/openspec/changes/rl-engine-ports/evidence/2026-09-29-eq62-v2/ports-s17/work/seed-17/yeto-federated-m2/adapter/yeto_rl_provenance.json
openspec/changes/rl-engine-ports/evidence/2026-09-29-eq62-v2/ports-s17/work/seed-17/yeto-federated-m2/eval-samples.jsonl	6751	585107bc825425ba721e97fabf579ad6e77aa13ed587e9b4e768a14ec58b41d0	yeto-evidence-archive	/openspec/changes/rl-engine-ports/evidence/2026-09-29-eq62-v2/ports-s17/work/seed-17/yeto-federated-m2/eval-samples.jsonl
openspec/changes/rl-engine-ports/evidence/2026-09-29-eq62-v2/ports-s17/work/seed-17/yeto-federated-m2/eval-worker.json	1271	b28a9f9e7a8114f9a6c79eba9da4e2935a726cc5210e6be3dfac997f61f592e6	yeto-evidence-archive	/openspec/changes/rl-engine-ports/evidence/2026-09-29-eq62-v2/ports-s17/work/seed-17/yeto-federated-m2/eval-worker.json
openspec/changes/rl-engine-ports/evidence/2026-09-29-eq62-v2/ports-s17/work/seed-17/yeto-federated-m2/eval.json	212	12ae07bf96ce611cb585095087890526e6ec357a8d82054997bd7c05c86794e0	yeto-evidence-archive	/openspec/changes/rl-engine-ports/evidence/2026-09-29-eq62-v2/ports-s17/work/seed-17/yeto-federated-m2/eval.json
openspec/changes/rl-engine-ports/evidence/2026-09-29-eq62-v2/ports-s17/work/seed-17/yeto-federated-m2/eval.log	226	321266c29f1bff3625f779fa57bb435e8abfa3c55937ee43df409d4e60a1d206	yeto-evidence-archive	/openspec/changes/rl-engine-ports/evidence/2026-09-29-eq62-v2/ports-s17/work/seed-17/yeto-federated-m2/eval.log
openspec/changes/rl-engine-ports/evidence/2026-09-29-eq62-v2/ports-s17/work/seed-17/yeto-federated-m2/island-0/audit/round-00000001.json	48718	58a99b2fab832eb9605569c787e0a3ff5fd276fbc64cb434cad6812e0bde1aa6	yeto-evidence-archive	/openspec/changes/rl-engine-ports/evidence/2026-09-29-eq62-v2/ports-s17/work/seed-17/yeto-federated-m2/island-0/audit/round-00000001.json
openspec/changes/rl-engine-ports/evidence/2026-09-29-eq62-v2/ports-s17/work/seed-17/yeto-federated-m2/island-0/audit/round-00000002.json	48718	b8d01dfb9f8926eec327a866a127b24d626557f3d4c4fcd56fa9693c3685975e	yeto-evidence-archive	/openspec/changes/rl-engine-ports/evidence/2026-09-29-eq62-v2/ports-s17/work/seed-17/yeto-federated-m2/island-0/audit/round-00000002.json
openspec/changes/rl-engine-ports/evidence/2026-09-29-eq62-v2/ports-s17/work/seed-17/yeto-federated-m2/island-0/audit/round-00000003.json	48718	019884ba9b38cb17042b481cd7c3c9c891bf1efbfaa96e2432d09f7dc0f89595	yeto-evidence-archive	/openspec/changes/rl-engine-ports/evidence/2026-09-29-eq62-v2/ports-s17/work/seed-17/yeto-federated-m2/island-0/audit/round-00000003.json
openspec/changes/rl-engine-ports/evidence/2026-09-29-eq62-v2/ports-s17/work/seed-17/yeto-federated-m2/island-0/miles.log	68424	10bbfd08c46c5ec7e9edd38eb8c5f014602e499daf76f5a44f8d65052b562668	yeto-evidence-archive	/openspec/changes/rl-engine-ports/evidence/2026-09-29-eq62-v2/ports-s17/work/seed-17/yeto-federated-m2/island-0/miles.log
openspec/changes/rl-engine-ports/evidence/2026-09-29-eq62-v2/ports-s17/work/seed-17/yeto-federated-m2/island-0/worker.json	2043	35989d08657f2b816a5621f99dc17b0d27124dc7512f0c6b16faf64038688809	yeto-evidence-archive	/openspec/changes/rl-engine-ports/evidence/2026-09-29-eq62-v2/ports-s17/work/seed-17/yeto-federated-m2/island-0/worker.json
openspec/changes/rl-engine-ports/evidence/2026-09-29-eq62-v2/ports-s17/work/seed-17/yeto-federated-m2/island-1/audit/round-00000001.json	48718	4d440e3705684448cf9fbfe753f847e19511d17947e843e045e659c1e6eab3cd	yeto-evidence-archive	/openspec/changes/rl-engine-ports/evidence/2026-09-29-eq62-v2/ports-s17/work/seed-17/yeto-federated-m2/island-1/audit/round-00000001.json
openspec/changes/rl-engine-ports/evidence/2026-09-29-eq62-v2/ports-s17/work/seed-17/yeto-federated-m2/island-1/audit/round-00000002.json	48718	e3e3beb041ad74bf93c9cf431cf4440467baa095727446e940083b9a895324ae	yeto-evidence-archive	/openspec/changes/rl-engine-ports/evidence/2026-09-29-eq62-v2/ports-s17/work/seed-17/yeto-federated-m2/island-1/audit/round-00000002.json
openspec/changes/rl-engine-ports/evidence/2026-09-29-eq62-v2/ports-s17/work/seed-17/yeto-federated-m2/island-1/audit/round-00000003.json	48718	e21ece852a1e01046f60895b5a8dec5b7187ebb17f75dcccea0c4fe542d5bf2c	yeto-evidence-archive	/openspec/changes/rl-engine-ports/evidence/2026-09-29-eq62-v2/ports-s17/work/seed-17/yeto-federated-m2/island-1/audit/round-00000003.json
openspec/changes/rl-engine-ports/evidence/2026-09-29-eq62-v2/ports-s17/work/seed-17/yeto-federated-m2/island-1/events.jsonl	10923	ac7460b1da9800f2e0b3d9e0da15fa8c876180f09e248e402496477a37e35d7b	yeto-evidence-archive	/openspec/changes/rl-engine-ports/evidence/2026-09-29-eq62-v2/ports-s17/work/seed-17/yeto-federated-m2/island-1/events.jsonl
openspec/changes/rl-engine-ports/evidence/2026-09-29-eq62-v2/ports-s17/work/seed-17/yeto-federated-m2/island-1/miles.log	68020	8d9afd81be2d7009832dcc35d01303872fa8e2885287c9a95e1c174ea5be4928	yeto-evidence-archive	/openspec/changes/rl-engine-ports/evidence/2026-09-29-eq62-v2/ports-s17/work/seed-17/yeto-federated-m2/island-1/miles.log
openspec/changes/rl-engine-ports/evidence/2026-09-29-eq62-v2/ports-s17/work/seed-17/yeto-federated-m2/island-1/worker.json	2043	b3afe757e0bc0e98c05cf315ffc8b9556961a6160088664d4fbf7afb099c8e1d	yeto-evidence-archive	/openspec/changes/rl-engine-ports/evidence/2026-09-29-eq62-v2/ports-s17/work/seed-17/yeto-federated-m2/island-1/worker.json
openspec/changes/rl-engine-ports/evidence/2026-09-29-eq62-v2/ports-s17/work/seed-17/yeto-federated-m2/rollouts/island-0/dashboard_columns/rollout_0.parquet	31027	9d5057261683f9a537831201af156b47a232903cc7cbe1504546257ccb117b44	yeto-evidence-archive	/openspec/changes/rl-engine-ports/evidence/2026-09-29-eq62-v2/ports-s17/work/seed-17/yeto-federated-m2/rollouts/island-0/dashboard_columns/rollout_0.parquet
openspec/changes/rl-engine-ports/evidence/2026-09-29-eq62-v2/ports-s17/work/seed-17/yeto-federated-m2/rollouts/island-0/dashboard_columns/rollout_1.parquet	56197	b22ca800f32c2c40c24e47c411121ab735767585aa28e3bba8cc43e03107020d	yeto-evidence-archive	/openspec/changes/rl-engine-ports/evidence/2026-09-29-eq62-v2/ports-s17/work/seed-17/yeto-federated-m2/rollouts/island-0/dashboard_columns/rollout_1.parquet
openspec/changes/rl-engine-ports/evidence/2026-09-29-eq62-v2/ports-s17/work/seed-17/yeto-federated-m2/rollouts/island-0/dashboard_columns/rollout_2.parquet	47954	6530a3e107f3054e5491035aadee330b3050bd88567a4d907c917fa149c845cd	yeto-evidence-archive	/openspec/changes/rl-engine-ports/evidence/2026-09-29-eq62-v2/ports-s17/work/seed-17/yeto-federated-m2/rollouts/island-0/dashboard_columns/rollout_2.parquet
openspec/changes/rl-engine-ports/evidence/2026-09-29-eq62-v2/ports-s17/work/seed-17/yeto-federated-m2/rollouts/island-1/dashboard_columns/rollout_0.parquet	36468	713ab02162b9a4c590158301aba82c4d74c5392b132094d225f9d5386a803876	yeto-evidence-archive	/openspec/changes/rl-engine-ports/evidence/2026-09-29-eq62-v2/ports-s17/work/seed-17/yeto-federated-m2/rollouts/island-1/dashboard_columns/rollout_0.parquet
openspec/changes/rl-engine-ports/evidence/2026-09-29-eq62-v2/ports-s17/work/seed-17/yeto-federated-m2/rollouts/island-1/dashboard_columns/rollout_1.parquet	43553	5dcef80a3bec4f06ef003414d56c1ac3425fc1e93c26453f65f29fc2c7bea2d9	yeto-evidence-archive	/openspec/changes/rl-engine-ports/evidence/2026-09-29-eq62-v2/ports-s17/work/seed-17/yeto-federated-m2/rollouts/island-1/dashboard_columns/rollout_1.parquet
openspec/changes/rl-engine-ports/evidence/2026-09-29-eq62-v2/ports-s17/work/seed-17/yeto-federated-m2/rollouts/island-1/dashboard_columns/rollout_2.parquet	45348	766c02c4cce74a55bc11cb1e210c75d9eaf5a40d2dc46aeb790451e36a52b886	yeto-evidence-archive	/openspec/changes/rl-engine-ports/evidence/2026-09-29-eq62-v2/ports-s17/work/seed-17/yeto-federated-m2/rollouts/island-1/dashboard_columns/rollout_2.parquet
openspec/changes/rl-engine-ports/evidence/2026-09-29-eq62-v2/ports-s17/work/seed-17/yeto-federated-m2/syncer.jsonl	3078	7147b0152374840145a8f1e6add8f22afbdf4c385b16b2bcef7046af992e18a2	yeto-evidence-archive	/openspec/changes/rl-engine-ports/evidence/2026-09-29-eq62-v2/ports-s17/work/seed-17/yeto-federated-m2/syncer.jsonl
openspec/changes/rl-engine-ports/evidence/2026-09-29-eq62-v2/ports-s17/work/seed-17/yeto-federated-m2/syncer.log	4087	1ad94bb900f6cdcbfdb84edf28842a9cfee2738aac84fd962ed230f7c2e4c38d	yeto-evidence-archive	/openspec/changes/rl-engine-ports/evidence/2026-09-29-eq62-v2/ports-s17/work/seed-17/yeto-federated-m2/syncer.log
openspec/changes/rl-engine-ports/evidence/2026-09-29-eq62-v2/report.json	59929	42e63e59875754936b085f582f7e1402f7a4843ec39eb65e7a87e3033e5188c7	yeto-evidence-archive	/openspec/changes/rl-engine-ports/evidence/2026-09-29-eq62-v2/report.json
openspec/changes/rl-engine-ports/evidence/2026-09-29-eq62-v2/sbx.py	4129	32b458b632cb27ce06420fc8a8efc793f96ea7674c04a30c1181e698b02f0943	yeto-evidence-archive	/openspec/changes/rl-engine-ports/evidence/2026-09-29-eq62-v2/sbx.py
openspec/changes/rl-engine-ports/evidence/2026-09-29-eq62-v2/tf-legacy/launch.log	4483	bf320fa03fa38fba0584a177641d2f2b397c743c1eade976622c19da7ff2b433	yeto-evidence-archive	/openspec/changes/rl-engine-ports/evidence/2026-09-29-eq62-v2/tf-legacy/launch.log
openspec/changes/rl-engine-ports/evidence/2026-09-29-eq62-v2/tf-legacy/nvidia-smi.txt	2057	00ef6fda372d5f88c904a1dc5e7078a6fc319b6f4ec5c4a63ab7e0728c89828c	yeto-evidence-archive	/openspec/changes/rl-engine-ports/evidence/2026-09-29-eq62-v2/tf-legacy/nvidia-smi.txt
openspec/changes/rl-engine-ports/evidence/2026-09-29-eq62-v2/tf-legacy/rc	2	9a271f2a916b0b6ee6cecb2426f0b3206ef074578be55d9bc94f6f3fe3ab86aa	yeto-evidence-archive	/openspec/changes/rl-engine-ports/evidence/2026-09-29-eq62-v2/tf-legacy/rc
openspec/changes/rl-engine-ports/evidence/2026-09-29-eq62-v2/tf-legacy/report/results.jsonl	1603	bd3c383df2f927c0f0f401b0fc3fc2666175ec522a11305bc894472fafa56188	yeto-evidence-archive	/openspec/changes/rl-engine-ports/evidence/2026-09-29-eq62-v2/tf-legacy/report/results.jsonl
openspec/changes/rl-engine-ports/evidence/2026-09-29-eq62-v2/tf-legacy/t_end	11	03e088099f72b81b9d1aefbf3dc7c047c41be9aff73658e02f5c2a655c62fa07	yeto-evidence-archive	/openspec/changes/rl-engine-ports/evidence/2026-09-29-eq62-v2/tf-legacy/t_end
openspec/changes/rl-engine-ports/evidence/2026-09-29-eq62-v2/tf-legacy/t_start	11	2696d4f409f4d08101f5f7cba95af926109c839f865332e0e1d98061a9e206a8	yeto-evidence-archive	/openspec/changes/rl-engine-ports/evidence/2026-09-29-eq62-v2/tf-legacy/t_start
openspec/changes/rl-engine-ports/evidence/2026-09-29-eq62-v2/tf-legacy/work/data/m2/combined.jsonl	2893	9b7f5fd3914cb37dd09d2b5df673310287fe11843a9778c0e49bc63b6806b1af	yeto-evidence-archive	/openspec/changes/rl-engine-ports/evidence/2026-09-29-eq62-v2/tf-legacy/work/data/m2/combined.jsonl
openspec/changes/rl-engine-ports/evidence/2026-09-29-eq62-v2/tf-legacy/work/data/m2/eval.jsonl	2922	e541ae1af20b3bf4c148ea4fcf1e9c23723657e8e4d956e1b4c71590db5af82b	yeto-evidence-archive	/openspec/changes/rl-engine-ports/evidence/2026-09-29-eq62-v2/tf-legacy/work/data/m2/eval.jsonl
openspec/changes/rl-engine-ports/evidence/2026-09-29-eq62-v2/tf-legacy/work/data/m2/island-0.jsonl	1298	889b58049c013372b7960f9f8318f54281d402dda4a1f53731c1d0c4f0ae3c04	yeto-evidence-archive	/openspec/changes/rl-engine-ports/evidence/2026-09-29-eq62-v2/tf-legacy/work/data/m2/island-0.jsonl
openspec/changes/rl-engine-ports/evidence/2026-09-29-eq62-v2/tf-legacy/work/data/m2/island-1.jsonl	1595	5abcb9b02ab7fc743789708a446aa06110fd45adce9b63825e4ebfa6ff3ef0a3	yeto-evidence-archive	/openspec/changes/rl-engine-ports/evidence/2026-09-29-eq62-v2/tf-legacy/work/data/m2/island-1.jsonl
openspec/changes/rl-engine-ports/evidence/2026-09-29-eq62-v2/tf-legacy/work/seed-17/yeto-federated-m2/adapter/adapter_config.json	1185	57d70129594490acd4dd66354eb3b148f02fd229bab8c451b22799c97afa9844	yeto-evidence-archive	/openspec/changes/rl-engine-ports/evidence/2026-09-29-eq62-v2/tf-legacy/work/seed-17/yeto-federated-m2/adapter/adapter_config.json
openspec/changes/rl-engine-ports/evidence/2026-09-29-eq62-v2/tf-legacy/work/seed-17/yeto-federated-m2/eval-samples.jsonl	6242	91fbb94677905c9a6a7080e8f6a32549c5b411f5dc7f64e6f14236bfe1881cdf	yeto-evidence-archive	/openspec/changes/rl-engine-ports/evidence/2026-09-29-eq62-v2/tf-legacy/work/seed-17/yeto-federated-m2/eval-samples.jsonl
openspec/changes/rl-engine-ports/evidence/2026-09-29-eq62-v2/tf-legacy/work/seed-17/yeto-federated-m2/eval-worker.json	1273	35294ed1c7de21c989d1d2b453760cfcb6c302536c318909bd31d899fc9fd606	yeto-evidence-archive	/openspec/changes/rl-engine-ports/evidence/2026-09-29-eq62-v2/tf-legacy/work/seed-17/yeto-federated-m2/eval-worker.json
openspec/changes/rl-engine-ports/evidence/2026-09-29-eq62-v2/tf-legacy/work/seed-17/yeto-federated-m2/eval.json	217	6875b608ef02518a463056971a75c979e4660a0d804259de9f96e16e47db3272	yeto-evidence-archive	/openspec/changes/rl-engine-ports/evidence/2026-09-29-eq62-v2/tf-legacy/work/seed-17/yeto-federated-m2/eval.json
openspec/changes/rl-engine-ports/evidence/2026-09-29-eq62-v2/tf-legacy/work/seed-17/yeto-federated-m2/eval.log	1096	c2103cdef7e378a3e9248a9ae4b6fe3c91906c4fce2eacaf0388273d62d560ac	yeto-evidence-archive	/openspec/changes/rl-engine-ports/evidence/2026-09-29-eq62-v2/tf-legacy/work/seed-17/yeto-federated-m2/eval.log
openspec/changes/rl-engine-ports/evidence/2026-09-29-eq62-v2/tf-legacy/work/seed-17/yeto-federated-m2/island-0/audit/round-00000001.grad.json	63999	acde0a4243d075d353ddee03451109119148dddb669eae72d71cbdb921bbe41b	yeto-evidence-archive	/openspec/changes/rl-engine-ports/evidence/2026-09-29-eq62-v2/tf-legacy/work/seed-17/yeto-federated-m2/island-0/audit/round-00000001.grad.json
openspec/changes/rl-engine-ports/evidence/2026-09-29-eq62-v2/tf-legacy/work/seed-17/yeto-federated-m2/island-0/audit/round-00000001.json	48718	eaa0e1bdc53a12d0fc9b96de988123f7b72e59dbb331c00fc0a4b5247ad111e0	yeto-evidence-archive	/openspec/changes/rl-engine-ports/evidence/2026-09-29-eq62-v2/tf-legacy/work/seed-17/yeto-federated-m2/island-0/audit/round-00000001.json
openspec/changes/rl-engine-ports/evidence/2026-09-29-eq62-v2/tf-legacy/work/seed-17/yeto-federated-m2/island-0/miles.log	82222	1ddc70d3c8fa7a0ae57a07355b2eca10df8ffeb14da2dc87e486bb6e87d6b1f2	yeto-evidence-archive	/openspec/changes/rl-engine-ports/evidence/2026-09-29-eq62-v2/tf-legacy/work/seed-17/yeto-federated-m2/island-0/miles.log
openspec/changes/rl-engine-ports/evidence/2026-09-29-eq62-v2/tf-legacy/work/seed-17/yeto-federated-m2/island-0/worker.json	2170	cd29c9e6c5fb074213adb6811da8dba752656f6bf6ca784a34c0d30386642b76	yeto-evidence-archive	/openspec/changes/rl-engine-ports/evidence/2026-09-29-eq62-v2/tf-legacy/work/seed-17/yeto-federated-m2/island-0/worker.json
openspec/changes/rl-engine-ports/evidence/2026-09-29-eq62-v2/tf-legacy/work/seed-17/yeto-federated-m2/island-1/audit/round-00000001.grad.json	63999	4ddb9b097478e4e3e7312af408b5a804776539513636ba165724fa649f960b15	yeto-evidence-archive	/openspec/changes/rl-engine-ports/evidence/2026-09-29-eq62-v2/tf-legacy/work/seed-17/yeto-federated-m2/island-1/audit/round-00000001.grad.json
openspec/changes/rl-engine-ports/evidence/2026-09-29-eq62-v2/tf-legacy/work/seed-17/yeto-federated-m2/island-1/audit/round-00000001.json	48718	f6d35adccc0b899a100d1aebf7033e8eca9760add825d824c671610aa039d299	yeto-evidence-archive	/openspec/changes/rl-engine-ports/evidence/2026-09-29-eq62-v2/tf-legacy/work/seed-17/yeto-federated-m2/island-1/audit/round-00000001.json
openspec/changes/rl-engine-ports/evidence/2026-09-29-eq62-v2/tf-legacy/work/seed-17/yeto-federated-m2/island-1/events.jsonl	3096	39549540dc2dccad9bfe12fc3059f1097b376299ed4e2ffc4d4a01facc5916dc	yeto-evidence-archive	/openspec/changes/rl-engine-ports/evidence/2026-09-29-eq62-v2/tf-legacy/work/seed-17/yeto-federated-m2/island-1/events.jsonl
openspec/changes/rl-engine-ports/evidence/2026-09-29-eq62-v2/tf-legacy/work/seed-17/yeto-federated-m2/island-1/miles.log	82402	1f070d2ea8e22b2834e3e70a8f70397a8c5960cafb59a8b5369d4d79268c8c6e	yeto-evidence-archive	/openspec/changes/rl-engine-ports/evidence/2026-09-29-eq62-v2/tf-legacy/work/seed-17/yeto-federated-m2/island-1/miles.log
openspec/changes/rl-engine-ports/evidence/2026-09-29-eq62-v2/tf-legacy/work/seed-17/yeto-federated-m2/island-1/worker.json	2170	90b7b9227bb6a81fa9559bb6481d14113f2b75469436d899b070e6f8bcee3075	yeto-evidence-archive	/openspec/changes/rl-engine-ports/evidence/2026-09-29-eq62-v2/tf-legacy/work/seed-17/yeto-federated-m2/island-1/worker.json
openspec/changes/rl-engine-ports/evidence/2026-09-29-eq62-v2/tf-legacy/work/seed-17/yeto-federated-m2/rollouts/dashboard_columns/rollout_0.parquet	36481	1b9738f2db8028085d73e8af0b033bacac419597a2540989ada7a936f43661bd	yeto-evidence-archive	/openspec/changes/rl-engine-ports/evidence/2026-09-29-eq62-v2/tf-legacy/work/seed-17/yeto-federated-m2/rollouts/dashboard_columns/rollout_0.parquet
openspec/changes/rl-engine-ports/evidence/2026-09-29-eq62-v2/tf-legacy/work/seed-17/yeto-federated-m2/syncer.jsonl	1025	a3e73d8ff43dabeea105d565697f1264932f429852b933b68a64a42fc9afe7c5	yeto-evidence-archive	/openspec/changes/rl-engine-ports/evidence/2026-09-29-eq62-v2/tf-legacy/work/seed-17/yeto-federated-m2/syncer.jsonl
openspec/changes/rl-engine-ports/evidence/2026-09-29-eq62-v2/tf-legacy/work/seed-17/yeto-federated-m2/syncer.log	3142	8d616de0d3d0cbc5f6c27480cf78647b64b6d08ba58bddfb641e453bed648b5e	yeto-evidence-archive	/openspec/changes/rl-engine-ports/evidence/2026-09-29-eq62-v2/tf-legacy/work/seed-17/yeto-federated-m2/syncer.log
openspec/changes/rl-engine-ports/evidence/2026-09-29-eq62-v2/tf-ports/launch.log	4630	467a40daaca624125031aaa50d7cf0e358ceab9d305f13f1cbe20bb490e4416d	yeto-evidence-archive	/openspec/changes/rl-engine-ports/evidence/2026-09-29-eq62-v2/tf-ports/launch.log
openspec/changes/rl-engine-ports/evidence/2026-09-29-eq62-v2/tf-ports/nvidia-smi.txt	2057	af579855a0e1634b07b64325eab5070a0e22181a7242fee573867c08a19d7fdc	yeto-evidence-archive	/openspec/changes/rl-engine-ports/evidence/2026-09-29-eq62-v2/tf-ports/nvidia-smi.txt
openspec/changes/rl-engine-ports/evidence/2026-09-29-eq62-v2/tf-ports/rc	2	9a271f2a916b0b6ee6cecb2426f0b3206ef074578be55d9bc94f6f3fe3ab86aa	yeto-evidence-archive	/openspec/changes/rl-engine-ports/evidence/2026-09-29-eq62-v2/tf-ports/rc
openspec/changes/rl-engine-ports/evidence/2026-09-29-eq62-v2/tf-ports/report/results.jsonl	1597	79dcb496b6e4d8d9ab9cc76b44b2d6d849414a6317f9c6fc609d21505ed4b506	yeto-evidence-archive	/openspec/changes/rl-engine-ports/evidence/2026-09-29-eq62-v2/tf-ports/report/results.jsonl
openspec/changes/rl-engine-ports/evidence/2026-09-29-eq62-v2/tf-ports/t_end	11	7e84eb3f42fe96852bee8048797e86799320cb287a2a50b9776a531865f0f634	yeto-evidence-archive	/openspec/changes/rl-engine-ports/evidence/2026-09-29-eq62-v2/tf-ports/t_end
openspec/changes/rl-engine-ports/evidence/2026-09-29-eq62-v2/tf-ports/t_start	11	04e14f842cf2f362f177dbaa6571d4d919ff31f7c7d540470395910935f8195e	yeto-evidence-archive	/openspec/changes/rl-engine-ports/evidence/2026-09-29-eq62-v2/tf-ports/t_start
openspec/changes/rl-engine-ports/evidence/2026-09-29-eq62-v2/tf-ports/work/data/m2/combined.jsonl	2893	9b7f5fd3914cb37dd09d2b5df673310287fe11843a9778c0e49bc63b6806b1af	yeto-evidence-archive	/openspec/changes/rl-engine-ports/evidence/2026-09-29-eq62-v2/tf-ports/work/data/m2/combined.jsonl
openspec/changes/rl-engine-ports/evidence/2026-09-29-eq62-v2/tf-ports/work/data/m2/eval.jsonl	2922	e541ae1af20b3bf4c148ea4fcf1e9c23723657e8e4d956e1b4c71590db5af82b	yeto-evidence-archive	/openspec/changes/rl-engine-ports/evidence/2026-09-29-eq62-v2/tf-ports/work/data/m2/eval.jsonl
openspec/changes/rl-engine-ports/evidence/2026-09-29-eq62-v2/tf-ports/work/data/m2/island-0.jsonl	1298	889b58049c013372b7960f9f8318f54281d402dda4a1f53731c1d0c4f0ae3c04	yeto-evidence-archive	/openspec/changes/rl-engine-ports/evidence/2026-09-29-eq62-v2/tf-ports/work/data/m2/island-0.jsonl
openspec/changes/rl-engine-ports/evidence/2026-09-29-eq62-v2/tf-ports/work/data/m2/island-1.jsonl	1595	5abcb9b02ab7fc743789708a446aa06110fd45adce9b63825e4ebfa6ff3ef0a3	yeto-evidence-archive	/openspec/changes/rl-engine-ports/evidence/2026-09-29-eq62-v2/tf-ports/work/data/m2/island-1.jsonl
openspec/changes/rl-engine-ports/evidence/2026-09-29-eq62-v2/tf-ports/work/seed-17/yeto-federated-m2/adapter/adapter_config.json	1083	e2ce57d2e64b1a50695c9439e4802cb129fe1f0648a42955f63cc7862309d228	yeto-evidence-archive	/openspec/changes/rl-engine-ports/evidence/2026-09-29-eq62-v2/tf-ports/work/seed-17/yeto-federated-m2/adapter/adapter_config.json
openspec/changes/rl-engine-ports/evidence/2026-09-29-eq62-v2/tf-ports/work/seed-17/yeto-federated-m2/adapter/yeto_rl_provenance.json	130	ec1955ed975c89d97772d1443df702bf7e2ea4a6cb63b5a38f89935ff37e286a	yeto-evidence-archive	/openspec/changes/rl-engine-ports/evidence/2026-09-29-eq62-v2/tf-ports/work/seed-17/yeto-federated-m2/adapter/yeto_rl_provenance.json
openspec/changes/rl-engine-ports/evidence/2026-09-29-eq62-v2/tf-ports/work/seed-17/yeto-federated-m2/eval-samples.jsonl	6277	fe878a7651501eafa73e1b1a1f242cb9f7d1c4cfba9acf6922fc120e9075067d	yeto-evidence-archive	/openspec/changes/rl-engine-ports/evidence/2026-09-29-eq62-v2/tf-ports/work/seed-17/yeto-federated-m2/eval-samples.jsonl
openspec/changes/rl-engine-ports/evidence/2026-09-29-eq62-v2/tf-ports/work/seed-17/yeto-federated-m2/eval-worker.json	1267	d1ece8abcbfba1ab75cae7ef3cdebad57c5e141b87d0e2039ad3f2f7c5a9b178	yeto-evidence-archive	/openspec/changes/rl-engine-ports/evidence/2026-09-29-eq62-v2/tf-ports/work/seed-17/yeto-federated-m2/eval-worker.json
openspec/changes/rl-engine-ports/evidence/2026-09-29-eq62-v2/tf-ports/work/seed-17/yeto-federated-m2/eval.json	217	0d1c111ec99426e71517a29fd0d1f412c7ed7047dc19340af6da83aa1d45bb83	yeto-evidence-archive	/openspec/changes/rl-engine-ports/evidence/2026-09-29-eq62-v2/tf-ports/work/seed-17/yeto-federated-m2/eval.json
openspec/changes/rl-engine-ports/evidence/2026-09-29-eq62-v2/tf-ports/work/seed-17/yeto-federated-m2/eval.log	226	52e89e68a56026d673726ea3c3764495c5dd1c84e73c280f7cad74c617505783	yeto-evidence-archive	/openspec/changes/rl-engine-ports/evidence/2026-09-29-eq62-v2/tf-ports/work/seed-17/yeto-federated-m2/eval.log
openspec/changes/rl-engine-ports/evidence/2026-09-29-eq62-v2/tf-ports/work/seed-17/yeto-federated-m2/island-0/audit/round-00000001.grad.json	64000	c18809b744b3574b9a1dae0632e6754e77aff7d665e8a1f280685e556134efe8	yeto-evidence-archive	/openspec/changes/rl-engine-ports/evidence/2026-09-29-eq62-v2/tf-ports/work/seed-17/yeto-federated-m2/island-0/audit/round-00000001.grad.json
openspec/changes/rl-engine-ports/evidence/2026-09-29-eq62-v2/tf-ports/work/seed-17/yeto-federated-m2/island-0/audit/round-00000001.json	48718	58a99b2fab832eb9605569c787e0a3ff5fd276fbc64cb434cad6812e0bde1aa6	yeto-evidence-archive	/openspec/changes/rl-engine-ports/evidence/2026-09-29-eq62-v2/tf-ports/work/seed-17/yeto-federated-m2/island-0/audit/round-00000001.json
openspec/changes/rl-engine-ports/evidence/2026-09-29-eq62-v2/tf-ports/work/seed-17/yeto-federated-m2/island-0/miles.log	74259	bbb8e1537a880d60fa0559a7d41e7fa2f5ff68c741471156a119bf7650646826	yeto-evidence-archive	/openspec/changes/rl-engine-ports/evidence/2026-09-29-eq62-v2/tf-ports/work/seed-17/yeto-federated-m2/island-0/miles.log
openspec/changes/rl-engine-ports/evidence/2026-09-29-eq62-v2/tf-ports/work/seed-17/yeto-federated-m2/island-0/worker.json	2075	658be98455c32533040eadd722118f03198429e1fe6585d6418d71fe400e5abc	yeto-evidence-archive	/openspec/changes/rl-engine-ports/evidence/2026-09-29-eq62-v2/tf-ports/work/seed-17/yeto-federated-m2/island-0/worker.json
openspec/changes/rl-engine-ports/evidence/2026-09-29-eq62-v2/tf-ports/work/seed-17/yeto-federated-m2/island-1/audit/round-00000001.grad.json	64000	270a2e646da0866587e262ed72f71c296af463d37322b6006d5f660b504bc5a5	yeto-evidence-archive	/openspec/changes/rl-engine-ports/evidence/2026-09-29-eq62-v2/tf-ports/work/seed-17/yeto-federated-m2/island-1/audit/round-00000001.grad.json
openspec/changes/rl-engine-ports/evidence/2026-09-29-eq62-v2/tf-ports/work/seed-17/yeto-federated-m2/island-1/audit/round-00000001.json	48718	4d440e3705684448cf9fbfe753f847e19511d17947e843e045e659c1e6eab3cd	yeto-evidence-archive	/openspec/changes/rl-engine-ports/evidence/2026-09-29-eq62-v2/tf-ports/work/seed-17/yeto-federated-m2/island-1/audit/round-00000001.json
openspec/changes/rl-engine-ports/evidence/2026-09-29-eq62-v2/tf-ports/work/seed-17/yeto-federated-m2/island-1/events.jsonl	4720	df24a6a68af4be395ee9121f56b873062524a228ca69da9510670ebdc0dc7a68	yeto-evidence-archive	/openspec/changes/rl-engine-ports/evidence/2026-09-29-eq62-v2/tf-ports/work/seed-17/yeto-federated-m2/island-1/events.jsonl
openspec/changes/rl-engine-ports/evidence/2026-09-29-eq62-v2/tf-ports/work/seed-17/yeto-federated-m2/island-1/miles.log	73856	e56dfe1db3d69d1daf7973580de871b2fd40381744a840cd0afd3d08a160ef19	yeto-evidence-archive	/openspec/changes/rl-engine-ports/evidence/2026-09-29-eq62-v2/tf-ports/work/seed-17/yeto-federated-m2/island-1/miles.log
openspec/changes/rl-engine-ports/evidence/2026-09-29-eq62-v2/tf-ports/work/seed-17/yeto-federated-m2/island-1/worker.json	2075	60bb3c715f98655de48e73be9924c3061aa1704f4433668923800abdddcb577a	yeto-evidence-archive	/openspec/changes/rl-engine-ports/evidence/2026-09-29-eq62-v2/tf-ports/work/seed-17/yeto-federated-m2/island-1/worker.json
openspec/changes/rl-engine-ports/evidence/2026-09-29-eq62-v2/tf-ports/work/seed-17/yeto-federated-m2/rollouts/island-0/dashboard_columns/rollout_0.parquet	31029	7f9280bd2e27a1b5c0b301cc6a8f70f870aaf2b0dfa2d938ccdc8aac70e27489	yeto-evidence-archive	/openspec/changes/rl-engine-ports/evidence/2026-09-29-eq62-v2/tf-ports/work/seed-17/yeto-federated-m2/rollouts/island-0/dashboard_columns/rollout_0.parquet
openspec/changes/rl-engine-ports/evidence/2026-09-29-eq62-v2/tf-ports/work/seed-17/yeto-federated-m2/rollouts/island-1/dashboard_columns/rollout_0.parquet	36481	1b9738f2db8028085d73e8af0b033bacac419597a2540989ada7a936f43661bd	yeto-evidence-archive	/openspec/changes/rl-engine-ports/evidence/2026-09-29-eq62-v2/tf-ports/work/seed-17/yeto-federated-m2/rollouts/island-1/dashboard_columns/rollout_0.parquet
openspec/changes/rl-engine-ports/evidence/2026-09-29-eq62-v2/tf-ports/work/seed-17/yeto-federated-m2/syncer.jsonl	1024	c5992507911de185f9260f212c711e72daff9c5b593988b5b000b648a1be2fb0	yeto-evidence-archive	/openspec/changes/rl-engine-ports/evidence/2026-09-29-eq62-v2/tf-ports/work/seed-17/yeto-federated-m2/syncer.jsonl
openspec/changes/rl-engine-ports/evidence/2026-09-29-eq62-v2/tf-ports/work/seed-17/yeto-federated-m2/syncer.log	3301	367f0d63c472cd583f53a77c2cb7eab04faa50ad0b2614a21585a7d1e784543a	yeto-evidence-archive	/openspec/changes/rl-engine-ports/evidence/2026-09-29-eq62-v2/tf-ports/work/seed-17/yeto-federated-m2/syncer.log
openspec/changes/rl-engine-ports/evidence/2026-09-29-eq62-v3/analyze-v3.log	2337	8fd9b93ae712e38714021a9a72e55e1387e02cdda5079ccfcbf107aa69e84740	yeto-evidence-archive	/openspec/changes/rl-engine-ports/evidence/2026-09-29-eq62-v3/analyze-v3.log
openspec/changes/rl-engine-ports/evidence/2026-09-29-eq62-v3/analyze-v3.sh	2200	f5998bb2d4e695cd3f033e0f4d256d400f5029fe6dce252cb0e9a896a826258b	yeto-evidence-archive	/openspec/changes/rl-engine-ports/evidence/2026-09-29-eq62-v3/analyze-v3.sh
openspec/changes/rl-engine-ports/evidence/2026-09-29-eq62-v3/replay/legacy-s17/work/seed-17/yeto-federated-m2/rollouts/island-1/0.pt	108681	c660105eb28008e5f9a206323acf7cf1fcea5e0b6e69eae4202cee22e56c5b36	yeto-evidence-archive	/openspec/changes/rl-engine-ports/evidence/2026-09-29-eq62-v3/replay/legacy-s17/work/seed-17/yeto-federated-m2/rollouts/island-1/0.pt
openspec/changes/rl-engine-ports/evidence/2026-09-29-eq62-v3/report.json	14543	514380927158873e03cd6e7e844febe1ae8ad96e644ad18d586825116a0855a1	yeto-evidence-archive	/openspec/changes/rl-engine-ports/evidence/2026-09-29-eq62-v3/report.json
openspec/changes/rl-engine-ports/evidence/2026-09-29-eq62/drive.sh	4368	402fcbc10b7cea2d39c65bb86f8c1c1af7fe3e9a6daf89ff1e9f6ac2eb66bcf1	yeto-evidence-archive	/openspec/changes/rl-engine-ports/evidence/2026-09-29-eq62/drive.sh
openspec/changes/rl-engine-ports/evidence/2026-09-29-eq62/env-legacy/sandbox-env.txt	12780	ecc7fb3a34774c484ab558fd7055a2814c693b657c83e21a1e2cc41888575958	yeto-evidence-archive	/openspec/changes/rl-engine-ports/evidence/2026-09-29-eq62/env-legacy/sandbox-env.txt
openspec/changes/rl-engine-ports/evidence/2026-09-29-eq62/env-ports/sandbox-env.txt	13135	0c9965f13b7b27833915fd84211a530d93717618a91c1cae819449de4825ca0e	yeto-evidence-archive	/openspec/changes/rl-engine-ports/evidence/2026-09-29-eq62/env-ports/sandbox-env.txt
openspec/changes/rl-engine-ports/evidence/2026-09-29-eq62/launch-args-legacy.txt	549	e961fcffabd745c7bb9a7c7d8813100806dd77f4403bf25f2045617412c6ff8c	yeto-evidence-archive	/openspec/changes/rl-engine-ports/evidence/2026-09-29-eq62/launch-args-legacy.txt
openspec/changes/rl-engine-ports/evidence/2026-09-29-eq62/launch-args-ports.txt	547	b93fe3ea327be5ec98eeb99edd4276a2a4a34bae592d52a072509c5df25e83f9	yeto-evidence-archive	/openspec/changes/rl-engine-ports/evidence/2026-09-29-eq62/launch-args-ports.txt
openspec/changes/rl-engine-ports/evidence/2026-09-29-eq62/legacy-s17/launch.log	4894	e1b6e6760fefd28232aedeb95f1d33814b740029464c992d50fa4fa0aa9e044a	yeto-evidence-archive	/openspec/changes/rl-engine-ports/evidence/2026-09-29-eq62/legacy-s17/launch.log
openspec/changes/rl-engine-ports/evidence/2026-09-29-eq62/legacy-s17/rc	2	9a271f2a916b0b6ee6cecb2426f0b3206ef074578be55d9bc94f6f3fe3ab86aa	yeto-evidence-archive	/openspec/changes/rl-engine-ports/evidence/2026-09-29-eq62/legacy-s17/rc
openspec/changes/rl-engine-ports/evidence/2026-09-29-eq62/legacy-s17/report/results.jsonl	1635	728c789df8cf336f1f23303dce23efdc56ae6289a7bfcb7fe5e0245a3e0c7014	yeto-evidence-archive	/openspec/changes/rl-engine-ports/evidence/2026-09-29-eq62/legacy-s17/report/results.jsonl
openspec/changes/rl-engine-ports/evidence/2026-09-29-eq62/legacy-s17/t_end	11	8889a35eaf640e42aecee87041e0e04355cd002c00f1d7edc6d66506591f113b	yeto-evidence-archive	/openspec/changes/rl-engine-ports/evidence/2026-09-29-eq62/legacy-s17/t_end
openspec/changes/rl-engine-ports/evidence/2026-09-29-eq62/legacy-s17/t_start	11	e7a4dbfd547bd2081032c9996094f43cdffdfc906794df547723f22790e93af8	yeto-evidence-archive	/openspec/changes/rl-engine-ports/evidence/2026-09-29-eq62/legacy-s17/t_start
openspec/changes/rl-engine-ports/evidence/2026-09-29-eq62/legacy-s17/work/data/m2/combined.jsonl	9168	5826325caca400c4035aa2d26439efe44dbfc0b706b219427072b7b3f00a89e2	yeto-evidence-archive	/openspec/changes/rl-engine-ports/evidence/2026-09-29-eq62/legacy-s17/work/data/m2/combined.jsonl
openspec/changes/rl-engine-ports/evidence/2026-09-29-eq62/legacy-s17/work/data/m2/eval.jsonl	2922	e541ae1af20b3bf4c148ea4fcf1e9c23723657e8e4d956e1b4c71590db5af82b	yeto-evidence-archive	/openspec/changes/rl-engine-ports/evidence/2026-09-29-eq62/legacy-s17/work/data/m2/eval.jsonl
openspec/changes/rl-engine-ports/evidence/2026-09-29-eq62/legacy-s17/work/data/m2/island-0.jsonl	4757	b584b9ad933f18211a231ef016ffb9f3648f6f46ac7f95e5c8ca7f6622f43d80	yeto-evidence-archive	/openspec/changes/rl-engine-ports/evidence/2026-09-29-eq62/legacy-s17/work/data/m2/island-0.jsonl
openspec/changes/rl-engine-ports/evidence/2026-09-29-eq62/legacy-s17/work/data/m2/island-1.jsonl	4411	cc6ee21811a7ae98cd0e0396665a1f71cd7516ee84e8a63693f8e97d0fd0bd3f	yeto-evidence-archive	/openspec/changes/rl-engine-ports/evidence/2026-09-29-eq62/legacy-s17/work/data/m2/island-1.jsonl
openspec/changes/rl-engine-ports/evidence/2026-09-29-eq62/legacy-s17/work/seed-17/yeto-federated-m2/adapter/adapter_config.json	1185	57d70129594490acd4dd66354eb3b148f02fd229bab8c451b22799c97afa9844	yeto-evidence-archive	/openspec/changes/rl-engine-ports/evidence/2026-09-29-eq62/legacy-s17/work/seed-17/yeto-federated-m2/adapter/adapter_config.json
openspec/changes/rl-engine-ports/evidence/2026-09-29-eq62/legacy-s17/work/seed-17/yeto-federated-m2/eval-samples.jsonl	6209	405603bb9650cd19e3e0d3f8f5cb1c4054154b8329f3c644ca70ebde418d63f0	yeto-evidence-archive	/openspec/changes/rl-engine-ports/evidence/2026-09-29-eq62/legacy-s17/work/seed-17/yeto-federated-m2/eval-samples.jsonl
openspec/changes/rl-engine-ports/evidence/2026-09-29-eq62/legacy-s17/work/seed-17/yeto-federated-m2/eval-worker.json	1277	982ad53aa44b83dbf6344117f16aa75e65024bbe4fc58089fb28e44d5210aa7e	yeto-evidence-archive	/openspec/changes/rl-engine-ports/evidence/2026-09-29-eq62/legacy-s17/work/seed-17/yeto-federated-m2/eval-worker.json
openspec/changes/rl-engine-ports/evidence/2026-09-29-eq62/legacy-s17/work/seed-17/yeto-federated-m2/eval.json	215	259171584f5e7b341f13714b24db0ff567d05128c65cc4530464e5995c9c6725	yeto-evidence-archive	/openspec/changes/rl-engine-ports/evidence/2026-09-29-eq62/legacy-s17/work/seed-17/yeto-federated-m2/eval.json
openspec/changes/rl-engine-ports/evidence/2026-09-29-eq62/legacy-s17/work/seed-17/yeto-federated-m2/eval.log	1096	7cdaf3980f24b6a999394a88cb85b144a28b06f3b7423c89c0748da00d039971	yeto-evidence-archive	/openspec/changes/rl-engine-ports/evidence/2026-09-29-eq62/legacy-s17/work/seed-17/yeto-federated-m2/eval.log
openspec/changes/rl-engine-ports/evidence/2026-09-29-eq62/legacy-s17/work/seed-17/yeto-federated-m2/island-0/miles.log	55289	e661e893b64a9169516b732bc92292840b84caa02971496329646700d638ff4a	yeto-evidence-archive	/openspec/changes/rl-engine-ports/evidence/2026-09-29-eq62/legacy-s17/work/seed-17/yeto-federated-m2/island-0/miles.log
openspec/changes/rl-engine-ports/evidence/2026-09-29-eq62/legacy-s17/work/seed-17/yeto-federated-m2/island-0/worker.json	2138	b5837247c56e1b249f548efa95806befde2696341fa5441be69a5256dcf4d743	yeto-evidence-archive	/openspec/changes/rl-engine-ports/evidence/2026-09-29-eq62/legacy-s17/work/seed-17/yeto-federated-m2/island-0/worker.json
openspec/changes/rl-engine-ports/evidence/2026-09-29-eq62/legacy-s17/work/seed-17/yeto-federated-m2/island-1/events.jsonl	7675	b5c8747ac6bc8faec72d09bcd140043c406ad13ac220451586cbcdbfe2004b30	yeto-evidence-archive	/openspec/changes/rl-engine-ports/evidence/2026-09-29-eq62/legacy-s17/work/seed-17/yeto-federated-m2/island-1/events.jsonl
openspec/changes/rl-engine-ports/evidence/2026-09-29-eq62/legacy-s17/work/seed-17/yeto-federated-m2/island-1/miles.log	54710	11c83bd2a9b3da964f19a4e7e913ad6bb6f23a3582ec9f36e334c316bc47b6ea	yeto-evidence-archive	/openspec/changes/rl-engine-ports/evidence/2026-09-29-eq62/legacy-s17/work/seed-17/yeto-federated-m2/island-1/miles.log
openspec/changes/rl-engine-ports/evidence/2026-09-29-eq62/legacy-s17/work/seed-17/yeto-federated-m2/island-1/worker.json	2138	ddbf342cad528165027f40fe85d5376100bc1a00f4da12a194d3ff270496f198	yeto-evidence-archive	/openspec/changes/rl-engine-ports/evidence/2026-09-29-eq62/legacy-s17/work/seed-17/yeto-federated-m2/island-1/worker.json
openspec/changes/rl-engine-ports/evidence/2026-09-29-eq62/legacy-s17/work/seed-17/yeto-federated-m2/rollouts/dashboard_columns/rollout_0.parquet	31029	7f9280bd2e27a1b5c0b301cc6a8f70f870aaf2b0dfa2d938ccdc8aac70e27489	yeto-evidence-archive	/openspec/changes/rl-engine-ports/evidence/2026-09-29-eq62/legacy-s17/work/seed-17/yeto-federated-m2/rollouts/dashboard_columns/rollout_0.parquet
openspec/changes/rl-engine-ports/evidence/2026-09-29-eq62/legacy-s17/work/seed-17/yeto-federated-m2/rollouts/dashboard_columns/rollout_1.parquet	56182	a3e691810b53df98b964e35efc008d8afb466af7fd9994743a518c6647c2d9b6	yeto-evidence-archive	/openspec/changes/rl-engine-ports/evidence/2026-09-29-eq62/legacy-s17/work/seed-17/yeto-federated-m2/rollouts/dashboard_columns/rollout_1.parquet
openspec/changes/rl-engine-ports/evidence/2026-09-29-eq62/legacy-s17/work/seed-17/yeto-federated-m2/rollouts/dashboard_columns/rollout_2.parquet	47226	e4a0ff3a86c39eebafa7007e8aa95a3a75b93f21cd18994753285fb433d6a39f	yeto-evidence-archive	/openspec/changes/rl-engine-ports/evidence/2026-09-29-eq62/legacy-s17/work/seed-17/yeto-federated-m2/rollouts/dashboard_columns/rollout_2.parquet
openspec/changes/rl-engine-ports/evidence/2026-09-29-eq62/legacy-s17/work/seed-17/yeto-federated-m2/syncer.jsonl	3083	dbb1b4e7aecb6ad92ef586f4c8c315688594f7ef54ba4ef5e0d6febfa8f14f97	yeto-evidence-archive	/openspec/changes/rl-engine-ports/evidence/2026-09-29-eq62/legacy-s17/work/seed-17/yeto-federated-m2/syncer.jsonl
openspec/changes/rl-engine-ports/evidence/2026-09-29-eq62/legacy-s17/work/seed-17/yeto-federated-m2/syncer.log	3929	e843a72e708642902cc639561c602ec000ecd29fff490ec6ba0f3fcc98f4ddf1	yeto-evidence-archive	/openspec/changes/rl-engine-ports/evidence/2026-09-29-eq62/legacy-s17/work/seed-17/yeto-federated-m2/syncer.log
openspec/changes/rl-engine-ports/evidence/2026-09-29-eq62/legacy-s18/launch.log	4625	a13670c3eac24fc9e81719d12df4d95b14ba7349e4fcf17af5b709507417ab02	yeto-evidence-archive	/openspec/changes/rl-engine-ports/evidence/2026-09-29-eq62/legacy-s18/launch.log
openspec/changes/rl-engine-ports/evidence/2026-09-29-eq62/legacy-s18/rc	2	9a271f2a916b0b6ee6cecb2426f0b3206ef074578be55d9bc94f6f3fe3ab86aa	yeto-evidence-archive	/openspec/changes/rl-engine-ports/evidence/2026-09-29-eq62/legacy-s18/rc
openspec/changes/rl-engine-ports/evidence/2026-09-29-eq62/legacy-s18/report/results.jsonl	1637	18d52330b76363bd179f501fc51cee38ccb382552c9ce0386bd3ffa81a44d28b	yeto-evidence-archive	/openspec/changes/rl-engine-ports/evidence/2026-09-29-eq62/legacy-s18/report/results.jsonl
openspec/changes/rl-engine-ports/evidence/2026-09-29-eq62/legacy-s18/t_end	11	bb90fc4883c13472e4acb055a8324a761cbb09d261ca93e6e070da623b4c0ef9	yeto-evidence-archive	/openspec/changes/rl-engine-ports/evidence/2026-09-29-eq62/legacy-s18/t_end
openspec/changes/rl-engine-ports/evidence/2026-09-29-eq62/legacy-s18/t_start	11	ff7ebb885b9aac58195847c23c98682ad03c1f3f83cd93b12e6bdbd0b7850379	yeto-evidence-archive	/openspec/changes/rl-engine-ports/evidence/2026-09-29-eq62/legacy-s18/t_start
openspec/changes/rl-engine-ports/evidence/2026-09-29-eq62/legacy-s18/work/data/m2/combined.jsonl	9168	5826325caca400c4035aa2d26439efe44dbfc0b706b219427072b7b3f00a89e2	yeto-evidence-archive	/openspec/changes/rl-engine-ports/evidence/2026-09-29-eq62/legacy-s18/work/data/m2/combined.jsonl
openspec/changes/rl-engine-ports/evidence/2026-09-29-eq62/legacy-s18/work/data/m2/eval.jsonl	2922	e541ae1af20b3bf4c148ea4fcf1e9c23723657e8e4d956e1b4c71590db5af82b	yeto-evidence-archive	/openspec/changes/rl-engine-ports/evidence/2026-09-29-eq62/legacy-s18/work/data/m2/eval.jsonl
openspec/changes/rl-engine-ports/evidence/2026-09-29-eq62/legacy-s18/work/data/m2/island-0.jsonl	4757	b584b9ad933f18211a231ef016ffb9f3648f6f46ac7f95e5c8ca7f6622f43d80	yeto-evidence-archive	/openspec/changes/rl-engine-ports/evidence/2026-09-29-eq62/legacy-s18/work/data/m2/island-0.jsonl
openspec/changes/rl-engine-ports/evidence/2026-09-29-eq62/legacy-s18/work/data/m2/island-1.jsonl	4411	cc6ee21811a7ae98cd0e0396665a1f71cd7516ee84e8a63693f8e97d0fd0bd3f	yeto-evidence-archive	/openspec/changes/rl-engine-ports/evidence/2026-09-29-eq62/legacy-s18/work/data/m2/island-1.jsonl
openspec/changes/rl-engine-ports/evidence/2026-09-29-eq62/legacy-s18/work/seed-18/yeto-federated-m2/adapter/adapter_config.json	1185	57d70129594490acd4dd66354eb3b148f02fd229bab8c451b22799c97afa9844	yeto-evidence-archive	/openspec/changes/rl-engine-ports/evidence/2026-09-29-eq62/legacy-s18/work/seed-18/yeto-federated-m2/adapter/adapter_config.json
openspec/changes/rl-engine-ports/evidence/2026-09-29-eq62/legacy-s18/work/seed-18/yeto-federated-m2/eval-samples.jsonl	6603	446dfc49d7494b65595552df95df537f478a605483ca55ed70f27d500763ef9e	yeto-evidence-archive	/openspec/changes/rl-engine-ports/evidence/2026-09-29-eq62/legacy-s18/work/seed-18/yeto-federated-m2/eval-samples.jsonl
openspec/changes/rl-engine-ports/evidence/2026-09-29-eq62/legacy-s18/work/seed-18/yeto-federated-m2/eval-worker.json	1277	fc0582c7aabbc7688eab73548d69618165da41654b782ac6208294bd235a92ef	yeto-evidence-archive	/openspec/changes/rl-engine-ports/evidence/2026-09-29-eq62/legacy-s18/work/seed-18/yeto-federated-m2/eval-worker.json
openspec/changes/rl-engine-ports/evidence/2026-09-29-eq62/legacy-s18/work/seed-18/yeto-federated-m2/eval.json	217	09e97b1f19619533299f66069764a9a0fe6c198e2a4a1d5fdb2b74c6f27e04bb	yeto-evidence-archive	/openspec/changes/rl-engine-ports/evidence/2026-09-29-eq62/legacy-s18/work/seed-18/yeto-federated-m2/eval.json
openspec/changes/rl-engine-ports/evidence/2026-09-29-eq62/legacy-s18/work/seed-18/yeto-federated-m2/eval.log	1096	8b3ada5930eef0a1cf5236237474dcde3461ce28f13145f70da1229a2f8c3e6b	yeto-evidence-archive	/openspec/changes/rl-engine-ports/evidence/2026-09-29-eq62/legacy-s18/work/seed-18/yeto-federated-m2/eval.log
openspec/changes/rl-engine-ports/evidence/2026-09-29-eq62/legacy-s18/work/seed-18/yeto-federated-m2/island-0/miles.log	55441	b9883ab6cc84b0e2d43b7849be5423467845a87c6919633c9a917d594a973be5	yeto-evidence-archive	/openspec/changes/rl-engine-ports/evidence/2026-09-29-eq62/legacy-s18/work/seed-18/yeto-federated-m2/island-0/miles.log
openspec/changes/rl-engine-ports/evidence/2026-09-29-eq62/legacy-s18/work/seed-18/yeto-federated-m2/island-0/worker.json	2138	ef116fad60d50873d4e6daa114fdfd77c4f3ed3dda5bfe43e854ed2634e4a06d	yeto-evidence-archive	/openspec/changes/rl-engine-ports/evidence/2026-09-29-eq62/legacy-s18/work/seed-18/yeto-federated-m2/island-0/worker.json
openspec/changes/rl-engine-ports/evidence/2026-09-29-eq62/legacy-s18/work/seed-18/yeto-federated-m2/island-1/events.jsonl	7677	40ca0eaa793d9ba5b4d79a3d7777ea3b1b4d747c02bdcdc29d7bfd4d20383a68	yeto-evidence-archive	/openspec/changes/rl-engine-ports/evidence/2026-09-29-eq62/legacy-s18/work/seed-18/yeto-federated-m2/island-1/events.jsonl
openspec/changes/rl-engine-ports/evidence/2026-09-29-eq62/legacy-s18/work/seed-18/yeto-federated-m2/island-1/miles.log	54921	95bbf160f1fd5378a0f95200f93625603e8851e3814ce16689862ea1724f4f3c	yeto-evidence-archive	/openspec/changes/rl-engine-ports/evidence/2026-09-29-eq62/legacy-s18/work/seed-18/yeto-federated-m2/island-1/miles.log
openspec/changes/rl-engine-ports/evidence/2026-09-29-eq62/legacy-s18/work/seed-18/yeto-federated-m2/island-1/worker.json	2138	911861f8df6d9bf40ab67cff878c09a40398a1511b5b3f533dbb5f3d40f60732	yeto-evidence-archive	/openspec/changes/rl-engine-ports/evidence/2026-09-29-eq62/legacy-s18/work/seed-18/yeto-federated-m2/island-1/worker.json
openspec/changes/rl-engine-ports/evidence/2026-09-29-eq62/legacy-s18/work/seed-18/yeto-federated-m2/rollouts/dashboard_columns/rollout_0.parquet	36162	518ca6fbc436f3258aec1336ffa4ca8a2b971f0822daf545cce4b1c3a2e4930b	yeto-evidence-archive	/openspec/changes/rl-engine-ports/evidence/2026-09-29-eq62/legacy-s18/work/seed-18/yeto-federated-m2/rollouts/dashboard_columns/rollout_0.parquet
openspec/changes/rl-engine-ports/evidence/2026-09-29-eq62/legacy-s18/work/seed-18/yeto-federated-m2/rollouts/dashboard_columns/rollout_1.parquet	57010	5ad0821b2abcffdf545a2d437c65788ee13e56f84d05cf37a98fe21381a65682	yeto-evidence-archive	/openspec/changes/rl-engine-ports/evidence/2026-09-29-eq62/legacy-s18/work/seed-18/yeto-federated-m2/rollouts/dashboard_columns/rollout_1.parquet
openspec/changes/rl-engine-ports/evidence/2026-09-29-eq62/legacy-s18/work/seed-18/yeto-federated-m2/rollouts/dashboard_columns/rollout_2.parquet	47788	9e95b60fa43b0a33ad61b563f629eff07b6572d1928fb3bd44c8a0cc31170fa5	yeto-evidence-archive	/openspec/changes/rl-engine-ports/evidence/2026-09-29-eq62/legacy-s18/work/seed-18/yeto-federated-m2/rollouts/dashboard_columns/rollout_2.parquet
openspec/changes/rl-engine-ports/evidence/2026-09-29-eq62/legacy-s18/work/seed-18/yeto-federated-m2/syncer.jsonl	3075	6182a8b1f8802a441fcef8ecdd6f6b5d73e9b8876d098786b6551e47a839cc71	yeto-evidence-archive	/openspec/changes/rl-engine-ports/evidence/2026-09-29-eq62/legacy-s18/work/seed-18/yeto-federated-m2/syncer.jsonl
openspec/changes/rl-engine-ports/evidence/2026-09-29-eq62/legacy-s18/work/seed-18/yeto-federated-m2/syncer.log	3924	0e59c9ec63c58f5fe78a2397b926d79ad2370dff9ab91cf4fc649bbf1dff8fe3	yeto-evidence-archive	/openspec/changes/rl-engine-ports/evidence/2026-09-29-eq62/legacy-s18/work/seed-18/yeto-federated-m2/syncer.log
openspec/changes/rl-engine-ports/evidence/2026-09-29-eq62/legacy-s19/launch.log	4490	406b1fe7dabadf33493aeb507d9fae84671118157f596415ef672dfe4d571715	yeto-evidence-archive	/openspec/changes/rl-engine-ports/evidence/2026-09-29-eq62/legacy-s19/launch.log
openspec/changes/rl-engine-ports/evidence/2026-09-29-eq62/legacy-s19/rc	2	9a271f2a916b0b6ee6cecb2426f0b3206ef074578be55d9bc94f6f3fe3ab86aa	yeto-evidence-archive	/openspec/changes/rl-engine-ports/evidence/2026-09-29-eq62/legacy-s19/rc
openspec/changes/rl-engine-ports/evidence/2026-09-29-eq62/legacy-s19/report/results.jsonl	1633	5fd85d525b0fb63c38e1717dde9b588ed15b8e158b6c16068e51fdcbc251deab	yeto-evidence-archive	/openspec/changes/rl-engine-ports/evidence/2026-09-29-eq62/legacy-s19/report/results.jsonl
openspec/changes/rl-engine-ports/evidence/2026-09-29-eq62/legacy-s19/t_end	11	7b14e80d584173a7f8f1cab0483985313f1b1d6fa2307c6a6458e95d07546c63	yeto-evidence-archive	/openspec/changes/rl-engine-ports/evidence/2026-09-29-eq62/legacy-s19/t_end
openspec/changes/rl-engine-ports/evidence/2026-09-29-eq62/legacy-s19/t_start	11	b9d1fc4356d255a69d3db4350dc8d9b9c2366175436b6263257ea07b43460d0b	yeto-evidence-archive	/openspec/changes/rl-engine-ports/evidence/2026-09-29-eq62/legacy-s19/t_start
openspec/changes/rl-engine-ports/evidence/2026-09-29-eq62/legacy-s19/work/data/m2/combined.jsonl	9168	5826325caca400c4035aa2d26439efe44dbfc0b706b219427072b7b3f00a89e2	yeto-evidence-archive	/openspec/changes/rl-engine-ports/evidence/2026-09-29-eq62/legacy-s19/work/data/m2/combined.jsonl
openspec/changes/rl-engine-ports/evidence/2026-09-29-eq62/legacy-s19/work/data/m2/eval.jsonl	2922	e541ae1af20b3bf4c148ea4fcf1e9c23723657e8e4d956e1b4c71590db5af82b	yeto-evidence-archive	/openspec/changes/rl-engine-ports/evidence/2026-09-29-eq62/legacy-s19/work/data/m2/eval.jsonl
openspec/changes/rl-engine-ports/evidence/2026-09-29-eq62/legacy-s19/work/data/m2/island-0.jsonl	4757	b584b9ad933f18211a231ef016ffb9f3648f6f46ac7f95e5c8ca7f6622f43d80	yeto-evidence-archive	/openspec/changes/rl-engine-ports/evidence/2026-09-29-eq62/legacy-s19/work/data/m2/island-0.jsonl
openspec/changes/rl-engine-ports/evidence/2026-09-29-eq62/legacy-s19/work/data/m2/island-1.jsonl	4411	cc6ee21811a7ae98cd0e0396665a1f71cd7516ee84e8a63693f8e97d0fd0bd3f	yeto-evidence-archive	/openspec/changes/rl-engine-ports/evidence/2026-09-29-eq62/legacy-s19/work/data/m2/island-1.jsonl
openspec/changes/rl-engine-ports/evidence/2026-09-29-eq62/legacy-s19/work/seed-19/yeto-federated-m2/adapter/adapter_config.json	1185	57d70129594490acd4dd66354eb3b148f02fd229bab8c451b22799c97afa9844	yeto-evidence-archive	/openspec/changes/rl-engine-ports/evidence/2026-09-29-eq62/legacy-s19/work/seed-19/yeto-federated-m2/adapter/adapter_config.json
openspec/changes/rl-engine-ports/evidence/2026-09-29-eq62/legacy-s19/work/seed-19/yeto-federated-m2/eval-samples.jsonl	7496	3e8e204b1433c5ef6df3ee6c60bf869ac9b3254fb90d7c4ecd75cfadbfac2689	yeto-evidence-archive	/openspec/changes/rl-engine-ports/evidence/2026-09-29-eq62/legacy-s19/work/seed-19/yeto-federated-m2/eval-samples.jsonl
openspec/changes/rl-engine-ports/evidence/2026-09-29-eq62/legacy-s19/work/seed-19/yeto-federated-m2/eval-worker.json	1277	6f17a499573932dbd5543a79aeaef78bb5aa456955956aa729c466af376f2b41	yeto-evidence-archive	/openspec/changes/rl-engine-ports/evidence/2026-09-29-eq62/legacy-s19/work/seed-19/yeto-federated-m2/eval-worker.json
openspec/changes/rl-engine-ports/evidence/2026-09-29-eq62/legacy-s19/work/seed-19/yeto-federated-m2/eval.json	216	8c3bd5c6a302f382cafc9326132cc0327c94c7538c524614d8748436bfcec016	yeto-evidence-archive	/openspec/changes/rl-engine-ports/evidence/2026-09-29-eq62/legacy-s19/work/seed-19/yeto-federated-m2/eval.json
openspec/changes/rl-engine-ports/evidence/2026-09-29-eq62/legacy-s19/work/seed-19/yeto-federated-m2/eval.log	1096	464994324972a097a26aac2040669da01b649a35263f032a05ddb8747d50b1af	yeto-evidence-archive	/openspec/changes/rl-engine-ports/evidence/2026-09-29-eq62/legacy-s19/work/seed-19/yeto-federated-m2/eval.log
openspec/changes/rl-engine-ports/evidence/2026-09-29-eq62/legacy-s19/work/seed-19/yeto-federated-m2/island-0/miles.log	55176	9198d254e2e6b541687dea11effff4fe5bd0afffec9dd91ce87883737720569f	yeto-evidence-archive	/openspec/changes/rl-engine-ports/evidence/2026-09-29-eq62/legacy-s19/work/seed-19/yeto-federated-m2/island-0/miles.log
openspec/changes/rl-engine-ports/evidence/2026-09-29-eq62/legacy-s19/work/seed-19/yeto-federated-m2/island-0/worker.json	2138	116408ed55341dc8b532c641a1b832a76325b6ce2d08a48f979b4906179a8a0d	yeto-evidence-archive	/openspec/changes/rl-engine-ports/evidence/2026-09-29-eq62/legacy-s19/work/seed-19/yeto-federated-m2/island-0/worker.json
openspec/changes/rl-engine-ports/evidence/2026-09-29-eq62/legacy-s19/work/seed-19/yeto-federated-m2/island-1/events.jsonl	7670	76ecf51a7eba5fb4e067e34ee4a2c7d194a86a96f848f5c70a1b92f2a75b1f46	yeto-evidence-archive	/openspec/changes/rl-engine-ports/evidence/2026-09-29-eq62/legacy-s19/work/seed-19/yeto-federated-m2/island-1/events.jsonl
openspec/changes/rl-engine-ports/evidence/2026-09-29-eq62/legacy-s19/work/seed-19/yeto-federated-m2/island-1/miles.log	54654	e7fbecbe4cbaed71b184b198f7efc423097a783a1708f424a1da67fdfe0ce6a2	yeto-evidence-archive	/openspec/changes/rl-engine-ports/evidence/2026-09-29-eq62/legacy-s19/work/seed-19/yeto-federated-m2/island-1/miles.log
openspec/changes/rl-engine-ports/evidence/2026-09-29-eq62/legacy-s19/work/seed-19/yeto-federated-m2/island-1/worker.json	2138	36546de7a7157045ecf556eaa313416337828588123cf1943098d17dd4b5c507	yeto-evidence-archive	/openspec/changes/rl-engine-ports/evidence/2026-09-29-eq62/legacy-s19/work/seed-19/yeto-federated-m2/island-1/worker.json
openspec/changes/rl-engine-ports/evidence/2026-09-29-eq62/legacy-s19/work/seed-19/yeto-federated-m2/rollouts/dashboard_columns/rollout_0.parquet	36373	06b60cee44f988d50cfac398e9d356eaf9ddcbd2b9ca1a664af99d2f4abc5db1	yeto-evidence-archive	/openspec/changes/rl-engine-ports/evidence/2026-09-29-eq62/legacy-s19/work/seed-19/yeto-federated-m2/rollouts/dashboard_columns/rollout_0.parquet
openspec/changes/rl-engine-ports/evidence/2026-09-29-eq62/legacy-s19/work/seed-19/yeto-federated-m2/rollouts/dashboard_columns/rollout_1.parquet	54702	a5929b52830d5fb91b958999e038cb5da943be9e0d235cb09b95ca3d9190e924	yeto-evidence-archive	/openspec/changes/rl-engine-ports/evidence/2026-09-29-eq62/legacy-s19/work/seed-19/yeto-federated-m2/rollouts/dashboard_columns/rollout_1.parquet
openspec/changes/rl-engine-ports/evidence/2026-09-29-eq62/legacy-s19/work/seed-19/yeto-federated-m2/rollouts/dashboard_columns/rollout_2.parquet	44910	7aa8c63474bf3c963f7694c1ab16adefc46a8c6a673761b00d09182585115a42	yeto-evidence-archive	/openspec/changes/rl-engine-ports/evidence/2026-09-29-eq62/legacy-s19/work/seed-19/yeto-federated-m2/rollouts/dashboard_columns/rollout_2.parquet
openspec/changes/rl-engine-ports/evidence/2026-09-29-eq62/legacy-s19/work/seed-19/yeto-federated-m2/syncer.jsonl	3073	a74b7defc97cb2d68c5cead6fb41599a7535f9e4ddc6630f9877d3c19cf4de2d	yeto-evidence-archive	/openspec/changes/rl-engine-ports/evidence/2026-09-29-eq62/legacy-s19/work/seed-19/yeto-federated-m2/syncer.jsonl
openspec/changes/rl-engine-ports/evidence/2026-09-29-eq62/legacy-s19/work/seed-19/yeto-federated-m2/syncer.log	3924	a00660028a0018c692cb6690dbd7080d4d77c4fb3c8b21d888533f190b831bf8	yeto-evidence-archive	/openspec/changes/rl-engine-ports/evidence/2026-09-29-eq62/legacy-s19/work/seed-19/yeto-federated-m2/syncer.log
openspec/changes/rl-engine-ports/evidence/2026-09-29-eq62/legacy-s20/launch.log	4626	aa8f08bba9093fbb4fc23deae44b1780390fefa2664cb9718ef71c78618c72e6	yeto-evidence-archive	/openspec/changes/rl-engine-ports/evidence/2026-09-29-eq62/legacy-s20/launch.log
openspec/changes/rl-engine-ports/evidence/2026-09-29-eq62/legacy-s20/rc	2	9a271f2a916b0b6ee6cecb2426f0b3206ef074578be55d9bc94f6f3fe3ab86aa	yeto-evidence-archive	/openspec/changes/rl-engine-ports/evidence/2026-09-29-eq62/legacy-s20/rc
openspec/changes/rl-engine-ports/evidence/2026-09-29-eq62/legacy-s20/report/results.jsonl	1635	c6583dcfff67c23ee4b47ad69cebbd54508862446f9e020c96487451549bc6ae	yeto-evidence-archive	/openspec/changes/rl-engine-ports/evidence/2026-09-29-eq62/legacy-s20/report/results.jsonl
openspec/changes/rl-engine-ports/evidence/2026-09-29-eq62/legacy-s20/t_end	11	555bcbe9b2d438d11a5cdbdbae82c710fd80312842205b39a99d14c4a5b9b798	yeto-evidence-archive	/openspec/changes/rl-engine-ports/evidence/2026-09-29-eq62/legacy-s20/t_end
openspec/changes/rl-engine-ports/evidence/2026-09-29-eq62/legacy-s20/t_start	11	cdf9be3100af062c391a0801d28786dc936693c617dc6d4ef5a5079e5e2e955f	yeto-evidence-archive	/openspec/changes/rl-engine-ports/evidence/2026-09-29-eq62/legacy-s20/t_start
openspec/changes/rl-engine-ports/evidence/2026-09-29-eq62/legacy-s20/work/data/m2/combined.jsonl	9168	5826325caca400c4035aa2d26439efe44dbfc0b706b219427072b7b3f00a89e2	yeto-evidence-archive	/openspec/changes/rl-engine-ports/evidence/2026-09-29-eq62/legacy-s20/work/data/m2/combined.jsonl
openspec/changes/rl-engine-ports/evidence/2026-09-29-eq62/legacy-s20/work/data/m2/eval.jsonl	2922	e541ae1af20b3bf4c148ea4fcf1e9c23723657e8e4d956e1b4c71590db5af82b	yeto-evidence-archive	/openspec/changes/rl-engine-ports/evidence/2026-09-29-eq62/legacy-s20/work/data/m2/eval.jsonl
openspec/changes/rl-engine-ports/evidence/2026-09-29-eq62/legacy-s20/work/data/m2/island-0.jsonl	4757	b584b9ad933f18211a231ef016ffb9f3648f6f46ac7f95e5c8ca7f6622f43d80	yeto-evidence-archive	/openspec/changes/rl-engine-ports/evidence/2026-09-29-eq62/legacy-s20/work/data/m2/island-0.jsonl
openspec/changes/rl-engine-ports/evidence/2026-09-29-eq62/legacy-s20/work/data/m2/island-1.jsonl	4411	cc6ee21811a7ae98cd0e0396665a1f71cd7516ee84e8a63693f8e97d0fd0bd3f	yeto-evidence-archive	/openspec/changes/rl-engine-ports/evidence/2026-09-29-eq62/legacy-s20/work/data/m2/island-1.jsonl
openspec/changes/rl-engine-ports/evidence/2026-09-29-eq62/legacy-s20/work/seed-20/yeto-federated-m2/adapter/adapter_config.json	1185	57d70129594490acd4dd66354eb3b148f02fd229bab8c451b22799c97afa9844	yeto-evidence-archive	/openspec/changes/rl-engine-ports/evidence/2026-09-29-eq62/legacy-s20/work/seed-20/yeto-federated-m2/adapter/adapter_config.json
openspec/changes/rl-engine-ports/evidence/2026-09-29-eq62/legacy-s20/work/seed-20/yeto-federated-m2/eval-samples.jsonl	6150	e5d114e4d1adffb6e2191c22566e3686bb2cd6c86500cdb25c7aa53fb113f59d	yeto-evidence-archive	/openspec/changes/rl-engine-ports/evidence/2026-09-29-eq62/legacy-s20/work/seed-20/yeto-federated-m2/eval-samples.jsonl
openspec/changes/rl-engine-ports/evidence/2026-09-29-eq62/legacy-s20/work/seed-20/yeto-federated-m2/eval-worker.json	1277	89c27718344cde4b1ad9ffbad0940c0945901b245eb926426ea9314a1b3d5d1e	yeto-evidence-archive	/openspec/changes/rl-engine-ports/evidence/2026-09-29-eq62/legacy-s20/work/seed-20/yeto-federated-m2/eval-worker.json
openspec/changes/rl-engine-ports/evidence/2026-09-29-eq62/legacy-s20/work/seed-20/yeto-federated-m2/eval.json	215	2c229956d42e6f5b39b070f1e7ef1c4c813521523f993204b4c527c279dc0d27	yeto-evidence-archive	/openspec/changes/rl-engine-ports/evidence/2026-09-29-eq62/legacy-s20/work/seed-20/yeto-federated-m2/eval.json
openspec/changes/rl-engine-ports/evidence/2026-09-29-eq62/legacy-s20/work/seed-20/yeto-federated-m2/eval.log	1096	d4586f9f1f0847506d19ea346b9b5ab72b4e046b3912d451d5307bfbbbed6e3e	yeto-evidence-archive	/openspec/changes/rl-engine-ports/evidence/2026-09-29-eq62/legacy-s20/work/seed-20/yeto-federated-m2/eval.log
openspec/changes/rl-engine-ports/evidence/2026-09-29-eq62/legacy-s20/work/seed-20/yeto-federated-m2/island-0/miles.log	55039	1363523924ff58ef244325eb54ac5df0a774440e0bf628032c741f04a125b6d4	yeto-evidence-archive	/openspec/changes/rl-engine-ports/evidence/2026-09-29-eq62/legacy-s20/work/seed-20/yeto-federated-m2/island-0/miles.log
openspec/changes/rl-engine-ports/evidence/2026-09-29-eq62/legacy-s20/work/seed-20/yeto-federated-m2/island-0/worker.json	2138	6db9d7413da2596295f34e2ed448958d28aa7f7e495eb2b1a921a89ccd82e597	yeto-evidence-archive	/openspec/changes/rl-engine-ports/evidence/2026-09-29-eq62/legacy-s20/work/seed-20/yeto-federated-m2/island-0/worker.json
openspec/changes/rl-engine-ports/evidence/2026-09-29-eq62/legacy-s20/work/seed-20/yeto-federated-m2/island-1/events.jsonl	7665	e6187f2449946723452337d6a7837c2184e4e5224590d4dba745a2d1122efc5b	yeto-evidence-archive	/openspec/changes/rl-engine-ports/evidence/2026-09-29-eq62/legacy-s20/work/seed-20/yeto-federated-m2/island-1/events.jsonl
openspec/changes/rl-engine-ports/evidence/2026-09-29-eq62/legacy-s20/work/seed-20/yeto-federated-m2/island-1/miles.log	55255	79e3839ba159c43687b4aeffff3d07c0661a1f503ce0437811683a7526ee8a66	yeto-evidence-archive	/openspec/changes/rl-engine-ports/evidence/2026-09-29-eq62/legacy-s20/work/seed-20/yeto-federated-m2/island-1/miles.log
openspec/changes/rl-engine-ports/evidence/2026-09-29-eq62/legacy-s20/work/seed-20/yeto-federated-m2/island-1/worker.json	2138	c9d66c0612dd355c286b5c5e65b8ed804083a2bc85e86e06783686849083a17d	yeto-evidence-archive	/openspec/changes/rl-engine-ports/evidence/2026-09-29-eq62/legacy-s20/work/seed-20/yeto-federated-m2/island-1/worker.json
openspec/changes/rl-engine-ports/evidence/2026-09-29-eq62/legacy-s20/work/seed-20/yeto-federated-m2/rollouts/dashboard_columns/rollout_0.parquet	35773	6a65f4b38c95ed5021aecbd48353ebac523c86d1a69169e702afb1764dbc3020	yeto-evidence-archive	/openspec/changes/rl-engine-ports/evidence/2026-09-29-eq62/legacy-s20/work/seed-20/yeto-federated-m2/rollouts/dashboard_columns/rollout_0.parquet
openspec/changes/rl-engine-ports/evidence/2026-09-29-eq62/legacy-s20/work/seed-20/yeto-federated-m2/rollouts/dashboard_columns/rollout_1.parquet	54523	3ab0ba18314f3bde3c2a364d0b28205719d0661aa396053b8fb6a636f9f14cfe	yeto-evidence-archive	/openspec/changes/rl-engine-ports/evidence/2026-09-29-eq62/legacy-s20/work/seed-20/yeto-federated-m2/rollouts/dashboard_columns/rollout_1.parquet
openspec/changes/rl-engine-ports/evidence/2026-09-29-eq62/legacy-s20/work/seed-20/yeto-federated-m2/rollouts/dashboard_columns/rollout_2.parquet	45614	a0a0232bb8b1b40222a5693d92cd07d3aa197f2e0d38d8ef646f3b8705e3dc3b	yeto-evidence-archive	/openspec/changes/rl-engine-ports/evidence/2026-09-29-eq62/legacy-s20/work/seed-20/yeto-federated-m2/rollouts/dashboard_columns/rollout_2.parquet
openspec/changes/rl-engine-ports/evidence/2026-09-29-eq62/legacy-s20/work/seed-20/yeto-federated-m2/syncer.jsonl	3074	8088aab8009c8d4c6beb718608f74c07b506fe290569a6b16f19d890ab89fcfa	yeto-evidence-archive	/openspec/changes/rl-engine-ports/evidence/2026-09-29-eq62/legacy-s20/work/seed-20/yeto-federated-m2/syncer.jsonl
openspec/changes/rl-engine-ports/evidence/2026-09-29-eq62/legacy-s20/work/seed-20/yeto-federated-m2/syncer.log	3924	820788e2d14a6ed85237e0c95bced21ded8dbd1d286e2236815d6ab13505044c	yeto-evidence-archive	/openspec/changes/rl-engine-ports/evidence/2026-09-29-eq62/legacy-s20/work/seed-20/yeto-federated-m2/syncer.log
openspec/changes/rl-engine-ports/evidence/2026-09-29-eq62/legacy-s21/launch.log	4625	8ec255bdd1c7a367514a627c9727acade43bf1c2b0549bad911f9637723ed86f	yeto-evidence-archive	/openspec/changes/rl-engine-ports/evidence/2026-09-29-eq62/legacy-s21/launch.log
openspec/changes/rl-engine-ports/evidence/2026-09-29-eq62/legacy-s21/rc	2	9a271f2a916b0b6ee6cecb2426f0b3206ef074578be55d9bc94f6f3fe3ab86aa	yeto-evidence-archive	/openspec/changes/rl-engine-ports/evidence/2026-09-29-eq62/legacy-s21/rc
openspec/changes/rl-engine-ports/evidence/2026-09-29-eq62/legacy-s21/report/results.jsonl	1619	5a4f71341dae5cd7a296fb9ba3c8fe54a08e94b9155293d89bef1e56ba616e39	yeto-evidence-archive	/openspec/changes/rl-engine-ports/evidence/2026-09-29-eq62/legacy-s21/report/results.jsonl
openspec/changes/rl-engine-ports/evidence/2026-09-29-eq62/legacy-s21/t_end	11	ab6b6444782a0bcaf1e877cf9f206519fba536b8b45c9ef1a63ab621aae84cb7	yeto-evidence-archive	/openspec/changes/rl-engine-ports/evidence/2026-09-29-eq62/legacy-s21/t_end
openspec/changes/rl-engine-ports/evidence/2026-09-29-eq62/legacy-s21/t_start	11	3546c1fa8017267ffeb509a7a6f16a0d6a512dbbc2fb0f6295df66a28f554629	yeto-evidence-archive	/openspec/changes/rl-engine-ports/evidence/2026-09-29-eq62/legacy-s21/t_start
openspec/changes/rl-engine-ports/evidence/2026-09-29-eq62/legacy-s21/work/data/m2/combined.jsonl	9168	5826325caca400c4035aa2d26439efe44dbfc0b706b219427072b7b3f00a89e2	yeto-evidence-archive	/openspec/changes/rl-engine-ports/evidence/2026-09-29-eq62/legacy-s21/work/data/m2/combined.jsonl
openspec/changes/rl-engine-ports/evidence/2026-09-29-eq62/legacy-s21/work/data/m2/eval.jsonl	2922	e541ae1af20b3bf4c148ea4fcf1e9c23723657e8e4d956e1b4c71590db5af82b	yeto-evidence-archive	/openspec/changes/rl-engine-ports/evidence/2026-09-29-eq62/legacy-s21/work/data/m2/eval.jsonl
openspec/changes/rl-engine-ports/evidence/2026-09-29-eq62/legacy-s21/work/data/m2/island-0.jsonl	4757	b584b9ad933f18211a231ef016ffb9f3648f6f46ac7f95e5c8ca7f6622f43d80	yeto-evidence-archive	/openspec/changes/rl-engine-ports/evidence/2026-09-29-eq62/legacy-s21/work/data/m2/island-0.jsonl
openspec/changes/rl-engine-ports/evidence/2026-09-29-eq62/legacy-s21/work/data/m2/island-1.jsonl	4411	cc6ee21811a7ae98cd0e0396665a1f71cd7516ee84e8a63693f8e97d0fd0bd3f	yeto-evidence-archive	/openspec/changes/rl-engine-ports/evidence/2026-09-29-eq62/legacy-s21/work/data/m2/island-1.jsonl
openspec/changes/rl-engine-ports/evidence/2026-09-29-eq62/legacy-s21/work/seed-21/yeto-federated-m2/adapter/adapter_config.json	1185	57d70129594490acd4dd66354eb3b148f02fd229bab8c451b22799c97afa9844	yeto-evidence-archive	/openspec/changes/rl-engine-ports/evidence/2026-09-29-eq62/legacy-s21/work/seed-21/yeto-federated-m2/adapter/adapter_config.json
openspec/changes/rl-engine-ports/evidence/2026-09-29-eq62/legacy-s21/work/seed-21/yeto-federated-m2/eval-samples.jsonl	6252	530b4c9572cf50ec9b79778050613d514484583fba495528c83b1affcf3ce382	yeto-evidence-archive	/openspec/changes/rl-engine-ports/evidence/2026-09-29-eq62/legacy-s21/work/seed-21/yeto-federated-m2/eval-samples.jsonl
openspec/changes/rl-engine-ports/evidence/2026-09-29-eq62/legacy-s21/work/seed-21/yeto-federated-m2/eval-worker.json	1277	39beeb5a3a80e3c23419306c079b36b2f09a69a3381da0727d66f6351bda0bbd	yeto-evidence-archive	/openspec/changes/rl-engine-ports/evidence/2026-09-29-eq62/legacy-s21/work/seed-21/yeto-federated-m2/eval-worker.json
openspec/changes/rl-engine-ports/evidence/2026-09-29-eq62/legacy-s21/work/seed-21/yeto-federated-m2/eval.json	215	dc4ac787ac5459b8709eb842ed75667c96afa91730c1bdb0b00eb59eae81eefe	yeto-evidence-archive	/openspec/changes/rl-engine-ports/evidence/2026-09-29-eq62/legacy-s21/work/seed-21/yeto-federated-m2/eval.json
openspec/changes/rl-engine-ports/evidence/2026-09-29-eq62/legacy-s21/work/seed-21/yeto-federated-m2/eval.log	1096	255e6d9113c5ece66eee698125a9fd31bddd51421b0e2943bd4bde929a48b969	yeto-evidence-archive	/openspec/changes/rl-engine-ports/evidence/2026-09-29-eq62/legacy-s21/work/seed-21/yeto-federated-m2/eval.log
openspec/changes/rl-engine-ports/evidence/2026-09-29-eq62/legacy-s21/work/seed-21/yeto-federated-m2/island-0/miles.log	55818	289f7b6ed30f27ccc806ff1548e16fb3af930a4325bd3af52baec9d0a9de1972	yeto-evidence-archive	/openspec/changes/rl-engine-ports/evidence/2026-09-29-eq62/legacy-s21/work/seed-21/yeto-federated-m2/island-0/miles.log
openspec/changes/rl-engine-ports/evidence/2026-09-29-eq62/legacy-s21/work/seed-21/yeto-federated-m2/island-0/worker.json	2138	39d852050c3095012c5dfeb6aaf5513979cefc0f09015c7f7123dbe81d5988ad	yeto-evidence-archive	/openspec/changes/rl-engine-ports/evidence/2026-09-29-eq62/legacy-s21/work/seed-21/yeto-federated-m2/island-0/worker.json
openspec/changes/rl-engine-ports/evidence/2026-09-29-eq62/legacy-s21/work/seed-21/yeto-federated-m2/island-1/events.jsonl	7677	fea83c484ab11340bab697da3747cf23e30063b542209fa8bba98f3cd440c805	yeto-evidence-archive	/openspec/changes/rl-engine-ports/evidence/2026-09-29-eq62/legacy-s21/work/seed-21/yeto-federated-m2/island-1/events.jsonl
openspec/changes/rl-engine-ports/evidence/2026-09-29-eq62/legacy-s21/work/seed-21/yeto-federated-m2/island-1/miles.log	54935	4cd65225e56773727d9e88460515eadbc445c636f83ec1fd6dd15a2eba9282c1	yeto-evidence-archive	/openspec/changes/rl-engine-ports/evidence/2026-09-29-eq62/legacy-s21/work/seed-21/yeto-federated-m2/island-1/miles.log
openspec/changes/rl-engine-ports/evidence/2026-09-29-eq62/legacy-s21/work/seed-21/yeto-federated-m2/island-1/worker.json	2138	3dd789d7b73105ecd40d89c2090ca03fb162670681bc03d958120e7ea2036fc7	yeto-evidence-archive	/openspec/changes/rl-engine-ports/evidence/2026-09-29-eq62/legacy-s21/work/seed-21/yeto-federated-m2/island-1/worker.json
openspec/changes/rl-engine-ports/evidence/2026-09-29-eq62/legacy-s21/work/seed-21/yeto-federated-m2/rollouts/dashboard_columns/rollout_0.parquet	35363	49fb6e288d2265a156619aa509db84d6b608500daae4a2380d02b90ac6b55b70	yeto-evidence-archive	/openspec/changes/rl-engine-ports/evidence/2026-09-29-eq62/legacy-s21/work/seed-21/yeto-federated-m2/rollouts/dashboard_columns/rollout_0.parquet
openspec/changes/rl-engine-ports/evidence/2026-09-29-eq62/legacy-s21/work/seed-21/yeto-federated-m2/rollouts/dashboard_columns/rollout_1.parquet	54774	b8e5a82defb31b60d034aa640e6b67e8d47e425e88b459743186b6562da03ef1	yeto-evidence-archive	/openspec/changes/rl-engine-ports/evidence/2026-09-29-eq62/legacy-s21/work/seed-21/yeto-federated-m2/rollouts/dashboard_columns/rollout_1.parquet
openspec/changes/rl-engine-ports/evidence/2026-09-29-eq62/legacy-s21/work/seed-21/yeto-federated-m2/rollouts/dashboard_columns/rollout_2.parquet	45161	0a5382766e0bf000af26839a53f7e8035d05625d667e3e6cedcbb1369217fee3	yeto-evidence-archive	/openspec/changes/rl-engine-ports/evidence/2026-09-29-eq62/legacy-s21/work/seed-21/yeto-federated-m2/rollouts/dashboard_columns/rollout_2.parquet
openspec/changes/rl-engine-ports/evidence/2026-09-29-eq62/legacy-s21/work/seed-21/yeto-federated-m2/syncer.jsonl	3066	44b765cb87943bd48838f6ce6e59c17388bceee8a023ffaa0c89ccff3f6c86a3	yeto-evidence-archive	/openspec/changes/rl-engine-ports/evidence/2026-09-29-eq62/legacy-s21/work/seed-21/yeto-federated-m2/syncer.jsonl
openspec/changes/rl-engine-ports/evidence/2026-09-29-eq62/legacy-s21/work/seed-21/yeto-federated-m2/syncer.log	3919	7f3434b2eb6a327487868d6f46f9505e59fd97de592abf75a3c7df65863b1d83	yeto-evidence-archive	/openspec/changes/rl-engine-ports/evidence/2026-09-29-eq62/legacy-s21/work/seed-21/yeto-federated-m2/syncer.log
openspec/changes/rl-engine-ports/evidence/2026-09-29-eq62/ports-s17/launch.log	4834	d69286e66776a6cff6be57ef3eb9c2e5a2b3ed2381e856ad60aec10b5743f452	yeto-evidence-archive	/openspec/changes/rl-engine-ports/evidence/2026-09-29-eq62/ports-s17/launch.log
openspec/changes/rl-engine-ports/evidence/2026-09-29-eq62/ports-s17/rc	2	9a271f2a916b0b6ee6cecb2426f0b3206ef074578be55d9bc94f6f3fe3ab86aa	yeto-evidence-archive	/openspec/changes/rl-engine-ports/evidence/2026-09-29-eq62/ports-s17/rc
openspec/changes/rl-engine-ports/evidence/2026-09-29-eq62/ports-s17/report/results.jsonl	1595	17c834f14e27b107e0da1b50a2399a0bcdb6aa33262d86e5194738faf1950ff9	yeto-evidence-archive	/openspec/changes/rl-engine-ports/evidence/2026-09-29-eq62/ports-s17/report/results.jsonl
openspec/changes/rl-engine-ports/evidence/2026-09-29-eq62/ports-s17/t_end	11	9eedf3fb01d7d8447568ff7e32446fb8e682dea5266a3c47ebf590c5b39bc639	yeto-evidence-archive	/openspec/changes/rl-engine-ports/evidence/2026-09-29-eq62/ports-s17/t_end
openspec/changes/rl-engine-ports/evidence/2026-09-29-eq62/ports-s17/t_start	11	453cc68eceb19cfadcf80d01a1adc3f5f6b0be27b06a369c315316c909614401	yeto-evidence-archive	/openspec/changes/rl-engine-ports/evidence/2026-09-29-eq62/ports-s17/t_start
openspec/changes/rl-engine-ports/evidence/2026-09-29-eq62/ports-s17/work/data/m2/combined.jsonl	9168	5826325caca400c4035aa2d26439efe44dbfc0b706b219427072b7b3f00a89e2	yeto-evidence-archive	/openspec/changes/rl-engine-ports/evidence/2026-09-29-eq62/ports-s17/work/data/m2/combined.jsonl
openspec/changes/rl-engine-ports/evidence/2026-09-29-eq62/ports-s17/work/data/m2/eval.jsonl	2922	e541ae1af20b3bf4c148ea4fcf1e9c23723657e8e4d956e1b4c71590db5af82b	yeto-evidence-archive	/openspec/changes/rl-engine-ports/evidence/2026-09-29-eq62/ports-s17/work/data/m2/eval.jsonl
openspec/changes/rl-engine-ports/evidence/2026-09-29-eq62/ports-s17/work/data/m2/island-0.jsonl	4757	b584b9ad933f18211a231ef016ffb9f3648f6f46ac7f95e5c8ca7f6622f43d80	yeto-evidence-archive	/openspec/changes/rl-engine-ports/evidence/2026-09-29-eq62/ports-s17/work/data/m2/island-0.jsonl
openspec/changes/rl-engine-ports/evidence/2026-09-29-eq62/ports-s17/work/data/m2/island-1.jsonl	4411	cc6ee21811a7ae98cd0e0396665a1f71cd7516ee84e8a63693f8e97d0fd0bd3f	yeto-evidence-archive	/openspec/changes/rl-engine-ports/evidence/2026-09-29-eq62/ports-s17/work/data/m2/island-1.jsonl
openspec/changes/rl-engine-ports/evidence/2026-09-29-eq62/ports-s17/work/seed-17/yeto-federated-m2/adapter/adapter_config.json	1083	e2ce57d2e64b1a50695c9439e4802cb129fe1f0648a42955f63cc7862309d228	yeto-evidence-archive	/openspec/changes/rl-engine-ports/evidence/2026-09-29-eq62/ports-s17/work/seed-17/yeto-federated-m2/adapter/adapter_config.json
openspec/changes/rl-engine-ports/evidence/2026-09-29-eq62/ports-s17/work/seed-17/yeto-federated-m2/adapter/yeto_rl_provenance.json	130	6232c03909c24a13b30afb3b760fe6230e9589a275765ccf14468277d6793834	yeto-evidence-archive	/openspec/changes/rl-engine-ports/evidence/2026-09-29-eq62/ports-s17/work/seed-17/yeto-federated-m2/adapter/yeto_rl_provenance.json
openspec/changes/rl-engine-ports/evidence/2026-09-29-eq62/ports-s17/work/seed-17/yeto-federated-m2/eval-samples.jsonl	7100	7aaefa6b86adae10b64c8dfa168f3be48e04cb9313fcdbe0423d49a34c0d8b03	yeto-evidence-archive	/openspec/changes/rl-engine-ports/evidence/2026-09-29-eq62/ports-s17/work/seed-17/yeto-federated-m2/eval-samples.jsonl
openspec/changes/rl-engine-ports/evidence/2026-09-29-eq62/ports-s17/work/seed-17/yeto-federated-m2/eval-worker.json	1271	b28a9f9e7a8114f9a6c79eba9da4e2935a726cc5210e6be3dfac997f61f592e6	yeto-evidence-archive	/openspec/changes/rl-engine-ports/evidence/2026-09-29-eq62/ports-s17/work/seed-17/yeto-federated-m2/eval-worker.json
openspec/changes/rl-engine-ports/evidence/2026-09-29-eq62/ports-s17/work/seed-17/yeto-federated-m2/eval.json	216	c5766073ec68bee888580270cc653ce9660c63cd6c10abdb8cb2b81e33f8a093	yeto-evidence-archive	/openspec/changes/rl-engine-ports/evidence/2026-09-29-eq62/ports-s17/work/seed-17/yeto-federated-m2/eval.json
openspec/changes/rl-engine-ports/evidence/2026-09-29-eq62/ports-s17/work/seed-17/yeto-federated-m2/eval.log	228	4128c6dcd05eed3de9460b0f953deb827a2b9699eb4d43375a483dc287dc3246	yeto-evidence-archive	/openspec/changes/rl-engine-ports/evidence/2026-09-29-eq62/ports-s17/work/seed-17/yeto-federated-m2/eval.log
openspec/changes/rl-engine-ports/evidence/2026-09-29-eq62/ports-s17/work/seed-17/yeto-federated-m2/island-0/miles.log	68681	6d15ab992da691e00f6f68d83577efc7c3cfafc2b20a50594d86a9aa02f2821b	yeto-evidence-archive	/openspec/changes/rl-engine-ports/evidence/2026-09-29-eq62/ports-s17/work/seed-17/yeto-federated-m2/island-0/miles.log
openspec/changes/rl-engine-ports/evidence/2026-09-29-eq62/ports-s17/work/seed-17/yeto-federated-m2/island-0/worker.json	2037	9de22e284a229bed1c5e70ab276bd6e4d45de999666710787b78772e9313262c	yeto-evidence-archive	/openspec/changes/rl-engine-ports/evidence/2026-09-29-eq62/ports-s17/work/seed-17/yeto-federated-m2/island-0/worker.json
openspec/changes/rl-engine-ports/evidence/2026-09-29-eq62/ports-s17/work/seed-17/yeto-federated-m2/island-1/events.jsonl	10919	5669b9a5371bbe6cee3d60b87f6d814013a40e08e61509128a44651eceb164c0	yeto-evidence-archive	/openspec/changes/rl-engine-ports/evidence/2026-09-29-eq62/ports-s17/work/seed-17/yeto-federated-m2/island-1/events.jsonl
openspec/changes/rl-engine-ports/evidence/2026-09-29-eq62/ports-s17/work/seed-17/yeto-federated-m2/island-1/miles.log	68863	94f8ea1481a489df3584d5cc3b0946f98a008128d7c411146e698bf79024db04	yeto-evidence-archive	/openspec/changes/rl-engine-ports/evidence/2026-09-29-eq62/ports-s17/work/seed-17/yeto-federated-m2/island-1/miles.log
openspec/changes/rl-engine-ports/evidence/2026-09-29-eq62/ports-s17/work/seed-17/yeto-federated-m2/island-1/worker.json	2037	d9185def752acd56d0b40222a52309ab3371a21ad34a2b87d87b7a9af5c44327	yeto-evidence-archive	/openspec/changes/rl-engine-ports/evidence/2026-09-29-eq62/ports-s17/work/seed-17/yeto-federated-m2/island-1/worker.json
openspec/changes/rl-engine-ports/evidence/2026-09-29-eq62/ports-s17/work/seed-17/yeto-federated-m2/rollouts/dashboard_columns/rollout_0.parquet	31027	9d5057261683f9a537831201af156b47a232903cc7cbe1504546257ccb117b44	yeto-evidence-archive	/openspec/changes/rl-engine-ports/evidence/2026-09-29-eq62/ports-s17/work/seed-17/yeto-federated-m2/rollouts/dashboard_columns/rollout_0.parquet
openspec/changes/rl-engine-ports/evidence/2026-09-29-eq62/ports-s17/work/seed-17/yeto-federated-m2/rollouts/dashboard_columns/rollout_1.parquet	42453	cb08689062e3bb67d02c756467034a5a9b2ec3c11d439f11ee13bab9fef22b42	yeto-evidence-archive	/openspec/changes/rl-engine-ports/evidence/2026-09-29-eq62/ports-s17/work/seed-17/yeto-federated-m2/rollouts/dashboard_columns/rollout_1.parquet
openspec/changes/rl-engine-ports/evidence/2026-09-29-eq62/ports-s17/work/seed-17/yeto-federated-m2/rollouts/dashboard_columns/rollout_2.parquet	45525	ab8128dc661d9c3ee2a029accb6f1e45b8ee71c5b416bd5d3ec10dc89eb2e52e	yeto-evidence-archive	/openspec/changes/rl-engine-ports/evidence/2026-09-29-eq62/ports-s17/work/seed-17/yeto-federated-m2/rollouts/dashboard_columns/rollout_2.parquet
openspec/changes/rl-engine-ports/evidence/2026-09-29-eq62/ports-s17/work/seed-17/yeto-federated-m2/syncer.jsonl	3075	9adb05fc614fa8347019b316ce2c23b13850e10517133f0c0631839f36e9e6ea	yeto-evidence-archive	/openspec/changes/rl-engine-ports/evidence/2026-09-29-eq62/ports-s17/work/seed-17/yeto-federated-m2/syncer.jsonl
openspec/changes/rl-engine-ports/evidence/2026-09-29-eq62/ports-s17/work/seed-17/yeto-federated-m2/syncer.log	4085	7aa57cc62c93f56885e3e628a2c0eebb5d4bb34f0298c9711cac37d6e451b68a	yeto-evidence-archive	/openspec/changes/rl-engine-ports/evidence/2026-09-29-eq62/ports-s17/work/seed-17/yeto-federated-m2/syncer.log
openspec/changes/rl-engine-ports/evidence/2026-09-29-eq62/ports-s18/launch.log	4632	ea890ff4787060d0a0e0f3e7e649d21ec80fec8fc98615eed3761f81db2c5862	yeto-evidence-archive	/openspec/changes/rl-engine-ports/evidence/2026-09-29-eq62/ports-s18/launch.log
openspec/changes/rl-engine-ports/evidence/2026-09-29-eq62/ports-s18/rc	2	9a271f2a916b0b6ee6cecb2426f0b3206ef074578be55d9bc94f6f3fe3ab86aa	yeto-evidence-archive	/openspec/changes/rl-engine-ports/evidence/2026-09-29-eq62/ports-s18/rc
openspec/changes/rl-engine-ports/evidence/2026-09-29-eq62/ports-s18/report/results.jsonl	1620	8fc0a842cab5422e11e5fa35889e49ca9ede1f4b574cfa77874e64fef6105f1d	yeto-evidence-archive	/openspec/changes/rl-engine-ports/evidence/2026-09-29-eq62/ports-s18/report/results.jsonl
openspec/changes/rl-engine-ports/evidence/2026-09-29-eq62/ports-s18/t_end	11	ddb19c2a17fb81e85a204d044e907826d27c456b31b6a5d32dea4dc35bb5b9e4	yeto-evidence-archive	/openspec/changes/rl-engine-ports/evidence/2026-09-29-eq62/ports-s18/t_end
openspec/changes/rl-engine-ports/evidence/2026-09-29-eq62/ports-s18/t_start	11	71ab082b8e27dd1a513cfcbf5b1133b3d45cd2831f6605e36c187e4b249cd50a	yeto-evidence-archive	/openspec/changes/rl-engine-ports/evidence/2026-09-29-eq62/ports-s18/t_start
openspec/changes/rl-engine-ports/evidence/2026-09-29-eq62/ports-s18/work/data/m2/combined.jsonl	9168	5826325caca400c4035aa2d26439efe44dbfc0b706b219427072b7b3f00a89e2	yeto-evidence-archive	/openspec/changes/rl-engine-ports/evidence/2026-09-29-eq62/ports-s18/work/data/m2/combined.jsonl
openspec/changes/rl-engine-ports/evidence/2026-09-29-eq62/ports-s18/work/data/m2/eval.jsonl	2922	e541ae1af20b3bf4c148ea4fcf1e9c23723657e8e4d956e1b4c71590db5af82b	yeto-evidence-archive	/openspec/changes/rl-engine-ports/evidence/2026-09-29-eq62/ports-s18/work/data/m2/eval.jsonl
openspec/changes/rl-engine-ports/evidence/2026-09-29-eq62/ports-s18/work/data/m2/island-0.jsonl	4757	b584b9ad933f18211a231ef016ffb9f3648f6f46ac7f95e5c8ca7f6622f43d80	yeto-evidence-archive	/openspec/changes/rl-engine-ports/evidence/2026-09-29-eq62/ports-s18/work/data/m2/island-0.jsonl
openspec/changes/rl-engine-ports/evidence/2026-09-29-eq62/ports-s18/work/data/m2/island-1.jsonl	4411	cc6ee21811a7ae98cd0e0396665a1f71cd7516ee84e8a63693f8e97d0fd0bd3f	yeto-evidence-archive	/openspec/changes/rl-engine-ports/evidence/2026-09-29-eq62/ports-s18/work/data/m2/island-1.jsonl
openspec/changes/rl-engine-ports/evidence/2026-09-29-eq62/ports-s18/work/seed-18/yeto-federated-m2/adapter/adapter_config.json	1083	e2ce57d2e64b1a50695c9439e4802cb129fe1f0648a42955f63cc7862309d228	yeto-evidence-archive	/openspec/changes/rl-engine-ports/evidence/2026-09-29-eq62/ports-s18/work/seed-18/yeto-federated-m2/adapter/adapter_config.json
openspec/changes/rl-engine-ports/evidence/2026-09-29-eq62/ports-s18/work/seed-18/yeto-federated-m2/adapter/yeto_rl_provenance.json	130	3c574cde8afdd7a580a755be64bf77fbf0bdd9f52a8d110ef27573db41f74fea	yeto-evidence-archive	/openspec/changes/rl-engine-ports/evidence/2026-09-29-eq62/ports-s18/work/seed-18/yeto-federated-m2/adapter/yeto_rl_provenance.json
openspec/changes/rl-engine-ports/evidence/2026-09-29-eq62/ports-s18/work/seed-18/yeto-federated-m2/eval-samples.jsonl	6746	c335541984c35a4e097cd2ccbbe360f10cafb0a2089fab8e162001965fc96291	yeto-evidence-archive	/openspec/changes/rl-engine-ports/evidence/2026-09-29-eq62/ports-s18/work/seed-18/yeto-federated-m2/eval-samples.jsonl
openspec/changes/rl-engine-ports/evidence/2026-09-29-eq62/ports-s18/work/seed-18/yeto-federated-m2/eval-worker.json	1271	5b1bd794f628237117b74f01da17fe6c255bf9e1451f9f552ca0a5e9bdb855d8	yeto-evidence-archive	/openspec/changes/rl-engine-ports/evidence/2026-09-29-eq62/ports-s18/work/seed-18/yeto-federated-m2/eval-worker.json
openspec/changes/rl-engine-ports/evidence/2026-09-29-eq62/ports-s18/work/seed-18/yeto-federated-m2/eval.json	216	b92fee2f6c6c2351a2c7898eb8d13900ba0027b289b33fb91555b0dd4eba83cc	yeto-evidence-archive	/openspec/changes/rl-engine-ports/evidence/2026-09-29-eq62/ports-s18/work/seed-18/yeto-federated-m2/eval.json
openspec/changes/rl-engine-ports/evidence/2026-09-29-eq62/ports-s18/work/seed-18/yeto-federated-m2/eval.log	147	29a1bb216cfcd9164bf547dc6f8bf6775daf93042edcae377b955cc0b5e95851	yeto-evidence-archive	/openspec/changes/rl-engine-ports/evidence/2026-09-29-eq62/ports-s18/work/seed-18/yeto-federated-m2/eval.log
openspec/changes/rl-engine-ports/evidence/2026-09-29-eq62/ports-s18/work/seed-18/yeto-federated-m2/island-0/miles.log	68478	7b5de18b8320cfecc28b1cb773e4370964dd0129f33cbf5a7120f288fc701ec9	yeto-evidence-archive	/openspec/changes/rl-engine-ports/evidence/2026-09-29-eq62/ports-s18/work/seed-18/yeto-federated-m2/island-0/miles.log
openspec/changes/rl-engine-ports/evidence/2026-09-29-eq62/ports-s18/work/seed-18/yeto-federated-m2/island-0/worker.json	2037	7c667a2271e1f480d45855fafe8f8a8a36a00e8669a0461c7bcaf8a2e13ede7f	yeto-evidence-archive	/openspec/changes/rl-engine-ports/evidence/2026-09-29-eq62/ports-s18/work/seed-18/yeto-federated-m2/island-0/worker.json
openspec/changes/rl-engine-ports/evidence/2026-09-29-eq62/ports-s18/work/seed-18/yeto-federated-m2/island-1/events.jsonl	10923	2a53ffa66953600301cb106ccab48be5e778866bba6c7cd303edaae104b0e909	yeto-evidence-archive	/openspec/changes/rl-engine-ports/evidence/2026-09-29-eq62/ports-s18/work/seed-18/yeto-federated-m2/island-1/events.jsonl
openspec/changes/rl-engine-ports/evidence/2026-09-29-eq62/ports-s18/work/seed-18/yeto-federated-m2/island-1/miles.log	68922	84ba048bf5ee98e63fe465b8751b4dfc25007cb4546af8ee1274928aac73b179	yeto-evidence-archive	/openspec/changes/rl-engine-ports/evidence/2026-09-29-eq62/ports-s18/work/seed-18/yeto-federated-m2/island-1/miles.log
openspec/changes/rl-engine-ports/evidence/2026-09-29-eq62/ports-s18/work/seed-18/yeto-federated-m2/island-1/worker.json	2037	5e7d924fb5d516fa9dbf2685270a62f70c303b2b48d9efa59b00b575ace8e6e0	yeto-evidence-archive	/openspec/changes/rl-engine-ports/evidence/2026-09-29-eq62/ports-s18/work/seed-18/yeto-federated-m2/island-1/worker.json
openspec/changes/rl-engine-ports/evidence/2026-09-29-eq62/ports-s18/work/seed-18/yeto-federated-m2/rollouts/dashboard_columns/rollout_0.parquet	30722	7a84ba6e20bf860c899513f66bcdc7735ee44c873778d2782c56ca0a88beac20	yeto-evidence-archive	/openspec/changes/rl-engine-ports/evidence/2026-09-29-eq62/ports-s18/work/seed-18/yeto-federated-m2/rollouts/dashboard_columns/rollout_0.parquet
openspec/changes/rl-engine-ports/evidence/2026-09-29-eq62/ports-s18/work/seed-18/yeto-federated-m2/rollouts/dashboard_columns/rollout_1.parquet	59122	11928dbce5258c65b1476405fd332c5102dd7a32b3224fff8e500b1dc988f4dc	yeto-evidence-archive	/openspec/changes/rl-engine-ports/evidence/2026-09-29-eq62/ports-s18/work/seed-18/yeto-federated-m2/rollouts/dashboard_columns/rollout_1.parquet
openspec/changes/rl-engine-ports/evidence/2026-09-29-eq62/ports-s18/work/seed-18/yeto-federated-m2/rollouts/dashboard_columns/rollout_2.parquet	45707	6f434e107ffb7d67017d70b7e498ba7df3560b7cc03bbfa8d7fa6bdf8779226e	yeto-evidence-archive	/openspec/changes/rl-engine-ports/evidence/2026-09-29-eq62/ports-s18/work/seed-18/yeto-federated-m2/rollouts/dashboard_columns/rollout_2.parquet
openspec/changes/rl-engine-ports/evidence/2026-09-29-eq62/ports-s18/work/seed-18/yeto-federated-m2/syncer.jsonl	3068	b9dd82443a60b2c787378681588cd956b360959983aac852596f74e068d63bc7	yeto-evidence-archive	/openspec/changes/rl-engine-ports/evidence/2026-09-29-eq62/ports-s18/work/seed-18/yeto-federated-m2/syncer.jsonl
openspec/changes/rl-engine-ports/evidence/2026-09-29-eq62/ports-s18/work/seed-18/yeto-federated-m2/syncer.log	4079	2d2173495bd5d4b681d3bb043f9ad7d1bf41116ab9375336ca145ef14ee5d18e	yeto-evidence-archive	/openspec/changes/rl-engine-ports/evidence/2026-09-29-eq62/ports-s18/work/seed-18/yeto-federated-m2/syncer.log
openspec/changes/rl-engine-ports/evidence/2026-09-29-eq62/ports-s19/launch.log	4632	ac31efa6e0c874410e06f205b2cccd3a9ad8ef2d9f5729fd42e2fd5c92c23553	yeto-evidence-archive	/openspec/changes/rl-engine-ports/evidence/2026-09-29-eq62/ports-s19/launch.log
openspec/changes/rl-engine-ports/evidence/2026-09-29-eq62/ports-s19/rc	2	9a271f2a916b0b6ee6cecb2426f0b3206ef074578be55d9bc94f6f3fe3ab86aa	yeto-evidence-archive	/openspec/changes/rl-engine-ports/evidence/2026-09-29-eq62/ports-s19/rc
openspec/changes/rl-engine-ports/evidence/2026-09-29-eq62/ports-s19/report/results.jsonl	1604	d5a10e338104a8147d86a9befa82c9e9fbcb90bbe96ddc606853bd53f94b248a	yeto-evidence-archive	/openspec/changes/rl-engine-ports/evidence/2026-09-29-eq62/ports-s19/report/results.jsonl
openspec/changes/rl-engine-ports/evidence/2026-09-29-eq62/ports-s19/t_end	11	d06bf7921f0b2380f4533c3a0eb587c95b29e13291efb8293dae5e2e8e004c79	yeto-evidence-archive	/openspec/changes/rl-engine-ports/evidence/2026-09-29-eq62/ports-s19/t_end
openspec/changes/rl-engine-ports/evidence/2026-09-29-eq62/ports-s19/t_start	11	f8f501b71a9755c26fc7a8845c91e4f65ce55366622bf7ec9bf4d677f4c6625f	yeto-evidence-archive	/openspec/changes/rl-engine-ports/evidence/2026-09-29-eq62/ports-s19/t_start
openspec/changes/rl-engine-ports/evidence/2026-09-29-eq62/ports-s19/work/data/m2/combined.jsonl	9168	5826325caca400c4035aa2d26439efe44dbfc0b706b219427072b7b3f00a89e2	yeto-evidence-archive	/openspec/changes/rl-engine-ports/evidence/2026-09-29-eq62/ports-s19/work/data/m2/combined.jsonl
openspec/changes/rl-engine-ports/evidence/2026-09-29-eq62/ports-s19/work/data/m2/eval.jsonl	2922	e541ae1af20b3bf4c148ea4fcf1e9c23723657e8e4d956e1b4c71590db5af82b	yeto-evidence-archive	/openspec/changes/rl-engine-ports/evidence/2026-09-29-eq62/ports-s19/work/data/m2/eval.jsonl
openspec/changes/rl-engine-ports/evidence/2026-09-29-eq62/ports-s19/work/data/m2/island-0.jsonl	4757	b584b9ad933f18211a231ef016ffb9f3648f6f46ac7f95e5c8ca7f6622f43d80	yeto-evidence-archive	/openspec/changes/rl-engine-ports/evidence/2026-09-29-eq62/ports-s19/work/data/m2/island-0.jsonl
openspec/changes/rl-engine-ports/evidence/2026-09-29-eq62/ports-s19/work/data/m2/island-1.jsonl	4411	cc6ee21811a7ae98cd0e0396665a1f71cd7516ee84e8a63693f8e97d0fd0bd3f	yeto-evidence-archive	/openspec/changes/rl-engine-ports/evidence/2026-09-29-eq62/ports-s19/work/data/m2/island-1.jsonl
openspec/changes/rl-engine-ports/evidence/2026-09-29-eq62/ports-s19/work/seed-19/yeto-federated-m2/adapter/adapter_config.json	1083	e2ce57d2e64b1a50695c9439e4802cb129fe1f0648a42955f63cc7862309d228	yeto-evidence-archive	/openspec/changes/rl-engine-ports/evidence/2026-09-29-eq62/ports-s19/work/seed-19/yeto-federated-m2/adapter/adapter_config.json
openspec/changes/rl-engine-ports/evidence/2026-09-29-eq62/ports-s19/work/seed-19/yeto-federated-m2/adapter/yeto_rl_provenance.json	130	66911284f4f2ec39110bba863bc413d3a3ebefa246aa602dac73149cd0253f16	yeto-evidence-archive	/openspec/changes/rl-engine-ports/evidence/2026-09-29-eq62/ports-s19/work/seed-19/yeto-federated-m2/adapter/yeto_rl_provenance.json
openspec/changes/rl-engine-ports/evidence/2026-09-29-eq62/ports-s19/work/seed-19/yeto-federated-m2/eval-samples.jsonl	6223	b8ae4510d8ad02a3f33fea19a97216145fbc51578f4822e0dd9d00d6ca4009d4	yeto-evidence-archive	/openspec/changes/rl-engine-ports/evidence/2026-09-29-eq62/ports-s19/work/seed-19/yeto-federated-m2/eval-samples.jsonl
openspec/changes/rl-engine-ports/evidence/2026-09-29-eq62/ports-s19/work/seed-19/yeto-federated-m2/eval-worker.json	1271	299631d7237e3e0a465d5f9509c14b23d2b07cc197109993fab6bd2a7e4337b7	yeto-evidence-archive	/openspec/changes/rl-engine-ports/evidence/2026-09-29-eq62/ports-s19/work/seed-19/yeto-federated-m2/eval-worker.json
openspec/changes/rl-engine-ports/evidence/2026-09-29-eq62/ports-s19/work/seed-19/yeto-federated-m2/eval.json	214	59b3764711e3b2b9f341c865281d5e25841a8ca9686cdf4e28cdec704b6c0399	yeto-evidence-archive	/openspec/changes/rl-engine-ports/evidence/2026-09-29-eq62/ports-s19/work/seed-19/yeto-federated-m2/eval.json
openspec/changes/rl-engine-ports/evidence/2026-09-29-eq62/ports-s19/work/seed-19/yeto-federated-m2/eval.log	147	6701d8fa9560e90f7d4bb56eb550627659e6a11e3727042a8b2275a465f2a12a	yeto-evidence-archive	/openspec/changes/rl-engine-ports/evidence/2026-09-29-eq62/ports-s19/work/seed-19/yeto-federated-m2/eval.log
openspec/changes/rl-engine-ports/evidence/2026-09-29-eq62/ports-s19/work/seed-19/yeto-federated-m2/island-0/miles.log	68818	a6ff217c63db86752e933a2dc326e8d7e60ddb6d372753ed8943b15b8bf185ae	yeto-evidence-archive	/openspec/changes/rl-engine-ports/evidence/2026-09-29-eq62/ports-s19/work/seed-19/yeto-federated-m2/island-0/miles.log
openspec/changes/rl-engine-ports/evidence/2026-09-29-eq62/ports-s19/work/seed-19/yeto-federated-m2/island-0/worker.json	2037	2cd562cc36ade7bad5981e413c6f2730c3284d981568da1a0fb8abd3e2c74bf6	yeto-evidence-archive	/openspec/changes/rl-engine-ports/evidence/2026-09-29-eq62/ports-s19/work/seed-19/yeto-federated-m2/island-0/worker.json
openspec/changes/rl-engine-ports/evidence/2026-09-29-eq62/ports-s19/work/seed-19/yeto-federated-m2/island-1/events.jsonl	10880	5a93476d84efb28d861792b2461712e78a86b7808311839f3bbf3efa7ef22f62	yeto-evidence-archive	/openspec/changes/rl-engine-ports/evidence/2026-09-29-eq62/ports-s19/work/seed-19/yeto-federated-m2/island-1/events.jsonl
openspec/changes/rl-engine-ports/evidence/2026-09-29-eq62/ports-s19/work/seed-19/yeto-federated-m2/island-1/miles.log	68570	110586447607e5460a7dcbcc2d36ab83a06ab127d7cdf7cde41d902430456d7b	yeto-evidence-archive	/openspec/changes/rl-engine-ports/evidence/2026-09-29-eq62/ports-s19/work/seed-19/yeto-federated-m2/island-1/miles.log
openspec/changes/rl-engine-ports/evidence/2026-09-29-eq62/ports-s19/work/seed-19/yeto-federated-m2/island-1/worker.json	2037	8c58cddf847690e96530cb73645b3f702c277c99c6faca0eabedca2e638d3354	yeto-evidence-archive	/openspec/changes/rl-engine-ports/evidence/2026-09-29-eq62/ports-s19/work/seed-19/yeto-federated-m2/island-1/worker.json
openspec/changes/rl-engine-ports/evidence/2026-09-29-eq62/ports-s19/work/seed-19/yeto-federated-m2/rollouts/dashboard_columns/rollout_0.parquet	29749	bfdb41eae1fdf3d71e3887a736b0468723bde95df277ca97cbc1939149edc205	yeto-evidence-archive	/openspec/changes/rl-engine-ports/evidence/2026-09-29-eq62/ports-s19/work/seed-19/yeto-federated-m2/rollouts/dashboard_columns/rollout_0.parquet
openspec/changes/rl-engine-ports/evidence/2026-09-29-eq62/ports-s19/work/seed-19/yeto-federated-m2/rollouts/dashboard_columns/rollout_1.parquet	55706	45eba73634d1896a6efeaf1646710b0ab8bffc126a99eda9081fb9000bb6fb3f	yeto-evidence-archive	/openspec/changes/rl-engine-ports/evidence/2026-09-29-eq62/ports-s19/work/seed-19/yeto-federated-m2/rollouts/dashboard_columns/rollout_1.parquet
openspec/changes/rl-engine-ports/evidence/2026-09-29-eq62/ports-s19/work/seed-19/yeto-federated-m2/rollouts/dashboard_columns/rollout_2.parquet	45636	5efa5b9401e1ae780edc2f72bafe26d0a9233dd72a3e85d177d4abe2949b3b05	yeto-evidence-archive	/openspec/changes/rl-engine-ports/evidence/2026-09-29-eq62/ports-s19/work/seed-19/yeto-federated-m2/rollouts/dashboard_columns/rollout_2.parquet
openspec/changes/rl-engine-ports/evidence/2026-09-29-eq62/ports-s19/work/seed-19/yeto-federated-m2/syncer.jsonl	3079	34ef5094e51ae99cd5399bcd1005de5fe58e8e731865ad66ed31d65e93f25fd4	yeto-evidence-archive	/openspec/changes/rl-engine-ports/evidence/2026-09-29-eq62/ports-s19/work/seed-19/yeto-federated-m2/syncer.jsonl
openspec/changes/rl-engine-ports/evidence/2026-09-29-eq62/ports-s19/work/seed-19/yeto-federated-m2/syncer.log	4085	dbd4d554401ba12b06b6615936e82c05196c9fcd09a442abb14c6d36272fce0c	yeto-evidence-archive	/openspec/changes/rl-engine-ports/evidence/2026-09-29-eq62/ports-s19/work/seed-19/yeto-federated-m2/syncer.log
openspec/changes/rl-engine-ports/evidence/2026-09-29-eq62/ports-s20/launch.log	4632	e07546f4822a4a0e9c01b85e2c5c4f4df93b89b36eae47e4ccc8414e499d16a9	yeto-evidence-archive	/openspec/changes/rl-engine-ports/evidence/2026-09-29-eq62/ports-s20/launch.log
openspec/changes/rl-engine-ports/evidence/2026-09-29-eq62/ports-s20/rc	2	9a271f2a916b0b6ee6cecb2426f0b3206ef074578be55d9bc94f6f3fe3ab86aa	yeto-evidence-archive	/openspec/changes/rl-engine-ports/evidence/2026-09-29-eq62/ports-s20/rc
openspec/changes/rl-engine-ports/evidence/2026-09-29-eq62/ports-s20/report/results.jsonl	1617	5432c34a6f4fe4c582dadc3f19bb3fc8dc66c2ddef875792c0705f5541e637a6	yeto-evidence-archive	/openspec/changes/rl-engine-ports/evidence/2026-09-29-eq62/ports-s20/report/results.jsonl
openspec/changes/rl-engine-ports/evidence/2026-09-29-eq62/ports-s20/t_end	11	01804d9ae7e5057a30e130f8a5ecc3211689d974c089894c4ae000f49b824c69	yeto-evidence-archive	/openspec/changes/rl-engine-ports/evidence/2026-09-29-eq62/ports-s20/t_end
openspec/changes/rl-engine-ports/evidence/2026-09-29-eq62/ports-s20/t_start	11	2611f0fa52039de4699eca2daeba5ec1835899bb9c76b89918b56642fc13081c	yeto-evidence-archive	/openspec/changes/rl-engine-ports/evidence/2026-09-29-eq62/ports-s20/t_start
openspec/changes/rl-engine-ports/evidence/2026-09-29-eq62/ports-s20/work/data/m2/combined.jsonl	9168	5826325caca400c4035aa2d26439efe44dbfc0b706b219427072b7b3f00a89e2	yeto-evidence-archive	/openspec/changes/rl-engine-ports/evidence/2026-09-29-eq62/ports-s20/work/data/m2/combined.jsonl
openspec/changes/rl-engine-ports/evidence/2026-09-29-eq62/ports-s20/work/data/m2/eval.jsonl	2922	e541ae1af20b3bf4c148ea4fcf1e9c23723657e8e4d956e1b4c71590db5af82b	yeto-evidence-archive	/openspec/changes/rl-engine-ports/evidence/2026-09-29-eq62/ports-s20/work/data/m2/eval.jsonl
openspec/changes/rl-engine-ports/evidence/2026-09-29-eq62/ports-s20/work/data/m2/island-0.jsonl	4757	b584b9ad933f18211a231ef016ffb9f3648f6f46ac7f95e5c8ca7f6622f43d80	yeto-evidence-archive	/openspec/changes/rl-engine-ports/evidence/2026-09-29-eq62/ports-s20/work/data/m2/island-0.jsonl
openspec/changes/rl-engine-ports/evidence/2026-09-29-eq62/ports-s20/work/data/m2/island-1.jsonl	4411	cc6ee21811a7ae98cd0e0396665a1f71cd7516ee84e8a63693f8e97d0fd0bd3f	yeto-evidence-archive	/openspec/changes/rl-engine-ports/evidence/2026-09-29-eq62/ports-s20/work/data/m2/island-1.jsonl
openspec/changes/rl-engine-ports/evidence/2026-09-29-eq62/ports-s20/work/seed-20/yeto-federated-m2/adapter/adapter_config.json	1083	e2ce57d2e64b1a50695c9439e4802cb129fe1f0648a42955f63cc7862309d228	yeto-evidence-archive	/openspec/changes/rl-engine-ports/evidence/2026-09-29-eq62/ports-s20/work/seed-20/yeto-federated-m2/adapter/adapter_config.json
openspec/changes/rl-engine-ports/evidence/2026-09-29-eq62/ports-s20/work/seed-20/yeto-federated-m2/adapter/yeto_rl_provenance.json	130	e880c5008f786cffa5cb9cbc5f5bbc96dae890caf2e39d0e148f228bf75fb567	yeto-evidence-archive	/openspec/changes/rl-engine-ports/evidence/2026-09-29-eq62/ports-s20/work/seed-20/yeto-federated-m2/adapter/yeto_rl_provenance.json
openspec/changes/rl-engine-ports/evidence/2026-09-29-eq62/ports-s20/work/seed-20/yeto-federated-m2/eval-samples.jsonl	5959	c8cb4b17e31a7b5c6a0956ffbf7407ce2910922b788408d8d3ef8cce293a6031	yeto-evidence-archive	/openspec/changes/rl-engine-ports/evidence/2026-09-29-eq62/ports-s20/work/seed-20/yeto-federated-m2/eval-samples.jsonl
openspec/changes/rl-engine-ports/evidence/2026-09-29-eq62/ports-s20/work/seed-20/yeto-federated-m2/eval-worker.json	1271	532fb77f0e71571b876b0bedc0afe92b394ae98bfcdedcd858d8c47828526269	yeto-evidence-archive	/openspec/changes/rl-engine-ports/evidence/2026-09-29-eq62/ports-s20/work/seed-20/yeto-federated-m2/eval-worker.json
openspec/changes/rl-engine-ports/evidence/2026-09-29-eq62/ports-s20/work/seed-20/yeto-federated-m2/eval.json	214	f7bbaf63066f05786a1d5e3eee6a9eb939e778173e211058b6b8f1e5959742a9	yeto-evidence-archive	/openspec/changes/rl-engine-ports/evidence/2026-09-29-eq62/ports-s20/work/seed-20/yeto-federated-m2/eval.json
openspec/changes/rl-engine-ports/evidence/2026-09-29-eq62/ports-s20/work/seed-20/yeto-federated-m2/eval.log	300	4fc40c2195c35f94f6e250a45b49667847453c3a80be39ab3ad06962920850ed	yeto-evidence-archive	/openspec/changes/rl-engine-ports/evidence/2026-09-29-eq62/ports-s20/work/seed-20/yeto-federated-m2/eval.log
openspec/changes/rl-engine-ports/evidence/2026-09-29-eq62/ports-s20/work/seed-20/yeto-federated-m2/island-0/miles.log	68520	d7ebb0cd694695d10a5002ff55ac1f833194abb0c9645351beddd7cf5482901d	yeto-evidence-archive	/openspec/changes/rl-engine-ports/evidence/2026-09-29-eq62/ports-s20/work/seed-20/yeto-federated-m2/island-0/miles.log
openspec/changes/rl-engine-ports/evidence/2026-09-29-eq62/ports-s20/work/seed-20/yeto-federated-m2/island-0/worker.json	2037	0e738100bca56e2527f3e783a89c42cb498b757e5d0097b711a461b21c8f6028	yeto-evidence-archive	/openspec/changes/rl-engine-ports/evidence/2026-09-29-eq62/ports-s20/work/seed-20/yeto-federated-m2/island-0/worker.json
openspec/changes/rl-engine-ports/evidence/2026-09-29-eq62/ports-s20/work/seed-20/yeto-federated-m2/island-1/events.jsonl	10914	05f0b8cfd26e17cbed5adcf109bd8809aaf47235ef42627ab735d5284952d062	yeto-evidence-archive	/openspec/changes/rl-engine-ports/evidence/2026-09-29-eq62/ports-s20/work/seed-20/yeto-federated-m2/island-1/events.jsonl
openspec/changes/rl-engine-ports/evidence/2026-09-29-eq62/ports-s20/work/seed-20/yeto-federated-m2/island-1/miles.log	68901	18ff32616709408d5d725a3578289134862c9ba6983e0b1d2b59847cd96386a5	yeto-evidence-archive	/openspec/changes/rl-engine-ports/evidence/2026-09-29-eq62/ports-s20/work/seed-20/yeto-federated-m2/island-1/miles.log
openspec/changes/rl-engine-ports/evidence/2026-09-29-eq62/ports-s20/work/seed-20/yeto-federated-m2/island-1/worker.json	2037	b581d3dcb9d15175ea5ef6a1c3a1c5483785b9ad400a57664e43107629ee6dc6	yeto-evidence-archive	/openspec/changes/rl-engine-ports/evidence/2026-09-29-eq62/ports-s20/work/seed-20/yeto-federated-m2/island-1/worker.json
openspec/changes/rl-engine-ports/evidence/2026-09-29-eq62/ports-s20/work/seed-20/yeto-federated-m2/rollouts/dashboard_columns/rollout_0.parquet	29562	76808434f1bb79e5dfb2f2045dc636aef31ad6323bd507fd7eab5422debaf6e8	yeto-evidence-archive	/openspec/changes/rl-engine-ports/evidence/2026-09-29-eq62/ports-s20/work/seed-20/yeto-federated-m2/rollouts/dashboard_columns/rollout_0.parquet
openspec/changes/rl-engine-ports/evidence/2026-09-29-eq62/ports-s20/work/seed-20/yeto-federated-m2/rollouts/dashboard_columns/rollout_1.parquet	54040	6ef1bccdb493119718cb99c98ce5f837be1c2b15dc3b25317fdf4e4d511f22d5	yeto-evidence-archive	/openspec/changes/rl-engine-ports/evidence/2026-09-29-eq62/ports-s20/work/seed-20/yeto-federated-m2/rollouts/dashboard_columns/rollout_1.parquet
openspec/changes/rl-engine-ports/evidence/2026-09-29-eq62/ports-s20/work/seed-20/yeto-federated-m2/rollouts/dashboard_columns/rollout_2.parquet	42716	52e065195247c856f6ecbd683ef5f041fffd27075fd6f9786dad66e0d7529213	yeto-evidence-archive	/openspec/changes/rl-engine-ports/evidence/2026-09-29-eq62/ports-s20/work/seed-20/yeto-federated-m2/rollouts/dashboard_columns/rollout_2.parquet
openspec/changes/rl-engine-ports/evidence/2026-09-29-eq62/ports-s20/work/seed-20/yeto-federated-m2/syncer.jsonl	3075	c00286112efbfd7d80529d91be8b218b0db1df7597d3e8161981371b30a5ef3a	yeto-evidence-archive	/openspec/changes/rl-engine-ports/evidence/2026-09-29-eq62/ports-s20/work/seed-20/yeto-federated-m2/syncer.jsonl
openspec/changes/rl-engine-ports/evidence/2026-09-29-eq62/ports-s20/work/seed-20/yeto-federated-m2/syncer.log	4084	fa5aca7d582184778d9ff10fc6e30a0272b6b805e36b0cc071f1ff194bbdc595	yeto-evidence-archive	/openspec/changes/rl-engine-ports/evidence/2026-09-29-eq62/ports-s20/work/seed-20/yeto-federated-m2/syncer.log
openspec/changes/rl-engine-ports/evidence/2026-09-29-eq62/ports-s21/launch.log	4633	44848f2550ffe214787f96580b8e52650ee1f038576f1ed39509025738fea1a7	yeto-evidence-archive	/openspec/changes/rl-engine-ports/evidence/2026-09-29-eq62/ports-s21/launch.log
openspec/changes/rl-engine-ports/evidence/2026-09-29-eq62/ports-s21/rc	2	9a271f2a916b0b6ee6cecb2426f0b3206ef074578be55d9bc94f6f3fe3ab86aa	yeto-evidence-archive	/openspec/changes/rl-engine-ports/evidence/2026-09-29-eq62/ports-s21/rc
openspec/changes/rl-engine-ports/evidence/2026-09-29-eq62/ports-s21/report/results.jsonl	1620	1b09f351a0647df1e394b93fa5078ef9ced6a531999a5d9810913205589b8663	yeto-evidence-archive	/openspec/changes/rl-engine-ports/evidence/2026-09-29-eq62/ports-s21/report/results.jsonl
openspec/changes/rl-engine-ports/evidence/2026-09-29-eq62/ports-s21/t_end	11	7b14e80d584173a7f8f1cab0483985313f1b1d6fa2307c6a6458e95d07546c63	yeto-evidence-archive	/openspec/changes/rl-engine-ports/evidence/2026-09-29-eq62/ports-s21/t_end
openspec/changes/rl-engine-ports/evidence/2026-09-29-eq62/ports-s21/t_start	11	71bc583902a31a9e59fc1d0dc71b3badb278bc50d065f23c2fafa8a9339888f8	yeto-evidence-archive	/openspec/changes/rl-engine-ports/evidence/2026-09-29-eq62/ports-s21/t_start
openspec/changes/rl-engine-ports/evidence/2026-09-29-eq62/ports-s21/work/data/m2/combined.jsonl	9168	5826325caca400c4035aa2d26439efe44dbfc0b706b219427072b7b3f00a89e2	yeto-evidence-archive	/openspec/changes/rl-engine-ports/evidence/2026-09-29-eq62/ports-s21/work/data/m2/combined.jsonl
openspec/changes/rl-engine-ports/evidence/2026-09-29-eq62/ports-s21/work/data/m2/eval.jsonl	2922	e541ae1af20b3bf4c148ea4fcf1e9c23723657e8e4d956e1b4c71590db5af82b	yeto-evidence-archive	/openspec/changes/rl-engine-ports/evidence/2026-09-29-eq62/ports-s21/work/data/m2/eval.jsonl
openspec/changes/rl-engine-ports/evidence/2026-09-29-eq62/ports-s21/work/data/m2/island-0.jsonl	4757	b584b9ad933f18211a231ef016ffb9f3648f6f46ac7f95e5c8ca7f6622f43d80	yeto-evidence-archive	/openspec/changes/rl-engine-ports/evidence/2026-09-29-eq62/ports-s21/work/data/m2/island-0.jsonl
openspec/changes/rl-engine-ports/evidence/2026-09-29-eq62/ports-s21/work/data/m2/island-1.jsonl	4411	cc6ee21811a7ae98cd0e0396665a1f71cd7516ee84e8a63693f8e97d0fd0bd3f	yeto-evidence-archive	/openspec/changes/rl-engine-ports/evidence/2026-09-29-eq62/ports-s21/work/data/m2/island-1.jsonl
openspec/changes/rl-engine-ports/evidence/2026-09-29-eq62/ports-s21/work/seed-21/yeto-federated-m2/adapter/adapter_config.json	1083	e2ce57d2e64b1a50695c9439e4802cb129fe1f0648a42955f63cc7862309d228	yeto-evidence-archive	/openspec/changes/rl-engine-ports/evidence/2026-09-29-eq62/ports-s21/work/seed-21/yeto-federated-m2/adapter/adapter_config.json
openspec/changes/rl-engine-ports/evidence/2026-09-29-eq62/ports-s21/work/seed-21/yeto-federated-m2/adapter/yeto_rl_provenance.json	130	6c8062419f58f1ed6bb3f317fe0a75476758deec6b4c3e3384669f40b8c7d880	yeto-evidence-archive	/openspec/changes/rl-engine-ports/evidence/2026-09-29-eq62/ports-s21/work/seed-21/yeto-federated-m2/adapter/yeto_rl_provenance.json
openspec/changes/rl-engine-ports/evidence/2026-09-29-eq62/ports-s21/work/seed-21/yeto-federated-m2/eval-samples.jsonl	6249	d3e1f28a5ac29509f4b4ec83d866c80413c145ed9067e508d62d1b04c99e808d	yeto-evidence-archive	/openspec/changes/rl-engine-ports/evidence/2026-09-29-eq62/ports-s21/work/seed-21/yeto-federated-m2/eval-samples.jsonl
openspec/changes/rl-engine-ports/evidence/2026-09-29-eq62/ports-s21/work/seed-21/yeto-federated-m2/eval-worker.json	1271	591a252af7ffc0cd8ebc72ddc07028fb08992774f512d8872dfe4d64efe9ab6f	yeto-evidence-archive	/openspec/changes/rl-engine-ports/evidence/2026-09-29-eq62/ports-s21/work/seed-21/yeto-federated-m2/eval-worker.json
openspec/changes/rl-engine-ports/evidence/2026-09-29-eq62/ports-s21/work/seed-21/yeto-federated-m2/eval.json	216	364099002339272e659587fcc04886fb411f7bb6a19c0ae99d8686f15dbec76d	yeto-evidence-archive	/openspec/changes/rl-engine-ports/evidence/2026-09-29-eq62/ports-s21/work/seed-21/yeto-federated-m2/eval.json
openspec/changes/rl-engine-ports/evidence/2026-09-29-eq62/ports-s21/work/seed-21/yeto-federated-m2/eval.log	379	fb65d72568cc9270c9e3b29fdc72e4abb4b183ccfc5436f6e83f7cde471ff980	yeto-evidence-archive	/openspec/changes/rl-engine-ports/evidence/2026-09-29-eq62/ports-s21/work/seed-21/yeto-federated-m2/eval.log
openspec/changes/rl-engine-ports/evidence/2026-09-29-eq62/ports-s21/work/seed-21/yeto-federated-m2/island-0/miles.log	68884	c5a33bfd8772bb299be7b80aa8b93833fd0017420485a15ee75e3bdfedb75082	yeto-evidence-archive	/openspec/changes/rl-engine-ports/evidence/2026-09-29-eq62/ports-s21/work/seed-21/yeto-federated-m2/island-0/miles.log
openspec/changes/rl-engine-ports/evidence/2026-09-29-eq62/ports-s21/work/seed-21/yeto-federated-m2/island-0/worker.json	2037	a48e8c6b503c609ff04758599da2676aefd2eae77bca9c9bf01515af0a225348	yeto-evidence-archive	/openspec/changes/rl-engine-ports/evidence/2026-09-29-eq62/ports-s21/work/seed-21/yeto-federated-m2/island-0/worker.json
openspec/changes/rl-engine-ports/evidence/2026-09-29-eq62/ports-s21/work/seed-21/yeto-federated-m2/island-1/events.jsonl	10911	e01b4bd47c0f4926e65d24553e148977ed4e2c70d8cb2ffaebaed67b86330731	yeto-evidence-archive	/openspec/changes/rl-engine-ports/evidence/2026-09-29-eq62/ports-s21/work/seed-21/yeto-federated-m2/island-1/events.jsonl
openspec/changes/rl-engine-ports/evidence/2026-09-29-eq62/ports-s21/work/seed-21/yeto-federated-m2/island-1/miles.log	68723	55528cbc9b2a7e48ca15ee0d9075ffb4f8bcb832b42d8c46072b71c7e49cd7b0	yeto-evidence-archive	/openspec/changes/rl-engine-ports/evidence/2026-09-29-eq62/ports-s21/work/seed-21/yeto-federated-m2/island-1/miles.log
openspec/changes/rl-engine-ports/evidence/2026-09-29-eq62/ports-s21/work/seed-21/yeto-federated-m2/island-1/worker.json	2037	45d0b4d3b09f915858559777da0ecb9cfec53836a04bb4856320cfa827127823	yeto-evidence-archive	/openspec/changes/rl-engine-ports/evidence/2026-09-29-eq62/ports-s21/work/seed-21/yeto-federated-m2/island-1/worker.json
openspec/changes/rl-engine-ports/evidence/2026-09-29-eq62/ports-s21/work/seed-21/yeto-federated-m2/rollouts/dashboard_columns/rollout_0.parquet	29248	07dd3aba2fa220895beeca2f03287189c80f5ef512fe73d942104630f12c47f2	yeto-evidence-archive	/openspec/changes/rl-engine-ports/evidence/2026-09-29-eq62/ports-s21/work/seed-21/yeto-federated-m2/rollouts/dashboard_columns/rollout_0.parquet
openspec/changes/rl-engine-ports/evidence/2026-09-29-eq62/ports-s21/work/seed-21/yeto-federated-m2/rollouts/dashboard_columns/rollout_1.parquet	54778	e3944f70f89d41d26aaeb5a1052d8fb6b7c93f6c566c3681e5a53fbc8f4f48b7	yeto-evidence-archive	/openspec/changes/rl-engine-ports/evidence/2026-09-29-eq62/ports-s21/work/seed-21/yeto-federated-m2/rollouts/dashboard_columns/rollout_1.parquet
openspec/changes/rl-engine-ports/evidence/2026-09-29-eq62/ports-s21/work/seed-21/yeto-federated-m2/rollouts/dashboard_columns/rollout_2.parquet	43481	f47660ebb9e33229b0807295c1a253aad786cfbc237ef047d6a648c2bd1f5bd1	yeto-evidence-archive	/openspec/changes/rl-engine-ports/evidence/2026-09-29-eq62/ports-s21/work/seed-21/yeto-federated-m2/rollouts/dashboard_columns/rollout_2.parquet
openspec/changes/rl-engine-ports/evidence/2026-09-29-eq62/ports-s21/work/seed-21/yeto-federated-m2/syncer.jsonl	3068	db99c30cf220b473f07d5b2d17dd6ba4edcdf611a05a9084dcb20521dc037df2	yeto-evidence-archive	/openspec/changes/rl-engine-ports/evidence/2026-09-29-eq62/ports-s21/work/seed-21/yeto-federated-m2/syncer.jsonl
openspec/changes/rl-engine-ports/evidence/2026-09-29-eq62/ports-s21/work/seed-21/yeto-federated-m2/syncer.log	4079	e5414a3f18bfe4f9b063cdecad0b3ab7b7720308afb2e9019121c287cbfa4bd2	yeto-evidence-archive	/openspec/changes/rl-engine-ports/evidence/2026-09-29-eq62/ports-s21/work/seed-21/yeto-federated-m2/syncer.log
openspec/changes/rl-engine-ports/evidence/2026-09-29-eq62/report.json	50820	4d6b88fc11150a29cc04c635137047e8ab14d4a5f21efade1edbd61246cdb6b4	yeto-evidence-archive	/openspec/changes/rl-engine-ports/evidence/2026-09-29-eq62/report.json
openspec/changes/rl-engine-ports/evidence/2026-09-29-eq62/sbx.py	4129	32b458b632cb27ce06420fc8a8efc793f96ea7674c04a30c1181e698b02f0943	yeto-evidence-archive	/openspec/changes/rl-engine-ports/evidence/2026-09-29-eq62/sbx.py
openspec/changes/rl-engine-ports/evidence/2026-09-29-eq62/tf-legacy/launch.log	4620	4572b304eadddbe833901a026a02a42b9028768de7b7f914cea0a5672a0dde55	yeto-evidence-archive	/openspec/changes/rl-engine-ports/evidence/2026-09-29-eq62/tf-legacy/launch.log
openspec/changes/rl-engine-ports/evidence/2026-09-29-eq62/tf-legacy/rc	2	9a271f2a916b0b6ee6cecb2426f0b3206ef074578be55d9bc94f6f3fe3ab86aa	yeto-evidence-archive	/openspec/changes/rl-engine-ports/evidence/2026-09-29-eq62/tf-legacy/rc
openspec/changes/rl-engine-ports/evidence/2026-09-29-eq62/tf-legacy/report/results.jsonl	1606	07dd9954f603934faa9ab860772933476869a02e72350df3a12901e1df9bc22e	yeto-evidence-archive	/openspec/changes/rl-engine-ports/evidence/2026-09-29-eq62/tf-legacy/report/results.jsonl
openspec/changes/rl-engine-ports/evidence/2026-09-29-eq62/tf-legacy/t_end	11	715fd800b16284ef734393dfc7aeaed170e59c176ccd68c0d7ada1cf3df0e69e	yeto-evidence-archive	/openspec/changes/rl-engine-ports/evidence/2026-09-29-eq62/tf-legacy/t_end
openspec/changes/rl-engine-ports/evidence/2026-09-29-eq62/tf-legacy/t_start	11	824d09e472b8b8816079885e4b5687ca979ae49f10e78437197f9395a124855d	yeto-evidence-archive	/openspec/changes/rl-engine-ports/evidence/2026-09-29-eq62/tf-legacy/t_start
openspec/changes/rl-engine-ports/evidence/2026-09-29-eq62/tf-legacy/work/data/m2/combined.jsonl	2893	9b7f5fd3914cb37dd09d2b5df673310287fe11843a9778c0e49bc63b6806b1af	yeto-evidence-archive	/openspec/changes/rl-engine-ports/evidence/2026-09-29-eq62/tf-legacy/work/data/m2/combined.jsonl
openspec/changes/rl-engine-ports/evidence/2026-09-29-eq62/tf-legacy/work/data/m2/eval.jsonl	2922	e541ae1af20b3bf4c148ea4fcf1e9c23723657e8e4d956e1b4c71590db5af82b	yeto-evidence-archive	/openspec/changes/rl-engine-ports/evidence/2026-09-29-eq62/tf-legacy/work/data/m2/eval.jsonl
openspec/changes/rl-engine-ports/evidence/2026-09-29-eq62/tf-legacy/work/data/m2/island-0.jsonl	1298	889b58049c013372b7960f9f8318f54281d402dda4a1f53731c1d0c4f0ae3c04	yeto-evidence-archive	/openspec/changes/rl-engine-ports/evidence/2026-09-29-eq62/tf-legacy/work/data/m2/island-0.jsonl
openspec/changes/rl-engine-ports/evidence/2026-09-29-eq62/tf-legacy/work/data/m2/island-1.jsonl	1595	5abcb9b02ab7fc743789708a446aa06110fd45adce9b63825e4ebfa6ff3ef0a3	yeto-evidence-archive	/openspec/changes/rl-engine-ports/evidence/2026-09-29-eq62/tf-legacy/work/data/m2/island-1.jsonl
openspec/changes/rl-engine-ports/evidence/2026-09-29-eq62/tf-legacy/work/seed-17/yeto-federated-m2/adapter/adapter_config.json	1185	57d70129594490acd4dd66354eb3b148f02fd229bab8c451b22799c97afa9844	yeto-evidence-archive	/openspec/changes/rl-engine-ports/evidence/2026-09-29-eq62/tf-legacy/work/seed-17/yeto-federated-m2/adapter/adapter_config.json
openspec/changes/rl-engine-ports/evidence/2026-09-29-eq62/tf-legacy/work/seed-17/yeto-federated-m2/eval-samples.jsonl	6248	a6ffdae8fc6784a3df7bb8360c58267735a4dec20442d832342a080fd8a346e2	yeto-evidence-archive	/openspec/changes/rl-engine-ports/evidence/2026-09-29-eq62/tf-legacy/work/seed-17/yeto-federated-m2/eval-samples.jsonl
openspec/changes/rl-engine-ports/evidence/2026-09-29-eq62/tf-legacy/work/seed-17/yeto-federated-m2/eval-worker.json	1273	35294ed1c7de21c989d1d2b453760cfcb6c302536c318909bd31d899fc9fd606	yeto-evidence-archive	/openspec/changes/rl-engine-ports/evidence/2026-09-29-eq62/tf-legacy/work/seed-17/yeto-federated-m2/eval-worker.json
openspec/changes/rl-engine-ports/evidence/2026-09-29-eq62/tf-legacy/work/seed-17/yeto-federated-m2/eval.json	217	4f4f4b693e0ab7e21920832f8b68bb74ce79c30b3f72764919e65dff4466cc35	yeto-evidence-archive	/openspec/changes/rl-engine-ports/evidence/2026-09-29-eq62/tf-legacy/work/seed-17/yeto-federated-m2/eval.json
openspec/changes/rl-engine-ports/evidence/2026-09-29-eq62/tf-legacy/work/seed-17/yeto-federated-m2/eval.log	1096	8aa8dd19da4ad4fd7fdb878a64616234af4e46653aae7a1cea820b3e7beaa810	yeto-evidence-archive	/openspec/changes/rl-engine-ports/evidence/2026-09-29-eq62/tf-legacy/work/seed-17/yeto-federated-m2/eval.log
openspec/changes/rl-engine-ports/evidence/2026-09-29-eq62/tf-legacy/work/seed-17/yeto-federated-m2/island-0/miles.log	82231	58734d5e02ed1db2efc13465115ee45e8558ff5f35d5ba26d2709c3303bad04a	yeto-evidence-archive	/openspec/changes/rl-engine-ports/evidence/2026-09-29-eq62/tf-legacy/work/seed-17/yeto-federated-m2/island-0/miles.log
openspec/changes/rl-engine-ports/evidence/2026-09-29-eq62/tf-legacy/work/seed-17/yeto-federated-m2/island-0/worker.json	2170	0251a7a1d09865697634e424d4a69ccf5294a3806025201a68747ec0fe433c64	yeto-evidence-archive	/openspec/changes/rl-engine-ports/evidence/2026-09-29-eq62/tf-legacy/work/seed-17/yeto-federated-m2/island-0/worker.json
openspec/changes/rl-engine-ports/evidence/2026-09-29-eq62/tf-legacy/work/seed-17/yeto-federated-m2/island-1/events.jsonl	3100	1f3a58e3cd774be4f85b7d81d89d36c8c61a9bbd167c1e2afb38368708aa6588	yeto-evidence-archive	/openspec/changes/rl-engine-ports/evidence/2026-09-29-eq62/tf-legacy/work/seed-17/yeto-federated-m2/island-1/events.jsonl
openspec/changes/rl-engine-ports/evidence/2026-09-29-eq62/tf-legacy/work/seed-17/yeto-federated-m2/island-1/miles.log	83392	56f1c83d75c8cfb1b0aba30b790f66e28a6d649c07a2d13f518cf4dd8c247abf	yeto-evidence-archive	/openspec/changes/rl-engine-ports/evidence/2026-09-29-eq62/tf-legacy/work/seed-17/yeto-federated-m2/island-1/miles.log
openspec/changes/rl-engine-ports/evidence/2026-09-29-eq62/tf-legacy/work/seed-17/yeto-federated-m2/island-1/worker.json	2170	8c10d232435c69a1999b37cbdb2fbad7de69a6bacaa2efb7f701adff25ec4d96	yeto-evidence-archive	/openspec/changes/rl-engine-ports/evidence/2026-09-29-eq62/tf-legacy/work/seed-17/yeto-federated-m2/island-1/worker.json
openspec/changes/rl-engine-ports/evidence/2026-09-29-eq62/tf-legacy/work/seed-17/yeto-federated-m2/rollouts/dashboard_columns/rollout_0.parquet	31029	7f9280bd2e27a1b5c0b301cc6a8f70f870aaf2b0dfa2d938ccdc8aac70e27489	yeto-evidence-archive	/openspec/changes/rl-engine-ports/evidence/2026-09-29-eq62/tf-legacy/work/seed-17/yeto-federated-m2/rollouts/dashboard_columns/rollout_0.parquet
openspec/changes/rl-engine-ports/evidence/2026-09-29-eq62/tf-legacy/work/seed-17/yeto-federated-m2/syncer.jsonl	1025	c338e9681ced7d157d994edaa9838aa98da58b4d0779bc5d60b8e014a4b6e842	yeto-evidence-archive	/openspec/changes/rl-engine-ports/evidence/2026-09-29-eq62/tf-legacy/work/seed-17/yeto-federated-m2/syncer.jsonl
openspec/changes/rl-engine-ports/evidence/2026-09-29-eq62/tf-legacy/work/seed-17/yeto-federated-m2/syncer.log	3142	a5bda3034f3d9d8c5773f33e741402c2c433461813b9a67c5a30170278b11d0e	yeto-evidence-archive	/openspec/changes/rl-engine-ports/evidence/2026-09-29-eq62/tf-legacy/work/seed-17/yeto-federated-m2/syncer.log
openspec/changes/rl-engine-ports/evidence/2026-09-29-eq62/tf-ports/launch.log	4630	91df3fe5b9f5bac57ae938be3e76a22a1b26ef6d7725851c33f5a1b6b7f3c2b2	yeto-evidence-archive	/openspec/changes/rl-engine-ports/evidence/2026-09-29-eq62/tf-ports/launch.log
openspec/changes/rl-engine-ports/evidence/2026-09-29-eq62/tf-ports/rc	2	9a271f2a916b0b6ee6cecb2426f0b3206ef074578be55d9bc94f6f3fe3ab86aa	yeto-evidence-archive	/openspec/changes/rl-engine-ports/evidence/2026-09-29-eq62/tf-ports/rc
openspec/changes/rl-engine-ports/evidence/2026-09-29-eq62/tf-ports/report/results.jsonl	1598	6c28a33a1db841a6e22c376fc5e60e5cec93b1ccd99123ae580a86d3fc196275	yeto-evidence-archive	/openspec/changes/rl-engine-ports/evidence/2026-09-29-eq62/tf-ports/report/results.jsonl
openspec/changes/rl-engine-ports/evidence/2026-09-29-eq62/tf-ports/t_end	11	9d4c7161a58187ba3c4fcfee4bb9bfd81a2586c843e0b1217202127b46cef09c	yeto-evidence-archive	/openspec/changes/rl-engine-ports/evidence/2026-09-29-eq62/tf-ports/t_end
openspec/changes/rl-engine-ports/evidence/2026-09-29-eq62/tf-ports/t_start	11	475f8f7efbabe1edfcbf95e4eb44d70a8f40899a51c968ebcdf4000e745ff52d	yeto-evidence-archive	/openspec/changes/rl-engine-ports/evidence/2026-09-29-eq62/tf-ports/t_start
openspec/changes/rl-engine-ports/evidence/2026-09-29-eq62/tf-ports/work/data/m2/combined.jsonl	2893	9b7f5fd3914cb37dd09d2b5df673310287fe11843a9778c0e49bc63b6806b1af	yeto-evidence-archive	/openspec/changes/rl-engine-ports/evidence/2026-09-29-eq62/tf-ports/work/data/m2/combined.jsonl
openspec/changes/rl-engine-ports/evidence/2026-09-29-eq62/tf-ports/work/data/m2/eval.jsonl	2922	e541ae1af20b3bf4c148ea4fcf1e9c23723657e8e4d956e1b4c71590db5af82b	yeto-evidence-archive	/openspec/changes/rl-engine-ports/evidence/2026-09-29-eq62/tf-ports/work/data/m2/eval.jsonl
openspec/changes/rl-engine-ports/evidence/2026-09-29-eq62/tf-ports/work/data/m2/island-0.jsonl	1298	889b58049c013372b7960f9f8318f54281d402dda4a1f53731c1d0c4f0ae3c04	yeto-evidence-archive	/openspec/changes/rl-engine-ports/evidence/2026-09-29-eq62/tf-ports/work/data/m2/island-0.jsonl
openspec/changes/rl-engine-ports/evidence/2026-09-29-eq62/tf-ports/work/data/m2/island-1.jsonl	1595	5abcb9b02ab7fc743789708a446aa06110fd45adce9b63825e4ebfa6ff3ef0a3	yeto-evidence-archive	/openspec/changes/rl-engine-ports/evidence/2026-09-29-eq62/tf-ports/work/data/m2/island-1.jsonl
openspec/changes/rl-engine-ports/evidence/2026-09-29-eq62/tf-ports/work/seed-17/yeto-federated-m2/adapter/adapter_config.json	1083	e2ce57d2e64b1a50695c9439e4802cb129fe1f0648a42955f63cc7862309d228	yeto-evidence-archive	/openspec/changes/rl-engine-ports/evidence/2026-09-29-eq62/tf-ports/work/seed-17/yeto-federated-m2/adapter/adapter_config.json
openspec/changes/rl-engine-ports/evidence/2026-09-29-eq62/tf-ports/work/seed-17/yeto-federated-m2/adapter/yeto_rl_provenance.json	130	bdbb3d92f218a45b6dcbf264db023ba2670e3d7671aaff18473f2daed99ffb23	yeto-evidence-archive	/openspec/changes/rl-engine-ports/evidence/2026-09-29-eq62/tf-ports/work/seed-17/yeto-federated-m2/adapter/yeto_rl_provenance.json
openspec/changes/rl-engine-ports/evidence/2026-09-29-eq62/tf-ports/work/seed-17/yeto-federated-m2/eval-samples.jsonl	6810	8c92e84919e42baf408baf82fd331ed7edd554d5adedbd73326cbf6c32aaef22	yeto-evidence-archive	/openspec/changes/rl-engine-ports/evidence/2026-09-29-eq62/tf-ports/work/seed-17/yeto-federated-m2/eval-samples.jsonl
openspec/changes/rl-engine-ports/evidence/2026-09-29-eq62/tf-ports/work/seed-17/yeto-federated-m2/eval-worker.json	1267	d1ece8abcbfba1ab75cae7ef3cdebad57c5e141b87d0e2039ad3f2f7c5a9b178	yeto-evidence-archive	/openspec/changes/rl-engine-ports/evidence/2026-09-29-eq62/tf-ports/work/seed-17/yeto-federated-m2/eval-worker.json
openspec/changes/rl-engine-ports/evidence/2026-09-29-eq62/tf-ports/work/seed-17/yeto-federated-m2/eval.json	216	12ce7c39dfd5701c9c40e613e2a6137da28b166014b5c1fb99a622fe4daf4940	yeto-evidence-archive	/openspec/changes/rl-engine-ports/evidence/2026-09-29-eq62/tf-ports/work/seed-17/yeto-federated-m2/eval.json
openspec/changes/rl-engine-ports/evidence/2026-09-29-eq62/tf-ports/work/seed-17/yeto-federated-m2/eval.log	147	fb66a6b80a6011b86e41a9be687ac0090675303d5bf6157d981b364c7d3e68fe	yeto-evidence-archive	/openspec/changes/rl-engine-ports/evidence/2026-09-29-eq62/tf-ports/work/seed-17/yeto-federated-m2/eval.log
openspec/changes/rl-engine-ports/evidence/2026-09-29-eq62/tf-ports/work/seed-17/yeto-federated-m2/island-0/miles.log	72389	729b9c334989bd43b1f7058d4c923946bcb564a99641d486b0777d68291e5762	yeto-evidence-archive	/openspec/changes/rl-engine-ports/evidence/2026-09-29-eq62/tf-ports/work/seed-17/yeto-federated-m2/island-0/miles.log
openspec/changes/rl-engine-ports/evidence/2026-09-29-eq62/tf-ports/work/seed-17/yeto-federated-m2/island-0/worker.json	2069	45ac95c289ddd403dedf4760058d6d46078353493e382f26ee74f78998756152	yeto-evidence-archive	/openspec/changes/rl-engine-ports/evidence/2026-09-29-eq62/tf-ports/work/seed-17/yeto-federated-m2/island-0/worker.json
openspec/changes/rl-engine-ports/evidence/2026-09-29-eq62/tf-ports/work/seed-17/yeto-federated-m2/island-1/events.jsonl	4726	77cf942b77503de1a17698b98f26aa74b927088944cc6f790826923a6c3733e3	yeto-evidence-archive	/openspec/changes/rl-engine-ports/evidence/2026-09-29-eq62/tf-ports/work/seed-17/yeto-federated-m2/island-1/events.jsonl
openspec/changes/rl-engine-ports/evidence/2026-09-29-eq62/tf-ports/work/seed-17/yeto-federated-m2/island-1/miles.log	72495	38983bd22358c9269df7637a3e9963436bd20de5f54dcda0c34fab44f178a3ad	yeto-evidence-archive	/openspec/changes/rl-engine-ports/evidence/2026-09-29-eq62/tf-ports/work/seed-17/yeto-federated-m2/island-1/miles.log
openspec/changes/rl-engine-ports/evidence/2026-09-29-eq62/tf-ports/work/seed-17/yeto-federated-m2/island-1/worker.json	2069	3a0e5834ab98664dcec6b25e45951e7dc80027db73954ceafedd2da720916291	yeto-evidence-archive	/openspec/changes/rl-engine-ports/evidence/2026-09-29-eq62/tf-ports/work/seed-17/yeto-federated-m2/island-1/worker.json
openspec/changes/rl-engine-ports/evidence/2026-09-29-eq62/tf-ports/work/seed-17/yeto-federated-m2/rollouts/dashboard_columns/rollout_0.parquet	31029	7f9280bd2e27a1b5c0b301cc6a8f70f870aaf2b0dfa2d938ccdc8aac70e27489	yeto-evidence-archive	/openspec/changes/rl-engine-ports/evidence/2026-09-29-eq62/tf-ports/work/seed-17/yeto-federated-m2/rollouts/dashboard_columns/rollout_0.parquet
openspec/changes/rl-engine-ports/evidence/2026-09-29-eq62/tf-ports/work/seed-17/yeto-federated-m2/syncer.jsonl	1023	3dcecb445e0a7364b998d36062217a4812e2b64e6fd6693d142fb3cedbbc76f9	yeto-evidence-archive	/openspec/changes/rl-engine-ports/evidence/2026-09-29-eq62/tf-ports/work/seed-17/yeto-federated-m2/syncer.jsonl
openspec/changes/rl-engine-ports/evidence/2026-09-29-eq62/tf-ports/work/seed-17/yeto-federated-m2/syncer.log	3301	95884e1357f5d59af0b2d42add0d7f12da59eeaca2f07a90037724568ee0a48f	yeto-evidence-archive	/openspec/changes/rl-engine-ports/evidence/2026-09-29-eq62/tf-ports/work/seed-17/yeto-federated-m2/syncer.log
openspec/changes/rl-engine-ports/evidence/2026-09-29-eq63-v3/report.json	13379	7f908f4dcbf72618938f7bf7b23b790407eaded92513ff379fd5ddf49cd82d07	yeto-evidence-archive	/openspec/changes/rl-engine-ports/evidence/2026-09-29-eq63-v3/report.json
openspec/changes/rl-engine-ports/evidence/2026-09-29-eq63/drive.sh	4368	402fcbc10b7cea2d39c65bb86f8c1c1af7fe3e9a6daf89ff1e9f6ac2eb66bcf1	yeto-evidence-archive	/openspec/changes/rl-engine-ports/evidence/2026-09-29-eq63/drive.sh
openspec/changes/rl-engine-ports/evidence/2026-09-29-eq63/env-legacy/sandbox-env.txt	12780	6a51bd442b84e28e0563a89724d337f550d007f6d35faa9a1bee78620b1b47f1	yeto-evidence-archive	/openspec/changes/rl-engine-ports/evidence/2026-09-29-eq63/env-legacy/sandbox-env.txt
openspec/changes/rl-engine-ports/evidence/2026-09-29-eq63/env-ports/sandbox-env.txt	13135	7b05a0d5b4e4f799614aff3f66bc18b6b0a9d5996f888e444b27b79cfe96bfdd	yeto-evidence-archive	/openspec/changes/rl-engine-ports/evidence/2026-09-29-eq63/env-ports/sandbox-env.txt
openspec/changes/rl-engine-ports/evidence/2026-09-29-eq63/launch-args-legacy.txt	594	54c816feba60b1046e725bf1d1dfee3f78c9358664f540b649e379120b2f9204	yeto-evidence-archive	/openspec/changes/rl-engine-ports/evidence/2026-09-29-eq63/launch-args-legacy.txt
openspec/changes/rl-engine-ports/evidence/2026-09-29-eq63/launch-args-ports.txt	592	8bda24b28cc5e6a17d414c8b52ff82ab9766dfc0b4002d0400fc3dfdc3560440	yeto-evidence-archive	/openspec/changes/rl-engine-ports/evidence/2026-09-29-eq63/launch-args-ports.txt
openspec/changes/rl-engine-ports/evidence/2026-09-29-eq63/legacy-s17/launch.log	4918	6e43f22a4384d8e016de90625c4d60361a904c89fb07c40a2e3561acb36fabfc	yeto-evidence-archive	/openspec/changes/rl-engine-ports/evidence/2026-09-29-eq63/legacy-s17/launch.log
openspec/changes/rl-engine-ports/evidence/2026-09-29-eq63/legacy-s17/rc	2	9a271f2a916b0b6ee6cecb2426f0b3206ef074578be55d9bc94f6f3fe3ab86aa	yeto-evidence-archive	/openspec/changes/rl-engine-ports/evidence/2026-09-29-eq63/legacy-s17/rc
openspec/changes/rl-engine-ports/evidence/2026-09-29-eq63/legacy-s17/report/results.jsonl	1714	b1f5828ddfa2a41f2de31095bd293ef65873f5a9da634d45cf9d83adc7ca2859	yeto-evidence-archive	/openspec/changes/rl-engine-ports/evidence/2026-09-29-eq63/legacy-s17/report/results.jsonl
openspec/changes/rl-engine-ports/evidence/2026-09-29-eq63/legacy-s17/t_end	11	ed6758032ea39c65bec13f0b41b3fd1aad275857f91f751ce032a90326284589	yeto-evidence-archive	/openspec/changes/rl-engine-ports/evidence/2026-09-29-eq63/legacy-s17/t_end
openspec/changes/rl-engine-ports/evidence/2026-09-29-eq63/legacy-s17/t_start	11	620443368b654698f02de28a1d67088035abe91c1fde54310951b9f07d280344	yeto-evidence-archive	/openspec/changes/rl-engine-ports/evidence/2026-09-29-eq63/legacy-s17/t_start
openspec/changes/rl-engine-ports/evidence/2026-09-29-eq63/legacy-s17/work/data/m2/combined.jsonl	25371	71c46c537b7badc0c9868c001e6b57a034ff8bb32834fb8d09db35457a3dfa65	yeto-evidence-archive	/openspec/changes/rl-engine-ports/evidence/2026-09-29-eq63/legacy-s17/work/data/m2/combined.jsonl
openspec/changes/rl-engine-ports/evidence/2026-09-29-eq63/legacy-s17/work/data/m2/eval.jsonl	2922	e541ae1af20b3bf4c148ea4fcf1e9c23723657e8e4d956e1b4c71590db5af82b	yeto-evidence-archive	/openspec/changes/rl-engine-ports/evidence/2026-09-29-eq63/legacy-s17/work/data/m2/eval.jsonl
openspec/changes/rl-engine-ports/evidence/2026-09-29-eq63/legacy-s17/work/data/m2/island-0.jsonl	13211	944c8543adccbb2fe98b687656f2e40210aecac6fa248e662a7e3203f3bd8a39	yeto-evidence-archive	/openspec/changes/rl-engine-ports/evidence/2026-09-29-eq63/legacy-s17/work/data/m2/island-0.jsonl
openspec/changes/rl-engine-ports/evidence/2026-09-29-eq63/legacy-s17/work/data/m2/island-1.jsonl	12160	12b1275705e4117c530a13b3e9f9c99696b0ca711c90da3b3f6d6ffe282833bf	yeto-evidence-archive	/openspec/changes/rl-engine-ports/evidence/2026-09-29-eq63/legacy-s17/work/data/m2/island-1.jsonl
openspec/changes/rl-engine-ports/evidence/2026-09-29-eq63/legacy-s17/work/seed-17/yeto-decoupled-m2/adapter/adapter_config.json	1185	57d70129594490acd4dd66354eb3b148f02fd229bab8c451b22799c97afa9844	yeto-evidence-archive	/openspec/changes/rl-engine-ports/evidence/2026-09-29-eq63/legacy-s17/work/seed-17/yeto-decoupled-m2/adapter/adapter_config.json
openspec/changes/rl-engine-ports/evidence/2026-09-29-eq63/legacy-s17/work/seed-17/yeto-decoupled-m2/adapter/yeto_rl_provenance.json	592	05319fbbe342fd485390ae617245811e28f4f788d489b63c0924fb19f2af371d	yeto-evidence-archive	/openspec/changes/rl-engine-ports/evidence/2026-09-29-eq63/legacy-s17/work/seed-17/yeto-decoupled-m2/adapter/yeto_rl_provenance.json
openspec/changes/rl-engine-ports/evidence/2026-09-29-eq63/legacy-s17/work/seed-17/yeto-decoupled-m2/eval-samples.jsonl	8287	83461d0e5a84c1e1d3dfec47076b49074bfa647aea4a48855a39978e6a8c06b5	yeto-evidence-archive	/openspec/changes/rl-engine-ports/evidence/2026-09-29-eq63/legacy-s17/work/seed-17/yeto-decoupled-m2/eval-samples.jsonl
openspec/changes/rl-engine-ports/evidence/2026-09-29-eq63/legacy-s17/work/seed-17/yeto-decoupled-m2/eval-worker.json	1277	29cc9b76c0bf7f6813f12e2762115ac33db6966f840d58eab82905a786646990	yeto-evidence-archive	/openspec/changes/rl-engine-ports/evidence/2026-09-29-eq63/legacy-s17/work/seed-17/yeto-decoupled-m2/eval-worker.json
openspec/changes/rl-engine-ports/evidence/2026-09-29-eq63/legacy-s17/work/seed-17/yeto-decoupled-m2/eval.json	213	4dcfc2a542af38291839c053e45c364cb2654b1c09cd422698862a171d6c4dd2	yeto-evidence-archive	/openspec/changes/rl-engine-ports/evidence/2026-09-29-eq63/legacy-s17/work/seed-17/yeto-decoupled-m2/eval.json
openspec/changes/rl-engine-ports/evidence/2026-09-29-eq63/legacy-s17/work/seed-17/yeto-decoupled-m2/eval.log	1096	1e02b18666a251f518c2160d28a5b6f97d2752229600b6fa522109659ef7bbb5	yeto-evidence-archive	/openspec/changes/rl-engine-ports/evidence/2026-09-29-eq63/legacy-s17/work/seed-17/yeto-decoupled-m2/eval.log
openspec/changes/rl-engine-ports/evidence/2026-09-29-eq63/legacy-s17/work/seed-17/yeto-decoupled-m2/island-0/miles.log	54394	6190e316397fbf1cb3f42ddbdcf58996f6cd3086461381a995a2aae3cfd7f14a	yeto-evidence-archive	/openspec/changes/rl-engine-ports/evidence/2026-09-29-eq63/legacy-s17/work/seed-17/yeto-decoupled-m2/island-0/miles.log
openspec/changes/rl-engine-ports/evidence/2026-09-29-eq63/legacy-s17/work/seed-17/yeto-decoupled-m2/island-0/worker.json	2296	70a98e1d9e94e7199696a175597f23d1c8bc605ef7a351444a49202fa1f03b72	yeto-evidence-archive	/openspec/changes/rl-engine-ports/evidence/2026-09-29-eq63/legacy-s17/work/seed-17/yeto-decoupled-m2/island-0/worker.json
openspec/changes/rl-engine-ports/evidence/2026-09-29-eq63/legacy-s17/work/seed-17/yeto-decoupled-m2/island-1/events.jsonl	26726	06708b36e6ef1f02bfe6faca21be2594e14598ee26ea70d0e68582c457ff738d	yeto-evidence-archive	/openspec/changes/rl-engine-ports/evidence/2026-09-29-eq63/legacy-s17/work/seed-17/yeto-decoupled-m2/island-1/events.jsonl
openspec/changes/rl-engine-ports/evidence/2026-09-29-eq63/legacy-s17/work/seed-17/yeto-decoupled-m2/island-1/miles.log	55080	20d48535a69ae4e6db7b8071ac4010093f355af53dc841b438ee693b480b6dd1	yeto-evidence-archive	/openspec/changes/rl-engine-ports/evidence/2026-09-29-eq63/legacy-s17/work/seed-17/yeto-decoupled-m2/island-1/miles.log
openspec/changes/rl-engine-ports/evidence/2026-09-29-eq63/legacy-s17/work/seed-17/yeto-decoupled-m2/island-1/worker.json	2296	f2c5cc9557de785a11d3384ed2d8634b11f9aaad102b5961b308b523ced4b5aa	yeto-evidence-archive	/openspec/changes/rl-engine-ports/evidence/2026-09-29-eq63/legacy-s17/work/seed-17/yeto-decoupled-m2/island-1/worker.json
openspec/changes/rl-engine-ports/evidence/2026-09-29-eq63/legacy-s17/work/seed-17/yeto-decoupled-m2/rollouts/dashboard_columns/rollout_0.parquet	31029	7f9280bd2e27a1b5c0b301cc6a8f70f870aaf2b0dfa2d938ccdc8aac70e27489	yeto-evidence-archive	/openspec/changes/rl-engine-ports/evidence/2026-09-29-eq63/legacy-s17/work/seed-17/yeto-decoupled-m2/rollouts/dashboard_columns/rollout_0.parquet
openspec/changes/rl-engine-ports/evidence/2026-09-29-eq63/legacy-s17/work/seed-17/yeto-decoupled-m2/rollouts/dashboard_columns/rollout_1.parquet	58106	a0cc8a26ee7d573e7e91cec990b92a8e484f865761afc366b430f697b086abae	yeto-evidence-archive	/openspec/changes/rl-engine-ports/evidence/2026-09-29-eq63/legacy-s17/work/seed-17/yeto-decoupled-m2/rollouts/dashboard_columns/rollout_1.parquet
openspec/changes/rl-engine-ports/evidence/2026-09-29-eq63/legacy-s17/work/seed-17/yeto-decoupled-m2/rollouts/dashboard_columns/rollout_2.parquet	46569	e256f25fa35a36816b212f5f117573867fdef7b89ba8743962c0d1ccceac9f01	yeto-evidence-archive	/openspec/changes/rl-engine-ports/evidence/2026-09-29-eq63/legacy-s17/work/seed-17/yeto-decoupled-m2/rollouts/dashboard_columns/rollout_2.parquet
openspec/changes/rl-engine-ports/evidence/2026-09-29-eq63/legacy-s17/work/seed-17/yeto-decoupled-m2/rollouts/dashboard_columns/rollout_3.parquet	39614	f105ee8cef39bfd16b215475f2e6b951a01df30884ba7ff6ad8c562ae295976f	yeto-evidence-archive	/openspec/changes/rl-engine-ports/evidence/2026-09-29-eq63/legacy-s17/work/seed-17/yeto-decoupled-m2/rollouts/dashboard_columns/rollout_3.parquet
openspec/changes/rl-engine-ports/evidence/2026-09-29-eq63/legacy-s17/work/seed-17/yeto-decoupled-m2/rollouts/dashboard_columns/rollout_4.parquet	36252	3ac43c7dcf7b8077740000bbf38fbd14dbb2bff269b67a7e31cf867a6bc76df2	yeto-evidence-archive	/openspec/changes/rl-engine-ports/evidence/2026-09-29-eq63/legacy-s17/work/seed-17/yeto-decoupled-m2/rollouts/dashboard_columns/rollout_4.parquet
openspec/changes/rl-engine-ports/evidence/2026-09-29-eq63/legacy-s17/work/seed-17/yeto-decoupled-m2/rollouts/dashboard_columns/rollout_5.parquet	42030	76bfe820d3d5032a73d33db2163496568f750c1b17c762cff42e5e88f273518e	yeto-evidence-archive	/openspec/changes/rl-engine-ports/evidence/2026-09-29-eq63/legacy-s17/work/seed-17/yeto-decoupled-m2/rollouts/dashboard_columns/rollout_5.parquet
openspec/changes/rl-engine-ports/evidence/2026-09-29-eq63/legacy-s17/work/seed-17/yeto-decoupled-m2/rollouts/dashboard_columns/rollout_6.parquet	40853	03b7414073181d1fbe38022c32ba09ec993fb014d06298c64dc34bf77ea360f9	yeto-evidence-archive	/openspec/changes/rl-engine-ports/evidence/2026-09-29-eq63/legacy-s17/work/seed-17/yeto-decoupled-m2/rollouts/dashboard_columns/rollout_6.parquet
openspec/changes/rl-engine-ports/evidence/2026-09-29-eq63/legacy-s17/work/seed-17/yeto-decoupled-m2/rollouts/dashboard_columns/rollout_7.parquet	46822	d20f1707255c29f59fce048e41cc5a00352912238756ff7cc2d26e73fbf5f6ad	yeto-evidence-archive	/openspec/changes/rl-engine-ports/evidence/2026-09-29-eq63/legacy-s17/work/seed-17/yeto-decoupled-m2/rollouts/dashboard_columns/rollout_7.parquet
openspec/changes/rl-engine-ports/evidence/2026-09-29-eq63/legacy-s17/work/seed-17/yeto-decoupled-m2/syncer.jsonl	16257	ac181d2ca54a326838e9b50a29c0b47847080bc5263323e82bd617f5645f49ef	yeto-evidence-archive	/openspec/changes/rl-engine-ports/evidence/2026-09-29-eq63/legacy-s17/work/seed-17/yeto-decoupled-m2/syncer.jsonl
openspec/changes/rl-engine-ports/evidence/2026-09-29-eq63/legacy-s17/work/seed-17/yeto-decoupled-m2/syncer.log	9866	be5a9f81cc2c7be5e60cc7d7e09c0f03af9b74ed11aee0d670b2cccdbe7bc9e7	yeto-evidence-archive	/openspec/changes/rl-engine-ports/evidence/2026-09-29-eq63/legacy-s17/work/seed-17/yeto-decoupled-m2/syncer.log
openspec/changes/rl-engine-ports/evidence/2026-09-29-eq63/legacy-s18/launch.log	4648	d6fe14d5e63b415bbe553ca8965b618f5cc24cba2ba95552d000e1d81ed9c6a1	yeto-evidence-archive	/openspec/changes/rl-engine-ports/evidence/2026-09-29-eq63/legacy-s18/launch.log
openspec/changes/rl-engine-ports/evidence/2026-09-29-eq63/legacy-s18/rc	2	9a271f2a916b0b6ee6cecb2426f0b3206ef074578be55d9bc94f6f3fe3ab86aa	yeto-evidence-archive	/openspec/changes/rl-engine-ports/evidence/2026-09-29-eq63/legacy-s18/rc
openspec/changes/rl-engine-ports/evidence/2026-09-29-eq63/legacy-s18/report/results.jsonl	1703	af4e2c49f6cb47a2a1adce4363f5272fc6d20cef00c0637529d8a4a8e7c5e805	yeto-evidence-archive	/openspec/changes/rl-engine-ports/evidence/2026-09-29-eq63/legacy-s18/report/results.jsonl
openspec/changes/rl-engine-ports/evidence/2026-09-29-eq63/legacy-s18/t_end	11	a28c78acea20420d570a3f61439b9267a469ac5426654415e09ca5ee756a7596	yeto-evidence-archive	/openspec/changes/rl-engine-ports/evidence/2026-09-29-eq63/legacy-s18/t_end
openspec/changes/rl-engine-ports/evidence/2026-09-29-eq63/legacy-s18/t_start	11	2cbb9992e8abb8106453e65b394691c4b05dae50c88088c5ba564afc137e8862	yeto-evidence-archive	/openspec/changes/rl-engine-ports/evidence/2026-09-29-eq63/legacy-s18/t_start
openspec/changes/rl-engine-ports/evidence/2026-09-29-eq63/legacy-s18/work/data/m2/combined.jsonl	25371	71c46c537b7badc0c9868c001e6b57a034ff8bb32834fb8d09db35457a3dfa65	yeto-evidence-archive	/openspec/changes/rl-engine-ports/evidence/2026-09-29-eq63/legacy-s18/work/data/m2/combined.jsonl
openspec/changes/rl-engine-ports/evidence/2026-09-29-eq63/legacy-s18/work/data/m2/eval.jsonl	2922	e541ae1af20b3bf4c148ea4fcf1e9c23723657e8e4d956e1b4c71590db5af82b	yeto-evidence-archive	/openspec/changes/rl-engine-ports/evidence/2026-09-29-eq63/legacy-s18/work/data/m2/eval.jsonl
openspec/changes/rl-engine-ports/evidence/2026-09-29-eq63/legacy-s18/work/data/m2/island-0.jsonl	13211	944c8543adccbb2fe98b687656f2e40210aecac6fa248e662a7e3203f3bd8a39	yeto-evidence-archive	/openspec/changes/rl-engine-ports/evidence/2026-09-29-eq63/legacy-s18/work/data/m2/island-0.jsonl
openspec/changes/rl-engine-ports/evidence/2026-09-29-eq63/legacy-s18/work/data/m2/island-1.jsonl	12160	12b1275705e4117c530a13b3e9f9c99696b0ca711c90da3b3f6d6ffe282833bf	yeto-evidence-archive	/openspec/changes/rl-engine-ports/evidence/2026-09-29-eq63/legacy-s18/work/data/m2/island-1.jsonl
openspec/changes/rl-engine-ports/evidence/2026-09-29-eq63/legacy-s18/work/seed-18/yeto-decoupled-m2/adapter/adapter_config.json	1185	57d70129594490acd4dd66354eb3b148f02fd229bab8c451b22799c97afa9844	yeto-evidence-archive	/openspec/changes/rl-engine-ports/evidence/2026-09-29-eq63/legacy-s18/work/seed-18/yeto-decoupled-m2/adapter/adapter_config.json
openspec/changes/rl-engine-ports/evidence/2026-09-29-eq63/legacy-s18/work/seed-18/yeto-decoupled-m2/adapter/yeto_rl_provenance.json	593	459c64006e4d05913acce61f65af1aa040cbf7694484a07119493d441e92e983	yeto-evidence-archive	/openspec/changes/rl-engine-ports/evidence/2026-09-29-eq63/legacy-s18/work/seed-18/yeto-decoupled-m2/adapter/yeto_rl_provenance.json
openspec/changes/rl-engine-ports/evidence/2026-09-29-eq63/legacy-s18/work/seed-18/yeto-decoupled-m2/eval-samples.jsonl	7311	d2ed4287792307a8a43dc1ac88a73eba95d8ee64c6abceace8cd1717df760612	yeto-evidence-archive	/openspec/changes/rl-engine-ports/evidence/2026-09-29-eq63/legacy-s18/work/seed-18/yeto-decoupled-m2/eval-samples.jsonl
openspec/changes/rl-engine-ports/evidence/2026-09-29-eq63/legacy-s18/work/seed-18/yeto-decoupled-m2/eval-worker.json	1277	d372a66a9e5a8b76c7ea5432e99ffdae691d22ca90746c65f5a6f08ed51eadb8	yeto-evidence-archive	/openspec/changes/rl-engine-ports/evidence/2026-09-29-eq63/legacy-s18/work/seed-18/yeto-decoupled-m2/eval-worker.json
openspec/changes/rl-engine-ports/evidence/2026-09-29-eq63/legacy-s18/work/seed-18/yeto-decoupled-m2/eval.json	212	6f5f40e75a7b9b80d235fca18938a64ec9118689abce060e7ae9521ffa064605	yeto-evidence-archive	/openspec/changes/rl-engine-ports/evidence/2026-09-29-eq63/legacy-s18/work/seed-18/yeto-decoupled-m2/eval.json
openspec/changes/rl-engine-ports/evidence/2026-09-29-eq63/legacy-s18/work/seed-18/yeto-decoupled-m2/eval.log	1096	213599374ba99fc82773759e1dad654c3aab2ba008d6137c67ef715d4752661f	yeto-evidence-archive	/openspec/changes/rl-engine-ports/evidence/2026-09-29-eq63/legacy-s18/work/seed-18/yeto-decoupled-m2/eval.log
openspec/changes/rl-engine-ports/evidence/2026-09-29-eq63/legacy-s18/work/seed-18/yeto-decoupled-m2/island-0/miles.log	54727	06388bdd8faec0af51afd385216f2531f830f0724c27ba54b7533dc9644b9c25	yeto-evidence-archive	/openspec/changes/rl-engine-ports/evidence/2026-09-29-eq63/legacy-s18/work/seed-18/yeto-decoupled-m2/island-0/miles.log
openspec/changes/rl-engine-ports/evidence/2026-09-29-eq63/legacy-s18/work/seed-18/yeto-decoupled-m2/island-0/worker.json	2296	8a300cb68c1594cfe5026ca81747f20d071c8d88c56a6cb93830b551e3304584	yeto-evidence-archive	/openspec/changes/rl-engine-ports/evidence/2026-09-29-eq63/legacy-s18/work/seed-18/yeto-decoupled-m2/island-0/worker.json
openspec/changes/rl-engine-ports/evidence/2026-09-29-eq63/legacy-s18/work/seed-18/yeto-decoupled-m2/island-1/events.jsonl	27214	e4af05887c2aa7f99b635f616398009d9ac61cff1a2cdb501cf768e306fb256e	yeto-evidence-archive	/openspec/changes/rl-engine-ports/evidence/2026-09-29-eq63/legacy-s18/work/seed-18/yeto-decoupled-m2/island-1/events.jsonl
openspec/changes/rl-engine-ports/evidence/2026-09-29-eq63/legacy-s18/work/seed-18/yeto-decoupled-m2/island-1/miles.log	54605	7de6c2b1eb54ca6a1e90b4630d45708365eb713944c24b181f01773f10d8e371	yeto-evidence-archive	/openspec/changes/rl-engine-ports/evidence/2026-09-29-eq63/legacy-s18/work/seed-18/yeto-decoupled-m2/island-1/miles.log
openspec/changes/rl-engine-ports/evidence/2026-09-29-eq63/legacy-s18/work/seed-18/yeto-decoupled-m2/island-1/worker.json	2296	844ad91386ceb23cbffd00568fd049c9d659722f15724f2291777fa3eaad81f5	yeto-evidence-archive	/openspec/changes/rl-engine-ports/evidence/2026-09-29-eq63/legacy-s18/work/seed-18/yeto-decoupled-m2/island-1/worker.json
openspec/changes/rl-engine-ports/evidence/2026-09-29-eq63/legacy-s18/work/seed-18/yeto-decoupled-m2/rollouts/dashboard_columns/rollout_0.parquet	36162	518ca6fbc436f3258aec1336ffa4ca8a2b971f0822daf545cce4b1c3a2e4930b	yeto-evidence-archive	/openspec/changes/rl-engine-ports/evidence/2026-09-29-eq63/legacy-s18/work/seed-18/yeto-decoupled-m2/rollouts/dashboard_columns/rollout_0.parquet
openspec/changes/rl-engine-ports/evidence/2026-09-29-eq63/legacy-s18/work/seed-18/yeto-decoupled-m2/rollouts/dashboard_columns/rollout_1.parquet	56458	2b4b63f6472d293c83cbf5c9896f70b5fff2b73c855ea8816b64f070bc85d2ce	yeto-evidence-archive	/openspec/changes/rl-engine-ports/evidence/2026-09-29-eq63/legacy-s18/work/seed-18/yeto-decoupled-m2/rollouts/dashboard_columns/rollout_1.parquet
openspec/changes/rl-engine-ports/evidence/2026-09-29-eq63/legacy-s18/work/seed-18/yeto-decoupled-m2/rollouts/dashboard_columns/rollout_2.parquet	44056	3f15d6c266ac0cddfee6eabce5a9786b62362c6eb4053b4621e28f65605f908e	yeto-evidence-archive	/openspec/changes/rl-engine-ports/evidence/2026-09-29-eq63/legacy-s18/work/seed-18/yeto-decoupled-m2/rollouts/dashboard_columns/rollout_2.parquet
openspec/changes/rl-engine-ports/evidence/2026-09-29-eq63/legacy-s18/work/seed-18/yeto-decoupled-m2/rollouts/dashboard_columns/rollout_3.parquet	47085	f1549473fc3b2d7e60bcfd70cc6d254f45f72ced35ec4071b3fb65d36c954f09	yeto-evidence-archive	/openspec/changes/rl-engine-ports/evidence/2026-09-29-eq63/legacy-s18/work/seed-18/yeto-decoupled-m2/rollouts/dashboard_columns/rollout_3.parquet
openspec/changes/rl-engine-ports/evidence/2026-09-29-eq63/legacy-s18/work/seed-18/yeto-decoupled-m2/rollouts/dashboard_columns/rollout_4.parquet	39053	59fc5ca5542c354fb929f5e034defda7305b366adb0a5186bc57a3167203e63d	yeto-evidence-archive	/openspec/changes/rl-engine-ports/evidence/2026-09-29-eq63/legacy-s18/work/seed-18/yeto-decoupled-m2/rollouts/dashboard_columns/rollout_4.parquet
openspec/changes/rl-engine-ports/evidence/2026-09-29-eq63/legacy-s18/work/seed-18/yeto-decoupled-m2/rollouts/dashboard_columns/rollout_5.parquet	36972	f9bdbba820571d987dad9940bf10ff0384c4bed56ebd1b3480ccae364b0f1978	yeto-evidence-archive	/openspec/changes/rl-engine-ports/evidence/2026-09-29-eq63/legacy-s18/work/seed-18/yeto-decoupled-m2/rollouts/dashboard_columns/rollout_5.parquet
openspec/changes/rl-engine-ports/evidence/2026-09-29-eq63/legacy-s18/work/seed-18/yeto-decoupled-m2/rollouts/dashboard_columns/rollout_6.parquet	40619	ce1746c82fd878d8b35d0e395ef67f58a322e763495fea09ffec31c09f6531d8	yeto-evidence-archive	/openspec/changes/rl-engine-ports/evidence/2026-09-29-eq63/legacy-s18/work/seed-18/yeto-decoupled-m2/rollouts/dashboard_columns/rollout_6.parquet
openspec/changes/rl-engine-ports/evidence/2026-09-29-eq63/legacy-s18/work/seed-18/yeto-decoupled-m2/rollouts/dashboard_columns/rollout_7.parquet	44958	90838083d4a423ab8e629e98534368d1c13d7246c73ff40555cddea9dc0356ca	yeto-evidence-archive	/openspec/changes/rl-engine-ports/evidence/2026-09-29-eq63/legacy-s18/work/seed-18/yeto-decoupled-m2/rollouts/dashboard_columns/rollout_7.parquet
openspec/changes/rl-engine-ports/evidence/2026-09-29-eq63/legacy-s18/work/seed-18/yeto-decoupled-m2/syncer.jsonl	17316	c6ca1ded2910d8b44865c1b7589a706f3df6f3c27d8f155d8d840b1eead6bde6	yeto-evidence-archive	/openspec/changes/rl-engine-ports/evidence/2026-09-29-eq63/legacy-s18/work/seed-18/yeto-decoupled-m2/syncer.jsonl
openspec/changes/rl-engine-ports/evidence/2026-09-29-eq63/legacy-s18/work/seed-18/yeto-decoupled-m2/syncer.log	10256	d65b544b49d81b2b82ecdd3f1e7e41f1b82ddd526a5ab7fc9d6ec3f34c9ce971	yeto-evidence-archive	/openspec/changes/rl-engine-ports/evidence/2026-09-29-eq63/legacy-s18/work/seed-18/yeto-decoupled-m2/syncer.log
openspec/changes/rl-engine-ports/evidence/2026-09-29-eq63/legacy-s19/launch.log	4648	92dba487233e201299ee379f88fc0e07fce285e1c1f7c4fda72cc7871ca47699	yeto-evidence-archive	/openspec/changes/rl-engine-ports/evidence/2026-09-29-eq63/legacy-s19/launch.log
openspec/changes/rl-engine-ports/evidence/2026-09-29-eq63/legacy-s19/rc	2	9a271f2a916b0b6ee6cecb2426f0b3206ef074578be55d9bc94f6f3fe3ab86aa	yeto-evidence-archive	/openspec/changes/rl-engine-ports/evidence/2026-09-29-eq63/legacy-s19/rc
openspec/changes/rl-engine-ports/evidence/2026-09-29-eq63/legacy-s19/report/results.jsonl	1705	5b70008b1b5f53053e8d6bbe4825f35d01b0b7569f9c72332a99e51ec48fb8ed	yeto-evidence-archive	/openspec/changes/rl-engine-ports/evidence/2026-09-29-eq63/legacy-s19/report/results.jsonl
openspec/changes/rl-engine-ports/evidence/2026-09-29-eq63/legacy-s19/t_end	11	d2c71e57a8edb457c7df971f8a9663be453c120481816362c6cfedff319433b1	yeto-evidence-archive	/openspec/changes/rl-engine-ports/evidence/2026-09-29-eq63/legacy-s19/t_end
openspec/changes/rl-engine-ports/evidence/2026-09-29-eq63/legacy-s19/t_start	11	824d09e472b8b8816079885e4b5687ca979ae49f10e78437197f9395a124855d	yeto-evidence-archive	/openspec/changes/rl-engine-ports/evidence/2026-09-29-eq63/legacy-s19/t_start
openspec/changes/rl-engine-ports/evidence/2026-09-29-eq63/legacy-s19/work/data/m2/combined.jsonl	25371	71c46c537b7badc0c9868c001e6b57a034ff8bb32834fb8d09db35457a3dfa65	yeto-evidence-archive	/openspec/changes/rl-engine-ports/evidence/2026-09-29-eq63/legacy-s19/work/data/m2/combined.jsonl
openspec/changes/rl-engine-ports/evidence/2026-09-29-eq63/legacy-s19/work/data/m2/eval.jsonl	2922	e541ae1af20b3bf4c148ea4fcf1e9c23723657e8e4d956e1b4c71590db5af82b	yeto-evidence-archive	/openspec/changes/rl-engine-ports/evidence/2026-09-29-eq63/legacy-s19/work/data/m2/eval.jsonl
openspec/changes/rl-engine-ports/evidence/2026-09-29-eq63/legacy-s19/work/data/m2/island-0.jsonl	13211	944c8543adccbb2fe98b687656f2e40210aecac6fa248e662a7e3203f3bd8a39	yeto-evidence-archive	/openspec/changes/rl-engine-ports/evidence/2026-09-29-eq63/legacy-s19/work/data/m2/island-0.jsonl
openspec/changes/rl-engine-ports/evidence/2026-09-29-eq63/legacy-s19/work/data/m2/island-1.jsonl	12160	12b1275705e4117c530a13b3e9f9c99696b0ca711c90da3b3f6d6ffe282833bf	yeto-evidence-archive	/openspec/changes/rl-engine-ports/evidence/2026-09-29-eq63/legacy-s19/work/data/m2/island-1.jsonl
openspec/changes/rl-engine-ports/evidence/2026-09-29-eq63/legacy-s19/work/seed-19/yeto-decoupled-m2/adapter/adapter_config.json	1185	57d70129594490acd4dd66354eb3b148f02fd229bab8c451b22799c97afa9844	yeto-evidence-archive	/openspec/changes/rl-engine-ports/evidence/2026-09-29-eq63/legacy-s19/work/seed-19/yeto-decoupled-m2/adapter/adapter_config.json
openspec/changes/rl-engine-ports/evidence/2026-09-29-eq63/legacy-s19/work/seed-19/yeto-decoupled-m2/adapter/yeto_rl_provenance.json	593	7da32fe5c4ed3f9b26ea80867f1263cab77e7800c3b3cd18b99a8e39be1afd6b	yeto-evidence-archive	/openspec/changes/rl-engine-ports/evidence/2026-09-29-eq63/legacy-s19/work/seed-19/yeto-decoupled-m2/adapter/yeto_rl_provenance.json
openspec/changes/rl-engine-ports/evidence/2026-09-29-eq63/legacy-s19/work/seed-19/yeto-decoupled-m2/eval-samples.jsonl	7188	615a840dc1b338b4e3132c402c9cf93fdb67437d21c4e659da721ad303406645	yeto-evidence-archive	/openspec/changes/rl-engine-ports/evidence/2026-09-29-eq63/legacy-s19/work/seed-19/yeto-decoupled-m2/eval-samples.jsonl
openspec/changes/rl-engine-ports/evidence/2026-09-29-eq63/legacy-s19/work/seed-19/yeto-decoupled-m2/eval-worker.json	1277	3187bf07d70ddc43ae1ace7f5ed1256d7eea733e36fb43959c9e80ed8d5abbff	yeto-evidence-archive	/openspec/changes/rl-engine-ports/evidence/2026-09-29-eq63/legacy-s19/work/seed-19/yeto-decoupled-m2/eval-worker.json
openspec/changes/rl-engine-ports/evidence/2026-09-29-eq63/legacy-s19/work/seed-19/yeto-decoupled-m2/eval.json	217	ce6f3b644856c96d243364c53a7eff3860078ff6badd93b3e85c8290e032095c	yeto-evidence-archive	/openspec/changes/rl-engine-ports/evidence/2026-09-29-eq63/legacy-s19/work/seed-19/yeto-decoupled-m2/eval.json
openspec/changes/rl-engine-ports/evidence/2026-09-29-eq63/legacy-s19/work/seed-19/yeto-decoupled-m2/eval.log	1096	5e411cd04e82c65d014aba832279e8c7a48db80384f9ba1798c42c887756e82e	yeto-evidence-archive	/openspec/changes/rl-engine-ports/evidence/2026-09-29-eq63/legacy-s19/work/seed-19/yeto-decoupled-m2/eval.log
openspec/changes/rl-engine-ports/evidence/2026-09-29-eq63/legacy-s19/work/seed-19/yeto-decoupled-m2/island-0/miles.log	54598	996edf0255382fe8c4aa3e0966eef949c9e26983fc8d23f4f05a0980105ca832	yeto-evidence-archive	/openspec/changes/rl-engine-ports/evidence/2026-09-29-eq63/legacy-s19/work/seed-19/yeto-decoupled-m2/island-0/miles.log
openspec/changes/rl-engine-ports/evidence/2026-09-29-eq63/legacy-s19/work/seed-19/yeto-decoupled-m2/island-0/worker.json	2296	d04c4115561fc34e0a47b030b2f186816ecc38fae4c6f357cf30e8aca9acec3a	yeto-evidence-archive	/openspec/changes/rl-engine-ports/evidence/2026-09-29-eq63/legacy-s19/work/seed-19/yeto-decoupled-m2/island-0/worker.json
openspec/changes/rl-engine-ports/evidence/2026-09-29-eq63/legacy-s19/work/seed-19/yeto-decoupled-m2/island-1/events.jsonl	27220	fb51677a9c711f79ea7ef8e59d01b74c31b99e4c2186e11757a40d4449a0ae41	yeto-evidence-archive	/openspec/changes/rl-engine-ports/evidence/2026-09-29-eq63/legacy-s19/work/seed-19/yeto-decoupled-m2/island-1/events.jsonl
openspec/changes/rl-engine-ports/evidence/2026-09-29-eq63/legacy-s19/work/seed-19/yeto-decoupled-m2/island-1/miles.log	54362	91a910a3e0ed6791bc62e62bd818a3e2ffd17836536510da2da2a10fc787d134	yeto-evidence-archive	/openspec/changes/rl-engine-ports/evidence/2026-09-29-eq63/legacy-s19/work/seed-19/yeto-decoupled-m2/island-1/miles.log
openspec/changes/rl-engine-ports/evidence/2026-09-29-eq63/legacy-s19/work/seed-19/yeto-decoupled-m2/island-1/worker.json	2296	e5c094f00c22f429a99330aba1c3e674981efb05311488d45ebb66fe1393d514	yeto-evidence-archive	/openspec/changes/rl-engine-ports/evidence/2026-09-29-eq63/legacy-s19/work/seed-19/yeto-decoupled-m2/island-1/worker.json
openspec/changes/rl-engine-ports/evidence/2026-09-29-eq63/legacy-s19/work/seed-19/yeto-decoupled-m2/rollouts/dashboard_columns/rollout_0.parquet	36373	06b60cee44f988d50cfac398e9d356eaf9ddcbd2b9ca1a664af99d2f4abc5db1	yeto-evidence-archive	/openspec/changes/rl-engine-ports/evidence/2026-09-29-eq63/legacy-s19/work/seed-19/yeto-decoupled-m2/rollouts/dashboard_columns/rollout_0.parquet
openspec/changes/rl-engine-ports/evidence/2026-09-29-eq63/legacy-s19/work/seed-19/yeto-decoupled-m2/rollouts/dashboard_columns/rollout_1.parquet	43273	b17641f5c1858c43bb80ebbf0beb89d6ff6607964b6c362eae4016e565a089ff	yeto-evidence-archive	/openspec/changes/rl-engine-ports/evidence/2026-09-29-eq63/legacy-s19/work/seed-19/yeto-decoupled-m2/rollouts/dashboard_columns/rollout_1.parquet
openspec/changes/rl-engine-ports/evidence/2026-09-29-eq63/legacy-s19/work/seed-19/yeto-decoupled-m2/rollouts/dashboard_columns/rollout_2.parquet	44944	1dbc054d65270742a8e1209a4f3496efeafc14222abc75de9e0d60f9ac94a577	yeto-evidence-archive	/openspec/changes/rl-engine-ports/evidence/2026-09-29-eq63/legacy-s19/work/seed-19/yeto-decoupled-m2/rollouts/dashboard_columns/rollout_2.parquet
openspec/changes/rl-engine-ports/evidence/2026-09-29-eq63/legacy-s19/work/seed-19/yeto-decoupled-m2/rollouts/dashboard_columns/rollout_3.parquet	42633	3d914cc0bc58f2c78d3026f429cadc93985d946c8e2c6915915f196bb6642397	yeto-evidence-archive	/openspec/changes/rl-engine-ports/evidence/2026-09-29-eq63/legacy-s19/work/seed-19/yeto-decoupled-m2/rollouts/dashboard_columns/rollout_3.parquet
openspec/changes/rl-engine-ports/evidence/2026-09-29-eq63/legacy-s19/work/seed-19/yeto-decoupled-m2/rollouts/dashboard_columns/rollout_4.parquet	32211	941628e31c1400b189dcd39ff68b330274d0ac6e6bf1b7d913cff4d181545f5c	yeto-evidence-archive	/openspec/changes/rl-engine-ports/evidence/2026-09-29-eq63/legacy-s19/work/seed-19/yeto-decoupled-m2/rollouts/dashboard_columns/rollout_4.parquet
openspec/changes/rl-engine-ports/evidence/2026-09-29-eq63/legacy-s19/work/seed-19/yeto-decoupled-m2/rollouts/dashboard_columns/rollout_5.parquet	34487	5b0ce72047f8be9640d95682dd04fe47031679231debf03c15493f6cca4cf188	yeto-evidence-archive	/openspec/changes/rl-engine-ports/evidence/2026-09-29-eq63/legacy-s19/work/seed-19/yeto-decoupled-m2/rollouts/dashboard_columns/rollout_5.parquet
openspec/changes/rl-engine-ports/evidence/2026-09-29-eq63/legacy-s19/work/seed-19/yeto-decoupled-m2/rollouts/dashboard_columns/rollout_6.parquet	36840	ad4e7fe11eddea8ca12140b37ad28b88e4d0c7df462a43b38db72a2c4719448b	yeto-evidence-archive	/openspec/changes/rl-engine-ports/evidence/2026-09-29-eq63/legacy-s19/work/seed-19/yeto-decoupled-m2/rollouts/dashboard_columns/rollout_6.parquet
openspec/changes/rl-engine-ports/evidence/2026-09-29-eq63/legacy-s19/work/seed-19/yeto-decoupled-m2/rollouts/dashboard_columns/rollout_7.parquet	40368	d9d53bdb22928b4ab7c9830e1c0d4d539233881511a1a4260041e82bd4624d17	yeto-evidence-archive	/openspec/changes/rl-engine-ports/evidence/2026-09-29-eq63/legacy-s19/work/seed-19/yeto-decoupled-m2/rollouts/dashboard_columns/rollout_7.parquet
openspec/changes/rl-engine-ports/evidence/2026-09-29-eq63/legacy-s19/work/seed-19/yeto-decoupled-m2/syncer.jsonl	17317	5b652a7c4b0968c3d6285889948139c6ca1bcf8a16654d00937705499ae3f11b	yeto-evidence-archive	/openspec/changes/rl-engine-ports/evidence/2026-09-29-eq63/legacy-s19/work/seed-19/yeto-decoupled-m2/syncer.jsonl
openspec/changes/rl-engine-ports/evidence/2026-09-29-eq63/legacy-s19/work/seed-19/yeto-decoupled-m2/syncer.log	9652	de1bdf1331879077508a4b3e2d82661e0307f16dee5b88660c4a80469054b392	yeto-evidence-archive	/openspec/changes/rl-engine-ports/evidence/2026-09-29-eq63/legacy-s19/work/seed-19/yeto-decoupled-m2/syncer.log
openspec/changes/rl-engine-ports/evidence/2026-09-29-eq63/legacy-s20/launch.log	4510	d8d78e509f9e0389a6886b08af6fbf65c33e96c41969a657b28e1cfba009fd17	yeto-evidence-archive	/openspec/changes/rl-engine-ports/evidence/2026-09-29-eq63/legacy-s20/launch.log
openspec/changes/rl-engine-ports/evidence/2026-09-29-eq63/legacy-s20/rc	2	9a271f2a916b0b6ee6cecb2426f0b3206ef074578be55d9bc94f6f3fe3ab86aa	yeto-evidence-archive	/openspec/changes/rl-engine-ports/evidence/2026-09-29-eq63/legacy-s20/rc
openspec/changes/rl-engine-ports/evidence/2026-09-29-eq63/legacy-s20/report/results.jsonl	1703	fccff888ee98c3053681c359fcd2e6bbfe934f4cd2a955d1087d801fb324e12e	yeto-evidence-archive	/openspec/changes/rl-engine-ports/evidence/2026-09-29-eq63/legacy-s20/report/results.jsonl
openspec/changes/rl-engine-ports/evidence/2026-09-29-eq63/legacy-s20/t_end	11	3d7123039b75e0761dad54210587c38e800e209ea2766b89678839f9698b2888	yeto-evidence-archive	/openspec/changes/rl-engine-ports/evidence/2026-09-29-eq63/legacy-s20/t_end
openspec/changes/rl-engine-ports/evidence/2026-09-29-eq63/legacy-s20/t_start	11	fa968bcb33b4b2fd9bdc9c640866624752aa21fc4265654084497261d0cf29d3	yeto-evidence-archive	/openspec/changes/rl-engine-ports/evidence/2026-09-29-eq63/legacy-s20/t_start
openspec/changes/rl-engine-ports/evidence/2026-09-29-eq63/legacy-s20/work/data/m2/combined.jsonl	25371	71c46c537b7badc0c9868c001e6b57a034ff8bb32834fb8d09db35457a3dfa65	yeto-evidence-archive	/openspec/changes/rl-engine-ports/evidence/2026-09-29-eq63/legacy-s20/work/data/m2/combined.jsonl
openspec/changes/rl-engine-ports/evidence/2026-09-29-eq63/legacy-s20/work/data/m2/eval.jsonl	2922	e541ae1af20b3bf4c148ea4fcf1e9c23723657e8e4d956e1b4c71590db5af82b	yeto-evidence-archive	/openspec/changes/rl-engine-ports/evidence/2026-09-29-eq63/legacy-s20/work/data/m2/eval.jsonl
openspec/changes/rl-engine-ports/evidence/2026-09-29-eq63/legacy-s20/work/data/m2/island-0.jsonl	13211	944c8543adccbb2fe98b687656f2e40210aecac6fa248e662a7e3203f3bd8a39	yeto-evidence-archive	/openspec/changes/rl-engine-ports/evidence/2026-09-29-eq63/legacy-s20/work/data/m2/island-0.jsonl
openspec/changes/rl-engine-ports/evidence/2026-09-29-eq63/legacy-s20/work/data/m2/island-1.jsonl	12160	12b1275705e4117c530a13b3e9f9c99696b0ca711c90da3b3f6d6ffe282833bf	yeto-evidence-archive	/openspec/changes/rl-engine-ports/evidence/2026-09-29-eq63/legacy-s20/work/data/m2/island-1.jsonl
openspec/changes/rl-engine-ports/evidence/2026-09-29-eq63/legacy-s20/work/seed-20/yeto-decoupled-m2/adapter/adapter_config.json	1185	57d70129594490acd4dd66354eb3b148f02fd229bab8c451b22799c97afa9844	yeto-evidence-archive	/openspec/changes/rl-engine-ports/evidence/2026-09-29-eq63/legacy-s20/work/seed-20/yeto-decoupled-m2/adapter/adapter_config.json
openspec/changes/rl-engine-ports/evidence/2026-09-29-eq63/legacy-s20/work/seed-20/yeto-decoupled-m2/adapter/yeto_rl_provenance.json	593	d6ff2498f87d1c644317658a3adc248fcfbf3c750a138e14f05921404bd040bf	yeto-evidence-archive	/openspec/changes/rl-engine-ports/evidence/2026-09-29-eq63/legacy-s20/work/seed-20/yeto-decoupled-m2/adapter/yeto_rl_provenance.json
openspec/changes/rl-engine-ports/evidence/2026-09-29-eq63/legacy-s20/work/seed-20/yeto-decoupled-m2/eval-samples.jsonl	6772	fd2b8b72b9a5d4b54a1561911d5e3651ee26ca515f119e0bf6fc535b7a8a8b64	yeto-evidence-archive	/openspec/changes/rl-engine-ports/evidence/2026-09-29-eq63/legacy-s20/work/seed-20/yeto-decoupled-m2/eval-samples.jsonl
openspec/changes/rl-engine-ports/evidence/2026-09-29-eq63/legacy-s20/work/seed-20/yeto-decoupled-m2/eval-worker.json	1277	1840a643eed2f7d900f9037b2348b4de37fe66e6a3538b7f7e434db515715274	yeto-evidence-archive	/openspec/changes/rl-engine-ports/evidence/2026-09-29-eq63/legacy-s20/work/seed-20/yeto-decoupled-m2/eval-worker.json
openspec/changes/rl-engine-ports/evidence/2026-09-29-eq63/legacy-s20/work/seed-20/yeto-decoupled-m2/eval.json	213	ba1c5df820548bdca38d9d6ca13230c02e799e938310260d6f7499b70a3c95a0	yeto-evidence-archive	/openspec/changes/rl-engine-ports/evidence/2026-09-29-eq63/legacy-s20/work/seed-20/yeto-decoupled-m2/eval.json
openspec/changes/rl-engine-ports/evidence/2026-09-29-eq63/legacy-s20/work/seed-20/yeto-decoupled-m2/eval.log	1096	b41a69fe0ccc5eeac03f89c9bff54dc92cf9a961aec1601c2366b8ed9d5afe0c	yeto-evidence-archive	/openspec/changes/rl-engine-ports/evidence/2026-09-29-eq63/legacy-s20/work/seed-20/yeto-decoupled-m2/eval.log
openspec/changes/rl-engine-ports/evidence/2026-09-29-eq63/legacy-s20/work/seed-20/yeto-decoupled-m2/island-0/miles.log	54165	cec34747336fa6663b53246f56200a6ab1c176052ed0c605398f7106d4b371b9	yeto-evidence-archive	/openspec/changes/rl-engine-ports/evidence/2026-09-29-eq63/legacy-s20/work/seed-20/yeto-decoupled-m2/island-0/miles.log
openspec/changes/rl-engine-ports/evidence/2026-09-29-eq63/legacy-s20/work/seed-20/yeto-decoupled-m2/island-0/worker.json	2296	9f717451e22a555e2098d3a6c61042e73948bcd85b54b15f38febb4db0eafa35	yeto-evidence-archive	/openspec/changes/rl-engine-ports/evidence/2026-09-29-eq63/legacy-s20/work/seed-20/yeto-decoupled-m2/island-0/worker.json
openspec/changes/rl-engine-ports/evidence/2026-09-29-eq63/legacy-s20/work/seed-20/yeto-decoupled-m2/island-1/events.jsonl	27220	ae735dee6b59193eb8da231c51c5ea856c84fe9a1dd553c4890952ee883e3795	yeto-evidence-archive	/openspec/changes/rl-engine-ports/evidence/2026-09-29-eq63/legacy-s20/work/seed-20/yeto-decoupled-m2/island-1/events.jsonl
openspec/changes/rl-engine-ports/evidence/2026-09-29-eq63/legacy-s20/work/seed-20/yeto-decoupled-m2/island-1/miles.log	54575	96b367c35630cf977d30490887dc783583603c7bcc199c54e6dc8630e04f7a10	yeto-evidence-archive	/openspec/changes/rl-engine-ports/evidence/2026-09-29-eq63/legacy-s20/work/seed-20/yeto-decoupled-m2/island-1/miles.log
openspec/changes/rl-engine-ports/evidence/2026-09-29-eq63/legacy-s20/work/seed-20/yeto-decoupled-m2/island-1/worker.json	2296	62515f05605eab6307ea9acfe03ae1628d959b22d8c1e91d6a9376329d62b248	yeto-evidence-archive	/openspec/changes/rl-engine-ports/evidence/2026-09-29-eq63/legacy-s20/work/seed-20/yeto-decoupled-m2/island-1/worker.json
openspec/changes/rl-engine-ports/evidence/2026-09-29-eq63/legacy-s20/work/seed-20/yeto-decoupled-m2/rollouts/dashboard_columns/rollout_0.parquet	35773	6a65f4b38c95ed5021aecbd48353ebac523c86d1a69169e702afb1764dbc3020	yeto-evidence-archive	/openspec/changes/rl-engine-ports/evidence/2026-09-29-eq63/legacy-s20/work/seed-20/yeto-decoupled-m2/rollouts/dashboard_columns/rollout_0.parquet
openspec/changes/rl-engine-ports/evidence/2026-09-29-eq63/legacy-s20/work/seed-20/yeto-decoupled-m2/rollouts/dashboard_columns/rollout_1.parquet	56611	b5d810d0418fe9e8dd73678c9c68af6c36a2826b2f24a42f1100c7cb3413af75	yeto-evidence-archive	/openspec/changes/rl-engine-ports/evidence/2026-09-29-eq63/legacy-s20/work/seed-20/yeto-decoupled-m2/rollouts/dashboard_columns/rollout_1.parquet
openspec/changes/rl-engine-ports/evidence/2026-09-29-eq63/legacy-s20/work/seed-20/yeto-decoupled-m2/rollouts/dashboard_columns/rollout_2.parquet	43919	f694c83c5e4cbe8c696a8f90371e6642f590f7b71fd3fc6089b7af0fbdd2acf0	yeto-evidence-archive	/openspec/changes/rl-engine-ports/evidence/2026-09-29-eq63/legacy-s20/work/seed-20/yeto-decoupled-m2/rollouts/dashboard_columns/rollout_2.parquet
openspec/changes/rl-engine-ports/evidence/2026-09-29-eq63/legacy-s20/work/seed-20/yeto-decoupled-m2/rollouts/dashboard_columns/rollout_3.parquet	44345	69d4bbcd7997d5068df7d232e17dda32b936ebdf07760400f1f9236851d2508c	yeto-evidence-archive	/openspec/changes/rl-engine-ports/evidence/2026-09-29-eq63/legacy-s20/work/seed-20/yeto-decoupled-m2/rollouts/dashboard_columns/rollout_3.parquet
openspec/changes/rl-engine-ports/evidence/2026-09-29-eq63/legacy-s20/work/seed-20/yeto-decoupled-m2/rollouts/dashboard_columns/rollout_4.parquet	35397	41dccf281269d5bad2f8384e237fd203b7e85218ffe655400543fd5c141e8c4e	yeto-evidence-archive	/openspec/changes/rl-engine-ports/evidence/2026-09-29-eq63/legacy-s20/work/seed-20/yeto-decoupled-m2/rollouts/dashboard_columns/rollout_4.parquet
openspec/changes/rl-engine-ports/evidence/2026-09-29-eq63/legacy-s20/work/seed-20/yeto-decoupled-m2/rollouts/dashboard_columns/rollout_5.parquet	36810	78dcc0a34b72fc145d5c5bd9e997d57c09a4ddf8856bc9822fee116d5dcfe695	yeto-evidence-archive	/openspec/changes/rl-engine-ports/evidence/2026-09-29-eq63/legacy-s20/work/seed-20/yeto-decoupled-m2/rollouts/dashboard_columns/rollout_5.parquet
openspec/changes/rl-engine-ports/evidence/2026-09-29-eq63/legacy-s20/work/seed-20/yeto-decoupled-m2/rollouts/dashboard_columns/rollout_6.parquet	38487	8a95ac2bc9dde165208823c5177de0bb5d487320b35eaef55deab6bf9e0c54ad	yeto-evidence-archive	/openspec/changes/rl-engine-ports/evidence/2026-09-29-eq63/legacy-s20/work/seed-20/yeto-decoupled-m2/rollouts/dashboard_columns/rollout_6.parquet
openspec/changes/rl-engine-ports/evidence/2026-09-29-eq63/legacy-s20/work/seed-20/yeto-decoupled-m2/rollouts/dashboard_columns/rollout_7.parquet	44276	67eaf968522cd1c1624d774ce2a8071423874ba3d7981ace3e7d2532aaeda860	yeto-evidence-archive	/openspec/changes/rl-engine-ports/evidence/2026-09-29-eq63/legacy-s20/work/seed-20/yeto-decoupled-m2/rollouts/dashboard_columns/rollout_7.parquet
openspec/changes/rl-engine-ports/evidence/2026-09-29-eq63/legacy-s20/work/seed-20/yeto-decoupled-m2/syncer.jsonl	17381	400310e734befe20bf91ba5e3e377705b368bcfe45b71d9145c3c2b34e49bda7	yeto-evidence-archive	/openspec/changes/rl-engine-ports/evidence/2026-09-29-eq63/legacy-s20/work/seed-20/yeto-decoupled-m2/syncer.jsonl
openspec/changes/rl-engine-ports/evidence/2026-09-29-eq63/legacy-s20/work/seed-20/yeto-decoupled-m2/syncer.log	9096	4547ca80831afb528a85b788c9ceecf3228cf027a7c53b801a830e47b14417da	yeto-evidence-archive	/openspec/changes/rl-engine-ports/evidence/2026-09-29-eq63/legacy-s20/work/seed-20/yeto-decoupled-m2/syncer.log
openspec/changes/rl-engine-ports/evidence/2026-09-29-eq63/legacy-s21/launch.log	4649	5114e916c814198798f601e13a9d43f93245b2725e393953506240ffd765fd4d	yeto-evidence-archive	/openspec/changes/rl-engine-ports/evidence/2026-09-29-eq63/legacy-s21/launch.log
openspec/changes/rl-engine-ports/evidence/2026-09-29-eq63/legacy-s21/rc	2	9a271f2a916b0b6ee6cecb2426f0b3206ef074578be55d9bc94f6f3fe3ab86aa	yeto-evidence-archive	/openspec/changes/rl-engine-ports/evidence/2026-09-29-eq63/legacy-s21/rc
openspec/changes/rl-engine-ports/evidence/2026-09-29-eq63/legacy-s21/report/results.jsonl	1700	903dac749982711ccda302f9fd34c2147b6280e01691af7df51d6fd4a91e8906	yeto-evidence-archive	/openspec/changes/rl-engine-ports/evidence/2026-09-29-eq63/legacy-s21/report/results.jsonl
openspec/changes/rl-engine-ports/evidence/2026-09-29-eq63/legacy-s21/t_end	11	e2f723ae531871e05ac2958f949a3178f528f7a1b9b56ce9a349d1704a1fa6ab	yeto-evidence-archive	/openspec/changes/rl-engine-ports/evidence/2026-09-29-eq63/legacy-s21/t_end
openspec/changes/rl-engine-ports/evidence/2026-09-29-eq63/legacy-s21/t_start	11	ae29e8035e79cef734f7a083036502e180083101184651f61f5b94f9760f26d4	yeto-evidence-archive	/openspec/changes/rl-engine-ports/evidence/2026-09-29-eq63/legacy-s21/t_start
openspec/changes/rl-engine-ports/evidence/2026-09-29-eq63/legacy-s21/work/data/m2/combined.jsonl	25371	71c46c537b7badc0c9868c001e6b57a034ff8bb32834fb8d09db35457a3dfa65	yeto-evidence-archive	/openspec/changes/rl-engine-ports/evidence/2026-09-29-eq63/legacy-s21/work/data/m2/combined.jsonl
openspec/changes/rl-engine-ports/evidence/2026-09-29-eq63/legacy-s21/work/data/m2/eval.jsonl	2922	e541ae1af20b3bf4c148ea4fcf1e9c23723657e8e4d956e1b4c71590db5af82b	yeto-evidence-archive	/openspec/changes/rl-engine-ports/evidence/2026-09-29-eq63/legacy-s21/work/data/m2/eval.jsonl
openspec/changes/rl-engine-ports/evidence/2026-09-29-eq63/legacy-s21/work/data/m2/island-0.jsonl	13211	944c8543adccbb2fe98b687656f2e40210aecac6fa248e662a7e3203f3bd8a39	yeto-evidence-archive	/openspec/changes/rl-engine-ports/evidence/2026-09-29-eq63/legacy-s21/work/data/m2/island-0.jsonl
openspec/changes/rl-engine-ports/evidence/2026-09-29-eq63/legacy-s21/work/data/m2/island-1.jsonl	12160	12b1275705e4117c530a13b3e9f9c99696b0ca711c90da3b3f6d6ffe282833bf	yeto-evidence-archive	/openspec/changes/rl-engine-ports/evidence/2026-09-29-eq63/legacy-s21/work/data/m2/island-1.jsonl
openspec/changes/rl-engine-ports/evidence/2026-09-29-eq63/legacy-s21/work/seed-21/yeto-decoupled-m2/adapter/adapter_config.json	1185	57d70129594490acd4dd66354eb3b148f02fd229bab8c451b22799c97afa9844	yeto-evidence-archive	/openspec/changes/rl-engine-ports/evidence/2026-09-29-eq63/legacy-s21/work/seed-21/yeto-decoupled-m2/adapter/adapter_config.json
openspec/changes/rl-engine-ports/evidence/2026-09-29-eq63/legacy-s21/work/seed-21/yeto-decoupled-m2/adapter/yeto_rl_provenance.json	593	197c9fea62712608031d61965e78ea66b9698601325ccb79058a121edea1adc4	yeto-evidence-archive	/openspec/changes/rl-engine-ports/evidence/2026-09-29-eq63/legacy-s21/work/seed-21/yeto-decoupled-m2/adapter/yeto_rl_provenance.json
openspec/changes/rl-engine-ports/evidence/2026-09-29-eq63/legacy-s21/work/seed-21/yeto-decoupled-m2/eval-samples.jsonl	5229	46be0c146db81998169ef9e5966385f2b07379a193e8c0027c8fee085e9fe584	yeto-evidence-archive	/openspec/changes/rl-engine-ports/evidence/2026-09-29-eq63/legacy-s21/work/seed-21/yeto-decoupled-m2/eval-samples.jsonl
openspec/changes/rl-engine-ports/evidence/2026-09-29-eq63/legacy-s21/work/seed-21/yeto-decoupled-m2/eval-worker.json	1277	797458923c0fa87e931a8cacc71224c1752b84fb4ffa846776a5636f5d0f27b0	yeto-evidence-archive	/openspec/changes/rl-engine-ports/evidence/2026-09-29-eq63/legacy-s21/work/seed-21/yeto-decoupled-m2/eval-worker.json
openspec/changes/rl-engine-ports/evidence/2026-09-29-eq63/legacy-s21/work/seed-21/yeto-decoupled-m2/eval.json	215	c3883ed72c12ed4660beecd31d336242536b1d1a032a5163f1871c4b6effe799	yeto-evidence-archive	/openspec/changes/rl-engine-ports/evidence/2026-09-29-eq63/legacy-s21/work/seed-21/yeto-decoupled-m2/eval.json
openspec/changes/rl-engine-ports/evidence/2026-09-29-eq63/legacy-s21/work/seed-21/yeto-decoupled-m2/eval.log	1096	73b4d159371140a4e9dd548ceb9e3b4aeec3c1dd9765376360164b993e5c62e8	yeto-evidence-archive	/openspec/changes/rl-engine-ports/evidence/2026-09-29-eq63/legacy-s21/work/seed-21/yeto-decoupled-m2/eval.log
openspec/changes/rl-engine-ports/evidence/2026-09-29-eq63/legacy-s21/work/seed-21/yeto-decoupled-m2/island-0/miles.log	53804	07f850cdf26d5d2515c16fedab46eb03605ac634965174ccbd017b708251565e	yeto-evidence-archive	/openspec/changes/rl-engine-ports/evidence/2026-09-29-eq63/legacy-s21/work/seed-21/yeto-decoupled-m2/island-0/miles.log
openspec/changes/rl-engine-ports/evidence/2026-09-29-eq63/legacy-s21/work/seed-21/yeto-decoupled-m2/island-0/worker.json	2296	b6693e55a39c14b0ad1f43ccbebd7d696e3b7780a908111a35ece7c31ae83b4d	yeto-evidence-archive	/openspec/changes/rl-engine-ports/evidence/2026-09-29-eq63/legacy-s21/work/seed-21/yeto-decoupled-m2/island-0/worker.json
openspec/changes/rl-engine-ports/evidence/2026-09-29-eq63/legacy-s21/work/seed-21/yeto-decoupled-m2/island-1/events.jsonl	27226	e30a8720aae099631540048d629ab52a1020f8a98238635eb101c92e138cc131	yeto-evidence-archive	/openspec/changes/rl-engine-ports/evidence/2026-09-29-eq63/legacy-s21/work/seed-21/yeto-decoupled-m2/island-1/events.jsonl
openspec/changes/rl-engine-ports/evidence/2026-09-29-eq63/legacy-s21/work/seed-21/yeto-decoupled-m2/island-1/miles.log	54425	51df9af3914044a19aa8640332d8ea264180e375bde8654112aee8f621aa4df9	yeto-evidence-archive	/openspec/changes/rl-engine-ports/evidence/2026-09-29-eq63/legacy-s21/work/seed-21/yeto-decoupled-m2/island-1/miles.log
openspec/changes/rl-engine-ports/evidence/2026-09-29-eq63/legacy-s21/work/seed-21/yeto-decoupled-m2/island-1/worker.json	2296	7e2ccff5093151caea142368291f148cc4d8f9e3f4713f47d276c2dae6225bad	yeto-evidence-archive	/openspec/changes/rl-engine-ports/evidence/2026-09-29-eq63/legacy-s21/work/seed-21/yeto-decoupled-m2/island-1/worker.json
openspec/changes/rl-engine-ports/evidence/2026-09-29-eq63/legacy-s21/work/seed-21/yeto-decoupled-m2/rollouts/dashboard_columns/rollout_0.parquet	35363	49fb6e288d2265a156619aa509db84d6b608500daae4a2380d02b90ac6b55b70	yeto-evidence-archive	/openspec/changes/rl-engine-ports/evidence/2026-09-29-eq63/legacy-s21/work/seed-21/yeto-decoupled-m2/rollouts/dashboard_columns/rollout_0.parquet
openspec/changes/rl-engine-ports/evidence/2026-09-29-eq63/legacy-s21/work/seed-21/yeto-decoupled-m2/rollouts/dashboard_columns/rollout_1.parquet	43986	91caa23bd5324a31a02dfa95838dd12509fb6c00ec72433561e56f7a4a523cc3	yeto-evidence-archive	/openspec/changes/rl-engine-ports/evidence/2026-09-29-eq63/legacy-s21/work/seed-21/yeto-decoupled-m2/rollouts/dashboard_columns/rollout_1.parquet
openspec/changes/rl-engine-ports/evidence/2026-09-29-eq63/legacy-s21/work/seed-21/yeto-decoupled-m2/rollouts/dashboard_columns/rollout_2.parquet	40512	5f7836db79eb0a7f43dd136f998e0768f802f2085ed4300ba8dcb1c71ef4c7d0	yeto-evidence-archive	/openspec/changes/rl-engine-ports/evidence/2026-09-29-eq63/legacy-s21/work/seed-21/yeto-decoupled-m2/rollouts/dashboard_columns/rollout_2.parquet
openspec/changes/rl-engine-ports/evidence/2026-09-29-eq63/legacy-s21/work/seed-21/yeto-decoupled-m2/rollouts/dashboard_columns/rollout_3.parquet	40181	3293029e8fe99bbb3cfe21570ed8f45923b08e7064d61cd2372b2d61db669745	yeto-evidence-archive	/openspec/changes/rl-engine-ports/evidence/2026-09-29-eq63/legacy-s21/work/seed-21/yeto-decoupled-m2/rollouts/dashboard_columns/rollout_3.parquet
openspec/changes/rl-engine-ports/evidence/2026-09-29-eq63/legacy-s21/work/seed-21/yeto-decoupled-m2/rollouts/dashboard_columns/rollout_4.parquet	33330	198a858bdbde96806b3ed238a590e4f46f6673459b102ca444efe9223010cdb9	yeto-evidence-archive	/openspec/changes/rl-engine-ports/evidence/2026-09-29-eq63/legacy-s21/work/seed-21/yeto-decoupled-m2/rollouts/dashboard_columns/rollout_4.parquet
openspec/changes/rl-engine-ports/evidence/2026-09-29-eq63/legacy-s21/work/seed-21/yeto-decoupled-m2/rollouts/dashboard_columns/rollout_5.parquet	31036	c02d3344b9934ec07e3ea2751e19a154f83e394bee1bc85f76a7c88860026ba7	yeto-evidence-archive	/openspec/changes/rl-engine-ports/evidence/2026-09-29-eq63/legacy-s21/work/seed-21/yeto-decoupled-m2/rollouts/dashboard_columns/rollout_5.parquet
openspec/changes/rl-engine-ports/evidence/2026-09-29-eq63/legacy-s21/work/seed-21/yeto-decoupled-m2/rollouts/dashboard_columns/rollout_6.parquet	32590	2545e25a0b5e80c9f85f9e6cbe8b2decc76564b5177033b2a34b37e693cc815f	yeto-evidence-archive	/openspec/changes/rl-engine-ports/evidence/2026-09-29-eq63/legacy-s21/work/seed-21/yeto-decoupled-m2/rollouts/dashboard_columns/rollout_6.parquet
openspec/changes/rl-engine-ports/evidence/2026-09-29-eq63/legacy-s21/work/seed-21/yeto-decoupled-m2/rollouts/dashboard_columns/rollout_7.parquet	38447	212616b86f0492faeda5a8b93a3d9bc90676a31db6676e14f15d9acaad4cacd9	yeto-evidence-archive	/openspec/changes/rl-engine-ports/evidence/2026-09-29-eq63/legacy-s21/work/seed-21/yeto-decoupled-m2/rollouts/dashboard_columns/rollout_7.parquet
openspec/changes/rl-engine-ports/evidence/2026-09-29-eq63/legacy-s21/work/seed-21/yeto-decoupled-m2/syncer.jsonl	17305	669843905c554c2320eac0f8e866b3c55dac3b43bf650ae24919564462e8ac0e	yeto-evidence-archive	/openspec/changes/rl-engine-ports/evidence/2026-09-29-eq63/legacy-s21/work/seed-21/yeto-decoupled-m2/syncer.jsonl
openspec/changes/rl-engine-ports/evidence/2026-09-29-eq63/legacy-s21/work/seed-21/yeto-decoupled-m2/syncer.log	9652	9ede4fda07fc218d19bb4d85677eb47c4661a64ed18acf598cf4b978b13560f3	yeto-evidence-archive	/openspec/changes/rl-engine-ports/evidence/2026-09-29-eq63/legacy-s21/work/seed-21/yeto-decoupled-m2/syncer.log
openspec/changes/rl-engine-ports/evidence/2026-09-29-eq63/ports-s17/launch.log	4936	e8e934aeb1ffc75fbcf3b9a08193f2b5f0248ba3a8c67a1b224a933af1e2c6de	yeto-evidence-archive	/openspec/changes/rl-engine-ports/evidence/2026-09-29-eq63/ports-s17/launch.log
openspec/changes/rl-engine-ports/evidence/2026-09-29-eq63/ports-s17/rc	2	9a271f2a916b0b6ee6cecb2426f0b3206ef074578be55d9bc94f6f3fe3ab86aa	yeto-evidence-archive	/openspec/changes/rl-engine-ports/evidence/2026-09-29-eq63/ports-s17/rc
openspec/changes/rl-engine-ports/evidence/2026-09-29-eq63/ports-s17/report/results.jsonl	1690	fd6f12743409e9050dba2e7410f1412b82a9e3f83392a5116ffc04e621078ce2	yeto-evidence-archive	/openspec/changes/rl-engine-ports/evidence/2026-09-29-eq63/ports-s17/report/results.jsonl
openspec/changes/rl-engine-ports/evidence/2026-09-29-eq63/ports-s17/t_end	11	bd0b46b81c21c6e5464912116ead0093c489758a7d522b441f803e0d9f644664	yeto-evidence-archive	/openspec/changes/rl-engine-ports/evidence/2026-09-29-eq63/ports-s17/t_end
openspec/changes/rl-engine-ports/evidence/2026-09-29-eq63/ports-s17/t_start	11	35562c24fb7ebaab5101f873d6d66284a60f6361d3812dd15d80fd929af240d0	yeto-evidence-archive	/openspec/changes/rl-engine-ports/evidence/2026-09-29-eq63/ports-s17/t_start
openspec/changes/rl-engine-ports/evidence/2026-09-29-eq63/ports-s17/work/data/m2/combined.jsonl	25371	71c46c537b7badc0c9868c001e6b57a034ff8bb32834fb8d09db35457a3dfa65	yeto-evidence-archive	/openspec/changes/rl-engine-ports/evidence/2026-09-29-eq63/ports-s17/work/data/m2/combined.jsonl
openspec/changes/rl-engine-ports/evidence/2026-09-29-eq63/ports-s17/work/data/m2/eval.jsonl	2922	e541ae1af20b3bf4c148ea4fcf1e9c23723657e8e4d956e1b4c71590db5af82b	yeto-evidence-archive	/openspec/changes/rl-engine-ports/evidence/2026-09-29-eq63/ports-s17/work/data/m2/eval.jsonl
openspec/changes/rl-engine-ports/evidence/2026-09-29-eq63/ports-s17/work/data/m2/island-0.jsonl	13211	944c8543adccbb2fe98b687656f2e40210aecac6fa248e662a7e3203f3bd8a39	yeto-evidence-archive	/openspec/changes/rl-engine-ports/evidence/2026-09-29-eq63/ports-s17/work/data/m2/island-0.jsonl
openspec/changes/rl-engine-ports/evidence/2026-09-29-eq63/ports-s17/work/data/m2/island-1.jsonl	12160	12b1275705e4117c530a13b3e9f9c99696b0ca711c90da3b3f6d6ffe282833bf	yeto-evidence-archive	/openspec/changes/rl-engine-ports/evidence/2026-09-29-eq63/ports-s17/work/data/m2/island-1.jsonl
openspec/changes/rl-engine-ports/evidence/2026-09-29-eq63/ports-s17/work/seed-17/yeto-decoupled-m2/adapter/adapter_config.json	1083	e2ce57d2e64b1a50695c9439e4802cb129fe1f0648a42955f63cc7862309d228	yeto-evidence-archive	/openspec/changes/rl-engine-ports/evidence/2026-09-29-eq63/ports-s17/work/seed-17/yeto-decoupled-m2/adapter/adapter_config.json
openspec/changes/rl-engine-ports/evidence/2026-09-29-eq63/ports-s17/work/seed-17/yeto-decoupled-m2/adapter/yeto_rl_provenance.json	613	6ad7317cf19d744926996ed05d2de61368f6286f103791b6bc04727d5ec0e73e	yeto-evidence-archive	/openspec/changes/rl-engine-ports/evidence/2026-09-29-eq63/ports-s17/work/seed-17/yeto-decoupled-m2/adapter/yeto_rl_provenance.json
openspec/changes/rl-engine-ports/evidence/2026-09-29-eq63/ports-s17/work/seed-17/yeto-decoupled-m2/eval-samples.jsonl	7081	87bc5ae093de5eb0881c503a8d3195aef2685ce80a60257e1ad478445e42c70c	yeto-evidence-archive	/openspec/changes/rl-engine-ports/evidence/2026-09-29-eq63/ports-s17/work/seed-17/yeto-decoupled-m2/eval-samples.jsonl
openspec/changes/rl-engine-ports/evidence/2026-09-29-eq63/ports-s17/work/seed-17/yeto-decoupled-m2/eval-worker.json	1271	06eb5db6353787c838720b1550feba44f1f46e002e63b443fe40144a1a96a4e2	yeto-evidence-archive	/openspec/changes/rl-engine-ports/evidence/2026-09-29-eq63/ports-s17/work/seed-17/yeto-decoupled-m2/eval-worker.json
openspec/changes/rl-engine-ports/evidence/2026-09-29-eq63/ports-s17/work/seed-17/yeto-decoupled-m2/eval.json	216	4e57f0e930ea0549f11d92e83e31068d21031f603fe6c5418a79af521b81d495	yeto-evidence-archive	/openspec/changes/rl-engine-ports/evidence/2026-09-29-eq63/ports-s17/work/seed-17/yeto-decoupled-m2/eval.json
openspec/changes/rl-engine-ports/evidence/2026-09-29-eq63/ports-s17/work/seed-17/yeto-decoupled-m2/eval.log	147	fc9a8084a07fd456bd2333d42ef90b5af44a7836f7249725c203aef7b868f6a7	yeto-evidence-archive	/openspec/changes/rl-engine-ports/evidence/2026-09-29-eq63/ports-s17/work/seed-17/yeto-decoupled-m2/eval.log
openspec/changes/rl-engine-ports/evidence/2026-09-29-eq63/ports-s17/work/seed-17/yeto-decoupled-m2/island-0/miles.log	71961	59d1390f7b2f28fdc43ac8a431e6dd2b644f10e710ae2a331064e06ce5aafd16	yeto-evidence-archive	/openspec/changes/rl-engine-ports/evidence/2026-09-29-eq63/ports-s17/work/seed-17/yeto-decoupled-m2/island-0/miles.log
openspec/changes/rl-engine-ports/evidence/2026-09-29-eq63/ports-s17/work/seed-17/yeto-decoupled-m2/island-0/worker.json	2195	8809310c3836254fe5a605fb263c4d1120a3ab4b7e17e2b231b8eb27a45d70d0	yeto-evidence-archive	/openspec/changes/rl-engine-ports/evidence/2026-09-29-eq63/ports-s17/work/seed-17/yeto-decoupled-m2/island-0/worker.json
openspec/changes/rl-engine-ports/evidence/2026-09-29-eq63/ports-s17/work/seed-17/yeto-decoupled-m2/island-1/events.jsonl	37947	1db32d6619f193173263e98a6938c1ea0608511ef420a83e06e60fd99631ef2e	yeto-evidence-archive	/openspec/changes/rl-engine-ports/evidence/2026-09-29-eq63/ports-s17/work/seed-17/yeto-decoupled-m2/island-1/events.jsonl
openspec/changes/rl-engine-ports/evidence/2026-09-29-eq63/ports-s17/work/seed-17/yeto-decoupled-m2/island-1/miles.log	71436	fb942a67e25272b29b46a6bf58c8cf9d96930e411f4b87b54c6a3b6c02a01c4c	yeto-evidence-archive	/openspec/changes/rl-engine-ports/evidence/2026-09-29-eq63/ports-s17/work/seed-17/yeto-decoupled-m2/island-1/miles.log
openspec/changes/rl-engine-ports/evidence/2026-09-29-eq63/ports-s17/work/seed-17/yeto-decoupled-m2/island-1/worker.json	2195	a235ffa636044c023767814468cae0c5071dcae8dd48ec16f3e41c2eaddc39c3	yeto-evidence-archive	/openspec/changes/rl-engine-ports/evidence/2026-09-29-eq63/ports-s17/work/seed-17/yeto-decoupled-m2/island-1/worker.json
openspec/changes/rl-engine-ports/evidence/2026-09-29-eq63/ports-s17/work/seed-17/yeto-decoupled-m2/rollouts/dashboard_columns/rollout_0.parquet	31027	9d5057261683f9a537831201af156b47a232903cc7cbe1504546257ccb117b44	yeto-evidence-archive	/openspec/changes/rl-engine-ports/evidence/2026-09-29-eq63/ports-s17/work/seed-17/yeto-decoupled-m2/rollouts/dashboard_columns/rollout_0.parquet
openspec/changes/rl-engine-ports/evidence/2026-09-29-eq63/ports-s17/work/seed-17/yeto-decoupled-m2/rollouts/dashboard_columns/rollout_1.parquet	58926	95174b6ca04cd185cd3b212f220dffe87e983f8e10c9bf063ed25bd7f5968c45	yeto-evidence-archive	/openspec/changes/rl-engine-ports/evidence/2026-09-29-eq63/ports-s17/work/seed-17/yeto-decoupled-m2/rollouts/dashboard_columns/rollout_1.parquet
openspec/changes/rl-engine-ports/evidence/2026-09-29-eq63/ports-s17/work/seed-17/yeto-decoupled-m2/rollouts/dashboard_columns/rollout_2.parquet	47014	ddc4c29acc68fd3ea2e8daadc24693ede4edc3f66a7c5421601fe829115a9d03	yeto-evidence-archive	/openspec/changes/rl-engine-ports/evidence/2026-09-29-eq63/ports-s17/work/seed-17/yeto-decoupled-m2/rollouts/dashboard_columns/rollout_2.parquet
openspec/changes/rl-engine-ports/evidence/2026-09-29-eq63/ports-s17/work/seed-17/yeto-decoupled-m2/rollouts/dashboard_columns/rollout_3.parquet	38180	e00140af8d51e171c56e38a26370bf95fa8a17d4f5270e5f01c98a78c7ca8a4e	yeto-evidence-archive	/openspec/changes/rl-engine-ports/evidence/2026-09-29-eq63/ports-s17/work/seed-17/yeto-decoupled-m2/rollouts/dashboard_columns/rollout_3.parquet
openspec/changes/rl-engine-ports/evidence/2026-09-29-eq63/ports-s17/work/seed-17/yeto-decoupled-m2/rollouts/dashboard_columns/rollout_4.parquet	35700	1939f312841f9579750eeaa6d40d8800f401096cef1a859f0aeba2618affc68f	yeto-evidence-archive	/openspec/changes/rl-engine-ports/evidence/2026-09-29-eq63/ports-s17/work/seed-17/yeto-decoupled-m2/rollouts/dashboard_columns/rollout_4.parquet
openspec/changes/rl-engine-ports/evidence/2026-09-29-eq63/ports-s17/work/seed-17/yeto-decoupled-m2/rollouts/dashboard_columns/rollout_5.parquet	39897	11db0e13995d76d01622556ca3f28924a983a9b7259ee360c44d5cfa83e8ddfb	yeto-evidence-archive	/openspec/changes/rl-engine-ports/evidence/2026-09-29-eq63/ports-s17/work/seed-17/yeto-decoupled-m2/rollouts/dashboard_columns/rollout_5.parquet
openspec/changes/rl-engine-ports/evidence/2026-09-29-eq63/ports-s17/work/seed-17/yeto-decoupled-m2/rollouts/dashboard_columns/rollout_6.parquet	39089	c9f5d1aa4142ce7372b3481a95c100cb6bba3fcb860d1aa9f0ad907b9bf6aad1	yeto-evidence-archive	/openspec/changes/rl-engine-ports/evidence/2026-09-29-eq63/ports-s17/work/seed-17/yeto-decoupled-m2/rollouts/dashboard_columns/rollout_6.parquet
openspec/changes/rl-engine-ports/evidence/2026-09-29-eq63/ports-s17/work/seed-17/yeto-decoupled-m2/rollouts/dashboard_columns/rollout_7.parquet	40468	46508b103c445a3bebdd1edca7d0d584efc659abbb4d3687040c6713bed6a315	yeto-evidence-archive	/openspec/changes/rl-engine-ports/evidence/2026-09-29-eq63/ports-s17/work/seed-17/yeto-decoupled-m2/rollouts/dashboard_columns/rollout_7.parquet
openspec/changes/rl-engine-ports/evidence/2026-09-29-eq63/ports-s17/work/seed-17/yeto-decoupled-m2/syncer.jsonl	17286	149e7fc744669f71a15e222ad7393a250a65d8290c2285f584b9b60774433e40	yeto-evidence-archive	/openspec/changes/rl-engine-ports/evidence/2026-09-29-eq63/ports-s17/work/seed-17/yeto-decoupled-m2/syncer.jsonl
openspec/changes/rl-engine-ports/evidence/2026-09-29-eq63/ports-s17/work/seed-17/yeto-decoupled-m2/syncer.log	10227	40f606643db98bb95e64a54d59ea8050574c5f67a2dc2abadf2d2ba241dfebdd	yeto-evidence-archive	/openspec/changes/rl-engine-ports/evidence/2026-09-29-eq63/ports-s17/work/seed-17/yeto-decoupled-m2/syncer.log
openspec/changes/rl-engine-ports/evidence/2026-09-29-eq63/ports-s18/launch.log	4655	2a7b5d97fbd2dc0eda69efcf6631901027ba7dc79c1a2fc53e5ce8b2e3fdec75	yeto-evidence-archive	/openspec/changes/rl-engine-ports/evidence/2026-09-29-eq63/ports-s18/launch.log
openspec/changes/rl-engine-ports/evidence/2026-09-29-eq63/ports-s18/rc	2	9a271f2a916b0b6ee6cecb2426f0b3206ef074578be55d9bc94f6f3fe3ab86aa	yeto-evidence-archive	/openspec/changes/rl-engine-ports/evidence/2026-09-29-eq63/ports-s18/rc
openspec/changes/rl-engine-ports/evidence/2026-09-29-eq63/ports-s18/report/results.jsonl	1696	ad301301a80ac48e4e910b14514e1d665f7adc26092cde2db3d33ef15580335d	yeto-evidence-archive	/openspec/changes/rl-engine-ports/evidence/2026-09-29-eq63/ports-s18/report/results.jsonl
openspec/changes/rl-engine-ports/evidence/2026-09-29-eq63/ports-s18/t_end	11	9d318fb1fabf8d3ba98d981967bb3c23095fcfe18057b6270757534370a87257	yeto-evidence-archive	/openspec/changes/rl-engine-ports/evidence/2026-09-29-eq63/ports-s18/t_end
openspec/changes/rl-engine-ports/evidence/2026-09-29-eq63/ports-s18/t_start	11	aac56542ad470e50f05089b9bc991fdf5641e5808abce40f23afe9e90705f40d	yeto-evidence-archive	/openspec/changes/rl-engine-ports/evidence/2026-09-29-eq63/ports-s18/t_start
openspec/changes/rl-engine-ports/evidence/2026-09-29-eq63/ports-s18/work/data/m2/combined.jsonl	25371	71c46c537b7badc0c9868c001e6b57a034ff8bb32834fb8d09db35457a3dfa65	yeto-evidence-archive	/openspec/changes/rl-engine-ports/evidence/2026-09-29-eq63/ports-s18/work/data/m2/combined.jsonl
openspec/changes/rl-engine-ports/evidence/2026-09-29-eq63/ports-s18/work/data/m2/eval.jsonl	2922	e541ae1af20b3bf4c148ea4fcf1e9c23723657e8e4d956e1b4c71590db5af82b	yeto-evidence-archive	/openspec/changes/rl-engine-ports/evidence/2026-09-29-eq63/ports-s18/work/data/m2/eval.jsonl
openspec/changes/rl-engine-ports/evidence/2026-09-29-eq63/ports-s18/work/data/m2/island-0.jsonl	13211	944c8543adccbb2fe98b687656f2e40210aecac6fa248e662a7e3203f3bd8a39	yeto-evidence-archive	/openspec/changes/rl-engine-ports/evidence/2026-09-29-eq63/ports-s18/work/data/m2/island-0.jsonl
openspec/changes/rl-engine-ports/evidence/2026-09-29-eq63/ports-s18/work/data/m2/island-1.jsonl	12160	12b1275705e4117c530a13b3e9f9c99696b0ca711c90da3b3f6d6ffe282833bf	yeto-evidence-archive	/openspec/changes/rl-engine-ports/evidence/2026-09-29-eq63/ports-s18/work/data/m2/island-1.jsonl
openspec/changes/rl-engine-ports/evidence/2026-09-29-eq63/ports-s18/work/seed-18/yeto-decoupled-m2/adapter/adapter_config.json	1083	e2ce57d2e64b1a50695c9439e4802cb129fe1f0648a42955f63cc7862309d228	yeto-evidence-archive	/openspec/changes/rl-engine-ports/evidence/2026-09-29-eq63/ports-s18/work/seed-18/yeto-decoupled-m2/adapter/adapter_config.json
openspec/changes/rl-engine-ports/evidence/2026-09-29-eq63/ports-s18/work/seed-18/yeto-decoupled-m2/adapter/yeto_rl_provenance.json	613	1e2ab38cf20ea3c4663bfa4d0cc04ac8831433f34a703e16491dd989022e3ffa	yeto-evidence-archive	/openspec/changes/rl-engine-ports/evidence/2026-09-29-eq63/ports-s18/work/seed-18/yeto-decoupled-m2/adapter/yeto_rl_provenance.json
openspec/changes/rl-engine-ports/evidence/2026-09-29-eq63/ports-s18/work/seed-18/yeto-decoupled-m2/eval-samples.jsonl	7424	c5aa2d8b3ff0eebd523f05dcad6d5f0782c589c2219d38d300b2c4e32dc208b5	yeto-evidence-archive	/openspec/changes/rl-engine-ports/evidence/2026-09-29-eq63/ports-s18/work/seed-18/yeto-decoupled-m2/eval-samples.jsonl
openspec/changes/rl-engine-ports/evidence/2026-09-29-eq63/ports-s18/work/seed-18/yeto-decoupled-m2/eval-worker.json	1271	8840d85c1d22fb0558821685f53481cd05587de4872bbe3f4c7961c478df3449	yeto-evidence-archive	/openspec/changes/rl-engine-ports/evidence/2026-09-29-eq63/ports-s18/work/seed-18/yeto-decoupled-m2/eval-worker.json
openspec/changes/rl-engine-ports/evidence/2026-09-29-eq63/ports-s18/work/seed-18/yeto-decoupled-m2/eval.json	216	b232660da81389b94e9a080141b50f8c88d6af81b60a7ca874782020fbdfdd54	yeto-evidence-archive	/openspec/changes/rl-engine-ports/evidence/2026-09-29-eq63/ports-s18/work/seed-18/yeto-decoupled-m2/eval.json
openspec/changes/rl-engine-ports/evidence/2026-09-29-eq63/ports-s18/work/seed-18/yeto-decoupled-m2/eval.log	147	bbe192b9199f318fcec36838649a6c320510997729f7e6419c09f01fa507c741	yeto-evidence-archive	/openspec/changes/rl-engine-ports/evidence/2026-09-29-eq63/ports-s18/work/seed-18/yeto-decoupled-m2/eval.log
openspec/changes/rl-engine-ports/evidence/2026-09-29-eq63/ports-s18/work/seed-18/yeto-decoupled-m2/island-0/miles.log	72460	e67ff2e7e9e5be32c1ef609b1fea888641b0051e04c9e57e683cf5a3f2f8deaf	yeto-evidence-archive	/openspec/changes/rl-engine-ports/evidence/2026-09-29-eq63/ports-s18/work/seed-18/yeto-decoupled-m2/island-0/miles.log
openspec/changes/rl-engine-ports/evidence/2026-09-29-eq63/ports-s18/work/seed-18/yeto-decoupled-m2/island-0/worker.json	2195	7a15949957b69ce19cbe3b232fdec1e751256adf6fdf95a1aa945b9573ebdaa6	yeto-evidence-archive	/openspec/changes/rl-engine-ports/evidence/2026-09-29-eq63/ports-s18/work/seed-18/yeto-decoupled-m2/island-0/worker.json
openspec/changes/rl-engine-ports/evidence/2026-09-29-eq63/ports-s18/work/seed-18/yeto-decoupled-m2/island-1/events.jsonl	37973	f6e0a61eed926fb260a8012d4320365db06694a0f2930d54f043973c90f0490c	yeto-evidence-archive	/openspec/changes/rl-engine-ports/evidence/2026-09-29-eq63/ports-s18/work/seed-18/yeto-decoupled-m2/island-1/events.jsonl
openspec/changes/rl-engine-ports/evidence/2026-09-29-eq63/ports-s18/work/seed-18/yeto-decoupled-m2/island-1/miles.log	71799	84473a540c74dd9222f8c223510f953cc358de4433dc27fcb5e68a8f3a321326	yeto-evidence-archive	/openspec/changes/rl-engine-ports/evidence/2026-09-29-eq63/ports-s18/work/seed-18/yeto-decoupled-m2/island-1/miles.log
openspec/changes/rl-engine-ports/evidence/2026-09-29-eq63/ports-s18/work/seed-18/yeto-decoupled-m2/island-1/worker.json	2195	f913d70f4b6827030c69da8adf49a64e4113fa064db46327d2c6b212a353ab3e	yeto-evidence-archive	/openspec/changes/rl-engine-ports/evidence/2026-09-29-eq63/ports-s18/work/seed-18/yeto-decoupled-m2/island-1/worker.json
openspec/changes/rl-engine-ports/evidence/2026-09-29-eq63/ports-s18/work/seed-18/yeto-decoupled-m2/rollouts/dashboard_columns/rollout_0.parquet	30722	7a84ba6e20bf860c899513f66bcdc7735ee44c873778d2782c56ca0a88beac20	yeto-evidence-archive	/openspec/changes/rl-engine-ports/evidence/2026-09-29-eq63/ports-s18/work/seed-18/yeto-decoupled-m2/rollouts/dashboard_columns/rollout_0.parquet
openspec/changes/rl-engine-ports/evidence/2026-09-29-eq63/ports-s18/work/seed-18/yeto-decoupled-m2/rollouts/dashboard_columns/rollout_1.parquet	57021	d4ac108da2efdcce20729032541f398dda27611bd999a247e99b87c6f2c263d4	yeto-evidence-archive	/openspec/changes/rl-engine-ports/evidence/2026-09-29-eq63/ports-s18/work/seed-18/yeto-decoupled-m2/rollouts/dashboard_columns/rollout_1.parquet
openspec/changes/rl-engine-ports/evidence/2026-09-29-eq63/ports-s18/work/seed-18/yeto-decoupled-m2/rollouts/dashboard_columns/rollout_2.parquet	46375	b2743ff49eb1ce5f331f5555960f3265961f63c70274b746a52f38702b58f227	yeto-evidence-archive	/openspec/changes/rl-engine-ports/evidence/2026-09-29-eq63/ports-s18/work/seed-18/yeto-decoupled-m2/rollouts/dashboard_columns/rollout_2.parquet
openspec/changes/rl-engine-ports/evidence/2026-09-29-eq63/ports-s18/work/seed-18/yeto-decoupled-m2/rollouts/dashboard_columns/rollout_3.parquet	41231	d2fd8443ddaaac2cde8262de1d1239e614a630bf69e2a1c4cb37cb9905621dba	yeto-evidence-archive	/openspec/changes/rl-engine-ports/evidence/2026-09-29-eq63/ports-s18/work/seed-18/yeto-decoupled-m2/rollouts/dashboard_columns/rollout_3.parquet
openspec/changes/rl-engine-ports/evidence/2026-09-29-eq63/ports-s18/work/seed-18/yeto-decoupled-m2/rollouts/dashboard_columns/rollout_4.parquet	32582	698e950746f463ac4d11f84027e1b9de5b56bc7094043327f0e1c607e1676754	yeto-evidence-archive	/openspec/changes/rl-engine-ports/evidence/2026-09-29-eq63/ports-s18/work/seed-18/yeto-decoupled-m2/rollouts/dashboard_columns/rollout_4.parquet
openspec/changes/rl-engine-ports/evidence/2026-09-29-eq63/ports-s18/work/seed-18/yeto-decoupled-m2/rollouts/dashboard_columns/rollout_5.parquet	40989	794f82fdcd94ae13bb9b5970b53b4901ad607c76b97db5f053daa3746ac826f1	yeto-evidence-archive	/openspec/changes/rl-engine-ports/evidence/2026-09-29-eq63/ports-s18/work/seed-18/yeto-decoupled-m2/rollouts/dashboard_columns/rollout_5.parquet
openspec/changes/rl-engine-ports/evidence/2026-09-29-eq63/ports-s18/work/seed-18/yeto-decoupled-m2/rollouts/dashboard_columns/rollout_6.parquet	38713	f2d9f5e93d7694426509e605b8feebe3438ad720e33d6597104653c1b96c99f7	yeto-evidence-archive	/openspec/changes/rl-engine-ports/evidence/2026-09-29-eq63/ports-s18/work/seed-18/yeto-decoupled-m2/rollouts/dashboard_columns/rollout_6.parquet
openspec/changes/rl-engine-ports/evidence/2026-09-29-eq63/ports-s18/work/seed-18/yeto-decoupled-m2/rollouts/dashboard_columns/rollout_7.parquet	42280	c2eb2a3d850cdbf32b4c06bf761978ea2f463c35cdc509b86cfcc465a662d1da	yeto-evidence-archive	/openspec/changes/rl-engine-ports/evidence/2026-09-29-eq63/ports-s18/work/seed-18/yeto-decoupled-m2/rollouts/dashboard_columns/rollout_7.parquet
openspec/changes/rl-engine-ports/evidence/2026-09-29-eq63/ports-s18/work/seed-18/yeto-decoupled-m2/syncer.jsonl	17314	826be571476ba4fc3dde62bffaa1674ce11f279c1fa3410f35dd08e6fc36f8fd	yeto-evidence-archive	/openspec/changes/rl-engine-ports/evidence/2026-09-29-eq63/ports-s18/work/seed-18/yeto-decoupled-m2/syncer.jsonl
openspec/changes/rl-engine-ports/evidence/2026-09-29-eq63/ports-s18/work/seed-18/yeto-decoupled-m2/syncer.log	10228	92ffa1627af2474ba6857ea77b43c5210eb342c41dfdd0ead46b0e1f76d3471e	yeto-evidence-archive	/openspec/changes/rl-engine-ports/evidence/2026-09-29-eq63/ports-s18/work/seed-18/yeto-decoupled-m2/syncer.log
openspec/changes/rl-engine-ports/evidence/2026-09-29-eq63/ports-s19/launch.log	4655	b1f8fa1c6f41086e2ddc1016a5a77045590ca56e00318e68d8573eebf0af16c1	yeto-evidence-archive	/openspec/changes/rl-engine-ports/evidence/2026-09-29-eq63/ports-s19/launch.log
openspec/changes/rl-engine-ports/evidence/2026-09-29-eq63/ports-s19/rc	2	9a271f2a916b0b6ee6cecb2426f0b3206ef074578be55d9bc94f6f3fe3ab86aa	yeto-evidence-archive	/openspec/changes/rl-engine-ports/evidence/2026-09-29-eq63/ports-s19/rc
openspec/changes/rl-engine-ports/evidence/2026-09-29-eq63/ports-s19/report/results.jsonl	1696	15a7dd5e06333d66d54c209e1102ce84b0f7be1262757040a21f6c90a71cb5ad	yeto-evidence-archive	/openspec/changes/rl-engine-ports/evidence/2026-09-29-eq63/ports-s19/report/results.jsonl
openspec/changes/rl-engine-ports/evidence/2026-09-29-eq63/ports-s19/t_end	11	9c5f7cc8a4e06da2288763e7adf2955d3404287a29f60a87742a016b426c6130	yeto-evidence-archive	/openspec/changes/rl-engine-ports/evidence/2026-09-29-eq63/ports-s19/t_end
openspec/changes/rl-engine-ports/evidence/2026-09-29-eq63/ports-s19/t_start	11	7fdaa428c08042b4448e120af961398256ca1c8e195dbd5c34a6e4698379c4b6	yeto-evidence-archive	/openspec/changes/rl-engine-ports/evidence/2026-09-29-eq63/ports-s19/t_start
openspec/changes/rl-engine-ports/evidence/2026-09-29-eq63/ports-s19/work/data/m2/combined.jsonl	25371	71c46c537b7badc0c9868c001e6b57a034ff8bb32834fb8d09db35457a3dfa65	yeto-evidence-archive	/openspec/changes/rl-engine-ports/evidence/2026-09-29-eq63/ports-s19/work/data/m2/combined.jsonl
openspec/changes/rl-engine-ports/evidence/2026-09-29-eq63/ports-s19/work/data/m2/eval.jsonl	2922	e541ae1af20b3bf4c148ea4fcf1e9c23723657e8e4d956e1b4c71590db5af82b	yeto-evidence-archive	/openspec/changes/rl-engine-ports/evidence/2026-09-29-eq63/ports-s19/work/data/m2/eval.jsonl
openspec/changes/rl-engine-ports/evidence/2026-09-29-eq63/ports-s19/work/data/m2/island-0.jsonl	13211	944c8543adccbb2fe98b687656f2e40210aecac6fa248e662a7e3203f3bd8a39	yeto-evidence-archive	/openspec/changes/rl-engine-ports/evidence/2026-09-29-eq63/ports-s19/work/data/m2/island-0.jsonl
openspec/changes/rl-engine-ports/evidence/2026-09-29-eq63/ports-s19/work/data/m2/island-1.jsonl	12160	12b1275705e4117c530a13b3e9f9c99696b0ca711c90da3b3f6d6ffe282833bf	yeto-evidence-archive	/openspec/changes/rl-engine-ports/evidence/2026-09-29-eq63/ports-s19/work/data/m2/island-1.jsonl
openspec/changes/rl-engine-ports/evidence/2026-09-29-eq63/ports-s19/work/seed-19/yeto-decoupled-m2/adapter/adapter_config.json	1083	e2ce57d2e64b1a50695c9439e4802cb129fe1f0648a42955f63cc7862309d228	yeto-evidence-archive	/openspec/changes/rl-engine-ports/evidence/2026-09-29-eq63/ports-s19/work/seed-19/yeto-decoupled-m2/adapter/adapter_config.json
openspec/changes/rl-engine-ports/evidence/2026-09-29-eq63/ports-s19/work/seed-19/yeto-decoupled-m2/adapter/yeto_rl_provenance.json	613	06fa79d2ebf66101329cc52156379a2eb82efdd572d924ea0d5d1b577c2310c1	yeto-evidence-archive	/openspec/changes/rl-engine-ports/evidence/2026-09-29-eq63/ports-s19/work/seed-19/yeto-decoupled-m2/adapter/yeto_rl_provenance.json
openspec/changes/rl-engine-ports/evidence/2026-09-29-eq63/ports-s19/work/seed-19/yeto-decoupled-m2/eval-samples.jsonl	6957	4032907378d4525539be1e252d320d08879adfb073491ad1205045115762b11b	yeto-evidence-archive	/openspec/changes/rl-engine-ports/evidence/2026-09-29-eq63/ports-s19/work/seed-19/yeto-decoupled-m2/eval-samples.jsonl
openspec/changes/rl-engine-ports/evidence/2026-09-29-eq63/ports-s19/work/seed-19/yeto-decoupled-m2/eval-worker.json	1271	5c68b5efd1fc3bdeb670e8cc04ceea8c11884850f11245bd480ecff4e862a7d2	yeto-evidence-archive	/openspec/changes/rl-engine-ports/evidence/2026-09-29-eq63/ports-s19/work/seed-19/yeto-decoupled-m2/eval-worker.json
openspec/changes/rl-engine-ports/evidence/2026-09-29-eq63/ports-s19/work/seed-19/yeto-decoupled-m2/eval.json	216	3f688b72bdc99efdf290b9ddfad14efe9483a8648fbec98ccfe78634df02bf84	yeto-evidence-archive	/openspec/changes/rl-engine-ports/evidence/2026-09-29-eq63/ports-s19/work/seed-19/yeto-decoupled-m2/eval.json
openspec/changes/rl-engine-ports/evidence/2026-09-29-eq63/ports-s19/work/seed-19/yeto-decoupled-m2/eval.log	147	3a8488a5eb1d1c4998f31ac42554d8eea56cef7338e2b60eeaca3387160c6d7b	yeto-evidence-archive	/openspec/changes/rl-engine-ports/evidence/2026-09-29-eq63/ports-s19/work/seed-19/yeto-decoupled-m2/eval.log
openspec/changes/rl-engine-ports/evidence/2026-09-29-eq63/ports-s19/work/seed-19/yeto-decoupled-m2/island-0/miles.log	72580	4791e59d1de715d05b06b812a6f260a66fb7504a362d1d1d2fbcfc2827b9ab9e	yeto-evidence-archive	/openspec/changes/rl-engine-ports/evidence/2026-09-29-eq63/ports-s19/work/seed-19/yeto-decoupled-m2/island-0/miles.log
openspec/changes/rl-engine-ports/evidence/2026-09-29-eq63/ports-s19/work/seed-19/yeto-decoupled-m2/island-0/worker.json	2195	1dda52a1a3147e658d5599ef7e0adc03a3509abddce6c039f9e661ceaf0369d7	yeto-evidence-archive	/openspec/changes/rl-engine-ports/evidence/2026-09-29-eq63/ports-s19/work/seed-19/yeto-decoupled-m2/island-0/worker.json
openspec/changes/rl-engine-ports/evidence/2026-09-29-eq63/ports-s19/work/seed-19/yeto-decoupled-m2/island-1/events.jsonl	37975	3db0968c1cd8d53dfd967de748a7979dce206582b10c4ed703ffcc5c0af9d223	yeto-evidence-archive	/openspec/changes/rl-engine-ports/evidence/2026-09-29-eq63/ports-s19/work/seed-19/yeto-decoupled-m2/island-1/events.jsonl
openspec/changes/rl-engine-ports/evidence/2026-09-29-eq63/ports-s19/work/seed-19/yeto-decoupled-m2/island-1/miles.log	72238	2eb69bfa9c7d52ef00ffb63ca5e893f016655acbf5f1815f07ccd6109efe3509	yeto-evidence-archive	/openspec/changes/rl-engine-ports/evidence/2026-09-29-eq63/ports-s19/work/seed-19/yeto-decoupled-m2/island-1/miles.log
openspec/changes/rl-engine-ports/evidence/2026-09-29-eq63/ports-s19/work/seed-19/yeto-decoupled-m2/island-1/worker.json	2195	3676a3af1d2fc3c4c51d228ff803684a04b9422400b6dab899092535c58d7030	yeto-evidence-archive	/openspec/changes/rl-engine-ports/evidence/2026-09-29-eq63/ports-s19/work/seed-19/yeto-decoupled-m2/island-1/worker.json
openspec/changes/rl-engine-ports/evidence/2026-09-29-eq63/ports-s19/work/seed-19/yeto-decoupled-m2/rollouts/dashboard_columns/rollout_0.parquet	29749	bfdb41eae1fdf3d71e3887a736b0468723bde95df277ca97cbc1939149edc205	yeto-evidence-archive	/openspec/changes/rl-engine-ports/evidence/2026-09-29-eq63/ports-s19/work/seed-19/yeto-decoupled-m2/rollouts/dashboard_columns/rollout_0.parquet
openspec/changes/rl-engine-ports/evidence/2026-09-29-eq63/ports-s19/work/seed-19/yeto-decoupled-m2/rollouts/dashboard_columns/rollout_1.parquet	56920	32fbb8d8367114ca89900cf74d289d719b2d98209a51a3115de31c671d098a91	yeto-evidence-archive	/openspec/changes/rl-engine-ports/evidence/2026-09-29-eq63/ports-s19/work/seed-19/yeto-decoupled-m2/rollouts/dashboard_columns/rollout_1.parquet
openspec/changes/rl-engine-ports/evidence/2026-09-29-eq63/ports-s19/work/seed-19/yeto-decoupled-m2/rollouts/dashboard_columns/rollout_2.parquet	45720	929fbe6c264389a6d063311a97c3ae7c9047913b35adc84fe93f8c684705e74d	yeto-evidence-archive	/openspec/changes/rl-engine-ports/evidence/2026-09-29-eq63/ports-s19/work/seed-19/yeto-decoupled-m2/rollouts/dashboard_columns/rollout_2.parquet
openspec/changes/rl-engine-ports/evidence/2026-09-29-eq63/ports-s19/work/seed-19/yeto-decoupled-m2/rollouts/dashboard_columns/rollout_3.parquet	38666	d1db0683f1821fb594cfb3df3292763aba69b815c11d6319ff6efb50a9a9d237	yeto-evidence-archive	/openspec/changes/rl-engine-ports/evidence/2026-09-29-eq63/ports-s19/work/seed-19/yeto-decoupled-m2/rollouts/dashboard_columns/rollout_3.parquet
openspec/changes/rl-engine-ports/evidence/2026-09-29-eq63/ports-s19/work/seed-19/yeto-decoupled-m2/rollouts/dashboard_columns/rollout_4.parquet	32468	a8c2d7f7a22cb9aee36638d035a519d6b2ed013895378596ad67c869921e0466	yeto-evidence-archive	/openspec/changes/rl-engine-ports/evidence/2026-09-29-eq63/ports-s19/work/seed-19/yeto-decoupled-m2/rollouts/dashboard_columns/rollout_4.parquet
openspec/changes/rl-engine-ports/evidence/2026-09-29-eq63/ports-s19/work/seed-19/yeto-decoupled-m2/rollouts/dashboard_columns/rollout_5.parquet	39140	f23a2cfad7fd56ff71c5a3f89fd7b51160251465fa78e103b4cdde22e9c3ab12	yeto-evidence-archive	/openspec/changes/rl-engine-ports/evidence/2026-09-29-eq63/ports-s19/work/seed-19/yeto-decoupled-m2/rollouts/dashboard_columns/rollout_5.parquet
openspec/changes/rl-engine-ports/evidence/2026-09-29-eq63/ports-s19/work/seed-19/yeto-decoupled-m2/rollouts/dashboard_columns/rollout_6.parquet	40063	e8ffb44b8aa7e45140c4d11c9b5bf37322ada2825c67a89c238d1ea8aa2b9fca	yeto-evidence-archive	/openspec/changes/rl-engine-ports/evidence/2026-09-29-eq63/ports-s19/work/seed-19/yeto-decoupled-m2/rollouts/dashboard_columns/rollout_6.parquet
openspec/changes/rl-engine-ports/evidence/2026-09-29-eq63/ports-s19/work/seed-19/yeto-decoupled-m2/rollouts/dashboard_columns/rollout_7.parquet	40093	7c6534a9fa2e62cf56e4349dcfdd61e5b7aa1e182b52cd1fa86e2d0f4389466f	yeto-evidence-archive	/openspec/changes/rl-engine-ports/evidence/2026-09-29-eq63/ports-s19/work/seed-19/yeto-decoupled-m2/rollouts/dashboard_columns/rollout_7.parquet
openspec/changes/rl-engine-ports/evidence/2026-09-29-eq63/ports-s19/work/seed-19/yeto-decoupled-m2/syncer.jsonl	17316	2a6efcb466b79aa0592df8f0530450d2d3a0d94dd7bb2cdfe67fc9e92e42472d	yeto-evidence-archive	/openspec/changes/rl-engine-ports/evidence/2026-09-29-eq63/ports-s19/work/seed-19/yeto-decoupled-m2/syncer.jsonl
openspec/changes/rl-engine-ports/evidence/2026-09-29-eq63/ports-s19/work/seed-19/yeto-decoupled-m2/syncer.log	10237	c6df1b843fac3ef861f0ef8066f1557b7077b7a15f0b01d7bfe4f5a157f3283b	yeto-evidence-archive	/openspec/changes/rl-engine-ports/evidence/2026-09-29-eq63/ports-s19/work/seed-19/yeto-decoupled-m2/syncer.log
openspec/changes/rl-engine-ports/evidence/2026-09-29-eq63/ports-s20/launch.log	4656	2d2b2b0a4dc70649ab888e07d8ba412dfcd58bedab74da2cf57a4882d094a905	yeto-evidence-archive	/openspec/changes/rl-engine-ports/evidence/2026-09-29-eq63/ports-s20/launch.log
openspec/changes/rl-engine-ports/evidence/2026-09-29-eq63/ports-s20/rc	2	9a271f2a916b0b6ee6cecb2426f0b3206ef074578be55d9bc94f6f3fe3ab86aa	yeto-evidence-archive	/openspec/changes/rl-engine-ports/evidence/2026-09-29-eq63/ports-s20/rc
openspec/changes/rl-engine-ports/evidence/2026-09-29-eq63/ports-s20/report/results.jsonl	1685	037ecf339bb53bebd9b4efc7be00b1a633521346ac1628f32e8ecd8ea778e1c3	yeto-evidence-archive	/openspec/changes/rl-engine-ports/evidence/2026-09-29-eq63/ports-s20/report/results.jsonl
openspec/changes/rl-engine-ports/evidence/2026-09-29-eq63/ports-s20/t_end	11	aaf6e8f927775b43b70fc6c861dc6e85272a7ab637fca015fae75aa00012158b	yeto-evidence-archive	/openspec/changes/rl-engine-ports/evidence/2026-09-29-eq63/ports-s20/t_end
openspec/changes/rl-engine-ports/evidence/2026-09-29-eq63/ports-s20/t_start	11	ba6f2d520c25496e4cf372f7210b732040035349e42b9e5a0a4dbd9a1a189023	yeto-evidence-archive	/openspec/changes/rl-engine-ports/evidence/2026-09-29-eq63/ports-s20/t_start
openspec/changes/rl-engine-ports/evidence/2026-09-29-eq63/ports-s20/work/data/m2/combined.jsonl	25371	71c46c537b7badc0c9868c001e6b57a034ff8bb32834fb8d09db35457a3dfa65	yeto-evidence-archive	/openspec/changes/rl-engine-ports/evidence/2026-09-29-eq63/ports-s20/work/data/m2/combined.jsonl
openspec/changes/rl-engine-ports/evidence/2026-09-29-eq63/ports-s20/work/data/m2/eval.jsonl	2922	e541ae1af20b3bf4c148ea4fcf1e9c23723657e8e4d956e1b4c71590db5af82b	yeto-evidence-archive	/openspec/changes/rl-engine-ports/evidence/2026-09-29-eq63/ports-s20/work/data/m2/eval.jsonl
openspec/changes/rl-engine-ports/evidence/2026-09-29-eq63/ports-s20/work/data/m2/island-0.jsonl	13211	944c8543adccbb2fe98b687656f2e40210aecac6fa248e662a7e3203f3bd8a39	yeto-evidence-archive	/openspec/changes/rl-engine-ports/evidence/2026-09-29-eq63/ports-s20/work/data/m2/island-0.jsonl
openspec/changes/rl-engine-ports/evidence/2026-09-29-eq63/ports-s20/work/data/m2/island-1.jsonl	12160	12b1275705e4117c530a13b3e9f9c99696b0ca711c90da3b3f6d6ffe282833bf	yeto-evidence-archive	/openspec/changes/rl-engine-ports/evidence/2026-09-29-eq63/ports-s20/work/data/m2/island-1.jsonl
openspec/changes/rl-engine-ports/evidence/2026-09-29-eq63/ports-s20/work/seed-20/yeto-decoupled-m2/adapter/adapter_config.json	1083	e2ce57d2e64b1a50695c9439e4802cb129fe1f0648a42955f63cc7862309d228	yeto-evidence-archive	/openspec/changes/rl-engine-ports/evidence/2026-09-29-eq63/ports-s20/work/seed-20/yeto-decoupled-m2/adapter/adapter_config.json
openspec/changes/rl-engine-ports/evidence/2026-09-29-eq63/ports-s20/work/seed-20/yeto-decoupled-m2/adapter/yeto_rl_provenance.json	613	4be528ca31dee886ef9369f4fdfceaaad9a6b61749da0fe02aaad128a1e4766a	yeto-evidence-archive	/openspec/changes/rl-engine-ports/evidence/2026-09-29-eq63/ports-s20/work/seed-20/yeto-decoupled-m2/adapter/yeto_rl_provenance.json
openspec/changes/rl-engine-ports/evidence/2026-09-29-eq63/ports-s20/work/seed-20/yeto-decoupled-m2/eval-samples.jsonl	5163	aa84af8c6733479c1c26740f1b47b972b1616112b6755f2b17a50e0dbfc2ef7a	yeto-evidence-archive	/openspec/changes/rl-engine-ports/evidence/2026-09-29-eq63/ports-s20/work/seed-20/yeto-decoupled-m2/eval-samples.jsonl
openspec/changes/rl-engine-ports/evidence/2026-09-29-eq63/ports-s20/work/seed-20/yeto-decoupled-m2/eval-worker.json	1271	2389f63b2057add168896033c496c843572cb50cd347ea1433d722fb5c992728	yeto-evidence-archive	/openspec/changes/rl-engine-ports/evidence/2026-09-29-eq63/ports-s20/work/seed-20/yeto-decoupled-m2/eval-worker.json
openspec/changes/rl-engine-ports/evidence/2026-09-29-eq63/ports-s20/work/seed-20/yeto-decoupled-m2/eval.json	216	42a047119f74441597410d59a065ba8eb57ebfe601113f20458e5265759a7b9c	yeto-evidence-archive	/openspec/changes/rl-engine-ports/evidence/2026-09-29-eq63/ports-s20/work/seed-20/yeto-decoupled-m2/eval.json
openspec/changes/rl-engine-ports/evidence/2026-09-29-eq63/ports-s20/work/seed-20/yeto-decoupled-m2/eval.log	147	0e7b50bf5ca653c6b8b7d5e691e3f33f399ede73eb3e58442f2f3b19d69b5c93	yeto-evidence-archive	/openspec/changes/rl-engine-ports/evidence/2026-09-29-eq63/ports-s20/work/seed-20/yeto-decoupled-m2/eval.log
openspec/changes/rl-engine-ports/evidence/2026-09-29-eq63/ports-s20/work/seed-20/yeto-decoupled-m2/island-0/miles.log	71955	29f1d73bba3979f176bdb703f44081638fc39b74c6f282bc11908d29acf17351	yeto-evidence-archive	/openspec/changes/rl-engine-ports/evidence/2026-09-29-eq63/ports-s20/work/seed-20/yeto-decoupled-m2/island-0/miles.log
openspec/changes/rl-engine-ports/evidence/2026-09-29-eq63/ports-s20/work/seed-20/yeto-decoupled-m2/island-0/worker.json	2195	3faf6d5c8c39464383133104c5c73fa63b12adcb463489173bb6285aa9b4e8d9	yeto-evidence-archive	/openspec/changes/rl-engine-ports/evidence/2026-09-29-eq63/ports-s20/work/seed-20/yeto-decoupled-m2/island-0/worker.json
openspec/changes/rl-engine-ports/evidence/2026-09-29-eq63/ports-s20/work/seed-20/yeto-decoupled-m2/island-1/events.jsonl	37958	7ec2b9500a867032aeb1c77b20accab833fc3392502fe49d9ad862dda397d4a4	yeto-evidence-archive	/openspec/changes/rl-engine-ports/evidence/2026-09-29-eq63/ports-s20/work/seed-20/yeto-decoupled-m2/island-1/events.jsonl
openspec/changes/rl-engine-ports/evidence/2026-09-29-eq63/ports-s20/work/seed-20/yeto-decoupled-m2/island-1/miles.log	72956	01535ae4ccafda5989cbf8a143e5fd079aa423c74f98ee0def79bb440bceb349	yeto-evidence-archive	/openspec/changes/rl-engine-ports/evidence/2026-09-29-eq63/ports-s20/work/seed-20/yeto-decoupled-m2/island-1/miles.log
openspec/changes/rl-engine-ports/evidence/2026-09-29-eq63/ports-s20/work/seed-20/yeto-decoupled-m2/island-1/worker.json	2195	aafb19e5c6bb0203651a828289cf52ce5272ca5d616b8225df2eff312f49833a	yeto-evidence-archive	/openspec/changes/rl-engine-ports/evidence/2026-09-29-eq63/ports-s20/work/seed-20/yeto-decoupled-m2/island-1/worker.json
openspec/changes/rl-engine-ports/evidence/2026-09-29-eq63/ports-s20/work/seed-20/yeto-decoupled-m2/rollouts/dashboard_columns/rollout_0.parquet	29562	76808434f1bb79e5dfb2f2045dc636aef31ad6323bd507fd7eab5422debaf6e8	yeto-evidence-archive	/openspec/changes/rl-engine-ports/evidence/2026-09-29-eq63/ports-s20/work/seed-20/yeto-decoupled-m2/rollouts/dashboard_columns/rollout_0.parquet
openspec/changes/rl-engine-ports/evidence/2026-09-29-eq63/ports-s20/work/seed-20/yeto-decoupled-m2/rollouts/dashboard_columns/rollout_1.parquet	55020	1f111cb5def7d3e3955478f7ea5c6c945e212ef0f78a5c9fe50e8825817f6ace	yeto-evidence-archive	/openspec/changes/rl-engine-ports/evidence/2026-09-29-eq63/ports-s20/work/seed-20/yeto-decoupled-m2/rollouts/dashboard_columns/rollout_1.parquet
openspec/changes/rl-engine-ports/evidence/2026-09-29-eq63/ports-s20/work/seed-20/yeto-decoupled-m2/rollouts/dashboard_columns/rollout_2.parquet	44322	7f4694ce1acdba49ddb80a5fb7d183f07d73c4f662cf66db38ad91aed711c084	yeto-evidence-archive	/openspec/changes/rl-engine-ports/evidence/2026-09-29-eq63/ports-s20/work/seed-20/yeto-decoupled-m2/rollouts/dashboard_columns/rollout_2.parquet
openspec/changes/rl-engine-ports/evidence/2026-09-29-eq63/ports-s20/work/seed-20/yeto-decoupled-m2/rollouts/dashboard_columns/rollout_3.parquet	39524	6ed2352299cadbfe4c17051fc3a569828e1e1b878846c1a2b001a7dbb1484815	yeto-evidence-archive	/openspec/changes/rl-engine-ports/evidence/2026-09-29-eq63/ports-s20/work/seed-20/yeto-decoupled-m2/rollouts/dashboard_columns/rollout_3.parquet
openspec/changes/rl-engine-ports/evidence/2026-09-29-eq63/ports-s20/work/seed-20/yeto-decoupled-m2/rollouts/dashboard_columns/rollout_4.parquet	29630	ec4269f5634e22631e66610c1b69919ff3ad51927eaf4982acead8671687be5d	yeto-evidence-archive	/openspec/changes/rl-engine-ports/evidence/2026-09-29-eq63/ports-s20/work/seed-20/yeto-decoupled-m2/rollouts/dashboard_columns/rollout_4.parquet
openspec/changes/rl-engine-ports/evidence/2026-09-29-eq63/ports-s20/work/seed-20/yeto-decoupled-m2/rollouts/dashboard_columns/rollout_5.parquet	38186	a921481e038a3883910cc311d7d4c1db29f573479774c3136dd28043b3805095	yeto-evidence-archive	/openspec/changes/rl-engine-ports/evidence/2026-09-29-eq63/ports-s20/work/seed-20/yeto-decoupled-m2/rollouts/dashboard_columns/rollout_5.parquet
openspec/changes/rl-engine-ports/evidence/2026-09-29-eq63/ports-s20/work/seed-20/yeto-decoupled-m2/rollouts/dashboard_columns/rollout_6.parquet	35867	c1acba836f80acf4bacb92b8d628c211cd4249c41e2761d16474e11dfc9b37a1	yeto-evidence-archive	/openspec/changes/rl-engine-ports/evidence/2026-09-29-eq63/ports-s20/work/seed-20/yeto-decoupled-m2/rollouts/dashboard_columns/rollout_6.parquet
openspec/changes/rl-engine-ports/evidence/2026-09-29-eq63/ports-s20/work/seed-20/yeto-decoupled-m2/rollouts/dashboard_columns/rollout_7.parquet	38762	3d31a6f1e0b318a6e5f6f860e1c8d108fa7806df79d82566fcb9f156cf0caac8	yeto-evidence-archive	/openspec/changes/rl-engine-ports/evidence/2026-09-29-eq63/ports-s20/work/seed-20/yeto-decoupled-m2/rollouts/dashboard_columns/rollout_7.parquet
openspec/changes/rl-engine-ports/evidence/2026-09-29-eq63/ports-s20/work/seed-20/yeto-decoupled-m2/syncer.jsonl	17322	cfb4854afb87c1f8f1c3b0bc4344fcf46917b87f574a199b6c8ccbcdc730757c	yeto-evidence-archive	/openspec/changes/rl-engine-ports/evidence/2026-09-29-eq63/ports-s20/work/seed-20/yeto-decoupled-m2/syncer.jsonl
openspec/changes/rl-engine-ports/evidence/2026-09-29-eq63/ports-s20/work/seed-20/yeto-decoupled-m2/syncer.log	10227	e1f48afcf2e59378e60bd869724f95405119c420535bdabe7063806a44cfd53a	yeto-evidence-archive	/openspec/changes/rl-engine-ports/evidence/2026-09-29-eq63/ports-s20/work/seed-20/yeto-decoupled-m2/syncer.log
openspec/changes/rl-engine-ports/evidence/2026-09-29-eq63/ports-s21/launch.log	4655	4a94b1d65a94de0b4a856213609fb29f29d436d8eb0d44213d157452edc0f498	yeto-evidence-archive	/openspec/changes/rl-engine-ports/evidence/2026-09-29-eq63/ports-s21/launch.log
openspec/changes/rl-engine-ports/evidence/2026-09-29-eq63/ports-s21/rc	2	9a271f2a916b0b6ee6cecb2426f0b3206ef074578be55d9bc94f6f3fe3ab86aa	yeto-evidence-archive	/openspec/changes/rl-engine-ports/evidence/2026-09-29-eq63/ports-s21/rc
openspec/changes/rl-engine-ports/evidence/2026-09-29-eq63/ports-s21/report/results.jsonl	1696	7c56cdae482dd66a2eb31ba8224d7b2d33207ed3eb1e4327eaff2c1aff9a67a6	yeto-evidence-archive	/openspec/changes/rl-engine-ports/evidence/2026-09-29-eq63/ports-s21/report/results.jsonl
openspec/changes/rl-engine-ports/evidence/2026-09-29-eq63/ports-s21/t_end	11	0c3083ad16ada16a763542adb8723633ab9da34e13c3568fbcbffd3e45d791e6	yeto-evidence-archive	/openspec/changes/rl-engine-ports/evidence/2026-09-29-eq63/ports-s21/t_end
openspec/changes/rl-engine-ports/evidence/2026-09-29-eq63/ports-s21/t_start	11	c938de3911e012fc1f70b98b52b8ed7d726ed13b125d75c0289376d4c5954b78	yeto-evidence-archive	/openspec/changes/rl-engine-ports/evidence/2026-09-29-eq63/ports-s21/t_start
openspec/changes/rl-engine-ports/evidence/2026-09-29-eq63/ports-s21/work/data/m2/combined.jsonl	25371	71c46c537b7badc0c9868c001e6b57a034ff8bb32834fb8d09db35457a3dfa65	yeto-evidence-archive	/openspec/changes/rl-engine-ports/evidence/2026-09-29-eq63/ports-s21/work/data/m2/combined.jsonl
openspec/changes/rl-engine-ports/evidence/2026-09-29-eq63/ports-s21/work/data/m2/eval.jsonl	2922	e541ae1af20b3bf4c148ea4fcf1e9c23723657e8e4d956e1b4c71590db5af82b	yeto-evidence-archive	/openspec/changes/rl-engine-ports/evidence/2026-09-29-eq63/ports-s21/work/data/m2/eval.jsonl
openspec/changes/rl-engine-ports/evidence/2026-09-29-eq63/ports-s21/work/data/m2/island-0.jsonl	13211	944c8543adccbb2fe98b687656f2e40210aecac6fa248e662a7e3203f3bd8a39	yeto-evidence-archive	/openspec/changes/rl-engine-ports/evidence/2026-09-29-eq63/ports-s21/work/data/m2/island-0.jsonl
openspec/changes/rl-engine-ports/evidence/2026-09-29-eq63/ports-s21/work/data/m2/island-1.jsonl	12160	12b1275705e4117c530a13b3e9f9c99696b0ca711c90da3b3f6d6ffe282833bf	yeto-evidence-archive	/openspec/changes/rl-engine-ports/evidence/2026-09-29-eq63/ports-s21/work/data/m2/island-1.jsonl
openspec/changes/rl-engine-ports/evidence/2026-09-29-eq63/ports-s21/work/seed-21/yeto-decoupled-m2/adapter/adapter_config.json	1083	e2ce57d2e64b1a50695c9439e4802cb129fe1f0648a42955f63cc7862309d228	yeto-evidence-archive	/openspec/changes/rl-engine-ports/evidence/2026-09-29-eq63/ports-s21/work/seed-21/yeto-decoupled-m2/adapter/adapter_config.json
openspec/changes/rl-engine-ports/evidence/2026-09-29-eq63/ports-s21/work/seed-21/yeto-decoupled-m2/adapter/yeto_rl_provenance.json	613	1b67d1c5831cdcad3e29130c55716127f00ea88350293828a7abd0921238bf5c	yeto-evidence-archive	/openspec/changes/rl-engine-ports/evidence/2026-09-29-eq63/ports-s21/work/seed-21/yeto-decoupled-m2/adapter/yeto_rl_provenance.json
openspec/changes/rl-engine-ports/evidence/2026-09-29-eq63/ports-s21/work/seed-21/yeto-decoupled-m2/eval-samples.jsonl	5590	4dbee1a9caa0bbbd424fa7dc17d60a48b289f7f9a1d06169cd4980541b013267	yeto-evidence-archive	/openspec/changes/rl-engine-ports/evidence/2026-09-29-eq63/ports-s21/work/seed-21/yeto-decoupled-m2/eval-samples.jsonl
openspec/changes/rl-engine-ports/evidence/2026-09-29-eq63/ports-s21/work/seed-21/yeto-decoupled-m2/eval-worker.json	1271	7ab2ee423a47e423a1fbdf90f943050d96bb42586e4ebdbe59eeb1d590871975	yeto-evidence-archive	/openspec/changes/rl-engine-ports/evidence/2026-09-29-eq63/ports-s21/work/seed-21/yeto-decoupled-m2/eval-worker.json
openspec/changes/rl-engine-ports/evidence/2026-09-29-eq63/ports-s21/work/seed-21/yeto-decoupled-m2/eval.json	216	26c6c91d9d09c435b816a0901a04ea2beca3f0c071d0e6402459fad7eaa61856	yeto-evidence-archive	/openspec/changes/rl-engine-ports/evidence/2026-09-29-eq63/ports-s21/work/seed-21/yeto-decoupled-m2/eval.json
openspec/changes/rl-engine-ports/evidence/2026-09-29-eq63/ports-s21/work/seed-21/yeto-decoupled-m2/eval.log	147	f38ffff57ad53f6565472b10b36193cd6840805ff2e79282f74cb9d356c12c47	yeto-evidence-archive	/openspec/changes/rl-engine-ports/evidence/2026-09-29-eq63/ports-s21/work/seed-21/yeto-decoupled-m2/eval.log
openspec/changes/rl-engine-ports/evidence/2026-09-29-eq63/ports-s21/work/seed-21/yeto-decoupled-m2/island-0/miles.log	71895	de3f021db726689f1833b8dc1a2f65ba446a4829a671f768e86ebd56a77aba57	yeto-evidence-archive	/openspec/changes/rl-engine-ports/evidence/2026-09-29-eq63/ports-s21/work/seed-21/yeto-decoupled-m2/island-0/miles.log
openspec/changes/rl-engine-ports/evidence/2026-09-29-eq63/ports-s21/work/seed-21/yeto-decoupled-m2/island-0/worker.json	2195	0f0e7d105ea3cab252571285b73040073dd14be0732e7fb50f7c62f80ddbe4bd	yeto-evidence-archive	/openspec/changes/rl-engine-ports/evidence/2026-09-29-eq63/ports-s21/work/seed-21/yeto-decoupled-m2/island-0/worker.json
openspec/changes/rl-engine-ports/evidence/2026-09-29-eq63/ports-s21/work/seed-21/yeto-decoupled-m2/island-1/events.jsonl	37928	ca41742962c19282407bb51da1399a3224bf673c6aa91b1ba03b7789f1a46b63	yeto-evidence-archive	/openspec/changes/rl-engine-ports/evidence/2026-09-29-eq63/ports-s21/work/seed-21/yeto-decoupled-m2/island-1/events.jsonl
openspec/changes/rl-engine-ports/evidence/2026-09-29-eq63/ports-s21/work/seed-21/yeto-decoupled-m2/island-1/miles.log	71980	bef4d995e7604c68590b00dc9552935fa7f7bd99348a3a6f015acf719d2cda41	yeto-evidence-archive	/openspec/changes/rl-engine-ports/evidence/2026-09-29-eq63/ports-s21/work/seed-21/yeto-decoupled-m2/island-1/miles.log
openspec/changes/rl-engine-ports/evidence/2026-09-29-eq63/ports-s21/work/seed-21/yeto-decoupled-m2/island-1/worker.json	2195	3dd4f221cd7ef2bc13a3f506a5128d161981c6f9515c849d9d085b3a7457b1d9	yeto-evidence-archive	/openspec/changes/rl-engine-ports/evidence/2026-09-29-eq63/ports-s21/work/seed-21/yeto-decoupled-m2/island-1/worker.json
openspec/changes/rl-engine-ports/evidence/2026-09-29-eq63/ports-s21/work/seed-21/yeto-decoupled-m2/rollouts/dashboard_columns/rollout_0.parquet	29248	07dd3aba2fa220895beeca2f03287189c80f5ef512fe73d942104630f12c47f2	yeto-evidence-archive	/openspec/changes/rl-engine-ports/evidence/2026-09-29-eq63/ports-s21/work/seed-21/yeto-decoupled-m2/rollouts/dashboard_columns/rollout_0.parquet
openspec/changes/rl-engine-ports/evidence/2026-09-29-eq63/ports-s21/work/seed-21/yeto-decoupled-m2/rollouts/dashboard_columns/rollout_1.parquet	53416	ff0baa75880365d32122122598ae1524ee450b803637e65b3c56a44c96de7b34	yeto-evidence-archive	/openspec/changes/rl-engine-ports/evidence/2026-09-29-eq63/ports-s21/work/seed-21/yeto-decoupled-m2/rollouts/dashboard_columns/rollout_1.parquet
openspec/changes/rl-engine-ports/evidence/2026-09-29-eq63/ports-s21/work/seed-21/yeto-decoupled-m2/rollouts/dashboard_columns/rollout_2.parquet	41196	b4907e64a845986c36c699e05c9f0eb87f2d7c73ec5daf7a216b75986127769c	yeto-evidence-archive	/openspec/changes/rl-engine-ports/evidence/2026-09-29-eq63/ports-s21/work/seed-21/yeto-decoupled-m2/rollouts/dashboard_columns/rollout_2.parquet
openspec/changes/rl-engine-ports/evidence/2026-09-29-eq63/ports-s21/work/seed-21/yeto-decoupled-m2/rollouts/dashboard_columns/rollout_3.parquet	35043	8edccfda5bfb61d05d3db291c4f1a24ebdcf7309f30e26f2a86a9f9747b76429	yeto-evidence-archive	/openspec/changes/rl-engine-ports/evidence/2026-09-29-eq63/ports-s21/work/seed-21/yeto-decoupled-m2/rollouts/dashboard_columns/rollout_3.parquet
openspec/changes/rl-engine-ports/evidence/2026-09-29-eq63/ports-s21/work/seed-21/yeto-decoupled-m2/rollouts/dashboard_columns/rollout_4.parquet	32326	3329e21a056ba4f644efd6eb47330e60b4dd72b871aa92dae2ad867cfe080acf	yeto-evidence-archive	/openspec/changes/rl-engine-ports/evidence/2026-09-29-eq63/ports-s21/work/seed-21/yeto-decoupled-m2/rollouts/dashboard_columns/rollout_4.parquet
openspec/changes/rl-engine-ports/evidence/2026-09-29-eq63/ports-s21/work/seed-21/yeto-decoupled-m2/rollouts/dashboard_columns/rollout_5.parquet	34722	bf107477093ab2523b7f6c5f6dfd4f8c99715b763aef12ad61c55e6db7786c24	yeto-evidence-archive	/openspec/changes/rl-engine-ports/evidence/2026-09-29-eq63/ports-s21/work/seed-21/yeto-decoupled-m2/rollouts/dashboard_columns/rollout_5.parquet
openspec/changes/rl-engine-ports/evidence/2026-09-29-eq63/ports-s21/work/seed-21/yeto-decoupled-m2/rollouts/dashboard_columns/rollout_6.parquet	35686	88909c2b6b21390c2fc38a5937119333a55923b01f44c95c07b2a1fdb25a1ff0	yeto-evidence-archive	/openspec/changes/rl-engine-ports/evidence/2026-09-29-eq63/ports-s21/work/seed-21/yeto-decoupled-m2/rollouts/dashboard_columns/rollout_6.parquet
openspec/changes/rl-engine-ports/evidence/2026-09-29-eq63/ports-s21/work/seed-21/yeto-decoupled-m2/rollouts/dashboard_columns/rollout_7.parquet	36685	a22be07cfe4b61231d26f4a7dd8ae79234db3f9f502acdfefe6d8814eefa95e6	yeto-evidence-archive	/openspec/changes/rl-engine-ports/evidence/2026-09-29-eq63/ports-s21/work/seed-21/yeto-decoupled-m2/rollouts/dashboard_columns/rollout_7.parquet
openspec/changes/rl-engine-ports/evidence/2026-09-29-eq63/ports-s21/work/seed-21/yeto-decoupled-m2/syncer.jsonl	17409	239629ead1d44722ccdd5563430a3d11ff1b47b905035c10a1b2529512ec5e13	yeto-evidence-archive	/openspec/changes/rl-engine-ports/evidence/2026-09-29-eq63/ports-s21/work/seed-21/yeto-decoupled-m2/syncer.jsonl
openspec/changes/rl-engine-ports/evidence/2026-09-29-eq63/ports-s21/work/seed-21/yeto-decoupled-m2/syncer.log	10246	4ff4a52389ca6116d12c44e09914fb62b12ed85b5304f129d4e7525d1608231c	yeto-evidence-archive	/openspec/changes/rl-engine-ports/evidence/2026-09-29-eq63/ports-s21/work/seed-21/yeto-decoupled-m2/syncer.log
openspec/changes/rl-engine-ports/evidence/2026-09-29-eq63/report.json	12644	fd3c3dd628c004ef2c4dc9de76311fc8d3b22b19865e03d99dec180ed5dac07a	yeto-evidence-archive	/openspec/changes/rl-engine-ports/evidence/2026-09-29-eq63/report.json
openspec/changes/rl-engine-ports/evidence/2026-09-29-eq63/sbx.py	4129	32b458b632cb27ce06420fc8a8efc793f96ea7674c04a30c1181e698b02f0943	yeto-evidence-archive	/openspec/changes/rl-engine-ports/evidence/2026-09-29-eq63/sbx.py
openspec/changes/rl-engine-ports/evidence/2026-09-29-eq63/tf-legacy/launch.log	4634	d50a1f641f5d370aab34ca2e059e3ce306daf9757becf826beda9bcef9de48a3	yeto-evidence-archive	/openspec/changes/rl-engine-ports/evidence/2026-09-29-eq63/tf-legacy/launch.log
openspec/changes/rl-engine-ports/evidence/2026-09-29-eq63/tf-legacy/rc	2	9a271f2a916b0b6ee6cecb2426f0b3206ef074578be55d9bc94f6f3fe3ab86aa	yeto-evidence-archive	/openspec/changes/rl-engine-ports/evidence/2026-09-29-eq63/tf-legacy/rc
openspec/changes/rl-engine-ports/evidence/2026-09-29-eq63/tf-legacy/report/results.jsonl	1680	e613fa7f5efaf7ee2168953233431d73cdca68993785b3b4ddc09fae03b1e50e	yeto-evidence-archive	/openspec/changes/rl-engine-ports/evidence/2026-09-29-eq63/tf-legacy/report/results.jsonl
openspec/changes/rl-engine-ports/evidence/2026-09-29-eq63/tf-legacy/t_end	11	741fbc1a1a63fb71c0a20bf4a87d4f1ef0eab7fb1ba02a04cfbd2eb16630a663	yeto-evidence-archive	/openspec/changes/rl-engine-ports/evidence/2026-09-29-eq63/tf-legacy/t_end
openspec/changes/rl-engine-ports/evidence/2026-09-29-eq63/tf-legacy/t_start	11	bec447c82431018ea3f6a830c820152992d604dc94adc449be48473f099edb06	yeto-evidence-archive	/openspec/changes/rl-engine-ports/evidence/2026-09-29-eq63/tf-legacy/t_start
openspec/changes/rl-engine-ports/evidence/2026-09-29-eq63/tf-legacy/work/data/m2/combined.jsonl	2893	9b7f5fd3914cb37dd09d2b5df673310287fe11843a9778c0e49bc63b6806b1af	yeto-evidence-archive	/openspec/changes/rl-engine-ports/evidence/2026-09-29-eq63/tf-legacy/work/data/m2/combined.jsonl
openspec/changes/rl-engine-ports/evidence/2026-09-29-eq63/tf-legacy/work/data/m2/eval.jsonl	2922	e541ae1af20b3bf4c148ea4fcf1e9c23723657e8e4d956e1b4c71590db5af82b	yeto-evidence-archive	/openspec/changes/rl-engine-ports/evidence/2026-09-29-eq63/tf-legacy/work/data/m2/eval.jsonl
openspec/changes/rl-engine-ports/evidence/2026-09-29-eq63/tf-legacy/work/data/m2/island-0.jsonl	1298	889b58049c013372b7960f9f8318f54281d402dda4a1f53731c1d0c4f0ae3c04	yeto-evidence-archive	/openspec/changes/rl-engine-ports/evidence/2026-09-29-eq63/tf-legacy/work/data/m2/island-0.jsonl
openspec/changes/rl-engine-ports/evidence/2026-09-29-eq63/tf-legacy/work/data/m2/island-1.jsonl	1595	5abcb9b02ab7fc743789708a446aa06110fd45adce9b63825e4ebfa6ff3ef0a3	yeto-evidence-archive	/openspec/changes/rl-engine-ports/evidence/2026-09-29-eq63/tf-legacy/work/data/m2/island-1.jsonl
openspec/changes/rl-engine-ports/evidence/2026-09-29-eq63/tf-legacy/work/seed-17/yeto-decoupled-m2/adapter/adapter_config.json	1185	57d70129594490acd4dd66354eb3b148f02fd229bab8c451b22799c97afa9844	yeto-evidence-archive	/openspec/changes/rl-engine-ports/evidence/2026-09-29-eq63/tf-legacy/work/seed-17/yeto-decoupled-m2/adapter/adapter_config.json
openspec/changes/rl-engine-ports/evidence/2026-09-29-eq63/tf-legacy/work/seed-17/yeto-decoupled-m2/adapter/yeto_rl_provenance.json	585	26b29043d0cbc4ac8c35f680ae397bbf55396b2ed83fd1326efaa051546a4eb6	yeto-evidence-archive	/openspec/changes/rl-engine-ports/evidence/2026-09-29-eq63/tf-legacy/work/seed-17/yeto-decoupled-m2/adapter/yeto_rl_provenance.json
openspec/changes/rl-engine-ports/evidence/2026-09-29-eq63/tf-legacy/work/seed-17/yeto-decoupled-m2/eval-samples.jsonl	6442	daa05aad960aba4fbcfe1ae2120759a41facf08f145be99719b0932a49acb89a	yeto-evidence-archive	/openspec/changes/rl-engine-ports/evidence/2026-09-29-eq63/tf-legacy/work/seed-17/yeto-decoupled-m2/eval-samples.jsonl
openspec/changes/rl-engine-ports/evidence/2026-09-29-eq63/tf-legacy/work/seed-17/yeto-decoupled-m2/eval-worker.json	1273	668b884c0583fa8448edf8fd65df10346f516d0b28b5f01ad4183823c6154b8c	yeto-evidence-archive	/openspec/changes/rl-engine-ports/evidence/2026-09-29-eq63/tf-legacy/work/seed-17/yeto-decoupled-m2/eval-worker.json
openspec/changes/rl-engine-ports/evidence/2026-09-29-eq63/tf-legacy/work/seed-17/yeto-decoupled-m2/eval.json	217	2706c59f84ff6b7f8bc08b238a8e020afa86239c3c382eb53f6cd539876aa9a6	yeto-evidence-archive	/openspec/changes/rl-engine-ports/evidence/2026-09-29-eq63/tf-legacy/work/seed-17/yeto-decoupled-m2/eval.json
openspec/changes/rl-engine-ports/evidence/2026-09-29-eq63/tf-legacy/work/seed-17/yeto-decoupled-m2/eval.log	1096	7d287962c51adac0b607ffce06ed759a873dfd181888ac5125713adffd5763b0	yeto-evidence-archive	/openspec/changes/rl-engine-ports/evidence/2026-09-29-eq63/tf-legacy/work/seed-17/yeto-decoupled-m2/eval.log
openspec/changes/rl-engine-ports/evidence/2026-09-29-eq63/tf-legacy/work/seed-17/yeto-decoupled-m2/island-0/miles.log	82244	180da41f08d54b3c6d61c856305fb24b68b3a8429552960928f2692948fa124a	yeto-evidence-archive	/openspec/changes/rl-engine-ports/evidence/2026-09-29-eq63/tf-legacy/work/seed-17/yeto-decoupled-m2/island-0/miles.log
openspec/changes/rl-engine-ports/evidence/2026-09-29-eq63/tf-legacy/work/seed-17/yeto-decoupled-m2/island-0/worker.json	2327	93946cfab49a048113cb575d21c85bae6de070c70977f1b88089a9a846fbdc0d	yeto-evidence-archive	/openspec/changes/rl-engine-ports/evidence/2026-09-29-eq63/tf-legacy/work/seed-17/yeto-decoupled-m2/island-0/worker.json
openspec/changes/rl-engine-ports/evidence/2026-09-29-eq63/tf-legacy/work/seed-17/yeto-decoupled-m2/island-1/events.jsonl	5976	8ab60ffcdcc1fd86f9a92a6a9894fe28213c7683a0642823483c9c07beef7353	yeto-evidence-archive	/openspec/changes/rl-engine-ports/evidence/2026-09-29-eq63/tf-legacy/work/seed-17/yeto-decoupled-m2/island-1/events.jsonl
openspec/changes/rl-engine-ports/evidence/2026-09-29-eq63/tf-legacy/work/seed-17/yeto-decoupled-m2/island-1/miles.log	82399	2de1c3344531d4575272f5720d8411434d3e925aef8457e79a26ce9e39c83ec9	yeto-evidence-archive	/openspec/changes/rl-engine-ports/evidence/2026-09-29-eq63/tf-legacy/work/seed-17/yeto-decoupled-m2/island-1/miles.log
openspec/changes/rl-engine-ports/evidence/2026-09-29-eq63/tf-legacy/work/seed-17/yeto-decoupled-m2/island-1/worker.json	2327	91aac3b9640cab3393557302ff457ff0ae6721d32cfeb0a320121c762943c9f1	yeto-evidence-archive	/openspec/changes/rl-engine-ports/evidence/2026-09-29-eq63/tf-legacy/work/seed-17/yeto-decoupled-m2/island-1/worker.json
openspec/changes/rl-engine-ports/evidence/2026-09-29-eq63/tf-legacy/work/seed-17/yeto-decoupled-m2/rollouts/dashboard_columns/rollout_0.parquet	36481	1b9738f2db8028085d73e8af0b033bacac419597a2540989ada7a936f43661bd	yeto-evidence-archive	/openspec/changes/rl-engine-ports/evidence/2026-09-29-eq63/tf-legacy/work/seed-17/yeto-decoupled-m2/rollouts/dashboard_columns/rollout_0.parquet
openspec/changes/rl-engine-ports/evidence/2026-09-29-eq63/tf-legacy/work/seed-17/yeto-decoupled-m2/syncer.jsonl	8560	2cfaf3f9261241573621e154c849ce023410901e1dedcb58c0ce62de8908b09b	yeto-evidence-archive	/openspec/changes/rl-engine-ports/evidence/2026-09-29-eq63/tf-legacy/work/seed-17/yeto-decoupled-m2/syncer.jsonl
openspec/changes/rl-engine-ports/evidence/2026-09-29-eq63/tf-legacy/work/seed-17/yeto-decoupled-m2/syncer.log	7107	3a002529e5db9575429ade4f7b18c84f0eeffd763cf211545d0d37695a44383b	yeto-evidence-archive	/openspec/changes/rl-engine-ports/evidence/2026-09-29-eq63/tf-legacy/work/seed-17/yeto-decoupled-m2/syncer.log
openspec/changes/rl-engine-ports/evidence/2026-09-29-eq63/tf-ports/launch.log	4641	472911ec03150e2d8ed37575ce2e7e13677e57d97b379ace886c38a6f72d42f8	yeto-evidence-archive	/openspec/changes/rl-engine-ports/evidence/2026-09-29-eq63/tf-ports/launch.log
openspec/changes/rl-engine-ports/evidence/2026-09-29-eq63/tf-ports/rc	2	9a271f2a916b0b6ee6cecb2426f0b3206ef074578be55d9bc94f6f3fe3ab86aa	yeto-evidence-archive	/openspec/changes/rl-engine-ports/evidence/2026-09-29-eq63/tf-ports/rc
openspec/changes/rl-engine-ports/evidence/2026-09-29-eq63/tf-ports/report/results.jsonl	1665	dd87dbab21aaaeefe8703109fbe5f1d0b5392388567d2249571b467b68a77e07	yeto-evidence-archive	/openspec/changes/rl-engine-ports/evidence/2026-09-29-eq63/tf-ports/report/results.jsonl
openspec/changes/rl-engine-ports/evidence/2026-09-29-eq63/tf-ports/t_end	11	4a082f79f88953df578cf40a2942d296541e831119762a6ef7b5bcf896245e05	yeto-evidence-archive	/openspec/changes/rl-engine-ports/evidence/2026-09-29-eq63/tf-ports/t_end
openspec/changes/rl-engine-ports/evidence/2026-09-29-eq63/tf-ports/t_start	11	0bc92a09751a1bafc557ea1838d389820ee8dcc8a0215e7affe4eeb24022e35c	yeto-evidence-archive	/openspec/changes/rl-engine-ports/evidence/2026-09-29-eq63/tf-ports/t_start
openspec/changes/rl-engine-ports/evidence/2026-09-29-eq63/tf-ports/work/data/m2/combined.jsonl	2893	9b7f5fd3914cb37dd09d2b5df673310287fe11843a9778c0e49bc63b6806b1af	yeto-evidence-archive	/openspec/changes/rl-engine-ports/evidence/2026-09-29-eq63/tf-ports/work/data/m2/combined.jsonl
openspec/changes/rl-engine-ports/evidence/2026-09-29-eq63/tf-ports/work/data/m2/eval.jsonl	2922	e541ae1af20b3bf4c148ea4fcf1e9c23723657e8e4d956e1b4c71590db5af82b	yeto-evidence-archive	/openspec/changes/rl-engine-ports/evidence/2026-09-29-eq63/tf-ports/work/data/m2/eval.jsonl
openspec/changes/rl-engine-ports/evidence/2026-09-29-eq63/tf-ports/work/data/m2/island-0.jsonl	1298	889b58049c013372b7960f9f8318f54281d402dda4a1f53731c1d0c4f0ae3c04	yeto-evidence-archive	/openspec/changes/rl-engine-ports/evidence/2026-09-29-eq63/tf-ports/work/data/m2/island-0.jsonl
openspec/changes/rl-engine-ports/evidence/2026-09-29-eq63/tf-ports/work/data/m2/island-1.jsonl	1595	5abcb9b02ab7fc743789708a446aa06110fd45adce9b63825e4ebfa6ff3ef0a3	yeto-evidence-archive	/openspec/changes/rl-engine-ports/evidence/2026-09-29-eq63/tf-ports/work/data/m2/island-1.jsonl
openspec/changes/rl-engine-ports/evidence/2026-09-29-eq63/tf-ports/work/seed-17/yeto-decoupled-m2/adapter/adapter_config.json	1083	e2ce57d2e64b1a50695c9439e4802cb129fe1f0648a42955f63cc7862309d228	yeto-evidence-archive	/openspec/changes/rl-engine-ports/evidence/2026-09-29-eq63/tf-ports/work/seed-17/yeto-decoupled-m2/adapter/adapter_config.json
openspec/changes/rl-engine-ports/evidence/2026-09-29-eq63/tf-ports/work/seed-17/yeto-decoupled-m2/adapter/yeto_rl_provenance.json	605	2a0ed324e13f2d9073e90891e99a7b3304abe0fca59d4e7747e4b77ce6391460	yeto-evidence-archive	/openspec/changes/rl-engine-ports/evidence/2026-09-29-eq63/tf-ports/work/seed-17/yeto-decoupled-m2/adapter/yeto_rl_provenance.json
openspec/changes/rl-engine-ports/evidence/2026-09-29-eq63/tf-ports/work/seed-17/yeto-decoupled-m2/eval-samples.jsonl	6921	b1e1ff2c6958c942e1c4d9588c26c535969cc3d5229048ca4e9e42432197bb3c	yeto-evidence-archive	/openspec/changes/rl-engine-ports/evidence/2026-09-29-eq63/tf-ports/work/seed-17/yeto-decoupled-m2/eval-samples.jsonl
openspec/changes/rl-engine-ports/evidence/2026-09-29-eq63/tf-ports/work/seed-17/yeto-decoupled-m2/eval-worker.json	1267	500c980de4ae103958cfae524f0ad5f2f9b6c4bd992f277887073d170f7e3dce	yeto-evidence-archive	/openspec/changes/rl-engine-ports/evidence/2026-09-29-eq63/tf-ports/work/seed-17/yeto-decoupled-m2/eval-worker.json
openspec/changes/rl-engine-ports/evidence/2026-09-29-eq63/tf-ports/work/seed-17/yeto-decoupled-m2/eval.json	216	92324af70f65035aa4b7894964deac90fb505607f63eb81a8bbe49dd87225908	yeto-evidence-archive	/openspec/changes/rl-engine-ports/evidence/2026-09-29-eq63/tf-ports/work/seed-17/yeto-decoupled-m2/eval.json
openspec/changes/rl-engine-ports/evidence/2026-09-29-eq63/tf-ports/work/seed-17/yeto-decoupled-m2/eval.log	147	0808de877d7bf494532b0a1d74ee1da9078aa3cccb6854a4d2edc4452a088ff4	yeto-evidence-archive	/openspec/changes/rl-engine-ports/evidence/2026-09-29-eq63/tf-ports/work/seed-17/yeto-decoupled-m2/eval.log
openspec/changes/rl-engine-ports/evidence/2026-09-29-eq63/tf-ports/work/seed-17/yeto-decoupled-m2/island-0/miles.log	71616	9070652dbdbea8a69cb9c4d54ee84657196fead917e5072988796e8eb07e0604	yeto-evidence-archive	/openspec/changes/rl-engine-ports/evidence/2026-09-29-eq63/tf-ports/work/seed-17/yeto-decoupled-m2/island-0/miles.log
openspec/changes/rl-engine-ports/evidence/2026-09-29-eq63/tf-ports/work/seed-17/yeto-decoupled-m2/island-0/worker.json	2226	9dda408cf43a95e06111f77f0d069a9475315cfda1e88bfbe3c427130ca1475d	yeto-evidence-archive	/openspec/changes/rl-engine-ports/evidence/2026-09-29-eq63/tf-ports/work/seed-17/yeto-decoupled-m2/island-0/worker.json
openspec/changes/rl-engine-ports/evidence/2026-09-29-eq63/tf-ports/work/seed-17/yeto-decoupled-m2/island-1/events.jsonl	8278	aaa0eb28faf9156d34f025aa181367a0e609817512cf09996016985588bb81ef	yeto-evidence-archive	/openspec/changes/rl-engine-ports/evidence/2026-09-29-eq63/tf-ports/work/seed-17/yeto-decoupled-m2/island-1/events.jsonl
openspec/changes/rl-engine-ports/evidence/2026-09-29-eq63/tf-ports/work/seed-17/yeto-decoupled-m2/island-1/miles.log	71689	e47e6a41a168bad047f5ee0804e1440e41a756e1f144267d7fd8e324fa78402a	yeto-evidence-archive	/openspec/changes/rl-engine-ports/evidence/2026-09-29-eq63/tf-ports/work/seed-17/yeto-decoupled-m2/island-1/miles.log
openspec/changes/rl-engine-ports/evidence/2026-09-29-eq63/tf-ports/work/seed-17/yeto-decoupled-m2/island-1/worker.json	2226	f4094bf26df1ba83e9ee92ab62abc93dc388764a1903c1ba667c99dd697a2d76	yeto-evidence-archive	/openspec/changes/rl-engine-ports/evidence/2026-09-29-eq63/tf-ports/work/seed-17/yeto-decoupled-m2/island-1/worker.json
openspec/changes/rl-engine-ports/evidence/2026-09-29-eq63/tf-ports/work/seed-17/yeto-decoupled-m2/rollouts/dashboard_columns/rollout_0.parquet	36481	1b9738f2db8028085d73e8af0b033bacac419597a2540989ada7a936f43661bd	yeto-evidence-archive	/openspec/changes/rl-engine-ports/evidence/2026-09-29-eq63/tf-ports/work/seed-17/yeto-decoupled-m2/rollouts/dashboard_columns/rollout_0.parquet
openspec/changes/rl-engine-ports/evidence/2026-09-29-eq63/tf-ports/work/seed-17/yeto-decoupled-m2/syncer.jsonl	8559	2baec06365a1e5a8eabe53e578f0afc4d5714b81183a889218954843d6c0b7eb	yeto-evidence-archive	/openspec/changes/rl-engine-ports/evidence/2026-09-29-eq63/tf-ports/work/seed-17/yeto-decoupled-m2/syncer.jsonl
openspec/changes/rl-engine-ports/evidence/2026-09-29-eq63/tf-ports/work/seed-17/yeto-decoupled-m2/syncer.log	7096	d654cda2734db899ca411d2ec73c300e77b3a4910617240e89d8fd08ecf4892b	yeto-evidence-archive	/openspec/changes/rl-engine-ports/evidence/2026-09-29-eq63/tf-ports/work/seed-17/yeto-decoupled-m2/syncer.log
openspec/changes/rl-engine-ports/evidence/2026-09-29-harness/probe.py	9431	624ee2d16f03574b81714fb92c2e560e1a51aa7adbb6a2e8273103259fe81db6	yeto-evidence-archive	/openspec/changes/rl-engine-ports/evidence/2026-09-29-harness/probe.py
openspec/changes/rl-engine-ports/evidence/2026-09-29-harness/run.sh	660	b92b78f722f667fb677b12b4303624b99de0fd28aa68ddaff4cb67154df03842	yeto-evidence-archive	/openspec/changes/rl-engine-ports/evidence/2026-09-29-harness/run.sh
openspec/changes/rl-engine-ports/evidence/2026-09-29-harness/runcmd.sh	795	77d762193c4f71932dca2b89fcdc5e8fb785fe48523fe426ee6f9d7920ee9d61	yeto-evidence-archive	/openspec/changes/rl-engine-ports/evidence/2026-09-29-harness/runcmd.sh
openspec/changes/rl-engine-ports/evidence/2026-09-29-harness/sbx.py	2213	ea3e8c6a0a5b10e12dba7e97b6a0c91afc69b7e04b7514db248673bf3e56f51b	yeto-evidence-archive	/openspec/changes/rl-engine-ports/evidence/2026-09-29-harness/sbx.py
openspec/changes/rl-engine-ports/evidence/2026-09-29-harness/worker.py	388	5509acb88aad47699d337be2662874281263f2cfffd79ba5febbe4d08070e8b6	yeto-evidence-archive	/openspec/changes/rl-engine-ports/evidence/2026-09-29-harness/worker.py
openspec/changes/rl-engine-ports/evidence/2026-09-29-head-ports/attempt1/down.log	1468	7c6546272e76315d0a0e68e2e003eb9f55834393ab78b05ca36b53eca25fea13	yeto-evidence-archive	/openspec/changes/rl-engine-ports/evidence/2026-09-29-head-ports/attempt1/down.log
openspec/changes/rl-engine-ports/evidence/2026-09-29-head-ports/attempt1/down2.log	1156	dfa15bfc064c2e0101e30bfecb1435d7c3f67ac52766abe79306bd831c7e7acb	yeto-evidence-archive	/openspec/changes/rl-engine-ports/evidence/2026-09-29-head-ports/attempt1/down2.log
openspec/changes/rl-engine-ports/evidence/2026-09-29-head-ports/attempt1/launch.log	10265	69b407f54e47784adf46d856c814f5e61418b8d0004902f2e182942a81c96256	yeto-evidence-archive	/openspec/changes/rl-engine-ports/evidence/2026-09-29-head-ports/attempt1/launch.log
openspec/changes/rl-engine-ports/evidence/2026-09-29-head-ports/attempt2-modal/down.log	806	356eb40b70a01561bae93cab855a13bd0bb08726c78e094035ea54882ec796cd	yeto-evidence-archive	/openspec/changes/rl-engine-ports/evidence/2026-09-29-head-ports/attempt2-modal/down.log
openspec/changes/rl-engine-ports/evidence/2026-09-29-head-ports/attempt2-modal/down2.log	597	cae4fcc52a8a5f8a7101dcf4eacd4b0029bd335c680847dfc481681cb7bea82d	yeto-evidence-archive	/openspec/changes/rl-engine-ports/evidence/2026-09-29-head-ports/attempt2-modal/down2.log
openspec/changes/rl-engine-ports/evidence/2026-09-29-head-ports/attempt2-modal/launch.log	37610	0b9bd0e34d3e0af0e728f77c9a88d538a5894d43bede7eb90c1fef91e2cd60ae	yeto-evidence-archive	/openspec/changes/rl-engine-ports/evidence/2026-09-29-head-ports/attempt2-modal/launch.log
openspec/changes/rl-engine-ports/evidence/2026-09-29-head-ports/attempt3-nebius/down.log	1004	0d1eb996f26e2acdbb481282ad097f7541cca17910aed06140645fe239d3d6f4	yeto-evidence-archive	/openspec/changes/rl-engine-ports/evidence/2026-09-29-head-ports/attempt3-nebius/down.log
openspec/changes/rl-engine-ports/evidence/2026-09-29-head-ports/attempt3-nebius/island_git_state.txt	729	6c49bf602b9392cb63c11900ece2c8240c724667b75e9e1814e6b9dcf4b58b7c	yeto-evidence-archive	/openspec/changes/rl-engine-ports/evidence/2026-09-29-head-ports/attempt3-nebius/island_git_state.txt
openspec/changes/rl-engine-ports/evidence/2026-09-29-head-ports/attempt3-nebius/yeto-hp929c-l0-eu-north1.job1.log	55487	200cd6b570eb50e1cb4721dfa43302ccd6a7eb8c07725d3518727b6b4cb75e59	yeto-evidence-archive	/openspec/changes/rl-engine-ports/evidence/2026-09-29-head-ports/attempt3-nebius/yeto-hp929c-l0-eu-north1.job1.log
openspec/changes/rl-engine-ports/evidence/2026-09-29-head-ports/attempt3-nebius/yeto-hp929c-l0-eu-north1.job2.log	107	384ac02034d2dad7772a7e94e2b88899ea5751dcb6280c66f108468a4cf259c8	yeto-evidence-archive	/openspec/changes/rl-engine-ports/evidence/2026-09-29-head-ports/attempt3-nebius/yeto-hp929c-l0-eu-north1.job2.log
openspec/changes/rl-engine-ports/evidence/2026-09-29-head-ports/attempt3-nebius/yeto-hp929c-l0-eu-north1.queue	486	58bc5316733117f09552d16c598f13205b64263628360758c2989cf463885ae3	yeto-evidence-archive	/openspec/changes/rl-engine-ports/evidence/2026-09-29-head-ports/attempt3-nebius/yeto-hp929c-l0-eu-north1.queue
openspec/changes/rl-engine-ports/evidence/2026-09-29-head-ports/attempt3-nebius/yeto-hp929c-l1-eu-north1.job1.log	55498	c914443c1bb00df15573baeb2f5b7e61223cf0b3d0a0230725a3211e0a06c06a	yeto-evidence-archive	/openspec/changes/rl-engine-ports/evidence/2026-09-29-head-ports/attempt3-nebius/yeto-hp929c-l1-eu-north1.job1.log
openspec/changes/rl-engine-ports/evidence/2026-09-29-head-ports/attempt3-nebius/yeto-hp929c-l1-eu-north1.job2.log	797	0aedeb817985bfec2beda6fa784e32f60a878e52248bad246d692d8e7a3142aa	yeto-evidence-archive	/openspec/changes/rl-engine-ports/evidence/2026-09-29-head-ports/attempt3-nebius/yeto-hp929c-l1-eu-north1.job2.log
openspec/changes/rl-engine-ports/evidence/2026-09-29-head-ports/attempt3-nebius/yeto-hp929c-l1-eu-north1.queue	671	6de429643c45d72e8d164be966ac201f22f2154600748f6963a7809cb4c1a971	yeto-evidence-archive	/openspec/changes/rl-engine-ports/evidence/2026-09-29-head-ports/attempt3-nebius/yeto-hp929c-l1-eu-north1.queue
openspec/changes/rl-engine-ports/evidence/2026-09-29-head-ports/attempt3-nebius/yeto-syncer.log	307	a2ad91d5d7562b4700ba205215c18006017d51916c1f3c354e0f329e75133a34	yeto-evidence-archive	/openspec/changes/rl-engine-ports/evidence/2026-09-29-head-ports/attempt3-nebius/yeto-syncer.log
openspec/changes/rl-engine-ports/evidence/2026-09-29-head-ports/attempt4-2cbd45c/down.log	936	325a3b7b8688e5323aa05a860de5a9fec3813914d96838a27ce200ddc2fa5e0a	yeto-evidence-archive	/openspec/changes/rl-engine-ports/evidence/2026-09-29-head-ports/attempt4-2cbd45c/down.log
openspec/changes/rl-engine-ports/evidence/2026-09-29-head-ports/attempt4-2cbd45c/launch.log	26219	67722a30bf15c0e46df0a5660708274e0c64e106635e09d6b9fe517fa930d451	yeto-evidence-archive	/openspec/changes/rl-engine-ports/evidence/2026-09-29-head-ports/attempt4-2cbd45c/launch.log
openspec/changes/rl-engine-ports/evidence/2026-09-29-head-ports/attempt4-2cbd45c/rl-island-1.jsonl	55240	6770db4ee8c0d136b40309a88dcf83377adfb2642e9656f2fe99e020363969f1	yeto-evidence-archive	/openspec/changes/rl-engine-ports/evidence/2026-09-29-head-ports/attempt4-2cbd45c/rl-island-1.jsonl
openspec/changes/rl-engine-ports/evidence/2026-09-29-head-ports/attempt4-2cbd45c/yeto-hp929d-l0-eu-north1.git_state.txt	108	032f738921214a531f4ad8111a60708958cad4fe7bf22ecaee1da40879b5c957	yeto-evidence-archive	/openspec/changes/rl-engine-ports/evidence/2026-09-29-head-ports/attempt4-2cbd45c/yeto-hp929d-l0-eu-north1.git_state.txt
openspec/changes/rl-engine-ports/evidence/2026-09-29-head-ports/attempt4-2cbd45c/yeto-hp929d-l0-eu-north1.job1.log	84373	f46d6193e49e06bc78cc4cd013414f60b3eee210d84ce6fc17107943b5a2e74c	yeto-evidence-archive	/openspec/changes/rl-engine-ports/evidence/2026-09-29-head-ports/attempt4-2cbd45c/yeto-hp929d-l0-eu-north1.job1.log
openspec/changes/rl-engine-ports/evidence/2026-09-29-head-ports/attempt4-2cbd45c/yeto-hp929d-l1-eu-north1.git_state.txt	1675	13a1b57fa636c71ecba91e909e2457ede7c48f506462e0cfbe49f9bcc52c096a	yeto-evidence-archive	/openspec/changes/rl-engine-ports/evidence/2026-09-29-head-ports/attempt4-2cbd45c/yeto-hp929d-l1-eu-north1.git_state.txt
openspec/changes/rl-engine-ports/evidence/2026-09-29-head-ports/attempt4-2cbd45c/yeto-hp929d-l1-eu-north1.job1.log	85940	cb5686aa92152face308e7860ff5bd50ae411bfc6334ae80aa4fc281f249d558	yeto-evidence-archive	/openspec/changes/rl-engine-ports/evidence/2026-09-29-head-ports/attempt4-2cbd45c/yeto-hp929d-l1-eu-north1.job1.log
openspec/changes/rl-engine-ports/evidence/2026-09-29-head-ports/attempt4-2cbd45c/yeto-syncer.log	8554	c78fd7dbbeb9044d3d4ad9021c96b0cf2e88595219638e2e0caeae13e53548ee	yeto-evidence-archive	/openspec/changes/rl-engine-ports/evidence/2026-09-29-head-ports/attempt4-2cbd45c/yeto-syncer.log
openspec/changes/rl-engine-ports/evidence/2026-09-29-head-ports/attempt4-2cbd45c/yeto-tape.jsonl	16926	86781d85409013b3cc85fa72a31548ac3221aba2b607302afc795d33af393d3f	yeto-evidence-archive	/openspec/changes/rl-engine-ports/evidence/2026-09-29-head-ports/attempt4-2cbd45c/yeto-tape.jsonl
openspec/changes/rl-engine-ports/evidence/2026-09-29-head-ports/launch.sh	857	149bfcae3d2ca90abfedbd775293d2ca892e5c10915142aaaa445bf7dfba834d	yeto-evidence-archive	/openspec/changes/rl-engine-ports/evidence/2026-09-29-head-ports/launch.sh
openspec/changes/rl-engine-ports/evidence/2026-09-29-head-ports/teardown_proof.txt	1790	f01f3b3b55bf26478f7d758f0ba669c0c96e72c9bb2ab746b0fc7b14ac7c4dfc	yeto-evidence-archive	/openspec/changes/rl-engine-ports/evidence/2026-09-29-head-ports/teardown_proof.txt
openspec/changes/rl-engine-ports/evidence/2026-09-29-head-ports/teardown_proof_attempt4.txt	979	b5cf5a5839f301d73641bfa9b29d64ae08b7468ddee87102fc046c536d61e8ec	yeto-evidence-archive	/openspec/changes/rl-engine-ports/evidence/2026-09-29-head-ports/teardown_proof_attempt4.txt
openspec/changes/rl-engine-ports/evidence/2026-09-29-kill44-legacy-vs-ports/env-legacy/gpu.txt	22	c8116d5e5b1b8de839d0151899290852207750b0c5c603fd1e07a65b6d01de7a	yeto-evidence-archive	/openspec/changes/rl-engine-ports/evidence/2026-09-29-kill44-legacy-vs-ports/env-legacy/gpu.txt
openspec/changes/rl-engine-ports/evidence/2026-09-29-kill44-legacy-vs-ports/env-legacy/sandbox-env.txt	12412	7ee1f7502b0b38efb6b6a89d3b1cd55c905b58560798dc56dd44a5b610bf9aa6	yeto-evidence-archive	/openspec/changes/rl-engine-ports/evidence/2026-09-29-kill44-legacy-vs-ports/env-legacy/sandbox-env.txt
openspec/changes/rl-engine-ports/evidence/2026-09-29-kill44-legacy-vs-ports/env-ports/gpu.txt	22	c8116d5e5b1b8de839d0151899290852207750b0c5c603fd1e07a65b6d01de7a	yeto-evidence-archive	/openspec/changes/rl-engine-ports/evidence/2026-09-29-kill44-legacy-vs-ports/env-ports/gpu.txt
openspec/changes/rl-engine-ports/evidence/2026-09-29-kill44-legacy-vs-ports/env-ports/sandbox-env.txt	12767	6c5d6de60fc9b544c13a0055cff382ce916f10ac7ff90bdb14c1b91d04c8dc08	yeto-evidence-archive	/openspec/changes/rl-engine-ports/evidence/2026-09-29-kill44-legacy-vs-ports/env-ports/sandbox-env.txt
openspec/changes/rl-engine-ports/evidence/2026-09-29-kill44-legacy-vs-ports/harness/drive.sh	2699	48aafc5828e3f7f100b8b7434593eff4f34e4311fb3a95b7d089689e1056f223	yeto-evidence-archive	/openspec/changes/rl-engine-ports/evidence/2026-09-29-kill44-legacy-vs-ports/harness/drive.sh
openspec/changes/rl-engine-ports/evidence/2026-09-29-kill44-legacy-vs-ports/harness/sbx.py	4127	ac39b0faadf12a17fc91c22d51e32dc0fc39c4da0590c88d659702c37c7d17d2	yeto-evidence-archive	/openspec/changes/rl-engine-ports/evidence/2026-09-29-kill44-legacy-vs-ports/harness/sbx.py
openspec/changes/rl-engine-ports/evidence/2026-09-29-kill44-legacy-vs-ports/harness/yeto_legacy_router_timeout.py	1092	f1ed1d77240f81779c75f49214533fc2d9eead9a8958d4ddc197400de0968b0d	yeto-evidence-archive	/openspec/changes/rl-engine-ports/evidence/2026-09-29-kill44-legacy-vs-ports/harness/yeto_legacy_router_timeout.py
openspec/changes/rl-engine-ports/evidence/2026-09-29-kill44-legacy-vs-ports/kill44-legacy/YETO_SHA	41	c4092474aba6a6dede64cba0853219164bdb70d1f1290f7384821dfabb471ae7	yeto-evidence-archive	/openspec/changes/rl-engine-ports/evidence/2026-09-29-kill44-legacy-vs-ports/kill44-legacy/YETO_SHA
openspec/changes/rl-engine-ports/evidence/2026-09-29-kill44-legacy-vs-ports/kill44-legacy/cg-states.jsonl	4431	0d67b45c4aff0c5e82f4d13a49412f878206b2d17650d3b0e17468da5dadb29a	yeto-evidence-archive	/openspec/changes/rl-engine-ports/evidence/2026-09-29-kill44-legacy-vs-ports/kill44-legacy/cg-states.jsonl
openspec/changes/rl-engine-ports/evidence/2026-09-29-kill44-legacy-vs-ports/kill44-legacy/cmd.txt	63	36250cf2bb2a3618518e3203552bbf0acf5c81c89fcc306a487922340fa44d05	yeto-evidence-archive	/openspec/changes/rl-engine-ports/evidence/2026-09-29-kill44-legacy-vs-ports/kill44-legacy/cmd.txt
openspec/changes/rl-engine-ports/evidence/2026-09-29-kill44-legacy-vs-ports/kill44-legacy/island-0/audit/round-00000001.json	48718	cfb825f57f5cc5ac48fc71eb74ac5ee5edfa91b687a806f963610239130f218d	yeto-evidence-archive	/openspec/changes/rl-engine-ports/evidence/2026-09-29-kill44-legacy-vs-ports/kill44-legacy/island-0/audit/round-00000001.json
openspec/changes/rl-engine-ports/evidence/2026-09-29-kill44-legacy-vs-ports/kill44-legacy/island-0/audit/round-00000002.json	48718	c370b465eb65fc8c13a0e318df4541287426c52d18bb9aef99911c570b1e7ce5	yeto-evidence-archive	/openspec/changes/rl-engine-ports/evidence/2026-09-29-kill44-legacy-vs-ports/kill44-legacy/island-0/audit/round-00000002.json
openspec/changes/rl-engine-ports/evidence/2026-09-29-kill44-legacy-vs-ports/kill44-legacy/island-0/audit/round-00000003.json	48718	25ea1181fd632da773ad7a263ca1f6542bd1cbfb75d5cdfd1830c275263de235	yeto-evidence-archive	/openspec/changes/rl-engine-ports/evidence/2026-09-29-kill44-legacy-vs-ports/kill44-legacy/island-0/audit/round-00000003.json
openspec/changes/rl-engine-ports/evidence/2026-09-29-kill44-legacy-vs-ports/kill44-legacy/island-0/audit/round-00000004.json	48718	ff20e179fe62c70f6f4c2759a779f2e59b128806909ba84be68f13cef5ffb76b	yeto-evidence-archive	/openspec/changes/rl-engine-ports/evidence/2026-09-29-kill44-legacy-vs-ports/kill44-legacy/island-0/audit/round-00000004.json
openspec/changes/rl-engine-ports/evidence/2026-09-29-kill44-legacy-vs-ports/kill44-legacy/kill44.jsonl	1875	6d4c62058444505efcdd457e1f7b018d7615c3800381e8aca4f900dfdddc638f	yeto-evidence-archive	/openspec/changes/rl-engine-ports/evidence/2026-09-29-kill44-legacy-vs-ports/kill44-legacy/kill44.jsonl
openspec/changes/rl-engine-ports/evidence/2026-09-29-kill44-legacy-vs-ports/kill44-legacy/nvidia-smi.txt	1689	bc146a8cac676e27fe8201135b0b596c59877f231b1716db66437400879d2afe	yeto-evidence-archive	/openspec/changes/rl-engine-ports/evidence/2026-09-29-kill44-legacy-vs-ports/kill44-legacy/nvidia-smi.txt
openspec/changes/rl-engine-ports/evidence/2026-09-29-kill44-legacy-vs-ports/kill44-legacy/prompts.jsonl	6209	c54b8a7eda1d185c28f9364cd0b35b6c142663074ddd2009ea7c1c7cad8f3fcc	yeto-evidence-archive	/openspec/changes/rl-engine-ports/evidence/2026-09-29-kill44-legacy-vs-ports/kill44-legacy/prompts.jsonl
openspec/changes/rl-engine-ports/evidence/2026-09-29-kill44-legacy-vs-ports/kill44-legacy/rc	5	93ff7811a209e2a8479230bbb9b6bc19f7f311d3af383ec350c1db2a7e7d5494	yeto-evidence-archive	/openspec/changes/rl-engine-ports/evidence/2026-09-29-kill44-legacy-vs-ports/kill44-legacy/rc
openspec/changes/rl-engine-ports/evidence/2026-09-29-kill44-legacy-vs-ports/kill44-legacy/syncer.jsonl	3278	5b90eac8909cce4266bb048931d8b14dd40abd74df9a2b22f8d300e534477a39	yeto-evidence-archive	/openspec/changes/rl-engine-ports/evidence/2026-09-29-kill44-legacy-vs-ports/kill44-legacy/syncer.jsonl
openspec/changes/rl-engine-ports/evidence/2026-09-29-kill44-legacy-vs-ports/kill44-legacy/worker.json	1801	90860111a2d9c131ddb1ca3666edccac9bbe02c640d8225380bced181863575c	yeto-evidence-archive	/openspec/changes/rl-engine-ports/evidence/2026-09-29-kill44-legacy-vs-ports/kill44-legacy/worker.json
openspec/changes/rl-engine-ports/evidence/2026-09-29-kill44-legacy-vs-ports/kill44-ports/YETO_SHA	41	c4092474aba6a6dede64cba0853219164bdb70d1f1290f7384821dfabb471ae7	yeto-evidence-archive	/openspec/changes/rl-engine-ports/evidence/2026-09-29-kill44-legacy-vs-ports/kill44-ports/YETO_SHA
openspec/changes/rl-engine-ports/evidence/2026-09-29-kill44-legacy-vs-ports/kill44-ports/cg-states.jsonl	3981	a9c19c9d24c94e53106e32ca92cc65d32d3601714d6117c54249dafc30a72797	yeto-evidence-archive	/openspec/changes/rl-engine-ports/evidence/2026-09-29-kill44-legacy-vs-ports/kill44-ports/cg-states.jsonl
openspec/changes/rl-engine-ports/evidence/2026-09-29-kill44-legacy-vs-ports/kill44-ports/cmd.txt	61	30c0a09d44df2422600f5e78ff9154be060aa495ce4d853ae27acb226fff7b86	yeto-evidence-archive	/openspec/changes/rl-engine-ports/evidence/2026-09-29-kill44-legacy-vs-ports/kill44-ports/cmd.txt
openspec/changes/rl-engine-ports/evidence/2026-09-29-kill44-legacy-vs-ports/kill44-ports/island-0/audit/round-00000001.json	48718	af883275e239938a36360feee72bbb4b8cbff656fcfb162598a69f595b3f734b	yeto-evidence-archive	/openspec/changes/rl-engine-ports/evidence/2026-09-29-kill44-legacy-vs-ports/kill44-ports/island-0/audit/round-00000001.json
openspec/changes/rl-engine-ports/evidence/2026-09-29-kill44-legacy-vs-ports/kill44-ports/island-0/audit/round-00000002.json	48718	df112c37893ec156ccfd02cb6281c1ade97892b171c387cbbee795bb9fa1b847	yeto-evidence-archive	/openspec/changes/rl-engine-ports/evidence/2026-09-29-kill44-legacy-vs-ports/kill44-ports/island-0/audit/round-00000002.json
openspec/changes/rl-engine-ports/evidence/2026-09-29-kill44-legacy-vs-ports/kill44-ports/island-0/audit/round-00000003.json	48718	d1dfe14e436a62ae3946002cb9688c836b67de14f70394744c4fff53123389ff	yeto-evidence-archive	/openspec/changes/rl-engine-ports/evidence/2026-09-29-kill44-legacy-vs-ports/kill44-ports/island-0/audit/round-00000003.json
openspec/changes/rl-engine-ports/evidence/2026-09-29-kill44-legacy-vs-ports/kill44-ports/island-0/audit/round-00000004.json	48718	5a69d9f206587e04ba88792587f5d337fc19473f1d79c699ff95da57fa36a95d	yeto-evidence-archive	/openspec/changes/rl-engine-ports/evidence/2026-09-29-kill44-legacy-vs-ports/kill44-ports/island-0/audit/round-00000004.json
openspec/changes/rl-engine-ports/evidence/2026-09-29-kill44-legacy-vs-ports/kill44-ports/kill44.jsonl	1835	c6ed98f59324e5182264cf6163007450b9b0402b7a6a05ba7d9779daaa66ac7e	yeto-evidence-archive	/openspec/changes/rl-engine-ports/evidence/2026-09-29-kill44-legacy-vs-ports/kill44-ports/kill44.jsonl
openspec/changes/rl-engine-ports/evidence/2026-09-29-kill44-legacy-vs-ports/kill44-ports/nvidia-smi.txt	1689	27c40ecbc7873fa52fea35f81b6425dcb5477bb820be0b629ecea0341ef8792d	yeto-evidence-archive	/openspec/changes/rl-engine-ports/evidence/2026-09-29-kill44-legacy-vs-ports/kill44-ports/nvidia-smi.txt
openspec/changes/rl-engine-ports/evidence/2026-09-29-kill44-legacy-vs-ports/kill44-ports/prompts.jsonl	6209	c54b8a7eda1d185c28f9364cd0b35b6c142663074ddd2009ea7c1c7cad8f3fcc	yeto-evidence-archive	/openspec/changes/rl-engine-ports/evidence/2026-09-29-kill44-legacy-vs-ports/kill44-ports/prompts.jsonl
openspec/changes/rl-engine-ports/evidence/2026-09-29-kill44-legacy-vs-ports/kill44-ports/rc	5	93ff7811a209e2a8479230bbb9b6bc19f7f311d3af383ec350c1db2a7e7d5494	yeto-evidence-archive	/openspec/changes/rl-engine-ports/evidence/2026-09-29-kill44-legacy-vs-ports/kill44-ports/rc
openspec/changes/rl-engine-ports/evidence/2026-09-29-kill44-legacy-vs-ports/kill44-ports/syncer.jsonl	3263	8e3db884fc37de3e81b76c676f7b82279b328a845087e8120f2e16b669631716	yeto-evidence-archive	/openspec/changes/rl-engine-ports/evidence/2026-09-29-kill44-legacy-vs-ports/kill44-ports/syncer.jsonl
openspec/changes/rl-engine-ports/evidence/2026-09-29-kill44-legacy-vs-ports/kill44-ports/worker.json	1705	a82c01dc3688b15c0c744fbcd99641051c0315e8e09d74acd88c43a7c2518f51	yeto-evidence-archive	/openspec/changes/rl-engine-ports/evidence/2026-09-29-kill44-legacy-vs-ports/kill44-ports/worker.json
openspec/changes/rl-engine-ports/evidence/2026-09-29-kill44-legacy-vs-ports/modal_app_list.txt	1269	d9fc024399135c182405b7209022161d209f1d5499ffbea60806961073786f77	yeto-evidence-archive	/openspec/changes/rl-engine-ports/evidence/2026-09-29-kill44-legacy-vs-ports/modal_app_list.txt
openspec/changes/rl-engine-ports/evidence/2026-09-29-kill44-legacy-vs-ports/modal_container_list.txt	893	329107f8936672e131d16b96056012204a0dc2b85c1aa4143924dfb82f33e4e1	yeto-evidence-archive	/openspec/changes/rl-engine-ports/evidence/2026-09-29-kill44-legacy-vs-ports/modal_container_list.txt
openspec/changes/rl-engine-ports/evidence/2026-09-29-kill44-strict1/kill44.jsonl	266	c33454f2f254e8218c484a4a8d870f574eefe0e67f1ad529d920458ab73a9c5c	yeto-evidence-archive	/openspec/changes/rl-engine-ports/evidence/2026-09-29-kill44-strict1/kill44.jsonl
openspec/changes/rl-engine-ports/evidence/2026-09-29-kill44-strict1/miles-first.log	60178	30858613c1d6ba616339cc46a50f9c068f157a5dbb7588bed7cd51c3a5936f3b	yeto-evidence-archive	/openspec/changes/rl-engine-ports/evidence/2026-09-29-kill44-strict1/miles-first.log
openspec/changes/rl-engine-ports/evidence/2026-09-29-kill44-strict1/miles-restart.log	77700	c5ef397be9761a2cd1898ddbb4922089f675480833912f7bc10a8a4a20181014	yeto-evidence-archive	/openspec/changes/rl-engine-ports/evidence/2026-09-29-kill44-strict1/miles-restart.log
openspec/changes/rl-engine-ports/evidence/2026-09-29-kill44-strict1/probe.jsonl	14796	4e0774241c15ee1bcd8bd04931aa6743ce9220cf7ec1bdfec8f540573092fc2d	yeto-evidence-archive	/openspec/changes/rl-engine-ports/evidence/2026-09-29-kill44-strict1/probe.jsonl
openspec/changes/rl-engine-ports/evidence/2026-09-29-kill44-strict1/prompts.jsonl	6209	c54b8a7eda1d185c28f9364cd0b35b6c142663074ddd2009ea7c1c7cad8f3fcc	yeto-evidence-archive	/openspec/changes/rl-engine-ports/evidence/2026-09-29-kill44-strict1/prompts.jsonl
openspec/changes/rl-engine-ports/evidence/2026-09-29-kill44-strict1/run.log	413	980059b2205f6bf915c6467a028e1dac4b4cedd762e364d1712b6e80e12d009f	yeto-evidence-archive	/openspec/changes/rl-engine-ports/evidence/2026-09-29-kill44-strict1/run.log
openspec/changes/rl-engine-ports/evidence/2026-09-29-kill44-strict1/syncer.jsonl	3257	212edd3e0c3b12c7eb1275e17f3e8d498a602e3348168dd0c7a4783682e90362	yeto-evidence-archive	/openspec/changes/rl-engine-ports/evidence/2026-09-29-kill44-strict1/syncer.jsonl
openspec/changes/rl-engine-ports/evidence/2026-09-29-kill44-strict1/syncer.log	4141	3d7363dd80869b6168878e2d7707587f2cf7d5f8c7de2bb730a9e8c55b6b1d9d	yeto-evidence-archive	/openspec/changes/rl-engine-ports/evidence/2026-09-29-kill44-strict1/syncer.log
openspec/changes/rl-engine-ports/evidence/2026-09-29-kill44-strict1/worker.json	1713	ca8e6d6bb544cc014fca269324e08ea90bbf713c873144b9f3ce1d410a058486	yeto-evidence-archive	/openspec/changes/rl-engine-ports/evidence/2026-09-29-kill44-strict1/worker.json
openspec/changes/rl-engine-ports/evidence/2026-09-29-legacy-baseline-v2/env/create.log	26	cf8fdbb0ee17ca36669e327845984a1a95601497be8225e23e3965162bf1fee0	yeto-evidence-archive	/openspec/changes/rl-engine-ports/evidence/2026-09-29-legacy-baseline-v2/env/create.log
openspec/changes/rl-engine-ports/evidence/2026-09-29-legacy-baseline-v2/env/driver.sh	2147	459368ae09233bf76431d4420c8ce94f8999eba79c0072991394da9bcef0126f	yeto-evidence-archive	/openspec/changes/rl-engine-ports/evidence/2026-09-29-legacy-baseline-v2/env/driver.sh
openspec/changes/rl-engine-ports/evidence/2026-09-29-legacy-baseline-v2/env/lsbx.py	3259	566d9309d66e67432e31489a48939c90c2bc37e4fe0ad5bc79b9e9651b238dea	yeto-evidence-archive	/openspec/changes/rl-engine-ports/evidence/2026-09-29-legacy-baseline-v2/env/lsbx.py
openspec/changes/rl-engine-ports/evidence/2026-09-29-legacy-baseline-v2/env/runleg.sh	1775	509d130647efddea481ac48e51f74aff5a3c553cbd7b34b00716cbbb70ce3b74	yeto-evidence-archive	/openspec/changes/rl-engine-ports/evidence/2026-09-29-legacy-baseline-v2/env/runleg.sh
openspec/changes/rl-engine-ports/evidence/2026-09-29-legacy-baseline-v2/env/sandbox-env.txt	12816	e169966887e60f52351f041e67078d147c6e149838fdf61bf2427f4d391d0b7d	yeto-evidence-archive	/openspec/changes/rl-engine-ports/evidence/2026-09-29-legacy-baseline-v2/env/sandbox-env.txt
openspec/changes/rl-engine-ports/evidence/2026-09-29-legacy-baseline-v2/env/teardown.sh	336	f76f6c1edf94687c7f73fb9800b7a36376f7a52fe9d056e0baacb85e08086477	yeto-evidence-archive	/openspec/changes/rl-engine-ports/evidence/2026-09-29-legacy-baseline-v2/env/teardown.sh
openspec/changes/rl-engine-ports/evidence/2026-09-29-legacy-baseline-v2/legacy-1/benchmark.log	4627	699fa2197b961df95080370cb6a5f7382ef506816383c33a5249dbd4eea37971	yeto-evidence-archive	/openspec/changes/rl-engine-ports/evidence/2026-09-29-legacy-baseline-v2/legacy-1/benchmark.log
openspec/changes/rl-engine-ports/evidence/2026-09-29-legacy-baseline-v2/legacy-1/gpu.txt	129	a602ced1a51f96cb3808ff14d1f5ab436afc4554d177030ed2688737f3c62005	yeto-evidence-archive	/openspec/changes/rl-engine-ports/evidence/2026-09-29-legacy-baseline-v2/legacy-1/gpu.txt
openspec/changes/rl-engine-ports/evidence/2026-09-29-legacy-baseline-v2/legacy-1/rc	5	93ff7811a209e2a8479230bbb9b6bc19f7f311d3af383ec350c1db2a7e7d5494	yeto-evidence-archive	/openspec/changes/rl-engine-ports/evidence/2026-09-29-legacy-baseline-v2/legacy-1/rc
openspec/changes/rl-engine-ports/evidence/2026-09-29-legacy-baseline-v2/legacy-1/report/results.jsonl	1628	57f7fee200fb2c34b09d796bf397b3a42b7ced56bc8bdbf84cc59de8cf0fb052	yeto-evidence-archive	/openspec/changes/rl-engine-ports/evidence/2026-09-29-legacy-baseline-v2/legacy-1/report/results.jsonl
openspec/changes/rl-engine-ports/evidence/2026-09-29-legacy-baseline-v2/legacy-1/t_end	11	c19d831f36b801e1f76d3ccd32f4b4b27433fa512d8781f18753f6e22f2e952d	yeto-evidence-archive	/openspec/changes/rl-engine-ports/evidence/2026-09-29-legacy-baseline-v2/legacy-1/t_end
openspec/changes/rl-engine-ports/evidence/2026-09-29-legacy-baseline-v2/legacy-1/t_start	11	67010f3ff7ee8db946463870588a919ccb426c5fc179e7af3f724d2855ec29f4	yeto-evidence-archive	/openspec/changes/rl-engine-ports/evidence/2026-09-29-legacy-baseline-v2/legacy-1/t_start
openspec/changes/rl-engine-ports/evidence/2026-09-29-legacy-baseline-v2/legacy-1/work/data/m2/combined.jsonl	9168	5826325caca400c4035aa2d26439efe44dbfc0b706b219427072b7b3f00a89e2	yeto-evidence-archive	/openspec/changes/rl-engine-ports/evidence/2026-09-29-legacy-baseline-v2/legacy-1/work/data/m2/combined.jsonl
openspec/changes/rl-engine-ports/evidence/2026-09-29-legacy-baseline-v2/legacy-1/work/data/m2/eval.jsonl	2922	e541ae1af20b3bf4c148ea4fcf1e9c23723657e8e4d956e1b4c71590db5af82b	yeto-evidence-archive	/openspec/changes/rl-engine-ports/evidence/2026-09-29-legacy-baseline-v2/legacy-1/work/data/m2/eval.jsonl
openspec/changes/rl-engine-ports/evidence/2026-09-29-legacy-baseline-v2/legacy-1/work/data/m2/island-0.jsonl	4757	b584b9ad933f18211a231ef016ffb9f3648f6f46ac7f95e5c8ca7f6622f43d80	yeto-evidence-archive	/openspec/changes/rl-engine-ports/evidence/2026-09-29-legacy-baseline-v2/legacy-1/work/data/m2/island-0.jsonl
openspec/changes/rl-engine-ports/evidence/2026-09-29-legacy-baseline-v2/legacy-1/work/data/m2/island-1.jsonl	4411	cc6ee21811a7ae98cd0e0396665a1f71cd7516ee84e8a63693f8e97d0fd0bd3f	yeto-evidence-archive	/openspec/changes/rl-engine-ports/evidence/2026-09-29-legacy-baseline-v2/legacy-1/work/data/m2/island-1.jsonl
openspec/changes/rl-engine-ports/evidence/2026-09-29-legacy-baseline-v2/legacy-1/work/seed-17/yeto-federated-m2/adapter/adapter_config.json	1185	57d70129594490acd4dd66354eb3b148f02fd229bab8c451b22799c97afa9844	yeto-evidence-archive	/openspec/changes/rl-engine-ports/evidence/2026-09-29-legacy-baseline-v2/legacy-1/work/seed-17/yeto-federated-m2/adapter/adapter_config.json
openspec/changes/rl-engine-ports/evidence/2026-09-29-legacy-baseline-v2/legacy-1/work/seed-17/yeto-federated-m2/eval-samples.jsonl	6209	405603bb9650cd19e3e0d3f8f5cb1c4054154b8329f3c644ca70ebde418d63f0	yeto-evidence-archive	/openspec/changes/rl-engine-ports/evidence/2026-09-29-legacy-baseline-v2/legacy-1/work/seed-17/yeto-federated-m2/eval-samples.jsonl
openspec/changes/rl-engine-ports/evidence/2026-09-29-legacy-baseline-v2/legacy-1/work/seed-17/yeto-federated-m2/eval-worker.json	1269	2d01cd227af87c4e60a7f974bd3b4dea8a2e949e1a8ee3980ca0896bcf9eafd7	yeto-evidence-archive	/openspec/changes/rl-engine-ports/evidence/2026-09-29-legacy-baseline-v2/legacy-1/work/seed-17/yeto-federated-m2/eval-worker.json
openspec/changes/rl-engine-ports/evidence/2026-09-29-legacy-baseline-v2/legacy-1/work/seed-17/yeto-federated-m2/eval.json	210	39a43fba34e4318017b74a1f658e87f5361c51d09df91f6a0af62684e38472e3	yeto-evidence-archive	/openspec/changes/rl-engine-ports/evidence/2026-09-29-legacy-baseline-v2/legacy-1/work/seed-17/yeto-federated-m2/eval.json
openspec/changes/rl-engine-ports/evidence/2026-09-29-legacy-baseline-v2/legacy-1/work/seed-17/yeto-federated-m2/eval.log	1096	37c66f0d144347c1324126eb49cddd17380dc451e0ec8210aebec305a0fd1211	yeto-evidence-archive	/openspec/changes/rl-engine-ports/evidence/2026-09-29-legacy-baseline-v2/legacy-1/work/seed-17/yeto-federated-m2/eval.log
openspec/changes/rl-engine-ports/evidence/2026-09-29-legacy-baseline-v2/legacy-1/work/seed-17/yeto-federated-m2/island-0/miles.log	55398	a0f5f3285a0044a6abf7dc97065dbd8eea3a5ae887e979e43a2e2d490ec8d21b	yeto-evidence-archive	/openspec/changes/rl-engine-ports/evidence/2026-09-29-legacy-baseline-v2/legacy-1/work/seed-17/yeto-federated-m2/island-0/miles.log
openspec/changes/rl-engine-ports/evidence/2026-09-29-legacy-baseline-v2/legacy-1/work/seed-17/yeto-federated-m2/island-0/worker.json	2128	72779147b1304380d1ef13db9482bff1c2758a3e17fd59e6b0fff90fa91511c7	yeto-evidence-archive	/openspec/changes/rl-engine-ports/evidence/2026-09-29-legacy-baseline-v2/legacy-1/work/seed-17/yeto-federated-m2/island-0/worker.json
openspec/changes/rl-engine-ports/evidence/2026-09-29-legacy-baseline-v2/legacy-1/work/seed-17/yeto-federated-m2/island-1/events.jsonl	7679	25019e81d14d9160b1c612e3809ac5ea020a0abac407e0211e2eabc172592219	yeto-evidence-archive	/openspec/changes/rl-engine-ports/evidence/2026-09-29-legacy-baseline-v2/legacy-1/work/seed-17/yeto-federated-m2/island-1/events.jsonl
openspec/changes/rl-engine-ports/evidence/2026-09-29-legacy-baseline-v2/legacy-1/work/seed-17/yeto-federated-m2/island-1/miles.log	54707	d82a7551ad586be39f9eda4fc5b9c48e3670520a37a913be3d281a68a8b2d94d	yeto-evidence-archive	/openspec/changes/rl-engine-ports/evidence/2026-09-29-legacy-baseline-v2/legacy-1/work/seed-17/yeto-federated-m2/island-1/miles.log
openspec/changes/rl-engine-ports/evidence/2026-09-29-legacy-baseline-v2/legacy-1/work/seed-17/yeto-federated-m2/island-1/worker.json	2128	0516a19eba45da5ec386170172498245b8e7ca5fa6971bc2cdaa3728062a2e3a	yeto-evidence-archive	/openspec/changes/rl-engine-ports/evidence/2026-09-29-legacy-baseline-v2/legacy-1/work/seed-17/yeto-federated-m2/island-1/worker.json
openspec/changes/rl-engine-ports/evidence/2026-09-29-legacy-baseline-v2/legacy-1/work/seed-17/yeto-federated-m2/rollouts/dashboard_columns/rollout_0.parquet	36481	1b9738f2db8028085d73e8af0b033bacac419597a2540989ada7a936f43661bd	yeto-evidence-archive	/openspec/changes/rl-engine-ports/evidence/2026-09-29-legacy-baseline-v2/legacy-1/work/seed-17/yeto-federated-m2/rollouts/dashboard_columns/rollout_0.parquet
openspec/changes/rl-engine-ports/evidence/2026-09-29-legacy-baseline-v2/legacy-1/work/seed-17/yeto-federated-m2/rollouts/dashboard_columns/rollout_1.parquet	56182	a3e691810b53df98b964e35efc008d8afb466af7fd9994743a518c6647c2d9b6	yeto-evidence-archive	/openspec/changes/rl-engine-ports/evidence/2026-09-29-legacy-baseline-v2/legacy-1/work/seed-17/yeto-federated-m2/rollouts/dashboard_columns/rollout_1.parquet
openspec/changes/rl-engine-ports/evidence/2026-09-29-legacy-baseline-v2/legacy-1/work/seed-17/yeto-federated-m2/rollouts/dashboard_columns/rollout_2.parquet	47226	e4a0ff3a86c39eebafa7007e8aa95a3a75b93f21cd18994753285fb433d6a39f	yeto-evidence-archive	/openspec/changes/rl-engine-ports/evidence/2026-09-29-legacy-baseline-v2/legacy-1/work/seed-17/yeto-federated-m2/rollouts/dashboard_columns/rollout_2.parquet
openspec/changes/rl-engine-ports/evidence/2026-09-29-legacy-baseline-v2/legacy-1/work/seed-17/yeto-federated-m2/syncer.jsonl	3074	64661d6f9d2b1f8a627ffa57d15aa60155a96c81570e2abbc3c1bf03e5cfd0c2	yeto-evidence-archive	/openspec/changes/rl-engine-ports/evidence/2026-09-29-legacy-baseline-v2/legacy-1/work/seed-17/yeto-federated-m2/syncer.jsonl
openspec/changes/rl-engine-ports/evidence/2026-09-29-legacy-baseline-v2/legacy-1/work/seed-17/yeto-federated-m2/syncer.log	3916	759aa02649e7c573244ac3130434e6d9499511356bae78aee8c2e7d8e6c8d074	yeto-evidence-archive	/openspec/changes/rl-engine-ports/evidence/2026-09-29-legacy-baseline-v2/legacy-1/work/seed-17/yeto-federated-m2/syncer.log
openspec/changes/rl-engine-ports/evidence/2026-09-29-legacy-baseline-v2/legacy-2/benchmark.log	4627	92fa9d7522de265f750ad6cbc23196e69ca58e7350e3c989850c3f087bc00b95	yeto-evidence-archive	/openspec/changes/rl-engine-ports/evidence/2026-09-29-legacy-baseline-v2/legacy-2/benchmark.log
openspec/changes/rl-engine-ports/evidence/2026-09-29-legacy-baseline-v2/legacy-2/gpu.txt	129	a602ced1a51f96cb3808ff14d1f5ab436afc4554d177030ed2688737f3c62005	yeto-evidence-archive	/openspec/changes/rl-engine-ports/evidence/2026-09-29-legacy-baseline-v2/legacy-2/gpu.txt
openspec/changes/rl-engine-ports/evidence/2026-09-29-legacy-baseline-v2/legacy-2/rc	5	93ff7811a209e2a8479230bbb9b6bc19f7f311d3af383ec350c1db2a7e7d5494	yeto-evidence-archive	/openspec/changes/rl-engine-ports/evidence/2026-09-29-legacy-baseline-v2/legacy-2/rc
openspec/changes/rl-engine-ports/evidence/2026-09-29-legacy-baseline-v2/legacy-2/report/results.jsonl	1630	45b761375fb188278e541aca58bdf56c5e0ad2e5a8e7485c7273eee7c12c9994	yeto-evidence-archive	/openspec/changes/rl-engine-ports/evidence/2026-09-29-legacy-baseline-v2/legacy-2/report/results.jsonl
openspec/changes/rl-engine-ports/evidence/2026-09-29-legacy-baseline-v2/legacy-2/t_end	11	51aa8378e04050062b5a85d09b8360215f7283f61fb837d4fc7394168f38ecb4	yeto-evidence-archive	/openspec/changes/rl-engine-ports/evidence/2026-09-29-legacy-baseline-v2/legacy-2/t_end
openspec/changes/rl-engine-ports/evidence/2026-09-29-legacy-baseline-v2/legacy-2/t_start	11	55bfe57e818eb1c5367ffbe1434692f044ac77bc99a54735ec4190e1db07d494	yeto-evidence-archive	/openspec/changes/rl-engine-ports/evidence/2026-09-29-legacy-baseline-v2/legacy-2/t_start
openspec/changes/rl-engine-ports/evidence/2026-09-29-legacy-baseline-v2/legacy-2/work/data/m2/combined.jsonl	9168	5826325caca400c4035aa2d26439efe44dbfc0b706b219427072b7b3f00a89e2	yeto-evidence-archive	/openspec/changes/rl-engine-ports/evidence/2026-09-29-legacy-baseline-v2/legacy-2/work/data/m2/combined.jsonl
openspec/changes/rl-engine-ports/evidence/2026-09-29-legacy-baseline-v2/legacy-2/work/data/m2/eval.jsonl	2922	e541ae1af20b3bf4c148ea4fcf1e9c23723657e8e4d956e1b4c71590db5af82b	yeto-evidence-archive	/openspec/changes/rl-engine-ports/evidence/2026-09-29-legacy-baseline-v2/legacy-2/work/data/m2/eval.jsonl
openspec/changes/rl-engine-ports/evidence/2026-09-29-legacy-baseline-v2/legacy-2/work/data/m2/island-0.jsonl	4757	b584b9ad933f18211a231ef016ffb9f3648f6f46ac7f95e5c8ca7f6622f43d80	yeto-evidence-archive	/openspec/changes/rl-engine-ports/evidence/2026-09-29-legacy-baseline-v2/legacy-2/work/data/m2/island-0.jsonl
openspec/changes/rl-engine-ports/evidence/2026-09-29-legacy-baseline-v2/legacy-2/work/data/m2/island-1.jsonl	4411	cc6ee21811a7ae98cd0e0396665a1f71cd7516ee84e8a63693f8e97d0fd0bd3f	yeto-evidence-archive	/openspec/changes/rl-engine-ports/evidence/2026-09-29-legacy-baseline-v2/legacy-2/work/data/m2/island-1.jsonl
openspec/changes/rl-engine-ports/evidence/2026-09-29-legacy-baseline-v2/legacy-2/work/seed-17/yeto-federated-m2/adapter/adapter_config.json	1185	57d70129594490acd4dd66354eb3b148f02fd229bab8c451b22799c97afa9844	yeto-evidence-archive	/openspec/changes/rl-engine-ports/evidence/2026-09-29-legacy-baseline-v2/legacy-2/work/seed-17/yeto-federated-m2/adapter/adapter_config.json
openspec/changes/rl-engine-ports/evidence/2026-09-29-legacy-baseline-v2/legacy-2/work/seed-17/yeto-federated-m2/eval-samples.jsonl	6186	dab68fa9b42d84883c2f179da23edfd4cee4177140ff36d094e945bc4145b7a2	yeto-evidence-archive	/openspec/changes/rl-engine-ports/evidence/2026-09-29-legacy-baseline-v2/legacy-2/work/seed-17/yeto-federated-m2/eval-samples.jsonl
openspec/changes/rl-engine-ports/evidence/2026-09-29-legacy-baseline-v2/legacy-2/work/seed-17/yeto-federated-m2/eval-worker.json	1269	fb0a160a578fe5547848f4e5ab8beb10fc0301e42f1320e4c860852bcc5396cd	yeto-evidence-archive	/openspec/changes/rl-engine-ports/evidence/2026-09-29-legacy-baseline-v2/legacy-2/work/seed-17/yeto-federated-m2/eval-worker.json
openspec/changes/rl-engine-ports/evidence/2026-09-29-legacy-baseline-v2/legacy-2/work/seed-17/yeto-federated-m2/eval.json	215	c3b04013a8791485a20ecfa874d596b7d9a127d740191688c2ceeaad42fe7039	yeto-evidence-archive	/openspec/changes/rl-engine-ports/evidence/2026-09-29-legacy-baseline-v2/legacy-2/work/seed-17/yeto-federated-m2/eval.json
openspec/changes/rl-engine-ports/evidence/2026-09-29-legacy-baseline-v2/legacy-2/work/seed-17/yeto-federated-m2/eval.log	1096	1340b780fcf7f248e727538b43f9a845c6bc24a7654e9914d92b3a13d083253e	yeto-evidence-archive	/openspec/changes/rl-engine-ports/evidence/2026-09-29-legacy-baseline-v2/legacy-2/work/seed-17/yeto-federated-m2/eval.log
openspec/changes/rl-engine-ports/evidence/2026-09-29-legacy-baseline-v2/legacy-2/work/seed-17/yeto-federated-m2/island-0/miles.log	55398	44e3d59642a79dbbdac22a50ee8f8b51cd97ffc23000a7b74dcbb7a6482b1cc1	yeto-evidence-archive	/openspec/changes/rl-engine-ports/evidence/2026-09-29-legacy-baseline-v2/legacy-2/work/seed-17/yeto-federated-m2/island-0/miles.log
openspec/changes/rl-engine-ports/evidence/2026-09-29-legacy-baseline-v2/legacy-2/work/seed-17/yeto-federated-m2/island-0/worker.json	2128	7498095904aa2ca36d96510f9f7cf2477859918e7c64cd6fe67d56c136e0b685	yeto-evidence-archive	/openspec/changes/rl-engine-ports/evidence/2026-09-29-legacy-baseline-v2/legacy-2/work/seed-17/yeto-federated-m2/island-0/worker.json
openspec/changes/rl-engine-ports/evidence/2026-09-29-legacy-baseline-v2/legacy-2/work/seed-17/yeto-federated-m2/island-1/events.jsonl	7670	bfa9a251ce5cf0e223c171f7ae68f828a79e3fff76a4f8e6336fc7c93626fc3e	yeto-evidence-archive	/openspec/changes/rl-engine-ports/evidence/2026-09-29-legacy-baseline-v2/legacy-2/work/seed-17/yeto-federated-m2/island-1/events.jsonl
openspec/changes/rl-engine-ports/evidence/2026-09-29-legacy-baseline-v2/legacy-2/work/seed-17/yeto-federated-m2/island-1/miles.log	54828	90ef6fff83cde138ac452786c18eb99b313ee6bdf0fd0e0e425aea61e25283f8	yeto-evidence-archive	/openspec/changes/rl-engine-ports/evidence/2026-09-29-legacy-baseline-v2/legacy-2/work/seed-17/yeto-federated-m2/island-1/miles.log
openspec/changes/rl-engine-ports/evidence/2026-09-29-legacy-baseline-v2/legacy-2/work/seed-17/yeto-federated-m2/island-1/worker.json	2128	3637d0322e32ae6c08758d42165964c604d87fe6ee6330b9b035bdbc9b251836	yeto-evidence-archive	/openspec/changes/rl-engine-ports/evidence/2026-09-29-legacy-baseline-v2/legacy-2/work/seed-17/yeto-federated-m2/island-1/worker.json
openspec/changes/rl-engine-ports/evidence/2026-09-29-legacy-baseline-v2/legacy-2/work/seed-17/yeto-federated-m2/rollouts/dashboard_columns/rollout_0.parquet	36481	1b9738f2db8028085d73e8af0b033bacac419597a2540989ada7a936f43661bd	yeto-evidence-archive	/openspec/changes/rl-engine-ports/evidence/2026-09-29-legacy-baseline-v2/legacy-2/work/seed-17/yeto-federated-m2/rollouts/dashboard_columns/rollout_0.parquet
openspec/changes/rl-engine-ports/evidence/2026-09-29-legacy-baseline-v2/legacy-2/work/seed-17/yeto-federated-m2/rollouts/dashboard_columns/rollout_1.parquet	56182	a3e691810b53df98b964e35efc008d8afb466af7fd9994743a518c6647c2d9b6	yeto-evidence-archive	/openspec/changes/rl-engine-ports/evidence/2026-09-29-legacy-baseline-v2/legacy-2/work/seed-17/yeto-federated-m2/rollouts/dashboard_columns/rollout_1.parquet
openspec/changes/rl-engine-ports/evidence/2026-09-29-legacy-baseline-v2/legacy-2/work/seed-17/yeto-federated-m2/rollouts/dashboard_columns/rollout_2.parquet	47226	e4a0ff3a86c39eebafa7007e8aa95a3a75b93f21cd18994753285fb433d6a39f	yeto-evidence-archive	/openspec/changes/rl-engine-ports/evidence/2026-09-29-legacy-baseline-v2/legacy-2/work/seed-17/yeto-federated-m2/rollouts/dashboard_columns/rollout_2.parquet
openspec/changes/rl-engine-ports/evidence/2026-09-29-legacy-baseline-v2/legacy-2/work/seed-17/yeto-federated-m2/syncer.jsonl	3057	cb69b7cfbeb9ceac6614eeba5afcff1f73104017d3f409e6359f8a89aa7b1baa	yeto-evidence-archive	/openspec/changes/rl-engine-ports/evidence/2026-09-29-legacy-baseline-v2/legacy-2/work/seed-17/yeto-federated-m2/syncer.jsonl
openspec/changes/rl-engine-ports/evidence/2026-09-29-legacy-baseline-v2/legacy-2/work/seed-17/yeto-federated-m2/syncer.log	3906	457fa551c8964b8e856ffbd0e0a646242c49c033b85cfef78049a8e0b45ed405	yeto-evidence-archive	/openspec/changes/rl-engine-ports/evidence/2026-09-29-legacy-baseline-v2/legacy-2/work/seed-17/yeto-federated-m2/syncer.log
openspec/changes/rl-engine-ports/evidence/2026-09-29-legacy-baseline-v2/tolerance.json	7513	df886f0365b05692dc6300dfe942237be85e3e78880731bf486b209774a6767b	yeto-evidence-archive	/openspec/changes/rl-engine-ports/evidence/2026-09-29-legacy-baseline-v2/tolerance.json
openspec/changes/rl-engine-ports/evidence/2026-09-29-legacy-baseline/env/create.log	26	d3c6bfa760c4a702449bee238b3bbacf114ae46ab78f04b7413d75f69a5c632e	yeto-evidence-archive	/openspec/changes/rl-engine-ports/evidence/2026-09-29-legacy-baseline/env/create.log
openspec/changes/rl-engine-ports/evidence/2026-09-29-legacy-baseline/env/lsbx.py	3258	2d2c7010e87143b02e9bcfce3eee5162e6c0455bf5b4461283e3b10cb74d73c4	yeto-evidence-archive	/openspec/changes/rl-engine-ports/evidence/2026-09-29-legacy-baseline/env/lsbx.py
openspec/changes/rl-engine-ports/evidence/2026-09-29-legacy-baseline/env/runleg.sh	1728	fe094d8f61c8e1f7ff4f45d52825ee467cd00294d180e9a5c33d91e7aa8904ba	yeto-evidence-archive	/openspec/changes/rl-engine-ports/evidence/2026-09-29-legacy-baseline/env/runleg.sh
openspec/changes/rl-engine-ports/evidence/2026-09-29-legacy-baseline/env/sandbox-env.txt	12816	52707248d81daaa7ac1008af1664a67e67c9097f78a6d19088ad61579fe4f426	yeto-evidence-archive	/openspec/changes/rl-engine-ports/evidence/2026-09-29-legacy-baseline/env/sandbox-env.txt
openspec/changes/rl-engine-ports/evidence/2026-09-29-legacy-baseline/env/teardown.sh	335	900f5a83e2284fdbc040511b1d3c5d97f1fe1d6302aea6b7999b5f832541b0f7	yeto-evidence-archive	/openspec/changes/rl-engine-ports/evidence/2026-09-29-legacy-baseline/env/teardown.sh
openspec/changes/rl-engine-ports/evidence/2026-09-29-legacy-baseline/legacy-0/benchmark.log	4624	5634c80721d014675f3996657ac203a49d46b9e4c16200a2e6505ae1e8ccc057	yeto-evidence-archive	/openspec/changes/rl-engine-ports/evidence/2026-09-29-legacy-baseline/legacy-0/benchmark.log
openspec/changes/rl-engine-ports/evidence/2026-09-29-legacy-baseline/legacy-0/gpu.txt	129	a602ced1a51f96cb3808ff14d1f5ab436afc4554d177030ed2688737f3c62005	yeto-evidence-archive	/openspec/changes/rl-engine-ports/evidence/2026-09-29-legacy-baseline/legacy-0/gpu.txt
openspec/changes/rl-engine-ports/evidence/2026-09-29-legacy-baseline/legacy-0/rc	5	93ff7811a209e2a8479230bbb9b6bc19f7f311d3af383ec350c1db2a7e7d5494	yeto-evidence-archive	/openspec/changes/rl-engine-ports/evidence/2026-09-29-legacy-baseline/legacy-0/rc
openspec/changes/rl-engine-ports/evidence/2026-09-29-legacy-baseline/legacy-0/report/results.jsonl	1623	c328c174502ae6c25c35bea3ad33c359bcbe7eb600cb63859aff828a9204423f	yeto-evidence-archive	/openspec/changes/rl-engine-ports/evidence/2026-09-29-legacy-baseline/legacy-0/report/results.jsonl
openspec/changes/rl-engine-ports/evidence/2026-09-29-legacy-baseline/legacy-0/t_end	11	0c99e2d23ffcfef77bc8b1c3d214576485dde560aca009129ba450704766fb94	yeto-evidence-archive	/openspec/changes/rl-engine-ports/evidence/2026-09-29-legacy-baseline/legacy-0/t_end
openspec/changes/rl-engine-ports/evidence/2026-09-29-legacy-baseline/legacy-0/t_start	11	d18f070234bb1827a95939e37681f1d12656e5ec161f04a46b6ff69df5c490d6	yeto-evidence-archive	/openspec/changes/rl-engine-ports/evidence/2026-09-29-legacy-baseline/legacy-0/t_start
openspec/changes/rl-engine-ports/evidence/2026-09-29-legacy-baseline/legacy-0/work/data/m2/combined.jsonl	9168	5826325caca400c4035aa2d26439efe44dbfc0b706b219427072b7b3f00a89e2	yeto-evidence-archive	/openspec/changes/rl-engine-ports/evidence/2026-09-29-legacy-baseline/legacy-0/work/data/m2/combined.jsonl
openspec/changes/rl-engine-ports/evidence/2026-09-29-legacy-baseline/legacy-0/work/data/m2/eval.jsonl	2922	e541ae1af20b3bf4c148ea4fcf1e9c23723657e8e4d956e1b4c71590db5af82b	yeto-evidence-archive	/openspec/changes/rl-engine-ports/evidence/2026-09-29-legacy-baseline/legacy-0/work/data/m2/eval.jsonl
openspec/changes/rl-engine-ports/evidence/2026-09-29-legacy-baseline/legacy-0/work/data/m2/island-0.jsonl	4757	b584b9ad933f18211a231ef016ffb9f3648f6f46ac7f95e5c8ca7f6622f43d80	yeto-evidence-archive	/openspec/changes/rl-engine-ports/evidence/2026-09-29-legacy-baseline/legacy-0/work/data/m2/island-0.jsonl
openspec/changes/rl-engine-ports/evidence/2026-09-29-legacy-baseline/legacy-0/work/data/m2/island-1.jsonl	4411	cc6ee21811a7ae98cd0e0396665a1f71cd7516ee84e8a63693f8e97d0fd0bd3f	yeto-evidence-archive	/openspec/changes/rl-engine-ports/evidence/2026-09-29-legacy-baseline/legacy-0/work/data/m2/island-1.jsonl
openspec/changes/rl-engine-ports/evidence/2026-09-29-legacy-baseline/legacy-0/work/seed-17/yeto-federated-m2/adapter/adapter_config.json	1185	57d70129594490acd4dd66354eb3b148f02fd229bab8c451b22799c97afa9844	yeto-evidence-archive	/openspec/changes/rl-engine-ports/evidence/2026-09-29-legacy-baseline/legacy-0/work/seed-17/yeto-federated-m2/adapter/adapter_config.json
openspec/changes/rl-engine-ports/evidence/2026-09-29-legacy-baseline/legacy-0/work/seed-17/yeto-federated-m2/eval-samples.jsonl	6543	adbe7cbad8ed2f3efe0e81cb1968fc098973dc3b53583198d0b0add9c4a037b4	yeto-evidence-archive	/openspec/changes/rl-engine-ports/evidence/2026-09-29-legacy-baseline/legacy-0/work/seed-17/yeto-federated-m2/eval-samples.jsonl
openspec/changes/rl-engine-ports/evidence/2026-09-29-legacy-baseline/legacy-0/work/seed-17/yeto-federated-m2/eval-worker.json	1269	6c232b376ead42f03565b91ebc7ab758ded201a371a505ad9bbac82a508032e2	yeto-evidence-archive	/openspec/changes/rl-engine-ports/evidence/2026-09-29-legacy-baseline/legacy-0/work/seed-17/yeto-federated-m2/eval-worker.json
openspec/changes/rl-engine-ports/evidence/2026-09-29-legacy-baseline/legacy-0/work/seed-17/yeto-federated-m2/eval.json	217	eb52766eaea5dd43a8c11211b854a8dffebfbcbe094472fe37e301f776f37af2	yeto-evidence-archive	/openspec/changes/rl-engine-ports/evidence/2026-09-29-legacy-baseline/legacy-0/work/seed-17/yeto-federated-m2/eval.json
openspec/changes/rl-engine-ports/evidence/2026-09-29-legacy-baseline/legacy-0/work/seed-17/yeto-federated-m2/eval.log	1096	d8eb44baad239ee7872e010c5b1e0ca8af494cf95eafccbe5249359afe717e3e	yeto-evidence-archive	/openspec/changes/rl-engine-ports/evidence/2026-09-29-legacy-baseline/legacy-0/work/seed-17/yeto-federated-m2/eval.log
openspec/changes/rl-engine-ports/evidence/2026-09-29-legacy-baseline/legacy-0/work/seed-17/yeto-federated-m2/island-0/miles.log	55391	89e1ad224ae9977052fe88bedf084dd99cfb06ba5c6158315c15f5221191d6c7	yeto-evidence-archive	/openspec/changes/rl-engine-ports/evidence/2026-09-29-legacy-baseline/legacy-0/work/seed-17/yeto-federated-m2/island-0/miles.log
openspec/changes/rl-engine-ports/evidence/2026-09-29-legacy-baseline/legacy-0/work/seed-17/yeto-federated-m2/island-0/worker.json	2128	fdf7a1ac52bf30ddeb7eeb4faa5e19c0eee917a7e827eb2a8bf857184fb913e2	yeto-evidence-archive	/openspec/changes/rl-engine-ports/evidence/2026-09-29-legacy-baseline/legacy-0/work/seed-17/yeto-federated-m2/island-0/worker.json
openspec/changes/rl-engine-ports/evidence/2026-09-29-legacy-baseline/legacy-0/work/seed-17/yeto-federated-m2/island-1/events.jsonl	7608	08dd66453e6e21b8158d0a127526ff5c96f6997da00bafacaab032615fc88d05	yeto-evidence-archive	/openspec/changes/rl-engine-ports/evidence/2026-09-29-legacy-baseline/legacy-0/work/seed-17/yeto-federated-m2/island-1/events.jsonl
openspec/changes/rl-engine-ports/evidence/2026-09-29-legacy-baseline/legacy-0/work/seed-17/yeto-federated-m2/island-1/miles.log	54475	970ba07511bfb10a30603952d2c6ffebc63c00a4448ff0094d124358544094f6	yeto-evidence-archive	/openspec/changes/rl-engine-ports/evidence/2026-09-29-legacy-baseline/legacy-0/work/seed-17/yeto-federated-m2/island-1/miles.log
openspec/changes/rl-engine-ports/evidence/2026-09-29-legacy-baseline/legacy-0/work/seed-17/yeto-federated-m2/island-1/worker.json	2128	3dfbbe542e1af8d3f4366c9a7a638e71339fa81df6de246d3b66328e81e5e472	yeto-evidence-archive	/openspec/changes/rl-engine-ports/evidence/2026-09-29-legacy-baseline/legacy-0/work/seed-17/yeto-federated-m2/island-1/worker.json
openspec/changes/rl-engine-ports/evidence/2026-09-29-legacy-baseline/legacy-0/work/seed-17/yeto-federated-m2/rollouts/dashboard_columns/rollout_0.parquet	31029	7f9280bd2e27a1b5c0b301cc6a8f70f870aaf2b0dfa2d938ccdc8aac70e27489	yeto-evidence-archive	/openspec/changes/rl-engine-ports/evidence/2026-09-29-legacy-baseline/legacy-0/work/seed-17/yeto-federated-m2/rollouts/dashboard_columns/rollout_0.parquet
openspec/changes/rl-engine-ports/evidence/2026-09-29-legacy-baseline/legacy-0/work/seed-17/yeto-federated-m2/rollouts/dashboard_columns/rollout_1.parquet	51207	ea5e3b358932fae1b024f616f4fece6f1bad160eb81c398e28549b3ff856d1a3	yeto-evidence-archive	/openspec/changes/rl-engine-ports/evidence/2026-09-29-legacy-baseline/legacy-0/work/seed-17/yeto-federated-m2/rollouts/dashboard_columns/rollout_1.parquet
openspec/changes/rl-engine-ports/evidence/2026-09-29-legacy-baseline/legacy-0/work/seed-17/yeto-federated-m2/rollouts/dashboard_columns/rollout_2.parquet	43417	4fb83b4b485ed02d71f7fa08834481e9c53e2da2a96eeb6ba5fb94da28e0c565	yeto-evidence-archive	/openspec/changes/rl-engine-ports/evidence/2026-09-29-legacy-baseline/legacy-0/work/seed-17/yeto-federated-m2/rollouts/dashboard_columns/rollout_2.parquet
openspec/changes/rl-engine-ports/evidence/2026-09-29-legacy-baseline/legacy-0/work/seed-17/yeto-federated-m2/syncer.jsonl	3095	0066834071a5ddc91515416e955e2691d26d20eebb5413e69a8176c77cb2827a	yeto-evidence-archive	/openspec/changes/rl-engine-ports/evidence/2026-09-29-legacy-baseline/legacy-0/work/seed-17/yeto-federated-m2/syncer.jsonl
openspec/changes/rl-engine-ports/evidence/2026-09-29-legacy-baseline/legacy-0/work/seed-17/yeto-federated-m2/syncer.log	3916	7980d431b032e2cd8cc93254c63cc790a7c0c5f9a1920cfa8176024f63c5a2a3	yeto-evidence-archive	/openspec/changes/rl-engine-ports/evidence/2026-09-29-legacy-baseline/legacy-0/work/seed-17/yeto-federated-m2/syncer.log
openspec/changes/rl-engine-ports/evidence/2026-09-29-legacy-baseline/legacy-1/benchmark.log	4487	efca110a0754bf1552846ccefa5e8bbbfdda0e95804e7b46b51df30e1fb0bc17	yeto-evidence-archive	/openspec/changes/rl-engine-ports/evidence/2026-09-29-legacy-baseline/legacy-1/benchmark.log
openspec/changes/rl-engine-ports/evidence/2026-09-29-legacy-baseline/legacy-1/gpu.txt	129	a602ced1a51f96cb3808ff14d1f5ab436afc4554d177030ed2688737f3c62005	yeto-evidence-archive	/openspec/changes/rl-engine-ports/evidence/2026-09-29-legacy-baseline/legacy-1/gpu.txt
openspec/changes/rl-engine-ports/evidence/2026-09-29-legacy-baseline/legacy-1/rc	5	93ff7811a209e2a8479230bbb9b6bc19f7f311d3af383ec350c1db2a7e7d5494	yeto-evidence-archive	/openspec/changes/rl-engine-ports/evidence/2026-09-29-legacy-baseline/legacy-1/rc
openspec/changes/rl-engine-ports/evidence/2026-09-29-legacy-baseline/legacy-1/report/results.jsonl	1639	ab01dd2860e8b3576410b321010e3fb5086cf591f53868307413cdf85a1d0210	yeto-evidence-archive	/openspec/changes/rl-engine-ports/evidence/2026-09-29-legacy-baseline/legacy-1/report/results.jsonl
openspec/changes/rl-engine-ports/evidence/2026-09-29-legacy-baseline/legacy-1/t_end	11	5840d96caaf80a62248b7177305c0d0f99d8ff7af4a8f3ecccddecd08d260a9c	yeto-evidence-archive	/openspec/changes/rl-engine-ports/evidence/2026-09-29-legacy-baseline/legacy-1/t_end
openspec/changes/rl-engine-ports/evidence/2026-09-29-legacy-baseline/legacy-1/t_start	11	899d17466de10a670bb6c021eac867527cfa8d2d6f615e1a2e00e9a3b984242d	yeto-evidence-archive	/openspec/changes/rl-engine-ports/evidence/2026-09-29-legacy-baseline/legacy-1/t_start
openspec/changes/rl-engine-ports/evidence/2026-09-29-legacy-baseline/legacy-1/work/data/m2/combined.jsonl	9168	5826325caca400c4035aa2d26439efe44dbfc0b706b219427072b7b3f00a89e2	yeto-evidence-archive	/openspec/changes/rl-engine-ports/evidence/2026-09-29-legacy-baseline/legacy-1/work/data/m2/combined.jsonl
openspec/changes/rl-engine-ports/evidence/2026-09-29-legacy-baseline/legacy-1/work/data/m2/eval.jsonl	2922	e541ae1af20b3bf4c148ea4fcf1e9c23723657e8e4d956e1b4c71590db5af82b	yeto-evidence-archive	/openspec/changes/rl-engine-ports/evidence/2026-09-29-legacy-baseline/legacy-1/work/data/m2/eval.jsonl
openspec/changes/rl-engine-ports/evidence/2026-09-29-legacy-baseline/legacy-1/work/data/m2/island-0.jsonl	4757	b584b9ad933f18211a231ef016ffb9f3648f6f46ac7f95e5c8ca7f6622f43d80	yeto-evidence-archive	/openspec/changes/rl-engine-ports/evidence/2026-09-29-legacy-baseline/legacy-1/work/data/m2/island-0.jsonl
openspec/changes/rl-engine-ports/evidence/2026-09-29-legacy-baseline/legacy-1/work/data/m2/island-1.jsonl	4411	cc6ee21811a7ae98cd0e0396665a1f71cd7516ee84e8a63693f8e97d0fd0bd3f	yeto-evidence-archive	/openspec/changes/rl-engine-ports/evidence/2026-09-29-legacy-baseline/legacy-1/work/data/m2/island-1.jsonl
openspec/changes/rl-engine-ports/evidence/2026-09-29-legacy-baseline/legacy-1/work/seed-17/yeto-federated-m2/adapter/adapter_config.json	1185	57d70129594490acd4dd66354eb3b148f02fd229bab8c451b22799c97afa9844	yeto-evidence-archive	/openspec/changes/rl-engine-ports/evidence/2026-09-29-legacy-baseline/legacy-1/work/seed-17/yeto-federated-m2/adapter/adapter_config.json
openspec/changes/rl-engine-ports/evidence/2026-09-29-legacy-baseline/legacy-1/work/seed-17/yeto-federated-m2/eval-samples.jsonl	6586	ffa9794b1edf4127b5fa6944b6c646864dd87b80f10f0895379c574d7454c8c4	yeto-evidence-archive	/openspec/changes/rl-engine-ports/evidence/2026-09-29-legacy-baseline/legacy-1/work/seed-17/yeto-federated-m2/eval-samples.jsonl
openspec/changes/rl-engine-ports/evidence/2026-09-29-legacy-baseline/legacy-1/work/seed-17/yeto-federated-m2/eval-worker.json	1269	2d01cd227af87c4e60a7f974bd3b4dea8a2e949e1a8ee3980ca0896bcf9eafd7	yeto-evidence-archive	/openspec/changes/rl-engine-ports/evidence/2026-09-29-legacy-baseline/legacy-1/work/seed-17/yeto-federated-m2/eval-worker.json
openspec/changes/rl-engine-ports/evidence/2026-09-29-legacy-baseline/legacy-1/work/seed-17/yeto-federated-m2/eval.json	217	e44727d0b3560c2ef7d3ef73f4b22713465ae3486e584f21a57ba94bb473c446	yeto-evidence-archive	/openspec/changes/rl-engine-ports/evidence/2026-09-29-legacy-baseline/legacy-1/work/seed-17/yeto-federated-m2/eval.json
openspec/changes/rl-engine-ports/evidence/2026-09-29-legacy-baseline/legacy-1/work/seed-17/yeto-federated-m2/eval.log	1096	b38c07727b22c53223d7d7e693115760e918635ed7115706e93dee551576dba8	yeto-evidence-archive	/openspec/changes/rl-engine-ports/evidence/2026-09-29-legacy-baseline/legacy-1/work/seed-17/yeto-federated-m2/eval.log
openspec/changes/rl-engine-ports/evidence/2026-09-29-legacy-baseline/legacy-1/work/seed-17/yeto-federated-m2/island-0/miles.log	55575	51398c00208bc8517ea9b8c915bc0ac5f1f154ca9417680dd8a2a58f0a88d183	yeto-evidence-archive	/openspec/changes/rl-engine-ports/evidence/2026-09-29-legacy-baseline/legacy-1/work/seed-17/yeto-federated-m2/island-0/miles.log
openspec/changes/rl-engine-ports/evidence/2026-09-29-legacy-baseline/legacy-1/work/seed-17/yeto-federated-m2/island-0/worker.json	2128	1baf5e7e358a5113ee040b19820909437945dad7bd65d4d240b6638af6141842	yeto-evidence-archive	/openspec/changes/rl-engine-ports/evidence/2026-09-29-legacy-baseline/legacy-1/work/seed-17/yeto-federated-m2/island-0/worker.json
openspec/changes/rl-engine-ports/evidence/2026-09-29-legacy-baseline/legacy-1/work/seed-17/yeto-federated-m2/island-1/events.jsonl	7611	fa1d9f2854d2726e0c2d8b336bb1caed3264c29a6f39a9bebc7d3bc640b17d8c	yeto-evidence-archive	/openspec/changes/rl-engine-ports/evidence/2026-09-29-legacy-baseline/legacy-1/work/seed-17/yeto-federated-m2/island-1/events.jsonl
openspec/changes/rl-engine-ports/evidence/2026-09-29-legacy-baseline/legacy-1/work/seed-17/yeto-federated-m2/island-1/miles.log	54667	6b7fc205a5aaada2df5959cb8757c3406d42445e4ddd6f2f032e592231b0acd3	yeto-evidence-archive	/openspec/changes/rl-engine-ports/evidence/2026-09-29-legacy-baseline/legacy-1/work/seed-17/yeto-federated-m2/island-1/miles.log
openspec/changes/rl-engine-ports/evidence/2026-09-29-legacy-baseline/legacy-1/work/seed-17/yeto-federated-m2/island-1/worker.json	2128	5269aeb8b8f0222d62a363ed5f56227ab1aebee4184bad2b914bc54880432b09	yeto-evidence-archive	/openspec/changes/rl-engine-ports/evidence/2026-09-29-legacy-baseline/legacy-1/work/seed-17/yeto-federated-m2/island-1/worker.json
openspec/changes/rl-engine-ports/evidence/2026-09-29-legacy-baseline/legacy-1/work/seed-17/yeto-federated-m2/rollouts/dashboard_columns/rollout_0.parquet	36481	1b9738f2db8028085d73e8af0b033bacac419597a2540989ada7a936f43661bd	yeto-evidence-archive	/openspec/changes/rl-engine-ports/evidence/2026-09-29-legacy-baseline/legacy-1/work/seed-17/yeto-federated-m2/rollouts/dashboard_columns/rollout_0.parquet
openspec/changes/rl-engine-ports/evidence/2026-09-29-legacy-baseline/legacy-1/work/seed-17/yeto-federated-m2/rollouts/dashboard_columns/rollout_1.parquet	51207	ea5e3b358932fae1b024f616f4fece6f1bad160eb81c398e28549b3ff856d1a3	yeto-evidence-archive	/openspec/changes/rl-engine-ports/evidence/2026-09-29-legacy-baseline/legacy-1/work/seed-17/yeto-federated-m2/rollouts/dashboard_columns/rollout_1.parquet
openspec/changes/rl-engine-ports/evidence/2026-09-29-legacy-baseline/legacy-1/work/seed-17/yeto-federated-m2/rollouts/dashboard_columns/rollout_2.parquet	43417	4fb83b4b485ed02d71f7fa08834481e9c53e2da2a96eeb6ba5fb94da28e0c565	yeto-evidence-archive	/openspec/changes/rl-engine-ports/evidence/2026-09-29-legacy-baseline/legacy-1/work/seed-17/yeto-federated-m2/rollouts/dashboard_columns/rollout_2.parquet
openspec/changes/rl-engine-ports/evidence/2026-09-29-legacy-baseline/legacy-1/work/seed-17/yeto-federated-m2/syncer.jsonl	3095	2d30691d1ee2a3f716a76ae553fabe5e1429067c77476a5029e10db4a08d2763	yeto-evidence-archive	/openspec/changes/rl-engine-ports/evidence/2026-09-29-legacy-baseline/legacy-1/work/seed-17/yeto-federated-m2/syncer.jsonl
openspec/changes/rl-engine-ports/evidence/2026-09-29-legacy-baseline/legacy-1/work/seed-17/yeto-federated-m2/syncer.log	3916	0958b3b1ad8dac27b441238587711559862b7bafb770b19bbf4a537aecfbcc46	yeto-evidence-archive	/openspec/changes/rl-engine-ports/evidence/2026-09-29-legacy-baseline/legacy-1/work/seed-17/yeto-federated-m2/syncer.log
openspec/changes/rl-engine-ports/evidence/2026-09-29-legacy-baseline/legacy-2/benchmark.log	4625	daa866b10c44b3ec01b0095fc27688233430054f8c380f90a6ad8b8a7c7ed4f6	yeto-evidence-archive	/openspec/changes/rl-engine-ports/evidence/2026-09-29-legacy-baseline/legacy-2/benchmark.log
openspec/changes/rl-engine-ports/evidence/2026-09-29-legacy-baseline/legacy-2/gpu.txt	129	a602ced1a51f96cb3808ff14d1f5ab436afc4554d177030ed2688737f3c62005	yeto-evidence-archive	/openspec/changes/rl-engine-ports/evidence/2026-09-29-legacy-baseline/legacy-2/gpu.txt
openspec/changes/rl-engine-ports/evidence/2026-09-29-legacy-baseline/legacy-2/rc	5	93ff7811a209e2a8479230bbb9b6bc19f7f311d3af383ec350c1db2a7e7d5494	yeto-evidence-archive	/openspec/changes/rl-engine-ports/evidence/2026-09-29-legacy-baseline/legacy-2/rc
openspec/changes/rl-engine-ports/evidence/2026-09-29-legacy-baseline/legacy-2/report/results.jsonl	1634	910f3db72640ecb904c23f6f895260e4fbcd7c8b544919a08cfca397666da1c0	yeto-evidence-archive	/openspec/changes/rl-engine-ports/evidence/2026-09-29-legacy-baseline/legacy-2/report/results.jsonl
openspec/changes/rl-engine-ports/evidence/2026-09-29-legacy-baseline/legacy-2/t_end	11	0f2064716332f2931e6335d3dccab15f5144f84c14ba0492a4064454afa3a057	yeto-evidence-archive	/openspec/changes/rl-engine-ports/evidence/2026-09-29-legacy-baseline/legacy-2/t_end
openspec/changes/rl-engine-ports/evidence/2026-09-29-legacy-baseline/legacy-2/t_start	11	b675acb2cf2b84bcb546a845918f09b3d8d49e65b85caeb60b494f4a79ab6cae	yeto-evidence-archive	/openspec/changes/rl-engine-ports/evidence/2026-09-29-legacy-baseline/legacy-2/t_start
openspec/changes/rl-engine-ports/evidence/2026-09-29-legacy-baseline/legacy-2/work/data/m2/combined.jsonl	9168	5826325caca400c4035aa2d26439efe44dbfc0b706b219427072b7b3f00a89e2	yeto-evidence-archive	/openspec/changes/rl-engine-ports/evidence/2026-09-29-legacy-baseline/legacy-2/work/data/m2/combined.jsonl
openspec/changes/rl-engine-ports/evidence/2026-09-29-legacy-baseline/legacy-2/work/data/m2/eval.jsonl	2922	e541ae1af20b3bf4c148ea4fcf1e9c23723657e8e4d956e1b4c71590db5af82b	yeto-evidence-archive	/openspec/changes/rl-engine-ports/evidence/2026-09-29-legacy-baseline/legacy-2/work/data/m2/eval.jsonl
openspec/changes/rl-engine-ports/evidence/2026-09-29-legacy-baseline/legacy-2/work/data/m2/island-0.jsonl	4757	b584b9ad933f18211a231ef016ffb9f3648f6f46ac7f95e5c8ca7f6622f43d80	yeto-evidence-archive	/openspec/changes/rl-engine-ports/evidence/2026-09-29-legacy-baseline/legacy-2/work/data/m2/island-0.jsonl
openspec/changes/rl-engine-ports/evidence/2026-09-29-legacy-baseline/legacy-2/work/data/m2/island-1.jsonl	4411	cc6ee21811a7ae98cd0e0396665a1f71cd7516ee84e8a63693f8e97d0fd0bd3f	yeto-evidence-archive	/openspec/changes/rl-engine-ports/evidence/2026-09-29-legacy-baseline/legacy-2/work/data/m2/island-1.jsonl
openspec/changes/rl-engine-ports/evidence/2026-09-29-legacy-baseline/legacy-2/work/seed-17/yeto-federated-m2/adapter/adapter_config.json	1185	57d70129594490acd4dd66354eb3b148f02fd229bab8c451b22799c97afa9844	yeto-evidence-archive	/openspec/changes/rl-engine-ports/evidence/2026-09-29-legacy-baseline/legacy-2/work/seed-17/yeto-federated-m2/adapter/adapter_config.json
openspec/changes/rl-engine-ports/evidence/2026-09-29-legacy-baseline/legacy-2/work/seed-17/yeto-federated-m2/eval-samples.jsonl	6518	fbbbfc65e5ad7fe5a894954861096d8458ee7ddb6eebfa0df75abd48b87b8e95	yeto-evidence-archive	/openspec/changes/rl-engine-ports/evidence/2026-09-29-legacy-baseline/legacy-2/work/seed-17/yeto-federated-m2/eval-samples.jsonl
openspec/changes/rl-engine-ports/evidence/2026-09-29-legacy-baseline/legacy-2/work/seed-17/yeto-federated-m2/eval-worker.json	1269	fb0a160a578fe5547848f4e5ab8beb10fc0301e42f1320e4c860852bcc5396cd	yeto-evidence-archive	/openspec/changes/rl-engine-ports/evidence/2026-09-29-legacy-baseline/legacy-2/work/seed-17/yeto-federated-m2/eval-worker.json
openspec/changes/rl-engine-ports/evidence/2026-09-29-legacy-baseline/legacy-2/work/seed-17/yeto-federated-m2/eval.json	217	41a4ef279bb100da4d73fe73c32eb29d29935084c7473a8ed19023b17c884389	yeto-evidence-archive	/openspec/changes/rl-engine-ports/evidence/2026-09-29-legacy-baseline/legacy-2/work/seed-17/yeto-federated-m2/eval.json
openspec/changes/rl-engine-ports/evidence/2026-09-29-legacy-baseline/legacy-2/work/seed-17/yeto-federated-m2/eval.log	1096	b97e0e7ccb6b34481d059cffa8dcabd0d0a883560612d24644a1a775c2d9ffd6	yeto-evidence-archive	/openspec/changes/rl-engine-ports/evidence/2026-09-29-legacy-baseline/legacy-2/work/seed-17/yeto-federated-m2/eval.log
openspec/changes/rl-engine-ports/evidence/2026-09-29-legacy-baseline/legacy-2/work/seed-17/yeto-federated-m2/island-0/miles.log	55574	4713175b15207c3e4f91a332c1c6420724620c468839aabf976e47d9663f62c3	yeto-evidence-archive	/openspec/changes/rl-engine-ports/evidence/2026-09-29-legacy-baseline/legacy-2/work/seed-17/yeto-federated-m2/island-0/miles.log
openspec/changes/rl-engine-ports/evidence/2026-09-29-legacy-baseline/legacy-2/work/seed-17/yeto-federated-m2/island-0/worker.json	2128	e39ba609807a9119f2e5b6c1f7ebfdc95584586f032a5ff0166ca81690ba956c	yeto-evidence-archive	/openspec/changes/rl-engine-ports/evidence/2026-09-29-legacy-baseline/legacy-2/work/seed-17/yeto-federated-m2/island-0/worker.json
openspec/changes/rl-engine-ports/evidence/2026-09-29-legacy-baseline/legacy-2/work/seed-17/yeto-federated-m2/island-1/events.jsonl	7606	25aabb3f951ab62830adc451b9787a47d0683a1da834a378da75919e048013c4	yeto-evidence-archive	/openspec/changes/rl-engine-ports/evidence/2026-09-29-legacy-baseline/legacy-2/work/seed-17/yeto-federated-m2/island-1/events.jsonl
openspec/changes/rl-engine-ports/evidence/2026-09-29-legacy-baseline/legacy-2/work/seed-17/yeto-federated-m2/island-1/miles.log	54667	dce7fbc087d283b0719731025a3f2ef9aee31e5048fc60e04be6588dfc44cba7	yeto-evidence-archive	/openspec/changes/rl-engine-ports/evidence/2026-09-29-legacy-baseline/legacy-2/work/seed-17/yeto-federated-m2/island-1/miles.log
openspec/changes/rl-engine-ports/evidence/2026-09-29-legacy-baseline/legacy-2/work/seed-17/yeto-federated-m2/island-1/worker.json	2128	9457d824bb18f5c90fb36a2ff9ab3b4a8540f014898b9fd601a4aa01c8574908	yeto-evidence-archive	/openspec/changes/rl-engine-ports/evidence/2026-09-29-legacy-baseline/legacy-2/work/seed-17/yeto-federated-m2/island-1/worker.json
openspec/changes/rl-engine-ports/evidence/2026-09-29-legacy-baseline/legacy-2/work/seed-17/yeto-federated-m2/rollouts/dashboard_columns/rollout_0.parquet	36481	1b9738f2db8028085d73e8af0b033bacac419597a2540989ada7a936f43661bd	yeto-evidence-archive	/openspec/changes/rl-engine-ports/evidence/2026-09-29-legacy-baseline/legacy-2/work/seed-17/yeto-federated-m2/rollouts/dashboard_columns/rollout_0.parquet
openspec/changes/rl-engine-ports/evidence/2026-09-29-legacy-baseline/legacy-2/work/seed-17/yeto-federated-m2/rollouts/dashboard_columns/rollout_1.parquet	51207	ea5e3b358932fae1b024f616f4fece6f1bad160eb81c398e28549b3ff856d1a3	yeto-evidence-archive	/openspec/changes/rl-engine-ports/evidence/2026-09-29-legacy-baseline/legacy-2/work/seed-17/yeto-federated-m2/rollouts/dashboard_columns/rollout_1.parquet
openspec/changes/rl-engine-ports/evidence/2026-09-29-legacy-baseline/legacy-2/work/seed-17/yeto-federated-m2/rollouts/dashboard_columns/rollout_2.parquet	43417	4fb83b4b485ed02d71f7fa08834481e9c53e2da2a96eeb6ba5fb94da28e0c565	yeto-evidence-archive	/openspec/changes/rl-engine-ports/evidence/2026-09-29-legacy-baseline/legacy-2/work/seed-17/yeto-federated-m2/rollouts/dashboard_columns/rollout_2.parquet
openspec/changes/rl-engine-ports/evidence/2026-09-29-legacy-baseline/legacy-2/work/seed-17/yeto-federated-m2/syncer.jsonl	3094	62d66ff74926abfb1e1015142eab515fd641719274f00c026c28db71d447d227	yeto-evidence-archive	/openspec/changes/rl-engine-ports/evidence/2026-09-29-legacy-baseline/legacy-2/work/seed-17/yeto-federated-m2/syncer.jsonl
openspec/changes/rl-engine-ports/evidence/2026-09-29-legacy-baseline/legacy-2/work/seed-17/yeto-federated-m2/syncer.log	3916	c55c50b72760dc5f9594b5564c433207a860aebf8e873a3bea3c31806afdc772	yeto-evidence-archive	/openspec/changes/rl-engine-ports/evidence/2026-09-29-legacy-baseline/legacy-2/work/seed-17/yeto-federated-m2/syncer.log
openspec/changes/rl-engine-ports/evidence/2026-09-29-legacy-baseline/tolerance.json	7314	47d94354d0d5ee2d9e6212904e5b195a3bdf883289a6c37599672531fc258c3d	yeto-evidence-archive	/openspec/changes/rl-engine-ports/evidence/2026-09-29-legacy-baseline/tolerance.json
openspec/changes/rl-engine-ports/evidence/2026-09-29-rerun-decoupled/YETO_SHA	41	1c82513a17c2d3aa62d206a2a4a73535419ba369202c644fb78893f68fd8a160	yeto-evidence-archive	/openspec/changes/rl-engine-ports/evidence/2026-09-29-rerun-decoupled/YETO_SHA
openspec/changes/rl-engine-ports/evidence/2026-09-29-rerun-decoupled/cmd.txt	52	f56d61f91bad34d8cad4e9c057cb4c33d7e44558d3892da3288bf4be58a8e4cf	yeto-evidence-archive	/openspec/changes/rl-engine-ports/evidence/2026-09-29-rerun-decoupled/cmd.txt
openspec/changes/rl-engine-ports/evidence/2026-09-29-rerun-decoupled/rc	5	93ff7811a209e2a8479230bbb9b6bc19f7f311d3af383ec350c1db2a7e7d5494	yeto-evidence-archive	/openspec/changes/rl-engine-ports/evidence/2026-09-29-rerun-decoupled/rc
openspec/changes/rl-engine-ports/evidence/2026-09-29-rerun-decoupled/report/results.jsonl	1696	fe0c3e6e98865875bcc9c2e11e6939d5d8f5b5bbea047b7c67b570416dbda362	yeto-evidence-archive	/openspec/changes/rl-engine-ports/evidence/2026-09-29-rerun-decoupled/report/results.jsonl
openspec/changes/rl-engine-ports/evidence/2026-09-29-rerun-decoupled/run.log	4656	1d66944ed936cbe1a005ab42d9226ba4143afc70369acd45400cce0fbf368540	yeto-evidence-archive	/openspec/changes/rl-engine-ports/evidence/2026-09-29-rerun-decoupled/run.log
openspec/changes/rl-engine-ports/evidence/2026-09-29-rerun-decoupled/work/data/m2/combined.jsonl	25371	71c46c537b7badc0c9868c001e6b57a034ff8bb32834fb8d09db35457a3dfa65	yeto-evidence-archive	/openspec/changes/rl-engine-ports/evidence/2026-09-29-rerun-decoupled/work/data/m2/combined.jsonl
openspec/changes/rl-engine-ports/evidence/2026-09-29-rerun-decoupled/work/data/m2/eval.jsonl	3363	e92c2c5067ab7064dccc3f7401326c24c4e845c97245d1f50168f2c164034c1d	yeto-evidence-archive	/openspec/changes/rl-engine-ports/evidence/2026-09-29-rerun-decoupled/work/data/m2/eval.jsonl
openspec/changes/rl-engine-ports/evidence/2026-09-29-rerun-decoupled/work/data/m2/island-0.jsonl	13211	944c8543adccbb2fe98b687656f2e40210aecac6fa248e662a7e3203f3bd8a39	yeto-evidence-archive	/openspec/changes/rl-engine-ports/evidence/2026-09-29-rerun-decoupled/work/data/m2/island-0.jsonl
openspec/changes/rl-engine-ports/evidence/2026-09-29-rerun-decoupled/work/data/m2/island-1.jsonl	12160	12b1275705e4117c530a13b3e9f9c99696b0ca711c90da3b3f6d6ffe282833bf	yeto-evidence-archive	/openspec/changes/rl-engine-ports/evidence/2026-09-29-rerun-decoupled/work/data/m2/island-1.jsonl
openspec/changes/rl-engine-ports/evidence/2026-09-29-rerun-decoupled/work/seed-17/yeto-decoupled-m2/adapter/adapter_config.json	1083	e2ce57d2e64b1a50695c9439e4802cb129fe1f0648a42955f63cc7862309d228	yeto-evidence-archive	/openspec/changes/rl-engine-ports/evidence/2026-09-29-rerun-decoupled/work/seed-17/yeto-decoupled-m2/adapter/adapter_config.json
openspec/changes/rl-engine-ports/evidence/2026-09-29-rerun-decoupled/work/seed-17/yeto-decoupled-m2/adapter/yeto_rl_provenance.json	613	6ad7317cf19d744926996ed05d2de61368f6286f103791b6bc04727d5ec0e73e	yeto-evidence-archive	/openspec/changes/rl-engine-ports/evidence/2026-09-29-rerun-decoupled/work/seed-17/yeto-decoupled-m2/adapter/yeto_rl_provenance.json
openspec/changes/rl-engine-ports/evidence/2026-09-29-rerun-decoupled/work/seed-17/yeto-decoupled-m2/eval-samples.jsonl	7901	9fe53302bbdb71b02e8cd87b55ea2d335d320f591cf3ca75b1e557c6069ebf60	yeto-evidence-archive	/openspec/changes/rl-engine-ports/evidence/2026-09-29-rerun-decoupled/work/seed-17/yeto-decoupled-m2/eval-samples.jsonl
openspec/changes/rl-engine-ports/evidence/2026-09-29-rerun-decoupled/work/seed-17/yeto-decoupled-m2/eval-worker.json	1271	070bca3034ee428648beeacad2b5f1ab260ddbfb022b358634ccb9737a3087e8	yeto-evidence-archive	/openspec/changes/rl-engine-ports/evidence/2026-09-29-rerun-decoupled/work/seed-17/yeto-decoupled-m2/eval-worker.json
openspec/changes/rl-engine-ports/evidence/2026-09-29-rerun-decoupled/work/seed-17/yeto-decoupled-m2/eval.json	212	360376f2694d2f5c5fc322dace284503b00aaf219da64c45129968ee5bd6c0f9	yeto-evidence-archive	/openspec/changes/rl-engine-ports/evidence/2026-09-29-rerun-decoupled/work/seed-17/yeto-decoupled-m2/eval.json
openspec/changes/rl-engine-ports/evidence/2026-09-29-rerun-decoupled/work/seed-17/yeto-decoupled-m2/eval.log	147	c4c220e09e0a5d5a98edb0006dfb7bfb37f988c0d71a724451545691730ea7f7	yeto-evidence-archive	/openspec/changes/rl-engine-ports/evidence/2026-09-29-rerun-decoupled/work/seed-17/yeto-decoupled-m2/eval.log
openspec/changes/rl-engine-ports/evidence/2026-09-29-rerun-decoupled/work/seed-17/yeto-decoupled-m2/island-0/miles.log	72473	221a34d60fe020f28864ca958a97daf7a56e609554f145ad5925389a792baa86	yeto-evidence-archive	/openspec/changes/rl-engine-ports/evidence/2026-09-29-rerun-decoupled/work/seed-17/yeto-decoupled-m2/island-0/miles.log
openspec/changes/rl-engine-ports/evidence/2026-09-29-rerun-decoupled/work/seed-17/yeto-decoupled-m2/island-0/worker.json	2195	4a81185222241466f9f7e99829d7c2078828b70cc373ed2cff1bd5f8c330c470	yeto-evidence-archive	/openspec/changes/rl-engine-ports/evidence/2026-09-29-rerun-decoupled/work/seed-17/yeto-decoupled-m2/island-0/worker.json
openspec/changes/rl-engine-ports/evidence/2026-09-29-rerun-decoupled/work/seed-17/yeto-decoupled-m2/island-1/events.jsonl	37982	cd85970fc73d1125f58dd488476193dcc1085f0edb98092243734d492e652f94	yeto-evidence-archive	/openspec/changes/rl-engine-ports/evidence/2026-09-29-rerun-decoupled/work/seed-17/yeto-decoupled-m2/island-1/events.jsonl
openspec/changes/rl-engine-ports/evidence/2026-09-29-rerun-decoupled/work/seed-17/yeto-decoupled-m2/island-1/miles.log	73060	4a33c2f7341cc31218940d0a715dfef4373a0ea7a5b3cb3f284faa01c6696874	yeto-evidence-archive	/openspec/changes/rl-engine-ports/evidence/2026-09-29-rerun-decoupled/work/seed-17/yeto-decoupled-m2/island-1/miles.log
openspec/changes/rl-engine-ports/evidence/2026-09-29-rerun-decoupled/work/seed-17/yeto-decoupled-m2/island-1/worker.json	2195	171f7c747396e803df4fab3423ce2d5fff3cdd4eec2d42188622226585a88bec	yeto-evidence-archive	/openspec/changes/rl-engine-ports/evidence/2026-09-29-rerun-decoupled/work/seed-17/yeto-decoupled-m2/island-1/worker.json
openspec/changes/rl-engine-ports/evidence/2026-09-29-rerun-decoupled/work/seed-17/yeto-decoupled-m2/rollouts/dashboard_columns/rollout_0.parquet	31027	9d5057261683f9a537831201af156b47a232903cc7cbe1504546257ccb117b44	yeto-evidence-archive	/openspec/changes/rl-engine-ports/evidence/2026-09-29-rerun-decoupled/work/seed-17/yeto-decoupled-m2/rollouts/dashboard_columns/rollout_0.parquet
openspec/changes/rl-engine-ports/evidence/2026-09-29-rerun-decoupled/work/seed-17/yeto-decoupled-m2/rollouts/dashboard_columns/rollout_1.parquet	58926	95174b6ca04cd185cd3b212f220dffe87e983f8e10c9bf063ed25bd7f5968c45	yeto-evidence-archive	/openspec/changes/rl-engine-ports/evidence/2026-09-29-rerun-decoupled/work/seed-17/yeto-decoupled-m2/rollouts/dashboard_columns/rollout_1.parquet
openspec/changes/rl-engine-ports/evidence/2026-09-29-rerun-decoupled/work/seed-17/yeto-decoupled-m2/rollouts/dashboard_columns/rollout_2.parquet	47014	ddc4c29acc68fd3ea2e8daadc24693ede4edc3f66a7c5421601fe829115a9d03	yeto-evidence-archive	/openspec/changes/rl-engine-ports/evidence/2026-09-29-rerun-decoupled/work/seed-17/yeto-decoupled-m2/rollouts/dashboard_columns/rollout_2.parquet
openspec/changes/rl-engine-ports/evidence/2026-09-29-rerun-decoupled/work/seed-17/yeto-decoupled-m2/rollouts/dashboard_columns/rollout_3.parquet	38180	e00140af8d51e171c56e38a26370bf95fa8a17d4f5270e5f01c98a78c7ca8a4e	yeto-evidence-archive	/openspec/changes/rl-engine-ports/evidence/2026-09-29-rerun-decoupled/work/seed-17/yeto-decoupled-m2/rollouts/dashboard_columns/rollout_3.parquet
openspec/changes/rl-engine-ports/evidence/2026-09-29-rerun-decoupled/work/seed-17/yeto-decoupled-m2/rollouts/dashboard_columns/rollout_4.parquet	35700	1939f312841f9579750eeaa6d40d8800f401096cef1a859f0aeba2618affc68f	yeto-evidence-archive	/openspec/changes/rl-engine-ports/evidence/2026-09-29-rerun-decoupled/work/seed-17/yeto-decoupled-m2/rollouts/dashboard_columns/rollout_4.parquet
openspec/changes/rl-engine-ports/evidence/2026-09-29-rerun-decoupled/work/seed-17/yeto-decoupled-m2/rollouts/dashboard_columns/rollout_5.parquet	39897	11db0e13995d76d01622556ca3f28924a983a9b7259ee360c44d5cfa83e8ddfb	yeto-evidence-archive	/openspec/changes/rl-engine-ports/evidence/2026-09-29-rerun-decoupled/work/seed-17/yeto-decoupled-m2/rollouts/dashboard_columns/rollout_5.parquet
openspec/changes/rl-engine-ports/evidence/2026-09-29-rerun-decoupled/work/seed-17/yeto-decoupled-m2/rollouts/dashboard_columns/rollout_6.parquet	39089	c9f5d1aa4142ce7372b3481a95c100cb6bba3fcb860d1aa9f0ad907b9bf6aad1	yeto-evidence-archive	/openspec/changes/rl-engine-ports/evidence/2026-09-29-rerun-decoupled/work/seed-17/yeto-decoupled-m2/rollouts/dashboard_columns/rollout_6.parquet
openspec/changes/rl-engine-ports/evidence/2026-09-29-rerun-decoupled/work/seed-17/yeto-decoupled-m2/rollouts/dashboard_columns/rollout_7.parquet	40468	46508b103c445a3bebdd1edca7d0d584efc659abbb4d3687040c6713bed6a315	yeto-evidence-archive	/openspec/changes/rl-engine-ports/evidence/2026-09-29-rerun-decoupled/work/seed-17/yeto-decoupled-m2/rollouts/dashboard_columns/rollout_7.parquet
openspec/changes/rl-engine-ports/evidence/2026-09-29-rerun-decoupled/work/seed-17/yeto-decoupled-m2/syncer.jsonl	17289	f94d0e900cb30d99e50a7de632b32cf0f7b9ff20b1bbac9b1c6a4a8642b65937	yeto-evidence-archive	/openspec/changes/rl-engine-ports/evidence/2026-09-29-rerun-decoupled/work/seed-17/yeto-decoupled-m2/syncer.jsonl
openspec/changes/rl-engine-ports/evidence/2026-09-29-rerun-decoupled/work/seed-17/yeto-decoupled-m2/syncer.log	10228	658a63c67b7bc4248f59d5b835787988ccd0f01b9694d561b07e16d68056a961	yeto-evidence-archive	/openspec/changes/rl-engine-ports/evidence/2026-09-29-rerun-decoupled/work/seed-17/yeto-decoupled-m2/syncer.log
openspec/changes/rl-engine-ports/evidence/2026-09-29-rerun-harness/harness/decoupled.sh	711	d94fb3f20df34227cffaeff2157c0dd7c3175e48897728eb4d177f47588a70e9	yeto-evidence-archive	/openspec/changes/rl-engine-ports/evidence/2026-09-29-rerun-harness/harness/decoupled.sh
openspec/changes/rl-engine-ports/evidence/2026-09-29-rerun-harness/harness/kill44.py	4010	a718d7675d93bdfdc7055aed4b22681fc796f8d195bee5d1502a5bc2118375c3	yeto-evidence-archive	/openspec/changes/rl-engine-ports/evidence/2026-09-29-rerun-harness/harness/kill44.py
openspec/changes/rl-engine-ports/evidence/2026-09-29-rerun-harness/harness/probe.py	9431	624ee2d16f03574b81714fb92c2e560e1a51aa7adbb6a2e8273103259fe81db6	yeto-evidence-archive	/openspec/changes/rl-engine-ports/evidence/2026-09-29-rerun-harness/harness/probe.py
openspec/changes/rl-engine-ports/evidence/2026-09-29-rerun-harness/harness/smoke.py	3272	da6cbe17c67d14c0a00caf9b27df215e712d1823760909b33fe46b0e901dfa00	yeto-evidence-archive	/openspec/changes/rl-engine-ports/evidence/2026-09-29-rerun-harness/harness/smoke.py
openspec/changes/rl-engine-ports/evidence/2026-09-29-rerun-harness/harness/strict2.sh	718	186aed461536815ad7b1ae3ffd66a70ed8b400faa96d97f80bcb32b14e07be29	yeto-evidence-archive	/openspec/changes/rl-engine-ports/evidence/2026-09-29-rerun-harness/harness/strict2.sh
openspec/changes/rl-engine-ports/evidence/2026-09-29-rerun-harness/harness/worker.py	388	5509acb88aad47699d337be2662874281263f2cfffd79ba5febbe4d08070e8b6	yeto-evidence-archive	/openspec/changes/rl-engine-ports/evidence/2026-09-29-rerun-harness/harness/worker.py
openspec/changes/rl-engine-ports/evidence/2026-09-29-rerun-harness/modal_app_list.txt	264	ed49aa1bdf4a3c9a1d2e66ee66f260e1e39d12af5aeb1d69c8dbe6d9eac656e3	yeto-evidence-archive	/openspec/changes/rl-engine-ports/evidence/2026-09-29-rerun-harness/modal_app_list.txt
openspec/changes/rl-engine-ports/evidence/2026-09-29-rerun-harness/modal_container_list.txt	1514	78a70e8bfd6830cf612927f55b1ac40cad17e67b4723829baf8cbd9e135a964d	yeto-evidence-archive	/openspec/changes/rl-engine-ports/evidence/2026-09-29-rerun-harness/modal_container_list.txt
openspec/changes/rl-engine-ports/evidence/2026-09-29-rerun-harness/runcmd.sh	836	3a3a8b0a384c26e75a6883ee296a06b984a6472104fd5f3f9917ef66813c7be1	yeto-evidence-archive	/openspec/changes/rl-engine-ports/evidence/2026-09-29-rerun-harness/runcmd.sh
openspec/changes/rl-engine-ports/evidence/2026-09-29-rerun-harness/sbx.py	2212	866736e2eb20244b8087b1833b3b8daa308bb53bd58727a20a8a663a6b0d46fc	yeto-evidence-archive	/openspec/changes/rl-engine-ports/evidence/2026-09-29-rerun-harness/sbx.py
openspec/changes/rl-engine-ports/evidence/2026-09-29-rerun-harness/seqA.log	2206	1e085ae1a5b7a3f679b1fd7716e6f8d05f06d7c82f17220c01b44f62a8976edb	yeto-evidence-archive	/openspec/changes/rl-engine-ports/evidence/2026-09-29-rerun-harness/seqA.log
openspec/changes/rl-engine-ports/evidence/2026-09-29-rerun-harness/seqA.sh	315	f5d17a9916c6a1785db6395922b6656f854e22118923647805099f79e68e7d01	yeto-evidence-archive	/openspec/changes/rl-engine-ports/evidence/2026-09-29-rerun-harness/seqA.sh
openspec/changes/rl-engine-ports/evidence/2026-09-29-rerun-harness/seqB.log	1312	70e50b56e9065db0a618d83a5f106a548f2990633063ab04859edf3bbc40829d	yeto-evidence-archive	/openspec/changes/rl-engine-ports/evidence/2026-09-29-rerun-harness/seqB.log
openspec/changes/rl-engine-ports/evidence/2026-09-29-rerun-harness/seqB.sh	265	4062675f4e24ad72e9558e279b1f1b1ef21efe9113162fef45743017b3cbf01b	yeto-evidence-archive	/openspec/changes/rl-engine-ports/evidence/2026-09-29-rerun-harness/seqB.sh
openspec/changes/rl-engine-ports/evidence/2026-09-29-rerun-harness/setup.sh	726	ce299548c3bafc39af6ace0d88c87a56d867fdbc533dc0fed3a417e8dff064d9	yeto-evidence-archive	/openspec/changes/rl-engine-ports/evidence/2026-09-29-rerun-harness/setup.sh
openspec/changes/rl-engine-ports/evidence/2026-09-29-rerun-harness/t_endA	21	9df9a7f867147d573c9b4b25a78817476eb0fce9e3cb59330f3af0a5753c1951	yeto-evidence-archive	/openspec/changes/rl-engine-ports/evidence/2026-09-29-rerun-harness/t_endA
openspec/changes/rl-engine-ports/evidence/2026-09-29-rerun-harness/t_endB	21	987f0adbbc53276ee91d48c519c150047e69d8a4027623151a5418aa653e8f2c	yeto-evidence-archive	/openspec/changes/rl-engine-ports/evidence/2026-09-29-rerun-harness/t_endB
openspec/changes/rl-engine-ports/evidence/2026-09-29-rerun-harness/t_start	21	da6075dcf06b7978e3db8f05cb27459764d6e27496067eda6ab50ff04c9ebcdd	yeto-evidence-archive	/openspec/changes/rl-engine-ports/evidence/2026-09-29-rerun-harness/t_start
openspec/changes/rl-engine-ports/evidence/2026-09-29-rerun-kill44/YETO_SHA	41	1c82513a17c2d3aa62d206a2a4a73535419ba369202c644fb78893f68fd8a160	yeto-evidence-archive	/openspec/changes/rl-engine-ports/evidence/2026-09-29-rerun-kill44/YETO_SHA
openspec/changes/rl-engine-ports/evidence/2026-09-29-rerun-kill44/cmd.txt	48	b38a6db251c193cbf16adbfdb9e3c69bb00e585f6cafbe915f617fe3a73bf500	yeto-evidence-archive	/openspec/changes/rl-engine-ports/evidence/2026-09-29-rerun-kill44/cmd.txt
openspec/changes/rl-engine-ports/evidence/2026-09-29-rerun-kill44/kill44.jsonl	266	e5b4ea203247ce8f0c929cde13ea19d40f00fb1551a84f16d6ed79391d9a1257	yeto-evidence-archive	/openspec/changes/rl-engine-ports/evidence/2026-09-29-rerun-kill44/kill44.jsonl
openspec/changes/rl-engine-ports/evidence/2026-09-29-rerun-kill44/miles-first.log	60974	02afaa8f8834b0fc1ff989621d7d8695d37124309f91c00641bd59be99d0aeb1	yeto-evidence-archive	/openspec/changes/rl-engine-ports/evidence/2026-09-29-rerun-kill44/miles-first.log
openspec/changes/rl-engine-ports/evidence/2026-09-29-rerun-kill44/miles-restart.log	77453	bc746790a1f05f8fdac646f160451cee957916ea018eb24cbc08ffddcb4e9935	yeto-evidence-archive	/openspec/changes/rl-engine-ports/evidence/2026-09-29-rerun-kill44/miles-restart.log
openspec/changes/rl-engine-ports/evidence/2026-09-29-rerun-kill44/probe.jsonl	14824	3e1d10de1715b3ef84128dd9db5fd18f711dd3d995820b9b3460bebf00218a84	yeto-evidence-archive	/openspec/changes/rl-engine-ports/evidence/2026-09-29-rerun-kill44/probe.jsonl
openspec/changes/rl-engine-ports/evidence/2026-09-29-rerun-kill44/prompts.jsonl	6209	c54b8a7eda1d185c28f9364cd0b35b6c142663074ddd2009ea7c1c7cad8f3fcc	yeto-evidence-archive	/openspec/changes/rl-engine-ports/evidence/2026-09-29-rerun-kill44/prompts.jsonl
openspec/changes/rl-engine-ports/evidence/2026-09-29-rerun-kill44/rc	5	93ff7811a209e2a8479230bbb9b6bc19f7f311d3af383ec350c1db2a7e7d5494	yeto-evidence-archive	/openspec/changes/rl-engine-ports/evidence/2026-09-29-rerun-kill44/rc
openspec/changes/rl-engine-ports/evidence/2026-09-29-rerun-kill44/run.log	413	8f9cdcfe62d536bde7d58e4b7b310401d8cec8b5c2c637236692a5f207468809	yeto-evidence-archive	/openspec/changes/rl-engine-ports/evidence/2026-09-29-rerun-kill44/run.log
openspec/changes/rl-engine-ports/evidence/2026-09-29-rerun-kill44/syncer.jsonl	3280	9e6e085a55c5eb7ce258380df7f1d958ef941b8825fb7f986ba0a67a356b4ba8	yeto-evidence-archive	/openspec/changes/rl-engine-ports/evidence/2026-09-29-rerun-kill44/syncer.jsonl
openspec/changes/rl-engine-ports/evidence/2026-09-29-rerun-kill44/syncer.log	4122	e085d2bc3825179987576da44a8b7e3dbd04480efdf7353e4549a559371a0664	yeto-evidence-archive	/openspec/changes/rl-engine-ports/evidence/2026-09-29-rerun-kill44/syncer.log
openspec/changes/rl-engine-ports/evidence/2026-09-29-rerun-kill44/worker.json	1681	e90a0124123130a853dd85a981945c1a6d68bcd9cff5264d5dac863ca4631779	yeto-evidence-archive	/openspec/changes/rl-engine-ports/evidence/2026-09-29-rerun-kill44/worker.json
openspec/changes/rl-engine-ports/evidence/2026-09-29-rerun-smoke-badtoken/YETO_SHA	41	1c82513a17c2d3aa62d206a2a4a73535419ba369202c644fb78893f68fd8a160	yeto-evidence-archive	/openspec/changes/rl-engine-ports/evidence/2026-09-29-rerun-smoke-badtoken/YETO_SHA
openspec/changes/rl-engine-ports/evidence/2026-09-29-rerun-smoke-badtoken/cmd.txt	64	e7e15464fd745b59e2e300c7e46c4a36f85ed898d01eec487f7728700bc4fccd	yeto-evidence-archive	/openspec/changes/rl-engine-ports/evidence/2026-09-29-rerun-smoke-badtoken/cmd.txt
openspec/changes/rl-engine-ports/evidence/2026-09-29-rerun-smoke-badtoken/dashboard_columns/rollout_0.parquet	31027	9d5057261683f9a537831201af156b47a232903cc7cbe1504546257ccb117b44	yeto-evidence-archive	/openspec/changes/rl-engine-ports/evidence/2026-09-29-rerun-smoke-badtoken/dashboard_columns/rollout_0.parquet
openspec/changes/rl-engine-ports/evidence/2026-09-29-rerun-smoke-badtoken/dashboard_columns/rollout_1.parquet	35836	f2bcf6f678a19b471236d80acf69fdd604a5da9ed06aad40112a6583a2f6695a	yeto-evidence-archive	/openspec/changes/rl-engine-ports/evidence/2026-09-29-rerun-smoke-badtoken/dashboard_columns/rollout_1.parquet
openspec/changes/rl-engine-ports/evidence/2026-09-29-rerun-smoke-badtoken/miles.log	69634	eac072931622cdf26fdbe6af8902669ff1c3ddf4fae45525501e10de271fc4fb	yeto-evidence-archive	/openspec/changes/rl-engine-ports/evidence/2026-09-29-rerun-smoke-badtoken/miles.log
openspec/changes/rl-engine-ports/evidence/2026-09-29-rerun-smoke-badtoken/probe.jsonl	4075	9709b05f7ede8e0f4965ccf49a5eda8d3e0f9091e8aca4c1b9cc8d2981e443f9	yeto-evidence-archive	/openspec/changes/rl-engine-ports/evidence/2026-09-29-rerun-smoke-badtoken/probe.jsonl
openspec/changes/rl-engine-ports/evidence/2026-09-29-rerun-smoke-badtoken/prompts.jsonl	4867	4fdc114ab33b8d47a86b928aad75c34cbc745aa843b4f7841c1feceffbae8562	yeto-evidence-archive	/openspec/changes/rl-engine-ports/evidence/2026-09-29-rerun-smoke-badtoken/prompts.jsonl
openspec/changes/rl-engine-ports/evidence/2026-09-29-rerun-smoke-badtoken/rc	5	93ff7811a209e2a8479230bbb9b6bc19f7f311d3af383ec350c1db2a7e7d5494	yeto-evidence-archive	/openspec/changes/rl-engine-ports/evidence/2026-09-29-rerun-smoke-badtoken/rc
openspec/changes/rl-engine-ports/evidence/2026-09-29-rerun-smoke-badtoken/run.log	309	715517465eabc45aaa944025dd68d93f1ecd7f85bc7522b50b063d535e975f98	yeto-evidence-archive	/openspec/changes/rl-engine-ports/evidence/2026-09-29-rerun-smoke-badtoken/run.log
openspec/changes/rl-engine-ports/evidence/2026-09-29-rerun-smoke-badtoken/worker.json	1796	70693994fccd805b089dd9deaf99145c84e2904cc18cf65e040eec528f6bd798	yeto-evidence-archive	/openspec/changes/rl-engine-ports/evidence/2026-09-29-rerun-smoke-badtoken/worker.json
openspec/changes/rl-engine-ports/evidence/2026-09-29-rerun-smoke-normal/YETO_SHA	41	1c82513a17c2d3aa62d206a2a4a73535419ba369202c644fb78893f68fd8a160	yeto-evidence-archive	/openspec/changes/rl-engine-ports/evidence/2026-09-29-rerun-smoke-normal/YETO_SHA
openspec/changes/rl-engine-ports/evidence/2026-09-29-rerun-smoke-normal/cmd.txt	60	6ec8e7e03d248e0aca77998be02e420febb7731bafcbdef210cfdd9e38c426ac	yeto-evidence-archive	/openspec/changes/rl-engine-ports/evidence/2026-09-29-rerun-smoke-normal/cmd.txt
openspec/changes/rl-engine-ports/evidence/2026-09-29-rerun-smoke-normal/dashboard_columns/rollout_0.parquet	31027	9d5057261683f9a537831201af156b47a232903cc7cbe1504546257ccb117b44	yeto-evidence-archive	/openspec/changes/rl-engine-ports/evidence/2026-09-29-rerun-smoke-normal/dashboard_columns/rollout_0.parquet
openspec/changes/rl-engine-ports/evidence/2026-09-29-rerun-smoke-normal/dashboard_columns/rollout_1.parquet	35836	f2bcf6f678a19b471236d80acf69fdd604a5da9ed06aad40112a6583a2f6695a	yeto-evidence-archive	/openspec/changes/rl-engine-ports/evidence/2026-09-29-rerun-smoke-normal/dashboard_columns/rollout_1.parquet
openspec/changes/rl-engine-ports/evidence/2026-09-29-rerun-smoke-normal/dashboard_columns/rollout_2.parquet	51828	4d6daaa06d86b33e6847b03699f4465da2c76b36032d08e92776adbeb08a3b10	yeto-evidence-archive	/openspec/changes/rl-engine-ports/evidence/2026-09-29-rerun-smoke-normal/dashboard_columns/rollout_2.parquet
openspec/changes/rl-engine-ports/evidence/2026-09-29-rerun-smoke-normal/miles.log	77312	8be2b7a9103b1bda39bd32c540833b17e1cfba63a9b2286e167d4a3babd65bee	yeto-evidence-archive	/openspec/changes/rl-engine-ports/evidence/2026-09-29-rerun-smoke-normal/miles.log
openspec/changes/rl-engine-ports/evidence/2026-09-29-rerun-smoke-normal/prompts.jsonl	4867	4fdc114ab33b8d47a86b928aad75c34cbc745aa843b4f7841c1feceffbae8562	yeto-evidence-archive	/openspec/changes/rl-engine-ports/evidence/2026-09-29-rerun-smoke-normal/prompts.jsonl
openspec/changes/rl-engine-ports/evidence/2026-09-29-rerun-smoke-normal/rc	5	93ff7811a209e2a8479230bbb9b6bc19f7f311d3af383ec350c1db2a7e7d5494	yeto-evidence-archive	/openspec/changes/rl-engine-ports/evidence/2026-09-29-rerun-smoke-normal/rc
openspec/changes/rl-engine-ports/evidence/2026-09-29-rerun-smoke-normal/run.log	456	b1cf4b7cefa3b3743c7217eb586f4039f63a0af971643bf73beea6fe9ac91e0c	yeto-evidence-archive	/openspec/changes/rl-engine-ports/evidence/2026-09-29-rerun-smoke-normal/run.log
openspec/changes/rl-engine-ports/evidence/2026-09-29-rerun-smoke-normal/worker.json	1786	c065a1179ef1a1c326afe3f3c12d97ccca71bf6c38085ebd8fca68864fb4a78d	yeto-evidence-archive	/openspec/changes/rl-engine-ports/evidence/2026-09-29-rerun-smoke-normal/worker.json
openspec/changes/rl-engine-ports/evidence/2026-09-29-rerun-smoke-pubfail/YETO_SHA	41	1c82513a17c2d3aa62d206a2a4a73535419ba369202c644fb78893f68fd8a160	yeto-evidence-archive	/openspec/changes/rl-engine-ports/evidence/2026-09-29-rerun-smoke-pubfail/YETO_SHA
openspec/changes/rl-engine-ports/evidence/2026-09-29-rerun-smoke-pubfail/cmd.txt	62	5af136bf7b6d401a8a58a3cf93485f020b7a5f2b9b92a835bc925bb16d91913b	yeto-evidence-archive	/openspec/changes/rl-engine-ports/evidence/2026-09-29-rerun-smoke-pubfail/cmd.txt
openspec/changes/rl-engine-ports/evidence/2026-09-29-rerun-smoke-pubfail/dashboard_columns/rollout_0.parquet	31027	9d5057261683f9a537831201af156b47a232903cc7cbe1504546257ccb117b44	yeto-evidence-archive	/openspec/changes/rl-engine-ports/evidence/2026-09-29-rerun-smoke-pubfail/dashboard_columns/rollout_0.parquet
openspec/changes/rl-engine-ports/evidence/2026-09-29-rerun-smoke-pubfail/miles.log	68421	efe17470f812aa9ac3b2c2d87859f89982d595d135dd879494003fcfdb1c2f38	yeto-evidence-archive	/openspec/changes/rl-engine-ports/evidence/2026-09-29-rerun-smoke-pubfail/miles.log
openspec/changes/rl-engine-ports/evidence/2026-09-29-rerun-smoke-pubfail/probe.jsonl	3337	526a037e89a6847ae6f55b07198992661f91827f189ce373d6b24eca69791038	yeto-evidence-archive	/openspec/changes/rl-engine-ports/evidence/2026-09-29-rerun-smoke-pubfail/probe.jsonl
openspec/changes/rl-engine-ports/evidence/2026-09-29-rerun-smoke-pubfail/prompts.jsonl	4867	4fdc114ab33b8d47a86b928aad75c34cbc745aa843b4f7841c1feceffbae8562	yeto-evidence-archive	/openspec/changes/rl-engine-ports/evidence/2026-09-29-rerun-smoke-pubfail/prompts.jsonl
openspec/changes/rl-engine-ports/evidence/2026-09-29-rerun-smoke-pubfail/rc	5	93ff7811a209e2a8479230bbb9b6bc19f7f311d3af383ec350c1db2a7e7d5494	yeto-evidence-archive	/openspec/changes/rl-engine-ports/evidence/2026-09-29-rerun-smoke-pubfail/rc
openspec/changes/rl-engine-ports/evidence/2026-09-29-rerun-smoke-pubfail/run.log	309	dbbc89432445997405c6789f6c4930d2d87d3187c48217904b4cdcc7be7f9efc	yeto-evidence-archive	/openspec/changes/rl-engine-ports/evidence/2026-09-29-rerun-smoke-pubfail/run.log
openspec/changes/rl-engine-ports/evidence/2026-09-29-rerun-smoke-pubfail/worker.json	1791	e8f68cf6424e0a060c9ac9ade9dae730b425a300c78b9da17a3c07409886e733	yeto-evidence-archive	/openspec/changes/rl-engine-ports/evidence/2026-09-29-rerun-smoke-pubfail/worker.json
openspec/changes/rl-engine-ports/evidence/2026-09-29-rerun-smoke-zerograd/YETO_SHA	41	1c82513a17c2d3aa62d206a2a4a73535419ba369202c644fb78893f68fd8a160	yeto-evidence-archive	/openspec/changes/rl-engine-ports/evidence/2026-09-29-rerun-smoke-zerograd/YETO_SHA
openspec/changes/rl-engine-ports/evidence/2026-09-29-rerun-smoke-zerograd/cmd.txt	64	5c0a0b8093a02b21b7918c662fb3c4731a8cbfde497fabf7d1a0cb00b87bf621	yeto-evidence-archive	/openspec/changes/rl-engine-ports/evidence/2026-09-29-rerun-smoke-zerograd/cmd.txt
openspec/changes/rl-engine-ports/evidence/2026-09-29-rerun-smoke-zerograd/dashboard_columns/rollout_0.parquet	31027	9d5057261683f9a537831201af156b47a232903cc7cbe1504546257ccb117b44	yeto-evidence-archive	/openspec/changes/rl-engine-ports/evidence/2026-09-29-rerun-smoke-zerograd/dashboard_columns/rollout_0.parquet
openspec/changes/rl-engine-ports/evidence/2026-09-29-rerun-smoke-zerograd/miles.log	71221	b70ee93e6bab3745ab54ba8f5b1446ccde71a9472bd35e0bf99a572217fe48d5	yeto-evidence-archive	/openspec/changes/rl-engine-ports/evidence/2026-09-29-rerun-smoke-zerograd/miles.log
openspec/changes/rl-engine-ports/evidence/2026-09-29-rerun-smoke-zerograd/probe.jsonl	3111	776db350e42da4bd0fd5a0315c8d0ebe2bbbb6e2de1a81fc2803fc6e65be35cc	yeto-evidence-archive	/openspec/changes/rl-engine-ports/evidence/2026-09-29-rerun-smoke-zerograd/probe.jsonl
openspec/changes/rl-engine-ports/evidence/2026-09-29-rerun-smoke-zerograd/prompts.jsonl	4867	4fdc114ab33b8d47a86b928aad75c34cbc745aa843b4f7841c1feceffbae8562	yeto-evidence-archive	/openspec/changes/rl-engine-ports/evidence/2026-09-29-rerun-smoke-zerograd/prompts.jsonl
openspec/changes/rl-engine-ports/evidence/2026-09-29-rerun-smoke-zerograd/rc	5	93ff7811a209e2a8479230bbb9b6bc19f7f311d3af383ec350c1db2a7e7d5494	yeto-evidence-archive	/openspec/changes/rl-engine-ports/evidence/2026-09-29-rerun-smoke-zerograd/rc
openspec/changes/rl-engine-ports/evidence/2026-09-29-rerun-smoke-zerograd/run.log	309	72c7f240673747cc5e177af1eaca62670dde456e3b57631cda29043fba828961	yeto-evidence-archive	/openspec/changes/rl-engine-ports/evidence/2026-09-29-rerun-smoke-zerograd/run.log
openspec/changes/rl-engine-ports/evidence/2026-09-29-rerun-smoke-zerograd/worker.json	1796	ed62423445ba9b267d8e51d62be76716d913651c6fcec26881f95ca3a52675a0	yeto-evidence-archive	/openspec/changes/rl-engine-ports/evidence/2026-09-29-rerun-smoke-zerograd/worker.json
openspec/changes/rl-engine-ports/evidence/2026-09-29-rerun-strict2/YETO_SHA	41	1c82513a17c2d3aa62d206a2a4a73535419ba369202c644fb78893f68fd8a160	yeto-evidence-archive	/openspec/changes/rl-engine-ports/evidence/2026-09-29-rerun-strict2/YETO_SHA
openspec/changes/rl-engine-ports/evidence/2026-09-29-rerun-strict2/cmd.txt	48	ee09aa32a90e69a0f363ff5efb04da86fef2d1e1862b86ad6e9d47e3689e9587	yeto-evidence-archive	/openspec/changes/rl-engine-ports/evidence/2026-09-29-rerun-strict2/cmd.txt
openspec/changes/rl-engine-ports/evidence/2026-09-29-rerun-strict2/rc	5	93ff7811a209e2a8479230bbb9b6bc19f7f311d3af383ec350c1db2a7e7d5494	yeto-evidence-archive	/openspec/changes/rl-engine-ports/evidence/2026-09-29-rerun-strict2/rc
openspec/changes/rl-engine-ports/evidence/2026-09-29-rerun-strict2/report/results.jsonl	1595	d45dd1baf38940a58765f21bc63e80a1d94e17f2509d0402887a441b878e30c8	yeto-evidence-archive	/openspec/changes/rl-engine-ports/evidence/2026-09-29-rerun-strict2/report/results.jsonl
openspec/changes/rl-engine-ports/evidence/2026-09-29-rerun-strict2/run.log	4993	e824b33b321353a13b47c89566d43d9f4bee152d64605a256bc5b4511b747980	yeto-evidence-archive	/openspec/changes/rl-engine-ports/evidence/2026-09-29-rerun-strict2/run.log
openspec/changes/rl-engine-ports/evidence/2026-09-29-rerun-strict2/work/data/m2/combined.jsonl	9168	5826325caca400c4035aa2d26439efe44dbfc0b706b219427072b7b3f00a89e2	yeto-evidence-archive	/openspec/changes/rl-engine-ports/evidence/2026-09-29-rerun-strict2/work/data/m2/combined.jsonl
openspec/changes/rl-engine-ports/evidence/2026-09-29-rerun-strict2/work/data/m2/eval.jsonl	3363	e92c2c5067ab7064dccc3f7401326c24c4e845c97245d1f50168f2c164034c1d	yeto-evidence-archive	/openspec/changes/rl-engine-ports/evidence/2026-09-29-rerun-strict2/work/data/m2/eval.jsonl
openspec/changes/rl-engine-ports/evidence/2026-09-29-rerun-strict2/work/data/m2/island-0.jsonl	4757	b584b9ad933f18211a231ef016ffb9f3648f6f46ac7f95e5c8ca7f6622f43d80	yeto-evidence-archive	/openspec/changes/rl-engine-ports/evidence/2026-09-29-rerun-strict2/work/data/m2/island-0.jsonl
openspec/changes/rl-engine-ports/evidence/2026-09-29-rerun-strict2/work/data/m2/island-1.jsonl	4411	cc6ee21811a7ae98cd0e0396665a1f71cd7516ee84e8a63693f8e97d0fd0bd3f	yeto-evidence-archive	/openspec/changes/rl-engine-ports/evidence/2026-09-29-rerun-strict2/work/data/m2/island-1.jsonl
openspec/changes/rl-engine-ports/evidence/2026-09-29-rerun-strict2/work/seed-17/yeto-federated-m2/adapter/adapter_config.json	1083	e2ce57d2e64b1a50695c9439e4802cb129fe1f0648a42955f63cc7862309d228	yeto-evidence-archive	/openspec/changes/rl-engine-ports/evidence/2026-09-29-rerun-strict2/work/seed-17/yeto-federated-m2/adapter/adapter_config.json
openspec/changes/rl-engine-ports/evidence/2026-09-29-rerun-strict2/work/seed-17/yeto-federated-m2/adapter/yeto_rl_provenance.json	130	6232c03909c24a13b30afb3b760fe6230e9589a275765ccf14468277d6793834	yeto-evidence-archive	/openspec/changes/rl-engine-ports/evidence/2026-09-29-rerun-strict2/work/seed-17/yeto-federated-m2/adapter/yeto_rl_provenance.json
openspec/changes/rl-engine-ports/evidence/2026-09-29-rerun-strict2/work/seed-17/yeto-federated-m2/eval-samples.jsonl	7294	fe88271c42b0a41f827780221ec75cca81084be2ee9879606a27bba453f7a7f5	yeto-evidence-archive	/openspec/changes/rl-engine-ports/evidence/2026-09-29-rerun-strict2/work/seed-17/yeto-federated-m2/eval-samples.jsonl
openspec/changes/rl-engine-ports/evidence/2026-09-29-rerun-strict2/work/seed-17/yeto-federated-m2/eval-worker.json	1263	ad20755efab2c009975b8102065993fb739ab330d0b1c762eb4d239db1c8fd9f	yeto-evidence-archive	/openspec/changes/rl-engine-ports/evidence/2026-09-29-rerun-strict2/work/seed-17/yeto-federated-m2/eval-worker.json
openspec/changes/rl-engine-ports/evidence/2026-09-29-rerun-strict2/work/seed-17/yeto-federated-m2/eval.json	217	e137874d91a0f2e6682400e4587455b3947a001d74a575c0aa95cfcd59039c63	yeto-evidence-archive	/openspec/changes/rl-engine-ports/evidence/2026-09-29-rerun-strict2/work/seed-17/yeto-federated-m2/eval.json
openspec/changes/rl-engine-ports/evidence/2026-09-29-rerun-strict2/work/seed-17/yeto-federated-m2/eval.log	147	4b8067a5604dcb09293fce2a9b620466e1141860c56a521d6f2d18fb4403c746	yeto-evidence-archive	/openspec/changes/rl-engine-ports/evidence/2026-09-29-rerun-strict2/work/seed-17/yeto-federated-m2/eval.log
openspec/changes/rl-engine-ports/evidence/2026-09-29-rerun-strict2/work/seed-17/yeto-federated-m2/island-0/miles.log	68583	1a74a97a3d7517a1693107cd1d009c493420038c736328d2df9894eefb1caf59	yeto-evidence-archive	/openspec/changes/rl-engine-ports/evidence/2026-09-29-rerun-strict2/work/seed-17/yeto-federated-m2/island-0/miles.log
openspec/changes/rl-engine-ports/evidence/2026-09-29-rerun-strict2/work/seed-17/yeto-federated-m2/island-0/worker.json	2027	2f05176a429c795b81c074c1e3359494a2f932a5750b3bf7bea4f3140415e32c	yeto-evidence-archive	/openspec/changes/rl-engine-ports/evidence/2026-09-29-rerun-strict2/work/seed-17/yeto-federated-m2/island-0/worker.json
openspec/changes/rl-engine-ports/evidence/2026-09-29-rerun-strict2/work/seed-17/yeto-federated-m2/island-1/events.jsonl	10909	c1a255c5885406849848ef3e42a339cf4ff10bf90a32eec6ce834ad160b9330a	yeto-evidence-archive	/openspec/changes/rl-engine-ports/evidence/2026-09-29-rerun-strict2/work/seed-17/yeto-federated-m2/island-1/events.jsonl
openspec/changes/rl-engine-ports/evidence/2026-09-29-rerun-strict2/work/seed-17/yeto-federated-m2/island-1/miles.log	68708	0408f5fa30d80fcfec86b1f42a3e215184a3bafee8adf8786c20c06beaab2851	yeto-evidence-archive	/openspec/changes/rl-engine-ports/evidence/2026-09-29-rerun-strict2/work/seed-17/yeto-federated-m2/island-1/miles.log
openspec/changes/rl-engine-ports/evidence/2026-09-29-rerun-strict2/work/seed-17/yeto-federated-m2/island-1/worker.json	2027	44faac94d335489f9feaf2e67cf89b2554e116ac3855e665dbc734c52f002a6e	yeto-evidence-archive	/openspec/changes/rl-engine-ports/evidence/2026-09-29-rerun-strict2/work/seed-17/yeto-federated-m2/island-1/worker.json
openspec/changes/rl-engine-ports/evidence/2026-09-29-rerun-strict2/work/seed-17/yeto-federated-m2/rollouts/dashboard_columns/rollout_0.parquet	31027	9d5057261683f9a537831201af156b47a232903cc7cbe1504546257ccb117b44	yeto-evidence-archive	/openspec/changes/rl-engine-ports/evidence/2026-09-29-rerun-strict2/work/seed-17/yeto-federated-m2/rollouts/dashboard_columns/rollout_0.parquet
openspec/changes/rl-engine-ports/evidence/2026-09-29-rerun-strict2/work/seed-17/yeto-federated-m2/rollouts/dashboard_columns/rollout_1.parquet	57067	f7214e6a8264efd0c2603ff9e09b001b9cf324ae879248f72886c37345c0f2ed	yeto-evidence-archive	/openspec/changes/rl-engine-ports/evidence/2026-09-29-rerun-strict2/work/seed-17/yeto-federated-m2/rollouts/dashboard_columns/rollout_1.parquet
openspec/changes/rl-engine-ports/evidence/2026-09-29-rerun-strict2/work/seed-17/yeto-federated-m2/rollouts/dashboard_columns/rollout_2.parquet	45525	ab8128dc661d9c3ee2a029accb6f1e45b8ee71c5b416bd5d3ec10dc89eb2e52e	yeto-evidence-archive	/openspec/changes/rl-engine-ports/evidence/2026-09-29-rerun-strict2/work/seed-17/yeto-federated-m2/rollouts/dashboard_columns/rollout_2.parquet
openspec/changes/rl-engine-ports/evidence/2026-09-29-rerun-strict2/work/seed-17/yeto-federated-m2/syncer.jsonl	3086	65c2b259d18a269a9edb12e0c9ce50d58dee82763056b51bf049c9723aaf7988	yeto-evidence-archive	/openspec/changes/rl-engine-ports/evidence/2026-09-29-rerun-strict2/work/seed-17/yeto-federated-m2/syncer.jsonl
openspec/changes/rl-engine-ports/evidence/2026-09-29-rerun-strict2/work/seed-17/yeto-federated-m2/syncer.log	4083	67143f8a3950386f427f3a45f458594f50a8f91bdc71a857eba547124320aed5	yeto-evidence-archive	/openspec/changes/rl-engine-ports/evidence/2026-09-29-rerun-strict2/work/seed-17/yeto-federated-m2/syncer.log
openspec/changes/rl-engine-ports/evidence/2026-09-29-smoke-badtoken/dashboard_columns/rollout_0.parquet	31027	9d5057261683f9a537831201af156b47a232903cc7cbe1504546257ccb117b44	yeto-evidence-archive	/openspec/changes/rl-engine-ports/evidence/2026-09-29-smoke-badtoken/dashboard_columns/rollout_0.parquet
openspec/changes/rl-engine-ports/evidence/2026-09-29-smoke-badtoken/dashboard_columns/rollout_1.parquet	35836	f2bcf6f678a19b471236d80acf69fdd604a5da9ed06aad40112a6583a2f6695a	yeto-evidence-archive	/openspec/changes/rl-engine-ports/evidence/2026-09-29-smoke-badtoken/dashboard_columns/rollout_1.parquet
openspec/changes/rl-engine-ports/evidence/2026-09-29-smoke-badtoken/miles.log	69814	b6284368d0170f6c992052b87833787c2ab63ed71595da92a4c1d28ce85aed24	yeto-evidence-archive	/openspec/changes/rl-engine-ports/evidence/2026-09-29-smoke-badtoken/miles.log
openspec/changes/rl-engine-ports/evidence/2026-09-29-smoke-badtoken/probe.jsonl	4062	9850ea4b8fb56322d7df740b0eb473335f9cde5ebe0b393b7c23532cb891960f	yeto-evidence-archive	/openspec/changes/rl-engine-ports/evidence/2026-09-29-smoke-badtoken/probe.jsonl
openspec/changes/rl-engine-ports/evidence/2026-09-29-smoke-badtoken/prompts.jsonl	4867	4fdc114ab33b8d47a86b928aad75c34cbc745aa843b4f7841c1feceffbae8562	yeto-evidence-archive	/openspec/changes/rl-engine-ports/evidence/2026-09-29-smoke-badtoken/prompts.jsonl
openspec/changes/rl-engine-ports/evidence/2026-09-29-smoke-badtoken/worker.json	1796	1f833ae253c3550de0dff89d4db449550f7584864771fa602762f0ccf8342b13	yeto-evidence-archive	/openspec/changes/rl-engine-ports/evidence/2026-09-29-smoke-badtoken/worker.json
openspec/changes/rl-engine-ports/evidence/2026-09-29-smoke-normal/dashboard_columns/rollout_0.parquet	31027	9d5057261683f9a537831201af156b47a232903cc7cbe1504546257ccb117b44	yeto-evidence-archive	/openspec/changes/rl-engine-ports/evidence/2026-09-29-smoke-normal/dashboard_columns/rollout_0.parquet
openspec/changes/rl-engine-ports/evidence/2026-09-29-smoke-normal/dashboard_columns/rollout_1.parquet	35836	f2bcf6f678a19b471236d80acf69fdd604a5da9ed06aad40112a6583a2f6695a	yeto-evidence-archive	/openspec/changes/rl-engine-ports/evidence/2026-09-29-smoke-normal/dashboard_columns/rollout_1.parquet
openspec/changes/rl-engine-ports/evidence/2026-09-29-smoke-normal/dashboard_columns/rollout_2.parquet	51828	4d6daaa06d86b33e6847b03699f4465da2c76b36032d08e92776adbeb08a3b10	yeto-evidence-archive	/openspec/changes/rl-engine-ports/evidence/2026-09-29-smoke-normal/dashboard_columns/rollout_2.parquet
openspec/changes/rl-engine-ports/evidence/2026-09-29-smoke-normal/miles.log	77004	66a3863472a7b7349d783a9d308495315129c5abb98ee732c0f0643c24ea0daf	yeto-evidence-archive	/openspec/changes/rl-engine-ports/evidence/2026-09-29-smoke-normal/miles.log
openspec/changes/rl-engine-ports/evidence/2026-09-29-smoke-normal/probe.jsonl	11632	29472b3147d0c806195abcfc0933d3ff1504ea2070070c161f768a517d5c619b	yeto-evidence-archive	/openspec/changes/rl-engine-ports/evidence/2026-09-29-smoke-normal/probe.jsonl
openspec/changes/rl-engine-ports/evidence/2026-09-29-smoke-normal/prompts.jsonl	4867	4fdc114ab33b8d47a86b928aad75c34cbc745aa843b4f7841c1feceffbae8562	yeto-evidence-archive	/openspec/changes/rl-engine-ports/evidence/2026-09-29-smoke-normal/prompts.jsonl
openspec/changes/rl-engine-ports/evidence/2026-09-29-smoke-normal/worker.json	1786	edf00ee2dc3b797d4c4450d3f275ec5a96f0aca98ea74198f1bf9b1ce0b4458b	yeto-evidence-archive	/openspec/changes/rl-engine-ports/evidence/2026-09-29-smoke-normal/worker.json
openspec/changes/rl-engine-ports/evidence/2026-09-29-smoke-pubfail/dashboard_columns/rollout_0.parquet	31027	9d5057261683f9a537831201af156b47a232903cc7cbe1504546257ccb117b44	yeto-evidence-archive	/openspec/changes/rl-engine-ports/evidence/2026-09-29-smoke-pubfail/dashboard_columns/rollout_0.parquet
openspec/changes/rl-engine-ports/evidence/2026-09-29-smoke-pubfail/miles.log	68221	122195ed698f32d3fae18d15b770bf029a69952c09e4070f38cfa9a8a1c40290	yeto-evidence-archive	/openspec/changes/rl-engine-ports/evidence/2026-09-29-smoke-pubfail/miles.log
openspec/changes/rl-engine-ports/evidence/2026-09-29-smoke-pubfail/probe.jsonl	3330	a01c8e7a6aa8b0d6c77962dfdcccc894d3d94df3ab3c321ed48d4fffc84688e3	yeto-evidence-archive	/openspec/changes/rl-engine-ports/evidence/2026-09-29-smoke-pubfail/probe.jsonl
openspec/changes/rl-engine-ports/evidence/2026-09-29-smoke-pubfail/prompts.jsonl	4867	4fdc114ab33b8d47a86b928aad75c34cbc745aa843b4f7841c1feceffbae8562	yeto-evidence-archive	/openspec/changes/rl-engine-ports/evidence/2026-09-29-smoke-pubfail/prompts.jsonl
openspec/changes/rl-engine-ports/evidence/2026-09-29-smoke-pubfail/worker.json	1791	215ac643fbfd4db64994db8eb815e983553bd12e731c5175ed30e70b1fad9704	yeto-evidence-archive	/openspec/changes/rl-engine-ports/evidence/2026-09-29-smoke-pubfail/worker.json
openspec/changes/rl-engine-ports/evidence/2026-09-29-smoke-zerograd/dashboard_columns/rollout_0.parquet	31027	9d5057261683f9a537831201af156b47a232903cc7cbe1504546257ccb117b44	yeto-evidence-archive	/openspec/changes/rl-engine-ports/evidence/2026-09-29-smoke-zerograd/dashboard_columns/rollout_0.parquet
openspec/changes/rl-engine-ports/evidence/2026-09-29-smoke-zerograd/miles.log	70871	7af1f2cd93584ec6ff02c1829fba125da3ff0066dbfd131787db57c3bca3ead6	yeto-evidence-archive	/openspec/changes/rl-engine-ports/evidence/2026-09-29-smoke-zerograd/miles.log
openspec/changes/rl-engine-ports/evidence/2026-09-29-smoke-zerograd/probe.jsonl	3105	28846a571deae537e00296c3e48533c750fdaf95bab881e10f7f413633eb6195	yeto-evidence-archive	/openspec/changes/rl-engine-ports/evidence/2026-09-29-smoke-zerograd/probe.jsonl
openspec/changes/rl-engine-ports/evidence/2026-09-29-smoke-zerograd/prompts.jsonl	4867	4fdc114ab33b8d47a86b928aad75c34cbc745aa843b4f7841c1feceffbae8562	yeto-evidence-archive	/openspec/changes/rl-engine-ports/evidence/2026-09-29-smoke-zerograd/prompts.jsonl
openspec/changes/rl-engine-ports/evidence/2026-09-29-smoke-zerograd/worker.json	1796	e707c15235f6630d99ba2fd9ebcf8e0ad8c18d47c841ef721060653b479b3f00	yeto-evidence-archive	/openspec/changes/rl-engine-ports/evidence/2026-09-29-smoke-zerograd/worker.json
openspec/changes/rl-engine-ports/evidence/2026-09-29-tf-diagnosis/diag.sh	3526	4b01fe56fc79fa460036aa60917a687d0b21d84bfa94b433aee2ce04350bc40b	yeto-evidence-archive	/openspec/changes/rl-engine-ports/evidence/2026-09-29-tf-diagnosis/diag.sh
openspec/changes/rl-engine-ports/evidence/2026-09-29-tf-diagnosis/dl.log	779	90641051b22ec91bbf5e7bcacdddd1c1ff320802090ed1804677f5b9b5b40210	yeto-evidence-archive	/openspec/changes/rl-engine-ports/evidence/2026-09-29-tf-diagnosis/dl.log
openspec/changes/rl-engine-ports/evidence/2026-09-29-tf-diagnosis/dl2.log	886	b031e5591fcbc502c5a372bd285c7fb9eb28d6b98206ef6633a6ce79d4996fa8	yeto-evidence-archive	/openspec/changes/rl-engine-ports/evidence/2026-09-29-tf-diagnosis/dl2.log
openspec/changes/rl-engine-ports/evidence/2026-09-29-tf-diagnosis/dp.log	875	6b947fcf82c57bff94491c4e3f977de8f819d3cd34cc0261e104ed88033df35a	yeto-evidence-archive	/openspec/changes/rl-engine-ports/evidence/2026-09-29-tf-diagnosis/dp.log
openspec/changes/rl-engine-ports/evidence/2026-09-29-tf-diagnosis/env-legacy/sandbox-env-dl.txt	12698	1075842788f4fa4a41fbc54cd06ef41a77faa64811dc1afd2261717d0cb94783	yeto-evidence-archive	/openspec/changes/rl-engine-ports/evidence/2026-09-29-tf-diagnosis/env-legacy/sandbox-env-dl.txt
openspec/changes/rl-engine-ports/evidence/2026-09-29-tf-diagnosis/env-legacy/sandbox-env-dl2.txt	12698	d838001ad3aa6b27d069f3df94a4887a2606820e1e780d3677e4668e0a9fb411	yeto-evidence-archive	/openspec/changes/rl-engine-ports/evidence/2026-09-29-tf-diagnosis/env-legacy/sandbox-env-dl2.txt
openspec/changes/rl-engine-ports/evidence/2026-09-29-tf-diagnosis/env-ports/sandbox-env-dp.txt	13053	65f7af631b7441ee4495a2f5415f1cbb8da5c94c858f0df23d8688cdd381795f	yeto-evidence-archive	/openspec/changes/rl-engine-ports/evidence/2026-09-29-tf-diagnosis/env-ports/sandbox-env-dp.txt
openspec/changes/rl-engine-ports/evidence/2026-09-29-tf-diagnosis/fp32grad.log	546	3393d5b5ecb6c0b0c7fc313b725baf9ec55d46e7741a2d58f82a56bd634f74bb	yeto-evidence-archive	/openspec/changes/rl-engine-ports/evidence/2026-09-29-tf-diagnosis/fp32grad.log
openspec/changes/rl-engine-ports/evidence/2026-09-29-tf-diagnosis/fp32grad.py	3021	253494dc22aa9ba9c324c99a1d0b663dfc0844f6261843ef0d7b53134171e64c	yeto-evidence-archive	/openspec/changes/rl-engine-ports/evidence/2026-09-29-tf-diagnosis/fp32grad.py
openspec/changes/rl-engine-ports/evidence/2026-09-29-tf-diagnosis/fp32grad_tokenmean.py	3032	238c247cdcf879baed6a500591f8e10fcfe6bbee525205482d3df13da08cec3c	yeto-evidence-archive	/openspec/changes/rl-engine-ports/evidence/2026-09-29-tf-diagnosis/fp32grad_tokenmean.py
openspec/changes/rl-engine-ports/evidence/2026-09-29-tf-diagnosis/fp32ref-tokenmean/work/seed-17/yeto-federated-m2/island-0/audit/round-00000001.grad.json	51825	e946e2ce0d177efc9bd769730b6b959f31135c48dd6f32e12cedfb5ab94c1715	yeto-evidence-archive	/openspec/changes/rl-engine-ports/evidence/2026-09-29-tf-diagnosis/fp32ref-tokenmean/work/seed-17/yeto-federated-m2/island-0/audit/round-00000001.grad.json
openspec/changes/rl-engine-ports/evidence/2026-09-29-tf-diagnosis/fp32ref-tokenmean/work/seed-17/yeto-federated-m2/island-1/audit/round-00000001.grad.json	51825	017f3f3504018e3041823f71abb3a3b709d4a4624f96c5c347f54f39dcf3bb5c	yeto-evidence-archive	/openspec/changes/rl-engine-ports/evidence/2026-09-29-tf-diagnosis/fp32ref-tokenmean/work/seed-17/yeto-federated-m2/island-1/audit/round-00000001.grad.json
openspec/changes/rl-engine-ports/evidence/2026-09-29-tf-diagnosis/fp32ref.json	1402	9a3decd32a0313dfcfab758d144c62ad49a01371a3a1cd17ac331ddd5b4cbeea	yeto-evidence-archive	/openspec/changes/rl-engine-ports/evidence/2026-09-29-tf-diagnosis/fp32ref.json
openspec/changes/rl-engine-ports/evidence/2026-09-29-tf-diagnosis/fp32ref.log	1154	3948a53409b26fb4a9608fdc0366ff2dc88405cd7302870dd9f7f75b7e964975	yeto-evidence-archive	/openspec/changes/rl-engine-ports/evidence/2026-09-29-tf-diagnosis/fp32ref.log
openspec/changes/rl-engine-ports/evidence/2026-09-29-tf-diagnosis/fp32ref/work/seed-17/yeto-federated-m2/island-0/audit/round-00000001.grad.json	51825	e946e2ce0d177efc9bd769730b6b959f31135c48dd6f32e12cedfb5ab94c1715	yeto-evidence-archive	/openspec/changes/rl-engine-ports/evidence/2026-09-29-tf-diagnosis/fp32ref/work/seed-17/yeto-federated-m2/island-0/audit/round-00000001.grad.json
openspec/changes/rl-engine-ports/evidence/2026-09-29-tf-diagnosis/fp32ref/work/seed-17/yeto-federated-m2/island-1/audit/round-00000001.grad.json	51825	017f3f3504018e3041823f71abb3a3b709d4a4624f96c5c347f54f39dcf3bb5c	yeto-evidence-archive	/openspec/changes/rl-engine-ports/evidence/2026-09-29-tf-diagnosis/fp32ref/work/seed-17/yeto-federated-m2/island-1/audit/round-00000001.grad.json
openspec/changes/rl-engine-ports/evidence/2026-09-29-tf-diagnosis/large-files.sha256	36308	ed7f4b7502b2d3f210c5e4e47f6b855a45edf6c995cb05597b57a95be9e4bc94	yeto-evidence-archive	/openspec/changes/rl-engine-ports/evidence/2026-09-29-tf-diagnosis/large-files.sha256
openspec/changes/rl-engine-ports/evidence/2026-09-29-tf-diagnosis/tfdcmp.py	3876	94e046a85a3e184551bcd9e08918327aea68a575476e7aaf909fe8e9e7c41bec	yeto-evidence-archive	/openspec/changes/rl-engine-ports/evidence/2026-09-29-tf-diagnosis/tfdcmp.py
openspec/changes/rl-engine-ports/evidence/2026-09-29-tf-diagnosis/tfl-a-failed-race/launch.log	7410	19e50a0f62e034dbc513d8e32dc316d5c97f6be194e0463c5b43ed1338c5fb98	yeto-evidence-archive	/openspec/changes/rl-engine-ports/evidence/2026-09-29-tf-diagnosis/tfl-a-failed-race/launch.log
openspec/changes/rl-engine-ports/evidence/2026-09-29-tf-diagnosis/tfl-a-failed-race/nvidia-smi.txt	2057	2ed7a8816407a43a294b26f9436902a2f5be900023f4d77f9fadcf7f03a63f82	yeto-evidence-archive	/openspec/changes/rl-engine-ports/evidence/2026-09-29-tf-diagnosis/tfl-a-failed-race/nvidia-smi.txt
openspec/changes/rl-engine-ports/evidence/2026-09-29-tf-diagnosis/tfl-a-failed-race/rc	2	4355a46b19d348dc2f57c046f8ef63d4538ebb936000f3c9ee954a27460dd865	yeto-evidence-archive	/openspec/changes/rl-engine-ports/evidence/2026-09-29-tf-diagnosis/tfl-a-failed-race/rc
openspec/changes/rl-engine-ports/evidence/2026-09-29-tf-diagnosis/tfl-a-failed-race/t_end	11	ba784682df54bc442e0c4f946cfdbed7270f28450e1a576f3d998f5a8f2b7cbf	yeto-evidence-archive	/openspec/changes/rl-engine-ports/evidence/2026-09-29-tf-diagnosis/tfl-a-failed-race/t_end
openspec/changes/rl-engine-ports/evidence/2026-09-29-tf-diagnosis/tfl-a-failed-race/t_start	11	9a8456c5d4f06f3438fa6b08b4704ab38e92aa3685f1f318b26edf7042b1faec	yeto-evidence-archive	/openspec/changes/rl-engine-ports/evidence/2026-09-29-tf-diagnosis/tfl-a-failed-race/t_start
openspec/changes/rl-engine-ports/evidence/2026-09-29-tf-diagnosis/tfl-a-failed-race/work/data/m2/combined.jsonl	2893	9b7f5fd3914cb37dd09d2b5df673310287fe11843a9778c0e49bc63b6806b1af	yeto-evidence-archive	/openspec/changes/rl-engine-ports/evidence/2026-09-29-tf-diagnosis/tfl-a-failed-race/work/data/m2/combined.jsonl
openspec/changes/rl-engine-ports/evidence/2026-09-29-tf-diagnosis/tfl-a-failed-race/work/data/m2/eval.jsonl	2922	e541ae1af20b3bf4c148ea4fcf1e9c23723657e8e4d956e1b4c71590db5af82b	yeto-evidence-archive	/openspec/changes/rl-engine-ports/evidence/2026-09-29-tf-diagnosis/tfl-a-failed-race/work/data/m2/eval.jsonl
openspec/changes/rl-engine-ports/evidence/2026-09-29-tf-diagnosis/tfl-a-failed-race/work/data/m2/island-0.jsonl	1298	889b58049c013372b7960f9f8318f54281d402dda4a1f53731c1d0c4f0ae3c04	yeto-evidence-archive	/openspec/changes/rl-engine-ports/evidence/2026-09-29-tf-diagnosis/tfl-a-failed-race/work/data/m2/island-0.jsonl
openspec/changes/rl-engine-ports/evidence/2026-09-29-tf-diagnosis/tfl-a-failed-race/work/data/m2/island-1.jsonl	1595	5abcb9b02ab7fc743789708a446aa06110fd45adce9b63825e4ebfa6ff3ef0a3	yeto-evidence-archive	/openspec/changes/rl-engine-ports/evidence/2026-09-29-tf-diagnosis/tfl-a-failed-race/work/data/m2/island-1.jsonl
openspec/changes/rl-engine-ports/evidence/2026-09-29-tf-diagnosis/tfl-a-failed-race/work/seed-17/yeto-federated-m2/island-0/miles.log	74474	108c2f89c727f1f6ac08531b3f0733a4faa6d69f3f80a7ea6236a297b09294dd	yeto-evidence-archive	/openspec/changes/rl-engine-ports/evidence/2026-09-29-tf-diagnosis/tfl-a-failed-race/work/seed-17/yeto-federated-m2/island-0/miles.log
openspec/changes/rl-engine-ports/evidence/2026-09-29-tf-diagnosis/tfl-a-failed-race/work/seed-17/yeto-federated-m2/island-0/worker.json	2150	0337d5b38b750d3c36ff6157c0975abe05364ac9203bb06c71364f515ef98fe9	yeto-evidence-archive	/openspec/changes/rl-engine-ports/evidence/2026-09-29-tf-diagnosis/tfl-a-failed-race/work/seed-17/yeto-federated-m2/island-0/worker.json
openspec/changes/rl-engine-ports/evidence/2026-09-29-tf-diagnosis/tfl-a-failed-race/work/seed-17/yeto-federated-m2/island-1/events.jsonl	786	73988bd96a352b63bfcee015cef81e9c54fbeddf443b0be525c980693a1c022d	yeto-evidence-archive	/openspec/changes/rl-engine-ports/evidence/2026-09-29-tf-diagnosis/tfl-a-failed-race/work/seed-17/yeto-federated-m2/island-1/events.jsonl
openspec/changes/rl-engine-ports/evidence/2026-09-29-tf-diagnosis/tfl-a-failed-race/work/seed-17/yeto-federated-m2/island-1/miles.log	57086	2bfc4e3dd6e3aeb2f55d387035e4f2236e5fc0d359dbd897c42ee97f31d92795	yeto-evidence-archive	/openspec/changes/rl-engine-ports/evidence/2026-09-29-tf-diagnosis/tfl-a-failed-race/work/seed-17/yeto-federated-m2/island-1/miles.log
openspec/changes/rl-engine-ports/evidence/2026-09-29-tf-diagnosis/tfl-a-failed-race/work/seed-17/yeto-federated-m2/island-1/worker.json	2150	8a2b011464876ba4c6a8640f55f461aef6eed656beec2bfa1bba3dd96295267f	yeto-evidence-archive	/openspec/changes/rl-engine-ports/evidence/2026-09-29-tf-diagnosis/tfl-a-failed-race/work/seed-17/yeto-federated-m2/island-1/worker.json
openspec/changes/rl-engine-ports/evidence/2026-09-29-tf-diagnosis/tfl-a-failed-race/work/seed-17/yeto-federated-m2/rollouts/dashboard_columns/rollout_0.parquet	36481	392cde316c770415cad4ec63b9e07287e674f9d487aaac689ff98b1b0f90f8ff	yeto-evidence-archive	/openspec/changes/rl-engine-ports/evidence/2026-09-29-tf-diagnosis/tfl-a-failed-race/work/seed-17/yeto-federated-m2/rollouts/dashboard_columns/rollout_0.parquet
openspec/changes/rl-engine-ports/evidence/2026-09-29-tf-diagnosis/tfl-a-failed-race/work/seed-17/yeto-federated-m2/syncer.log	2516	3752ef5b2c2c987317c1e20d0fdf2879eda3fde44f54ce8eeb341100aed8ed14	yeto-evidence-archive	/openspec/changes/rl-engine-ports/evidence/2026-09-29-tf-diagnosis/tfl-a-failed-race/work/seed-17/yeto-federated-m2/syncer.log
openspec/changes/rl-engine-ports/evidence/2026-09-29-tf-diagnosis/tfl-a/launch.log	4970	b4500b95f6ced3a77404f31a303d2eef06532fae305f427ed85df1d9a77332bd	yeto-evidence-archive	/openspec/changes/rl-engine-ports/evidence/2026-09-29-tf-diagnosis/tfl-a/launch.log
openspec/changes/rl-engine-ports/evidence/2026-09-29-tf-diagnosis/tfl-a/nvidia-smi.txt	2057	053c403f1961c3fa70b89e55062d848574559c29598394e1157bd56cf5698c84	yeto-evidence-archive	/openspec/changes/rl-engine-ports/evidence/2026-09-29-tf-diagnosis/tfl-a/nvidia-smi.txt
openspec/changes/rl-engine-ports/evidence/2026-09-29-tf-diagnosis/tfl-a/rc	2	9a271f2a916b0b6ee6cecb2426f0b3206ef074578be55d9bc94f6f3fe3ab86aa	yeto-evidence-archive	/openspec/changes/rl-engine-ports/evidence/2026-09-29-tf-diagnosis/tfl-a/rc
openspec/changes/rl-engine-ports/evidence/2026-09-29-tf-diagnosis/tfl-a/report/results.jsonl	1606	8bae8394c735484f47945453f86cd2f68138e320afda96813b1309c32c6099b9	yeto-evidence-archive	/openspec/changes/rl-engine-ports/evidence/2026-09-29-tf-diagnosis/tfl-a/report/results.jsonl
openspec/changes/rl-engine-ports/evidence/2026-09-29-tf-diagnosis/tfl-a/t_end	11	7c8fce851dc7fd884f7fa1b81a5378be34c05a961dc25080b95235f599064fd3	yeto-evidence-archive	/openspec/changes/rl-engine-ports/evidence/2026-09-29-tf-diagnosis/tfl-a/t_end
openspec/changes/rl-engine-ports/evidence/2026-09-29-tf-diagnosis/tfl-a/t_start	11	38cb7267bddef8eee56dc2c4273e6c766264e31f202bf1e9218a6ae12c9d257d	yeto-evidence-archive	/openspec/changes/rl-engine-ports/evidence/2026-09-29-tf-diagnosis/tfl-a/t_start
openspec/changes/rl-engine-ports/evidence/2026-09-29-tf-diagnosis/tfl-a/work/data/m2/combined.jsonl	2893	9b7f5fd3914cb37dd09d2b5df673310287fe11843a9778c0e49bc63b6806b1af	yeto-evidence-archive	/openspec/changes/rl-engine-ports/evidence/2026-09-29-tf-diagnosis/tfl-a/work/data/m2/combined.jsonl
openspec/changes/rl-engine-ports/evidence/2026-09-29-tf-diagnosis/tfl-a/work/data/m2/eval.jsonl	2922	e541ae1af20b3bf4c148ea4fcf1e9c23723657e8e4d956e1b4c71590db5af82b	yeto-evidence-archive	/openspec/changes/rl-engine-ports/evidence/2026-09-29-tf-diagnosis/tfl-a/work/data/m2/eval.jsonl
openspec/changes/rl-engine-ports/evidence/2026-09-29-tf-diagnosis/tfl-a/work/data/m2/island-0.jsonl	1298	889b58049c013372b7960f9f8318f54281d402dda4a1f53731c1d0c4f0ae3c04	yeto-evidence-archive	/openspec/changes/rl-engine-ports/evidence/2026-09-29-tf-diagnosis/tfl-a/work/data/m2/island-0.jsonl
openspec/changes/rl-engine-ports/evidence/2026-09-29-tf-diagnosis/tfl-a/work/data/m2/island-1.jsonl	1595	5abcb9b02ab7fc743789708a446aa06110fd45adce9b63825e4ebfa6ff3ef0a3	yeto-evidence-archive	/openspec/changes/rl-engine-ports/evidence/2026-09-29-tf-diagnosis/tfl-a/work/data/m2/island-1.jsonl
openspec/changes/rl-engine-ports/evidence/2026-09-29-tf-diagnosis/tfl-a/work/seed-17/yeto-federated-m2/adapter/adapter_config.json	1185	57d70129594490acd4dd66354eb3b148f02fd229bab8c451b22799c97afa9844	yeto-evidence-archive	/openspec/changes/rl-engine-ports/evidence/2026-09-29-tf-diagnosis/tfl-a/work/seed-17/yeto-federated-m2/adapter/adapter_config.json
openspec/changes/rl-engine-ports/evidence/2026-09-29-tf-diagnosis/tfl-a/work/seed-17/yeto-federated-m2/eval-samples.jsonl	6242	91fbb94677905c9a6a7080e8f6a32549c5b411f5dc7f64e6f14236bfe1881cdf	yeto-evidence-archive	/openspec/changes/rl-engine-ports/evidence/2026-09-29-tf-diagnosis/tfl-a/work/seed-17/yeto-federated-m2/eval-samples.jsonl
openspec/changes/rl-engine-ports/evidence/2026-09-29-tf-diagnosis/tfl-a/work/seed-17/yeto-federated-m2/eval-worker.json	1257	6c64d8b3b31a50340be336fa28754e857ba4140ee71c93f9fb4c86fe3da8ef25	yeto-evidence-archive	/openspec/changes/rl-engine-ports/evidence/2026-09-29-tf-diagnosis/tfl-a/work/seed-17/yeto-federated-m2/eval-worker.json
openspec/changes/rl-engine-ports/evidence/2026-09-29-tf-diagnosis/tfl-a/work/seed-17/yeto-federated-m2/eval.json	217	756a62772c2ebfe9e7b7acace59e0ff8a7c791038b81e5772f95805f3211d09b	yeto-evidence-archive	/openspec/changes/rl-engine-ports/evidence/2026-09-29-tf-diagnosis/tfl-a/work/seed-17/yeto-federated-m2/eval.json
openspec/changes/rl-engine-ports/evidence/2026-09-29-tf-diagnosis/tfl-a/work/seed-17/yeto-federated-m2/eval.log	1096	042c509f3b35c486a90f520a1112743e9de5b5c4e77228f604433659a2df5388	yeto-evidence-archive	/openspec/changes/rl-engine-ports/evidence/2026-09-29-tf-diagnosis/tfl-a/work/seed-17/yeto-federated-m2/eval.log
openspec/changes/rl-engine-ports/evidence/2026-09-29-tf-diagnosis/tfl-a/work/seed-17/yeto-federated-m2/island-0/audit/round-00000001.grad.json	63999	acde0a4243d075d353ddee03451109119148dddb669eae72d71cbdb921bbe41b	yeto-evidence-archive	/openspec/changes/rl-engine-ports/evidence/2026-09-29-tf-diagnosis/tfl-a/work/seed-17/yeto-federated-m2/island-0/audit/round-00000001.grad.json
openspec/changes/rl-engine-ports/evidence/2026-09-29-tf-diagnosis/tfl-a/work/seed-17/yeto-federated-m2/island-0/audit/round-00000001.json	48718	eaa0e1bdc53a12d0fc9b96de988123f7b72e59dbb331c00fc0a4b5247ad111e0	yeto-evidence-archive	/openspec/changes/rl-engine-ports/evidence/2026-09-29-tf-diagnosis/tfl-a/work/seed-17/yeto-federated-m2/island-0/audit/round-00000001.json
openspec/changes/rl-engine-ports/evidence/2026-09-29-tf-diagnosis/tfl-a/work/seed-17/yeto-federated-m2/island-0/miles.log	82178	2401e147eeac44b8c1359a7cecf9f34b50acf392a32abd7a360b1e4ec7f13282	yeto-evidence-archive	/openspec/changes/rl-engine-ports/evidence/2026-09-29-tf-diagnosis/tfl-a/work/seed-17/yeto-federated-m2/island-0/miles.log
openspec/changes/rl-engine-ports/evidence/2026-09-29-tf-diagnosis/tfl-a/work/seed-17/yeto-federated-m2/island-0/worker.json	2150	62cc81e40f5e6a58ec94e88d5e90388e2e4fc235f13e0428174882def62c736c	yeto-evidence-archive	/openspec/changes/rl-engine-ports/evidence/2026-09-29-tf-diagnosis/tfl-a/work/seed-17/yeto-federated-m2/island-0/worker.json
openspec/changes/rl-engine-ports/evidence/2026-09-29-tf-diagnosis/tfl-a/work/seed-17/yeto-federated-m2/island-1/audit/round-00000001.grad.json	63999	4ddb9b097478e4e3e7312af408b5a804776539513636ba165724fa649f960b15	yeto-evidence-archive	/openspec/changes/rl-engine-ports/evidence/2026-09-29-tf-diagnosis/tfl-a/work/seed-17/yeto-federated-m2/island-1/audit/round-00000001.grad.json
openspec/changes/rl-engine-ports/evidence/2026-09-29-tf-diagnosis/tfl-a/work/seed-17/yeto-federated-m2/island-1/audit/round-00000001.json	48718	f6d35adccc0b899a100d1aebf7033e8eca9760add825d824c671610aa039d299	yeto-evidence-archive	/openspec/changes/rl-engine-ports/evidence/2026-09-29-tf-diagnosis/tfl-a/work/seed-17/yeto-federated-m2/island-1/audit/round-00000001.json
openspec/changes/rl-engine-ports/evidence/2026-09-29-tf-diagnosis/tfl-a/work/seed-17/yeto-federated-m2/island-1/events.jsonl	3097	d7ddf86fffe2c0be72a79f270ea108ed84bf1430e2190b4e3bab041bf4a36b58	yeto-evidence-archive	/openspec/changes/rl-engine-ports/evidence/2026-09-29-tf-diagnosis/tfl-a/work/seed-17/yeto-federated-m2/island-1/events.jsonl
openspec/changes/rl-engine-ports/evidence/2026-09-29-tf-diagnosis/tfl-a/work/seed-17/yeto-federated-m2/island-1/miles.log	83053	3990977f8bf0b53e1197078e908fff1e7fb48503e02781ecafd03bde5b9c1e16	yeto-evidence-archive	/openspec/changes/rl-engine-ports/evidence/2026-09-29-tf-diagnosis/tfl-a/work/seed-17/yeto-federated-m2/island-1/miles.log
openspec/changes/rl-engine-ports/evidence/2026-09-29-tf-diagnosis/tfl-a/work/seed-17/yeto-federated-m2/island-1/worker.json	2150	9a0dc0102e6bd92c2f45722374a269c0bf469c61208ee5ca77110ed1c19914a0	yeto-evidence-archive	/openspec/changes/rl-engine-ports/evidence/2026-09-29-tf-diagnosis/tfl-a/work/seed-17/yeto-federated-m2/island-1/worker.json
openspec/changes/rl-engine-ports/evidence/2026-09-29-tf-diagnosis/tfl-a/work/seed-17/yeto-federated-m2/rollouts/dashboard_columns/rollout_0.parquet	36481	1b9738f2db8028085d73e8af0b033bacac419597a2540989ada7a936f43661bd	yeto-evidence-archive	/openspec/changes/rl-engine-ports/evidence/2026-09-29-tf-diagnosis/tfl-a/work/seed-17/yeto-federated-m2/rollouts/dashboard_columns/rollout_0.parquet
openspec/changes/rl-engine-ports/evidence/2026-09-29-tf-diagnosis/tfl-a/work/seed-17/yeto-federated-m2/syncer.jsonl	1028	6391bd161e3c0cc9d9fa867b525316aa1d14344beca346a85075994c6571a786	yeto-evidence-archive	/openspec/changes/rl-engine-ports/evidence/2026-09-29-tf-diagnosis/tfl-a/work/seed-17/yeto-federated-m2/syncer.jsonl
openspec/changes/rl-engine-ports/evidence/2026-09-29-tf-diagnosis/tfl-a/work/seed-17/yeto-federated-m2/syncer.log	3137	c5babd490598b0a737ba8f37b3e868d9fd9c5d29b357f9b6adbe89209353d16c	yeto-evidence-archive	/openspec/changes/rl-engine-ports/evidence/2026-09-29-tf-diagnosis/tfl-a/work/seed-17/yeto-federated-m2/syncer.log
openspec/changes/rl-engine-ports/evidence/2026-09-29-tf-diagnosis/tfl-b/launch.log	4621	2c23d3bc46ce368ddb751e2ddbd08d894f855adc4d1b02094e91817f65230aff	yeto-evidence-archive	/openspec/changes/rl-engine-ports/evidence/2026-09-29-tf-diagnosis/tfl-b/launch.log
openspec/changes/rl-engine-ports/evidence/2026-09-29-tf-diagnosis/tfl-b/nvidia-smi.txt	2057	2a8be8a8d4ae5aef469a5b94fb901b8a387ce2b24738c03d2473278c37bce15d	yeto-evidence-archive	/openspec/changes/rl-engine-ports/evidence/2026-09-29-tf-diagnosis/tfl-b/nvidia-smi.txt
openspec/changes/rl-engine-ports/evidence/2026-09-29-tf-diagnosis/tfl-b/rc	2	9a271f2a916b0b6ee6cecb2426f0b3206ef074578be55d9bc94f6f3fe3ab86aa	yeto-evidence-archive	/openspec/changes/rl-engine-ports/evidence/2026-09-29-tf-diagnosis/tfl-b/rc
openspec/changes/rl-engine-ports/evidence/2026-09-29-tf-diagnosis/tfl-b/report/results.jsonl	1609	eecc451a54731e0a0dd173f6ba8a52583d736feea144a0a629481b0caa3fc3a1	yeto-evidence-archive	/openspec/changes/rl-engine-ports/evidence/2026-09-29-tf-diagnosis/tfl-b/report/results.jsonl
openspec/changes/rl-engine-ports/evidence/2026-09-29-tf-diagnosis/tfl-b/t_end	11	82e1c6ab0ca416d714da3709f468124d5f813bfe8fa1b1aa6074aff819f97b52	yeto-evidence-archive	/openspec/changes/rl-engine-ports/evidence/2026-09-29-tf-diagnosis/tfl-b/t_end
openspec/changes/rl-engine-ports/evidence/2026-09-29-tf-diagnosis/tfl-b/t_start	11	da3f03d0aeac50c97f6a08ca0b1b6acc63fd2b9e4586d8e627ee84508f6ce884	yeto-evidence-archive	/openspec/changes/rl-engine-ports/evidence/2026-09-29-tf-diagnosis/tfl-b/t_start
openspec/changes/rl-engine-ports/evidence/2026-09-29-tf-diagnosis/tfl-b/work/data/m2/combined.jsonl	2893	9b7f5fd3914cb37dd09d2b5df673310287fe11843a9778c0e49bc63b6806b1af	yeto-evidence-archive	/openspec/changes/rl-engine-ports/evidence/2026-09-29-tf-diagnosis/tfl-b/work/data/m2/combined.jsonl
openspec/changes/rl-engine-ports/evidence/2026-09-29-tf-diagnosis/tfl-b/work/data/m2/eval.jsonl	2922	e541ae1af20b3bf4c148ea4fcf1e9c23723657e8e4d956e1b4c71590db5af82b	yeto-evidence-archive	/openspec/changes/rl-engine-ports/evidence/2026-09-29-tf-diagnosis/tfl-b/work/data/m2/eval.jsonl
openspec/changes/rl-engine-ports/evidence/2026-09-29-tf-diagnosis/tfl-b/work/data/m2/island-0.jsonl	1298	889b58049c013372b7960f9f8318f54281d402dda4a1f53731c1d0c4f0ae3c04	yeto-evidence-archive	/openspec/changes/rl-engine-ports/evidence/2026-09-29-tf-diagnosis/tfl-b/work/data/m2/island-0.jsonl
openspec/changes/rl-engine-ports/evidence/2026-09-29-tf-diagnosis/tfl-b/work/data/m2/island-1.jsonl	1595	5abcb9b02ab7fc743789708a446aa06110fd45adce9b63825e4ebfa6ff3ef0a3	yeto-evidence-archive	/openspec/changes/rl-engine-ports/evidence/2026-09-29-tf-diagnosis/tfl-b/work/data/m2/island-1.jsonl
openspec/changes/rl-engine-ports/evidence/2026-09-29-tf-diagnosis/tfl-b/work/seed-17/yeto-federated-m2/adapter/adapter_config.json	1185	57d70129594490acd4dd66354eb3b148f02fd229bab8c451b22799c97afa9844	yeto-evidence-archive	/openspec/changes/rl-engine-ports/evidence/2026-09-29-tf-diagnosis/tfl-b/work/seed-17/yeto-federated-m2/adapter/adapter_config.json
openspec/changes/rl-engine-ports/evidence/2026-09-29-tf-diagnosis/tfl-b/work/seed-17/yeto-federated-m2/eval-samples.jsonl	6248	a6ffdae8fc6784a3df7bb8360c58267735a4dec20442d832342a080fd8a346e2	yeto-evidence-archive	/openspec/changes/rl-engine-ports/evidence/2026-09-29-tf-diagnosis/tfl-b/work/seed-17/yeto-federated-m2/eval-samples.jsonl
openspec/changes/rl-engine-ports/evidence/2026-09-29-tf-diagnosis/tfl-b/work/seed-17/yeto-federated-m2/eval-worker.json	1257	03392ade62799c1c3f6cd7768d5edf6303f9806b3d31d5ee38c379f287a0c1ce	yeto-evidence-archive	/openspec/changes/rl-engine-ports/evidence/2026-09-29-tf-diagnosis/tfl-b/work/seed-17/yeto-federated-m2/eval-worker.json
openspec/changes/rl-engine-ports/evidence/2026-09-29-tf-diagnosis/tfl-b/work/seed-17/yeto-federated-m2/eval.json	217	cd0a75b1d0ddb8aa0209002c8e1e67306891c3efbd646fecc595617bf6bf5958	yeto-evidence-archive	/openspec/changes/rl-engine-ports/evidence/2026-09-29-tf-diagnosis/tfl-b/work/seed-17/yeto-federated-m2/eval.json
openspec/changes/rl-engine-ports/evidence/2026-09-29-tf-diagnosis/tfl-b/work/seed-17/yeto-federated-m2/eval.log	1096	8f46b74b4f4ad6422a688c8801019d24c8c95e0fa3dfd5edc9f7525146f09d8d	yeto-evidence-archive	/openspec/changes/rl-engine-ports/evidence/2026-09-29-tf-diagnosis/tfl-b/work/seed-17/yeto-federated-m2/eval.log
openspec/changes/rl-engine-ports/evidence/2026-09-29-tf-diagnosis/tfl-b/work/seed-17/yeto-federated-m2/island-0/audit/round-00000001.grad.json	63999	acde0a4243d075d353ddee03451109119148dddb669eae72d71cbdb921bbe41b	yeto-evidence-archive	/openspec/changes/rl-engine-ports/evidence/2026-09-29-tf-diagnosis/tfl-b/work/seed-17/yeto-federated-m2/island-0/audit/round-00000001.grad.json
openspec/changes/rl-engine-ports/evidence/2026-09-29-tf-diagnosis/tfl-b/work/seed-17/yeto-federated-m2/island-0/audit/round-00000001.json	48718	eaa0e1bdc53a12d0fc9b96de988123f7b72e59dbb331c00fc0a4b5247ad111e0	yeto-evidence-archive	/openspec/changes/rl-engine-ports/evidence/2026-09-29-tf-diagnosis/tfl-b/work/seed-17/yeto-federated-m2/island-0/audit/round-00000001.json
openspec/changes/rl-engine-ports/evidence/2026-09-29-tf-diagnosis/tfl-b/work/seed-17/yeto-federated-m2/island-0/miles.log	81885	843cbdff16e879afc92b435aa27bc064c2fb34ddfcd6b38f4952f0ce3860dd94	yeto-evidence-archive	/openspec/changes/rl-engine-ports/evidence/2026-09-29-tf-diagnosis/tfl-b/work/seed-17/yeto-federated-m2/island-0/miles.log
openspec/changes/rl-engine-ports/evidence/2026-09-29-tf-diagnosis/tfl-b/work/seed-17/yeto-federated-m2/island-0/worker.json	2150	b82d59fa6dc867979d53ceda369fee2e68a1f5332e5b290c60ecc19eb170fac2	yeto-evidence-archive	/openspec/changes/rl-engine-ports/evidence/2026-09-29-tf-diagnosis/tfl-b/work/seed-17/yeto-federated-m2/island-0/worker.json
openspec/changes/rl-engine-ports/evidence/2026-09-29-tf-diagnosis/tfl-b/work/seed-17/yeto-federated-m2/island-1/audit/round-00000001.grad.json	63999	4ddb9b097478e4e3e7312af408b5a804776539513636ba165724fa649f960b15	yeto-evidence-archive	/openspec/changes/rl-engine-ports/evidence/2026-09-29-tf-diagnosis/tfl-b/work/seed-17/yeto-federated-m2/island-1/audit/round-00000001.grad.json
openspec/changes/rl-engine-ports/evidence/2026-09-29-tf-diagnosis/tfl-b/work/seed-17/yeto-federated-m2/island-1/audit/round-00000001.json	48718	f6d35adccc0b899a100d1aebf7033e8eca9760add825d824c671610aa039d299	yeto-evidence-archive	/openspec/changes/rl-engine-ports/evidence/2026-09-29-tf-diagnosis/tfl-b/work/seed-17/yeto-federated-m2/island-1/audit/round-00000001.json
openspec/changes/rl-engine-ports/evidence/2026-09-29-tf-diagnosis/tfl-b/work/seed-17/yeto-federated-m2/island-1/events.jsonl	3098	a911eb82990328cf2cb0211fb6eb2ba204953786e9ae4b6b32ebe404be23b85d	yeto-evidence-archive	/openspec/changes/rl-engine-ports/evidence/2026-09-29-tf-diagnosis/tfl-b/work/seed-17/yeto-federated-m2/island-1/events.jsonl
openspec/changes/rl-engine-ports/evidence/2026-09-29-tf-diagnosis/tfl-b/work/seed-17/yeto-federated-m2/island-1/miles.log	82986	8e098459c4cbd4e29400352f61df0079beab792503c399cb9c5fed0f0881596f	yeto-evidence-archive	/openspec/changes/rl-engine-ports/evidence/2026-09-29-tf-diagnosis/tfl-b/work/seed-17/yeto-federated-m2/island-1/miles.log
openspec/changes/rl-engine-ports/evidence/2026-09-29-tf-diagnosis/tfl-b/work/seed-17/yeto-federated-m2/island-1/worker.json	2150	76c4e09bf228c25192d2b7fd659526bf3b78f011d0559acdc1feaeaf77b71feb	yeto-evidence-archive	/openspec/changes/rl-engine-ports/evidence/2026-09-29-tf-diagnosis/tfl-b/work/seed-17/yeto-federated-m2/island-1/worker.json
openspec/changes/rl-engine-ports/evidence/2026-09-29-tf-diagnosis/tfl-b/work/seed-17/yeto-federated-m2/rollouts/dashboard_columns/rollout_0.parquet	36481	1b9738f2db8028085d73e8af0b033bacac419597a2540989ada7a936f43661bd	yeto-evidence-archive	/openspec/changes/rl-engine-ports/evidence/2026-09-29-tf-diagnosis/tfl-b/work/seed-17/yeto-federated-m2/rollouts/dashboard_columns/rollout_0.parquet
openspec/changes/rl-engine-ports/evidence/2026-09-29-tf-diagnosis/tfl-b/work/seed-17/yeto-federated-m2/syncer.jsonl	1028	05b149aa114a06ea3bd615bb3aac33d7d2510798b5680b6af9a9b7778c079aad	yeto-evidence-archive	/openspec/changes/rl-engine-ports/evidence/2026-09-29-tf-diagnosis/tfl-b/work/seed-17/yeto-federated-m2/syncer.jsonl
openspec/changes/rl-engine-ports/evidence/2026-09-29-tf-diagnosis/tfl-b/work/seed-17/yeto-federated-m2/syncer.log	3137	8b30a784c0f717ad34b073ace193d6b8c32063ab16ea3b65f2b5fef8ba460b7f	yeto-evidence-archive	/openspec/changes/rl-engine-ports/evidence/2026-09-29-tf-diagnosis/tfl-b/work/seed-17/yeto-federated-m2/syncer.log
openspec/changes/rl-engine-ports/evidence/2026-09-29-tf-diagnosis/tfp-a/launch.log	4987	4b65ad820703e6d9bd505bc1117728a70cc2a3bd21be06379deafa39c73078ec	yeto-evidence-archive	/openspec/changes/rl-engine-ports/evidence/2026-09-29-tf-diagnosis/tfp-a/launch.log
openspec/changes/rl-engine-ports/evidence/2026-09-29-tf-diagnosis/tfp-a/nvidia-smi.txt	2057	4388be7cfb2b46da11b0ac4fbebbbf26be82f8225f48f2970dda2dd4d6fb6d8e	yeto-evidence-archive	/openspec/changes/rl-engine-ports/evidence/2026-09-29-tf-diagnosis/tfp-a/nvidia-smi.txt
openspec/changes/rl-engine-ports/evidence/2026-09-29-tf-diagnosis/tfp-a/rc	2	9a271f2a916b0b6ee6cecb2426f0b3206ef074578be55d9bc94f6f3fe3ab86aa	yeto-evidence-archive	/openspec/changes/rl-engine-ports/evidence/2026-09-29-tf-diagnosis/tfp-a/rc
openspec/changes/rl-engine-ports/evidence/2026-09-29-tf-diagnosis/tfp-a/report/results.jsonl	1583	46fa7ffdc54b0af39d96381d4825554b99953f4dfe0cb8f332c717fd681d5782	yeto-evidence-archive	/openspec/changes/rl-engine-ports/evidence/2026-09-29-tf-diagnosis/tfp-a/report/results.jsonl
openspec/changes/rl-engine-ports/evidence/2026-09-29-tf-diagnosis/tfp-a/t_end	11	866adc6f065561a3d4dda00c4c31aca30d8b0e17f00e1410d80d86e34d26c1ab	yeto-evidence-archive	/openspec/changes/rl-engine-ports/evidence/2026-09-29-tf-diagnosis/tfp-a/t_end
openspec/changes/rl-engine-ports/evidence/2026-09-29-tf-diagnosis/tfp-a/t_start	11	dbf98c56f1a5974dccadcce8784e98c82465068fe099b623dc4b8dd9304b3319	yeto-evidence-archive	/openspec/changes/rl-engine-ports/evidence/2026-09-29-tf-diagnosis/tfp-a/t_start
openspec/changes/rl-engine-ports/evidence/2026-09-29-tf-diagnosis/tfp-a/work/data/m2/combined.jsonl	2893	9b7f5fd3914cb37dd09d2b5df673310287fe11843a9778c0e49bc63b6806b1af	yeto-evidence-archive	/openspec/changes/rl-engine-ports/evidence/2026-09-29-tf-diagnosis/tfp-a/work/data/m2/combined.jsonl
openspec/changes/rl-engine-ports/evidence/2026-09-29-tf-diagnosis/tfp-a/work/data/m2/eval.jsonl	2922	e541ae1af20b3bf4c148ea4fcf1e9c23723657e8e4d956e1b4c71590db5af82b	yeto-evidence-archive	/openspec/changes/rl-engine-ports/evidence/2026-09-29-tf-diagnosis/tfp-a/work/data/m2/eval.jsonl
openspec/changes/rl-engine-ports/evidence/2026-09-29-tf-diagnosis/tfp-a/work/data/m2/island-0.jsonl	1298	889b58049c013372b7960f9f8318f54281d402dda4a1f53731c1d0c4f0ae3c04	yeto-evidence-archive	/openspec/changes/rl-engine-ports/evidence/2026-09-29-tf-diagnosis/tfp-a/work/data/m2/island-0.jsonl
openspec/changes/rl-engine-ports/evidence/2026-09-29-tf-diagnosis/tfp-a/work/data/m2/island-1.jsonl	1595	5abcb9b02ab7fc743789708a446aa06110fd45adce9b63825e4ebfa6ff3ef0a3	yeto-evidence-archive	/openspec/changes/rl-engine-ports/evidence/2026-09-29-tf-diagnosis/tfp-a/work/data/m2/island-1.jsonl
openspec/changes/rl-engine-ports/evidence/2026-09-29-tf-diagnosis/tfp-a/work/seed-17/yeto-federated-m2/adapter/adapter_config.json	1083	e2ce57d2e64b1a50695c9439e4802cb129fe1f0648a42955f63cc7862309d228	yeto-evidence-archive	/openspec/changes/rl-engine-ports/evidence/2026-09-29-tf-diagnosis/tfp-a/work/seed-17/yeto-federated-m2/adapter/adapter_config.json
openspec/changes/rl-engine-ports/evidence/2026-09-29-tf-diagnosis/tfp-a/work/seed-17/yeto-federated-m2/adapter/yeto_rl_provenance.json	130	ec1955ed975c89d97772d1443df702bf7e2ea4a6cb63b5a38f89935ff37e286a	yeto-evidence-archive	/openspec/changes/rl-engine-ports/evidence/2026-09-29-tf-diagnosis/tfp-a/work/seed-17/yeto-federated-m2/adapter/yeto_rl_provenance.json
openspec/changes/rl-engine-ports/evidence/2026-09-29-tf-diagnosis/tfp-a/work/seed-17/yeto-federated-m2/eval-samples.jsonl	6235	5ce48056952322a19dbf30036379830e675586b1db63b5647acc8e055d528f92	yeto-evidence-archive	/openspec/changes/rl-engine-ports/evidence/2026-09-29-tf-diagnosis/tfp-a/work/seed-17/yeto-federated-m2/eval-samples.jsonl
openspec/changes/rl-engine-ports/evidence/2026-09-29-tf-diagnosis/tfp-a/work/seed-17/yeto-federated-m2/eval-worker.json	1255	3cc389c211cce060ae92d276e6df08aa0d954770506b940789f5e01684bc5019	yeto-evidence-archive	/openspec/changes/rl-engine-ports/evidence/2026-09-29-tf-diagnosis/tfp-a/work/seed-17/yeto-federated-m2/eval-worker.json
openspec/changes/rl-engine-ports/evidence/2026-09-29-tf-diagnosis/tfp-a/work/seed-17/yeto-federated-m2/eval.json	216	16cfde5dce075544ec476e72f5e99dd712f58baf3fc56fac7bd758f140b037ca	yeto-evidence-archive	/openspec/changes/rl-engine-ports/evidence/2026-09-29-tf-diagnosis/tfp-a/work/seed-17/yeto-federated-m2/eval.json
openspec/changes/rl-engine-ports/evidence/2026-09-29-tf-diagnosis/tfp-a/work/seed-17/yeto-federated-m2/eval.log	147	eccdea6cb4d50ced80d18561246a645f1c8eb340f9d920f6a80f97feec0889c1	yeto-evidence-archive	/openspec/changes/rl-engine-ports/evidence/2026-09-29-tf-diagnosis/tfp-a/work/seed-17/yeto-federated-m2/eval.log
openspec/changes/rl-engine-ports/evidence/2026-09-29-tf-diagnosis/tfp-a/work/seed-17/yeto-federated-m2/island-0/audit/round-00000001.grad.json	64000	c18809b744b3574b9a1dae0632e6754e77aff7d665e8a1f280685e556134efe8	yeto-evidence-archive	/openspec/changes/rl-engine-ports/evidence/2026-09-29-tf-diagnosis/tfp-a/work/seed-17/yeto-federated-m2/island-0/audit/round-00000001.grad.json
openspec/changes/rl-engine-ports/evidence/2026-09-29-tf-diagnosis/tfp-a/work/seed-17/yeto-federated-m2/island-0/audit/round-00000001.json	48718	58a99b2fab832eb9605569c787e0a3ff5fd276fbc64cb434cad6812e0bde1aa6	yeto-evidence-archive	/openspec/changes/rl-engine-ports/evidence/2026-09-29-tf-diagnosis/tfp-a/work/seed-17/yeto-federated-m2/island-0/audit/round-00000001.json
openspec/changes/rl-engine-ports/evidence/2026-09-29-tf-diagnosis/tfp-a/work/seed-17/yeto-federated-m2/island-0/miles.log	74490	262ff4b390bfc7fc1ea8df77d0114825ebde5366b891f2ddf4ea2ade6ed87c75	yeto-evidence-archive	/openspec/changes/rl-engine-ports/evidence/2026-09-29-tf-diagnosis/tfp-a/work/seed-17/yeto-federated-m2/island-0/miles.log
openspec/changes/rl-engine-ports/evidence/2026-09-29-tf-diagnosis/tfp-a/work/seed-17/yeto-federated-m2/island-0/worker.json	2060	b51ea1912353575d167abb4f6be984d799eb9132ca86c15eabde329bcaa22a39	yeto-evidence-archive	/openspec/changes/rl-engine-ports/evidence/2026-09-29-tf-diagnosis/tfp-a/work/seed-17/yeto-federated-m2/island-0/worker.json
openspec/changes/rl-engine-ports/evidence/2026-09-29-tf-diagnosis/tfp-a/work/seed-17/yeto-federated-m2/island-1/audit/round-00000001.grad.json	64000	270a2e646da0866587e262ed72f71c296af463d37322b6006d5f660b504bc5a5	yeto-evidence-archive	/openspec/changes/rl-engine-ports/evidence/2026-09-29-tf-diagnosis/tfp-a/work/seed-17/yeto-federated-m2/island-1/audit/round-00000001.grad.json
openspec/changes/rl-engine-ports/evidence/2026-09-29-tf-diagnosis/tfp-a/work/seed-17/yeto-federated-m2/island-1/audit/round-00000001.json	48718	4d440e3705684448cf9fbfe753f847e19511d17947e843e045e659c1e6eab3cd	yeto-evidence-archive	/openspec/changes/rl-engine-ports/evidence/2026-09-29-tf-diagnosis/tfp-a/work/seed-17/yeto-federated-m2/island-1/audit/round-00000001.json
openspec/changes/rl-engine-ports/evidence/2026-09-29-tf-diagnosis/tfp-a/work/seed-17/yeto-federated-m2/island-1/events.jsonl	4719	278f7ac52a25bb1b6b6fc5de12cee8c6d8bcdba9f27b6be86dad9eab500c9b80	yeto-evidence-archive	/openspec/changes/rl-engine-ports/evidence/2026-09-29-tf-diagnosis/tfp-a/work/seed-17/yeto-federated-m2/island-1/events.jsonl
openspec/changes/rl-engine-ports/evidence/2026-09-29-tf-diagnosis/tfp-a/work/seed-17/yeto-federated-m2/island-1/miles.log	74545	22ccf96558ed2ffedb6da350596d0cd8177a84d7ab76f88ba04dfefb508d6a9c	yeto-evidence-archive	/openspec/changes/rl-engine-ports/evidence/2026-09-29-tf-diagnosis/tfp-a/work/seed-17/yeto-federated-m2/island-1/miles.log
openspec/changes/rl-engine-ports/evidence/2026-09-29-tf-diagnosis/tfp-a/work/seed-17/yeto-federated-m2/island-1/worker.json	2060	7659f9b2256556613cb4586875483343a9db2245240bf659153572a903392996	yeto-evidence-archive	/openspec/changes/rl-engine-ports/evidence/2026-09-29-tf-diagnosis/tfp-a/work/seed-17/yeto-federated-m2/island-1/worker.json
openspec/changes/rl-engine-ports/evidence/2026-09-29-tf-diagnosis/tfp-a/work/seed-17/yeto-federated-m2/rollouts/island-0/dashboard_columns/rollout_0.parquet	31029	7f9280bd2e27a1b5c0b301cc6a8f70f870aaf2b0dfa2d938ccdc8aac70e27489	yeto-evidence-archive	/openspec/changes/rl-engine-ports/evidence/2026-09-29-tf-diagnosis/tfp-a/work/seed-17/yeto-federated-m2/rollouts/island-0/dashboard_columns/rollout_0.parquet
openspec/changes/rl-engine-ports/evidence/2026-09-29-tf-diagnosis/tfp-a/work/seed-17/yeto-federated-m2/rollouts/island-1/dashboard_columns/rollout_0.parquet	36481	1b9738f2db8028085d73e8af0b033bacac419597a2540989ada7a936f43661bd	yeto-evidence-archive	/openspec/changes/rl-engine-ports/evidence/2026-09-29-tf-diagnosis/tfp-a/work/seed-17/yeto-federated-m2/rollouts/island-1/dashboard_columns/rollout_0.parquet
openspec/changes/rl-engine-ports/evidence/2026-09-29-tf-diagnosis/tfp-a/work/seed-17/yeto-federated-m2/syncer.jsonl	1026	7e41f0e1eafc4db298e53f98e4f2e3514b087bc2d83986d2eb7ff92d359adcda	yeto-evidence-archive	/openspec/changes/rl-engine-ports/evidence/2026-09-29-tf-diagnosis/tfp-a/work/seed-17/yeto-federated-m2/syncer.jsonl
openspec/changes/rl-engine-ports/evidence/2026-09-29-tf-diagnosis/tfp-a/work/seed-17/yeto-federated-m2/syncer.log	3298	8bc189a814d9cd520266511de508721d3240059ca25ccf596c594f5a603f14f7	yeto-evidence-archive	/openspec/changes/rl-engine-ports/evidence/2026-09-29-tf-diagnosis/tfp-a/work/seed-17/yeto-federated-m2/syncer.log
openspec/changes/rl-engine-ports/evidence/2026-09-29-tf-diagnosis/tfp-b/launch.log	4629	24834670fee594fb74afcb5c6d8d8aa8b39b64d48ab51831d4c78e734c1fc23e	yeto-evidence-archive	/openspec/changes/rl-engine-ports/evidence/2026-09-29-tf-diagnosis/tfp-b/launch.log
openspec/changes/rl-engine-ports/evidence/2026-09-29-tf-diagnosis/tfp-b/nvidia-smi.txt	2057	59ce4adb631f769f4b729533f07d0c95592dfb4a1a4bd3ff02ed93d5705ae874	yeto-evidence-archive	/openspec/changes/rl-engine-ports/evidence/2026-09-29-tf-diagnosis/tfp-b/nvidia-smi.txt
openspec/changes/rl-engine-ports/evidence/2026-09-29-tf-diagnosis/tfp-b/rc	2	9a271f2a916b0b6ee6cecb2426f0b3206ef074578be55d9bc94f6f3fe3ab86aa	yeto-evidence-archive	/openspec/changes/rl-engine-ports/evidence/2026-09-29-tf-diagnosis/tfp-b/rc
openspec/changes/rl-engine-ports/evidence/2026-09-29-tf-diagnosis/tfp-b/report/results.jsonl	1594	4d4f14400a713f3f3c5afc57e7de16935b0fdc5be5ee6ee9958add7fd4f8d520	yeto-evidence-archive	/openspec/changes/rl-engine-ports/evidence/2026-09-29-tf-diagnosis/tfp-b/report/results.jsonl
openspec/changes/rl-engine-ports/evidence/2026-09-29-tf-diagnosis/tfp-b/t_end	11	ec1bc1195797012db778902f643e3f7675d1e2374c96855bd5ee7c095189fe0b	yeto-evidence-archive	/openspec/changes/rl-engine-ports/evidence/2026-09-29-tf-diagnosis/tfp-b/t_end
openspec/changes/rl-engine-ports/evidence/2026-09-29-tf-diagnosis/tfp-b/t_start	11	078406e0dc01aaa6bb00a35b1d9608cbaeb432473bdca7d950046d5ffeeb8cdc	yeto-evidence-archive	/openspec/changes/rl-engine-ports/evidence/2026-09-29-tf-diagnosis/tfp-b/t_start
openspec/changes/rl-engine-ports/evidence/2026-09-29-tf-diagnosis/tfp-b/work/data/m2/combined.jsonl	2893	9b7f5fd3914cb37dd09d2b5df673310287fe11843a9778c0e49bc63b6806b1af	yeto-evidence-archive	/openspec/changes/rl-engine-ports/evidence/2026-09-29-tf-diagnosis/tfp-b/work/data/m2/combined.jsonl
openspec/changes/rl-engine-ports/evidence/2026-09-29-tf-diagnosis/tfp-b/work/data/m2/eval.jsonl	2922	e541ae1af20b3bf4c148ea4fcf1e9c23723657e8e4d956e1b4c71590db5af82b	yeto-evidence-archive	/openspec/changes/rl-engine-ports/evidence/2026-09-29-tf-diagnosis/tfp-b/work/data/m2/eval.jsonl
openspec/changes/rl-engine-ports/evidence/2026-09-29-tf-diagnosis/tfp-b/work/data/m2/island-0.jsonl	1298	889b58049c013372b7960f9f8318f54281d402dda4a1f53731c1d0c4f0ae3c04	yeto-evidence-archive	/openspec/changes/rl-engine-ports/evidence/2026-09-29-tf-diagnosis/tfp-b/work/data/m2/island-0.jsonl
openspec/changes/rl-engine-ports/evidence/2026-09-29-tf-diagnosis/tfp-b/work/data/m2/island-1.jsonl	1595	5abcb9b02ab7fc743789708a446aa06110fd45adce9b63825e4ebfa6ff3ef0a3	yeto-evidence-archive	/openspec/changes/rl-engine-ports/evidence/2026-09-29-tf-diagnosis/tfp-b/work/data/m2/island-1.jsonl
openspec/changes/rl-engine-ports/evidence/2026-09-29-tf-diagnosis/tfp-b/work/seed-17/yeto-federated-m2/adapter/adapter_config.json	1083	e2ce57d2e64b1a50695c9439e4802cb129fe1f0648a42955f63cc7862309d228	yeto-evidence-archive	/openspec/changes/rl-engine-ports/evidence/2026-09-29-tf-diagnosis/tfp-b/work/seed-17/yeto-federated-m2/adapter/adapter_config.json
openspec/changes/rl-engine-ports/evidence/2026-09-29-tf-diagnosis/tfp-b/work/seed-17/yeto-federated-m2/adapter/yeto_rl_provenance.json	130	c96f06ff9a5e2aef526ed83e2fb8f3a0a3822df88efedea22ddba879bce3e28b	yeto-evidence-archive	/openspec/changes/rl-engine-ports/evidence/2026-09-29-tf-diagnosis/tfp-b/work/seed-17/yeto-federated-m2/adapter/yeto_rl_provenance.json
openspec/changes/rl-engine-ports/evidence/2026-09-29-tf-diagnosis/tfp-b/work/seed-17/yeto-federated-m2/eval-samples.jsonl	6208	209af54d4112f71dc00446789b936d354dace9c87d85fd6e3026429b6c383826	yeto-evidence-archive	/openspec/changes/rl-engine-ports/evidence/2026-09-29-tf-diagnosis/tfp-b/work/seed-17/yeto-federated-m2/eval-samples.jsonl
openspec/changes/rl-engine-ports/evidence/2026-09-29-tf-diagnosis/tfp-b/work/seed-17/yeto-federated-m2/eval-worker.json	1255	24524887262ec33cfbe5c4c0a3ac4c9682632fb1ac996ee503e537c7439df6b9	yeto-evidence-archive	/openspec/changes/rl-engine-ports/evidence/2026-09-29-tf-diagnosis/tfp-b/work/seed-17/yeto-federated-m2/eval-worker.json
openspec/changes/rl-engine-ports/evidence/2026-09-29-tf-diagnosis/tfp-b/work/seed-17/yeto-federated-m2/eval.json	216	82a9449126d7049703c6a306bcd405182fb850ce0fe17a0806a55c1ed1a72ce9	yeto-evidence-archive	/openspec/changes/rl-engine-ports/evidence/2026-09-29-tf-diagnosis/tfp-b/work/seed-17/yeto-federated-m2/eval.json
openspec/changes/rl-engine-ports/evidence/2026-09-29-tf-diagnosis/tfp-b/work/seed-17/yeto-federated-m2/eval.log	147	2486693eea35a77dd2d03d0d95799cb0b8ada79fbc5f1027f5247ec204bbeec6	yeto-evidence-archive	/openspec/changes/rl-engine-ports/evidence/2026-09-29-tf-diagnosis/tfp-b/work/seed-17/yeto-federated-m2/eval.log
openspec/changes/rl-engine-ports/evidence/2026-09-29-tf-diagnosis/tfp-b/work/seed-17/yeto-federated-m2/island-0/audit/round-00000001.grad.json	64000	a60346f5dad5333ebbb2f518b6807373e812d73a1a549b1f3f44829fbf2c89ff	yeto-evidence-archive	/openspec/changes/rl-engine-ports/evidence/2026-09-29-tf-diagnosis/tfp-b/work/seed-17/yeto-federated-m2/island-0/audit/round-00000001.grad.json
openspec/changes/rl-engine-ports/evidence/2026-09-29-tf-diagnosis/tfp-b/work/seed-17/yeto-federated-m2/island-0/audit/round-00000001.json	48718	3f0d6133f38f98ed726135bfb83669d37b5ffdb78284b5166c79c20d25972cf6	yeto-evidence-archive	/openspec/changes/rl-engine-ports/evidence/2026-09-29-tf-diagnosis/tfp-b/work/seed-17/yeto-federated-m2/island-0/audit/round-00000001.json
openspec/changes/rl-engine-ports/evidence/2026-09-29-tf-diagnosis/tfp-b/work/seed-17/yeto-federated-m2/island-0/miles.log	73078	9dea394a6a12713e346033d257e71b895236c45dd68a22aa3a40176b78e7d121	yeto-evidence-archive	/openspec/changes/rl-engine-ports/evidence/2026-09-29-tf-diagnosis/tfp-b/work/seed-17/yeto-federated-m2/island-0/miles.log
openspec/changes/rl-engine-ports/evidence/2026-09-29-tf-diagnosis/tfp-b/work/seed-17/yeto-federated-m2/island-0/worker.json	2060	5c73fab785fca2573e0ab8847aeb7127787cd4ee3c4c88d2bc46d60362837968	yeto-evidence-archive	/openspec/changes/rl-engine-ports/evidence/2026-09-29-tf-diagnosis/tfp-b/work/seed-17/yeto-federated-m2/island-0/worker.json
openspec/changes/rl-engine-ports/evidence/2026-09-29-tf-diagnosis/tfp-b/work/seed-17/yeto-federated-m2/island-1/audit/round-00000001.grad.json	64001	6104ed0df4a140e26502d84ff88af29e0d1ae94ede27a766028bd53798e2c2cf	yeto-evidence-archive	/openspec/changes/rl-engine-ports/evidence/2026-09-29-tf-diagnosis/tfp-b/work/seed-17/yeto-federated-m2/island-1/audit/round-00000001.grad.json
openspec/changes/rl-engine-ports/evidence/2026-09-29-tf-diagnosis/tfp-b/work/seed-17/yeto-federated-m2/island-1/audit/round-00000001.json	48718	1457255e35991b00f18ec58e9121601f506abba114a4fe980b2552f2bd488cb2	yeto-evidence-archive	/openspec/changes/rl-engine-ports/evidence/2026-09-29-tf-diagnosis/tfp-b/work/seed-17/yeto-federated-m2/island-1/audit/round-00000001.json
openspec/changes/rl-engine-ports/evidence/2026-09-29-tf-diagnosis/tfp-b/work/seed-17/yeto-federated-m2/island-1/events.jsonl	4722	ddd6f9564dcc48a61ae421b6f61db6ebf2e9e47bacfb14492412eeaaae71a74d	yeto-evidence-archive	/openspec/changes/rl-engine-ports/evidence/2026-09-29-tf-diagnosis/tfp-b/work/seed-17/yeto-federated-m2/island-1/events.jsonl
openspec/changes/rl-engine-ports/evidence/2026-09-29-tf-diagnosis/tfp-b/work/seed-17/yeto-federated-m2/island-1/miles.log	72981	38687784899a59af8d2b8e56ea2d9e4ad009c5f5ececbd9b279f04b620bf5701	yeto-evidence-archive	/openspec/changes/rl-engine-ports/evidence/2026-09-29-tf-diagnosis/tfp-b/work/seed-17/yeto-federated-m2/island-1/miles.log
openspec/changes/rl-engine-ports/evidence/2026-09-29-tf-diagnosis/tfp-b/work/seed-17/yeto-federated-m2/island-1/worker.json	2060	9020dfa61c048b3e56e3a9b03d01ce264851a5a689ba8a3c0b4df4268fcff73a	yeto-evidence-archive	/openspec/changes/rl-engine-ports/evidence/2026-09-29-tf-diagnosis/tfp-b/work/seed-17/yeto-federated-m2/island-1/worker.json
openspec/changes/rl-engine-ports/evidence/2026-09-29-tf-diagnosis/tfp-b/work/seed-17/yeto-federated-m2/rollouts/island-0/dashboard_columns/rollout_0.parquet	31029	7f9280bd2e27a1b5c0b301cc6a8f70f870aaf2b0dfa2d938ccdc8aac70e27489	yeto-evidence-archive	/openspec/changes/rl-engine-ports/evidence/2026-09-29-tf-diagnosis/tfp-b/work/seed-17/yeto-federated-m2/rollouts/island-0/dashboard_columns/rollout_0.parquet
openspec/changes/rl-engine-ports/evidence/2026-09-29-tf-diagnosis/tfp-b/work/seed-17/yeto-federated-m2/rollouts/island-1/dashboard_columns/rollout_0.parquet	36481	1b9738f2db8028085d73e8af0b033bacac419597a2540989ada7a936f43661bd	yeto-evidence-archive	/openspec/changes/rl-engine-ports/evidence/2026-09-29-tf-diagnosis/tfp-b/work/seed-17/yeto-federated-m2/rollouts/island-1/dashboard_columns/rollout_0.parquet
openspec/changes/rl-engine-ports/evidence/2026-09-29-tf-diagnosis/tfp-b/work/seed-17/yeto-federated-m2/syncer.jsonl	1030	d4186cfba911409a8282ab81760877d2a7aee7826efe8e7a694b64cb9957451f	yeto-evidence-archive	/openspec/changes/rl-engine-ports/evidence/2026-09-29-tf-diagnosis/tfp-b/work/seed-17/yeto-federated-m2/syncer.jsonl
openspec/changes/rl-engine-ports/evidence/2026-09-29-tf-diagnosis/tfp-b/work/seed-17/yeto-federated-m2/syncer.log	3138	0b6e37eb1471bc34eb2d512b68b89add9825ff3dfe9d4438e09f39540eca4c66	yeto-evidence-archive	/openspec/changes/rl-engine-ports/evidence/2026-09-29-tf-diagnosis/tfp-b/work/seed-17/yeto-federated-m2/syncer.log
openspec/changes/rl-engine-ports/evidence/2026-09-29-tf-diagnosis/yeto_tfdiag.py	2609	aae211d03fa69f9dfc40104c22c83fc314a7b04e8055d4413feea14593b8a6ce	yeto-evidence-archive	/openspec/changes/rl-engine-ports/evidence/2026-09-29-tf-diagnosis/yeto_tfdiag.py
openspec/changes/rl-engine-ports/evidence/2026-09-29-verda-smoke/dashboard_columns/rollout_0.parquet	31090	b3a78b3b3ff70b4ac4340e8425fd4af5ccb5bf32fbf2c95208a1e3dafaf1b912	yeto-evidence-archive	/openspec/changes/rl-engine-ports/evidence/2026-09-29-verda-smoke/dashboard_columns/rollout_0.parquet
openspec/changes/rl-engine-ports/evidence/2026-09-29-verda-smoke/dashboard_columns/rollout_1.parquet	34369	e22dad15eef42077d7dc81800710e4e046b4c186952c9d827a31deae94fbf65f	yeto-evidence-archive	/openspec/changes/rl-engine-ports/evidence/2026-09-29-verda-smoke/dashboard_columns/rollout_1.parquet
openspec/changes/rl-engine-ports/evidence/2026-09-29-verda-smoke/dashboard_columns/rollout_2.parquet	52167	fe38bfb9ae23ffc8e61b0a640ec95d1b2520a0ee43aa0e2b83b1eef05a1a5655	yeto-evidence-archive	/openspec/changes/rl-engine-ports/evidence/2026-09-29-verda-smoke/dashboard_columns/rollout_2.parquet
openspec/changes/rl-engine-ports/evidence/2026-09-29-verda-smoke/docker-pull.log	437	126b0a14ef03d25ec7858a715839739a324cdbe7ff984d2c655c4b5bbb37962b	yeto-evidence-archive	/openspec/changes/rl-engine-ports/evidence/2026-09-29-verda-smoke/docker-pull.log
openspec/changes/rl-engine-ports/evidence/2026-09-29-verda-smoke/miles.log	77136	fa23993f19f5fbaf2a14c2a679b88f3dc4ed33431a511f7c1a0d9b436da1ade9	yeto-evidence-archive	/openspec/changes/rl-engine-ports/evidence/2026-09-29-verda-smoke/miles.log
openspec/changes/rl-engine-ports/evidence/2026-09-29-verda-smoke/nvidia-smi.txt	1689	ddb2644b906e5f988416644210bd0d536ca1d62cf3454a14c5d71320c7444291	yeto-evidence-archive	/openspec/changes/rl-engine-ports/evidence/2026-09-29-verda-smoke/nvidia-smi.txt
openspec/changes/rl-engine-ports/evidence/2026-09-29-verda-smoke/probe.jsonl	11649	e9d57c711159ca85128d4f3d13f75dd61d7c18b180122aae3ca80c5750cd15d1	yeto-evidence-archive	/openspec/changes/rl-engine-ports/evidence/2026-09-29-verda-smoke/probe.jsonl
openspec/changes/rl-engine-ports/evidence/2026-09-29-verda-smoke/prompts.jsonl	4867	4fdc114ab33b8d47a86b928aad75c34cbc745aa843b4f7841c1feceffbae8562	yeto-evidence-archive	/openspec/changes/rl-engine-ports/evidence/2026-09-29-verda-smoke/prompts.jsonl
openspec/changes/rl-engine-ports/evidence/2026-09-29-verda-smoke/setup.log	551	c2401a807defedbb1ea313fce36051f7321ad31355e17dc1f63fdf7cbc2505af	yeto-evidence-archive	/openspec/changes/rl-engine-ports/evidence/2026-09-29-verda-smoke/setup.log
openspec/changes/rl-engine-ports/evidence/2026-09-29-verda-smoke/smoke.out	901	810b42febc78d89ed8cb8163951c285b5c89853e7ed4399ada8a7283c1b21fae	yeto-evidence-archive	/openspec/changes/rl-engine-ports/evidence/2026-09-29-verda-smoke/smoke.out
openspec/changes/rl-engine-ports/evidence/2026-09-29-verda-smoke/teardown-proof.txt	491	0132c8813887c0ce132f25b3744cb26cfdc84596b8c220398991e41a6fe64dc8	yeto-evidence-archive	/openspec/changes/rl-engine-ports/evidence/2026-09-29-verda-smoke/teardown-proof.txt
openspec/changes/rl-engine-ports/evidence/2026-09-29-verda-smoke/verda-availability.log	600	207599e70c4d2b8c716423f93637bc1e2c392ca0b214b94b23c1fa80a5d81444	yeto-evidence-archive	/openspec/changes/rl-engine-ports/evidence/2026-09-29-verda-smoke/verda-availability.log
openspec/changes/rl-engine-ports/evidence/2026-09-29-verda-smoke/worker.json	1781	f2aee5d169b19bcd92e56a0cf5683679fba5ae98b98dd83c45321da6f471aadc	yeto-evidence-archive	/openspec/changes/rl-engine-ports/evidence/2026-09-29-verda-smoke/worker.json
